NO,共通ID,施設・場所名,住所,洪水,崖崩れ、土石流及び地滑り,高潮,地震,津波,大規模な火事,内水氾濫,火山現象,指定避難所との住所同一,緯度,経度,備考
1,E1322800001201,増戸会館,東京都あきる野市伊奈1157-5,1,1,,1,,1,1,,,35.72746011,139.2476138,
2,E1322800002201,増戸小学校体育館,東京都あきる野市伊奈1173,1,1,,1,,1,1,,1,35.72750545,139.2480071,
3,E1322800002202,増戸小学校校庭,東京都あきる野市伊奈1173,,,,1,,1,,,1,35.72781837,139.248575,
4,E1322800003201,増戸中学校体育館,東京都あきる野市伊奈1181,1,1,,1,,1,1,,1,35.72798723,139.2504071,
5,E1322800003202,増戸中学校校庭,東京都あきる野市伊奈1181,,,,1,,1,,,1,35.72782497,139.2496944,
6,E1322800004201,森の下公園,東京都あきる野市伊奈851-2,,,,1,,1,,,,35.72922965,139.2558231,
7,E1322800005201,五日市ファインプラザ,東京都あきる野市伊奈859-3,1,1,,1,,1,1,,1,35.72931313,139.2554061,
8,E1322800006201,楓ヶ原会館,東京都あきる野市引田512-2,1,1,,1,,1,1,,,35.72386922,139.2685267,
9,E1322800007201,一の谷児童館,東京都あきる野市引田928,,1,,1,,1,,,,35.72008621,139.271012,
10,E1322800008201,一の谷小学校体育館,東京都あきる野市引田980,,1,,1,,1,,,1,35.72072812,139.2723702,
11,E1322800008202,一の谷小学校校庭,東京都あきる野市引田980,,,,1,,1,,,1,35.71980095,139.2721558,
12,E1322800009201,いきいきセンター,東京都あきる野市雨間1946,1,1,,1,,1,1,,,35.71664545,139.2914978,
13,E1322800010201,南秋留児童館,東京都あきる野市雨間801-2,1,1,,1,,1,1,,,35.72074375,139.2920658,
14,E1322800011202,南秋留小学校校庭,東京都あきる野市雨間810,,,,1,,1,,,1,35.72049543,139.292906,
15,E1322800011201,南秋留小学校体育館,東京都あきる野市雨間810,1,1,,1,,1,1,,1,35.72077358,139.2934681,
16,E1322800012201,鳥居場会館,東京都あきる野市雨間999-2,1,1,,1,,1,1,,,35.71989709,139.295955,
17,E1322800013203,小宮ふるさと自然体験学校校庭,東京都あきる野市乙津1984,,,,1,,1,,,1,35.73399664,139.1835173,
18,E1322800013201,小宮ふるさと自然体験学校体育館,東京都あきる野市乙津1984,1,1,,1,,1,1,,1,35.73421684,139.1840185,
19,E1322800013202,小宮ふるさと自然体験学校２・３Ｆ,東京都あきる野市乙津1984,1,1,,1,,1,1,,1,35.73413571,139.1833492,
20,E1322800014201,小宮会館,東京都あきる野市乙津1997,1,1,,1,,1,1,,,35.73371185,139.1829997,
21,E1322800015201,ふるさと工房五日市,東京都あきる野市乙津671,1,1,,1,,1,1,,1,35.72340375,139.1794573,
22,E1322800016201,市民球場,東京都あきる野市原小宮353,,,,1,,1,,,,35.73692365,139.300373,
23,E1322800017201,戸倉会館,東京都あきる野市戸倉133-4,1,,,1,,1,1,,,35.72611976,139.2046745,
24,E1322800018201,アートスタジオ五日市,東京都あきる野市戸倉300,1,,,1,,1,1,,,35.72699465,139.2040014,
25,E1322800019202,戸倉しろやまテラスグラウンド,東京都あきる野市戸倉325,,,,1,,1,,,1,35.72577109,139.204407,
26,E1322800019201,戸倉しろやまテラス体育館,東京都あきる野市戸倉325,1,1,,1,,1,1,,1,35.7255422,139.2039405,
27,E1322800020201,戸倉運動場,東京都あきる野市戸倉611-1,,,,1,,1,,,,35.72976471,139.1991224,
28,E1322800021201,五日市小学校体育館,東京都あきる野市五日市315,1,1,,1,,1,1,,1,35.73153504,139.2229722,
29,E1322800021202,五日市小学校校庭,東京都あきる野市五日市315,,,,1,,1,,,1,35.73130325,139.2223927,
30,E1322800022201,五日市中学校体育館,東京都あきる野市五日市400,1,,,1,,1,1,,1,35.73087832,139.2215601,
31,E1322800022202,五日市中学校校庭,東京都あきる野市五日市400,,,,1,,1,,,1,35.72983526,139.2214442,
32,E1322800023201,五日市地域交流センター,東京都あきる野市五日市411,1,1,,1,,1,1,,1,35.72939404,139.2199667,
33,E1322800024201,五日市会館,東京都あきる野市五日市412,1,1,,1,,1,1,,1,35.72978604,139.2201453,
34,E1322800025201,都立五日市高等学校校庭,東京都あきる野市五日市894,,,,1,,1,,,,35.72941152,139.2188841,
35,E1322800026201,山田グラウンド,東京都あきる野市山田1-1,,,,1,,1,,,,35.72206805,139.2577435,
36,E1322800027201,あきる野ルピア３・４Ｆ,東京都あきる野市秋川1-8,1,1,,1,,1,1,,1,35.72993295,139.2871015,
37,E1322800028201,玉見会館,東京都あきる野市小川東2-9-8,1,1,,1,,1,1,,,35.7192481,139.3210208,
38,E1322800029201,小峰運動公園,東京都あきる野市小峰台11,,,,1,,1,,,,35.72074818,139.2351369,
39,E1322800030201,小和田グラウンド,東京都あきる野市小和田8,,,,1,,1,,,,35.72290313,139.2271734,
40,E1322800031201,西中学校体育館,東京都あきる野市上代継190,1,1,,1,,1,1,,1,35.73007358,139.2771769,
41,E1322800031202,西中学校校庭,東京都あきる野市上代継190,,,,1,,1,,,1,35.7294883,139.277994,
42,E1322800032201,西秋留小学校体育館,東京都あきる野市上代継292,1,1,,1,,1,1,,1,35.72311777,139.2773229,
43,E1322800032202,西秋留小学校校庭,東京都あきる野市上代継292,,,,1,,1,,,1,35.7232047,139.2764131,
44,E1322800033201,若葉児童館,東京都あきる野市上代継303-5,1,1,,1,,1,1,,,35.72315556,139.2777042,
45,E1322800034201,千代里会館,東京都あきる野市上代継424,1,1,,1,,1,1,,,35.72083567,139.2777468,
46,E1322800035201,代継会館,東京都あきる野市上代継693-1,,1,,1,,1,,,,35.71885932,139.2802156,
47,E1322800036201,菅生交流会館,東京都あきる野市菅生582,1,1,,1,,1,1,,,35.743905,139.289465,
48,E1322800037201,草花台会館,東京都あきる野市草花1327-1,1,1,,1,,1,1,,,35.73630636,139.3139394,
49,E1322800038201,多西児童館,東京都あきる野市草花2572,1,1,,1,,1,1,,,35.74309725,139.2992951,
50,E1322800039201,多西小学校体育館,東京都あきる野市草花2885,1,1,,1,,1,1,,1,35.7422314,139.2993332,
51,E1322800039202,多西小学校校庭,東京都あきる野市草花2885,,,,1,,1,,,1,35.74166931,139.3002488,
52,E1322800040203,草花小学校校庭,東京都あきる野市草花3130,,,,1,,1,,,1,35.73663262,139.3053277,
53,E1322800040202,草花小学校体育館,東京都あきる野市草花3130,1,1,,1,,1,1,,1,35.73686441,139.3062028,
54,E1322800040201,草花児童センター,東京都あきる野市草花3130,1,1,,1,,1,1,,1,35.73605314,139.3050612,
55,E1322800041202,御堂中学校校庭,東京都あきる野市草花3322,,,,1,,1,,,1,35.74022292,139.296601,
56,E1322800041201,御堂中学校体育館,東京都あきる野市草花3322,1,1,,1,,1,1,,1,35.74093568,139.2963461,
57,E1322800042201,御堂会館,東京都あきる野市草花3482-16,,1,,1,,1,,,,35.73891637,139.300371,
58,E1322800043201,二宮地区会館,東京都あきる野市二宮1151,1,1,,1,,1,1,,,35.72738565,139.3134582,
59,E1322800044202,秋多中学校校庭,東京都あきる野市二宮334,,,,1,,1,,,1,35.73069685,139.2942322,
60,E1322800044201,秋多中学校体育館,東京都あきる野市二宮334,1,1,,1,,1,1,,1,35.73090546,139.2934672,
61,E1322800045201,都立秋留台公園,東京都あきる野市二宮673-1,,,,1,,1,,,,35.73092603,139.3002892,
62,E1322800046202,秋川体育館,東京都あきる野市二宮683,1,1,,1,,1,1,,1,35.73017814,139.3023001,
63,E1322800046201,中央公民館,東京都あきる野市二宮683,1,1,,1,,1,1,,1,35.73020132,139.3026594,
64,E1322800047201,総合グラウンド,東京都あきる野市二宮東1-11-2,,,,1,,1,,,,35.72587981,139.3252775,
65,E1322800048201,屋城小学校体育館,東京都あきる野市二宮東1-12-1,1,1,,1,,1,1,,1,35.72441425,139.3233184,
66,E1322800049201,屋城児童館,東京都あきる野市二宮東1-13-1,1,1,,1,,1,1,,,35.72405338,139.3222484,
67,E1322800050201,都立秋留台高等学校校庭,東京都あきる野市平沢153-4,,,,1,,1,,,,35.73309041,139.3006982,
68,E1322800051201,東中学校体育館,東京都あきる野市平沢200,1,1,,1,,1,1,,1,35.73274474,139.302522,
69,E1322800051202,東中学校校庭,東京都あきる野市平沢200,,,,1,,1,,,1,35.73197983,139.3028465,
70,E1322800052201,農業会館,東京都あきる野市平沢300-2,1,1,,1,,1,1,,,35.73185596,139.309162,
71,E1322800053201,東秋留小学校体育館,東京都あきる野市野辺1123,1,1,,1,,1,1,,1,35.72437416,139.3063925,
72,E1322800053202,東秋留小学校校庭,東京都あきる野市野辺1123,,,,1,,1,,,1,35.72407862,139.3057261,
73,E1322800053203,若竹児童館,東京都あきる野市野辺1123,1,1,,1,,1,1,,1,35.72413657,139.3066301,
74,E1322800054201,前田児童館及び野辺地区会館,東京都あきる野市野辺126-4,1,1,,1,,1,1,,,35.72314082,139.3136818,
75,E1322800055202,前田小学校校庭,東京都あきる野市野辺92,,,,1,,1,,,1,35.72405871,139.3147054,
76,E1322800055201,前田小学校体育館,東京都あきる野市野辺92,1,1,,1,,1,1,,1,35.7237342,139.3138362,
77,E1322800056201,油平クラブハウス,東京都あきる野市油平92-7,1,1,,1,,1,1,,,35.72665108,139.2875531,
78,E1322800057201,養沢センター,東京都あきる野市養沢290-1,,,,1,,1,,,,35.7465553,139.1855303,
79,E1322800058201,都立小峰公園,東京都あきる野市留原284-1,,,,1,,1,,,,35.719118,139.231861,
80,E1322400070201,ドキわくランド聖蹟桜ヶ丘店立体駐車場２階から屋上,東京都一ノ宮1-25-1,1,,,,,,1,,,35.651449,139.440917,
81,E1322500001201,稲城第四小学校,東京都稲城市押立1250,,,,1,,1,,,1,35.64452144569,139.51645662169,
82,E1322500002201,稲城第四中学校,東京都稲城市押立1768,,,,1,,1,,,1,35.645674764888,139.51833553271,
83,E1322500004201,稲城第五中学校,東京都稲城市向陽台3-1-1,1,1,,1,,1,,,1,35.638072123739,139.49009040029,
84,E1322500005201,向陽台小学校,東京都稲城市向陽台3-2,1,1,,1,,1,,,1,35.636699494986,139.48778143905,
85,E1322500006201,稲城中央公園野球場,東京都稲城市向陽台4-1-1,,,,1,,1,,,,35.636017049296,139.4860559447,
86,E1322500007201,城山公園,東京都稲城市向陽台4-6,,,,1,,1,,,,35.642131679562,139.48879789741,
87,E1322500008201,城山小学校,東京都稲城市向陽台6-17,1,1,,1,,1,,,1,35.64341187566,139.49378140663,
88,E1322500011201,都立若葉総合高等学校グラウンド,東京都稲城市坂浜1434-3,,,,1,,1,,,,35.618266135369,139.47792348696,
89,E1322500048201,稲城第二中学校,東京都稲城市坂浜5-1-1,1,1,,1,,1,,,1,35.615996,139.481155,
90,E1322500012201,稲城第二小学校,東京都稲城市坂浜590,1,1,,1,,1,,,1,35.625233558752,139.48556265612,
91,E1322500014201,若葉台公園,東京都稲城市若葉台1-19-1,,,,1,,1,,,,35.625528922324,139.47323035629,
92,E1322500015201,稲城第六中学校,東京都稲城市若葉台3-11,1,1,,1,,1,,,1,35.624371488578,139.46766102395,
93,E1322500016201,若葉台小学校,東京都稲城市若葉台4-5,1,1,,1,,1,,,1,35.626245700204,139.46817207982,
94,E1322500017201,稲城第三小学校,東京都稲城市大丸100,,,,1,,1,,,1,35.643118158023,139.49995965828,
95,E1322500018201,大丸公園,東京都稲城市大丸1097,,,,1,,1,,,,35.647290822272,139.48708591297,
96,E1322500019201,稲城第六小学校,東京都稲城市大丸2110,,,,1,,1,,,1,35.649988641794,139.49894921211,
97,E1322500020201,大丸第二公園,東京都稲城市大丸3111-1,,,,1,,1,,,,35.650508552363,139.49673440134,
98,E1322500024201,稲城中央公園総合グラウンド,東京都稲城市長峰1-1,1,1,,1,,1,,,1,35.63310461743,139.48740777804,
99,E1322500026201,長峰小学校,東京都稲城市長峰2-8,1,1,,1,,1,,,1,35.62922221167,139.48235720035,
100,E1322500027201,吉方公園,東京都稲城市東長沼1728,,,,1,,1,,,,35.639097399563,139.51052915485,
101,E1322500031201,北緑地公園,東京都稲城市東長沼2996,,,,1,,1,,,,35.649698645082,139.50323740911,
102,E1322500032201,稲城第一小学校,東京都稲城市東長沼956,,,,1,,1,,,1,35.640487747673,139.51154394064,
103,E1322500034201,稲城第一中学校,東京都稲城市百村23,1,1,,1,,1,,,1,35.640041708003,139.49927942342,
104,E1322500036201,複合施設ふれんど平尾,東京都稲城市平尾1-9-1,1,1,,1,,1,,,1,35.61418266472,139.4918845866,
105,E1322500037201,平尾小学校,東京都稲城市平尾3-1-3,1,1,,1,,1,,,1,35.610908706359,139.48907636703,
106,E1322500038201,平尾近隣公園,東京都稲城市平尾3-7-20,1,1,,1,,1,,,,35.60995198309,139.49056815537,
107,E1322500042201,稲城第七小学校,東京都稲城市矢野口1901-2,,,,1,,1,,,1,35.635251604823,139.52058494212,
108,E1322500045201,稲城第三中学校,東京都稲城市矢野口3043,1,1,,1,,1,,,1,35.636147522012,139.50762222245,
109,E1322500046201,南山小学校,東京都稲城市矢野口3635,1,1,,1,,1,,,1,35.628527159364,139.50876679098,
110,E1322500047201,公益社団法人九段盡性園,東京都稲城市矢野口3750-11,,,,1,,1,,,1,35.644536309399,139.52040268688,
111,E1322700001201,松林小学校,東京都羽村市羽4122-2,1,1,,1,,1,,,1,35.7680292552087,139.330168048219,
112,E1322700002201,羽村西小学校,東京都羽村市羽加美4-2-9,1,1,,1,,1,,,1,35.7651733616927,139.300074844557,
113,E1322700003201,羽村第一中学校,東京都羽村市羽中3-6-33,1,1,,1,,1,,,1,35.7617454068419,139.307157156076,
114,E1322700004201,羽村東小学校,東京都羽村市羽東2-18-1,1,1,,1,,1,,,1,35.7544934230903,139.31314981139,
115,E1322700005201,栄小学校,東京都羽村市栄町2-17,1,1,,1,,1,,,1,35.7718623672865,139.312328550581,
116,E1322700006201,武蔵野公園,東京都羽村市栄町2-5,1,1,,1,,1,,,,35.7736213041043,139.310357181727,
117,E1322700007201,富士見小学校,東京都羽村市五ノ神4-9-5,1,1,,1,,1,,,1,35.7622492817164,139.317502169764,
118,E1322700008201,小作台小学校,東京都羽村市小作台4-13-1,1,1,,1,,1,,,1,35.7735127142544,139.29871530457,
119,E1322700009201,あさひ公園,東京都羽村市神明台3-31,1,1,,1,,1,,,,35.7595898425598,139.327460422116,
120,E1322700010201,武蔵野小学校,東京都羽村市川崎693-1,1,1,,1,,1,,,1,35.7609806075711,139.332493539372,
121,E1322700011201,羽村第三中学校,東京都羽村市川崎697-1,1,1,,1,,1,,,1,35.7614312911156,139.334212641738,
122,E1322700012201,羽村第二中学校,東京都羽村市富士見平1-16,1,1,,1,,1,,,1,35.7648776914814,139.324887495938,
123,E1322700013201,富士見公園,東京都羽村市緑ケ丘4-11,1,1,,1,,1,,,,35.767916658027,139.315897880706,
124,E1322400073201,ベルブ永山１階駐車場（４０台）,東京都永山1-5,1,1,,,,,1,,,35.628251,139.448417,
125,E1338200001201,御蔵島村社会福祉協議会,東京都御蔵島村字かんぶり,1,1,1,1,1,1,1,1,1,33.896223,139.59177,
126,E1338200003201,御蔵島村観光資料館,東京都御蔵島村字家の下,1,1,1,1,1,1,1,1,1,33.896758,139.592161,
127,E1338200004201,御蔵島村開発総合センター,東京都御蔵島村字宮の下,1,1,1,1,1,1,1,1,1,33.895026,139.593257,
128,E1338200005201,御蔵島小中学校,東京都御蔵島村字入かねが沢,1,1,1,1,1,1,1,1,1,33.8969,139.595331,
129,E1312300002201,松江五中,東京都江戸川区一之江6-18-1,,,,1,,,,,1,35.688863559998,139.877441195,
130,E1312300003201,都立葛西工科高校,東京都江戸川区一之江7-68-1,,,,1,,,,,1,35.683604,139.878877,
131,E1312300004201,葛西二中,東京都江戸川区宇喜田町1085,,,,1,,,,,1,35.678974213846,139.86206752468,
132,E1312300005201,篠崎二中,東京都江戸川区下篠崎町14-1,,,,1,,,,,1,35.699532720716,139.91301812017,
133,E1312300006201,江戸川小,東京都江戸川区江戸川1-1-16,,,,1,,,,,1,35.686318995216,139.90686367549,
134,E1312300007201,下鎌田東小,東京都江戸川区江戸川2-16-31,,,,1,,,,,1,35.68671164477,139.90133912643,
135,E1312300008201,瑞江中,東京都江戸川区江戸川4-16,,,,1,,,,,1,35.679448970974,139.88439291926,
136,E1312300009201,一之江小,東京都江戸川区江戸川5-18-3,,,,1,,,,,1,35.674606103559,139.87935955887,
137,E1312300115201,二之江小,東京都江戸川区江戸川6-44,,,,1,,,,,1,35.67572,139.879288,
138,E1312300010201,鹿骨中,東京都江戸川区鹿骨2-12-1,,,,1,,,,,1,35.707874199605,139.89340274068,
139,E1312300011201,鹿骨東小,東京都江戸川区鹿骨3-7-1,,,,1,,,,,1,35.711468169077,139.89239424528,
140,E1312300012201,小岩五中,東京都江戸川区鹿骨5-27-1,,,,1,,,,,1,35.717401880907,139.88620856306,
141,E1312300013201,鹿骨松本小,東京都江戸川区鹿骨6-3-5,,,,1,,,,,1,35.712674557582,139.88422282247,
142,E1312300015201,篠崎小,東京都江戸川区篠崎町3-2-18,,,,1,,,,,1,35.704740426327,139.9089377542,
143,E1312300016201,篠崎中,東京都江戸川区篠崎町5-12-19,,,,1,,,,,1,35.70305721104,139.90878223554,
144,E1312300017201,篠崎四小,東京都江戸川区篠崎町8-12-8,,,,1,,,,,1,35.704760795701,139.89885240592,
145,E1312300018201,春江中,東京都江戸川区春江町2-47-1,,,,1,,,,,1,35.70105146397,139.89125599861,
146,E1312300019201,一之江二小,東京都江戸川区春江町4-16,,,,1,,,,,1,35.682347647109,139.87842396435,
147,E1312300020201,二之江二小,東京都江戸川区春江町5-13,,,,1,,,,,1,35.679846864291,139.87672663195,
148,E1312300021201,二之江中,東京都江戸川区春江町5-3-1,,,,1,,,,,1,35.681942443316,139.87710540358,
149,E1312300022201,小松川二中,東京都江戸川区小松川2-10-2,,,,1,,,,,1,35.697795194276,139.85279571828,
150,E1312300023201,小松川二小,東京都江戸川区小松川3-6-4,,,,1,,,,,1,35.697321812792,139.84939579007,
151,E1312300024201,松江小,東京都江戸川区松江1-16-5,,,,1,,,,,1,35.697747322217,139.87010242138,
152,E1312300025201,松江一中,東京都江戸川区松江5-5-1,,,,1,,,,,1,35.688655019079,139.86762519839,
153,E1312300026201,松江六中,東京都江戸川区松江7-16-18,,,,1,,,,,1,35.691117567996,139.87382335586,
154,E1312300027201,西一之江小,東京都江戸川区松江7-17-1,,,,1,,,,,1,35.689970071741,139.87348831409,
155,E1312300028201,私立関東第一高校,東京都江戸川区松島2-10-11,,,,1,,,,,1,35.70796,139.860354,
156,E1312300029201,旧二松江小,東京都江戸川区松島2-16-20,,,,1,,,,,1,35.704718504623,139.86136191922,
157,E1312300030201,松江二中,東京都江戸川区松島2-3-1,,,,1,,,,,1,35.706188944534,139.85995563799,
158,E1312300031201,都立江戸川高校,東京都江戸川区松島2-38-1,,,,1,,,,,1,35.708695,139.865907,
159,E1312300032201,西小松川小,東京都江戸川区松島3-30-6,,,,1,,,,,1,35.71162606159,139.86260785868,
160,E1312300033201,鹿本中,東京都江戸川区松本1-36-1,,,,1,,,,,1,35.718316979793,139.87676762474,
161,E1312300034201,鹿本小,東京都江戸川区松本2-35-7,,,,1,,,,,1,35.718588059894,139.87879804219,
162,E1312300035201,上一色中,東京都江戸川区上一色1-8-11,,,,1,,,,,1,35.723440460795,139.87265666555,
163,E1312300036201,篠崎二小,東京都江戸川区上篠崎1-3-1,,,,1,,,,,1,35.714458435919,139.90052784417,
164,E1312300037201,新堀小,東京都江戸川区新堀1-32-1,,,,1,,,,,1,35.704364491438,139.88824975215,
165,E1312300038201,春江小,東京都江戸川区瑞江1-3-30,,,,1,,,,,1,35.699041798836,139.8937089075,
166,E1312300039202,下鎌田小,東京都江戸川区瑞江4-19-10,,,,1,,,,,1,35.692231,139.893251,
167,E1312300040201,瑞江二中,東京都江戸川区瑞江4-54-1,,,,1,,,,,1,35.694641175337,139.8946698694,
168,E1312300041201,清新ふたば小,東京都江戸川区清新町1-1-38,,,,1,,,,,1,35.657585812358,139.85300818927,
169,E1312300042201,清新一小,東京都江戸川区清新町1-4-19,,,,1,,,,,1,35.661894861298,139.85268047804,
170,E1312300043201,清新一中,東京都江戸川区清新町1-5-14,,,,1,,,,,1,35.663197492359,139.85183586175,
171,E1312300045201,清新二中,東京都江戸川区清新町2-1-2,,,,1,,,,,1,35.656680401476,139.852544465,
172,E1312300044201,旧清新二小,東京都江戸川区清新町2-10-1,,,,1,,,,,1,35.655000117584,139.85729669588,
173,E1312300046201,松江四中,東京都江戸川区西一之江1-16-1,,,,1,,,,,1,35.69911239716,139.87697411994,
174,E1312300047201,大杉東小,東京都江戸川区西一之江2-8-5,,,,1,,,,,1,35.700817854121,139.87877656338,
175,E1312300048201,西葛西小,東京都江戸川区西葛西3-9-44,,,,1,,,,,1,35.66811970714,139.85739652833,
176,E1312300049201,六葛西小,東京都江戸川区西葛西4-5-1,,,,1,,,,,1,35.66805321762,139.86495125711,
177,E1312300050201,西葛西中,東京都江戸川区西葛西5-10-18,,,,1,,,,,1,35.665870105697,139.86283738886,
178,E1312300051201,七葛西小,東京都江戸川区西葛西7-8-1,,,,1,,,,,1,35.659960729584,139.85984628014,
179,E1312300052201,新田小,東京都江戸川区西葛西8-16-1,,,,1,,,,,1,35.65455197525,139.86279918409,
180,E1312300053201,旧上一色小,東京都江戸川区西小岩2-4-1,,,,1,,,,,1,35.732934747761,139.87337012001,
181,E1312300054201,西小岩小,東京都江戸川区西小岩3-19-12,,,,1,,,,,1,35.735938886227,139.8772856254,
182,E1312300055201,小岩四中,東京都江戸川区西小岩3-9-18,,,,1,,,,,1,35.7368120651,139.87532516233,
183,E1312300056201,瑞江小,東京都江戸川区西瑞江3-39,,,,1,,,,,1,35.685619391729,139.88713517059,
184,E1312300057201,船堀小,東京都江戸川区船堀2-22-22,,,,1,,,,,1,35.682687599598,139.86218882386,
185,E1312300058201,船堀二小,東京都江戸川区船堀4-14-4,,,,1,,,,,1,35.683427820071,139.86815866457,
186,E1312300059201,大杉二小,東京都江戸川区大杉3-11-1,,,,1,,,,,1,35.707069915918,139.8811372107,
187,E1312300060201,松江三中,東京都江戸川区中央1-20-1,,,,1,,,,,1,35.708736138975,139.87037135385,
188,E1312300061201,大杉小,東京都江戸川区中央2-16-15,,,,1,,,,,1,35.706097611752,139.87321572004,
189,E1312300114201,都立城東職業能力開発センター江戸川校,東京都江戸川区中央2-31-27,,,,1,,,,,1,35.706223,139.874863,
190,E1312300062201,三松江小,東京都江戸川区中央4-13-1,,,,1,,,,,1,35.710259338254,139.86764372275,
191,E1312300063202,葛西小・中,東京都江戸川区中葛西2-4-3,,,,1,,,,,1,35.671474119118,139.87339480523,
192,E1312300064201,葛西三中,東京都江戸川区中葛西6-6-13,,,,1,,,,,1,35.659699808817,139.86542898356,
193,E1312300065201,四葛西小,東京都江戸川区中葛西8-8-1,,,,1,,,,,1,35.658932202057,139.87092332052,
194,E1312300066201,二葛西小,東京都江戸川区東葛西6-33-1,,,,1,,,,,1,35.662388400359,139.87884769581,
195,E1312300067201,東葛西中,東京都江戸川区東葛西6-40-1,,,,1,,,,,1,35.660892991421,139.87937812629,
196,E1312300068201,東葛西小,東京都江戸川区東葛西8-23-1,,,,1,,,,,1,35.654140955591,139.87964227661,
197,E1312300070201,篠崎三小,東京都江戸川区東篠崎1-1-16,,,,1,,,,,1,35.697047339453,139.91397107576,
198,E1312300069201,都立篠崎高校,東京都江戸川区東篠崎1-10-1,,,,1,,,,,1,35.700446,139.916254,
199,E1312300071201,小岩二中,東京都江戸川区東小岩1-6-10,,,,1,,,,,1,35.72125228847,139.89053864154,
200,E1312300072201,小岩一中,東京都江戸川区東小岩3-10-8,,,,1,,,,,1,35.730563626691,139.89201047464,
201,E1312300073201,小岩小,東京都江戸川区東小岩3-20-10,,,,1,,,,,1,35.732942700484,139.89224571309,
202,E1312300074201,東小岩小,東京都江戸川区東小岩4-12-1,,,,1,,,,,1,35.729341486423,139.88914379641,
203,E1312300075201,東小松川小,東京都江戸川区東小松川3-27-1,,,,1,,,,,1,35.693044522997,139.86590846592,
204,E1312300076201,瑞江三中,東京都江戸川区東瑞江1-38-33,,,,1,,,,,1,35.691563851816,139.89953908227,
205,E1312300077201,旧下鎌田小,東京都江戸川区東瑞江3-11-1,,,,1,,,,,1,35.691019354932,139.89367290024,
206,E1312300078201,都立葛西南高校,東京都江戸川区南葛西1-11-1,,,,1,,,,,1,35.653648,139.870776,
207,E1312300079201,南葛西小,東京都江戸川区南葛西5-10-1,,,,1,,,,,1,35.64670752433,139.8742902295,
208,E1312300080201,南葛西中,東京都江戸川区南葛西5-12-1,,,,1,,,,,1,35.645444612042,139.87523996454,
209,E1312300081201,南葛西三小,東京都江戸川区南葛西5-2-1,,,,1,,,,,1,35.643642213207,139.87074345276,
210,E1312300082201,南葛西二中,東京都江戸川区南葛西5-3-1,,,,1,,,,,1,35.644833373037,139.87123496282,
211,E1312300083201,南葛西二小,東京都江戸川区南葛西7-5-9,,,,1,,,,,1,35.649994555904,139.88025325755,
212,E1312300084201,鎌田小,東京都江戸川区南篠崎町2-45-18,,,,1,,,,,1,35.691467930358,139.90418309338,
213,E1312300085201,南篠崎小,東京都江戸川区南篠崎町4-27-5,,,,1,,,,,1,35.698182629143,139.90400210191,
214,E1312300086201,南小岩二小,東京都江戸川区南小岩2-16-1,,,,1,,,,,1,35.721961405772,139.88919982552,
215,E1312300087201,南小岩小,東京都江戸川区南小岩4-16-1,,,,1,,,,,1,35.723126921004,139.88471955779,
216,E1312300088202,下小岩小,東京都江戸川区南小岩5-5-1,,,,1,,,,,1,35.725597,139.87945,
217,E1312300089201,旧下小岩小,東京都江戸川区南小岩7-8-1,,,,1,,,,,1,35.727959723381,139.88269733303,
218,E1312300090201,都立小松川高校,東京都江戸川区平井1-27-10,,,,1,,,,,1,35.702615,139.852184,
219,E1312300091202,小松川中,東京都江戸川区平井3-20-1,,,,1,,,,,1,35.702431,139.84317,
220,E1312300093201,小松川小,東京都江戸川区平井4-1-23,,,,1,,,,,1,35.703555503681,139.84745130237,
221,E1312300094201,平井東小,東京都江戸川区平井4-28-9,,,,1,,,,,1,35.708472912851,139.8481119123,
222,E1312300095201,旧小松川一中,東京都江戸川区平井4-7-21,,,,1,,,,,1,35.705610844231,139.84638460951,
223,E1312300096202,平井南小,東京都江戸川区平井5-3-11,,,,1,,,,,1,35.704759,139.838795,
224,E1312300097201,旧平井二小,東京都江戸川区平井6-1-17,,,,1,,,,,1,35.706493770643,139.83618800144,
225,E1312300098201,平井小,東京都江戸川区平井6-35-1,,,,1,,,,,1,35.710537981845,139.84233181802,
226,E1312300099201,平井西小,東京都江戸川区平井7-22-24,,,,1,,,,,1,35.714569601499,139.83921545397,
227,E1312300100201,五葛西小,東京都江戸川区北葛西2-13-33,,,,1,,,,,1,35.674889959851,139.85571286236,
228,E1312300101201,三葛西小,東京都江戸川区北葛西4-2-19,,,,1,,,,,1,35.670784968767,139.86121512773,
229,E1312300102201,宇喜田小,東京都江戸川区北葛西5-13-1,,,,1,,,,,1,35.674544200349,139.86538132344,
230,E1312300103201,篠崎五小,東京都江戸川区北篠崎2-5-1,,,,1,,,,,1,35.718414608839,139.89309963938,
231,E1312300104201,北小岩小,東京都江戸川区北小岩2-15-1,,,,1,,,,,1,35.740476242604,139.88569097222,
232,E1312300105201,中小岩小,東京都江戸川区北小岩3-12-22,,,,1,,,,,1,35.737632225426,139.89174897503,
233,E1312300106201,上小岩小,東京都江戸川区北小岩7-2-1,,,,1,,,,,1,35.743426007706,139.88926578527,
234,E1312300107201,小岩三中,東京都江戸川区北小岩8-19-1,,,,1,,,,,1,35.747056026459,139.88654903275,
235,E1312300108201,上小岩二小,東京都江戸川区北小岩8-28-11,,,,1,,,,,1,35.747638963262,139.88695970375,
236,E1312300109201,本一色小,東京都江戸川区本一色2-10-1,,,,1,,,,,1,35.718576788119,139.87237358612,
237,E1312300110201,都立小岩高校,東京都江戸川区本一色3-10-1,,,,1,,,,,1,35.721275,139.869092,
238,E1312300111201,上一色南小,東京都江戸川区本一色3-28-24,,,,1,,,,,1,35.722062457633,139.87092076786,
239,E1312300112201,都立紅葉川高校,東京都江戸川区臨海町2-1-1,,,,1,,,,,1,35.65276,139.858795,
240,E1312300113201,臨海小,東京都江戸川区臨海町2-2-11,,,,1,,,,,1,35.651587922952,139.86033864648,
241,E1310300001201,南山小学校,東京都港区元麻布3-8-15,1,1,1,1,,,,,1,35.657226,139.731113,
242,E1310300002201,虎ノ門いきいきプラザ,東京都港区虎ノ門1-21-10,1,1,1,1,,,,,1,35.667846,139.748776,
243,E1310300003201,港南図書館,東京都港区港南3-3-17,,,,,1,,,,,35.633009,139.749549,
244,E1310300004201,港南の郷,東京都港区港南3-3-23,,,,,1,,,,1,35.633302,139.749189,
245,E1310300005201,みなとリサイクル清掃事務所,東京都港区港南3-9-59,,,,,1,,,,,35.634319,139.751406,
246,E1310300006201,港南いきいきプラザ,東京都港区港南4-2-1,,1,,1,,,,,1,35.629514,139.747112,
247,E1310300007201,港南小学校,東京都港区港南4-3-28,1,1,,1,1,,,,1,35.629474,139.749232,
248,E1310300008201,港南中学校,東京都港区港南4-3-3,1,1,,1,1,,,,1,35.631003,139.749144,
249,E1310300009201,港南子ども中高生プラザ,東京都港区港南4-3-7,,1,1,1,1,,,,1,35.631028,139.749688,
250,E1310300010202,高輪区民センター,東京都港区高輪1-16-25,,1,1,1,,,,,1,35.641971,139.73399,
251,E1310300010201,高松中学校,東京都港区高輪1-16-25,,,1,1,,,,,1,35.640814,139.734212,
252,E1310300011201,高輪子ども中高生プラザ,東京都港区高輪1-4-35,1,1,1,1,,,,,1,35.642382,139.734824,
253,E1310300012201,高輪台小学校,東京都港区高輪2-8-24,1,1,1,1,,,,,1,35.636174,139.73437,
254,E1310300013201,高輪いきいきプラザ,東京都港区高輪3-18-15,,1,1,1,,,,,1,35.633153,139.735756,
255,E1310300014201,赤羽小学校,東京都港区三田1-4-52,1,1,1,1,,,,,1,35.653027,139.742324,
256,E1310300015201,御田小学校,東京都港区三田4-11-38,1,1,1,1,,,,,1,35.643176,139.738062,
257,E1310300016201,三田中学校,東京都港区三田4-13-13,1,1,1,1,1,,,,1,35.645328,139.741022,
258,E1310300017201,豊岡いきいきプラザ,東京都港区三田5-7-7,,1,1,1,,,,,1,35.646547,139.739558,
259,E1310300019201,芝小学校,東京都港区芝2-21-3,1,1,1,1,1,,,,1,35.650966,139.750092,
260,E1310300021201,三田いきいきプラザ,東京都港区芝4-1-17,1,1,1,1,,,,,1,35.648793,139.749751,
261,E1310300023201,札の辻スクエア（産業振興センター）,東京都港区芝5-36-4,1,1,1,1,1,,,,1,35.64506668776,139.74469451653,
262,E1310300024201,みなとパーク芝浦（港区スポーツセンター・男女平等参画センター）,東京都港区芝浦1-16-1,,1,,1,,,,,1,35.646746,139.751886,
263,E1310300025201,芝浜小学校,東京都港区芝浦1-16-31,,1,,1,,,,,1,35.646084,139.750911,
264,E1310300026201,芝浦港南区民センター,東京都港区芝浦4-13-1,1,1,1,1,,,,,1,35.640548,139.748568,
265,E1310300028201,芝浦小学校,東京都港区芝浦4-8-18,1,1,1,1,1,,,,1,35.638412,139.746409,
266,E1310300029201,みなと図書館,東京都港区芝公園3-2-25,,,,,1,,,,,35.659933,139.750146,
267,E1310300030201,御成門小学校,東京都港区芝公園3-2-4,1,1,1,1,1,,,,1,35.661336,139.749778,
268,E1310300031201,生涯学習センター,東京都港区新橋3-16-3,,1,,1,1,,,,1,35.66561,139.757058,
269,E1310300032201,福祉プラザさくら川,東京都港区新橋6-19-2,,1,,1,,,,,1,35.661199,139.753813,
270,E1310300033201,御成門中学校,東京都港区西新橋3-25-30,1,1,,1,1,,,,1,35.66163,139.750419,
271,E1310300034201,西麻布いきいきプラザ,東京都港区西麻布2-13-3,,1,1,1,,,,,1,35.660909,139.722781,
272,E1310300035201,笄小学校,東京都港区西麻布3-11-16,1,1,1,1,,,,,1,35.656452,139.724888,
273,E1310300036201,高陵中学校,東京都港区西麻布4-14-8,1,1,1,1,,,,,1,35.656892,139.720523,
274,E1310300038201,赤坂区民センター,東京都港区赤坂4-18-13,1,1,1,1,,,,,1,35.674757,139.731694,
275,E1310300039201,赤坂いきいきプラザ,東京都港区赤坂6-4-8,,1,1,1,,,,,1,35.670358,139.734936,
276,E1310300040201,サン・サン赤坂（赤坂子ども中高生プラザ）,東京都港区赤坂6-6-14,,1,1,1,,,,,1,35.669633,139.737538,
277,E1310300041201,赤坂小学校,東京都港区赤坂8-13-29,,1,1,1,,,,,1,35.669195,139.73124,
278,E1310300043201,お台場学園港陽小・中学校,東京都港区台場1-1-5,1,1,1,1,1,,,,1,35.633986,139.777247,
279,E1310300044201,台場区民センター,東京都港区台場1-5-1,1,1,1,1,1,,,,1,35.629996,139.777122,
280,E1310300046201,旧飯倉小学校,東京都港区東麻布2-1-1,1,1,1,1,,,,,1,35.658175,139.742695,
281,E1310300047201,飯倉いきいきプラザ,東京都港区東麻布2-16-11,1,1,1,1,,,,,1,35.656942,139.740899,
282,E1310300048201,青山いきいきプラザ,東京都港区南青山2-16-5,1,1,1,1,,,,,1,35.669159,139.721259,
283,E1310300049201,青山小学校,東京都港区南青山2-21-2,,1,1,1,,,,,1,35.669966,139.719079,
284,E1310300050201,青南いきいきプラザ,東京都港区南青山4-10-1,1,1,1,1,,,,,1,35.666481,139.717319,
285,E1310300051201,青南小学校,東京都港区南青山4-21-15,1,1,1,1,,,,,1,35.663463,139.716128,
286,E1310300052201,南麻布いきいきプラザ,東京都港区南麻布1-5-26,,1,1,1,,,,,1,35.651408,139.735148,
287,E1310300053201,東町小学校,東京都港区南麻布1-8-11,,1,,1,,,,,1,35.650701,139.735665,
288,E1310300055201,本村小学校,東京都港区南麻布3-9-33,1,1,1,1,,,,,1,35.649779,139.729964,
289,E1310300058201,麻布子ども中高生プラザ・ありすいきいきプラザ,東京都港区南麻布4-6-7,1,1,1,1,,,,,1,35.651053,139.72745,
290,E1310300060201,白金いきいきプラザ,東京都港区白金3-10-12,,1,1,1,,,,,1,35.644881,139.730975,
291,E1310300061201,旧三光小学校,東京都港区白金3-18-2,1,1,1,1,,,,,1,35.644283,139.729296,
292,E1310300062201,白金の丘学園白金の丘小・中学校,東京都港区白金4-1-12,1,1,1,1,,,,,1,35.643672,139.726904,
293,E1310300063201,旧神応小学校,東京都港区白金6-9-5,1,1,1,1,,,,,1,35.643503,139.724573,
294,E1310300064201,白金小学校,東京都港区白金台1-4-26,,1,1,1,,,,,1,35.636767,139.728694,
295,E1310300065201,白金台いきいきプラザ,東京都港区白金台4-8-5,1,1,1,1,,,,,1,35.6377,139.725011,
296,E1310300067201,エコプラザ,東京都港区浜松町1-13-1,,1,,1,1,,,,1,35.658827,139.756887,
297,E1310300068201,神明子ども中高生プラザ・神明いきいきプラザ,東京都港区浜松町1-6-7,,1,1,1,1,,,,1,35.658824,139.757538,
298,E1310300069201,青山中学校,東京都港区北青山1-1-9,1,1,1,1,,,,,1,35.674238,139.722164,
299,E1310300071201,麻布小学校,東京都港区麻布台1-5-15,1,1,1,1,,,,,1,35.661842,139.738504,
300,E1310300072201,麻布区民センター,東京都港区六本木5-16-45,,1,1,1,,,,,1,35.660657,139.735062,
301,E1310300073201,六本木中学校,東京都港区六本木6-8-16,1,1,1,1,,,,,1,35.660894,139.732209,
302,E1311800001201,第一中学校,東京都荒川区荒川1-30-1,1,,1,,,,1,,1,35.734498,139.787752,
303,E1311800003201,第三峡田小学校,東京都荒川区荒川1-43-1,1,,1,,,,1,,1,35.73356,139.786082,
304,E1311800006201,第二峡田小学校,東京都荒川区荒川2-30-1,1,,1,,,,1,,1,35.738546,139.782497,
305,E1311800007201,ゆいの森あらかわ,東京都荒川区荒川2-50-1,1,,1,,,,1,,1,35.739521,139.784164,
306,E1311800009201,峡田ふれあい館,東京都荒川区荒川3-3-10,1,,1,,,,1,,1,35.733795,139.784091,
307,E1311800011201,生涯学習・教育センター,東京都荒川区荒川3-49-1,1,,1,,,,1,,1,35.734860698669,139.78012318825,
308,E1311800012201,峡田小学校,東京都荒川区荒川3-77-1,1,,1,,,,1,,1,35.736346,139.77731,
309,E1311800016201,第四中学校,東京都荒川区荒川6-57-1,1,,1,,,,1,,1,35.741247,139.77556,
310,E1311800017201,第九峡田小学校,東京都荒川区荒川6-8-1,1,,1,,,,1,,1,35.742441,139.779499,
311,E1311800018201,荒川山吹ふれあい館,東京都荒川区荒川7-6-8,1,,1,,,,1,,1,35.742507184064,139.78395607955,
312,E1311800021201,ひぐらし小学校,東京都荒川区西日暮里2-32-5,1,,1,,,,1,,1,35.731341,139.772516,
313,E1311800022201,諏訪台中学校,東京都荒川区西日暮里2-36-8,1,,1,,,,1,,1,35.732574,139.77174,
314,E1311800023201,諏訪台ひろば館,東京都荒川区西日暮里3-3-12,1,1,1,,,,1,,1,35.729621,139.767582,
315,E1311800025201,学校法人開成学園,東京都荒川区西日暮里4-2-4,,1,,,,,,,,35.732400961909,139.76494698777,
316,E1311800027201,西日暮里ふれあい館,東京都荒川区西日暮里6-24-4,1,,1,,,,1,,1,35.736279,139.770781,
317,E1311800029201,第六日暮里小学校,東京都荒川区西日暮里6-35-16,1,,1,,,,1,,1,35.735575571836,139.769690904,
318,E1311800031201,尾久宮前小学校,東京都荒川区西尾久1-4-17,1,,1,,,,1,,1,35.746006,139.764603,
319,E1311800032201,尾久ふれあい館,東京都荒川区西尾久2-25-13,1,,1,,,,1,,1,35.750208,139.7634,
320,E1311800091201,尾久八幡中学校,東京都荒川区西尾久3-14-1,1,,1,,,,1,,1,35.753167,139.763888,
321,E1311800034201,第七中学校,東京都荒川区西尾久4-30-28,1,,1,,,,1,,1,35.746484,139.758105,
322,E1311800036201,尾久西小学校,東京都荒川区西尾久5-27-12,1,,1,,,,1,,1,35.750244,139.758432,
323,E1311800038201,尾久第六小学校,東京都荒川区西尾久8-26-9,1,,1,,,,1,,1,35.752090658738,139.75418032785,
324,E1311800039201,西尾久ふれあい館,東京都荒川区西尾久8-33-31,1,,1,,,,1,,1,35.751598,139.753454,
325,E1311800040201,町屋ふれあい館,東京都荒川区町屋1-35-8,1,,1,,,,1,,1,35.744088,139.785824,
326,E1311800041201,第五中学校,東京都荒川区町屋1-37-16,1,,1,,,,1,,1,35.744473,139.787328,
327,E1311800042201,第四峡田小学校,東京都荒川区町屋2-11-6,1,,1,,,,1,,1,35.744951,139.780005,
328,E1311800044201,第五峡田小学校,東京都荒川区町屋3-17-24,1,,1,,,,1,,1,35.748273,139.781599,
329,E1311800046201,大門小学校,東京都荒川区町屋4-27-8,1,,1,,,,1,,1,35.74902,139.77711,
330,E1311800047201,原中学校,東京都荒川区町屋5-12-6,1,,1,,,,1,,1,35.751075,139.779438,
331,E1311800048201,荒木田ふれあい館,東京都荒川区町屋6-13-2,1,,1,,,,1,,1,35.750406,139.783399,
332,E1311800053201,第七峡田小学校,東京都荒川区町屋8-19-12,1,,1,,,,1,,1,35.748338,139.787807,
333,E1311800054201,東日暮里ふれあい館,東京都荒川区東日暮里1-17-13,1,,1,,,,1,,1,35.729789721343,139.78994792395,
334,E1311800056201,第三日暮里小学校,東京都荒川区東日暮里3-10-17,1,,1,,,,1,,1,35.728858,139.781392,
335,E1311800057201,夕やけこやけふれあい館,東京都荒川区東日暮里3-11-19,1,,1,,,,1,,1,35.729964,139.781378,
336,E1311800059201,竹台高等学校,東京都荒川区東日暮里5-14-1,1,,1,,,,1,,1,35.72612,139.777845,
337,E1311800060201,第二日暮里小学校,東京都荒川区東日暮里5-2-1,1,,1,,,,1,,1,35.728401,139.77824,
338,E1311800061201,日暮里サニーホール,東京都荒川区東日暮里5-50-5,1,1,1,,,,1,,,35.72788635457,139.77295482321,
339,E1311800062201,ひぐらしふれあい館,東京都荒川区東日暮里6-28-15,1,,1,,,,1,,1,35.733031624634,139.77600764176,
340,E1311800064201,第九中学校,東京都荒川区東尾久2-23-5,1,,1,,,,1,,1,35.743212,139.772874,
341,E1311800065201,東尾久本町通りふれあい館,東京都荒川区東尾久2-37-14,1,,1,,,,1,,1,35.744702619395,139.77140955878,
342,E1311800066201,赤土小学校,東京都荒川区東尾久2-43-9,1,,1,,,,1,,1,35.743209,139.769642,
343,E1311800070201,尾久小学校,東京都荒川区東尾久5-6-7,1,,1,,,,1,,1,35.747275,139.768811,
344,E1311800071201,男女平等推進センター,東京都荒川区東尾久5-9-3,1,,1,,,,1,,1,35.748244,139.768871,
345,E1311800072201,第六瑞光小学校,東京都荒川区南千住1-4-11,1,,1,,,,1,,1,35.733175,139.789219,
346,E1311800073201,瑞光小学校,東京都荒川区南千住1-51-1,1,,1,,,,1,,1,35.734917,139.791035,
347,E1311800075201,石浜ふれあい館,東京都荒川区南千住3-28-2,1,,1,,,,1,,1,35.731301,139.806454,
348,E1311800078201,第二瑞光小学校,東京都荒川区南千住5-8-1,1,,1,,,,1,,1,35.733556,139.794525,
349,E1311800079201,南千住ふれあい館,東京都荒川区南千住6-36-13,1,,1,,,,1,,1,35.738172,139.79104,
350,E1311800081201,荒川工科高等学校,東京都荒川区南千住6-42-1,1,,1,,,,1,,1,35.73742444526,139.79226479085,
351,E1311800083201,南千住駅前ふれあい館,東京都荒川区南千住7-1-1,1,,1,,,,1,,1,35.733205,139.798309,
352,E1311800084201,南千住第二中学校,東京都荒川区南千住7-25-1,1,,1,,,,1,,1,35.736128,139.799676,
353,E1311800085201,第三瑞光小学校,東京都荒川区南千住7-9-1,1,,1,,,,1,,1,35.735615,139.7987,
354,E1311800086201,第三中学校,東京都荒川区南千住8-10-1,1,,1,,,,1,,1,35.737841,139.811259,
355,E1311800087201,汐入ふれあい館,東京都荒川区南千住8-2-2,1,,1,,,,1,,1,35.734517,139.807037,
356,E1311800088201,汐入小学校,東京都荒川区南千住8-2-3,1,,1,,,,1,,1,35.735143,139.807227,
357,E1311800089201,汐入東小学校,東京都荒川区南千住8-9-3,1,,1,,,,1,,1,35.73895,139.811625,
358,E1321400001201,市立第十小学校,東京都国分寺市戸倉3-5,,1,,1,,1,,,1,35.7083195039632,139.454230214831,
359,E1321400003201,ひかりプラザ,東京都国分寺市光町1-46-8,1,1,,1,,1,1,,1,35.7025086842709,139.444667173064,
360,E1321400004201,市立第二小学校,東京都国分寺市光町3-1,1,1,,1,,1,1,,1,35.7080149098072,139.44454932124,
361,E1321400007201,市立第三中学校,東京都国分寺市高木町2-11,1,1,,1,,1,1,,1,35.711173992299,139.438345417844,
362,E1321400008201,都立国分寺高校,東京都国分寺市新町3-2-5,,1,,1,,1,,,1,35.7121923292997,139.447953406206,
363,E1321400009201,市立第四小学校,東京都国分寺市西元町1-8-1,1,1,,1,,1,1,,1,35.6958996197013,139.470078772981,
364,E1321400010201,市立第四中学校,東京都国分寺市西元町3-10-7,,1,,1,,1,,,1,35.6904675584823,139.470405213191,
365,E1321400013201,市立第八小学校,東京都国分寺市西町5-18,1,1,,1,,1,1,,1,35.7164428178171,139.432947757517,
366,E1321400015201,市立第九小学校,東京都国分寺市西恋ケ窪4-12-6,1,1,,1,,1,1,,1,35.707418203339,139.464500891762,
367,E1321400016201,恋ヶ窪公民館,東京都国分寺市西恋ケ窪4-12-8,1,1,,1,,1,1,,,35.7076734600586,139.464269424012,
368,E1321400017201,いずみプラザ,東京都国分寺市泉町2-3-8,1,1,,1,,1,1,,1,35.6962444592409,139.468793543458,
369,E1321400020201,いずみホール,東京都国分寺市泉町3-36-12,1,1,,1,,1,1,,1,35.6988476144971,139.464932804975,
370,E1321400021201,泉町多喜窪公園,東京都国分寺市泉町3-5-16,1,1,,1,,1,1,,,35.696820714224,139.464648593874,
371,E1321400022201,市立第一小学校,東京都国分寺市東元町2-1-20,1,1,,1,,1,1,,1,35.6926351247912,139.484700851831,
372,E1321400025201,市立第一中学校,東京都国分寺市東戸倉2-6,1,1,,1,,1,1,,1,35.7122904870764,139.465392028698,
373,E1321400026201,市立第三小学校,東京都国分寺市東恋ケ窪2-13,1,1,,1,,1,1,,1,35.7079617815247,139.477551153164,
374,E1321400029201,内藤地域センター,東京都国分寺市内藤2-22-34,1,1,,,,1,1,,1,35.6980876989548,139.456214522839,
375,E1321400030201,東京経済大学,東京都国分寺市南町1-7-34,1,,,1,,1,1,,1,35.6993744224474,139.490012308592,
376,E1321400032201,本町・南町地域センター,東京都国分寺市南町3-21-1,1,1,,1,,1,1,,1,35.6998142964857,139.478371766943,
377,E1321400033201,市立第五小学校,東京都国分寺市日吉町1-30,1,1,,1,,1,1,,1,35.7039520103892,139.459403792718,
378,E1321400034201,市立第六小学校,東京都国分寺市並木町2-1,,1,,1,,1,,,1,35.7147326138264,139.45493531414,
379,E1321400036201,市立第五中学校,東京都国分寺市並木町2-15,,1,,1,,1,,,1,35.7140817133509,139.453036250207,
380,E1321400038201,市立第七小学校,東京都国分寺市本多1-2-1,,1,,1,,1,,,1,35.7035875723301,139.483726643997,
381,E1321400039201,市立第二中学校,東京都国分寺市本多1-2-17,,1,,1,,1,1,,1,35.704111,139.482763,
382,E1321400040201,本多公民館,東京都国分寺市本多1-7-1,1,1,,1,,1,1,,1,35.7053279671733,139.482344083119,
383,E1321400041201,ｃｏｃｏｂｕｎｊｉプラザ,東京都国分寺市本町3-1-1,1,1,,1,,1,1,,,35.7006427260423,139.480467962014,
384,E1321500005201,多摩川河川敷公園,東京都国立市谷保9543,,,,1,,1,,,,35.68011582582,139.42133644509,
385,E1321500007201,一橋大学構内,東京都国立市中2-1,,,,1,,1,,,,35.6949298086682,139.441632351223,
386,E1321500008201,東京都立第五商業高等学校,東京都国立市中3-4,1,,,,,,1,,,35.689095,139.440156,
387,E1321500009201,一橋大学構内,東京都国立市東2-4,,,,1,,1,,,,35.695068,139.447811,
388,E1321500011201,東京都立国立高等学校,東京都国立市東4-25-1,1,,,,,,1,,,35.688267,139.448503,
389,E1321500013201,谷保第三公園周辺,東京都国立市富士見台2-34,,,,1,,1,,,,35.685699379265,139.44357326463,
390,E1321500019201,学校法人ＮＨＫ学園,東京都国立市富士見台2-36-2,1,,,,,,1,,,35.686817,139.44339,
391,E1321500016201,東京女子体育大学構内,東京都国立市富士見台4-30-1,,,,1,,1,,,,35.688798337282,139.42914769995,
392,E1321900003201,ニトリ狛江ショッピングセンター（駐車場）,東京都狛江市岩戸南2-4-3,1,1,,,,,1,,,35.6322197750806,139.587728092412,
393,E1321900004201,狛江みずほ幼稚園,東京都狛江市岩戸南4-14-1,,1,,1,,,,,1,35.626320939268,139.59022675105,
394,E1321900006201,狛江第六小学校,東京都狛江市駒井町1-21-1,1,1,,1,,,1,,1,35.624404712965,139.5855133994,
395,E1321900008201,狛江第三中学校,東京都狛江市元和泉1-23-1,1,1,,1,,,1,,1,35.629516183492,139.57414097514,
396,E1321900010201,防衛省共済組合狛江スポーツセンター,東京都狛江市元和泉2-30,,1,,1,,,,,,35.632251231389,139.56856760925,
397,E1321900012201,西河原公園,東京都狛江市元和泉2-38-1,,1,,1,,,,,,35.632894138634,139.56672517542,
398,E1321900013201,多摩川左岸一帯,東京都狛江市元和泉3,,1,,1,,,,,,35.624164111594,139.57313614281,
399,E1321900014201,都立狛江高等学校,東京都狛江市元和泉3-9-1,,1,,1,,,1,,1,35.6283635058,139.56994354558,
400,E1321900017201,前原公園,東京都狛江市西野川3-11-1,,1,,1,,,,,,35.644801440115,139.5702247509,
401,E1321900021201,多摩川住宅（公園）,東京都狛江市西和泉1,,1,,1,,,,,,35.637243053143,139.56369999447,
402,E1321900022201,西和泉グランド,東京都狛江市西和泉1-16-1,,1,,1,,,,,1,35.639210308607,139.56520809986,
403,E1321900023201,狛江こだま幼稚園,東京都狛江市中和泉3-14-8,,1,,1,,,,,1,35.637539586264,139.56884321953,
404,E1321900024201,和泉小学校,東京都狛江市中和泉3-33-1,1,1,,1,,,1,,1,35.634223770567,139.56778123505,
405,E1321900025201,狛江第三小学校,東京都狛江市猪方1-11-1,1,1,,1,,,1,,1,35.627765363459,139.58506042533,
406,E1321900026201,狛江第二中学校,東京都狛江市猪方2-7-1,1,1,,1,,,1,,1,35.626811304596,139.58375389582,
407,E1321900029201,狛江第五小学校,東京都狛江市東野川1-35-13,1,1,,1,,,1,,1,35.643669381106,139.58135226051,
408,E1321900030201,子鹿幼稚園,東京都狛江市東野川3-17-1,,1,,1,,,,,1,35.645958212318,139.58448549444,
409,E1321900031201,狛江第四中学校,東京都狛江市東野川4-1-1,1,1,,1,,,1,,1,35.644934952689,139.58205365442,
410,E1321900033201,中央公民館,東京都狛江市和泉本町1-1-5,1,1,,,,,1,,1,35.635166,139.578128,
411,E1321900034201,狛江第一小学校,東京都狛江市和泉本町1-37-1,1,1,,1,,,1,,1,35.63682851619,139.57801818297,
412,E1321900035201,狛江第一中学校,東京都狛江市和泉本町2-15-1,1,1,,1,,,1,,1,35.640333975537,139.57787865831,
413,E1321900036201,市民グランド,東京都狛江市和泉本町2-15-2,,1,,1,,,,,,35.639975378712,139.57885051542,
414,E1321900037201,緑野小学校,東京都狛江市和泉本町4-3-1,1,1,,1,,,1,,1,35.64136490547,139.57093780405,
415,E1321900038201,ユニディ狛江店（駐車場）,東京都狛江市和泉本町4-6-3,1,1,,,,,1,,,35.6431849912483,139.570501984792,
416,E1321900039201,都営団地（公園）,東京都狛江市和泉本町4-7,,1,,1,,,,,,35.643737693457,139.56873367543,
417,E1321900040201,上和泉地域センター,東京都狛江市和泉本町4-7-51,1,1,,,,,1,,1,35.64520376413,139.56804433008,
418,E1320400002201,井の頭コミュニティ・センター,東京都三鷹市井の頭2-32-30,1,1,,,,,1,,1,35.694038,139.583483,
419,E1320400003201,第五小学校（体育館・校舎）,東京都三鷹市井の頭2-34-21,1,1,,,,,1,,1,35.693091,139.581676,
420,E1320400003202,第五小学校（校庭）,東京都三鷹市井の頭2-34-21,,,,1,,,,,1,35.692598781606,139.58190075614,
421,E1320400004201,明星学園小中学校,東京都三鷹市井の頭5-7-7,1,1,,,,,1,,1,35.695211,139.577312,
422,E1320400004202,明星学園小中学校（校庭）,東京都三鷹市井の頭5-7-7,,,,1,,,,,1,35.694907345335,139.57662127788,
423,E1320400005201,井口コミュニティ・センター,東京都三鷹市井口1-13-32,1,1,,,,,1,,1,35.693435,139.548551,
424,E1320400007201,井口特設グラウンド,東京都三鷹市井口1-6,,,,1,,,,,,35.693072816027,139.54992836267,
425,E1320400008202,井口小学校（校庭）,東京都三鷹市井口3-7-11,,,,1,,,,,1,35.692018503826,139.54445552856,
426,E1320400008201,井口小学校（体育館・校舎）,東京都三鷹市井口3-7-11,1,1,,,,,1,,1,35.692279,139.544499,
427,E1320400009201,東京都立井の頭恩賜公園（うち井の頭文化園、西園）,東京都三鷹市下連雀1-1,,,,1,,1,,,,35.699414066046,139.57238043696,
428,E1320400010201,第四小学校　（体育館・校舎）,東京都三鷹市下連雀1-25-1,1,1,,,,,1,,1,35.695539,139.56842,
429,E1320400010202,第四小学校（校庭）,東京都三鷹市下連雀1-25-1,,,,1,,,,,1,35.695126675112,139.56887782075,
430,E1320400012201,駅前コミュニティ・センター,東京都三鷹市下連雀3-13-10,1,1,,,,,1,,1,35.699514,139.563064,
431,E1320400016201,杏林大学井の頭キャンパス,東京都三鷹市下連雀5-4-1,,,,1,,,,,,35.685517,139.569528,
432,E1320400017202,第六小学校（校庭）,東京都三鷹市下連雀6-13-1,,,,1,,,,,1,35.688339854708,139.56470401822,
433,E1320400017201,第六小学校（体育館・校舎）,東京都三鷹市下連雀6-13-1,1,1,,,,,1,,1,35.688289,139.565431,
434,E1320400018201,連雀コミュニティ・センター,東京都三鷹市下連雀7-15-4,,1,,,,,,,1,35.69251,139.560945,
435,E1320400019201,第一中学校　（校舎）,東京都三鷹市下連雀9-10-1,1,1,,,,,1,,1,35.685392,139.559796,
436,E1320400020202,南浦小学校（校庭）,東京都三鷹市下連雀9-9-1,,,,1,,,,,1,35.685884410227,139.56004360924,
437,E1320400020201,南浦小学校（体育館・校舎）,東京都三鷹市下連雀9-9-1,1,1,,,,,1,,1,35.686325,139.559705,
438,E1320400021202,第三小学校（校庭）,東京都三鷹市上連雀4-12-3,,,,1,,,,,1,35.695668,139.557773,
439,E1320400021201,第三小学校（体育館・校舎）,東京都三鷹市上連雀4-12-3,1,1,,,,,1,,1,35.695361,139.557521,
440,E1320400023201,第四中学校（体育館・校舎）,東京都三鷹市上連雀4-18-7,1,1,,,,,1,,1,35.696184,139.556256,
441,E1320400023202,第四中学校（校庭）,東京都三鷹市上連雀4-18-7,,,,1,,,,,1,35.695725987421,139.55648816591,
442,E1320400024201,大成高等学校グラウンド,東京都三鷹市上連雀6-7-5,,,,1,,,,,,35.688701732948,139.55967182932,
443,E1320400025201,第七小学校（体育館・校舎）,東京都三鷹市上連雀7-7-7,1,1,,,,,1,,1,35.69288,139.554594,
444,E1320400025202,第七小学校（校庭）,東京都三鷹市上連雀7-7-7,,,,1,,,,,1,35.692363544289,139.55488780539,
445,E1320400026201,新川中原コミュニティ・センター,東京都三鷹市新川1-11-1,1,1,,,,,1,,1,35.66888,139.575887,
446,E1320400027201,新川あおやぎ公園,東京都三鷹市新川1-11-16,,,,1,,,,,,35.668876916452,139.57488463921,
447,E1320400028202,第五中学校（校庭）,東京都三鷹市新川1-7-20,,,,1,,,,,1,35.670768999971,139.57793906808,
448,E1320400028201,第五中学校（体育館・校舎）,東京都三鷹市新川1-7-20,1,1,,,,,1,,1,35.671094,139.577245,
449,E1320400029201,第六中学校（体育館・校舎）,東京都三鷹市新川2-12-17,1,1,,,,,1,,1,35.680827,139.575793,
450,E1320400029202,第六中学校（校庭）,東京都三鷹市新川2-12-17,,,,1,,,,,1,35.680464452079,139.57568702461,
451,E1320400032201,新川島屋敷通り団地,東京都三鷹市新川4-25,,,,1,,1,,,,35.674954340547,139.57255971605,
452,E1320400033201,三鷹中等教育学校,東京都三鷹市新川6-21-21,,1,,,,,,,1,35.679477,139.566975,
453,E1320400033202,都立三鷹中等教育学校（校庭）,東京都三鷹市新川6-21-21,,,,1,,,,,1,35.678928788264,139.56692210343,
454,E1320400035201,第一小学校（体育館・校舎）,東京都三鷹市新川6-3-32,1,1,,,,,1,,1,35.682071,139.569846,
455,E1320400035202,第一小学校（校庭）,東京都三鷹市新川6-3-32,,,,1,,,,,1,35.681858027701,139.57016828094,
456,E1320400034201,農業公園,東京都三鷹市新川6-30-22,,,,1,,,,,,35.681569598868,139.56518477397,
457,E1320400036201,三鷹中央防災公園,東京都三鷹市新川6-37-1,,,,1,,,,,1,35.681871,139.56241,
458,E1320400037201,仙川平和公園,東京都三鷹市新川6-7-1,,,,1,,,,,,35.679804255032,139.56899935585,
459,E1320400041201,第七中学校（体育館・校舎）,東京都三鷹市大沢2-11-12,1,1,,,,,1,,1,35.677314,139.532665,
460,E1320400041202,第七中学校（校庭）,東京都三鷹市大沢2-11-12,,,,1,,,,,1,35.677638514206,139.53234953632,
461,E1320400043201,国立天文台,東京都三鷹市大沢2-21-1,,,,1,,1,,,,35.675236464392,139.53769649966,
462,E1320400044202,大沢台小学校（校庭）,東京都三鷹市大沢2-6-18,,,,1,,,,,1,35.680067114659,139.53646030964,
463,E1320400044201,大沢台小学校（体育館・校舎）,東京都三鷹市大沢2-6-18,1,1,,,,,1,,1,35.680261,139.536033,
464,E1320400045201,国際基督教大学,東京都三鷹市大沢3-10-2,1,1,,,,,1,,1,35.687505,139.530044,
465,E1320400046201,ルーテル学院大学,東京都三鷹市大沢3-10-20,,1,,,,,,,1,35.688333,139.535203,
466,E1320400048201,大沢コミュニティ・センター,東京都三鷹市大沢4-25-30,,1,,,,,,,1,35.668601,139.537495,
467,E1320400049202,羽沢小学校（校庭）,東京都三鷹市大沢4-9-1,,,,1,,,,,1,35.669861401539,139.53866506925,
468,E1320400049201,羽沢小学校（体育館・校舎）,東京都三鷹市大沢4-9-1,,1,,,,,,,1,35.670223,139.538471,
469,E1320400089201,三鷹市営大沢住宅集会所,東京都三鷹市大沢6-6-1,1,1,,,,,1,,,35.678191,139.527124,
470,E1320400042201,国際基督教大学・東京神学大学・ルーテル学院大学・東京都立野川公園,東京都三鷹市大沢２－１５先,,,,1,,1,,,,35.686737457286,139.52877826209,
471,E1320400050201,東京都立武蔵野の森公園,東京都三鷹市大沢６－１１先,,,,1,,1,,,,35.677235,139.528397,
472,E1320400052201,仙川ゴルフ練習場,東京都三鷹市中原1-3-6,,,,1,,,,,,35.664741022294,139.57882471921,
473,E1320400056202,中原小学校（校庭）,東京都三鷹市中原2-12-13,,,,1,,,,,1,35.669936264373,139.57128923465,
474,E1320400056201,中原小学校（体育館・校舎）,東京都三鷹市中原2-12-13,1,1,,,,,1,,1,35.670295,139.57117,
475,E1320400057201,東台小学校（体育館・校舎）,東京都三鷹市中原2-17-37,1,1,,,,,1,,1,35.667433,139.572038,
476,E1320400057202,東台小学校（校庭）,東京都三鷹市中原2-17-37,,,,1,,,,,1,35.667063421297,139.57194422146,
477,E1320400058201,武蔵グランドゴルフ,東京都三鷹市北野1-7-22,,,,1,,,,,,35.677313340373,139.58533928066,
478,E1320400060201,北野小学校（体育館・校舎）,東京都三鷹市北野3-1-5,1,1,,,,,1,,1,35.679837,139.58212,
479,E1320400060202,北野小学校（校庭）,東京都三鷹市北野3-1-5,,,,1,,,,,1,35.679486016974,139.5822181791,
480,E1320400062201,花と緑の広場,東京都三鷹市牟礼1-11-26,,,,1,,,,,,35.683432753378,139.5884433085,
481,E1320400063201,久我山ゴルフ,東京都三鷹市牟礼1-2-14,,,,1,,,,,,35.682811405256,139.5923129835,
482,E1320400082201,三鷹台団地・赤とんぼ児童遊園・牟礼下本宿児童遊園,東京都三鷹市牟礼2-14,,,,1,,,,,,35.687134,139.580383,
483,E1320400065201,牟礼の里公園,東京都三鷹市牟礼3-7-7,,,,1,,,,,,35.688838464842,139.58203292193,
484,E1320400066202,第三中学校（校庭）,東京都三鷹市牟礼4-13-8,,,,1,,,,,1,35.691468255605,139.57533713327,
485,E1320400066201,第三中学校　（体育館・校舎）,東京都三鷹市牟礼4-13-8,1,1,,,,,1,,1,35.691914,139.575572,
486,E1320400067201,明星学園高等学校（校庭）,東京都三鷹市牟礼4-15-22,,,,1,,,,,1,35.693485,139.57402,
487,E1320400088201,法政大学中学高等学校,東京都三鷹市牟礼4-3-1,,,,1,,,,,,35.691546,139.57837,
488,E1320400068202,高山小学校（校庭）,東京都三鷹市牟礼4-6-12,,,,1,,,,,1,35.689223730967,139.57732678296,
489,E1320400068201,高山小学校（体育館・校舎）,東京都三鷹市牟礼4-6-12,1,1,,,,,1,,1,35.689781,139.577168,
490,E1320400070201,牟礼コミュニティ・センター,東京都三鷹市牟礼7-6-25,1,1,,,,,1,,1,35.68501,139.574925,
491,E1320400074202,第二中学校（校庭）,東京都三鷹市野崎3-14-1,,,,1,,,,,1,35.686783321445,139.54355340026,
492,E1320400074201,第二中学校（体育館・校舎）,東京都三鷹市野崎3-14-1,1,1,,,,,1,,1,35.687354,139.543605,
493,E1320400076202,第二小学校（校庭）,東京都三鷹市野崎3-19-1,,,,1,,,,,1,35.685458358293,139.54265874727,
494,E1320400076201,第二小学校（体育館・校舎）,東京都三鷹市野崎3-19-1,1,1,,,,,1,,1,35.685918,139.542214,
495,E1338100001201,三宅村阿古福祉会館,東京都三宅村阿古1906,,1,,1,,1,,,1,34.07172,139.483127,
496,E1338100002203,郷土資料館（図書館）,東京都三宅村阿古497,,1,,1,1,1,,1,1,34.075965449969,139.4791348675,
497,E1338100002201,旧阿古小中学校グラウンド,東京都三宅村阿古497,,,,1,1,1,,1,1,34.076437551721,139.47957743199,
498,E1338100002202,阿古体育館,東京都三宅村阿古497,,1,,1,1,1,,1,1,34.076005439867,139.47865206988,
499,E1338100003201,三宅村コミュニティーセンター,東京都三宅村伊ケ谷330,,1,,1,1,1,,1,1,34.099884813865,139.49106166387,
500,E1338100004201,伊豆老人福祉館庭,東京都三宅村伊豆1054,,,,1,1,1,,1,1,34.114190604205,139.50076048689,
501,E1338100004202,伊豆老人福祉館,東京都三宅村伊豆1054,,1,,1,1,1,,1,1,34.114021833999,139.50095897037,
502,E1338100005203,三宅小学校,東京都三宅村伊豆468,,1,,1,1,,,,1,34.120065100426,139.50396260088,
503,E1338100005201,三宅小学校グラウンド,東京都三宅村伊豆468,,,,1,1,,,,1,34.119787013512,139.50420636132,
504,E1338100005202,三宅小学校体育館,東京都三宅村伊豆468,,1,,1,1,,,,1,34.119782572488,139.50356263116,
505,E1338100006201,三宅中学校グラウンド,東京都三宅村伊豆470,,,,1,1,1,,,1,34.120989850632,139.50476992668,
506,E1338100006202,三宅中学校体育館,東京都三宅村伊豆470,,,,1,1,,,,1,34.120337027033,139.50358439029,
507,E1338100006203,三宅中学校,東京都三宅村伊豆470,,,,1,1,,,,1,34.120701187758,139.5038847977,
508,E1338100007201,三宅村活動火山対策避難施設,東京都三宅村伊豆480-1,,1,,1,1,1,,1,1,34.121258528268,139.50539219916,
509,E1338100008201,三宅保育園,東京都三宅村伊豆770-3,,,,1,1,,,,1,34.11772501507,139.50901656212,
510,E1338100009201,神着老人福祉館,東京都三宅村神着197,,1,1,1,1,1,,1,1,34.120501760849,139.52201513879,
511,E1338100010201,湯船グラウンド,東京都三宅村神着936-1,,,,1,1,1,,1,,34.121761548572,139.53094025914,
512,E1338100011201,旧三宅村役場周辺広場,東京都三宅村坪田1774,,,,1,1,1,,1,,34.079854835368,139.55911379009,
513,E1338100012201,旧坪田小学校グラウンド,東京都三宅村坪田3007,,,,1,1,1,,1,,34.060220071082,139.54778454441,
514,E1338100013201,三宅村レクリエーションセンター,東京都三宅村坪田3034,,1,,1,1,1,,1,1,34.059206827454,139.54663742432,
515,E1338100013202,旧坪田中学校グラウンド,東京都三宅村坪田3034,,,,1,1,1,,1,1,34.05947347915,139.54693246732,
516,E1338100014201,三宅村文化会館,東京都三宅村坪田3050-1,,1,,1,1,1,,1,1,34.060007330412,139.54526521994,
517,E1338100015202,都立三宅高校,東京都三宅村坪田4586,,1,,1,1,1,,1,1,34.058794491157,139.5377698886,
518,E1338100015201,都立三宅高校体育館,東京都三宅村坪田4586,,1,,1,1,1,,1,1,34.059238912347,139.53766796466,
519,E1342100004201,扇浦交流センター,東京都小笠原村父島,1,1,1,1,1,1,,,1,27.0712972115894,142.202643032809,
520,E1342100003201,小笠原高等学校,東京都小笠原村父島,1,,1,1,1,1,,,1,27.1004002365669,142.199754293697,
521,E1342100002201,小笠原小中学校,東京都小笠原村父島,1,,1,1,1,1,,,1,27.0966251745277,142.191785450697,
522,E1342100001202,奥村交流センター,東京都小笠原村父島,1,,1,1,1,1,,,1,27.0992899374151,142.208602901232,
523,E1342100001201,地域福祉センター,東京都小笠原村父島,1,1,,,,1,,,1,27.0995860182651,142.200062747731,
524,E1342100005203,母島支所,東京都小笠原村母島,1,1,1,,,1,,,1,26.6405772085322,142.160742212541,
525,E1342100005202,母島診療所駐車場,東京都小笠原村母島,1,,1,1,1,1,,,1,26.6418526487518,142.158843208553,
526,E1342100005201,母島小中学校,東京都小笠原村母島,1,,1,,,1,,,1,26.6420875967126,142.16081194997,
527,E1342100006201,評議平運動場,東京都小笠原村母島,1,,1,1,1,1,,,,26.6349094786039,142.162035037284,
528,E1321000001201,東京電機大学中学校・高等学校,東京都小金井市梶野町4-8-1,,,,1,,,,,,35.706116,139.526048,
529,E1321000002201,梶野公園,東京都小金井市梶野町5-10,,,,1,,,,,,35.702848,139.52639,
530,E1321000003201,市立小金井第三小学校,東京都小金井市梶野町5-7-1,,,,1,,,,,1,35.704599,139.52323,
531,E1321000004201,市立南中学校,東京都小金井市貫井南町1-26-1,,,,1,,,,,1,35.690692,139.49996,
532,E1321000006201,市立小金井第四小学校,東京都小金井市貫井南町3-9-1,,,,1,,,,,1,35.699895,139.494107,
533,E1321000007201,中央大学附属中学校・高等学校,東京都小金井市貫井北町3-22-1,,,,1,,,,,,35.709987,139.497469,
534,E1321000008201,東京学芸大学,東京都小金井市貫井北町4-1-1,,,,,,1,,,,35.705489,139.491124,
535,E1321100001201,東京都立小金井公園,東京都小金井市関野町1-13-1,,,,1,,1,1,,,35.71539395,139.5090933,
536,E1321000009201,都立小金井公園,東京都小金井市関野町１など,,,,,,1,,,,35.715717,139.509567,
537,E1321000010201,上水公園運動施設,東京都小金井市桜町2-2-31,,,,1,,,,,,35.709173,139.505138,
538,E1321000011201,市立小金井第一中学校,東京都小金井市桜町2-3-15,,,,1,,,,,1,35.710493,139.503903,
539,E1321000012201,市立小金井第二小学校,東京都小金井市桜町2-3-58,,,,1,,,,,1,35.710418,139.5054,
540,E1321000013201,市立南小学校,東京都小金井市前原町2-2-1,,,,1,,,,,1,35.691464,139.513631,
541,E1321000015201,市立前原小学校,東京都小金井市前原町3-4-22,,,,1,,,,,1,35.694177,139.502075,
542,E1321000014201,都立武蔵野公園,東京都小金井市前原町２など,,,,,,1,,,,35.692314,139.516303,
543,E1321000016201,市立小金井第二中学校,東京都小金井市中町1-8-25,,,,1,,,,,1,35.695279,139.510841,
544,E1321000017201,栗山公園,東京都小金井市中町2-21,,,,,,1,,,,35.69833,139.521466,
545,E1321000018201,東京農工大学,東京都小金井市中町2-24-16,,,,,,1,,,,35.700452,139.517794,
546,E1321000019201,国際基督教大学高校,東京都小金井市東町1-1-1,,,,,,1,,,,35.690449,139.529229,
547,E1321000020201,市立東中学校,東京都小金井市東町1-5-33,,,,1,,,,,1,35.69053,139.525331,
548,E1321000022201,市立東小学校,東京都小金井市東町4-25-6,,,,1,,,,,1,35.698494,139.526914,
549,E1321000023201,市立小金井第一小学校,東京都小金井市本町1-1-6,,,,1,,,,,1,35.698376,139.510313,
550,E1321000024201,市立本町小学校,東京都小金井市本町5-29-21,,,,1,,,,,1,35.704364,139.50101,
551,E1321000025201,都立多摩科学技術高等学校,東京都小金井市本町6-8-9,,,,1,,,,,,35.700029,139.500101,
552,E1321000026201,市立緑中学校,東京都小金井市緑町2-11-47,,,,1,,,,,1,35.708562,139.519287,
553,E1321000027201,法政大学緑町グラウンド,東京都小金井市緑町3-11-15,,,,1,,,,,,35.710802,139.515604,
554,E1321000028201,市立緑小学校,東京都小金井市緑町4-15-39,,,,1,,,,,1,35.70915,139.516426,
555,E1321100002201,花小金井小学校,東京都小平市花小金井1-35-1,,,,1,,1,1,,1,35.72579688,139.5185766,
556,E1321100006201,小平第十一小学校,東京都小平市花小金井4-16-1,,,,1,,1,1,,1,35.73750946,139.5093933,
557,E1321100009201,小平第五小学校,東京都小平市花小金井6-24-1,,,,1,,1,1,,1,35.72799276,139.5100175,
558,E1321100011201,花小金井南中学校,東京都小平市花小金井南町1-9-1,,,,1,,1,1,,1,35.72125292,139.5116902,
559,E1321100014201,小平第三小学校,東京都小平市回田町118,,,,1,,1,1,,1,35.71471916,139.4922114,
560,E1321100015201,一橋大学グラウンド,東京都小平市学園西町1-29-1,,,,1,,1,1,,,35.71875824,139.4738208,
561,E1321100016201,小平第四中学校,東京都小平市学園西町1-3-1,,,,1,,1,1,,1,35.71767534,139.4777332,
562,E1321100017201,小平第四小学校,東京都小平市学園西町1-34-1,,,,1,,1,1,,1,35.7203634,139.4714985,
563,E1321100019201,学園東小学校,東京都小平市学園東町2-15-1,,,,1,,1,1,,1,35.72568032,139.4840318,
564,E1321100022201,小金井カントリー倶楽部,東京都小平市御幸町331,,,,1,,1,1,,,35.71659901,139.5065847,
565,E1321100024201,小平第十三小学校,東京都小平市小川西町1-22-1,,,,1,,1,1,,1,35.7356015,139.4534665,
566,E1321100026201,職業能力開発総合大学校グラウンド,東京都小平市小川西町2-32,,,,1,,1,1,,,35.73829014,139.4573678,
567,E1321100028201,東京障害者職業能力開発校グラウンド,東京都小平市小川西町2-34,,,,1,,1,1,,,35.7371429,139.4593752,
568,E1321100034201,小川西町防災広場（小川西グラウンド）,東京都小平市小川西町5-8-1,,,,1,,1,1,,,35.73395803,139.4558403,
569,E1321100036201,小平第一小学校,東京都小平市小川町1-1082,,,,1,,1,1,,1,35.72848252,139.4626401,
570,E1321100040201,上宿小学校,東京都小平市小川町1-327,,,,1,,1,1,,1,35.73085845,139.4412762,
571,E1321100041201,小平第十二小学校,東京都小平市小川町1-464,,,,1,,1,1,,1,35.72864939,139.4431989,
572,E1321100044201,東京都立小平西高校グラウンド,東京都小平市小川町1-502,,,,1,,1,1,,,35.7263395,139.4421116,
573,E1321100046201,小平第五中学校,東京都小平市小川町1-798,,,,1,,1,1,,1,35.72614759,139.451334,
574,E1321100047201,白梅学園グラウンド,東京都小平市小川町1-830,,,,1,,1,1,,,35.72530816,139.4504304,
575,E1321100048201,小平第十五小学校,東京都小平市小川町2-1136,,,,1,,1,1,,1,35.72650011,139.4660859,
576,E1321100050201,小平第二中学校,東京都小平市小川東町1-17-1,,,,1,,1,1,,1,35.73573029,139.4638601,
577,E1321100052201,小平第六小学校,東京都小平市小川東町3-1-2,,,,1,,1,1,,1,35.73458004,139.4659934,
578,E1321100053201,ブリヂストン南グラウンド,東京都小平市小川東町3-3,,,,1,,1,1,,,35.73459728,139.4689698,
579,E1321100054201,小平元気村おがわ東,東京都小平市小川東町4-2-1,,,,1,,1,1,,1,35.74043754,139.4736774,
580,E1321100055201,萩山公園グラウンド,東京都小平市小川東町4-4-1,,,,1,,1,1,,,35.73920013,139.4768944,
581,E1321100058201,創価学園第一グラウンド,東京都小平市上水新町2-20,,,,1,,1,1,,,35.72235573,139.4535324,
582,E1321100060201,上水中学校,東京都小平市上水南町1-7-1,,,,1,,1,1,,1,35.71402473,139.4816134,
583,E1321100063201,情報通信研究機構・東京サレジオ学園・　東京学芸大学一帯,東京都小平市上水南町4,,,,1,,1,1,,,35.70837575,139.4897375,
584,E1321100061201,情報通信研究機構テストフィールド,東京都小平市上水南町4-2,,,,1,,1,1,,,35.71158973,139.4878885,
585,E1321100065201,小平第十小学校,東京都小平市上水本町4-4-1,,,,1,,1,1,,1,35.71634917,139.4734236,
586,E1321100067201,けやき公園・東京都立小平南高校一帯,東京都小平市上水本町6,,,,1,,1,1,,,35.71090356,139.4739669,
587,E1321100066201,東京都立小平南高校グラウンド,東京都小平市上水本町6-21-1,,,,1,,1,1,,,35.71191803,139.4741519,
588,E1321400042201,けやき公園・小平南高校一帯,東京都小平市上水本町6-22-2,1,1,,1,,1,1,,,35.7108957393008,139.474876008812,
589,E1321100069201,小平第七小学校,東京都小平市大沼町1-22-1,,,,1,,1,1,,1,35.73543528,139.4950339,
590,E1321100071201,小平第六中学校,東京都小平市大沼町6-4-1,,,,1,,1,1,,1,35.73309144,139.5002421,
591,E1321100072201,中島町公園,東京都小平市中島町20,,,,1,,1,1,,,35.73116521,139.43263,
592,E1321100074201,東京都立小平高校グラウンド,東京都小平市仲町112,,,,1,,1,1,,,35.73398403,139.4840881,
593,E1321100076201,小平第二小学校,東京都小平市仲町310,,,,1,,1,1,,1,35.72740856,139.4911182,
594,E1321100077201,小平第十四小学校,東京都小平市仲町33,,,,1,,1,1,,1,35.73331587,139.4808428,
595,E1321100078201,小平第一中学校,東京都小平市仲町506,,,,1,,1,1,,1,35.72893175,139.4851156,
596,E1321100079201,中央公園,東京都小平市津田町1-1-1,,,,1,,1,1,,1,35.72240486,139.4615529,
597,E1321100081201,天神グラウンド,東京都小平市天神町4-12-1,,,,1,,1,1,,,35.72822451,139.4975176,
598,E1321100085201,小平第三中学校,東京都小平市鈴木町1-311,,,,1,,1,1,,1,35.72556881,139.5016765,
599,E1321100086201,小平第八小学校,東京都小平市鈴木町1-355,,,,1,,1,1,,1,35.71968326,139.501513,
600,E1321100088201,鈴木小学校,東京都小平市鈴木町1-450,,,,1,,1,1,,1,35.71880243,139.497659,
601,E1321100091201,小平第九小学校,東京都小平市鈴木町1-82,,,,1,,1,1,,1,35.72429811,139.4936264,
602,E1320700058201,国営昭和記念公園,東京都昭島市、郷地町・福島町,1,1,,1,,1,,,,35.712606,139.394635,
603,E1320700001201,昭島市立つつじが丘小学校,東京都昭島市つつじが丘2-1-30,1,1,,1,,,1,,1,35.716853,139.371215,
604,E1320700002201,昭島市立瑞雲中学校,東京都昭島市つつじが丘2-2-6,1,1,,1,,,1,,1,35.715403,139.37079,
605,E1320700040201,つつじが丘公園,東京都昭島市つつじが丘3-1,1,1,,1,,,1,,,35.714105,139.370142,
606,E1320700041201,アキシマエンシス,東京都昭島市つつじが丘3-3-15,1,1,,1,,,1,,1,35.711705,139.368967,
607,E1320700042201,昭島市民会館・公民館,東京都昭島市つつじが丘3-3-7,1,1,,1,,,1,,,35.713273,139.365836,
608,E1320700043201,むさしの公園,東京都昭島市もくせいの杜2-2,1,1,,1,,,1,,,35.718529,139.385284,
609,E1320700005201,昭島市立清泉中学校,東京都昭島市宮沢町1-9-1,1,1,,1,,,1,,1,35.706436,139.364838,
610,E1320700044201,多摩川緑地くじら運動公園,東京都昭島市宮沢町3-17,,1,,1,,1,1,,,35.695661,139.367754,
611,E1320700006201,昭島市立共成小学校,東京都昭島市郷地町2-6-1,,1,,1,,,1,,1,35.697774,139.382973,
612,E1320700045201,クリーンセンター,東京都昭島市郷地町3-3,,1,,1,,,1,,,35.692619,139.386658,
613,E1320700009201,昭島市立光華小学校,東京都昭島市昭和町4-5-13,1,1,,1,,,1,,1,35.710058,139.36429,
614,E1320700014201,昭島市立拝島第三小学校,東京都昭島市松原町3-12-15,1,1,,1,,,1,,1,35.716574,139.344044,
615,E1320700059201,昭島市立拝島第二小学校,東京都昭島市代官山1-6-7,1,1,,1,,,1,,1,35.719688,139.355699,
616,E1320700046201,上ノ台公園,東京都昭島市大神町2-4,1,1,,1,,,1,,,35.705776,139.356293,
617,E1320700047201,大神公園,東京都昭島市大神町4-24,,1,,1,,1,1,,,35.696149,139.361441,
618,E1320700016201,昭島市立成隣小学校,東京都昭島市大神町4-4-1,,1,,1,,,1,,1,35.698727,139.361145,
619,E1320700021201,昭島市立中神小学校,東京都昭島市朝日町5-8-5,1,1,,1,,,1,,1,35.705791,139.372757,
620,E1320700022201,昭島市立田中小学校,東京都昭島市田中町3-4-1,,1,,1,,,1,,1,35.700253,139.353549,
621,E1320700023201,昭島市立東小学校,東京都昭島市東町2-2-18,,1,,1,,1,1,,1,35.70372,139.389621,
622,E1320700024201,昭島市立昭和中学校,東京都昭島市東町2-6-22,,1,,1,,1,1,,1,35.704853,139.386113,
623,E1320700048201,昭和公園,東京都昭島市東町5-11-43,,1,,1,,1,1,,,35.702644,139.384598,
624,E1320700025201,昭島市立拝島第一小学校,東京都昭島市拝島町1-14-14,1,1,,1,,,1,,1,35.706434,139.344564,
625,E1320700050201,拝島自然公園,東京都昭島市拝島町4-22,,1,,1,,,1,,,35.700767,139.342057,
626,E1320700030201,昭島市立多摩辺中学校,東京都昭島市拝島町4-6-30,,1,,1,,,1,,1,35.702866,139.346,
627,E1320700051201,水鳥公園,東京都昭島市拝島町5-14,,1,,1,,,1,,,35.711587,139.333034,
628,E1320700031201,旧昭島市立拝島第四小学校,東京都昭島市拝島町5-6-30,,1,,1,,,1,,1,35.706046,139.338532,
629,E1320700052201,エコパーク,東京都昭島市美堀町3-14,1,1,,1,,,1,,,35.721863,139.354355,
630,E1320700053201,みほり広場,東京都昭島市美堀町3-2,1,1,,1,,,1,,,35.724987,139.357147,
631,E1320700033201,昭島市立武蔵野小学校,東京都昭島市武蔵野2-3-1,1,1,,1,,,1,,1,35.719584,139.379757,
632,E1320700054201,美ノ宮公園,東京都昭島市武蔵野2-4,1,1,,1,,,1,,,35.720287,139.380386,
633,E1320700035201,昭島市立玉川小学校,東京都昭島市福島町2-8-1,1,1,,1,,,1,,1,35.700825,139.37883,
634,E1320700036201,昭島市立福島中学校,東京都昭島市福島町3-20-1,,1,,1,,,1,,1,35.695183,139.377136,
635,E1320700037201,昭島市立富士見丘小学校,東京都昭島市福島町890,,1,,1,,,1,,1,35.70789,139.382675,
636,E1320700056201,緑ヶ丘公園,東京都昭島市緑町1-21,1,1,,1,,,1,,,35.712929,139.350924,
637,E1320700038201,昭島市立拝島中学校,東京都昭島市緑町2-2-12,1,1,,1,,,1,,1,35.712685,139.350119,
638,E1310400003201,おとめ山公園地区一帯,東京都新宿区下落合,,,,1,,1,,,,35.718228,139.701719,
639,E1310400012201,明治神宮外苑地区,東京都新宿区霞ヶ岳町,,,,1,,1,,,,35.677574,139.718297,
640,E1310400025201,早稲田大学早稲田キャンパス一帯,東京都新宿区戸塚町,,,,1,,1,,,,35.709045,139.721121,
641,E1310400044201,落合中央公園一帯,東京都新宿区上落合,,,,1,,1,,,,35.713384,139.693306,
642,E1310400058201,新宿中央公園・高層ビル群一帯,東京都新宿区西新宿,,,,1,,1,,,,35.689447,139.689571,
643,E1310400069201,哲学堂公園一帯,東京都新宿区西落合,,,,1,,1,,,,35.721122,139.675148,
644,E1310400080201,戸山公園一帯,東京都新宿区大久保,,,,1,,1,,,,35.705066,139.714415,
645,E1310400095201,新宿御苑,東京都新宿区内藤町,,,,1,,1,,,,35.684842,139.711762,
646,E1310400098201,迎賓館一帯,東京都新宿区南元町,,,,1,,1,,,,35.681146,139.728869,
647,E1310400099201,百人町三・四丁目地区,東京都新宿区百人町,,,,1,,1,,,,35.706059,139.695969,
648,E1336300001201,新島村津波避難タワー,東京都新島村本村1-374-2,,,,,1,,,,,34.375782578124,139.256157128991,
649,E1336400001201,都立神津高等学校校庭,東京都神津島村1620,,1,1,1,1,1,,,1,34.202662,139.134256,
650,E1336400002201,神津島村立神津中学校校庭,東京都神津島村1741,,1,1,1,1,1,,,,34.20101,139.135687,
651,E1336400003201,物忌奈命神社境内,東京都神津島村41,,,1,1,1,1,,,,34.208406,139.134449,
652,E1336400004201,神津島村立神津小学校校庭,東京都神津島村807,,,1,1,1,1,,,,34.205975,139.138707,
653,E1336400005201,はまゆう保育園園庭,東京都神津島村902,,1,1,1,1,1,,,,34.205747,139.13488,
654,E1336400006201,神津島村多目的広場,東京都神津島村字榎ヶ沢3,,1,1,1,1,1,,,,34.203313,139.151813,
655,E1336400007201,神津島村ヘリポート,東京都神津島村字鴎穴157,,1,1,1,1,1,,,,34.198865,139.126855,
656,E1330300001201,武蔵野コミュニティセンター,東京都瑞穂町むさし野1-5,1,1,,1,,1,1,1,,35.7614985620997,139.339655999975,
657,E1330300002201,あすなろ児童館,東京都瑞穂町大字石畑1837,1,1,,1,,1,1,1,,35.7692981284087,139.356211428904,
658,E1330300003201,町民会館,東京都瑞穂町大字石畑1875,1,1,,1,,1,1,1,,35.7716391779132,139.354693890414,
659,E1330300011201,元狭山コミュニティセンター,東京都瑞穂町大字二本木673-1,1,1,,1,,1,1,1,,35.7908796057955,139.355475664076,
660,E1330300013201,長岡コミュニティセンター,東京都瑞穂町大字箱根ケ崎1180,1,1,,1,,1,1,1,,35.7808780778634,139.33715576573,
661,E1311500001201,阿佐ヶ谷中学校,東京都杉並区阿佐谷南1-17-3,1,1,,1,,1,1,,1,35.700321509478,139.63627683339,
662,E1311500002201,杉並第六小学校,東京都杉並区阿佐谷南1-24-21,,,,1,,1,,,1,35.701799217281,139.64320852958,
663,E1311500003201,杉並第七小学校,東京都杉並区阿佐谷南3-19-2,,,,1,,1,,,1,35.703190735384,139.63124052957,
664,E1311500004201,阿佐谷地域区民センター,東京都杉並区阿佐谷北1-1-1,1,1,,1,,1,1,,1,35.705338,139.641225,
665,E1311500005201,杉並第一小学校,東京都杉並区阿佐谷北1-5-27,1,1,,1,,1,1,,1,35.705968224218,139.63682228645,
666,E1311500006201,杉森中学校,東京都杉並区阿佐谷北5-45-24,,,,1,,1,,,1,35.711945522401,139.64125000832,
667,E1311500007201,八成小学校,東京都杉並区井草2-25-4,,,,1,,1,,,1,35.728304204983,139.61927901721,
668,E1311500009201,永福小学校,東京都杉並区永福2-16-33,1,1,,1,,1,1,,1,35.673273344374,139.63888956918,
669,E1311500010201,西田小学校,東京都杉並区荻窪1-38-15,,,,1,,1,,,1,35.694524673334,139.62256702943,
670,E1311500011201,松溪中学校,東京都杉並区荻窪2-3-1,1,1,,1,,1,1,,1,35.69651172749,139.62222560789,
671,E1311500013201,桃井第二小学校,東京都杉並区荻窪5-10-25,,,,1,,1,,,1,35.701486449732,139.617277222,
672,E1311500014201,東原中学校,東京都杉並区下井草1-28-5,,,,1,,1,,,1,35.717667427736,139.63037899282,
673,E1311500015201,桃井第五小学校,東京都杉並区下井草4-22-4,,,,1,,1,,,1,35.722127254956,139.61940968623,
674,E1311500016201,中瀬中学校,東京都杉並区下井草4-3-29,1,1,,1,,1,1,,1,35.719512986472,139.6193035674,
675,E1311500017201,井草地域区民センター,東京都杉並区下井草5-7-22,1,1,,1,,1,1,,1,35.72085425537,139.61650013799,
676,E1311500018201,下高井戸おおぞら公園,東京都杉並区下高井戸2-28-23,,,,1,,1,,,,35.671368159941,139.63712221433,
677,E1311500019201,向陽中学校,東京都杉並区下高井戸3-24-1,,,,1,,1,,,1,35.673308188969,139.63457314583,
678,E1311500020201,高井戸第三小学校,東京都杉並区下高井戸4-16-24,1,1,,1,,1,1,,1,35.671500955664,139.63065519581,
679,E1311500021201,塚山公園,東京都杉並区下高井戸5-23-12,,,,1,,1,,,,35.675352436037,139.62514211467,
680,E1311500084201,富士見丘小学校,東京都杉並区久我山2-19-1,,,,1,,1,,,1,35.683102,139.605133,
681,E1311500023201,久我山会館,東京都杉並区久我山3-23-20,1,1,,,,,1,,1,35.686631449452,139.59937159504,
682,E1311500024201,高井戸第二小学校,東京都杉並区久我山4-49-1,,,,1,,1,,,1,35.691604461769,139.5997142234,
683,E1311500025201,久我山小学校,東京都杉並区久我山5-18-7,,,,1,,1,,,1,35.686581493205,139.60642274358,
684,E1311500026201,宮前中学校,東京都杉並区宮前2-12-1,,,,1,,1,,,1,35.693334579479,139.6109339696,
685,E1311500027201,荻窪小学校,東京都杉並区宮前2-13-18,1,1,,1,,1,1,,1,35.694862544026,139.61178355906,
686,E1311500029201,西宮中学校,東京都杉並区宮前5-1-25,,,,1,,1,,,1,35.692269603459,139.60215342299,
687,E1311500030201,高井戸小学校,東京都杉並区高井戸西2-2-1,1,1,,1,,1,1,,1,35.68412765985,139.61428421342,
688,E1311500031201,高井戸東小学校,東京都杉並区高井戸東1-12-1,1,1,,1,,1,1,,1,35.680078705238,139.6200667314,
689,E1311500033201,高井戸中学校,東京都杉並区高井戸東1-28-1,,,,1,,1,,,1,35.681079822978,139.62293261594,
690,E1311500034201,高井戸地域区民センター,東京都杉並区高井戸東3-7-5,1,1,,1,,1,1,,1,35.683776797854,139.61663187238,
691,E1311500035201,杉並第三小学校,東京都杉並区高円寺南1-15-13,1,1,,1,,1,1,,1,35.700014097561,139.65647198891,
692,E1311500087201,ふらっとすぎはち,東京都杉並区高円寺南2-40-24,,,,1,,1,,,1,35.701359,139.651471,
693,E1311500037201,高円寺学園,東京都杉並区高円寺北1-4-11,,,,1,,1,,,1,35.707038970367,139.65511692778,
694,E1311500085201,旧杉並第四小学校,東京都杉並区高円寺北2-14-13,,,,1,,1,,,1,35.706593,139.653627,
695,E1311500039201,馬橋小学校,東京都杉並区高円寺北4-28-5,,,,1,,1,,,1,35.708422575592,139.64350788764,
696,E1311500040201,馬橋公園,東京都杉並区高円寺北4-35-5,,,,1,,1,,,,35.709617837759,139.64379446182,
697,E1311500041201,井荻中学校,東京都杉並区今川2-13-24,,,,1,,1,,,1,35.718067689126,139.61052296386,
698,E1311500042201,松ノ木小学校,東京都杉並区松ノ木1-2-26,,,,1,,1,,,1,35.686707635274,139.64269108447,
699,E1311500043201,松ノ木中学校,東京都杉並区松ノ木1-4-1,1,1,,1,,1,1,,1,35.686458400105,139.64127105232,
700,E1311500044201,松庵小学校,東京都杉並区松庵2-23-24,,,,1,,1,,,1,35.700470122026,139.59282945073,
701,E1311500045201,四宮小学校,東京都杉並区上井草2-12-26,1,1,,1,,1,1,,1,35.721110510543,139.60988168316,
702,E1311500046201,三谷小学校,東京都杉並区上井草3-14-12,,,,1,,1,,,1,35.719849647978,139.60183917304,
703,E1311500047201,井草中学校,東京都杉並区上井草3-20-11,,,,1,,1,,,1,35.721788531398,139.6031571979,
704,E1311500049202,富士見丘中学校,東京都杉並区上高井戸2-16-13,,,,1,,1,,,1,35.679455,139.607043,
705,E1311500050201,杉並第二小学校,東京都杉並区成田西3-4-1,1,1,,1,,1,1,,1,35.692916604764,139.63157623062,
706,E1311500051201,東田小学校,東京都杉並区成田東1-21-1,1,1,,1,,1,1,,1,35.691057625384,139.63902044892,
707,E1311500052201,東田中学校,東京都杉並区成田東3-19-17,,,,1,,1,,,1,35.694341229826,139.63468823579,
708,E1311500053201,沓掛小学校,東京都杉並区清水3-1-9,,,,1,,1,,,1,35.71660622782,139.62050499237,
709,E1311500054201,高井戸第四小学校,東京都杉並区西荻南1-8-16,,,,1,,1,,,1,35.698311281308,139.60183334971,
710,E1311500055201,桃井第三小学校,東京都杉並区西荻北2-10-7,1,1,,1,,1,1,,1,35.705223352231,139.6018847074,
711,E1311500056201,井荻小学校,東京都杉並区善福寺1-10-19,,,,1,,1,,,1,35.711128994099,139.59603350725,
712,E1311500057201,荻窪中学校,東京都杉並区善福寺1-8-3,1,1,,1,,1,1,,1,35.710314960983,139.59713217882,
713,E1311500058201,桃井第四小学校,東京都杉並区善福寺3-3-5,,,,1,,1,,,1,35.716792739949,139.59410222116,
714,E1311500059201,天沼小学校,東京都杉並区天沼2-46-3,,,,1,,1,,,1,35.710904589057,139.62293281037,
715,E1311500060201,旧若杉小学校,東京都杉並区天沼3-15-20,,,,1,,1,,,1,35.708113558313,139.61852869058,
716,E1311500061201,桃井第一小学校,東京都杉並区桃井2-6-1,,,,1,,1,,,1,35.711966998693,139.60854438101,
717,E1311500062201,西荻地域区民センター,東京都杉並区桃井4-3-2,1,1,,1,,1,1,,1,35.71264346516,139.60217854901,
718,E1311500086201,大宮前体育館,東京都杉並区南荻窪2-1-1,,,,1,,1,,,1,35.696781,139.61054,
719,E1311500063201,神明中学校,東京都杉並区南荻窪2-37-28,,,,1,,1,,,1,35.700424105187,139.60895493035,
720,E1311500083203,高円寺地域区民センター,東京都杉並区梅里1-22-32,1,1,,1,,1,1,,1,35.697055,139.653723,
721,E1311500064201,浜田山小学校,東京都杉並区浜田山4-23-1,,,,1,,1,,,1,35.685039852686,139.62881389687,
722,E1311500065201,方南小学校,東京都杉並区方南1-52-14,1,1,,1,,1,1,,1,35.6796697771,139.65867175494,
723,E1311500066201,大宮小学校,東京都杉並区堀ノ内1-12-16,,,,1,,1,,,1,35.683334739568,139.649949452,
724,E1311500067201,大宮中学校,東京都杉並区堀ノ内1-16-38,1,1,,1,,1,1,,1,35.686377491052,139.64889151906,
725,E1311500068201,済美小学校,東京都杉並区堀ノ内1-17-24,,,,1,,1,,,1,35.685528668131,139.65002882363,
726,E1311500071201,泉南中学校,東京都杉並区堀ノ内1-3-1,1,1,,1,,1,1,,1,35.684599469361,139.65518492373,
727,E1311500072201,堀之内小学校,東京都杉並区堀ノ内3-24-11,1,1,,1,,1,1,,1,35.692844698919,139.64718396107,
728,E1311500073201,杉並第九小学校,東京都杉並区本天沼1-2-19,,,,1,,1,,,1,35.713266123388,139.63346152149,
729,E1311500074201,天沼中学校,東京都杉並区本天沼3-10-20,,,,1,,1,,,1,35.712025910593,139.62139796329,
730,E1311500075201,旧新泉小学校,東京都杉並区和泉1-44-26,,,,1,,1,,,1,35.67569161816,139.65650625004,
731,E1311500076201,杉並和泉学園,東京都杉並区和泉2-17-14,,,,1,,1,,,1,35.674544,139.648754,
732,E1311500077201,永福和泉地域区民センター,東京都杉並区和泉3-8-18,1,1,,1,,1,1,,1,35.675601834097,139.64607255582,
733,E1311500079201,和田中学校,東京都杉並区和田2-21-8,,,,1,,1,,,1,35.690248112175,139.65868504813,
734,E1311500080201,和田小学校,東京都杉並区和田2-30-21,1,1,,1,,1,1,,1,35.690707148568,139.65743264375,
735,E1311500081201,高南中学校,東京都杉並区和田3-40-10,,,,1,,1,,,1,35.69540507489,139.65761206627,
736,E1311500082201,杉並第十小学校,東京都杉並区和田3-55-49,,,,1,,1,,,1,35.697387570474,139.65750174703,
737,E1311200001201,駒澤大学玉川校舎,東京都世田谷区宇奈根1-1-1,1,,,,,,,,,35.617869147311,139.60855957553,
738,E1311200005201,九品仏小学校,東京都世田谷区奥沢8-12-1,1,,,,,,,,1,35.603263229885,139.66008102057,
739,E1311200006201,聖ドミニコ学園,東京都世田谷区岡本1-10-1,1,,,,,,,,,35.624166964989,139.62115284529,
740,E1311200007201,岡本地区会館,東京都世田谷区岡本1-25-4,,1,,,,,,,,35.625031158611,139.61947822306,
741,E1311200009201,下馬地区会館,東京都世田谷区下馬4-13-4,1,,,,,,1,,,35.6359803844,139.67904549387,
742,E1311200011201,鎌田区民集会所,東京都世田谷区鎌田2-1-24,1,,,,,,,,,35.61703543666,139.6133540628,
743,E1311200012201,ゆうぽうと世田谷レクセンター,東京都世田谷区鎌田2-17-1,1,,,,,,,,,35.619706472855,139.61050932847,
744,E1311200013201,砧南中学校,東京都世田谷区鎌田3-13-20,1,,,,,,,,1,35.621157908732,139.61319814454,
745,E1311200129201,鎌田区民センター,東京都世田谷区鎌田3-35-1,1,,,,,,,,,35.622051,139.613922,
746,E1311200017201,砧小学校,東京都世田谷区喜多見6-9-1,1,,,,,,,,1,35.631761594684,139.60524469628,
747,E1311200018201,喜多見地区会館,東京都世田谷区喜多見8-23-23,,1,,,,,,,,35.637051522486,139.58977670555,
748,E1311200019201,大蔵地区会館,東京都世田谷区砧3-5-6,,1,,,,,,,,35.634896178004,139.61082515445,
749,E1311200020201,山野小学校,東京都世田谷区砧6-7-1,1,,,,,,,,1,35.643416322918,139.61300586896,
750,E1311200025201,八幡小学校,東京都世田谷区玉川田園調布2-17-15,1,,,,,,,,1,35.602780166825,139.66689523853,
751,E1311200029201,経堂地区会館,東京都世田谷区経堂3-37-13,1,,,,,,1,,,35.651807050787,139.63212434175,
752,E1311200033201,桜木中学校　（体育館、柔道場及びプール横更衣室棟）,東京都世田谷区桜1-48-15,1,1,,,,,1,,1,35.645801,139.64237,
753,E1311200047201,上祖師谷地区会館,東京都世田谷区上祖師谷4-5-6,1,,,,,,1,,,35.653584776097,139.59665788697,
754,E1311200049201,上馬地区会館,東京都世田谷区上馬4-10-17,1,,,,,,1,,,35.635050210003,139.66253108072,
755,E1311200050201,上北沢区民センター,東京都世田谷区上北沢3-8-9,1,,,,,,1,,,35.66755828741,139.62563950018,
756,E1311200058201,都立園芸高校,東京都世田谷区深沢5-38-1,1,,,,,,,,,35.619072737442,139.64771264047,
757,E1311200059201,都立深沢高校,東京都世田谷区深沢7-3-14,1,,,,,,,,,35.623325,139.647847,
758,E1311200061202,瀬田小学校,東京都世田谷区瀬田2-15-1,1,,,,,,,,1,35.618723307049,139.63158643694,
759,E1311200062201,瀬田中学校,東京都世田谷区瀬田2-17-1,,1,,,,,,,1,35.618427474504,139.63293391728,
760,E1311200062202,瀬田中学校,東京都世田谷区瀬田2-17-1,1,,,,,,,,1,35.618453,139.632776,
761,E1311200063201,瀬田地区会館,東京都世田谷区瀬田4-18-11,,1,,,,,,,,35.621371073071,139.62729602239,
762,E1311200064201,砧中学校,東京都世田谷区成城1-10-1,1,,,,,,,,1,35.633797790342,139.60101936535,
763,E1311200065201,成城さくら児童館,東京都世田谷区成城3-18-23,,1,,,,,,,,35.634114838659,139.59762691202,
764,E1311200066201,明正小学校,東京都世田谷区成城3-3-1,1,,,,,,,,1,35.635444061874,139.599078492,
765,E1311200067201,砧総合支所集会室等,東京都世田谷区成城6-2-1,1,1,,,,,,,,35.641003,139.601028,
766,E1311200067202,砧総合支所成城ホール,東京都世田谷区成城6-2-1,1,,,,,,,,,35.641239597376,139.60070572596,
767,E1311200069201,千歳小学校,東京都世田谷区成城9-6-1,1,,,,,,,,1,35.65165457912,139.59809671258,
768,E1311200072201,松沢区民集会所,東京都世田谷区赤堤5-31-5,1,,,,,,1,,,35.665479991833,139.63827622605,
769,E1311200079201,希望丘複合施設（区民集会所）,東京都世田谷区船橋6-25-1,1,,,,,,,,1,35.658998849109,139.62074074005,
770,E1311200128201,千歳温水プール,東京都世田谷区船橋7-9-1,1,,,,,,,,,35.659175,139.616171,
771,E1311200080201,祖師谷小学校,東京都世田谷区祖師谷3-49-1,1,,,,,,,,1,35.645849155239,139.60480054765,
772,E1311200085201,池之上青少年会館,東京都世田谷区代沢2-37-18,,1,,,,,,,,35.659373900081,139.67333789997,
773,E1311200090201,区立総合運動場体育館,東京都世田谷区大蔵4-6-1,1,,,,,,,,,35.630374576827,139.61234221222,
774,E1311200091201,区立大蔵第二運動場体育館,東京都世田谷区大蔵4-7-1,1,,,,,,,,,35.631580058536,139.61477050952,
775,E1311200092201,氷川神社,東京都世田谷区大蔵6-6-7,1,,,,,,,,,35.625088027757,139.61151037309,
776,E1311200094201,池尻区民集会所,東京都世田谷区池尻3-27-21,1,1,,,,,1,,,35.649828337522,139.67872221134,
777,E1311200095201,玉川小学校,東京都世田谷区中町2-29-1,,1,,,,,,,1,35.610838458833,139.64353964407,
778,E1311200095202,玉川小学校,東京都世田谷区中町2-29-1,1,,,,,,,,1,35.610887,139.643714,
779,E1311200096201,上野毛地区会館,東京都世田谷区中町2-33-11,,1,,,,,,,,35.611442727038,139.64103024747,
780,E1311200097201,玉川中学校,東京都世田谷区中町4-21-1,1,,,,,,,,1,35.616800520747,139.64341619408,
781,E1311200098201,中町小学校,東京都世田谷区中町4-23-1,1,,,,,,,,1,35.617317929537,139.64256528675,
782,E1311200099201,尾山台地区会館,東京都世田谷区等々力2-17-14,,1,,,,,,,,35.60576313317,139.65238619563,
783,E1311200100201,玉川区民会館,東京都世田谷区等々力3-4-1,1,,,,,,,,,35.60856420098,139.6485161892,
784,E1311200105201,烏山区民センター,東京都世田谷区南烏山6-2-19,1,,,,,,1,,,35.668834960124,139.60052123181,
785,E1311200112201,尾山台小学校,東京都世田谷区尾山台3-11-1,,1,,,,,,,1,35.604624,139.654416,
786,E1311200112202,尾山台小学校,東京都世田谷区尾山台3-11-1,1,,,,,,,,1,35.604674833463,139.65422781415,
787,E1311200113201,尾山台中学校,東京都世田谷区尾山台3-27-23,1,,,,,,,,1,35.605889839164,139.65593502151,
788,E1311200116201,北沢タウンホール,東京都世田谷区北沢2-8-18,1,,,,,,1,,,35.662181470323,139.66970892617,
789,E1322100001201,第三中学校,東京都清瀬市旭が丘1-262,1,1,,1,,1,1,1,1,35.7915559486086,139.534844320079,
790,E1322100002201,清明小学校,東京都清瀬市旭が丘2-8-1,1,1,,1,,1,1,1,1,35.7967435229236,139.53967340727,
791,E1322100003201,下宿運動公園,東京都清瀬市下宿2-524-1,,1,,1,,1,1,1,1,35.7981057695744,139.533759609845,
792,E1322100004201,下宿第二運動公園,東京都清瀬市下宿2-579-4,,1,,1,,1,1,1,,35.8015757271055,139.536484885875,
793,E1322100005201,清瀬内山運動公園,東京都清瀬市下宿3-1375,,1,,1,,1,1,1,,35.8034014758972,139.540525711087,
794,E1322100006201,コミュニティプラザひまわり,東京都清瀬市下清戸1-212-4,1,1,,1,,1,1,1,1,35.7781373010041,139.538744724311,
795,E1322100009201,芝山小学校,東京都清瀬市元町2-16-8,1,1,,1,,1,1,1,1,35.7752608614716,139.51129271693,
796,E1322100011201,都立清瀬高等学校,東京都清瀬市松山3-1-56,1,1,,1,,,1,1,,35.7696858772287,139.515077950064,避難場所はグラウンド・多目的コート・テニスコート
797,E1322100012201,第七小学校,東京都清瀬市松山3-1-92,1,1,,1,,1,1,1,1,35.7680265681539,139.512667651138,
798,E1322100013201,都立清瀬特別支援学校,東京都清瀬市松山3-1-97,1,1,,1,,1,1,1,,35.7687396867241,139.511247801381,避難場所は運動場
799,E1322100017201,第三小学校,東京都清瀬市竹丘1-15-4,1,1,,1,,1,1,1,1,35.7684437679506,139.510187059995,
800,E1322100040201,日本社会事業大学,東京都清瀬市竹丘3-1-30,1,1,,1,,1,1,1,,35.7664324035094,139.506681506446,避難場所は管理棟前通路および駐車場
801,E1322100019201,都職員共済組合清瀬運動場,東京都清瀬市竹丘3-10-5,1,1,,1,,1,1,1,,35.7633151639316,139.502957701243,
802,E1322100020201,竹丘公園,東京都清瀬市竹丘3-691-6,1,1,,1,,1,1,1,,35.7647970731855,139.505683628992,
803,E1322100021201,第十小学校,東京都清瀬市中清戸1-454-14,1,1,,1,,1,1,1,1,35.7751807887572,139.527914415725,
804,E1322100022201,神山公園,東京都清瀬市中清戸3-235,1,1,,1,,1,1,1,,35.7759295876855,139.531106291294,
805,E1322100024201,第五中学校,東京都清瀬市中清戸3-258-1,1,1,,1,,1,1,1,1,35.7750170723625,139.533818111963,
806,E1322100025201,第八小学校,東京都清瀬市中清戸4-1070,1,1,,1,,1,1,1,1,35.7873828710735,139.531020897191,
807,E1322100027201,第四小学校,東京都清瀬市中里2-1471,1,1,,1,,1,1,1,1,35.7827983218172,139.509670123018,
808,E1322100029201,金山緑地公園,東京都清瀬市中里4-650,,,,1,,1,1,1,,35.7888435996726,139.522269213977,
809,E1322100041201,清瀬花の里公園,東京都清瀬市中里5-1-16,1,1,,1,,1,1,1,,35.790096,139.531357,
810,E1322100030201,清瀬中学校,東京都清瀬市中里5-624,1,1,,1,,1,1,1,1,35.7848735829937,139.524871908779,
811,E1322100031201,清瀬小学校,東京都清瀬市中里5-741,1,1,,1,,1,1,1,1,35.7852478516723,139.525699260668,
812,E1322100032201,国立看護大学校,東京都清瀬市梅園1-2-1,1,1,,1,,,1,1,,35.7740395422939,139.508166339073,避難場所は校内グラウンド
813,E1322100033201,中央公園,東京都清瀬市梅園1-613,1,1,,1,,1,1,1,,35.7738183827678,139.510489821126,
814,E1322100034201,第二中学校,東京都清瀬市梅園2-9-15,1,1,,1,,1,1,1,1,35.7730771495938,139.50502542228,
815,E1322100035201,第六小学校,東京都清瀬市梅園2-9-45,1,1,,1,,1,1,1,1,35.7717471590102,139.504550120573,
816,E1322100036201,東星学園,東京都清瀬市梅園3-14-47,1,1,,1,,1,1,1,,35.7741692063984,139.501770187178,避難場所は体育館前校庭
817,E1322100038201,明治薬科大学清瀬キャンパス,東京都清瀬市野塩2-522-1,,,,1,,,,,,35.7815510747247,139.506481064943,避難場所は正門アクセスモール
818,E1322100039201,第四中学校,東京都清瀬市野塩3-2-3,1,1,,1,,1,1,1,1,35.7787504962968,139.507803192263,
819,E1322900002201,中原小学校,東京都西東京市ひばりが丘2-6-25,1,1,,1,,,,,1,35.7470296022302,139.537563166706,
820,E1322900004201,ひばりが丘総合運動場,東京都西東京市ひばりが丘3-1,,,,1,,,,,,35.7448602276362,139.537664692835,
821,E1322900006201,ひばりが丘中学校,東京都西東京市ひばりが丘3-2-42,1,1,,1,,,,,1,35.7424612941545,139.535022707726,
822,E1322900007201,栄小学校,東京都西東京市栄町2-10-9,1,1,,1,,,,,1,35.7521462934626,139.553019682243,
823,E1322900008201,保谷第一小学校,東京都西東京市下保谷1-4-4,1,1,,1,,,,,1,35.7498516103267,139.557903497055,
824,E1322900012201,東京都立田無工科高等学校,東京都西東京市向台町1-9-1,1,1,,1,,,,,1,35.7203900645403,139.548614785908,
825,E1322900013201,向台小学校,東京都西東京市向台町2-1-1,1,1,,1,,,,,1,35.7222661531975,139.539586552524,
826,E1322900014201,田無第四中学校,東京都西東京市向台町2-14-9,1,1,,1,,,,,1,35.7197406311757,139.540652153186,
827,E1322900015201,向台公園,東京都西東京市向台町2-5,,,,1,,,,,,35.7206182613029,139.542364077545,
828,E1322900016201,向台調節池,東京都西東京市向台町5-4,,,,1,,,,,,35.721935979768,139.52973801237,
829,E1322900017201,東京都立田無高等学校,東京都西東京市向台町5-4-34,1,,,1,,,,,1,35.7200804280311,139.529054373526,
830,E1322900018201,都立小金井公園,東京都西東京市向台町6-4,,,,1,,1,,,,35.7185281206907,139.52390252903,
831,E1322900019201,上向台小学校,東京都西東京市向台町6-7-28,1,1,,1,,,,,1,35.7207385671727,139.525642081678,
832,E1322900021201,芝久保調節池,東京都西東京市芝久保町1-18,,,,1,,,,,,35.7231082835055,139.524653398562,
833,E1322900022201,芝久保小学校,東京都西東京市芝久保町3-7-1,1,1,,1,,,,,1,35.7288086950752,139.52279470004,
834,E1322900024201,けやき小学校,東京都西東京市芝久保町5-7-1,,1,,1,,,,,1,35.7344055383291,139.525966472957,
835,E1322900026201,住吉小学校,東京都西東京市住吉町5-2-1,1,1,,1,,,,,1,35.7459106437714,139.553101463123,
836,E1322900027201,東京都立保谷高等学校,東京都西東京市住吉町5-8-23,,1,,1,,,,,1,35.7458150424731,139.555366584525,
837,E1322900029201,学校法人武蔵野大学,東京都西東京市新町1-1-20,,1,,1,,,,,1,35.7178034533718,139.548500785368,
838,E1322900030201,岩倉高等学校総合運動場,東京都西東京市新町2-3-27,,,,1,,,,,,35.7156698725941,139.542920986408,
839,E1322900032201,田無第三中学校,東京都西東京市西原町3-4-1,1,1,,1,,,,,1,35.7348696163121,139.531091616146,
840,E1322900033201,西原自然公園,東京都西東京市西原町4-5,,,,1,,,,,,35.7372828892616,139.52961333115,
841,E1322900034201,学校法人日本文華学園,東京都西東京市西原町4-5-85,,1,,1,,,,,1,35.7382225112713,139.530167925377,
842,E1322900036201,泉小わくわく公園,東京都西東京市泉町3-6,,,,1,,,,,,35.7409587689936,139.553299643647,
843,E1322900037201,谷戸第二小学校,東京都西東京市谷戸町1-17-27,1,1,,1,,,,,1,35.7414805909626,139.5451589383,
844,E1322900038201,谷戸せせらぎ公園,東京都西東京市谷戸町1-22,,,,1,,,,,,35.7430962929606,139.54439022995,
845,E1322900039201,谷戸イチョウ公園,東京都西東京市谷戸町2-12,,,,1,,,,,,35.7478089170037,139.54230556286,
846,E1322900042201,碧山小学校,東京都西東京市中町5-11-4,,1,,1,,,,,1,35.7383688600361,139.562984889926,
847,E1322900044201,田無小学校,東京都西東京市田無町4-5-21,1,1,,1,,,,,1,35.7287893640005,139.537692156229,
848,E1322900046201,明保中学校,東京都西東京市東町1-1-24,1,1,,1,,,,,1,35.7429655673084,139.56296898856,
849,E1322900047201,文理台公園,東京都西東京市東町1-4,,,,1,,1,,,,35.7440153782936,139.561814551066,
850,E1322900049201,東小学校,東京都西東京市東町6-2-33,1,1,,1,,,,,1,35.7418302237135,139.564043204406,
851,E1322900050201,都立東伏見公園,東京都西東京市東伏見1,,,,1,,1,,,,35.7280056699332,139.557505509392,
852,E1322900052201,早稲田大学東伏見キャンパス東伏見総合グランド,東京都西東京市東伏見2-7,,,,1,,,,,,35.726634291069,139.564563795927,
853,E1322900054201,東伏見小学校,東京都西東京市東伏見6-1-28,,,,1,,,,,1,35.7260181013966,139.559344345992,
854,E1322900056201,柳沢小学校,東京都西東京市南町2-12-37,1,1,,1,,,,,1,35.722249897947,139.547625789208,
855,E1322900060201,田無第一中学校,東京都西東京市南町6-9-37,1,1,,1,,,,,1,35.7245450347916,139.531668023885,
856,E1322900064201,本町小学校,東京都西東京市保谷町1-14-23,1,1,,1,,,,,1,35.7327145119516,139.555580974223,
857,E1322900065201,保谷中学校,東京都西東京市保谷町1-17-4,1,1,,1,,,,,1,35.733491475856,139.556489526699,
858,E1322900066201,保谷小学校,東京都西東京市保谷町1-3-35,1,1,,1,,,,,1,35.7373436580988,139.55487177229,
859,E1322900069201,田無第二中学校,東京都西東京市北原町2-9-1,1,1,,1,,,,,1,35.7383577292096,139.545014808894,
860,E1322900070201,青嵐中学校,東京都西東京市北町2-13-17,1,1,,1,,,,,1,35.7563682430125,139.556344611178,
861,E1322900071201,柳沢中学校,東京都西東京市柳沢3-8-22,1,1,,1,,,,,1,35.7205784253939,139.552530234253,
862,E1322900072201,保谷第二小学校,東京都西東京市柳沢4-2-11,1,1,,1,,,,,1,35.7202384322401,139.550325075702,
863,E1322900073201,ＭＵＦＧ　ＰＡＲＫ,東京都西東京市柳沢4-4,,,,1,,,,,,35.7191119351205,139.550397977158,
864,E1322900075201,国立大学法人東京大学大学院　農学生命科学研究科附属生態調和農学機構,東京都西東京市緑町1-1-1,,,,1,,1,,,,35.7357501977165,139.539998933462,
865,E1322900076201,国立大学法人東京大学大学院　農学生命科学研究科　附属田無演習林,東京都西東京市緑町1-1-8,,,,1,,1,,,,35.7371215108637,139.537185684859,
866,E1322900079201,谷戸小学校,東京都西東京市緑町3-1-1,1,1,,1,,,,,1,35.7403433860415,139.542807234414,
867,E1322900080201,西東京いこいの森公園,東京都西東京市緑町3-2,,,,1,,1,,,,35.7405441425686,139.539772473201,
868,E1320500001201,河辺町南自治会館（駐車場）,東京都青梅市河辺町2-1026,,,,1,,1,,,,35.77965392,139.2838308,
869,E1320500002201,総合体育館（体育館）,東京都青梅市河辺町4-16-1,1,1,,1,,1,1,,1,35.780694,139.284362,
870,E1320500003201,市立河辺小学校（グラウンド）,東京都青梅市河辺町5-24,,,,1,,1,,,1,35.781846,139.287824,
871,E1320500003202,市立河辺小学校（校舎・体育館）,東京都青梅市河辺町5-24,1,1,,,,,1,,1,35.78213303,139.2884431,
872,E1320500004202,河辺市民センター（庁舎・体育館）,東京都青梅市河辺町6-18-1,1,1,,,,,1,,1,35.778539,139.293645,
873,E1320500004201,河辺市民センター（駐車場）,東京都青梅市河辺町6-18-1,,,,1,,1,,,1,35.778733,139.293173,
874,E1320500005201,わかぐさ公園（グラウンド）,東京都青梅市河辺町8-14-3,,,,1,,1,,,,35.78313279,139.296582,
875,E1320500006201,駒木町１丁目運動広場（グラウンド）,東京都青梅市駒木町1-9-1,,,,1,,1,,,,35.782171,139.254721,
876,E1320500007201,御岳運動広場（グラウンド）,東京都青梅市御岳1-115,,,,1,,1,,,,35.79894657,139.1813832,
877,E1320500008201,御岳山ふれあいセンター（グラウンド）,東京都青梅市御岳山38-2,,,,1,,1,,,1,35.78678353,139.150838,
878,E1320500008202,御岳山ふれあいセンター（体育館）,東京都青梅市御岳山38-2,1,1,,,,,1,,1,35.78687492,139.1507737,
879,E1320500009201,御岳本町児童遊園（グラウンド）,東京都青梅市御岳本町167-1,,,,1,,1,,,,35.80061508,139.1780786,
880,E1320500010201,御岳本町運動広場（グラウンド）,東京都青梅市御岳本町224-3,,,,1,,1,,,,35.801804,139.178911,
881,E1320500011201,黒沢中央運動広場（グラウンド）,東京都青梅市黒沢2-991-1,,,,1,,1,,,,35.81238535,139.258862,
882,E1320500012201,今井市民センター（駐車場）,東京都青梅市今井2-908-1,,,,1,,1,,,,35.806363,139.311017,
883,E1320500012202,今井市民センター（庁舎・体育館）,東京都青梅市今井2-908-1,1,1,,,,,1,,,35.80649781,139.3109806,
884,E1320500013201,市立今井小学校（グラウンド）,東京都青梅市今井2-947-1,,,,1,,1,,,1,35.80713639,139.3067013,
885,E1320500014201,自立センター（駐車場）,東京都青梅市今井5-2434-2,,,,1,,1,,,,35.793657,139.32859,
886,E1320500014202,自立センター（就労支援事業所２階集会室）,東京都青梅市今井5-2434-2,1,1,,1,,1,1,,,35.793358,139.328629,
887,E1320500015201,東原公園球技場（グラウンド）,東京都青梅市今寺5-11,,,,1,,1,,,,35.793433,139.301424,
888,E1320500016201,東青梅市民センター（駐車場）,東京都青梅市師岡町3-9-6,,,,1,,1,,,1,35.790585,139.282625,
889,E1320500016202,東青梅市民センター（庁舎・体育館）,東京都青梅市師岡町3-9-6,1,1,,,,,1,,1,35.79078641,139.2824145,
890,E1320500017201,市立霞台中学校（グラウンド）,東京都青梅市師岡町4-6-1,,,,1,,1,,,1,35.787226,139.283262,
891,E1320500017202,市立霞台中学校（校舎・体育館）,東京都青梅市師岡町4-6-1,1,1,,,,,1,,1,35.786728,139.2831356,
892,E1320500018202,都立青梅総合高校（体育館）,東京都青梅市勝沼1-60,1,1,,,,,1,,1,35.788407,139.269884,
893,E1320500018201,都立青梅総合高校（グラウンド）,東京都青梅市勝沼1-60,,,,1,,1,,,1,35.788215,139.270753,
894,E1320500019201,小曾木２丁目運動広場（グラウンド）,東京都青梅市小曾木2-633,,,,1,,1,,,,35.81894291,139.2896337,
895,E1320500020202,小曾木市民センター（庁舎）,東京都青梅市小曾木3-1656-1,1,1,,,,,1,,,35.81805159,139.2751132,
896,E1320500020201,小曾木市民センター（駐車場）,東京都青梅市小曾木3-1656-1,,,,1,,1,,,,35.81787,139.27509,
897,E1320500021201,市立第七小学校（グラウンド）,東京都青梅市小曾木3-1880-1,,,,1,,1,,,1,35.81934,139.275181,
898,E1320500021202,市立第七小学校（校舎・体育館）,東京都青梅市小曾木3-1880-1,1,1,,,,,1,,1,35.81984725,139.2751946,
899,E1320500022202,市立第六中学校（校舎・体育館）,東京都青梅市小曾木4-2040,1,1,,,,,1,,1,35.82165211,139.2762616,
900,E1320500022201,市立第六中学校（グラウンド）,東京都青梅市小曾木4-2040,,,,1,,1,,,1,35.821319,139.276367,
901,E1320500023202,青梅市文化交流センター（会館）,東京都青梅市上町374,1,1,,,,,1,,,35.790181,139.254896,
902,E1320500023201,青梅市文化交流センター（広場）,東京都青梅市上町374,,,,1,,1,,,,35.789993,139.254858,
903,E1320500024201,市立若草小学校（グラウンド）,東京都青梅市新町1-15-1,,,,1,,1,,,1,35.786387,139.294487,
904,E1320500024202,市立若草小学校（校舎・体育館）,東京都青梅市新町1-15-1,1,1,,,,,1,,1,35.786677,139.293873,
905,E1320500025201,市立霞台小学校（グラウンド）,東京都青梅市新町1-35-1,,,,1,,1,,,1,35.789567,139.294232,
906,E1320500025202,市立霞台小学校（校舎・体育館）,東京都青梅市新町1-35-1,1,1,,,,,1,,1,35.7899744,139.2942525,
907,E1320500026202,市立泉中学校（校舎・体育館）,東京都青梅市新町1-37,1,1,,,,,1,,1,35.79002063,139.2959698,
908,E1320500026201,市立泉中学校（グラウンド）,東京都青梅市新町1-37,,,,1,,1,,,1,35.789722,139.295974,
909,E1320500027201,都立誠明学園グラウンド（グラウンド）,東京都青梅市新町3-72-1,,,,1,,1,,,,35.78140916,139.3056221,
910,E1320500028202,新町市民センター（庁舎・体育館）,東京都青梅市新町4-17-1,1,1,,,,,1,,,35.78595647,139.3051809,
911,E1320500028201,新町市民センター（駐車場）,東京都青梅市新町4-17-1,,,,1,,1,,,,35.785849,139.304874,
912,E1320500029202,市立新町中学校（校舎・体育館）,東京都青梅市新町5-20,1,1,,,,,1,,1,35.788803,139.30603,
913,E1320500029201,市立新町中学校（グラウンド）,東京都青梅市新町5-20,,,,1,,1,,,1,35.788482,139.305974,
914,E1320500030202,市立新町小学校（校舎・体育館）,東京都青梅市新町5-21-1,1,1,,,,,1,,1,35.78878752,139.3075962,
915,E1320500030201,市立新町小学校（グラウンド）,東京都青梅市新町5-21-1,,,,1,,1,,,1,35.788424,139.307542,
916,E1320500031201,都農林総合研究センター青梅庁舎（グラウンド）,東京都青梅市新町6-7-1,,,,1,,1,,,,35.78912835,139.3119996,
917,E1320500032201,新田山公園（グラウンド）,東京都青梅市新町7-33,,,,1,,1,,,,35.7867839,139.3135004,
918,E1320500033201,市立吹上中学校（グラウンド）,東京都青梅市吹上1,,,,1,,1,,,1,35.800298,139.283171,
919,E1320500033202,市立吹上中学校（校舎・体育館）,東京都青梅市吹上1,1,1,,,,,1,,1,35.80090307,139.282973,
920,E1320500034202,市立吹上小学校（校舎・体育館）,東京都青梅市吹上176-1,1,1,,,,,1,,1,35.79719379,139.2827859,
921,E1320500034201,市立吹上小学校（グラウンド）,東京都青梅市吹上176-1,,,,1,,1,,,1,35.796635,139.28257,
922,E1320500035202,市立成木小学校（校舎・体育館）,東京都青梅市成木3-423-1,1,1,,,,,1,,1,35.828763,139.260055,
923,E1320500035201,市立成木小学校（グラウンド）,東京都青梅市成木3-423-1,,,,1,,1,,,1,35.828635,139.260466,
924,E1320500036201,市立第七中学校（グラウンド）,東京都青梅市成木4-544-2,,,,1,,1,,,1,35.826138,139.258321,
925,E1320500036202,市立第七中学校（校舎・体育館）,東京都青梅市成木4-544-2,1,1,,,,,1,,1,35.82576741,139.2579811,
926,E1320500037201,成木市民センター（駐車場）,東京都青梅市成木4-644,,,,1,,1,,,,35.82384529,139.2486484,
927,E1320500038201,旧上成木ふれあいセンター（グラウンド）,東京都青梅市成木7-902,,,,1,,1,,,,35.83601231,139.2093035,
928,E1320500039201,旧北小曾木ふれあいセンター（グラウンド）,東京都青梅市成木8-676,,,,1,,1,,,,35.821924,139.228881,
929,E1320500040201,市立第二中学校（グラウンド）,東京都青梅市千ヶ瀬町2-155,,,,1,,1,,,1,35.785304,139.27476,
930,E1320500040202,市立第二中学校（校舎・体育館）,東京都青梅市千ヶ瀬町2-155,1,1,,,,,1,,1,35.78563351,139.2748929,
931,E1320500042201,大門市民センター（駐車場）,東京都青梅市大門2-288,,,,1,,1,,,,35.796439,139.290867,
932,E1320500042202,大門市民センター（庁舎・体育館）,東京都青梅市大門2-288,1,1,,,,,1,,,35.796765,139.291206,
933,E1320500043201,市立第三中学校（グラウンド）,東京都青梅市大門2-301,,,,1,,1,,,1,35.797,139.292347,
934,E1320500043202,市立第三中学校（校舎・体育館）,東京都青梅市大門2-301,1,1,,,,,1,,1,35.79734786,139.2924172,
935,E1320500044201,市立第三小学校（グラウンド）,東京都青梅市大門2-317,,,,1,,1,,,1,35.798088,139.294144,
936,E1320500044202,市立第三小学校（校舎・体育館）,東京都青梅市大門2-317,1,1,,,,,1,,1,35.79841385,139.2937476,
937,E1320500045201,沢井市民センター運動広場（グラウンド）,東京都青梅市沢井2-682,,,,1,,1,,,1,35.804575,139.195423,
938,E1320500046201,沢井市民センター（多目的室）,東京都青梅市沢井2-727-1,1,1,,,,,1,,,35.804114,139.195755,
939,E1320500047201,市立第二小学校（グラウンド）,東京都青梅市長淵4-437,,,,1,,1,,,1,35.780352,139.270962,
940,E1320500047202,市立第二小学校（校舎・体育館）,東京都青梅市長淵4-437,1,1,,,,,1,,1,35.78092404,139.2706198,
941,E1320500048202,長淵市民センター（庁舎・体育館）,東京都青梅市長淵6-492-1,1,1,,,,,1,,,35.78028331,139.2686934,
942,E1320500048201,長淵市民センター（駐車場）,東京都青梅市長淵6-492-1,,,,1,,1,,,,35.78046,139.268717,
943,E1320500049201,天ヶ瀬体育館（体育館）,東京都青梅市天ヶ瀬町1111,1,1,,1,,1,1,,,35.78919,139.250658,
944,E1320500050201,天ヶ瀬運動広場（グラウンド）,東京都青梅市天ヶ瀬町1111-1,,,,1,,1,,,,35.788529,139.250722,
945,E1320500051201,青梅市役所（駐車場）,東京都青梅市東青梅1-11-1,,,,1,,1,,,,35.788373,139.275179,
946,E1320500051202,青梅市役所（庁舎）,東京都青梅市東青梅1-11-1,1,1,,,,,1,,,35.7879023,139.2758036,
947,E1320500052202,市立第四小学校（校舎・体育館）,東京都青梅市東青梅6-1-1,1,1,,,,,1,,1,35.79408463,139.27181,
948,E1320500052201,市立第四小学校（グラウンド）,東京都青梅市東青梅6-1-1,,,,1,,1,,,1,35.793681,139.271231,
949,E1320500053201,市立藤橋小学校（グラウンド）,東京都青梅市藤橋3-13-1,,,,1,,1,,,1,35.797549,139.306535,
950,E1320500053202,市立藤橋小学校（校舎・体育館）,東京都青梅市藤橋3-13-1,1,1,,,,,1,,1,35.79774,139.30619,
951,E1320500054201,市立第六小学校（グラウンド）,東京都青梅市二俣尾3-903-1,,,,1,,1,,,1,35.802048,139.21628,
952,E1320500054202,市立第六小学校（校舎・体育館）,東京都青梅市二俣尾3-903-1,1,1,,,,,1,,1,35.801599,139.216727,
953,E1320500055201,二俣尾５丁目第２運動広場（グラウンド）,東京都青梅市二俣尾5-164,,,,1,,1,,,,35.81340126,139.2078429,
954,E1320500056201,日向和田２丁目児童遊園（グラウンド）,東京都青梅市日向和田2-374-7,,,,1,,1,,,,35.78511,139.2356,
955,E1320500057201,梅郷市民センター（駐車場）,東京都青梅市梅郷3-749-1,,,,1,,1,,,,35.786731,139.224766,
956,E1320500057202,梅郷市民センター（庁舎・体育館）,東京都青梅市梅郷3-749-1,1,1,,,,,1,,,35.786784,139.22445,
957,E1320500058202,市立第五小学校（校舎・体育館）,東京都青梅市梅郷3-765-1,1,1,,,,,1,,1,35.78735,139.224421,
958,E1320500058201,市立第五小学校（グラウンド）,東京都青梅市梅郷3-765-1,,,,1,,1,,,1,35.78785,139.225158,
959,E1320500059201,市立西中学校（グラウンド）,東京都青梅市梅郷6-1460-1,,,,1,,1,,,1,35.794982,139.220633,
960,E1320500059202,市立西中学校（校舎・体育館）,東京都青梅市梅郷6-1460-1,1,1,,,,,1,,1,35.794655,139.22031,
961,E1320500060201,畑中保育園（グラウンド）,東京都青梅市畑中2-593,,,,1,,1,,,,35.78298239,139.2410972,
962,E1320500061201,富岡３丁目運動広場（グラウンド）,東京都青梅市富岡3-1168,,,,1,,1,,,,35.82799932,139.2930754,
963,E1320500062201,永山公園グラウンド（グラウンド）,東京都青梅市本町217,,,,1,,1,,,,35.79205963,139.2603694,
964,E1320500063201,市立第一小学校（グラウンド）,東京都青梅市本町223,,,,1,,1,,,1,35.79118972,139.2586143,
965,E1320500064202,市立友田小学校（校舎・体育館）,東京都青梅市友田町5-332,1,1,,,,,1,,1,35.774186,139.284748,
966,E1320500064201,市立友田小学校（グラウンド）,東京都青梅市友田町5-332,,,,1,,1,,,1,35.774476,139.285432,
967,E1320500065201,柚木町運動広場（グラウンド）,東京都青梅市柚木町2-312,,,,1,,1,,,,35.799772,139.212031,
968,E1320500066201,青梅柚木苑地駐車場（駐車場）,東京都青梅市柚木町3-643,,,,1,,1,,,,35.80299616,139.2078118,
969,E1320500067202,市立第一中学校（校舎・体育館）,東京都青梅市裏宿町615,1,1,,,,,1,,1,35.78936831,139.2457671,
970,E1320500067201,市立第一中学校（グラウンド）,東京都青梅市裏宿町615,,,,1,,1,,,1,35.789312,139.244617,
971,E1320500068201,和田町運動広場（グラウンド）,東京都青梅市和田町2-422-1,,,,1,,1,,,,35.77982073,139.2293859,
972,E1310100005201,神田一橋中学校,東京都千代田区一ツ橋2-6-14,1,1,,1,,,1,,1,35.694133,139.7567743,
973,E1310100008201,昌平童夢館,東京都千代田区外神田3-4-7,,1,1,1,,,1,,1,35.701205462312,139.76986342883,
974,E1310100013201,岩本町ほほえみプラザ,東京都千代田区岩本町2-15-3,,,,1,,,1,,1,35.694390789345,139.77794353405,
975,E1310100017201,上智大学,東京都千代田区紀尾井町7-1,1,,1,,,,,,,35.6849638,139.7316333,
976,E1310100018201,日本大学会館,東京都千代田区九段南4-8-24,1,,1,,,,,,,35.690996738355,139.73752890575,
977,E1310100019201,日本大学通信教育学部,東京都千代田区九段南4-8-28,1,,1,,,,,,,35.691366528217,139.7379586904,
978,E1310100028201,麹町小学校,東京都千代田区麹町2-8,1,1,1,1,,,1,,1,35.685356,139.739761,
979,E1310100001201,九段小学校,東京都千代田区三番町16,1,1,1,1,,,1,,1,35.690513286249,139.74075859755,
980,E1310100026201,二松学舎大学,東京都千代田区三番町6-16,1,,1,,,,,,,35.6922112,139.7457497,
981,E1310100031201,お茶の水小学校,東京都千代田区神田猿楽町1-1-1,1,1,1,1,,,1,,1,35.697388,139.760391,
982,E1310100023201,日本大学経済学部,東京都千代田区神田三崎町1-3-2,1,,,,,,,,,35.70021305704,139.75619189326,
983,E1310100024201,日本大学法学部①,東京都千代田区神田三崎町2-1-3,1,,,,,,,,,35.6998585,139.7554401,
984,E1310100007201,神田さくら館,東京都千代田区神田司町2-16,1,,1,1,,,1,,1,35.693410600057,139.7685040076,
985,E1310100014201,明治大学,東京都千代田区神田駿河台1-1,1,,1,,,,,,,35.697468295054,139.76149481191,
986,E1310100020201,日本大学歯学部,東京都千代田区神田駿河台1-8-13,1,,1,,,,,,,35.698067921104,139.76388271964,
987,E1310100021201,日本大学理工学部①,東京都千代田区神田駿河台1-8-14,1,,1,,,,,,,35.6975867,139.7636008,
988,E1310100022201,日本大学理工学部②,東京都千代田区神田駿河台3-11-2,1,,1,,,,,,,35.69744405756,139.76493596038,
989,E1310100016201,専修大学,東京都千代田区神田神保町3-8,1,,,,,,,,,35.696882174672,139.75396164682,
990,E1310100010201,ちよだパークサイドプラザ,東京都千代田区神田和泉町1,,,,1,,,1,,1,35.699227705949,139.77862941308,
991,E1310100025201,日本大学法学部②,東京都千代田区西神田2-7-10,1,,,,,,,,,35.699456534581,139.75530458101,
992,E1310100011201,旧今川中学校,東京都千代田区鍛冶町2-4-2,,,1,1,,,1,,1,35.691710463233,139.77313815277,
993,E1310100012201,都立一橋高校,東京都千代田区東神田1-12-13,,,1,1,,,1,,1,35.6945488,139.7810002,
994,E1310100006201,区立スポーツセンター,東京都千代田区内神田2-1-8,1,,1,1,,,1,,1,35.6891351,139.7675844,
995,E1310100004201,富士見みらい館,東京都千代田区富士見1-10-3,1,1,1,1,,,1,,1,35.697410891236,139.74621032771,
996,E1310100027201,日本歯科大学,東京都千代田区富士見1-9-20,1,,1,,,,,,,35.6978117,139.7457845,
997,E1310100030201,法政大学,東京都千代田区富士見2-15-3,1,,1,,,,,,,35.6960899,139.7430849,
998,E1310100003201,麹町中学校,東京都千代田区平河町2-5-1,1,1,1,1,,,1,,1,35.680571020801,139.7386448783,
999,E1310100002201,番町小学校,東京都千代田区六番町8,1,,1,1,,,1,,1,35.688111802263,139.73407899331,
1000,E1312100001201,東綾瀬団地一帯,東京都足立区綾瀬,,,,1,,1,,,,35.770149,139.833342,
1001,E1312100002201,舎人公園一帯,東京都足立区伊興,,,,1,,1,,,,35.797465,139.770564,
1002,E1312100002203,区立第十四中学校一帯,東京都足立区伊興,,,,1,,1,,,,35.791677,139.788187,
1003,E1312100002202,フレール西新井中央公園一帯,東京都足立区伊興,,,,1,,1,,,,35.787804,139.780476,
1004,E1312100006201,区立北鹿浜小学校一帯,東京都足立区加賀,,,,1,,1,,,,35.785917125836,139.75337653961,
1005,E1312100007202,花畑団地一帯,東京都足立区花畑,,,,1,,1,,,,35.807708,139.811296,
1006,E1312100007201,都営花畑第４アパート一帯,東京都足立区花畑,,,,1,,1,,,,35.810845,139.821911,
1007,E1312100007203,都営保木間第５アパート一帯,東京都足立区花畑,,,,1,,1,,,,35.796657,139.812304,
1008,E1312100011201,宮城ファミリー公園・江南中学校一帯,東京都足立区宮城,,,,1,,1,,,,35.760321,139.753136,
1009,E1312100130201,都立江北高校一帯,東京都足立区弘道,,,,1,,1,,,,35.767219,139.820312,
1010,E1312100015201,江北平成公園一帯,東京都足立区江北,,,,1,,1,,,,35.773311,139.764847,
1011,E1312100015202,江北六丁目団地一帯,東京都足立区江北,,,,1,,1,,,,35.780138,139.767744,
1012,E1312100018201,区立中川北小学校・都営六ツ木町アパート一帯,東京都足立区佐野,,,,1,,1,,,,35.791674913636,139.83783780882,
1013,E1312100137201,荒川南岸・河川敷緑地一帯,東京都足立区小台,,,,1,,1,,,,35.758438,139.797127,
1014,E1312100138201,ハートアイランド新田一帯,東京都足立区新田,,,,1,,1,,,,35.768426,139.747053,
1015,E1312100141201,総合スポーツセンター一帯,東京都足立区西加平,,,,1,,1,,,,35.791916,139.814223,
1016,E1312100142201,区立青井小中学校・都営青井三丁目アパート一帯,東京都足立区青井,,,,1,,1,,,,35.775003,139.819818,
1017,E1312100143201,東京電機大学一帯,東京都足立区千住旭町,,,,1,,1,,,,35.752013,139.807759,
1018,E1312100144201,千寿第八小学校一帯,東京都足立区千住曙町,,,,1,,1,,,,35.741804,139.807291,
1019,E1312100145201,千住大橋駅地区一帯,東京都足立区千住緑町,,,,1,,1,,,,35.743808,139.794776,
1020,E1312100147201,荒川北岸・河川敷緑地一帯,東京都足立区足立,,,,1,,1,,,,35.761032,139.79687,
1021,E1312100033202,中川公園一帯・大谷田団地一帯,東京都足立区大谷田,,,,1,,1,,,,35.774877,139.848335,
1022,E1312100033201,区立辰沼小学校・都営辰沼町アパート一帯,東京都足立区大谷田,,,,1,,1,,,,35.783836,139.834336,
1023,E1312100035203,竹の塚第一団地一帯,東京都足立区竹の塚,,,,1,,1,,,,35.791401,139.800868,
1024,E1312100035201,竹ノ塚駅東口・竹の塚センター一帯,東京都足立区竹の塚,,,,1,,1,,,,35.792257,139.795078,
1025,E1312100035202,都営西保木間四丁目アパート一帯,東京都足立区竹の塚,,,,1,,1,,,,35.802416,139.7947,
1026,E1312100035204,竹の塚小学校一帯,東京都足立区竹の塚,,,,1,,1,,,,35.790431,139.791277,
1027,E1312100040201,都立足立高校一帯,東京都足立区中央本町,,,,1,,1,,,,35.768987,139.805032,
1028,E1312100157201,区立舎人第一小学校・都営舎人町アパート一帯,東京都足立区入谷,,,,1,,1,,,,35.81251,139.762775,
1029,E1312100047201,西新井駅西口地区一帯,東京都足立区梅田,,,,1,,1,,,,35.773845,139.78715,
1030,E1312100160201,栗原団地一帯,東京都足立区梅島,,,,1,,1,,,,35.783289,139.787735,
1031,E1322400001201,東愛宕中学校校庭,東京都多摩市愛宕1-52,1,1,,1,,1,1,,1,35.63391345,139.4326311,
1032,E1322400002201,愛和小学校校庭,東京都多摩市愛宕1-54,1,1,,1,,1,1,,1,35.63488186,139.4338712,
1033,E1322400003201,多摩永山中学校校庭,東京都多摩市永山2-7-1,1,1,,1,,1,1,,1,35.62604744,139.4470997,
1034,E1322400004201,永山小学校校庭,東京都多摩市永山2-8-1,1,1,,1,,1,1,,1,35.62705277,139.4454943,
1035,E1322400006201,瓜生小学校校庭,東京都多摩市永山5-13,1,1,,1,,1,1,,1,35.61978084,139.4460203,
1036,E1322400007201,都立永山高校校庭,東京都多摩市永山5-22,1,1,,1,,1,1,,1,35.6139390064952,139.447733532381,
1037,E1322400008201,市民活動・交流センター／多摩ふるさと資料館（旧北貝取小学校）校庭,東京都多摩市貝取1-26-1,1,1,,1,,1,1,,1,35.62469824,139.4398266,
1038,E1322400010201,青陵中学校校庭,東京都多摩市貝取2-9-1,1,1,,1,,1,1,,1,35.62067302,139.4382136,
1039,E1322400011201,貝取小学校校庭,東京都多摩市貝取3-9,1,1,,1,,1,1,,1,35.61773773,139.4411767,
1040,E1322400013201,京王聖蹟桜ヶ丘　ショッピングセンターＡ館２階スカイプラザ,東京都多摩市関戸1-1-1,1,,,,,,1,,,35.6505331597213,139.447456293661,
1041,E1322400012201,京王聖蹟桜ヶ丘　ショッピングセンターＢ館２階ガレリア、コリドール,東京都多摩市関戸1-10-1,1,,,,,,1,,,35.6514791772631,139.447004169541,
1042,E1322400069201,ブリリアタワー聖蹟桜ヶ丘ブルーミングレジデンス,東京都多摩市関戸1-20-1,1,,,,,,1,,,35.652748,139.449205,
1043,E1322400014201,京王聖蹟桜ヶ丘　ショッピングセンターせいせき立体駐車場３階から最上階,東京都多摩市関戸1-7-1,1,,,,,,1,,,35.6525870826341,139.447325782836,
1044,E1322400015201,多摩中学校校庭,東京都多摩市関戸3-19-1,,,,1,,1,,,1,35.64900408,139.4574585,
1045,E1322400016201,多摩第一小学校校庭,東京都多摩市関戸3-2-23,,,,1,,1,,,1,35.65028961,139.4579193,
1046,E1322400017201,ヴィータ聖蹟桜ヶ丘２階歩行者専用通路,東京都多摩市関戸4-72,1,,,,,,1,,1,35.6501844080371,139.446943572216,
1047,E1322400018201,多摩第三小学校校庭,東京都多摩市乞田712,,,,1,,1,,,1,35.63104316,139.4366183,
1048,E1322400022201,北諏訪小学校校庭,東京都多摩市諏訪1-60-1,1,1,,1,,1,1,,1,35.62957669,139.450741,
1049,E1322400025201,諏訪中学校校庭,東京都多摩市諏訪5-12-1,1,1,,1,,1,1,,1,35.62167004,139.4555697,
1050,E1322400026201,諏訪小学校校庭,東京都多摩市諏訪5-13,1,1,,1,,1,1,,1,35.62086631,139.456312,
1051,E1322400028201,聖ヶ丘中学校校庭,東京都多摩市聖ケ丘2-17,1,1,,1,,1,1,,1,35.63330611,139.4580054,
1052,E1322400031201,聖ヶ丘小学校校庭,東京都多摩市聖ヶ丘3-66,1,1,,1,,1,1,,,35.6281669,139.4602952,
1053,E1322400033201,南鶴牧小学校校庭,東京都多摩市鶴牧5-43,1,1,,1,,1,1,,1,35.61379056,139.4183514,
1054,E1322400034201,大松台小学校校庭,東京都多摩市鶴牧6-4,,,,1,,1,,,1,35.61473361,139.4152771,
1055,E1322400035201,鶴牧中学校校庭,東京都多摩市鶴牧6-5-1,,,,1,,1,,,1,35.61350269,139.4150688,
1056,E1322400036201,東寺方小学校校庭,東京都多摩市東寺方100,,,,1,,1,,,1,35.6475239,139.4390489,
1057,E1322400038201,豊ヶ丘小学校校庭,東京都多摩市豊ケ丘2-4-1,1,1,,1,,1,1,,1,35.62208631,139.4337722,
1058,E1322400039201,旧豊ヶ丘中学校校庭,東京都多摩市豊ケ丘4-4,1,1,,1,,1,1,,,35.61309867,139.43674,
1059,E1322400040201,旧南豊ヶ丘小学校校庭,東京都多摩市豊ケ丘6-4,,,,1,,1,,,1,35.61115631,139.4334586,
1060,E1322400041201,旧西落合中学校グラウンド,東京都多摩市落合12-29,1,1,,1,,1,1,,,35.617055842086,139.425334496945,
1061,E1322400042201,東落合小学校校庭,東京都多摩市落合3-24,1,1,,1,,1,1,,1,35.61818855,139.4301352,
1062,E1322400043201,落合中学校校庭,東京都多摩市落合4-14,,,,1,,1,,,1,35.61447886,139.4290164,
1063,E1322400044201,西落合小学校校庭,東京都多摩市落合5-6,1,1,,1,,1,1,,1,35.61342963,139.4240065,
1064,E1322400047201,連光寺小学校校庭,東京都多摩市連光寺3-64-1,1,1,,1,,1,1,,1,35.64131475,139.4572705,
1065,E1322400048201,帝京大学小学校グラウンド,東京都多摩市和田1254-6,1,1,,1,,1,1,,1,35.64375749,139.4183539,
1066,E1322400051201,和田中学校校庭,東京都多摩市和田234,,,,1,,1,,,1,35.64117643,139.4305226,
1067,E1322400052201,多摩第二小学校校庭,東京都多摩市和田75,,,,1,,1,,,1,35.64473734,139.43366866871,
1068,E1310600006201,柏葉中学校,東京都台東区下谷3-1-29,1,,1,,,,1,,1,35.723414,139.78595,荒川が氾濫するおそれがある場合は、開設しない
1069,E1310600009201,浅草小学校,東京都台東区花川戸1-14-15,1,,1,,,,1,,1,35.713522,139.799231,荒川が氾濫するおそれがある場合は、開設しない
1070,E1310600012201,東泉小学校,東京都台東区三ノ輪1-23-9,1,,1,,,,1,,1,35.728465,139.792101,荒川が氾濫するおそれがある場合は開設しない
1071,E1310600004201,松葉小学校,東京都台東区松が谷1-13-16,1,,1,,,,1,,1,35.71223,139.786782,荒川が氾濫するおそれがある場合は、開設しない
1072,E1310600015201,上野中学校,東京都台東区上野桜木1-14-55,1,,1,,,,1,,1,35.721218,139.774904,
1073,E1310600011201,石浜小学校,東京都台東区清川1-14-21,1,,1,,,,1,,1,35.724912,139.803592,荒川が氾濫するおそれがある場合は開設しない
1074,E1310600010201,千束小学校,東京都台東区浅草4-24-11,1,,1,,,,1,,1,35.719345,139.793992,荒川が氾濫するおそれがある場合は、開設しない
1075,E1310600003201,旧柳北小学校,東京都台東区浅草橋5-1-8,1,,1,,,,1,,1,35.699323,139.782184,荒川が氾濫するおそれがある場合は、開設しない
1076,E1310600013201,浅草中学校,東京都台東区蔵前1-3-4,1,,1,,,,1,,1,35.699848,139.789926,荒川が氾濫するおそれがある場合は、開設しない
1077,E1310600016201,蔵前小学校,東京都台東区蔵前4-19-11,1,,1,,,,1,,1,35.704487,139.789297,荒川が氾濫するおそれがある場合は、開設しない
1078,E1310600014201,御徒町台東中学校,東京都台東区台東4-13-16,1,,1,,,,1,,1,35.706931,139.777511,荒川が氾濫するおそれがある場合は、開設しない
1079,E1310600029201,谷中小学校,東京都台東区谷中2-9-16,1,1,1,,,,1,,1,35.72393,139.765347,
1080,E1310600023201,忍岡小学校,東京都台東区池之端2-1-22,1,1,1,,,,1,,1,35.713938,139.766735,
1081,E1310600007201,上野小学校,東京都台東区東上野6-16-8,1,,1,,,,1,,1,35.713874,139.78366,荒川が氾濫するおそれがある場合は、開設しない
1082,E1310600005201,東浅草小学校,東京都台東区東浅草2-27-19,1,,1,,,,1,,1,35.724371,139.798267,荒川が氾濫するおそれがある場合は、開設しない
1083,E1310600017201,駒形中学校,東京都台東区北上野2-15-1,1,,1,,,,1,,1,35.717291,139.784295,荒川が氾濫するおそれがある場合は、開設しない
1084,E1310600008201,田原小学校,東京都台東区雷門1-5-14,1,,1,,,,1,,1,35.710174,139.792873,荒川が氾濫するおそれがある場合は、開設しない
1085,E1311100002201,羽田小学校,東京都大田区羽田3-3-14,1,,1,,1,,1,,1,35.54767,139.745979,
1086,E1311100003201,コミュニティセンター羽田旭,東京都大田区羽田旭町7-1,1,,1,,,,1,,1,35.553627,139.747309,
1087,E1311100004201,矢口西小学校,東京都大田区下丸子1-7-1,1,,1,,1,,1,,1,35.568299,139.687742,
1088,E1311100005201,矢口中学校,東京都大田区下丸子2-23-1,1,,1,,1,,1,,1,35.563818,139.685425,
1089,E1311100006201,蒲田中学校,東京都大田区蒲田1-12-5,1,,1,,1,,1,,1,35.566231,139.719463,
1090,E1311100007201,蒲田小学校,東京都大田区蒲田1-30-1,1,,1,,,,1,,1,35.564044,139.720025,
1091,E1311100008201,北蒲広場,東京都大田区蒲田2-10-1,1,,1,,,,1,,1,35.565951,139.725609,
1092,E1311100009201,新宿小学校,東京都大田区蒲田本町1-5-1,1,,1,,,,1,,1,35.557154,139.715632,
1093,E1311100010201,松仙小学校,東京都大田区久が原1-11-1,1,,1,,,,1,,1,35.586157,139.690854,
1094,E1311100011201,久原小学校,東京都大田区久が原4-12-10,1,1,1,,,,1,,1,35.580224,139.694061,
1095,E1311100012201,山王小学校,東京都大田区山王1-26-33,1,1,1,,,,1,,1,35.591976,139.725679,
1096,E1311100013201,小池小学校,東京都大田区上池台2-22-7,1,,1,,,,1,,1,35.597468,139.69491,
1097,E1311100014201,道塚小学校,東京都大田区新蒲田3-3-18,1,,1,,1,,1,,1,35.558245,139.707237,
1098,E1311100015201,おなづか小学校,東京都大田区西蒲田1-19-1,1,,1,,,,1,,1,35.570507,139.712714,
1099,E1311100016201,蓮沼中学校,東京都大田区西蒲田2-3-1,1,,1,,,,1,,1,35.570703,139.707977,
1100,E1311100017201,ふれあいはすぬま,東京都大田区西蒲田3-19-1,1,,1,,,,1,,1,35.567889,139.708095,
1101,E1311100018201,相生小学校,東京都大田区西蒲田6-19-1,1,,1,,,,1,,1,35.565742,139.712178,
1102,E1311100019201,御園中学校,東京都大田区西蒲田8-5-1,1,,1,,,,1,,1,35.561321,139.71229,
1103,E1311100020201,馬込中学校,東京都大田区西馬込2-35-6,1,,1,,,,1,,1,35.584613,139.702993,
1104,E1311100021201,志茂田中学校,東京都大田区西六郷1-4-10,1,,1,,1,,1,,1,35.555469,139.71038,
1105,E1311100022201,志茂田小学校,東京都大田区西六郷1-4-2,1,,1,,1,,1,,1,35.555146,139.711437,
1106,E1311100023201,西六郷小学校,東京都大田区西六郷2-3-1,1,,1,,1,,1,,1,35.551629,139.709431,
1107,E1311100024201,高畑小学校,東京都大田区西六郷3-28-23,1,,1,,1,,1,,1,35.545073,139.706609,
1108,E1311100025201,糀谷小学校,東京都大田区西糀谷3-13-21,1,,1,,1,,1,,1,35.555382,139.734381,
1109,E1311100026201,糀谷中学校,東京都大田区西糀谷3-6-23,1,,1,,1,,1,,1,35.556342,139.736569,
1110,E1311100027201,石川台中学校,東京都大田区石川町2-23-1,1,,1,,,,1,,1,35.599139,139.681734,
1111,E1311100028201,調布大塚小学校,東京都大田区雪谷大塚町12-1,1,,1,,,,1,,1,35.590733,139.678108,
1112,E1311100029201,千鳥小学校,東京都大田区千鳥2-5-1,1,,1,,,,1,,1,35.571297,139.691675,
1113,E1311100030201,矢口小学校,東京都大田区多摩川1-18-22,1,,1,,1,,1,,1,35.562731,139.698332,
1114,E1311100031201,こらぼ大森,東京都大田区大森西2-16-2,1,,1,,,,1,,1,35.576786,139.730288,
1115,E1311100032201,大森第八中学校,東京都大田区大森西2-21-1,1,,1,,1,,1,,1,35.575869,139.726967,
1116,E1311100033201,開桜小学校,東京都大田区大森西2-26-3,1,,1,,1,,1,,1,35.575786,139.7315,
1117,E1311100034201,大森第三小学校,東京都大田区大森西5-22-18,1,,1,,1,,1,,1,35.57076,139.725679,
1118,E1311100035201,大森東小学校,東京都大田区大森東1-29-1,1,,1,,1,,1,,1,35.575464,139.738561,
1119,E1311100036201,大森第一小学校,東京都大田区大森東3-1-18,1,,1,,1,,1,,1,35.570236,139.735534,
1120,E1311100037201,大森東中学校,東京都大田区大森東4-1-1,1,,1,,1,,1,,1,35.569119,139.735952,
1121,E1311100038201,中富小学校,東京都大田区大森東5-6-24,1,,1,,1,,1,,1,35.569678,139.741016,
1122,E1311100039201,大森第四小学校,東京都大田区大森南3-18-26,1,,1,,1,,1,,1,35.565223,139.742239,
1123,E1311100040201,大森第一中学校,東京都大田区大森南5-6-5,1,,1,,1,,1,,1,35.562033,139.751579,
1124,E1311100041201,入新井第一小学校,東京都大田区大森北4-6-7,1,,1,,1,,1,,1,35.584063,139.727273,
1125,E1311100042201,大森第二中学校,東京都大田区大森北6-18-1,1,,1,,1,,1,,1,35.579757,139.732214,
1126,E1311100043201,入新井第五小学校,東京都大田区大森北6-4-8,1,,1,,1,,1,,1,35.58117,139.733554,
1127,E1311100044201,大森第五小学校,東京都大田区大森本町1-10-5,1,,1,,1,,1,,1,35.581982,139.73768,
1128,E1311100045201,大森第四中学校,東京都大田区池上1-15-1,1,1,1,,,,1,,1,35.577985,139.708632,
1129,E1311100046201,池上小学校,東京都大田区池上1-33-8,1,,1,,,,1,,1,35.576528,139.705622,
1130,E1311100047201,徳持小学校,東京都大田区池上7-18-1,1,,1,,,,1,,1,35.570023,139.701234,
1131,E1311100048201,入新井第二小学校,東京都大田区中央2-15-1,1,,1,,,,1,,1,35.578679,139.720996,
1132,E1311100049201,入新井第四小学校,東京都大田区中央3-5-8,1,,1,,,,1,,1,35.577427,139.716694,
1133,E1311100050201,大森第三中学校,東京都大田区中央4-12-8,1,1,1,,,,1,,1,35.580429,139.715246,
1134,E1311100051201,池上第二小学校,東京都大田区中央8-9-1,1,,1,,,,1,,1,35.573592,139.713443,
1135,E1311100052201,貝塚中学校,東京都大田区中馬込3-13-1,1,,1,,,,1,,1,35.593953,139.704985,
1136,E1311100053201,大森第十中学校,東京都大田区仲池上2-13-1,1,,1,,,,1,,1,35.584879,139.699898,
1137,E1311100054201,仲六郷小学校,東京都大田区仲六郷1-26-1,1,,1,,1,,1,,1,35.553767,139.717145,
1138,E1311100055201,六郷中学校,東京都大田区仲六郷3-11-11,1,,1,,1,,1,,1,35.548119,139.710713,
1139,E1311100092201,田園調布小学校,東京都大田区田園調布2-31-16,1,1,1,,,,1,,1,35.595497,139.668404,
1140,E1311100056201,田園調布中学校,東京都大田区田園調布2-60-1,1,,1,,,,1,,1,35.598345,139.669958,
1141,E1311100057201,東調布第一小学校,東京都大田区田園調布南28-7,1,1,1,,,,1,,1,35.582815,139.677673,
1142,E1311100058201,東調布中学校,東京都大田区田園調布南29-15,1,,1,,,,1,,1,35.583347,139.678907,
1143,E1311100060201,東蒲小学校,東京都大田区東蒲田1-19-25,1,,1,,,,1,,1,35.56404,139.728759,
1144,E1311100061201,東蒲中学校,東京都大田区東蒲田2-38-1,1,,1,,,,1,,1,35.56099,139.728898,
1145,E1311100062201,池雪小学校,東京都大田区東雪谷5-7-1,1,1,1,,,,1,,1,35.590646,139.694532,
1146,E1311100063201,安方中学校,東京都大田区東矢口2-1-1,1,,1,,,,1,,1,35.566706,139.701438,
1147,E1311100064201,矢口東小学校,東京都大田区東矢口3-9-20,1,,1,,,,1,,1,35.563495,139.704914,
1148,E1311100065201,東六郷小学校,東京都大田区東六郷2-3-1,1,,1,,1,,1,,1,35.550533,139.718325,
1149,E1311100066201,六郷小学校,東京都大田区東六郷3-7-1,1,,1,,1,,1,,1,35.545208,139.714044,
1150,E1311100067201,東糀谷小学校,東京都大田区東糀谷5-18-23,1,,1,,1,,1,,1,35.558655,139.744075,
1151,E1311100068201,羽田中学校,東京都大田区東糀谷6-10-12,1,,1,,1,,1,,1,35.556879,139.750443,
1152,E1311100069201,南蒲小学校,東京都大田区南蒲田1-12-11,1,,1,,,,1,,1,35.558031,139.726999,
1153,E1311100070201,大森第七中学校,東京都大田区南久が原1-3-1,1,,1,,,,1,,1,35.578461,139.689459,
1154,E1311100071201,東調布第三小学校,東京都大田区南久が原2-17-1,1,1,1,,,,1,,1,35.577519,139.685323,
1155,E1311100072201,雪谷小学校,東京都大田区南雪谷3-9-23,1,,1,,,,1,,1,35.592875,139.686621,
1156,E1311100073201,雪谷中学校,東京都大田区南雪谷5-1-1,1,,1,,,,1,,1,35.590786,139.688885,
1157,E1311100074201,大森第六中学校,東京都大田区南千束1-33-1,1,,1,,,,1,,1,35.60176,139.692801,
1158,E1311100075201,洗足池小学校,東京都大田区南千束3-35-2,1,1,1,,,,1,,1,35.599907,139.686315,
1159,E1311100076201,馬込小学校,東京都大田区南馬込1-34-1,1,1,1,,,,1,,1,35.591623,139.710874,
1160,E1311100077201,馬込東中学校,東京都大田区南馬込2-26-30,1,,1,,,,1,,1,35.589677,139.717486,
1161,E1311100078201,馬込第二小学校,東京都大田区南馬込3-10-1,1,,1,,,,1,,1,35.587208,139.717321,
1162,E1311100079201,梅田小学校,東京都大田区南馬込6-6-1,1,,1,,,,1,,1,35.584207,139.707088,
1163,E1311100080201,南六郷中学校,東京都大田区南六郷3-2-1,1,,1,,1,,1,,1,35.546072,139.716624,
1164,E1311100081201,南六郷小学校,東京都大田区南六郷3-7-1,1,,1,,1,,1,,1,35.545034,139.71627,
1165,E1311100082201,中萩中小学校,東京都大田区萩中2-14-1,1,,1,,1,,1,,1,35.550084,139.731666,
1166,E1311100083201,清水窪小学校,東京都大田区北千束1-20-15,1,,1,,,,1,,1,35.609267,139.687973,
1167,E1311100084201,赤松小学校,東京都大田区北千束2-35-8,1,,1,,,,1,,1,35.606192,139.692334,
1168,E1311100085201,馬込第三小学校,東京都大田区北馬込1-28-1,1,,1,,,,1,,1,35.598711,139.706963,
1169,E1311100086201,北糀谷小学校,東京都大田区北糀谷2-2-5,1,,1,,1,,1,,1,35.562853,139.733613,
1170,E1311100087201,出雲小学校,東京都大田区本羽田1-2-4,1,,1,,1,,1,,1,35.550014,139.725476,
1171,E1311100088201,都南小学校,東京都大田区本羽田3-15-2,1,,1,,1,,1,,1,35.547434,139.735647,
1172,E1311100089201,出雲中学校,東京都大田区本羽田3-4-15,1,,1,,1,,1,,1,35.549032,139.737374,
1173,E1311100090201,萩中小学校,東京都大田区本羽田3-4-22,1,,1,,1,,1,,1,35.548949,139.738651,
1174,E1311100091201,多摩川小学校,東京都大田区矢口3-26-25,,,,,1,,,,1,35.55934,139.690778,
1175,E1336100002201,岡田コミュニティーセンター　駐車場,東京都大島町岡田字助田64-1,,,,1,1,,,1,,34.785289722695,139.39136390347,
1176,E1336100003201,さくら小学校　グランド,東京都大島町岡田字長坂,,,,1,1,,,1,1,34.783535399339,139.38269199027,
1177,E1336100004201,開発総合センター・大島町役場　公共駐車場,東京都大島町元町1-1-14,,,,1,1,,,1,1,34.750489012569,139.35575311767,
1178,E1336100005201,つばき小学校　グランド,東京都大島町元町字家の上,,,,1,1,,,1,1,34.74894393601,139.3608375668,
1179,E1336100006201,北の山地域センター（旧北の山小学校）　グランド,東京都大島町元町字佐吾右エ門野地,,,,1,1,,,1,,34.777830793614,139.36123758374,
1180,E1336100008201,第一中学校　グランド,東京都大島町元町字小清水,,,,1,1,,,1,1,34.757768875009,139.35920126079,
1181,E1336100009201,三原山展望避難休憩舎,東京都大島町元町字上山,,,,,,,,1,,34.737756662458,139.38030338175,
1182,E1336100011201,大島高校　グランド,東京都大島町元町字八重の水127,,,,1,1,,,1,1,34.766514680446,139.35922561494,
1183,E1336100013201,差木地地域センター（旧差木地小学校）　グランド,東京都大島町差木地字カミワケ,,,,1,1,,,1,,34.684279256632,139.41420312413,
1184,E1336100014201,第三中学校　グランド,東京都大島町差木地字沖の根,,,,1,1,,,1,1,34.687188886924,139.43352281733,
1185,E1336100015201,大島海洋国際高校　グランド,東京都大島町差木地字下原,,,,1,1,,,1,1,34.681563631733,139.43245909811,
1186,E1336100017201,泉津公民館　広場,東京都大島町泉津字川之原15,,,,1,1,,,1,,34.783547224869,139.41293733329,
1187,E1336100019201,泉津地域センター（旧泉津小学校）　グランド,東京都大島町泉津字不重205,,,,1,1,,,1,,34.778484750395,139.42268379531,
1188,E1336100021201,波浮港老人福祉館　広場,東京都大島町波浮港6,,,,1,1,,,1,1,34.686753456291,139.44087009801,
1189,E1336100022201,波浮港地域センター（旧波浮小学校）　グランド,東京都大島町波浮港山口,,,,1,1,,,1,,34.690195902787,139.43973297716,
1190,E1336100023201,野増地域防災コミュニティセンター,東京都大島町野増169-1,,,,1,1,,,1,,34.730618526098,139.35634916675,
1191,E1336100025201,間伏文化会館　広場,東京都大島町野増字間伏,,,,,,,,1,1,34.695702978607,139.38600773564,
1192,E1336100026201,間伏地域防災コミュニティセンター,東京都大島町野増字間伏フッコミ375-1,,,,1,1,,,1,,34.695585962181,139.39162264665,
1193,E1336100027201,野増地域センター（旧野増小学校）　グランド,東京都大島町野増字大宮,,,,,,,,1,1,34.73310092744,139.35675363579,
1194,E1310200002201,京橋プラザ,東京都中央区銀座1-25-3,1,,1,1,,,1,,1,35.673184063993,139.77164071164,
1195,E1310200003201,泰明小学校,東京都中央区銀座5-1-13,1,,1,1,,,1,,1,35.67225296963,139.76145785516,
1196,E1310200004201,銀座中学校,東京都中央区銀座8-19-15,1,,1,1,,,1,,1,35.66547476052,139.76482676323,
1197,E1310200044201,月島区民センター,東京都中央区月島4-1-1,1,,1,,1,,1,,1,35.662054,139.782316,
1198,E1310200045201,月島第一小学校,東京都中央区月島4-15-1,1,,1,1,1,,1,,1,35.660681,139.780102,
1199,E1310200046201,月島第二小学校,東京都中央区勝どき1-12-2,1,,1,1,1,,1,,1,35.660381660767,139.77618889815,
1200,E1310200050201,新川ツインビル地区,東京都中央区新川,,,,,,1,,,,35.673533,139.784296,
1201,E1310200013201,明正小学校,東京都中央区新川2-13-4,1,,1,1,,,1,,1,35.675887569312,139.78185291534,
1202,E1310200053201,晴海地区,東京都中央区晴海,,,,,,1,,,,35.655269893604,139.78181560846,
1203,E1310200016201,月島第三小学校,東京都中央区晴海1-4-1,1,,1,1,,,1,,1,35.658896,139.785571,
1204,E1310200018201,晴海中学校,東京都中央区晴海1-5-3,1,,1,1,,,1,,1,35.659859,139.784863,
1205,E1310200058201,晴海区民センター,東京都中央区晴海4-8-1,1,,1,,,,1,,,35.652489,139.780029,
1206,E1310200055201,晴海西小学校・晴海西中学校,東京都中央区晴海5-3-5,1,,1,1,,,1,,1,35.65013,139.775877,
1207,E1310200020201,あかつき公園一帯,東京都中央区築地,,,,,,1,,,,35.666229,139.776556,
1208,E1310200021201,中央区役所,東京都中央区築地1-1-1,1,,1,,,,1,,,35.670737590957,139.77206137301,
1209,E1310200022201,京橋築地小学校,東京都中央区築地2-13-1,1,,1,1,,,1,,1,35.66809417547,139.77090638889,
1210,E1310200024202,佃リバーシティ地区,東京都中央区佃,,,,,,1,,,,35.668865,139.783356,
1211,E1310200026201,佃島小学校,東京都中央区佃2-3-1,1,,1,1,1,,1,,1,35.668668580679,139.78454480489,
1212,E1310200027201,佃中学校,東京都中央区佃2-3-2,1,,1,1,1,,1,,1,35.668311506609,139.78504955093,
1213,E1310200029201,日本橋区民センター,東京都中央区日本橋蛎殻町1-31-1,1,,1,,,,1,,1,35.682455498809,139.78428317791,
1214,E1310200030201,有馬小学校,東京都中央区日本橋蛎殻町2-10-23,1,,1,1,,,1,,1,35.68335942906,139.78790754233,
1215,E1310200031201,阪本小学校,東京都中央区日本橋兜町15-18,1,,1,1,,,1,,1,35.67971388391,139.77680534457,
1216,E1310200033201,久松小学校,東京都中央区日本橋久松町7-2,1,,1,1,,,1,,1,35.688807,139.78427837301,
1217,E1310200034201,十思スクエア,東京都中央区日本橋小伝馬町5-1,1,,1,1,,,1,,1,35.690963780177,139.77709137302,
1218,E1310200035201,日本橋小学校,東京都中央区日本橋人形町1-1-17,1,,1,1,,,1,,1,35.684822357796,139.78152091534,
1219,E1310200059202,中央区立総合スポーツセンター,東京都中央区日本橋浜町2-59-1,1,,1,1,,,1,,1,35.687798,139.789327,浜町公園内
1220,E1310200059201,日本橋中学校浜町校舎,東京都中央区日本橋浜町2-59-1,1,,1,1,,,1,,1,35.687116,139.789085,浜町公園内
1221,E1310200037201,常盤小学校,東京都中央区日本橋本石町4-4-26,1,,1,1,,,1,,1,35.68826679349,139.77055027117,
1222,E1310200042201,城東小学校,東京都中央区八重洲2-2-1,1,,1,1,,,1,,1,35.679164,139.769081,
1223,E1310200038201,京華スクエア,東京都中央区八丁堀3-17-9,1,,1,1,,,1,,1,35.67479927632,139.77559475463,
1224,E1310200054201,豊海小学校,東京都中央区豊海町3-1,1,,1,1,1,,1,,1,35.653487,139.771411,
1225,E1310200040201,中央小学校,東京都中央区湊1-4-1,1,,1,1,,,1,,1,35.672165,139.77873354233,
1226,E1310200041201,明石小学校,東京都中央区明石町1-15,1,,1,1,,,1,,1,35.668714209682,139.77633544048,
1227,E1320900001201,つくし野小学校,東京都町田市つくし野2-21-11,1,1,,1,,1,1,1,1,35.525748874517,139.4818595272,
1228,E1320900002201,つくし野コミュニティセンター,東京都町田市つくし野2-26-5,1,1,,,,1,1,1,,35.527068175915,139.48466321213,
1229,E1320900127201,つくし野セントラルパーク,東京都町田市つくし野3-19,,,,1,,1,,,,35.521026532476,139.48205771315,
1230,E1320900004207,町田中央公園,東京都町田市旭町3-20-60,,,,1,,1,,,,35.556905744856,139.44664261933,
1231,E1320900004206,サン町田旭体育館,東京都町田市旭町3-20-60,1,1,,,,1,1,1,,35.556806828062,139.44721305475,
1232,E1320900005201,玉川学園コミュニティセンター,東京都町田市玉川学園2-19-12,1,1,,,,1,1,1,,35.563733694679,139.46275057901,
1233,E1320900006201,町田第五小学校,東京都町田市玉川学園4-14-7,1,1,,1,,1,1,1,1,35.564662042101,139.45677239518,
1234,E1320900007201,玉川学園大グラウンド,東京都町田市玉川学園6-1-1,,,,1,,1,,,,35.566256393252,139.4671290934,
1235,E1320900008201,薬師中学校,東京都町田市金井1-20-1,,,,1,,1,,1,1,35.575782926098,139.44972166874,
1236,E1320900009201,金井中学校,東京都町田市金井6-15-1,1,1,,1,,1,1,1,1,35.576427626365,139.46250031761,
1237,E1320900010201,ゆうき山公園,東京都町田市金井ヶ丘1-14,,,,1,,1,,,,35.570530360262,139.45695018563,
1238,E1320900011201,金井小学校,東京都町田市金井ヶ丘1-30-1,1,1,,1,,1,1,1,1,35.570165739719,139.45830056248,
1239,E1320900012201,南中学校,東京都町田市金森3-27-1,1,1,,1,,1,1,1,1,35.526977495552,139.46209023437,
1240,E1320900013201,南市民センター,東京都町田市金森4-5-6,1,1,,,,1,1,1,,35.523698239434,139.46677708737,
1241,E1320900014201,金森　防災市民いこいの広場,東京都町田市金森7-18,,,,1,,1,,,,35.53132272571,139.45550073046,
1242,E1320900015201,南第三小学校,東京都町田市金森東1-2-1,1,1,,1,,1,1,1,1,35.536770360453,139.45735312829,
1243,E1320900140201,金森わさび田児童公園,東京都町田市金森東3-1073,,,,1,,1,,,,35.529511534331,139.46473231068,
1244,E1320900017201,南第四小学校,東京都町田市金森東3-21-1,1,1,,1,,1,1,1,1,35.53288551846,139.46652065425,
1245,E1320900018201,町田第二小学校,東京都町田市原町田4-26-40,1,1,,1,,1,1,1,1,35.545826819518,139.45308866901,
1246,E1320900143201,芹ヶ谷公園,東京都町田市原町田5-16,,,,1,,1,,,,35.547950582417,139.4511730707,
1247,E1320900020201,国士舘大学グラウンド,東京都町田市広袴1-1-1,,,,1,,1,,,,35.593765400086,139.46700378678,
1248,E1320900021201,高ヶ坂小学校,東京都町田市高ヶ坂6-7-1,1,1,,1,,1,1,1,1,35.541017959872,139.46229924541,
1249,E1320900023201,フェリシアこども短期大学グラウンド,東京都町田市三輪町1135,,,,1,,1,,,,35.570675940772,139.49496224536,
1250,E1320900146201,明泉学園　鶴川高等学校々庭,東京都町田市三輪町122,,,,1,,1,,,,35.581044294335,139.49659053054,
1251,E1320900025201,三輪小学校,東京都町田市三輪町330-1,,,,1,,1,,1,1,35.577709999829,139.49650457361,
1252,E1320900026201,鶴見川クリーンセンター,東京都町田市三輪緑山1-1,1,1,,,,,1,,,35.570657810379,139.49197459048,
1253,E1320900027201,三輪中央公園,東京都町田市三輪緑山3-21,,,,1,,1,,,,35.574300165299,139.48844715613,
1254,E1320900028202,三輪コミュニティセンター,東京都町田市三輪緑山4-14-1,1,1,,,,1,1,1,1,35.577160418116,139.49321127231,
1255,E1320900030201,七国山小学校,東京都町田市山崎町1314-2,1,1,,1,,1,1,1,1,35.576492678795,139.43552503482,
1256,E1320900031201,山崎中学校,東京都町田市山崎町1445,1,1,,1,,1,1,1,1,35.577544122799,139.43218997496,
1257,E1320900032201,都立山崎高等学校,東京都町田市山崎町1453-1,1,1,,1,,1,1,1,1,35.576835554416,139.43407226188,
1258,E1320900155201,山崎自然公園,東京都町田市山崎町1563,,,,1,,1,,,,35.578579866386,139.43835102752,
1259,E1320900034201,木曽山崎コミュニティセンター,東京都町田市山崎町2160-4,1,1,,,,1,1,1,,35.568589259415,139.43668623666,
1260,E1320900035201,小山中学校,東京都町田市小山ヶ丘1-2-4,1,1,,1,,1,1,1,1,35.595095755291,139.38643657501,
1261,E1320900037201,小山中央小学校,東京都町田市小山ヶ丘3-7-1,1,1,,1,,1,1,1,1,35.602099308455,139.37330056987,
1262,E1320900159201,サレジオ工業高等専門学校グラウンド,東京都町田市小山ヶ丘4-6-8,,,,1,,1,,,,35.605788028681,139.35849584972,
1263,E1320900040201,小山ヶ丘小学校,東京都町田市小山ヶ丘5-37,1,1,,1,,1,1,1,1,35.605003696405,139.35424412046,
1264,E1320900043201,小山小学校,東京都町田市小山町944,,,,1,,1,,1,1,35.592459344724,139.37790684846,
1265,E1320900044201,小山田中学校,東京都町田市小山田桜台1-12,1,1,,1,,1,1,1,1,35.58755828516,139.40404024026,
1266,E1320900045201,小山田南小学校,東京都町田市小山田桜台2-7,1,1,,1,,1,1,1,1,35.588735053136,139.40073482914,
1267,E1320900046201,都立小川高等学校,東京都町田市小川2-1002-1,,,,1,,1,,1,1,35.532385421225,139.46926019822,
1268,E1320900047201,小川小学校,東京都町田市小川3-10-1,,,,1,,1,,1,1,35.527044768187,139.4708369719,
1269,E1320900048201,鶴川中学校,東京都町田市小野路町1905-1,1,1,,1,,1,1,1,1,35.593830993732,139.45399862485,
1270,E1320900049201,小山田小学校,東京都町田市上小山田町614,,,,1,,1,,1,1,35.597485950838,139.40594027037,
1271,E1320900050201,桜美林学園グラウンド,東京都町田市常盤町3758,,,,1,,1,,,,35.58105617932,139.40576219922,
1272,E1320900051201,町田第四小学校,東京都町田市森野2-21-28,1,1,,1,,1,1,1,1,35.549814854203,139.43827280866,
1273,E1320900171201,木曽森野　防災市民いこいの広場,東京都町田市森野4-8,,,,1,,1,,,,35.555159955181,139.43307917226,
1274,E1320900053201,真光寺中学校,東京都町田市真光寺3-8-1,,,,1,,1,,1,1,35.597608125913,139.46475624942,
1275,E1320900054201,乗馬クラブクレイン東京,東京都町田市真光寺町1227,,,,1,,1,,,,35.599136327095,139.45941420642,
1276,E1320900055201,和光中・高等学校々庭,東京都町田市真光寺町1291,,,,1,,1,,,,35.597260385504,139.45801196046,
1277,E1320900056201,日本大学第三学園グラウンド,東京都町田市図師町2375,,,,1,,1,,,,35.592446733268,139.4213118585,
1278,E1320900057201,図師小学校,東京都町田市図師町239-19,1,1,,1,,1,1,1,1,35.584348375206,139.41679002963,
1279,E1320900058201,成瀬中央小学校,東京都町田市成瀬2-8,1,1,,1,,1,1,1,1,35.546785636165,139.47650626372,
1280,E1320900060201,都立成瀬高等学校,東京都町田市成瀬7-4-1,,,,1,,1,,1,1,35.541858336896,139.47522291647,
1281,E1320900061201,成瀬台中学校,東京都町田市成瀬台2-5-1,1,1,,1,,1,1,1,1,35.550584748145,139.47680960116,
1282,E1320900062201,成瀬台小学校,東京都町田市成瀬台2-5-2,1,1,,1,,1,1,1,1,35.550770510721,139.47769510521,
1283,E1320900063201,成瀬台公園,東京都町田市成瀬台3-7,,,,1,,1,,,,35.554914378773,139.47754226567,
1284,E1320900064202,成瀬コミュニティセンター,東京都町田市西成瀬2-49-1,1,1,,,,1,1,1,,35.543473989526,139.47275066057,
1285,E1320900065201,相原小学校,東京都町田市相原町1673,1,1,,1,,1,1,1,1,35.606543260826,139.32349144899,
1286,E1320900067201,ゆくのき学園（大戸小学校）,東京都町田市相原町3765-3,1,1,,1,,1,1,1,1,35.609427978049,139.30341446248,
1287,E1320900068201,ゆくのき学園（武蔵岡中学校）,東京都町田市相原町3865,1,1,,1,,1,1,1,1,35.609288416376,139.30487358418,
1288,E1320900070201,堺中学校,東京都町田市相原町752,,,,1,,1,,1,1,35.604635787753,139.33674915651,
1289,E1320900071201,堺市民センター,東京都町田市相原町795-1,1,1,,,,1,1,1,,35.604292515929,139.33339347077,
1290,E1320900072201,鶴川市民センター,東京都町田市大蔵町1981-4,1,1,,,,1,1,1,,35.588805269021,139.46734043753,
1291,E1320900073201,大蔵小学校,東京都町田市大蔵町286,1,1,,1,,1,1,1,1,35.586683265704,139.46809191355,
1292,E1320900074201,町田第一小学校,東京都町田市中町1-20-30,1,1,,1,,1,1,1,1,35.548155737162,139.44657398954,
1293,E1320900075201,町田第一中学校,東京都町田市中町1-27-5,1,1,,1,,1,1,1,1,35.550730831185,139.44627894655,
1294,E1320900076201,都立町田高等学校,東京都町田市中町4-25-3,1,1,,1,,1,1,1,1,35.553381390167,139.448753468,
1295,E1320900077201,都立町田工業高等学校,東京都町田市忠生1-20-2,1,1,,1,,1,1,1,1,35.575493615924,139.42229963178,
1296,E1320900078201,忠生公園,東京都町田市忠生1-3-1,,,,1,,1,,,,35.572503111944,139.42396116546,
1297,E1320900079201,山崎小学校,東京都町田市忠生2-15-26,1,1,,1,,1,1,1,1,35.576043262931,139.42524560781,
1298,E1320900080201,忠生小学校,東京都町田市忠生3-10-2,1,1,,1,,1,1,1,1,35.57923235642,139.41739601879,
1299,E1320900081201,忠生中学校,東京都町田市忠生3-14-1,1,1,,1,,1,1,1,1,35.578005339471,139.41568866825,
1300,E1320900082201,忠生市民センター,東京都町田市忠生3-14-2,1,1,,,,1,1,1,,35.578150345956,139.41640126636,
1301,E1320900083201,鶴間公園,東京都町田市鶴間3-1-1,,,,1,,1,,,,35.510490398145,139.46776789777,
1302,E1320900084201,南町田グランベリーパーク　パークライフ棟,東京都町田市鶴間3-1-4,1,1,,,,1,1,1,,35.510198113151,139.47003924793,
1303,E1320900085201,鶴間小学校,東京都町田市鶴間4-17-1,,,,1,,1,,1,1,35.505416335728,139.46902022199,
1304,E1320900086201,鶴川第四小学校,東京都町田市鶴川3-22,,,,1,,1,,1,1,35.593097206481,139.4628043053,
1305,E1320900087201,鶴川第二中学校,東京都町田市鶴川6-4,,,,1,,1,,1,1,35.590189634713,139.47495597215,
1306,E1320900088201,鶴川第三小学校,東京都町田市鶴川6-5,1,1,,1,,1,1,1,1,35.590661490071,139.47376864818,
1307,E1320900089201,鶴川中央公園,東京都町田市鶴川6-6,,,,1,,1,,,,35.591117814668,139.47179262363,
1308,E1320900090201,昭和薬科大学多目的グラウンド,東京都町田市東玉川学園3-3165,,,,1,,1,,,,35.553156841196,139.46944300853,
1309,E1320900091201,藤の台小学校,東京都町田市藤の台3-1-1,1,1,,1,,1,1,1,1,35.572865719587,139.45167070524,
1310,E1320900092201,つくし野中学校,東京都町田市南つくし野2-14-2,1,1,,1,,1,1,1,1,35.518611015877,139.47710215627,
1311,E1320900093201,南つくし野こうま公園,東京都町田市南つくし野2-30-1,,,,1,,1,,,,35.515056894,139.48044267697,
1312,E1320900094201,南つくし野小学校,東京都町田市南つくし野2-4-8,,,,1,,1,,1,1,35.515986701373,139.47547786868,
1313,E1320900095201,南成瀬中央公園,東京都町田市南成瀬1-10,,,,1,,1,,,,35.537764594865,139.47307729356,
1314,E1320900096201,なるせ駅前市民センター,東京都町田市南成瀬1-2-5,1,1,,,,1,1,1,,35.536808791485,139.47301267112,
1315,E1320900097201,南成瀬小学校,東京都町田市南成瀬3-6,1,1,,1,,1,1,1,1,35.539854450647,139.47006753545,
1316,E1320900098201,市立総合体育館,東京都町田市南成瀬5-12,1,1,,,,1,1,1,,35.535897269103,139.47937603591,
1317,E1320900099201,南成瀬中学校,東京都町田市南成瀬7-7-1,1,1,,1,,1,1,1,1,35.533766346379,139.48217383985,
1318,E1320900100201,町田第六小学校,東京都町田市南大谷1260,1,1,,1,,1,1,1,1,35.549304743425,139.46050327318,
1319,E1320900101201,町田第二中学校,東京都町田市南大谷1327,1,1,,1,,1,1,1,1,35.549572331099,139.45520194083,
1320,E1320900102201,三井住友海上玉川研修所グラウンド,東京都町田市南大谷703-1,,,,1,,1,,,,35.556373351398,139.46663519983,
1321,E1320900103201,南大谷小学校,東京都町田市南大谷811-1,,,,1,,1,,1,1,35.551967607516,139.46323424133,
1322,E1320900104201,南大谷中学校,東京都町田市南大谷985-1,1,1,,1,,1,1,1,1,35.55060702185,139.46349632438,
1323,E1320900105201,南第一小学校,東京都町田市南町田1-10-1,1,1,,1,,1,1,1,1,35.521949755982,139.46781486631,
1324,E1320900107201,鶴川第二小学校,東京都町田市能ヶ谷7-24-1,1,1,,1,,1,1,1,1,35.591853615077,139.48171505555,
1325,E1320900106201,能ケ谷町平和台第二児童公園,東京都町田市能ヶ谷7-44,,,,1,,1,,,,35.593665383632,139.48403261834,
1326,E1320900109201,町田第三小学校,東京都町田市本町田1212,,,,1,,1,,1,1,35.564176139886,139.44595311583,
1327,E1320900110201,町田第三中学校,東京都町田市本町田1853,1,1,,1,,1,1,1,1,35.561554898726,139.43207398452,
1328,E1320900111201,本町田ひなた小学校,東京都町田市本町田2032,1,1,,1,,1,1,1,1,35.563389405079,139.43714199086,
1329,E1320900113201,藤の台球場,東京都町田市本町田3486,,,,1,,1,,,,35.568295808664,139.44769531337,
1330,E1320900114201,木曽境川小学校,東京都町田市木曽西1-9-1,,,,1,,1,,1,1,35.565035203993,139.41558171003,
1331,E1320900115201,木曽中学校,東京都町田市木曽西2-4-9,,,,1,,1,,1,1,35.568666368223,139.41328546944,
1332,E1320900116201,都立町田総合高等学校,東京都町田市木曽西3-5-1,1,1,,1,,1,1,1,1,35.570467054564,139.41686847943,
1333,E1320900117201,木曽森野コミュニティセンター,東京都町田市木曽東1-2,1,1,,,,1,1,1,,35.555128601265,139.42858713872,
1334,E1320900118201,忠生第三小学校,東京都町田市木曽東3-11-3,1,1,,1,,1,1,1,1,35.563356073376,139.42539400941,
1335,E1320900120201,鶴川第一小学校,東京都町田市野津田町1290,1,1,,1,,1,1,1,1,35.590978533533,139.45705864099,
1336,E1320900121201,都立野津田高等学校,東京都町田市野津田町2001,,,,1,,1,,1,1,35.589768902969,139.43747441055,
1337,E1320900122201,野津田公園,東京都町田市野津田町2035,,,,1,,1,,,1,35.592637210345,139.4405607577,
1338,E1320900122202,町田ＧＩＯＮスタジアム（町田市立陸上競技場）,東京都町田市野津田町2035,1,1,,1,,1,1,1,1,35.592483078471,139.43886560161,
1339,E1320900123201,国士舘楓の杜キャンパス,東京都町田市野津田町3101,,,,1,,1,,,,35.582791088747,139.4503186341,
1340,E1320900124201,薬師池公園,東京都町田市野津田町3270,,,,1,,1,,,,35.578743016239,139.44785903549,
1341,E1320800006201,大町スポーツ施設・調和小学校周辺,東京都調布市菊野台3,,,,1,,1,,,,35.651264463764,139.57303811176,
1342,E1320800015201,神代中学校・上ノ原小学校周辺,東京都調布市佐須町5,,,,1,,1,,,,35.662779923354,139.560821879,
1343,E1320800019201,第四中学校・若葉小学校周辺,東京都調布市若葉町3,,,,1,,1,,,,35.65420328,139.5835852,
1344,E1320800031201,都立神代植物公園及び自由広場,東京都調布市深大寺元町5,,,,1,,1,,,,35.67073119,139.5492347,
1345,E1320400078201,東京都立神代植物公園,東京都調布市深大寺元町5-31-10,,,,1,,1,,,,35.670734,139.549147,
1346,E1320800039201,調布基地跡地運動広場及び大沢総合グラウンド一部,東京都調布市西町290,,,,1,,1,,,,35.668924092059,139.52619188727,
1347,E1320800047201,多摩川河川敷（第３区）周辺（二ヶ領堰～狛江市境）,東京都調布市染地2-51,,,,1,,1,,,,35.63684985,139.5537788,
1348,E1320800051201,多摩川河川敷（第１区）周辺（府中市境～多摩川原橋）,東京都調布市多摩川2-7,,,,1,,1,,,,35.64613009,139.5250352,
1349,E1320800053201,多摩川河川敷（第２区）周辺（多摩川原橋～二ヶ領堰）,東京都調布市多摩川5-32,,,,1,,1,,,,35.64088004,139.5372024,
1350,E1320800059201,ＮＴＴ中央研修センター,東京都調布市入間町1-44,,,,1,,1,,,,35.65140543,139.5879946,
1351,E1321000029201,都立野川公園,東京都調布市野水１など,,,,,,1,,,,35.682914,139.525553,
1352,E1320800072201,緑ヶ丘小学校周辺,東京都調布市緑ケ丘2,,,,1,,1,,,,35.66945994,139.5846907,
1353,E1320400079201,調布市立緑ヶ丘小学校周辺,東京都調布市緑ヶ丘2-16-1,,,,1,,1,,,,35.669531,139.584691,
1354,E1322200001201,旧下里小学校,東京都東久留米市下里3-11-25,,,,1,,1,,,1,35.75185722,139.4987823,
1355,E1322200002201,下里中学校,東京都東久留米市下里3-21-1,,,,1,,1,,,1,35.75181937,139.4999818,
1356,E1322200003201,柳泉園組合グラウンド,東京都東久留米市下里4-3-10,,,,1,,1,,,,35.75436823,139.4957032,
1357,E1322200004201,自由学園,東京都東久留米市学園町1-8-15,1,1,,1,,1,1,,1,35.75482647,139.538086,
1358,E1322200005201,南中学校,東京都東久留米市学園町2-1-23,1,1,,1,,1,1,,1,35.74990225,139.5346251,
1359,E1322200006201,第六小学校,東京都東久留米市金山町1-17-1,1,1,,1,,1,1,,1,35.76912415,139.53728,
1360,E1322200007201,都立東久留米総合高等学校,東京都東久留米市幸町5-8-46,,,,1,,1,,,1,35.76212787,139.5195744,
1361,E1322200008201,小山台遺跡公園,東京都東久留米市小山1-10,,,,1,,1,,,,35.7646365,139.529156,
1362,E1322200009201,小山小学校,東京都東久留米市小山5-5-4,1,1,,1,,1,1,,1,35.76504904,139.5184257,
1363,E1322200010201,東中学校,東京都東久留米市上の原2-1-40,1,1,,1,,1,1,,1,35.77129284,139.5467999,
1364,E1322200011201,第二小学校,東京都東久留米市新川町1-14-6,1,1,,1,,1,1,,1,35.75968911,139.5383204,
1365,E1322200012201,不動橋広場,東京都東久留米市新川町1-17,,,,1,,1,,,,35.758713,139.539515,
1366,E1322200013201,クリスチャン・アカデミー・イン・ジャパン,東京都東久留米市新川町1-2-14,1,1,,1,,1,1,,1,35.75894902,139.5371034,
1367,E1322200014201,神宝小学校,東京都東久留米市神宝町1-6-7,1,1,,1,,1,1,,1,35.76651074,139.5437216,
1368,E1322200015201,浅間町地区センター,東京都東久留米市浅間町2-24-16,1,1,,,,1,1,,1,35.757837937345,139.541758130449,
1369,E1322200016201,浄牧院・新川第２広場,東京都東久留米市大門町1-3-4,,,,1,,1,,,,35.76373677,139.5385046,
1370,E1322200017201,大門中学校,東京都東久留米市大門町2-13-8,,,,1,,1,,,,35.76290987,139.5435959,
1371,E1322200018201,東久留米市スポーツセンター,東京都東久留米市大門町2-14-37,,,,1,,1,,,1,35.76227793,139.5444208,
1372,E1322200019201,西中学校,東京都東久留米市滝山2-3-23,1,1,,1,,1,1,,1,35.74703121,139.5087971,
1373,E1322200020201,滝山公園,東京都東久留米市滝山2-4,,,,1,,1,,,,35.74516218,139.5098919,
1374,E1322200021201,第九小学校,東京都東久留米市滝山3-2-30,,,,1,,1,,,1,35.74246723,139.5075518,
1375,E1322200022201,第七小学校,東京都東久留米市滝山7-26-30,1,1,,1,,1,1,,1,35.75008244,139.503801,
1376,E1322200023201,第三小学校,東京都東久留米市中央町1-16-1,1,1,,1,,1,1,,1,35.75745292,139.5243635,
1377,E1322200024201,都立六仙公園,東京都東久留米市中央町3,,,,1,,1,,,,35.74959932,139.5226528,
1378,E1322200025201,中央中学校,東京都東久留米市中央町5-7-65,1,1,,1,,1,1,,1,35.74989305,139.5159696,
1379,E1322200026201,第一小学校,東京都東久留米市中央町6-8-1,1,1,,1,,1,1,,1,35.75430466,139.5161292,
1380,E1322200027201,第五小学校,東京都東久留米市南沢4-6-1,1,1,,1,,1,1,,1,35.74689162,139.5287428,
1381,E1322200028201,南町小学校,東京都東久留米市南町3-2-23,1,1,,1,,1,1,,1,35.74097504,139.5239913,
1382,E1322200029201,東京学芸大学付属特別支援学校,東京都東久留米市氷川台1-6-1,,,,1,,1,,,1,35.76467434,139.5307609,
1383,E1322200030201,都立久留米西高等学校,東京都東久留米市野火止2-1-44,,,,1,,1,,,1,35.7621186,139.5127917,
1384,E1322200031201,野火止地区センター,東京都東久留米市野火止2-1-83,1,1,,,,1,1,,1,35.763584,139.513348,
1385,E1322200032201,下里本邑遺跡公園,東京都東久留米市野火止3-4,,,,1,,1,,,,35.76092823,139.5087904,
1386,E1322200033201,本村小学校,東京都東久留米市野火止3-5-1,,,,1,,1,,,1,35.7602593,139.507349,
1387,E1322200034201,第十小学校,東京都東久留米市柳窪5-9-43,,,,1,,1,,,1,35.7506474,139.4928648,
1388,E1321300001201,八坂小学校,東京都東村山市栄町3-34-1,1,1,,1,,,,,1,35.7490012086849,139.465783844666,
1389,E1321300047201,大岱小学校,東京都東村山市恩多町4-17-1,,1,,1,,,,,1,35.7564106804336,139.477918768221,
1390,E1321300004201,東村山第五中学校,東京都東村山市恩多町4-38-1,1,1,,1,,,,,1,35.7606335999607,139.480669449695,
1391,E1321300050201,野火止小学校,東京都東村山市恩多町5-47-1,1,1,,1,,,,,1,35.7561328065213,139.485566042476,
1392,E1321300051201,回田小学校,東京都東村山市廻田町3-28-1,1,1,,1,,,,,1,35.7589597995153,139.446056005566,
1393,E1321300053201,東村山第二中学校,東京都東村山市久米川町2-4-1,1,1,,1,,,,,1,35.7698742545454,139.475032894034,
1394,E1321300008201,久米川東小学校,東京都東村山市久米川町2-40-10,,1,,1,,,,,1,35.765718284807,139.482792938469,
1395,E1321300054201,久米川小学校,東京都東村山市久米川町4-11-1,1,1,,1,,,,,1,35.762315513254,139.471625534547,
1396,E1321300055201,東村山第六中学校,東京都東村山市秋津町2-29-14,,1,,1,,,,,1,35.7698118533304,139.489892275434,
1397,E1321300013201,秋津小学校,東京都東村山市秋津町3-48-1,1,1,,1,,,,,1,35.7728029750699,139.482049088219,
1398,E1321300014201,秋津東小学校,東京都東村山市秋津町4-35-11,1,1,,1,,,,,1,35.7747016034235,139.488766743049,
1399,E1321300016201,化成小学校,東京都東村山市諏訪町1-4-1,1,1,,1,,,,,1,35.7647989613067,139.465844810854,
1400,E1321300017201,八国山緑地,東京都東村山市諏訪町2,,,,1,,1,,,,35.7682860543655,139.456224909043,
1401,E1321300022201,青葉小学校,東京都東村山市青葉町2-33-1,1,1,,1,,,,,1,35.7646006635164,139.490088365902,
1402,E1321300023201,狭山公園内　風の広場・太陽広場,東京都東村山市多摩湖町3-17-19,,,,1,,1,,,,35.763783,139.441741,
1403,E1321100095201,東京都立小平霊園,東京都東村山市萩山町1-16-1,,,,1,,1,1,,,35.74159608,139.4854981,
1404,E1321300024201,小平霊園,東京都東村山市萩山町1-16-1,,,,1,,1,,,,35.7401519876771,139.48529694403,
1405,E1321300027201,萩山小学校,東京都東村山市萩山町4-16-1,1,1,,1,,,,,1,35.7435485991665,139.477853291089,
1406,E1321300028201,東村山第三中学校,東京都東村山市萩山町5-2-1,1,1,,1,,,,,1,35.7479030184947,139.47668107254,
1407,E1321300029201,東萩山小学校,東京都東村山市萩山町5-7-1,1,1,,1,,,,,1,35.7463098255854,139.477654953432,
1408,E1321300030201,東村山第七中学校,東京都東村山市美住町2-23-1,1,1,,1,,,,,,35.7554542369244,139.459520832959,
1409,E1321300032201,南台小学校,東京都東村山市富士見町1-16-12,1,1,,1,,,,,1,35.7444299616452,139.45527530328,
1410,E1321300033201,東村山第一中学校,東京都東村山市富士見町1-5-2,1,1,,1,,,,,1,35.7425141641746,139.46090691597,
1411,E1321300041201,富士見小学校,東京都東村山市富士見町5-4-57,1,1,,1,,,,,1,35.7464533664761,139.458555401998,
1412,E1321300042201,東村山中央公園,東京都東村山市富士見町5-4-67,,,,1,,1,,,,35.7473170581157,139.459920669193,
1413,E1321300044201,東村山第四中学校,東京都東村山市野口町3-24-1,1,1,,1,,,,,1,35.7641396074119,139.453681346106,
1414,E1321300045201,北山小学校,東京都東村山市野口町3-45-1,,1,,1,,,,,1,35.7661089671619,139.455584287635,
1415,E1322000001201,東大和市立第五中学校,東京都東大和市芋窪5-1119,1,1,,1,,1,1,,1,35.748204755233,139.416978363556,
1416,E1322000002201,東大和市立第七小学校,東京都東大和市芋窪5-1171,,1,,1,,1,,,1,35.7500764131913,139.414565810004,
1417,E1322000003201,東大和市立狭山公民館,東京都東大和市狭山3-1344-1,1,1,,,,,1,,1,35.755862,139.437687,
1418,E1322000004201,東大和市立第四小学校,東京都東大和市狭山5-1038,,1,,1,,1,,,1,35.7488865079795,139.440486265024,
1419,E1322000005201,上仲原公園,東京都東大和市向原1-1,,,,1,,1,,,,35.7409607996979,139.443767722965,
1420,E1322000006201,東大和市立第五小学校,東京都東大和市向原1-11,1,1,,1,,1,1,,1,35.7410325539154,139.440759187257,
1421,E1322000007201,向原中央広場,東京都東大和市向原3-10,,,,1,,1,,,1,35.7392641131545,139.435610030349,
1422,E1322000007202,東大和市立向原市民センター,東京都東大和市向原3-10,1,1,,,,,1,,1,35.740619,139.436858,
1423,E1322000008201,東大和南公園,東京都東大和市桜が丘2-106-2,,,,1,,1,,,,35.734126415416,139.422074603523,
1424,E1322000009201,桜が丘市民広場,東京都東大和市桜が丘2-142-2,,,,1,,1,,,,35.7354414606108,139.426140832381,
1425,E1322000010201,東大和市立市民体育館,東京都東大和市桜が丘2-167-13,1,1,,,,,1,,1,35.735875,139.421466,
1426,E1322000011201,東大和市立桜が丘市民センター,東京都東大和市桜が丘3-44-13,1,1,,,,,1,,1,35.734318,139.4202,
1427,E1322000012201,都立東大和南高校,東京都東大和市桜が丘3-44-8,,,,1,,1,,,1,35.7321935167207,139.423463484211,
1428,E1322000013201,東大和市立上北台市民センター,東京都東大和市上北台2-865-9,1,1,,,,,1,,1,35.742872,139.414756,
1429,E1322000014201,東大和市立第十小学校,東京都東大和市上北台3-399,1,1,,1,,1,1,,1,35.7418327709086,139.41311390064,
1430,E1322000015201,東大和市立新堀地区会館,東京都東大和市新堀3-6-1,1,1,,,,,1,,1,35.738207,139.446999,
1431,E1322000034201,清原中央公園,東京都東大和市清原1-1213-1,,,,1,,1,,,,35.743733,139.448233,
1432,E1322000017201,東大和市立清原市民センター,東京都東大和市清原4-1,1,1,,,,,1,,1,35.740824,139.447269,
1433,E1322000018201,東大和市立第三小学校,東京都東大和市清原4-1312-2,1,1,,1,,1,1,,1,35.740124438242,139.446987062637,
1434,E1322000019201,東大和市立蔵敷公民館,東京都東大和市蔵敷2-337,1,1,,,,,1,,1,35.754231,139.416211,
1435,E1322000020201,東大和市立第九小学校,東京都東大和市蔵敷2-546,1,1,,1,,1,1,,1,35.7517218763728,139.419687918081,
1436,E1322000021201,東大和市立中央公民館,東京都東大和市中央3-926,1,1,,,,,1,,1,35.744551,139.426569,
1437,E1322000022201,都立東大和高校,東京都東大和市中央3-945,,,,1,,1,,,1,35.7452191786678,139.424660051569,
1438,E1322000023201,東大和市立第六小学校,東京都東大和市仲原1-5-1,1,1,,1,,1,1,,1,35.7444923948634,139.443476674544,
1439,E1322000024201,東大和市立第三中学校,東京都東大和市仲原2-7,1,1,,1,,1,1,,1,35.7446329144197,139.44183678889,
1440,E1322000025201,東大和市立郷土博物館,東京都東大和市奈良橋1-260-2,1,,,,,,1,,1,35.7552,139.423063,
1441,E1322000026201,東大和市立第一中学校,東京都東大和市奈良橋3-530,1,1,,1,,1,1,,1,35.7513343676613,139.428006383648,
1442,E1322000027201,東大和市立第一小学校,東京都東大和市奈良橋4-573,1,1,,1,,1,1,,1,35.7516578377836,139.426004307691,
1443,E1322000028201,東大和市立奈良橋市民センター,東京都東大和市奈良橋4-600,1,1,,,,,1,,1,35.752425,139.425832,
1444,E1322000029201,東大和市立第二中学校,東京都東大和市南街3-60-4,1,1,,1,,1,1,,1,35.7394862422403,139.428559962114,
1445,E1322000030201,東大和市立第二小学校,東京都東大和市南街3-61-2,1,1,,1,,1,,,1,35.7382942655788,139.429084117422,
1446,E1322000031201,東大和市立南街市民センター,東京都東大和市南街5-32,1,1,,,,,1,,1,35.737188,139.431561,
1447,E1322000032201,東大和市立第四中学校,東京都東大和市立野2-6-2,1,1,,1,,1,1,,1,35.744946339308,139.418465968079,
1448,E1322000033201,東大和市立第八小学校,東京都東大和市立野3-1255,1,1,,1,,1,,,1,35.7413933247145,139.422213623176,
1449,E1322400072201,総合福祉センター立体駐車場（７０台）,東京都南野3-15-1,1,1,,,,,1,,,35.612574,139.412717,
1450,E1322400071201,アクアブルー多摩立体駐車場（３００台）,東京都南野3-15-2,1,1,,,,,1,,,35.612125,139.414288,
1451,E1330500001201,日の出町やまびこホール,東京都日の出町大久野1165-2,1,1,,1,,,1,,1,35.7457064206971,139.235975737804,
1452,E1330500003201,大久野小学校,東京都日の出町大久野1176,1,1,,1,,,1,,,35.7457336479062,139.23528491957,
1453,E1330500004201,大久野中学校,東京都日の出町大久野1559,1,1,,1,,,1,,1,35.7419048542314,139.229858722328,
1454,E1330500005201,大久野老人福祉センター,東京都日の出町大久野2120-1,1,1,,1,,,1,,1,35.743633916582,139.22829745764,
1455,E1330500006201,肝要の里,東京都日の出町大久野4089,1,1,,1,,,1,,1,35.7703566433692,139.206033678923,
1456,E1330500007201,大久野健康いきいきセンター,東京都日の出町大久野696-1,1,1,,1,,,1,,1,35.7500702666922,139.241383161003,
1457,E1330500008201,北大久野地域多目的広場,東京都日の出町大久野697-1,,,,1,,,,,,35.7501239829268,139.241059026471,
1458,E1330500009201,平井小学校,東京都日の出町平井1218,1,1,,1,,,1,,1,35.7411197691903,139.267578025642,
1459,E1330500010201,本宿小学校,東京都日の出町平井1855,1,1,,1,,,1,,1,35.7365380825484,139.262533326021,
1460,E1330500011201,本宿老人福祉センター,東京都日の出町平井1982,1,1,,1,,,1,,1,35.7357212260713,139.260258343696,
1461,E1330500012201,三吉野桜木中央公園,東京都日の出町平井204,,,,1,,,,,,35.7359618648866,139.272497071247,
1462,E1330500013201,日の出団地２号公園,東京都日の出町平井2196-636,,,,1,,,,,,35.737128555395,139.249862921576,
1463,E1330500014201,イオンモール日の出駐車場,東京都日の出町平井237-3,1,1,,1,,,1,,,35.7337856539787,139.275039013085,
1464,E1330500015201,平井中学校,東京都日の出町平井2654,1,1,,1,,,1,,1,35.744662030789,139.256607565695,
1465,E1330500016201,三吉野欠上公園,東京都日の出町平井27,,,,1,,,,,,35.7374696098314,139.278198364565,
1466,E1330500017201,ユートピアサンホーム,東京都日の出町平井2738,1,1,,1,,,1,,1,35.7414688580166,139.256869744617,
1467,E1330500018201,ユートピアひまわりホーム,東京都日の出町平井2738-3,1,1,,1,,,1,,1,35.7412631344114,139.256771593431,
1468,E1330500019201,日の出町民グランド,東京都日の出町平井2777,,,,1,,,,,,35.7400505320049,139.260362757666,
1469,E1330500020201,ひのでグリーンプラザ,東京都日の出町平井3231-1,1,1,,1,,,1,,1,35.7424199249194,139.259280117374,
1470,E1330500021201,平井・生涯青春ふれあい総合福祉センター,東京都日の出町平井4118,1,1,,1,,,1,,1,35.7431533223249,139.27475587495,
1471,E1321200001201,コニカミノルタ日野グラウンド,東京都日野市さくら町1,1,,,1,,1,,,,35.66797356,139.3759914,
1472,E1321200003201,旭が丘東公園,東京都日野市旭が丘1-18-1,1,,,1,,1,,,,35.656278,139.373464,
1473,E1321200004201,日野第四中学校（校庭）,東京都日野市旭が丘2-42,1,,,1,,1,,,1,35.66119155,139.3692722,
1474,E1321200009201,旭が丘小学校（校庭）,東京都日野市旭が丘5-21-1,1,,,1,,1,,,1,35.65900996,139.3601485,
1475,E1321200010201,東京都立大学日野キャンパス（校庭一部）,東京都日野市旭が丘6-6,1,,,1,,1,,,,35.661077777072,139.36620746223,
1476,E1321200012201,東光寺グラウンド,東京都日野市栄町3-15,,,,1,,1,,,,35.686612661784,139.38315731349,
1477,E1321200013201,潤徳小学校（校庭）,東京都日野市高幡402,,,,1,,1,,,1,35.663886204796,139.41395885004,
1478,E1321200014201,高幡不動尊（境内一部）,東京都日野市高幡733,1,,,1,,1,,,,35.661662414177,139.4106055086,
1479,E1321200016201,三沢中学校（校庭）,東京都日野市三沢1-17-4,1,,,1,,1,,,1,35.65992123,139.4226499,
1480,E1321200017201,日野第八小学校（校庭）,東京都日野市三沢200,1,,,1,,1,,,1,35.66100407,139.4237234,
1481,E1321200023201,東光寺小学校（校庭）,東京都日野市新町3-24-1,1,,,1,,1,,,1,35.68134905,139.3845454,
1482,E1321200024201,日野自動車（株）総合グラウンド,東京都日野市新町5-18,1,,,1,,1,,,,35.682413799396,139.37636191045,
1483,E1321200025201,日野中央公園,東京都日野市神明2-13-2,1,,,1,,1,,,,35.67093338,139.3940586,
1484,E1321200027201,日野第七小学校（校庭）,東京都日野市神明3-2,1,,,1,,1,,,1,35.6723027,139.3926388,
1485,E1321200028201,滝合小学校（校庭）,東京都日野市西平山2-3-1,,,,1,,1,,,1,35.64501796,139.372968,
1486,E1321200029201,都立日野高等学校（校庭一部）,東京都日野市石田1-190-1,,,,1,,1,,,,35.6667196,139.4258805,
1487,E1321200030201,北川原公園,東京都日野市石田1-236,,,,1,,1,,,,35.672135825754,139.42274781985,
1488,E1321200031201,日野第四小学校（校庭）,東京都日野市石田430,,,,1,,1,,,1,35.677379997228,139.41712903929,
1489,E1321200032201,駒形公園,東京都日野市川辺堀之内先,,,,1,,1,,,,35.66542546,139.4013892,
1490,E1321200037201,日野第六小学校（校庭）,東京都日野市多摩平3-21,1,,,1,,1,,,1,35.66446655,139.3745717,
1491,E1321200038201,多摩平の森,東京都日野市多摩平4-10,1,,,1,,1,,,,35.66759184,139.3843909,
1492,E1321200039201,多摩平第一公園,東京都日野市多摩平4-2,1,,,1,,1,,,,35.66692974449,139.37958701164,
1493,E1321200040201,日野第二中学校（校庭）,東京都日野市多摩平4-5-2,1,,,1,,1,,,1,35.66497446,139.3801057,
1494,E1321200041201,日野第五小学校（校庭）,東京都日野市多摩平6-21-1,1,,,1,,1,,,1,35.66971713,139.3828429,
1495,E1321200043201,実践女子大学（校庭一部）,東京都日野市大坂上4-1-1,1,,,1,,1,,,,35.67091944,139.3899328,
1496,E1321200044201,大坂上中学校（校庭）,東京都日野市大坂上4-17-1,1,,,1,,1,,,1,35.67378014,139.3866035,
1497,E1321200046201,夢が丘小学校（校庭）,東京都日野市程久保1-14-2,1,,,1,,1,,,1,35.652464711049,139.40983014233,
1498,E1321200047201,明星大学（校庭一部）,東京都日野市程久保2-1-1,1,,,1,,1,,,,35.643341294965,139.40681521957,
1499,E1320100001201,明星大学,東京都日野市程久保2-1-1,,,,1,,,,,,35.644671800517,139.40710440413,想定収容人数：地震（屋外）5575人
1500,E1321200049201,教育センター（高幡台小跡地校庭）,東京都日野市程久保550,1,,,1,,1,,,,35.65191877,139.4109855,
1501,E1321200050201,日野第三中学校（校庭）,東京都日野市程久保650,1,,,1,,1,,,1,35.64899998,139.4112887,
1502,E1321200056201,豊田小学校（校庭）,東京都日野市東豊田2-14-1,1,,,1,,1,,,1,35.66049289,139.3896519,
1503,E1321200057201,かしまだい地区広場,東京都日野市南平1-10-43,1,,,1,,1,,,,35.657367756377,139.40392439325,
1504,E1321200058201,日本野鳥の会ＷＩＮＧ跡地,東京都日野市南平2-35-2,1,,,1,,1,,,,35.65475376,139.3996557,
1505,E1321200059201,南平小学校（校庭）,東京都日野市南平4-18-1,,,,1,,1,,,1,35.66013078,139.3991391,
1506,E1321200061201,七生中学校（校庭）,東京都日野市南平6-7-1,,,,1,,1,,,1,35.65866045,139.3938762,
1507,E1321200064201,日野第三小学校（校庭）,東京都日野市日野台2-1-1,1,,,1,,1,,,1,35.67847203,139.3841085,
1508,E1321200065201,日野第一小学校（校庭）,東京都日野市日野本町2-14-1,1,,,1,,1,,,1,35.676825897306,139.39879358462,
1509,E1321200067201,仲田小学校（校庭）,東京都日野市日野本町6-1-74,,,,1,,1,,,1,35.682313666611,139.40250087791,
1510,E1321200069201,市民の森スポーツ公園,東京都日野市日野本町7-12-1,,,,1,,1,,,,35.68006704,139.4022454,
1511,E1321200070201,日野第一中学校（校庭）,東京都日野市日野本町7-7-7,,,,1,,1,,,1,35.679758798045,139.40092008453,
1512,E1321200072201,杉野学園グラウンド,東京都日野市百草1006,1,,,1,,1,,,,35.646610458311,139.42243379325,
1513,E1321200075201,七生緑小学校（校庭）,東京都日野市百草896-1,1,,,1,,1,,,1,35.65374097,139.4223208,
1514,E1321200076201,百草台自然公園,東京都日野市百草914-85,1,,,1,,1,,,,35.653063284237,139.42217680252,
1515,E1321200077201,百草台運動広場,東京都日野市百草999,1,,,1,,1,,,,35.65360245,139.418781,
1516,E1321200074201,帝京大学駐車場,東京都日野市百草８０４－１７外,1,,,1,,1,,,,35.648312,139.425977,
1517,E1321200074202,帝京短期大学グラウンド,東京都日野市百草８０４－１７外,1,,,1,,1,,,,35.64821999,139.4242131,
1518,E1321200078201,平山台健康・市民支援センター（平山台小跡地校庭）,東京都日野市平山2-1-1,1,,,1,,1,,,,35.64034085,139.3872498,
1519,E1321200081201,平山中学校（校庭）,東京都日野市平山4-21-3,,,,1,,1,,,1,35.65139967,139.3855004,
1520,E1321200083201,平山小学校（校庭）,東京都日野市平山4-8-6,1,,,1,,1,,,1,35.64889505,139.3856651,
1521,E1321200089201,万願寺中央公園,東京都日野市万願寺4-20-12,,,,1,,1,,,,35.671416012538,139.41405635952,
1522,E1321200093201,浅川スポーツ公園,東京都日野市万願寺5-3-7,,,,1,,1,,,,35.667954809783,139.41291137509,
1523,E1320100002201,浅川河川敷,東京都八王子市,,,,1,,,,,,35.685332335702,139.28169792099,所在地：八王子市（長沼橋付近～市立上壱分方小学校付近）、想定収容人数：地震（屋外）684242人
1524,E1320100003201,みなみ野君田小学校,東京都八王子市みなみ野4-3-1,,1,,1,,,,,1,35.627177023365,139.32525550512,想定収容人数：地震（屋外）3828人、風水害（屋内）2117人
1525,E1320100004201,みなみ野小学校　（みなみ野小中学校）,東京都八王子市みなみ野6-14-1,1,1,,1,,,1,,1,35.633302640826,139.32296102447,想定収容人数：地震（屋外）4730人、風水害（屋内）1927人
1526,E1320100005201,みなみ野中学校　（みなみ野小中学校）,東京都八王子市みなみ野6-14-2,1,1,,1,,,1,,1,35.632754373972,139.32190802208,想定収容人数：地震（屋外）7246人、風水害（屋内）1996人
1527,E1320100006201,横川小学校,東京都八王子市横川町305,1,1,,1,,,1,,1,35.666864937483,139.30746260799,想定収容人数：地震（屋外）5516人、風水害（屋内）1420人
1528,E1320100007201,横川中学校,東京都八王子市横川町364,1,1,,1,,,1,,1,35.668066968353,139.30553473523,想定収容人数：地震（屋外）7065人、風水害（屋内）1160人
1529,E1320100008201,恩方第一小学校,東京都八王子市下恩方町1369,1,,,1,,,1,,1,35.669303301213,139.25395808398,想定収容人数：地震（屋外）3958人、風水害（屋内）1100人
1530,E1320100009201,元木小学校,東京都八王子市下恩方町515-1,1,1,,1,,,1,,1,35.681105327083,139.26522340318,想定収容人数：地震（屋外）6181人、風水害（屋内）1145人
1531,E1320100010201,由木中央市民センター,東京都八王子市下柚木2-10-6,1,1,,,,,1,,1,35.627000476818,139.38279583922,想定収容人数：風水害（屋内）580人
1532,E1320100011201,由木中学校,東京都八王子市下柚木2-34-2,1,1,,1,,,1,,1,35.626698729976,139.38545933781,想定収容人数：地震（屋外）5394人、風水害（屋内）1603人
1533,E1320100012201,由木中央小学校,東京都八王子市下柚木25,1,1,,1,,,1,,1,35.629492767152,139.38358024849,想定収容人数：地震（屋外）5333人、風水害（屋内）1755人
1534,E1320100013201,下柚木小学校,東京都八王子市下柚木3-9,1,1,,1,,,1,,1,35.622675662882,139.38116612401,想定収容人数：地震（屋外）5230人、風水害（屋内）1163人
1535,E1320100014201,加住小中学校　本校舎,東京都八王子市加住町1-191,1,1,,1,,,1,,1,35.701712840995,139.31696636967,想定収容人数：地震（屋外）5278人、風水害（屋内）1053人
1536,E1320100015201,加住市民センター,東京都八王子市加住町1-338,1,1,,,,,1,,1,35.699482314011,139.32397915698,想定収容人数：風水害（屋内）443人
1537,E1320100016201,元八王子東小学校,東京都八王子市叶谷町1521,1,1,,1,,,1,,1,35.670883332801,139.30393403761,想定収容人数：地震（屋外）6638人、風水害（屋内）1333人
1538,E1320100017201,翔陽高等学校,東京都八王子市館町1097-136,1,,,1,,,1,,1,35.629403138652,139.29200697093,想定収容人数：地震（屋外）13289人、風水害（屋内）674人
1539,E1320100018201,館小中学校　本校舎,東京都八王子市館町1097-15,1,1,,1,,,1,,1,35.629881859159,139.28831203667,想定収容人数：地震（屋外）6578人、風水害（屋内）1021人
1540,E1320100019201,高尾山学園　（小・中学部）,東京都八王子市館町1097-30,1,1,,1,,,1,,1,35.624185753869,139.28865604286,想定収容人数：地震（屋外）6028人、風水害（屋内）1181人
1541,E1320100020201,館小中学校　分校舎,東京都八王子市館町2786,1,1,,1,,,1,,1,35.627365847809,139.29062119114,想定収容人数：地震（屋外）6880人、風水害（屋内）1450人
1542,E1320100021201,横山第一小学校,東京都八王子市館町74,1,1,,1,,,1,,1,35.633545239159,139.30442413536,想定収容人数：地震（屋外）4174人、風水害（屋内）1372人
1543,E1320100022201,拓殖大学,東京都八王子市館町815-1,,,,1,,,,,,35.626634839558,139.27816879251,想定収容人数：地震（屋外）26666人
1544,E1320100023201,宇津木台小学校,東京都八王子市久保山町2-18,1,,,1,,,1,,1,35.686598070423,139.35436253085,想定収容人数：地震（屋外）5623人、風水害（屋内）1423人
1545,E1320100024201,石川中学校,東京都八王子市久保山町2-55,1,1,,1,,,1,,1,35.683245732216,139.35781708025,想定収容人数：地震（屋外）4848人、風水害（屋内）1703人
1546,E1320100025201,加住小中学校　分校舎,東京都八王子市宮下町108-7,1,,,1,,,1,,1,35.704247,139.314229,想定収容人数：地震（屋外）6670人、風水害（屋内）1214人
1547,E1320100026201,ひよどり山中学校,東京都八王子市暁町3-1-1,1,1,,1,,,1,,1,35.67596483366,139.33892250115,想定収容人数：地震（屋外）5761人、風水害（屋内）1346人
1548,E1320100027201,清水公園,東京都八王子市犬目町,,,,1,,,,,,35.682952,139.31223,想定収容人数：地震（屋外）18136人
1549,E1320100151201,清水公園,東京都八王子市犬目町143-2,,,,1,,,,,,35.682952,139.31223,想定収容人数：地震（屋外）18136人
1550,E1320100028201,陶鎔小学校,東京都八王子市犬目町56,,1,,1,,,,,1,35.688299386938,139.30731674309,想定収容人数：地震（屋外）4650人、風水害（屋内）1120人
1551,E1320100029201,第一小学校,東京都八王子市元横山町2-14-3,1,1,,1,,,1,,1,35.661114808765,139.33641781118,想定収容人数：地震（屋外）1376人、風水害（屋内）1242人
1552,E1320100030201,共立女子学園,東京都八王子市元八王子町1-710,,,,1,,,,,,35.660641453126,139.29120190213,想定収容人数：地震（屋外）12727人
1553,E1320100031201,城山小学校,東京都八王子市元八王子町2-1767,1,1,,1,,,1,,1,35.65946891515,139.27758033359,想定収容人数：地震（屋外）7090人、風水害（屋内）1347人
1554,E1320100033201,高倉小学校,東京都八王子市高倉町67-2,1,1,,1,,,1,,1,35.662921157769,139.36582745611,想定収容人数：地震（屋外）5854人、風水害（屋内）1343人
1555,E1320100034201,八王子東高等学校,東京都八王子市高倉町68-1,1,1,,1,,,1,,1,35.662364161297,139.36425449582,想定収容人数：地震（屋外）4307人、風水害（屋内）759人
1556,E1320100035201,浅川市民センター,東京都八王子市高尾町1652-1,,1,,,,,,,1,35.643534842904,139.27692820001,想定収容人数：風水害（屋内）257人
1557,E1320100036201,山田小学校,東京都八王子市山田町1553,,1,,1,,,,,1,35.646383369997,139.31374765314,想定収容人数：地震（屋外）7907人、風水害（屋内）1272人
1558,E1320100037201,第七中学校,東京都八王子市散田町2-2-1,1,1,,1,,,1,,1,35.650639877597,139.31696218072,想定収容人数：地震（屋外）8592人、風水害（屋内）1860人
1559,E1320100038201,横山中学校,東京都八王子市散田町5-22-36,1,1,,1,,,1,,1,35.648351979674,139.30275659685,想定収容人数：地震（屋外）5863人、風水害（屋内）1777人
1560,E1320100039201,散田小学校,東京都八王子市散田町5-23-1,1,1,,1,,,1,,1,35.647429017833,139.30164701553,想定収容人数：地震（屋外）6187人、風水害（屋内）1455人
1561,E1320100040201,四谷中学校,東京都八王子市四谷町555,,1,,1,,,,,1,35.67791771458,139.29621177683,想定収容人数：地震（屋外）5297人、風水害（屋内）1698人
1562,E1320100041201,いずみの森義務教育学校,東京都八王子市子安町2-18-1,1,1,,1,,,1,,1,35.64986,139.342902,想定収容人数：地震（屋外）8048人、風水害（屋内）2719人
1563,E1320100042201,子安市民センター,東京都八王子市子安町2-6-1,1,1,,,,,1,,1,35.650652715313,139.34467728836,想定収容人数：風水害（屋内）484人
1564,E1320100043201,第三小学校,東京都八王子市寺町29-15,1,1,,1,,,1,,1,35.655300255931,139.33161442814,想定収容人数：地震（屋外）2330人、風水害（屋内）2032人
1565,E1320100044201,稲荷山行政資料保管等施設（旧稲荷山小学校）,東京都八王子市寺田町1455-3,1,1,,1,,,1,,1,35.620021610443,139.30015529212,想定収容人数：地震（屋外）4451人、風水害（屋内）873人
1566,E1320100045201,緑が丘小学校,東京都八王子市寺田町405-5,1,1,,1,,,1,,1,35.622209953049,139.31005574406,想定収容人数：地震（屋外）4530人、風水害（屋内）1259人
1567,E1320100046201,由木東市民センター,東京都八王子市鹿島111-1,1,1,,,,,1,,1,35.634220560137,139.42158514781,想定収容人数：風水害（屋内）523人
1568,E1320100047201,鹿島小学校,東京都八王子市鹿島13,1,1,,1,,,1,,1,35.6336533223,139.42610834463,想定収容人数：地震（屋外）5776人、風水害（屋内）1086人
1569,E1320100048201,七国小学校,東京都八王子市七国5-27-1,1,1,,1,,,1,,1,35.620157037748,139.32075923351,想定収容人数：地震（屋外）3796人、風水害（屋内）2061人
1570,E1320100049201,七国中学校,東京都八王子市七国6-41-1,1,1,,1,,,1,,1,35.621100403351,139.32255114828,想定収容人数：地震（屋外）6491人、風水害（屋内）2051人
1571,E1320100050201,浅川小学校,東京都八王子市初沢町1335,1,1,,1,,,1,,1,35.63987764082,139.28216123844,想定収容人数：地震（屋外）4256人、風水害（屋内）1521人
1572,E1320100051201,浅川中学校,東京都八王子市初沢町1370,1,1,,1,,,1,,1,35.638264,139.27885,想定収容人数：地震（屋外）5727人、風水害（屋内）1352人
1573,E1320100052201,小宮小学校,東京都八王子市小宮町1128-3,1,,,1,,,1,,1,35.683917037033,139.36780738007,想定収容人数：地震（屋外）3255人、風水害（屋内）1382人
1574,E1320100053201,由井第三小学校,東京都八王子市小比企町1201,1,1,,1,,,1,,1,35.642343495393,139.32719311793,想定収容人数：地震（屋外）5575人、風水害（屋内）1168人
1575,E1320100054201,デジタルハリウッド大学,東京都八王子市松が谷1,1,1,,1,,,1,,1,35.630472886295,139.42198441244,想定収容人数：地震（屋外）6060人、風水害（屋内）339人
1576,E1320100055201,松が谷小学校,東京都八王子市松が谷12,1,1,,1,,,1,,1,35.628192870366,139.41403310921,想定収容人数：地震（屋外）7170人、風水害（屋内）1191人
1577,E1320100056201,松が谷高等学校,東京都八王子市松が谷1772,1,1,,1,,,1,,1,35.628045114946,139.40964574954,想定収容人数：地震（屋外）8528人、風水害（屋内）833人
1578,E1320100057201,松が谷中学校,東京都八王子市松が谷23,1,1,,1,,,1,,1,35.629915093582,139.41783787485,想定収容人数：地震（屋外）8000人、風水害（屋内）1429人
1579,E1320100058201,松木小学校,東京都八王子市松木57-3,1,1,,1,,,1,,1,35.621507463999,139.39354024225,想定収容人数：地震（屋外）4874人、風水害（屋内）1369人
1580,E1320100059201,元八王子市民センター,東京都八王子市上壱分方町747-1,1,1,,,,,1,,1,35.683095249813,139.28633522383,想定収容人数：風水害（屋内）464人
1581,E1320100060201,上壱分方小学校,東京都八王子市上壱分方町799-2,1,1,,1,,,1,,1,35.684471488914,139.28368817565,想定収容人数：地震（屋外）4854人、風水害（屋内）1543人
1582,E1320100061201,恩方中学校,東京都八王子市上恩方町11,1,,,1,,,1,,1,35.669482540035,139.24289885958,想定収容人数：地震（屋外）3803人、風水害（屋内）1493人
1583,E1320100062201,夕やけ小やけふれあいの里,東京都八王子市上恩方町2030,1,1,,1,,,1,,1,35.669594453261,139.21586084649,想定収容人数：地震（屋外）1375人、風水害（屋内）93人
1584,E1320100063201,恩方第二小学校,東京都八王子市上恩方町2193,1,1,,1,,,1,,1,35.672177903226,139.21118716201,想定収容人数：地震（屋外）4214人、風水害（屋内）752人
1585,E1320100064201,上川口小学校,東京都八王子市上川町1099,1,,,1,,,1,,1,35.705411128953,139.2490854185,想定収容人数：地震（屋外）2366人、風水害（屋内）842人
1586,E1320100065201,第六中学校,東京都八王子市上野町97,1,,,1,,,1,,1,35.653145407533,139.33008106263,想定収容人数：地震（屋外）4149人、風水害（屋内）1690人
1587,E1320100066201,上柚木小学校,東京都八王子市上柚木3-15,1,1,,1,,,1,,1,35.615816786149,139.36891489129,想定収容人数：地震（屋外）7272人、風水害（屋内）1517人
1588,E1320100067201,上柚木中学校,東京都八王子市上柚木3-17,1,1,,1,,,1,,1,35.61746025007,139.37070606251,想定収容人数：地震（屋外）8589人、風水害（屋内）1642人
1589,E1320100068201,愛宕小学校,東京都八王子市上柚木3-20,1,1,,1,,,1,,1,35.618980903589,139.37318016617,想定収容人数：地震（屋外）4750人、風水害（屋内）1215人
1590,E1320100069201,由木西小学校,東京都八王子市上柚木538-1,1,1,,1,,,1,,1,35.622734781559,139.36118284908,想定収容人数：地震（屋外）7272人、風水害（屋内）906人
1591,E1320100070201,恩方市民センター,東京都八王子市西寺方町260-4,1,1,,,,,1,,1,35.673945495556,139.268746,想定収容人数：風水害（屋内）480人
1592,E1320100071201,第八小学校,東京都八王子市石川町2065,1,1,,1,,,1,,1,35.670972012343,139.36048880439,想定収容人数：地震（屋外）2337人、風水害（屋内）1079人
1593,E1320100072201,第一中学校,東京都八王子市石川町2957-1,1,1,,1,,,1,,1,35.669874943801,139.36076348774,想定収容人数：地震（屋外）4136人、風水害（屋内）1797人
1594,E1320100073201,石川市民センター,東京都八王子市石川町438,1,1,,,,,1,,1,35.680575449474,139.36442063559,想定収容人数：風水害（屋内）553人
1595,E1320100074201,第五小学校,東京都八王子市千人町3-7-7,,1,,1,,,,,1,35.659158002426,139.30839394084,想定収容人数：地震（屋外）2714人、風水害（屋内）1443人
1596,E1320100075201,八王子桑志高等学校,東京都八王子市千人町4-8-1,,1,,1,,,,,1,35.657406582486,139.30452344002,想定収容人数：地震（屋外）5063人、風水害（屋内）263人
1597,E1320100076201,川口中学校,東京都八王子市川口町2555,1,1,,1,,,1,,1,35.693492110884,139.28404851457,想定収容人数：地震（屋外）4812人、風水害（屋内）1570人
1598,E1320100077201,川口小学校,東京都八王子市川口町3675,1,1,,1,,,1,,1,35.691864897142,139.28092502329,想定収容人数：地震（屋外）3564人、風水害（屋内）1179人
1599,E1320100078201,川口市民センター,東京都八王子市川口町3838,1,1,,,,,1,,1,35.686555424683,139.29883755911,想定収容人数：風水害（屋内）507人
1600,E1320100079201,わくわくビレッジ,東京都八王子市川町55,,,,1,,,,,,35.673259087725,139.27722044252,想定収容人数：地震（屋外）8788人
1601,E1320100080201,城山中学校,東京都八王子市川町792-2,1,1,,1,,,1,,1,35.668971815411,139.28241547256,想定収容人数：地震（屋外）5524人、風水害（屋内）1407人
1602,E1320100081201,由井第一小学校,東京都八王子市打越町348-1,1,1,,1,,,1,,1,35.645387335091,139.35641485522,想定収容人数：地震（屋外）5098人、風水害（屋内）1614人
1603,E1320100082201,打越中学校,東京都八王子市打越町349-1,1,1,,1,,,1,,1,35.644866325587,139.3581276657,想定収容人数：地震（屋外）6928人、風水害（屋内）1750人
1604,E1320100083201,富士森公園,東京都八王子市台町2-2,,,,1,,,,,,35.651852679011,139.32272094784,想定収容人数：地震（屋外）64796人
1605,E1320100084201,富士森体育館,東京都八王子市台町2-3-7,1,1,,,,,1,,1,35.650332547127,139.3226191345,想定収容人数：風水害（屋内）1449人
1606,E1320100085201,台町市民センター,東京都八王子市台町3-20-1,1,1,,,,,1,,1,35.654985189366,139.32017760795,想定収容人数：風水害（屋内）513人
1607,E1320100086201,八王子拓真高等学校,東京都八王子市台町3-25-1,1,1,,1,,,1,,1,35.654298557105,139.31777891951,想定収容人数：地震（屋外）9184人、風水害（屋内）283人
1608,E1320100087201,第七小学校,東京都八王子市台町4-2-1,1,1,,1,,,1,,1,35.656739065731,139.32328395069,想定収容人数：地震（屋外）2500人、風水害（屋内）2299人
1609,E1320100088201,元八王子中学校,東京都八王子市大楽寺町415,1,1,,1,,,1,,1,35.672002616674,139.29348876358,想定収容人数：地震（屋外）2889人、風水害（屋内）1672人
1610,E1320100089201,小宮公園,東京都八王子市大谷町,,,,1,,,,,,35.67231037104,139.33952680864,所在地：八王子市大谷町、暁町二丁目、想定収容人数：地震（屋外）152556人
1611,E1320100090201,大和田小学校,東京都八王子市大和田町4-19-1,1,1,,1,,,1,,1,35.665242182742,139.35459010922,想定収容人数：地震（屋外）5576人、風水害（屋内）1222人
1612,E1320100091201,大和田市民センター,東京都八王子市大和田町5-9-1,1,1,,,,,1,,1,35.663084913529,139.35195210697,想定収容人数：風水害（屋内）583人
1613,E1320100092201,第十小学校,東京都八王子市大和田町7-5-1,1,1,,1,,,1,,1,35.665820792711,139.34356061879,想定収容人数：地震（屋外）6332人、風水害（屋内）1527人
1614,E1320100093201,創価大学,東京都八王子市丹木町1-236,,,,1,,,,,,35.690164886939,139.32637561052,想定収容人数：地震（屋外）116363人
1615,E1320100094201,中山小学校,東京都八王子市中山1155,1,1,,1,,,1,,1,35.62529159085,139.35851766068,想定収容人数：地震（屋外）5011人、風水害（屋内）929人
1616,E1320100095201,中山中学校,東京都八王子市中山1158-1,1,,,1,,,1,,1,35.62372311517,139.35833791015,想定収容人数：地震（屋外）7732人、風水害（屋内）1430人
1617,E1320100096201,中野北小学校,東京都八王子市中野山王3-1-1,1,1,,1,,,1,,1,35.674169965215,139.32743439017,想定収容人数：地震（屋外）4703人、風水害（屋内）946人
1618,E1320100097201,清水小学校,東京都八王子市中野山王3-25-1,1,1,,1,,,1,,1,35.676464448323,139.31967762313,想定収容人数：地震（屋外）5083人、風水害（屋内）1390人
1619,E1320100098201,第九小学校,東京都八王子市中野上町2-14-1,1,1,,1,,,1,,1,35.670532491653,139.32527428439,想定収容人数：地震（屋外）2006人、風水害（屋内）1392人
1620,E1320100099201,第二中学校,東京都八王子市中野上町4-28-1,,1,,1,,,,,1,35.670268890339,139.3155721658,想定収容人数：地震（屋外）5266人、風水害（屋内）1602人
1621,E1320100100201,甲ノ原中学校,東京都八王子市中野町2639-2,1,,,1,,,1,,1,35.682270926318,139.32193165684,想定収容人数：地震（屋外）6684人、風水害（屋内）1288人
1622,E1320100101201,工学院大学,東京都八王子市中野町2665-1,,,,1,,,,,,35.686635767905,139.31877513492,想定収容人数：地震（屋外）12121人
1623,E1320100102201,中野市民センター,東京都八王子市中野町2726-7,1,1,,,,,1,,1,35.681723714708,139.31869538162,想定収容人数：風水害（屋内）472人
1624,E1320100103201,長沼小学校,東京都八王子市長沼町707-3,,1,,1,,,,,1,35.642170182441,139.36561507635,想定収容人数：地震（屋外）6246人、風水害（屋内）1296人
1625,E1320100104201,陵南公園,東京都八王子市長房町,,,,1,,,,,,35.649193656784,139.28865715505,所在地：八王子市長房町、東浅川町、想定収容人数：地震（屋外）36080人
1626,E1320100105201,長房中学校,東京都八王子市長房町1041-1,1,,,1,,,1,,1,35.657741082342,139.28829116442,想定収容人数：地震（屋外）7653人、風水害（屋内）1479人
1627,E1320100106201,船田小学校,東京都八王子市長房町1041-2,1,1,,1,,,1,,1,35.656640051677,139.28902326218,想定収容人数：地震（屋外）4991人、風水害（屋内）1392人
1628,E1320100107201,長房小学校,東京都八王子市長房町340-4,1,1,,1,,,1,,1,35.657549839439,139.30091448196,想定収容人数：地震（屋外）4420人、風水害（屋内）1364人
1629,E1320100108201,富士森高等学校,東京都八王子市長房町420-2,,1,,1,,,,,1,35.656558152535,139.30184546646,想定収容人数：地震（屋外）12898人、風水害（屋内）548人
1630,E1320100109201,長房市民センター,東京都八王子市長房町506-2,,1,,,,,,,1,35.650383,139.295322,想定収容人数：風水害（屋内）206人
1631,E1320100110201,東浅川小学校,東京都八王子市東浅川町550-22,1,1,,1,,,1,,1,35.642293957971,139.28687914109,想定収容人数：地震（屋外）5727人、風水害（屋内）1345人
1632,E1320100111201,陵南中学校,東京都八王子市東浅川町553-9,1,1,,1,,,1,,1,35.645589960619,139.29368576107,想定収容人数：地震（屋外）6707人、風水害（屋内）1693人
1633,E1320100112201,由木東小学校,東京都八王子市東中野1347,,1,,1,,,,,1,35.632931300271,139.40791296546,想定収容人数：地震（屋外）5892人、風水害（屋内）1622人
1634,E1320100113201,中央大学,東京都八王子市東中野742-1,,,,1,,,,,,35.641639929671,139.4043136371,想定収容人数：地震（屋外）295815人
1635,E1320100114201,楢原中学校,東京都八王子市楢原町1235,,1,,1,,,,,1,35.678240871202,139.31349999402,想定収容人数：地震（屋外）6025人、風水害（屋内）1326人
1636,E1320100115201,楢原小学校,東京都八王子市楢原町1287-2,,1,,1,,,,,1,35.675411737431,139.30790368276,想定収容人数：地震（屋外）5454人、風水害（屋内）1183人
1637,E1320100116201,八王子北高等学校,東京都八王子市楢原町601,1,1,,1,,,1,,1,35.685852447655,139.30257054848,想定収容人数：地震（屋外）8531人、風水害（屋内）252人
1638,E1320100117201,松枝小学校,東京都八王子市楢原町601-13,1,1,,1,,,1,,1,35.685006021316,139.30140342627,想定収容人数：地震（屋外）6477人、風水害（屋内）1159人
1639,E1320100118201,東京都立大学,東京都八王子市南大沢1-1,,,,1,,,,,,35.618939750904,139.38002201945,想定収容人数：地震（屋外）260606人
1640,E1320100119201,南大沢市民センター,東京都八王子市南大沢2-27,1,1,,,,,1,,1,35.611756263814,139.37919960932,想定収容人数：風水害（屋内）456人
1641,E1320100120201,柏木小学校,東京都八王子市南大沢3-3,1,1,,1,,,1,,1,35.609954636802,139.38347864607,想定収容人数：地震（屋外）5312人、風水害（屋内）1323人
1642,E1320100121201,南大沢中学校,東京都八王子市南大沢3-7,1,1,,1,,,1,,1,35.608413738789,139.38052477723,想定収容人数：地震（屋外）5766人、風水害（屋内）1593人
1643,E1320100122201,南大沢小学校,東京都八王子市南大沢4-18,1,,,1,,,1,,1,35.608259929585,139.37492051525,想定収容人数：地震（屋外）7098人、風水害（屋内）1421人
1644,E1320100123201,宮上小学校,東京都八王子市南大沢5-10,1,1,,1,,,1,,1,35.610067570373,139.37153022607,想定収容人数：地震（屋外）6135人、風水害（屋内）1568人
1645,E1320100124201,宮上中学校,東京都八王子市南大沢5-5,1,1,,1,,,1,,1,35.612618819465,139.37323885738,想定収容人数：地震（屋外）7630人、風水害（屋内）1834人
1646,E1320100125201,弐分方小学校,東京都八王子市弐分方町520-1,1,1,,1,,,1,,1,35.672110184631,139.28841583005,想定収容人数：地震（屋外）4362人、風水害（屋内）1250人
1647,E1320100126201,元八王子小学校,東京都八王子市弐分方町761,1,1,,1,,,1,,1,35.669370957707,139.29186383048,想定収容人数：地震（屋外）5583人、風水害（屋内）1378人
1648,E1320100127201,たがの杜小中学校（第二小学校）,東京都八王子市八木町7-1,1,1,,1,,,1,,1,35.661770332513,139.32269754328,想定収容人数：地震（屋外）3275人風水害（屋内）1409人
1649,E1320100128201,美山小学校,東京都八王子市美山町1892,1,1,,1,,,1,,1,35.69051988736,139.24816536001,想定収容人数：地震（屋外）4463人、風水害（屋内）783人
1650,E1320100129201,横山第二小学校,東京都八王子市並木町26-1,1,1,,1,,,1,,1,35.653771659176,139.3019034953,想定収容人数：地震（屋外）3764人、風水害（屋内）1388人
1651,E1320100130201,松木中学校,東京都八王子市別所1-34-1,1,1,,1,,,1,,1,35.618432474033,139.39136910195,想定収容人数：地震（屋外）10412人、風水害（屋内）1911人
1652,E1320100131201,長池小学校,東京都八王子市別所1-55,1,1,,1,,,1,,1,35.610519637261,139.38858978777,想定収容人数：地震（屋外）7515人、風水害（屋内）1560人
1653,E1320100132201,別所中学校,東京都八王子市別所2-28,,1,,1,,,,,1,35.618805362883,139.40032862682,想定収容人数：地震（屋外）9557人、風水害（屋内）1503人
1654,E1320100133201,別所小学校,東京都八王子市別所2-44,1,1,,1,,,1,,1,35.613704694449,139.39554016647,想定収容人数：地震（屋外）7057人、風水害（屋内）1616人
1655,E1320100134201,秋葉台小学校,東京都八王子市別所2-5,1,1,,1,,,1,,1,35.624635835254,139.40586902824,想定収容人数：地震（屋外）6230人、風水害（屋内）1399人
1656,E1320100135201,片倉台小学校,東京都八王子市片倉町1318,1,1,,1,,,1,,1,35.630913384358,139.34621842342,想定収容人数：地震（屋外）5366人、風水害（屋内）1303人
1657,E1320100136201,東京工科大学,東京都八王子市片倉町1404-1,,,,1,,,,,,35.625699029013,139.34149107164,想定収容人数：地震（屋外）211498人
1658,E1320100137201,片倉高等学校,東京都八王子市片倉町1643,1,1,,1,,,1,,1,35.630016926176,139.33905955309,想定収容人数：地震（屋外）5830人、風水害（屋内）843人
1659,E1320100138201,由井第二小学校,東京都八王子市片倉町2180,,1,,1,,,,,1,35.636354452732,139.33820104661,想定収容人数：地震（屋外）3744人、風水害（屋内）1039人
1660,E1320100139201,由井中学校,東京都八王子市片倉町553,1,1,,1,,,1,,1,35.644391975739,139.34021562863,想定収容人数：地震（屋外）3696人、風水害（屋内）1584人
1661,E1320100140201,由井市民センター,東京都八王子市片倉町702-1,1,1,,,,,1,,1,35.641329837906,139.34021141828,想定収容人数：風水害（屋内）383人
1662,E1320100141201,高嶺小学校,東京都八王子市北野台4-21-1,1,1,,1,,,1,,1,35.628050769192,139.35085989326,想定収容人数：地震（屋外）5973人、風水害（屋内）1364人
1663,E1320100142201,東京薬科大学,東京都八王子市堀之内1432-1,,,,1,,,,,,35.638512966675,139.38388483729,想定収容人数：地震（屋外）5500人
1664,E1320100143201,第四小学校,東京都八王子市明神町2-15-1,1,1,,1,,,1,,1,35.657353288921,139.3457090741,想定収容人数：地震（屋外）4508人、風水害（屋内）1295人
1665,E1320100144201,第五中学校,東京都八王子市明神町4-19-1,,1,,1,,,,,1,35.661355026021,139.34398054479,想定収容人数：地震（屋外）3513人、風水害（屋内）1558人
1666,E1320100145201,南多摩中等教育学校,東京都八王子市明神町4-20-1,1,1,,1,,,1,,1,35.660145585345,139.34352883563,想定収容人数：地震（屋外）4458人、風水害（屋内）651人
1667,E1320100146201,鑓水中学校,東京都八王子市鑓水2-67,1,1,,1,,,1,,1,35.612215475599,139.35999778027,想定収容人数：地震（屋外）4824人、風水害（屋内）1790人
1668,E1320100147201,鑓水小学校,東京都八王子市鑓水2-74,1,1,,1,,,1,,1,35.6126886545,139.36379140936,想定収容人数：地震（屋外）6761人、風水害（屋内）1648人
1669,E1320100148201,横山南市民センター,東京都八王子市椚田町137-3,1,1,,,,,1,,1,35.63380315982,139.31058837302,想定収容人数：風水害（屋内）459人
1670,E1320100149201,椚田中学校,東京都八王子市椚田町172,1,1,,1,,,1,,1,35.633970519346,139.30921724614,想定収容人数：地震（屋外）6867人、風水害（屋内）1781人
1671,E1320100150201,椚田小学校,東京都八王子市椚田町571-2,1,1,,1,,,1,,1,35.637019456737,139.3013985875,想定収容人数：地震（屋外）6179人、風水害（屋内）1355人
1672,E1340100032201,都立八丈高等学校,東京都八丈町大賀郷3020,1,1,1,1,1,1,1,1,1,33.107244,139.780319,
1673,E1311900001201,加賀小学校,東京都板橋区稲荷台23-1,1,,,1,,,,,,35.761447,139.71043,
1674,E1311900002201,中根橋小学校,東京都板橋区栄町14-1,,,,1,,,,,,35.755926,139.700909,
1675,E1311900003201,旧板橋第九小学校,東京都板橋区栄町6-1,1,,,1,,,,,,35.754677,139.704234,
1676,E1311900004201,加賀中学校,東京都板橋区加賀2-19-1,1,,,1,,,,,,35.760674,139.71613,
1677,E1311900005201,金沢小学校,東京都板橋区加賀2-2-1,,,,1,,,,,,35.755455,139.715041,
1678,E1311900006201,向原小学校,東京都板橋区向原2-34-1,1,,,1,,,,,,35.741613,139.68161,
1679,E1311900007201,上板橋第二中学校,東京都板橋区向原3-1-12,1,,,1,,,1,,,35.744232,139.685509,
1680,E1311900008201,板橋第二中学校,東京都板橋区幸町26-1,1,,,1,,,,,,35.745615,139.697371,
1681,E1311900009201,西台中学校,東京都板橋区高島平1-4-1,1,,,1,,,,,,35.781988,139.671675,
1682,E1311900010201,高島第六小学校,東京都板橋区高島平1-50-1,,,,1,,,,,,35.784801,139.670902,
1683,E1311900011201,高島第二中学校,東京都板橋区高島平2-24-1,1,,,1,,,,,,35.785281,139.660479,
1684,E1311900012201,高島第二小学校,東京都板橋区高島平2-25-1,1,,,1,,,,,,35.785009,139.661904,
1685,E1311900013201,高島第五小学校,東京都板橋区高島平3-11-1,1,,,1,,,,,,35.78687,139.657055,
1686,E1311900014201,高島第三小学校,東京都板橋区高島平4-21-1,1,,,1,,,,,,35.788867,139.65009,
1687,E1311900015201,高島第三中学校,東京都板橋区高島平4-22-1,1,,,1,,,,,,35.78827,139.651094,
1688,E1311900016201,高島第一小学校,東京都板橋区高島平7-24-1,,,,1,,,,,,35.791923,139.659808,
1689,E1311900017201,高島第一中学校,東京都板橋区高島平8-26-1,,,,1,,,,,,35.791907,139.662953,
1690,E1311900018201,志村第五中学校,東京都板橋区坂下2-1-20,,,,1,,,,,,35.782365,139.685786,
1691,E1311900019201,志村第六小学校,東京都板橋区坂下2-18-1,,,,1,,,,,,35.783777,139.680686,
1692,E1311900020201,志村第三中学校,東京都板橋区坂下2-21-1,,,,1,,,,,,35.783728,139.683326,
1693,E1311900021201,桜川中学校,東京都板橋区桜川1-2-1,1,,,1,,,,,,35.756124,139.677231,
1694,E1311900022201,三園小学校,東京都板橋区三園1-24-1,1,,,1,,,,,,35.790335,139.637488,
1695,E1311900023201,志村第二小学校,東京都板橋区志村1-7-1,1,1,,1,,,1,,,35.772598,139.697821,
1696,E1311900024201,志村小学校,東京都板橋区志村2-16-3,1,,,1,,,,,,35.775317,139.686678,
1697,E1311900025201,志村第四中学校,東京都板橋区志村3-15-1,1,,,1,,,,,,35.776542,139.684006,
1698,E1311900026201,若木小学校,東京都板橋区若木1-14-1,1,1,,1,,,1,,,35.769345,139.67538,
1699,E1311900027201,総合ケアセンター若葉ゆめの園,東京都板橋区若木3-15-1,,,,1,,,,,,35.772063,139.674259,
1700,E1311900028201,舟渡小学校,東京都板橋区舟渡3-6-15,,,,1,,,,,,35.793629,139.681513,
1701,E1311900029201,志村第二中学校,東京都板橋区小豆沢1-21-1,1,,,1,,,,,,35.775421,139.702951,
1702,E1311900030201,志村コミュニティホール,東京都板橋区小豆沢1-8-1,1,,,,,,,,,35.773218,139.700016,
1703,E1311900031201,小豆沢体育館,東京都板橋区小豆沢3-1-1,1,,,,,,,,,35.778451,139.698292,
1704,E1311900032201,志村第四小学校,東京都板橋区小豆沢4-13-1,1,1,,1,,,1,,,35.780084,139.701101,
1705,E1311900033201,上板橋第二小学校,東京都板橋区小茂根1-14-1,1,1,,1,,,1,,,35.747708,139.680177,
1706,E1311900034201,上板橋第一中学校（小茂根校舎）,東京都板橋区小茂根1-2-1,1,,,1,,,,,,35.747452,139.680862,
1707,E1311900035201,上板橋第四小学校,東京都板橋区上板橋1-3-1,1,,,1,,,,,,35.76153,139.678886,
1708,E1311900036201,常盤台小学校,東京都板橋区常盤台1-6-1,1,,,1,,,,,,35.759492,139.691168,
1709,E1311900037201,上板橋第三中学校,東京都板橋区常盤台3-30-1,1,,,1,,,,,,35.763485,139.68228,
1710,E1311900038201,新河岸小学校,東京都板橋区新河岸1-3-1,,,,1,,,,,,35.793751,139.665177,
1711,E1311900039201,成増小学校,東京都板橋区成増1-11-1,1,1,,1,,,1,,,35.774313,139.631951,
1712,E1311900040201,成増生涯学習センター,東京都板橋区成増1-12-4,1,,,,,,,,,35.774659,139.632752,
1713,E1311900041201,成増アクトホール,東京都板橋区成増3-11,1,,,,,,,,,35.778445,139.63308,
1714,E1311900042201,成増ヶ丘小学校,東京都板橋区成増3-17-7,1,,,1,,,,,,35.780884,139.634444,
1715,E1311900043201,赤塚第二中学校,東京都板橋区成増3-18-1,1,1,,1,,,1,,,35.78078,139.6332,
1716,E1311900044201,志村第三小学校,東京都板橋区清水町83-1,1,,,1,,,,,,35.766907,139.705108,
1717,E1311900045201,志村第五小学校,東京都板橋区西台3-38-23,1,1,,1,,,1,,,35.776933,139.668473,
1718,E1311900046201,赤塚小学校,東京都板橋区赤塚3-1-22,1,,,1,,,,,,35.777863,139.640558,
1719,E1311900047201,赤塚体育館,東京都板橋区赤塚5-6-1,1,,,,,,,,,35.777897,139.641775,
1720,E1311900048201,下赤塚小学校,東京都板橋区赤塚6-14-1,1,,,1,,,,,,35.774634,139.642833,
1721,E1311900049201,赤塚第三中学校,東京都板橋区赤塚7-27-15,1,1,,1,,,1,,,35.779742,139.64806,
1722,E1311900050201,赤塚新町小学校,東京都板橋区赤塚新町3-31-1,1,,,1,,,,,,35.769267,139.636041,
1723,E1311900051201,志村第一小学校,東京都板橋区泉町17-1,1,,,1,,,,,,35.766389,139.701485,
1724,E1311900052201,富士見台小学校,東京都板橋区前野町1-10-1,1,,,1,,,,,,35.763895,139.695334,
1725,E1311900053201,北前野小学校,東京都板橋区前野町5-44-3,1,,,1,,,,,,35.773031,139.68505,
1726,E1311900054201,前野小学校,東京都板橋区前野町6-40-1,1,1,,1,,,1,,,35.768392,139.687633,
1727,E1311900055201,板橋第八小学校,東京都板橋区双葉町42-1,1,,,1,,,1,,,35.759627,139.700034,
1728,E1311900056201,志村坂下小学校,東京都板橋区相生町26-14,1,,,1,,,,,,35.77897,139.68021,
1729,E1311900057201,志村第一中学校,東京都板橋区大原町33-1,1,1,,1,,,1,,,35.767221,139.69704,
1730,E1311900058201,大原生涯学習センター,東京都板橋区大原町5-18,1,,,,,,,,,35.769708,139.700104,
1731,E1311900059201,板橋第七小学校,東京都板橋区大山金井町31-1,1,,,1,,,,,,35.745568,139.704657,
1732,E1311900060201,板橋第六小学校,東京都板橋区大山町13-1,1,,,1,,,,,,35.747209,139.700276,
1733,E1311900061201,板橋第一中学校,東京都板橋区大山東町50-1,1,,,1,,,,,,35.750455,139.704774,
1734,E1311900062201,文化会館,東京都板橋区大山東町51-1,1,,,,,,,,,35.749515,139.704622,
1735,E1311900063201,板橋第十小学校,東京都板橋区大谷口上町43-1,1,,,1,,,,,,35.747648,139.692583,
1736,E1311900064201,大谷口小学校,東京都板橋区大谷口北町21-1,1,,,1,,,,,,35.750693,139.689989,
1737,E1311900065201,板橋第五小学校,東京都板橋区中丸町19-1,1,,,1,,,,,,35.741643,139.70482,
1738,E1311900066201,中台中学校,東京都板橋区中台1-56-23,1,1,,1,,,1,,,35.769106,139.680221,
1739,E1311900067201,中台小学校,東京都板橋区中台1-9-7,1,,,1,,,,,,35.766482,139.681188,
1740,E1311900068201,中台ふれあい館,東京都板橋区中台2-14-1,1,,,,,,,,,35.769919,139.680222,
1741,E1311900069201,緑小学校,東京都板橋区中台3-27-1,1,,,1,,,,,,35.772598,139.679513,
1742,E1311900070201,仲町ふれあい館,東京都板橋区仲町20-5,1,,,,,,,,,35.751153,139.6964,
1743,E1311900071201,上板橋小学校,東京都板橋区東山町47-3,1,,,1,,,1,,,35.755284,139.686322,
1744,E1311900072201,桜川小学校,東京都板橋区東新町2-29-1,,,,1,,,,,,35.755133,139.678301,
1745,E1311900073201,徳丸小学校,東京都板橋区徳丸1-21-1,1,1,,1,,,1,,,35.771766,139.666537,
1746,E1311900074201,徳丸ふれあい館,東京都板橋区徳丸2-12-12,1,,,,,,,,,35.772117,139.660353,
1747,E1311900075201,北野小学校,東京都板橋区徳丸3-23-1,1,,,1,,,,,,35.771601,139.657118,
1748,E1311900076201,赤塚第一中学校,東京都板橋区徳丸4-13-1,1,,,1,,,,,,35.771746,139.652334,
1749,E1311900077201,紅梅小学校,東京都板橋区徳丸8-10-1,1,1,,1,,,1,,,35.781283,139.657542,
1750,E1311900079201,板橋第二小学校,東京都板橋区板橋2-52-1,1,,,1,,,,,,35.753791,139.707683,
1751,E1311900080201,板橋第五中学校,東京都板橋区板橋4-49-3,,,,1,,,,,,35.752466,139.719547,
1752,E1311900081201,板橋第四小学校,東京都板橋区板橋4-9-13,1,,,1,,,1,,,35.74992,139.716439,
1753,E1311900082201,板橋第一小学校,東京都板橋区氷川町13-1,1,,,1,,,,,,35.753778,139.70764,
1754,E1311900083201,板橋第三中学校,東京都板橋区氷川町22-3,1,,,1,,,,,,35.755302,139.706817,
1755,E1311900084201,旧板橋第四中学校,東京都板橋区富士見町3-1,1,,,1,,,,,,35.760957,139.701131,
1756,E1311900085201,弥生小学校,東京都板橋区弥生町19-1,,,,1,,,,,,35.753803,139.694736,
1757,E1311900086201,蓮根小学校,東京都板橋区蓮根3-10-1,,,,1,,,,,,35.787757,139.676448,
1758,E1311900087201,蓮根第二小学校,東京都板橋区蓮根3-15-5,,,,1,,,,,,35.788232,139.677801,
1759,E1310900019201,第三日野小学校,東京都品川区上大崎1-19-19,1,1,1,,,,,,1,35.632641,139.72435,
1760,E1310900006201,上大崎シルバーセンター,東京都品川区上大崎1-3-12,,1,,,,,,,,35.634586,139.72226,
1761,E1310900024201,第四日野小学校,東京都品川区西五反田4-29-9,1,,1,,,,,,1,35.608997,139.730225,
1762,E1310900025201,第一日野小学校,東京都品川区西五反田6-5-32,1,,1,,,,,,1,35.622047,139.715668,
1763,E1310900034201,三木小学校,東京都品川区西品川3-16-28,1,,1,,,,,,1,35.614922,139.726959,
1764,E1310900037201,大井第一小学校,東京都品川区大井6-1-32,1,,1,,,,,,1,35.598705,139.730713,
1765,E1310900039201,芳水小学校,東京都品川区大崎3-12-22,1,,1,,,,,,1,35.618809,139.724792,
1766,E1310900048201,立会小学校,東京都品川区東大井4-15-9,1,1,1,,,,,,1,35.604801,139.739777,
1767,E1310900058201,浜川小学校,東京都品川区南大井4-3-27,1,,1,,,,,,1,35.597939,139.735626,
1768,E1310900060201,城南小学校,東京都品川区南品川2-8-21,1,,1,,,,,,1,35.612305,139.74411,
1769,E1310900063201,浅間台小学校,東京都品川区南品川6-8-8,1,,1,,,,,,1,35.611416,139.736923,
1770,E1310900079201,品川学園,東京都品川区北品川3-9-30,1,1,1,,,,,,1,35.617058,139.738342,
1771,E1310900080201,御殿山小学校,東京都品川区北品川5-2-6,1,1,1,,,,,,1,35.623569,139.731628,
1772,E1320600001201,明星学苑,東京都府中市栄町1-1,1,1,,1,,1,1,1,,35.6872427890929,139.482685960913,
1773,E1320600002201,府中高等学校,東京都府中市栄町3-3,1,1,,1,,1,1,1,,35.6879054032889,139.474514691295,
1774,E1320600003201,府中市立府中第九小学校,東京都府中市栄町3-7,1,1,,1,,1,1,1,1,35.6868094896246,139.471647635807,
1775,E1320600004201,多摩川緑地押立地区,東京都府中市押立5,,1,,1,,1,,1,,35.6527163602551,139.514738881481,
1776,E1320600005201,府中市立府中第六中学校,東京都府中市押立町1-2,,1,,1,,1,,1,1,35.6607619397037,139.507252181999,
1777,E1320600006201,府中東高等学校,東京都府中市押立町4-21,,1,,1,,1,,1,,35.656544837293,139.515338596701,
1778,E1320600008201,府中市立府中第一中学校,東京都府中市幸町1-22,1,1,,1,,1,1,1,1,35.6809837237192,139.480340061816,
1779,E1320600009201,東京農工大学,東京都府中市幸町3,1,1,,1,,1,1,1,,35.684182032593,139.481258859218,
1780,E1320600010201,府中市立府中第二中学校,東京都府中市紅葉丘1-23,1,1,,1,,1,1,1,1,35.6727076398001,139.50909066937,
1781,E1320600012201,府中市立府中第八中学校,東京都府中市四谷1-2827,,1,,1,,1,,1,1,35.6586206526119,139.446226708898,
1782,E1320600014201,府中市立四谷小学校,東京都府中市四谷3-2740,,1,,1,,1,,1,1,35.6591190581898,139.444785577863,
1783,E1320600015201,府中工業高等学校,東京都府中市若松町2-19,1,1,,1,,1,1,1,,35.6721059342362,139.500345222683,
1784,E1320600016201,府中市立若松小学校,東京都府中市若松町3-11,1,1,,1,,1,1,1,1,35.6732285815658,139.499331399118,
1785,E1320600017201,府中市立府中第十小学校,東京都府中市若松町4-29,1,,,1,,1,1,1,1,35.6774314770514,139.508564743438,
1786,E1320600018201,農業高等学校,東京都府中市寿町1-10,1,1,,1,,1,1,1,,35.6762124058547,139.478707580085,
1787,E1320600019201,市民球場・市民陸上競技場・都立農業高校,東京都府中市寿町2,1,1,,1,,1,1,1,,35.6768268140263,139.475902164521,
1788,E1320600020201,府中市立府中第一小学校,東京都府中市寿町2-6,1,1,,1,,1,1,1,1,35.6743081372551,139.477183314866,
1789,E1320600021201,多摩川緑地住吉地区,東京都府中市住吉2,,1,,1,,1,,1,,35.6543090661455,139.457611963106,
1790,E1320600023201,府中市立住吉小学校,東京都府中市住吉町2-30,,1,,1,,1,,1,1,35.6560624240745,139.459382210101,
1791,E1320600024201,府中市立府中第九中学校,東京都府中市小柳町2-49,,1,,1,,1,,1,1,35.6627992430316,139.503556540472,
1792,E1320600025201,府中市立小柳小学校,東京都府中市小柳町3-21,,1,,1,,1,,1,1,35.6600128674765,139.504392318854,
1793,E1320600026201,府中市立新町小学校,東京都府中市新町1-25,1,1,,1,,1,1,1,1,35.6866443084688,139.485664777971,
1794,E1320600028201,府中市立府中第五中学校,東京都府中市新町2-44,1,1,,1,,1,1,1,1,35.6866005682483,139.493285319054,
1795,E1320600029201,府中市立府中第八小学校,東京都府中市是政1-34,,1,,1,,1,1,1,1,35.6626753819539,139.495351297953,
1796,E1320600031201,多摩川緑地是政・小柳町地区,東京都府中市是政4,,1,,1,,1,,1,,35.6543378684988,139.494397008311,
1797,E1320600032201,郷土の森サッカー場・郷土の森第２野球場,東京都府中市是政6,,1,,1,,1,,1,,35.6541476015919,139.480792497832,
1798,E1320600034201,府中市立府中第十中学校,東京都府中市西府町4-21,1,1,,1,,1,1,1,1,35.6784409035421,139.452820368479,
1799,E1320600035201,都立府中の森公園,東京都府中市浅間町1,1,1,,1,,1,1,1,,35.6766765712691,139.491160261966,
1800,E1320600036201,府中市立浅間中学校,東京都府中市浅間町1-1,1,1,,1,,1,1,1,1,35.6735192320367,139.491151483629,
1801,E1320600038201,都立多磨霊園・都立武蔵野公園,東京都府中市多磨町4,1,1,,1,,1,1,1,,35.6858485201412,139.514057077562,
1802,E1321000030201,多磨霊園,東京都府中市多磨町4-628,,,,,,1,,,,35.687361,139.51116,
1803,E1320600039201,都立武蔵野の森公園・朝日サッカー場,東京都府中市朝日町3,1,1,,1,,1,1,1,,35.675240171683,139.523772561439,
1804,E1320600040201,府中市立府中第六小学校,東京都府中市天神町4-14,1,1,,1,,1,1,1,1,35.6845433656063,139.492334990543,
1805,E1320600041201,東芝府中事業所,東京都府中市東芝町,1,1,,1,,1,1,1,,35.679329119173,139.468121742442,
1806,E1320600042201,府中市立南町小学校,東京都府中市南町3-6,,1,,1,,1,1,1,1,35.66196427247,139.467460689364,
1807,E1320600043201,東京競馬場,東京都府中市日吉町1,,1,,1,,1,1,1,,35.6625191330662,139.485142732598,
1808,E1320600044201,日本電気府中事業場,東京都府中市日新町1,,1,,1,,1,1,1,,35.6662991766638,139.456867193422,
1809,E1320600045201,府中西高等学校,東京都府中市日新町4-6,,1,,1,,1,1,1,,35.6718411709768,139.446452626227,
1810,E1320600046201,府中市立日新小学校,東京都府中市日新町5-22,,1,,1,,1,1,1,1,35.6681954789688,139.443645704422,
1811,E1320600047201,府中市立府中第四小学校,東京都府中市白糸台1-58,1,1,,1,,1,1,1,1,35.6668991568382,139.508130612976,
1812,E1320600049201,府中市立白糸台小学校,東京都府中市白糸台2-16,1,1,,1,,1,1,1,1,35.6694733661901,139.514119670465,
1813,E1320600050201,府中市立南白糸台小学校,東京都府中市白糸台6-48,,1,,1,,1,,1,1,35.6605460494476,139.516599710699,
1814,E1320600051201,府中市立府中第四中学校,東京都府中市美好町2-13,1,1,,1,,1,1,1,1,35.6738393810474,139.46534232309,
1815,E1320600054201,武蔵台緑地,東京都府中市武蔵台2,1,1,,1,,1,1,1,,35.6900375754371,139.462596738235,
1816,E1320600056201,府中市立武蔵台小学校,東京都府中市武蔵台2-3,1,1,,1,,1,1,1,1,35.6890532602969,139.463451837089,
1817,E1320600057201,府中市立府中第七中学校,東京都府中市武蔵台2-4,1,1,,1,,1,1,1,1,35.6890772344644,139.462179906845,
1818,E1320600059201,府中市立府中第三小学校,東京都府中市片町3-5,,1,,1,,1,1,1,1,35.6680063856189,139.472141214305,
1819,E1320600060201,府中市立府中第七小学校,東京都府中市北山町2-23,1,1,,1,,1,1,1,1,35.6875609876748,139.456311045954,
1820,E1320600061201,府中市立府中第五小学校,東京都府中市本宿町1-51,1,,,1,,1,1,1,1,35.6694083963723,139.458041507454,
1821,E1320600062201,府中市立本宿小学校,東京都府中市本宿町4-19,1,1,,1,,1,1,1,1,35.6796205935499,139.460870573161,
1822,E1320600063201,府中市立府中第三中学校,東京都府中市本町4-16,,1,,1,,1,1,1,1,35.6651123704018,139.468928581239,
1823,E1320600064201,府中市立矢崎小学校,東京都府中市矢崎町4-9,,1,,1,,1,,1,1,35.6578396577753,139.476107182536,
1824,E1320600066201,府中市立府中第二小学校,東京都府中市緑町1-29,1,1,,1,,1,1,1,1,35.6739505223435,139.486148336147,
1825,E1322300001201,伊奈平公園,東京都武蔵村山市伊奈平5-84,,,,1,,1,,,,35.7400633256507,139.371189970961,
1826,E1322300002201,プリンスの丘公園,東京都武蔵村山市榎1-1-12,,,,1,,1,,,,35.7430652917323,139.387686028658,
1827,E1322300003201,市立第九小学校,東京都武蔵村山市学園1-85-1,,,,1,,1,,,1,35.7478588305631,139.394275698641,
1828,E1322300004201,雷塚公園,東京都武蔵村山市学園4-4,,,,1,,1,,,,35.7452782882652,139.400016072788,
1829,E1322300005201,市民総合センター,東京都武蔵村山市学園4-5-1,,,,1,,1,,,1,35.7461969114943,139.403213453206,
1830,E1322300006201,市立雷塚小学校,東京都武蔵村山市学園4-6-1,,,,1,,1,,,1,35.7460225909146,139.401754202424,
1831,E1322300007201,小山内運動広場,東京都武蔵村山市岸2-13-4,,,,1,,1,,,,35.7644602888692,139.36534105195,
1832,E1322300008201,総合運動公園運動場（第三）,東京都武蔵村山市岸3-45-6,,,,1,,1,,,,35.7651848987681,139.372826590718,
1833,E1322300008204,総合運動公園運動場（第一）,東京都武蔵村山市岸3-45-6,,,,1,,1,,,,35.7657464068659,139.374714865866,
1834,E1322300008203,総合運動公園運動場（第二）,東京都武蔵村山市岸3-45-6,,,,1,,1,,,,35.7665908379374,139.373904838742,
1835,E1322300008202,総合体育館,東京都武蔵村山市岸3-45-6,,,,1,,1,,,,35.7647844409599,139.372016563594,
1836,E1322300009201,三ツ藤南公園,東京都武蔵村山市三ツ藤1-77-1,,,,1,,1,,,,35.7489291422842,139.380578803397,
1837,E1322300010201,市立第八小学校,東京都武蔵村山市三ツ藤2-50-1,,,,1,,1,,,1,35.7504311002818,139.375913808729,
1838,E1322300011201,山王森公園,東京都武蔵村山市三ツ藤3-27,,,,1,,1,,,,35.756201233989,139.370630346419,
1839,E1322300012201,三ツ木地域運動場,東京都武蔵村山市三ツ木1-15-2,,,,1,,1,,,,35.7564840057202,139.378497207054,
1840,E1322300013201,市立第二小学校,東京都武蔵村山市三ツ木2-12-2,,,,1,,1,,,1,35.758044789251,139.37396705826,
1841,E1322300014201,シドメ久保運動広場,東京都武蔵村山市残堀2-61-1,,,,1,,1,,,,35.7459674102451,139.370577819984,
1842,E1322300015201,残堀・伊奈平地域運動場,東京都武蔵村山市残堀4-21-1,,,,1,,1,,,,35.7478618177611,139.36915307828,
1843,E1322300016201,市立第十小学校,東京都武蔵村山市残堀5-100-1,,,,1,,1,,,1,35.7530179282834,139.366789441417,
1844,E1322300017201,市立第五中学校,東京都武蔵村山市残堀5-55,,,,1,,1,,,1,35.7534251224625,139.36892139419,
1845,E1322300018201,市立第三中学校,東京都武蔵村山市神明4-117-1,,,,1,,1,,,1,35.7498823417378,139.404007426439,
1846,E1322300019201,市立小中一貫校大南学園第七小学校,東京都武蔵村山市大南2-78-1,,,,1,,1,,,1,35.7398482793683,139.401901591582,
1847,E1322300020201,市立小中一貫校大南学園第四中学校,東京都武蔵村山市大南2-79-1,,,,1,,1,,,1,35.7400791340866,139.40056358256,
1848,E1322300021201,新大南運動広場,東京都武蔵村山市大南3-64-1,,,,1,,1,,,,35.7366061886531,139.403275880621,
1849,E1322300022201,大南東公園,東京都武蔵村山市大南5-2-4,,,,1,,1,,,,35.7353922816748,139.409296305429,
1850,E1322300023201,原山地域運動場,東京都武蔵村山市中央2-85-1,,,,1,,1,,,,35.7519972631498,139.393097992122,
1851,E1322300024201,中原公園,東京都武蔵村山市中原2-21-4,,,,1,,1,,,,35.7566995878845,139.363236203515,
1852,E1322300025201,経塚向公園,東京都武蔵村山市中原2-50-16,,,,1,,1,,,,35.7544325993445,139.36010263088,
1853,E1322300026201,市立第三小学校,東京都武蔵村山市中藤1-36-1,,,,1,,1,,,1,35.7568281480904,139.398004303776,
1854,E1322300027201,市立第一小学校,東京都武蔵村山市本町1-1-11,,,,1,,1,,,1,35.7546586099376,139.388157496643,
1855,E1322300028201,市立第一中学校,東京都武蔵村山市本町2-76-1,,,,1,,1,,,1,35.7549161631096,139.3820494197,
1856,E1322300029201,横田児童遊園,東京都武蔵村山市本町4-41-2,,,,1,,1,,,,35.7587109201658,139.386493662829,
1857,E1322300030201,野山北公園運動場,東京都武蔵村山市本町5-31-1,,,,1,,1,,,,35.7634807390758,139.385264360673,
1858,E1322300031201,カマキリ公園,東京都武蔵村山市緑が丘1460,,,,1,,1,,,1,35.7426462424285,139.407644794542,
1859,E1322300031202,市立小中一貫校村山学園,東京都武蔵村山市緑が丘1460,,,,1,,1,,,1,35.7395591793303,139.409527705275,
1860,E1322300032201,オカネ塚公園,東京都武蔵村山市緑が丘1619,,,,1,,1,,,,35.7455807771514,139.408910796847,
1861,E1322300033201,大南公園,東京都武蔵村山市緑が丘2542,,,,1,,1,,,,35.7382124200553,139.40824846226,
1862,E1320400080201,東京都立武蔵野中央公園,東京都武蔵野市八番町2-1,,,,1,,1,,,,35.718919,139.558426,
1863,E1321800001201,加美平公園,東京都福生市加美平1-21,1,1,,1,,,,,,35.750960650104,139.32727532076,
1864,E1321800002201,福生第二中学校（校庭）,東京都福生市加美平1-22-1,1,1,,1,,,,,1,35.751836655747,139.32675573933,
1865,E1321800003201,福生第六小学校（校庭）,東京都福生市加美平1-9-1,1,1,,1,,,,,1,35.748722692709,139.32753646413,
1866,E1321800004201,福生第三小学校（校庭）,東京都福生市牛浜162,1,1,,1,,,,,1,35.735811028067,139.33553467721,
1867,E1321800005201,福生公園,東京都福生市牛浜163,1,1,,1,,,,,,35.734127199322,139.33673662084,
1868,E1321800006201,牛一公園,東京都福生市牛浜59-2,1,1,,1,,,,,,35.734855625658,139.33116880265,
1869,E1321800007201,福栄ミレニアムパーク,東京都福生市熊川1143-1,1,1,,1,,,,,,35.730558338996,139.34044248936,
1870,E1321800008201,みずくらいど公園,東京都福生市熊川1359-1,1,1,,1,,,,,,35.726544373204,139.33989338305,
1871,E1321800009201,玉川上水緑地日光橋公園,東京都福生市熊川1386-1,1,1,,1,,,,,,35.724575931917,139.34172801402,
1872,E1321800010201,福東トモダチ公園,東京都福生市熊川1573-1,1,1,,1,,,,,,35.725433864741,139.35244075681,
1873,E1321800012201,福東少年野球場,東京都福生市熊川1608,1,1,,1,,,,,,35.72274782802,139.350366413,
1874,E1321800013201,福東公園,東京都福生市熊川1620,1,1,,1,,,,,,35.723171440929,139.34939141249,
1875,E1321800015201,都立多摩工業高等学校（校庭）,東京都福生市熊川215,1,1,,1,,,,,1,35.71675348278,139.33813202631,
1876,E1321800017201,睦公園,東京都福生市熊川422-1,1,1,,1,,,,,,35.720216445225,139.33858446504,
1877,E1321800018201,福生第二小学校（校庭）,東京都福生市熊川623,1,1,,1,,,,,1,35.724080244919,139.33624453508,
1878,E1321800019201,福生第一中学校（校庭）,東京都福生市熊川845,1,1,,1,,,,,1,35.730525534582,139.33734044595,
1879,E1321800020201,熊牛公園,東京都福生市熊川929-5,1,1,,1,,,,,,35.732091008681,139.33510610046,
1880,E1321800021201,多摩川緑地福生南公園,東京都福生市南田園1-1-1,,,,1,,1,,,,35.719274631444,139.33050528569,
1881,E1321800022201,明神下公園,東京都福生市南田園1-12-1,,1,,1,,,,,,35.723586282698,139.33045029684,
1882,E1321800023201,福生第五小学校（校庭）,東京都福生市南田園1-2-2,,,,1,,,,,1,35.720871985315,139.33186794082,
1883,E1321800024201,福生第三中学校（校庭）,東京都福生市南田園3-1-1,,,,1,,,,,1,35.72902249644,139.33159231027,
1884,E1321800025201,武蔵野台東公園,東京都福生市武蔵野台1-14,1,1,,1,,,,,,35.747056721562,139.33297096339,
1885,E1321800027201,福生第一小学校（校庭）,東京都福生市福生1055,1,1,,1,,,,,1,35.742149457434,139.32594533561,
1886,E1321800028201,多摩川緑地福生かに坂公園,東京都福生市福生1185-15,,,,1,,1,,,,35.743992750727,139.31801377025,
1887,E1321800029201,福生第四小学校（校庭）,東京都福生市福生1290,1,1,,1,,,,,1,35.745065894149,139.32209540144,
1888,E1321800030201,もくせい公園,東京都福生市福生2148-1,1,1,,1,,,,,,35.74330616586,139.33540173949,
1889,E1321800031201,わらつけ公園,東京都福生市福生2151-12,1,1,,1,,,,,,35.743933882326,139.33644627209,
1890,E1321800032201,原ヶ谷戸児童公園,東京都福生市福生2250-11,1,1,,1,,,,,,35.741156276448,139.33508944534,
1891,E1321800033201,フレンドシップパーク,東京都福生市福生2351-11,1,1,,1,,,,,,35.7390548807,139.33827779106,
1892,E1321800034201,福生第七小学校（校庭）,東京都福生市北田園1-1-1,,,,1,,,,,1,35.732082514165,139.32796689385,
1893,E1321800036201,都立福生高等学校（校庭）,東京都福生市北田園2-11-3,,1,,1,,,,,1,35.736016382572,139.32254648788,
1894,E1321800037201,多摩川緑地福生柳山公園,東京都福生市北田園2-8-2,,1,,1,,1,,,,35.736797547739,139.3197794337,
1895,E1321800035201,多摩川中央公園,東京都福生市北田園１先,,1,,1,,1,,,,35.72965912467,139.32532354427,
1896,E1321800039201,ひふみ公園,東京都福生市本町25-4,1,1,,1,,,,,,35.739352728523,139.329606763,
1897,E1310500003201,後楽園一帯,東京都文京区後楽1-6-6,,,,1,,1,,,,35.7048945652878,139.748471246843,
1898,E1310500035201,護国寺一帯,東京都文京区大塚5-40-1,,,,1,,1,,,,35.7208123045251,139.726670807039,
1899,E1310500030201,お茶の水女子大学一帯・教育の森公園一帯,東京都文京区大塚２－１－１文京区大塚3-29,,,,1,,1,,,,35.7185976404339,139.732404814861,
1900,E1310500041201,小石川植物園,東京都文京区白山3-7-1,,,,1,,1,,,,35.7198756041186,139.74416017255,
1901,E1310500047201,東京大学,東京都文京区本郷7-3-1,,,,1,,1,,,,35.7120164740694,139.762719142092,
1902,E1310500051201,六義園,東京都文京区本駒込6-16-3,,,,1,,1,,,,35.7328209314317,139.746175276881,
1903,E1310500052201,目白台運動公園付近一帯,東京都文京区目白台1-19,,,,1,,1,,,,35.7151804854399,139.721221921047,
1904,E1311600001201,駒込小学校,東京都豊島区駒込3-13-1,1,1,,1,,,1,,1,35.7383736877017,139.742937899613,
1905,E1311600002201,駒込中学校,東京都豊島区駒込4-5-1,1,1,,1,,,1,,1,35.7359308885642,139.741891837165,
1906,E1311600003201,仰高小学校,東京都豊島区駒込5-1-19,1,1,,1,,,1,,1,35.736466499864,139.738244033846,
1907,E1311600004201,千川中学校,東京都豊島区高松1-9-21,1,1,,1,,,1,,1,35.7360465886746,139.700261530604,改修工事中（令和9年8月末頃まで）
1908,E1311600005201,高松小学校,東京都豊島区高松2-57-22,1,1,,1,,,1,,1,35.7395695556943,139.697170790873,
1909,E1311600006201,高南小学校,東京都豊島区高田2-12-7,,,,1,,,,,1,35.7165106631227,139.713845569977,
1910,E1311600007201,豊成小学校,東京都豊島区上池袋1-18-24,1,1,,1,,,1,,1,35.7349976860914,139.722033274768,
1911,E1311600008201,池袋第一小学校,東京都豊島区上池袋4-28-1,1,1,,1,,,1,,1,35.741396,139.718918,
1912,E1311600009201,西巣鴨小学校,東京都豊島区西巣鴨1-27-1,1,1,,1,,,1,,1,35.7384943065396,139.72598511859,
1913,E1311600010201,巣鴨北中学校,東京都豊島区西巣鴨3-17-1,1,1,,1,,,1,,1,35.7415370452459,139.729477897504,
1914,E1311600011201,池袋第三小学校,東京都豊島区西池袋3-14-3,1,1,,1,,,1,,1,35.7284820595885,139.702805012468,
1915,E1311600012201,西池袋中学校,東京都豊島区西池袋4-7-1,1,1,,1,,,1,,1,35.7279344778416,139.700270849717,
1916,E1311600013201,西部区民事務所,東京都豊島区千早2-39-16,1,1,,1,,,1,,1,35.7358011194859,139.691004659452,
1917,E1311600014201,千早小学校,東京都豊島区千早3-33-5,1,1,,1,,,1,,1,35.7350674081911,139.687314989565,
1918,E1311600015201,清和小学校,東京都豊島区巣鴨3-14-1,1,1,,1,,,1,,1,35.7358928389286,139.732940259289,
1919,E1311600016201,朝日小学校,東京都豊島区巣鴨5-33-1,1,1,,1,,,1,,1,35.7411464524503,139.733371769114,
1920,E1311600017201,みらい館大明,東京都豊島区池袋3-30-8,1,1,,1,,,1,,1,35.7356947654356,139.704566807421,
1921,E1311600018201,池袋小学校,東京都豊島区池袋4-23-8,1,1,,1,,,1,,1,35.7377523607823,139.709265053499,
1922,E1311600019201,池袋本町小学校　池袋中学校（連携校）,東京都豊島区池袋本町1-43-1,1,1,,1,,,1,,1,35.7406415293884,139.714708574141,
1923,E1311600020201,旧文成小学校,東京都豊島区池袋本町4-36-1,1,1,,1,,,1,,1,35.7443283273987,139.714541046111,
1924,E1311600021201,長崎小学校,東京都豊島区長崎2-6-3,1,1,,1,,,1,,1,35.7286665374714,139.69020707376,
1925,E1311600022201,明豊中学校,東京都豊島区長崎5-31-29,1,1,,1,,,1,,1,35.7359699421442,139.684179650816,
1926,E1311600023201,さくら小学校,東京都豊島区長崎6-16-1,1,1,,1,,,1,,1,35.7360772330737,139.680406089564,
1927,E1311600024201,朋有小学校,東京都豊島区東池袋4-40-1,1,1,,1,,,1,,1,35.7289542040509,139.723611638078,
1928,E1311600025201,巣鴨小学校,東京都豊島区南大塚1-24-10,1,1,,1,,,1,,1,35.7286309641225,139.734802957542,
1929,E1311600026201,西巣鴨中学校,東京都豊島区南大塚3-18-1,1,1,,1,,,1,,1,35.7288491778063,139.727545851762,
1930,E1311600027201,南池袋小学校,東京都豊島区南池袋3-18-12,1,1,,1,,,1,,1,35.7243741278095,139.714834203318,
1931,E1311600028201,富士見台小学校,東京都豊島区南長崎1-10-5,1,1,,1,,,1,,1,35.7247222468588,139.693122952927,
1932,E1311600029201,南長崎スポーツ公園,東京都豊島区南長崎4-13-5,1,1,,1,,,1,,1,35.7245084209613,139.683852464941,
1933,E1311600030201,椎名町小学校,東京都豊島区南長崎4-30-5,1,1,,1,,,1,,1,35.7267569079369,139.685560188823,
1934,E1311600031201,千登世橋中学校,東京都豊島区目白1-1-1,1,,,1,,,,,1,35.7172164252169,139.711573677515,
1935,E1311600032201,目白小学校,東京都豊島区目白2-11-6,1,1,,1,,,1,,1,35.7208268047451,139.709001519962,
1936,E1311600033201,旧真和中学校,東京都豊島区目白5-24-12,1,1,,1,,,1,,1,35.7252863127352,139.696884838253,
1937,E1311600034201,要小学校,東京都豊島区要町2-3-20,1,1,,1,,,1,,1,35.7340842597505,139.6935718442,
1938,E1311600035201,豊島体育館,東京都豊島区要町3-47-8,1,1,,1,,,1,,1,35.7399603103024,139.689549138133,
1939,E1311700115202,区立王子小学校,東京都北区王子2-7-1,,,,1,,,,,1,35.75891,139.73562,
1940,E1311700115201,区立王子桜中学校,東京都北区王子2-7-1,,,,1,,,,,1,35.758357,139.736233,
1941,E1311700116201,区立王子第一小学校,東京都北区王子5-14-18,,,,1,,,,,1,35.765123,139.737824,
1942,E1311700152201,区立堀船中学校,東京都北区王子5-2-8,,,,1,,,,,1,35.762939,139.734626,
1943,E1311700156201,区立明桜中学校,東京都北区王子6-3-23,1,,,1,,,,,1,35.759735,139.741539,
1944,E1311700166201,旧清至中学校,東京都北区王子6-7-3,,,,1,,,,,1,35.762548,139.741091,
1945,E1311700117201,区立王子第二小学校,東京都北区王子本町2-2-5,,,,1,,,,,1,35.75602,139.732701,
1946,E1311700129201,区立岩淵小学校,東京都北区岩淵町6-6,,,,1,,,,,1,35.784376,139.72617,
1947,E1311700135201,区立桐ケ丘郷小学校,東京都北区桐ケ丘1-10-23,1,,1,1,,,,,1,35.776539,139.707235,
1948,E1311700160201,区立桐ケ丘中学校,東京都北区桐ケ丘2-6-11,1,1,1,1,,,,,1,35.779697,139.708651,
1949,E1311700130201,区立なでしこ小学校,東京都北区志茂1-34-17,,,,1,,,,,1,35.777253,139.731945,
1950,E1311700151201,志茂子ども交流館,東京都北区志茂5-18-3,,,,1,,,,,1,35.783392,139.731351,
1951,E1311700155201,区立十条富士見中学校,東京都北区十条台1-9-33,,,,1,,,,,1,35.757298,139.723175,
1952,E1311700127201,旧清水小学校,東京都北区十条仲原4-5-17,1,1,1,1,,,,,1,35.769932,139.721511,
1953,E1311700145201,区立滝野川第五小学校,東京都北区昭和町3-3-12,,,,1,,,,,1,35.749231,139.749596,
1954,E1311700119201,区立王子第五小学校,東京都北区上十条2-18-17,1,,1,1,,,,,1,35.759699,139.719161,
1955,E1311700034201,旧富士見中学校（学校法人帝京大学）,東京都北区上十条3-1-25,1,,1,1,,,,,1,35.759441832383,139.71719573025,
1956,E1311700118201,区立王子第三小学校,東京都北区上十条5-2-3,1,,1,1,,,,,1,35.765253,139.718142,
1957,E1311700168201,区立都の北学園,東京都北区神谷2-30-1,,,,1,,,,,1,35.772248,139.728866,
1958,E1311700167201,区立西が丘小学校,東京都北区西が丘1-12-14,1,,1,1,,,,,1,35.771203,139.71415,
1959,E1311700132201,区立梅木小学校,東京都北区西が丘2-21-15,1,1,1,1,,,,,1,35.767604,139.713856,
1960,E1311700141201,区立滝野川小学校,東京都北区西ケ原1-18-10,1,,1,1,,,,,1,35.742322,139.747854,
1961,E1311700050201,北区防災センター　　　　　　　　　　　　　　　　　　,東京都北区西ケ原2-1-6,,1,,,,,,,1,35.7450089,139.7445797,
1962,E1311700165201,区立飛鳥中学校,東京都北区西ケ原3-5-12,1,,1,1,,,,,1,35.743963,139.742487,
1963,E1311700147201,区立西ケ原小学校,東京都北区西ケ原4-19-21,1,,1,1,,,,,1,35.743143,139.736726,
1964,E1311700128201,区立赤羽小学校,東京都北区赤羽1-24-6,,,,1,,,,,1,35.780613,139.721426,
1965,E1311700159201,区立赤羽岩淵中学校,東京都北区赤羽2-6-18,,,,1,,,,,1,35.778954,139.725882,
1966,E1311700131201,区立第四岩淵小学校,東京都北区赤羽3-24-23,,1,,1,,,,,1,35.785781,139.72071,
1967,E1311700158201,区立稲付中学校,東京都北区赤羽西6-1-4,,,,1,,,,,1,35.770514,139.707886,
1968,E1311700140201,区立赤羽台西小学校,東京都北区赤羽台2-1-34,1,1,1,1,,,,,1,35.77539,139.713959,
1969,E1311700137201,区立八幡小学校,東京都北区赤羽台3-18-5,,,,1,,,,,1,35.78079,139.714458,
1970,E1311700134201,旧稲田小学校,東京都北区赤羽南2-23-24,,,,1,,,,,1,35.77301,139.725332,
1971,E1311700136201,区立袋小学校,東京都北区赤羽北2-15-3,,1,,1,,,,,1,35.783721,139.705913,
1972,E1311700143201,区立滝野川第三小学校,東京都北区滝野川1-12-27,1,,1,1,,,,,1,35.748566,139.736914,
1973,E1311700077201,旧滝野川中学校（北区役所滝野川分庁舎）,東京都北区滝野川2-52-10,1,,1,1,,,,,1,35.751508073887,139.73302171653,
1974,E1311700149201,区立滝野川もみじ小学校,東京都北区滝野川3-72-1,1,,1,1,,,,,1,35.750805,139.728391,
1975,E1311700146201,東京国際フランス学園　別館,東京都北区滝野川5-44-15,1,,1,1,,,,,1,35.74884,139.724456,
1976,E1311700164201,区立滝野川紅葉中学校,東京都北区滝野川5-55-8,1,,,1,,,,,1,35.74983,139.724849,
1977,E1311700142201,区立滝野川第二小学校,東京都北区滝野川6-19-4,1,,1,1,,,,,1,35.744642,139.726462,
1978,E1311700148201,区立谷端小学校,東京都北区滝野川7-12-17,1,,1,1,,,,,1,35.744462,139.721627,
1979,E1311700171201,十条台ふれあい館,東京都北区中十条1-2-18,,1,,,,,,,,35.757692,139.729648,
1980,E1311700125201,旧十条台小学校,東京都北区中十条1-5-6,,,,1,,,,,1,35.758637,139.730052,
1981,E1311700120201,区立十条小学校,東京都北区中十条3-1-6,,,,1,,,,,1,35.763168,139.726012,
1982,E1311700154201,区立田端中学校,東京都北区田端4-17-1,,,,1,,,,,1,35.738271,139.754165,
1983,E1311700150201,区立田端小学校,東京都北区田端5-4-1,1,1,1,1,,,,,1,35.737176,139.757196,
1984,E1311700163201,旧田端中学校,東京都北区田端6-9-1,1,,1,1,,,,,1,35.741136,139.75593,
1985,E1311700169201,旧新町中学校（新町コミュニティアリーナ）,東京都北区田端新町2-27-17,,,,1,,,,,1,35.74020759485,139.76807995072,
1986,E1311700124201,区立東十条小学校,東京都北区東十条3-14-23,,,,1,,,,,1,35.765797,139.72907,
1987,E1311700144201,区立滝野川第四小学校,東京都北区東田端2-5-23,,,,1,,,,,1,35.74005,139.762663,
1988,E1311700139201,区立西浮間小学校,東京都北区浮間2-7-1,,,,1,,,,,1,35.792839,139.699303,
1989,E1311700138201,区立浮間小学校,東京都北区浮間3-4-27,,,,1,,,,,1,35.78574,139.700816,
1990,E1311700153201,旧西浮間小学校,東京都北区浮間4-29-30,,,,1,,,,,1,35.790264,139.691919,
1991,E1311700162201,区立浮間中学校,東京都北区浮間4-29-32,,,,1,,,,,1,35.790341,139.693279,
1992,E1311700123201,区立柳田小学校,東京都北区豊島2-11-20,,,,1,,,,,1,35.757583,139.743875,
1993,E1311700121201,区立豊川小学校,東京都北区豊島3-10-23,,,,1,,,,,1,35.760731,139.74299,
1994,E1311700170201,旧豊島北中学校（豊島北コミュニティアリーナ）,東京都北区豊島5-3-13,,,,1,,,,,1,35.764903037597,139.75002343948,
1995,E1311700126201,区立としま若葉小学校,東京都北区豊島5-3-30,,,,1,,,,,1,35.765841,139.750264,
1996,E1311700122201,区立堀船小学校,東京都北区堀船2-11-9,1,,,1,,,,,1,35.753652,139.746204,
1997,E1311000001201,大鳥中学校,東京都目黒区下目黒3-23-18,1,1,,1,,,1,,1,35.631057439186,139.70751735464,
1998,E1311000002201,不動小学校,東京都目黒区下目黒6-11-35,1,1,,1,,,1,,1,35.627092595024,139.69911591189,
1999,E1311000003201,都立国際高等学校,東京都目黒区駒場2-19-59,,,,1,,,,,1,35.659014073553,139.67893753586,
2000,E1311000004201,駒場小学校,東京都目黒区駒場3-11-13,1,1,,1,,,1,,1,35.659870537242,139.68190655335,
2001,E1311000005201,原町小学校,東京都目黒区原町2-18-12,1,1,,1,,,1,,1,35.615567762264,139.69065363581,
2002,E1311000006201,上目黒小学校,東京都目黒区五本木1-12-13,1,1,,1,,,1,,1,35.638734440427,139.69033925624,
2003,E1311000007201,五本木小学校,東京都目黒区五本木2-24-3,1,1,,1,,,1,,1,35.634136276295,139.68760774105,
2004,E1311000008201,自由ヶ丘学園高等学校,東京都目黒区自由が丘2-21-1,,,,1,,,,,1,35.612274725766,139.66635404438,
2005,E1311000009201,烏森小学校,東京都目黒区上目黒3-37-27,1,1,,1,,,1,,1,35.64432305976,139.69245111707,
2006,E1311000010201,菅刈小学校及び菅刈公園（菅刈公園は地震時のみ使用）,東京都目黒区青葉台3-3-26,1,,,1,,,1,,1,35.650885131637,139.6927934042,
2007,E1311000013201,第一中学校,東京都目黒区大橋2-11-1,1,1,,1,,,1,,1,35.654650693991,139.68652846222,
2008,E1311000014201,都立駒場高等学校,東京都目黒区大橋2-18-1,,,,1,,,,,1,35.65488031971,139.685869549,
2009,E1311000015201,鷹番小学校,東京都目黒区中央町1-20-26,1,1,,1,,,1,,1,35.6275797145,139.689973299,
2010,E1311000016201,油面小学校,東京都目黒区中町1-5-4,1,1,,1,,,1,,1,35.632435183439,139.69836672982,
2011,E1311000017201,目黒中央中学校,東京都目黒区中町2-37-38,1,1,,1,,,1,,1,35.634617823268,139.6938751647,
2012,E1311000042201,目黒学院中学校・高等学校,東京都目黒区中目黒1-1-50,1,1,,1,,,1,,1,35.644463,139.70275,
2013,E1311000018201,中目黒小学校,東京都目黒区中目黒3-13-32,1,1,,1,,,1,,1,35.640107898038,139.6989166778,
2014,E1311000019201,めぐろ学校サポートセンター,東京都目黒区中目黒3-6-10,1,1,,1,,,1,,1,35.639333558905,139.70263634791,
2015,E1311000020201,東根小学校,東京都目黒区東が丘1-20-1,1,1,,1,,,1,,1,35.627153081057,139.66805695264,
2016,E1311000021201,東山中学校,東京都目黒区東山1-24-31,1,1,,1,,,1,,1,35.646481804842,139.69026782598,
2017,E1311000022201,東山小学校,東京都目黒区東山2-24-25,1,1,,1,,,1,,1,35.646921776078,139.68580941553,
2018,E1311000023201,めぐろ区民キャンパス及び都立桜修館中等教育学校（都立桜修館中等教育学校は地震時のみ使用）,東京都目黒区八雲1-1-1,1,1,,1,,,1,,1,35.621155580524,139.67203575331,
2019,E1311000025201,八雲小学校,東京都目黒区八雲2-5-1,1,1,,1,,,1,,1,35.618146285026,139.67127411509,
2020,E1311000026201,宮前小学校,東京都目黒区八雲3-13-21,1,1,,1,,,1,,1,35.61533370798,139.66684594946,
2021,E1311000027201,第十中学校,東京都目黒区八雲5-2-1,1,1,,1,,,1,,1,35.624395185956,139.66866409605,
2022,E1311000028201,目黒南中学校,東京都目黒区碑文谷1-1-33,1,1,,1,,,1,,1,35.622972597955,139.6918315632,
2023,E1311000029201,碑小学校,東京都目黒区碑文谷1-18-2,1,1,,1,,,1,,1,35.619354926806,139.69064874872,
2024,E1311000030201,目黒西中学校,東京都目黒区碑文谷4-19-25,1,1,,1,,,1,,1,35.619650961702,139.68243423188,
2025,E1311000031201,碑文谷公園及び碑文谷体育館（碑文谷公園は地震時のみ使用）,東京都目黒区碑文谷6-9-11,1,1,,1,,,1,,1,35.626508061977,139.68213017975,
2026,E1311000033201,大岡山小学校,東京都目黒区平町2-3-1,1,1,,1,,,1,,1,35.615056157039,139.68298567265,
2027,E1311000034201,田道小学校,東京都目黒区目黒1-15-28,,1,,1,,,,,1,35.637591290189,139.70923500079,
2028,E1311000035201,下目黒小学校,東京都目黒区目黒2-7-9,,1,,1,,,,,1,35.634186890623,139.70915964733,
2029,E1311000036201,月光原小学校,東京都目黒区目黒本町4-15-3,1,1,,1,,,1,,1,35.623025401106,139.69494858385,
2030,E1311000037201,向原小学校,東京都目黒区目黒本町6-7-15,,1,,1,,,,,1,35.61849223063,139.69575154995,
2031,E1311000038201,都立目黒高等学校,東京都目黒区祐天寺2-7-15,,,,1,,,,,1,35.636898116867,139.69447702967,
2032,E1311000039201,中根小学校,東京都目黒区緑が丘1-1-1,1,1,,1,,,1,,1,35.612677587167,139.67827770491,
2033,E1311000041201,緑ヶ丘小学校,東京都目黒区緑が丘2-13-1,1,1,,1,,,1,,1,35.610287475904,139.67331843662,
2034,E1320200001201,立川市立松中小学校,東京都立川市一番町5-8-5,1,1,,1,,,1,,1,35.731731809674,139.37674860233,
2035,E1320200002201,立川市立第六小学校,東京都立川市羽衣町2-29-22,1,1,,1,,,1,,1,35.695461,139.426834,
2036,E1320200003201,立川市立立川第三中学校,東京都立川市羽衣町3-25-6,1,1,,1,,,1,,1,35.689597915965,139.42644851522,
2037,E1320200004201,立川市立南砂小学校,東京都立川市栄町2-2-1,1,1,,1,,,1,,1,35.708241781184,139.43035033028,
2038,E1320200005201,さかえ会館,東京都立川市栄町4-6-2,1,1,,1,,,1,,1,35.710927987604,139.42496177991,
2039,E1320200006201,錦学習館,東京都立川市錦町3-12-25,1,1,,1,,,1,,1,35.691176,139.416423,
2040,E1320200007201,立川市立第三小学校,東京都立川市錦町3-4-1,1,1,,1,,,1,,1,35.69254605938,139.41961822564,
2041,E1320200008201,立川市立第七小学校,東京都立川市錦町5-6-43,1,1,,1,,,1,,1,35.690651639189,139.41445496961,
2042,E1320200009201,立川市立第八小学校,東京都立川市幸町2-1-1,1,1,,1,,,1,,1,35.719017798656,139.42416690804,
2043,E1320200010201,立川市立立川第四中学校,東京都立川市幸町5-49-1,1,1,,1,,,1,,1,35.726223749576,139.42517520516,
2044,E1320200011201,立川市立幸小学校,東京都立川市幸町5-68-1,1,1,,1,,,1,,1,35.727394355824,139.42122252916,
2045,E1320200012201,立川市立第五小学校,東京都立川市高松町1-12-25,1,1,,1,,,1,,1,35.707653469183,139.41865454483,
2046,E1320200013201,砂川学習館,東京都立川市砂川町1-52-7,1,1,,1,,,1,,1,35.722804,139.40312,
2047,E1320200014201,こんぴら橋会館,東京都立川市砂川町3-26-1,1,1,,1,,,1,,1,35.727848860195,139.39948557542,
2048,E1320200015201,柴崎会館,東京都立川市柴崎町1-16-3,1,1,,1,,,1,,1,35.692356,139.407379,
2049,E1320200016201,立川市立立川第一中学校,東京都立川市柴崎町1-3-4,1,1,,1,,,1,,1,35.695497165224,139.40378676267,
2050,E1320200017201,柴崎学習館,東京都立川市柴崎町2-15-8,1,1,,1,,,1,,1,35.694687,139.408082,
2051,E1320200018201,立川市立第一小学校,東京都立川市柴崎町2-20-3,1,1,,1,,,1,,1,35.69473119118,139.40754927826,
2052,E1320200019201,立川市立若葉台小学校,東京都立川市若葉町1-13-1,1,1,,1,,,1,,1,35.719052,139.433835,
2053,E1320200020201,立川市立立川第九中学校,東京都立川市若葉町3-19-5,1,1,,1,,,1,,1,35.722151,139.437972,
2054,E1320200021201,若葉会館,東京都立川市若葉町3-34-1,1,1,,1,,,1,,1,35.720178,139.439185,
2055,E1320200022201,旧若葉小学校,東京都立川市若葉町4-24-1,,,,1,,,,,1,35.724636839562,139.43494111976,
2056,E1320200023201,女性総合センター・中央図書館,東京都立川市曙町2-36-2,1,1,,,,,1,,1,35.702141,139.414111,
2057,E1320200024201,二中一帯（広域避難場所）,東京都立川市曙町3,1,1,,1,,1,1,,,35.701552032145,139.42663103723,
2058,E1320200025201,立川市立第二小学校,東京都立川市曙町3-23-1,1,1,,1,,,1,,1,35.70115932963,139.42052012899,
2059,E1321500018201,都立立川国際中等教育学校周辺,東京都立川市曙町3-29-37,,,,1,,1,,,,35.703331765683,139.42808478955,
2060,E1320200026201,立川市立立川第二中学校,東京都立川市曙町3-29-46,1,1,,1,,,1,,1,35.703139239839,139.42646390416,
2061,E1320200027201,立川競輪場集合棟,東京都立川市曙町3-32-5,1,1,,,,,1,,1,35.703826725758,139.42361726522,
2062,E1320200028201,上砂会館（児童館・上砂第３学童保育所）,東京都立川市上砂町1-13-1,1,1,,1,,,1,,1,35.720560881467,139.39169750176,
2063,E1320200029201,立川市立大山小学校,東京都立川市上砂町1-5-33,1,1,,1,,,1,,1,35.719886290262,139.3905181714,
2064,E1320200030201,立川市立第九小学校,東京都立川市上砂町2-18-1,,,,1,,,,,1,35.723615318605,139.39297120074,
2065,E1320200031201,立川市立立川第五中学校,東京都立川市上砂町3-27-1,,,,1,,,,,1,35.724128340091,139.38680391624,
2066,E1320200032201,立川市立上砂川小学校,東京都立川市上砂町5-12-2,,,,1,,,,,1,35.732564601672,139.39264294534,
2067,E1320200033201,立川市立西砂小学校,東京都立川市西砂町2-34-2,,,,1,,,,,1,35.727261326164,139.36406898996,
2068,E1320200034201,西砂会館,東京都立川市西砂町5-11-13,1,1,,1,,,1,,1,35.732348281788,139.3606460605,
2069,E1320200035201,西砂学習館,東京都立川市西砂町6-12-10,1,1,,1,,,1,,1,35.729592058667,139.37214104489,
2070,E1320200036201,立川市立立川第七中学校,東京都立川市西砂町6-28-3,,,,1,,,,,1,35.73355422203,139.36722386625,
2071,E1320200037201,立川市立立川第六中学校,東京都立川市泉町786-16,1,1,,1,,,1,,1,35.717722484186,139.41807822834,
2072,E1320200038201,立川市立第十小学校,東京都立川市柏町1-31-1,1,1,,1,,,1,,1,35.720342582961,139.41051371805,
2073,E1320200039201,立川市立柏小学校,東京都立川市柏町4-8-4,1,1,,1,,,1,,1,35.727306603672,139.41466546665,
2074,E1320200040201,滝ノ上会館,東京都立川市富士見町4-16-10,1,1,,1,,,1,,1,35.695878644616,139.39901667588,
2075,E1320200041201,立川市立第四小学校,東京都立川市富士見町4-4-1,1,1,,1,,,1,,1,35.697583781241,139.40026213993,
2076,E1320200042201,多摩川河川敷（広域避難場所）,東京都立川市富士見町6,,,,1,,1,,,,35.689133161896,139.39650897253,
2077,E1320200043201,旧多摩川小学校,東京都立川市富士見町6-46-1,,,,1,,,,,1,35.691524425307,139.3900060155,
2078,E1320200044201,立川市立新生小学校,東京都立川市富士見町6-69-1,,,,1,,,,,1,35.694333633699,139.39282994357,
2079,E1320200045201,立川市立立川第八中学校,東京都立川市富士見町7-24-1,,,,1,,,,,1,35.692758847397,139.39725511996,
2080,E1320200046201,国営昭和記念公園（広域避難場所）,東京都立川市緑町,1,1,,1,,1,1,,,35.703460055885,139.40910011912,
2081,E1312000001201,旭丘地域集会所,東京都練馬区旭丘1-58-10,1,,,,,,1,,1,35.734835749476,139.67411883717,
2082,E1312000002201,旭丘小学校,東京都練馬区旭丘2-21-1,1,,,1,,1,1,,1,35.736495593533,139.67694848922,
2083,E1312000003201,旭丘中学校,東京都練馬区旭丘2-40-1,1,,,1,,1,1,,1,35.737821604906,139.67766400819,
2084,E1312000004201,旭町小学校,東京都練馬区旭町2-29-1,1,1,,1,,1,1,,1,35.772902224829,139.62766195815,
2085,E1312000005201,旭町北地区区民館,東京都練馬区旭町2-30-16,1,,,,,,1,,1,35.773266550031,139.62880597522,
2086,E1312000006201,旭町地域集会所,東京都練馬区旭町3-11-6,1,1,,,,,1,,1,35.77412214127,139.62501079737,
2087,E1312000007201,豊渓中学校,東京都練馬区旭町3-5-10,1,,,1,,1,1,,1,35.77416227,139.6281023,
2088,E1312000008201,開進第四小学校,東京都練馬区羽沢2-33-1,1,,,1,,1,1,,1,35.74802256353,139.67171711848,
2089,E1312000010201,開進第四中学校,東京都練馬区羽沢3-24-1,,,,1,,1,,,1,35.7508210343,139.67334289598,
2090,E1312000011201,栄町敬老館,東京都練馬区栄町40-7,1,,,,,,1,,1,35.73950018857,139.6712578729,
2091,E1312000012201,下石神井小学校,東京都練馬区下石神井2-20-18,1,,,1,,1,1,,1,35.731662126125,139.6054138058,
2092,E1312000013201,石神井南中学校,東京都練馬区下石神井2-7-23,1,,,1,,1,1,,1,35.730451754044,139.60894969302,
2093,E1312000015201,下石神井地区区民館,東京都練馬区下石神井6-8-15,1,,,,,,1,,1,35.733878122358,139.60359521154,
2094,E1312000016201,練馬第三小学校,東京都練馬区貫井1-36-15,1,,,1,,1,1,,1,35.737097589543,139.63514392236,
2095,E1312000017201,貫井地区区民館,東京都練馬区貫井1-9-1,1,,,,,,1,,1,35.738179577178,139.63558441662,
2096,E1312000018201,貫井中学校,東京都練馬区貫井2-14-13,1,,,1,,1,1,,1,35.739588382706,139.63320377213,
2097,E1312000020201,練馬第二小学校,東京都練馬区貫井2-31-13,1,,,1,,1,1,,1,35.741741949535,139.63400821563,
2098,E1312000021201,石神井西中学校,東京都練馬区関町南3-10-3,1,,,1,,1,1,,1,35.720624590621,139.58062184035,
2099,E1312000023201,関町地域集会所,東京都練馬区関町南4-22-1,1,,,,,,1,,1,35.721373438648,139.56772742854,
2100,E1312000025201,石神井西小学校,東京都練馬区関町北1-1-5,1,,,1,,1,1,,1,35.723957220492,139.58048920216,
2101,E1312000026201,関区民センター,東京都練馬区関町北1-7-2,1,1,,,,,1,,1,35.724545724554,139.57770399611,
2102,E1312000027201,関町小学校,東京都練馬区関町北3-23-34,1,1,,1,,1,1,,1,35.725005483299,139.57198858363,
2103,E1312000028201,関町北地区区民館,東京都練馬区関町北4-12-21,1,,,,,,1,,1,35.729763501785,139.57719175196,
2104,E1312000029201,関中学校,東京都練馬区関町北4-34-23,1,,,1,,1,1,,1,35.730755329291,139.57548668933,
2105,E1312000030201,関町北小学校,東京都練馬区関町北5-13-40,1,,,1,,1,1,,1,35.73255916691,139.5736294055,
2106,E1312000034201,光が丘第八小学校,東京都練馬区光が丘1-4-1,1,,,1,,1,1,,1,35.768174261635,139.63741593649,
2107,E1312000035201,光が丘秋の陽小学校,東京都練馬区光が丘2-1-1,,,,1,,1,,,1,35.761603597631,139.63476522485,
2108,E1312000037201,光が丘区民センター,東京都練馬区光が丘2-9-6,1,,,,,,1,,1,35.75934953316,139.62989422847,
2109,E1312000038201,光が丘第三中学校,東京都練馬区光が丘3-2-1,1,,,1,,1,1,,1,35.754948220759,139.63149500705,
2110,E1312000039201,光が丘夏の雲小学校,東京都練馬区光が丘3-6-1,1,,,1,,1,1,,1,35.757300194438,139.63134839939,
2111,E1312000040201,防災学習センター,東京都練馬区光が丘6-4-1,1,,,,,,1,,1,35.7601451567819,139.623263420893,
2112,E1312000041201,光が丘第一中学校,東京都練馬区光が丘6-5-1,1,,,1,,1,1,,1,35.759925098212,139.62241927768,
2113,E1312000042201,光が丘第二中学校,東京都練馬区光が丘7-1-1,1,,,1,,1,1,,1,35.754474956611,139.62601810331,
2114,E1312000043201,光が丘春の風小学校,東京都練馬区光が丘7-2-1,1,,,1,,1,1,,1,35.755370793529,139.62624516498,
2115,E1312000044201,向山小学校,東京都練馬区向山2-14-11,1,,,1,,1,1,,1,35.740637438125,139.64107238135,
2116,E1312000045201,向山庭園,東京都練馬区向山3-1-21,1,,,,,,1,,1,35.74218838154,139.64664622602,
2117,E1312000046201,向山地域集会所,東京都練馬区向山4-21-12,1,,,,,,1,,1,35.74356536346,139.63860551056,
2118,E1312000047201,練馬中学校,東京都練馬区高松1-24-1,1,,,1,,1,1,,1,35.747798334556,139.63498188269,
2119,E1312000050201,高松小学校,東京都練馬区高松3-16-1,1,,,1,,1,1,,1,35.749517099327,139.62658960341,
2120,E1312000051201,高松地区区民館,東京都練馬区高松3-24-27,1,,,,,,1,,1,35.749997922864,139.62540343492,
2121,E1312000052201,旭町南地区区民館,東京都練馬区高松5-23-15,1,,,,,,1,,1,35.762866942339,139.62508830597,
2122,E1312000053201,光が丘四季の香小学校,東京都練馬区高松5-24-1,1,,,1,,1,1,,1,35.761560351583,139.62438733325,
2123,E1312000055201,練馬高野台駅前地域集会所,東京都練馬区高野台1-7-29,1,,,,,,1,,1,35.7409658161084,139.616336151297,
2124,E1312000056201,石神井東中学校,東京都練馬区高野台1-8-34,1,,,1,,1,1,,1,35.742437944173,139.6167982749,
2125,E1312000057202,生涯学習センター分館,東京都練馬区高野台2-25-1,1,,,,,,1,,1,35.747955,139.62117,
2126,E1312000058201,高野台地域集会所,東京都練馬区高野台3-28-11,1,,,,,,1,,1,35.745688551882,139.61188683086,
2127,E1312000060201,桜台地域集会所,東京都練馬区桜台1-22-9,1,,,,,,1,,1,35.739112884,139.66671889396,
2128,E1312000061201,開進第三小学校,東京都練馬区桜台2-18-1,1,,,1,,1,1,,1,35.743094211341,139.66675114921,
2129,E1312000063201,開進第三中学校,東京都練馬区桜台3-28-1,1,1,,1,,1,1,,1,35.74582601717,139.66564392967,
2130,E1312000064201,桜台地区区民館,東京都練馬区桜台3-39-17,1,1,,,,,1,,1,35.745778485291,139.66307947781,
2131,E1312000065201,開進第二小学校,東京都練馬区桜台5-10-5,1,,,1,,1,1,,1,35.741997216156,139.65838865666,
2132,E1312000066201,三原台敬老館,東京都練馬区三原台2-11-29,1,,,,,,1,,1,35.75723339783,139.60643977121,
2133,E1312000067201,三原台地域集会所,東京都練馬区三原台3-13-17,1,,,,,,1,,1,35.753949846935,139.59940525032,
2134,E1312000068201,三原台中学校,東京都練馬区三原台3-13-41,1,,,1,,1,1,,1,35.754620179994,139.60033220113,
2135,E1312000069201,泉新小学校,東京都練馬区三原台3-18-30,1,,,1,,1,1,,1,35.754261278726,139.60150307537,
2136,E1312000070201,練馬東小学校,東京都練馬区春日町1-30-11,1,,,1,,1,1,,1,35.752111733237,139.64743698231,
2137,E1312000071201,練馬東中学校,東京都練馬区春日町2-14-22,1,,,1,,1,1,,1,35.756997710918,139.64761773364,
2138,E1312000073201,春日小学校,東京都練馬区春日町5-12-1,1,,,1,,1,1,,1,35.746633233319,139.63998560596,
2139,E1312000074201,春日町南地区区民館,東京都練馬区春日町5-20-25,1,,,,,,1,,1,35.74771300604,139.63850304143,
2140,E1312000075201,春日町地域集会所,東京都練馬区春日町5-30-1,1,,,,,,1,,1,35.750591465375,139.63945222016,
2141,E1312000076201,練馬小学校,東京都練馬区春日町6-11-36,1,,,1,,1,1,,1,35.752557467726,139.6359691618,
2142,E1312000077201,小竹地域集会所,東京都練馬区小竹町1-63-2,1,,,,,,1,,1,35.738751251807,139.67346910598,
2143,E1312000078201,小竹小学校,東京都練馬区小竹町2-6-7,1,,,1,,1,1,,1,35.743840470894,139.67973598371,
2144,E1312000079201,上石神井南地域集会所,東京都練馬区上石神井1-6-16,1,,,,,,1,,1,35.725252785224,139.59246856549,
2145,E1312000080201,上石神井北地域集会所,東京都練馬区上石神井2-36-18,1,,,,,,1,,1,35.729184110722,139.59233647864,
2146,E1312000082201,上石神井小学校,東京都練馬区上石神井4-10-9,1,,,1,,1,1,,1,35.727839474743,139.58934353419,
2147,E1312000083201,上石神井中学校,東京都練馬区上石神井4-15-27,1,,,1,,1,1,,1,35.728520787675,139.58804952213,
2148,E1312000084201,大泉第四小学校,東京都練馬区西大泉1-24-1,,,,1,,1,,,1,35.755575113048,139.57348945462,
2149,E1312000085201,大泉西中学校,東京都練馬区西大泉3-19-27,1,,,1,,1,1,,1,35.758411907567,139.57997133376,
2150,E1312000086201,西大泉敬老館,東京都練馬区西大泉3-21-16,1,,,,,,1,,1,35.759528672177,139.578959308,
2151,E1312000088201,大泉西小学校,東京都練馬区西大泉4-25-1,1,,,1,,1,1,,1,35.76528134724,139.57185796407,
2152,E1312000090201,西大泉地区区民館,東京都練馬区西大泉5-3-32,1,,,,,,1,,1,35.760022346514,139.57249436438,
2153,E1312000091201,石神井小学校,東京都練馬区石神井台1-1-25,,,,1,,1,,,1,35.735580770786,139.59899176497,
2154,E1312000092201,石神井中学校,東京都練馬区石神井台1-32-1,1,,,1,,1,1,,1,35.741194463619,139.59577694361,
2155,E1312000093201,石神井台みどり地域集会所,東京都練馬区石神井台2-13-6,1,,,,,,1,,1,35.736495005348,139.59202718778,
2156,E1312000094201,石神井台敬老館,東京都練馬区石神井台2-18-13,1,,,,,,1,,1,35.735571015291,139.58968071833,
2157,E1312000095201,上石神井北小学校,東京都練馬区石神井台5-1-32,1,,,1,,1,1,,1,35.735816756814,139.58838653862,
2158,E1312000096201,石神井台小学校,東京都練馬区石神井台8-6-33,1,,,1,,1,1,,1,35.735086228847,139.58089995014,
2159,E1312000098201,光和小学校,東京都練馬区石神井町2-16-34,1,,,1,,1,1,,1,35.74620309859,139.60732548493,
2160,E1312000099201,石神井敬老館,東京都練馬区石神井町7-28-21,1,,,,,,1,,1,35.744815056201,139.59827618996,
2161,E1312000100201,男女共同参画センター　えーる,東京都練馬区石神井町8-1-10,1,,,,,,1,,1,35.745342020882,139.60171467213,
2162,E1312000101201,開進第一中学校,東京都練馬区早宮1-16-50,1,,,1,,1,1,,1,35.752608413192,139.65937320224,
2163,E1312000102201,早宮地域集会所,東京都練馬区早宮1-44-19,1,,,,,,1,,1,35.754170960116,139.65881301298,
2164,E1312000104201,開進第一小学校,東京都練馬区早宮2-1-31,1,,,1,,1,1,,1,35.754627893164,139.65757057296,
2165,E1312000105201,早宮小学校,東京都練馬区早宮4-10-17,1,,,1,,1,1,,1,35.752173794739,139.65116943038,
2166,E1312000106201,早宮地区区民館,東京都練馬区早宮4-14-5,1,,,,,,1,,1,35.750749348248,139.65125755188,
2167,E1312000108201,大泉第三小学校,東京都練馬区大泉学園町3-22-1,1,,,1,,1,1,,1,35.763374709363,139.5795421873,
2168,E1312000110201,大泉学園中学校,東京都練馬区大泉学園町4-17-32,1,,,1,,1,1,,1,35.766753619316,139.59000780972,
2169,E1312000111201,大泉北地域集会所,東京都練馬区大泉学園町4-21-1,1,,,,,,1,,1,35.765594321558,139.58846424439,
2170,E1312000112201,大泉学園小学校,東京都練馬区大泉学園町4-7-1,1,,,1,,1,1,,1,35.765638162704,139.59352036829,
2171,E1312000113201,大泉学園緑小学校,東京都練馬区大泉学園町5-11-47,1,,,1,,1,1,,1,35.76621009054,139.58550542318,
2172,E1312000114201,大泉学園町地域集会所,東京都練馬区大泉学園町6-20-36,1,,,,,,1,,1,35.771325847484,139.5832054349,
2173,E1312000116201,大泉学園地区区民館,東京都練馬区大泉学園町8-9-5,1,,,,,,1,,1,35.772797140608,139.59280443751,
2174,E1312000117201,大泉学園桜中学校,東京都練馬区大泉学園町9-2-1,1,,,1,,1,1,,1,35.77746,139.59096,
2175,E1312000118201,大泉学園桜小学校,東京都練馬区大泉学園町9-2-2,1,,,1,,1,1,,1,35.777441616962,139.59086131675,
2176,E1312000120201,橋戸小学校,東京都練馬区大泉町2-11-25,1,,,1,,1,1,,1,35.759040118926,139.60246199418,
2177,E1312000121201,北大泉地区区民館,東京都練馬区大泉町2-41-26,1,,,,,,1,,1,35.764733204622,139.60408722214,
2178,E1312000122201,大泉第一小学校,東京都練馬区大泉町3-16-23,1,1,,1,,1,1,,1,35.765802478928,139.59916990216,
2179,E1312000125201,大泉北小学校,東京都練馬区大泉町4-28-22,1,,,1,,1,1,,1,35.762238866437,139.59572453922,
2180,E1312000126201,大泉町地域集会所,東京都練馬区大泉町4-35-17,1,,,,,,1,,1,35.763801899244,139.59574881308,
2181,E1312000127201,大泉北中学校,東京都練馬区大泉町5-4-32,1,,,1,,1,1,,1,35.759447461606,139.5962786875,
2182,E1312000128201,谷原小学校,東京都練馬区谷原2-9-26,1,,,1,,1,1,,1,35.75105692584,139.61407643259,
2183,E1312000129201,谷原中学校,東京都練馬区谷原4-10-5,1,,,1,,1,1,,1,35.754898625719,139.61497571859,
2184,E1312000130201,北原小学校,東京都練馬区谷原4-9-1,1,,,1,,1,1,,1,35.754536331311,139.61362578158,
2185,E1312000131201,谷原地域集会所,東京都練馬区谷原5-6-7,1,,,,,,1,,1,35.751390759758,139.61295786031,
2186,E1312000132201,中村かしわ地域包括支援センター,東京都練馬区中村2-25-3,1,,,,,,1,,1,35.731802133331,139.64228165073,
2187,E1312000133201,中村小学校,東京都練馬区中村2-8-1,1,,,1,,1,1,,1,35.731198120813,139.64411393201,
2188,E1312000134201,中村中学校,東京都練馬区中村南1-32-21,1,,,1,,1,1,,1,35.728245688779,139.6453569007,
2189,E1312000135201,中村地域集会所,東京都練馬区中村南2-23-12,1,,,,,,1,,1,35.729768481217,139.64273132108,
2190,E1312000136201,中村西小学校,東京都練馬区中村北4-17-1,1,,,1,,1,1,,1,35.734231464397,139.63534879279,
2191,E1312000137201,田柄第二小学校,東京都練馬区田柄1-5-27,1,,,1,,1,1,,1,35.758896123401,139.64232070545,
2192,E1312000138201,田柄小学校,東京都練馬区田柄2-19-19,1,,,1,,1,1,,1,35.766093817315,139.64395950172,
2193,E1312000140201,田柄中学校,東京都練馬区田柄3-3-1,1,,,1,,1,1,,1,35.759704303053,139.64152561158,
2194,E1312000143201,豊溪小学校,東京都練馬区土支田2-26-28,1,,,1,,1,1,,1,35.763113602241,139.61536195118,
2195,E1312000144201,土支田中央地域集会所,東京都練馬区土支田2-32-8,1,1,,,,,1,,1,35.763489635991,139.61380313714,
2196,E1312000146201,土支田地域集会所,東京都練馬区土支田2-40-21,1,1,,,,,1,,1,35.764289615394,139.61161867014,
2197,E1312000148201,八坂中学校,東京都練馬区土支田4-47-21,,,,1,,1,,,1,35.76975866382,139.61213912727,
2198,E1312000149201,八坂小学校,東京都練馬区土支田4-48-1,,,,1,,1,,,1,35.768765381823,139.61133278283,
2199,E1312000150201,大泉東小学校,東京都練馬区東大泉1-22-1,1,,,1,,1,1,,1,35.749002215852,139.59103180283,
2200,E1312000152201,東大泉中央地域集会所,東京都練馬区東大泉3-18-9,1,,,,,,1,,1,35.751576351591,139.58670496908,
2201,E1312000153201,東大泉地区区民館,東京都練馬区東大泉3-53-1,1,,,,,,1,,1,35.756063631294,139.58784895631,
2202,E1312000154201,大泉小学校,東京都練馬区東大泉4-25-1,1,,,1,,1,1,,1,35.751831433459,139.58432525415,
2203,E1312000155201,大泉中学校,東京都練馬区東大泉4-27-35,1,,,1,,1,1,,1,35.752387740838,139.58521629575,
2204,E1312000157201,勤労福祉会館,東京都練馬区東大泉5-40-36,1,,,,,,1,,1,35.748144300095,139.58747786512,
2205,E1312000158201,大泉第二中学校,東京都練馬区東大泉6-21-1,1,,,1,,1,1,,1,35.744618510213,139.58461200898,
2206,E1312000159201,大泉南小学校,東京都練馬区東大泉6-28-1,1,,,1,,1,1,,1,35.744973422126,139.58111871414,
2207,E1312000160202,あすはステーション大泉,東京都練馬区東大泉7-20-1,1,,,,,,1,,1,35.742474,139.577591,
2208,E1312000161201,東大泉地域集会所,東京都練馬区東大泉7-27-51,1,,,,,,1,,1,35.743498573134,139.58038400043,
2209,E1312000162201,南大泉地区区民館,東京都練馬区南大泉2-19-26,1,,,,,,1,,1,35.73906832202,139.57040381122,
2210,E1312000163201,大泉第二小学校,東京都練馬区南大泉4-29-11,1,,,1,,1,1,,1,35.744543884804,139.57299312213,
2211,E1312000164201,大泉第六小学校,東京都練馬区南大泉5-25-29,1,,,1,,1,1,,1,35.751363436575,139.57168315758,
2212,E1312000165201,南大泉地域集会所,東京都練馬区南大泉5-26-19,1,,,,,,1,,1,35.751168461129,139.57353096978,
2213,E1312000166201,南が丘小学校,東京都練馬区南田中2-13-1,1,,,1,,1,1,,1,35.733749311283,139.61714421476,
2214,E1312000167201,南田中地域集会所,東京都練馬区南田中2-18-36,1,,,,,,1,,1,35.733229630125,139.61683095063,
2215,E1312000168201,石神井東小学校,東京都練馬区南田中3-9-1,1,,,1,,1,1,,1,35.737452267249,139.61979356128,
2216,E1312000169201,南が丘中学校,東京都練馬区南田中4-8-23,1,,,1,,1,1,,1,35.733888586284,139.61305683057,
2217,E1312000170201,南田中敬老館,東京都練馬区南田中5-15-25,1,1,,,,,1,,1,35.737798080435,139.61150864659,
2218,E1312000171201,南田中小学校,東京都練馬区南田中5-15-37,1,1,,1,,1,1,,1,35.737052078343,139.61114661409,
2219,E1312000173201,氷川台地区区民館,東京都練馬区氷川台2-16-14,1,,,,,,1,,1,35.756960032433,139.6671045321,
2220,E1312000175201,仲町小学校,東京都練馬区氷川台2-18-24,,,,1,,1,,,1,35.758001321251,139.6674929539,
2221,E1312000177201,富士見台地区区民館,東京都練馬区富士見台3-10-1,1,,,,,,1,,1,35.7386414534,139.62440900147,
2222,E1312000178201,富士見台小学校,東京都練馬区富士見台4-16-10,1,,,1,,1,1,,1,35.744896454762,139.62326883308,
2223,E1312000179201,豊玉第二小学校,東京都練馬区豊玉上2-16-1,1,,,1,,1,1,,1,35.737418859681,139.66202438232,
2224,E1312000180201,豊玉地域集会所,東京都練馬区豊玉中4-13-6,1,,,,,,1,,1,35.7325913184772,139.650257095798,
2225,E1312000181201,豊玉小学校,東京都練馬区豊玉中4-2-20,1,,,1,,1,1,,1,35.732880172469,139.65171429542,
2226,E1312000182201,豊玉中学校,東京都練馬区豊玉南2-1-20,1,,,1,,1,1,,1,35.729253376784,139.65782715412,
2227,E1312000183201,豊玉南小学校,東京都練馬区豊玉南2-14-1,1,,,1,,1,1,,1,35.727798715783,139.65642459504,
2228,E1312000186201,豊玉東小学校,東京都練馬区豊玉北1-16-1,1,,,1,,1,1,,1,35.732795782472,139.6678922518,
2229,E1312000187201,豊玉第二中学校,東京都練馬区豊玉北2-24-5,1,,,1,,1,1,,1,35.735241487498,139.66446598867,
2230,E1312000188201,豊玉北地区区民館,東京都練馬区豊玉北3-7-9,1,,,,,,1,,1,35.732677545343,139.66135523263,
2231,E1312000189201,練馬区役所,東京都練馬区豊玉北6-12-1,1,,,,,,1,,1,35.7355874482638,139.651645032833,
2232,E1312000190201,北町小学校,東京都練馬区北町1-14-11,,,,1,,1,,,1,35.765091551869,139.66425768454,
2233,E1312000191201,北町地区区民館,東京都練馬区北町2-26-1,1,,,,,,1,,1,35.767557690007,139.66040232111,
2234,E1312000192201,北町中学校,東京都練馬区北町3-1-34,,,,1,,1,,,1,35.7671556865,139.65712346915,
2235,E1312000193201,北町第二地区区民館,東京都練馬区北町6-24-101,1,,,,,,1,,1,35.761713890927,139.65522394879,
2236,E1312000194201,北町はるのひ地域包括支援センター,東京都練馬区北町6-35-7,1,,,,,,1,,1,35.75719597,139.6495308,
2237,E1312000195201,北町西小学校,東京都練馬区北町7-3-8,1,,,1,,1,1,,1,35.761503966047,139.65373593893,
2238,E1312000197201,北町地域集会所,東京都練馬区北町8-28-10,1,,,,,,1,,1,35.767698524145,139.64966176412,
2239,E1312000198201,立野地区区民館,東京都練馬区立野町15-42,1,,,,,,1,,1,35.718591879328,139.58248748839,
2240,E1312000199201,立野小学校,東京都練馬区立野町17-13,1,,,1,,1,1,,1,35.718278490064,139.58084422345,
2241,E1312000201201,開進第二中学校,東京都練馬区練馬2-27-28,1,,,1,,1,1,,1,35.743348573325,139.65265482533,
2242,E1312000203201,南町小学校,東京都練馬区練馬2-7-5,1,,,1,,1,1,,1,35.740577207075,139.65312705944,
2243,E1312000204201,厚生文化会館,東京都練馬区練馬4-2-3,1,,,,,,1,,1,35.740215972743,139.65024038612,
2244,E1330700011201,旧南檜原小学校グラウンド,東京都檜原村1085,1,1,,1,,1,1,,1,35.701927833366,139.12769410673,
2245,E1330700002201,旧南秋川中学校グラウンド,東京都檜原村1685,1,1,,1,,1,1,,1,35.713239554828,139.08878442869,
2246,E1330700003201,旧檜小数馬分校グラウンド,東京都檜原村2471,1,1,,1,,1,1,,,35.726789431616,139.0498456723,
2247,E1330700004201,資料館グラウンド,東京都檜原村3221,1,1,,1,,1,1,,1,35.74360189257,139.12973258559,
2248,E1330700005201,旧北檜原小学校グラウンド,東京都檜原村3791,1,1,,1,,1,1,,1,35.736599740245,139.12164148911,
2249,E1330700006201,旧北秋川小学校グラウンド,東京都檜原村4331,1,1,,1,,1,1,,1,35.73135692425,139.11265608892,
2250,E1330700013201,檜原中学校グラウンド,東京都檜原村575,1,1,,1,,1,1,,1,35.729702800679,139.1452947623,
2251,E1330700001202,檜原小学校グラウンド,東京都檜原村600,1,1,,1,,1,1,,1,35.73135322705,139.14414141243,
2252,E1330700009201,旧藤倉小学校グラウンド,東京都檜原村9095,1,1,,1,,1,1,,,35.741580966543,139.07876906027,
2253,E1330700010201,ヘリポート,東京都檜原村9423,1,1,,1,,1,1,,,35.741737713363,139.06670448411,
