{"type":"FeatureCollection","features":[{"type":"Feature","properties":{"code":"15101","name":"新潟市北区","pref":"新潟県","pref_code":"15","cx":139.1974,"cy":37.92821,"bbox":[139.13204,37.86205,139.26535,37.99304]},"geometry":{"type":"Polygon","coordinates":[[[139.23307,37.96577],[139.22782,37.97112],[139.22836,37.9755],[139.22125,37.98941],[139.21513,37.99304],[139.20484,37.98849],[139.2043,37.98505],[139.19238,37.97935],[139.13204,37.96214],[139.13415,37.94845],[139.14376,37.93701],[139.14338,37.93303],[139.14806,37.92339],[139.14763,37.91384],[139.15021,37.9029],[139.15639,37.89072],[139.17818,37.86488],[139.19205,37.86205],[139.1982,37.8661],[139.20548,37.86691],[139.21214,37.86463],[139.23306,37.86453],[139.23618,37.87497],[139.24522,37.87571],[139.2491,37.88978],[139.25545,37.88315],[139.26023,37.88362],[139.26044,37.89218],[139.26535,37.9019],[139.26202,37.90818],[139.25528,37.91179],[139.25313,37.91829],[139.24765,37.91617],[139.24969,37.93331],[139.25929,37.93773],[139.24841,37.94649],[139.23167,37.94813],[139.23557,37.95559],[139.23122,37.9634],[139.23307,37.96577]]]}},{"type":"Feature","properties":{"code":"15102","name":"新潟市東区","pref":"新潟県","pref_code":"15","cx":139.10913,"cy":37.92821,"bbox":[139.06472,37.89,139.14806,37.96216]},"geometry":{"type":"Polygon","coordinates":[[[139.13204,37.96214],[139.12329,37.96216],[139.10926,37.9585],[139.09441,37.95853],[139.09323,37.95531],[139.07623,37.95143],[139.06626,37.94439],[139.06472,37.94066],[139.07646,37.92197],[139.07666,37.91728],[139.08134,37.91052],[139.07325,37.90773],[139.07438,37.90141],[139.07898,37.89752],[139.0865,37.89786],[139.09705,37.89304],[139.09887,37.89],[139.1203,37.901],[139.13009,37.90901],[139.14763,37.91384],[139.14806,37.92339],[139.14338,37.93303],[139.14376,37.93701],[139.13415,37.94845],[139.13204,37.96214]]]}},{"type":"Feature","properties":{"code":"15103","name":"新潟市中央区","pref":"新潟県","pref_code":"15","cx":139.04167,"cy":37.91001,"bbox":[139.0007,37.87308,139.09887,37.94649]},"geometry":{"type":"Polygon","coordinates":[[[139.06626,37.94439],[139.05803,37.94649],[139.05341,37.94131],[139.04206,37.93328],[139.0007,37.90833],[139.00424,37.9095],[139.01189,37.89723],[139.01312,37.88763],[139.02296,37.87549],[139.03748,37.87876],[139.03948,37.87369],[139.0453,37.87308],[139.07399,37.87876],[139.08148,37.88114],[139.09293,37.88844],[139.09887,37.89],[139.09705,37.89304],[139.0865,37.89786],[139.07898,37.89752],[139.07438,37.90141],[139.07325,37.90773],[139.08134,37.91052],[139.07666,37.91728],[139.07646,37.92197],[139.06472,37.94066],[139.06626,37.94439]]]}},{"type":"Feature","properties":{"code":"15104","name":"新潟市江南区","pref":"新潟県","pref_code":"15","cx":139.09891,"cy":37.87025,"bbox":[139.02058,37.82166,139.17818,37.91384]},"geometry":{"type":"Polygon","coordinates":[[[139.14763,37.91384],[139.13009,37.90901],[139.1203,37.901],[139.09887,37.89],[139.09293,37.88844],[139.08148,37.88114],[139.07399,37.87876],[139.0453,37.87308],[139.03948,37.87369],[139.03748,37.87876],[139.02296,37.87549],[139.02483,37.86743],[139.02058,37.85467],[139.02709,37.84322],[139.03955,37.83815],[139.05227,37.83977],[139.05899,37.83717],[139.06201,37.83243],[139.0716,37.83253],[139.08274,37.83957],[139.09505,37.83532],[139.10496,37.84125],[139.116,37.84135],[139.11945,37.83411],[139.12968,37.83633],[139.13351,37.83147],[139.13992,37.83291],[139.14226,37.82787],[139.15407,37.82265],[139.15953,37.82736],[139.16328,37.82326],[139.17492,37.82166],[139.17712,37.8295],[139.17393,37.83207],[139.1584,37.83617],[139.15271,37.84215],[139.15795,37.84567],[139.15905,37.8505],[139.17818,37.86488],[139.15639,37.89072],[139.15021,37.9029],[139.14763,37.91384]]]}},{"type":"Feature","properties":{"code":"15105","name":"新潟市秋葉区","pref":"新潟県","pref_code":"15","cx":139.11747,"cy":37.78339,"bbox":[139.058,37.7258,139.18858,37.84135]},"geometry":{"type":"Polygon","coordinates":[[[139.06201,37.83243],[139.06197,37.8185],[139.0653,37.81088],[139.0625,37.79427],[139.058,37.78668],[139.06108,37.78011],[139.06904,37.77646],[139.07149,37.77051],[139.06368,37.76036],[139.06737,37.7485],[139.0614,37.73686],[139.06168,37.72825],[139.06866,37.73066],[139.08268,37.72668],[139.08788,37.73153],[139.09914,37.734],[139.10792,37.7258],[139.11128,37.73435],[139.1209,37.73293],[139.13126,37.73799],[139.13335,37.74781],[139.1405,37.7533],[139.14751,37.75583],[139.14742,37.76316],[139.15498,37.76768],[139.1592,37.7653],[139.17082,37.76966],[139.16896,37.77461],[139.18044,37.77747],[139.18784,37.77391],[139.18858,37.77881],[139.177,37.77981],[139.17375,37.78709],[139.17493,37.79339],[139.18,37.7995],[139.17841,37.80481],[139.16392,37.8074],[139.15538,37.80746],[139.15091,37.81507],[139.15287,37.81817],[139.16328,37.82326],[139.15953,37.82736],[139.15407,37.82265],[139.14226,37.82787],[139.13992,37.83291],[139.13351,37.83147],[139.12968,37.83633],[139.11945,37.83411],[139.116,37.84135],[139.10496,37.84125],[139.09505,37.83532],[139.08274,37.83957],[139.0716,37.83253],[139.06201,37.83243]]]}},{"type":"Feature","properties":{"code":"15106","name":"新潟市南区","pref":"新潟県","pref_code":"15","cx":139.0303,"cy":37.76544,"bbox":[138.96692,37.67897,139.07149,37.85467]},"geometry":{"type":"Polygon","coordinates":[[[139.02058,37.85467],[139.02146,37.84512],[139.01227,37.84291],[139.0095,37.83624],[139.00081,37.82632],[139.0065,37.81641],[138.98689,37.81195],[138.9793,37.80607],[138.98279,37.80203],[138.97991,37.78929],[138.98454,37.78458],[138.98185,37.77965],[138.9904,37.77519],[138.99484,37.75864],[138.9884,37.75733],[138.97694,37.7493],[138.97104,37.75163],[138.97306,37.73563],[138.98556,37.73035],[138.98517,37.71357],[138.98609,37.70171],[138.97779,37.69183],[138.9799,37.68424],[138.9743,37.68188],[138.96692,37.68074],[138.98392,37.67897],[138.99275,37.67977],[138.99011,37.68538],[138.99279,37.69567],[139.00094,37.70373],[139.00647,37.70391],[139.01692,37.71061],[139.02492,37.70583],[139.02499,37.69464],[139.03259,37.69347],[139.0325,37.70068],[139.04207,37.7103],[139.04724,37.71946],[139.06168,37.72825],[139.0614,37.73686],[139.06737,37.7485],[139.06368,37.76036],[139.07149,37.77051],[139.06904,37.77646],[139.06108,37.78011],[139.058,37.78668],[139.0625,37.79427],[139.0653,37.81088],[139.06197,37.8185],[139.06201,37.83243],[139.05899,37.83717],[139.05227,37.83977],[139.03955,37.83815],[139.02709,37.84322],[139.02058,37.85467]]]}},{"type":"Feature","properties":{"code":"15107","name":"新潟市西区","pref":"新潟県","pref_code":"15","cx":138.96451,"cy":37.85994,"bbox":[138.85669,37.80533,139.02483,37.9095]},"geometry":{"type":"Polygon","coordinates":[[[139.0007,37.90833],[138.96846,37.89173],[138.95561,37.88394],[138.92206,37.86904],[138.91764,37.8652],[138.89229,37.85302],[138.86957,37.83904],[138.85972,37.83185],[138.8661,37.82792],[138.86062,37.82034],[138.85669,37.80701],[138.86364,37.80606],[138.8699,37.80937],[138.87368,37.80659],[138.88474,37.8084],[138.89066,37.80533],[138.90723,37.8093],[138.91032,37.81171],[138.92582,37.80979],[138.94097,37.81752],[138.95069,37.82037],[138.95802,37.82014],[138.9627,37.83103],[138.9736,37.80972],[138.9793,37.80607],[138.98689,37.81195],[139.0065,37.81641],[139.00081,37.82632],[139.0095,37.83624],[139.01227,37.84291],[139.02146,37.84512],[139.02058,37.85467],[139.02483,37.86743],[139.02296,37.87549],[139.01312,37.88763],[139.01189,37.89723],[139.00424,37.9095],[139.0007,37.90833]]]}},{"type":"Feature","properties":{"code":"15108","name":"新潟市西蒲区","pref":"新潟県","pref_code":"15","cx":138.8944,"cy":37.75636,"bbox":[138.78555,37.68188,138.99484,37.83185]},"geometry":{"type":"Polygon","coordinates":[[[138.9793,37.80607],[138.9736,37.80972],[138.9627,37.83103],[138.95802,37.82014],[138.95069,37.82037],[138.94097,37.81752],[138.92582,37.80979],[138.91032,37.81171],[138.90723,37.8093],[138.89066,37.80533],[138.88474,37.8084],[138.87368,37.80659],[138.8699,37.80937],[138.86364,37.80606],[138.85669,37.80701],[138.86062,37.82034],[138.8661,37.82792],[138.85972,37.83185],[138.83535,37.8105],[138.83403,37.80733],[138.81619,37.78807],[138.80992,37.76982],[138.8012,37.75539],[138.79692,37.74502],[138.79347,37.73101],[138.78609,37.72091],[138.78555,37.70724],[138.79128,37.70548],[138.79717,37.71023],[138.80841,37.70681],[138.81645,37.71841],[138.83303,37.71441],[138.84442,37.71466],[138.85155,37.70907],[138.86524,37.70673],[138.87195,37.71139],[138.88428,37.71341],[138.90018,37.71431],[138.91197,37.71854],[138.91498,37.7303],[138.93285,37.73044],[138.93069,37.7212],[138.94046,37.72013],[138.9464,37.71581],[138.94589,37.70461],[138.95584,37.70315],[138.96601,37.70533],[138.9616,37.69265],[138.97261,37.68853],[138.9743,37.68188],[138.9799,37.68424],[138.97779,37.69183],[138.98609,37.70171],[138.98517,37.71357],[138.98556,37.73035],[138.97306,37.73563],[138.97104,37.75163],[138.97694,37.7493],[138.9884,37.75733],[138.99484,37.75864],[138.9904,37.77519],[138.98185,37.77965],[138.98454,37.78458],[138.97991,37.78929],[138.98279,37.80203],[138.9793,37.80607]]]}},{"type":"Feature","properties":{"code":"15202","name":"長岡市","pref":"新潟県","pref_code":"15","cx":138.82646,"cy":37.4693,"bbox":[138.644,37.17648,139.12407,37.71023]},"geometry":{"type":"MultiPolygon","coordinates":[[[[138.9013,37.28874],[138.89459,37.29208],[138.8887,37.29061],[138.88394,37.30026],[138.87637,37.29848],[138.87268,37.30253],[138.8557,37.30804],[138.84969,37.3084],[138.84925,37.29979],[138.84363,37.3009],[138.83886,37.29231],[138.83586,37.28268],[138.83023,37.28327],[138.82657,37.2751],[138.84135,37.26258],[138.85236,37.25011],[138.84904,37.2447],[138.84265,37.24188],[138.83655,37.243],[138.8318,37.23878],[138.83434,37.23349],[138.83139,37.22699],[138.8375,37.22346],[138.84182,37.21288],[138.83918,37.20761],[138.8336,37.20593],[138.83317,37.20151],[138.83664,37.18809],[138.83487,37.17648],[138.84852,37.18465],[138.85277,37.18987],[138.85777,37.20304],[138.86362,37.20264],[138.86886,37.20799],[138.87093,37.22016],[138.88034,37.22418],[138.88227,37.23058],[138.88141,37.2398],[138.88776,37.24327],[138.88832,37.24976],[138.89299,37.25512],[138.88755,37.26483],[138.89135,37.27914],[138.89885,37.2809],[138.9013,37.28874]]],[[[138.78555,37.70724],[138.78255,37.6923],[138.7669,37.64415],[138.75993,37.63506],[138.75956,37.62967],[138.75018,37.61215],[138.74837,37.60597],[138.73278,37.59128],[138.72666,37.57807],[138.72693,37.57283],[138.7229,37.56563],[138.73361,37.56488],[138.74225,37.56147],[138.749,37.56221],[138.74557,37.55331],[138.74096,37.54716],[138.75367,37.54103],[138.76149,37.53334],[138.75835,37.5245],[138.75348,37.52343],[138.75209,37.51619],[138.742,37.51567],[138.74201,37.50963],[138.73367,37.50266],[138.73992,37.49702],[138.73879,37.49037],[138.72849,37.49157],[138.72177,37.48744],[138.71515,37.47659],[138.7045,37.4656],[138.69862,37.45613],[138.69517,37.44353],[138.69112,37.43819],[138.69728,37.43239],[138.69714,37.42557],[138.70166,37.42078],[138.70826,37.41936],[138.69887,37.4017],[138.70109,37.39555],[138.70585,37.39496],[138.71798,37.38678],[138.7144,37.37457],[138.70102,37.36002],[138.69923,37.35211],[138.68961,37.3505],[138.68185,37.34382],[138.67631,37.33464],[138.67608,37.33],[138.66745,37.32927],[138.66131,37.32314],[138.66357,37.31901],[138.6568,37.31466],[138.65834,37.31004],[138.65193,37.29883],[138.64412,37.29443],[138.644,37.2834],[138.64733,37.27701],[138.65231,37.27594],[138.65388,37.27027],[138.66128,37.26848],[138.66089,37.26427],[138.6747,37.23719],[138.68262,37.23396],[138.68743,37.23557],[138.70301,37.23314],[138.71878,37.23492],[138.72514,37.22949],[138.72967,37.23372],[138.73237,37.24669],[138.73964,37.25721],[138.7477,37.26475],[138.74363,37.27598],[138.75215,37.28155],[138.74744,37.28711],[138.75025,37.29994],[138.75507,37.30442],[138.75183,37.31139],[138.755,37.31661],[138.75186,37.32634],[138.75947,37.34709],[138.76235,37.34843],[138.75752,37.3589],[138.76396,37.37498],[138.76865,37.38157],[138.77439,37.38431],[138.78998,37.38226],[138.79521,37.3799],[138.79332,37.37356],[138.80155,37.36728],[138.81115,37.36702],[138.82108,37.35743],[138.82348,37.34654],[138.82318,37.33908],[138.82734,37.33473],[138.83318,37.33828],[138.85344,37.34305],[138.86077,37.3479],[138.86157,37.352],[138.8694,37.35192],[138.87046,37.34684],[138.87771,37.34034],[138.87603,37.33531],[138.86739,37.32117],[138.87263,37.32047],[138.87588,37.31527],[138.89535,37.30967],[138.9012,37.30238],[138.90593,37.30572],[138.91496,37.29875],[138.91105,37.29336],[138.91452,37.29228],[138.92633,37.29653],[138.93356,37.30416],[138.9316,37.31276],[138.93897,37.31812],[138.93987,37.32459],[138.9329,37.3386],[138.94046,37.33988],[138.95143,37.34508],[138.95494,37.35129],[138.96414,37.35392],[138.95691,37.36016],[138.9568,37.37334],[138.96205,37.37407],[138.96867,37.38382],[138.97976,37.37972],[138.98838,37.37253],[138.99412,37.3715],[139.00003,37.37452],[139.01417,37.37822],[139.01851,37.38862],[139.02862,37.39779],[139.03404,37.39986],[139.04921,37.40165],[139.04661,37.40832],[139.05534,37.41355],[139.06181,37.40554],[139.08071,37.40342],[139.08992,37.40572],[139.09468,37.40953],[139.10829,37.41053],[139.12326,37.40987],[139.12407,37.41968],[139.12239,37.42645],[139.10871,37.43837],[139.0933,37.44999],[139.08757,37.46796],[139.08848,37.47513],[139.09549,37.47659],[139.10588,37.48554],[139.1027,37.49224],[139.10524,37.50122],[139.11008,37.5036],[139.11227,37.51074],[139.11025,37.51555],[139.10369,37.5158],[139.09264,37.52146],[139.08422,37.52073],[139.08072,37.52525],[139.06429,37.52454],[139.04761,37.52135],[139.02756,37.5299],[139.00035,37.52576],[138.9962,37.5161],[138.98869,37.51316],[138.98577,37.49798],[138.97743,37.49936],[138.95635,37.48941],[138.95614,37.48272],[138.96147,37.48305],[138.96521,37.47403],[138.9488,37.46834],[138.94086,37.47027],[138.9377,37.48362],[138.93303,37.48855],[138.91642,37.48824],[138.90118,37.49206],[138.90137,37.50339],[138.8887,37.50486],[138.88715,37.50907],[138.89363,37.51156],[138.88586,37.51641],[138.87904,37.52547],[138.88287,37.53549],[138.87904,37.54058],[138.88502,37.54689],[138.87504,37.55625],[138.8758,37.56071],[138.87136,37.56808],[138.87638,37.57571],[138.87355,37.59217],[138.87516,37.59942],[138.88071,37.60391],[138.88229,37.6167],[138.88098,37.62011],[138.8516,37.61138],[138.84082,37.60522],[138.83109,37.59367],[138.83115,37.60386],[138.82564,37.60868],[138.83192,37.61644],[138.83751,37.61819],[138.82352,37.63574],[138.82292,37.64526],[138.81352,37.64327],[138.8081,37.63669],[138.78726,37.65531],[138.78816,37.67172],[138.79362,37.6789],[138.80561,37.67798],[138.80481,37.68594],[138.80881,37.69152],[138.81139,37.70084],[138.80841,37.70681],[138.79717,37.71023],[138.79128,37.70548],[138.78555,37.70724]]]]}},{"type":"Feature","properties":{"code":"15204","name":"三条市","pref":"新潟県","pref_code":"15","cx":139.1169,"cy":37.5393,"bbox":[138.87355,37.39768,139.2982,37.68074]},"geometry":{"type":"Polygon","coordinates":[[[138.96692,37.68074],[138.95603,37.67282],[138.95684,37.66351],[138.95384,37.65816],[138.93639,37.64819],[138.92637,37.65535],[138.92239,37.65224],[138.92675,37.64788],[138.92724,37.64066],[138.93508,37.63559],[138.93271,37.63101],[138.91955,37.63092],[138.89858,37.62266],[138.88551,37.62307],[138.88098,37.62011],[138.88229,37.6167],[138.88071,37.60391],[138.87516,37.59942],[138.87355,37.59217],[138.87863,37.59353],[138.89108,37.58329],[138.89867,37.57427],[138.9031,37.57397],[138.91057,37.56542],[138.92276,37.56276],[138.92823,37.56358],[138.93482,37.55435],[138.94427,37.5558],[138.94663,37.5486],[138.95352,37.54751],[138.95446,37.54073],[138.96562,37.54585],[138.96807,37.55488],[138.97625,37.5621],[138.98057,37.56029],[138.9861,37.55003],[138.98179,37.54705],[138.98257,37.54026],[138.99115,37.53824],[139.00074,37.533],[139.00035,37.52576],[139.02756,37.5299],[139.04761,37.52135],[139.06429,37.52454],[139.08072,37.52525],[139.08422,37.52073],[139.09264,37.52146],[139.10369,37.5158],[139.11025,37.51555],[139.11227,37.51074],[139.11008,37.5036],[139.10524,37.50122],[139.1027,37.49224],[139.10588,37.48554],[139.09549,37.47659],[139.08848,37.47513],[139.08757,37.46796],[139.0933,37.44999],[139.10871,37.43837],[139.12239,37.42645],[139.12407,37.41968],[139.12326,37.40987],[139.12758,37.40138],[139.13653,37.39768],[139.1426,37.39797],[139.14814,37.40416],[139.16384,37.41335],[139.17227,37.41036],[139.18729,37.41184],[139.19725,37.41077],[139.20837,37.41707],[139.20753,37.42891],[139.21303,37.43865],[139.223,37.44862],[139.23747,37.44515],[139.25122,37.45244],[139.2573,37.46446],[139.27629,37.47547],[139.28313,37.48373],[139.2982,37.48493],[139.29577,37.49253],[139.29008,37.49767],[139.28737,37.50752],[139.27794,37.50684],[139.27609,37.5097],[139.27404,37.51581],[139.26606,37.51231],[139.25978,37.51207],[139.26012,37.51927],[139.25564,37.52644],[139.25872,37.53574],[139.24763,37.53835],[139.24228,37.54946],[139.23398,37.55496],[139.23241,37.55887],[139.22659,37.5564],[139.2223,37.55903],[139.21025,37.56099],[139.19585,37.55475],[139.17456,37.55575],[139.15222,37.56101],[139.14697,37.56421],[139.13353,37.56663],[139.12219,37.58033],[139.11695,37.58244],[139.1077,37.58217],[139.10793,37.59055],[139.09868,37.59453],[139.08506,37.59347],[139.07601,37.60001],[139.07586,37.61109],[139.06697,37.61027],[139.05783,37.61165],[139.05205,37.61624],[139.04059,37.61307],[139.03187,37.61956],[139.03896,37.63102],[139.03896,37.63796],[139.0348,37.64492],[139.02708,37.6476],[139.02354,37.65411],[139.01209,37.6624],[139.00508,37.66547],[139.01039,37.67365],[139.00685,37.6777],[138.99275,37.67977],[138.98392,37.67897],[138.96692,37.68074]]]}},{"type":"Feature","properties":{"code":"15205","name":"柏崎市","pref":"新潟県","pref_code":"15","cx":138.5833,"cy":37.34501,"bbox":[138.4181,37.16423,138.72177,37.52354]},"geometry":{"type":"Polygon","coordinates":[[[138.69887,37.4017],[138.68493,37.41518],[138.6786,37.42294],[138.68066,37.4334],[138.69112,37.43819],[138.69517,37.44353],[138.69862,37.45613],[138.7045,37.4656],[138.71515,37.47659],[138.72177,37.48744],[138.69766,37.49838],[138.6749,37.49527],[138.6724,37.50795],[138.67604,37.50934],[138.67978,37.51714],[138.67404,37.52354],[138.66022,37.52352],[138.64761,37.50628],[138.63853,37.49723],[138.63372,37.49515],[138.63161,37.48874],[138.62526,37.48488],[138.61739,37.48413],[138.61809,37.47512],[138.6064,37.45139],[138.59155,37.42882],[138.58784,37.42083],[138.55902,37.38339],[138.54392,37.36869],[138.52679,37.36566],[138.51518,37.3568],[138.50035,37.35193],[138.48867,37.35146],[138.48576,37.34621],[138.4646,37.33565],[138.4612,37.33648],[138.44629,37.32416],[138.43705,37.32222],[138.4181,37.30659],[138.42292,37.2944],[138.42794,37.30051],[138.43357,37.30156],[138.43715,37.29442],[138.4439,37.29672],[138.45213,37.29591],[138.45796,37.2927],[138.46891,37.2924],[138.47333,37.2898],[138.4901,37.28807],[138.49957,37.28001],[138.51214,37.27327],[138.52293,37.27647],[138.52975,37.27291],[138.53448,37.26685],[138.53485,37.26207],[138.51996,37.25252],[138.51505,37.24641],[138.51552,37.23834],[138.50497,37.2289],[138.52175,37.22129],[138.52661,37.21713],[138.52787,37.20532],[138.53652,37.19842],[138.5486,37.2018],[138.55611,37.19855],[138.55389,37.19028],[138.56343,37.18519],[138.56889,37.17899],[138.56577,37.17036],[138.5744,37.16717],[138.58425,37.16665],[138.59395,37.17121],[138.59986,37.17152],[138.61226,37.16435],[138.61888,37.16423],[138.61877,37.17769],[138.62391,37.17949],[138.63985,37.17459],[138.64956,37.17719],[138.65082,37.18886],[138.65513,37.19432],[138.66211,37.19731],[138.66422,37.20246],[138.67257,37.20753],[138.67266,37.21818],[138.67738,37.22215],[138.67136,37.22902],[138.6747,37.23719],[138.66089,37.26427],[138.66128,37.26848],[138.65388,37.27027],[138.65231,37.27594],[138.64733,37.27701],[138.644,37.2834],[138.64412,37.29443],[138.65193,37.29883],[138.65834,37.31004],[138.6568,37.31466],[138.66357,37.31901],[138.66131,37.32314],[138.66745,37.32927],[138.67608,37.33],[138.67631,37.33464],[138.68185,37.34382],[138.68961,37.3505],[138.69923,37.35211],[138.70102,37.36002],[138.7144,37.37457],[138.71798,37.38678],[138.70585,37.39496],[138.70109,37.39555],[138.69887,37.4017]],[[138.63072,37.45386],[138.63478,37.4572],[138.64217,37.45364],[138.63638,37.44294],[138.63676,37.43879],[138.63185,37.43419],[138.64497,37.43102],[138.66948,37.41192],[138.66488,37.40621],[138.64603,37.40779],[138.63243,37.41358],[138.62463,37.40785],[138.62178,37.40241],[138.60952,37.403],[138.59334,37.39895],[138.59059,37.40196],[138.6002,37.41442],[138.60764,37.4302],[138.60601,37.43488],[138.59929,37.43663],[138.60305,37.44288],[138.61803,37.451],[138.63072,37.45386]]]}},{"type":"Feature","properties":{"code":"15206","name":"新発田市","pref":"新潟県","pref_code":"15","cx":139.37952,"cy":37.91975,"bbox":[139.24165,37.79083,139.68185,38.04947]},"geometry":{"type":"Polygon","coordinates":[[[139.26044,37.89218],[139.27057,37.88524],[139.27187,37.87838],[139.27737,37.87522],[139.27997,37.86924],[139.29889,37.85743],[139.30727,37.86217],[139.3102,37.85838],[139.3182,37.85965],[139.32691,37.86414],[139.3448,37.8555],[139.35599,37.85351],[139.36018,37.84708],[139.36915,37.84584],[139.36487,37.83946],[139.35957,37.82473],[139.36164,37.8218],[139.3736,37.82498],[139.3898,37.82663],[139.41073,37.81417],[139.42317,37.81671],[139.42892,37.81518],[139.43401,37.8097],[139.44318,37.80608],[139.45451,37.79691],[139.45483,37.79419],[139.46809,37.79083],[139.48177,37.79697],[139.48962,37.79374],[139.507,37.79696],[139.52415,37.79315],[139.53316,37.79663],[139.53531,37.80413],[139.55012,37.80653],[139.55617,37.80395],[139.56303,37.80615],[139.56831,37.8113],[139.5782,37.81251],[139.58492,37.81089],[139.59397,37.81528],[139.6077,37.81898],[139.61064,37.82473],[139.61983,37.83031],[139.63004,37.83025],[139.63329,37.83273],[139.6451,37.82941],[139.66031,37.83289],[139.67344,37.83813],[139.68185,37.84674],[139.679,37.85153],[139.65713,37.86354],[139.6567,37.87174],[139.65045,37.87588],[139.63846,37.88002],[139.63795,37.88378],[139.62932,37.89366],[139.62424,37.89111],[139.6065,37.88617],[139.60593,37.8804],[139.59541,37.86973],[139.59093,37.87036],[139.58572,37.86359],[139.56743,37.8613],[139.55593,37.86345],[139.55889,37.87407],[139.55259,37.88223],[139.54121,37.88481],[139.53959,37.88815],[139.52922,37.88575],[139.52114,37.88788],[139.50697,37.88885],[139.50004,37.90139],[139.51183,37.92122],[139.5036,37.93834],[139.49189,37.9494],[139.49222,37.95914],[139.48921,37.96266],[139.49051,37.97612],[139.49387,37.98404],[139.49309,37.99806],[139.48556,38.00296],[139.47688,38.00324],[139.47431,38.0096],[139.46003,38.00821],[139.45034,38.01603],[139.43454,38.02237],[139.42634,38.01997],[139.41749,38.02027],[139.40763,38.02748],[139.39905,38.03074],[139.38933,38.02808],[139.38248,38.03313],[139.35998,38.03185],[139.35604,38.02015],[139.35078,38.01965],[139.3224,38.03691],[139.31357,38.04947],[139.30321,38.04094],[139.28831,38.03057],[139.29006,38.02332],[139.2999,38.01366],[139.29227,38.00715],[139.28485,38.00426],[139.27099,37.99458],[139.28242,37.98972],[139.28601,37.98564],[139.29758,37.98716],[139.2993,37.98947],[139.31355,37.98573],[139.30546,37.97024],[139.29847,37.96735],[139.29289,37.95559],[139.26858,37.95346],[139.25704,37.95543],[139.24165,37.94959],[139.24238,37.94681],[139.24841,37.94649],[139.25929,37.93773],[139.24969,37.93331],[139.24765,37.91617],[139.25313,37.91829],[139.25528,37.91179],[139.26202,37.90818],[139.26535,37.9019],[139.26044,37.89218]]]}},{"type":"Feature","properties":{"code":"15208","name":"小千谷市","pref":"新潟県","pref_code":"15","cx":138.79511,"cy":37.29592,"bbox":[138.72514,37.20593,138.91496,37.38431]},"geometry":{"type":"Polygon","coordinates":[[[138.9013,37.28874],[138.90539,37.29326],[138.91105,37.29336],[138.91496,37.29875],[138.90593,37.30572],[138.9012,37.30238],[138.89535,37.30967],[138.87588,37.31527],[138.87263,37.32047],[138.86739,37.32117],[138.87603,37.33531],[138.87771,37.34034],[138.87046,37.34684],[138.8694,37.35192],[138.86157,37.352],[138.86077,37.3479],[138.85344,37.34305],[138.83318,37.33828],[138.82734,37.33473],[138.82318,37.33908],[138.82348,37.34654],[138.82108,37.35743],[138.81115,37.36702],[138.80155,37.36728],[138.79332,37.37356],[138.79521,37.3799],[138.78998,37.38226],[138.77439,37.38431],[138.76865,37.38157],[138.76396,37.37498],[138.75752,37.3589],[138.76235,37.34843],[138.75947,37.34709],[138.75186,37.32634],[138.755,37.31661],[138.75183,37.31139],[138.75507,37.30442],[138.75025,37.29994],[138.74744,37.28711],[138.75215,37.28155],[138.74363,37.27598],[138.7477,37.26475],[138.73964,37.25721],[138.73237,37.24669],[138.72967,37.23372],[138.72514,37.22949],[138.72625,37.22173],[138.73217,37.21797],[138.75494,37.21735],[138.75944,37.21578],[138.77597,37.22015],[138.78143,37.22571],[138.78511,37.21965],[138.79417,37.21708],[138.80782,37.21759],[138.8195,37.21562],[138.82755,37.20847],[138.8336,37.20593],[138.83918,37.20761],[138.84182,37.21288],[138.8375,37.22346],[138.83139,37.22699],[138.83434,37.23349],[138.8318,37.23878],[138.83655,37.243],[138.84265,37.24188],[138.84904,37.2447],[138.85236,37.25011],[138.84135,37.26258],[138.82657,37.2751],[138.83023,37.28327],[138.83586,37.28268],[138.83886,37.29231],[138.84363,37.3009],[138.84925,37.29979],[138.84969,37.3084],[138.8557,37.30804],[138.87268,37.30253],[138.87637,37.29848],[138.88394,37.30026],[138.8887,37.29061],[138.89459,37.29208],[138.9013,37.28874]]]}},{"type":"Feature","properties":{"code":"15209","name":"加茂市","pref":"新潟県","pref_code":"15","cx":139.08936,"cy":37.63425,"bbox":[138.99011,37.55475,139.23373,37.71061]},"geometry":{"type":"Polygon","coordinates":[[[138.99275,37.67977],[139.00685,37.6777],[139.01039,37.67365],[139.00508,37.66547],[139.01209,37.6624],[139.02354,37.65411],[139.02708,37.6476],[139.0348,37.64492],[139.03896,37.63796],[139.03896,37.63102],[139.03187,37.61956],[139.04059,37.61307],[139.05205,37.61624],[139.05783,37.61165],[139.06697,37.61027],[139.07586,37.61109],[139.07601,37.60001],[139.08506,37.59347],[139.09868,37.59453],[139.10793,37.59055],[139.1077,37.58217],[139.11695,37.58244],[139.12219,37.58033],[139.13353,37.56663],[139.14697,37.56421],[139.15222,37.56101],[139.17456,37.55575],[139.19585,37.55475],[139.21025,37.56099],[139.2223,37.55903],[139.22659,37.5564],[139.23241,37.55887],[139.23373,37.56837],[139.231,37.57773],[139.22491,37.58226],[139.21931,37.59434],[139.21862,37.60224],[139.20403,37.61104],[139.19431,37.61419],[139.1895,37.60703],[139.18027,37.59958],[139.16979,37.59925],[139.16753,37.60414],[139.15437,37.60864],[139.15177,37.61329],[139.15344,37.61992],[139.15044,37.62588],[139.14023,37.62947],[139.13944,37.63747],[139.13389,37.64215],[139.13157,37.65079],[139.1341,37.65678],[139.12051,37.65679],[139.109,37.65187],[139.10448,37.65675],[139.10938,37.66076],[139.10411,37.66804],[139.09988,37.66965],[139.10101,37.6779],[139.0983,37.67962],[139.09272,37.68029],[139.06936,37.67418],[139.04621,37.6711],[139.04022,37.6846],[139.0318,37.69071],[139.03259,37.69347],[139.02499,37.69464],[139.02492,37.70583],[139.01692,37.71061],[139.00647,37.70391],[139.00094,37.70373],[138.99279,37.69567],[138.99011,37.68538],[138.99275,37.67977]]]}},{"type":"Feature","properties":{"code":"15210","name":"十日町市","pref":"新潟県","pref_code":"15","cx":138.74331,"cy":37.05218,"bbox":[138.52317,36.86822,138.87475,37.23719]},"geometry":{"type":"Polygon","coordinates":[[[138.8336,37.20593],[138.82755,37.20847],[138.8195,37.21562],[138.80782,37.21759],[138.79417,37.21708],[138.78511,37.21965],[138.78143,37.22571],[138.77597,37.22015],[138.75944,37.21578],[138.75494,37.21735],[138.73217,37.21797],[138.72625,37.22173],[138.72514,37.22949],[138.71878,37.23492],[138.70301,37.23314],[138.68743,37.23557],[138.68262,37.23396],[138.6747,37.23719],[138.67136,37.22902],[138.67738,37.22215],[138.67266,37.21818],[138.67257,37.20753],[138.66422,37.20246],[138.66211,37.19731],[138.65513,37.19432],[138.65082,37.18886],[138.64956,37.17719],[138.63985,37.17459],[138.62391,37.17949],[138.61877,37.17769],[138.61888,37.16423],[138.61226,37.16435],[138.59986,37.17152],[138.59395,37.17121],[138.58425,37.16665],[138.5744,37.16717],[138.56577,37.17036],[138.56565,37.16339],[138.56196,37.15538],[138.54913,37.14692],[138.54213,37.13908],[138.52922,37.13782],[138.52531,37.12886],[138.52933,37.12378],[138.52712,37.11599],[138.52317,37.11148],[138.52591,37.10532],[138.53423,37.09884],[138.53485,37.09156],[138.5445,37.08571],[138.53594,37.07167],[138.53763,37.06387],[138.53673,37.05599],[138.54035,37.04474],[138.52511,37.0343],[138.52467,37.03038],[138.52876,37.02477],[138.53651,37.02093],[138.54851,37.02119],[138.55254,37.02362],[138.56589,37.02126],[138.5681,37.02589],[138.57762,37.03114],[138.58749,37.0306],[138.59878,37.03893],[138.6138,37.03973],[138.61797,37.04399],[138.62616,37.04155],[138.6331,37.04389],[138.63647,37.04944],[138.64286,37.04936],[138.64453,37.05657],[138.66736,37.06544],[138.6859,37.05721],[138.68274,37.05039],[138.69059,37.04067],[138.6919,37.0361],[138.68378,37.03016],[138.6846,37.01143],[138.69141,37.01474],[138.69915,37.00288],[138.69857,36.99009],[138.70861,36.9806],[138.71009,36.97522],[138.70795,36.96873],[138.71607,36.96108],[138.71129,36.94725],[138.70344,36.9461],[138.68948,36.93938],[138.68995,36.94987],[138.67439,36.9422],[138.66442,36.93495],[138.66169,36.92736],[138.66188,36.91309],[138.65351,36.90689],[138.65991,36.89579],[138.66809,36.89212],[138.67466,36.88123],[138.69249,36.8765],[138.70043,36.86822],[138.71378,36.87377],[138.71451,36.88167],[138.72116,36.89011],[138.72863,36.89642],[138.7326,36.90237],[138.7306,36.90917],[138.73817,36.91247],[138.74424,36.92204],[138.75258,36.9263],[138.75319,36.93089],[138.7628,36.93519],[138.77291,36.94641],[138.77897,36.95778],[138.7686,36.96324],[138.76462,36.97747],[138.77108,36.9834],[138.77371,37.00016],[138.77851,37.00548],[138.77541,37.00975],[138.78153,37.01642],[138.78802,37.02984],[138.79193,37.03002],[138.80154,37.04436],[138.80339,37.05398],[138.8116,37.05917],[138.81122,37.06697],[138.81902,37.0723],[138.83014,37.07656],[138.82353,37.08691],[138.827,37.09131],[138.82962,37.10191],[138.83411,37.10322],[138.8396,37.11229],[138.84079,37.11851],[138.8578,37.12509],[138.85933,37.13116],[138.87005,37.13318],[138.87475,37.1404],[138.86815,37.14894],[138.86076,37.14856],[138.85425,37.15837],[138.84565,37.1619],[138.8449,37.16548],[138.83487,37.17648],[138.83664,37.18809],[138.83317,37.20151],[138.8336,37.20593]]]}},{"type":"Feature","properties":{"code":"15211","name":"見附市","pref":"新潟県","pref_code":"15","cx":138.94054,"cy":37.52938,"bbox":[138.87136,37.46834,139.00074,37.59353]},"geometry":{"type":"Polygon","coordinates":[[[139.00035,37.52576],[139.00074,37.533],[138.99115,37.53824],[138.98257,37.54026],[138.98179,37.54705],[138.9861,37.55003],[138.98057,37.56029],[138.97625,37.5621],[138.96807,37.55488],[138.96562,37.54585],[138.95446,37.54073],[138.95352,37.54751],[138.94663,37.5486],[138.94427,37.5558],[138.93482,37.55435],[138.92823,37.56358],[138.92276,37.56276],[138.91057,37.56542],[138.9031,37.57397],[138.89867,37.57427],[138.89108,37.58329],[138.87863,37.59353],[138.87355,37.59217],[138.87638,37.57571],[138.87136,37.56808],[138.8758,37.56071],[138.87504,37.55625],[138.88502,37.54689],[138.87904,37.54058],[138.88287,37.53549],[138.87904,37.52547],[138.88586,37.51641],[138.89363,37.51156],[138.88715,37.50907],[138.8887,37.50486],[138.90137,37.50339],[138.90118,37.49206],[138.91642,37.48824],[138.93303,37.48855],[138.9377,37.48362],[138.94086,37.47027],[138.9488,37.46834],[138.96521,37.47403],[138.96147,37.48305],[138.95614,37.48272],[138.95635,37.48941],[138.97743,37.49936],[138.98577,37.49798],[138.98869,37.51316],[138.9962,37.5161],[139.00035,37.52576]]]}},{"type":"Feature","properties":{"code":"15212","name":"村上市","pref":"新潟県","pref_code":"15","cx":139.66342,"cy":38.31111,"bbox":[139.40798,38.07823,139.8999,38.54524]},"geometry":{"type":"Polygon","coordinates":[[[139.68473,38.15942],[139.68553,38.16649],[139.68246,38.16961],[139.68751,38.17806],[139.69637,38.18659],[139.69837,38.19506],[139.71322,38.20664],[139.73138,38.20083],[139.73865,38.2021],[139.7469,38.19637],[139.75824,38.19304],[139.76374,38.19896],[139.77606,38.19815],[139.78117,38.19424],[139.80019,38.20238],[139.81095,38.21152],[139.81928,38.21279],[139.83862,38.22355],[139.84698,38.22456],[139.86019,38.23107],[139.86858,38.24799],[139.87569,38.25213],[139.8766,38.26179],[139.8999,38.27581],[139.89802,38.27804],[139.89889,38.29315],[139.88852,38.30096],[139.87933,38.30343],[139.87503,38.31665],[139.86688,38.32163],[139.86532,38.32577],[139.85689,38.33228],[139.84773,38.33658],[139.84838,38.3428],[139.83872,38.34279],[139.82724,38.345],[139.82545,38.35034],[139.81649,38.35601],[139.80357,38.35507],[139.78964,38.34871],[139.78394,38.35297],[139.77072,38.35291],[139.76163,38.36106],[139.75228,38.35897],[139.73288,38.37142],[139.72894,38.37684],[139.73112,38.38145],[139.72206,38.39402],[139.71233,38.38694],[139.7048,38.39356],[139.70339,38.40022],[139.70589,38.40758],[139.71204,38.4127],[139.71704,38.42099],[139.71651,38.43213],[139.72013,38.45069],[139.71515,38.45944],[139.71597,38.46721],[139.71204,38.47173],[139.71605,38.47903],[139.72576,38.48656],[139.72072,38.49635],[139.70162,38.5016],[139.69291,38.50683],[139.68288,38.50496],[139.66711,38.5065],[139.66203,38.50846],[139.65306,38.50697],[139.64736,38.51059],[139.64052,38.51083],[139.63139,38.52178],[139.61389,38.52625],[139.59945,38.52222],[139.59547,38.52682],[139.58283,38.53253],[139.57714,38.53962],[139.57176,38.53851],[139.5566,38.54524],[139.54991,38.54328],[139.53779,38.52426],[139.52183,38.50568],[139.52082,38.50071],[139.51443,38.49064],[139.50796,38.48448],[139.49726,38.45875],[139.48188,38.43993],[139.48257,38.43362],[139.47209,38.42317],[139.46251,38.40112],[139.45729,38.39754],[139.45504,38.38982],[139.46012,38.38071],[139.45092,38.36148],[139.45251,38.33699],[139.44882,38.31294],[139.45119,38.30928],[139.44791,38.28428],[139.44874,38.27316],[139.44556,38.26776],[139.44669,38.26201],[139.44133,38.24703],[139.45015,38.24175],[139.44933,38.23408],[139.43677,38.21549],[139.42804,38.19737],[139.43001,38.18129],[139.41421,38.15966],[139.40903,38.14976],[139.41201,38.14421],[139.40801,38.13935],[139.41085,38.13548],[139.40798,38.13014],[139.40843,38.12052],[139.41794,38.11287],[139.41418,38.10894],[139.43013,38.09744],[139.44242,38.10253],[139.44396,38.09512],[139.45251,38.0897],[139.46988,38.08138],[139.48122,38.07823],[139.48653,38.07874],[139.48992,38.08473],[139.4948,38.09044],[139.5009,38.09238],[139.5059,38.09976],[139.51148,38.09992],[139.51231,38.10862],[139.50175,38.11608],[139.50384,38.12355],[139.51409,38.12701],[139.50362,38.13477],[139.51088,38.14346],[139.52053,38.1422],[139.52899,38.14926],[139.53797,38.15112],[139.54563,38.14791],[139.55649,38.14852],[139.56104,38.15691],[139.57703,38.1608],[139.5795,38.16492],[139.58747,38.16973],[139.60095,38.16647],[139.61117,38.16737],[139.61537,38.164],[139.6375,38.16566],[139.64488,38.16467],[139.65457,38.16834],[139.66948,38.1579],[139.67925,38.16059],[139.68473,38.15942]]]}},{"type":"Feature","properties":{"code":"15213","name":"燕市","pref":"新潟県","pref_code":"15","cx":138.90216,"cy":37.66084,"bbox":[138.78726,37.59367,138.9743,37.73044]},"geometry":{"type":"Polygon","coordinates":[[[138.9743,37.68188],[138.97261,37.68853],[138.9616,37.69265],[138.96601,37.70533],[138.95584,37.70315],[138.94589,37.70461],[138.9464,37.71581],[138.94046,37.72013],[138.93069,37.7212],[138.93285,37.73044],[138.91498,37.7303],[138.91197,37.71854],[138.90018,37.71431],[138.88428,37.71341],[138.87195,37.71139],[138.86524,37.70673],[138.86519,37.70136],[138.87207,37.69628],[138.86635,37.6919],[138.87171,37.68545],[138.86832,37.67089],[138.85514,37.67317],[138.84757,37.65804],[138.83888,37.65756],[138.84335,37.66449],[138.84271,37.66887],[138.82557,37.67032],[138.809,37.67393],[138.80561,37.67798],[138.79362,37.6789],[138.78816,37.67172],[138.78726,37.65531],[138.8081,37.63669],[138.81352,37.64327],[138.82292,37.64526],[138.82352,37.63574],[138.83751,37.61819],[138.83192,37.61644],[138.82564,37.60868],[138.83115,37.60386],[138.83109,37.59367],[138.84082,37.60522],[138.8516,37.61138],[138.88098,37.62011],[138.88551,37.62307],[138.89858,37.62266],[138.91955,37.63092],[138.93271,37.63101],[138.93508,37.63559],[138.92724,37.64066],[138.92675,37.64788],[138.92239,37.65224],[138.92637,37.65535],[138.93639,37.64819],[138.95384,37.65816],[138.95684,37.66351],[138.95603,37.67282],[138.96692,37.68074],[138.9743,37.68188]]]}},{"type":"Feature","properties":{"code":"15216","name":"糸魚川市","pref":"新潟県","pref_code":"15","cx":137.8856,"cy":36.95797,"bbox":[137.63632,36.76764,138.1126,37.14817]},"geometry":{"type":"Polygon","coordinates":[[[138.06777,37.14817],[138.05996,37.14336],[138.05794,37.13787],[138.04872,37.12791],[138.02751,37.11667],[138.01718,37.1141],[138.00508,37.11523],[137.99531,37.11012],[137.98863,37.10433],[137.97596,37.09885],[137.97341,37.0946],[137.96144,37.08852],[137.94925,37.08588],[137.94286,37.08087],[137.94035,37.07537],[137.92892,37.0705],[137.91248,37.06091],[137.88501,37.05225],[137.84607,37.04447],[137.82925,37.03968],[137.81391,37.03007],[137.7673,37.01755],[137.72877,37.00419],[137.72655,37.00228],[137.71116,36.99862],[137.70043,36.99445],[137.68005,36.99061],[137.66805,36.98588],[137.65839,36.98488],[137.65116,36.98064],[137.63632,36.97977],[137.63767,36.97655],[137.65154,36.96902],[137.65774,36.95983],[137.66621,36.95369],[137.67984,36.94836],[137.68746,36.9432],[137.69864,36.94227],[137.71116,36.94423],[137.71337,36.93505],[137.72046,36.92669],[137.71793,36.92264],[137.71784,36.9078],[137.71257,36.90408],[137.71298,36.89376],[137.72491,36.8779],[137.73207,36.87369],[137.73516,36.85519],[137.73287,36.84504],[137.73444,36.8314],[137.73199,36.82364],[137.74487,36.81522],[137.74925,36.80969],[137.75097,36.80056],[137.75429,36.79659],[137.75086,36.79131],[137.74967,36.77971],[137.75784,36.7745],[137.76481,36.76764],[137.77573,36.77364],[137.78194,36.77298],[137.7915,36.7792],[137.79328,36.78666],[137.79943,36.78839],[137.81998,36.79822],[137.82278,36.80598],[137.83098,36.80801],[137.83105,36.81781],[137.84522,36.83462],[137.85686,36.84383],[137.85592,36.8495],[137.86818,36.86273],[137.8734,36.86358],[137.87785,36.87319],[137.8683,36.87779],[137.86626,36.88722],[137.86167,36.89078],[137.87143,36.9027],[137.86262,36.90695],[137.86347,36.91289],[137.87465,36.91585],[137.87861,36.91271],[137.89326,36.90996],[137.90072,36.91159],[137.91098,36.91786],[137.91974,36.91987],[137.93212,36.91427],[137.94737,36.91303],[137.95321,36.90501],[137.96235,36.90211],[137.96958,36.91081],[137.97645,36.90829],[137.99157,36.91069],[138.00286,36.90501],[138.01374,36.90402],[138.01537,36.91058],[138.02419,36.91149],[138.03313,36.92115],[138.04193,36.91839],[138.05374,36.92151],[138.06108,36.92004],[138.06743,36.92225],[138.07947,36.94222],[138.10041,36.94782],[138.10767,36.94672],[138.1126,36.95611],[138.10258,36.96699],[138.10234,36.97133],[138.0938,36.97612],[138.09614,36.98388],[138.09433,36.99537],[138.08737,37.01451],[138.08961,37.02336],[138.08817,37.0303],[138.09004,37.04264],[138.09294,37.04717],[138.09565,37.06194],[138.08536,37.06919],[138.08711,37.07935],[138.08233,37.08425],[138.0807,37.09063],[138.07444,37.0913],[138.07554,37.10269],[138.08236,37.10854],[138.0809,37.11209],[138.0844,37.12098],[138.07463,37.1375],[138.07305,37.14487],[138.06777,37.14817]]]}},{"type":"Feature","properties":{"code":"15217","name":"妙高市","pref":"新潟県","pref_code":"15","cx":138.21749,"cy":36.93691,"bbox":[138.00346,36.79996,138.38227,37.06807]},"geometry":{"type":"Polygon","coordinates":[[[138.10234,36.97133],[138.10258,36.96699],[138.1126,36.95611],[138.10767,36.94672],[138.10041,36.94782],[138.07947,36.94222],[138.06743,36.92225],[138.06108,36.92004],[138.05374,36.92151],[138.04193,36.91839],[138.03313,36.92115],[138.02419,36.91149],[138.01537,36.91058],[138.01374,36.90402],[138.01558,36.89321],[138.02174,36.89052],[138.03106,36.89136],[138.03285,36.88619],[138.03162,36.87814],[138.02641,36.87353],[138.02096,36.86349],[138.01659,36.8604],[138.01583,36.85239],[138.01888,36.85044],[138.02007,36.84222],[138.0142,36.83871],[138.00346,36.82641],[138.01704,36.81883],[138.02888,36.81711],[138.0338,36.80883],[138.04496,36.80978],[138.05185,36.80746],[138.05222,36.79996],[138.06482,36.80443],[138.06817,36.80384],[138.07523,36.8105],[138.07302,36.81685],[138.08145,36.82992],[138.09929,36.84351],[138.10635,36.84378],[138.11505,36.85039],[138.12533,36.84806],[138.13184,36.85067],[138.14151,36.84717],[138.16282,36.8443],[138.17665,36.84842],[138.17783,36.85181],[138.19559,36.85367],[138.20574,36.85912],[138.20641,36.86299],[138.21303,36.8683],[138.22937,36.86418],[138.24931,36.86533],[138.25488,36.86994],[138.25802,36.86398],[138.26836,36.86046],[138.27172,36.85505],[138.27053,36.84424],[138.2749,36.84085],[138.28761,36.84571],[138.28875,36.85102],[138.29624,36.85825],[138.28857,36.86844],[138.29333,36.87331],[138.293,36.87812],[138.29937,36.88672],[138.29029,36.89681],[138.29404,36.90093],[138.29633,36.91082],[138.30903,36.92032],[138.31757,36.92519],[138.32932,36.92688],[138.3376,36.92489],[138.3432,36.9208],[138.34897,36.92901],[138.35771,36.93385],[138.35971,36.93998],[138.36452,36.94428],[138.36378,36.95337],[138.3682,36.95728],[138.36952,36.96401],[138.37605,36.9723],[138.38227,36.97642],[138.3787,36.98044],[138.37148,36.97707],[138.36242,36.97566],[138.34788,36.97654],[138.34287,36.98578],[138.33471,36.98747],[138.32971,36.99221],[138.30686,36.99644],[138.29666,36.99743],[138.29231,37.00175],[138.2869,37.01201],[138.28877,37.01784],[138.28027,37.03565],[138.2829,37.04135],[138.27587,37.04687],[138.27007,37.04518],[138.2674,37.05058],[138.27384,37.05529],[138.27953,37.06342],[138.26428,37.06543],[138.26347,37.05749],[138.25306,37.06127],[138.25267,37.06534],[138.23545,37.06789],[138.22581,37.06518],[138.21735,37.06506],[138.20666,37.06807],[138.19544,37.06619],[138.19078,37.0624],[138.17801,37.06133],[138.17586,37.05897],[138.18128,37.05152],[138.18318,37.04485],[138.17696,37.04325],[138.16265,37.0451],[138.15854,37.04344],[138.15901,37.03619],[138.14733,37.03136],[138.13791,37.03097],[138.13517,37.02194],[138.1408,37.01088],[138.1377,37.00938],[138.14021,36.99702],[138.13167,36.98943],[138.12951,36.97657],[138.13371,36.96889],[138.13913,36.97082],[138.15278,36.96469],[138.16148,36.97088],[138.17423,36.97086],[138.18454,36.98488],[138.2013,36.99173],[138.21846,37.00054],[138.22255,36.99467],[138.22696,36.9956],[138.23792,37.00812],[138.2485,37.01127],[138.24841,37.00048],[138.24344,36.99024],[138.24457,36.98516],[138.2502,36.97825],[138.24232,36.96726],[138.23985,36.95667],[138.23053,36.9507],[138.23103,36.94469],[138.22134,36.94089],[138.21194,36.94265],[138.21302,36.9469],[138.20591,36.95232],[138.1927,36.94773],[138.17701,36.94586],[138.16704,36.94758],[138.16132,36.94482],[138.15258,36.94429],[138.1492,36.94978],[138.14213,36.9554],[138.12909,36.95959],[138.12378,36.96592],[138.10727,36.97613],[138.10234,36.97133]]]}},{"type":"Feature","properties":{"code":"15218","name":"五泉市","pref":"新潟県","pref_code":"15","cx":139.22861,"cy":37.64473,"bbox":[139.0933,37.5097,139.34851,37.77747]},"geometry":{"type":"Polygon","coordinates":[[[139.10792,37.7258],[139.10008,37.72065],[139.09804,37.71329],[139.0933,37.7095],[139.10501,37.70035],[139.10551,37.69467],[139.1,37.68892],[139.10199,37.68443],[139.0983,37.67962],[139.10101,37.6779],[139.09988,37.66965],[139.10411,37.66804],[139.10938,37.66076],[139.10448,37.65675],[139.109,37.65187],[139.12051,37.65679],[139.1341,37.65678],[139.13157,37.65079],[139.13389,37.64215],[139.13944,37.63747],[139.14023,37.62947],[139.15044,37.62588],[139.15344,37.61992],[139.15177,37.61329],[139.15437,37.60864],[139.16753,37.60414],[139.16979,37.59925],[139.18027,37.59958],[139.1895,37.60703],[139.19431,37.61419],[139.20403,37.61104],[139.21862,37.60224],[139.21931,37.59434],[139.22491,37.58226],[139.231,37.57773],[139.23373,37.56837],[139.23241,37.55887],[139.23398,37.55496],[139.24228,37.54946],[139.24763,37.53835],[139.25872,37.53574],[139.25564,37.52644],[139.26012,37.51927],[139.25978,37.51207],[139.26606,37.51231],[139.27404,37.51581],[139.27609,37.5097],[139.29072,37.51797],[139.30171,37.52993],[139.30821,37.53128],[139.32209,37.54335],[139.32061,37.55058],[139.31351,37.55323],[139.30929,37.559],[139.30869,37.56492],[139.31601,37.57654],[139.32553,37.58891],[139.32259,37.59619],[139.33887,37.59606],[139.34851,37.60075],[139.3479,37.60673],[139.34324,37.61111],[139.34478,37.62375],[139.34807,37.62968],[139.33505,37.63732],[139.32861,37.6391],[139.32191,37.6473],[139.32632,37.65056],[139.32317,37.65516],[139.32403,37.66216],[139.31392,37.66702],[139.3078,37.67498],[139.3101,37.68739],[139.30185,37.69484],[139.28695,37.69542],[139.28044,37.70206],[139.28516,37.70722],[139.28568,37.72076],[139.29108,37.72292],[139.2965,37.729],[139.29292,37.73819],[139.28719,37.73759],[139.28473,37.73498],[139.26178,37.74299],[139.23774,37.74577],[139.23145,37.74167],[139.22341,37.74472],[139.22563,37.75131],[139.22084,37.75786],[139.21145,37.7641],[139.18784,37.77391],[139.18044,37.77747],[139.16896,37.77461],[139.17082,37.76966],[139.1592,37.7653],[139.15498,37.76768],[139.14742,37.76316],[139.14751,37.75583],[139.1405,37.7533],[139.13335,37.74781],[139.13126,37.73799],[139.1209,37.73293],[139.11128,37.73435],[139.10792,37.7258]]]}},{"type":"Feature","properties":{"code":"15222","name":"上越市","pref":"新潟県","pref_code":"15","cx":138.30625,"cy":37.12238,"bbox":[138.06777,36.94089,138.56889,37.30659]},"geometry":{"type":"Polygon","coordinates":[[[138.4181,37.30659],[138.35534,37.25471],[138.31563,37.2247],[138.2854,37.20407],[138.27759,37.21179],[138.27008,37.20418],[138.2758,37.19833],[138.26741,37.19494],[138.26493,37.19778],[138.25489,37.1918],[138.24692,37.18401],[138.23168,37.17417],[138.21626,37.16927],[138.20723,37.16805],[138.19672,37.17013],[138.17722,37.16415],[138.16623,37.16199],[138.15163,37.16113],[138.1478,37.16323],[138.13169,37.16418],[138.1228,37.17026],[138.10179,37.17406],[138.09151,37.17017],[138.08294,37.15801],[138.06777,37.14817],[138.07305,37.14487],[138.07463,37.1375],[138.0844,37.12098],[138.0809,37.11209],[138.08236,37.10854],[138.07554,37.10269],[138.07444,37.0913],[138.0807,37.09063],[138.08233,37.08425],[138.08711,37.07935],[138.08536,37.06919],[138.09565,37.06194],[138.09294,37.04717],[138.09004,37.04264],[138.08817,37.0303],[138.08961,37.02336],[138.08737,37.01451],[138.09433,36.99537],[138.09614,36.98388],[138.0938,36.97612],[138.10234,36.97133],[138.10727,36.97613],[138.12378,36.96592],[138.12909,36.95959],[138.14213,36.9554],[138.1492,36.94978],[138.15258,36.94429],[138.16132,36.94482],[138.16704,36.94758],[138.17701,36.94586],[138.1927,36.94773],[138.20591,36.95232],[138.21302,36.9469],[138.21194,36.94265],[138.22134,36.94089],[138.23103,36.94469],[138.23053,36.9507],[138.23985,36.95667],[138.24232,36.96726],[138.2502,36.97825],[138.24457,36.98516],[138.24344,36.99024],[138.24841,37.00048],[138.2485,37.01127],[138.23792,37.00812],[138.22696,36.9956],[138.22255,36.99467],[138.21846,37.00054],[138.2013,36.99173],[138.18454,36.98488],[138.17423,36.97086],[138.16148,36.97088],[138.15278,36.96469],[138.13913,36.97082],[138.13371,36.96889],[138.12951,36.97657],[138.13167,36.98943],[138.14021,36.99702],[138.1377,37.00938],[138.1408,37.01088],[138.13517,37.02194],[138.13791,37.03097],[138.14733,37.03136],[138.15901,37.03619],[138.15854,37.04344],[138.16265,37.0451],[138.17696,37.04325],[138.18318,37.04485],[138.18128,37.05152],[138.17586,37.05897],[138.17801,37.06133],[138.19078,37.0624],[138.19544,37.06619],[138.20666,37.06807],[138.21735,37.06506],[138.22581,37.06518],[138.23545,37.06789],[138.25267,37.06534],[138.25306,37.06127],[138.26347,37.05749],[138.26428,37.06543],[138.27953,37.06342],[138.27384,37.05529],[138.2674,37.05058],[138.27007,37.04518],[138.27587,37.04687],[138.2829,37.04135],[138.28027,37.03565],[138.28877,37.01784],[138.2869,37.01201],[138.29231,37.00175],[138.29666,36.99743],[138.30686,36.99644],[138.32971,36.99221],[138.33471,36.98747],[138.34287,36.98578],[138.34788,36.97654],[138.36242,36.97566],[138.37148,36.97707],[138.3787,36.98044],[138.39066,36.98845],[138.39383,36.99512],[138.40043,36.99786],[138.41104,36.99866],[138.4119,37.00203],[138.42256,37.0053],[138.43138,37.00608],[138.44265,37.01302],[138.45094,37.015],[138.45513,37.01961],[138.46801,37.01783],[138.48141,37.02155],[138.49172,37.02046],[138.49744,37.02645],[138.50143,37.02507],[138.52467,37.03038],[138.52511,37.0343],[138.54035,37.04474],[138.53673,37.05599],[138.53763,37.06387],[138.53594,37.07167],[138.5445,37.08571],[138.53485,37.09156],[138.53423,37.09884],[138.52591,37.10532],[138.52317,37.11148],[138.52712,37.11599],[138.52933,37.12378],[138.52531,37.12886],[138.52922,37.13782],[138.54213,37.13908],[138.54913,37.14692],[138.56196,37.15538],[138.56565,37.16339],[138.56577,37.17036],[138.56889,37.17899],[138.56343,37.18519],[138.55389,37.19028],[138.55611,37.19855],[138.5486,37.2018],[138.53652,37.19842],[138.52787,37.20532],[138.52661,37.21713],[138.52175,37.22129],[138.50497,37.2289],[138.51552,37.23834],[138.51505,37.24641],[138.51996,37.25252],[138.53485,37.26207],[138.53448,37.26685],[138.52975,37.27291],[138.52293,37.27647],[138.51214,37.27327],[138.49957,37.28001],[138.4901,37.28807],[138.47333,37.2898],[138.46891,37.2924],[138.45796,37.2927],[138.45213,37.29591],[138.4439,37.29672],[138.43715,37.29442],[138.43357,37.30156],[138.42794,37.30051],[138.42292,37.2944],[138.4181,37.30659]]]}},{"type":"Feature","properties":{"code":"15223","name":"阿賀野市","pref":"新潟県","pref_code":"15","cx":139.25626,"cy":37.81209,"bbox":[139.15091,37.73498,139.36915,37.89218]},"geometry":{"type":"Polygon","coordinates":[[[139.17818,37.86488],[139.15905,37.8505],[139.15795,37.84567],[139.15271,37.84215],[139.1584,37.83617],[139.17393,37.83207],[139.17712,37.8295],[139.17492,37.82166],[139.16328,37.82326],[139.15287,37.81817],[139.15091,37.81507],[139.15538,37.80746],[139.16392,37.8074],[139.17841,37.80481],[139.18,37.7995],[139.17493,37.79339],[139.17375,37.78709],[139.177,37.77981],[139.18858,37.77881],[139.18784,37.77391],[139.21145,37.7641],[139.22084,37.75786],[139.22563,37.75131],[139.22341,37.74472],[139.23145,37.74167],[139.23774,37.74577],[139.26178,37.74299],[139.28473,37.73498],[139.29212,37.7438],[139.28937,37.75679],[139.29881,37.76176],[139.31459,37.76578],[139.32439,37.7704],[139.32734,37.77897],[139.33427,37.7818],[139.33351,37.78603],[139.34052,37.79244],[139.3434,37.79931],[139.3484,37.80101],[139.3556,37.80927],[139.36412,37.81491],[139.36164,37.8218],[139.35957,37.82473],[139.36487,37.83946],[139.36915,37.84584],[139.36018,37.84708],[139.35599,37.85351],[139.3448,37.8555],[139.32691,37.86414],[139.3182,37.85965],[139.3102,37.85838],[139.30727,37.86217],[139.29889,37.85743],[139.27997,37.86924],[139.27737,37.87522],[139.27187,37.87838],[139.27057,37.88524],[139.26044,37.89218],[139.26023,37.88362],[139.25545,37.88315],[139.2491,37.88978],[139.24522,37.87571],[139.23618,37.87497],[139.23306,37.86453],[139.21214,37.86463],[139.20548,37.86691],[139.1982,37.8661],[139.19205,37.86205],[139.17818,37.86488]]]}},{"type":"Feature","properties":{"code":"15224","name":"佐渡市","pref":"新潟県","pref_code":"15","cx":138.35103,"cy":38.06837,"bbox":[138.20449,37.80309,138.5726,38.33222]},"geometry":{"type":"Polygon","coordinates":[[[138.50296,38.33222],[138.49399,38.33211],[138.4786,38.32616],[138.47333,38.3222],[138.4635,38.32339],[138.46385,38.31492],[138.45308,38.30845],[138.45155,38.30057],[138.43998,38.28676],[138.44386,38.27758],[138.43702,38.27],[138.43727,38.26204],[138.42866,38.25432],[138.41658,38.25406],[138.40505,38.24953],[138.39034,38.23914],[138.38754,38.23248],[138.37631,38.22744],[138.37258,38.22044],[138.36389,38.21295],[138.35496,38.20945],[138.3511,38.2044],[138.33974,38.19896],[138.32613,38.19729],[138.32625,38.19398],[138.31535,38.17861],[138.31171,38.16878],[138.3035,38.16556],[138.30211,38.15196],[138.29523,38.14389],[138.29129,38.14271],[138.29005,38.13387],[138.27098,38.12158],[138.27226,38.11483],[138.26014,38.10186],[138.26123,38.09805],[138.24408,38.08895],[138.23967,38.08069],[138.24786,38.07603],[138.24069,38.06687],[138.23319,38.06219],[138.23796,38.04692],[138.23505,38.03886],[138.23892,38.03147],[138.2362,38.02539],[138.22801,38.02305],[138.2214,38.01447],[138.23313,38.00893],[138.23535,37.9954],[138.23463,37.98387],[138.22718,37.97972],[138.24826,37.96829],[138.25311,37.96425],[138.26198,37.98465],[138.27281,37.99242],[138.2742,38.0022],[138.28631,38.0066],[138.29873,38.00705],[138.3065,38.00532],[138.31863,37.99917],[138.32822,37.99144],[138.34131,37.97784],[138.34369,37.96545],[138.34076,37.95988],[138.3326,37.95614],[138.32932,37.94979],[138.30543,37.9397],[138.30079,37.93147],[138.29259,37.92398],[138.28518,37.92023],[138.2848,37.91541],[138.27846,37.90747],[138.28214,37.90194],[138.28944,37.8969],[138.28986,37.88546],[138.28346,37.87731],[138.28544,37.87458],[138.28017,37.86286],[138.26921,37.84784],[138.25962,37.84163],[138.24967,37.84329],[138.24535,37.83812],[138.23201,37.83876],[138.22511,37.83548],[138.21673,37.83724],[138.20749,37.82837],[138.20449,37.82024],[138.21513,37.81052],[138.23055,37.80625],[138.2363,37.80766],[138.24967,37.80309],[138.26408,37.80614],[138.27075,37.81109],[138.28032,37.81132],[138.28154,37.81612],[138.29181,37.82206],[138.29776,37.82095],[138.3044,37.82662],[138.32083,37.8268],[138.32473,37.82445],[138.33934,37.82666],[138.34444,37.82499],[138.34957,37.829],[138.35956,37.83048],[138.38149,37.8433],[138.38585,37.84874],[138.40032,37.86068],[138.41066,37.86322],[138.41096,37.86899],[138.41685,37.8715],[138.42725,37.87977],[138.44169,37.88328],[138.44866,37.89034],[138.47066,37.89703],[138.473,37.90282],[138.48994,37.91963],[138.50014,37.92086],[138.49903,37.92472],[138.50372,37.9369],[138.50286,37.94391],[138.51067,37.9542],[138.51215,37.96027],[138.52067,37.97347],[138.52087,37.9777],[138.52685,37.98276],[138.53103,37.99151],[138.53813,37.99857],[138.53919,38.00324],[138.54641,38.00803],[138.55133,38.01945],[138.55354,38.03119],[138.56358,38.04218],[138.56304,38.04593],[138.56733,38.05588],[138.57257,38.0623],[138.56954,38.07434],[138.5726,38.07865],[138.5687,38.08396],[138.56092,38.0863],[138.55316,38.08121],[138.54501,38.08115],[138.53574,38.0786],[138.52115,38.07137],[138.50934,38.07032],[138.50579,38.07232],[138.49202,38.06987],[138.48018,38.06233],[138.46711,38.06569],[138.45111,38.0719],[138.43653,38.08212],[138.43435,38.09386],[138.43778,38.10175],[138.43516,38.11485],[138.44151,38.1278],[138.44697,38.13376],[138.45007,38.14612],[138.45917,38.15743],[138.46007,38.16155],[138.47669,38.17997],[138.48176,38.19262],[138.49114,38.20221],[138.49378,38.22502],[138.50325,38.24074],[138.50807,38.26346],[138.50922,38.2849],[138.50795,38.29551],[138.51057,38.30043],[138.51224,38.31465],[138.52101,38.32233],[138.5171,38.32497],[138.51497,38.33205],[138.50296,38.33222]]]}},{"type":"Feature","properties":{"code":"15225","name":"魚沼市","pref":"新潟県","pref_code":"15","cx":139.13321,"cy":37.17701,"bbox":[138.83487,36.94125,139.25956,37.41355]},"geometry":{"type":"Polygon","coordinates":[[[138.83487,37.17648],[138.8449,37.16548],[138.84781,37.17368],[138.85686,37.1765],[138.86778,37.18681],[138.87251,37.19435],[138.88214,37.19107],[138.88546,37.17752],[138.88988,37.17151],[138.8966,37.17505],[138.90463,37.1745],[138.91175,37.18521],[138.9077,37.19408],[138.91499,37.20084],[138.93276,37.20862],[138.93585,37.20329],[138.94443,37.19804],[138.93841,37.19034],[138.92796,37.18066],[138.9389,37.17166],[138.94631,37.17512],[138.95337,37.17533],[138.95561,37.18549],[138.96373,37.19187],[138.96846,37.19131],[138.97966,37.19462],[138.99269,37.19385],[139.00264,37.18747],[139.01721,37.18769],[139.02569,37.18356],[139.02279,37.18035],[139.02119,37.16787],[139.02776,37.16561],[139.02532,37.15505],[139.02655,37.14931],[139.03948,37.14447],[139.05508,37.14233],[139.05442,37.13816],[139.0632,37.13361],[139.07839,37.13119],[139.08016,37.12592],[139.07564,37.12219],[139.07785,37.11597],[139.07855,37.09839],[139.08071,37.09185],[139.07659,37.08639],[139.08347,37.07459],[139.09785,37.06639],[139.09702,37.05863],[139.11131,37.05521],[139.11539,37.04752],[139.12295,37.04714],[139.13191,37.02573],[139.14533,37.01894],[139.14958,37.01022],[139.16207,37.00409],[139.171,37.00198],[139.17945,36.99076],[139.17523,36.9736],[139.18311,36.96148],[139.19352,36.96105],[139.20545,36.95594],[139.21866,36.96071],[139.22871,36.9612],[139.24042,36.94125],[139.24182,36.94907],[139.25116,36.96203],[139.24807,36.97141],[139.25215,36.97657],[139.24718,36.9802],[139.2532,36.98369],[139.25379,36.99033],[139.25103,37.00462],[139.24337,37.01513],[139.24851,37.02395],[139.24854,37.0309],[139.2532,37.03431],[139.25462,37.04025],[139.25956,37.0433],[139.25734,37.05594],[139.24702,37.07079],[139.24873,37.08137],[139.24257,37.0849],[139.23865,37.09051],[139.24088,37.09374],[139.23574,37.10246],[139.23537,37.11394],[139.2433,37.12716],[139.24567,37.14486],[139.25299,37.16125],[139.25116,37.16592],[139.24322,37.17038],[139.24458,37.18114],[139.24041,37.18754],[139.23565,37.18849],[139.22844,37.19709],[139.22624,37.20353],[139.21785,37.20949],[139.21309,37.19964],[139.20527,37.19422],[139.19672,37.19401],[139.19479,37.20396],[139.18713,37.20971],[139.18306,37.21739],[139.17254,37.22495],[139.1659,37.23217],[139.16476,37.23943],[139.17469,37.25635],[139.19177,37.26934],[139.20541,37.28361],[139.21229,37.28621],[139.21569,37.30864],[139.22211,37.31501],[139.22422,37.32143],[139.22109,37.32368],[139.21787,37.33403],[139.22815,37.34328],[139.23362,37.34361],[139.23355,37.35701],[139.23803,37.37295],[139.23146,37.38023],[139.23167,37.38738],[139.22194,37.39333],[139.2153,37.39126],[139.20771,37.39622],[139.2076,37.4006],[139.20195,37.40866],[139.19725,37.41077],[139.18729,37.41184],[139.17227,37.41036],[139.16384,37.41335],[139.14814,37.40416],[139.1426,37.39797],[139.13653,37.39768],[139.12758,37.40138],[139.12326,37.40987],[139.10829,37.41053],[139.09468,37.40953],[139.08992,37.40572],[139.08071,37.40342],[139.06181,37.40554],[139.05534,37.41355],[139.04661,37.40832],[139.04921,37.40165],[139.03404,37.39986],[139.02862,37.39779],[139.01851,37.38862],[139.01417,37.37822],[139.00003,37.37452],[138.99412,37.3715],[138.98838,37.37253],[138.97976,37.37972],[138.96867,37.38382],[138.96205,37.37407],[138.9568,37.37334],[138.95691,37.36016],[138.96414,37.35392],[138.95494,37.35129],[138.95143,37.34508],[138.94046,37.33988],[138.9329,37.3386],[138.93987,37.32459],[138.93897,37.31812],[138.9316,37.31276],[138.93356,37.30416],[138.92633,37.29653],[138.91452,37.29228],[138.91105,37.29336],[138.90539,37.29326],[138.9013,37.28874],[138.89885,37.2809],[138.89135,37.27914],[138.88755,37.26483],[138.89299,37.25512],[138.88832,37.24976],[138.88776,37.24327],[138.88141,37.2398],[138.88227,37.23058],[138.88034,37.22418],[138.87093,37.22016],[138.86886,37.20799],[138.86362,37.20264],[138.85777,37.20304],[138.85277,37.18987],[138.84852,37.18465],[138.83487,37.17648]]]}},{"type":"Feature","properties":{"code":"15226","name":"南魚沼市","pref":"新潟県","pref_code":"15","cx":138.94756,"cy":37.04945,"bbox":[138.76462,36.88727,139.09785,37.20862]},"geometry":{"type":"Polygon","coordinates":[[[138.77897,36.95778],[138.78443,36.96385],[138.79618,36.9638],[138.80703,36.96209],[138.8164,36.95712],[138.82021,36.95106],[138.83818,36.95419],[138.84077,36.95987],[138.85493,36.95989],[138.85889,36.94989],[138.86464,36.94753],[138.87534,36.95123],[138.88944,36.94939],[138.89949,36.94078],[138.8982,36.93636],[138.91337,36.93194],[138.91628,36.92281],[138.92617,36.91281],[138.92586,36.90478],[138.93244,36.89355],[138.9404,36.89512],[138.94966,36.89306],[138.95372,36.8952],[138.96705,36.89105],[138.97155,36.88727],[138.97917,36.89118],[138.97973,36.90446],[138.9744,36.91315],[138.97669,36.92079],[138.9668,36.93079],[138.9638,36.95277],[138.9661,36.95761],[138.96648,36.97884],[138.96985,36.98141],[139.00065,36.97921],[139.0155,36.98829],[139.03033,36.9837],[139.04773,36.98767],[139.05012,36.99487],[139.07354,37.00853],[139.0805,37.00864],[139.09119,37.01997],[139.08884,37.02893],[139.09149,37.03986],[139.09041,37.04492],[139.09702,37.05863],[139.09785,37.06639],[139.08347,37.07459],[139.07659,37.08639],[139.08071,37.09185],[139.07855,37.09839],[139.07785,37.11597],[139.07564,37.12219],[139.08016,37.12592],[139.07839,37.13119],[139.0632,37.13361],[139.05442,37.13816],[139.05508,37.14233],[139.03948,37.14447],[139.02655,37.14931],[139.02532,37.15505],[139.02776,37.16561],[139.02119,37.16787],[139.02279,37.18035],[139.02569,37.18356],[139.01721,37.18769],[139.00264,37.18747],[138.99269,37.19385],[138.97966,37.19462],[138.96846,37.19131],[138.96373,37.19187],[138.95561,37.18549],[138.95337,37.17533],[138.94631,37.17512],[138.9389,37.17166],[138.92796,37.18066],[138.93841,37.19034],[138.94443,37.19804],[138.93585,37.20329],[138.93276,37.20862],[138.91499,37.20084],[138.9077,37.19408],[138.91175,37.18521],[138.90463,37.1745],[138.8966,37.17505],[138.88988,37.17151],[138.88546,37.17752],[138.88214,37.19107],[138.87251,37.19435],[138.86778,37.18681],[138.85686,37.1765],[138.84781,37.17368],[138.8449,37.16548],[138.84565,37.1619],[138.85425,37.15837],[138.86076,37.14856],[138.86815,37.14894],[138.87475,37.1404],[138.87005,37.13318],[138.85933,37.13116],[138.8578,37.12509],[138.84079,37.11851],[138.8396,37.11229],[138.83411,37.10322],[138.82962,37.10191],[138.827,37.09131],[138.82353,37.08691],[138.83014,37.07656],[138.81902,37.0723],[138.81122,37.06697],[138.8116,37.05917],[138.80339,37.05398],[138.80154,37.04436],[138.79193,37.03002],[138.78802,37.02984],[138.78153,37.01642],[138.77541,37.00975],[138.77851,37.00548],[138.77371,37.00016],[138.77108,36.9834],[138.76462,36.97747],[138.7686,36.96324],[138.77897,36.95778]]]}},{"type":"Feature","properties":{"code":"15227","name":"胎内市","pref":"新潟県","pref_code":"15","cx":139.50976,"cy":38.00483,"bbox":[139.31357,37.8613,139.63197,38.14976]},"geometry":{"type":"Polygon","coordinates":[[[139.62932,37.89366],[139.63197,37.89897],[139.62634,37.90917],[139.62861,37.91244],[139.62499,37.91839],[139.61029,37.92635],[139.60648,37.93526],[139.5987,37.93374],[139.58515,37.93508],[139.58123,37.93257],[139.56794,37.93185],[139.56137,37.94415],[139.56243,37.95552],[139.55647,37.95701],[139.55706,37.96223],[139.56277,37.96581],[139.56249,37.97647],[139.56507,37.98419],[139.55305,37.99558],[139.54561,37.9982],[139.54272,38.00642],[139.53103,38.01299],[139.53517,38.01936],[139.53366,38.02336],[139.53957,38.03227],[139.53655,38.04102],[139.52695,38.04962],[139.52811,38.05199],[139.52263,38.06256],[139.52333,38.07036],[139.52665,38.07438],[139.52447,38.08265],[139.51352,38.08302],[139.50851,38.08864],[139.49766,38.08839],[139.48992,38.08473],[139.48653,38.07874],[139.48122,38.07823],[139.46988,38.08138],[139.45251,38.0897],[139.44396,38.09512],[139.44242,38.10253],[139.43013,38.09744],[139.41418,38.10894],[139.41794,38.11287],[139.40843,38.12052],[139.40798,38.13014],[139.41085,38.13548],[139.40801,38.13935],[139.41201,38.14421],[139.40903,38.14976],[139.40623,38.14748],[139.38662,38.12255],[139.36431,38.09713],[139.34983,38.08157],[139.33517,38.06781],[139.31357,38.04947],[139.3224,38.03691],[139.35078,38.01965],[139.35604,38.02015],[139.35998,38.03185],[139.38248,38.03313],[139.38933,38.02808],[139.39905,38.03074],[139.40763,38.02748],[139.41749,38.02027],[139.42634,38.01997],[139.43454,38.02237],[139.45034,38.01603],[139.46003,38.00821],[139.47431,38.0096],[139.47688,38.00324],[139.48556,38.00296],[139.49309,37.99806],[139.49387,37.98404],[139.49051,37.97612],[139.48921,37.96266],[139.49222,37.95914],[139.49189,37.9494],[139.5036,37.93834],[139.51183,37.92122],[139.50004,37.90139],[139.50697,37.88885],[139.52114,37.88788],[139.52922,37.88575],[139.53959,37.88815],[139.54121,37.88481],[139.55259,37.88223],[139.55889,37.87407],[139.55593,37.86345],[139.56743,37.8613],[139.58572,37.86359],[139.59093,37.87036],[139.59541,37.86973],[139.60593,37.8804],[139.6065,37.88617],[139.62424,37.89111],[139.62932,37.89366]]]}},{"type":"Feature","properties":{"code":"15307","name":"北蒲原郡聖籠町","pref":"新潟県","pref_code":"15","cx":139.25552,"cy":37.98832,"bbox":[139.22554,37.94681,139.31355,38.03057]},"geometry":{"type":"Polygon","coordinates":[[[139.24238,37.94681],[139.24165,37.94959],[139.25704,37.95543],[139.26858,37.95346],[139.29289,37.95559],[139.29847,37.96735],[139.30546,37.97024],[139.31355,37.98573],[139.2993,37.98947],[139.29758,37.98716],[139.28601,37.98564],[139.28242,37.98972],[139.27099,37.99458],[139.28485,38.00426],[139.29227,38.00715],[139.2999,38.01366],[139.29006,38.02332],[139.28831,38.03057],[139.2769,38.02253],[139.24596,38.0045],[139.24132,38.00686],[139.22744,37.99903],[139.22554,37.99198],[139.23062,37.98192],[139.23849,37.97204],[139.23122,37.9634],[139.23557,37.95559],[139.23167,37.94813],[139.24238,37.94681]]]}},{"type":"Feature","properties":{"code":"15342","name":"西蒲原郡弥彦村","pref":"新潟県","pref_code":"15","cx":138.8379,"cy":37.68873,"bbox":[138.80481,37.65756,138.87207,37.71841]},"geometry":{"type":"Polygon","coordinates":[[[138.80841,37.70681],[138.81139,37.70084],[138.80881,37.69152],[138.80481,37.68594],[138.80561,37.67798],[138.809,37.67393],[138.82557,37.67032],[138.84271,37.66887],[138.84335,37.66449],[138.83888,37.65756],[138.84757,37.65804],[138.85514,37.67317],[138.86832,37.67089],[138.87171,37.68545],[138.86635,37.6919],[138.87207,37.69628],[138.86519,37.70136],[138.86524,37.70673],[138.85155,37.70907],[138.84442,37.71466],[138.83303,37.71441],[138.81645,37.71841],[138.80841,37.70681]]]}},{"type":"Feature","properties":{"code":"15361","name":"南蒲原郡田上町","pref":"新潟県","pref_code":"15","cx":139.06792,"cy":37.70509,"bbox":[139.0318,37.6711,139.10792,37.734]},"geometry":{"type":"Polygon","coordinates":[[[139.06168,37.72825],[139.04724,37.71946],[139.04207,37.7103],[139.0325,37.70068],[139.03259,37.69347],[139.0318,37.69071],[139.04022,37.6846],[139.04621,37.6711],[139.06936,37.67418],[139.09272,37.68029],[139.0983,37.67962],[139.10199,37.68443],[139.1,37.68892],[139.10551,37.69467],[139.10501,37.70035],[139.0933,37.7095],[139.09804,37.71329],[139.10008,37.72065],[139.10792,37.7258],[139.09914,37.734],[139.08788,37.73153],[139.08268,37.72668],[139.06866,37.73066],[139.06168,37.72825]]]}},{"type":"Feature","properties":{"code":"15385","name":"東蒲原郡阿賀町","pref":"新潟県","pref_code":"15","cx":139.44139,"cy":37.65185,"bbox":[139.25122,37.44706,139.74151,37.85439]},"geometry":{"type":"Polygon","coordinates":[[[139.25122,37.45244],[139.25892,37.44706],[139.27722,37.45283],[139.28651,37.45224],[139.30712,37.4586],[139.32647,37.46239],[139.33514,37.45779],[139.34583,37.46027],[139.35125,37.46556],[139.36255,37.46997],[139.36854,37.46541],[139.38552,37.46361],[139.39751,37.45984],[139.40636,37.46621],[139.40579,37.47757],[139.40985,37.48389],[139.40789,37.49246],[139.41403,37.4968],[139.41066,37.50202],[139.41422,37.5083],[139.42843,37.51425],[139.43895,37.51319],[139.45065,37.51736],[139.4572,37.51787],[139.4661,37.50833],[139.4758,37.50258],[139.48599,37.51031],[139.49674,37.51257],[139.51379,37.50862],[139.5201,37.51384],[139.54285,37.51203],[139.55523,37.50607],[139.56703,37.50235],[139.58511,37.5129],[139.59058,37.52794],[139.57853,37.53016],[139.5702,37.53906],[139.57022,37.55053],[139.56759,37.56275],[139.57183,37.56827],[139.5704,37.57951],[139.56415,37.58883],[139.56571,37.59281],[139.56235,37.60011],[139.55437,37.6024],[139.54851,37.60986],[139.55215,37.61875],[139.54789,37.62176],[139.54604,37.62889],[139.55169,37.63682],[139.5526,37.64249],[139.54932,37.64909],[139.56306,37.65381],[139.56849,37.65313],[139.58866,37.66725],[139.59383,37.66508],[139.60092,37.66883],[139.60941,37.68427],[139.61783,37.68883],[139.62728,37.68836],[139.62832,37.69195],[139.62172,37.69982],[139.62449,37.70835],[139.64295,37.72761],[139.64961,37.72906],[139.65236,37.73794],[139.65723,37.74085],[139.6591,37.75041],[139.65789,37.75501],[139.6665,37.757],[139.66871,37.76326],[139.67769,37.77009],[139.68019,37.77504],[139.69656,37.78512],[139.70495,37.79584],[139.71354,37.79899],[139.72162,37.80942],[139.74151,37.81771],[139.73598,37.82792],[139.72894,37.83128],[139.72056,37.83957],[139.71497,37.8526],[139.71069,37.85439],[139.69775,37.84769],[139.68185,37.84674],[139.67344,37.83813],[139.66031,37.83289],[139.6451,37.82941],[139.63329,37.83273],[139.63004,37.83025],[139.61983,37.83031],[139.61064,37.82473],[139.6077,37.81898],[139.59397,37.81528],[139.58492,37.81089],[139.5782,37.81251],[139.56831,37.8113],[139.56303,37.80615],[139.55617,37.80395],[139.55012,37.80653],[139.53531,37.80413],[139.53316,37.79663],[139.52415,37.79315],[139.507,37.79696],[139.48962,37.79374],[139.48177,37.79697],[139.46809,37.79083],[139.45483,37.79419],[139.45451,37.79691],[139.44318,37.80608],[139.43401,37.8097],[139.42892,37.81518],[139.42317,37.81671],[139.41073,37.81417],[139.3898,37.82663],[139.3736,37.82498],[139.36164,37.8218],[139.36412,37.81491],[139.3556,37.80927],[139.3484,37.80101],[139.3434,37.79931],[139.34052,37.79244],[139.33351,37.78603],[139.33427,37.7818],[139.32734,37.77897],[139.32439,37.7704],[139.31459,37.76578],[139.29881,37.76176],[139.28937,37.75679],[139.29212,37.7438],[139.28719,37.73759],[139.29292,37.73819],[139.2965,37.729],[139.29108,37.72292],[139.28568,37.72076],[139.28516,37.70722],[139.28044,37.70206],[139.28695,37.69542],[139.30185,37.69484],[139.3101,37.68739],[139.3078,37.67498],[139.31392,37.66702],[139.32403,37.66216],[139.32317,37.65516],[139.32632,37.65056],[139.32191,37.6473],[139.32861,37.6391],[139.33505,37.63732],[139.34807,37.62968],[139.34478,37.62375],[139.34324,37.61111],[139.3479,37.60673],[139.34851,37.60075],[139.33887,37.59606],[139.32259,37.59619],[139.32553,37.58891],[139.31601,37.57654],[139.30869,37.56492],[139.30929,37.559],[139.31351,37.55323],[139.32061,37.55058],[139.32209,37.54335],[139.30821,37.53128],[139.30171,37.52993],[139.29072,37.51797],[139.27609,37.5097],[139.27794,37.50684],[139.28737,37.50752],[139.29008,37.49767],[139.29577,37.49253],[139.2982,37.48493],[139.28313,37.48373],[139.27629,37.47547],[139.2573,37.46446],[139.25122,37.45244]]]}},{"type":"Feature","properties":{"code":"15405","name":"三島郡出雲崎町","pref":"新潟県","pref_code":"15","cx":138.71426,"cy":37.5316,"bbox":[138.66022,37.48744,138.76149,37.57807]},"geometry":{"type":"Polygon","coordinates":[[[138.72666,37.57807],[138.71463,37.56022],[138.70911,37.55541],[138.69487,37.54686],[138.67649,37.53812],[138.66528,37.52985],[138.66022,37.52352],[138.67404,37.52354],[138.67978,37.51714],[138.67604,37.50934],[138.6724,37.50795],[138.6749,37.49527],[138.69766,37.49838],[138.72177,37.48744],[138.72849,37.49157],[138.73879,37.49037],[138.73992,37.49702],[138.73367,37.50266],[138.74201,37.50963],[138.742,37.51567],[138.75209,37.51619],[138.75348,37.52343],[138.75835,37.5245],[138.76149,37.53334],[138.75367,37.54103],[138.74096,37.54716],[138.74557,37.55331],[138.749,37.56221],[138.74225,37.56147],[138.73361,37.56488],[138.7229,37.56563],[138.72693,37.57283],[138.72666,37.57807]]]}},{"type":"Feature","properties":{"code":"15461","name":"南魚沼郡湯沢町","pref":"新潟県","pref_code":"15","cx":138.81095,"cy":36.85337,"bbox":[138.66954,36.73658,138.93244,36.96385]},"geometry":{"type":"Polygon","coordinates":[[[138.70043,36.86822],[138.70641,36.859],[138.70308,36.84989],[138.69035,36.84566],[138.69001,36.83235],[138.68067,36.82416],[138.68028,36.82015],[138.68718,36.81805],[138.69579,36.80906],[138.68915,36.79844],[138.68945,36.79357],[138.68421,36.78792],[138.67171,36.78359],[138.66954,36.77366],[138.68001,36.76644],[138.688,36.76585],[138.69153,36.75858],[138.69195,36.74612],[138.69737,36.73764],[138.70528,36.73658],[138.71307,36.73922],[138.71578,36.74575],[138.72187,36.74969],[138.72139,36.75924],[138.72703,36.76417],[138.75333,36.75498],[138.76128,36.74906],[138.77034,36.74616],[138.77796,36.7477],[138.78942,36.74487],[138.79271,36.74794],[138.79534,36.75814],[138.80629,36.76453],[138.81777,36.76159],[138.82692,36.77229],[138.82505,36.77577],[138.8297,36.78589],[138.8291,36.79537],[138.82615,36.80537],[138.82159,36.81309],[138.82174,36.81763],[138.83957,36.81718],[138.85095,36.81203],[138.85731,36.81209],[138.86458,36.8163],[138.87558,36.81859],[138.87953,36.82498],[138.9026,36.82712],[138.92907,36.83264],[138.9298,36.8375],[138.92405,36.84723],[138.91705,36.84894],[138.91794,36.85684],[138.92211,36.86104],[138.91717,36.87037],[138.92301,36.88338],[138.93053,36.88697],[138.93244,36.89355],[138.92586,36.90478],[138.92617,36.91281],[138.91628,36.92281],[138.91337,36.93194],[138.8982,36.93636],[138.89949,36.94078],[138.88944,36.94939],[138.87534,36.95123],[138.86464,36.94753],[138.85889,36.94989],[138.85493,36.95989],[138.84077,36.95987],[138.83818,36.95419],[138.82021,36.95106],[138.8164,36.95712],[138.80703,36.96209],[138.79618,36.9638],[138.78443,36.96385],[138.77897,36.95778],[138.77291,36.94641],[138.7628,36.93519],[138.75319,36.93089],[138.75258,36.9263],[138.74424,36.92204],[138.73817,36.91247],[138.7306,36.90917],[138.7326,36.90237],[138.72863,36.89642],[138.72116,36.89011],[138.71451,36.88167],[138.71378,36.87377],[138.70043,36.86822]]]}},{"type":"Feature","properties":{"code":"15482","name":"中魚沼郡津南町","pref":"新潟県","pref_code":"15","cx":138.65013,"cy":36.95572,"bbox":[138.56589,36.84566,138.71607,37.06544]},"geometry":{"type":"Polygon","coordinates":[[[138.56589,37.02126],[138.5698,37.01546],[138.57099,37.0054],[138.57566,36.99662],[138.5863,36.98689],[138.58817,36.97694],[138.58551,36.95741],[138.58656,36.95403],[138.58452,36.93189],[138.58716,36.92613],[138.59201,36.92541],[138.58929,36.91545],[138.59619,36.90711],[138.61287,36.90855],[138.62101,36.90408],[138.61781,36.89188],[138.62342,36.88466],[138.64091,36.87858],[138.64181,36.87565],[138.65097,36.87442],[138.65736,36.86805],[138.66671,36.86661],[138.6765,36.86725],[138.68845,36.86063],[138.69356,36.85243],[138.69035,36.84566],[138.70308,36.84989],[138.70641,36.859],[138.70043,36.86822],[138.69249,36.8765],[138.67466,36.88123],[138.66809,36.89212],[138.65991,36.89579],[138.65351,36.90689],[138.66188,36.91309],[138.66169,36.92736],[138.66442,36.93495],[138.67439,36.9422],[138.68995,36.94987],[138.68948,36.93938],[138.70344,36.9461],[138.71129,36.94725],[138.71607,36.96108],[138.70795,36.96873],[138.71009,36.97522],[138.70861,36.9806],[138.69857,36.99009],[138.69915,37.00288],[138.69141,37.01474],[138.6846,37.01143],[138.68378,37.03016],[138.6919,37.0361],[138.69059,37.04067],[138.68274,37.05039],[138.6859,37.05721],[138.66736,37.06544],[138.64453,37.05657],[138.64286,37.04936],[138.63647,37.04944],[138.6331,37.04389],[138.62616,37.04155],[138.61797,37.04399],[138.6138,37.03973],[138.59878,37.03893],[138.58749,37.0306],[138.57762,37.03114],[138.5681,37.02589],[138.56589,37.02126]]]}},{"type":"Feature","properties":{"code":"15504","name":"刈羽郡刈羽村","pref":"新潟県","pref_code":"15","cx":138.63003,"cy":37.42231,"bbox":[138.59059,37.39895,138.70826,37.4572]},"geometry":{"type":"MultiPolygon","coordinates":[[[[138.69112,37.43819],[138.68066,37.4334],[138.6786,37.42294],[138.68493,37.41518],[138.69887,37.4017],[138.70826,37.41936],[138.70166,37.42078],[138.69714,37.42557],[138.69728,37.43239],[138.69112,37.43819]]],[[[138.63072,37.45386],[138.61803,37.451],[138.60305,37.44288],[138.59929,37.43663],[138.60601,37.43488],[138.60764,37.4302],[138.6002,37.41442],[138.59059,37.40196],[138.59334,37.39895],[138.60952,37.403],[138.62178,37.40241],[138.62463,37.40785],[138.63243,37.41358],[138.64603,37.40779],[138.66488,37.40621],[138.66948,37.41192],[138.64497,37.43102],[138.63185,37.43419],[138.63676,37.43879],[138.63638,37.44294],[138.64217,37.45364],[138.63478,37.4572],[138.63072,37.45386]]]]}},{"type":"Feature","properties":{"code":"15581","name":"岩船郡関川村","pref":"新潟県","pref_code":"15","cx":139.60582,"cy":38.0464,"bbox":[139.48992,37.91839,139.69273,38.16973]},"geometry":{"type":"Polygon","coordinates":[[[139.48992,38.08473],[139.49766,38.08839],[139.50851,38.08864],[139.51352,38.08302],[139.52447,38.08265],[139.52665,38.07438],[139.52333,38.07036],[139.52263,38.06256],[139.52811,38.05199],[139.52695,38.04962],[139.53655,38.04102],[139.53957,38.03227],[139.53366,38.02336],[139.53517,38.01936],[139.53103,38.01299],[139.54272,38.00642],[139.54561,37.9982],[139.55305,37.99558],[139.56507,37.98419],[139.56249,37.97647],[139.56277,37.96581],[139.55706,37.96223],[139.55647,37.95701],[139.56243,37.95552],[139.56137,37.94415],[139.56794,37.93185],[139.58123,37.93257],[139.58515,37.93508],[139.5987,37.93374],[139.60648,37.93526],[139.61029,37.92635],[139.62499,37.91839],[139.63179,37.9303],[139.63939,37.93472],[139.643,37.94683],[139.6401,37.95234],[139.64525,37.96263],[139.63861,37.96865],[139.64426,37.97978],[139.63934,37.98437],[139.64497,37.99189],[139.65429,37.99651],[139.65263,38.00296],[139.65441,38.01474],[139.65239,38.02056],[139.65676,38.02852],[139.65756,38.0374],[139.66267,38.04001],[139.67483,38.04058],[139.68015,38.04327],[139.68205,38.04953],[139.69027,38.05243],[139.69273,38.05703],[139.68655,38.06598],[139.69157,38.07119],[139.68647,38.07689],[139.68181,38.07538],[139.67234,38.07693],[139.67479,38.09158],[139.68267,38.10807],[139.69215,38.113],[139.68837,38.13466],[139.69157,38.14524],[139.69052,38.15528],[139.68473,38.15942],[139.67925,38.16059],[139.66948,38.1579],[139.65457,38.16834],[139.64488,38.16467],[139.6375,38.16566],[139.61537,38.164],[139.61117,38.16737],[139.60095,38.16647],[139.58747,38.16973],[139.5795,38.16492],[139.57703,38.1608],[139.56104,38.15691],[139.55649,38.14852],[139.54563,38.14791],[139.53797,38.15112],[139.52899,38.14926],[139.52053,38.1422],[139.51088,38.14346],[139.50362,38.13477],[139.51409,38.12701],[139.50384,38.12355],[139.50175,38.11608],[139.51231,38.10862],[139.51148,38.09992],[139.5059,38.09976],[139.5009,38.09238],[139.4948,38.09044],[139.48992,38.08473]]]}},{"type":"Feature","properties":{"code":"15586","name":"岩船郡粟島浦村","pref":"新潟県","pref_code":"15","cx":139.24313,"cy":38.4645,"bbox":[139.21495,38.43735,139.26424,38.49098]},"geometry":{"type":"Polygon","coordinates":[[[139.25607,38.49098],[139.23734,38.47466],[139.23852,38.47112],[139.23175,38.46382],[139.22331,38.45859],[139.22502,38.45428],[139.22283,38.44751],[139.21495,38.43748],[139.22646,38.43735],[139.24799,38.45329],[139.25425,38.46208],[139.25378,38.46518],[139.25869,38.48248],[139.26424,38.48892],[139.25607,38.49098]]]}},{"type":"Feature","properties":{"code":"16201","name":"富山市","pref":"富山県","pref_code":"16","cx":137.25446,"cy":36.56813,"bbox":[137.02828,36.37198,137.70547,36.76565]},"geometry":{"type":"Polygon","coordinates":[[[137.31601,36.7586],[137.29509,36.75703],[137.24283,36.76565],[137.2283,36.76156],[137.20464,36.75937],[137.19494,36.76108],[137.18013,36.75796],[137.179,36.74822],[137.16672,36.74323],[137.1512,36.74062],[137.14588,36.72448],[137.13209,36.72516],[137.11908,36.71116],[137.12506,36.69521],[137.12165,36.68603],[137.10774,36.68075],[137.09983,36.68357],[137.08736,36.6591],[137.0802,36.66366],[137.07312,36.6492],[137.0639,36.65682],[137.05166,36.64605],[137.06534,36.63833],[137.05649,36.63009],[137.05375,36.62149],[137.05377,36.6003],[137.03959,36.57997],[137.04078,36.57042],[137.03613,36.54099],[137.03262,36.5331],[137.03459,36.51395],[137.02828,36.50607],[137.05022,36.50307],[137.055,36.47835],[137.05995,36.47067],[137.06428,36.45213],[137.0547,36.43732],[137.06214,36.42698],[137.05612,36.41188],[137.05835,36.39766],[137.05455,36.39292],[137.04703,36.37216],[137.05845,36.37198],[137.07873,36.38431],[137.09488,36.38397],[137.09618,36.3994],[137.10193,36.39919],[137.11151,36.41538],[137.12423,36.42209],[137.14227,36.44315],[137.15486,36.44913],[137.1597,36.45644],[137.17594,36.45103],[137.19089,36.45503],[137.19474,36.44664],[137.21255,36.43023],[137.21319,36.43797],[137.22218,36.44363],[137.23136,36.44426],[137.24761,36.46196],[137.25638,36.45114],[137.26394,36.45841],[137.27777,36.46482],[137.29833,36.45826],[137.30661,36.46388],[137.31678,36.46099],[137.31779,36.45118],[137.31387,36.44167],[137.30515,36.43621],[137.3129,36.42534],[137.31953,36.42446],[137.33862,36.43389],[137.35011,36.43297],[137.358,36.43631],[137.3615,36.45005],[137.38907,36.45726],[137.39487,36.45557],[137.39522,36.4364],[137.41016,36.42463],[137.43601,36.42039],[137.4422,36.41425],[137.45258,36.41602],[137.46083,36.41224],[137.47399,36.42535],[137.49145,36.42357],[137.49696,36.42609],[137.51172,36.42345],[137.51272,36.41638],[137.52026,36.40607],[137.53001,36.40329],[137.5409,36.39144],[137.55951,36.38745],[137.57766,36.39295],[137.59241,36.38967],[137.60536,36.40254],[137.6038,36.40871],[137.6092,36.41791],[137.62262,36.42356],[137.6333,36.42502],[137.63779,36.43137],[137.63991,36.44583],[137.64529,36.45453],[137.65507,36.45873],[137.65664,36.47041],[137.65078,36.48012],[137.652,36.4882],[137.66624,36.49322],[137.66875,36.50946],[137.70547,36.51789],[137.70366,36.52668],[137.69151,36.51967],[137.67229,36.52658],[137.65562,36.51965],[137.6471,36.52486],[137.59968,36.54776],[137.59073,36.55415],[137.57086,36.55571],[137.54314,36.54599],[137.53747,36.54891],[137.52207,36.54465],[137.51098,36.54713],[137.50938,36.55293],[137.48789,36.56525],[137.47438,36.56584],[137.45694,36.57264],[137.43725,36.58507],[137.41891,36.58398],[137.40541,36.5794],[137.37332,36.57222],[137.35992,36.57128],[137.33377,36.57931],[137.31895,36.59211],[137.3177,36.59885],[137.2884,36.63473],[137.28263,36.65161],[137.28329,36.67289],[137.27753,36.69499],[137.29101,36.69826],[137.29318,36.70392],[137.30563,36.71318],[137.31678,36.71217],[137.32134,36.72688],[137.33707,36.72398],[137.33512,36.7342],[137.33877,36.73861],[137.31601,36.7586]]]}},{"type":"Feature","properties":{"code":"16202","name":"高岡市","pref":"富山県","pref_code":"16","cx":136.94106,"cy":36.74409,"bbox":[136.83346,36.65706,137.1039,36.82939]},"geometry":{"type":"Polygon","coordinates":[[[137.06815,36.79391],[137.06809,36.80076],[137.05682,36.8016],[137.0444,36.81406],[137.01677,36.82939],[137.01162,36.82359],[137.01253,36.8156],[137.00027,36.81012],[137.00558,36.80271],[137.01797,36.79717],[137.01311,36.79047],[136.99651,36.79579],[136.98564,36.79427],[136.95865,36.78234],[136.94862,36.78188],[136.9268,36.77001],[136.90921,36.77544],[136.89882,36.77401],[136.88738,36.77758],[136.88414,36.78509],[136.87317,36.78205],[136.85083,36.78693],[136.84325,36.78131],[136.85106,36.76848],[136.84903,36.75901],[136.83909,36.7451],[136.83346,36.74308],[136.84166,36.73602],[136.85753,36.73281],[136.87701,36.71704],[136.88557,36.71618],[136.89072,36.69892],[136.90386,36.70271],[136.91384,36.68702],[136.92379,36.6851],[136.93348,36.6857],[136.95009,36.6799],[136.95672,36.67006],[136.95622,36.66059],[136.96545,36.65971],[136.97801,36.67075],[136.98967,36.66933],[136.98666,36.65706],[137.00751,36.65921],[137.01161,36.6722],[137.04159,36.65822],[137.04711,36.65976],[137.04287,36.67284],[137.03514,36.67938],[137.03877,36.68976],[137.01103,36.69922],[137.03959,36.73095],[137.05096,36.75485],[137.04867,36.76413],[137.05375,36.77227],[137.07948,36.7623],[137.09241,36.76279],[137.1039,36.76972],[137.09246,36.77196],[137.07771,36.7737],[137.07424,36.78105],[137.05889,36.78522],[137.06815,36.79391]]]}},{"type":"Feature","properties":{"code":"16204","name":"魚津市","pref":"富山県","pref_code":"16","cx":137.4802,"cy":36.76811,"bbox":[137.38226,36.67322,137.61042,36.86098]},"geometry":{"type":"Polygon","coordinates":[[[137.59042,36.68119],[137.58595,36.68952],[137.58695,36.69895],[137.59472,36.70271],[137.61042,36.71886],[137.60777,36.73],[137.59933,36.7311],[137.59029,36.73912],[137.58307,36.7533],[137.56326,36.76583],[137.54403,36.77039],[137.53309,36.78164],[137.52122,36.77776],[137.50601,36.78683],[137.5067,36.79562],[137.49953,36.80341],[137.50616,36.81492],[137.50638,36.82403],[137.48653,36.83115],[137.45841,36.83685],[137.45207,36.84096],[137.42996,36.84863],[137.42287,36.85528],[137.40964,36.86098],[137.41142,36.84823],[137.40046,36.8371],[137.39279,36.81921],[137.39281,36.80713],[137.38226,36.80036],[137.39576,36.7861],[137.40188,36.77446],[137.41503,36.75732],[137.42639,36.74747],[137.43462,36.73154],[137.45659,36.70175],[137.47019,36.70366],[137.48224,36.72407],[137.49938,36.72061],[137.51118,36.70602],[137.50793,36.69901],[137.50926,36.68583],[137.51741,36.67873],[137.52614,36.68064],[137.55277,36.67378],[137.5624,36.67578],[137.57992,36.67322],[137.59042,36.68119]]]}},{"type":"Feature","properties":{"code":"16205","name":"氷見市","pref":"富山県","pref_code":"16","cx":136.9302,"cy":36.86592,"bbox":[136.84875,36.77001,137.04762,36.9672]},"geometry":{"type":"Polygon","coordinates":[[[137.01677,36.82939],[137.00664,36.83692],[136.99099,36.85396],[136.98522,36.86916],[136.98508,36.87728],[136.99273,36.879],[137.00295,36.88958],[137.0179,36.91076],[137.02525,36.91392],[137.03261,36.92385],[137.02701,36.93913],[137.04762,36.95612],[137.04545,36.96365],[137.03767,36.96712],[137.00427,36.96144],[136.997,36.96655],[136.98665,36.9672],[136.98149,36.95142],[136.97375,36.94431],[136.95399,36.95596],[136.92762,36.94762],[136.91499,36.93048],[136.89558,36.92472],[136.87898,36.90627],[136.87787,36.8995],[136.88561,36.88519],[136.88303,36.87682],[136.87124,36.86268],[136.86239,36.86033],[136.86328,36.84284],[136.85644,36.83979],[136.86002,36.82908],[136.84875,36.81288],[136.854,36.79518],[136.85083,36.78693],[136.87317,36.78205],[136.88414,36.78509],[136.88738,36.77758],[136.89882,36.77401],[136.90921,36.77544],[136.9268,36.77001],[136.94862,36.78188],[136.95865,36.78234],[136.98564,36.79427],[136.99651,36.79579],[137.01311,36.79047],[137.01797,36.79717],[137.00558,36.80271],[137.00027,36.81012],[137.01253,36.8156],[137.01162,36.82359],[137.01677,36.82939]]]}},{"type":"Feature","properties":{"code":"16206","name":"滑川市","pref":"富山県","pref_code":"16","cx":137.37189,"cy":36.75239,"bbox":[137.31601,36.70546,137.44806,36.80036]},"geometry":{"type":"Polygon","coordinates":[[[137.33877,36.73861],[137.36588,36.72517],[137.38324,36.72413],[137.39077,36.71768],[137.4053,36.7241],[137.41921,36.72109],[137.42614,36.72774],[137.4371,36.71878],[137.43257,36.70749],[137.44093,36.70546],[137.44806,36.71354],[137.43462,36.73154],[137.42639,36.74747],[137.41503,36.75732],[137.40188,36.77446],[137.39576,36.7861],[137.38226,36.80036],[137.3688,36.79419],[137.34973,36.78241],[137.33363,36.76271],[137.31601,36.7586],[137.33877,36.73861]]]}},{"type":"Feature","properties":{"code":"16207","name":"黒部市","pref":"富山県","pref_code":"16","cx":137.63875,"cy":36.77408,"bbox":[137.40964,36.62282,137.76174,36.92221]},"geometry":{"type":"Polygon","coordinates":[[[137.59042,36.68119],[137.61433,36.65524],[137.61952,36.65459],[137.62737,36.63965],[137.64449,36.63931],[137.64692,36.6352],[137.67464,36.63557],[137.68508,36.64494],[137.69205,36.64347],[137.7166,36.62656],[137.72767,36.62282],[137.74678,36.62456],[137.75133,36.62675],[137.75626,36.64689],[137.7535,36.65783],[137.76174,36.66697],[137.75847,36.67615],[137.75974,36.68593],[137.75006,36.70498],[137.7527,36.71933],[137.75097,36.72689],[137.75929,36.74061],[137.75413,36.75403],[137.74693,36.76724],[137.64707,36.83638],[137.64441,36.8511],[137.63176,36.85061],[137.61863,36.86424],[137.6108,36.86648],[137.5951,36.85261],[137.58908,36.8519],[137.5861,36.86365],[137.57322,36.86852],[137.56062,36.87649],[137.5512,36.87559],[137.54155,36.86841],[137.53408,36.87391],[137.52449,36.87507],[137.49985,36.89088],[137.48373,36.89676],[137.4527,36.90367],[137.43867,36.91179],[137.42615,36.92221],[137.40981,36.89881],[137.41898,36.88064],[137.41671,36.8678],[137.40964,36.86098],[137.42287,36.85528],[137.42996,36.84863],[137.45207,36.84096],[137.45841,36.83685],[137.48653,36.83115],[137.50638,36.82403],[137.50616,36.81492],[137.49953,36.80341],[137.5067,36.79562],[137.50601,36.78683],[137.52122,36.77776],[137.53309,36.78164],[137.54403,36.77039],[137.56326,36.76583],[137.58307,36.7533],[137.59029,36.73912],[137.59933,36.7311],[137.60777,36.73],[137.61042,36.71886],[137.59472,36.70271],[137.58695,36.69895],[137.58595,36.68952],[137.59042,36.68119]]]}},{"type":"Feature","properties":{"code":"16208","name":"砺波市","pref":"富山県","pref_code":"16","cx":136.98863,"cy":36.61504,"bbox":[136.90608,36.54099,137.06534,36.6857]},"geometry":{"type":"Polygon","coordinates":[[[137.05166,36.64605],[137.05304,36.6519],[137.04711,36.65976],[137.04159,36.65822],[137.01161,36.6722],[137.00751,36.65921],[136.98666,36.65706],[136.98967,36.66933],[136.97801,36.67075],[136.96545,36.65971],[136.95622,36.66059],[136.95672,36.67006],[136.95009,36.6799],[136.93348,36.6857],[136.92379,36.6851],[136.93367,36.6725],[136.92043,36.67422],[136.91387,36.66509],[136.91761,36.65571],[136.91308,36.65142],[136.9197,36.63875],[136.90719,36.62674],[136.90608,36.62266],[136.90881,36.62136],[136.92323,36.61795],[136.92377,36.61214],[136.94532,36.60515],[136.95733,36.59795],[136.9704,36.58503],[136.97811,36.56902],[136.98977,36.55476],[137.00378,36.54963],[137.0029,36.54401],[137.03613,36.54099],[137.04078,36.57042],[137.03959,36.57997],[137.05377,36.6003],[137.05375,36.62149],[137.05649,36.63009],[137.06534,36.63833],[137.05166,36.64605]]]}},{"type":"Feature","properties":{"code":"16209","name":"小矢部市","pref":"富山県","pref_code":"16","cx":136.86512,"cy":36.66216,"bbox":[136.78346,36.58563,136.93367,36.74308]},"geometry":{"type":"Polygon","coordinates":[[[136.83346,36.74308],[136.82172,36.73998],[136.81986,36.73065],[136.79954,36.73005],[136.78985,36.71746],[136.79888,36.70979],[136.81317,36.703],[136.8111,36.68496],[136.82255,36.68061],[136.81404,36.65924],[136.79976,36.64458],[136.7999,36.6364],[136.78423,36.62705],[136.78346,36.61513],[136.7895,36.60542],[136.79961,36.60923],[136.80117,36.61698],[136.81185,36.61605],[136.80992,36.60441],[136.82356,36.6002],[136.84442,36.58563],[136.8509,36.58697],[136.85221,36.59665],[136.86615,36.60458],[136.90028,36.60212],[136.9091,36.61472],[136.90809,36.62068],[136.90405,36.62379],[136.9197,36.63875],[136.91308,36.65142],[136.91761,36.65571],[136.91387,36.66509],[136.92043,36.67422],[136.93367,36.6725],[136.92379,36.6851],[136.91384,36.68702],[136.90386,36.70271],[136.89072,36.69892],[136.88557,36.71618],[136.87701,36.71704],[136.85753,36.73281],[136.84166,36.73602],[136.83346,36.74308]]]}},{"type":"Feature","properties":{"code":"16210","name":"南砺市","pref":"富山県","pref_code":"16","cx":136.92714,"cy":36.44777,"bbox":[136.76946,36.27588,137.06428,36.62674]},"geometry":{"type":"Polygon","coordinates":[[[137.03613,36.54099],[137.0029,36.54401],[137.00378,36.54963],[136.98977,36.55476],[136.97811,36.56902],[136.9704,36.58503],[136.95733,36.59795],[136.94532,36.60515],[136.92377,36.61214],[136.92323,36.61795],[136.90881,36.62136],[136.90608,36.62266],[136.90719,36.62674],[136.90405,36.62379],[136.90809,36.62068],[136.9091,36.61472],[136.90028,36.60212],[136.86615,36.60458],[136.85221,36.59665],[136.8509,36.58697],[136.84442,36.58563],[136.82356,36.6002],[136.80992,36.60441],[136.81185,36.61605],[136.80117,36.61698],[136.79961,36.60923],[136.7895,36.60542],[136.78831,36.59302],[136.79529,36.58338],[136.79093,36.56981],[136.80244,36.56877],[136.81711,36.55279],[136.81286,36.5381],[136.79511,36.51081],[136.79493,36.49633],[136.80263,36.48473],[136.79555,36.47489],[136.79828,36.46182],[136.78915,36.45452],[136.79521,36.4434],[136.77818,36.43088],[136.76946,36.43071],[136.77124,36.41403],[136.77886,36.41437],[136.79514,36.40126],[136.80059,36.36939],[136.80666,36.36328],[136.80597,36.3554],[136.78719,36.34826],[136.78466,36.34379],[136.78912,36.32487],[136.78836,36.31233],[136.7954,36.30266],[136.82657,36.30258],[136.84249,36.33326],[136.83735,36.34731],[136.84397,36.35109],[136.85165,36.34757],[136.8651,36.34966],[136.86884,36.36388],[136.87605,36.36073],[136.87654,36.34686],[136.89009,36.34556],[136.90747,36.36084],[136.92281,36.35496],[136.93235,36.34848],[136.93964,36.34921],[136.9549,36.33935],[136.96379,36.31924],[136.97112,36.31554],[136.96549,36.29218],[136.95824,36.27768],[136.97618,36.27588],[136.99015,36.28712],[137.00256,36.2869],[137.02125,36.30918],[137.01841,36.31588],[137.03757,36.31744],[137.05228,36.32951],[137.04898,36.34569],[137.062,36.36575],[137.05845,36.37198],[137.04703,36.37216],[137.05455,36.39292],[137.05835,36.39766],[137.05612,36.41188],[137.06214,36.42698],[137.0547,36.43732],[137.06428,36.45213],[137.05995,36.47067],[137.055,36.47835],[137.05022,36.50307],[137.02828,36.50607],[137.03459,36.51395],[137.03262,36.5331],[137.03613,36.54099]]]}},{"type":"Feature","properties":{"code":"16211","name":"射水市","pref":"富山県","pref_code":"16","cx":137.07652,"cy":36.71782,"bbox":[137.01103,36.64605,137.18013,36.79391]},"geometry":{"type":"MultiPolygon","coordinates":[[[[137.18013,36.75796],[137.15584,36.76318],[137.13603,36.77071],[137.13702,36.77542],[137.12192,36.77947],[137.11832,36.76651],[137.1039,36.76972],[137.09241,36.76279],[137.07948,36.7623],[137.05375,36.77227],[137.04867,36.76413],[137.05096,36.75485],[137.03959,36.73095],[137.01103,36.69922],[137.03877,36.68976],[137.03514,36.67938],[137.04287,36.67284],[137.04711,36.65976],[137.05304,36.6519],[137.05166,36.64605],[137.0639,36.65682],[137.07312,36.6492],[137.0802,36.66366],[137.08736,36.6591],[137.09983,36.68357],[137.10774,36.68075],[137.12165,36.68603],[137.12506,36.69521],[137.11908,36.71116],[137.13209,36.72516],[137.14588,36.72448],[137.1512,36.74062],[137.16672,36.74323],[137.179,36.74822],[137.18013,36.75796]]],[[[137.09417,36.77502],[137.10937,36.77289],[137.10799,36.77909],[137.08629,36.78346],[137.06815,36.79391],[137.05889,36.78522],[137.07424,36.78105],[137.07771,36.7737],[137.09246,36.77196],[137.09357,36.77274],[137.09417,36.77502]]]]}},{"type":"Feature","properties":{"code":"16321","name":"中新川郡舟橋村","pref":"富山県","pref_code":"16","cx":137.30539,"cy":36.70042,"bbox":[137.29318,36.68709,137.31678,36.71318]},"geometry":{"type":"Polygon","coordinates":[[[137.29318,36.70392],[137.29999,36.69693],[137.29711,36.68834],[137.30599,36.68709],[137.31651,36.70419],[137.31678,36.71217],[137.30563,36.71318],[137.29318,36.70392]]]}},{"type":"Feature","properties":{"code":"16322","name":"中新川郡上市町","pref":"富山県","pref_code":"16","cx":137.48461,"cy":36.66506,"bbox":[137.31651,36.59201,137.62737,36.73861]},"geometry":{"type":"Polygon","coordinates":[[[137.31678,36.71217],[137.31651,36.70419],[137.32825,36.70506],[137.34284,36.68314],[137.35241,36.68227],[137.36941,36.6569],[137.37763,36.65671],[137.389,36.6432],[137.41346,36.62772],[137.42785,36.62545],[137.4378,36.6161],[137.44172,36.60485],[137.45839,36.60248],[137.47474,36.60876],[137.48737,36.61054],[137.501,36.60744],[137.50206,36.60043],[137.51926,36.60104],[137.53106,36.60765],[137.54051,36.60708],[137.55519,36.59611],[137.57253,36.59924],[137.58436,36.59272],[137.5954,36.59201],[137.60998,36.59936],[137.60805,36.60651],[137.61387,36.61205],[137.61477,36.62096],[137.6232,36.62963],[137.62737,36.63965],[137.61952,36.65459],[137.61433,36.65524],[137.59042,36.68119],[137.57992,36.67322],[137.5624,36.67578],[137.55277,36.67378],[137.52614,36.68064],[137.51741,36.67873],[137.50926,36.68583],[137.50793,36.69901],[137.51118,36.70602],[137.49938,36.72061],[137.48224,36.72407],[137.47019,36.70366],[137.45659,36.70175],[137.44806,36.71354],[137.44093,36.70546],[137.43257,36.70749],[137.4371,36.71878],[137.42614,36.72774],[137.41921,36.72109],[137.4053,36.7241],[137.39077,36.71768],[137.38324,36.72413],[137.36588,36.72517],[137.33877,36.73861],[137.33512,36.7342],[137.33707,36.72398],[137.32134,36.72688],[137.31678,36.71217]]]}},{"type":"Feature","properties":{"code":"16323","name":"中新川郡立山町","pref":"富山県","pref_code":"16","cx":137.37286,"cy":36.6124,"bbox":[137.27753,36.51965,137.7531,36.70506]},"geometry":{"type":"Polygon","coordinates":[[[137.70366,36.52668],[137.70411,36.53676],[137.6846,36.53781],[137.6895,36.55357],[137.68774,36.56207],[137.71321,36.57708],[137.72511,36.5867],[137.74786,36.58685],[137.7531,36.59372],[137.74394,36.61275],[137.74678,36.62456],[137.72767,36.62282],[137.7166,36.62656],[137.69205,36.64347],[137.68508,36.64494],[137.67464,36.63557],[137.64692,36.6352],[137.64449,36.63931],[137.62737,36.63965],[137.6232,36.62963],[137.61477,36.62096],[137.61387,36.61205],[137.60805,36.60651],[137.60998,36.59936],[137.5954,36.59201],[137.58436,36.59272],[137.57253,36.59924],[137.55519,36.59611],[137.54051,36.60708],[137.53106,36.60765],[137.51926,36.60104],[137.50206,36.60043],[137.501,36.60744],[137.48737,36.61054],[137.47474,36.60876],[137.45839,36.60248],[137.44172,36.60485],[137.4378,36.6161],[137.42785,36.62545],[137.41346,36.62772],[137.389,36.6432],[137.37763,36.65671],[137.36941,36.6569],[137.35241,36.68227],[137.34284,36.68314],[137.32825,36.70506],[137.31651,36.70419],[137.30599,36.68709],[137.29711,36.68834],[137.29999,36.69693],[137.29318,36.70392],[137.29101,36.69826],[137.27753,36.69499],[137.28329,36.67289],[137.28263,36.65161],[137.2884,36.63473],[137.3177,36.59885],[137.31895,36.59211],[137.33377,36.57931],[137.35992,36.57128],[137.37332,36.57222],[137.40541,36.5794],[137.41891,36.58398],[137.43725,36.58507],[137.45694,36.57264],[137.47438,36.56584],[137.48789,36.56525],[137.50938,36.55293],[137.51098,36.54713],[137.52207,36.54465],[137.53747,36.54891],[137.54314,36.54599],[137.57086,36.55571],[137.59073,36.55415],[137.59968,36.54776],[137.6471,36.52486],[137.65562,36.51965],[137.67229,36.52658],[137.69151,36.51967],[137.70366,36.52668]]]}},{"type":"Feature","properties":{"code":"16342","name":"下新川郡入善町","pref":"富山県","pref_code":"16","cx":137.50305,"cy":36.90627,"bbox":[137.42615,36.8519,137.6108,36.96106]},"geometry":{"type":"Polygon","coordinates":[[[137.6108,36.86648],[137.59157,36.88753],[137.58306,36.8813],[137.56716,36.88336],[137.55526,36.89305],[137.55874,36.91057],[137.53175,36.90887],[137.52691,36.9258],[137.53126,36.94116],[137.54037,36.94607],[137.54281,36.96106],[137.51035,36.95858],[137.49064,36.95418],[137.46002,36.93846],[137.43599,36.931],[137.42615,36.92221],[137.43867,36.91179],[137.4527,36.90367],[137.48373,36.89676],[137.49985,36.89088],[137.52449,36.87507],[137.53408,36.87391],[137.54155,36.86841],[137.5512,36.87559],[137.56062,36.87649],[137.57322,36.86852],[137.5861,36.86365],[137.58908,36.8519],[137.5951,36.85261],[137.6108,36.86648]]]}},{"type":"Feature","properties":{"code":"16343","name":"下新川郡朝日町","pref":"富山県","pref_code":"16","cx":137.67009,"cy":36.87008,"bbox":[137.52691,36.75403,137.76339,36.9798]},"geometry":{"type":"Polygon","coordinates":[[[137.75413,36.75403],[137.76339,36.76823],[137.74967,36.77971],[137.75429,36.79659],[137.74487,36.81522],[137.73199,36.82364],[137.73444,36.8314],[137.73287,36.84504],[137.73516,36.85519],[137.73207,36.87369],[137.72491,36.8779],[137.71298,36.89376],[137.71257,36.90408],[137.71784,36.9078],[137.72046,36.92669],[137.71337,36.93505],[137.71116,36.94423],[137.68746,36.9432],[137.66621,36.95369],[137.65154,36.96902],[137.63498,36.9798],[137.61157,36.97639],[137.58957,36.97518],[137.57458,36.96413],[137.54281,36.96106],[137.54037,36.94607],[137.53126,36.94116],[137.52691,36.9258],[137.53175,36.90887],[137.55874,36.91057],[137.55526,36.89305],[137.56716,36.88336],[137.58306,36.8813],[137.59157,36.88753],[137.6108,36.86648],[137.61863,36.86424],[137.63176,36.85061],[137.64441,36.8511],[137.64707,36.83638],[137.74693,36.76724],[137.75413,36.75403]]]}},{"type":"Feature","properties":{"code":"17201","name":"金沢市","pref":"石川県","pref_code":"17","cx":136.70498,"cy":36.5072,"bbox":[136.55706,36.33822,136.81711,36.67416]},"geometry":{"type":"Polygon","coordinates":[[[136.78613,36.62961],[136.77978,36.62987],[136.77836,36.63357],[136.77306,36.63475],[136.76792,36.63324],[136.75523,36.63908],[136.75277,36.63546],[136.743,36.6386],[136.73503,36.64247],[136.72634,36.64386],[136.71537,36.64724],[136.71042,36.64672],[136.70334,36.65229],[136.68973,36.66004],[136.69664,36.66811],[136.68599,36.67416],[136.66659,36.65205],[136.65357,36.64403],[136.63284,36.62558],[136.63162,36.62817],[136.62444,36.6332],[136.61824,36.63905],[136.61335,36.63904],[136.60356,36.62806],[136.60851,36.62493],[136.60682,36.62168],[136.60049,36.62054],[136.59432,36.6141],[136.5922,36.61542],[136.58647,36.60929],[136.58812,36.60626],[136.58506,36.59825],[136.56454,36.5772],[136.55706,36.56775],[136.56961,36.56196],[136.57674,36.56286],[136.58005,36.55247],[136.59087,36.54835],[136.59226,36.54515],[136.59453,36.54563],[136.59455,36.55284],[136.60072,36.55487],[136.60514,36.54018],[136.61128,36.54104],[136.61191,36.54605],[136.61714,36.54713],[136.62205,36.54456],[136.62483,36.53747],[136.62204,36.53382],[136.62953,36.5333],[136.63083,36.53137],[136.62838,36.52465],[136.61993,36.52567],[136.61534,36.52326],[136.61511,36.51005],[136.61296,36.50436],[136.61349,36.4967],[136.61991,36.49611],[136.62994,36.48966],[136.63341,36.48517],[136.6435,36.48444],[136.63616,36.47531],[136.64057,36.46999],[136.64655,36.46814],[136.64533,36.46297],[136.64801,36.46107],[136.65034,36.45549],[136.65441,36.45164],[136.65014,36.44888],[136.64861,36.44529],[136.65006,36.43974],[136.65706,36.44037],[136.65813,36.43553],[136.65663,36.42648],[136.66063,36.41825],[136.66549,36.41676],[136.66548,36.41162],[136.66211,36.4059],[136.66571,36.40348],[136.67336,36.40283],[136.67616,36.39923],[136.68282,36.39685],[136.68999,36.38959],[136.70556,36.3922],[136.7103,36.39135],[136.71001,36.38082],[136.71096,36.37811],[136.71593,36.37684],[136.71588,36.37153],[136.72073,36.36877],[136.72769,36.36868],[136.74194,36.36241],[136.74787,36.35513],[136.75555,36.34878],[136.75909,36.34996],[136.77006,36.34613],[136.7708,36.3396],[136.77761,36.33822],[136.78447,36.34228],[136.78719,36.34826],[136.79529,36.34954],[136.79667,36.35205],[136.80597,36.3554],[136.80819,36.35869],[136.80666,36.36328],[136.80059,36.36939],[136.80048,36.38065],[136.7982,36.38418],[136.79514,36.40126],[136.77886,36.41437],[136.77124,36.41403],[136.77165,36.42025],[136.76853,36.42333],[136.76946,36.43071],[136.77438,36.43273],[136.77818,36.43088],[136.78632,36.43842],[136.79521,36.4434],[136.78899,36.44941],[136.78915,36.45452],[136.79828,36.46182],[136.79504,36.46406],[136.79818,36.46886],[136.79555,36.47489],[136.79988,36.48304],[136.80263,36.48473],[136.80252,36.49035],[136.79893,36.49033],[136.79493,36.49633],[136.79709,36.50199],[136.79511,36.51081],[136.80396,36.5225],[136.80765,36.53054],[136.81286,36.5381],[136.81271,36.54089],[136.81679,36.54849],[136.81711,36.55279],[136.81178,36.5606],[136.80784,36.56205],[136.80244,36.56877],[136.79953,36.56994],[136.7926,36.5683],[136.79093,36.56981],[136.794,36.57663],[136.79529,36.58338],[136.79417,36.58988],[136.78831,36.59302],[136.78845,36.60198],[136.79067,36.60438],[136.7861,36.60881],[136.78346,36.61513],[136.78423,36.62705],[136.78613,36.62961]]]}},{"type":"Feature","properties":{"code":"17202","name":"七尾市","pref":"石川県","pref_code":"17","cx":136.98683,"cy":37.13285,"bbox":[136.77634,36.96144,137.05662,37.20101]},"geometry":{"type":"MultiPolygon","coordinates":[[[[137.03775,37.1681],[137.03319,37.16636],[137.02556,37.15846],[137.02426,37.14503],[137.02027,37.14241],[137.01737,37.14429],[137.01375,37.14077],[137.00849,37.1414],[137.00807,37.13722],[137.00079,37.13485],[137.00063,37.13793],[136.99401,37.13892],[136.98893,37.14232],[136.98875,37.14714],[136.9863,37.15105],[136.97987,37.14702],[136.97342,37.15285],[136.96885,37.15456],[136.96742,37.1476],[136.96291,37.14668],[136.96231,37.14284],[136.95525,37.14319],[136.94418,37.14069],[136.94496,37.14466],[136.94014,37.14614],[136.93965,37.14078],[136.93095,37.13788],[136.93166,37.13358],[136.92335,37.13034],[136.92299,37.14162],[136.92489,37.1447],[136.91717,37.14884],[136.91656,37.15293],[136.90677,37.1507],[136.9018,37.15227],[136.90378,37.14451],[136.90195,37.14143],[136.90661,37.13849],[136.90622,37.13356],[136.91008,37.13216],[136.91496,37.13355],[136.91799,37.13156],[136.91864,37.12649],[136.92277,37.12359],[136.93125,37.12263],[136.93494,37.11976],[136.94379,37.10643],[136.94649,37.09893],[136.95104,37.09712],[136.9572,37.10148],[136.96566,37.10456],[136.96854,37.09862],[136.97633,37.0975],[136.97846,37.10433],[136.98768,37.11319],[136.99394,37.11778],[137.00533,37.11739],[137.01432,37.11193],[137.01846,37.11312],[137.02318,37.11153],[137.02615,37.11621],[137.03848,37.11796],[137.04108,37.11713],[137.05003,37.12308],[137.05027,37.12926],[137.04508,37.131],[137.04065,37.13785],[137.04314,37.14443],[137.05335,37.15093],[137.0496,37.15308],[137.04863,37.15824],[137.04079,37.16792],[137.03775,37.1681]]],[[[136.88911,37.16893],[136.88397,37.16987],[136.88253,37.17382],[136.872,37.1793],[136.86348,37.17585],[136.85555,37.17506],[136.85101,37.18383],[136.85094,37.19576],[136.84737,37.19838],[136.83739,37.19938],[136.83136,37.20101],[136.82168,37.19831],[136.81484,37.19371],[136.80936,37.19389],[136.8044,37.18868],[136.80132,37.18289],[136.80043,37.17381],[136.79691,37.16736],[136.78942,37.15858],[136.78507,37.15648],[136.78591,37.15064],[136.78139,37.14449],[136.78222,37.13741],[136.78605,37.13437],[136.78463,37.12719],[136.77932,37.12528],[136.77634,37.11944],[136.78214,37.10997],[136.78605,37.10844],[136.78618,37.10336],[136.78941,37.09804],[136.79826,37.09327],[136.80371,37.09217],[136.81018,37.08514],[136.81086,37.07931],[136.81585,37.08129],[136.81876,37.07866],[136.82806,37.07574],[136.83779,37.07108],[136.83668,37.06596],[136.83221,37.06222],[136.83409,37.05931],[136.84239,37.06221],[136.84402,37.05515],[136.85027,37.05302],[136.85824,37.047],[136.86004,37.04023],[136.85638,37.03703],[136.8531,37.02858],[136.85735,37.02713],[136.85761,37.02288],[136.86192,37.01944],[136.86815,37.01909],[136.88246,37.01628],[136.88828,37.01725],[136.89594,37.01418],[136.91351,37.0155],[136.91807,37.01723],[136.92523,37.00339],[136.92765,36.99632],[136.93801,36.99281],[136.9431,36.99391],[136.95322,36.98724],[136.95578,36.98281],[136.94916,36.97697],[136.96097,36.97173],[136.9691,36.97205],[136.97667,36.97657],[136.98588,36.96516],[136.98665,36.9672],[136.997,36.96655],[137.00427,36.96144],[137.02148,36.96386],[137.02724,36.96243],[137.03767,36.96712],[137.04545,36.96365],[137.05198,36.96226],[137.05662,36.96775],[137.05031,36.97623],[137.05119,36.97979],[137.04874,36.98709],[137.0526,36.99048],[137.05328,36.99483],[137.04725,37.00328],[137.04627,37.01098],[137.05111,37.02012],[137.05082,37.02399],[137.04754,37.02941],[137.04559,37.0377],[137.0489,37.04258],[137.04749,37.0479],[137.05007,37.05331],[137.04916,37.05997],[137.05252,37.0634],[137.05445,37.075],[137.05042,37.08219],[137.05065,37.08806],[137.05285,37.0916],[137.04949,37.10115],[137.05405,37.10647],[137.04195,37.1072],[137.03435,37.10345],[137.0286,37.10341],[137.02144,37.10104],[137.02023,37.09688],[137.01297,37.08992],[137.01036,37.08114],[137.01153,37.07717],[137.00702,37.0766],[137.00241,37.06618],[137.00744,37.06287],[137.00515,37.05709],[137.00013,37.05514],[136.99635,37.05981],[136.98848,37.05637],[136.9904,37.05154],[136.98417,37.04821],[136.97619,37.05316],[136.97561,37.04772],[136.97267,37.04694],[136.96676,37.05121],[136.95567,37.05722],[136.95842,37.05884],[136.9625,37.06727],[136.94041,37.06796],[136.93627,37.07187],[136.93527,37.07887],[136.94073,37.08069],[136.93778,37.08604],[136.93156,37.08746],[136.92826,37.08588],[136.91669,37.09069],[136.9065,37.08886],[136.90357,37.08343],[136.90609,37.07933],[136.90173,37.07372],[136.89741,37.07157],[136.89002,37.07436],[136.88785,37.06832],[136.87373,37.07029],[136.86614,37.07404],[136.86046,37.07548],[136.85951,37.08001],[136.86348,37.08394],[136.87201,37.08776],[136.86897,37.08969],[136.86565,37.09702],[136.86762,37.11103],[136.87387,37.114],[136.88004,37.10961],[136.88355,37.11432],[136.88984,37.11045],[136.89247,37.11245],[136.89598,37.1285],[136.899,37.1314],[136.90039,37.13712],[136.8932,37.13889],[136.89148,37.14354],[136.88655,37.14431],[136.88548,37.13988],[136.87486,37.1406],[136.87813,37.15054],[136.88297,37.1589],[136.88477,37.1648],[136.88978,37.16579],[136.88911,37.16893]]]]}},{"type":"Feature","properties":{"code":"17203","name":"小松市","pref":"石川県","pref_code":"17","cx":136.48511,"cy":36.29505,"bbox":[136.37233,36.14627,136.61207,36.44339]},"geometry":{"type":"Polygon","coordinates":[[[136.57843,36.39388],[136.57468,36.39664],[136.56622,36.39865],[136.55949,36.39423],[136.5521,36.40102],[136.55218,36.40658],[136.54089,36.40936],[136.54074,36.41483],[136.53351,36.41981],[136.52638,36.42877],[136.52309,36.42931],[136.51802,36.42619],[136.50928,36.42509],[136.50848,36.42274],[136.49357,36.42103],[136.48942,36.42461],[136.48761,36.4165],[136.48232,36.41591],[136.48391,36.42394],[136.47878,36.42477],[136.48412,36.43395],[136.48734,36.43502],[136.4884,36.44116],[136.48318,36.43998],[136.48051,36.44339],[136.47385,36.44208],[136.47257,36.43558],[136.44371,36.43506],[136.43117,36.42723],[136.42622,36.43031],[136.41824,36.42279],[136.41394,36.41719],[136.4041,36.40937],[136.38914,36.39637],[136.37233,36.38341],[136.3747,36.38298],[136.3805,36.37702],[136.38471,36.36875],[136.39043,36.36822],[136.39441,36.36412],[136.38735,36.35355],[136.3974,36.34421],[136.4006,36.3402],[136.40874,36.34015],[136.41216,36.33852],[136.41548,36.33333],[136.41716,36.32263],[136.40855,36.31842],[136.40319,36.31392],[136.40445,36.31114],[136.41492,36.30501],[136.41275,36.29973],[136.4155,36.29631],[136.41583,36.29008],[136.41167,36.28525],[136.4158,36.28162],[136.41662,36.27769],[136.42118,36.2761],[136.42027,36.26767],[136.42985,36.26394],[136.44794,36.26543],[136.45399,36.26376],[136.4608,36.26486],[136.46677,36.25592],[136.4759,36.25265],[136.47396,36.24258],[136.47802,36.23637],[136.48485,36.23564],[136.4835,36.22909],[136.48502,36.22374],[136.48486,36.21619],[136.49084,36.20677],[136.49001,36.19337],[136.49109,36.18848],[136.49794,36.18513],[136.4969,36.17015],[136.49562,36.16532],[136.49169,36.15829],[136.49707,36.14967],[136.50304,36.14966],[136.5057,36.14663],[136.51194,36.14627],[136.52153,36.15138],[136.52668,36.14812],[136.53769,36.15038],[136.54143,36.15365],[136.54529,36.15282],[136.55183,36.15491],[136.54996,36.16255],[136.55741,36.1757],[136.55592,36.17796],[136.55747,36.18416],[136.56222,36.19324],[136.56567,36.19641],[136.56741,36.20405],[136.58287,36.21504],[136.58722,36.21412],[136.5937,36.21614],[136.59922,36.23006],[136.598,36.2366],[136.59999,36.24203],[136.60362,36.24595],[136.60233,36.2489],[136.60648,36.25654],[136.61207,36.26008],[136.60889,36.26282],[136.60319,36.26214],[136.59941,36.26409],[136.59443,36.27408],[136.58917,36.27641],[136.58771,36.27916],[136.58126,36.2806],[136.57241,36.28438],[136.56343,36.28378],[136.55728,36.28028],[136.55554,36.28298],[136.5501,36.28342],[136.54935,36.28748],[136.55461,36.29378],[136.5547,36.29633],[136.54943,36.30089],[136.55529,36.3073],[136.55223,36.30926],[136.55057,36.31888],[136.54896,36.32106],[136.55946,36.32728],[136.55824,36.33101],[136.56009,36.33442],[136.56469,36.33279],[136.56947,36.33399],[136.57936,36.34175],[136.58071,36.35733],[136.57671,36.36084],[136.58037,36.36555],[136.58079,36.37043],[136.58685,36.37287],[136.58763,36.3758],[136.57843,36.39388]]]}},{"type":"Feature","properties":{"code":"17204","name":"輪島市","pref":"石川県","pref_code":"17","cx":136.85284,"cy":37.32926,"bbox":[136.69622,37.19158,137.17041,37.85533]},"geometry":{"type":"MultiPolygon","coordinates":[[[[137.13168,37.40253],[137.13974,37.40796],[137.15257,37.40887],[137.15609,37.41437],[137.16186,37.41896],[137.17041,37.42194],[137.16688,37.427],[137.15863,37.42928],[137.15071,37.43003],[137.14236,37.43223],[137.14062,37.43437],[137.13234,37.43664],[137.12853,37.44021],[137.12727,37.44884],[137.13273,37.45426],[137.12699,37.45932],[137.11914,37.4592],[137.10687,37.45355],[137.09674,37.4537],[137.09085,37.46258],[137.0859,37.46596],[137.08158,37.46417],[137.07309,37.45568],[137.05805,37.44962],[137.04824,37.44926],[137.04539,37.44436],[137.02934,37.43274],[137.02437,37.4319],[137.01684,37.43284],[137.00434,37.42867],[137.00197,37.42674],[136.98559,37.4211],[136.97706,37.41661],[136.97439,37.41311],[136.967,37.41281],[136.95523,37.40846],[136.94143,37.40123],[136.92427,37.39499],[136.91401,37.39498],[136.90687,37.39799],[136.9033,37.39747],[136.89915,37.40098],[136.9016,37.40549],[136.89603,37.40672],[136.8944,37.40182],[136.88971,37.40143],[136.87962,37.40628],[136.86838,37.40705],[136.86667,37.40518],[136.84766,37.40169],[136.83045,37.38993],[136.81152,37.3866],[136.80601,37.38225],[136.80294,37.37695],[136.79394,37.37695],[136.77643,37.36833],[136.77307,37.3659],[136.75645,37.3648],[136.75264,37.35419],[136.75637,37.35039],[136.75339,37.346],[136.74548,37.34257],[136.74339,37.34551],[136.7373,37.34433],[136.73983,37.34084],[136.73461,37.33548],[136.72539,37.32816],[136.7217,37.32044],[136.72456,37.31727],[136.72409,37.30973],[136.72763,37.30501],[136.72486,37.29477],[136.73179,37.29283],[136.73501,37.28836],[136.73388,37.2795],[136.72666,37.26508],[136.72088,37.2559],[136.71198,37.24818],[136.70715,37.24891],[136.70309,37.24568],[136.70038,37.2379],[136.70506,37.23109],[136.70134,37.22327],[136.69622,37.21964],[136.70494,37.22007],[136.7087,37.22323],[136.7121,37.22242],[136.71612,37.21797],[136.71417,37.21284],[136.71059,37.2088],[136.71885,37.20626],[136.72482,37.20673],[136.73163,37.20421],[136.73564,37.19819],[136.74648,37.19158],[136.7543,37.19732],[136.76362,37.19754],[136.76574,37.20077],[136.77246,37.20377],[136.78037,37.21322],[136.78625,37.21756],[136.79229,37.2202],[136.78843,37.22575],[136.79494,37.22552],[136.79704,37.23205],[136.80167,37.23353],[136.80263,37.2416],[136.80666,37.24237],[136.80625,37.24667],[136.81227,37.24912],[136.8079,37.25527],[136.81491,37.25865],[136.81713,37.26712],[136.82119,37.25965],[136.83025,37.25308],[136.82695,37.24809],[136.83395,37.24826],[136.83628,37.24322],[136.84176,37.24678],[136.84413,37.2504],[136.84983,37.25172],[136.85298,37.25823],[136.86037,37.2606],[136.86937,37.26854],[136.87344,37.27575],[136.87665,37.2768],[136.89289,37.27203],[136.89702,37.27661],[136.90254,37.27981],[136.91755,37.28234],[136.92836,37.28228],[136.9329,37.28043],[136.93884,37.28288],[136.94293,37.28813],[136.95485,37.2904],[136.95689,37.29476],[136.96686,37.29424],[136.96688,37.2997],[136.97073,37.30312],[136.96289,37.30793],[136.9642,37.31171],[136.96973,37.31553],[136.97132,37.32227],[136.97772,37.32342],[136.97913,37.33036],[136.97138,37.34014],[136.97552,37.34314],[136.975,37.34614],[136.9793,37.34973],[136.97564,37.35238],[136.97496,37.35629],[136.97006,37.36106],[136.97162,37.368],[136.96772,37.37047],[136.97013,37.37757],[136.97525,37.37794],[136.97994,37.38317],[136.98942,37.38528],[136.99199,37.38924],[136.9963,37.39093],[137.00141,37.39551],[137.00572,37.39317],[137.01901,37.39443],[137.02605,37.39016],[137.03317,37.39192],[137.03703,37.38735],[137.04317,37.38634],[137.04424,37.38351],[137.05606,37.37905],[137.06397,37.3872],[137.0627,37.39271],[137.07227,37.39495],[137.08225,37.39281],[137.08521,37.38709],[137.09393,37.38978],[137.09844,37.38652],[137.10471,37.38818],[137.10423,37.39466],[137.10993,37.39745],[137.11606,37.39749],[137.11773,37.40183],[137.12292,37.40035],[137.13168,37.40253]]],[[[136.92196,37.85533],[136.9158,37.85254],[136.91873,37.84966],[136.92444,37.85228],[136.92196,37.85533]]]]}},{"type":"Feature","properties":{"code":"17205","name":"珠洲市","pref":"石川県","pref_code":"17","cx":137.24045,"cy":37.44609,"bbox":[137.0859,37.35476,137.36048,37.53343]},"geometry":{"type":"Polygon","coordinates":[[[137.13168,37.40253],[137.13439,37.39731],[137.13292,37.38965],[137.13652,37.38596],[137.14179,37.38531],[137.14741,37.37757],[137.14702,37.37306],[137.15351,37.36322],[137.15069,37.3592],[137.15392,37.35476],[137.16216,37.35604],[137.16448,37.35825],[137.1804,37.36203],[137.1868,37.36152],[137.20024,37.36641],[137.20766,37.36624],[137.21664,37.36931],[137.22887,37.36919],[137.23595,37.37346],[137.23903,37.37323],[137.23699,37.38464],[137.23761,37.38997],[137.24025,37.39406],[137.24488,37.39724],[137.24398,37.40749],[137.25154,37.42561],[137.25681,37.43136],[137.27412,37.43946],[137.28726,37.44235],[137.29882,37.4429],[137.31149,37.43772],[137.33171,37.43928],[137.34899,37.44333],[137.36048,37.45078],[137.35748,37.46484],[137.34718,37.4732],[137.3403,37.48309],[137.3402,37.48683],[137.34396,37.4944],[137.34645,37.49447],[137.35108,37.50198],[137.3434,37.51072],[137.34604,37.51461],[137.34197,37.51672],[137.32875,37.51938],[137.32639,37.5295],[137.31306,37.52737],[137.30447,37.52828],[137.29884,37.52617],[137.28835,37.52987],[137.28242,37.52704],[137.27805,37.52896],[137.2753,37.53343],[137.26575,37.52824],[137.26351,37.53121],[137.25734,37.52899],[137.25089,37.52493],[137.24606,37.52551],[137.24542,37.52005],[137.23632,37.52015],[137.23347,37.51651],[137.22651,37.51717],[137.21622,37.50877],[137.21028,37.50615],[137.20232,37.50643],[137.18029,37.49957],[137.17269,37.50279],[137.16379,37.50228],[137.14989,37.499],[137.14446,37.499],[137.13143,37.49356],[137.12298,37.4917],[137.11742,37.48704],[137.11152,37.48691],[137.10728,37.48438],[137.10547,37.48],[137.09938,37.47823],[137.09489,37.47866],[137.09162,37.47544],[137.0859,37.46596],[137.09085,37.46258],[137.09674,37.4537],[137.10687,37.45355],[137.11914,37.4592],[137.12699,37.45932],[137.13273,37.45426],[137.12727,37.44884],[137.12853,37.44021],[137.13234,37.43664],[137.14062,37.43437],[137.14236,37.43223],[137.15071,37.43003],[137.15863,37.42928],[137.16688,37.427],[137.17041,37.42194],[137.16186,37.41896],[137.15609,37.41437],[137.15257,37.40887],[137.13974,37.40796],[137.13168,37.40253]]]}},{"type":"Feature","properties":{"code":"17206","name":"加賀市","pref":"石川県","pref_code":"17","cx":136.38175,"cy":36.25896,"bbox":[136.24386,36.13629,136.49794,36.38341]},"geometry":{"type":"Polygon","coordinates":[[[136.37233,36.38341],[136.34543,36.36475],[136.33656,36.36022],[136.32164,36.35449],[136.3137,36.35261],[136.30777,36.35302],[136.29964,36.3517],[136.29175,36.34553],[136.28865,36.33734],[136.28151,36.33198],[136.27813,36.32583],[136.27902,36.32337],[136.268,36.31215],[136.25754,36.30405],[136.24928,36.29959],[136.24386,36.2953],[136.24925,36.29176],[136.25859,36.28932],[136.25677,36.2867],[136.2562,36.27991],[136.25985,36.2779],[136.26153,36.27336],[136.26827,36.26927],[136.26919,36.26638],[136.27507,36.26618],[136.28949,36.26041],[136.29465,36.26075],[136.30211,36.25752],[136.30494,36.25047],[136.30842,36.24682],[136.3153,36.24588],[136.31762,36.24078],[136.31668,36.23508],[136.32326,36.23167],[136.32698,36.23221],[136.3324,36.22959],[136.32901,36.2243],[136.33118,36.21838],[136.32787,36.2099],[136.32964,36.20167],[136.33696,36.19079],[136.33567,36.18487],[136.33761,36.18373],[136.34412,36.17298],[136.3551,36.16884],[136.35797,36.16514],[136.36592,36.16616],[136.3689,36.16983],[136.37402,36.17004],[136.37967,36.16827],[136.39071,36.16753],[136.3977,36.17053],[136.40482,36.17028],[136.40931,36.17223],[136.41327,36.16695],[136.41164,36.16008],[136.41429,36.15662],[136.42419,36.15458],[136.42681,36.1489],[136.43176,36.14347],[136.43784,36.14232],[136.44061,36.13726],[136.44881,36.14069],[136.45651,36.13629],[136.46445,36.13793],[136.47006,36.14543],[136.47413,36.14662],[136.47707,36.15144],[136.48334,36.15686],[136.48805,36.15914],[136.49169,36.15829],[136.49562,36.16532],[136.4969,36.17015],[136.49794,36.18513],[136.49109,36.18848],[136.49001,36.19337],[136.49084,36.20677],[136.48486,36.21619],[136.48502,36.22374],[136.4835,36.22909],[136.48485,36.23564],[136.47802,36.23637],[136.47396,36.24258],[136.4759,36.25265],[136.46677,36.25592],[136.4608,36.26486],[136.45399,36.26376],[136.44794,36.26543],[136.42985,36.26394],[136.42027,36.26767],[136.42118,36.2761],[136.41662,36.27769],[136.4158,36.28162],[136.41167,36.28525],[136.41583,36.29008],[136.4155,36.29631],[136.41275,36.29973],[136.41492,36.30501],[136.40445,36.31114],[136.40319,36.31392],[136.40855,36.31842],[136.41716,36.32263],[136.41548,36.33333],[136.41216,36.33852],[136.40874,36.34015],[136.4006,36.3402],[136.3974,36.34421],[136.38735,36.35355],[136.39441,36.36412],[136.39043,36.36822],[136.38471,36.36875],[136.3805,36.37702],[136.3747,36.38298],[136.37233,36.38341]]]}},{"type":"Feature","properties":{"code":"17207","name":"羽咋市","pref":"石川県","pref_code":"17","cx":136.82216,"cy":36.9149,"bbox":[136.74996,36.86479,136.88567,36.96587]},"geometry":{"type":"Polygon","coordinates":[[[136.82553,36.94907],[136.81816,36.94284],[136.80843,36.94083],[136.80827,36.94301],[136.80141,36.94821],[136.79521,36.94761],[136.79658,36.95166],[136.79489,36.95784],[136.80234,36.96278],[136.80053,36.96484],[136.79337,36.96587],[136.78911,36.96243],[136.79105,36.95798],[136.7943,36.95783],[136.79618,36.95191],[136.79371,36.94597],[136.79103,36.94618],[136.78269,36.955],[136.78362,36.959],[136.77702,36.96465],[136.76845,36.96368],[136.76624,36.95687],[136.75887,36.95042],[136.76206,36.94486],[136.75823,36.94022],[136.75149,36.93472],[136.74996,36.92722],[136.75357,36.92376],[136.75701,36.92413],[136.76386,36.92092],[136.76735,36.91362],[136.76746,36.90258],[136.76293,36.88275],[136.75793,36.86611],[136.77744,36.86659],[136.78442,36.86479],[136.7855,36.86767],[136.7836,36.87301],[136.79083,36.8738],[136.79205,36.8821],[136.79919,36.8912],[136.80094,36.88757],[136.81424,36.88791],[136.81895,36.88878],[136.82619,36.88762],[136.82882,36.88148],[136.83433,36.87685],[136.83271,36.87321],[136.8361,36.8711],[136.84434,36.87162],[136.84768,36.87316],[136.8577,36.87306],[136.86313,36.87078],[136.86826,36.87096],[136.8734,36.86765],[136.87611,36.86772],[136.88303,36.87682],[136.88209,36.88086],[136.88561,36.88519],[136.88137,36.88833],[136.87901,36.89273],[136.87787,36.8995],[136.87898,36.90627],[136.88274,36.90895],[136.88567,36.91379],[136.87917,36.91317],[136.87655,36.91602],[136.87734,36.92074],[136.87351,36.92792],[136.86711,36.93219],[136.86539,36.93634],[136.85343,36.93818],[136.8544,36.94633],[136.84166,36.94187],[136.82907,36.94294],[136.82553,36.94907]]]}},{"type":"Feature","properties":{"code":"17209","name":"かほく市","pref":"石川県","pref_code":"17","cx":136.72608,"cy":36.73384,"bbox":[136.66942,36.68227,136.81662,36.79214]},"geometry":{"type":"Polygon","coordinates":[[[136.81662,36.7675],[136.8097,36.77281],[136.80337,36.77284],[136.79033,36.77466],[136.78964,36.77947],[136.78484,36.77814],[136.78112,36.77964],[136.77945,36.78548],[136.77678,36.78681],[136.76212,36.78647],[136.75457,36.7839],[136.74985,36.78486],[136.74876,36.79161],[136.74191,36.79214],[136.73394,36.78934],[136.72428,36.78986],[136.6994,36.74671],[136.6749,36.70851],[136.66942,36.70103],[136.68192,36.69576],[136.68705,36.69449],[136.682,36.68846],[136.69297,36.68227],[136.69504,36.68502],[136.6957,36.69468],[136.70058,36.69419],[136.701,36.69943],[136.71029,36.69953],[136.72156,36.70089],[136.72979,36.69921],[136.73502,36.70156],[136.73831,36.70986],[136.74423,36.71197],[136.74536,36.71606],[136.74259,36.71842],[136.75227,36.72273],[136.75582,36.72832],[136.76621,36.73935],[136.76184,36.74323],[136.76159,36.74832],[136.76367,36.75368],[136.76654,36.75397],[136.7704,36.75849],[136.78274,36.75426],[136.79377,36.76063],[136.80329,36.7632],[136.81662,36.76499],[136.81662,36.7675]]]}},{"type":"Feature","properties":{"code":"17210","name":"白山市","pref":"石川県","pref_code":"17","cx":136.6706,"cy":36.31741,"bbox":[136.4651,36.06723,136.85172,36.56775]},"geometry":{"type":"Polygon","coordinates":[[[136.61349,36.4967],[136.60782,36.49864],[136.59823,36.4977],[136.59751,36.50267],[136.59172,36.50237],[136.58935,36.51004],[136.59345,36.51381],[136.59538,36.52491],[136.59134,36.52692],[136.59049,36.53241],[136.58556,36.53142],[136.58521,36.53687],[136.59187,36.53688],[136.59437,36.54113],[136.59087,36.54835],[136.58005,36.55247],[136.57674,36.56286],[136.56961,36.56196],[136.55706,36.56775],[136.55197,36.56333],[136.53211,36.54165],[136.5245,36.53628],[136.52595,36.53472],[136.51367,36.5215],[136.51103,36.51988],[136.49256,36.501],[136.48734,36.49755],[136.47946,36.49012],[136.4804,36.48823],[136.47217,36.48121],[136.4651,36.4718],[136.47546,36.46577],[136.48072,36.46821],[136.48922,36.47956],[136.49316,36.48201],[136.50677,36.47764],[136.51888,36.47768],[136.5249,36.47377],[136.53212,36.47205],[136.53761,36.47562],[136.54118,36.47578],[136.54298,36.48184],[136.55419,36.47942],[136.56512,36.47413],[136.57995,36.46795],[136.58991,36.46924],[136.5938,36.46675],[136.60125,36.4582],[136.61211,36.4556],[136.61984,36.44964],[136.62234,36.44281],[136.63194,36.43756],[136.63001,36.43054],[136.62629,36.43041],[136.62282,36.42601],[136.62084,36.41655],[136.6116,36.40553],[136.60557,36.4054],[136.60278,36.40222],[136.60122,36.39482],[136.59317,36.39237],[136.59069,36.38858],[136.58263,36.39458],[136.57843,36.39388],[136.58763,36.3758],[136.58685,36.37287],[136.58079,36.37043],[136.58037,36.36555],[136.57671,36.36084],[136.58071,36.35733],[136.57936,36.34175],[136.56947,36.33399],[136.56469,36.33279],[136.56009,36.33442],[136.55824,36.33101],[136.55946,36.32728],[136.54896,36.32106],[136.55057,36.31888],[136.55223,36.30926],[136.55529,36.3073],[136.54943,36.30089],[136.5547,36.29633],[136.55461,36.29378],[136.54935,36.28748],[136.5501,36.28342],[136.55554,36.28298],[136.55728,36.28028],[136.56343,36.28378],[136.57241,36.28438],[136.58126,36.2806],[136.58771,36.27916],[136.58917,36.27641],[136.59443,36.27408],[136.59941,36.26409],[136.60319,36.26214],[136.60889,36.26282],[136.61207,36.26008],[136.60648,36.25654],[136.60233,36.2489],[136.60362,36.24595],[136.59999,36.24203],[136.598,36.2366],[136.59922,36.23006],[136.5937,36.21614],[136.58722,36.21412],[136.58287,36.21504],[136.56741,36.20405],[136.56567,36.19641],[136.56222,36.19324],[136.55747,36.18416],[136.55592,36.17796],[136.55741,36.1757],[136.54996,36.16255],[136.55183,36.15491],[136.56009,36.15301],[136.56285,36.14637],[136.57632,36.14223],[136.58171,36.13633],[136.58486,36.13595],[136.59048,36.13122],[136.59537,36.13207],[136.60341,36.12794],[136.60443,36.12218],[136.61227,36.11682],[136.61143,36.11276],[136.61473,36.10831],[136.62217,36.10646],[136.63226,36.09941],[136.64207,36.09807],[136.64551,36.09476],[136.65134,36.09223],[136.65335,36.08645],[136.65682,36.08457],[136.65497,36.07775],[136.65775,36.07442],[136.65902,36.06891],[136.66229,36.06763],[136.67424,36.06723],[136.67852,36.07054],[136.6956,36.07444],[136.69905,36.07388],[136.7071,36.07956],[136.71533,36.08207],[136.72476,36.08235],[136.73248,36.08038],[136.73882,36.08039],[136.7453,36.08515],[136.75478,36.08694],[136.75397,36.0902],[136.75641,36.09494],[136.75618,36.09911],[136.76544,36.106],[136.77055,36.11575],[136.76958,36.11778],[136.7725,36.12616],[136.77862,36.12959],[136.78073,36.14138],[136.77583,36.14391],[136.7755,36.14773],[136.77183,36.15502],[136.77351,36.15721],[136.76599,36.16088],[136.76842,36.16418],[136.77388,36.16424],[136.77731,36.16642],[136.78644,36.16619],[136.7926,36.17054],[136.79841,36.17256],[136.80017,36.1771],[136.79944,36.18131],[136.80288,36.1879],[136.80555,36.18903],[136.81068,36.19619],[136.81867,36.20109],[136.82099,36.21074],[136.83168,36.21767],[136.83229,36.22361],[136.83588,36.2265],[136.84385,36.2368],[136.84776,36.24617],[136.85172,36.24807],[136.8504,36.25192],[136.84525,36.25337],[136.84402,36.25762],[136.83355,36.26486],[136.81458,36.2664],[136.8144,36.27031],[136.806,36.27581],[136.80612,36.28364],[136.80086,36.29034],[136.79546,36.29249],[136.7923,36.2985],[136.78836,36.31233],[136.79063,36.31593],[136.78912,36.32487],[136.78375,36.32924],[136.78686,36.33327],[136.78447,36.34228],[136.77761,36.33822],[136.7708,36.3396],[136.77006,36.34613],[136.75909,36.34996],[136.75555,36.34878],[136.74787,36.35513],[136.74194,36.36241],[136.72769,36.36868],[136.72073,36.36877],[136.71588,36.37153],[136.71593,36.37684],[136.71096,36.37811],[136.71001,36.38082],[136.7103,36.39135],[136.70556,36.3922],[136.68999,36.38959],[136.68282,36.39685],[136.67616,36.39923],[136.67336,36.40283],[136.66571,36.40348],[136.66211,36.4059],[136.66548,36.41162],[136.66549,36.41676],[136.66063,36.41825],[136.65663,36.42648],[136.65813,36.43553],[136.65706,36.44037],[136.65006,36.43974],[136.64861,36.44529],[136.65014,36.44888],[136.65441,36.45164],[136.65034,36.45549],[136.64801,36.46107],[136.64533,36.46297],[136.64655,36.46814],[136.64057,36.46999],[136.63616,36.47531],[136.6435,36.48444],[136.63341,36.48517],[136.62994,36.48966],[136.61991,36.49611],[136.61349,36.4967]]]}},{"type":"Feature","properties":{"code":"17211","name":"能美市","pref":"石川県","pref_code":"17","cx":136.55377,"cy":36.42981,"bbox":[136.42622,36.38858,136.63194,36.4718]},"geometry":{"type":"Polygon","coordinates":[[[136.57843,36.39388],[136.58263,36.39458],[136.59069,36.38858],[136.59317,36.39237],[136.60122,36.39482],[136.60278,36.40222],[136.60557,36.4054],[136.6116,36.40553],[136.62084,36.41655],[136.62282,36.42601],[136.62629,36.43041],[136.63001,36.43054],[136.63194,36.43756],[136.62234,36.44281],[136.61984,36.44964],[136.61211,36.4556],[136.60125,36.4582],[136.58086,36.46015],[136.5493,36.46091],[136.52358,36.46224],[136.52361,36.46621],[136.5191,36.46788],[136.51081,36.46744],[136.49313,36.46095],[136.48881,36.46204],[136.48072,36.46821],[136.47546,36.46577],[136.4651,36.4718],[136.44922,36.45392],[136.44374,36.44908],[136.43642,36.44015],[136.42622,36.43031],[136.43117,36.42723],[136.44371,36.43506],[136.47257,36.43558],[136.47385,36.44208],[136.48051,36.44339],[136.48318,36.43998],[136.4884,36.44116],[136.48734,36.43502],[136.48412,36.43395],[136.47878,36.42477],[136.48391,36.42394],[136.48232,36.41591],[136.48761,36.4165],[136.48942,36.42461],[136.49357,36.42103],[136.50848,36.42274],[136.50928,36.42509],[136.51802,36.42619],[136.52309,36.42931],[136.52638,36.42877],[136.53351,36.41981],[136.54074,36.41483],[136.54089,36.40936],[136.55218,36.40658],[136.5521,36.40102],[136.55949,36.39423],[136.56622,36.39865],[136.57468,36.39664],[136.57843,36.39388]]]}},{"type":"Feature","properties":{"code":"17212","name":"野々市市","pref":"石川県","pref_code":"17","cx":136.61079,"cy":36.52629,"bbox":[136.58521,36.4967,136.63083,36.55487]},"geometry":{"type":"Polygon","coordinates":[[[136.59226,36.54515],[136.59437,36.54113],[136.59187,36.53688],[136.58521,36.53687],[136.58556,36.53142],[136.59049,36.53241],[136.59134,36.52692],[136.59538,36.52491],[136.59345,36.51381],[136.58935,36.51004],[136.59172,36.50237],[136.59751,36.50267],[136.59823,36.4977],[136.60782,36.49864],[136.61349,36.4967],[136.61296,36.50436],[136.61511,36.51005],[136.61534,36.52326],[136.61993,36.52567],[136.62838,36.52465],[136.63083,36.53137],[136.62953,36.5333],[136.62204,36.53382],[136.62483,36.53747],[136.62205,36.54456],[136.61714,36.54713],[136.61191,36.54605],[136.61128,36.54104],[136.60514,36.54018],[136.60072,36.55487],[136.59455,36.55284],[136.59453,36.54563],[136.59226,36.54515]]]}},{"type":"Feature","properties":{"code":"17324","name":"能美郡川北町","pref":"石川県","pref_code":"17","cx":136.52802,"cy":36.47064,"bbox":[136.48072,36.4582,136.60125,36.48201]},"geometry":{"type":"Polygon","coordinates":[[[136.48072,36.46821],[136.48881,36.46204],[136.49313,36.46095],[136.51081,36.46744],[136.5191,36.46788],[136.52361,36.46621],[136.52358,36.46224],[136.5493,36.46091],[136.58086,36.46015],[136.60125,36.4582],[136.5938,36.46675],[136.58991,36.46924],[136.57995,36.46795],[136.56512,36.47413],[136.55419,36.47942],[136.54298,36.48184],[136.54118,36.47578],[136.53761,36.47562],[136.53212,36.47205],[136.5249,36.47377],[136.51888,36.47768],[136.50677,36.47764],[136.49316,36.48201],[136.48922,36.47956],[136.48072,36.46821]]]}},{"type":"Feature","properties":{"code":"17361","name":"河北郡津幡町","pref":"石川県","pref_code":"17","cx":136.77138,"cy":36.7066,"bbox":[136.68599,36.62961,136.84512,36.77992]},"geometry":{"type":"Polygon","coordinates":[[[136.78613,36.62961],[136.79388,36.63105],[136.7999,36.6364],[136.79976,36.64458],[136.80128,36.64712],[136.80755,36.64801],[136.80723,36.65312],[136.81109,36.65873],[136.81404,36.65924],[136.81863,36.6676],[136.82378,36.66971],[136.82056,36.67496],[136.82255,36.68061],[136.81759,36.68543],[136.8111,36.68496],[136.81137,36.69318],[136.81389,36.69877],[136.81317,36.703],[136.80755,36.70465],[136.80395,36.70855],[136.79888,36.70979],[136.79347,36.71555],[136.78985,36.71746],[136.79388,36.72221],[136.79377,36.72697],[136.79954,36.73005],[136.80685,36.72823],[136.80799,36.73002],[136.81986,36.73065],[136.82172,36.73998],[136.82486,36.74195],[136.8331,36.7422],[136.83909,36.7451],[136.84512,36.75568],[136.83403,36.76268],[136.83341,36.77345],[136.83099,36.77992],[136.82813,36.77923],[136.82447,36.77271],[136.81662,36.7675],[136.81662,36.76499],[136.80329,36.7632],[136.79377,36.76063],[136.78274,36.75426],[136.7704,36.75849],[136.76654,36.75397],[136.76367,36.75368],[136.76159,36.74832],[136.76184,36.74323],[136.76621,36.73935],[136.75582,36.72832],[136.75227,36.72273],[136.74259,36.71842],[136.74536,36.71606],[136.74423,36.71197],[136.73831,36.70986],[136.73502,36.70156],[136.72979,36.69921],[136.72156,36.70089],[136.71029,36.69953],[136.701,36.69943],[136.70058,36.69419],[136.6957,36.69468],[136.69504,36.68502],[136.68599,36.67416],[136.69664,36.66811],[136.68973,36.66004],[136.70334,36.65229],[136.71042,36.64672],[136.71537,36.64724],[136.72634,36.64386],[136.73503,36.64247],[136.743,36.6386],[136.75277,36.63546],[136.75523,36.63908],[136.76792,36.63324],[136.77306,36.63475],[136.77836,36.63357],[136.77978,36.62987],[136.78613,36.62961]]]}},{"type":"Feature","properties":{"code":"17365","name":"河北郡内灘町","pref":"石川県","pref_code":"17","cx":136.6613,"cy":36.66614,"bbox":[136.61824,36.62558,136.69297,36.70103]},"geometry":{"type":"Polygon","coordinates":[[[136.68599,36.67416],[136.69297,36.68227],[136.682,36.68846],[136.68705,36.69449],[136.68192,36.69576],[136.66942,36.70103],[136.66368,36.69236],[136.63752,36.65811],[136.62602,36.6452],[136.61824,36.63905],[136.62444,36.6332],[136.63162,36.62817],[136.63284,36.62558],[136.65357,36.64403],[136.66659,36.65205],[136.68599,36.67416]]]}},{"type":"Feature","properties":{"code":"17384","name":"羽咋郡志賀町","pref":"石川県","pref_code":"17","cx":136.76677,"cy":37.08322,"bbox":[136.66946,36.94083,136.86004,37.2274]},"geometry":{"type":"Polygon","coordinates":[[[136.82168,37.19831],[136.8231,37.20138],[136.81884,37.20811],[136.82456,37.21234],[136.8257,37.21653],[136.82113,37.21856],[136.82143,37.22572],[136.81464,37.2274],[136.80837,37.22489],[136.80114,37.21933],[136.79229,37.2202],[136.78625,37.21756],[136.78037,37.21322],[136.77246,37.20377],[136.76574,37.20077],[136.76362,37.19754],[136.7543,37.19732],[136.74648,37.19158],[136.73564,37.19819],[136.73163,37.20421],[136.72482,37.20673],[136.71885,37.20626],[136.71059,37.2088],[136.71417,37.21284],[136.71612,37.21797],[136.7121,37.22242],[136.7087,37.22323],[136.70494,37.22007],[136.69622,37.21964],[136.694,37.21509],[136.68846,37.21387],[136.68022,37.20721],[136.6778,37.19972],[136.68232,37.19577],[136.67864,37.1916],[136.67535,37.18442],[136.67676,37.17588],[136.67295,37.16977],[136.67655,37.1664],[136.67332,37.15521],[136.66946,37.14722],[136.67418,37.13919],[136.67816,37.13781],[136.68458,37.14099],[136.68693,37.13786],[136.69537,37.13938],[136.69825,37.14599],[136.7019,37.14862],[136.71105,37.14838],[136.71869,37.14442],[136.72743,37.13515],[136.72685,37.12039],[136.72552,37.11563],[136.72747,37.10608],[136.72943,37.10313],[136.72938,37.09727],[136.72738,37.09314],[136.72132,37.08633],[136.72629,37.08566],[136.71836,37.07954],[136.71875,37.07158],[136.72171,37.068],[136.72183,37.05781],[136.72658,37.05055],[136.73379,37.04952],[136.73359,37.04225],[136.73875,37.0392],[136.73891,37.03253],[136.74084,37.03006],[136.74661,37.02926],[136.74233,37.01734],[136.74342,37.01204],[136.75095,37.01078],[136.75316,37.00665],[136.76247,37.00488],[136.76931,36.99908],[136.77018,36.99308],[136.76697,36.98647],[136.77041,36.98133],[136.76845,36.96368],[136.77702,36.96465],[136.78362,36.959],[136.78269,36.955],[136.79103,36.94618],[136.79371,36.94597],[136.79618,36.95191],[136.7943,36.95783],[136.79105,36.95798],[136.78911,36.96243],[136.79337,36.96587],[136.80053,36.96484],[136.80234,36.96278],[136.79489,36.95784],[136.79658,36.95166],[136.79521,36.94761],[136.80141,36.94821],[136.80827,36.94301],[136.80843,36.94083],[136.81816,36.94284],[136.82553,36.94907],[136.83307,36.95088],[136.84244,36.95892],[136.85083,36.96362],[136.84433,36.97819],[136.84225,36.98784],[136.84333,36.99466],[136.84937,37.00393],[136.85084,37.02385],[136.85638,37.03703],[136.86004,37.04023],[136.85824,37.047],[136.85027,37.05302],[136.84402,37.05515],[136.84239,37.06221],[136.83409,37.05931],[136.83221,37.06222],[136.83668,37.06596],[136.83779,37.07108],[136.82806,37.07574],[136.81876,37.07866],[136.81585,37.08129],[136.81086,37.07931],[136.81018,37.08514],[136.80371,37.09217],[136.79826,37.09327],[136.78941,37.09804],[136.78618,37.10336],[136.78605,37.10844],[136.78214,37.10997],[136.77634,37.11944],[136.77932,37.12528],[136.78463,37.12719],[136.78605,37.13437],[136.78222,37.13741],[136.78139,37.14449],[136.78591,37.15064],[136.78507,37.15648],[136.78942,37.15858],[136.79691,37.16736],[136.80043,37.17381],[136.80132,37.18289],[136.8044,37.18868],[136.80936,37.19389],[136.81484,37.19371],[136.82168,37.19831]]]}},{"type":"Feature","properties":{"code":"17386","name":"羽咋郡宝達志水町","pref":"石川県","pref_code":"17","cx":136.7969,"cy":36.81998,"bbox":[136.72428,36.75568,136.8734,36.8912]},"geometry":{"type":"Polygon","coordinates":[[[136.75793,36.86611],[136.75257,36.84889],[136.74359,36.82708],[136.73525,36.81011],[136.72428,36.78986],[136.73394,36.78934],[136.74191,36.79214],[136.74876,36.79161],[136.74985,36.78486],[136.75457,36.7839],[136.76212,36.78647],[136.77678,36.78681],[136.77945,36.78548],[136.78112,36.77964],[136.78484,36.77814],[136.78964,36.77947],[136.79033,36.77466],[136.80337,36.77284],[136.8097,36.77281],[136.81662,36.7675],[136.82447,36.77271],[136.82813,36.77923],[136.83099,36.77992],[136.83341,36.77345],[136.83403,36.76268],[136.84512,36.75568],[136.84903,36.75901],[136.85106,36.76848],[136.84874,36.77627],[136.84325,36.78131],[136.85044,36.78663],[136.854,36.79518],[136.85042,36.80181],[136.84875,36.81288],[136.86002,36.82908],[136.85644,36.83979],[136.86328,36.84284],[136.862,36.84785],[136.86695,36.8506],[136.86112,36.85482],[136.86239,36.86033],[136.87124,36.86268],[136.8734,36.86765],[136.86826,36.87096],[136.86313,36.87078],[136.8577,36.87306],[136.84768,36.87316],[136.84434,36.87162],[136.8361,36.8711],[136.83271,36.87321],[136.83433,36.87685],[136.82882,36.88148],[136.82619,36.88762],[136.81895,36.88878],[136.81424,36.88791],[136.80094,36.88757],[136.79919,36.8912],[136.79205,36.8821],[136.79083,36.8738],[136.7836,36.87301],[136.7855,36.86767],[136.78442,36.86479],[136.77744,36.86659],[136.75793,36.86611]]]}},{"type":"Feature","properties":{"code":"17407","name":"鹿島郡中能登町","pref":"石川県","pref_code":"17","cx":136.91596,"cy":36.96844,"bbox":[136.82553,36.91317,136.98588,37.02858]},"geometry":{"type":"Polygon","coordinates":[[[136.8531,37.02858],[136.85084,37.02385],[136.84937,37.00393],[136.84333,36.99466],[136.84225,36.98784],[136.84433,36.97819],[136.85083,36.96362],[136.84244,36.95892],[136.83307,36.95088],[136.82553,36.94907],[136.82907,36.94294],[136.84166,36.94187],[136.8544,36.94633],[136.85343,36.93818],[136.86539,36.93634],[136.86711,36.93219],[136.87351,36.92792],[136.87734,36.92074],[136.87655,36.91602],[136.87917,36.91317],[136.88567,36.91379],[136.89156,36.91803],[136.89558,36.92472],[136.90584,36.92648],[136.90836,36.92921],[136.91499,36.93048],[136.92243,36.93749],[136.92734,36.94418],[136.92762,36.94762],[136.9319,36.95041],[136.93765,36.95142],[136.94876,36.95552],[136.95399,36.95596],[136.96332,36.94872],[136.97113,36.94743],[136.97375,36.94431],[136.98149,36.95142],[136.98588,36.96516],[136.97667,36.97657],[136.9691,36.97205],[136.96097,36.97173],[136.94916,36.97697],[136.95578,36.98281],[136.95322,36.98724],[136.9431,36.99391],[136.93801,36.99281],[136.92765,36.99632],[136.92523,37.00339],[136.91807,37.01723],[136.91351,37.0155],[136.89594,37.01418],[136.88828,37.01725],[136.88246,37.01628],[136.86815,37.01909],[136.86192,37.01944],[136.85761,37.02288],[136.85735,37.02713],[136.8531,37.02858]]]}},{"type":"Feature","properties":{"code":"17461","name":"鳳珠郡穴水町","pref":"石川県","pref_code":"17","cx":136.93756,"cy":37.23866,"bbox":[136.78843,37.16893,137.08328,37.30524]},"geometry":{"type":"Polygon","coordinates":[[[136.88911,37.16893],[136.89564,37.17483],[136.89675,37.17802],[136.90433,37.18514],[136.90586,37.1912],[136.91236,37.19369],[136.90999,37.199],[136.91426,37.20044],[136.92051,37.20499],[136.92585,37.2018],[136.93013,37.2062],[136.92332,37.20982],[136.92035,37.21502],[136.90811,37.22049],[136.91716,37.2267],[136.917,37.22277],[136.92339,37.21958],[136.92712,37.22195],[136.93413,37.2229],[136.92439,37.22842],[136.9272,37.2298],[136.93747,37.22986],[136.93786,37.22584],[136.94532,37.22734],[136.95416,37.23508],[136.96043,37.23655],[136.96551,37.23225],[136.95862,37.23019],[136.951,37.2217],[136.95891,37.21293],[136.95974,37.20835],[136.96327,37.2046],[136.97109,37.20098],[136.98083,37.20367],[136.99123,37.19971],[136.99806,37.19344],[136.99954,37.18972],[137.00337,37.18875],[137.00591,37.18367],[137.01214,37.18524],[137.01856,37.18878],[137.02626,37.18802],[137.02907,37.195],[137.02947,37.20189],[137.02543,37.2044],[137.03479,37.20656],[137.04327,37.2071],[137.04479,37.2092],[137.05201,37.21084],[137.05653,37.20822],[137.06023,37.21291],[137.06943,37.21811],[137.06673,37.22301],[137.06796,37.23153],[137.07082,37.23315],[137.07362,37.24077],[137.07782,37.24556],[137.08328,37.24815],[137.07729,37.24981],[137.07505,37.25344],[137.06298,37.25642],[137.06124,37.26019],[137.05072,37.26113],[137.04784,37.25348],[137.04217,37.24926],[137.03218,37.2519],[137.01676,37.2497],[137.01238,37.25785],[137.01198,37.26507],[137.00505,37.26431],[137.00432,37.2699],[136.99891,37.2684],[136.99366,37.27316],[136.99529,37.27657],[136.9927,37.28436],[136.99853,37.28854],[136.99435,37.29288],[136.98668,37.29469],[136.99004,37.29897],[136.99492,37.30052],[136.99216,37.30524],[136.98482,37.30521],[136.98,37.30117],[136.96686,37.29424],[136.95689,37.29476],[136.95485,37.2904],[136.94293,37.28813],[136.93884,37.28288],[136.9329,37.28043],[136.92836,37.28228],[136.91755,37.28234],[136.90254,37.27981],[136.89702,37.27661],[136.89289,37.27203],[136.87665,37.2768],[136.87344,37.27575],[136.86937,37.26854],[136.86037,37.2606],[136.85298,37.25823],[136.84983,37.25172],[136.84413,37.2504],[136.84176,37.24678],[136.83628,37.24322],[136.83395,37.24826],[136.82695,37.24809],[136.83025,37.25308],[136.82119,37.25965],[136.81713,37.26712],[136.81491,37.25865],[136.8079,37.25527],[136.81227,37.24912],[136.80625,37.24667],[136.80666,37.24237],[136.80263,37.2416],[136.80167,37.23353],[136.79704,37.23205],[136.79494,37.22552],[136.78843,37.22575],[136.79229,37.2202],[136.80114,37.21933],[136.80837,37.22489],[136.81464,37.2274],[136.82143,37.22572],[136.82113,37.21856],[136.8257,37.21653],[136.82456,37.21234],[136.81884,37.20811],[136.8231,37.20138],[136.82168,37.19831],[136.83136,37.20101],[136.83739,37.19938],[136.84737,37.19838],[136.85094,37.19576],[136.85101,37.18383],[136.85555,37.17506],[136.86348,37.17585],[136.872,37.1793],[136.88253,37.17382],[136.88397,37.16987],[136.88911,37.16893]]]}},{"type":"Feature","properties":{"code":"17463","name":"鳳珠郡能登町","pref":"石川県","pref_code":"17","cx":137.12031,"cy":37.3244,"bbox":[136.96289,37.24815,137.2677,37.40253]},"geometry":{"type":"Polygon","coordinates":[[[136.96686,37.29424],[136.98,37.30117],[136.98482,37.30521],[136.99216,37.30524],[136.99492,37.30052],[136.99004,37.29897],[136.98668,37.29469],[136.99435,37.29288],[136.99853,37.28854],[136.9927,37.28436],[136.99529,37.27657],[136.99366,37.27316],[136.99891,37.2684],[137.00432,37.2699],[137.00505,37.26431],[137.01198,37.26507],[137.01238,37.25785],[137.01676,37.2497],[137.03218,37.2519],[137.04217,37.24926],[137.04784,37.25348],[137.05072,37.26113],[137.06124,37.26019],[137.06298,37.25642],[137.07505,37.25344],[137.07729,37.24981],[137.08328,37.24815],[137.0913,37.25853],[137.09416,37.2638],[137.09536,37.27145],[137.09892,37.27898],[137.10736,37.28082],[137.11645,37.28853],[137.12666,37.29052],[137.13716,37.29452],[137.14447,37.29895],[137.15009,37.29624],[137.15322,37.2982],[137.15278,37.30317],[137.16311,37.30116],[137.16908,37.30242],[137.17162,37.29963],[137.17601,37.30108],[137.18417,37.29889],[137.18649,37.30074],[137.19515,37.2979],[137.1984,37.29979],[137.20875,37.30154],[137.2063,37.2962],[137.21358,37.29567],[137.22177,37.29712],[137.22794,37.29557],[137.22911,37.29941],[137.23346,37.29966],[137.23464,37.30325],[137.23059,37.30859],[137.23479,37.3094],[137.23876,37.30397],[137.24697,37.30749],[137.25115,37.31758],[137.25881,37.32144],[137.26398,37.32538],[137.26202,37.33138],[137.2677,37.33682],[137.26567,37.34085],[137.25899,37.33805],[137.25278,37.33986],[137.25465,37.34383],[137.26035,37.34428],[137.2622,37.34989],[137.26662,37.3534],[137.26116,37.3549],[137.25358,37.35264],[137.24886,37.35407],[137.24293,37.36273],[137.24272,37.36595],[137.23903,37.37323],[137.23595,37.37346],[137.22887,37.36919],[137.21664,37.36931],[137.20766,37.36624],[137.20024,37.36641],[137.1868,37.36152],[137.1804,37.36203],[137.16448,37.35825],[137.16216,37.35604],[137.15392,37.35476],[137.15069,37.3592],[137.15351,37.36322],[137.14702,37.37306],[137.14741,37.37757],[137.14179,37.38531],[137.13652,37.38596],[137.13292,37.38965],[137.13439,37.39731],[137.13168,37.40253],[137.12292,37.40035],[137.11773,37.40183],[137.11606,37.39749],[137.10993,37.39745],[137.10423,37.39466],[137.10471,37.38818],[137.09844,37.38652],[137.09393,37.38978],[137.08521,37.38709],[137.08225,37.39281],[137.07227,37.39495],[137.0627,37.39271],[137.06397,37.3872],[137.05606,37.37905],[137.04424,37.38351],[137.04317,37.38634],[137.03703,37.38735],[137.03317,37.39192],[137.02605,37.39016],[137.01901,37.39443],[137.00572,37.39317],[137.00141,37.39551],[136.9963,37.39093],[136.99199,37.38924],[136.98942,37.38528],[136.97994,37.38317],[136.97525,37.37794],[136.97013,37.37757],[136.96772,37.37047],[136.97162,37.368],[136.97006,37.36106],[136.97496,37.35629],[136.97564,37.35238],[136.9793,37.34973],[136.975,37.34614],[136.97552,37.34314],[136.97138,37.34014],[136.97913,37.33036],[136.97772,37.32342],[136.97132,37.32227],[136.96973,37.31553],[136.9642,37.31171],[136.96289,37.30793],[136.97073,37.30312],[136.96688,37.2997],[136.96686,37.29424]]]}},{"type":"Feature","properties":{"code":"18201","name":"福井市","pref":"福井県","pref_code":"18","cx":136.15428,"cy":36.04658,"bbox":[135.96437,35.92055,136.46718,36.17289]},"geometry":{"type":"Polygon","coordinates":[[[136.26997,36.10407],[136.26413,36.10517],[136.25693,36.10492],[136.25366,36.10651],[136.25548,36.11316],[136.25407,36.12365],[136.24559,36.11821],[136.24293,36.12071],[136.23388,36.11866],[136.23066,36.12078],[136.21688,36.12093],[136.20952,36.12048],[136.19794,36.1215],[136.19373,36.12378],[136.19419,36.12646],[136.19179,36.13042],[136.18846,36.13049],[136.18134,36.13345],[136.17783,36.13368],[136.17505,36.13941],[136.16808,36.14311],[136.16441,36.14885],[136.1619,36.15878],[136.15673,36.16416],[136.15155,36.1669],[136.14788,36.16341],[136.13821,36.16327],[136.13809,36.16994],[136.13532,36.16953],[136.13102,36.16384],[136.13035,36.15865],[136.12549,36.15798],[136.12604,36.16277],[136.11937,36.16585],[136.1073,36.16943],[136.10003,36.17289],[136.09039,36.16053],[136.09503,36.15785],[136.09337,36.15322],[136.08506,36.14519],[136.0766,36.13846],[136.06205,36.12988],[136.05482,36.12792],[136.05432,36.12104],[136.04856,36.11695],[136.04863,36.10997],[136.04144,36.10511],[136.03585,36.10242],[136.03229,36.09726],[136.03083,36.0931],[136.03038,36.08601],[136.02424,36.07575],[136.02614,36.0728],[136.02129,36.07092],[136.01895,36.05689],[136.01556,36.05299],[136.01657,36.04967],[136.01155,36.04702],[136.00961,36.04312],[136.0095,36.03688],[136.01062,36.03333],[136.00501,36.02954],[135.99845,36.02148],[135.99756,36.01918],[135.99158,36.01484],[135.98559,36.00892],[135.98261,36.00879],[135.97925,36.0052],[135.97502,36.00467],[135.97182,36.00137],[135.96813,36.00095],[135.96437,35.99751],[135.96984,35.99187],[135.98556,35.98778],[135.98455,35.98542],[135.99072,35.98284],[135.9962,35.98269],[136.00224,35.98636],[136.00718,35.98631],[136.00404,35.99101],[136.00248,35.99687],[136.00386,36.00041],[136.00349,36.00544],[136.00571,36.01],[136.01173,36.01424],[136.01642,36.01125],[136.01757,36.00889],[136.02257,36.00558],[136.02714,35.99739],[136.03067,35.99977],[136.03292,35.997],[136.04756,36.00429],[136.04821,36.00749],[136.05506,36.01507],[136.0573,36.02693],[136.0636,36.02777],[136.06656,36.02642],[136.07215,36.02812],[136.07185,36.0239],[136.07529,36.02121],[136.08176,36.01893],[136.08104,36.01428],[136.08679,36.01574],[136.09244,36.01268],[136.09328,36.00991],[136.09735,36.00928],[136.09654,36.006],[136.11031,36.00224],[136.11755,36.00255],[136.12084,36.00105],[136.12809,36.00388],[136.13506,35.99675],[136.13625,35.9937],[136.14118,35.99221],[136.15523,35.99229],[136.15919,35.99377],[136.16053,35.99689],[136.16592,35.99626],[136.16828,35.99788],[136.176,35.99981],[136.18069,35.99914],[136.17981,35.99446],[136.18938,35.99107],[136.19465,35.99078],[136.20638,35.98573],[136.20378,35.97525],[136.20563,35.97124],[136.20962,35.97709],[136.21512,35.98042],[136.21517,35.98338],[136.21874,35.98464],[136.21995,35.9879],[136.22383,35.99046],[136.22629,35.98953],[136.23209,35.99067],[136.23888,35.98346],[136.25454,35.97932],[136.25938,35.98042],[136.26732,35.97796],[136.27113,35.97797],[136.27485,35.97215],[136.28257,35.97176],[136.28511,35.97367],[136.29008,35.974],[136.30007,35.96865],[136.30378,35.96444],[136.312,35.96612],[136.31736,35.96357],[136.3184,35.95802],[136.32306,35.95673],[136.32294,35.95186],[136.33284,35.95223],[136.33605,35.95141],[136.33492,35.94675],[136.33157,35.94293],[136.33395,35.93934],[136.33374,35.92867],[136.3386,35.92976],[136.34149,35.93281],[136.34558,35.93144],[136.35019,35.93432],[136.35047,35.93915],[136.3522,35.94235],[136.3583,35.94754],[136.36701,35.94789],[136.3725,35.94925],[136.37544,35.9517],[136.38391,35.95123],[136.38935,35.95229],[136.40027,35.94828],[136.40675,35.94898],[136.41738,35.94297],[136.42302,35.9388],[136.42933,35.93833],[136.43608,35.9357],[136.4398,35.93226],[136.43868,35.92781],[136.45225,35.92146],[136.46052,35.92055],[136.46718,35.92158],[136.46365,35.92577],[136.45557,35.92861],[136.45481,35.93183],[136.46408,35.9328],[136.46149,35.93883],[136.4619,35.94474],[136.46536,35.95082],[136.46212,35.95325],[136.45636,35.95455],[136.4545,35.95879],[136.45631,35.96925],[136.45215,35.97416],[136.45235,35.97946],[136.44938,35.98175],[136.4488,35.98554],[136.45288,35.98723],[136.45627,35.99189],[136.45158,35.9969],[136.45473,36.00096],[136.45269,36.00596],[136.44894,36.01012],[136.45051,36.01235],[136.45783,36.01645],[136.45307,36.01802],[136.44547,36.02203],[136.44102,36.03236],[136.432,36.04332],[136.42561,36.03979],[136.4133,36.04249],[136.40745,36.04594],[136.39017,36.04786],[136.38429,36.04708],[136.37884,36.04327],[136.36738,36.03355],[136.35999,36.03396],[136.35756,36.03587],[136.3508,36.03657],[136.34607,36.03963],[136.34615,36.04259],[136.34063,36.05299],[136.33545,36.05261],[136.3289,36.04835],[136.32036,36.04777],[136.31852,36.04182],[136.31474,36.0414],[136.29727,36.04614],[136.29697,36.04971],[136.29337,36.04975],[136.2913,36.0529],[136.28645,36.05608],[136.28638,36.06154],[136.28448,36.0632],[136.28455,36.0687],[136.28163,36.07409],[136.28523,36.07605],[136.2888,36.07581],[136.29241,36.07882],[136.29226,36.08291],[136.28728,36.08275],[136.28013,36.09301],[136.28243,36.09445],[136.28837,36.09491],[136.28807,36.09836],[136.28131,36.09894],[136.28068,36.10359],[136.27735,36.10295],[136.26997,36.10407]]]}},{"type":"Feature","properties":{"code":"18202","name":"敦賀市","pref":"福井県","pref_code":"18","cx":136.07917,"cy":35.64406,"bbox":[135.96459,35.52625,136.17749,35.76542]},"geometry":{"type":"Polygon","coordinates":[[[136.15035,35.69772],[136.14712,35.69927],[136.14923,35.70633],[136.14879,35.71065],[136.1426,35.71606],[136.13199,35.72269],[136.13357,35.72495],[136.13255,35.72986],[136.13262,35.73733],[136.13029,35.74116],[136.12693,35.74245],[136.12365,35.7484],[136.11854,35.75185],[136.11764,35.75772],[136.11277,35.76542],[136.09831,35.76524],[136.10121,35.75815],[136.1014,35.75291],[136.09993,35.74668],[136.09456,35.74217],[136.08817,35.74134],[136.08649,35.73817],[136.09552,35.73656],[136.09726,35.73382],[136.09603,35.72947],[136.09857,35.72631],[136.09496,35.72004],[136.09096,35.71694],[136.09242,35.71104],[136.08702,35.70737],[136.08422,35.70742],[136.07854,35.70356],[136.08161,35.69946],[136.08005,35.69729],[136.0814,35.68917],[136.08616,35.68534],[136.0825,35.68141],[136.0756,35.67952],[136.07429,35.67806],[136.07429,35.6674],[136.07157,35.66571],[136.06677,35.66592],[136.06255,35.66806],[136.06229,35.66378],[136.06786,35.66428],[136.07185,35.66068],[136.05601,35.65667],[136.04828,35.65706],[136.04323,35.65997],[136.04557,35.66345],[136.04239,35.667],[136.04285,35.66948],[136.03779,35.67215],[136.03634,35.67559],[136.03338,35.67566],[136.02653,35.6791],[136.02546,35.6835],[136.03152,35.69164],[136.03624,35.69433],[136.03973,35.69189],[136.04419,35.69114],[136.04419,35.69802],[136.04101,35.69863],[136.04177,35.70594],[136.03769,35.70982],[136.03998,35.71291],[136.03648,35.71747],[136.03578,35.72103],[136.0384,35.72522],[136.03641,35.72963],[136.02814,35.73736],[136.02772,35.7414],[136.02248,35.74521],[136.02404,35.74997],[136.02921,35.74456],[136.03625,35.74194],[136.03029,35.75322],[136.02595,35.75482],[136.02346,35.76041],[136.01999,35.76366],[136.00909,35.75534],[136.00537,35.75609],[136.00116,35.74988],[135.99481,35.74866],[135.9845,35.73973],[135.98417,35.73577],[135.9811,35.7331],[135.97602,35.73252],[135.97443,35.7353],[135.96845,35.73512],[135.96459,35.73011],[135.96839,35.72549],[135.98138,35.72434],[135.9932,35.72701],[135.9951,35.72598],[136.00529,35.73005],[136.01256,35.725],[136.01361,35.71736],[136.01017,35.70837],[136.01204,35.70765],[136.01028,35.70125],[136.01276,35.69727],[136.01076,35.69331],[136.01292,35.68402],[136.00905,35.67783],[136.01046,35.67601],[136.00941,35.6706],[136.01366,35.66725],[136.01311,35.66509],[135.99822,35.65212],[136.00124,35.6471],[136.00375,35.64627],[136.00595,35.63635],[136.00914,35.63152],[136.0065,35.62317],[136.00732,35.61768],[136.00625,35.61364],[136.0094,35.60905],[136.00785,35.60583],[136.00673,35.5973],[136.00446,35.59587],[136.00925,35.5865],[136.01207,35.58486],[136.01892,35.58705],[136.02625,35.58624],[136.02635,35.58087],[136.02888,35.57884],[136.02967,35.56919],[136.02341,35.56107],[136.02313,35.55543],[136.02514,35.55129],[136.02389,35.54624],[136.02766,35.54252],[136.02653,35.5295],[136.02828,35.52907],[136.04094,35.53218],[136.04638,35.53018],[136.04835,35.53453],[136.06072,35.53187],[136.06235,35.52815],[136.06923,35.52625],[136.07705,35.53054],[136.0767,35.53443],[136.07935,35.53572],[136.08323,35.54056],[136.09007,35.53769],[136.09356,35.53734],[136.09743,35.53389],[136.10378,35.53041],[136.1072,35.53037],[136.10609,35.53864],[136.10941,35.54512],[136.10905,35.54966],[136.10545,35.55542],[136.1101,35.55929],[136.11068,35.56332],[136.10889,35.5672],[136.1126,35.57341],[136.11222,35.57984],[136.11677,35.57881],[136.12158,35.57616],[136.13282,35.57453],[136.13869,35.57567],[136.14333,35.57115],[136.14956,35.57139],[136.15087,35.57288],[136.15756,35.57124],[136.16324,35.57114],[136.16688,35.56535],[136.17033,35.57109],[136.16647,35.58265],[136.17242,35.58834],[136.17749,35.59498],[136.17437,35.60359],[136.1708,35.60868],[136.17036,35.61236],[136.16689,35.61862],[136.16434,35.61995],[136.1626,35.62391],[136.15987,35.62523],[136.15977,35.63496],[136.15731,35.64126],[136.15545,35.64184],[136.15154,35.64828],[136.15006,35.65455],[136.1504,35.65886],[136.14782,35.66252],[136.13749,35.66508],[136.13449,35.66982],[136.13961,35.67797],[136.14231,35.67902],[136.14349,35.68304],[136.14815,35.68731],[136.15026,35.69112],[136.15035,35.69772]]]}},{"type":"Feature","properties":{"code":"18204","name":"小浜市","pref":"福井県","pref_code":"18","cx":135.72691,"cy":35.47699,"bbox":[135.58885,35.38492,135.86042,35.57165]},"geometry":{"type":"Polygon","coordinates":[[[135.81518,35.57165],[135.81023,35.57149],[135.8032,35.56837],[135.80501,35.56429],[135.8091,35.56493],[135.81283,35.56338],[135.81167,35.55901],[135.81554,35.55662],[135.81875,35.55682],[135.82459,35.55259],[135.82552,35.54666],[135.8274,35.54351],[135.83106,35.54226],[135.83373,35.5359],[135.82722,35.53328],[135.82189,35.53356],[135.82047,35.53639],[135.81316,35.53588],[135.81642,35.53296],[135.8154,35.52973],[135.81195,35.52755],[135.80645,35.52824],[135.80588,35.53204],[135.79622,35.52612],[135.79521,35.53095],[135.7923,35.52985],[135.78846,35.53142],[135.78577,35.53655],[135.79006,35.54046],[135.78484,35.54298],[135.77966,35.5503],[135.77349,35.55044],[135.76593,35.55731],[135.76428,35.5532],[135.77143,35.54664],[135.76951,35.54331],[135.76399,35.54497],[135.75883,35.54257],[135.75397,35.546],[135.75006,35.55565],[135.75277,35.55807],[135.75077,35.56565],[135.74508,35.56431],[135.74118,35.56828],[135.73583,35.57135],[135.72867,35.56905],[135.71972,35.56904],[135.7151,35.56999],[135.71191,35.56714],[135.7114,35.56376],[135.70766,35.5643],[135.70355,35.55809],[135.69532,35.55165],[135.69007,35.54878],[135.68915,35.54488],[135.69446,35.54268],[135.69732,35.54435],[135.70289,35.54431],[135.70783,35.54225],[135.71258,35.54254],[135.71678,35.54074],[135.71852,35.53584],[135.71664,35.52539],[135.71807,35.5197],[135.72299,35.52177],[135.72719,35.52157],[135.73207,35.52544],[135.73714,35.53528],[135.74337,35.53701],[135.75055,35.53613],[135.75801,35.53864],[135.76333,35.53758],[135.76504,35.534],[135.76341,35.53106],[135.75198,35.53206],[135.75095,35.53004],[135.75068,35.51745],[135.74919,35.51381],[135.7406,35.50267],[135.74084,35.4986],[135.73747,35.49441],[135.73391,35.49308],[135.73074,35.49516],[135.72721,35.49175],[135.72,35.49112],[135.71963,35.48504],[135.71421,35.48322],[135.71085,35.48492],[135.7077,35.48983],[135.70217,35.48949],[135.70022,35.49278],[135.69608,35.49122],[135.69174,35.48772],[135.67547,35.48757],[135.66541,35.49014],[135.66289,35.49378],[135.66027,35.4921],[135.65821,35.48546],[135.65433,35.48042],[135.64818,35.47829],[135.64517,35.4786],[135.64475,35.47517],[135.6481,35.46474],[135.64302,35.46294],[135.64081,35.45896],[135.64163,35.45604],[135.64663,35.45271],[135.64717,35.4501],[135.63947,35.44691],[135.63644,35.44706],[135.63186,35.44463],[135.62353,35.44527],[135.61609,35.44005],[135.61111,35.44148],[135.60668,35.4405],[135.59949,35.43452],[135.5926,35.43457],[135.589,35.43299],[135.58885,35.43013],[135.59837,35.42473],[135.59876,35.41909],[135.60446,35.41583],[135.61014,35.41708],[135.61533,35.41445],[135.61902,35.41726],[135.62092,35.42193],[135.62682,35.42133],[135.62979,35.42267],[135.63185,35.42654],[135.64105,35.4245],[135.64354,35.41666],[135.64615,35.41732],[135.65437,35.41574],[135.6657,35.41029],[135.67252,35.41787],[135.68214,35.41867],[135.68466,35.41516],[135.69347,35.41033],[135.7019,35.40936],[135.70489,35.41076],[135.70881,35.40931],[135.71349,35.40949],[135.71457,35.41189],[135.71934,35.4148],[135.72768,35.41392],[135.73,35.41852],[135.73616,35.41605],[135.73946,35.41699],[135.74434,35.41483],[135.75559,35.41235],[135.76041,35.40978],[135.76387,35.405],[135.76805,35.40389],[135.77008,35.4009],[135.77024,35.39699],[135.77377,35.39353],[135.77727,35.3943],[135.78002,35.39242],[135.78573,35.39135],[135.79089,35.38664],[135.79524,35.38739],[135.7991,35.38492],[135.80753,35.38536],[135.81007,35.39177],[135.80809,35.39524],[135.81056,35.40326],[135.81076,35.40947],[135.81321,35.41298],[135.81923,35.41255],[135.8267,35.41465],[135.83204,35.41224],[135.83631,35.41201],[135.83837,35.41422],[135.84416,35.41308],[135.84968,35.41059],[135.85313,35.41154],[135.85434,35.41515],[135.85728,35.41736],[135.85878,35.42627],[135.86042,35.42854],[135.85916,35.4323],[135.85245,35.43801],[135.84905,35.44233],[135.8409,35.44135],[135.83596,35.44344],[135.82916,35.44847],[135.81961,35.45094],[135.81528,35.45693],[135.81561,35.46194],[135.81008,35.46613],[135.8125,35.47416],[135.81187,35.47569],[135.80183,35.48],[135.79869,35.48277],[135.79936,35.48528],[135.79692,35.48968],[135.80619,35.49083],[135.81196,35.48903],[135.81756,35.48366],[135.82348,35.47977],[135.83473,35.48348],[135.83746,35.48247],[135.84331,35.4844],[135.84478,35.48691],[135.84236,35.49564],[135.84536,35.50199],[135.84212,35.50696],[135.84145,35.51301],[135.83752,35.51553],[135.83205,35.5225],[135.84195,35.53125],[135.84284,35.53359],[135.84959,35.53735],[135.85134,35.54104],[135.84417,35.5492],[135.83942,35.55007],[135.83548,35.55414],[135.8273,35.5584],[135.82222,35.5597],[135.81907,35.56604],[135.8143,35.56721],[135.81518,35.57165]]]}},{"type":"Feature","properties":{"code":"18205","name":"大野市","pref":"福井県","pref_code":"18","cx":136.63051,"cy":35.91631,"bbox":[136.41597,35.75033,136.83236,36.08629]},"geometry":{"type":"Polygon","coordinates":[[[136.46052,35.92055],[136.46061,35.91906],[136.45566,35.91356],[136.45135,35.91282],[136.44661,35.91015],[136.43877,35.90864],[136.43759,35.90105],[136.43252,35.89635],[136.43296,35.88886],[136.43628,35.88606],[136.43926,35.88601],[136.43986,35.87792],[136.43307,35.87194],[136.43496,35.86715],[136.42765,35.85885],[136.4298,35.85493],[136.43558,35.84964],[136.43227,35.84712],[136.42832,35.84119],[136.42886,35.83899],[136.42378,35.83446],[136.42341,35.83253],[136.42676,35.82333],[136.42293,35.82086],[136.42324,35.81302],[136.42643,35.81008],[136.43256,35.80714],[136.43104,35.80271],[136.43126,35.79792],[136.4279,35.79483],[136.42283,35.79336],[136.41965,35.78689],[136.41597,35.78245],[136.41896,35.7823],[136.42397,35.77859],[136.43073,35.77503],[136.43851,35.77442],[136.44121,35.77518],[136.4458,35.77291],[136.45154,35.77665],[136.45893,35.77907],[136.46158,35.77871],[136.46758,35.77322],[136.47459,35.77275],[136.48458,35.77514],[136.48593,35.77311],[136.49651,35.76553],[136.49707,35.76076],[136.50336,35.75087],[136.50616,35.75033],[136.50815,35.75701],[136.51192,35.75857],[136.51371,35.76225],[136.5139,35.76664],[136.51196,35.77191],[136.51331,35.77533],[136.51846,35.77943],[136.52013,35.7832],[136.52524,35.78797],[136.53065,35.78415],[136.54528,35.77871],[136.55068,35.78108],[136.55582,35.78098],[136.56159,35.77869],[136.56583,35.77966],[136.56865,35.77767],[136.57232,35.77804],[136.57707,35.78152],[136.58014,35.78156],[136.586,35.78443],[136.58482,35.78803],[136.58609,35.79152],[136.59001,35.79566],[136.59543,35.79537],[136.59915,35.79853],[136.60681,35.79221],[136.60948,35.79233],[136.61145,35.7888],[136.62302,35.78777],[136.62775,35.79107],[136.62611,35.79542],[136.63243,35.79572],[136.63818,35.79749],[136.6408,35.80349],[136.6452,35.80683],[136.65251,35.79873],[136.65267,35.79106],[136.65433,35.78588],[136.65767,35.78348],[136.66614,35.78514],[136.67205,35.79131],[136.67759,35.79209],[136.68141,35.78984],[136.68978,35.78928],[136.69446,35.79116],[136.69712,35.79406],[136.70004,35.79417],[136.70512,35.79143],[136.71005,35.79204],[136.71199,35.79472],[136.71668,35.79646],[136.72058,35.80022],[136.72452,35.80815],[136.73238,35.80658],[136.7411,35.80107],[136.74516,35.80429],[136.75447,35.80924],[136.76391,35.81061],[136.77158,35.8068],[136.77439,35.80667],[136.77414,35.80005],[136.77602,35.79883],[136.7834,35.79811],[136.78932,35.79944],[136.79279,35.80695],[136.79587,35.80906],[136.79844,35.82122],[136.79709,35.8281],[136.79942,35.83134],[136.79992,35.8372],[136.80229,35.84403],[136.80577,35.84292],[136.81545,35.84254],[136.82512,35.84541],[136.83107,35.85181],[136.83236,35.85744],[136.83015,35.86557],[136.82575,35.87008],[136.82601,35.87458],[136.82022,35.8794],[136.82288,35.88641],[136.82377,35.89277],[136.81653,35.90504],[136.8137,35.91092],[136.81149,35.91264],[136.80583,35.91288],[136.79947,35.92032],[136.79248,35.92079],[136.7865,35.9223],[136.78386,35.92778],[136.78686,35.93365],[136.79339,35.94092],[136.79346,35.94559],[136.78906,35.94866],[136.78486,35.94865],[136.77665,35.95119],[136.7721,35.95023],[136.75786,35.95571],[136.75287,35.95646],[136.74991,35.9594],[136.74885,35.9636],[136.75051,35.96703],[136.75348,35.96814],[136.75242,35.97313],[136.75334,35.97821],[136.75153,35.98727],[136.74969,35.9909],[136.74141,35.99195],[136.72708,35.99562],[136.7294,36.00146],[136.72889,36.00936],[136.73235,36.01328],[136.73087,36.01757],[136.73439,36.02099],[136.7332,36.02748],[136.73573,36.03231],[136.73473,36.04226],[136.7354,36.04789],[136.73302,36.04872],[136.74051,36.05431],[136.74443,36.05994],[136.75273,36.06237],[136.75902,36.06708],[136.76426,36.06768],[136.76407,36.0742],[136.75984,36.08059],[136.75725,36.08162],[136.75428,36.08629],[136.7453,36.08515],[136.73882,36.08039],[136.73248,36.08038],[136.72476,36.08235],[136.71533,36.08207],[136.7071,36.07956],[136.69905,36.07388],[136.6956,36.07444],[136.67852,36.07054],[136.67424,36.06723],[136.66229,36.06763],[136.65868,36.06951],[136.6503,36.06732],[136.64583,36.06443],[136.63754,36.06174],[136.63173,36.05349],[136.62576,36.0519],[136.62153,36.0463],[136.61389,36.04447],[136.61031,36.03858],[136.59925,36.0383],[136.58812,36.03302],[136.58644,36.03063],[136.57854,36.02403],[136.57128,36.02193],[136.56857,36.01762],[136.56801,36.01088],[136.56155,36.0086],[136.55954,36.01042],[136.55206,36.0121],[136.54983,36.00978],[136.54384,36.00698],[136.53418,36.01383],[136.52328,36.01819],[136.51805,36.02127],[136.51658,36.01804],[136.50293,36.01947],[136.49747,36.0233],[136.49668,36.02535],[136.47895,36.02638],[136.47482,36.02925],[136.47057,36.02765],[136.4668,36.01865],[136.46338,36.01677],[136.45783,36.01645],[136.45051,36.01235],[136.44894,36.01012],[136.45269,36.00596],[136.45473,36.00096],[136.45158,35.9969],[136.45627,35.99189],[136.45288,35.98723],[136.4488,35.98554],[136.44938,35.98175],[136.45235,35.97946],[136.45215,35.97416],[136.45631,35.96925],[136.4545,35.95879],[136.45636,35.95455],[136.46212,35.95325],[136.46536,35.95082],[136.4619,35.94474],[136.46149,35.93883],[136.46408,35.9328],[136.45481,35.93183],[136.45557,35.92861],[136.46365,35.92577],[136.46718,35.92158],[136.46052,35.92055]]]}},{"type":"Feature","properties":{"code":"18206","name":"勝山市","pref":"福井県","pref_code":"18","cx":136.53001,"cy":36.08279,"bbox":[136.38829,36.00698,136.65868,36.15914]},"geometry":{"type":"Polygon","coordinates":[[[136.45783,36.01645],[136.46338,36.01677],[136.4668,36.01865],[136.47057,36.02765],[136.47482,36.02925],[136.47895,36.02638],[136.49668,36.02535],[136.49747,36.0233],[136.50293,36.01947],[136.51658,36.01804],[136.51805,36.02127],[136.52328,36.01819],[136.53418,36.01383],[136.54384,36.00698],[136.54983,36.00978],[136.55206,36.0121],[136.55954,36.01042],[136.56155,36.0086],[136.56801,36.01088],[136.56857,36.01762],[136.57128,36.02193],[136.57854,36.02403],[136.58644,36.03063],[136.58812,36.03302],[136.59925,36.0383],[136.61031,36.03858],[136.61389,36.04447],[136.62153,36.0463],[136.62576,36.0519],[136.63173,36.05349],[136.63754,36.06174],[136.64583,36.06443],[136.6503,36.06732],[136.65868,36.06951],[136.65775,36.07442],[136.65497,36.07775],[136.65682,36.08457],[136.65335,36.08645],[136.65134,36.09223],[136.64551,36.09476],[136.64207,36.09807],[136.63226,36.09941],[136.62719,36.10383],[136.62217,36.10646],[136.61473,36.10831],[136.61143,36.11276],[136.61227,36.11682],[136.60443,36.12218],[136.60341,36.12794],[136.59537,36.13207],[136.59048,36.13122],[136.58486,36.13595],[136.58171,36.13633],[136.57632,36.14223],[136.56285,36.14637],[136.56009,36.15301],[136.555,36.15298],[136.55175,36.1549],[136.54529,36.15282],[136.54143,36.15365],[136.53769,36.15038],[136.52668,36.14812],[136.52153,36.15138],[136.51194,36.14627],[136.5057,36.14663],[136.50304,36.14966],[136.49707,36.14967],[136.49184,36.15814],[136.48805,36.15914],[136.48334,36.15686],[136.47707,36.15144],[136.47413,36.14662],[136.47006,36.14543],[136.46535,36.14063],[136.46445,36.13793],[136.45651,36.13629],[136.44881,36.14069],[136.44039,36.13736],[136.43961,36.13481],[136.43488,36.1344],[136.42897,36.13212],[136.42534,36.13368],[136.40688,36.12837],[136.40237,36.12787],[136.39936,36.12501],[136.39278,36.12494],[136.39133,36.11617],[136.39695,36.11361],[136.39824,36.10911],[136.40417,36.0992],[136.39901,36.09634],[136.39565,36.09221],[136.3884,36.0908],[136.38829,36.08752],[136.40948,36.08101],[136.42909,36.07631],[136.43801,36.07543],[136.43933,36.06948],[136.43592,36.06179],[136.43295,36.05876],[136.43252,36.05423],[136.43547,36.0502],[136.432,36.04332],[136.44102,36.03236],[136.44547,36.02203],[136.45307,36.01802],[136.45783,36.01645]]]}},{"type":"Feature","properties":{"code":"18207","name":"鯖江市","pref":"福井県","pref_code":"18","cx":136.22729,"cy":35.96431,"bbox":[136.12456,35.92867,136.33605,35.99981]},"geometry":{"type":"Polygon","coordinates":[[[136.15523,35.99229],[136.15617,35.98717],[136.15403,35.98249],[136.14904,35.97992],[136.1469,35.97625],[136.1407,35.97037],[136.13824,35.96962],[136.13879,35.96419],[136.13602,35.95914],[136.1327,35.95695],[136.1293,35.94874],[136.12456,35.94561],[136.1247,35.94068],[136.12668,35.94002],[136.13255,35.93332],[136.13472,35.93277],[136.13873,35.93462],[136.14035,35.9376],[136.15,35.93574],[136.16094,35.9361],[136.16093,35.93992],[136.16665,35.93998],[136.16911,35.93612],[136.17541,35.9367],[136.17815,35.9302],[136.19969,35.93067],[136.20095,35.92887],[136.20883,35.92961],[136.21678,35.9293],[136.21779,35.93255],[136.22459,35.93086],[136.22587,35.93292],[136.22562,35.93838],[136.23205,35.94082],[136.23551,35.94453],[136.24026,35.94455],[136.24063,35.9482],[136.24879,35.94849],[136.25024,35.94144],[136.25554,35.94311],[136.26138,35.94098],[136.26737,35.94061],[136.27209,35.94174],[136.27636,35.94095],[136.28188,35.94165],[136.28935,35.94518],[136.29671,35.94302],[136.29915,35.94441],[136.30373,35.94283],[136.30908,35.94264],[136.31432,35.93716],[136.31976,35.93559],[136.32458,35.92957],[136.33374,35.92867],[136.33395,35.93934],[136.33157,35.94293],[136.33492,35.94675],[136.33605,35.95141],[136.33284,35.95223],[136.32294,35.95186],[136.32306,35.95673],[136.3184,35.95802],[136.31736,35.96357],[136.312,35.96612],[136.30378,35.96444],[136.30007,35.96865],[136.29008,35.974],[136.28511,35.97367],[136.28257,35.97176],[136.27485,35.97215],[136.27113,35.97797],[136.26732,35.97796],[136.25938,35.98042],[136.25454,35.97932],[136.23888,35.98346],[136.23209,35.99067],[136.22629,35.98953],[136.22383,35.99046],[136.21995,35.9879],[136.21874,35.98464],[136.21517,35.98338],[136.21512,35.98042],[136.20962,35.97709],[136.20563,35.97124],[136.20378,35.97525],[136.20638,35.98573],[136.19465,35.99078],[136.18938,35.99107],[136.17981,35.99446],[136.18069,35.99914],[136.176,35.99981],[136.16828,35.99788],[136.16592,35.99626],[136.16053,35.99689],[136.15919,35.99377],[136.15523,35.99229]]]}},{"type":"Feature","properties":{"code":"18208","name":"あわら市","pref":"福井県","pref_code":"18","cx":136.25633,"cy":36.23459,"bbox":[136.1668,36.17462,136.3324,36.2953]},"geometry":{"type":"Polygon","coordinates":[[[136.3294,36.20202],[136.32787,36.2099],[136.33008,36.21308],[136.33118,36.21838],[136.32901,36.2243],[136.3324,36.22959],[136.32698,36.23221],[136.32326,36.23167],[136.31668,36.23508],[136.31548,36.2383],[136.31762,36.24078],[136.3153,36.24588],[136.30842,36.24682],[136.30494,36.25047],[136.30211,36.25752],[136.29465,36.26075],[136.28949,36.26041],[136.28547,36.26167],[136.28221,36.26574],[136.28,36.26435],[136.27507,36.26618],[136.26919,36.26638],[136.26827,36.26927],[136.26153,36.27336],[136.25985,36.2779],[136.2562,36.27991],[136.25677,36.2867],[136.25859,36.28932],[136.24925,36.29176],[136.24386,36.2953],[136.24075,36.29115],[136.23004,36.28372],[136.21736,36.27585],[136.19687,36.26454],[136.18319,36.25762],[136.18481,36.25475],[136.1829,36.25171],[136.18887,36.24958],[136.19165,36.25168],[136.19548,36.2512],[136.2007,36.2461],[136.19812,36.24524],[136.19367,36.24085],[136.19637,36.236],[136.19436,36.23387],[136.18945,36.2341],[136.18774,36.23035],[136.18442,36.23294],[136.18118,36.23072],[136.18495,36.22832],[136.18196,36.22405],[136.1748,36.2218],[136.17504,36.21856],[136.16951,36.21642],[136.1668,36.2126],[136.17548,36.21129],[136.17276,36.1988],[136.17602,36.19824],[136.18049,36.1929],[136.1903,36.19291],[136.19046,36.19018],[136.19532,36.18932],[136.19676,36.19115],[136.21553,36.19243],[136.22315,36.19455],[136.22328,36.19666],[136.22863,36.19731],[136.23036,36.19396],[136.23635,36.19325],[136.23549,36.19015],[136.23743,36.18384],[136.25182,36.18542],[136.25724,36.18354],[136.25846,36.18011],[136.26242,36.17841],[136.27693,36.17771],[136.28547,36.17462],[136.29748,36.17923],[136.30523,36.18489],[136.30567,36.18848],[136.31103,36.19001],[136.31687,36.19322],[136.32055,36.19909],[136.32388,36.19894],[136.3294,36.20202]]]}},{"type":"Feature","properties":{"code":"18209","name":"越前市","pref":"福井県","pref_code":"18","cx":136.16304,"cy":35.87834,"bbox":[136.01873,35.80796,136.33374,35.94849]},"geometry":{"type":"Polygon","coordinates":[[[136.13472,35.93277],[136.13215,35.92654],[136.12879,35.92464],[136.12793,35.91889],[136.12567,35.91599],[136.11704,35.91478],[136.11661,35.911],[136.1103,35.91304],[136.10649,35.91072],[136.10294,35.91207],[136.09579,35.91021],[136.09259,35.91205],[136.09332,35.91646],[136.08967,35.91817],[136.088,35.92299],[136.07864,35.92552],[136.07423,35.92324],[136.07359,35.91905],[136.0695,35.91759],[136.0645,35.91827],[136.06167,35.91708],[136.05663,35.91923],[136.05437,35.91766],[136.0481,35.91717],[136.04399,35.91274],[136.04371,35.90636],[136.04214,35.90392],[136.03728,35.90376],[136.02847,35.90017],[136.02568,35.90272],[136.02305,35.89597],[136.02015,35.89449],[136.02056,35.88878],[136.01873,35.8879],[136.01968,35.87895],[136.02249,35.87436],[136.03269,35.87086],[136.04051,35.8665],[136.04256,35.86179],[136.04854,35.85964],[136.05629,35.86021],[136.05394,35.85585],[136.05521,35.85035],[136.06915,35.84835],[136.077,35.85003],[136.08263,35.84357],[136.08542,35.84291],[136.09163,35.84409],[136.10007,35.84439],[136.10269,35.84166],[136.1073,35.84265],[136.11478,35.84689],[136.12078,35.84391],[136.12646,35.84321],[136.12947,35.83229],[136.13157,35.82807],[136.1299,35.82486],[136.13374,35.81611],[136.13458,35.8101],[136.13885,35.80796],[136.14303,35.81216],[136.15313,35.81693],[136.15374,35.82053],[136.15777,35.82626],[136.15887,35.83397],[136.16586,35.83708],[136.17414,35.84332],[136.17507,35.85019],[136.1775,35.85357],[136.18193,35.85666],[136.19091,35.85799],[136.19629,35.8575],[136.20294,35.85945],[136.20857,35.85747],[136.21332,35.85768],[136.21833,35.85593],[136.22387,35.856],[136.23056,35.85324],[136.23393,35.85007],[136.24396,35.84453],[136.24919,35.84552],[136.25207,35.84242],[136.25592,35.84215],[136.26116,35.84457],[136.26612,35.84854],[136.27325,35.86075],[136.28015,35.86562],[136.28587,35.86451],[136.28798,35.86674],[136.29398,35.86677],[136.29971,35.8732],[136.30336,35.87405],[136.30635,35.87774],[136.30496,35.88036],[136.30798,35.885],[136.31165,35.88714],[136.31212,35.89295],[136.30902,35.89526],[136.31181,35.90372],[136.31516,35.90773],[136.31403,35.91266],[136.30997,35.91391],[136.31108,35.91776],[136.31372,35.92034],[136.31951,35.92117],[136.32427,35.91997],[136.32863,35.9214],[136.33357,35.92489],[136.33374,35.92867],[136.32458,35.92957],[136.31976,35.93559],[136.31432,35.93716],[136.30908,35.94264],[136.30373,35.94283],[136.29915,35.94441],[136.29671,35.94302],[136.28935,35.94518],[136.28188,35.94165],[136.27636,35.94095],[136.27209,35.94174],[136.26737,35.94061],[136.26138,35.94098],[136.25554,35.94311],[136.25024,35.94144],[136.24879,35.94849],[136.24063,35.9482],[136.24026,35.94455],[136.23551,35.94453],[136.23205,35.94082],[136.22562,35.93838],[136.22587,35.93292],[136.22459,35.93086],[136.21779,35.93255],[136.21678,35.9293],[136.20883,35.92961],[136.20095,35.92887],[136.19969,35.93067],[136.17815,35.9302],[136.17541,35.9367],[136.16911,35.93612],[136.16665,35.93998],[136.16093,35.93992],[136.16094,35.9361],[136.15,35.93574],[136.14035,35.9376],[136.13873,35.93462],[136.13472,35.93277]]]}},{"type":"Feature","properties":{"code":"18210","name":"坂井市","pref":"福井県","pref_code":"18","cx":136.18222,"cy":36.17967,"bbox":[136.10003,36.10226,136.44039,36.25762]},"geometry":{"type":"Polygon","coordinates":[[[136.26997,36.10407],[136.27562,36.1093],[136.27566,36.11126],[136.28137,36.1135],[136.28049,36.1209],[136.2853,36.11957],[136.284,36.11116],[136.2904,36.116],[136.29216,36.11345],[136.29867,36.11154],[136.29625,36.10731],[136.30631,36.10377],[136.31546,36.10373],[136.31825,36.10226],[136.32296,36.10276],[136.32449,36.1067],[136.33293,36.10964],[136.33592,36.11241],[136.33938,36.11092],[136.34363,36.11127],[136.34594,36.11381],[136.35542,36.11686],[136.36021,36.12451],[136.36023,36.12743],[136.37168,36.13006],[136.37578,36.12592],[136.38475,36.12691],[136.39278,36.12494],[136.39936,36.12501],[136.40237,36.12787],[136.40688,36.12837],[136.42534,36.13368],[136.42897,36.13212],[136.43488,36.1344],[136.43961,36.13481],[136.44039,36.13736],[136.43784,36.14232],[136.43176,36.14347],[136.42681,36.1489],[136.42419,36.15458],[136.41429,36.15662],[136.41164,36.16008],[136.41327,36.16695],[136.40931,36.17223],[136.40482,36.17028],[136.3977,36.17053],[136.39071,36.16753],[136.37967,36.16827],[136.37402,36.17004],[136.3689,36.16983],[136.36592,36.16616],[136.35797,36.16514],[136.3551,36.16884],[136.35144,36.16935],[136.34412,36.17298],[136.33761,36.18373],[136.33567,36.18487],[136.33696,36.19079],[136.33598,36.19463],[136.33347,36.1951],[136.33121,36.20089],[136.3294,36.20202],[136.32388,36.19894],[136.32055,36.19909],[136.31687,36.19322],[136.31103,36.19001],[136.30567,36.18848],[136.30523,36.18489],[136.29748,36.17923],[136.28547,36.17462],[136.27693,36.17771],[136.26242,36.17841],[136.25846,36.18011],[136.25724,36.18354],[136.25182,36.18542],[136.23743,36.18384],[136.23549,36.19015],[136.23635,36.19325],[136.23036,36.19396],[136.22863,36.19731],[136.22328,36.19666],[136.22315,36.19455],[136.21553,36.19243],[136.19676,36.19115],[136.19532,36.18932],[136.19046,36.19018],[136.1903,36.19291],[136.18049,36.1929],[136.17602,36.19824],[136.17276,36.1988],[136.17548,36.21129],[136.1668,36.2126],[136.16951,36.21642],[136.17504,36.21856],[136.1748,36.2218],[136.18196,36.22405],[136.18495,36.22832],[136.18118,36.23072],[136.18442,36.23294],[136.18774,36.23035],[136.18945,36.2341],[136.19436,36.23387],[136.19637,36.236],[136.19367,36.24085],[136.19812,36.24524],[136.2007,36.2461],[136.19548,36.2512],[136.19165,36.25168],[136.18887,36.24958],[136.1829,36.25171],[136.18481,36.25475],[136.18319,36.25762],[136.17189,36.25257],[136.16203,36.24978],[136.15788,36.25012],[136.15392,36.25341],[136.14752,36.25382],[136.14117,36.25283],[136.13648,36.25046],[136.12647,36.25105],[136.1234,36.25003],[136.13084,36.2418],[136.13078,36.23935],[136.12546,36.23822],[136.13317,36.2284],[136.13471,36.22075],[136.12966,36.21903],[136.13202,36.21392],[136.12722,36.20897],[136.12183,36.20114],[136.12655,36.19892],[136.1311,36.20519],[136.13399,36.20383],[136.12726,36.19443],[136.12765,36.19009],[136.12106,36.18961],[136.11442,36.19269],[136.10003,36.17289],[136.1073,36.16943],[136.11937,36.16585],[136.12604,36.16277],[136.12549,36.15798],[136.13035,36.15865],[136.13102,36.16384],[136.13532,36.16953],[136.13809,36.16994],[136.13821,36.16327],[136.14788,36.16341],[136.15155,36.1669],[136.15673,36.16416],[136.1619,36.15878],[136.16441,36.14885],[136.16808,36.14311],[136.17505,36.13941],[136.17783,36.13368],[136.18134,36.13345],[136.18846,36.13049],[136.19179,36.13042],[136.19419,36.12646],[136.19373,36.12378],[136.19794,36.1215],[136.20952,36.12048],[136.21688,36.12093],[136.23066,36.12078],[136.23388,36.11866],[136.24293,36.12071],[136.24559,36.11821],[136.25407,36.12365],[136.25548,36.11316],[136.25366,36.10651],[136.25693,36.10492],[136.26413,36.10517],[136.26997,36.10407]]]}},{"type":"Feature","properties":{"code":"18322","name":"吉田郡永平寺町","pref":"福井県","pref_code":"18","cx":136.34947,"cy":36.08188,"bbox":[136.26997,36.03355,136.43933,36.13006]},"geometry":{"type":"Polygon","coordinates":[[[136.432,36.04332],[136.43547,36.0502],[136.43252,36.05423],[136.43295,36.05876],[136.43592,36.06179],[136.43933,36.06948],[136.43801,36.07543],[136.42909,36.07631],[136.40948,36.08101],[136.38829,36.08752],[136.3884,36.0908],[136.39565,36.09221],[136.39901,36.09634],[136.40417,36.0992],[136.39824,36.10911],[136.39695,36.11361],[136.39133,36.11617],[136.39278,36.12494],[136.38475,36.12691],[136.37578,36.12592],[136.37168,36.13006],[136.36023,36.12743],[136.36021,36.12451],[136.35542,36.11686],[136.34594,36.11381],[136.34363,36.11127],[136.33938,36.11092],[136.33592,36.11241],[136.33293,36.10964],[136.32449,36.1067],[136.32296,36.10276],[136.31825,36.10226],[136.31546,36.10373],[136.30631,36.10377],[136.29625,36.10731],[136.29867,36.11154],[136.29216,36.11345],[136.2904,36.116],[136.284,36.11116],[136.2853,36.11957],[136.28049,36.1209],[136.28137,36.1135],[136.27566,36.11126],[136.27562,36.1093],[136.26997,36.10407],[136.27735,36.10295],[136.28068,36.10359],[136.28131,36.09894],[136.28807,36.09836],[136.28837,36.09491],[136.28243,36.09445],[136.28013,36.09301],[136.28728,36.08275],[136.29226,36.08291],[136.29241,36.07882],[136.2888,36.07581],[136.28523,36.07605],[136.28163,36.07409],[136.28455,36.0687],[136.28448,36.0632],[136.28638,36.06154],[136.28645,36.05608],[136.2913,36.0529],[136.29337,36.04975],[136.29697,36.04971],[136.29727,36.04614],[136.31474,36.0414],[136.31852,36.04182],[136.32036,36.04777],[136.3289,36.04835],[136.33545,36.05261],[136.34063,36.05299],[136.34615,36.04259],[136.34607,36.03963],[136.3508,36.03657],[136.35756,36.03587],[136.35999,36.03396],[136.36738,36.03355],[136.37884,36.04327],[136.38429,36.04708],[136.39017,36.04786],[136.40745,36.04594],[136.4133,36.04249],[136.42561,36.03979],[136.432,36.04332]]]}},{"type":"Feature","properties":{"code":"18382","name":"今立郡池田町","pref":"福井県","pref_code":"18","cx":136.36078,"cy":35.86618,"bbox":[136.25592,35.7803,136.46061,35.95229]},"geometry":{"type":"Polygon","coordinates":[[[136.33374,35.92867],[136.33357,35.92489],[136.32863,35.9214],[136.32427,35.91997],[136.31951,35.92117],[136.31372,35.92034],[136.31108,35.91776],[136.30997,35.91391],[136.31403,35.91266],[136.31516,35.90773],[136.31181,35.90372],[136.30902,35.89526],[136.31212,35.89295],[136.31165,35.88714],[136.30798,35.885],[136.30496,35.88036],[136.30635,35.87774],[136.30336,35.87405],[136.29971,35.8732],[136.29398,35.86677],[136.28798,35.86674],[136.28587,35.86451],[136.28015,35.86562],[136.27325,35.86075],[136.26612,35.84854],[136.26116,35.84457],[136.25592,35.84215],[136.25964,35.83768],[136.26014,35.83071],[136.25786,35.8253],[136.26772,35.82247],[136.27291,35.82377],[136.27546,35.82227],[136.27994,35.82284],[136.28556,35.82045],[136.29493,35.82463],[136.30184,35.82887],[136.30776,35.82423],[136.31307,35.82237],[136.31469,35.81737],[136.31937,35.81809],[136.32516,35.82391],[136.33086,35.82024],[136.33397,35.82223],[136.34032,35.82272],[136.34497,35.81854],[136.34946,35.81281],[136.34643,35.80719],[136.35089,35.80495],[136.3535,35.8009],[136.35121,35.79639],[136.35434,35.7878],[136.35709,35.78683],[136.36407,35.78818],[136.37666,35.79518],[136.38896,35.79179],[136.3895,35.78804],[136.3961,35.78804],[136.40014,35.78937],[136.40166,35.78608],[136.40885,35.7803],[136.41597,35.78245],[136.41965,35.78689],[136.42283,35.79336],[136.4279,35.79483],[136.43126,35.79792],[136.43104,35.80271],[136.43256,35.80714],[136.42643,35.81008],[136.42324,35.81302],[136.42293,35.82086],[136.42676,35.82333],[136.42341,35.83253],[136.42378,35.83446],[136.42886,35.83899],[136.42832,35.84119],[136.43227,35.84712],[136.43558,35.84964],[136.4298,35.85493],[136.42765,35.85885],[136.43496,35.86715],[136.43307,35.87194],[136.43986,35.87792],[136.43926,35.88601],[136.43628,35.88606],[136.43296,35.88886],[136.43252,35.89635],[136.43759,35.90105],[136.43877,35.90864],[136.44661,35.91015],[136.45135,35.91282],[136.45566,35.91356],[136.46061,35.91906],[136.46052,35.92055],[136.45225,35.92146],[136.43868,35.92781],[136.4398,35.93226],[136.43608,35.9357],[136.42933,35.93833],[136.42302,35.9388],[136.41738,35.94297],[136.40675,35.94898],[136.40027,35.94828],[136.38935,35.95229],[136.38391,35.95123],[136.37544,35.9517],[136.3725,35.94925],[136.36701,35.94789],[136.3583,35.94754],[136.3522,35.94235],[136.35047,35.93915],[136.35019,35.93432],[136.34558,35.93144],[136.34149,35.93281],[136.3386,35.92976],[136.33374,35.92867]]]}},{"type":"Feature","properties":{"code":"18404","name":"南条郡南越前町","pref":"福井県","pref_code":"18","cx":136.21108,"cy":35.76942,"bbox":[136.01123,35.66128,136.35709,35.87895]},"geometry":{"type":"Polygon","coordinates":[[[136.15035,35.69772],[136.15675,35.70037],[136.16138,35.6977],[136.16604,35.69725],[136.16677,35.70221],[136.17156,35.70174],[136.17459,35.70374],[136.17836,35.70181],[136.18528,35.70373],[136.19309,35.70076],[136.1985,35.68957],[136.20419,35.68679],[136.20804,35.68769],[136.21181,35.68245],[136.21947,35.68435],[136.2235,35.68148],[136.22768,35.68047],[136.23114,35.68269],[136.23441,35.68246],[136.24465,35.67379],[136.25037,35.67625],[136.25748,35.67128],[136.26403,35.67106],[136.26936,35.66873],[136.28053,35.66128],[136.29042,35.66583],[136.28917,35.67173],[136.29601,35.67568],[136.29893,35.67881],[136.29435,35.68107],[136.29192,35.68407],[136.29177,35.69039],[136.29762,35.69178],[136.30474,35.70153],[136.31085,35.70567],[136.31038,35.71053],[136.31309,35.71289],[136.32269,35.71563],[136.32351,35.71803],[136.32052,35.72293],[136.32361,35.72497],[136.32696,35.73152],[136.32404,35.74046],[136.32503,35.74466],[136.32005,35.74729],[136.3184,35.75098],[136.32017,35.75853],[136.32203,35.76099],[136.32166,35.7653],[136.32795,35.7751],[136.33281,35.77639],[136.34677,35.77624],[136.34841,35.78002],[136.35602,35.78442],[136.35709,35.78683],[136.35434,35.7878],[136.35121,35.79639],[136.3535,35.8009],[136.35089,35.80495],[136.34643,35.80719],[136.34946,35.81281],[136.34497,35.81854],[136.34032,35.82272],[136.33397,35.82223],[136.33086,35.82024],[136.32516,35.82391],[136.31937,35.81809],[136.31469,35.81737],[136.31307,35.82237],[136.30776,35.82423],[136.30184,35.82887],[136.29493,35.82463],[136.28556,35.82045],[136.27994,35.82284],[136.27546,35.82227],[136.27291,35.82377],[136.26772,35.82247],[136.25786,35.8253],[136.26014,35.83071],[136.25964,35.83768],[136.25592,35.84215],[136.25207,35.84242],[136.24919,35.84552],[136.24396,35.84453],[136.23393,35.85007],[136.23056,35.85324],[136.22387,35.856],[136.21833,35.85593],[136.21332,35.85768],[136.20857,35.85747],[136.20294,35.85945],[136.19629,35.8575],[136.19091,35.85799],[136.18193,35.85666],[136.1775,35.85357],[136.17507,35.85019],[136.17414,35.84332],[136.16586,35.83708],[136.15887,35.83397],[136.15777,35.82626],[136.15374,35.82053],[136.15313,35.81693],[136.14303,35.81216],[136.13885,35.80796],[136.13458,35.8101],[136.13374,35.81611],[136.1299,35.82486],[136.13157,35.82807],[136.12947,35.83229],[136.12646,35.84321],[136.12078,35.84391],[136.11478,35.84689],[136.1073,35.84265],[136.10269,35.84166],[136.10007,35.84439],[136.09163,35.84409],[136.08542,35.84291],[136.08263,35.84357],[136.077,35.85003],[136.06915,35.84835],[136.05521,35.85035],[136.05394,35.85585],[136.05629,35.86021],[136.04854,35.85964],[136.04256,35.86179],[136.04051,35.8665],[136.03269,35.87086],[136.02249,35.87436],[136.01968,35.87895],[136.01889,35.87737],[136.01123,35.87236],[136.02098,35.86517],[136.02987,35.85715],[136.03874,35.85055],[136.04564,35.84303],[136.0545,35.83506],[136.06157,35.82968],[136.07031,35.82483],[136.0764,35.81165],[136.08384,35.80112],[136.08768,35.79787],[136.09014,35.79112],[136.0998,35.77916],[136.09901,35.77151],[136.09672,35.76734],[136.09831,35.76524],[136.11277,35.76542],[136.11764,35.75772],[136.11854,35.75185],[136.12365,35.7484],[136.12693,35.74245],[136.13029,35.74116],[136.13262,35.73733],[136.13255,35.72986],[136.13357,35.72495],[136.13199,35.72269],[136.1426,35.71606],[136.14879,35.71065],[136.14923,35.70633],[136.14712,35.69927],[136.15035,35.69772]]]}},{"type":"Feature","properties":{"code":"18423","name":"丹生郡越前町","pref":"福井県","pref_code":"18","cx":136.05724,"cy":35.9517,"bbox":[135.95769,35.87236,136.15617,36.02812]},"geometry":{"type":"Polygon","coordinates":[[[135.96437,35.99751],[135.9653,35.99196],[135.96077,35.99044],[135.96204,35.98673],[135.95769,35.98177],[135.96068,35.97823],[135.95851,35.97612],[135.96198,35.97163],[135.96699,35.96967],[135.96954,35.9624],[135.9812,35.95441],[135.98672,35.94898],[135.98647,35.94397],[135.99398,35.93919],[135.99672,35.93583],[135.99762,35.92329],[135.99517,35.91225],[135.99786,35.90297],[135.99528,35.8985],[135.995,35.89234],[135.99755,35.88449],[136.01123,35.87236],[136.01889,35.87737],[136.01968,35.87895],[136.01873,35.8879],[136.02056,35.88878],[136.02015,35.89449],[136.02305,35.89597],[136.02568,35.90272],[136.02847,35.90017],[136.03728,35.90376],[136.04214,35.90392],[136.04371,35.90636],[136.04399,35.91274],[136.0481,35.91717],[136.05437,35.91766],[136.05663,35.91923],[136.06167,35.91708],[136.0645,35.91827],[136.0695,35.91759],[136.07359,35.91905],[136.07423,35.92324],[136.07864,35.92552],[136.088,35.92299],[136.08967,35.91817],[136.09332,35.91646],[136.09259,35.91205],[136.09579,35.91021],[136.10294,35.91207],[136.10649,35.91072],[136.1103,35.91304],[136.11661,35.911],[136.11704,35.91478],[136.12567,35.91599],[136.12793,35.91889],[136.12879,35.92464],[136.13215,35.92654],[136.13472,35.93277],[136.13255,35.93332],[136.12668,35.94002],[136.1247,35.94068],[136.12456,35.94561],[136.1293,35.94874],[136.1327,35.95695],[136.13602,35.95914],[136.13879,35.96419],[136.13824,35.96962],[136.1407,35.97037],[136.1469,35.97625],[136.14904,35.97992],[136.15403,35.98249],[136.15617,35.98717],[136.15523,35.99229],[136.14118,35.99221],[136.13625,35.9937],[136.13506,35.99675],[136.12809,36.00388],[136.12084,36.00105],[136.11755,36.00255],[136.11031,36.00224],[136.09654,36.006],[136.09735,36.00928],[136.09328,36.00991],[136.09244,36.01268],[136.08679,36.01574],[136.08104,36.01428],[136.08176,36.01893],[136.07529,36.02121],[136.07185,36.0239],[136.07215,36.02812],[136.06656,36.02642],[136.0636,36.02777],[136.0573,36.02693],[136.05506,36.01507],[136.04821,36.00749],[136.04756,36.00429],[136.03292,35.997],[136.03067,35.99977],[136.02714,35.99739],[136.02257,36.00558],[136.01757,36.00889],[136.01642,36.01125],[136.01173,36.01424],[136.00571,36.01],[136.00349,36.00544],[136.00386,36.00041],[136.00248,35.99687],[136.00404,35.99101],[136.00718,35.98631],[136.00224,35.98636],[135.9962,35.98269],[135.99072,35.98284],[135.98455,35.98542],[135.98556,35.98778],[135.96984,35.99187],[135.96437,35.99751]]]}},{"type":"Feature","properties":{"code":"18442","name":"三方郡美浜町","pref":"福井県","pref_code":"18","cx":135.94411,"cy":35.60847,"bbox":[135.81464,35.48669,136.02967,35.73011]},"geometry":{"type":"MultiPolygon","coordinates":[[[[135.89903,35.59276],[135.89968,35.58931],[135.90407,35.58728],[135.90611,35.58885],[135.89903,35.59276]]],[[[135.96459,35.73011],[135.95876,35.727],[135.95449,35.72272],[135.9544,35.72012],[135.95943,35.71668],[135.95855,35.71076],[135.95966,35.70182],[135.96262,35.69968],[135.96672,35.70152],[135.96557,35.71075],[135.97124,35.71181],[135.97264,35.70875],[135.9707,35.70418],[135.97543,35.69827],[135.97626,35.68958],[135.97757,35.68669],[135.97301,35.67753],[135.96825,35.67424],[135.96886,35.66891],[135.96689,35.66732],[135.96682,35.65969],[135.96316,35.65718],[135.97132,35.65607],[135.97462,35.65465],[135.97627,35.65098],[135.98559,35.64319],[135.98489,35.63649],[135.98088,35.63028],[135.97426,35.62471],[135.96822,35.62228],[135.96235,35.62245],[135.96114,35.62469],[135.95458,35.62909],[135.95481,35.63332],[135.95001,35.63388],[135.94813,35.63209],[135.95141,35.62863],[135.94503,35.62377],[135.94458,35.62085],[135.9398,35.61568],[135.9336,35.61253],[135.9258,35.61011],[135.91354,35.60936],[135.9076,35.61633],[135.90787,35.62435],[135.89886,35.62399],[135.89441,35.62003],[135.89621,35.61636],[135.89555,35.6135],[135.89148,35.61198],[135.88511,35.61785],[135.87991,35.61638],[135.87664,35.61033],[135.87015,35.6083],[135.86523,35.6103],[135.85926,35.61107],[135.85691,35.61812],[135.85981,35.62038],[135.85929,35.62317],[135.85553,35.6247],[135.84906,35.62277],[135.84357,35.62662],[135.84613,35.6355],[135.83937,35.63763],[135.83441,35.6365],[135.82769,35.63885],[135.82282,35.64416],[135.81464,35.64225],[135.8206,35.64145],[135.83003,35.63743],[135.83421,35.63444],[135.83849,35.63492],[135.84089,35.63307],[135.83987,35.62698],[135.84812,35.61759],[135.84814,35.6149],[135.85589,35.60784],[135.86075,35.60652],[135.86451,35.60286],[135.87055,35.60134],[135.8745,35.6039],[135.87407,35.60729],[135.8788,35.60864],[135.88148,35.60714],[135.88528,35.59887],[135.88922,35.59783],[135.90202,35.60319],[135.90087,35.59975],[135.90565,35.60021],[135.9087,35.59434],[135.90774,35.58955],[135.91493,35.58548],[135.91681,35.58075],[135.92062,35.57938],[135.93162,35.5797],[135.93642,35.57768],[135.9402,35.5741],[135.94196,35.56755],[135.94388,35.56536],[135.94262,35.56197],[135.94618,35.55498],[135.9449,35.55115],[135.94979,35.5463],[135.95264,35.54114],[135.95402,35.53437],[135.95428,35.52633],[135.94702,35.52048],[135.95182,35.51122],[135.95237,35.50622],[135.95759,35.50596],[135.96258,35.50133],[135.96719,35.50298],[135.97265,35.50011],[135.98095,35.48669],[135.98951,35.49268],[135.99319,35.49159],[136.00666,35.49182],[136.01169,35.49762],[136.01173,35.50484],[136.0151,35.50873],[136.01596,35.51227],[136.02013,35.5119],[136.02353,35.51923],[136.02884,35.52343],[136.02617,35.52685],[136.02766,35.54252],[136.02389,35.54624],[136.02514,35.55129],[136.02313,35.55543],[136.02341,35.56107],[136.02967,35.56919],[136.02888,35.57884],[136.02635,35.58087],[136.02625,35.58624],[136.01892,35.58705],[136.01207,35.58486],[136.00925,35.5865],[136.00446,35.59587],[136.00673,35.5973],[136.00785,35.60583],[136.0094,35.60905],[136.00625,35.61364],[136.00732,35.61768],[136.0065,35.62317],[136.00914,35.63152],[136.00595,35.63635],[136.00375,35.64627],[136.00124,35.6471],[135.99822,35.65212],[136.01311,35.66509],[136.01366,35.66725],[136.00941,35.6706],[136.01046,35.67601],[136.00905,35.67783],[136.01292,35.68402],[136.01076,35.69331],[136.01276,35.69727],[136.01028,35.70125],[136.01204,35.70765],[136.01017,35.70837],[136.01361,35.71736],[136.01256,35.725],[136.00529,35.73005],[135.9951,35.72598],[135.9932,35.72701],[135.98138,35.72434],[135.96839,35.72549],[135.96459,35.73011]]]]}},{"type":"Feature","properties":{"code":"18481","name":"大飯郡高浜町","pref":"福井県","pref_code":"18","cx":135.49154,"cy":35.50185,"bbox":[135.44986,35.44808,135.61066,35.55651]},"geometry":{"type":"Polygon","coordinates":[[[135.60253,35.51389],[135.59191,35.50241],[135.58778,35.50016],[135.58082,35.4982],[135.57686,35.49959],[135.57488,35.49338],[135.56446,35.49033],[135.55607,35.49057],[135.55151,35.49401],[135.54612,35.49446],[135.54282,35.49095],[135.53614,35.48887],[135.51904,35.49378],[135.51421,35.4972],[135.51369,35.50129],[135.51055,35.50093],[135.50731,35.5057],[135.51015,35.50921],[135.5089,35.5122],[135.51345,35.51568],[135.51431,35.52138],[135.51251,35.52283],[135.51668,35.5261],[135.51414,35.53575],[135.51645,35.53958],[135.51831,35.54581],[135.51832,35.54961],[135.50368,35.54949],[135.50208,35.5534],[135.4993,35.55384],[135.49943,35.54752],[135.5022,35.54259],[135.5013,35.5401],[135.50741,35.53887],[135.50925,35.53692],[135.50582,35.53286],[135.50281,35.53328],[135.50263,35.52473],[135.49732,35.52497],[135.49463,35.52225],[135.49185,35.52361],[135.49377,35.52833],[135.48867,35.52906],[135.48751,35.52281],[135.48088,35.52194],[135.47788,35.52554],[135.48216,35.52997],[135.48351,35.5343],[135.48062,35.53534],[135.46998,35.52963],[135.46824,35.53144],[135.47474,35.53806],[135.47332,35.54077],[135.47795,35.54212],[135.4799,35.54662],[135.47857,35.55111],[135.48375,35.55418],[135.48153,35.55651],[135.47412,35.55372],[135.46684,35.55191],[135.46048,35.54846],[135.45964,35.54343],[135.45414,35.53693],[135.45454,35.53415],[135.44986,35.52725],[135.44993,35.5208],[135.45976,35.51445],[135.46364,35.51316],[135.46666,35.50949],[135.47303,35.50823],[135.47622,35.50549],[135.47258,35.50118],[135.4763,35.48968],[135.47067,35.4893],[135.46959,35.48479],[135.46248,35.47881],[135.45895,35.47297],[135.45843,35.46886],[135.46277,35.46225],[135.46945,35.45816],[135.47032,35.45449],[135.48086,35.44808],[135.48609,35.4486],[135.49267,35.4512],[135.49507,35.44972],[135.51005,35.46108],[135.51625,35.463],[135.52103,35.46066],[135.52481,35.45565],[135.53627,35.45988],[135.54427,35.4604],[135.54626,35.45925],[135.55316,35.46102],[135.55696,35.46028],[135.56131,35.46181],[135.56311,35.46504],[135.58017,35.46935],[135.58568,35.46651],[135.59196,35.46857],[135.59488,35.46803],[135.60069,35.47342],[135.59979,35.47551],[135.60401,35.4799],[135.60523,35.48369],[135.59796,35.48831],[135.59234,35.49044],[135.58351,35.49074],[135.59222,35.49452],[135.59679,35.49214],[135.60629,35.49026],[135.60357,35.49403],[135.60353,35.49793],[135.60732,35.49843],[135.60801,35.50282],[135.61066,35.5064],[135.60901,35.50988],[135.60253,35.51389]]]}},{"type":"Feature","properties":{"code":"18483","name":"大飯郡おおい町","pref":"福井県","pref_code":"18","cx":135.57102,"cy":35.41482,"bbox":[135.48609,35.34369,135.79196,35.54548]},"geometry":{"type":"MultiPolygon","coordinates":[[[[135.64517,35.4786],[135.63851,35.47974],[135.6318,35.48245],[135.62646,35.48149],[135.62075,35.48597],[135.60523,35.48369],[135.60401,35.4799],[135.59979,35.47551],[135.60069,35.47342],[135.59488,35.46803],[135.59196,35.46857],[135.58568,35.46651],[135.58017,35.46935],[135.56311,35.46504],[135.56131,35.46181],[135.55696,35.46028],[135.55316,35.46102],[135.54626,35.45925],[135.54427,35.4604],[135.53627,35.45988],[135.52481,35.45565],[135.52103,35.46066],[135.51625,35.463],[135.51005,35.46108],[135.49507,35.44972],[135.49267,35.4512],[135.48609,35.4486],[135.49098,35.43855],[135.49779,35.43755],[135.50049,35.43255],[135.49547,35.42926],[135.49536,35.42641],[135.50051,35.42326],[135.50205,35.42003],[135.50569,35.4209],[135.51014,35.42442],[135.5159,35.42195],[135.52081,35.42293],[135.52702,35.41842],[135.52772,35.41214],[135.52997,35.40842],[135.5252,35.40308],[135.5279,35.39766],[135.53164,35.3928],[135.52878,35.39072],[135.52715,35.38469],[135.52754,35.38022],[135.53698,35.37667],[135.55041,35.37687],[135.55327,35.37785],[135.55878,35.37648],[135.56584,35.37733],[135.57173,35.37426],[135.57961,35.37487],[135.58395,35.3702],[135.5881,35.36826],[135.59387,35.37048],[135.59495,35.37265],[135.59979,35.37122],[135.60706,35.3715],[135.61168,35.36922],[135.6151,35.37106],[135.62347,35.3699],[135.62837,35.36688],[135.63664,35.36371],[135.64236,35.36672],[135.65244,35.35994],[135.65933,35.3585],[135.66134,35.35634],[135.6682,35.35707],[135.6695,35.35434],[135.67367,35.35328],[135.67711,35.34984],[135.6801,35.35003],[135.68526,35.34743],[135.68995,35.34785],[135.69235,35.34594],[135.70099,35.34369],[135.71072,35.348],[135.71279,35.35308],[135.71894,35.3553],[135.72502,35.35174],[135.7278,35.35258],[135.73148,35.35055],[135.73637,35.35115],[135.74062,35.35395],[135.74017,35.35827],[135.74414,35.35894],[135.75075,35.357],[135.75518,35.35445],[135.76003,35.35435],[135.76437,35.35652],[135.76879,35.35601],[135.77007,35.35998],[135.77775,35.36594],[135.77915,35.37352],[135.78392,35.37701],[135.78998,35.37837],[135.79196,35.38112],[135.79089,35.38664],[135.78573,35.39135],[135.78002,35.39242],[135.77727,35.3943],[135.77377,35.39353],[135.77024,35.39699],[135.77008,35.4009],[135.76805,35.40389],[135.76387,35.405],[135.76041,35.40978],[135.75559,35.41235],[135.74434,35.41483],[135.73946,35.41699],[135.73616,35.41605],[135.73,35.41852],[135.72768,35.41392],[135.71934,35.4148],[135.71457,35.41189],[135.71349,35.40949],[135.70881,35.40931],[135.70489,35.41076],[135.7019,35.40936],[135.69347,35.41033],[135.68466,35.41516],[135.68214,35.41867],[135.67252,35.41787],[135.6657,35.41029],[135.65437,35.41574],[135.64615,35.41732],[135.64354,35.41666],[135.64105,35.4245],[135.63185,35.42654],[135.62979,35.42267],[135.62682,35.42133],[135.62092,35.42193],[135.61902,35.41726],[135.61533,35.41445],[135.61014,35.41708],[135.60446,35.41583],[135.59876,35.41909],[135.59837,35.42473],[135.58885,35.43013],[135.589,35.43299],[135.5926,35.43457],[135.59949,35.43452],[135.60668,35.4405],[135.61111,35.44148],[135.61609,35.44005],[135.62353,35.44527],[135.63186,35.44463],[135.63644,35.44706],[135.63947,35.44691],[135.64717,35.4501],[135.64663,35.45271],[135.64163,35.45604],[135.64081,35.45896],[135.64302,35.46294],[135.6481,35.46474],[135.64475,35.47517],[135.64517,35.4786]]],[[[135.60629,35.49026],[135.60952,35.49204],[135.61611,35.49242],[135.62381,35.49102],[135.6285,35.49185],[135.63027,35.49636],[135.63642,35.50395],[135.64205,35.50688],[135.64214,35.50977],[135.63738,35.51243],[135.63955,35.51675],[135.63477,35.51885],[135.64426,35.5257],[135.6547,35.53093],[135.66124,35.52924],[135.66159,35.52599],[135.66612,35.52349],[135.66885,35.52522],[135.66565,35.5337],[135.66201,35.53286],[135.65963,35.53473],[135.66118,35.53853],[135.66531,35.54138],[135.65693,35.54495],[135.65196,35.54548],[135.6519,35.54267],[135.643,35.54163],[135.64196,35.5392],[135.63663,35.53698],[135.63308,35.53752],[135.63002,35.53399],[135.62674,35.53308],[135.61968,35.52651],[135.62064,35.52149],[135.61791,35.51881],[135.61257,35.51884],[135.60671,35.51716],[135.60253,35.51389],[135.60901,35.50988],[135.61066,35.5064],[135.60801,35.50282],[135.60732,35.49843],[135.60353,35.49793],[135.60357,35.49403],[135.60629,35.49026]]]]}},{"type":"Feature","properties":{"code":"18501","name":"三方上中郡若狭町","pref":"福井県","pref_code":"18","cx":135.88722,"cy":35.518,"bbox":[135.79692,35.39442,135.95428,35.64225]},"geometry":{"type":"MultiPolygon","coordinates":[[[[135.80503,35.63937],[135.80257,35.63252],[135.80648,35.63125],[135.80503,35.63937]]],[[[135.85313,35.41154],[135.85561,35.40903],[135.85434,35.40078],[135.86043,35.39525],[135.86453,35.39442],[135.87555,35.3974],[135.88029,35.4006],[135.89057,35.40318],[135.89355,35.41073],[135.89298,35.41985],[135.90098,35.42576],[135.90271,35.42943],[135.90808,35.42952],[135.91416,35.43211],[135.9146,35.43799],[135.91281,35.44],[135.91246,35.44869],[135.91558,35.45612],[135.91485,35.45914],[135.91733,35.46676],[135.91601,35.47058],[135.92169,35.47612],[135.92374,35.4817],[135.92229,35.48582],[135.92483,35.48997],[135.92983,35.49196],[135.93321,35.50231],[135.93529,35.50391],[135.93802,35.51116],[135.9376,35.51384],[135.93965,35.52054],[135.94702,35.52048],[135.95428,35.52633],[135.95402,35.53437],[135.95264,35.54114],[135.94979,35.5463],[135.9449,35.55115],[135.94618,35.55498],[135.94262,35.56197],[135.94388,35.56536],[135.94196,35.56755],[135.9402,35.5741],[135.93642,35.57768],[135.93162,35.5797],[135.92062,35.57938],[135.91681,35.58075],[135.91493,35.58548],[135.90774,35.58955],[135.9087,35.59434],[135.90565,35.60021],[135.90087,35.59975],[135.90202,35.60319],[135.88922,35.59783],[135.88528,35.59887],[135.88148,35.60714],[135.8788,35.60864],[135.87407,35.60729],[135.8745,35.6039],[135.87055,35.60134],[135.86451,35.60286],[135.86075,35.60652],[135.85589,35.60784],[135.84814,35.6149],[135.84812,35.61759],[135.83987,35.62698],[135.84089,35.63307],[135.83849,35.63492],[135.83421,35.63444],[135.83003,35.63743],[135.8206,35.64145],[135.81464,35.64225],[135.81307,35.63494],[135.8155,35.63253],[135.82206,35.6375],[135.82771,35.63526],[135.83283,35.6314],[135.82357,35.63135],[135.82315,35.6287],[135.82925,35.62425],[135.83901,35.6203],[135.83868,35.61614],[135.83499,35.61548],[135.83017,35.61196],[135.82739,35.60819],[135.83424,35.6048],[135.83941,35.60746],[135.84304,35.60754],[135.84618,35.60137],[135.85352,35.60307],[135.85553,35.59206],[135.85751,35.58952],[135.85454,35.5866],[135.85738,35.5818],[135.84841,35.57753],[135.84987,35.57372],[135.8482,35.57087],[135.84282,35.57103],[135.84047,35.56834],[135.83969,35.56315],[135.83468,35.56178],[135.82794,35.56401],[135.82783,35.56852],[135.82337,35.57024],[135.82121,35.57373],[135.81518,35.57165],[135.8143,35.56721],[135.81907,35.56604],[135.82222,35.5597],[135.8273,35.5584],[135.83548,35.55414],[135.83942,35.55007],[135.84417,35.5492],[135.85134,35.54104],[135.84959,35.53735],[135.84284,35.53359],[135.84195,35.53125],[135.83205,35.5225],[135.83752,35.51553],[135.84145,35.51301],[135.84212,35.50696],[135.84536,35.50199],[135.84236,35.49564],[135.84478,35.48691],[135.84331,35.4844],[135.83746,35.48247],[135.83473,35.48348],[135.82348,35.47977],[135.81756,35.48366],[135.81196,35.48903],[135.80619,35.49083],[135.79692,35.48968],[135.79936,35.48528],[135.79869,35.48277],[135.80183,35.48],[135.81187,35.47569],[135.8125,35.47416],[135.81008,35.46613],[135.81561,35.46194],[135.81528,35.45693],[135.81961,35.45094],[135.82916,35.44847],[135.83596,35.44344],[135.8409,35.44135],[135.84905,35.44233],[135.85245,35.43801],[135.85916,35.4323],[135.86042,35.42854],[135.85878,35.42627],[135.85728,35.41736],[135.85434,35.41515],[135.85313,35.41154]],[[135.89903,35.59276],[135.90611,35.58885],[135.90407,35.58728],[135.89968,35.58931],[135.89903,35.59276]]]]}},{"type":"Feature","properties":{"code":"19201","name":"甲府市","pref":"山梨県","pref_code":"19","cx":138.57325,"cy":35.68533,"bbox":[138.52511,35.50229,138.66095,35.87477]},"geometry":{"type":"Polygon","coordinates":[[[138.66095,35.87389],[138.64252,35.87477],[138.63423,35.87005],[138.62834,35.87333],[138.62159,35.87045],[138.62053,35.86185],[138.60919,35.85984],[138.60381,35.84845],[138.59446,35.84787],[138.59028,35.84389],[138.58474,35.83092],[138.5802,35.82778],[138.55633,35.828],[138.556,35.81205],[138.54941,35.80704],[138.54817,35.80045],[138.55041,35.79191],[138.5467,35.78836],[138.54023,35.77312],[138.54267,35.76036],[138.55488,35.75909],[138.55377,35.74896],[138.56138,35.74699],[138.56547,35.74022],[138.56072,35.73297],[138.54887,35.72604],[138.54263,35.71323],[138.53533,35.71404],[138.52511,35.70742],[138.52648,35.69553],[138.53631,35.68004],[138.53666,35.67392],[138.53082,35.66435],[138.53876,35.6469],[138.54328,35.65132],[138.55316,35.64408],[138.54728,35.63892],[138.55099,35.63053],[138.54799,35.62218],[138.55368,35.61699],[138.55414,35.60874],[138.55941,35.60492],[138.56263,35.59115],[138.55995,35.58279],[138.56881,35.57892],[138.57613,35.57199],[138.57559,35.56777],[138.58422,35.55785],[138.58405,35.55157],[138.59661,35.54563],[138.59011,35.53712],[138.58886,35.52852],[138.59468,35.51881],[138.59582,35.5122],[138.60241,35.50489],[138.621,35.50229],[138.6366,35.5133],[138.6504,35.51621],[138.65023,35.52075],[138.642,35.52633],[138.64004,35.53353],[138.63177,35.53489],[138.62564,35.54432],[138.61691,35.54833],[138.62428,35.55654],[138.61742,35.57511],[138.60502,35.5776],[138.58916,35.58879],[138.58924,35.59439],[138.60862,35.60351],[138.60781,35.61721],[138.59856,35.61793],[138.59838,35.63413],[138.61032,35.641],[138.63207,35.65047],[138.62763,35.65865],[138.62635,35.6686],[138.62242,35.67036],[138.61042,35.69061],[138.6196,35.69242],[138.62432,35.6988],[138.61688,35.71154],[138.61235,35.71781],[138.59363,35.72776],[138.59459,35.75055],[138.60562,35.75953],[138.6167,35.78065],[138.61303,35.78954],[138.62999,35.80412],[138.63684,35.81279],[138.6311,35.81517],[138.63897,35.84559],[138.63584,35.8525],[138.66095,35.87389]]]}},{"type":"Feature","properties":{"code":"19202","name":"富士吉田市","pref":"山梨県","pref_code":"19","cx":138.78207,"cy":35.44629,"bbox":[138.7276,35.3628,138.86622,35.5327]},"geometry":{"type":"Polygon","coordinates":[[[138.8184,35.53247],[138.80633,35.5327],[138.80225,35.52476],[138.79371,35.52004],[138.78059,35.50324],[138.77946,35.4922],[138.77085,35.49321],[138.76958,35.48153],[138.76347,35.47081],[138.7584,35.45088],[138.75013,35.44201],[138.7276,35.42237],[138.73345,35.39359],[138.73028,35.36939],[138.73078,35.3628],[138.79945,35.37667],[138.81557,35.37644],[138.82194,35.37418],[138.83398,35.38385],[138.85083,35.39046],[138.8624,35.39008],[138.86355,35.39348],[138.82851,35.41207],[138.83359,35.42928],[138.80935,35.43923],[138.81044,35.45057],[138.80638,35.45636],[138.81264,35.46167],[138.81694,35.47642],[138.83109,35.46894],[138.84617,35.4712],[138.86622,35.48534],[138.86448,35.49309],[138.85721,35.49869],[138.85586,35.50507],[138.84019,35.50141],[138.83349,35.51093],[138.83699,35.52011],[138.83359,35.52589],[138.82248,35.52764],[138.8184,35.53247]]]}},{"type":"Feature","properties":{"code":"19204","name":"都留市","pref":"山梨県","pref_code":"19","cx":138.92985,"cy":35.52781,"bbox":[138.7995,35.45034,139.0275,35.60458]},"geometry":{"type":"Polygon","coordinates":[[[138.86622,35.48534],[138.87664,35.48572],[138.88245,35.4795],[138.88426,35.47139],[138.89441,35.45429],[138.90129,35.45048],[138.90795,35.45034],[138.92387,35.45796],[138.92924,35.47403],[138.92937,35.48442],[138.93997,35.49384],[138.94762,35.49474],[138.96736,35.50479],[138.97133,35.50893],[138.97445,35.52128],[138.97999,35.52042],[138.99799,35.52421],[139.00431,35.5285],[139.0056,35.53898],[139.01234,35.5432],[139.02438,35.54434],[139.0275,35.54958],[139.01835,35.55427],[139.01768,35.56162],[139.00722,35.57158],[139.00504,35.579],[138.99653,35.581],[138.99119,35.57787],[138.97442,35.57523],[138.96829,35.57101],[138.95685,35.56928],[138.95058,35.57442],[138.95017,35.59154],[138.9434,35.59632],[138.94001,35.60458],[138.92988,35.6012],[138.91357,35.58974],[138.90368,35.58834],[138.89772,35.58175],[138.86317,35.57403],[138.83777,35.58355],[138.81845,35.58123],[138.81131,35.57558],[138.7995,35.57222],[138.80137,35.55818],[138.81026,35.55066],[138.83253,35.54837],[138.83809,35.54973],[138.84744,35.54538],[138.85328,35.53851],[138.86549,35.53154],[138.85472,35.52711],[138.8534,35.52265],[138.85586,35.50507],[138.85721,35.49869],[138.86448,35.49309],[138.86622,35.48534]]]}},{"type":"Feature","properties":{"code":"19205","name":"山梨市","pref":"山梨県","pref_code":"19","cx":138.67721,"cy":35.78542,"bbox":[138.59363,35.66067,138.8136,35.90964]},"geometry":{"type":"Polygon","coordinates":[[[138.61688,35.71154],[138.64762,35.68775],[138.64241,35.68465],[138.65612,35.67848],[138.67211,35.67444],[138.66596,35.66251],[138.67907,35.66067],[138.70772,35.66305],[138.70691,35.6705],[138.70011,35.67482],[138.71565,35.68562],[138.71005,35.69494],[138.71342,35.70845],[138.7022,35.71232],[138.71156,35.72754],[138.71057,35.73385],[138.72072,35.74198],[138.72345,35.75321],[138.74192,35.76415],[138.74543,35.77741],[138.73924,35.78399],[138.74088,35.78921],[138.77389,35.78914],[138.78675,35.78684],[138.78435,35.79373],[138.78609,35.80812],[138.78461,35.82537],[138.78967,35.8354],[138.8028,35.84109],[138.80414,35.85167],[138.8136,35.86237],[138.8084,35.87002],[138.79697,35.87213],[138.78912,35.89324],[138.77716,35.90042],[138.76567,35.89911],[138.75829,35.90241],[138.74911,35.90161],[138.72901,35.90922],[138.70797,35.90964],[138.69193,35.89585],[138.68585,35.89387],[138.68268,35.88146],[138.67599,35.86984],[138.66095,35.87389],[138.63584,35.8525],[138.63897,35.84559],[138.6311,35.81517],[138.63684,35.81279],[138.62999,35.80412],[138.61303,35.78954],[138.6167,35.78065],[138.60562,35.75953],[138.59459,35.75055],[138.59363,35.72776],[138.61235,35.71781],[138.61688,35.71154]]]}},{"type":"Feature","properties":{"code":"19206","name":"大月市","pref":"山梨県","pref_code":"19","cx":138.93722,"cy":35.65733,"bbox":[138.76699,35.56928,139.06589,35.74212]},"geometry":{"type":"Polygon","coordinates":[[[139.00504,35.579],[139.01963,35.58397],[139.02565,35.58062],[139.03995,35.58444],[139.06589,35.58646],[139.06375,35.61564],[139.05962,35.61666],[139.04429,35.61182],[139.02522,35.61655],[139.02129,35.63254],[139.01375,35.63734],[139.02536,35.65377],[139.02005,35.66704],[139.00024,35.67017],[138.99253,35.6755],[138.99467,35.68222],[138.98322,35.68924],[138.97793,35.70025],[138.96845,35.70466],[138.97175,35.71231],[138.96637,35.72101],[138.94579,35.72941],[138.94299,35.73409],[138.92374,35.74062],[138.91605,35.73942],[138.90656,35.74212],[138.88671,35.73955],[138.882,35.73635],[138.86777,35.73411],[138.85996,35.7303],[138.85509,35.71465],[138.85522,35.70201],[138.85992,35.68874],[138.85257,35.682],[138.847,35.67271],[138.85049,35.6609],[138.85051,35.64914],[138.83465,35.6357],[138.82986,35.62915],[138.81995,35.62957],[138.81479,35.62212],[138.80354,35.6233],[138.79353,35.61741],[138.7815,35.61567],[138.77925,35.6097],[138.76699,35.60534],[138.77404,35.59328],[138.77276,35.58659],[138.78489,35.58553],[138.78675,35.57487],[138.79325,35.5699],[138.7995,35.57222],[138.81131,35.57558],[138.81845,35.58123],[138.83777,35.58355],[138.86317,35.57403],[138.89772,35.58175],[138.90368,35.58834],[138.91357,35.58974],[138.92988,35.6012],[138.94001,35.60458],[138.9434,35.59632],[138.95017,35.59154],[138.95058,35.57442],[138.95685,35.56928],[138.96829,35.57101],[138.97442,35.57523],[138.99119,35.57787],[138.99653,35.581],[139.00504,35.579]]]}},{"type":"Feature","properties":{"code":"19207","name":"韮崎市","pref":"山梨県","pref_code":"19","cx":138.40013,"cy":35.71659,"bbox":[138.29689,35.66254,138.51952,35.77395]},"geometry":{"type":"Polygon","coordinates":[[[138.50037,35.76968],[138.4891,35.76725],[138.48783,35.76246],[138.47659,35.75312],[138.45818,35.74658],[138.44909,35.73608],[138.43545,35.75296],[138.42696,35.76819],[138.41849,35.77395],[138.41042,35.76705],[138.40321,35.766],[138.40025,35.77295],[138.3744,35.76912],[138.3664,35.76516],[138.37518,35.75428],[138.35153,35.74593],[138.33474,35.72766],[138.33322,35.72118],[138.31919,35.71075],[138.31222,35.70974],[138.29974,35.71292],[138.29689,35.71033],[138.30852,35.69855],[138.315,35.68764],[138.31613,35.68078],[138.32201,35.67627],[138.33701,35.67195],[138.35436,35.67567],[138.35683,35.68367],[138.37182,35.68357],[138.39845,35.67153],[138.40915,35.67406],[138.4222,35.66523],[138.43131,35.66254],[138.44747,35.66574],[138.46877,35.67257],[138.47953,35.67286],[138.48669,35.67681],[138.48079,35.67944],[138.47227,35.6901],[138.46543,35.70291],[138.47443,35.71872],[138.48855,35.71446],[138.49606,35.7214],[138.5017,35.72207],[138.5116,35.73192],[138.51098,35.73871],[138.5184,35.75384],[138.51952,35.76745],[138.51411,35.77078],[138.50037,35.76968]]]}},{"type":"Feature","properties":{"code":"19208","name":"南アルプス市","pref":"山梨県","pref_code":"19","cx":138.35411,"cy":35.65916,"bbox":[138.18086,35.5638,138.51077,35.75305]},"geometry":{"type":"Polygon","coordinates":[[[138.29689,35.71033],[138.28774,35.70974],[138.26508,35.72225],[138.26324,35.72717],[138.24207,35.73187],[138.2343,35.73797],[138.23432,35.74565],[138.22956,35.75305],[138.19747,35.72703],[138.18185,35.71834],[138.18086,35.71124],[138.19116,35.7019],[138.19398,35.69549],[138.1933,35.67226],[138.20549,35.66426],[138.20808,35.65579],[138.21937,35.64435],[138.22837,35.64596],[138.24144,35.6503],[138.25468,35.64557],[138.27755,35.6436],[138.28509,35.64632],[138.31104,35.64361],[138.31576,35.63646],[138.31149,35.63193],[138.31489,35.62537],[138.31292,35.61397],[138.30863,35.6073],[138.314,35.602],[138.32816,35.60977],[138.33576,35.60418],[138.33884,35.59127],[138.34863,35.59021],[138.36921,35.58643],[138.37787,35.59503],[138.38315,35.59117],[138.40166,35.58996],[138.40844,35.5942],[138.42107,35.58766],[138.42167,35.58179],[138.43818,35.57808],[138.45086,35.58104],[138.46581,35.57813],[138.47485,35.57253],[138.47903,35.5638],[138.49587,35.57315],[138.50021,35.58324],[138.50503,35.58608],[138.51032,35.59943],[138.50673,35.61169],[138.50683,35.62257],[138.51077,35.6235],[138.50959,35.63345],[138.5055,35.63337],[138.5029,35.65291],[138.49791,35.67091],[138.48669,35.67681],[138.47953,35.67286],[138.46877,35.67257],[138.44747,35.66574],[138.43131,35.66254],[138.4222,35.66523],[138.40915,35.67406],[138.39845,35.67153],[138.37182,35.68357],[138.35683,35.68367],[138.35436,35.67567],[138.33701,35.67195],[138.32201,35.67627],[138.31613,35.68078],[138.315,35.68764],[138.30852,35.69855],[138.29689,35.71033]]]}},{"type":"Feature","properties":{"code":"19209","name":"北杜市","pref":"山梨県","pref_code":"19","cx":138.40193,"cy":35.84045,"bbox":[138.18517,35.70974,138.62159,35.97138]},"geometry":{"type":"Polygon","coordinates":[[[138.62159,35.87045],[138.61076,35.87369],[138.60676,35.87846],[138.60723,35.89968],[138.61232,35.90867],[138.60254,35.90984],[138.59243,35.91828],[138.58098,35.91705],[138.57667,35.91144],[138.56442,35.91733],[138.55384,35.91899],[138.54536,35.91478],[138.52937,35.91455],[138.52137,35.91869],[138.50567,35.91887],[138.50276,35.9122],[138.49465,35.91115],[138.49471,35.90208],[138.48978,35.89645],[138.48214,35.89877],[138.47165,35.89619],[138.46049,35.90352],[138.45422,35.90321],[138.44442,35.91773],[138.44751,35.92925],[138.45433,35.93831],[138.45056,35.94541],[138.44316,35.95114],[138.42419,35.95897],[138.39069,35.96634],[138.38177,35.97125],[138.37046,35.97138],[138.3619,35.9626],[138.36008,35.95101],[138.35216,35.94797],[138.34505,35.94133],[138.34203,35.92567],[138.33153,35.91438],[138.32432,35.90233],[138.30768,35.88745],[138.29306,35.86706],[138.28364,35.85932],[138.27284,35.86493],[138.26444,35.87591],[138.2486,35.88592],[138.23823,35.88238],[138.2326,35.87613],[138.22679,35.8574],[138.21266,35.83702],[138.20678,35.83154],[138.20349,35.82263],[138.20569,35.81573],[138.18779,35.79995],[138.18517,35.79108],[138.19149,35.78429],[138.20533,35.78259],[138.22468,35.76569],[138.23216,35.76355],[138.2367,35.75771],[138.22956,35.75305],[138.23432,35.74565],[138.2343,35.73797],[138.24207,35.73187],[138.26324,35.72717],[138.26508,35.72225],[138.28774,35.70974],[138.29689,35.71033],[138.29974,35.71292],[138.31222,35.70974],[138.31919,35.71075],[138.33322,35.72118],[138.33474,35.72766],[138.35153,35.74593],[138.37518,35.75428],[138.3664,35.76516],[138.3744,35.76912],[138.40025,35.77295],[138.40321,35.766],[138.41042,35.76705],[138.41849,35.77395],[138.42696,35.76819],[138.43545,35.75296],[138.44909,35.73608],[138.45818,35.74658],[138.47659,35.75312],[138.48783,35.76246],[138.4891,35.76725],[138.50037,35.76968],[138.51075,35.7843],[138.51381,35.79829],[138.52883,35.80674],[138.53819,35.80185],[138.54817,35.80045],[138.54941,35.80704],[138.556,35.81205],[138.55633,35.828],[138.5802,35.82778],[138.58474,35.83092],[138.59028,35.84389],[138.59446,35.84787],[138.60381,35.84845],[138.60919,35.85984],[138.62053,35.86185],[138.62159,35.87045]]]}},{"type":"Feature","properties":{"code":"19210","name":"甲斐市","pref":"山梨県","pref_code":"19","cx":138.51756,"cy":35.71659,"bbox":[138.46543,35.62927,138.56547,35.80674]},"geometry":{"type":"Polygon","coordinates":[[[138.54817,35.80045],[138.53819,35.80185],[138.52883,35.80674],[138.51381,35.79829],[138.51075,35.7843],[138.50037,35.76968],[138.51411,35.77078],[138.51952,35.76745],[138.5184,35.75384],[138.51098,35.73871],[138.5116,35.73192],[138.5017,35.72207],[138.49606,35.7214],[138.48855,35.71446],[138.47443,35.71872],[138.46543,35.70291],[138.47227,35.6901],[138.48079,35.67944],[138.49791,35.67091],[138.5029,35.65291],[138.5055,35.63337],[138.50959,35.63345],[138.52874,35.62927],[138.52776,35.63787],[138.53876,35.6469],[138.53082,35.66435],[138.53666,35.67392],[138.53631,35.68004],[138.52648,35.69553],[138.52511,35.70742],[138.53533,35.71404],[138.54263,35.71323],[138.54887,35.72604],[138.56072,35.73297],[138.56547,35.74022],[138.56138,35.74699],[138.55377,35.74896],[138.55488,35.75909],[138.54267,35.76036],[138.54023,35.77312],[138.5467,35.78836],[138.55041,35.79191],[138.54817,35.80045]]]}},{"type":"Feature","properties":{"code":"19211","name":"笛吹市","pref":"山梨県","pref_code":"19","cx":138.68749,"cy":35.61128,"bbox":[138.58916,35.51621,138.79325,35.71154]},"geometry":{"type":"Polygon","coordinates":[[[138.6504,35.51621],[138.67653,35.51969],[138.68429,35.52788],[138.69411,35.53366],[138.72669,35.54304],[138.73231,35.54678],[138.75424,35.55375],[138.76525,35.55914],[138.78266,35.55859],[138.79163,35.56077],[138.79325,35.5699],[138.78675,35.57487],[138.78489,35.58553],[138.77276,35.58659],[138.77404,35.59328],[138.76699,35.60534],[138.76659,35.61914],[138.75644,35.62019],[138.73961,35.63077],[138.73806,35.63628],[138.72355,35.63913],[138.71783,35.64767],[138.71317,35.64532],[138.71339,35.66279],[138.70772,35.66305],[138.67907,35.66067],[138.66596,35.66251],[138.67211,35.67444],[138.65612,35.67848],[138.64241,35.68465],[138.64762,35.68775],[138.61688,35.71154],[138.62432,35.6988],[138.6196,35.69242],[138.61042,35.69061],[138.62242,35.67036],[138.62635,35.6686],[138.62763,35.65865],[138.63207,35.65047],[138.61032,35.641],[138.59838,35.63413],[138.59856,35.61793],[138.60781,35.61721],[138.60862,35.60351],[138.58924,35.59439],[138.58916,35.58879],[138.60502,35.5776],[138.61742,35.57511],[138.62428,35.55654],[138.61691,35.54833],[138.62564,35.54432],[138.63177,35.53489],[138.64004,35.53353],[138.642,35.52633],[138.65023,35.52075],[138.6504,35.51621]]]}},{"type":"Feature","properties":{"code":"19212","name":"上野原市","pref":"山梨県","pref_code":"19","cx":139.07068,"cy":35.63962,"bbox":[138.96845,35.54297,139.13371,35.73886]},"geometry":{"type":"Polygon","coordinates":[[[139.02438,35.54434],[139.02597,35.54297],[139.05712,35.5471],[139.06481,35.54507],[139.07816,35.54872],[139.08907,35.54375],[139.11196,35.54979],[139.12841,35.56265],[139.12777,35.581],[139.12144,35.58692],[139.12933,35.5946],[139.13302,35.60648],[139.12779,35.61264],[139.13371,35.61581],[139.12347,35.62406],[139.12362,35.63408],[139.12697,35.6419],[139.11726,35.6549],[139.13134,35.67199],[139.12685,35.67686],[139.10562,35.69102],[139.09225,35.69057],[139.08166,35.69552],[139.07211,35.69541],[139.03872,35.71129],[139.02253,35.72199],[139.01188,35.73886],[138.99193,35.71679],[138.97175,35.71231],[138.96845,35.70466],[138.97793,35.70025],[138.98322,35.68924],[138.99467,35.68222],[138.99253,35.6755],[139.00024,35.67017],[139.02005,35.66704],[139.02536,35.65377],[139.01375,35.63734],[139.02129,35.63254],[139.02522,35.61655],[139.04429,35.61182],[139.05962,35.61666],[139.06375,35.61564],[139.06589,35.58646],[139.03995,35.58444],[139.02565,35.58062],[139.01963,35.58397],[139.00504,35.579],[139.00722,35.57158],[139.01768,35.56162],[139.01835,35.55427],[139.0275,35.54958],[139.02438,35.54434]]]}},{"type":"Feature","properties":{"code":"19213","name":"甲州市","pref":"山梨県","pref_code":"19","cx":138.78409,"cy":35.73737,"bbox":[138.70011,35.60534,138.86797,35.86739]},"geometry":{"type":"Polygon","coordinates":[[[138.70772,35.66305],[138.71339,35.66279],[138.71317,35.64532],[138.71783,35.64767],[138.72355,35.63913],[138.73806,35.63628],[138.73961,35.63077],[138.75644,35.62019],[138.76659,35.61914],[138.76699,35.60534],[138.77925,35.6097],[138.7815,35.61567],[138.79353,35.61741],[138.80354,35.6233],[138.81479,35.62212],[138.81995,35.62957],[138.82986,35.62915],[138.83465,35.6357],[138.85051,35.64914],[138.85049,35.6609],[138.847,35.67271],[138.85257,35.682],[138.85992,35.68874],[138.85522,35.70201],[138.85509,35.71465],[138.85996,35.7303],[138.85411,35.73342],[138.85239,35.7409],[138.84546,35.7489],[138.82808,35.75507],[138.81952,35.76511],[138.81723,35.77663],[138.86286,35.77943],[138.86797,35.78291],[138.86293,35.80419],[138.85685,35.8066],[138.86001,35.81613],[138.85125,35.82373],[138.85205,35.82814],[138.86114,35.83208],[138.86536,35.84122],[138.86249,35.8471],[138.86266,35.85876],[138.85663,35.86462],[138.84545,35.86739],[138.83243,35.86225],[138.8285,35.86574],[138.8136,35.86237],[138.80414,35.85167],[138.8028,35.84109],[138.78967,35.8354],[138.78461,35.82537],[138.78609,35.80812],[138.78435,35.79373],[138.78675,35.78684],[138.77389,35.78914],[138.74088,35.78921],[138.73924,35.78399],[138.74543,35.77741],[138.74192,35.76415],[138.72345,35.75321],[138.72072,35.74198],[138.71057,35.73385],[138.71156,35.72754],[138.7022,35.71232],[138.71342,35.70845],[138.71005,35.69494],[138.71565,35.68562],[138.70011,35.67482],[138.70691,35.6705],[138.70772,35.66305]]]}},{"type":"Feature","properties":{"code":"19214","name":"中央市","pref":"山梨県","pref_code":"19","cx":138.53158,"cy":35.58466,"bbox":[138.49587,35.54585,138.58422,35.6235]},"geometry":{"type":"Polygon","coordinates":[[[138.55368,35.61699],[138.5436,35.61883],[138.5334,35.61699],[138.53225,35.60971],[138.52024,35.61029],[138.51606,35.62338],[138.51077,35.6235],[138.50683,35.62257],[138.50673,35.61169],[138.51032,35.59943],[138.50503,35.58608],[138.50021,35.58324],[138.49587,35.57315],[138.52459,35.57695],[138.53439,35.58245],[138.54281,35.57711],[138.53758,35.55499],[138.55926,35.54655],[138.57338,35.54585],[138.57369,35.55023],[138.58405,35.55157],[138.58422,35.55785],[138.57559,35.56777],[138.57613,35.57199],[138.56881,35.57892],[138.55995,35.58279],[138.56263,35.59115],[138.55941,35.60492],[138.55414,35.60874],[138.55368,35.61699]]]}},{"type":"Feature","properties":{"code":"19346","name":"西八代郡市川三郷町","pref":"山梨県","pref_code":"19","cx":138.52093,"cy":35.52647,"bbox":[138.44727,35.46828,138.59661,35.58245]},"geometry":{"type":"Polygon","coordinates":[[[138.58405,35.55157],[138.57369,35.55023],[138.57338,35.54585],[138.55926,35.54655],[138.53758,35.55499],[138.54281,35.57711],[138.53439,35.58245],[138.52459,35.57695],[138.49587,35.57315],[138.47903,35.5638],[138.47461,35.55302],[138.46584,35.54251],[138.46471,35.53625],[138.45274,35.53628],[138.45158,35.52442],[138.46587,35.52043],[138.46807,35.51222],[138.46347,35.50691],[138.44727,35.49927],[138.45421,35.49229],[138.45475,35.48611],[138.44736,35.47821],[138.44771,35.46828],[138.46224,35.47777],[138.46419,35.48421],[138.478,35.48459],[138.4989,35.49895],[138.49526,35.50389],[138.50479,35.50992],[138.52361,35.50894],[138.52605,35.51484],[138.53571,35.51897],[138.55674,35.51455],[138.5681,35.51723],[138.59468,35.51881],[138.58886,35.52852],[138.59011,35.53712],[138.59661,35.54563],[138.58405,35.55157]]]}},{"type":"Feature","properties":{"code":"19364","name":"南巨摩郡早川町","pref":"山梨県","pref_code":"19","cx":138.32091,"cy":35.47717,"bbox":[138.22832,35.30427,138.42217,35.6503]},"geometry":{"type":"Polygon","coordinates":[[[138.22837,35.64596],[138.23232,35.6401],[138.22832,35.62721],[138.23608,35.62227],[138.23568,35.60619],[138.24064,35.60511],[138.24358,35.59152],[138.23943,35.58661],[138.24046,35.57632],[138.24515,35.56932],[138.24445,35.56346],[138.25205,35.55569],[138.25948,35.55298],[138.26008,35.5429],[138.25735,35.53085],[138.26259,35.52713],[138.26898,35.51413],[138.26025,35.5059],[138.25788,35.47602],[138.25348,35.46596],[138.24629,35.46348],[138.24434,35.45412],[138.24831,35.44718],[138.25533,35.44458],[138.25944,35.43108],[138.2581,35.40739],[138.24645,35.3998],[138.24594,35.39107],[138.24012,35.38814],[138.23202,35.37122],[138.25126,35.36353],[138.251,35.35835],[138.25698,35.33859],[138.24874,35.3316],[138.25792,35.31647],[138.26979,35.3144],[138.27641,35.30742],[138.28527,35.30427],[138.29645,35.31651],[138.30293,35.31663],[138.32446,35.32721],[138.33564,35.3265],[138.34307,35.34105],[138.34262,35.34992],[138.3506,35.35874],[138.37153,35.34889],[138.38742,35.35551],[138.39351,35.36531],[138.39507,35.37495],[138.39349,35.38836],[138.40449,35.39599],[138.41731,35.39764],[138.42217,35.41622],[138.40972,35.42162],[138.40753,35.42698],[138.39696,35.43446],[138.39475,35.4395],[138.37992,35.4486],[138.37913,35.46673],[138.38437,35.47833],[138.37679,35.48637],[138.3698,35.48827],[138.36836,35.4992],[138.36099,35.50433],[138.35799,35.51739],[138.35366,35.52165],[138.35541,35.5482],[138.33243,35.55202],[138.3263,35.5488],[138.32487,35.56122],[138.33287,35.57923],[138.34863,35.59021],[138.33884,35.59127],[138.33576,35.60418],[138.32816,35.60977],[138.314,35.602],[138.30863,35.6073],[138.31292,35.61397],[138.31489,35.62537],[138.31149,35.63193],[138.31576,35.63646],[138.31104,35.64361],[138.28509,35.64632],[138.27755,35.6436],[138.25468,35.64557],[138.24144,35.6503],[138.22837,35.64596]]]}},{"type":"Feature","properties":{"code":"19365","name":"南巨摩郡身延町","pref":"山梨県","pref_code":"19","cx":138.47549,"cy":35.40577,"bbox":[138.33564,35.29556,138.60241,35.51897]},"geometry":{"type":"Polygon","coordinates":[[[138.59468,35.51881],[138.5681,35.51723],[138.55674,35.51455],[138.53571,35.51897],[138.52605,35.51484],[138.52361,35.50894],[138.50479,35.50992],[138.49526,35.50389],[138.4989,35.49895],[138.478,35.48459],[138.46419,35.48421],[138.46224,35.47777],[138.44771,35.46828],[138.44736,35.47821],[138.45475,35.48611],[138.45421,35.49229],[138.44727,35.49927],[138.44271,35.49439],[138.42773,35.49981],[138.41598,35.49738],[138.40369,35.48896],[138.39699,35.48833],[138.39309,35.482],[138.38437,35.47833],[138.37913,35.46673],[138.37992,35.4486],[138.39475,35.4395],[138.39696,35.43446],[138.40753,35.42698],[138.40972,35.42162],[138.42217,35.41622],[138.41731,35.39764],[138.40449,35.39599],[138.39349,35.38836],[138.39507,35.37495],[138.39351,35.36531],[138.38742,35.35551],[138.37153,35.34889],[138.3506,35.35874],[138.34262,35.34992],[138.34307,35.34105],[138.33564,35.3265],[138.34337,35.31799],[138.34999,35.31525],[138.35762,35.31776],[138.37059,35.30477],[138.37248,35.29941],[138.38352,35.29556],[138.40482,35.3003],[138.4139,35.30989],[138.41988,35.30818],[138.42866,35.31411],[138.44955,35.31621],[138.45262,35.30793],[138.47505,35.30907],[138.48041,35.31276],[138.48227,35.32268],[138.47944,35.3381],[138.4819,35.34502],[138.49324,35.35057],[138.49596,35.3585],[138.50766,35.36205],[138.50762,35.36755],[138.52029,35.37795],[138.52817,35.37905],[138.53585,35.38988],[138.53125,35.40212],[138.53183,35.40941],[138.54575,35.41679],[138.55561,35.42613],[138.55906,35.43421],[138.57742,35.44089],[138.58397,35.44751],[138.58266,35.47439],[138.59585,35.48336],[138.59455,35.49555],[138.60241,35.50489],[138.59582,35.5122],[138.59468,35.51881]]]}},{"type":"Feature","properties":{"code":"19366","name":"南巨摩郡南部町","pref":"山梨県","pref_code":"19","cx":138.44396,"cy":35.27718,"bbox":[138.36676,35.16838,138.53509,35.37905]},"geometry":{"type":"Polygon","coordinates":[[[138.37248,35.29941],[138.36676,35.29032],[138.36703,35.27019],[138.37821,35.25394],[138.38615,35.24624],[138.3918,35.22482],[138.39067,35.2199],[138.39429,35.20781],[138.39958,35.20023],[138.40757,35.20293],[138.41903,35.19764],[138.43094,35.18039],[138.45683,35.17821],[138.46113,35.17949],[138.48426,35.17419],[138.49149,35.16838],[138.50113,35.17652],[138.50623,35.18607],[138.51231,35.18897],[138.51733,35.19861],[138.52848,35.19754],[138.53319,35.20086],[138.52738,35.2168],[138.53228,35.22339],[138.5269,35.23257],[138.52067,35.25543],[138.51424,35.26223],[138.52032,35.27088],[138.52166,35.28348],[138.5161,35.29608],[138.51209,35.31356],[138.5254,35.32187],[138.53509,35.33056],[138.53485,35.34106],[138.53063,35.34558],[138.5307,35.37613],[138.52817,35.37905],[138.52029,35.37795],[138.50762,35.36755],[138.50766,35.36205],[138.49596,35.3585],[138.49324,35.35057],[138.4819,35.34502],[138.47944,35.3381],[138.48227,35.32268],[138.48041,35.31276],[138.47505,35.30907],[138.45262,35.30793],[138.44955,35.31621],[138.42866,35.31411],[138.41988,35.30818],[138.4139,35.30989],[138.40482,35.3003],[138.38352,35.29556],[138.37248,35.29941]]]}},{"type":"Feature","properties":{"code":"19368","name":"南巨摩郡富士川町","pref":"山梨県","pref_code":"19","cx":138.41006,"cy":35.5394,"bbox":[138.32487,35.47833,138.47903,35.59503]},"geometry":{"type":"Polygon","coordinates":[[[138.34863,35.59021],[138.33287,35.57923],[138.32487,35.56122],[138.3263,35.5488],[138.33243,35.55202],[138.35541,35.5482],[138.35366,35.52165],[138.35799,35.51739],[138.36099,35.50433],[138.36836,35.4992],[138.3698,35.48827],[138.37679,35.48637],[138.38437,35.47833],[138.39309,35.482],[138.39699,35.48833],[138.40369,35.48896],[138.41598,35.49738],[138.42773,35.49981],[138.44271,35.49439],[138.44727,35.49927],[138.46347,35.50691],[138.46807,35.51222],[138.46587,35.52043],[138.45158,35.52442],[138.45274,35.53628],[138.46471,35.53625],[138.46584,35.54251],[138.47461,35.55302],[138.47903,35.5638],[138.47485,35.57253],[138.46581,35.57813],[138.45086,35.58104],[138.43818,35.57808],[138.42167,35.58179],[138.42107,35.58766],[138.40844,35.5942],[138.40166,35.58996],[138.38315,35.59117],[138.37787,35.59503],[138.36921,35.58643],[138.34863,35.59021]]]}},{"type":"Feature","properties":{"code":"19384","name":"中巨摩郡昭和町","pref":"山梨県","pref_code":"19","cx":138.53971,"cy":35.6299,"bbox":[138.50959,35.60971,138.55368,35.65132]},"geometry":{"type":"Polygon","coordinates":[[[138.53876,35.6469],[138.52776,35.63787],[138.52874,35.62927],[138.50959,35.63345],[138.51077,35.6235],[138.51606,35.62338],[138.52024,35.61029],[138.53225,35.60971],[138.5334,35.61699],[138.5436,35.61883],[138.55368,35.61699],[138.54799,35.62218],[138.55099,35.63053],[138.54728,35.63892],[138.55316,35.64408],[138.54328,35.65132],[138.53876,35.6469]]]}},{"type":"Feature","properties":{"code":"19422","name":"南都留郡道志村","pref":"山梨県","pref_code":"19","cx":138.99712,"cy":35.49709,"bbox":[138.92387,35.44881,139.11392,35.54979]},"geometry":{"type":"Polygon","coordinates":[[[138.92387,35.45796],[138.93732,35.44881],[138.95925,35.46223],[138.97877,35.46374],[138.98882,35.47364],[139.00814,35.47456],[139.01486,35.47991],[139.02755,35.48097],[139.03062,35.4887],[139.03694,35.49095],[139.04393,35.49944],[139.04602,35.50966],[139.06008,35.5075],[139.06855,35.51089],[139.08579,35.51209],[139.0943,35.52187],[139.10411,35.52689],[139.11392,35.53849],[139.11196,35.54979],[139.08907,35.54375],[139.07816,35.54872],[139.06481,35.54507],[139.05712,35.5471],[139.02597,35.54297],[139.02438,35.54434],[139.01234,35.5432],[139.0056,35.53898],[139.00431,35.5285],[138.99799,35.52421],[138.97999,35.52042],[138.97445,35.52128],[138.97133,35.50893],[138.96736,35.50479],[138.94762,35.49474],[138.93997,35.49384],[138.92937,35.48442],[138.92924,35.47403],[138.92387,35.45796]]]}},{"type":"Feature","properties":{"code":"19423","name":"南都留郡西桂町","pref":"山梨県","pref_code":"19","cx":138.84212,"cy":35.5265,"bbox":[138.80253,35.50141,138.86549,35.55066]},"geometry":{"type":"Polygon","coordinates":[[[138.85586,35.50507],[138.8534,35.52265],[138.85472,35.52711],[138.86549,35.53154],[138.85328,35.53851],[138.84744,35.54538],[138.83809,35.54973],[138.83253,35.54837],[138.81026,35.55066],[138.80253,35.54567],[138.80633,35.5327],[138.8184,35.53247],[138.82248,35.52764],[138.83359,35.52589],[138.83699,35.52011],[138.83349,35.51093],[138.84019,35.50141],[138.85586,35.50507]]]}},{"type":"Feature","properties":{"code":"19424","name":"南都留郡忍野村","pref":"山梨県","pref_code":"19","cx":138.85059,"cy":35.45913,"bbox":[138.80638,35.43671,138.90129,35.48572]},"geometry":{"type":"Polygon","coordinates":[[[138.80638,35.45636],[138.83403,35.44049],[138.84732,35.44576],[138.84986,35.45659],[138.8646,35.44992],[138.85816,35.44338],[138.86443,35.43671],[138.89317,35.44257],[138.90129,35.45048],[138.89441,35.45429],[138.88426,35.47139],[138.88245,35.4795],[138.87664,35.48572],[138.86622,35.48534],[138.84617,35.4712],[138.83109,35.46894],[138.81694,35.47642],[138.81264,35.46167],[138.80638,35.45636]]]}},{"type":"Feature","properties":{"code":"19425","name":"南都留郡山中湖村","pref":"山梨県","pref_code":"19","cx":138.87962,"cy":35.42082,"bbox":[138.80638,35.38171,138.93732,35.45796]},"geometry":{"type":"Polygon","coordinates":[[[138.8624,35.39008],[138.87346,35.38171],[138.87929,35.38595],[138.88794,35.38635],[138.90287,35.39633],[138.9164,35.40061],[138.91807,35.41134],[138.92566,35.41531],[138.93064,35.42633],[138.9274,35.43764],[138.93732,35.44881],[138.92387,35.45796],[138.90795,35.45034],[138.90129,35.45048],[138.89317,35.44257],[138.86443,35.43671],[138.85816,35.44338],[138.8646,35.44992],[138.84986,35.45659],[138.84732,35.44576],[138.83403,35.44049],[138.80638,35.45636],[138.81044,35.45057],[138.80935,35.43923],[138.83359,35.42928],[138.82851,35.41207],[138.86355,35.39348],[138.8624,35.39008]]]}},{"type":"Feature","properties":{"code":"19429","name":"南都留郡鳴沢村","pref":"山梨県","pref_code":"19","cx":138.69719,"cy":35.42716,"bbox":[138.63895,35.35768,138.75013,35.49549]},"geometry":{"type":"Polygon","coordinates":[[[138.75013,35.44201],[138.74478,35.45761],[138.73172,35.46322],[138.72336,35.46401],[138.72596,35.47597],[138.73131,35.48846],[138.71687,35.49549],[138.70653,35.49433],[138.69416,35.48782],[138.67302,35.48412],[138.66477,35.47802],[138.65477,35.44978],[138.65924,35.44288],[138.65898,35.43196],[138.66449,35.42054],[138.65157,35.41696],[138.64363,35.40069],[138.63895,35.39828],[138.66339,35.39828],[138.67118,35.39283],[138.68054,35.35768],[138.69865,35.35965],[138.70044,35.36267],[138.72481,35.36525],[138.73078,35.3628],[138.73028,35.36939],[138.73345,35.39359],[138.7276,35.42237],[138.75013,35.44201]]]}},{"type":"Feature","properties":{"code":"19430","name":"南都留郡富士河口湖町","pref":"山梨県","pref_code":"19","cx":138.63263,"cy":35.48245,"bbox":[138.58189,35.39318,138.81026,35.57222]},"geometry":{"type":"Polygon","coordinates":[[[138.60241,35.50489],[138.59455,35.49555],[138.59585,35.48336],[138.58266,35.47439],[138.58397,35.44751],[138.58189,35.44573],[138.58851,35.4368],[138.59772,35.4318],[138.60914,35.39318],[138.63895,35.39828],[138.64363,35.40069],[138.65157,35.41696],[138.66449,35.42054],[138.65898,35.43196],[138.65924,35.44288],[138.65477,35.44978],[138.66477,35.47802],[138.67302,35.48412],[138.69416,35.48782],[138.70653,35.49433],[138.71687,35.49549],[138.73131,35.48846],[138.72596,35.47597],[138.72336,35.46401],[138.73172,35.46322],[138.74478,35.45761],[138.75013,35.44201],[138.7584,35.45088],[138.76347,35.47081],[138.76958,35.48153],[138.77085,35.49321],[138.77946,35.4922],[138.78059,35.50324],[138.79371,35.52004],[138.80225,35.52476],[138.80633,35.5327],[138.80253,35.54567],[138.81026,35.55066],[138.80137,35.55818],[138.7995,35.57222],[138.79325,35.5699],[138.79163,35.56077],[138.78266,35.55859],[138.76525,35.55914],[138.75424,35.55375],[138.73231,35.54678],[138.72669,35.54304],[138.69411,35.53366],[138.68429,35.52788],[138.67653,35.51969],[138.6504,35.51621],[138.6366,35.5133],[138.621,35.50229],[138.60241,35.50489]]]}},{"type":"Feature","properties":{"code":"19442","name":"北都留郡小菅村","pref":"山梨県","pref_code":"19","cx":138.93588,"cy":35.74632,"bbox":[138.85239,35.71231,139.01188,35.78024]},"geometry":{"type":"Polygon","coordinates":[[[138.97175,35.71231],[138.99193,35.71679],[139.01188,35.73886],[139.00516,35.75045],[138.99243,35.75552],[138.98377,35.76948],[138.96452,35.76861],[138.94989,35.77045],[138.93272,35.78024],[138.92042,35.76958],[138.89641,35.76431],[138.89095,35.76712],[138.87608,35.76166],[138.8746,35.75495],[138.85921,35.74218],[138.85239,35.7409],[138.85411,35.73342],[138.85996,35.7303],[138.86777,35.73411],[138.882,35.73635],[138.88671,35.73955],[138.90656,35.74212],[138.91605,35.73942],[138.92374,35.74062],[138.94299,35.73409],[138.94579,35.72941],[138.96637,35.72101],[138.97175,35.71231]]]}},{"type":"Feature","properties":{"code":"19443","name":"北都留郡丹波山村","pref":"山梨県","pref_code":"19","cx":138.9192,"cy":35.79661,"bbox":[138.81723,35.7409,138.98643,35.85876]},"geometry":{"type":"Polygon","coordinates":[[[138.85239,35.7409],[138.85921,35.74218],[138.8746,35.75495],[138.87608,35.76166],[138.89095,35.76712],[138.89641,35.76431],[138.92042,35.76958],[138.93272,35.78024],[138.94989,35.77045],[138.96452,35.76861],[138.98377,35.76948],[138.98643,35.78225],[138.97688,35.78903],[138.97032,35.80458],[138.9693,35.83138],[138.9622,35.82961],[138.94734,35.8433],[138.94518,35.85445],[138.92638,35.84892],[138.91095,35.85273],[138.89916,35.84672],[138.89204,35.83985],[138.88565,35.84713],[138.8797,35.84692],[138.86943,35.85725],[138.86266,35.85876],[138.86249,35.8471],[138.86536,35.84122],[138.86114,35.83208],[138.85205,35.82814],[138.85125,35.82373],[138.86001,35.81613],[138.85685,35.8066],[138.86293,35.80419],[138.86797,35.78291],[138.86286,35.77943],[138.81723,35.77663],[138.81952,35.76511],[138.82808,35.75507],[138.84546,35.7489],[138.85239,35.7409]]]}},{"type":"Feature","properties":{"code":"20201","name":"長野市","pref":"長野県","pref_code":"20","cx":138.13363,"cy":36.64737,"bbox":[137.91011,36.4607,138.31824,36.83573]},"geometry":{"type":"Polygon","coordinates":[[[138.14012,36.74753],[138.12946,36.75307],[138.12248,36.76226],[138.12012,36.77432],[138.12488,36.78325],[138.09849,36.77965],[138.09529,36.80091],[138.10043,36.81629],[138.08892,36.83022],[138.08916,36.83573],[138.08145,36.82992],[138.06817,36.80384],[138.05222,36.79996],[138.05185,36.80746],[138.0338,36.80883],[138.02888,36.81711],[138.01704,36.81883],[138.00346,36.82641],[137.98918,36.81152],[137.96768,36.78104],[137.96793,36.77103],[137.95289,36.75548],[137.95331,36.74848],[137.94154,36.73607],[137.93375,36.7254],[137.92343,36.70007],[137.915,36.69386],[137.91745,36.68192],[137.91011,36.66158],[137.92037,36.65701],[137.9448,36.6721],[137.95937,36.67247],[138.00422,36.66023],[138.01075,36.65462],[138.00047,36.63887],[137.99838,36.62279],[138.00329,36.61371],[138.00225,36.6005],[137.98599,36.59657],[137.9808,36.60141],[137.96297,36.60383],[137.9525,36.59497],[137.94177,36.59478],[137.92636,36.55883],[137.9176,36.54964],[137.91902,36.53825],[137.93991,36.51675],[137.94973,36.52398],[137.96667,36.51692],[137.96392,36.50572],[137.95609,36.50115],[137.95322,36.48498],[137.951,36.47972],[137.95935,36.46792],[137.97712,36.4607],[138.00554,36.48009],[138.03912,36.48778],[138.02963,36.49071],[138.03511,36.5109],[138.04393,36.51969],[138.04626,36.53971],[138.0663,36.5399],[138.08133,36.54395],[138.10233,36.53957],[138.1154,36.54193],[138.12842,36.55089],[138.133,36.55818],[138.16751,36.5592],[138.17118,36.54876],[138.1872,36.54308],[138.19941,36.52293],[138.19985,36.51116],[138.21996,36.50776],[138.22949,36.51416],[138.23937,36.50949],[138.24986,36.5157],[138.26649,36.51323],[138.27745,36.53495],[138.29388,36.5323],[138.31144,36.55036],[138.31112,36.55938],[138.31824,36.56679],[138.30745,36.57306],[138.30546,36.59943],[138.28935,36.61307],[138.28787,36.6215],[138.26839,36.637],[138.25726,36.64013],[138.28328,36.68767],[138.28327,36.70308],[138.28997,36.71478],[138.3015,36.71521],[138.31097,36.72089],[138.30489,36.74584],[138.29411,36.74587],[138.28049,36.74163],[138.26234,36.74248],[138.26078,36.72771],[138.25152,36.71917],[138.23142,36.72095],[138.21567,36.70903],[138.19465,36.71271],[138.17881,36.72151],[138.17323,36.72808],[138.14049,36.73965],[138.14012,36.74753]]]}},{"type":"Feature","properties":{"code":"20202","name":"松本市","pref":"長野県","pref_code":"20","cx":137.85702,"cy":36.19284,"bbox":[137.55086,36.01012,138.13124,36.37944]},"geometry":{"type":"Polygon","coordinates":[[[138.0792,36.37211],[138.07189,36.37065],[138.05167,36.37944],[138.04768,36.37679],[138.01998,36.37574],[137.99898,36.37123],[137.9915,36.37674],[137.98029,36.37603],[137.96877,36.36408],[137.95605,36.35919],[137.95332,36.34403],[137.95751,36.34057],[137.94783,36.32426],[137.9583,36.31721],[137.96949,36.31775],[137.97807,36.30502],[137.97243,36.29898],[137.9559,36.29448],[137.94456,36.28787],[137.92974,36.25975],[137.91826,36.24639],[137.88537,36.2429],[137.86642,36.23736],[137.84679,36.23938],[137.83269,36.24628],[137.79404,36.24117],[137.78913,36.24953],[137.79785,36.25973],[137.79681,36.27568],[137.78816,36.2837],[137.78229,36.27623],[137.74465,36.27521],[137.74038,36.28168],[137.72568,36.28765],[137.72136,36.30507],[137.72809,36.32089],[137.72698,36.34206],[137.70101,36.365],[137.68757,36.3557],[137.68088,36.33797],[137.6588,36.33735],[137.64561,36.34126],[137.65067,36.3274],[137.64686,36.29645],[137.64782,36.28905],[137.6288,36.27837],[137.61472,36.26293],[137.60592,36.24879],[137.59635,36.24298],[137.58303,36.2204],[137.57298,36.21841],[137.57512,36.20389],[137.58104,36.19531],[137.59517,36.19035],[137.59116,36.17835],[137.59122,36.16412],[137.56789,36.15338],[137.55471,36.13766],[137.56047,36.13047],[137.55086,36.10988],[137.57235,36.08859],[137.59279,36.08094],[137.60823,36.07793],[137.61372,36.05962],[137.59832,36.04319],[137.59949,36.02594],[137.61294,36.01842],[137.63314,36.02677],[137.65383,36.01903],[137.66822,36.01045],[137.68155,36.01678],[137.70382,36.01012],[137.7198,36.02637],[137.7228,36.03414],[137.73706,36.04784],[137.73571,36.06956],[137.75464,36.08655],[137.76351,36.08819],[137.77799,36.09943],[137.79436,36.12968],[137.81081,36.14528],[137.82999,36.15958],[137.83985,36.16121],[137.84615,36.17042],[137.87504,36.18663],[137.89041,36.19038],[137.89761,36.18807],[137.90106,36.1746],[137.88462,36.14654],[137.89227,36.14051],[137.89387,36.13073],[137.92414,36.16411],[137.94074,36.15228],[137.94701,36.17045],[137.96724,36.16956],[137.9689,36.15023],[137.97932,36.15843],[137.99917,36.15297],[138.04235,36.14813],[138.04552,36.16129],[138.05392,36.16834],[138.07789,36.15677],[138.08833,36.15749],[138.10405,36.16392],[138.12783,36.16648],[138.13124,36.17674],[138.12617,36.18356],[138.12578,36.20078],[138.12934,36.21171],[138.11981,36.2187],[138.10708,36.22599],[138.10245,36.23654],[138.07912,36.25112],[138.0828,36.26178],[138.07293,36.27273],[138.07162,36.28668],[138.081,36.31233],[138.07219,36.32185],[138.06667,36.34528],[138.078,36.36088],[138.0792,36.37211]]]}},{"type":"Feature","properties":{"code":"20203","name":"上田市","pref":"長野県","pref_code":"20","cx":138.2338,"cy":36.38741,"bbox":[138.07162,36.21733,138.41398,36.55466]},"geometry":{"type":"Polygon","coordinates":[[[138.19985,36.51116],[138.20177,36.50098],[138.21956,36.49049],[138.23064,36.47962],[138.22869,36.46466],[138.24138,36.45702],[138.24978,36.44414],[138.24869,36.43331],[138.21615,36.4294],[138.21106,36.42609],[138.18061,36.42105],[138.16585,36.41674],[138.13986,36.43402],[138.12862,36.43821],[138.12161,36.43683],[138.1143,36.43414],[138.11727,36.42123],[138.11546,36.40376],[138.15062,36.39211],[138.14943,36.38272],[138.15422,36.37048],[138.14364,36.35447],[138.12899,36.34652],[138.13055,36.33526],[138.11456,36.32224],[138.10808,36.32818],[138.081,36.31233],[138.07162,36.28668],[138.07293,36.27273],[138.0828,36.26178],[138.07912,36.25112],[138.10245,36.23654],[138.10708,36.22599],[138.11981,36.2187],[138.12836,36.22984],[138.15483,36.22402],[138.16326,36.21733],[138.17486,36.21851],[138.18667,36.22467],[138.22116,36.22384],[138.23347,36.23896],[138.23403,36.24705],[138.24613,36.25128],[138.24351,36.27814],[138.25549,36.29352],[138.26328,36.2968],[138.28319,36.28736],[138.28345,36.30694],[138.29161,36.32291],[138.29876,36.31919],[138.3086,36.32288],[138.31902,36.33449],[138.3226,36.35631],[138.31149,36.35886],[138.29917,36.36752],[138.29692,36.38018],[138.30889,36.38064],[138.327,36.39478],[138.32901,36.40002],[138.34527,36.40742],[138.34686,36.42109],[138.35818,36.43064],[138.40097,36.43474],[138.40313,36.45232],[138.40007,36.4614],[138.40076,36.48145],[138.39713,36.49058],[138.40603,36.50736],[138.40425,36.52207],[138.41398,36.53261],[138.41239,36.54149],[138.38207,36.55466],[138.3562,36.54923],[138.35195,36.54128],[138.33396,36.53735],[138.32371,36.54615],[138.31144,36.55036],[138.29388,36.5323],[138.27745,36.53495],[138.26649,36.51323],[138.24986,36.5157],[138.23937,36.50949],[138.22949,36.51416],[138.21996,36.50776],[138.19985,36.51116]]]}},{"type":"Feature","properties":{"code":"20204","name":"岡谷市","pref":"長野県","pref_code":"20","cx":138.04978,"cy":36.09058,"bbox":[137.99157,36.01077,138.09848,36.16834]},"geometry":{"type":"Polygon","coordinates":[[[138.04235,36.14813],[138.04167,36.13964],[138.03019,36.11433],[138.02872,36.08552],[138.01713,36.0787],[138.01275,36.07004],[138.01596,36.0622],[138.00685,36.05319],[137.99973,36.04081],[137.99715,36.02312],[137.99157,36.01638],[138.01942,36.01077],[138.03733,36.0123],[138.05206,36.02075],[138.06757,36.01794],[138.07876,36.02883],[138.08612,36.05012],[138.07467,36.06066],[138.07496,36.0736],[138.06927,36.09565],[138.07617,36.12863],[138.08416,36.12474],[138.09355,36.12811],[138.09848,36.13833],[138.08176,36.14673],[138.08833,36.15749],[138.07789,36.15677],[138.05392,36.16834],[138.04552,36.16129],[138.04235,36.14813]]]}},{"type":"Feature","properties":{"code":"20205","name":"飯田市","pref":"長野県","pref_code":"20","cx":137.83855,"cy":35.45519,"bbox":[137.69066,35.25437,138.15255,35.65568]},"geometry":{"type":"Polygon","coordinates":[[[137.82356,35.61556],[137.81722,35.63731],[137.80867,35.64392],[137.8013,35.65568],[137.77741,35.63167],[137.76008,35.62763],[137.75344,35.61982],[137.73746,35.61295],[137.72957,35.61339],[137.71519,35.59906],[137.72045,35.58616],[137.69835,35.57625],[137.69066,35.56218],[137.69426,35.55409],[137.70433,35.5526],[137.71767,35.52139],[137.74114,35.51507],[137.7406,35.50137],[137.72928,35.49566],[137.73131,35.48607],[137.74495,35.46156],[137.753,35.45577],[137.76288,35.45954],[137.75998,35.43983],[137.77055,35.42051],[137.79743,35.42677],[137.81623,35.42117],[137.83928,35.40921],[137.84996,35.40699],[137.86652,35.39727],[137.87052,35.38814],[137.88716,35.38602],[137.89097,35.37345],[137.91357,35.35698],[137.92597,35.3613],[137.92406,35.34486],[137.89592,35.32238],[137.885,35.32433],[137.86834,35.32062],[137.85285,35.32384],[137.84337,35.31641],[137.86027,35.31115],[137.86313,35.29558],[137.87862,35.294],[137.90009,35.28072],[137.8957,35.2726],[137.89543,35.25799],[137.91861,35.25437],[137.92476,35.26031],[137.92925,35.27547],[137.94424,35.27628],[137.95189,35.28308],[137.96734,35.2842],[137.97342,35.29305],[137.98236,35.29239],[137.99209,35.3017],[138.00568,35.3044],[138.01888,35.30109],[138.02774,35.31164],[138.02606,35.32021],[138.03898,35.326],[138.03743,35.33253],[138.05064,35.33547],[138.06134,35.3472],[138.07122,35.34706],[138.08671,35.33772],[138.09633,35.33994],[138.10006,35.35403],[138.11514,35.36487],[138.1293,35.36529],[138.14114,35.36949],[138.15255,35.39798],[138.14438,35.40607],[138.13488,35.40775],[138.13983,35.4226],[138.12152,35.42856],[138.12396,35.43566],[138.12047,35.45461],[138.10726,35.47323],[138.09455,35.4747],[138.0832,35.48571],[138.07039,35.48109],[138.04946,35.46259],[138.03862,35.45764],[138.02972,35.47016],[138.01969,35.47459],[138.00217,35.48905],[137.99108,35.49318],[137.98768,35.48726],[137.98765,35.48061],[137.96196,35.44791],[137.96404,35.44155],[137.94692,35.42712],[137.94044,35.43272],[137.91836,35.43862],[137.91323,35.44465],[137.91546,35.45902],[137.88666,35.46841],[137.87669,35.4776],[137.88267,35.49739],[137.86264,35.49932],[137.86287,35.51166],[137.87768,35.53004],[137.86735,35.53434],[137.84555,35.54956],[137.83354,35.55052],[137.83249,35.5579],[137.81869,35.56653],[137.81727,35.58221],[137.82357,35.59398],[137.81557,35.60139],[137.82356,35.61556]]]}},{"type":"Feature","properties":{"code":"20206","name":"諏訪市","pref":"長野県","pref_code":"20","cx":138.1188,"cy":36.03325,"bbox":[138.03501,35.94625,138.19953,36.1227]},"geometry":{"type":"Polygon","coordinates":[[[138.03733,36.0123],[138.03682,36.00164],[138.04532,35.99961],[138.04821,35.9744],[138.04593,35.96514],[138.03501,35.96242],[138.04379,35.95358],[138.05902,35.94625],[138.07401,35.95032],[138.07963,35.9605],[138.08655,35.96018],[138.11315,35.97485],[138.11575,35.98637],[138.13723,36.00336],[138.13546,36.00965],[138.15732,36.01506],[138.15899,36.02819],[138.15585,36.03767],[138.17288,36.05594],[138.18049,36.0893],[138.19144,36.09133],[138.19953,36.10773],[138.18992,36.11641],[138.19113,36.1227],[138.16563,36.12252],[138.17103,36.11506],[138.17107,36.10259],[138.13857,36.10008],[138.13771,36.08801],[138.12508,36.08827],[138.12884,36.07692],[138.11262,36.06209],[138.08612,36.05012],[138.07876,36.02883],[138.06757,36.01794],[138.05206,36.02075],[138.03733,36.0123]]]}},{"type":"Feature","properties":{"code":"20207","name":"須坂市","pref":"長野県","pref_code":"20","cx":138.3649,"cy":36.61187,"bbox":[138.25726,36.53735,138.44158,36.6881]},"geometry":{"type":"Polygon","coordinates":[[[138.31144,36.55036],[138.32371,36.54615],[138.33396,36.53735],[138.35195,36.54128],[138.3562,36.54923],[138.38207,36.55466],[138.41239,36.54149],[138.42884,36.55623],[138.42843,36.5687],[138.42029,36.57724],[138.42884,36.59789],[138.44158,36.61067],[138.4133,36.62402],[138.41112,36.62821],[138.39409,36.63312],[138.38786,36.64406],[138.37025,36.6442],[138.34635,36.64815],[138.3385,36.6618],[138.33149,36.68218],[138.31626,36.6881],[138.28328,36.68767],[138.25726,36.64013],[138.26839,36.637],[138.28787,36.6215],[138.28935,36.61307],[138.30546,36.59943],[138.30745,36.57306],[138.31824,36.56679],[138.31112,36.55938],[138.31144,36.55036]]]}},{"type":"Feature","properties":{"code":"20208","name":"小諸市","pref":"長野県","pref_code":"20","cx":138.43274,"cy":36.34249,"bbox":[138.3634,36.28036,138.50679,36.41393]},"geometry":{"type":"Polygon","coordinates":[[[138.50679,36.41393],[138.49206,36.41326],[138.48896,36.40093],[138.47787,36.40445],[138.45965,36.40475],[138.45772,36.41157],[138.44398,36.39817],[138.43801,36.38463],[138.41222,36.37121],[138.3982,36.37217],[138.38532,36.36016],[138.38124,36.33411],[138.36696,36.33319],[138.3634,36.32574],[138.37275,36.31718],[138.37967,36.30287],[138.38631,36.29757],[138.39282,36.29419],[138.40695,36.29665],[138.41832,36.29029],[138.41706,36.28159],[138.44636,36.28036],[138.46931,36.29436],[138.48453,36.29771],[138.4772,36.31011],[138.48261,36.31462],[138.47958,36.33384],[138.48618,36.35087],[138.4619,36.35477],[138.48178,36.38779],[138.49262,36.39238],[138.49654,36.40906],[138.50679,36.41393]]]}},{"type":"Feature","properties":{"code":"20209","name":"伊那市","pref":"長野県","pref_code":"20","cx":138.11376,"cy":35.77534,"bbox":[137.8241,35.57096,138.2367,35.97485]},"geometry":{"type":"Polygon","coordinates":[[[138.08655,35.96018],[138.09063,35.94806],[138.08216,35.93183],[138.0635,35.91515],[138.05542,35.91939],[138.04699,35.91559],[138.03203,35.89487],[137.98861,35.87826],[137.98364,35.86333],[137.97342,35.85371],[137.95494,35.86502],[137.94692,35.84997],[137.92986,35.85465],[137.91445,35.85554],[137.90606,35.86231],[137.94038,35.86387],[137.94872,35.8666],[137.95292,35.87569],[137.93314,35.88127],[137.9394,35.89438],[137.95046,35.89818],[137.92733,35.90554],[137.92235,35.89967],[137.90928,35.89746],[137.88719,35.9016],[137.87741,35.88771],[137.87649,35.87889],[137.88705,35.86579],[137.87721,35.86434],[137.86649,35.87144],[137.85629,35.86774],[137.84685,35.85803],[137.84706,35.83734],[137.83697,35.82328],[137.8241,35.81312],[137.82829,35.80618],[137.86243,35.80611],[137.86846,35.80376],[137.88113,35.78468],[137.92434,35.77883],[137.94663,35.77116],[137.95998,35.77825],[137.97234,35.76974],[137.98044,35.78117],[138.00158,35.77941],[138.0229,35.77184],[138.02908,35.77243],[138.04512,35.76089],[138.04285,35.75492],[138.05218,35.74013],[138.06199,35.7339],[138.06388,35.70836],[138.06137,35.70354],[138.07711,35.69432],[138.07948,35.67938],[138.08555,35.67295],[138.09196,35.65503],[138.10188,35.647],[138.10533,35.62716],[138.10108,35.61489],[138.11103,35.60015],[138.1261,35.59255],[138.13082,35.5813],[138.14628,35.57646],[138.15181,35.57096],[138.16205,35.58129],[138.17284,35.5816],[138.1844,35.57309],[138.19596,35.59549],[138.20606,35.6084],[138.2024,35.61822],[138.20344,35.63218],[138.21867,35.64455],[138.20808,35.65579],[138.20549,35.66426],[138.1933,35.67226],[138.19398,35.69549],[138.18086,35.71124],[138.18185,35.71834],[138.19747,35.72703],[138.21925,35.74551],[138.2367,35.75771],[138.20533,35.78259],[138.19832,35.78156],[138.1775,35.78619],[138.17229,35.80076],[138.17553,35.82324],[138.18065,35.83314],[138.1771,35.84481],[138.18889,35.85781],[138.17763,35.86725],[138.18088,35.88915],[138.17416,35.8906],[138.16891,35.9166],[138.16079,35.93346],[138.14672,35.94254],[138.15058,35.95412],[138.12477,35.97147],[138.11315,35.97485],[138.08655,35.96018]]]}},{"type":"Feature","properties":{"code":"20210","name":"駒ヶ根市","pref":"長野県","pref_code":"20","cx":137.93694,"cy":35.72167,"bbox":[137.80425,35.66694,138.06388,35.78139]},"geometry":{"type":"Polygon","coordinates":[[[137.95998,35.77825],[137.95866,35.76072],[137.96394,35.75049],[137.91104,35.74982],[137.87469,35.74762],[137.85951,35.74842],[137.85728,35.76015],[137.84701,35.76007],[137.80932,35.78139],[137.80888,35.77951],[137.81382,35.75331],[137.80425,35.74248],[137.80516,35.72648],[137.8168,35.71685],[137.82462,35.71193],[137.85053,35.70287],[137.8582,35.70502],[137.87867,35.69385],[137.9119,35.70611],[137.93434,35.70051],[137.95171,35.7005],[137.95548,35.69196],[137.97812,35.68546],[137.98551,35.67553],[137.9977,35.67988],[138.01346,35.67319],[138.0266,35.67471],[138.03532,35.66694],[138.04405,35.67467],[138.04341,35.69139],[138.04725,35.69907],[138.06137,35.70354],[138.06388,35.70836],[138.06199,35.7339],[138.05218,35.74013],[138.04285,35.75492],[138.04512,35.76089],[138.02908,35.77243],[138.0229,35.77184],[138.00158,35.77941],[137.98044,35.78117],[137.97234,35.76974],[137.95998,35.77825]]]}},{"type":"Feature","properties":{"code":"20211","name":"中野市","pref":"長野県","pref_code":"20","cx":138.34673,"cy":36.76881,"bbox":[138.27574,36.69505,138.4057,36.83913]},"geometry":{"type":"Polygon","coordinates":[[[138.31097,36.72089],[138.33127,36.72494],[138.34374,36.71564],[138.34063,36.70742],[138.34826,36.69671],[138.35563,36.69505],[138.36822,36.70421],[138.39502,36.69604],[138.4057,36.69909],[138.39209,36.7208],[138.39421,36.73547],[138.3888,36.74017],[138.39767,36.76167],[138.38706,36.77353],[138.40482,36.7906],[138.4038,36.79925],[138.3952,36.81029],[138.3976,36.82725],[138.38439,36.82751],[138.36355,36.83791],[138.35361,36.82316],[138.35919,36.80911],[138.35413,36.80371],[138.32466,36.80647],[138.31768,36.8183],[138.30834,36.81786],[138.30113,36.8325],[138.29418,36.83913],[138.27574,36.83673],[138.28123,36.81679],[138.27998,36.7924],[138.2996,36.78796],[138.30007,36.77353],[138.30426,36.76408],[138.29411,36.74587],[138.30489,36.74584],[138.31097,36.72089]]]}},{"type":"Feature","properties":{"code":"20212","name":"大町市","pref":"長野県","pref_code":"20","cx":137.81112,"cy":36.49718,"bbox":[137.58709,36.33735,137.96667,36.66459]},"geometry":{"type":"Polygon","coordinates":[[[137.94177,36.59478],[137.92753,36.6],[137.92807,36.60649],[137.9144,36.61865],[137.91878,36.63456],[137.90944,36.64902],[137.89622,36.64025],[137.88276,36.63932],[137.86837,36.63309],[137.86786,36.6203],[137.83652,36.62185],[137.83401,36.61422],[137.82323,36.6141],[137.82394,36.62355],[137.81735,36.63547],[137.80387,36.64215],[137.79919,36.6494],[137.76949,36.65728],[137.7606,36.66459],[137.75133,36.62675],[137.74394,36.61275],[137.7531,36.59372],[137.74786,36.58685],[137.72511,36.5867],[137.71321,36.57708],[137.68774,36.56207],[137.6895,36.55357],[137.6846,36.53781],[137.70852,36.5334],[137.70275,36.5247],[137.70547,36.51789],[137.66875,36.50946],[137.66624,36.49322],[137.652,36.4882],[137.65078,36.48012],[137.65664,36.47041],[137.65507,36.45873],[137.64529,36.45453],[137.63991,36.44583],[137.6333,36.42502],[137.6092,36.41791],[137.60536,36.40254],[137.59241,36.38967],[137.58716,36.38959],[137.58709,36.37196],[137.61917,36.36421],[137.63547,36.34255],[137.64561,36.34126],[137.6588,36.33735],[137.68088,36.33797],[137.68757,36.3557],[137.70101,36.365],[137.70901,36.37675],[137.70615,36.38498],[137.71453,36.39826],[137.71147,36.41059],[137.727,36.42526],[137.74693,36.41843],[137.75388,36.41071],[137.7801,36.41448],[137.79292,36.42127],[137.8072,36.42372],[137.80848,36.43851],[137.80425,36.44731],[137.81645,36.45192],[137.81977,36.44157],[137.84412,36.44586],[137.85646,36.43718],[137.8693,36.44092],[137.87661,36.439],[137.89321,36.44858],[137.88714,36.47432],[137.898,36.47573],[137.92634,36.47116],[137.94693,36.48938],[137.95322,36.48498],[137.95609,36.50115],[137.96392,36.50572],[137.96667,36.51692],[137.94973,36.52398],[137.93991,36.51675],[137.91902,36.53825],[137.9176,36.54964],[137.92636,36.55883],[137.94177,36.59478]]]}},{"type":"Feature","properties":{"code":"20213","name":"飯山市","pref":"長野県","pref_code":"20","cx":138.36545,"cy":36.91581,"bbox":[138.2749,36.80371,138.51986,37.02783]},"geometry":{"type":"Polygon","coordinates":[[[138.38439,36.82751],[138.3907,36.83825],[138.38417,36.8508],[138.39631,36.85274],[138.40663,36.87544],[138.42243,36.87197],[138.44643,36.87508],[138.46185,36.88268],[138.44092,36.89729],[138.43718,36.90665],[138.42886,36.90867],[138.42583,36.92172],[138.41839,36.93102],[138.4221,36.94595],[138.43424,36.94842],[138.43168,36.95545],[138.442,36.95916],[138.4621,36.97673],[138.48499,36.97705],[138.49381,36.97998],[138.49129,36.98706],[138.49597,36.99846],[138.51131,37.00694],[138.51842,37.01738],[138.51986,37.02783],[138.50143,37.02507],[138.49172,37.02046],[138.46801,37.01783],[138.45513,37.01961],[138.43138,37.00608],[138.4119,37.00203],[138.39383,36.99512],[138.37873,36.98035],[138.36378,36.95337],[138.36452,36.94428],[138.35771,36.93385],[138.3432,36.9208],[138.32932,36.92688],[138.31757,36.92519],[138.29633,36.91082],[138.29029,36.89681],[138.29937,36.88672],[138.28857,36.86844],[138.29624,36.85825],[138.28761,36.84571],[138.2749,36.84085],[138.27574,36.83673],[138.29418,36.83913],[138.30113,36.8325],[138.30834,36.81786],[138.31768,36.8183],[138.32466,36.80647],[138.35413,36.80371],[138.35919,36.80911],[138.35361,36.82316],[138.36355,36.83791],[138.38439,36.82751]]]}},{"type":"Feature","properties":{"code":"20214","name":"茅野市","pref":"長野県","pref_code":"20","cx":138.25461,"cy":36.01236,"bbox":[138.11315,35.9166,138.37452,36.11166]},"geometry":{"type":"Polygon","coordinates":[[[138.11315,35.97485],[138.12477,35.97147],[138.15058,35.95412],[138.14672,35.94254],[138.16079,35.93346],[138.16891,35.9166],[138.18468,35.93988],[138.18999,35.9349],[138.20099,35.93954],[138.21855,35.94072],[138.19953,35.95367],[138.19448,35.95311],[138.17961,35.96825],[138.18321,35.97484],[138.21261,35.9765],[138.21431,35.98462],[138.2312,35.98463],[138.24682,35.9813],[138.30947,35.97573],[138.31933,35.97268],[138.34862,35.97443],[138.37046,35.97138],[138.37452,35.98309],[138.37189,35.99505],[138.36491,36.00317],[138.36166,36.01747],[138.35338,36.04674],[138.34563,36.06107],[138.3344,36.06853],[138.33421,36.08481],[138.32799,36.09146],[138.32565,36.10816],[138.32076,36.11166],[138.3017,36.11091],[138.28666,36.0899],[138.2754,36.08635],[138.26725,36.09122],[138.24663,36.09495],[138.24754,36.10084],[138.23474,36.11048],[138.21675,36.10527],[138.19953,36.10773],[138.19144,36.09133],[138.18049,36.0893],[138.17288,36.05594],[138.15585,36.03767],[138.15899,36.02819],[138.15732,36.01506],[138.13546,36.00965],[138.13723,36.00336],[138.11575,35.98637],[138.11315,35.97485]]]}},{"type":"Feature","properties":{"code":"20215","name":"塩尻市","pref":"長野県","pref_code":"20","cx":137.84093,"cy":35.99021,"bbox":[137.79536,35.81312,138.04235,36.17045]},"geometry":{"type":"Polygon","coordinates":[[[137.89387,36.13073],[137.90038,36.12363],[137.87222,36.09972],[137.87077,36.09363],[137.8587,36.08848],[137.85193,36.07636],[137.84089,36.0723],[137.83909,36.06454],[137.82706,36.05504],[137.81528,36.05447],[137.81038,36.03797],[137.80808,36.01579],[137.80896,35.99795],[137.80495,35.97989],[137.80662,35.9731],[137.79536,35.95991],[137.8016,35.93578],[137.80138,35.92646],[137.80672,35.91451],[137.80469,35.89868],[137.81458,35.88758],[137.81613,35.87856],[137.80652,35.86958],[137.8044,35.85039],[137.81014,35.84808],[137.80865,35.83109],[137.81622,35.82874],[137.8241,35.81312],[137.83697,35.82328],[137.84706,35.83734],[137.84685,35.85803],[137.85629,35.86774],[137.85697,35.87716],[137.84721,35.89027],[137.85143,35.90612],[137.85841,35.91202],[137.85166,35.9239],[137.83481,35.92824],[137.82915,35.93769],[137.83132,35.94789],[137.84617,35.95837],[137.85127,35.96801],[137.86136,35.97142],[137.8706,35.98248],[137.88051,36.00154],[137.88911,36.00504],[137.90451,36.01824],[137.89901,36.02466],[137.90647,36.03464],[137.91528,36.03472],[137.92735,36.04244],[137.9277,36.04933],[137.93799,36.05302],[137.93871,36.06152],[137.94971,36.06378],[137.95046,36.05459],[137.95936,36.05408],[137.97971,36.04425],[138.00086,36.05451],[138.00685,36.05319],[138.01596,36.0622],[138.01275,36.07004],[138.01713,36.0787],[138.02872,36.08552],[138.03019,36.11433],[138.04167,36.13964],[138.04235,36.14813],[137.99917,36.15297],[137.97932,36.15843],[137.9689,36.15023],[137.96724,36.16956],[137.94701,36.17045],[137.94074,36.15228],[137.92414,36.16411],[137.89387,36.13073]]]}},{"type":"Feature","properties":{"code":"20217","name":"佐久市","pref":"長野県","pref_code":"20","cx":138.46565,"cy":36.21079,"bbox":[138.28011,36.10816,138.6371,36.31462]},"geometry":{"type":"Polygon","coordinates":[[[138.38631,36.29757],[138.37934,36.29138],[138.36836,36.29955],[138.34209,36.29233],[138.3379,36.2727],[138.33858,36.26199],[138.33115,36.25416],[138.31545,36.24481],[138.30389,36.23276],[138.29521,36.207],[138.28226,36.17825],[138.28011,36.16464],[138.28254,36.14951],[138.30162,36.12717],[138.3017,36.11091],[138.32076,36.11166],[138.32565,36.10816],[138.34339,36.12162],[138.35392,36.12035],[138.37901,36.1391],[138.39711,36.14621],[138.40947,36.1546],[138.41922,36.15634],[138.43319,36.1671],[138.44859,36.16512],[138.47226,36.1688],[138.4839,36.17917],[138.49717,36.16811],[138.52772,36.16755],[138.56373,36.1708],[138.57727,36.16807],[138.58058,36.17574],[138.59457,36.16561],[138.6371,36.17488],[138.6228,36.19693],[138.63605,36.20668],[138.63321,36.21609],[138.62224,36.21459],[138.61187,36.22939],[138.6125,36.24092],[138.60218,36.2495],[138.60595,36.26679],[138.60034,36.2784],[138.5798,36.28221],[138.55793,36.27974],[138.54226,36.28575],[138.52496,36.28348],[138.51402,36.29764],[138.50115,36.29639],[138.49705,36.30254],[138.48527,36.30289],[138.48261,36.31462],[138.4772,36.31011],[138.48453,36.29771],[138.46931,36.29436],[138.44636,36.28036],[138.41706,36.28159],[138.41832,36.29029],[138.40695,36.29665],[138.39282,36.29419],[138.38631,36.29757]]]}},{"type":"Feature","properties":{"code":"20218","name":"千曲市","pref":"長野県","pref_code":"20","cx":138.11619,"cy":36.49794,"bbox":[138.02963,36.43683,138.20177,36.5592]},"geometry":{"type":"Polygon","coordinates":[[[138.03912,36.48778],[138.04647,36.49489],[138.07312,36.49004],[138.0758,36.48048],[138.08466,36.47472],[138.10214,36.46808],[138.10604,36.4592],[138.11795,36.44902],[138.12161,36.43683],[138.12862,36.43821],[138.13519,36.4467],[138.16074,36.45606],[138.16929,36.46437],[138.1762,36.48555],[138.19977,36.49476],[138.20177,36.50098],[138.19985,36.51116],[138.19941,36.52293],[138.1872,36.54308],[138.17118,36.54876],[138.16751,36.5592],[138.133,36.55818],[138.12842,36.55089],[138.1154,36.54193],[138.10233,36.53957],[138.08133,36.54395],[138.0663,36.5399],[138.04626,36.53971],[138.04393,36.51969],[138.03511,36.5109],[138.02963,36.49071],[138.03912,36.48778]]]}},{"type":"Feature","properties":{"code":"20219","name":"東御市","pref":"長野県","pref_code":"20","cx":138.34684,"cy":36.36384,"bbox":[138.2947,36.29138,138.45772,36.43474]},"geometry":{"type":"Polygon","coordinates":[[[138.29876,36.31919],[138.2947,36.30891],[138.32423,36.30695],[138.33066,36.3206],[138.34095,36.31649],[138.33723,36.30747],[138.34209,36.29233],[138.36836,36.29955],[138.37934,36.29138],[138.38631,36.29757],[138.37967,36.30287],[138.37275,36.31718],[138.3634,36.32574],[138.36696,36.33319],[138.38124,36.33411],[138.38532,36.36016],[138.3982,36.37217],[138.41222,36.37121],[138.43801,36.38463],[138.44398,36.39817],[138.45772,36.41157],[138.45696,36.42024],[138.4416,36.42259],[138.40097,36.43474],[138.35818,36.43064],[138.34686,36.42109],[138.34527,36.40742],[138.32901,36.40002],[138.327,36.39478],[138.30889,36.38064],[138.29692,36.38018],[138.29917,36.36752],[138.31149,36.35886],[138.3226,36.35631],[138.31902,36.33449],[138.3086,36.32288],[138.29876,36.31919]]]}},{"type":"Feature","properties":{"code":"20220","name":"安曇野市","pref":"長野県","pref_code":"20","cx":137.84008,"cy":36.33241,"bbox":[137.70101,36.23736,137.9915,36.42526]},"geometry":{"type":"Polygon","coordinates":[[[137.9915,36.37674],[137.9727,36.40447],[137.9573,36.39481],[137.94999,36.38411],[137.9353,36.38515],[137.9263,36.39192],[137.9288,36.40291],[137.92466,36.41152],[137.91284,36.40689],[137.9015,36.38996],[137.90826,36.37132],[137.88809,36.364],[137.87239,36.37921],[137.85343,36.39379],[137.83617,36.38321],[137.82531,36.39116],[137.79962,36.39477],[137.79068,36.3921],[137.77543,36.39723],[137.77046,36.39182],[137.75518,36.40169],[137.75388,36.41071],[137.74693,36.41843],[137.727,36.42526],[137.71147,36.41059],[137.71453,36.39826],[137.70615,36.38498],[137.70901,36.37675],[137.70101,36.365],[137.72698,36.34206],[137.72809,36.32089],[137.72136,36.30507],[137.72568,36.28765],[137.74038,36.28168],[137.74465,36.27521],[137.78229,36.27623],[137.78816,36.2837],[137.79681,36.27568],[137.79785,36.25973],[137.78913,36.24953],[137.79404,36.24117],[137.83269,36.24628],[137.84679,36.23938],[137.86642,36.23736],[137.88537,36.2429],[137.91826,36.24639],[137.92974,36.25975],[137.94456,36.28787],[137.9559,36.29448],[137.97243,36.29898],[137.97807,36.30502],[137.96949,36.31775],[137.9583,36.31721],[137.94783,36.32426],[137.95751,36.34057],[137.95332,36.34403],[137.95605,36.35919],[137.96877,36.36408],[137.98029,36.37603],[137.9915,36.37674]]]}},{"type":"Feature","properties":{"code":"20303","name":"南佐久郡小海町","pref":"長野県","pref_code":"20","cx":138.45325,"cy":36.06881,"bbox":[138.35338,36.01658,138.58322,36.12359]},"geometry":{"type":"Polygon","coordinates":[[[138.36166,36.01747],[138.38606,36.01658],[138.40711,36.02431],[138.4454,36.02409],[138.46523,36.04204],[138.46814,36.05272],[138.47874,36.04931],[138.49108,36.03785],[138.49199,36.04803],[138.5048,36.0601],[138.51607,36.07257],[138.52465,36.07102],[138.54282,36.07609],[138.56078,36.07465],[138.57238,36.08383],[138.58322,36.0873],[138.58216,36.09657],[138.56409,36.10143],[138.54503,36.11291],[138.53077,36.10927],[138.51096,36.11335],[138.50451,36.10307],[138.4932,36.10744],[138.48151,36.10565],[138.47186,36.12288],[138.46708,36.12359],[138.45379,36.10575],[138.44282,36.10195],[138.42514,36.08629],[138.40887,36.07873],[138.40212,36.07198],[138.3805,36.06372],[138.36608,36.0666],[138.36705,36.05389],[138.35338,36.04674],[138.36166,36.01747]]]}},{"type":"Feature","properties":{"code":"20304","name":"南佐久郡川上村","pref":"長野県","pref_code":"20","cx":138.61403,"cy":35.93406,"bbox":[138.48624,35.86984,138.73925,35.99491]},"geometry":{"type":"Polygon","coordinates":[[[138.6887,35.99177],[138.65932,35.99316],[138.64709,35.98744],[138.62809,35.98921],[138.62423,35.99306],[138.60118,35.99099],[138.59166,35.99491],[138.56714,35.99185],[138.55806,35.99475],[138.5394,35.99136],[138.53449,35.98546],[138.52304,35.9861],[138.5169,35.97669],[138.50685,35.98905],[138.49961,35.98565],[138.50724,35.96766],[138.48624,35.95819],[138.49014,35.9262],[138.49767,35.91141],[138.50567,35.91887],[138.52137,35.91869],[138.52937,35.91455],[138.54536,35.91478],[138.55384,35.91899],[138.57667,35.91144],[138.59243,35.91828],[138.60254,35.90984],[138.60723,35.89968],[138.60676,35.87846],[138.61076,35.87369],[138.63423,35.87005],[138.65593,35.87587],[138.67599,35.86984],[138.68585,35.89387],[138.70797,35.90964],[138.72411,35.90799],[138.73851,35.92902],[138.73925,35.93911],[138.73114,35.94515],[138.7256,35.95761],[138.71145,35.97128],[138.71255,35.98533],[138.6887,35.99177]]]}},{"type":"Feature","properties":{"code":"20305","name":"南佐久郡南牧村","pref":"長野県","pref_code":"20","cx":138.43796,"cy":35.97403,"bbox":[138.36166,35.89619,138.55806,36.05272]},"geometry":{"type":"Polygon","coordinates":[[[138.37046,35.97138],[138.42419,35.95897],[138.44316,35.95114],[138.45433,35.93831],[138.44442,35.91773],[138.45422,35.90321],[138.47165,35.89619],[138.48978,35.89645],[138.49767,35.91141],[138.49014,35.9262],[138.48624,35.95819],[138.50724,35.96766],[138.49961,35.98565],[138.50685,35.98905],[138.5169,35.97669],[138.52304,35.9861],[138.53449,35.98546],[138.5394,35.99136],[138.55806,35.99475],[138.55413,36.0064],[138.53504,36.01837],[138.51063,36.02395],[138.50239,36.03002],[138.50254,36.0387],[138.49108,36.03785],[138.47874,36.04931],[138.46814,36.05272],[138.46523,36.04204],[138.4454,36.02409],[138.40711,36.02431],[138.38606,36.01658],[138.36166,36.01747],[138.36491,36.00317],[138.37189,35.99505],[138.37452,35.98309],[138.37046,35.97138]]]}},{"type":"Feature","properties":{"code":"20306","name":"南佐久郡南相木村","pref":"長野県","pref_code":"20","cx":138.58377,"cy":36.02116,"bbox":[138.49108,35.98744,138.6887,36.0601]},"geometry":{"type":"Polygon","coordinates":[[[138.49108,36.03785],[138.50254,36.0387],[138.50239,36.03002],[138.51063,36.02395],[138.53504,36.01837],[138.55413,36.0064],[138.55806,35.99475],[138.56714,35.99185],[138.59166,35.99491],[138.60118,35.99099],[138.62423,35.99306],[138.62809,35.98921],[138.64709,35.98744],[138.65932,35.99316],[138.6887,35.99177],[138.67975,36.01161],[138.6617,36.01201],[138.63149,36.02828],[138.58858,36.03409],[138.56385,36.04018],[138.56075,36.04571],[138.54386,36.0464],[138.53028,36.05488],[138.5048,36.0601],[138.49199,36.04803],[138.49108,36.03785]]]}},{"type":"Feature","properties":{"code":"20307","name":"南佐久郡北相木村","pref":"長野県","pref_code":"20","cx":138.57591,"cy":36.06442,"bbox":[138.5048,36.02828,138.64417,36.09839]},"geometry":{"type":"Polygon","coordinates":[[[138.5048,36.0601],[138.53028,36.05488],[138.54386,36.0464],[138.56075,36.04571],[138.56385,36.04018],[138.58858,36.03409],[138.63149,36.02828],[138.64417,36.04957],[138.64282,36.06874],[138.63047,36.08606],[138.63074,36.09138],[138.62579,36.09512],[138.59972,36.09839],[138.58216,36.09657],[138.58322,36.0873],[138.57238,36.08383],[138.56078,36.07465],[138.54282,36.07609],[138.52465,36.07102],[138.51607,36.07257],[138.5048,36.0601]]]}},{"type":"Feature","properties":{"code":"20309","name":"南佐久郡佐久穂町","pref":"長野県","pref_code":"20","cx":138.57833,"cy":36.11313,"bbox":[138.32565,36.04674,138.64641,36.17917]},"geometry":{"type":"Polygon","coordinates":[[[138.35338,36.04674],[138.36705,36.05389],[138.36608,36.0666],[138.3805,36.06372],[138.40212,36.07198],[138.40887,36.07873],[138.42514,36.08629],[138.44282,36.10195],[138.45379,36.10575],[138.46708,36.12359],[138.47186,36.12288],[138.48151,36.10565],[138.4932,36.10744],[138.50451,36.10307],[138.51096,36.11335],[138.53077,36.10927],[138.54503,36.11291],[138.56409,36.10143],[138.58216,36.09657],[138.59972,36.09839],[138.62579,36.09512],[138.63074,36.09138],[138.64518,36.09881],[138.64641,36.10957],[138.63409,36.13397],[138.62216,36.13196],[138.60066,36.13563],[138.5933,36.15307],[138.57727,36.16807],[138.56373,36.1708],[138.52772,36.16755],[138.49717,36.16811],[138.4839,36.17917],[138.47226,36.1688],[138.44859,36.16512],[138.43319,36.1671],[138.41922,36.15634],[138.40947,36.1546],[138.39711,36.14621],[138.37901,36.1391],[138.35392,36.12035],[138.34339,36.12162],[138.32565,36.10816],[138.32799,36.09146],[138.33421,36.08481],[138.3344,36.06853],[138.34563,36.06107],[138.35338,36.04674]]]}},{"type":"Feature","properties":{"code":"20321","name":"北佐久郡軽井沢町","pref":"長野県","pref_code":"20","cx":138.58549,"cy":36.34757,"bbox":[138.50768,36.2784,138.65716,36.42389]},"geometry":{"type":"Polygon","coordinates":[[[138.60034,36.2784],[138.61251,36.28566],[138.63058,36.28846],[138.64489,36.29454],[138.65353,36.30311],[138.64789,36.31448],[138.65331,36.32437],[138.65008,36.35248],[138.65716,36.3689],[138.64964,36.37894],[138.65217,36.39507],[138.64663,36.41077],[138.63715,36.41722],[138.62663,36.4155],[138.60787,36.42319],[138.5902,36.42389],[138.57313,36.4192],[138.55501,36.41777],[138.54061,36.40285],[138.51988,36.40674],[138.50768,36.3955],[138.51403,36.37013],[138.51479,36.35743],[138.5231,36.34265],[138.51984,36.33091],[138.54,36.32704],[138.55227,36.32761],[138.55247,36.31071],[138.57524,36.29267],[138.5798,36.28221],[138.60034,36.2784]]]}},{"type":"Feature","properties":{"code":"20323","name":"北佐久郡御代田町","pref":"長野県","pref_code":"20","cx":138.50269,"cy":36.34676,"bbox":[138.4619,36.27974,138.5798,36.41393]},"geometry":{"type":"Polygon","coordinates":[[[138.48261,36.31462],[138.48527,36.30289],[138.49705,36.30254],[138.50115,36.29639],[138.51402,36.29764],[138.52496,36.28348],[138.54226,36.28575],[138.55793,36.27974],[138.5798,36.28221],[138.57524,36.29267],[138.55247,36.31071],[138.55227,36.32761],[138.54,36.32704],[138.51984,36.33091],[138.5231,36.34265],[138.51479,36.35743],[138.51403,36.37013],[138.50768,36.3955],[138.51988,36.40674],[138.50679,36.41393],[138.49654,36.40906],[138.49262,36.39238],[138.48178,36.38779],[138.4619,36.35477],[138.48618,36.35087],[138.47958,36.33384],[138.48261,36.31462]]]}},{"type":"Feature","properties":{"code":"20324","name":"北佐久郡立科町","pref":"長野県","pref_code":"20","cx":138.28666,"cy":36.19578,"bbox":[138.23474,36.08635,138.34209,36.32291]},"geometry":{"type":"Polygon","coordinates":[[[138.28319,36.28736],[138.28841,36.26705],[138.28778,36.25759],[138.29929,36.24623],[138.28285,36.22038],[138.28332,36.18456],[138.27681,36.16405],[138.27553,36.1515],[138.26097,36.13151],[138.23474,36.11048],[138.24754,36.10084],[138.24663,36.09495],[138.26725,36.09122],[138.2754,36.08635],[138.28666,36.0899],[138.3017,36.11091],[138.30162,36.12717],[138.28254,36.14951],[138.28011,36.16464],[138.28226,36.17825],[138.29521,36.207],[138.30389,36.23276],[138.31545,36.24481],[138.33115,36.25416],[138.33858,36.26199],[138.3379,36.2727],[138.34209,36.29233],[138.33723,36.30747],[138.34095,36.31649],[138.33066,36.3206],[138.32423,36.30695],[138.2947,36.30891],[138.29876,36.31919],[138.29161,36.32291],[138.28345,36.30694],[138.28319,36.28736]]]}},{"type":"Feature","properties":{"code":"20349","name":"小県郡青木村","pref":"長野県","pref_code":"20","cx":138.11072,"cy":36.35767,"bbox":[138.06354,36.31233,138.15422,36.40718]},"geometry":{"type":"Polygon","coordinates":[[[138.081,36.31233],[138.10808,36.32818],[138.11456,36.32224],[138.13055,36.33526],[138.12899,36.34652],[138.14364,36.35447],[138.15422,36.37048],[138.14943,36.38272],[138.15062,36.39211],[138.11546,36.40376],[138.09671,36.40718],[138.07167,36.40465],[138.06354,36.39852],[138.07289,36.37863],[138.0792,36.37211],[138.078,36.36088],[138.06667,36.34528],[138.07219,36.32185],[138.081,36.31233]]]}},{"type":"Feature","properties":{"code":"20350","name":"小県郡長和町","pref":"長野県","pref_code":"20","cx":138.2053,"cy":36.20624,"bbox":[138.11981,36.10527,138.29929,36.2968]},"geometry":{"type":"Polygon","coordinates":[[[138.12783,36.16648],[138.13388,36.16294],[138.1347,36.14824],[138.14706,36.14415],[138.15453,36.12977],[138.16563,36.12252],[138.19113,36.1227],[138.18992,36.11641],[138.19953,36.10773],[138.21675,36.10527],[138.23474,36.11048],[138.26097,36.13151],[138.27553,36.1515],[138.27681,36.16405],[138.28332,36.18456],[138.28285,36.22038],[138.29929,36.24623],[138.28778,36.25759],[138.28841,36.26705],[138.28319,36.28736],[138.26328,36.2968],[138.25549,36.29352],[138.24351,36.27814],[138.24613,36.25128],[138.23403,36.24705],[138.23347,36.23896],[138.22116,36.22384],[138.18667,36.22467],[138.17486,36.21851],[138.16326,36.21733],[138.15483,36.22402],[138.12836,36.22984],[138.11981,36.2187],[138.12934,36.21171],[138.12578,36.20078],[138.12617,36.18356],[138.13124,36.17674],[138.12783,36.16648]]]}},{"type":"Feature","properties":{"code":"20361","name":"諏訪郡下諏訪町","pref":"長野県","pref_code":"20","cx":138.12154,"cy":36.10882,"bbox":[138.06927,36.05012,138.17107,36.16648]},"geometry":{"type":"Polygon","coordinates":[[[138.08833,36.15749],[138.08176,36.14673],[138.09848,36.13833],[138.09355,36.12811],[138.08416,36.12474],[138.07617,36.12863],[138.06927,36.09565],[138.07496,36.0736],[138.07467,36.06066],[138.08612,36.05012],[138.11262,36.06209],[138.12884,36.07692],[138.12508,36.08827],[138.13771,36.08801],[138.13857,36.10008],[138.17107,36.10259],[138.17103,36.11506],[138.16563,36.12252],[138.15453,36.12977],[138.14706,36.14415],[138.1347,36.14824],[138.13388,36.16294],[138.12783,36.16648],[138.10405,36.16392],[138.08833,36.15749]]]}},{"type":"Feature","properties":{"code":"20362","name":"諏訪郡富士見町","pref":"長野県","pref_code":"20","cx":138.20473,"cy":35.87158,"bbox":[138.16891,35.78156,138.36035,35.96644]},"geometry":{"type":"Polygon","coordinates":[[[138.19832,35.78156],[138.18517,35.79108],[138.18779,35.79995],[138.20569,35.81573],[138.20349,35.82263],[138.22679,35.8574],[138.2326,35.87613],[138.2486,35.88592],[138.26444,35.87591],[138.27284,35.86493],[138.28364,35.85932],[138.29306,35.86706],[138.30768,35.88745],[138.32432,35.90233],[138.34203,35.92567],[138.34505,35.94133],[138.36008,35.95101],[138.36035,35.95721],[138.3217,35.96258],[138.30669,35.96644],[138.28865,35.96293],[138.27054,35.94964],[138.25236,35.9465],[138.23332,35.93139],[138.21855,35.94072],[138.20099,35.93954],[138.18999,35.9349],[138.18468,35.93988],[138.16891,35.9166],[138.17416,35.8906],[138.18088,35.88915],[138.17763,35.86725],[138.18889,35.85781],[138.1771,35.84481],[138.18065,35.83314],[138.17553,35.82324],[138.17229,35.80076],[138.1775,35.78619],[138.19832,35.78156]]]}},{"type":"Feature","properties":{"code":"20363","name":"諏訪郡原村","pref":"長野県","pref_code":"20","cx":138.23616,"cy":35.95989,"bbox":[138.17961,35.93139,138.37046,35.98463]},"geometry":{"type":"Polygon","coordinates":[[[138.21855,35.94072],[138.23332,35.93139],[138.25236,35.9465],[138.27054,35.94964],[138.28865,35.96293],[138.30669,35.96644],[138.3217,35.96258],[138.36035,35.95721],[138.37046,35.97138],[138.34862,35.97443],[138.31933,35.97268],[138.30947,35.97573],[138.24682,35.9813],[138.2312,35.98463],[138.21431,35.98462],[138.21261,35.9765],[138.18321,35.97484],[138.17961,35.96825],[138.19448,35.95311],[138.19953,35.95367],[138.21855,35.94072]]]}},{"type":"Feature","properties":{"code":"20382","name":"上伊那郡辰野町","pref":"長野県","pref_code":"20","cx":137.96068,"cy":35.99104,"bbox":[137.82915,35.91202,138.04821,36.06378]},"geometry":{"type":"Polygon","coordinates":[[[138.00685,36.05319],[138.00086,36.05451],[137.97971,36.04425],[137.95936,36.05408],[137.95046,36.05459],[137.94971,36.06378],[137.93871,36.06152],[137.93799,36.05302],[137.9277,36.04933],[137.92735,36.04244],[137.91528,36.03472],[137.90647,36.03464],[137.89901,36.02466],[137.90451,36.01824],[137.88911,36.00504],[137.88051,36.00154],[137.8706,35.98248],[137.86136,35.97142],[137.85127,35.96801],[137.84617,35.95837],[137.83132,35.94789],[137.82915,35.93769],[137.83481,35.92824],[137.85166,35.9239],[137.85841,35.91202],[137.87693,35.9126],[137.87938,35.92248],[137.88692,35.92553],[137.89797,35.93348],[137.90988,35.93389],[137.94063,35.9562],[137.96853,35.94192],[137.99276,35.95148],[138.00349,35.95083],[138.01651,35.94406],[138.0323,35.95623],[138.03501,35.96242],[138.04593,35.96514],[138.04821,35.9744],[138.04532,35.99961],[138.03682,36.00164],[138.03733,36.0123],[138.01942,36.01077],[137.99157,36.01638],[137.99715,36.02312],[137.99973,36.04081],[138.00685,36.05319]]]}},{"type":"Feature","properties":{"code":"20383","name":"上伊那郡箕輪町","pref":"長野県","pref_code":"20","cx":137.98203,"cy":35.92246,"bbox":[137.88692,35.87826,138.09063,35.96242]},"geometry":{"type":"Polygon","coordinates":[[[138.03501,35.96242],[138.0323,35.95623],[138.01651,35.94406],[138.00349,35.95083],[137.99276,35.95148],[137.96853,35.94192],[137.94063,35.9562],[137.90988,35.93389],[137.89797,35.93348],[137.88692,35.92553],[137.92272,35.90541],[137.92733,35.90554],[137.95046,35.89818],[137.98688,35.89548],[137.98861,35.87826],[138.03203,35.89487],[138.04699,35.91559],[138.05542,35.91939],[138.0635,35.91515],[138.08216,35.93183],[138.09063,35.94806],[138.08655,35.96018],[138.07963,35.9605],[138.07401,35.95032],[138.05902,35.94625],[138.04379,35.95358],[138.03501,35.96242]]]}},{"type":"Feature","properties":{"code":"20384","name":"上伊那郡飯島町","pref":"長野県","pref_code":"20","cx":137.8872,"cy":35.67783,"bbox":[137.8013,35.63581,137.97812,35.71685]},"geometry":{"type":"Polygon","coordinates":[[[137.80867,35.64392],[137.82146,35.64352],[137.8311,35.63889],[137.84291,35.6521],[137.86533,35.64846],[137.86839,35.64034],[137.88686,35.63581],[137.8991,35.63997],[137.91477,35.64339],[137.92467,35.65863],[137.93673,35.65308],[137.94495,35.6543],[137.95441,35.67387],[137.96616,35.66795],[137.973,35.6847],[137.97812,35.68546],[137.95548,35.69196],[137.95171,35.7005],[137.93434,35.70051],[137.9119,35.70611],[137.87867,35.69385],[137.8582,35.70502],[137.85053,35.70287],[137.82462,35.71193],[137.8168,35.71685],[137.81154,35.70168],[137.81357,35.69206],[137.80311,35.68137],[137.8053,35.67429],[137.8013,35.65568],[137.80867,35.64392]]]}},{"type":"Feature","properties":{"code":"20385","name":"上伊那郡南箕輪村","pref":"長野県","pref_code":"20","cx":137.96853,"cy":35.87114,"bbox":[137.84721,35.84997,137.98861,35.92553]},"geometry":{"type":"MultiPolygon","coordinates":[[[[137.98861,35.87826],[137.98688,35.89548],[137.95046,35.89818],[137.9394,35.89438],[137.93314,35.88127],[137.95292,35.87569],[137.94872,35.8666],[137.94038,35.86387],[137.90606,35.86231],[137.91445,35.85554],[137.92986,35.85465],[137.94692,35.84997],[137.95494,35.86502],[137.97342,35.85371],[137.98364,35.86333],[137.98861,35.87826]]],[[[137.92733,35.90554],[137.92272,35.90541],[137.88692,35.92553],[137.87938,35.92248],[137.87693,35.9126],[137.85841,35.91202],[137.85143,35.90612],[137.84721,35.89027],[137.85697,35.87716],[137.85629,35.86774],[137.86649,35.87144],[137.87721,35.86434],[137.88705,35.86579],[137.87649,35.87889],[137.87741,35.88771],[137.88719,35.9016],[137.90928,35.89746],[137.92235,35.89967],[137.92733,35.90554]]]]}},{"type":"Feature","properties":{"code":"20386","name":"上伊那郡中川村","pref":"長野県","pref_code":"20","cx":137.9724,"cy":35.64168,"bbox":[137.8991,35.59727,138.03833,35.68546]},"geometry":{"type":"Polygon","coordinates":[[[137.97812,35.68546],[137.973,35.6847],[137.96616,35.66795],[137.95441,35.67387],[137.94495,35.6543],[137.93673,35.65308],[137.92467,35.65863],[137.91477,35.64339],[137.8991,35.63997],[137.90494,35.63951],[137.90482,35.62374],[137.93266,35.6025],[137.94145,35.60936],[137.9608,35.60199],[137.97145,35.60728],[137.98933,35.60961],[138.00236,35.59727],[138.02291,35.61403],[138.03833,35.63698],[138.03532,35.66694],[138.0266,35.67471],[138.01346,35.67319],[137.9977,35.67988],[137.98551,35.67553],[137.97812,35.68546]]]}},{"type":"Feature","properties":{"code":"20388","name":"上伊那郡宮田村","pref":"長野県","pref_code":"20","cx":137.87874,"cy":35.7747,"bbox":[137.80465,35.74762,137.96394,35.80618]},"geometry":{"type":"Polygon","coordinates":[[[137.82829,35.80618],[137.82537,35.80103],[137.80465,35.78954],[137.80932,35.78139],[137.84701,35.76007],[137.85728,35.76015],[137.85951,35.74842],[137.87469,35.74762],[137.91104,35.74982],[137.96394,35.75049],[137.95866,35.76072],[137.95998,35.77825],[137.94663,35.77116],[137.92434,35.77883],[137.88113,35.78468],[137.86846,35.80376],[137.86243,35.80611],[137.82829,35.80618]]]}},{"type":"Feature","properties":{"code":"20402","name":"下伊那郡松川町","pref":"長野県","pref_code":"20","cx":137.93818,"cy":35.59877,"bbox":[137.80867,35.5481,138.01838,35.6521]},"geometry":{"type":"Polygon","coordinates":[[[137.82356,35.61556],[137.83474,35.60533],[137.87257,35.60026],[137.90093,35.58614],[137.90562,35.5792],[137.9177,35.57393],[137.92459,35.5781],[137.94004,35.56934],[137.95778,35.57201],[137.97576,35.57975],[137.99314,35.56402],[138.01013,35.55519],[138.01286,35.5481],[138.01838,35.56099],[138.00464,35.5699],[137.99325,35.58475],[138.00236,35.59727],[137.98933,35.60961],[137.97145,35.60728],[137.9608,35.60199],[137.94145,35.60936],[137.93266,35.6025],[137.90482,35.62374],[137.90494,35.63951],[137.8991,35.63997],[137.88686,35.63581],[137.86839,35.64034],[137.86533,35.64846],[137.84291,35.6521],[137.8311,35.63889],[137.82146,35.64352],[137.80867,35.64392],[137.81722,35.63731],[137.82356,35.61556]]]}},{"type":"Feature","properties":{"code":"20403","name":"下伊那郡高森町","pref":"長野県","pref_code":"20","cx":137.86441,"cy":35.57283,"bbox":[137.81557,35.53004,137.9177,35.61556]},"geometry":{"type":"Polygon","coordinates":[[[137.87768,35.53004],[137.8878,35.54265],[137.89583,35.56427],[137.90369,35.57173],[137.9177,35.57393],[137.90562,35.5792],[137.90093,35.58614],[137.87257,35.60026],[137.83474,35.60533],[137.82356,35.61556],[137.81557,35.60139],[137.82357,35.59398],[137.81727,35.58221],[137.81869,35.56653],[137.83249,35.5579],[137.83354,35.55052],[137.84555,35.54956],[137.86735,35.53434],[137.87768,35.53004]]]}},{"type":"Feature","properties":{"code":"20404","name":"下伊那郡阿南町","pref":"長野県","pref_code":"20","cx":137.75824,"cy":35.30927,"bbox":[137.67498,35.22887,137.84445,35.39158]},"geometry":{"type":"Polygon","coordinates":[[[137.84234,35.31189],[137.8328,35.32692],[137.84445,35.34403],[137.83319,35.3504],[137.83007,35.36082],[137.81038,35.38038],[137.80859,35.39158],[137.80137,35.37929],[137.7853,35.36736],[137.77788,35.35354],[137.77084,35.34873],[137.75471,35.35714],[137.74399,35.37006],[137.73571,35.35988],[137.72305,35.36035],[137.7187,35.35052],[137.70657,35.34504],[137.68844,35.34169],[137.68733,35.3215],[137.67608,35.31307],[137.67498,35.30665],[137.69598,35.30173],[137.70324,35.29676],[137.72666,35.298],[137.73476,35.28729],[137.73217,35.2703],[137.72761,35.26796],[137.72529,35.2435],[137.71486,35.23129],[137.70771,35.23202],[137.71177,35.22887],[137.72189,35.23076],[137.73055,35.23742],[137.74901,35.24117],[137.75724,35.25073],[137.76811,35.25252],[137.77226,35.27159],[137.7966,35.29389],[137.80211,35.29022],[137.81703,35.2999],[137.83944,35.30601],[137.84234,35.31189]]]}},{"type":"Feature","properties":{"code":"20407","name":"下伊那郡阿智村","pref":"長野県","pref_code":"20","cx":137.68008,"cy":35.45135,"bbox":[137.59315,35.34169,137.77055,35.55409]},"geometry":{"type":"Polygon","coordinates":[[[137.69426,35.55409],[137.68792,35.55054],[137.68434,35.53643],[137.67457,35.53177],[137.65395,35.53219],[137.64401,35.52106],[137.64379,35.51095],[137.63176,35.50918],[137.62455,35.50061],[137.62959,35.47738],[137.62842,35.46731],[137.6183,35.46779],[137.59315,35.44692],[137.6153,35.43084],[137.62197,35.4119],[137.63205,35.4107],[137.63369,35.39904],[137.64137,35.39149],[137.64298,35.36957],[137.65285,35.35871],[137.67782,35.3429],[137.68844,35.34169],[137.70657,35.34504],[137.7187,35.35052],[137.72305,35.36035],[137.73571,35.35988],[137.74399,35.37006],[137.73661,35.38405],[137.73558,35.39672],[137.75878,35.40828],[137.77055,35.42051],[137.75998,35.43983],[137.76288,35.45954],[137.753,35.45577],[137.74495,35.46156],[137.73131,35.48607],[137.72928,35.49566],[137.7406,35.50137],[137.74114,35.51507],[137.71767,35.52139],[137.70433,35.5526],[137.69426,35.55409]]]}},{"type":"Feature","properties":{"code":"20409","name":"下伊那郡平谷村","pref":"長野県","pref_code":"20","cx":137.64496,"cy":35.33636,"bbox":[137.57501,35.26501,137.68844,35.39904]},"geometry":{"type":"Polygon","coordinates":[[[137.68844,35.34169],[137.67782,35.3429],[137.65285,35.35871],[137.64298,35.36957],[137.64137,35.39149],[137.63369,35.39904],[137.61843,35.39174],[137.59067,35.39361],[137.57795,35.39013],[137.59839,35.37918],[137.59804,35.36567],[137.60257,35.3545],[137.60155,35.33104],[137.59055,35.33049],[137.58758,35.32371],[137.57501,35.31698],[137.59128,35.31206],[137.6036,35.31314],[137.63245,35.30001],[137.62723,35.29351],[137.62479,35.26542],[137.6343,35.26501],[137.64463,35.27207],[137.65881,35.26598],[137.65874,35.2765],[137.66693,35.28103],[137.66611,35.28901],[137.67498,35.30665],[137.67608,35.31307],[137.68733,35.3215],[137.68844,35.34169]]]}},{"type":"Feature","properties":{"code":"20410","name":"下伊那郡根羽村","pref":"長野県","pref_code":"20","cx":137.60566,"cy":35.25576,"bbox":[137.546,35.19904,137.67119,35.31698]},"geometry":{"type":"Polygon","coordinates":[[[137.57501,35.31698],[137.56012,35.3096],[137.55759,35.29472],[137.57075,35.2831],[137.5559,35.27242],[137.55748,35.26455],[137.54842,35.25974],[137.546,35.25179],[137.55042,35.24291],[137.56263,35.23537],[137.57873,35.21944],[137.57789,35.19904],[137.59148,35.19934],[137.60308,35.20607],[137.6268,35.21188],[137.64462,35.20901],[137.6538,35.21799],[137.65392,35.22671],[137.66379,35.22783],[137.67119,35.24212],[137.65881,35.26598],[137.64463,35.27207],[137.6343,35.26501],[137.62479,35.26542],[137.62723,35.29351],[137.63245,35.30001],[137.6036,35.31314],[137.59128,35.31206],[137.57501,35.31698]]]}},{"type":"Feature","properties":{"code":"20411","name":"下伊那郡下條村","pref":"長野県","pref_code":"20","cx":137.77134,"cy":35.38782,"bbox":[137.73558,35.34873,137.81623,35.42677]},"geometry":{"type":"Polygon","coordinates":[[[137.77055,35.42051],[137.75878,35.40828],[137.73558,35.39672],[137.73661,35.38405],[137.74399,35.37006],[137.75471,35.35714],[137.77084,35.34873],[137.77788,35.35354],[137.7853,35.36736],[137.80137,35.37929],[137.80859,35.39158],[137.80748,35.40072],[137.81599,35.40772],[137.81623,35.42117],[137.79743,35.42677],[137.77055,35.42051]]]}},{"type":"Feature","properties":{"code":"20412","name":"下伊那郡売木村","pref":"長野県","pref_code":"20","cx":137.69316,"cy":35.26697,"bbox":[137.65874,35.22783,137.73476,35.30665]},"geometry":{"type":"Polygon","coordinates":[[[137.67498,35.30665],[137.66611,35.28901],[137.66693,35.28103],[137.65874,35.2765],[137.65881,35.26598],[137.67119,35.24212],[137.66379,35.22783],[137.68126,35.23509],[137.71486,35.23129],[137.72529,35.2435],[137.72761,35.26796],[137.73217,35.2703],[137.73476,35.28729],[137.72666,35.298],[137.70324,35.29676],[137.69598,35.30173],[137.67498,35.30665]]]}},{"type":"Feature","properties":{"code":"20413","name":"下伊那郡天龍村","pref":"長野県","pref_code":"20","cx":137.83317,"cy":35.26479,"bbox":[137.72189,35.20565,137.90009,35.31641]},"geometry":{"type":"Polygon","coordinates":[[[137.84337,35.31641],[137.84234,35.31189],[137.83944,35.30601],[137.81703,35.2999],[137.80211,35.29022],[137.7966,35.29389],[137.77226,35.27159],[137.76811,35.25252],[137.75724,35.25073],[137.74901,35.24117],[137.73055,35.23742],[137.72189,35.23076],[137.72242,35.2221],[137.74331,35.21887],[137.76802,35.21846],[137.76772,35.20689],[137.80042,35.20565],[137.82152,35.21565],[137.83433,35.21397],[137.84493,35.22101],[137.85919,35.22332],[137.87255,35.21888],[137.88489,35.23625],[137.88247,35.2481],[137.89543,35.25799],[137.8957,35.2726],[137.90009,35.28072],[137.87862,35.294],[137.86313,35.29558],[137.86027,35.31115],[137.84337,35.31641]]]}},{"type":"Feature","properties":{"code":"20414","name":"下伊那郡泰阜村","pref":"長野県","pref_code":"20","cx":137.86139,"cy":35.36738,"bbox":[137.80748,35.31189,137.92597,35.42117]},"geometry":{"type":"Polygon","coordinates":[[[137.81623,35.42117],[137.81599,35.40772],[137.80748,35.40072],[137.81038,35.38038],[137.83007,35.36082],[137.83319,35.3504],[137.84445,35.34403],[137.8328,35.32692],[137.84234,35.31189],[137.84337,35.31641],[137.85285,35.32384],[137.86834,35.32062],[137.885,35.32433],[137.89592,35.32238],[137.92406,35.34486],[137.92597,35.3613],[137.91357,35.35698],[137.89097,35.37345],[137.88716,35.38602],[137.87052,35.38814],[137.86652,35.39727],[137.84996,35.40699],[137.83928,35.40921],[137.81623,35.42117]]]}},{"type":"Feature","properties":{"code":"20415","name":"下伊那郡喬木村","pref":"長野県","pref_code":"20","cx":137.93181,"cy":35.4791,"bbox":[137.86264,35.42712,137.98768,35.53046]},"geometry":{"type":"Polygon","coordinates":[[[137.98768,35.48726],[137.97601,35.49399],[137.96188,35.51021],[137.95309,35.50579],[137.93448,35.50967],[137.91607,35.50481],[137.89306,35.52523],[137.87807,35.53046],[137.86287,35.51166],[137.86264,35.49932],[137.88267,35.49739],[137.87669,35.4776],[137.88666,35.46841],[137.91546,35.45902],[137.91323,35.44465],[137.91836,35.43862],[137.94044,35.43272],[137.94692,35.42712],[137.96404,35.44155],[137.96196,35.44791],[137.98765,35.48061],[137.98768,35.48726]]]}},{"type":"Feature","properties":{"code":"20416","name":"下伊那郡豊丘村","pref":"長野県","pref_code":"20","cx":137.94561,"cy":35.53656,"bbox":[137.87807,35.48726,138.01286,35.57975]},"geometry":{"type":"Polygon","coordinates":[[[137.99108,35.49318],[138.01286,35.5481],[138.01013,35.55519],[137.99314,35.56402],[137.97576,35.57975],[137.95778,35.57201],[137.94004,35.56934],[137.92459,35.5781],[137.9177,35.57393],[137.90369,35.57173],[137.89583,35.56427],[137.8878,35.54265],[137.87807,35.53046],[137.89306,35.52523],[137.91607,35.50481],[137.93448,35.50967],[137.95309,35.50579],[137.96188,35.51021],[137.97601,35.49399],[137.98768,35.48726],[137.99108,35.49318]]]}},{"type":"Feature","properties":{"code":"20417","name":"下伊那郡大鹿村","pref":"長野県","pref_code":"20","cx":138.06815,"cy":35.57888,"bbox":[137.99108,35.45334,138.15942,35.70354]},"geometry":{"type":"Polygon","coordinates":[[[138.12047,35.45461],[138.13157,35.45334],[138.14102,35.45899],[138.15691,35.45998],[138.15799,35.49429],[138.14018,35.49973],[138.14633,35.51864],[138.13833,35.52221],[138.15942,35.54493],[138.14613,35.55702],[138.15181,35.57096],[138.14628,35.57646],[138.13082,35.5813],[138.1261,35.59255],[138.11103,35.60015],[138.10108,35.61489],[138.10533,35.62716],[138.10188,35.647],[138.09196,35.65503],[138.08555,35.67295],[138.07948,35.67938],[138.07711,35.69432],[138.06137,35.70354],[138.04725,35.69907],[138.04341,35.69139],[138.04405,35.67467],[138.03532,35.66694],[138.03833,35.63698],[138.02291,35.61403],[138.00236,35.59727],[137.99325,35.58475],[138.00464,35.5699],[138.01838,35.56099],[138.01286,35.5481],[137.99108,35.49318],[138.00217,35.48905],[138.01969,35.47459],[138.02972,35.47016],[138.03862,35.45764],[138.04946,35.46259],[138.07039,35.48109],[138.0832,35.48571],[138.09455,35.4747],[138.10726,35.47323],[138.12047,35.45461]]]}},{"type":"Feature","properties":{"code":"20422","name":"木曽郡上松町","pref":"長野県","pref_code":"20","cx":137.6892,"cy":35.76549,"bbox":[137.53302,35.70601,137.80932,35.82257]},"geometry":{"type":"Polygon","coordinates":[[[137.80932,35.78139],[137.80465,35.78954],[137.79686,35.78904],[137.78611,35.79619],[137.77032,35.81205],[137.75031,35.81264],[137.73293,35.82257],[137.69692,35.8201],[137.68479,35.81199],[137.67039,35.79797],[137.65781,35.78971],[137.65053,35.79548],[137.63838,35.79338],[137.62522,35.79683],[137.62248,35.79057],[137.60883,35.78763],[137.5996,35.79426],[137.59038,35.78755],[137.59907,35.77007],[137.57247,35.7609],[137.56486,35.75088],[137.53302,35.7537],[137.54323,35.73021],[137.55263,35.72556],[137.57495,35.73829],[137.58755,35.73503],[137.58716,35.72306],[137.59329,35.71018],[137.60084,35.70601],[137.61871,35.70735],[137.64455,35.71284],[137.65088,35.72462],[137.64215,35.73025],[137.65382,35.75034],[137.67154,35.74829],[137.68317,35.74376],[137.69077,35.72742],[137.72726,35.71736],[137.73566,35.71234],[137.75301,35.72374],[137.75201,35.73363],[137.77473,35.75883],[137.78685,35.7605],[137.80888,35.77951],[137.80932,35.78139]]]}},{"type":"Feature","properties":{"code":"20423","name":"木曽郡南木曽町","pref":"長野県","pref_code":"20","cx":137.61911,"cy":35.60354,"bbox":[137.50943,35.50918,137.72957,35.69064]},"geometry":{"type":"Polygon","coordinates":[[[137.72957,35.61339],[137.7267,35.6205],[137.70093,35.62997],[137.69155,35.64478],[137.66824,35.65974],[137.66141,35.65854],[137.64906,35.648],[137.63038,35.64514],[137.61301,35.65524],[137.60754,35.66764],[137.58667,35.67728],[137.56562,35.67758],[137.55411,35.68693],[137.535,35.69064],[137.52225,35.68873],[137.50943,35.68238],[137.53537,35.66581],[137.54545,35.65108],[137.53818,35.63833],[137.52815,35.63598],[137.52265,35.6194],[137.51381,35.60802],[137.5383,35.5848],[137.54615,35.58724],[137.56544,35.58504],[137.57043,35.5799],[137.5646,35.56643],[137.57112,35.56263],[137.57451,35.54453],[137.6025,35.5307],[137.60726,35.53354],[137.63176,35.50918],[137.64379,35.51095],[137.64401,35.52106],[137.65395,35.53219],[137.67457,35.53177],[137.68434,35.53643],[137.68792,35.55054],[137.69426,35.55409],[137.69066,35.56218],[137.69835,35.57625],[137.72045,35.58616],[137.71519,35.59906],[137.72957,35.61339]]]}},{"type":"Feature","properties":{"code":"20425","name":"木曽郡木祖村","pref":"長野県","pref_code":"20","cx":137.75344,"cy":35.99136,"bbox":[137.6962,35.90358,137.81528,36.08655]},"geometry":{"type":"Polygon","coordinates":[[[137.70382,36.01012],[137.69776,35.99569],[137.70101,35.98703],[137.6962,35.96923],[137.71228,35.95585],[137.71979,35.94219],[137.733,35.93376],[137.75339,35.91539],[137.75529,35.90815],[137.76772,35.90358],[137.77788,35.91636],[137.80138,35.92646],[137.8016,35.93578],[137.79536,35.95991],[137.80662,35.9731],[137.80495,35.97989],[137.80896,35.99795],[137.80808,36.01579],[137.81038,36.03797],[137.81528,36.05447],[137.80666,36.05485],[137.79672,36.07803],[137.78194,36.07319],[137.75464,36.08655],[137.73571,36.06956],[137.73706,36.04784],[137.7228,36.03414],[137.7198,36.02637],[137.70382,36.01012]]]}},{"type":"Feature","properties":{"code":"20429","name":"木曽郡王滝村","pref":"長野県","pref_code":"20","cx":137.46794,"cy":35.80754,"bbox":[137.32603,35.70882,137.62522,35.90505]},"geometry":{"type":"Polygon","coordinates":[[[137.62522,35.79683],[137.60765,35.79471],[137.6057,35.80294],[137.60934,35.83025],[137.59609,35.81398],[137.58829,35.81855],[137.57775,35.83412],[137.57336,35.85268],[137.54618,35.86146],[137.52466,35.87043],[137.50526,35.8723],[137.49968,35.87894],[137.47617,35.89402],[137.45865,35.88931],[137.44868,35.89289],[137.43761,35.90505],[137.41444,35.90139],[137.38082,35.89242],[137.36717,35.8768],[137.36759,35.86067],[137.35678,35.84273],[137.33605,35.84422],[137.33214,35.84068],[137.32603,35.81213],[137.33628,35.79883],[137.35372,35.80134],[137.36265,35.79798],[137.38122,35.80129],[137.39179,35.79858],[137.39995,35.7754],[137.41109,35.77727],[137.42397,35.77436],[137.44018,35.75855],[137.45957,35.7614],[137.46475,35.75637],[137.46554,35.74377],[137.47084,35.73579],[137.48521,35.7247],[137.48763,35.71648],[137.53247,35.70882],[137.55355,35.71906],[137.55263,35.72556],[137.54323,35.73021],[137.53302,35.7537],[137.56486,35.75088],[137.57247,35.7609],[137.59907,35.77007],[137.59038,35.78755],[137.5996,35.79426],[137.60883,35.78763],[137.62248,35.79057],[137.62522,35.79683]]]}},{"type":"Feature","properties":{"code":"20430","name":"木曽郡大桑村","pref":"長野県","pref_code":"20","cx":137.65354,"cy":35.69895,"bbox":[137.48604,35.61295,137.8168,35.77951]},"geometry":{"type":"Polygon","coordinates":[[[137.8013,35.65568],[137.8053,35.67429],[137.80311,35.68137],[137.81357,35.69206],[137.81154,35.70168],[137.8168,35.71685],[137.80516,35.72648],[137.80425,35.74248],[137.81382,35.75331],[137.80888,35.77951],[137.78685,35.7605],[137.77473,35.75883],[137.75201,35.73363],[137.75301,35.72374],[137.73566,35.71234],[137.72726,35.71736],[137.69077,35.72742],[137.68317,35.74376],[137.67154,35.74829],[137.65382,35.75034],[137.64215,35.73025],[137.65088,35.72462],[137.64455,35.71284],[137.61871,35.70735],[137.60084,35.70601],[137.59329,35.71018],[137.58716,35.72306],[137.58755,35.73503],[137.57495,35.73829],[137.55263,35.72556],[137.55355,35.71906],[137.53247,35.70882],[137.48763,35.71648],[137.48604,35.7055],[137.49868,35.69622],[137.4972,35.68848],[137.50943,35.68238],[137.52225,35.68873],[137.535,35.69064],[137.55411,35.68693],[137.56562,35.67758],[137.58667,35.67728],[137.60754,35.66764],[137.61301,35.65524],[137.63038,35.64514],[137.64906,35.648],[137.66141,35.65854],[137.66824,35.65974],[137.69155,35.64478],[137.70093,35.62997],[137.7267,35.6205],[137.72957,35.61339],[137.73746,35.61295],[137.75344,35.61982],[137.76008,35.62763],[137.77741,35.63167],[137.8013,35.65568]]]}},{"type":"Feature","properties":{"code":"20432","name":"木曽郡木曽町","pref":"長野県","pref_code":"20","cx":137.62211,"cy":35.90586,"bbox":[137.47617,35.78904,137.82829,36.02677]},"geometry":{"type":"Polygon","coordinates":[[[137.59949,36.02594],[137.5903,36.00654],[137.5747,35.99569],[137.54346,35.98287],[137.54427,35.97238],[137.53256,35.96162],[137.51888,35.93973],[137.50557,35.94062],[137.49775,35.92882],[137.48421,35.9161],[137.48193,35.90053],[137.47617,35.89402],[137.49968,35.87894],[137.50526,35.8723],[137.52466,35.87043],[137.54618,35.86146],[137.57336,35.85268],[137.57775,35.83412],[137.58829,35.81855],[137.59609,35.81398],[137.60934,35.83025],[137.6057,35.80294],[137.60765,35.79471],[137.62522,35.79683],[137.63838,35.79338],[137.65053,35.79548],[137.65781,35.78971],[137.67039,35.79797],[137.68479,35.81199],[137.69692,35.8201],[137.73293,35.82257],[137.75031,35.81264],[137.77032,35.81205],[137.78611,35.79619],[137.79686,35.78904],[137.80465,35.78954],[137.82537,35.80103],[137.82829,35.80618],[137.8241,35.81312],[137.81622,35.82874],[137.80865,35.83109],[137.81014,35.84808],[137.8044,35.85039],[137.80652,35.86958],[137.81613,35.87856],[137.81458,35.88758],[137.80469,35.89868],[137.80672,35.91451],[137.80138,35.92646],[137.77788,35.91636],[137.76772,35.90358],[137.75529,35.90815],[137.75339,35.91539],[137.733,35.93376],[137.71979,35.94219],[137.71228,35.95585],[137.6962,35.96923],[137.70101,35.98703],[137.69776,35.99569],[137.70382,36.01012],[137.68155,36.01678],[137.66822,36.01045],[137.65383,36.01903],[137.63314,36.02677],[137.61294,36.01842],[137.59949,36.02594]]]}},{"type":"Feature","properties":{"code":"20446","name":"東筑摩郡麻績村","pref":"長野県","pref_code":"20","cx":138.02931,"cy":36.45785,"bbox":[137.97712,36.41991,138.08466,36.49489]},"geometry":{"type":"Polygon","coordinates":[[[137.97712,36.4607],[137.99389,36.46181],[138.00979,36.4522],[138.01166,36.43651],[138.04225,36.42929],[138.05362,36.41991],[138.05647,36.43252],[138.04986,36.44572],[138.05369,36.45499],[138.08466,36.47472],[138.0758,36.48048],[138.07312,36.49004],[138.04647,36.49489],[138.03912,36.48778],[138.00554,36.48009],[137.97712,36.4607]]]}},{"type":"Feature","properties":{"code":"20448","name":"東筑摩郡生坂村","pref":"長野県","pref_code":"20","cx":137.93699,"cy":36.43117,"bbox":[137.90533,36.38411,137.97712,36.48938]},"geometry":{"type":"Polygon","coordinates":[[[137.95322,36.48498],[137.94693,36.48938],[137.92634,36.47116],[137.93295,36.46076],[137.92889,36.45022],[137.90533,36.43936],[137.91334,36.42298],[137.92466,36.41152],[137.9288,36.40291],[137.9263,36.39192],[137.9353,36.38515],[137.94999,36.38411],[137.9573,36.39481],[137.9727,36.40447],[137.96907,36.41636],[137.96062,36.42163],[137.97712,36.4607],[137.95935,36.46792],[137.951,36.47972],[137.95322,36.48498]]]}},{"type":"Feature","properties":{"code":"20450","name":"東筑摩郡山形村","pref":"長野県","pref_code":"20","cx":137.86946,"cy":36.16582,"bbox":[137.81081,36.1354,137.90106,36.19038]},"geometry":{"type":"Polygon","coordinates":[[[137.81081,36.14528],[137.82272,36.14541],[137.83202,36.1354],[137.85284,36.13942],[137.87704,36.14908],[137.88462,36.14654],[137.90106,36.1746],[137.89761,36.18807],[137.89041,36.19038],[137.87504,36.18663],[137.84615,36.17042],[137.83985,36.16121],[137.82999,36.15958],[137.81081,36.14528]]]}},{"type":"Feature","properties":{"code":"20451","name":"東筑摩郡朝日村","pref":"長野県","pref_code":"20","cx":137.83546,"cy":36.11168,"bbox":[137.75464,36.05447,137.90038,36.14908]},"geometry":{"type":"Polygon","coordinates":[[[137.88462,36.14654],[137.87704,36.14908],[137.85284,36.13942],[137.83202,36.1354],[137.82272,36.14541],[137.81081,36.14528],[137.79436,36.12968],[137.77799,36.09943],[137.76351,36.08819],[137.75464,36.08655],[137.78194,36.07319],[137.79672,36.07803],[137.80666,36.05485],[137.81528,36.05447],[137.82706,36.05504],[137.83909,36.06454],[137.84089,36.0723],[137.85193,36.07636],[137.8587,36.08848],[137.87077,36.09363],[137.87222,36.09972],[137.90038,36.12363],[137.89387,36.13073],[137.89227,36.14051],[137.88462,36.14654]]]}},{"type":"Feature","properties":{"code":"20452","name":"東筑摩郡筑北村","pref":"長野県","pref_code":"20","cx":138.00457,"cy":36.42546,"bbox":[137.96062,36.37065,138.12161,36.47472]},"geometry":{"type":"Polygon","coordinates":[[[138.0792,36.37211],[138.07289,36.37863],[138.06354,36.39852],[138.07167,36.40465],[138.09671,36.40718],[138.11546,36.40376],[138.11727,36.42123],[138.1143,36.43414],[138.12161,36.43683],[138.11795,36.44902],[138.10604,36.4592],[138.10214,36.46808],[138.08466,36.47472],[138.05369,36.45499],[138.04986,36.44572],[138.05647,36.43252],[138.05362,36.41991],[138.04225,36.42929],[138.01166,36.43651],[138.00979,36.4522],[137.99389,36.46181],[137.97712,36.4607],[137.96062,36.42163],[137.96907,36.41636],[137.9727,36.40447],[137.9915,36.37674],[137.99898,36.37123],[138.01998,36.37574],[138.04768,36.37679],[138.05167,36.37944],[138.07189,36.37065],[138.0792,36.37211]]]}},{"type":"Feature","properties":{"code":"20481","name":"北安曇郡池田町","pref":"長野県","pref_code":"20","cx":137.89561,"cy":36.41725,"bbox":[137.8693,36.364,137.93295,36.47573]},"geometry":{"type":"Polygon","coordinates":[[[137.8693,36.44092],[137.87538,36.39181],[137.87239,36.37921],[137.88809,36.364],[137.90826,36.37132],[137.9015,36.38996],[137.91284,36.40689],[137.92466,36.41152],[137.91334,36.42298],[137.90533,36.43936],[137.92889,36.45022],[137.93295,36.46076],[137.92634,36.47116],[137.898,36.47573],[137.88714,36.47432],[137.89321,36.44858],[137.87661,36.439],[137.8693,36.44092]]]}},{"type":"Feature","properties":{"code":"20482","name":"北安曇郡松川村","pref":"長野県","pref_code":"20","cx":137.82933,"cy":36.41788,"bbox":[137.75388,36.37921,137.87538,36.45192]},"geometry":{"type":"Polygon","coordinates":[[[137.75388,36.41071],[137.75518,36.40169],[137.77046,36.39182],[137.77543,36.39723],[137.79068,36.3921],[137.79962,36.39477],[137.82531,36.39116],[137.83617,36.38321],[137.85343,36.39379],[137.87239,36.37921],[137.87538,36.39181],[137.8693,36.44092],[137.85646,36.43718],[137.84412,36.44586],[137.81977,36.44157],[137.81645,36.45192],[137.80425,36.44731],[137.80848,36.43851],[137.8072,36.42372],[137.79292,36.42127],[137.7801,36.41448],[137.75388,36.41071]]]}},{"type":"Feature","properties":{"code":"20485","name":"北安曇郡白馬村","pref":"長野県","pref_code":"20","cx":137.83677,"cy":36.6899,"bbox":[137.75006,36.6141,137.94154,36.76769]},"geometry":{"type":"Polygon","coordinates":[[[137.94154,36.73607],[137.9058,36.73872],[137.88632,36.7306],[137.88308,36.73665],[137.86163,36.74308],[137.84858,36.74428],[137.82377,36.75411],[137.81923,36.75937],[137.76485,36.76769],[137.75177,36.75111],[137.75929,36.74061],[137.75097,36.72689],[137.75006,36.70498],[137.75974,36.68593],[137.7606,36.66459],[137.76949,36.65728],[137.79919,36.6494],[137.80387,36.64215],[137.81735,36.63547],[137.82394,36.62355],[137.82323,36.6141],[137.83401,36.61422],[137.83652,36.62185],[137.86786,36.6203],[137.86837,36.63309],[137.88276,36.63932],[137.89622,36.64025],[137.90944,36.64902],[137.91011,36.66158],[137.91745,36.68192],[137.915,36.69386],[137.92343,36.70007],[137.93375,36.7254],[137.94154,36.73607]]]}},{"type":"Feature","properties":{"code":"20486","name":"北安曇郡小谷村","pref":"長野県","pref_code":"20","cx":137.91701,"cy":36.82211,"bbox":[137.76485,36.7306,138.03162,36.91987]},"geometry":{"type":"Polygon","coordinates":[[[138.00346,36.82641],[138.02007,36.84222],[138.01659,36.8604],[138.03162,36.87814],[138.03106,36.89136],[138.01558,36.89321],[138.01364,36.90407],[137.99157,36.91069],[137.96958,36.91081],[137.96235,36.90211],[137.94737,36.91303],[137.93212,36.91427],[137.91974,36.91987],[137.89326,36.90996],[137.87465,36.91585],[137.86347,36.91289],[137.87143,36.9027],[137.86167,36.89078],[137.8683,36.87779],[137.87785,36.87319],[137.85592,36.8495],[137.85686,36.84383],[137.84522,36.83462],[137.83105,36.81781],[137.83098,36.80801],[137.81998,36.79822],[137.79328,36.78666],[137.7915,36.7792],[137.76485,36.76769],[137.81923,36.75937],[137.82377,36.75411],[137.84858,36.74428],[137.86163,36.74308],[137.88308,36.73665],[137.88632,36.7306],[137.9058,36.73872],[137.94154,36.73607],[137.95331,36.74848],[137.95289,36.75548],[137.96793,36.77103],[137.96768,36.78104],[137.98918,36.81152],[138.00346,36.82641]]]}},{"type":"Feature","properties":{"code":"20521","name":"埴科郡坂城町","pref":"長野県","pref_code":"20","cx":138.20039,"cy":36.4607,"bbox":[138.12862,36.41674,138.24978,36.50098]},"geometry":{"type":"Polygon","coordinates":[[[138.20177,36.50098],[138.19977,36.49476],[138.1762,36.48555],[138.16929,36.46437],[138.16074,36.45606],[138.13519,36.4467],[138.12862,36.43821],[138.13986,36.43402],[138.16585,36.41674],[138.18061,36.42105],[138.21106,36.42609],[138.21615,36.4294],[138.24869,36.43331],[138.24978,36.44414],[138.24138,36.45702],[138.22869,36.46466],[138.23064,36.47962],[138.21956,36.49049],[138.20177,36.50098]]]}},{"type":"Feature","properties":{"code":"20541","name":"上高井郡小布施町","pref":"長野県","pref_code":"20","cx":138.31334,"cy":36.70525,"bbox":[138.28327,36.68218,138.34826,36.72494]},"geometry":{"type":"Polygon","coordinates":[[[138.28328,36.68767],[138.31626,36.6881],[138.33149,36.68218],[138.34139,36.68637],[138.34826,36.69671],[138.34063,36.70742],[138.34374,36.71564],[138.33127,36.72494],[138.31097,36.72089],[138.3015,36.71521],[138.28997,36.71478],[138.28327,36.70308],[138.28328,36.68767]]]}},{"type":"Feature","properties":{"code":"20543","name":"上高井郡高山村","pref":"長野県","pref_code":"20","cx":138.43494,"cy":36.65636,"bbox":[138.33149,36.61067,138.53434,36.70421]},"geometry":{"type":"Polygon","coordinates":[[[138.44158,36.61067],[138.45497,36.61385],[138.46058,36.62647],[138.45906,36.63484],[138.4731,36.64405],[138.49008,36.6412],[138.5081,36.64827],[138.52491,36.65091],[138.53434,36.66627],[138.5138,36.66757],[138.49949,36.67544],[138.47187,36.67734],[138.46874,36.68628],[138.42854,36.69579],[138.4057,36.69909],[138.39502,36.69604],[138.36822,36.70421],[138.35563,36.69505],[138.34826,36.69671],[138.34139,36.68637],[138.33149,36.68218],[138.3385,36.6618],[138.34635,36.64815],[138.37025,36.6442],[138.38786,36.64406],[138.39409,36.63312],[138.41112,36.62821],[138.4133,36.62402],[138.44158,36.61067]]]}},{"type":"Feature","properties":{"code":"20561","name":"下高井郡山ノ内町","pref":"長野県","pref_code":"20","cx":138.51214,"cy":36.74941,"bbox":[138.38706,36.66627,138.64208,36.82415]},"geometry":{"type":"Polygon","coordinates":[[[138.4057,36.69909],[138.42854,36.69579],[138.46874,36.68628],[138.47187,36.67734],[138.49949,36.67544],[138.5138,36.66757],[138.53434,36.66627],[138.51792,36.677],[138.52002,36.69232],[138.54364,36.70383],[138.5749,36.70712],[138.58327,36.70131],[138.59434,36.7138],[138.61114,36.70658],[138.62177,36.72021],[138.64208,36.72378],[138.63678,36.74447],[138.62654,36.75435],[138.62746,36.77066],[138.63468,36.78641],[138.6246,36.79767],[138.61943,36.80952],[138.60857,36.81311],[138.57561,36.80995],[138.54954,36.82389],[138.54151,36.82415],[138.53356,36.81596],[138.52907,36.80219],[138.51916,36.80565],[138.51051,36.80015],[138.4903,36.79543],[138.48608,36.80537],[138.44408,36.81299],[138.43241,36.82012],[138.41763,36.80264],[138.4038,36.79925],[138.40482,36.7906],[138.38706,36.77353],[138.39767,36.76167],[138.3888,36.74017],[138.39421,36.73547],[138.39209,36.7208],[138.4057,36.69909]]]}},{"type":"Feature","properties":{"code":"20562","name":"下高井郡木島平村","pref":"長野県","pref_code":"20","cx":138.46839,"cy":36.84453,"bbox":[138.38417,36.79543,138.55668,36.89488]},"geometry":{"type":"Polygon","coordinates":[[[138.4038,36.79925],[138.41763,36.80264],[138.43241,36.82012],[138.44408,36.81299],[138.48608,36.80537],[138.4903,36.79543],[138.51051,36.80015],[138.51916,36.80565],[138.52907,36.80219],[138.53356,36.81596],[138.54151,36.82415],[138.54954,36.82389],[138.54135,36.83648],[138.55668,36.85191],[138.52448,36.85888],[138.51012,36.85382],[138.49605,36.85691],[138.50135,36.87614],[138.48721,36.89488],[138.47135,36.88191],[138.46185,36.88268],[138.44643,36.87508],[138.42243,36.87197],[138.40663,36.87544],[138.39631,36.85274],[138.38417,36.8508],[138.3907,36.83825],[138.38439,36.82751],[138.3976,36.82725],[138.3952,36.81029],[138.4038,36.79925]]]}},{"type":"Feature","properties":{"code":"20563","name":"下高井郡野沢温泉村","pref":"長野県","pref_code":"20","cx":138.45099,"cy":36.93467,"bbox":[138.41839,36.88191,138.51751,36.98482]},"geometry":{"type":"Polygon","coordinates":[[[138.46185,36.88268],[138.47135,36.88191],[138.48721,36.89488],[138.49394,36.88571],[138.50083,36.88944],[138.51406,36.90861],[138.497,36.92475],[138.48295,36.92445],[138.48259,36.93832],[138.49192,36.94879],[138.49914,36.96463],[138.51693,36.97458],[138.51751,36.98482],[138.4988,36.97803],[138.49381,36.97998],[138.48499,36.97705],[138.4621,36.97673],[138.442,36.95916],[138.43168,36.95545],[138.43424,36.94842],[138.4221,36.94595],[138.41839,36.93102],[138.42583,36.92172],[138.42886,36.90867],[138.43718,36.90665],[138.44092,36.89729],[138.46185,36.88268]]]}},{"type":"Feature","properties":{"code":"20583","name":"上水内郡信濃町","pref":"長野県","pref_code":"20","cx":138.1817,"cy":36.80744,"bbox":[138.08892,36.74716,138.27963,36.8683]},"geometry":{"type":"Polygon","coordinates":[[[138.14012,36.74753],[138.17229,36.74716],[138.19977,36.76004],[138.21225,36.7591],[138.21312,36.76687],[138.22347,36.77887],[138.25157,36.79029],[138.25141,36.79798],[138.25886,36.80574],[138.27301,36.80915],[138.27963,36.81771],[138.26221,36.82192],[138.27574,36.83673],[138.2749,36.84085],[138.27053,36.84424],[138.26836,36.86046],[138.24931,36.86533],[138.22937,36.86418],[138.21303,36.8683],[138.19559,36.85367],[138.17783,36.85181],[138.16282,36.8443],[138.13184,36.85067],[138.11505,36.85039],[138.08916,36.83573],[138.08892,36.83022],[138.10043,36.81629],[138.09529,36.80091],[138.09849,36.77965],[138.12488,36.78325],[138.12012,36.77432],[138.12248,36.76226],[138.12946,36.75307],[138.14012,36.74753]]]}},{"type":"Feature","properties":{"code":"20588","name":"上水内郡小川村","pref":"長野県","pref_code":"20","cx":137.95816,"cy":36.62868,"bbox":[137.90944,36.59478,138.01075,36.67247]},"geometry":{"type":"Polygon","coordinates":[[[137.91011,36.66158],[137.90944,36.64902],[137.91878,36.63456],[137.9144,36.61865],[137.92807,36.60649],[137.92753,36.6],[137.94177,36.59478],[137.9525,36.59497],[137.96297,36.60383],[137.9808,36.60141],[137.98599,36.59657],[138.00225,36.6005],[138.00329,36.61371],[137.99838,36.62279],[138.00047,36.63887],[138.01075,36.65462],[138.00422,36.66023],[137.95937,36.67247],[137.9448,36.6721],[137.92037,36.65701],[137.91011,36.66158]]]}},{"type":"Feature","properties":{"code":"20590","name":"上水内郡飯綱町","pref":"長野県","pref_code":"20","cx":138.25877,"cy":36.7702,"bbox":[138.14012,36.70903,138.30426,36.83673]},"geometry":{"type":"Polygon","coordinates":[[[138.29411,36.74587],[138.30426,36.76408],[138.30007,36.77353],[138.2996,36.78796],[138.27998,36.7924],[138.28123,36.81679],[138.27574,36.83673],[138.26221,36.82192],[138.27963,36.81771],[138.27301,36.80915],[138.25886,36.80574],[138.25141,36.79798],[138.25157,36.79029],[138.22347,36.77887],[138.21312,36.76687],[138.21225,36.7591],[138.19977,36.76004],[138.17229,36.74716],[138.14012,36.74753],[138.14049,36.73965],[138.17323,36.72808],[138.17881,36.72151],[138.19465,36.71271],[138.21567,36.70903],[138.23142,36.72095],[138.25152,36.71917],[138.26078,36.72771],[138.26234,36.74248],[138.28049,36.74163],[138.29411,36.74587]]]}},{"type":"Feature","properties":{"code":"20602","name":"下水内郡栄村","pref":"長野県","pref_code":"20","cx":138.57489,"cy":36.87528,"bbox":[138.48259,36.72378,138.69593,37.02783]},"geometry":{"type":"Polygon","coordinates":[[[138.49381,36.97998],[138.4988,36.97803],[138.51751,36.98482],[138.51693,36.97458],[138.49914,36.96463],[138.49192,36.94879],[138.48259,36.93832],[138.48295,36.92445],[138.497,36.92475],[138.51406,36.90861],[138.50083,36.88944],[138.49394,36.88571],[138.50135,36.87614],[138.49605,36.85691],[138.51012,36.85382],[138.52448,36.85888],[138.55668,36.85191],[138.54135,36.83648],[138.54954,36.82389],[138.57561,36.80995],[138.60857,36.81311],[138.61943,36.80952],[138.6246,36.79767],[138.63468,36.78641],[138.62746,36.77066],[138.62654,36.75435],[138.63678,36.74447],[138.64208,36.72378],[138.64893,36.72712],[138.6753,36.73094],[138.69593,36.73851],[138.688,36.76585],[138.66954,36.77366],[138.67171,36.78359],[138.68421,36.78792],[138.69579,36.80906],[138.68067,36.82416],[138.69001,36.83235],[138.6932,36.85482],[138.6765,36.86725],[138.65736,36.86805],[138.65097,36.87442],[138.62342,36.88466],[138.61781,36.89188],[138.62101,36.90408],[138.61287,36.90855],[138.59619,36.90711],[138.58929,36.91545],[138.59201,36.92541],[138.58452,36.93189],[138.58817,36.97694],[138.5863,36.98689],[138.57566,36.99662],[138.56589,37.02126],[138.55254,37.02362],[138.53651,37.02093],[138.51986,37.02783],[138.51842,37.01738],[138.51131,37.00694],[138.49597,36.99846],[138.49129,36.98706],[138.49381,36.97998]]]}},{"type":"Feature","properties":{"code":"21201","name":"岐阜市","pref":"岐阜県","pref_code":"21","cx":136.79097,"cy":35.45101,"bbox":[136.68287,35.35128,136.88546,35.543]},"geometry":{"type":"Polygon","coordinates":[[[136.81522,35.53173],[136.81208,35.51258],[136.79959,35.48498],[136.77836,35.4898],[136.74732,35.51041],[136.73682,35.50793],[136.71777,35.52054],[136.69678,35.543],[136.68321,35.53775],[136.68972,35.52631],[136.68287,35.51563],[136.69674,35.50905],[136.69227,35.49832],[136.69806,35.48276],[136.68308,35.47546],[136.69808,35.46291],[136.69887,35.42158],[136.69321,35.4116],[136.70586,35.39035],[136.69058,35.36679],[136.68842,35.35234],[136.71104,35.35128],[136.72898,35.35657],[136.7447,35.36355],[136.76284,35.3785],[136.7689,35.39316],[136.78606,35.39999],[136.80361,35.38711],[136.81295,35.38741],[136.81763,35.41852],[136.82273,35.42676],[136.86021,35.43431],[136.88179,35.44466],[136.88546,35.45736],[136.85092,35.46925],[136.8376,35.46335],[136.84357,35.4997],[136.84044,35.51237],[136.82627,35.53059],[136.81522,35.53173]]]}},{"type":"Feature","properties":{"code":"21202","name":"大垣市","pref":"岐阜県","pref_code":"21","cx":136.45749,"cy":35.28421,"bbox":[136.37974,35.21674,136.69058,35.41087]},"geometry":{"type":"MultiPolygon","coordinates":[[[[136.50167,35.35653],[136.48102,35.3581],[136.46596,35.34377],[136.45523,35.32544],[136.4554,35.31382],[136.42951,35.29994],[136.41993,35.28748],[136.40266,35.30045],[136.39115,35.2902],[136.39574,35.28095],[136.38915,35.24977],[136.37974,35.24094],[136.41217,35.2184],[136.4309,35.2294],[136.44072,35.21674],[136.46582,35.23748],[136.48281,35.23976],[136.50598,35.23506],[136.51364,35.25042],[136.52767,35.25753],[136.51866,35.29289],[136.52249,35.30131],[136.50699,35.32163],[136.52095,35.33287],[136.53562,35.3331],[136.52346,35.34792],[136.51064,35.34616],[136.50167,35.35653]]],[[[136.69058,35.36679],[136.67285,35.36718],[136.67331,35.34704],[136.68868,35.34583],[136.68842,35.35234],[136.69058,35.36679]]],[[[136.58501,35.40816],[136.56271,35.41087],[136.54854,35.40738],[136.54589,35.3779],[136.56068,35.37021],[136.5606,35.34392],[136.57789,35.34129],[136.59382,35.31865],[136.59694,35.30108],[136.61009,35.29397],[136.63927,35.31271],[136.63817,35.33322],[136.65223,35.33903],[136.65793,35.35149],[136.65271,35.38132],[136.64118,35.38761],[136.6216,35.39298],[136.61076,35.4046],[136.60013,35.39322],[136.58501,35.40816]]]]}},{"type":"Feature","properties":{"code":"21203","name":"高山市","pref":"岐阜県","pref_code":"21","cx":137.25046,"cy":36.14794,"bbox":[136.75397,35.91259,137.65067,36.3927]},"geometry":{"type":"Polygon","coordinates":[[[137.48343,35.91379],[137.50557,35.94062],[137.51888,35.93973],[137.53256,35.96162],[137.54427,35.97238],[137.54346,35.98287],[137.5747,35.99569],[137.5903,36.00654],[137.60022,36.02857],[137.59832,36.04319],[137.61372,36.05962],[137.60823,36.07793],[137.57235,36.08859],[137.55086,36.10988],[137.56047,36.13047],[137.55471,36.13766],[137.56789,36.15338],[137.59122,36.16412],[137.59517,36.19035],[137.58104,36.19531],[137.57298,36.21841],[137.58303,36.2204],[137.59635,36.24298],[137.60592,36.24879],[137.6288,36.27837],[137.64782,36.28905],[137.65067,36.3274],[137.61917,36.36421],[137.58709,36.37196],[137.58716,36.38959],[137.55951,36.38745],[137.53997,36.3927],[137.52311,36.3818],[137.49777,36.38268],[137.48411,36.3711],[137.47369,36.37585],[137.44666,36.36818],[137.42243,36.37031],[137.41809,36.35094],[137.40373,36.34356],[137.35878,36.34591],[137.36035,36.32876],[137.36994,36.31897],[137.36399,36.29654],[137.33589,36.29947],[137.32908,36.28898],[137.27686,36.2864],[137.26287,36.26803],[137.23919,36.255],[137.21996,36.25654],[137.21279,36.24168],[137.19577,36.23062],[137.17715,36.21183],[137.15965,36.21441],[137.15346,36.20022],[137.14247,36.20075],[137.12136,36.18306],[137.10601,36.20343],[137.10637,36.21684],[137.08417,36.215],[137.0697,36.19786],[137.02945,36.19654],[137.02398,36.18996],[136.96429,36.19499],[136.95146,36.20945],[136.94349,36.17009],[136.93714,36.16349],[136.93775,36.14251],[136.95372,36.12362],[136.93253,36.11198],[136.92477,36.09434],[136.8967,36.10466],[136.86959,36.10223],[136.85694,36.10536],[136.84424,36.09766],[136.81797,36.09324],[136.80714,36.10549],[136.78873,36.0979],[136.76496,36.10561],[136.75397,36.0902],[136.76426,36.06768],[136.77719,36.05268],[136.7951,36.05152],[136.81228,36.01483],[136.8454,36.00845],[136.87461,36.01573],[136.89591,36.02775],[136.90386,36.01832],[136.93082,36.00577],[136.93159,35.99834],[136.95135,35.97974],[136.95938,35.97853],[136.9725,35.9379],[136.97198,35.92465],[136.98291,35.91753],[137.00833,35.9511],[137.02402,35.96065],[137.03952,35.95372],[137.04853,35.96047],[137.06908,35.93915],[137.06959,35.91734],[137.07903,35.91259],[137.11227,35.93141],[137.12133,35.94848],[137.10741,35.9557],[137.12073,35.98546],[137.1306,35.99638],[137.14831,36.00442],[137.15917,36.0212],[137.18449,36.03706],[137.20908,36.02586],[137.23355,36.02168],[137.24626,35.99746],[137.26104,35.9874],[137.29484,35.98644],[137.34473,36.00203],[137.35575,35.976],[137.36868,35.97046],[137.36763,35.94549],[137.38034,35.94843],[137.40633,35.96857],[137.42313,35.97091],[137.44074,35.9592],[137.44553,35.94091],[137.47349,35.91772],[137.48343,35.91379]]]}},{"type":"Feature","properties":{"code":"21204","name":"多治見市","pref":"岐阜県","pref_code":"21","cx":137.11236,"cy":35.33274,"bbox":[137.04628,35.27038,137.18646,35.39218]},"geometry":{"type":"Polygon","coordinates":[[[137.14523,35.37704],[137.12372,35.38444],[137.11326,35.36912],[137.07929,35.37407],[137.07623,35.38545],[137.06257,35.39218],[137.04762,35.36469],[137.04628,35.33962],[137.06176,35.33903],[137.07298,35.32646],[137.06408,35.32066],[137.08131,35.29219],[137.09893,35.29253],[137.10103,35.30162],[137.13159,35.29363],[137.14583,35.2798],[137.16546,35.28226],[137.17609,35.27038],[137.18646,35.27742],[137.17713,35.30359],[137.14566,35.34997],[137.15894,35.35599],[137.14523,35.37704]]]}},{"type":"Feature","properties":{"code":"21205","name":"関市","pref":"岐阜県","pref_code":"21","cx":137.02208,"cy":35.6174,"bbox":[136.66614,35.4274,137.09896,35.80924]},"geometry":{"type":"Polygon","coordinates":[[[136.88179,35.44466],[136.90479,35.44625],[136.94219,35.4274],[136.94852,35.42944],[136.9597,35.44663],[136.96301,35.46842],[136.94719,35.49904],[136.94912,35.50712],[136.99237,35.50812],[136.99295,35.51752],[137.01603,35.53708],[137.04405,35.54962],[137.07129,35.57051],[137.05306,35.59321],[137.06369,35.62317],[137.09114,35.63143],[137.09896,35.67939],[137.05101,35.69404],[137.04821,35.68061],[137.05424,35.66292],[137.04779,35.65044],[137.02402,35.64235],[137.01271,35.65298],[136.98011,35.64191],[136.98638,35.6194],[136.97867,35.61539],[136.97901,35.60124],[136.96739,35.58284],[136.96741,35.57203],[136.95567,35.56171],[136.96018,35.55028],[136.94472,35.54639],[136.93139,35.52782],[136.92092,35.52274],[136.90222,35.52695],[136.89437,35.51048],[136.86241,35.52432],[136.85409,35.54626],[136.83864,35.56232],[136.84762,35.57137],[136.84169,35.59347],[136.85346,35.61094],[136.85553,35.63542],[136.87026,35.63664],[136.87965,35.65228],[136.85956,35.67133],[136.85506,35.68422],[136.83951,35.70085],[136.85325,35.72411],[136.85475,35.74617],[136.8334,35.75445],[136.83992,35.77675],[136.82787,35.77568],[136.8072,35.78513],[136.79454,35.78481],[136.78925,35.7994],[136.75447,35.80924],[136.7411,35.80107],[136.72452,35.80815],[136.71005,35.79204],[136.67205,35.79131],[136.66614,35.78514],[136.68292,35.77176],[136.68551,35.76001],[136.68126,35.73455],[136.69575,35.717],[136.71358,35.71851],[136.73037,35.71142],[136.72149,35.69441],[136.73986,35.68372],[136.76847,35.68317],[136.77247,35.66744],[136.8046,35.65502],[136.80644,35.60925],[136.78945,35.59363],[136.79378,35.57127],[136.80429,35.57322],[136.82071,35.56029],[136.80919,35.54778],[136.81522,35.53173],[136.82627,35.53059],[136.84044,35.51237],[136.84357,35.4997],[136.8376,35.46335],[136.85092,35.46925],[136.88546,35.45736],[136.88179,35.44466]]]}},{"type":"Feature","properties":{"code":"21206","name":"中津川市","pref":"岐阜県","pref_code":"21","cx":137.48124,"cy":35.58235,"bbox":[137.3288,35.36325,137.63369,35.79858]},"geometry":{"type":"Polygon","coordinates":[[[137.57523,35.40001],[137.59067,35.39361],[137.61843,35.39174],[137.63369,35.39904],[137.62197,35.4119],[137.6153,35.43084],[137.59315,35.44692],[137.62959,35.47738],[137.62455,35.50061],[137.63158,35.5089],[137.60726,35.53354],[137.6025,35.5307],[137.57451,35.54453],[137.57043,35.5799],[137.56544,35.58504],[137.5383,35.5848],[137.51381,35.60802],[137.52815,35.63598],[137.54545,35.65108],[137.53537,35.66581],[137.4972,35.68848],[137.48604,35.7055],[137.48521,35.7247],[137.46554,35.74377],[137.45957,35.7614],[137.44018,35.75855],[137.42397,35.77436],[137.39995,35.7754],[137.39179,35.79858],[137.36029,35.79597],[137.33396,35.76443],[137.3288,35.74109],[137.33102,35.71097],[137.34369,35.69595],[137.35392,35.69471],[137.37313,35.67207],[137.40562,35.6612],[137.40073,35.64629],[137.41268,35.62645],[137.39305,35.60834],[137.38778,35.59539],[137.39896,35.57344],[137.38617,35.56202],[137.36926,35.56703],[137.3483,35.56299],[137.34153,35.54793],[137.35111,35.5318],[137.34804,35.51254],[137.36861,35.50419],[137.39173,35.50779],[137.39296,35.48128],[137.41862,35.47994],[137.43306,35.47179],[137.46205,35.43972],[137.49778,35.44083],[137.49333,35.43033],[137.46181,35.42651],[137.43465,35.41637],[137.44317,35.39744],[137.46731,35.37042],[137.49298,35.36325],[137.5097,35.37369],[137.53944,35.37785],[137.57523,35.40001]]]}},{"type":"Feature","properties":{"code":"21207","name":"美濃市","pref":"岐阜県","pref_code":"21","cx":136.9067,"cy":35.57743,"bbox":[136.83864,35.51048,136.97901,35.65228]},"geometry":{"type":"Polygon","coordinates":[[[136.97867,35.61539],[136.95262,35.61501],[136.94253,35.59882],[136.92549,35.60115],[136.91218,35.62285],[136.90352,35.62776],[136.89818,35.64532],[136.87965,35.65228],[136.87026,35.63664],[136.85553,35.63542],[136.85346,35.61094],[136.84169,35.59347],[136.84762,35.57137],[136.83864,35.56232],[136.85409,35.54626],[136.86241,35.52432],[136.89437,35.51048],[136.90222,35.52695],[136.92092,35.52274],[136.93139,35.52782],[136.94472,35.54639],[136.96018,35.55028],[136.95567,35.56171],[136.96741,35.57203],[136.96739,35.58284],[136.97901,35.60124],[136.97867,35.61539]]]}},{"type":"Feature","properties":{"code":"21208","name":"瑞浪市","pref":"岐阜県","pref_code":"21","cx":137.27931,"cy":35.38475,"bbox":[137.19236,35.29061,137.35079,35.47302]},"geometry":{"type":"Polygon","coordinates":[[[137.2506,35.46443],[137.23449,35.45839],[137.22874,35.47302],[137.2034,35.46973],[137.19848,35.43765],[137.20588,35.42487],[137.19236,35.41134],[137.19417,35.40382],[137.2171,35.39363],[137.22298,35.36899],[137.21948,35.35814],[137.24316,35.33904],[137.24473,35.33121],[137.28106,35.31915],[137.27579,35.29061],[137.30808,35.29116],[137.32817,35.29502],[137.3378,35.31355],[137.33456,35.33296],[137.29847,35.3305],[137.30197,35.33917],[137.33437,35.37587],[137.34524,35.39507],[137.34137,35.40463],[137.35079,35.41972],[137.33404,35.42767],[137.3323,35.44076],[137.31182,35.44205],[137.2999,35.45065],[137.2728,35.45153],[137.26326,35.46375],[137.2506,35.46443]]]}},{"type":"Feature","properties":{"code":"21209","name":"羽島市","pref":"岐阜県","pref_code":"21","cx":136.69753,"cy":35.29591,"bbox":[136.65723,35.24106,136.75395,35.35657]},"geometry":{"type":"Polygon","coordinates":[[[136.68842,35.35234],[136.68868,35.34583],[136.68518,35.32787],[136.66904,35.31849],[136.66522,35.3074],[136.67239,35.29214],[136.6773,35.27817],[136.65723,35.25751],[136.67787,35.24106],[136.69602,35.25864],[136.7062,35.27804],[136.7283,35.29969],[136.75395,35.34489],[136.73264,35.34877],[136.72898,35.35657],[136.71104,35.35128],[136.68842,35.35234]]]}},{"type":"Feature","properties":{"code":"21210","name":"恵那市","pref":"岐阜県","pref_code":"21","cx":137.39697,"cy":35.38466,"bbox":[137.2506,35.22688,137.60257,35.54793]},"geometry":{"type":"Polygon","coordinates":[[[137.34153,35.54793],[137.32346,35.53545],[137.26901,35.52698],[137.28686,35.50822],[137.2712,35.4958],[137.2506,35.46443],[137.26326,35.46375],[137.2728,35.45153],[137.2999,35.45065],[137.31182,35.44205],[137.3323,35.44076],[137.33404,35.42767],[137.35079,35.41972],[137.34137,35.40463],[137.34524,35.39507],[137.33437,35.37587],[137.30197,35.33917],[137.29847,35.3305],[137.33456,35.33296],[137.3378,35.31355],[137.32817,35.29502],[137.30808,35.29116],[137.34463,35.27372],[137.3441,35.25786],[137.36197,35.26097],[137.38512,35.2587],[137.38819,35.24012],[137.41681,35.2404],[137.42492,35.22688],[137.46214,35.24112],[137.47658,35.25341],[137.49655,35.25902],[137.51413,35.26996],[137.52137,35.28426],[137.54343,35.28055],[137.56208,35.28773],[137.56012,35.3096],[137.60155,35.33104],[137.60257,35.3545],[137.59839,35.37918],[137.57795,35.39013],[137.57523,35.40001],[137.53944,35.37785],[137.5097,35.37369],[137.49298,35.36325],[137.46731,35.37042],[137.44317,35.39744],[137.43465,35.41637],[137.46181,35.42651],[137.49333,35.43033],[137.49778,35.44083],[137.46205,35.43972],[137.43306,35.47179],[137.41862,35.47994],[137.39296,35.48128],[137.39173,35.50779],[137.36861,35.50419],[137.34804,35.51254],[137.35111,35.5318],[137.34153,35.54793]]]}},{"type":"Feature","properties":{"code":"21211","name":"美濃加茂市","pref":"岐阜県","pref_code":"21","cx":137.02458,"cy":35.49097,"bbox":[136.9597,35.4299,137.08666,35.55065]},"geometry":{"type":"Polygon","coordinates":[[[136.99237,35.50812],[137.01172,35.48662],[136.98394,35.47132],[136.96301,35.46842],[136.9597,35.44663],[136.97469,35.45221],[137.00112,35.44009],[137.0065,35.4299],[137.05216,35.44478],[137.07193,35.43951],[137.08325,35.44848],[137.08666,35.46919],[137.05272,35.47911],[137.03719,35.49532],[137.05148,35.50837],[137.06429,35.52791],[137.06758,35.54771],[137.05808,35.55065],[137.04405,35.54962],[137.01603,35.53708],[136.99295,35.51752],[136.99237,35.50812]]]}},{"type":"Feature","properties":{"code":"21212","name":"土岐市","pref":"岐阜県","pref_code":"21","cx":137.21269,"cy":35.32518,"bbox":[137.14523,35.25146,137.28106,35.40382]},"geometry":{"type":"Polygon","coordinates":[[[137.17609,35.27038],[137.18447,35.2541],[137.19996,35.25146],[137.21128,35.25969],[137.22457,35.25649],[137.24994,35.26855],[137.26266,35.2852],[137.27579,35.29061],[137.28106,35.31915],[137.24473,35.33121],[137.24316,35.33904],[137.21948,35.35814],[137.22298,35.36899],[137.2171,35.39363],[137.19417,35.40382],[137.17861,35.39196],[137.16036,35.3984],[137.14523,35.37704],[137.15894,35.35599],[137.14566,35.34997],[137.17713,35.30359],[137.18646,35.27742],[137.17609,35.27038]]]}},{"type":"Feature","properties":{"code":"21213","name":"各務原市","pref":"岐阜県","pref_code":"21","cx":136.88867,"cy":35.40718,"bbox":[136.79406,35.356,136.96171,35.44625]},"geometry":{"type":"Polygon","coordinates":[[[136.81295,35.38741],[136.81887,35.38101],[136.79406,35.36607],[136.80423,35.36014],[136.83425,35.356],[136.88618,35.37753],[136.92207,35.37918],[136.96171,35.39977],[136.96112,35.41458],[136.94852,35.42944],[136.94219,35.4274],[136.90479,35.44625],[136.88179,35.44466],[136.86021,35.43431],[136.82273,35.42676],[136.81763,35.41852],[136.81295,35.38741]]]}},{"type":"Feature","properties":{"code":"21214","name":"可児市","pref":"岐阜県","pref_code":"21","cx":137.06656,"cy":35.4042,"bbox":[136.97858,35.36469,137.16036,35.46514]},"geometry":{"type":"MultiPolygon","coordinates":[[[[137.14523,35.37704],[137.16036,35.3984],[137.13181,35.41468],[137.10546,35.41838],[137.1068,35.431],[137.05216,35.44478],[137.0065,35.4299],[136.99322,35.4242],[136.97858,35.40642],[136.98731,35.40198],[137.00212,35.38148],[137.02828,35.37532],[137.04762,35.36469],[137.06257,35.39218],[137.07623,35.38545],[137.07929,35.37407],[137.11326,35.36912],[137.12372,35.38444],[137.14523,35.37704]]],[[[137.08325,35.44848],[137.09995,35.44743],[137.11265,35.45834],[137.10368,35.46514],[137.0834,35.44941],[137.08325,35.44848]]]]}},{"type":"Feature","properties":{"code":"21215","name":"山県市","pref":"岐阜県","pref_code":"21","cx":136.7305,"cy":35.59805,"bbox":[136.66339,35.48498,136.82071,35.71851]},"geometry":{"type":"Polygon","coordinates":[[[136.81522,35.53173],[136.80919,35.54778],[136.82071,35.56029],[136.80429,35.57322],[136.79378,35.57127],[136.78945,35.59363],[136.80644,35.60925],[136.8046,35.65502],[136.77247,35.66744],[136.76847,35.68317],[136.73986,35.68372],[136.72149,35.69441],[136.73037,35.71142],[136.71358,35.71851],[136.69575,35.717],[136.69489,35.69059],[136.68881,35.6609],[136.67477,35.65503],[136.6768,35.63816],[136.66508,35.6264],[136.66896,35.61036],[136.66339,35.60247],[136.68333,35.57628],[136.68469,35.55883],[136.69678,35.543],[136.71777,35.52054],[136.73682,35.50793],[136.74732,35.51041],[136.77836,35.4898],[136.79959,35.48498],[136.81208,35.51258],[136.81522,35.53173]]]}},{"type":"Feature","properties":{"code":"21216","name":"瑞穂市","pref":"岐阜県","pref_code":"21","cx":136.67116,"cy":35.39716,"bbox":[136.63299,35.36679,136.70586,35.42879]},"geometry":{"type":"Polygon","coordinates":[[[136.69321,35.4116],[136.68128,35.41944],[136.64528,35.42271],[136.63299,35.42879],[136.64003,35.40396],[136.64118,35.38761],[136.65271,35.38132],[136.67285,35.36718],[136.69058,35.36679],[136.70586,35.39035],[136.69321,35.4116]]]}},{"type":"Feature","properties":{"code":"21217","name":"飛騨市","pref":"岐阜県","pref_code":"21","cx":137.20441,"cy":36.32387,"bbox":[136.95146,36.18306,137.53997,36.46482]},"geometry":{"type":"Polygon","coordinates":[[[137.53997,36.3927],[137.52026,36.40607],[137.51172,36.42345],[137.47399,36.42535],[137.46083,36.41224],[137.41016,36.42463],[137.39522,36.4364],[137.39487,36.45557],[137.3615,36.45005],[137.358,36.43631],[137.33862,36.43389],[137.31953,36.42446],[137.31387,36.44167],[137.31678,36.46099],[137.29833,36.45826],[137.27777,36.46482],[137.25638,36.45114],[137.24761,36.46196],[137.23136,36.44426],[137.21319,36.43797],[137.19474,36.44664],[137.1597,36.45644],[137.14227,36.44315],[137.12423,36.42209],[137.11151,36.41538],[137.09488,36.38397],[137.07873,36.38431],[137.04898,36.34569],[137.05228,36.32951],[137.02125,36.30918],[137.00256,36.2869],[136.99015,36.28712],[136.97531,36.27436],[136.96635,36.2658],[136.95174,36.23749],[136.95799,36.2305],[136.95146,36.20945],[136.96429,36.19499],[137.02398,36.18996],[137.02945,36.19654],[137.0697,36.19786],[137.08417,36.215],[137.10637,36.21684],[137.10601,36.20343],[137.12136,36.18306],[137.14247,36.20075],[137.15346,36.20022],[137.15965,36.21441],[137.17715,36.21183],[137.19577,36.23062],[137.21279,36.24168],[137.21996,36.25654],[137.23919,36.255],[137.26287,36.26803],[137.27686,36.2864],[137.32908,36.28898],[137.33589,36.29947],[137.36399,36.29654],[137.36994,36.31897],[137.36035,36.32876],[137.35878,36.34591],[137.40373,36.34356],[137.41809,36.35094],[137.42243,36.37031],[137.44666,36.36818],[137.47369,36.37585],[137.48411,36.3711],[137.49777,36.38268],[137.52311,36.3818],[137.53997,36.3927]]]}},{"type":"Feature","properties":{"code":"21218","name":"本巣市","pref":"岐阜県","pref_code":"21","cx":136.61302,"cy":35.60641,"bbox":[136.51196,35.41944,136.69843,35.79873]},"geometry":{"type":"Polygon","coordinates":[[[136.69678,35.543],[136.68469,35.55883],[136.68333,35.57628],[136.66339,35.60247],[136.66896,35.61036],[136.66508,35.6264],[136.6768,35.63816],[136.67477,35.65503],[136.68881,35.6609],[136.69489,35.69059],[136.69575,35.717],[136.68126,35.73455],[136.68551,35.76001],[136.68292,35.77176],[136.66614,35.78514],[136.65251,35.79873],[136.62611,35.79542],[136.61145,35.7888],[136.59915,35.79853],[136.57232,35.77804],[136.54528,35.77871],[136.52524,35.78797],[136.51196,35.77191],[136.51371,35.76225],[136.52966,35.75108],[136.53536,35.73148],[136.52896,35.71698],[136.53679,35.69847],[136.51541,35.67587],[136.53601,35.64488],[136.5597,35.6284],[136.55991,35.60107],[136.56451,35.58639],[136.58506,35.57769],[136.60702,35.5785],[136.62815,35.5711],[136.64366,35.55391],[136.63347,35.5484],[136.6495,35.52836],[136.63975,35.52349],[136.65385,35.50952],[136.66004,35.49409],[136.65625,35.47998],[136.63299,35.42879],[136.64528,35.42271],[136.68128,35.41944],[136.6789,35.44007],[136.69843,35.44726],[136.69808,35.46291],[136.68308,35.47546],[136.69806,35.48276],[136.69227,35.49832],[136.69674,35.50905],[136.68287,35.51563],[136.68972,35.52631],[136.68321,35.53775],[136.69678,35.543]]]}},{"type":"Feature","properties":{"code":"21219","name":"郡上市","pref":"岐阜県","pref_code":"21","cx":136.96199,"cy":35.82124,"bbox":[136.72708,35.59882,137.1654,36.06768]},"geometry":{"type":"Polygon","coordinates":[[[136.76426,36.06768],[136.74443,36.05994],[136.7354,36.04789],[136.73439,36.02099],[136.72708,35.99562],[136.74969,35.9909],[136.75287,35.95646],[136.78906,35.94866],[136.79339,35.94092],[136.78386,35.92778],[136.8137,35.91092],[136.82377,35.89277],[136.82022,35.8794],[136.83236,35.85744],[136.82512,35.84541],[136.80229,35.84403],[136.79587,35.80906],[136.78925,35.7994],[136.79454,35.78481],[136.8072,35.78513],[136.82787,35.77568],[136.83992,35.77675],[136.8334,35.75445],[136.85475,35.74617],[136.85325,35.72411],[136.83951,35.70085],[136.85506,35.68422],[136.85956,35.67133],[136.87965,35.65228],[136.89818,35.64532],[136.90352,35.62776],[136.91218,35.62285],[136.92549,35.60115],[136.94253,35.59882],[136.95262,35.61501],[136.97867,35.61539],[136.98638,35.6194],[136.98011,35.64191],[137.01271,35.65298],[137.02402,35.64235],[137.04779,35.65044],[137.05424,35.66292],[137.04821,35.68061],[137.05101,35.69404],[137.06664,35.70381],[137.06898,35.72001],[137.09688,35.72641],[137.13196,35.74105],[137.13159,35.76915],[137.12756,35.77685],[137.13038,35.80413],[137.12265,35.83342],[137.12919,35.84571],[137.1437,35.85068],[137.16493,35.84704],[137.1654,35.86035],[137.14041,35.8827],[137.122,35.9106],[137.10845,35.91445],[137.10245,35.92563],[137.07903,35.91259],[137.06959,35.91734],[137.06908,35.93915],[137.04853,35.96047],[137.03952,35.95372],[137.02402,35.96065],[137.00833,35.9511],[136.98291,35.91753],[136.97198,35.92465],[136.9725,35.9379],[136.95938,35.97853],[136.95135,35.97974],[136.93159,35.99834],[136.93082,36.00577],[136.90386,36.01832],[136.89591,36.02775],[136.87461,36.01573],[136.8454,36.00845],[136.81228,36.01483],[136.7951,36.05152],[136.77719,36.05268],[136.76426,36.06768]]]}},{"type":"Feature","properties":{"code":"21220","name":"下呂市","pref":"岐阜県","pref_code":"21","cx":137.22688,"cy":35.82277,"bbox":[137.05101,35.62083,137.48343,36.03706]},"geometry":{"type":"Polygon","coordinates":[[[137.10245,35.92563],[137.10845,35.91445],[137.122,35.9106],[137.14041,35.8827],[137.1654,35.86035],[137.16493,35.84704],[137.1437,35.85068],[137.12919,35.84571],[137.12265,35.83342],[137.13038,35.80413],[137.12756,35.77685],[137.13159,35.76915],[137.13196,35.74105],[137.09688,35.72641],[137.06898,35.72001],[137.06664,35.70381],[137.05101,35.69404],[137.09896,35.67939],[137.09114,35.63143],[137.11237,35.62083],[137.14051,35.62488],[137.14608,35.63123],[137.17004,35.63721],[137.19775,35.65658],[137.19318,35.66796],[137.2184,35.68169],[137.24346,35.67475],[137.24953,35.68951],[137.26792,35.69828],[137.28492,35.69126],[137.30243,35.70218],[137.33102,35.71097],[137.3288,35.74109],[137.33396,35.76443],[137.36029,35.79597],[137.33628,35.79883],[137.32603,35.81213],[137.33214,35.84068],[137.35678,35.84273],[137.36759,35.86067],[137.36717,35.8768],[137.38082,35.89242],[137.43761,35.90505],[137.45865,35.88931],[137.47544,35.89364],[137.48343,35.91379],[137.47349,35.91772],[137.44553,35.94091],[137.44074,35.9592],[137.42313,35.97091],[137.40633,35.96857],[137.38034,35.94843],[137.36763,35.94549],[137.36868,35.97046],[137.35575,35.976],[137.34473,36.00203],[137.29484,35.98644],[137.26104,35.9874],[137.24626,35.99746],[137.23355,36.02168],[137.20908,36.02586],[137.18449,36.03706],[137.15917,36.0212],[137.14831,36.00442],[137.1306,35.99638],[137.12073,35.98546],[137.10741,35.9557],[137.12133,35.94848],[137.11227,35.93141],[137.10245,35.92563]]]}},{"type":"Feature","properties":{"code":"21221","name":"海津市","pref":"岐阜県","pref_code":"21","cx":136.61889,"cy":35.21686,"bbox":[136.53634,35.14766,136.68313,35.29214]},"geometry":{"type":"Polygon","coordinates":[[[136.67239,35.29214],[136.65196,35.28725],[136.65083,35.27053],[136.62852,35.26544],[136.62522,35.2526],[136.60621,35.22818],[136.59203,35.24757],[136.56967,35.26094],[136.55313,35.26104],[136.53634,35.2502],[136.55028,35.23191],[136.56175,35.20553],[136.58519,35.19446],[136.61251,35.15942],[136.61555,35.14993],[136.64602,35.14766],[136.65564,35.16105],[136.67434,35.1525],[136.67232,35.18878],[136.68313,35.19983],[136.67787,35.24106],[136.65723,35.25751],[136.6773,35.27817],[136.67239,35.29214]]]}},{"type":"Feature","properties":{"code":"21302","name":"羽島郡岐南町","pref":"岐阜県","pref_code":"21","cx":136.7835,"cy":35.39028,"bbox":[136.76284,35.37622,136.81887,35.39999]},"geometry":{"type":"Polygon","coordinates":[[[136.76284,35.3785],[136.77805,35.38182],[136.79927,35.37622],[136.81887,35.38101],[136.81295,35.38741],[136.80361,35.38711],[136.78606,35.39999],[136.7689,35.39316],[136.76284,35.3785]]]}},{"type":"Feature","properties":{"code":"21303","name":"羽島郡笠松町","pref":"岐阜県","pref_code":"21","cx":136.75031,"cy":35.36037,"bbox":[136.72898,35.34489,136.81887,35.38182]},"geometry":{"type":"Polygon","coordinates":[[[136.72898,35.35657],[136.73264,35.34877],[136.75395,35.34489],[136.75911,35.35719],[136.77464,35.3696],[136.7772,35.3695],[136.79406,35.36607],[136.81887,35.38101],[136.79927,35.37622],[136.77805,35.38182],[136.76284,35.3785],[136.7447,35.36355],[136.72898,35.35657]]]}},{"type":"Feature","properties":{"code":"21341","name":"養老郡養老町","pref":"岐阜県","pref_code":"21","cx":136.56566,"cy":35.27806,"bbox":[136.50699,35.22818,136.62522,35.34392]},"geometry":{"type":"Polygon","coordinates":[[[136.52767,35.25753],[136.53634,35.2502],[136.55313,35.26104],[136.56967,35.26094],[136.59203,35.24757],[136.60621,35.22818],[136.62522,35.2526],[136.60774,35.26322],[136.61009,35.29397],[136.59694,35.30108],[136.59382,35.31865],[136.57789,35.34129],[136.5606,35.34392],[136.55398,35.33521],[136.53562,35.3331],[136.52095,35.33287],[136.50699,35.32163],[136.52249,35.30131],[136.51866,35.29289],[136.52767,35.25753]]]}},{"type":"Feature","properties":{"code":"21361","name":"不破郡垂井町","pref":"岐阜県","pref_code":"21","cx":136.50943,"cy":35.38643,"bbox":[136.46378,35.3331,136.56068,35.43776]},"geometry":{"type":"Polygon","coordinates":[[[136.53562,35.3331],[136.55398,35.33521],[136.5606,35.34392],[136.56068,35.37021],[136.54589,35.3779],[136.54854,35.40738],[136.52298,35.42146],[136.51707,35.43776],[136.49688,35.43365],[136.48914,35.42297],[136.47113,35.41497],[136.46378,35.39497],[136.50167,35.35653],[136.51064,35.34616],[136.52346,35.34792],[136.53562,35.3331]]]}},{"type":"Feature","properties":{"code":"21362","name":"不破郡関ケ原町","pref":"岐阜県","pref_code":"21","cx":136.43841,"cy":35.33586,"bbox":[136.40266,35.28748,136.50167,35.39497]},"geometry":{"type":"Polygon","coordinates":[[[136.50167,35.35653],[136.46378,35.39497],[136.44435,35.38943],[136.43689,35.37913],[136.41191,35.3699],[136.42233,35.34839],[136.41117,35.32794],[136.41226,35.31556],[136.40266,35.30045],[136.41993,35.28748],[136.42951,35.29994],[136.4554,35.31382],[136.45523,35.32544],[136.46596,35.34377],[136.48102,35.3581],[136.50167,35.35653]]]}},{"type":"Feature","properties":{"code":"21381","name":"安八郡神戸町","pref":"岐阜県","pref_code":"21","cx":136.60621,"cy":35.41594,"bbox":[136.58488,35.38761,136.64118,35.44845]},"geometry":{"type":"Polygon","coordinates":[[[136.64118,35.38761],[136.64003,35.40396],[136.6193,35.42372],[136.60054,35.44845],[136.58488,35.43033],[136.58501,35.40816],[136.60013,35.39322],[136.61076,35.4046],[136.6216,35.39298],[136.64118,35.38761]]]}},{"type":"Feature","properties":{"code":"21382","name":"安八郡輪之内町","pref":"岐阜県","pref_code":"21","cx":136.63017,"cy":35.27889,"bbox":[136.60774,35.2526,136.67239,35.31271]},"geometry":{"type":"Polygon","coordinates":[[[136.61009,35.29397],[136.60774,35.26322],[136.62522,35.2526],[136.62852,35.26544],[136.65083,35.27053],[136.65196,35.28725],[136.67239,35.29214],[136.66522,35.3074],[136.63927,35.31271],[136.61009,35.29397]]]}},{"type":"Feature","properties":{"code":"21383","name":"安八郡安八町","pref":"岐阜県","pref_code":"21","cx":136.6709,"cy":35.34243,"bbox":[136.63817,35.3074,136.68868,35.38132]},"geometry":{"type":"Polygon","coordinates":[[[136.67285,35.36718],[136.65271,35.38132],[136.65793,35.35149],[136.65223,35.33903],[136.63817,35.33322],[136.63927,35.31271],[136.66522,35.3074],[136.66904,35.31849],[136.68518,35.32787],[136.68868,35.34583],[136.67331,35.34704],[136.67285,35.36718]]]}},{"type":"Feature","properties":{"code":"21401","name":"揖斐郡揖斐川町","pref":"岐阜県","pref_code":"21","cx":136.44272,"cy":35.59373,"bbox":[136.27657,35.38943,136.65385,35.79518]},"geometry":{"type":"Polygon","coordinates":[[[136.51371,35.76225],[136.49651,35.76553],[136.48458,35.77514],[136.46158,35.77871],[136.43073,35.77503],[136.40885,35.7803],[136.40014,35.78937],[136.37666,35.79518],[136.34841,35.78002],[136.32795,35.7751],[136.3184,35.75098],[136.32696,35.73152],[136.29192,35.68407],[136.27657,35.65148],[136.28856,35.62059],[136.31556,35.6234],[136.32368,35.61652],[136.32275,35.57001],[136.31626,35.55594],[136.3221,35.54435],[136.33732,35.55025],[136.34093,35.53728],[136.35666,35.53991],[136.36252,35.55848],[136.37356,35.55939],[136.38425,35.53309],[136.4004,35.53008],[136.40229,35.51325],[136.38783,35.49683],[136.40177,35.46994],[136.42036,35.46623],[136.42617,35.44816],[136.41181,35.4186],[136.42797,35.40078],[136.44435,35.38943],[136.46378,35.39497],[136.47113,35.41497],[136.48914,35.42297],[136.49688,35.43365],[136.51707,35.43776],[136.52635,35.4634],[136.55177,35.47158],[136.56981,35.47161],[136.57395,35.46182],[136.59284,35.46031],[136.60532,35.47365],[136.5926,35.4866],[136.61327,35.49214],[136.63608,35.50545],[136.65385,35.50952],[136.63975,35.52349],[136.6495,35.52836],[136.63347,35.5484],[136.64366,35.55391],[136.62815,35.5711],[136.60702,35.5785],[136.58506,35.57769],[136.56451,35.58639],[136.55991,35.60107],[136.5597,35.6284],[136.53601,35.64488],[136.51541,35.67587],[136.53679,35.69847],[136.52896,35.71698],[136.53536,35.73148],[136.52966,35.75108],[136.51371,35.76225]]]}},{"type":"Feature","properties":{"code":"21403","name":"揖斐郡大野町","pref":"岐阜県","pref_code":"21","cx":136.62065,"cy":35.45438,"bbox":[136.5926,35.40396,136.66004,35.50952]},"geometry":{"type":"Polygon","coordinates":[[[136.63299,35.42879],[136.65625,35.47998],[136.66004,35.49409],[136.65385,35.50952],[136.63608,35.50545],[136.61327,35.49214],[136.5926,35.4866],[136.60532,35.47365],[136.59284,35.46031],[136.60054,35.44845],[136.6193,35.42372],[136.64003,35.40396],[136.63299,35.42879]]]}},{"type":"Feature","properties":{"code":"21404","name":"揖斐郡池田町","pref":"岐阜県","pref_code":"21","cx":136.55746,"cy":35.44311,"bbox":[136.51707,35.40738,136.60054,35.47161]},"geometry":{"type":"Polygon","coordinates":[[[136.58501,35.40816],[136.58488,35.43033],[136.60054,35.44845],[136.59284,35.46031],[136.57395,35.46182],[136.56981,35.47161],[136.55177,35.47158],[136.52635,35.4634],[136.51707,35.43776],[136.52298,35.42146],[136.54854,35.40738],[136.56271,35.41087],[136.58501,35.40816]]]}},{"type":"Feature","properties":{"code":"21421","name":"本巣郡北方町","pref":"岐阜県","pref_code":"21","cx":136.68934,"cy":35.43083,"bbox":[136.6789,35.4116,136.69887,35.44726]},"geometry":{"type":"Polygon","coordinates":[[[136.69843,35.44726],[136.6789,35.44007],[136.68128,35.41944],[136.69321,35.4116],[136.69887,35.42158],[136.69843,35.44726]]]}},{"type":"Feature","properties":{"code":"21501","name":"加茂郡坂祝町","pref":"岐阜県","pref_code":"21","cx":136.97797,"cy":35.43499,"bbox":[136.94852,35.41458,137.0065,35.45221]},"geometry":{"type":"Polygon","coordinates":[[[136.94852,35.42944],[136.96112,35.41458],[136.96437,35.42094],[136.99322,35.4242],[137.0065,35.4299],[137.00112,35.44009],[136.97469,35.45221],[136.9597,35.44663],[136.94852,35.42944]]]}},{"type":"Feature","properties":{"code":"21502","name":"加茂郡富加町","pref":"岐阜県","pref_code":"21","cx":136.97827,"cy":35.49283,"bbox":[136.94719,35.46842,137.01172,35.50812]},"geometry":{"type":"Polygon","coordinates":[[[136.96301,35.46842],[136.98394,35.47132],[137.01172,35.48662],[136.99237,35.50812],[136.94912,35.50712],[136.94719,35.49904],[136.96301,35.46842]]]}},{"type":"Feature","properties":{"code":"21503","name":"加茂郡川辺町","pref":"岐阜県","pref_code":"21","cx":137.08803,"cy":35.51243,"bbox":[137.03719,35.46919,137.12305,35.5522]},"geometry":{"type":"Polygon","coordinates":[[[137.08666,35.46919],[137.08458,35.48847],[137.10196,35.48905],[137.11951,35.50377],[137.12305,35.51649],[137.10878,35.52137],[137.10608,35.54259],[137.07662,35.5522],[137.05808,35.55065],[137.06758,35.54771],[137.06429,35.52791],[137.05148,35.50837],[137.03719,35.49532],[137.05272,35.47911],[137.08666,35.46919]]]}},{"type":"Feature","properties":{"code":"21504","name":"加茂郡七宗町","pref":"岐阜県","pref_code":"21","cx":137.11269,"cy":35.58286,"bbox":[137.04405,35.51649,137.18489,35.63143]},"geometry":{"type":"Polygon","coordinates":[[[137.04405,35.54962],[137.07662,35.5522],[137.10608,35.54259],[137.10878,35.52137],[137.12305,35.51649],[137.13441,35.52108],[137.1455,35.53948],[137.16748,35.54074],[137.18489,35.55336],[137.17442,35.57363],[137.1536,35.59209],[137.14213,35.59466],[137.15812,35.61279],[137.14051,35.62488],[137.11237,35.62083],[137.09114,35.63143],[137.06369,35.62317],[137.05306,35.59321],[137.07129,35.57051],[137.04405,35.54962]]]}},{"type":"Feature","properties":{"code":"21505","name":"加茂郡八百津町","pref":"岐阜県","pref_code":"21","cx":137.19549,"cy":35.49978,"bbox":[137.0834,35.44941,137.28686,35.55336]},"geometry":{"type":"Polygon","coordinates":[[[137.2506,35.46443],[137.2712,35.4958],[137.28686,35.50822],[137.26901,35.52698],[137.25532,35.53098],[137.22609,35.55297],[137.20621,35.54628],[137.18489,35.55336],[137.16748,35.54074],[137.1455,35.53948],[137.13441,35.52108],[137.12305,35.51649],[137.11951,35.50377],[137.10196,35.48905],[137.08458,35.48847],[137.08666,35.46919],[137.0834,35.44941],[137.10368,35.46514],[137.12001,35.45239],[137.15922,35.45283],[137.16845,35.46711],[137.19279,35.47367],[137.2034,35.46973],[137.22874,35.47302],[137.23449,35.45839],[137.2506,35.46443]]]}},{"type":"Feature","properties":{"code":"21506","name":"加茂郡白川町","pref":"岐阜県","pref_code":"21","cx":137.20492,"cy":35.62007,"bbox":[137.14051,35.52698,137.39896,35.71097]},"geometry":{"type":"Polygon","coordinates":[[[137.39305,35.60834],[137.35859,35.61805],[137.33306,35.62209],[137.31839,35.611],[137.28249,35.59754],[137.26299,35.60961],[137.26147,35.63404],[137.28798,35.64768],[137.29695,35.6673],[137.31382,35.67418],[137.32022,35.68486],[137.34369,35.69595],[137.33102,35.71097],[137.30243,35.70218],[137.28492,35.69126],[137.26792,35.69828],[137.24953,35.68951],[137.24346,35.67475],[137.2184,35.68169],[137.19318,35.66796],[137.19775,35.65658],[137.17004,35.63721],[137.14608,35.63123],[137.14051,35.62488],[137.15812,35.61279],[137.14213,35.59466],[137.1536,35.59209],[137.17442,35.57363],[137.18489,35.55336],[137.20621,35.54628],[137.22609,35.55297],[137.25532,35.53098],[137.26901,35.52698],[137.32346,35.53545],[137.34153,35.54793],[137.3483,35.56299],[137.36926,35.56703],[137.38617,35.56202],[137.39896,35.57344],[137.38778,35.59539],[137.39305,35.60834]]]}},{"type":"Feature","properties":{"code":"21507","name":"加茂郡東白川村","pref":"岐阜県","pref_code":"21","cx":137.3438,"cy":35.64698,"bbox":[137.26147,35.59754,137.41268,35.69595]},"geometry":{"type":"Polygon","coordinates":[[[137.34369,35.69595],[137.32022,35.68486],[137.31382,35.67418],[137.29695,35.6673],[137.28798,35.64768],[137.26147,35.63404],[137.26299,35.60961],[137.28249,35.59754],[137.31839,35.611],[137.33306,35.62209],[137.35859,35.61805],[137.39305,35.60834],[137.41268,35.62645],[137.40073,35.64629],[137.40562,35.6612],[137.37313,35.67207],[137.35392,35.69471],[137.34369,35.69595]]]}},{"type":"Feature","properties":{"code":"21521","name":"可児郡御嵩町","pref":"岐阜県","pref_code":"21","cx":137.14679,"cy":35.43433,"bbox":[137.07193,35.39196,137.20588,35.47367]},"geometry":{"type":"Polygon","coordinates":[[[137.2034,35.46973],[137.19279,35.47367],[137.16845,35.46711],[137.15922,35.45283],[137.12001,35.45239],[137.11265,35.45834],[137.09995,35.44743],[137.08325,35.44848],[137.07193,35.43951],[137.1068,35.431],[137.10546,35.41838],[137.13181,35.41468],[137.16036,35.3984],[137.17861,35.39196],[137.19417,35.40382],[137.19236,35.41134],[137.20588,35.42487],[137.19848,35.43765],[137.2034,35.46973]]]}},{"type":"Feature","properties":{"code":"21604","name":"大野郡白川村","pref":"岐阜県","pref_code":"21","cx":136.89229,"cy":36.22062,"bbox":[136.76496,36.09324,136.97531,36.36084]},"geometry":{"type":"Polygon","coordinates":[[[136.95146,36.20945],[136.95799,36.2305],[136.95174,36.23749],[136.96635,36.2658],[136.97531,36.27436],[136.95824,36.27768],[136.97112,36.31554],[136.9549,36.33935],[136.90747,36.36084],[136.89009,36.34556],[136.8651,36.34966],[136.83735,36.34731],[136.84249,36.33326],[136.82657,36.30258],[136.79229,36.29921],[136.81458,36.2664],[136.83355,36.26486],[136.8504,36.25192],[136.84385,36.2368],[136.82099,36.21074],[136.79944,36.18131],[136.79841,36.17256],[136.76599,36.16088],[136.78073,36.14138],[136.76496,36.10561],[136.78873,36.0979],[136.80714,36.10549],[136.81797,36.09324],[136.84424,36.09766],[136.85694,36.10536],[136.86959,36.10223],[136.8967,36.10466],[136.92477,36.09434],[136.93253,36.11198],[136.95372,36.12362],[136.93775,36.14251],[136.93714,36.16349],[136.94349,36.17009],[136.95146,36.20945]]]}},{"type":"Feature","properties":{"code":"22101","name":"静岡市葵区","pref":"静岡県","pref_code":"22","cx":138.24393,"cy":35.29759,"bbox":[138.08296,34.9496,138.43656,35.64594]},"geometry":{"type":"Polygon","coordinates":[[[138.3987,35.20027],[138.39685,35.20505],[138.39429,35.20781],[138.39305,35.21363],[138.39067,35.2199],[138.3918,35.22482],[138.39089,35.22883],[138.389,35.23278],[138.3882,35.23731],[138.38671,35.23952],[138.38562,35.24465],[138.38615,35.24624],[138.38251,35.24955],[138.38093,35.25299],[138.37821,35.25394],[138.37731,35.25639],[138.37453,35.26002],[138.37356,35.26332],[138.37134,35.26528],[138.36898,35.26868],[138.36703,35.27019],[138.36927,35.27668],[138.3667,35.28051],[138.36769,35.28646],[138.36676,35.29032],[138.36944,35.29578],[138.37081,35.29626],[138.37248,35.29941],[138.37059,35.30477],[138.36821,35.30644],[138.3676,35.30954],[138.36467,35.31203],[138.35947,35.31338],[138.35762,35.31776],[138.35583,35.31643],[138.35272,35.31654],[138.34999,35.31525],[138.34337,35.31799],[138.34021,35.32183],[138.33529,35.32653],[138.33243,35.32629],[138.32804,35.32767],[138.32446,35.32721],[138.31896,35.32412],[138.31346,35.32261],[138.31128,35.31959],[138.30898,35.31849],[138.30515,35.31799],[138.30293,35.31663],[138.29645,35.31651],[138.29407,35.31197],[138.28985,35.30947],[138.28527,35.30427],[138.28169,35.30487],[138.27641,35.30742],[138.27555,35.30997],[138.26979,35.3144],[138.26185,35.3151],[138.25792,35.31647],[138.2548,35.31982],[138.25502,35.32418],[138.25154,35.32594],[138.25204,35.32926],[138.24874,35.3316],[138.25034,35.33384],[138.25256,35.33429],[138.25698,35.33859],[138.25392,35.34542],[138.25514,35.34847],[138.25396,35.35256],[138.251,35.35835],[138.25126,35.36353],[138.24676,35.36715],[138.24273,35.36585],[138.23729,35.37002],[138.23202,35.37122],[138.23287,35.37286],[138.23285,35.37666],[138.23429,35.37992],[138.2362,35.38168],[138.23685,35.38427],[138.24012,35.38814],[138.24594,35.39107],[138.24744,35.3948],[138.24645,35.3998],[138.25082,35.40261],[138.25206,35.40434],[138.2581,35.40739],[138.25822,35.41244],[138.25762,35.41479],[138.25927,35.42189],[138.25944,35.43108],[138.2573,35.43706],[138.25523,35.44121],[138.25533,35.44458],[138.24831,35.44718],[138.24561,35.45305],[138.24434,35.45412],[138.24407,35.45898],[138.24629,35.46348],[138.25348,35.46596],[138.25521,35.46891],[138.25551,35.47278],[138.25788,35.47602],[138.25859,35.47982],[138.25859,35.48513],[138.25979,35.48917],[138.25891,35.49322],[138.26025,35.5059],[138.26173,35.50683],[138.2669,35.51297],[138.26898,35.51413],[138.26468,35.51995],[138.26314,35.52347],[138.26259,35.52713],[138.26106,35.52942],[138.25735,35.53085],[138.25821,35.53301],[138.25758,35.53512],[138.26008,35.5429],[138.2602,35.54613],[138.25948,35.55298],[138.25669,35.55463],[138.25205,35.55569],[138.25034,35.55845],[138.24639,35.56082],[138.24445,35.56346],[138.24515,35.56932],[138.24183,35.57313],[138.24046,35.57632],[138.24117,35.58001],[138.24051,35.58267],[138.23879,35.58348],[138.23943,35.58661],[138.24358,35.59152],[138.24064,35.60511],[138.23568,35.60619],[138.23509,35.60833],[138.23625,35.61273],[138.23409,35.61497],[138.2366,35.61898],[138.23608,35.62227],[138.23308,35.62294],[138.23147,35.6246],[138.22888,35.6252],[138.22832,35.62721],[138.23061,35.6356],[138.23199,35.63714],[138.23232,35.6401],[138.2308,35.64347],[138.2281,35.64594],[138.21867,35.64455],[138.21507,35.63934],[138.21122,35.63522],[138.20755,35.63306],[138.20344,35.63218],[138.20294,35.61937],[138.2024,35.61822],[138.20505,35.61337],[138.20606,35.6084],[138.20192,35.60382],[138.20043,35.59956],[138.19596,35.59549],[138.19462,35.59236],[138.19463,35.58862],[138.19215,35.5846],[138.18892,35.58056],[138.18949,35.57678],[138.1844,35.57309],[138.18228,35.5746],[138.1784,35.57485],[138.17284,35.5816],[138.16738,35.58291],[138.16205,35.58129],[138.16086,35.58],[138.1601,35.57613],[138.15597,35.57249],[138.15181,35.57096],[138.15096,35.56629],[138.14855,35.5628],[138.14613,35.55702],[138.14414,35.55468],[138.14818,35.55428],[138.15126,35.55278],[138.15421,35.55348],[138.15603,35.55175],[138.15618,35.54845],[138.15891,35.54663],[138.15942,35.54493],[138.15489,35.53948],[138.15149,35.5362],[138.14794,35.53475],[138.14696,35.5296],[138.14277,35.52708],[138.14214,35.52552],[138.13833,35.52221],[138.14633,35.51864],[138.14628,35.51378],[138.14384,35.51047],[138.14334,35.50633],[138.14094,35.50437],[138.1395,35.50134],[138.14018,35.49973],[138.14432,35.50064],[138.14856,35.49998],[138.15358,35.49608],[138.15799,35.49429],[138.16227,35.49463],[138.16462,35.49387],[138.16311,35.49149],[138.16082,35.48984],[138.15832,35.4863],[138.15877,35.48286],[138.1564,35.47691],[138.15678,35.47279],[138.1604,35.47083],[138.16025,35.4678],[138.15768,35.46328],[138.15691,35.45998],[138.15142,35.45871],[138.14833,35.46023],[138.14603,35.45935],[138.14102,35.45899],[138.13951,35.45727],[138.13527,35.45443],[138.13157,35.45334],[138.12193,35.45639],[138.11979,35.45339],[138.12047,35.45151],[138.11934,35.44598],[138.12095,35.44423],[138.12296,35.43994],[138.12396,35.43566],[138.12021,35.43144],[138.12152,35.42856],[138.129,35.42726],[138.13258,35.42601],[138.13689,35.4235],[138.13983,35.4226],[138.13862,35.41997],[138.13903,35.41648],[138.1377,35.41467],[138.13511,35.41404],[138.13433,35.41219],[138.13488,35.40775],[138.13939,35.40577],[138.14438,35.40607],[138.14975,35.39937],[138.15255,35.39798],[138.15257,35.39477],[138.15118,35.38997],[138.14777,35.38755],[138.1457,35.38364],[138.14358,35.37564],[138.14161,35.37322],[138.14114,35.36949],[138.13816,35.36875],[138.13502,35.36674],[138.1293,35.36529],[138.12402,35.36805],[138.11514,35.36487],[138.10984,35.361],[138.10719,35.36038],[138.10556,35.35753],[138.10006,35.35403],[138.09699,35.35427],[138.09377,35.34997],[138.09627,35.34833],[138.0966,35.34439],[138.09579,35.34272],[138.09633,35.33994],[138.09333,35.33984],[138.08748,35.338],[138.0858,35.33005],[138.08341,35.32679],[138.08296,35.32481],[138.08626,35.32149],[138.08892,35.31771],[138.09253,35.31431],[138.09685,35.31192],[138.09826,35.30947],[138.09821,35.30447],[138.11365,35.30096],[138.11507,35.2981],[138.11761,35.29708],[138.12033,35.29448],[138.12651,35.29314],[138.12931,35.2907],[138.13154,35.28718],[138.13462,35.28608],[138.13724,35.28376],[138.13604,35.28213],[138.13585,35.27588],[138.13749,35.27178],[138.13736,35.26923],[138.13846,35.26744],[138.14365,35.26498],[138.14559,35.26343],[138.14604,35.26073],[138.14462,35.25726],[138.14574,35.25628],[138.15296,35.25731],[138.15769,35.25611],[138.16162,35.25639],[138.1778,35.25995],[138.17841,35.2558],[138.18338,35.25227],[138.18334,35.24993],[138.18669,35.24861],[138.19019,35.24924],[138.19433,35.24903],[138.19771,35.24535],[138.19918,35.24248],[138.20264,35.23985],[138.19877,35.23568],[138.19871,35.23322],[138.20217,35.23095],[138.20166,35.22847],[138.19737,35.2258],[138.18993,35.21947],[138.1861,35.21687],[138.18505,35.21362],[138.1864,35.21151],[138.18569,35.20846],[138.18807,35.20735],[138.18765,35.2045],[138.18181,35.20313],[138.18332,35.19806],[138.18349,35.1928],[138.18575,35.19334],[138.18754,35.19609],[138.19028,35.19531],[138.18917,35.19302],[138.1907,35.19085],[138.19275,35.1903],[138.19381,35.18702],[138.19604,35.18968],[138.19883,35.18888],[138.19936,35.19128],[138.20202,35.19347],[138.19894,35.19663],[138.20441,35.19792],[138.20574,35.1988],[138.20649,35.20317],[138.21,35.2005],[138.21116,35.20353],[138.21457,35.20377],[138.22375,35.1995],[138.22467,35.19341],[138.23146,35.18752],[138.23268,35.18551],[138.23436,35.1803],[138.23778,35.17719],[138.23954,35.17473],[138.23828,35.17235],[138.23822,35.16988],[138.23125,35.15982],[138.22782,35.15849],[138.22426,35.15952],[138.22111,35.15913],[138.21735,35.15426],[138.21206,35.14949],[138.20984,35.14475],[138.20082,35.14361],[138.1962,35.14385],[138.18886,35.14021],[138.18747,35.13831],[138.18366,35.13641],[138.18498,35.13373],[138.18388,35.12933],[138.18473,35.12486],[138.18649,35.12368],[138.18847,35.11971],[138.19059,35.11781],[138.1921,35.11105],[138.19303,35.10973],[138.19017,35.10588],[138.18873,35.09357],[138.19169,35.09106],[138.19938,35.08761],[138.2004,35.08079],[138.20356,35.07836],[138.20511,35.07463],[138.2084,35.07242],[138.20957,35.07069],[138.20577,35.06954],[138.20358,35.06747],[138.20224,35.06388],[138.20024,35.06104],[138.20052,35.05658],[138.20142,35.05374],[138.19949,35.05014],[138.19524,35.04624],[138.19708,35.03963],[138.19118,35.03585],[138.19344,35.0343],[138.19358,35.03068],[138.1916,35.02821],[138.19116,35.02328],[138.18832,35.02224],[138.18876,35.01544],[138.19041,35.01511],[138.1946,35.0113],[138.19848,35.01037],[138.20049,35.00912],[138.20342,35.00982],[138.20899,35.00876],[138.21223,35.0125],[138.21119,35.01394],[138.21524,35.01568],[138.2163,35.014],[138.21691,35.0102],[138.21503,35.00377],[138.22185,35.00489],[138.22438,35.00646],[138.22749,35.0071],[138.22971,35.00437],[138.24001,35.00265],[138.24051,35.0002],[138.24489,34.99681],[138.24731,34.99359],[138.25306,34.99242],[138.25427,34.99096],[138.25863,34.99263],[138.26061,34.9919],[138.26075,34.98967],[138.26286,34.98871],[138.26503,34.98143],[138.2677,34.97971],[138.26662,34.97585],[138.26789,34.9734],[138.27208,34.97301],[138.27493,34.97047],[138.2765,34.97119],[138.28365,34.9676],[138.28328,34.96301],[138.28632,34.9589],[138.28591,34.95584],[138.28745,34.95451],[138.28682,34.95148],[138.29203,34.9496],[138.29404,34.95104],[138.30419,34.95412],[138.30694,34.95386],[138.30965,34.95486],[138.31026,34.9578],[138.31251,34.9603],[138.31685,34.96057],[138.32483,34.96206],[138.32859,34.96086],[138.33206,34.96079],[138.33593,34.9618],[138.34088,34.96202],[138.34697,34.96049],[138.34798,34.96321],[138.35105,34.96586],[138.35449,34.96995],[138.35758,34.97045],[138.36021,34.96555],[138.36311,34.96275],[138.37102,34.9571],[138.38374,34.96953],[138.38465,34.96863],[138.39604,34.97502],[138.40405,34.97853],[138.41581,34.98574],[138.41887,34.98713],[138.42138,34.99025],[138.42428,34.99211],[138.42429,34.99715],[138.42759,35.00094],[138.43281,35.00321],[138.43656,35.00635],[138.43596,35.0098],[138.43215,35.00894],[138.43099,35.01173],[138.42839,35.0128],[138.42761,35.01495],[138.42899,35.01604],[138.43002,35.02053],[138.43197,35.02391],[138.43527,35.03321],[138.43331,35.03692],[138.43276,35.04167],[138.43527,35.04375],[138.43323,35.05152],[138.43319,35.05673],[138.43171,35.05761],[138.431,35.06065],[138.43264,35.06263],[138.4333,35.06754],[138.43145,35.0697],[138.43629,35.07658],[138.43509,35.07924],[138.43362,35.07958],[138.42788,35.08356],[138.42179,35.08583],[138.41923,35.09101],[138.41613,35.09375],[138.41182,35.09322],[138.40631,35.08957],[138.40356,35.08953],[138.40072,35.09212],[138.40016,35.09618],[138.39767,35.10022],[138.39756,35.10503],[138.39861,35.10722],[138.39885,35.1117],[138.40015,35.11349],[138.39856,35.11773],[138.39738,35.11837],[138.39695,35.12183],[138.4002,35.12743],[138.40024,35.1301],[138.39626,35.13458],[138.39553,35.13736],[138.39676,35.13972],[138.39716,35.14295],[138.3957,35.14792],[138.39808,35.15098],[138.39901,35.15924],[138.40192,35.1605],[138.403,35.16314],[138.40254,35.16817],[138.40074,35.17227],[138.40205,35.17878],[138.40106,35.18256],[138.3996,35.18503],[138.40051,35.18714],[138.39862,35.19246],[138.39932,35.19528],[138.3987,35.20027]]]}},{"type":"Feature","properties":{"code":"22102","name":"静岡市駿河区","pref":"静岡県","pref_code":"22","cx":138.3733,"cy":34.95245,"bbox":[138.29183,34.89855,138.47457,35.00635]},"geometry":{"type":"Polygon","coordinates":[[[138.29203,34.9496],[138.29183,34.94461],[138.29469,34.9407],[138.29452,34.93722],[138.299,34.93466],[138.30573,34.9327],[138.30714,34.93379],[138.31007,34.93368],[138.31532,34.93044],[138.31626,34.9266],[138.31675,34.92132],[138.31904,34.91956],[138.32245,34.91911],[138.32617,34.92263],[138.32971,34.9183],[138.33023,34.91541],[138.33262,34.91227],[138.33627,34.91036],[138.34016,34.90947],[138.3436,34.9069],[138.34025,34.9044],[138.34331,34.90082],[138.34839,34.89855],[138.35024,34.90102],[138.3503,34.90313],[138.35488,34.90917],[138.35492,34.91229],[138.35745,34.91504],[138.36481,34.91909],[138.3672,34.91991],[138.36871,34.92506],[138.37098,34.92189],[138.38823,34.9281],[138.39528,34.92864],[138.40214,34.93175],[138.40264,34.93324],[138.407,34.93658],[138.41105,34.94079],[138.41622,34.94328],[138.42756,34.94584],[138.43822,34.94921],[138.46974,34.95973],[138.47457,34.96183],[138.47266,34.96519],[138.47185,34.97237],[138.4655,34.97356],[138.46285,34.97121],[138.45896,34.97433],[138.45539,34.97641],[138.45439,34.98517],[138.44955,34.9918],[138.44826,34.99621],[138.44419,34.99788],[138.44165,34.99707],[138.43876,34.995],[138.43683,34.9986],[138.4379,35.00086],[138.4366,35.00222],[138.43923,35.004],[138.43656,35.00635],[138.43281,35.00321],[138.42759,35.00094],[138.42429,34.99715],[138.42428,34.99211],[138.42138,34.99025],[138.41887,34.98713],[138.41581,34.98574],[138.40405,34.97853],[138.39604,34.97502],[138.38465,34.96863],[138.38374,34.96953],[138.37102,34.9571],[138.36311,34.96275],[138.36021,34.96555],[138.35758,34.97045],[138.35449,34.96995],[138.35105,34.96586],[138.34798,34.96321],[138.34697,34.96049],[138.34088,34.96202],[138.33593,34.9618],[138.33206,34.96079],[138.32859,34.96086],[138.32483,34.96206],[138.31685,34.96057],[138.31251,34.9603],[138.31026,34.9578],[138.30965,34.95486],[138.30694,34.95386],[138.30419,34.95412],[138.29404,34.95104],[138.29203,34.9496]]]}},{"type":"Feature","properties":{"code":"22103","name":"静岡市清水区","pref":"静岡県","pref_code":"22","cx":138.48934,"cy":35.08157,"bbox":[138.39553,34.96183,138.63854,35.20293]},"geometry":{"type":"Polygon","coordinates":[[[138.43656,35.00635],[138.43923,35.004],[138.4366,35.00222],[138.4379,35.00086],[138.43683,34.9986],[138.43876,34.995],[138.44165,34.99707],[138.44419,34.99788],[138.44826,34.99621],[138.44955,34.9918],[138.45439,34.98517],[138.45539,34.97641],[138.45896,34.97433],[138.46285,34.97121],[138.4655,34.97356],[138.47185,34.97237],[138.47266,34.96519],[138.47457,34.96183],[138.47827,34.96326],[138.50751,34.97759],[138.5106,34.97991],[138.51336,34.98303],[138.51632,34.9845],[138.51761,34.98705],[138.52135,34.98969],[138.52177,34.99156],[138.52665,34.99494],[138.52686,34.99855],[138.52915,35.00536],[138.53258,35.01024],[138.53346,35.01296],[138.53189,35.01573],[138.52856,35.01702],[138.52212,35.02059],[138.51578,35.0209],[138.5156,35.0193],[138.51794,35.01748],[138.51857,35.01334],[138.51136,35.0124],[138.50543,35.01288],[138.50252,35.01152],[138.5026,35.00697],[138.5054,35.00668],[138.50618,35.00369],[138.50122,35.00461],[138.50112,35.00222],[138.51086,34.99642],[138.51155,34.99462],[138.51114,34.99059],[138.50842,34.9868],[138.50562,34.98568],[138.50068,34.9874],[138.50012,34.98951],[138.50224,34.99203],[138.49771,34.99622],[138.49755,35.01021],[138.49554,35.01031],[138.4957,35.01676],[138.49091,35.01931],[138.49089,35.02234],[138.49481,35.02183],[138.49609,35.01828],[138.4991,35.02668],[138.49674,35.03104],[138.49454,35.03226],[138.49749,35.03451],[138.50028,35.02973],[138.50248,35.03131],[138.49978,35.03575],[138.50287,35.03653],[138.50573,35.03124],[138.50845,35.03347],[138.50609,35.04168],[138.50865,35.04257],[138.51126,35.03541],[138.51261,35.03642],[138.51102,35.0431],[138.51308,35.04322],[138.51489,35.03825],[138.51705,35.03853],[138.52369,35.04267],[138.51906,35.04766],[138.52881,35.05356],[138.53446,35.05609],[138.53573,35.05925],[138.53949,35.06321],[138.54276,35.07004],[138.54311,35.07181],[138.54686,35.077],[138.54912,35.0866],[138.55153,35.09256],[138.55578,35.09907],[138.55879,35.10165],[138.56987,35.10712],[138.57482,35.11074],[138.57867,35.11177],[138.59234,35.11309],[138.60101,35.11516],[138.61167,35.11543],[138.61794,35.11478],[138.62422,35.11586],[138.63224,35.11517],[138.63854,35.11649],[138.63181,35.12869],[138.62993,35.13368],[138.61833,35.13173],[138.61656,35.12935],[138.61277,35.1296],[138.60731,35.13219],[138.60503,35.13436],[138.59979,35.14352],[138.59579,35.14314],[138.59245,35.14369],[138.58144,35.14341],[138.57745,35.14557],[138.57731,35.14668],[138.57214,35.14941],[138.56824,35.15233],[138.56521,35.15107],[138.56369,35.15295],[138.55866,35.15664],[138.5584,35.15931],[138.556,35.15548],[138.55203,35.15402],[138.54767,35.15458],[138.54519,35.15256],[138.53858,35.15168],[138.53919,35.15337],[138.53762,35.15616],[138.53613,35.16082],[138.53303,35.16141],[138.53033,35.16313],[138.5291,35.16503],[138.5257,35.16607],[138.52606,35.17131],[138.52357,35.18063],[138.52193,35.18225],[138.51957,35.18254],[138.51938,35.18852],[138.51852,35.18993],[138.51979,35.1939],[138.52263,35.19637],[138.52242,35.19916],[138.52055,35.19723],[138.51733,35.19861],[138.51422,35.19404],[138.51419,35.19127],[138.51231,35.18897],[138.50623,35.18607],[138.50403,35.18308],[138.50113,35.17652],[138.49629,35.17439],[138.49567,35.17155],[138.49149,35.16838],[138.48783,35.16965],[138.48709,35.17167],[138.48426,35.17419],[138.48215,35.17386],[138.47817,35.17605],[138.47774,35.17808],[138.47222,35.17611],[138.46113,35.17949],[138.45683,35.17821],[138.45161,35.17915],[138.44911,35.17853],[138.44136,35.17937],[138.44054,35.17807],[138.43094,35.18039],[138.42748,35.18267],[138.42683,35.18584],[138.42473,35.18996],[138.41903,35.19764],[138.41836,35.19933],[138.41601,35.19945],[138.41366,35.20107],[138.40757,35.20293],[138.40254,35.20081],[138.3987,35.20027],[138.39932,35.19528],[138.39862,35.19246],[138.40051,35.18714],[138.3996,35.18503],[138.40106,35.18256],[138.40205,35.17878],[138.40074,35.17227],[138.40254,35.16817],[138.403,35.16314],[138.40192,35.1605],[138.39901,35.15924],[138.39808,35.15098],[138.3957,35.14792],[138.39716,35.14295],[138.39676,35.13972],[138.39553,35.13736],[138.39626,35.13458],[138.40024,35.1301],[138.4002,35.12743],[138.39695,35.12183],[138.39738,35.11837],[138.39856,35.11773],[138.40015,35.11349],[138.39885,35.1117],[138.39861,35.10722],[138.39756,35.10503],[138.39767,35.10022],[138.40016,35.09618],[138.40072,35.09212],[138.40356,35.08953],[138.40631,35.08957],[138.41182,35.09322],[138.41613,35.09375],[138.41923,35.09101],[138.42179,35.08583],[138.42788,35.08356],[138.43362,35.07958],[138.43509,35.07924],[138.43629,35.07658],[138.43145,35.0697],[138.4333,35.06754],[138.43264,35.06263],[138.431,35.06065],[138.43171,35.05761],[138.43319,35.05673],[138.43323,35.05152],[138.43527,35.04375],[138.43276,35.04167],[138.43331,35.03692],[138.43527,35.03321],[138.43197,35.02391],[138.43002,35.02053],[138.42899,35.01604],[138.42761,35.01495],[138.42839,35.0128],[138.43099,35.01173],[138.43215,35.00894],[138.43596,35.0098],[138.43656,35.00635]]]}},{"type":"Feature","properties":{"code":"22131","name":"浜松市中区","pref":"静岡県","pref_code":"22","cx":137.72034,"cy":34.72943,"bbox":[137.6808,34.6804,137.761,34.78344]},"geometry":{"type":"Polygon","coordinates":[[[137.73345,34.75394],[137.72089,34.76245],[137.72056,34.76327],[137.71405,34.76798],[137.70347,34.7798],[137.69877,34.78344],[137.69231,34.78013],[137.68595,34.77929],[137.68196,34.77635],[137.6808,34.77182],[137.68411,34.77153],[137.68639,34.7695],[137.69266,34.76543],[137.68932,34.76188],[137.68911,34.75616],[137.68803,34.75355],[137.70219,34.74876],[137.70105,34.74431],[137.69884,34.74002],[137.69319,34.73323],[137.68893,34.7325],[137.6878,34.72677],[137.68868,34.72175],[137.69173,34.72198],[137.6931,34.72017],[137.69697,34.71971],[137.69695,34.71731],[137.69469,34.71553],[137.69566,34.71338],[137.68982,34.7046],[137.68972,34.70169],[137.69619,34.70113],[137.69836,34.70175],[137.70082,34.70079],[137.69828,34.69633],[137.70023,34.69586],[137.70135,34.69707],[137.71044,34.6955],[137.71612,34.69272],[137.71603,34.68915],[137.71475,34.68433],[137.72512,34.6804],[137.72682,34.68307],[137.73188,34.68179],[137.73259,34.68544],[137.73184,34.69081],[137.73382,34.6938],[137.73609,34.69409],[137.74025,34.69271],[137.74306,34.69339],[137.74433,34.69742],[137.75198,34.69302],[137.75448,34.69252],[137.75483,34.70176],[137.75895,34.701],[137.761,34.70346],[137.75768,34.70356],[137.75713,34.70638],[137.75394,34.70681],[137.75397,34.71048],[137.75067,34.71747],[137.75173,34.72118],[137.75442,34.72377],[137.75124,34.72435],[137.75296,34.7321],[137.75343,34.74084],[137.74952,34.74584],[137.74702,34.74579],[137.7443,34.74692],[137.7432,34.74887],[137.7404,34.74985],[137.73723,34.74822],[137.73517,34.75252],[137.73345,34.75394]]]}},{"type":"Feature","properties":{"code":"22132","name":"浜松市東区","pref":"静岡県","pref_code":"22","cx":137.7791,"cy":34.74638,"bbox":[137.73258,34.70638,137.82268,34.7864]},"geometry":{"type":"Polygon","coordinates":[[[137.75713,34.70638],[137.7605,34.70935],[137.76458,34.70895],[137.77055,34.71135],[137.76984,34.71249],[137.77766,34.71636],[137.77885,34.71513],[137.77782,34.71165],[137.7872,34.71337],[137.7877,34.71512],[137.80293,34.71575],[137.80586,34.73019],[137.81311,34.74756],[137.81893,34.75651],[137.82268,34.77499],[137.81128,34.77815],[137.81049,34.77971],[137.81138,34.78481],[137.80659,34.78638],[137.80271,34.7864],[137.80026,34.78117],[137.79968,34.77789],[137.79079,34.77321],[137.78831,34.77321],[137.78599,34.77541],[137.78594,34.77977],[137.78347,34.77978],[137.78069,34.77849],[137.77678,34.7779],[137.77548,34.77958],[137.77542,34.78254],[137.76612,34.78123],[137.76683,34.77895],[137.7641,34.77589],[137.75568,34.77626],[137.75423,34.77757],[137.74823,34.77975],[137.74212,34.78108],[137.73673,34.77997],[137.7366,34.7744],[137.73434,34.76801],[137.73416,34.7651],[137.73622,34.76305],[137.73258,34.75781],[137.73345,34.75394],[137.73517,34.75252],[137.73723,34.74822],[137.7404,34.74985],[137.7432,34.74887],[137.7443,34.74692],[137.74702,34.74579],[137.74952,34.74584],[137.75343,34.74084],[137.75296,34.7321],[137.75124,34.72435],[137.75442,34.72377],[137.75173,34.72118],[137.75067,34.71747],[137.75397,34.71048],[137.75394,34.70681],[137.75713,34.70638]]]}},{"type":"Feature","properties":{"code":"22133","name":"浜松市西区","pref":"静岡県","pref_code":"22","cx":137.62897,"cy":34.72872,"bbox":[137.56591,34.66986,137.70219,34.7884]},"geometry":{"type":"Polygon","coordinates":[[[137.69877,34.78344],[137.69174,34.78775],[137.69015,34.78787],[137.68655,34.78579],[137.68582,34.78359],[137.68292,34.78407],[137.6802,34.7884],[137.67293,34.78623],[137.66895,34.78448],[137.6666,34.78128],[137.65776,34.77942],[137.65399,34.778],[137.64902,34.77759],[137.63961,34.77908],[137.63611,34.77843],[137.62941,34.77945],[137.62528,34.77802],[137.62113,34.78134],[137.61068,34.77666],[137.60447,34.7732],[137.59398,34.77057],[137.58763,34.76557],[137.58046,34.756],[137.57103,34.74507],[137.56591,34.74049],[137.56806,34.73599],[137.56956,34.73068],[137.57029,34.7233],[137.57199,34.71991],[137.57306,34.71552],[137.57592,34.70807],[137.58753,34.7014],[137.58756,34.69884],[137.59067,34.69484],[137.59858,34.69216],[137.59872,34.69071],[137.59697,34.68664],[137.59854,34.6843],[137.59777,34.67797],[137.59953,34.67601],[137.60878,34.67632],[137.62292,34.67568],[137.646,34.67375],[137.67677,34.66986],[137.67692,34.68028],[137.67769,34.68321],[137.67577,34.68455],[137.67522,34.68815],[137.67217,34.69221],[137.67502,34.69508],[137.68434,34.69455],[137.68742,34.69346],[137.69038,34.69529],[137.70023,34.69586],[137.69828,34.69633],[137.70082,34.70079],[137.69836,34.70175],[137.69619,34.70113],[137.68972,34.70169],[137.68982,34.7046],[137.69566,34.71338],[137.69469,34.71553],[137.69695,34.71731],[137.69697,34.71971],[137.6931,34.72017],[137.69173,34.72198],[137.68868,34.72175],[137.6878,34.72677],[137.68893,34.7325],[137.69319,34.73323],[137.69884,34.74002],[137.70105,34.74431],[137.70219,34.74876],[137.68803,34.75355],[137.68911,34.75616],[137.68932,34.76188],[137.69266,34.76543],[137.68639,34.7695],[137.68411,34.77153],[137.6808,34.77182],[137.68196,34.77635],[137.68595,34.77929],[137.69231,34.78013],[137.69877,34.78344]]]}},{"type":"Feature","properties":{"code":"22134","name":"浜松市南区","pref":"静岡県","pref_code":"22","cx":137.75777,"cy":34.68094,"bbox":[137.67217,34.64634,137.80293,34.71636]},"geometry":{"type":"Polygon","coordinates":[[[137.70023,34.69586],[137.69038,34.69529],[137.68742,34.69346],[137.68434,34.69455],[137.67502,34.69508],[137.67217,34.69221],[137.67522,34.68815],[137.67577,34.68455],[137.67769,34.68321],[137.67692,34.68028],[137.67677,34.66986],[137.6873,34.66839],[137.69553,34.66665],[137.71489,34.66402],[137.7276,34.66156],[137.73022,34.66154],[137.74372,34.65902],[137.74858,34.65768],[137.75189,34.65522],[137.75688,34.65449],[137.76399,34.65253],[137.76906,34.6496],[137.77749,34.64756],[137.78158,34.64837],[137.79167,34.64766],[137.79864,34.64634],[137.79701,34.64831],[137.78998,34.65023],[137.78977,34.65326],[137.78801,34.65321],[137.78721,34.6563],[137.7875,34.66243],[137.78826,34.66515],[137.78731,34.66641],[137.78757,34.66998],[137.79016,34.67096],[137.78973,34.67415],[137.7901,34.68147],[137.79181,34.6819],[137.79333,34.68467],[137.79533,34.69838],[137.80041,34.6976],[137.80022,34.7014],[137.80293,34.71575],[137.7877,34.71512],[137.7872,34.71337],[137.77782,34.71165],[137.77885,34.71513],[137.77766,34.71636],[137.76984,34.71249],[137.77055,34.71135],[137.76458,34.70895],[137.7605,34.70935],[137.75713,34.70638],[137.75768,34.70356],[137.761,34.70346],[137.75895,34.701],[137.75483,34.70176],[137.75448,34.69252],[137.75198,34.69302],[137.74433,34.69742],[137.74306,34.69339],[137.74025,34.69271],[137.73609,34.69409],[137.73382,34.6938],[137.73184,34.69081],[137.73259,34.68544],[137.73188,34.68179],[137.72682,34.68307],[137.72512,34.6804],[137.71475,34.68433],[137.71603,34.68915],[137.71612,34.69272],[137.71044,34.6955],[137.70135,34.69707],[137.70023,34.69586]]]}},{"type":"Feature","properties":{"code":"22135","name":"浜松市北区","pref":"静岡県","pref_code":"22","cx":137.66482,"cy":34.85517,"bbox":[137.48701,34.74049,137.76208,34.97143]},"geometry":{"type":"Polygon","coordinates":[[[137.73345,34.75394],[137.73258,34.75781],[137.73622,34.76305],[137.73416,34.7651],[137.73434,34.76801],[137.7366,34.7744],[137.73673,34.77997],[137.73828,34.78035],[137.73971,34.78373],[137.73792,34.78607],[137.73735,34.78883],[137.74011,34.79093],[137.7412,34.79347],[137.74297,34.79409],[137.74301,34.7973],[137.74436,34.7988],[137.74466,34.80331],[137.7481,34.80671],[137.74955,34.8104],[137.7525,34.81432],[137.7544,34.82048],[137.76208,34.83354],[137.75941,34.83712],[137.7543,34.84006],[137.75148,34.84031],[137.74877,34.84203],[137.74464,34.84263],[137.73767,34.84197],[137.73363,34.84285],[137.73091,34.84646],[137.73184,34.85139],[137.73773,34.85436],[137.73821,34.85597],[137.74166,34.85724],[137.73917,34.85892],[137.74165,34.86197],[137.74532,34.86421],[137.74708,34.86676],[137.74547,34.87],[137.7412,34.87033],[137.73959,34.87192],[137.74214,34.87674],[137.74266,34.88025],[137.7451,34.88299],[137.74364,34.88622],[137.74397,34.88989],[137.74563,34.89446],[137.74552,34.89927],[137.74261,34.90046],[137.73849,34.89894],[137.73599,34.89964],[137.73392,34.90238],[137.73001,34.90302],[137.72465,34.90529],[137.72309,34.90663],[137.71844,34.90727],[137.71634,34.90867],[137.71602,34.91269],[137.71751,34.91782],[137.71454,34.92378],[137.7149,34.9268],[137.71083,34.92835],[137.70612,34.9319],[137.70363,34.93102],[137.70193,34.93296],[137.70208,34.93533],[137.70097,34.93779],[137.70129,34.94049],[137.70369,34.94161],[137.7059,34.9452],[137.70447,34.94905],[137.70586,34.95556],[137.70868,34.95686],[137.70685,34.96037],[137.70693,34.96303],[137.70402,34.96774],[137.70422,34.96995],[137.69613,34.97143],[137.69419,34.96959],[137.69416,34.96774],[137.68997,34.96364],[137.68953,34.95681],[137.68582,34.95459],[137.6829,34.95495],[137.68045,34.9517],[137.68002,34.94906],[137.67783,34.94836],[137.6755,34.94535],[137.67062,34.94827],[137.66341,34.94715],[137.65951,34.94458],[137.65634,34.93961],[137.65666,34.93821],[137.651,34.93336],[137.65259,34.93053],[137.65284,34.92549],[137.64899,34.91995],[137.64696,34.91879],[137.64669,34.91624],[137.64786,34.91213],[137.64638,34.90842],[137.64339,34.90823],[137.64044,34.90464],[137.64077,34.89975],[137.64005,34.89846],[137.64201,34.89614],[137.64125,34.89308],[137.63877,34.89082],[137.63579,34.88956],[137.63359,34.88549],[137.63136,34.88509],[137.6287,34.88256],[137.62079,34.87911],[137.61693,34.87833],[137.61625,34.87534],[137.6132,34.87454],[137.60918,34.87515],[137.59753,34.8725],[137.59573,34.8703],[137.59652,34.86914],[137.59647,34.86368],[137.59521,34.85908],[137.58702,34.85004],[137.58258,34.85016],[137.5772,34.85137],[137.57414,34.85046],[137.5652,34.85214],[137.55884,34.85148],[137.55159,34.85186],[137.551,34.84943],[137.54428,34.845],[137.54227,34.84205],[137.53884,34.84179],[137.53438,34.84418],[137.52968,34.84353],[137.52873,34.84191],[137.52388,34.84098],[137.52056,34.83716],[137.5178,34.83585],[137.50988,34.83444],[137.50795,34.83499],[137.50349,34.83329],[137.49997,34.83129],[137.50023,34.82959],[137.49888,34.82687],[137.50166,34.82335],[137.50009,34.82169],[137.495,34.81939],[137.49357,34.81529],[137.48701,34.81175],[137.48743,34.80924],[137.49023,34.80576],[137.49368,34.8035],[137.49436,34.80177],[137.49285,34.79686],[137.49165,34.79585],[137.492,34.79203],[137.49291,34.79097],[137.49294,34.78687],[137.49656,34.78391],[137.49667,34.78272],[137.50213,34.77948],[137.50403,34.77674],[137.51196,34.77106],[137.51663,34.7716],[137.52258,34.76964],[137.52534,34.76775],[137.53387,34.77292],[137.54215,34.77338],[137.54821,34.7692],[137.54487,34.76505],[137.54508,34.76164],[137.54651,34.75935],[137.54815,34.75269],[137.55065,34.74907],[137.55475,34.74629],[137.56591,34.74049],[137.57103,34.74507],[137.58046,34.756],[137.58763,34.76557],[137.59398,34.77057],[137.60447,34.7732],[137.61068,34.77666],[137.62113,34.78134],[137.62528,34.77802],[137.62941,34.77945],[137.63611,34.77843],[137.63961,34.77908],[137.64902,34.77759],[137.65399,34.778],[137.65776,34.77942],[137.6666,34.78128],[137.66895,34.78448],[137.67293,34.78623],[137.6802,34.7884],[137.68292,34.78407],[137.68582,34.78359],[137.68655,34.78579],[137.69015,34.78787],[137.69174,34.78775],[137.69877,34.78344],[137.70347,34.7798],[137.71405,34.76798],[137.72056,34.76327],[137.72089,34.76245],[137.73345,34.75394]]]}},{"type":"Feature","properties":{"code":"22136","name":"浜松市浜北区","pref":"静岡県","pref_code":"22","cx":137.7936,"cy":34.83533,"bbox":[137.73091,34.77321,137.82819,34.89446]},"geometry":{"type":"Polygon","coordinates":[[[137.82268,34.77499],[137.82665,34.78215],[137.82819,34.78972],[137.8248,34.79387],[137.82374,34.79611],[137.82315,34.80184],[137.82698,34.82128],[137.82709,34.82938],[137.82432,34.85502],[137.82259,34.85557],[137.8149,34.85632],[137.8103,34.85454],[137.81071,34.84726],[137.80971,34.84569],[137.81086,34.84337],[137.8086,34.84028],[137.8057,34.84109],[137.80815,34.84451],[137.80648,34.8451],[137.80641,34.84762],[137.80507,34.85071],[137.80267,34.85218],[137.80065,34.85543],[137.79605,34.85448],[137.79261,34.85702],[137.78772,34.85248],[137.78219,34.84923],[137.77753,34.85117],[137.7727,34.85409],[137.77127,34.85613],[137.76753,34.85876],[137.76878,34.8605],[137.76746,34.86411],[137.76966,34.86728],[137.76922,34.86932],[137.7651,34.87319],[137.76432,34.87493],[137.75978,34.87453],[137.75759,34.87357],[137.75607,34.87696],[137.75064,34.87816],[137.74942,34.87978],[137.74994,34.88181],[137.74639,34.89111],[137.74563,34.89446],[137.74397,34.88989],[137.74364,34.88622],[137.7451,34.88299],[137.74266,34.88025],[137.74214,34.87674],[137.73959,34.87192],[137.7412,34.87033],[137.74547,34.87],[137.74708,34.86676],[137.74532,34.86421],[137.74165,34.86197],[137.73917,34.85892],[137.74166,34.85724],[137.73821,34.85597],[137.73773,34.85436],[137.73184,34.85139],[137.73091,34.84646],[137.73363,34.84285],[137.73767,34.84197],[137.74464,34.84263],[137.74877,34.84203],[137.75148,34.84031],[137.7543,34.84006],[137.75941,34.83712],[137.76208,34.83354],[137.7544,34.82048],[137.7525,34.81432],[137.74955,34.8104],[137.7481,34.80671],[137.74466,34.80331],[137.74436,34.7988],[137.74301,34.7973],[137.74297,34.79409],[137.7412,34.79347],[137.74011,34.79093],[137.73735,34.78883],[137.73792,34.78607],[137.73971,34.78373],[137.73828,34.78035],[137.74212,34.78108],[137.74823,34.77975],[137.75423,34.77757],[137.75568,34.77626],[137.7641,34.77589],[137.76683,34.77895],[137.76612,34.78123],[137.77542,34.78254],[137.77548,34.77958],[137.77678,34.7779],[137.78069,34.77849],[137.78347,34.77978],[137.78594,34.77977],[137.78599,34.77541],[137.78831,34.77321],[137.79079,34.77321],[137.79968,34.77789],[137.80026,34.78117],[137.80271,34.7864],[137.80659,34.78638],[137.81138,34.78481],[137.81049,34.77971],[137.81128,34.77815],[137.82268,34.77499]]]}},{"type":"Feature","properties":{"code":"22137","name":"浜松市天竜区","pref":"静岡県","pref_code":"22","cx":137.90685,"cy":35.07249,"bbox":[137.69991,34.84028,138.05637,35.3044]},"geometry":{"type":"Polygon","coordinates":[[[137.74563,34.89446],[137.74639,34.89111],[137.74994,34.88181],[137.74942,34.87978],[137.75064,34.87816],[137.75607,34.87696],[137.75759,34.87357],[137.75978,34.87453],[137.76432,34.87493],[137.7651,34.87319],[137.76922,34.86932],[137.76966,34.86728],[137.76746,34.86411],[137.76878,34.8605],[137.76753,34.85876],[137.77127,34.85613],[137.7727,34.85409],[137.77753,34.85117],[137.78219,34.84923],[137.78772,34.85248],[137.79261,34.85702],[137.79605,34.85448],[137.80065,34.85543],[137.80267,34.85218],[137.80507,34.85071],[137.80641,34.84762],[137.80648,34.8451],[137.80815,34.84451],[137.8057,34.84109],[137.8086,34.84028],[137.81086,34.84337],[137.80971,34.84569],[137.81071,34.84726],[137.8103,34.85454],[137.8149,34.85632],[137.82259,34.85557],[137.8258,34.85666],[137.82875,34.85935],[137.83565,34.86171],[137.83881,34.86213],[137.84106,34.86492],[137.84282,34.86556],[137.84405,34.86815],[137.84793,34.86915],[137.8525,34.8675],[137.85569,34.87035],[137.85391,34.87303],[137.85531,34.87511],[137.86038,34.87649],[137.86161,34.8783],[137.86713,34.87804],[137.87318,34.87911],[137.87571,34.88023],[137.87745,34.87931],[137.8833,34.8812],[137.88886,34.88053],[137.89211,34.88116],[137.89477,34.88267],[137.89762,34.88243],[137.8982,34.88397],[137.90359,34.88768],[137.90615,34.8909],[137.91352,34.89153],[137.91699,34.89102],[137.92013,34.89325],[137.91996,34.89806],[137.91917,34.90154],[137.91483,34.90287],[137.90745,34.90691],[137.90801,34.91064],[137.90522,34.91343],[137.90333,34.91748],[137.9031,34.91996],[137.90574,34.92125],[137.90843,34.92538],[137.90758,34.92887],[137.91246,34.92949],[137.91571,34.92673],[137.91765,34.92734],[137.9261,34.93476],[137.92842,34.93973],[137.933,34.94258],[137.9359,34.94363],[137.9358,34.94525],[137.93822,34.94739],[137.94263,34.94613],[137.94789,34.94949],[137.95523,34.94679],[137.96237,34.94792],[137.96472,34.95507],[137.96829,34.95549],[137.9705,34.95668],[137.97081,34.95888],[137.97726,34.95755],[137.98059,34.95772],[137.98467,34.96283],[137.98196,34.96346],[137.97978,34.9655],[137.98121,34.96699],[137.98341,34.96594],[137.98573,34.96656],[137.98965,34.96533],[137.99033,34.96769],[137.99348,34.96873],[137.99656,34.96833],[138.00066,34.96486],[138.00238,34.96457],[138.00381,34.96702],[138.00322,34.97236],[138.00996,34.97562],[138.01128,34.97728],[138.01149,34.98111],[138.01463,34.98402],[138.01931,34.98718],[138.02275,34.98811],[138.02487,34.99022],[138.02881,34.99115],[138.03112,34.99532],[138.03583,34.99888],[138.03338,35.00419],[138.03441,35.00512],[138.03291,35.00881],[138.02999,35.0113],[138.026,35.013],[138.02569,35.0174],[138.02071,35.01884],[138.01795,35.0219],[138.01605,35.0204],[138.01339,35.02274],[138.01428,35.02394],[138.01886,35.02596],[138.02076,35.02436],[138.02401,35.02523],[138.02633,35.02693],[138.02904,35.02758],[138.03242,35.03122],[138.03976,35.03525],[138.04301,35.03576],[138.0471,35.03869],[138.04845,35.04262],[138.04705,35.04948],[138.04337,35.05252],[138.04395,35.05682],[138.04252,35.06018],[138.0404,35.06233],[138.03844,35.06747],[138.04001,35.06948],[138.04517,35.07264],[138.04584,35.0776],[138.04447,35.07968],[138.04403,35.08433],[138.04482,35.08811],[138.0469,35.08913],[138.04804,35.09298],[138.05012,35.09645],[138.04979,35.09815],[138.05431,35.10193],[138.05604,35.10414],[138.05637,35.10636],[138.05373,35.11028],[138.04905,35.11165],[138.04533,35.1143],[138.04181,35.11813],[138.03958,35.1192],[138.03577,35.12541],[138.03045,35.12715],[138.02801,35.12938],[138.02639,35.12825],[138.02149,35.12716],[138.01795,35.12773],[138.01131,35.12781],[138.01104,35.1295],[138.00655,35.13547],[138.00742,35.13889],[138.00637,35.14293],[138.00172,35.1438],[137.99932,35.14638],[138.00176,35.15246],[137.99843,35.15585],[138.00014,35.16049],[137.99906,35.1635],[138.00075,35.16658],[138.00463,35.16817],[138.0055,35.17028],[138.00501,35.17272],[138.008,35.17809],[138.01068,35.18017],[138.0165,35.18724],[138.01595,35.18972],[138.02136,35.19396],[138.02846,35.19614],[138.02732,35.20106],[138.03636,35.21095],[138.03504,35.21263],[138.03427,35.21854],[138.03292,35.22055],[138.03488,35.22523],[138.03644,35.22739],[138.03378,35.22826],[138.03028,35.23114],[138.02674,35.23269],[138.02011,35.23671],[138.01819,35.23698],[138.01693,35.23936],[138.01226,35.24183],[138.01412,35.2466],[138.01442,35.25011],[138.01581,35.25256],[138.0131,35.25886],[138.00755,35.25962],[138.0031,35.25866],[138.00044,35.26157],[138.00134,35.26446],[138.00756,35.26824],[138.01116,35.27239],[138.01434,35.27382],[138.01248,35.27738],[138.01364,35.28141],[138.01327,35.28575],[138.01229,35.28895],[138.01427,35.29205],[138.01829,35.29463],[138.01877,35.30107],[138.01558,35.30301],[138.00568,35.3044],[138.00148,35.30286],[137.99845,35.30331],[137.99651,35.30205],[137.99209,35.3017],[137.9913,35.30041],[137.98435,35.29562],[137.98236,35.29239],[137.97342,35.29305],[137.97245,35.29008],[137.97049,35.2888],[137.96734,35.2842],[137.96392,35.28461],[137.96032,35.28294],[137.95775,35.28263],[137.95189,35.28308],[137.94733,35.2796],[137.94707,35.27805],[137.94424,35.27628],[137.93924,35.27581],[137.93171,35.27593],[137.92925,35.27547],[137.92826,35.27031],[137.92624,35.26891],[137.92601,35.26535],[137.92476,35.26031],[137.92236,35.25912],[137.91861,35.25437],[137.91281,35.25336],[137.90685,35.25424],[137.8987,35.25647],[137.89543,35.25799],[137.89355,35.25423],[137.8911,35.25416],[137.88803,35.25174],[137.88402,35.24994],[137.88247,35.2481],[137.8841,35.24396],[137.88215,35.2428],[137.88266,35.23973],[137.88489,35.23625],[137.88207,35.23066],[137.88065,35.22943],[137.88036,35.22635],[137.87664,35.2219],[137.87255,35.21888],[137.86992,35.21951],[137.86511,35.22248],[137.85919,35.22332],[137.85413,35.22186],[137.84493,35.22101],[137.84505,35.21902],[137.8412,35.21632],[137.83809,35.2166],[137.83681,35.21563],[137.838,35.21232],[137.83551,35.2112],[137.82863,35.21158],[137.82772,35.20867],[137.83111,35.20545],[137.82891,35.20433],[137.82396,35.20478],[137.82166,35.20319],[137.82034,35.1973],[137.81697,35.19301],[137.81664,35.1884],[137.81381,35.18628],[137.8074,35.18783],[137.80397,35.18468],[137.8032,35.18312],[137.80498,35.17924],[137.81044,35.17481],[137.8129,35.17403],[137.81563,35.17509],[137.81814,35.17468],[137.82547,35.1682],[137.82574,35.16592],[137.82173,35.16102],[137.82129,35.15844],[137.82397,35.1563],[137.8273,35.15548],[137.82896,35.15191],[137.82186,35.14801],[137.81765,35.15018],[137.8162,35.1526],[137.81357,35.15101],[137.81241,35.14764],[137.8124,35.14375],[137.81486,35.14047],[137.80986,35.13703],[137.80801,35.13349],[137.80586,35.13112],[137.80099,35.13086],[137.79873,35.13546],[137.79693,35.13646],[137.79314,35.13522],[137.792,35.12905],[137.79285,35.12797],[137.79731,35.1271],[137.79921,35.12359],[137.79831,35.11831],[137.80132,35.10659],[137.80099,35.10571],[137.79519,35.10308],[137.79297,35.09555],[137.78612,35.09561],[137.77983,35.09772],[137.77683,35.09746],[137.77617,35.09437],[137.77456,35.0927],[137.77486,35.08717],[137.77406,35.08413],[137.77567,35.07798],[137.77263,35.07637],[137.77174,35.07398],[137.76847,35.07234],[137.76381,35.07219],[137.7616,35.06856],[137.75823,35.06842],[137.75474,35.06543],[137.75144,35.06409],[137.75065,35.06272],[137.74544,35.05977],[137.74341,35.05788],[137.74028,35.05651],[137.73584,35.05144],[137.7353,35.04807],[137.73137,35.0451],[137.72875,35.04034],[137.7233,35.03908],[137.72216,35.03634],[137.71735,35.03515],[137.71757,35.03224],[137.71652,35.02747],[137.713,35.02539],[137.71097,35.02286],[137.71094,35.0209],[137.70675,35.01755],[137.703,35.00748],[137.70105,35.00354],[137.702,34.99847],[137.70457,34.99614],[137.7073,34.99631],[137.70813,34.99446],[137.70519,34.99152],[137.69991,34.98484],[137.70177,34.98046],[137.70725,34.97228],[137.70422,34.96995],[137.70402,34.96774],[137.70693,34.96303],[137.70685,34.96037],[137.70868,34.95686],[137.70586,34.95556],[137.70447,34.94905],[137.7059,34.9452],[137.70369,34.94161],[137.70129,34.94049],[137.70097,34.93779],[137.70208,34.93533],[137.70193,34.93296],[137.70363,34.93102],[137.70612,34.9319],[137.71083,34.92835],[137.7149,34.9268],[137.71454,34.92378],[137.71751,34.91782],[137.71602,34.91269],[137.71634,34.90867],[137.71844,34.90727],[137.72309,34.90663],[137.72465,34.90529],[137.73001,34.90302],[137.73392,34.90238],[137.73599,34.89964],[137.73849,34.89894],[137.74261,34.90046],[137.74552,34.89927],[137.74563,34.89446]]]}},{"type":"Feature","properties":{"code":"22203","name":"沼津市","pref":"静岡県","pref_code":"22","cx":138.87192,"cy":35.07945,"bbox":[138.75252,34.93897,138.92412,35.21924]},"geometry":{"type":"MultiPolygon","coordinates":[[[[138.88652,35.03605],[138.88596,35.03302],[138.88805,35.03106],[138.8905,35.03103],[138.8904,35.03337],[138.88652,35.03605]]],[[[138.88839,35.11286],[138.88627,35.11526],[138.88718,35.12722],[138.89278,35.12933],[138.89134,35.13501],[138.88705,35.1356],[138.88214,35.14203],[138.87852,35.1438],[138.87484,35.14238],[138.86854,35.14882],[138.86825,35.15013],[138.86536,35.15221],[138.8626,35.15625],[138.86274,35.1599],[138.86047,35.16296],[138.86004,35.16701],[138.85403,35.17198],[138.85107,35.17521],[138.84831,35.17622],[138.84601,35.17864],[138.84339,35.17934],[138.83875,35.18423],[138.83731,35.18935],[138.83518,35.19215],[138.83188,35.19948],[138.83153,35.20134],[138.8271,35.20325],[138.82398,35.20536],[138.82304,35.20881],[138.81816,35.2111],[138.81441,35.21612],[138.81393,35.21802],[138.81166,35.21924],[138.81016,35.21663],[138.80499,35.21036],[138.8019,35.20967],[138.79985,35.20733],[138.79331,35.20376],[138.79144,35.20158],[138.78765,35.19925],[138.78562,35.19631],[138.78329,35.1951],[138.78104,35.19554],[138.77233,35.18933],[138.76938,35.18276],[138.77008,35.17985],[138.76795,35.1737],[138.76501,35.16851],[138.76295,35.16664],[138.76768,35.16591],[138.76865,35.16719],[138.77431,35.16609],[138.77831,35.16646],[138.77631,35.16307],[138.77439,35.15787],[138.77336,35.15724],[138.77056,35.14959],[138.77175,35.14893],[138.76917,35.14271],[138.76561,35.13835],[138.76154,35.14052],[138.75613,35.14004],[138.75507,35.13634],[138.75337,35.13451],[138.75252,35.13151],[138.78437,35.12407],[138.79402,35.12108],[138.80811,35.11618],[138.81833,35.11187],[138.82611,35.10793],[138.83917,35.09995],[138.84523,35.09454],[138.85111,35.08652],[138.85555,35.07888],[138.86044,35.07373],[138.86319,35.07176],[138.86769,35.07376],[138.87373,35.06931],[138.87611,35.06597],[138.87904,35.05916],[138.88322,35.05467],[138.88422,35.05123],[138.88705,35.04677],[138.8899,35.04653],[138.89155,35.04784],[138.89063,35.05008],[138.89175,35.05168],[138.90056,35.05052],[138.90368,35.0475],[138.9036,35.04539],[138.90121,35.04485],[138.8987,35.04148],[138.89919,35.03905],[138.89244,35.03127],[138.89283,35.0281],[138.89779,35.02541],[138.8986,35.02428],[138.89676,35.02036],[138.89165,35.01708],[138.88857,35.01904],[138.88503,35.019],[138.88628,35.02386],[138.88312,35.02522],[138.88174,35.02145],[138.8789,35.0193],[138.87758,35.02061],[138.8771,35.025],[138.87373,35.02477],[138.87114,35.0215],[138.86872,35.0219],[138.86288,35.02101],[138.86133,35.02014],[138.85751,35.02055],[138.85366,35.01864],[138.85255,35.01644],[138.84962,35.01715],[138.84747,35.01449],[138.84434,35.01437],[138.84316,35.01806],[138.83946,35.0173],[138.83656,35.01931],[138.83114,35.02019],[138.82898,35.02362],[138.82684,35.02241],[138.82168,35.02418],[138.82057,35.02322],[138.81371,35.02279],[138.81242,35.02003],[138.80248,35.02141],[138.79978,35.02118],[138.7978,35.0239],[138.79017,35.02503],[138.78764,35.02362],[138.78539,35.02689],[138.78353,35.02493],[138.7832,35.01999],[138.78016,35.01806],[138.77822,35.01314],[138.77777,35.0103],[138.77915,35.00666],[138.7799,35.00132],[138.7749,34.99724],[138.77309,34.99319],[138.77187,34.98718],[138.77008,34.98531],[138.76879,34.98225],[138.76991,34.98059],[138.77359,34.97877],[138.77556,34.97926],[138.77549,34.9752],[138.77675,34.97403],[138.77669,34.97058],[138.77527,34.96963],[138.77046,34.97117],[138.76222,34.97239],[138.7621,34.96866],[138.76304,34.96293],[138.7651,34.95938],[138.76583,34.95227],[138.76754,34.94928],[138.7742,34.9442],[138.77602,34.93918],[138.78351,34.93897],[138.78999,34.94003],[138.79129,34.94174],[138.7967,34.94359],[138.79963,34.9461],[138.80523,34.94766],[138.81185,34.94516],[138.81607,34.94876],[138.81857,34.94781],[138.82237,34.94918],[138.82445,34.94803],[138.82861,34.94763],[138.82876,34.94599],[138.83299,34.94568],[138.8384,34.94422],[138.83692,34.94966],[138.83906,34.95288],[138.83926,34.95461],[138.83679,34.95981],[138.83866,34.96318],[138.83633,34.97035],[138.83703,34.97344],[138.84215,34.97457],[138.84356,34.97548],[138.84828,34.9757],[138.85032,34.97895],[138.85744,34.98352],[138.86192,34.98371],[138.86503,34.98573],[138.87609,34.98904],[138.87877,34.9921],[138.88326,34.99455],[138.88426,34.99768],[138.88773,35.00046],[138.88921,35.00063],[138.89004,35.00379],[138.89588,35.00238],[138.89933,35.00624],[138.90247,35.00582],[138.90779,35.0079],[138.90268,35.01355],[138.90558,35.01737],[138.9074,35.01788],[138.9103,35.02063],[138.9119,35.02555],[138.90938,35.02739],[138.90771,35.02712],[138.90279,35.03194],[138.90591,35.0354],[138.90993,35.03577],[138.91173,35.03731],[138.9114,35.0411],[138.90793,35.04915],[138.90927,35.05432],[138.90623,35.05939],[138.90906,35.05974],[138.91308,35.06244],[138.91398,35.06533],[138.91634,35.06947],[138.91916,35.07079],[138.92213,35.07113],[138.92412,35.07382],[138.92327,35.07554],[138.91975,35.07546],[138.91439,35.07724],[138.91311,35.07887],[138.9181,35.0803],[138.91922,35.08147],[138.91457,35.08328],[138.91041,35.0809],[138.90736,35.08324],[138.907,35.08175],[138.90218,35.07997],[138.90046,35.07789],[138.89411,35.07678],[138.89074,35.07702],[138.88875,35.07893],[138.88756,35.08354],[138.88899,35.08771],[138.88726,35.08851],[138.88558,35.09204],[138.88524,35.09529],[138.88393,35.0975],[138.88429,35.10019],[138.88676,35.10045],[138.88856,35.10227],[138.88867,35.10531],[138.88707,35.10821],[138.89016,35.11009],[138.8903,35.11258],[138.88839,35.11286]]]]}},{"type":"Feature","properties":{"code":"22205","name":"熱海市","pref":"静岡県","pref_code":"22","cx":139.05606,"cy":35.08859,"bbox":[139.02785,35.02501,139.17655,35.15067]},"geometry":{"type":"MultiPolygon","coordinates":[[[[139.16966,35.04311],[139.1674,35.04266],[139.16686,35.03803],[139.16796,35.03655],[139.17235,35.03667],[139.17655,35.03967],[139.1733,35.04236],[139.16966,35.04311]]],[[[139.09854,35.03143],[139.09812,35.03267],[139.09928,35.03688],[139.10033,35.04467],[139.09956,35.04609],[139.09487,35.04933],[139.0928,35.04998],[139.08918,35.04846],[139.08859,35.0462],[139.08613,35.04475],[139.08262,35.04554],[139.07992,35.04806],[139.0741,35.04678],[139.07187,35.04927],[139.06943,35.05338],[139.07102,35.059],[139.07464,35.0609],[139.07421,35.06201],[139.07655,35.0673],[139.07959,35.06921],[139.07815,35.07293],[139.07565,35.07519],[139.07422,35.07887],[139.07466,35.08092],[139.08204,35.08585],[139.0809,35.08768],[139.08029,35.09241],[139.07559,35.09067],[139.07531,35.09359],[139.07692,35.09795],[139.07893,35.09991],[139.08209,35.10076],[139.08687,35.10709],[139.08671,35.11119],[139.0892,35.11388],[139.09717,35.11711],[139.09996,35.1215],[139.10428,35.12554],[139.10534,35.12784],[139.10857,35.1297],[139.11008,35.13477],[139.10965,35.13876],[139.1116,35.14137],[139.10851,35.14187],[139.10124,35.14037],[139.09325,35.14072],[139.0901,35.14019],[139.08359,35.14111],[139.07798,35.14337],[139.07671,35.14468],[139.07283,35.14518],[139.06613,35.14413],[139.06034,35.14612],[139.05391,35.14731],[139.05141,35.14716],[139.0486,35.14963],[139.04221,35.15005],[139.03962,35.15067],[139.03724,35.15001],[139.03043,35.14975],[139.03028,35.14781],[139.03395,35.14482],[139.03297,35.14261],[139.03492,35.13799],[139.03855,35.13704],[139.04234,35.13165],[139.04111,35.1281],[139.04478,35.12372],[139.04074,35.12099],[139.0394,35.11866],[139.03603,35.11861],[139.03425,35.11721],[139.0361,35.11436],[139.03531,35.11035],[139.03639,35.10938],[139.03613,35.1051],[139.03688,35.10311],[139.03415,35.09988],[139.03511,35.09752],[139.03224,35.09361],[139.03126,35.0895],[139.03144,35.08731],[139.0342,35.08514],[139.03323,35.08398],[139.02785,35.08162],[139.02859,35.07715],[139.03109,35.0742],[139.03026,35.07057],[139.0317,35.06727],[139.03437,35.06691],[139.03934,35.06135],[139.0402,35.05979],[139.03776,35.05815],[139.03343,35.05763],[139.03246,35.05275],[139.03429,35.04904],[139.03376,35.04559],[139.03778,35.04174],[139.03667,35.03785],[139.03806,35.03463],[139.04298,35.03264],[139.05126,35.03037],[139.05771,35.02928],[139.05845,35.02756],[139.06278,35.02693],[139.06611,35.02738],[139.06768,35.02567],[139.07165,35.02501],[139.07559,35.02672],[139.07821,35.02896],[139.07958,35.03139],[139.08284,35.03016],[139.08493,35.03343],[139.09069,35.03653],[139.09318,35.03323],[139.09854,35.03143]]]]}},{"type":"Feature","properties":{"code":"22206","name":"三島市","pref":"静岡県","pref_code":"22","cx":138.9427,"cy":35.13246,"bbox":[138.90513,35.07546,139.01383,35.18981]},"geometry":{"type":"Polygon","coordinates":[[[138.92327,35.07554],[138.92497,35.07922],[138.92757,35.07981],[138.9351,35.08835],[138.93539,35.09144],[138.9382,35.09132],[138.94542,35.08983],[138.94811,35.09353],[138.9477,35.09515],[138.9497,35.09711],[138.95072,35.10136],[138.95017,35.1036],[138.95297,35.10571],[138.95376,35.10966],[138.9564,35.11289],[138.96117,35.11585],[138.96181,35.11821],[138.96682,35.12175],[138.9729,35.12851],[138.97424,35.13277],[138.97869,35.13718],[138.98138,35.13723],[138.98184,35.13903],[138.98413,35.14081],[138.99029,35.14307],[138.99003,35.14621],[138.99195,35.15103],[138.99374,35.15265],[138.99726,35.15172],[138.9989,35.15564],[139.00128,35.15755],[139.00331,35.16104],[139.00133,35.16134],[139.00199,35.16537],[139.00331,35.16879],[139.00742,35.17256],[139.00922,35.17571],[139.01305,35.17865],[139.01383,35.18237],[139.00901,35.18344],[139.00631,35.18597],[139.00302,35.18776],[139.00159,35.18981],[138.9978,35.18877],[138.99422,35.18626],[138.98833,35.18391],[138.98486,35.18117],[138.98025,35.18111],[138.97403,35.17982],[138.96923,35.18023],[138.96355,35.17982],[138.95802,35.17656],[138.95506,35.17406],[138.95264,35.17377],[138.94916,35.17125],[138.94595,35.17103],[138.94231,35.17183],[138.93913,35.17166],[138.93507,35.17305],[138.93262,35.17278],[138.92952,35.17074],[138.92461,35.17133],[138.92128,35.16929],[138.92012,35.16639],[138.91626,35.1643],[138.91639,35.16187],[138.91302,35.15952],[138.91085,35.15705],[138.90831,35.15616],[138.90597,35.15189],[138.90543,35.14861],[138.90697,35.14758],[138.90729,35.14424],[138.9089,35.14251],[138.90823,35.14083],[138.90986,35.13526],[138.91142,35.13214],[138.91152,35.12985],[138.90962,35.12753],[138.9072,35.12669],[138.90523,35.11994],[138.90513,35.11441],[138.9072,35.11201],[138.90709,35.10983],[138.90967,35.10733],[138.90999,35.10477],[138.91238,35.10473],[138.91248,35.10146],[138.91434,35.09936],[138.91318,35.09804],[138.91461,35.0963],[138.91341,35.09172],[138.90995,35.0883],[138.90956,35.08699],[138.9061,35.08577],[138.90736,35.08324],[138.91041,35.0809],[138.91457,35.08328],[138.91922,35.08147],[138.9181,35.0803],[138.91311,35.07887],[138.91439,35.07724],[138.91975,35.07546],[138.92327,35.07554]]]}},{"type":"Feature","properties":{"code":"22207","name":"富士宮市","pref":"静岡県","pref_code":"22","cx":138.6212,"cy":35.29986,"bbox":[138.51209,35.15168,138.74221,35.44556]},"geometry":{"type":"Polygon","coordinates":[[[138.5584,35.15931],[138.55776,35.16052],[138.5594,35.16293],[138.55981,35.16766],[138.55901,35.17414],[138.56095,35.17746],[138.55838,35.18466],[138.56363,35.18712],[138.56272,35.18845],[138.56416,35.19141],[138.56676,35.19058],[138.57634,35.19587],[138.58783,35.19535],[138.59137,35.19255],[138.59399,35.18942],[138.59711,35.19021],[138.60151,35.19261],[138.60612,35.18971],[138.60829,35.18418],[138.61006,35.18229],[138.6154,35.17933],[138.61635,35.18175],[138.62143,35.18333],[138.62163,35.186],[138.62482,35.187],[138.62808,35.19055],[138.63284,35.19301],[138.63433,35.18951],[138.63685,35.18808],[138.63885,35.1851],[138.64142,35.18393],[138.64473,35.18536],[138.64105,35.19014],[138.63984,35.19369],[138.6407,35.19513],[138.63679,35.19567],[138.63479,35.19672],[138.63338,35.20375],[138.63159,35.20549],[138.63447,35.20696],[138.63799,35.21091],[138.6405,35.20846],[138.64295,35.21178],[138.64824,35.21706],[138.65348,35.21684],[138.6523,35.21068],[138.65371,35.20933],[138.65898,35.21175],[138.66126,35.2095],[138.66422,35.21003],[138.66632,35.21717],[138.66533,35.22075],[138.66586,35.22402],[138.66443,35.23008],[138.66239,35.23409],[138.65996,35.23645],[138.65903,35.24109],[138.66601,35.2466],[138.67023,35.2478],[138.67343,35.25118],[138.67333,35.25262],[138.67784,35.25731],[138.68047,35.25824],[138.68371,35.26118],[138.69164,35.26456],[138.69339,35.26655],[138.69999,35.27034],[138.70311,35.27036],[138.7042,35.27464],[138.71163,35.27839],[138.71479,35.27563],[138.71773,35.27522],[138.71745,35.27763],[138.71882,35.27973],[138.71919,35.28326],[138.71576,35.28437],[138.72021,35.29045],[138.72411,35.2892],[138.72851,35.29535],[138.72581,35.29711],[138.72731,35.30122],[138.72931,35.30256],[138.72961,35.30673],[138.7323,35.31268],[138.73527,35.31721],[138.73576,35.31944],[138.73978,35.32328],[138.74221,35.32819],[138.74036,35.33742],[138.73725,35.34467],[138.73574,35.35223],[138.73413,35.35327],[138.73078,35.3628],[138.72481,35.36524],[138.71875,35.36549],[138.71314,35.36361],[138.70044,35.36267],[138.69865,35.35965],[138.69395,35.35898],[138.68903,35.35904],[138.68652,35.35796],[138.68054,35.35768],[138.67118,35.39283],[138.66339,35.39828],[138.63895,35.39828],[138.62253,35.39544],[138.61804,35.39543],[138.61394,35.3937],[138.60914,35.39318],[138.59772,35.4318],[138.59242,35.4361],[138.58851,35.4368],[138.58314,35.44331],[138.58208,35.44556],[138.57806,35.44293],[138.57742,35.44089],[138.57048,35.43948],[138.56614,35.43591],[138.56332,35.43455],[138.55906,35.43421],[138.55744,35.43149],[138.55561,35.42613],[138.55297,35.42305],[138.55004,35.4217],[138.5469,35.41912],[138.54575,35.41679],[138.5383,35.41418],[138.5366,35.41208],[138.53183,35.40941],[138.53125,35.40212],[138.53323,35.39959],[138.53246,35.39741],[138.53585,35.38988],[138.53459,35.38623],[138.53175,35.38431],[138.52817,35.37905],[138.5307,35.37613],[138.53017,35.37025],[138.53058,35.36811],[138.52996,35.36403],[138.53065,35.36057],[138.52987,35.35963],[138.53102,35.35353],[138.52945,35.34969],[138.53063,35.34558],[138.53485,35.34106],[138.53509,35.33056],[138.52678,35.32593],[138.5254,35.32187],[138.51209,35.31356],[138.51331,35.30828],[138.51359,35.30473],[138.51275,35.3033],[138.51671,35.2985],[138.5161,35.29608],[138.51811,35.29098],[138.52021,35.28822],[138.52166,35.28348],[138.52069,35.28161],[138.52135,35.27875],[138.51986,35.27478],[138.52032,35.27088],[138.51838,35.2687],[138.51542,35.26731],[138.51424,35.26223],[138.51599,35.26125],[138.51668,35.25868],[138.52067,35.25543],[138.52147,35.25359],[138.52057,35.25074],[138.52308,35.2486],[138.52415,35.24151],[138.52537,35.23892],[138.5269,35.23257],[138.52952,35.23108],[138.53228,35.22339],[138.52738,35.2168],[138.53122,35.21111],[138.53247,35.20782],[138.53193,35.20496],[138.53319,35.20086],[138.52848,35.19754],[138.52242,35.19916],[138.52263,35.19637],[138.51979,35.1939],[138.51852,35.18993],[138.51938,35.18852],[138.51957,35.18254],[138.52193,35.18225],[138.52357,35.18063],[138.52606,35.17131],[138.5257,35.16607],[138.5291,35.16503],[138.53033,35.16313],[138.53303,35.16141],[138.53613,35.16082],[138.53762,35.15616],[138.53919,35.15337],[138.53858,35.15168],[138.54519,35.15256],[138.54767,35.15458],[138.55203,35.15402],[138.556,35.15548],[138.5584,35.15931]]]}},{"type":"Feature","properties":{"code":"22208","name":"伊東市","pref":"静岡県","pref_code":"22","cx":139.09657,"cy":34.94499,"bbox":[139.03458,34.85174,139.14793,35.03653]},"geometry":{"type":"Polygon","coordinates":[[[139.05126,35.03037],[139.04985,35.02852],[139.04746,35.02797],[139.04147,35.02149],[139.04447,35.01921],[139.04722,35.01329],[139.04559,35.00979],[139.0433,35.00879],[139.0439,35.00703],[139.04065,35.00515],[139.04024,35.00057],[139.03825,34.99928],[139.03926,34.99722],[139.03919,34.99439],[139.0376,34.99266],[139.03812,34.99066],[139.0415,34.99013],[139.04434,34.98794],[139.05367,34.98277],[139.05667,34.98466],[139.06244,34.98433],[139.06693,34.98532],[139.06883,34.98371],[139.06789,34.98163],[139.06853,34.97817],[139.06588,34.97615],[139.06402,34.97342],[139.06152,34.97318],[139.06,34.97168],[139.05662,34.97046],[139.05599,34.96912],[139.05288,34.96836],[139.05441,34.96653],[139.05346,34.9622],[139.05659,34.96183],[139.05732,34.9577],[139.05544,34.9558],[139.05509,34.95291],[139.05021,34.94953],[139.05038,34.94823],[139.04598,34.94399],[139.04491,34.93995],[139.04545,34.93339],[139.0434,34.92934],[139.04506,34.92657],[139.04806,34.92488],[139.04755,34.92078],[139.05128,34.9157],[139.05804,34.90924],[139.05391,34.90806],[139.05298,34.90524],[139.04577,34.89843],[139.04405,34.89792],[139.04223,34.89449],[139.04006,34.89235],[139.03892,34.88954],[139.03571,34.8869],[139.03458,34.88351],[139.04198,34.87824],[139.04362,34.87489],[139.04649,34.87443],[139.04889,34.87266],[139.0519,34.87236],[139.05531,34.8703],[139.0559,34.86655],[139.06187,34.86508],[139.06286,34.86079],[139.06607,34.85968],[139.06804,34.85587],[139.07354,34.85174],[139.08265,34.85269],[139.08531,34.85395],[139.087,34.85831],[139.08979,34.85802],[139.09206,34.85611],[139.09833,34.85795],[139.09937,34.86058],[139.09872,34.86331],[139.10102,34.86365],[139.10131,34.86575],[139.10383,34.87018],[139.11091,34.87048],[139.11773,34.87174],[139.11945,34.87368],[139.12338,34.8751],[139.12606,34.87694],[139.13015,34.87762],[139.13206,34.87973],[139.1323,34.88386],[139.13381,34.8847],[139.13518,34.88801],[139.13943,34.8908],[139.13998,34.89417],[139.13605,34.8956],[139.13259,34.89551],[139.1318,34.89844],[139.13426,34.90328],[139.1386,34.9073],[139.14025,34.91009],[139.13964,34.91701],[139.14025,34.921],[139.1424,34.92355],[139.14601,34.92965],[139.1459,34.93388],[139.14793,34.93589],[139.14396,34.93917],[139.14328,34.94099],[139.14549,34.94255],[139.14637,34.946],[139.14582,34.94847],[139.14687,34.95422],[139.14327,34.95581],[139.14191,34.954],[139.13877,34.95284],[139.13679,34.95335],[139.13481,34.9514],[139.13252,34.95222],[139.12959,34.9554],[139.12857,34.96022],[139.13096,34.96227],[139.12828,34.96381],[139.12733,34.96696],[139.12829,34.96905],[139.11946,34.97303],[139.11237,34.97327],[139.10969,34.97259],[139.10569,34.96975],[139.10035,34.97328],[139.09747,34.97439],[139.0945,34.97767],[139.09382,34.98033],[139.09494,34.98437],[139.09409,34.98919],[139.0899,34.99296],[139.08749,34.99409],[139.08457,34.9977],[139.08293,35.00096],[139.08409,35.00528],[139.08642,35.00795],[139.09138,35.00848],[139.09609,35.00709],[139.09998,35.00887],[139.09956,35.01119],[139.09757,35.01396],[139.09801,35.02297],[139.09917,35.02616],[139.09854,35.03143],[139.09318,35.03323],[139.09069,35.03653],[139.08493,35.03343],[139.08284,35.03016],[139.07958,35.03139],[139.07821,35.02896],[139.07559,35.02672],[139.07165,35.02501],[139.06768,35.02567],[139.06611,35.02738],[139.06278,35.02693],[139.05845,35.02756],[139.05771,35.02928],[139.05126,35.03037]]]}},{"type":"Feature","properties":{"code":"22209","name":"島田市","pref":"静岡県","pref_code":"22","cx":138.09815,"cy":34.92431,"bbox":[138.00996,34.78572,138.25079,35.06409]},"geometry":{"type":"Polygon","coordinates":[[[138.19949,35.05014],[138.19667,35.0546],[138.18919,35.05952],[138.1849,35.06409],[138.18253,35.06402],[138.17812,35.06087],[138.17487,35.06342],[138.17153,35.0613],[138.17294,35.05798],[138.1716,35.05736],[138.17248,35.05341],[138.16894,35.0527],[138.16526,35.05329],[138.16347,35.04977],[138.16069,35.04699],[138.15847,35.04977],[138.15965,35.05254],[138.15917,35.05432],[138.16089,35.05775],[138.15797,35.06053],[138.1529,35.06255],[138.14982,35.06122],[138.14922,35.05945],[138.1464,35.057],[138.14702,35.05051],[138.14615,35.04864],[138.14011,35.0425],[138.13839,35.03887],[138.13929,35.0362],[138.13521,35.03137],[138.12926,35.02921],[138.12655,35.02617],[138.1286,35.02122],[138.1219,35.01646],[138.12287,35.01251],[138.12091,35.00834],[138.12067,35.00466],[138.11925,35.0003],[138.11598,34.99858],[138.11117,34.99955],[138.10819,34.99646],[138.1051,34.99655],[138.10282,34.99085],[138.10141,34.98965],[138.10106,34.98398],[138.10214,34.97947],[138.09782,34.98077],[138.09477,34.97758],[138.0912,34.97568],[138.08889,34.97233],[138.08565,34.9747],[138.08713,34.97744],[138.0836,34.98055],[138.07936,34.9805],[138.07592,34.98146],[138.07326,34.98353],[138.07612,34.98817],[138.07568,34.99117],[138.07135,34.99682],[138.06678,34.99721],[138.06264,35.00032],[138.05894,34.99956],[138.05539,35.00109],[138.0536,35.0009],[138.04894,34.99876],[138.04473,34.99949],[138.03583,34.99888],[138.03112,34.99532],[138.02881,34.99115],[138.02487,34.99022],[138.02275,34.98811],[138.01931,34.98718],[138.01463,34.98402],[138.01149,34.98111],[138.01128,34.97728],[138.00996,34.97562],[138.00997,34.97386],[138.01212,34.97254],[138.01399,34.9697],[138.01281,34.96757],[138.01225,34.9626],[138.01455,34.96041],[138.01458,34.95696],[138.01575,34.95542],[138.01365,34.95206],[138.01629,34.94775],[138.01519,34.94308],[138.01262,34.94205],[138.01206,34.94044],[138.01776,34.9386],[138.02092,34.93531],[138.02389,34.93567],[138.02552,34.93692],[138.02802,34.93508],[138.02809,34.93234],[138.03002,34.9313],[138.03642,34.93177],[138.03824,34.93],[138.03792,34.9283],[138.04296,34.92527],[138.04417,34.92341],[138.04192,34.92008],[138.04305,34.917],[138.04572,34.9154],[138.04693,34.91207],[138.04953,34.91133],[138.05213,34.90815],[138.05665,34.90742],[138.05787,34.90644],[138.0565,34.90405],[138.05569,34.89989],[138.05647,34.89479],[138.0544,34.89374],[138.05269,34.89113],[138.05196,34.88744],[138.04868,34.88543],[138.04771,34.88313],[138.04569,34.88204],[138.04528,34.87409],[138.04553,34.86836],[138.04746,34.86695],[138.04701,34.86421],[138.0482,34.86235],[138.0479,34.85922],[138.05169,34.85812],[138.05484,34.85863],[138.06113,34.85731],[138.06618,34.85794],[138.07019,34.85716],[138.0686,34.85313],[138.0711,34.8471],[138.07042,34.84373],[138.07295,34.84419],[138.07527,34.84269],[138.0795,34.84283],[138.08571,34.84041],[138.0883,34.84208],[138.09319,34.83961],[138.0951,34.83614],[138.09883,34.83193],[138.09706,34.82835],[138.09761,34.82629],[138.09762,34.82067],[138.10146,34.81908],[138.1023,34.81681],[138.10183,34.81335],[138.09998,34.81205],[138.10073,34.81038],[138.10443,34.81083],[138.10559,34.81329],[138.10952,34.81144],[138.11528,34.80479],[138.11664,34.80102],[138.11617,34.79928],[138.12147,34.79409],[138.12339,34.79316],[138.13001,34.80059],[138.12981,34.80435],[138.13064,34.8067],[138.13362,34.80682],[138.13649,34.79749],[138.13871,34.79352],[138.14212,34.79281],[138.14463,34.7938],[138.14633,34.79181],[138.15053,34.79468],[138.15452,34.79843],[138.15634,34.79879],[138.15867,34.80159],[138.16168,34.80078],[138.16688,34.8008],[138.1722,34.79972],[138.17955,34.7967],[138.18057,34.79803],[138.18376,34.79851],[138.1895,34.79695],[138.19263,34.79666],[138.19803,34.79379],[138.20438,34.79278],[138.21392,34.78808],[138.2198,34.78677],[138.22362,34.78663],[138.22632,34.78572],[138.2315,34.78604],[138.22994,34.79109],[138.2315,34.79225],[138.23715,34.79148],[138.23942,34.79351],[138.2368,34.79656],[138.23378,34.80146],[138.23832,34.80183],[138.24537,34.80003],[138.25079,34.80293],[138.24479,34.80942],[138.23678,34.81581],[138.22428,34.82302],[138.2184,34.82487],[138.22,34.82825],[138.22321,34.82923],[138.22851,34.82975],[138.22838,34.83153],[138.23037,34.83259],[138.23245,34.84056],[138.22759,34.83932],[138.22483,34.83922],[138.22125,34.84023],[138.21638,34.83927],[138.21326,34.83718],[138.21198,34.83947],[138.22104,34.84428],[138.22027,34.84567],[138.2162,34.84741],[138.2122,34.85023],[138.20895,34.85133],[138.20866,34.85406],[138.2107,34.85961],[138.20859,34.862],[138.20683,34.86158],[138.20451,34.86473],[138.2021,34.86506],[138.20116,34.86746],[138.19913,34.86916],[138.19884,34.87252],[138.19953,34.87958],[138.19714,34.88301],[138.1955,34.88246],[138.19076,34.88568],[138.18985,34.88894],[138.18716,34.89096],[138.18579,34.88984],[138.18231,34.89211],[138.17931,34.89606],[138.17752,34.89661],[138.17404,34.89548],[138.17006,34.89852],[138.16599,34.89928],[138.16297,34.90168],[138.16402,34.90607],[138.16667,34.90881],[138.16583,34.91363],[138.16423,34.9162],[138.15771,34.91697],[138.15257,34.92188],[138.15278,34.92521],[138.15169,34.92846],[138.15735,34.93379],[138.15798,34.938],[138.16018,34.94134],[138.15754,34.94968],[138.16176,34.95263],[138.1626,34.95678],[138.16034,34.95868],[138.16088,34.96459],[138.1646,34.96731],[138.16513,34.97342],[138.16854,34.97493],[138.17409,34.97587],[138.17628,34.97852],[138.18182,34.98043],[138.18193,34.9831],[138.18111,34.98936],[138.18482,34.99642],[138.18729,34.99717],[138.1895,35.00048],[138.18879,35.0055],[138.18476,35.00962],[138.18403,35.01237],[138.18498,35.01365],[138.18876,35.01544],[138.18832,35.02224],[138.19116,35.02328],[138.1916,35.02821],[138.19358,35.03068],[138.19344,35.0343],[138.19118,35.03585],[138.19708,35.03963],[138.19524,35.04624],[138.19949,35.05014]]]}},{"type":"Feature","properties":{"code":"22210","name":"富士市","pref":"静岡県","pref_code":"22","cx":138.72708,"cy":35.23734,"bbox":[138.55776,35.11649,138.81184,35.35912]},"geometry":{"type":"Polygon","coordinates":[[[138.63854,35.11649],[138.64535,35.11769],[138.64954,35.11991],[138.65511,35.12131],[138.66162,35.12434],[138.66706,35.12546],[138.67435,35.12805],[138.68005,35.13189],[138.68654,35.13331],[138.69767,35.13439],[138.69344,35.13878],[138.69192,35.1393],[138.68493,35.14413],[138.68924,35.14364],[138.69567,35.14462],[138.6971,35.14343],[138.7006,35.14294],[138.69559,35.13996],[138.69891,35.13635],[138.70317,35.13587],[138.70894,35.13667],[138.71765,35.13574],[138.72072,35.13587],[138.73207,35.13417],[138.73846,35.13418],[138.75252,35.13151],[138.75337,35.13451],[138.75507,35.13634],[138.75613,35.14004],[138.76154,35.14052],[138.76561,35.13835],[138.76917,35.14271],[138.77175,35.14893],[138.77056,35.14959],[138.77336,35.15724],[138.77439,35.15787],[138.77631,35.16307],[138.77831,35.16646],[138.77431,35.16609],[138.76865,35.16719],[138.76768,35.16591],[138.76295,35.16664],[138.76501,35.16851],[138.76795,35.1737],[138.77008,35.17985],[138.76938,35.18276],[138.77233,35.18933],[138.78104,35.19554],[138.78329,35.1951],[138.78562,35.19631],[138.78765,35.19925],[138.79144,35.20158],[138.79331,35.20376],[138.79985,35.20733],[138.8019,35.20967],[138.80499,35.21036],[138.81016,35.21663],[138.81166,35.21924],[138.81184,35.22114],[138.81097,35.22328],[138.80615,35.22528],[138.80279,35.22728],[138.79973,35.22821],[138.79567,35.22777],[138.79502,35.23212],[138.79584,35.23426],[138.79395,35.23823],[138.79186,35.23889],[138.78932,35.24463],[138.78939,35.25018],[138.78681,35.25288],[138.78271,35.25391],[138.75865,35.29654],[138.75875,35.30771],[138.74947,35.331],[138.74612,35.33585],[138.74166,35.33972],[138.73864,35.34428],[138.73739,35.35182],[138.73214,35.35912],[138.73413,35.35327],[138.73574,35.35223],[138.73725,35.34467],[138.74036,35.33742],[138.74221,35.32819],[138.73978,35.32328],[138.73576,35.31944],[138.73527,35.31721],[138.7323,35.31268],[138.72961,35.30673],[138.72931,35.30256],[138.72731,35.30122],[138.72581,35.29711],[138.72851,35.29535],[138.72411,35.2892],[138.72021,35.29045],[138.71576,35.28437],[138.71919,35.28326],[138.71882,35.27973],[138.71745,35.27763],[138.71773,35.27522],[138.71479,35.27563],[138.71163,35.27839],[138.7042,35.27464],[138.70311,35.27036],[138.69999,35.27034],[138.69339,35.26655],[138.69164,35.26456],[138.68371,35.26118],[138.68047,35.25824],[138.67784,35.25731],[138.67333,35.25262],[138.67343,35.25118],[138.67023,35.2478],[138.66601,35.2466],[138.65903,35.24109],[138.65996,35.23645],[138.66239,35.23409],[138.66443,35.23008],[138.66586,35.22402],[138.66533,35.22075],[138.66632,35.21717],[138.66422,35.21003],[138.66126,35.2095],[138.65898,35.21175],[138.65371,35.20933],[138.6523,35.21068],[138.65348,35.21684],[138.64824,35.21706],[138.64295,35.21178],[138.6405,35.20846],[138.63799,35.21091],[138.63447,35.20696],[138.63159,35.20549],[138.63338,35.20375],[138.63479,35.19672],[138.63679,35.19567],[138.6407,35.19513],[138.63984,35.19369],[138.64105,35.19014],[138.64473,35.18536],[138.64142,35.18393],[138.63885,35.1851],[138.63685,35.18808],[138.63433,35.18951],[138.63284,35.19301],[138.62808,35.19055],[138.62482,35.187],[138.62163,35.186],[138.62143,35.18333],[138.61635,35.18175],[138.6154,35.17933],[138.61006,35.18229],[138.60829,35.18418],[138.60612,35.18971],[138.60151,35.19261],[138.59711,35.19021],[138.59399,35.18942],[138.59137,35.19255],[138.58783,35.19535],[138.57634,35.19587],[138.56676,35.19058],[138.56416,35.19141],[138.56272,35.18845],[138.56363,35.18712],[138.55838,35.18466],[138.56095,35.17746],[138.55901,35.17414],[138.55981,35.16766],[138.5594,35.16293],[138.55776,35.16052],[138.5584,35.15931],[138.55866,35.15664],[138.56369,35.15295],[138.56521,35.15107],[138.56824,35.15233],[138.57214,35.14941],[138.57731,35.14668],[138.57745,35.14557],[138.58144,35.14341],[138.59245,35.14369],[138.59579,35.14314],[138.59979,35.14352],[138.60503,35.13436],[138.60731,35.13219],[138.61277,35.1296],[138.61656,35.12935],[138.61833,35.13173],[138.62993,35.13368],[138.63181,35.12869],[138.63854,35.11649]]]}},{"type":"Feature","properties":{"code":"22211","name":"磐田市","pref":"静岡県","pref_code":"22","cx":137.85471,"cy":34.76801,"bbox":[137.78721,34.64634,137.91241,34.89106]},"geometry":{"type":"Polygon","coordinates":[[[137.80293,34.71575],[137.80022,34.7014],[137.80041,34.6976],[137.79533,34.69838],[137.79333,34.68467],[137.79181,34.6819],[137.7901,34.68147],[137.78973,34.67415],[137.79016,34.67096],[137.78757,34.66998],[137.78731,34.66641],[137.78826,34.66515],[137.7875,34.66243],[137.78721,34.6563],[137.78801,34.65321],[137.78977,34.65326],[137.78998,34.65023],[137.79701,34.64831],[137.79864,34.64634],[137.80379,34.64652],[137.81425,34.64801],[137.82038,34.64979],[137.82781,34.65312],[137.83466,34.65487],[137.85346,34.65849],[137.87325,34.66144],[137.89487,34.66379],[137.90247,34.66651],[137.90676,34.66601],[137.91193,34.66648],[137.90818,34.67635],[137.90672,34.67708],[137.90799,34.67993],[137.90805,34.68274],[137.91234,34.68344],[137.91241,34.68571],[137.91047,34.6911],[137.90571,34.69033],[137.90393,34.69138],[137.90101,34.69064],[137.89973,34.69352],[137.89755,34.69465],[137.89432,34.69382],[137.89626,34.69813],[137.90011,34.70166],[137.89765,34.70243],[137.89717,34.70573],[137.90236,34.71137],[137.90324,34.71848],[137.89872,34.72721],[137.90061,34.72818],[137.89869,34.73231],[137.90111,34.73311],[137.90206,34.73561],[137.89787,34.74457],[137.89746,34.74728],[137.89574,34.74875],[137.89054,34.74555],[137.88662,34.75023],[137.88611,34.75399],[137.88751,34.75681],[137.8879,34.76031],[137.88621,34.76596],[137.88793,34.76623],[137.88837,34.7698],[137.88631,34.77266],[137.88654,34.77445],[137.88378,34.77469],[137.87943,34.77818],[137.86937,34.77789],[137.86513,34.77843],[137.8624,34.78095],[137.86007,34.78681],[137.85826,34.78968],[137.85743,34.79551],[137.85589,34.79847],[137.85569,34.80144],[137.85349,34.80082],[137.8513,34.80589],[137.85044,34.81002],[137.85166,34.81172],[137.85445,34.81045],[137.85846,34.81375],[137.86182,34.8144],[137.86275,34.81604],[137.86941,34.8173],[137.87255,34.82236],[137.8716,34.82506],[137.87363,34.82694],[137.87269,34.83059],[137.87635,34.83277],[137.8728,34.83713],[137.87582,34.83879],[137.88035,34.83861],[137.88145,34.83934],[137.88414,34.84454],[137.88296,34.84738],[137.87999,34.85014],[137.88105,34.85264],[137.87943,34.85414],[137.88127,34.85771],[137.88439,34.85842],[137.88825,34.86146],[137.89032,34.86216],[137.89156,34.86562],[137.89278,34.86661],[137.893,34.8702],[137.89581,34.87196],[137.89696,34.87464],[137.90089,34.87639],[137.90417,34.88021],[137.9069,34.88056],[137.90911,34.88219],[137.90978,34.88529],[137.90919,34.89106],[137.90615,34.8909],[137.90359,34.88768],[137.8982,34.88397],[137.89762,34.88243],[137.89477,34.88267],[137.89211,34.88116],[137.88886,34.88053],[137.8833,34.8812],[137.87745,34.87931],[137.87571,34.88023],[137.87318,34.87911],[137.86713,34.87804],[137.86161,34.8783],[137.86038,34.87649],[137.85531,34.87511],[137.85391,34.87303],[137.85569,34.87035],[137.8525,34.8675],[137.84793,34.86915],[137.84405,34.86815],[137.84282,34.86556],[137.84106,34.86492],[137.83881,34.86213],[137.83565,34.86171],[137.82875,34.85935],[137.8258,34.85666],[137.82259,34.85557],[137.82432,34.85502],[137.82709,34.82938],[137.82698,34.82128],[137.82315,34.80184],[137.82374,34.79611],[137.8248,34.79387],[137.82819,34.78972],[137.82665,34.78215],[137.82268,34.77499],[137.81893,34.75651],[137.81311,34.74756],[137.80586,34.73019],[137.80293,34.71575]]]}},{"type":"Feature","properties":{"code":"22212","name":"焼津市","pref":"静岡県","pref_code":"22","cx":138.30886,"cy":34.84483,"bbox":[138.23678,34.76737,138.34839,34.92263]},"geometry":{"type":"Polygon","coordinates":[[[138.31904,34.91956],[138.31757,34.91742],[138.31413,34.91467],[138.31959,34.91474],[138.32219,34.91406],[138.32584,34.91433],[138.32646,34.91278],[138.32551,34.90838],[138.32104,34.90473],[138.31287,34.9062],[138.31209,34.90683],[138.30587,34.90226],[138.30319,34.89818],[138.29907,34.89501],[138.29344,34.89661],[138.29321,34.89329],[138.2947,34.89198],[138.29783,34.89128],[138.29627,34.88679],[138.2908,34.88027],[138.29605,34.8784],[138.29386,34.87479],[138.28866,34.8731],[138.2875,34.87412],[138.28189,34.87352],[138.28022,34.87023],[138.2774,34.8676],[138.27612,34.86394],[138.28037,34.86363],[138.28036,34.8617],[138.27779,34.85616],[138.27931,34.85361],[138.28313,34.85095],[138.28183,34.84506],[138.28423,34.84447],[138.2843,34.8427],[138.2793,34.84154],[138.27475,34.83858],[138.27757,34.83125],[138.28382,34.82824],[138.27852,34.82616],[138.27384,34.82126],[138.26451,34.82176],[138.26205,34.82352],[138.25845,34.82469],[138.25406,34.82098],[138.25028,34.81854],[138.24928,34.81894],[138.24462,34.81611],[138.24053,34.81844],[138.23678,34.81581],[138.24479,34.80942],[138.25079,34.80293],[138.25998,34.79464],[138.29426,34.76737],[138.30422,34.77727],[138.30006,34.77648],[138.29485,34.77625],[138.2887,34.78124],[138.29228,34.78459],[138.29468,34.78302],[138.29534,34.77925],[138.29798,34.78004],[138.30106,34.77918],[138.30298,34.78449],[138.31266,34.79571],[138.31963,34.80516],[138.32152,34.80867],[138.32607,34.81334],[138.32997,34.81919],[138.33447,34.82439],[138.33723,34.82844],[138.33815,34.83206],[138.33796,34.83828],[138.33702,34.84145],[138.33518,34.8446],[138.33192,34.84802],[138.32913,34.84679],[138.32919,34.84993],[138.32536,34.85249],[138.32614,34.85599],[138.32788,34.85638],[138.32802,34.85925],[138.32614,34.86125],[138.32754,34.86726],[138.32606,34.86812],[138.3244,34.87259],[138.32756,34.87368],[138.33382,34.87044],[138.33483,34.87189],[138.33129,34.87394],[138.33408,34.87767],[138.3384,34.88114],[138.33799,34.88447],[138.33953,34.88879],[138.34796,34.89614],[138.34839,34.89855],[138.34331,34.90082],[138.34025,34.9044],[138.3436,34.9069],[138.34016,34.90947],[138.33627,34.91036],[138.33262,34.91227],[138.33023,34.91541],[138.32971,34.9183],[138.32617,34.92263],[138.32245,34.91911],[138.31904,34.91956]]]}},{"type":"Feature","properties":{"code":"22213","name":"掛川市","pref":"静岡県","pref_code":"22","cx":138.01099,"cy":34.78003,"bbox":[137.93752,34.64233,138.1023,34.92014]},"geometry":{"type":"Polygon","coordinates":[[[138.04192,34.92008],[138.03939,34.92014],[138.03534,34.9174],[138.03306,34.91286],[138.02796,34.91452],[138.02532,34.91261],[138.02267,34.91345],[138.01998,34.91297],[138.01894,34.91517],[138.01428,34.91305],[138.01064,34.91368],[138.01015,34.91086],[138.01076,34.90825],[138.00428,34.90022],[138.00161,34.89856],[137.99659,34.89722],[137.99405,34.893],[137.99175,34.89056],[137.99036,34.88702],[137.98813,34.88551],[137.98887,34.88393],[137.98281,34.87761],[137.97839,34.87608],[137.97548,34.87285],[137.97027,34.87028],[137.96852,34.86713],[137.9652,34.86492],[137.96183,34.86141],[137.96202,34.85624],[137.95882,34.85468],[137.9592,34.85295],[137.95687,34.84815],[137.95845,34.84299],[137.95497,34.84157],[137.95319,34.83907],[137.95369,34.83658],[137.95063,34.83466],[137.95181,34.83178],[137.94746,34.83097],[137.94826,34.82925],[137.9466,34.82779],[137.94581,34.82417],[137.941,34.8208],[137.94274,34.81849],[137.94121,34.81612],[137.94322,34.81512],[137.9444,34.81257],[137.94304,34.80308],[137.94183,34.8001],[137.93981,34.79761],[137.93752,34.78994],[137.94002,34.78643],[137.94402,34.78435],[137.94963,34.77816],[137.95157,34.77284],[137.95742,34.76808],[137.96215,34.76593],[137.96298,34.76422],[137.95841,34.75835],[137.95867,34.75529],[137.96438,34.7545],[137.96773,34.75148],[137.97249,34.75321],[137.97234,34.75026],[137.97806,34.74624],[137.98109,34.74676],[137.98451,34.7451],[137.98601,34.74325],[137.9889,34.74441],[137.99218,34.74674],[137.99637,34.74398],[137.99855,34.74516],[138.00142,34.74473],[138.00206,34.74208],[138.00659,34.74097],[138.00964,34.73724],[138.00622,34.73361],[137.99948,34.73059],[137.99558,34.72991],[137.98868,34.72705],[137.9863,34.72674],[137.98373,34.72395],[137.97886,34.72326],[137.97664,34.72031],[137.97566,34.71599],[137.97858,34.71755],[137.9834,34.71728],[137.98257,34.71481],[137.97826,34.71138],[137.97994,34.71014],[137.98466,34.71071],[137.98453,34.70895],[137.97792,34.70625],[137.97268,34.70485],[137.97025,34.70221],[137.96466,34.69971],[137.96439,34.6921],[137.96118,34.69218],[137.96111,34.69],[137.95611,34.69013],[137.95252,34.68803],[137.95561,34.68444],[137.95517,34.68263],[137.95783,34.68167],[137.96125,34.67933],[137.96456,34.67878],[137.96525,34.67554],[137.96753,34.67301],[137.96786,34.66966],[137.97017,34.66536],[137.99791,34.66175],[138.01565,34.65799],[138.01833,34.65783],[138.05747,34.64859],[138.06173,34.64689],[138.06658,34.64598],[138.07825,34.64233],[138.08008,34.65041],[138.08101,34.65724],[138.08539,34.66231],[138.08461,34.66948],[138.08685,34.67285],[138.08431,34.67747],[138.07985,34.67709],[138.07814,34.67772],[138.07775,34.68115],[138.07312,34.6795],[138.07078,34.68058],[138.07214,34.68331],[138.07197,34.68578],[138.06969,34.68915],[138.07007,34.69007],[138.06682,34.69513],[138.06914,34.69686],[138.07118,34.69543],[138.07256,34.69768],[138.07522,34.69958],[138.07794,34.70022],[138.0781,34.70297],[138.07558,34.70495],[138.07348,34.70423],[138.06798,34.7082],[138.06667,34.71192],[138.06463,34.71336],[138.06431,34.71542],[138.0582,34.71901],[138.05623,34.72584],[138.05362,34.7282],[138.05327,34.73142],[138.04611,34.7341],[138.04516,34.73692],[138.05053,34.73623],[138.05204,34.73714],[138.0487,34.73989],[138.04769,34.74209],[138.05567,34.7409],[138.0619,34.74563],[138.06,34.74747],[138.061,34.75225],[138.05878,34.7526],[138.05482,34.75504],[138.05573,34.75885],[138.05359,34.76177],[138.05136,34.76226],[138.05064,34.76497],[138.05347,34.76664],[138.05371,34.7693],[138.05663,34.77009],[138.0629,34.76965],[138.06217,34.77261],[138.06346,34.77459],[138.06743,34.77516],[138.0713,34.77869],[138.0768,34.78137],[138.07615,34.78377],[138.07857,34.78564],[138.07891,34.78785],[138.08117,34.78843],[138.08512,34.79405],[138.08479,34.79768],[138.08752,34.79949],[138.08932,34.80276],[138.09325,34.80349],[138.09805,34.80516],[138.10073,34.81038],[138.09998,34.81205],[138.10183,34.81335],[138.1023,34.81681],[138.10146,34.81908],[138.09762,34.82067],[138.09761,34.82629],[138.09706,34.82835],[138.09883,34.83193],[138.0951,34.83614],[138.09319,34.83961],[138.0883,34.84208],[138.08571,34.84041],[138.0795,34.84283],[138.07527,34.84269],[138.07295,34.84419],[138.07042,34.84373],[138.0711,34.8471],[138.0686,34.85313],[138.07019,34.85716],[138.06618,34.85794],[138.06113,34.85731],[138.05484,34.85863],[138.05169,34.85812],[138.0479,34.85922],[138.0482,34.86235],[138.04701,34.86421],[138.04746,34.86695],[138.04553,34.86836],[138.04528,34.87409],[138.04569,34.88204],[138.04771,34.88313],[138.04868,34.88543],[138.05196,34.88744],[138.05269,34.89113],[138.0544,34.89374],[138.05647,34.89479],[138.05569,34.89989],[138.0565,34.90405],[138.05787,34.90644],[138.05665,34.90742],[138.05213,34.90815],[138.04953,34.91133],[138.04693,34.91207],[138.04572,34.9154],[138.04305,34.917],[138.04192,34.92008]]]}},{"type":"Feature","properties":{"code":"22214","name":"藤枝市","pref":"静岡県","pref_code":"22","cx":138.2399,"cy":34.91547,"bbox":[138.15169,34.81581,138.32646,35.01568]},"geometry":{"type":"Polygon","coordinates":[[[138.18876,35.01544],[138.18498,35.01365],[138.18403,35.01237],[138.18476,35.00962],[138.18879,35.0055],[138.1895,35.00048],[138.18729,34.99717],[138.18482,34.99642],[138.18111,34.98936],[138.18193,34.9831],[138.18182,34.98043],[138.17628,34.97852],[138.17409,34.97587],[138.16854,34.97493],[138.16513,34.97342],[138.1646,34.96731],[138.16088,34.96459],[138.16034,34.95868],[138.1626,34.95678],[138.16176,34.95263],[138.15754,34.94968],[138.16018,34.94134],[138.15798,34.938],[138.15735,34.93379],[138.15169,34.92846],[138.15278,34.92521],[138.15257,34.92188],[138.15771,34.91697],[138.16423,34.9162],[138.16583,34.91363],[138.16667,34.90881],[138.16402,34.90607],[138.16297,34.90168],[138.16599,34.89928],[138.17006,34.89852],[138.17404,34.89548],[138.17752,34.89661],[138.17931,34.89606],[138.18231,34.89211],[138.18579,34.88984],[138.18716,34.89096],[138.18985,34.88894],[138.19076,34.88568],[138.1955,34.88246],[138.19714,34.88301],[138.19953,34.87958],[138.19884,34.87252],[138.19913,34.86916],[138.20116,34.86746],[138.2021,34.86506],[138.20451,34.86473],[138.20683,34.86158],[138.20859,34.862],[138.2107,34.85961],[138.20866,34.85406],[138.20895,34.85133],[138.2122,34.85023],[138.2162,34.84741],[138.22027,34.84567],[138.22104,34.84428],[138.21198,34.83947],[138.21326,34.83718],[138.21638,34.83927],[138.22125,34.84023],[138.22483,34.83922],[138.22759,34.83932],[138.23245,34.84056],[138.23037,34.83259],[138.22838,34.83153],[138.22851,34.82975],[138.22321,34.82923],[138.22,34.82825],[138.2184,34.82487],[138.22428,34.82302],[138.23678,34.81581],[138.24053,34.81844],[138.24462,34.81611],[138.24928,34.81894],[138.25028,34.81854],[138.25406,34.82098],[138.25845,34.82469],[138.26205,34.82352],[138.26451,34.82176],[138.27384,34.82126],[138.27852,34.82616],[138.28382,34.82824],[138.27757,34.83125],[138.27475,34.83858],[138.2793,34.84154],[138.2843,34.8427],[138.28423,34.84447],[138.28183,34.84506],[138.28313,34.85095],[138.27931,34.85361],[138.27779,34.85616],[138.28036,34.8617],[138.28037,34.86363],[138.27612,34.86394],[138.2774,34.8676],[138.28022,34.87023],[138.28189,34.87352],[138.2875,34.87412],[138.28866,34.8731],[138.29386,34.87479],[138.29605,34.8784],[138.2908,34.88027],[138.29627,34.88679],[138.29783,34.89128],[138.2947,34.89198],[138.29321,34.89329],[138.29344,34.89661],[138.29907,34.89501],[138.30319,34.89818],[138.30587,34.90226],[138.31209,34.90683],[138.31287,34.9062],[138.32104,34.90473],[138.32551,34.90838],[138.32646,34.91278],[138.32584,34.91433],[138.32219,34.91406],[138.31959,34.91474],[138.31413,34.91467],[138.31757,34.91742],[138.31904,34.91956],[138.31675,34.92132],[138.31626,34.9266],[138.31532,34.93044],[138.31007,34.93368],[138.30714,34.93379],[138.30573,34.9327],[138.299,34.93466],[138.29452,34.93722],[138.29469,34.9407],[138.29183,34.94461],[138.29203,34.9496],[138.28682,34.95148],[138.28745,34.95451],[138.28591,34.95584],[138.28632,34.9589],[138.28328,34.96301],[138.28365,34.9676],[138.2765,34.97119],[138.27493,34.97047],[138.27208,34.97301],[138.26789,34.9734],[138.26662,34.97585],[138.2677,34.97971],[138.26503,34.98143],[138.26286,34.98871],[138.26075,34.98967],[138.26061,34.9919],[138.25863,34.99263],[138.25427,34.99096],[138.25306,34.99242],[138.24731,34.99359],[138.24489,34.99681],[138.24051,35.0002],[138.24001,35.00265],[138.22971,35.00437],[138.22749,35.0071],[138.22438,35.00646],[138.22185,35.00489],[138.21503,35.00377],[138.21691,35.0102],[138.2163,35.014],[138.21524,35.01568],[138.21119,35.01394],[138.21223,35.0125],[138.20899,35.00876],[138.20342,35.00982],[138.20049,35.00912],[138.19848,35.01037],[138.1946,35.0113],[138.19041,35.01511],[138.18876,35.01544]]]}},{"type":"Feature","properties":{"code":"22215","name":"御殿場市","pref":"静岡県","pref_code":"22","cx":138.89441,"cy":35.28802,"bbox":[138.73169,35.2171,138.99319,35.36014]},"geometry":{"type":"Polygon","coordinates":[[[138.73214,35.35912],[138.73739,35.35182],[138.73864,35.34428],[138.74166,35.33972],[138.74612,35.33585],[138.74947,35.331],[138.75171,35.33147],[138.75652,35.32749],[138.75897,35.32433],[138.7617,35.32336],[138.76789,35.31999],[138.77354,35.31529],[138.77296,35.3065],[138.77588,35.30157],[138.78058,35.29844],[138.78247,35.29872],[138.78493,35.29724],[138.78896,35.29239],[138.79357,35.29125],[138.79626,35.29128],[138.79987,35.28595],[138.80037,35.28378],[138.79611,35.27685],[138.79817,35.2732],[138.80464,35.26943],[138.80664,35.26715],[138.81015,35.26598],[138.81234,35.26428],[138.81746,35.26484],[138.82294,35.26366],[138.8279,35.26503],[138.83432,35.26585],[138.83833,35.26733],[138.83975,35.26863],[138.84716,35.27307],[138.85334,35.27574],[138.85743,35.27516],[138.86714,35.2791],[138.86792,35.2823],[138.8747,35.27986],[138.87633,35.27809],[138.87494,35.27656],[138.87429,35.27263],[138.87559,35.27008],[138.87843,35.26786],[138.8817,35.26378],[138.88137,35.26165],[138.88375,35.25714],[138.8846,35.25399],[138.88861,35.25161],[138.8935,35.25131],[138.89783,35.24681],[138.89641,35.23738],[138.89676,35.23459],[138.89878,35.23323],[138.90022,35.23052],[138.90293,35.22948],[138.90515,35.22708],[138.90992,35.22783],[138.91288,35.22565],[138.91524,35.22138],[138.91726,35.21989],[138.92044,35.22171],[138.92524,35.22079],[138.92422,35.2171],[138.92905,35.21959],[138.9295,35.22252],[138.93971,35.226],[138.95284,35.22963],[138.9566,35.23005],[138.95891,35.22898],[138.96403,35.22906],[138.97108,35.23228],[138.97607,35.23555],[138.97874,35.23939],[138.97601,35.24188],[138.9764,35.24432],[138.97446,35.24783],[138.97558,35.25191],[138.97437,35.25616],[138.97561,35.26011],[138.97547,35.26375],[138.97942,35.26841],[138.98153,35.26962],[138.98224,35.27332],[138.98595,35.27828],[138.99319,35.28488],[138.99077,35.28626],[138.98991,35.28977],[138.98408,35.29329],[138.9832,35.29569],[138.97833,35.29818],[138.97528,35.30033],[138.97273,35.30467],[138.96557,35.31091],[138.96435,35.31397],[138.965,35.31565],[138.9647,35.31951],[138.96744,35.32061],[138.97055,35.32431],[138.96953,35.32682],[138.97153,35.32978],[138.96605,35.33008],[138.96315,35.33248],[138.96157,35.33173],[138.95965,35.33373],[138.95203,35.33355],[138.95177,35.33587],[138.94589,35.33554],[138.94508,35.33786],[138.94177,35.33871],[138.93905,35.34054],[138.93792,35.33865],[138.93284,35.33893],[138.93137,35.34124],[138.9286,35.34086],[138.9263,35.34232],[138.92017,35.34372],[138.91498,35.34353],[138.91455,35.34625],[138.91094,35.34686],[138.90464,35.3466],[138.8997,35.34523],[138.89657,35.34657],[138.89197,35.34633],[138.89253,35.34833],[138.89862,35.34889],[138.90181,35.35047],[138.9042,35.35263],[138.90444,35.3546],[138.89987,35.354],[138.89234,35.35493],[138.88834,35.35751],[138.88608,35.35713],[138.8849,35.35508],[138.88565,35.35231],[138.88787,35.35122],[138.88826,35.34809],[138.88624,35.34223],[138.88364,35.33696],[138.88432,35.33299],[138.88091,35.33463],[138.87775,35.33467],[138.87225,35.33756],[138.87173,35.33905],[138.86885,35.34075],[138.86363,35.34617],[138.85913,35.34627],[138.85574,35.34776],[138.84817,35.3488],[138.84468,35.34815],[138.84178,35.3487],[138.83739,35.34779],[138.83254,35.35018],[138.82763,35.35047],[138.82539,35.35192],[138.80086,35.35222],[138.77563,35.35359],[138.73169,35.36014],[138.73214,35.35912]]]}},{"type":"Feature","properties":{"code":"22216","name":"袋井市","pref":"静岡県","pref_code":"22","cx":137.94201,"cy":34.74362,"bbox":[137.85044,34.66536,138.00964,34.82236]},"geometry":{"type":"Polygon","coordinates":[[[137.91193,34.66648],[137.9214,34.6679],[137.93139,34.66761],[137.9335,34.66794],[137.95004,34.66679],[137.95191,34.66705],[137.97017,34.66536],[137.96786,34.66966],[137.96753,34.67301],[137.96525,34.67554],[137.96456,34.67878],[137.96125,34.67933],[137.95783,34.68167],[137.95517,34.68263],[137.95561,34.68444],[137.95252,34.68803],[137.95611,34.69013],[137.96111,34.69],[137.96118,34.69218],[137.96439,34.6921],[137.96466,34.69971],[137.97025,34.70221],[137.97268,34.70485],[137.97792,34.70625],[137.98453,34.70895],[137.98466,34.71071],[137.97994,34.71014],[137.97826,34.71138],[137.98257,34.71481],[137.9834,34.71728],[137.97858,34.71755],[137.97566,34.71599],[137.97664,34.72031],[137.97886,34.72326],[137.98373,34.72395],[137.9863,34.72674],[137.98868,34.72705],[137.99558,34.72991],[137.99948,34.73059],[138.00622,34.73361],[138.00964,34.73724],[138.00659,34.74097],[138.00206,34.74208],[138.00142,34.74473],[137.99855,34.74516],[137.99637,34.74398],[137.99218,34.74674],[137.9889,34.74441],[137.98601,34.74325],[137.98451,34.7451],[137.98109,34.74676],[137.97806,34.74624],[137.97234,34.75026],[137.97249,34.75321],[137.96773,34.75148],[137.96438,34.7545],[137.95867,34.75529],[137.95841,34.75835],[137.96298,34.76422],[137.96215,34.76593],[137.95742,34.76808],[137.95157,34.77284],[137.94963,34.77816],[137.94402,34.78435],[137.94002,34.78643],[137.93752,34.78994],[137.93981,34.79761],[137.94183,34.8001],[137.94304,34.80308],[137.9444,34.81257],[137.94322,34.81512],[137.94121,34.81612],[137.94274,34.81849],[137.941,34.8208],[137.93863,34.82218],[137.93547,34.82052],[137.93498,34.81768],[137.93249,34.81319],[137.93227,34.8109],[137.92987,34.80769],[137.9256,34.80785],[137.92245,34.80209],[137.92209,34.7993],[137.92041,34.79699],[137.91637,34.79702],[137.91302,34.79584],[137.90823,34.79309],[137.90647,34.79418],[137.90682,34.79758],[137.90214,34.79592],[137.90049,34.79267],[137.89664,34.78775],[137.89312,34.78656],[137.89206,34.78761],[137.88885,34.78609],[137.88378,34.78575],[137.88683,34.7882],[137.88535,34.79156],[137.8882,34.79264],[137.88777,34.79413],[137.89073,34.80098],[137.88988,34.80473],[137.89135,34.80846],[137.89086,34.81352],[137.88559,34.81483],[137.87992,34.8133],[137.8743,34.81752],[137.87255,34.82236],[137.86941,34.8173],[137.86275,34.81604],[137.86182,34.8144],[137.85846,34.81375],[137.85445,34.81045],[137.85166,34.81172],[137.85044,34.81002],[137.8513,34.80589],[137.85349,34.80082],[137.85569,34.80144],[137.85589,34.79847],[137.85743,34.79551],[137.85826,34.78968],[137.86007,34.78681],[137.8624,34.78095],[137.86513,34.77843],[137.86937,34.77789],[137.87943,34.77818],[137.88378,34.77469],[137.88654,34.77445],[137.88631,34.77266],[137.88837,34.7698],[137.88793,34.76623],[137.88621,34.76596],[137.8879,34.76031],[137.88751,34.75681],[137.88611,34.75399],[137.88662,34.75023],[137.89054,34.74555],[137.89574,34.74875],[137.89746,34.74728],[137.89787,34.74457],[137.90206,34.73561],[137.90111,34.73311],[137.89869,34.73231],[137.90061,34.72818],[137.89872,34.72721],[137.90324,34.71848],[137.90236,34.71137],[137.89717,34.70573],[137.89765,34.70243],[137.90011,34.70166],[137.89626,34.69813],[137.89432,34.69382],[137.89755,34.69465],[137.89973,34.69352],[137.90101,34.69064],[137.90393,34.69138],[137.90571,34.69033],[137.91047,34.6911],[137.91241,34.68571],[137.91234,34.68344],[137.90805,34.68274],[137.90799,34.67993],[137.90672,34.67708],[137.90818,34.67635],[137.91193,34.66648]]]}},{"type":"Feature","properties":{"code":"22219","name":"下田市","pref":"静岡県","pref_code":"22","cx":138.92945,"cy":34.702,"bbox":[138.84613,34.62925,138.99283,34.77398]},"geometry":{"type":"Polygon","coordinates":[[[138.99283,34.71782],[138.98761,34.71721],[138.98072,34.71748],[138.97803,34.71871],[138.97687,34.72107],[138.97278,34.71997],[138.96526,34.72261],[138.96204,34.72785],[138.96482,34.73168],[138.96378,34.73558],[138.9622,34.73711],[138.95867,34.74288],[138.95893,34.74526],[138.955,34.74702],[138.95185,34.74659],[138.94856,34.74729],[138.94682,34.74957],[138.94637,34.75199],[138.94154,34.75163],[138.94012,34.75231],[138.94226,34.75757],[138.94513,34.76095],[138.94552,34.76457],[138.94469,34.76628],[138.9414,34.76759],[138.9367,34.76686],[138.93331,34.76499],[138.92876,34.76704],[138.92567,34.76638],[138.92326,34.77059],[138.91808,34.77193],[138.9142,34.76984],[138.91177,34.77001],[138.91028,34.77161],[138.90698,34.77233],[138.90431,34.77398],[138.90128,34.77313],[138.89636,34.77382],[138.89713,34.77169],[138.89299,34.76819],[138.89219,34.76408],[138.89343,34.76318],[138.89097,34.7589],[138.89232,34.7567],[138.88814,34.75282],[138.88809,34.75055],[138.88138,34.74764],[138.88218,34.74599],[138.87818,34.74229],[138.87588,34.74093],[138.87227,34.74088],[138.86882,34.74223],[138.86685,34.73984],[138.86329,34.74057],[138.85908,34.73737],[138.85814,34.73577],[138.85788,34.73153],[138.85694,34.729],[138.85438,34.72837],[138.85198,34.72173],[138.84929,34.72087],[138.84613,34.71513],[138.84895,34.7137],[138.84937,34.71182],[138.85235,34.71019],[138.8515,34.70767],[138.85482,34.70654],[138.85629,34.7044],[138.86202,34.70544],[138.86317,34.70457],[138.86985,34.70362],[138.87293,34.70534],[138.87565,34.70456],[138.87823,34.70252],[138.88688,34.70148],[138.89152,34.70005],[138.89152,34.69797],[138.89388,34.69554],[138.89254,34.69347],[138.89597,34.68975],[138.89195,34.68867],[138.88909,34.6856],[138.88369,34.68209],[138.88377,34.68048],[138.88604,34.6782],[138.88529,34.67508],[138.89056,34.67366],[138.89404,34.67427],[138.89637,34.6725],[138.89864,34.67346],[138.90185,34.67194],[138.90325,34.6697],[138.90085,34.6677],[138.8986,34.6617],[138.89927,34.65975],[138.8979,34.65766],[138.89743,34.6545],[138.89469,34.65242],[138.89255,34.65199],[138.89088,34.64982],[138.89337,34.64786],[138.89543,34.64237],[138.89978,34.64238],[138.90269,34.63725],[138.90177,34.63576],[138.90303,34.63314],[138.90217,34.63189],[138.90478,34.62925],[138.90472,34.63101],[138.90867,34.63359],[138.91236,34.63481],[138.91363,34.64058],[138.91614,34.64205],[138.91657,34.64486],[138.91575,34.64793],[138.91834,34.65266],[138.92357,34.65549],[138.92559,34.65775],[138.9303,34.66033],[138.93783,34.66193],[138.93901,34.66423],[138.93617,34.66582],[138.93986,34.66829],[138.94131,34.66809],[138.94438,34.66523],[138.94828,34.66637],[138.94907,34.67332],[138.95296,34.67425],[138.95665,34.67648],[138.96024,34.67597],[138.96045,34.67475],[138.96416,34.67276],[138.96359,34.67051],[138.95924,34.66973],[138.95797,34.66293],[138.95912,34.66071],[138.95599,34.65482],[138.95764,34.65325],[138.95937,34.65502],[138.96417,34.65391],[138.97281,34.65501],[138.97714,34.65346],[138.97953,34.65568],[138.98175,34.659],[138.98465,34.65853],[138.98488,34.66231],[138.9865,34.66716],[138.98403,34.66871],[138.98128,34.6667],[138.97813,34.67033],[138.97788,34.67287],[138.97288,34.67398],[138.97398,34.67699],[138.97698,34.67643],[138.9771,34.67907],[138.98005,34.68115],[138.97735,34.68209],[138.97716,34.68476],[138.97334,34.68761],[138.97337,34.69105],[138.97464,34.69397],[138.97411,34.69527],[138.97691,34.70369],[138.97903,34.70511],[138.97831,34.70657],[138.9798,34.70948],[138.98272,34.70944],[138.98384,34.71262],[138.98826,34.71458],[138.99283,34.71782]]]}},{"type":"Feature","properties":{"code":"22220","name":"裾野市","pref":"静岡県","pref_code":"22","cx":138.84383,"cy":35.24176,"bbox":[138.74947,35.14861,139.00159,35.33147]},"geometry":{"type":"Polygon","coordinates":[[[139.00159,35.18981],[138.99305,35.19881],[138.98774,35.20082],[138.9881,35.20263],[138.98643,35.20556],[138.9881,35.20904],[138.98781,35.21266],[138.98608,35.21363],[138.98228,35.21758],[138.98206,35.21963],[138.98365,35.22168],[138.98061,35.22822],[138.97911,35.22898],[138.97951,35.23322],[138.97607,35.23555],[138.97108,35.23228],[138.96403,35.22906],[138.95891,35.22898],[138.9566,35.23005],[138.95284,35.22963],[138.93971,35.226],[138.9295,35.22252],[138.92905,35.21959],[138.92422,35.2171],[138.92524,35.22079],[138.92044,35.22171],[138.91726,35.21989],[138.91524,35.22138],[138.91288,35.22565],[138.90992,35.22783],[138.90515,35.22708],[138.90293,35.22948],[138.90022,35.23052],[138.89878,35.23323],[138.89676,35.23459],[138.89641,35.23738],[138.89783,35.24681],[138.8935,35.25131],[138.88861,35.25161],[138.8846,35.25399],[138.88375,35.25714],[138.88137,35.26165],[138.8817,35.26378],[138.87843,35.26786],[138.87559,35.27008],[138.87429,35.27263],[138.87494,35.27656],[138.87633,35.27809],[138.8747,35.27986],[138.86792,35.2823],[138.86714,35.2791],[138.85743,35.27516],[138.85334,35.27574],[138.84716,35.27307],[138.83975,35.26863],[138.83833,35.26733],[138.83432,35.26585],[138.8279,35.26503],[138.82294,35.26366],[138.81746,35.26484],[138.81234,35.26428],[138.81015,35.26598],[138.80664,35.26715],[138.80464,35.26943],[138.79817,35.2732],[138.79611,35.27685],[138.80037,35.28378],[138.79987,35.28595],[138.79626,35.29128],[138.79357,35.29125],[138.78896,35.29239],[138.78493,35.29724],[138.78247,35.29872],[138.78058,35.29844],[138.77588,35.30157],[138.77296,35.3065],[138.77354,35.31529],[138.76789,35.31999],[138.7617,35.32336],[138.75897,35.32433],[138.75652,35.32749],[138.75171,35.33147],[138.74947,35.331],[138.75875,35.30771],[138.75865,35.29654],[138.78271,35.25391],[138.78681,35.25288],[138.78939,35.25018],[138.78932,35.24463],[138.79186,35.23889],[138.79395,35.23823],[138.79584,35.23426],[138.79502,35.23212],[138.79567,35.22777],[138.79973,35.22821],[138.80279,35.22728],[138.80615,35.22528],[138.81097,35.22328],[138.81184,35.22114],[138.81823,35.21992],[138.82492,35.21544],[138.82887,35.21405],[138.83142,35.2108],[138.8363,35.2079],[138.85127,35.20254],[138.85469,35.20006],[138.85612,35.19803],[138.85944,35.19639],[138.8631,35.19547],[138.86456,35.19229],[138.86965,35.18574],[138.87116,35.18041],[138.87363,35.17982],[138.88025,35.17588],[138.8809,35.17407],[138.88325,35.17212],[138.88714,35.17051],[138.89029,35.16628],[138.89411,35.16456],[138.89479,35.16225],[138.89785,35.15964],[138.90197,35.15852],[138.89855,35.15412],[138.89881,35.15146],[138.90394,35.15044],[138.90543,35.14861],[138.90597,35.15189],[138.90831,35.15616],[138.91085,35.15705],[138.91302,35.15952],[138.91639,35.16187],[138.91626,35.1643],[138.92012,35.16639],[138.92128,35.16929],[138.92461,35.17133],[138.92952,35.17074],[138.93262,35.17278],[138.93507,35.17305],[138.93913,35.17166],[138.94231,35.17183],[138.94595,35.17103],[138.94916,35.17125],[138.95264,35.17377],[138.95506,35.17406],[138.95802,35.17656],[138.96355,35.17982],[138.96923,35.18023],[138.97403,35.17982],[138.98025,35.18111],[138.98486,35.18117],[138.98833,35.18391],[138.99422,35.18626],[138.9978,35.18877],[139.00159,35.18981]]]}},{"type":"Feature","properties":{"code":"22221","name":"湖西市","pref":"静岡県","pref_code":"22","cx":137.52519,"cy":34.73006,"bbox":[137.47411,34.67355,137.59872,34.78687]},"geometry":{"type":"Polygon","coordinates":[[[137.56591,34.74049],[137.55475,34.74629],[137.55065,34.74907],[137.54815,34.75269],[137.54651,34.75935],[137.54508,34.76164],[137.54487,34.76505],[137.54821,34.7692],[137.54215,34.77338],[137.53387,34.77292],[137.52534,34.76775],[137.52258,34.76964],[137.51663,34.7716],[137.51196,34.77106],[137.50403,34.77674],[137.50213,34.77948],[137.49667,34.78272],[137.49656,34.78391],[137.49294,34.78687],[137.48858,34.78398],[137.48203,34.78228],[137.47893,34.77899],[137.47672,34.77479],[137.47904,34.77133],[137.47676,34.76781],[137.47744,34.75667],[137.47496,34.7552],[137.47529,34.75116],[137.47411,34.74994],[137.4761,34.74634],[137.47803,34.74552],[137.48056,34.74057],[137.47932,34.73995],[137.47954,34.73642],[137.47861,34.7341],[137.48144,34.73095],[137.48027,34.72945],[137.48073,34.72654],[137.48229,34.726],[137.48262,34.71993],[137.48731,34.7171],[137.48966,34.71103],[137.48989,34.70565],[137.49179,34.70246],[137.49004,34.6938],[137.48807,34.68733],[137.48464,34.68381],[137.48591,34.67961],[137.48452,34.67667],[137.48518,34.67355],[137.48943,34.67434],[137.52173,34.67746],[137.57142,34.68021],[137.58208,34.6799],[137.59018,34.67804],[137.59498,34.67756],[137.59777,34.67797],[137.59854,34.6843],[137.59697,34.68664],[137.59872,34.69071],[137.59858,34.69216],[137.59067,34.69484],[137.58756,34.69884],[137.58753,34.7014],[137.57592,34.70807],[137.57306,34.71552],[137.57199,34.71991],[137.57029,34.7233],[137.56956,34.73068],[137.56806,34.73599],[137.56591,34.74049]]]}},{"type":"Feature","properties":{"code":"22222","name":"伊豆市","pref":"静岡県","pref_code":"22","cx":138.91647,"cy":34.92033,"bbox":[138.75428,34.82648,139.06883,35.01502]},"geometry":{"type":"Polygon","coordinates":[[[138.77602,34.93918],[138.77755,34.93338],[138.77782,34.92751],[138.7855,34.91989],[138.78576,34.91633],[138.78678,34.91398],[138.78987,34.9099],[138.78927,34.90639],[138.78601,34.90614],[138.78325,34.90469],[138.78112,34.90095],[138.77744,34.89745],[138.77328,34.89504],[138.76977,34.89674],[138.76608,34.89555],[138.76384,34.89154],[138.76146,34.89001],[138.75661,34.88541],[138.75609,34.88338],[138.75746,34.87851],[138.75803,34.87021],[138.75461,34.86862],[138.75428,34.86651],[138.75786,34.86347],[138.75862,34.86151],[138.7616,34.86104],[138.76396,34.86255],[138.76645,34.86179],[138.76715,34.8586],[138.76822,34.86031],[138.774,34.86118],[138.77884,34.85959],[138.77856,34.86178],[138.77441,34.86682],[138.77899,34.87085],[138.78356,34.87248],[138.78593,34.87141],[138.78979,34.87342],[138.79517,34.87379],[138.79552,34.87507],[138.80694,34.87364],[138.81176,34.87371],[138.81441,34.87608],[138.81777,34.87643],[138.82014,34.87811],[138.8216,34.8809],[138.82431,34.88074],[138.8288,34.8829],[138.83331,34.88221],[138.83498,34.87799],[138.83489,34.87222],[138.83896,34.86898],[138.83975,34.86525],[138.84581,34.86171],[138.85227,34.86058],[138.85591,34.85892],[138.85668,34.85741],[138.86013,34.85587],[138.8624,34.85774],[138.86469,34.85684],[138.86716,34.85393],[138.86955,34.84858],[138.87455,34.84763],[138.87839,34.84944],[138.88049,34.84736],[138.88329,34.84682],[138.88611,34.84764],[138.88817,34.84437],[138.89242,34.84104],[138.89267,34.8351],[138.89828,34.8339],[138.90526,34.83418],[138.90681,34.83207],[138.91311,34.82727],[138.9192,34.82811],[138.92205,34.82648],[138.92739,34.82966],[138.93352,34.83008],[138.93754,34.83237],[138.94405,34.8304],[138.94894,34.83173],[138.95557,34.83469],[138.95817,34.83707],[138.96286,34.83833],[138.96629,34.84174],[138.96311,34.84513],[138.96363,34.84662],[138.96118,34.84986],[138.965,34.85273],[138.96645,34.85168],[138.96946,34.85347],[138.97265,34.85428],[138.97802,34.85769],[138.98076,34.85684],[138.98476,34.8575],[138.98917,34.86007],[138.99461,34.8596],[138.99686,34.86257],[138.99996,34.86332],[139.00471,34.86248],[139.0063,34.86334],[139.00971,34.86158],[139.01702,34.86194],[139.02083,34.86003],[139.02244,34.86293],[139.02571,34.8714],[139.02757,34.87333],[139.03352,34.87735],[139.03232,34.88006],[139.03404,34.88131],[139.03571,34.8869],[139.03892,34.88954],[139.04006,34.89235],[139.04223,34.89449],[139.04405,34.89792],[139.04577,34.89843],[139.05298,34.90524],[139.05391,34.90806],[139.05804,34.90924],[139.05128,34.9157],[139.04755,34.92078],[139.04806,34.92488],[139.04506,34.92657],[139.0434,34.92934],[139.04545,34.93339],[139.04491,34.93995],[139.04598,34.94399],[139.05038,34.94823],[139.05021,34.94953],[139.05509,34.95291],[139.05544,34.9558],[139.05732,34.9577],[139.05659,34.96183],[139.05346,34.9622],[139.05441,34.96653],[139.05288,34.96836],[139.05599,34.96912],[139.05662,34.97046],[139.06,34.97168],[139.06152,34.97318],[139.06402,34.97342],[139.06588,34.97615],[139.06853,34.97817],[139.06789,34.98163],[139.06883,34.98371],[139.06693,34.98532],[139.06244,34.98433],[139.05667,34.98466],[139.05367,34.98277],[139.04434,34.98794],[139.0415,34.99013],[139.03812,34.99066],[139.0376,34.99266],[139.03919,34.99439],[139.03926,34.99722],[139.03825,34.99928],[139.04024,35.00057],[139.04065,35.00515],[139.0439,35.00703],[139.0433,35.00879],[139.04559,35.00979],[139.04722,35.01329],[139.0405,35.01502],[139.03676,35.01483],[139.03388,35.0126],[139.03484,35.01072],[139.03015,35.00811],[139.02845,35.00504],[139.02672,35.00523],[139.02307,35.00384],[139.0194,35.00617],[139.01924,35.01],[139.01632,35.01241],[139.01228,35.01349],[139.00597,35.00975],[138.99969,35.01226],[138.99372,35.01245],[138.99279,35.01087],[138.98856,35.00756],[138.98577,35.00638],[138.98428,35.00352],[138.97738,35.00295],[138.97234,35.00343],[138.9707,35.00273],[138.96317,35.00321],[138.9601,35.0009],[138.95917,34.999],[138.95191,34.99763],[138.9489,34.9956],[138.94672,34.99635],[138.94595,34.99416],[138.9423,34.99217],[138.94146,34.98966],[138.9382,34.98942],[138.9379,34.99128],[138.93517,34.99329],[138.93333,34.99719],[138.93221,34.99736],[138.92822,34.99387],[138.92649,34.99666],[138.92544,35.00085],[138.92271,35.00026],[138.9226,34.99774],[138.91969,34.99474],[138.92318,34.99444],[138.92361,34.99235],[138.91873,34.99109],[138.91589,34.99126],[138.9139,34.99467],[138.90918,34.99727],[138.90828,35.00089],[138.90961,35.00773],[138.90779,35.0079],[138.90247,35.00582],[138.89933,35.00624],[138.89588,35.00238],[138.89004,35.00379],[138.88921,35.00063],[138.88773,35.00046],[138.88426,34.99768],[138.88326,34.99455],[138.87877,34.9921],[138.87609,34.98904],[138.86503,34.98573],[138.86192,34.98371],[138.85744,34.98352],[138.85032,34.97895],[138.84828,34.9757],[138.84356,34.97548],[138.84215,34.97457],[138.83703,34.97344],[138.83633,34.97035],[138.83866,34.96318],[138.83679,34.95981],[138.83926,34.95461],[138.83906,34.95288],[138.83692,34.94966],[138.8384,34.94422],[138.83299,34.94568],[138.82876,34.94599],[138.82861,34.94763],[138.82445,34.94803],[138.82237,34.94918],[138.81857,34.94781],[138.81607,34.94876],[138.81185,34.94516],[138.80523,34.94766],[138.79963,34.9461],[138.7967,34.94359],[138.79129,34.94174],[138.78999,34.94003],[138.78351,34.93897],[138.77602,34.93918]]]}},{"type":"Feature","properties":{"code":"22223","name":"御前崎市","pref":"静岡県","pref_code":"22","cx":138.12569,"cy":34.64796,"bbox":[138.07825,34.59513,138.23415,34.7006]},"geometry":{"type":"MultiPolygon","coordinates":[[[[138.20911,34.62174],[138.21111,34.61952],[138.21327,34.62087],[138.21908,34.61827],[138.22184,34.62247],[138.21876,34.62664],[138.21482,34.62533],[138.20911,34.62174]]],[[[138.07825,34.64233],[138.0859,34.64036],[138.11494,34.63042],[138.13755,34.62194],[138.14582,34.6177],[138.15318,34.61541],[138.1581,34.61454],[138.17944,34.60754],[138.19187,34.60077],[138.20656,34.60029],[138.21577,34.59822],[138.21964,34.59623],[138.22721,34.59513],[138.22956,34.59631],[138.2331,34.59944],[138.23415,34.6021],[138.23388,34.60528],[138.23138,34.6074],[138.2279,34.60739],[138.22657,34.61099],[138.22459,34.61171],[138.22507,34.60719],[138.22188,34.60695],[138.21728,34.60978],[138.21946,34.61113],[138.21982,34.61417],[138.21661,34.61275],[138.20911,34.62097],[138.20688,34.62035],[138.20086,34.62021],[138.20061,34.61872],[138.19549,34.61883],[138.19118,34.61993],[138.19124,34.62176],[138.18839,34.62348],[138.18033,34.62557],[138.17637,34.62344],[138.17117,34.62427],[138.16965,34.62769],[138.17101,34.63325],[138.16796,34.63486],[138.1682,34.63898],[138.16935,34.64102],[138.16857,34.64386],[138.17177,34.64723],[138.17193,34.64869],[138.17518,34.65052],[138.17496,34.65175],[138.17927,34.65434],[138.18078,34.65747],[138.18311,34.65957],[138.1809,34.66253],[138.18323,34.66443],[138.18251,34.66922],[138.17389,34.6715],[138.17042,34.67368],[138.17264,34.67472],[138.17396,34.6788],[138.17332,34.68181],[138.16855,34.68492],[138.16735,34.68722],[138.16327,34.69089],[138.15837,34.6928],[138.15585,34.69297],[138.14556,34.69763],[138.13984,34.69901],[138.1369,34.7006],[138.13467,34.69994],[138.12474,34.69503],[138.12231,34.69222],[138.1225,34.69],[138.11183,34.68408],[138.11143,34.67966],[138.10915,34.67656],[138.11057,34.67416],[138.10848,34.6726],[138.10915,34.67084],[138.10485,34.6701],[138.10373,34.66901],[138.10446,34.66561],[138.10249,34.66366],[138.10339,34.66122],[138.10198,34.65765],[138.09654,34.65941],[138.0862,34.65998],[138.08438,34.66096],[138.08101,34.65724],[138.08008,34.65041],[138.07825,34.64233]]]]}},{"type":"Feature","properties":{"code":"22224","name":"菊川市","pref":"静岡県","pref_code":"22","cx":138.09349,"cy":34.73518,"bbox":[138.04516,34.65765,138.14583,34.81329]},"geometry":{"type":"Polygon","coordinates":[[[138.10073,34.81038],[138.09805,34.80516],[138.09325,34.80349],[138.08932,34.80276],[138.08752,34.79949],[138.08479,34.79768],[138.08512,34.79405],[138.08117,34.78843],[138.07891,34.78785],[138.07857,34.78564],[138.07615,34.78377],[138.0768,34.78137],[138.0713,34.77869],[138.06743,34.77516],[138.06346,34.77459],[138.06217,34.77261],[138.0629,34.76965],[138.05663,34.77009],[138.05371,34.7693],[138.05347,34.76664],[138.05064,34.76497],[138.05136,34.76226],[138.05359,34.76177],[138.05573,34.75885],[138.05482,34.75504],[138.05878,34.7526],[138.061,34.75225],[138.06,34.74747],[138.0619,34.74563],[138.05567,34.7409],[138.04769,34.74209],[138.0487,34.73989],[138.05204,34.73714],[138.05053,34.73623],[138.04516,34.73692],[138.04611,34.7341],[138.05327,34.73142],[138.05362,34.7282],[138.05623,34.72584],[138.0582,34.71901],[138.06431,34.71542],[138.06463,34.71336],[138.06667,34.71192],[138.06798,34.7082],[138.07348,34.70423],[138.07558,34.70495],[138.0781,34.70297],[138.07794,34.70022],[138.07522,34.69958],[138.07256,34.69768],[138.07118,34.69543],[138.06914,34.69686],[138.06682,34.69513],[138.07007,34.69007],[138.06969,34.68915],[138.07197,34.68578],[138.07214,34.68331],[138.07078,34.68058],[138.07312,34.6795],[138.07775,34.68115],[138.07814,34.67772],[138.07985,34.67709],[138.08431,34.67747],[138.08685,34.67285],[138.08461,34.66948],[138.08539,34.66231],[138.08438,34.66096],[138.0862,34.65998],[138.09654,34.65941],[138.10198,34.65765],[138.10339,34.66122],[138.10249,34.66366],[138.10446,34.66561],[138.10373,34.66901],[138.10485,34.6701],[138.10915,34.67084],[138.10848,34.6726],[138.11057,34.67416],[138.10915,34.67656],[138.11143,34.67966],[138.11183,34.68408],[138.1225,34.69],[138.12231,34.69222],[138.12474,34.69503],[138.13467,34.69994],[138.1369,34.7006],[138.13984,34.69901],[138.14556,34.69763],[138.14467,34.70185],[138.14495,34.704],[138.14361,34.70716],[138.14583,34.71285],[138.14528,34.71584],[138.14268,34.71931],[138.14258,34.7211],[138.14,34.72591],[138.14001,34.73259],[138.14111,34.73413],[138.1419,34.7412],[138.13931,34.74525],[138.13523,34.74883],[138.13192,34.7508],[138.13265,34.75861],[138.13478,34.76393],[138.13773,34.76634],[138.14005,34.76597],[138.14223,34.77379],[138.14123,34.78465],[138.13871,34.79352],[138.13649,34.79749],[138.13362,34.80682],[138.13064,34.8067],[138.12981,34.80435],[138.13001,34.80059],[138.12339,34.79316],[138.12147,34.79409],[138.11617,34.79928],[138.11664,34.80102],[138.11528,34.80479],[138.10952,34.81144],[138.10559,34.81329],[138.10443,34.81083],[138.10073,34.81038]]]}},{"type":"Feature","properties":{"code":"22225","name":"伊豆の国市","pref":"静岡県","pref_code":"22","cx":138.97403,"cy":35.03654,"bbox":[138.90268,34.98942,139.05126,35.08272]},"geometry":{"type":"Polygon","coordinates":[[[138.90779,35.0079],[138.90961,35.00773],[138.90828,35.00089],[138.90918,34.99727],[138.9139,34.99467],[138.91589,34.99126],[138.91873,34.99109],[138.92361,34.99235],[138.92318,34.99444],[138.91969,34.99474],[138.9226,34.99774],[138.92271,35.00026],[138.92544,35.00085],[138.92649,34.99666],[138.92822,34.99387],[138.93221,34.99736],[138.93333,34.99719],[138.93517,34.99329],[138.9379,34.99128],[138.9382,34.98942],[138.94146,34.98966],[138.9423,34.99217],[138.94595,34.99416],[138.94672,34.99635],[138.9489,34.9956],[138.95191,34.99763],[138.95917,34.999],[138.9601,35.0009],[138.96317,35.00321],[138.9707,35.00273],[138.97234,35.00343],[138.97738,35.00295],[138.98428,35.00352],[138.98577,35.00638],[138.98856,35.00756],[138.99279,35.01087],[138.99372,35.01245],[138.99969,35.01226],[139.00597,35.00975],[139.01228,35.01349],[139.01632,35.01241],[139.01924,35.01],[139.0194,35.00617],[139.02307,35.00384],[139.02672,35.00523],[139.02845,35.00504],[139.03015,35.00811],[139.03484,35.01072],[139.03388,35.0126],[139.03676,35.01483],[139.0405,35.01502],[139.04722,35.01329],[139.04447,35.01921],[139.04147,35.02149],[139.04746,35.02797],[139.04985,35.02852],[139.05126,35.03037],[139.04298,35.03264],[139.03806,35.03463],[139.03667,35.03785],[139.03778,35.04174],[139.03376,35.04559],[139.03429,35.04904],[139.03246,35.05275],[139.03343,35.05763],[139.03776,35.05815],[139.0402,35.05979],[139.03934,35.06135],[139.03437,35.06691],[139.0317,35.06727],[139.03026,35.07057],[139.03109,35.0742],[139.02859,35.07715],[139.02785,35.08162],[139.02532,35.07973],[139.01941,35.0787],[139.01786,35.07937],[139.00864,35.0785],[139.00407,35.0796],[138.99976,35.08195],[138.99648,35.08129],[138.99269,35.08272],[138.9884,35.08157],[138.98406,35.08161],[138.97869,35.07927],[138.97349,35.08108],[138.96676,35.07907],[138.96232,35.07853],[138.95945,35.07708],[138.94316,35.07125],[138.94466,35.06724],[138.94113,35.06667],[138.94075,35.06875],[138.93724,35.06833],[138.936,35.06134],[138.93277,35.06435],[138.93068,35.0646],[138.92742,35.06347],[138.92576,35.06427],[138.92379,35.06238],[138.91308,35.06244],[138.90906,35.05974],[138.90623,35.05939],[138.90927,35.05432],[138.90793,35.04915],[138.9114,35.0411],[138.91173,35.03731],[138.90993,35.03577],[138.90591,35.0354],[138.90279,35.03194],[138.90771,35.02712],[138.90938,35.02739],[138.9119,35.02555],[138.9103,35.02063],[138.9074,35.01788],[138.90558,35.01737],[138.90268,35.01355],[138.90779,35.0079]]]}},{"type":"Feature","properties":{"code":"22226","name":"牧之原市","pref":"静岡県","pref_code":"22","cx":138.18035,"cy":34.71137,"bbox":[138.13192,34.61872,138.25128,34.80159]},"geometry":{"type":"MultiPolygon","coordinates":[[[[138.21482,34.62533],[138.21056,34.63],[138.20804,34.62845],[138.2082,34.62652],[138.2107,34.62374],[138.20911,34.62174],[138.21482,34.62533]]],[[[138.13871,34.79352],[138.14123,34.78465],[138.14223,34.77379],[138.14005,34.76597],[138.13773,34.76634],[138.13478,34.76393],[138.13265,34.75861],[138.13192,34.7508],[138.13523,34.74883],[138.13931,34.74525],[138.1419,34.7412],[138.14111,34.73413],[138.14001,34.73259],[138.14,34.72591],[138.14258,34.7211],[138.14268,34.71931],[138.14528,34.71584],[138.14583,34.71285],[138.14361,34.70716],[138.14495,34.704],[138.14467,34.70185],[138.14556,34.69763],[138.15585,34.69297],[138.15837,34.6928],[138.16327,34.69089],[138.16735,34.68722],[138.16855,34.68492],[138.17332,34.68181],[138.17396,34.6788],[138.17264,34.67472],[138.17042,34.67368],[138.17389,34.6715],[138.18251,34.66922],[138.18323,34.66443],[138.1809,34.66253],[138.18311,34.65957],[138.18078,34.65747],[138.17927,34.65434],[138.17496,34.65175],[138.17518,34.65052],[138.17193,34.64869],[138.17177,34.64723],[138.16857,34.64386],[138.16935,34.64102],[138.1682,34.63898],[138.16796,34.63486],[138.17101,34.63325],[138.16965,34.62769],[138.17117,34.62427],[138.17637,34.62344],[138.18033,34.62557],[138.18839,34.62348],[138.19124,34.62176],[138.19118,34.61993],[138.19549,34.61883],[138.20061,34.61872],[138.20086,34.62021],[138.20688,34.62035],[138.20201,34.62771],[138.19896,34.63114],[138.20221,34.63253],[138.20092,34.63414],[138.19752,34.63267],[138.19589,34.63481],[138.19419,34.63909],[138.1931,34.64456],[138.19375,34.65427],[138.1954,34.66465],[138.19913,34.67307],[138.20206,34.678],[138.2087,34.68729],[138.20733,34.68866],[138.21149,34.69399],[138.21396,34.6991],[138.21337,34.70342],[138.21464,34.7099],[138.21751,34.71508],[138.22363,34.7224],[138.22908,34.72706],[138.23311,34.7316],[138.24571,34.74073],[138.24152,34.74548],[138.24421,34.75219],[138.24724,34.75505],[138.25128,34.75767],[138.25046,34.76072],[138.24619,34.75809],[138.24346,34.75966],[138.24142,34.76336],[138.23723,34.76878],[138.2385,34.76943],[138.23619,34.77223],[138.23687,34.77512],[138.23563,34.77676],[138.23073,34.77831],[138.22362,34.78663],[138.2198,34.78677],[138.21392,34.78808],[138.20438,34.79278],[138.19803,34.79379],[138.19263,34.79666],[138.1895,34.79695],[138.18376,34.79851],[138.18057,34.79803],[138.17955,34.7967],[138.1722,34.79972],[138.16688,34.8008],[138.16168,34.80078],[138.15867,34.80159],[138.15634,34.79879],[138.15452,34.79843],[138.15053,34.79468],[138.14633,34.79181],[138.14463,34.7938],[138.14212,34.79281],[138.13871,34.79352]]]]}},{"type":"Feature","properties":{"code":"22301","name":"賀茂郡東伊豆町","pref":"静岡県","pref_code":"22","cx":139.02978,"cy":34.82382,"bbox":[138.96118,34.76422,139.08265,34.88351]},"geometry":{"type":"Polygon","coordinates":[[[139.03458,34.88351],[139.03404,34.88131],[139.03232,34.88006],[139.03352,34.87735],[139.02757,34.87333],[139.02571,34.8714],[139.02244,34.86293],[139.02083,34.86003],[139.01702,34.86194],[139.00971,34.86158],[139.0063,34.86334],[139.00471,34.86248],[138.99996,34.86332],[138.99686,34.86257],[138.99461,34.8596],[138.98917,34.86007],[138.98476,34.8575],[138.98076,34.85684],[138.97802,34.85769],[138.97265,34.85428],[138.96946,34.85347],[138.96645,34.85168],[138.965,34.85273],[138.96118,34.84986],[138.96363,34.84662],[138.96311,34.84513],[138.97054,34.83748],[138.97541,34.8358],[138.97455,34.83332],[138.97603,34.83126],[138.97519,34.82981],[138.97626,34.82704],[138.98064,34.82365],[138.98205,34.82101],[138.98478,34.81932],[138.98496,34.81755],[138.98708,34.81572],[138.98704,34.81404],[138.99069,34.80909],[138.99436,34.80727],[138.99514,34.80494],[139.00026,34.80282],[139.00364,34.79825],[139.004,34.79612],[139.00762,34.79566],[139.00987,34.79324],[139.0111,34.79006],[139.01277,34.78931],[139.01272,34.78604],[139.01367,34.78286],[139.01567,34.78108],[139.0163,34.77856],[139.0143,34.77438],[139.01793,34.77019],[139.02243,34.76856],[139.02576,34.76422],[139.02735,34.767],[139.03036,34.76801],[139.03712,34.76571],[139.04372,34.76695],[139.04596,34.76671],[139.04851,34.76867],[139.04803,34.77087],[139.04574,34.77207],[139.04223,34.77144],[139.04172,34.77382],[139.05158,34.7806],[139.05367,34.78073],[139.05417,34.78304],[139.05809,34.78548],[139.0614,34.79033],[139.06231,34.79508],[139.06209,34.80094],[139.0638,34.80265],[139.06532,34.8063],[139.0708,34.8119],[139.07204,34.81518],[139.0763,34.81888],[139.07644,34.82153],[139.07935,34.82399],[139.07867,34.82638],[139.07579,34.82887],[139.07576,34.83234],[139.07785,34.83749],[139.07689,34.84158],[139.08165,34.84771],[139.08265,34.85269],[139.07354,34.85174],[139.06804,34.85587],[139.06607,34.85968],[139.06286,34.86079],[139.06187,34.86508],[139.0559,34.86655],[139.05531,34.8703],[139.0519,34.87236],[139.04889,34.87266],[139.04649,34.87443],[139.04362,34.87489],[139.04198,34.87824],[139.03458,34.88351]]]}},{"type":"Feature","properties":{"code":"22302","name":"賀茂郡河津町","pref":"静岡県","pref_code":"22","cx":138.94766,"cy":34.77974,"bbox":[138.8757,34.71721,139.02576,34.84174]},"geometry":{"type":"Polygon","coordinates":[[[138.99283,34.71782],[138.99054,34.72043],[138.9916,34.72615],[138.99372,34.72899],[138.99758,34.72858],[138.99715,34.73227],[139.00043,34.73604],[139.00039,34.73823],[138.99759,34.74205],[138.9995,34.74523],[139.00193,34.74669],[139.00457,34.75141],[139.00935,34.75333],[139.01098,34.75189],[139.01399,34.75185],[139.01607,34.75416],[139.02008,34.754],[139.02302,34.75734],[139.02306,34.76218],[139.02576,34.76422],[139.02243,34.76856],[139.01793,34.77019],[139.0143,34.77438],[139.0163,34.77856],[139.01567,34.78108],[139.01367,34.78286],[139.01272,34.78604],[139.01277,34.78931],[139.0111,34.79006],[139.00987,34.79324],[139.00762,34.79566],[139.004,34.79612],[139.00364,34.79825],[139.00026,34.80282],[138.99514,34.80494],[138.99436,34.80727],[138.99069,34.80909],[138.98704,34.81404],[138.98708,34.81572],[138.98496,34.81755],[138.98478,34.81932],[138.98205,34.82101],[138.98064,34.82365],[138.97626,34.82704],[138.97519,34.82981],[138.97603,34.83126],[138.97455,34.83332],[138.97541,34.8358],[138.97054,34.83748],[138.96629,34.84174],[138.96286,34.83833],[138.95817,34.83707],[138.95557,34.83469],[138.94894,34.83173],[138.94405,34.8304],[138.93754,34.83237],[138.93352,34.83008],[138.92739,34.82966],[138.92205,34.82648],[138.9192,34.82811],[138.91311,34.82727],[138.90681,34.83207],[138.90526,34.83418],[138.89828,34.8339],[138.89267,34.8351],[138.88969,34.83422],[138.88787,34.83119],[138.88381,34.82898],[138.88505,34.82551],[138.88355,34.8231],[138.8847,34.82001],[138.88362,34.81872],[138.88406,34.81547],[138.88192,34.81363],[138.88098,34.81027],[138.88155,34.80693],[138.88335,34.80599],[138.88272,34.80296],[138.88112,34.80033],[138.88243,34.79891],[138.88274,34.79549],[138.87766,34.79244],[138.8764,34.78874],[138.87695,34.78632],[138.8757,34.78367],[138.87629,34.78187],[138.87871,34.78091],[138.88014,34.77817],[138.88506,34.77571],[138.89023,34.77799],[138.89218,34.77577],[138.89636,34.77382],[138.90128,34.77313],[138.90431,34.77398],[138.90698,34.77233],[138.91028,34.77161],[138.91177,34.77001],[138.9142,34.76984],[138.91808,34.77193],[138.92326,34.77059],[138.92567,34.76638],[138.92876,34.76704],[138.93331,34.76499],[138.9367,34.76686],[138.9414,34.76759],[138.94469,34.76628],[138.94552,34.76457],[138.94513,34.76095],[138.94226,34.75757],[138.94012,34.75231],[138.94154,34.75163],[138.94637,34.75199],[138.94682,34.74957],[138.94856,34.74729],[138.95185,34.74659],[138.955,34.74702],[138.95893,34.74526],[138.95867,34.74288],[138.9622,34.73711],[138.96378,34.73558],[138.96482,34.73168],[138.96204,34.72785],[138.96526,34.72261],[138.97278,34.71997],[138.97687,34.72107],[138.97803,34.71871],[138.98072,34.71748],[138.98761,34.71721],[138.99283,34.71782]]]}},{"type":"Feature","properties":{"code":"22304","name":"賀茂郡南伊豆町","pref":"静岡県","pref_code":"22","cx":138.83936,"cy":34.65827,"bbox":[138.73941,34.60087,138.90478,34.71626]},"geometry":{"type":"Polygon","coordinates":[[[138.8515,34.70767],[138.84471,34.70894],[138.83896,34.70743],[138.83828,34.7058],[138.83528,34.70631],[138.83231,34.70445],[138.82903,34.70473],[138.82415,34.70369],[138.8234,34.70433],[138.81656,34.70426],[138.81318,34.70186],[138.81035,34.7019],[138.80923,34.70324],[138.80634,34.70289],[138.79975,34.70528],[138.79769,34.70702],[138.79478,34.70628],[138.79377,34.70901],[138.79467,34.71082],[138.79151,34.715],[138.78533,34.71434],[138.78182,34.71258],[138.77961,34.7126],[138.77724,34.71626],[138.77369,34.71594],[138.77362,34.71418],[138.77141,34.71199],[138.76756,34.70989],[138.76425,34.70889],[138.7625,34.70965],[138.76074,34.70739],[138.75768,34.70663],[138.75206,34.707],[138.75037,34.70529],[138.74173,34.70165],[138.7407,34.70031],[138.74193,34.6957],[138.74348,34.69345],[138.73941,34.69113],[138.74226,34.68773],[138.74566,34.68795],[138.74731,34.68928],[138.75229,34.69031],[138.75598,34.69174],[138.76617,34.68587],[138.76739,34.68406],[138.76666,34.6819],[138.7697,34.68164],[138.77211,34.67912],[138.77735,34.67561],[138.77814,34.67299],[138.7769,34.66909],[138.78082,34.6663],[138.78555,34.6694],[138.78967,34.66952],[138.78991,34.66596],[138.79154,34.66218],[138.78707,34.66054],[138.78384,34.66107],[138.78034,34.65888],[138.78062,34.65683],[138.77892,34.65472],[138.77499,34.65441],[138.77292,34.64996],[138.77147,34.64888],[138.7739,34.64557],[138.77599,34.64118],[138.7822,34.63859],[138.7857,34.63879],[138.78755,34.6401],[138.79004,34.63697],[138.79391,34.63435],[138.79428,34.62789],[138.79302,34.62356],[138.798,34.62258],[138.79897,34.62385],[138.80829,34.62828],[138.80946,34.62572],[138.81363,34.6229],[138.81492,34.61823],[138.81391,34.61646],[138.81546,34.6149],[138.81802,34.61526],[138.81989,34.61314],[138.82363,34.61608],[138.82599,34.6079],[138.82545,34.60622],[138.83022,34.6063],[138.83565,34.60433],[138.84014,34.60376],[138.84339,34.60087],[138.84571,34.60471],[138.84866,34.60505],[138.84758,34.60715],[138.8497,34.60938],[138.84851,34.61252],[138.84958,34.6134],[138.85369,34.61178],[138.85951,34.61571],[138.86333,34.61609],[138.86505,34.61942],[138.86783,34.61961],[138.86994,34.61804],[138.87223,34.61803],[138.87429,34.62044],[138.87413,34.62231],[138.87868,34.6246],[138.88379,34.62433],[138.88578,34.62321],[138.89141,34.62756],[138.88798,34.6301],[138.88912,34.63326],[138.8925,34.63514],[138.90016,34.63243],[138.90478,34.62925],[138.90217,34.63189],[138.90303,34.63314],[138.90177,34.63576],[138.90269,34.63725],[138.89978,34.64238],[138.89543,34.64237],[138.89337,34.64786],[138.89088,34.64982],[138.89255,34.65199],[138.89469,34.65242],[138.89743,34.6545],[138.8979,34.65766],[138.89927,34.65975],[138.8986,34.6617],[138.90085,34.6677],[138.90325,34.6697],[138.90185,34.67194],[138.89864,34.67346],[138.89637,34.6725],[138.89404,34.67427],[138.89056,34.67366],[138.88529,34.67508],[138.88604,34.6782],[138.88377,34.68048],[138.88369,34.68209],[138.88909,34.6856],[138.89195,34.68867],[138.89597,34.68975],[138.89254,34.69347],[138.89388,34.69554],[138.89152,34.69797],[138.89152,34.70005],[138.88688,34.70148],[138.87823,34.70252],[138.87565,34.70456],[138.87293,34.70534],[138.86985,34.70362],[138.86317,34.70457],[138.86202,34.70544],[138.85629,34.7044],[138.85482,34.70654],[138.8515,34.70767]]]}},{"type":"Feature","properties":{"code":"22305","name":"賀茂郡松崎町","pref":"静岡県","pref_code":"22","cx":138.8258,"cy":34.75082,"bbox":[138.73925,34.70031,138.89713,34.80115]},"geometry":{"type":"Polygon","coordinates":[[[138.89636,34.77382],[138.89218,34.77577],[138.89023,34.77799],[138.88506,34.77571],[138.88014,34.77817],[138.87871,34.78091],[138.87629,34.78187],[138.8757,34.78367],[138.87695,34.78632],[138.8764,34.78874],[138.86558,34.78846],[138.86393,34.78731],[138.86023,34.78714],[138.85508,34.78553],[138.85084,34.78316],[138.8487,34.78368],[138.85001,34.78746],[138.85292,34.79163],[138.85229,34.79549],[138.84987,34.80056],[138.84496,34.80033],[138.84175,34.80115],[138.83581,34.79991],[138.83559,34.79829],[138.83852,34.79703],[138.83897,34.79369],[138.84135,34.79139],[138.83985,34.7887],[138.83736,34.79109],[138.83356,34.79355],[138.82402,34.78438],[138.82034,34.78222],[138.81725,34.78168],[138.81772,34.77986],[138.8135,34.77938],[138.80883,34.77624],[138.80709,34.77368],[138.80411,34.77169],[138.79886,34.77029],[138.79657,34.76826],[138.78473,34.76388],[138.77734,34.76394],[138.77566,34.76257],[138.77694,34.75993],[138.77575,34.75447],[138.77148,34.75318],[138.76877,34.75169],[138.76403,34.7511],[138.76067,34.74938],[138.75893,34.74612],[138.75656,34.74742],[138.75493,34.74521],[138.76067,34.74226],[138.76162,34.73928],[138.75794,34.73769],[138.75635,34.73328],[138.75389,34.73312],[138.75161,34.73559],[138.74987,34.73386],[138.74687,34.73287],[138.7471,34.7291],[138.74496,34.72679],[138.74013,34.72708],[138.73925,34.72468],[138.74192,34.7242],[138.74284,34.72196],[138.74213,34.71937],[138.74316,34.71765],[138.73988,34.70501],[138.7417,34.70298],[138.7407,34.70031],[138.74173,34.70165],[138.75037,34.70529],[138.75206,34.707],[138.75768,34.70663],[138.76074,34.70739],[138.7625,34.70965],[138.76425,34.70889],[138.76756,34.70989],[138.77141,34.71199],[138.77362,34.71418],[138.77369,34.71594],[138.77724,34.71626],[138.77961,34.7126],[138.78182,34.71258],[138.78533,34.71434],[138.79151,34.715],[138.79467,34.71082],[138.79377,34.70901],[138.79478,34.70628],[138.79769,34.70702],[138.79975,34.70528],[138.80634,34.70289],[138.80923,34.70324],[138.81035,34.7019],[138.81318,34.70186],[138.81656,34.70426],[138.8234,34.70433],[138.82415,34.70369],[138.82903,34.70473],[138.83231,34.70445],[138.83528,34.70631],[138.83828,34.7058],[138.83896,34.70743],[138.84471,34.70894],[138.8515,34.70767],[138.85235,34.71019],[138.84937,34.71182],[138.84895,34.7137],[138.84613,34.71513],[138.84929,34.72087],[138.85198,34.72173],[138.85438,34.72837],[138.85694,34.729],[138.85788,34.73153],[138.85814,34.73577],[138.85908,34.73737],[138.86329,34.74057],[138.86685,34.73984],[138.86882,34.74223],[138.87227,34.74088],[138.87588,34.74093],[138.87818,34.74229],[138.88218,34.74599],[138.88138,34.74764],[138.88809,34.75055],[138.88814,34.75282],[138.89232,34.7567],[138.89097,34.7589],[138.89343,34.76318],[138.89219,34.76408],[138.89299,34.76819],[138.89713,34.77169],[138.89636,34.77382]]]}},{"type":"Feature","properties":{"code":"22306","name":"賀茂郡西伊豆町","pref":"静岡県","pref_code":"22","cx":138.81785,"cy":34.8219,"bbox":[138.75116,34.76257,138.89267,34.8829]},"geometry":{"type":"Polygon","coordinates":[[[138.76715,34.8586],[138.77409,34.85722],[138.77559,34.85531],[138.77507,34.85024],[138.7724,34.84715],[138.7665,34.84647],[138.76629,34.84418],[138.76016,34.84225],[138.76114,34.83794],[138.76343,34.83185],[138.76726,34.83063],[138.76635,34.82369],[138.76011,34.8292],[138.75894,34.82709],[138.75455,34.82573],[138.75276,34.82425],[138.75116,34.8207],[138.75221,34.81688],[138.75611,34.81165],[138.75803,34.81138],[138.76203,34.81315],[138.7649,34.81104],[138.76551,34.80745],[138.76125,34.80588],[138.7627,34.80259],[138.76121,34.80169],[138.75716,34.80194],[138.7546,34.80308],[138.75254,34.8004],[138.75441,34.79854],[138.75642,34.79864],[138.75778,34.79663],[138.75698,34.79304],[138.76038,34.79087],[138.76219,34.78835],[138.76271,34.78539],[138.765,34.78526],[138.76514,34.78201],[138.76766,34.78098],[138.76813,34.77846],[138.76547,34.77737],[138.76756,34.77453],[138.77079,34.77407],[138.76793,34.7718],[138.76315,34.77058],[138.76556,34.76928],[138.77264,34.76946],[138.77559,34.76615],[138.77566,34.76257],[138.77734,34.76394],[138.78473,34.76388],[138.79657,34.76826],[138.79886,34.77029],[138.80411,34.77169],[138.80709,34.77368],[138.80883,34.77624],[138.8135,34.77938],[138.81772,34.77986],[138.81725,34.78168],[138.82034,34.78222],[138.82402,34.78438],[138.83356,34.79355],[138.83736,34.79109],[138.83985,34.7887],[138.84135,34.79139],[138.83897,34.79369],[138.83852,34.79703],[138.83559,34.79829],[138.83581,34.79991],[138.84175,34.80115],[138.84496,34.80033],[138.84987,34.80056],[138.85229,34.79549],[138.85292,34.79163],[138.85001,34.78746],[138.8487,34.78368],[138.85084,34.78316],[138.85508,34.78553],[138.86023,34.78714],[138.86393,34.78731],[138.86558,34.78846],[138.8764,34.78874],[138.87766,34.79244],[138.88274,34.79549],[138.88243,34.79891],[138.88112,34.80033],[138.88272,34.80296],[138.88335,34.80599],[138.88155,34.80693],[138.88098,34.81027],[138.88192,34.81363],[138.88406,34.81547],[138.88362,34.81872],[138.8847,34.82001],[138.88355,34.8231],[138.88505,34.82551],[138.88381,34.82898],[138.88787,34.83119],[138.88969,34.83422],[138.89267,34.8351],[138.89242,34.84104],[138.88817,34.84437],[138.88611,34.84764],[138.88329,34.84682],[138.88049,34.84736],[138.87839,34.84944],[138.87455,34.84763],[138.86955,34.84858],[138.86716,34.85393],[138.86469,34.85684],[138.8624,34.85774],[138.86013,34.85587],[138.85668,34.85741],[138.85591,34.85892],[138.85227,34.86058],[138.84581,34.86171],[138.83975,34.86525],[138.83896,34.86898],[138.83489,34.87222],[138.83498,34.87799],[138.83331,34.88221],[138.8288,34.8829],[138.82431,34.88074],[138.8216,34.8809],[138.82014,34.87811],[138.81777,34.87643],[138.81441,34.87608],[138.81176,34.87371],[138.80694,34.87364],[138.79552,34.87507],[138.79517,34.87379],[138.78979,34.87342],[138.78593,34.87141],[138.78356,34.87248],[138.77899,34.87085],[138.77441,34.86682],[138.77856,34.86178],[138.77884,34.85959],[138.774,34.86118],[138.76822,34.86031],[138.76715,34.8586]]]}},{"type":"Feature","properties":{"code":"22325","name":"田方郡函南町","pref":"静岡県","pref_code":"22","cx":139.00552,"cy":35.12274,"bbox":[138.91308,35.06134,139.04478,35.18237]},"geometry":{"type":"Polygon","coordinates":[[[138.91308,35.06244],[138.92379,35.06238],[138.92576,35.06427],[138.92742,35.06347],[138.93068,35.0646],[138.93277,35.06435],[138.936,35.06134],[138.93724,35.06833],[138.94075,35.06875],[138.94113,35.06667],[138.94466,35.06724],[138.94316,35.07125],[138.95945,35.07708],[138.96232,35.07853],[138.96676,35.07907],[138.97349,35.08108],[138.97869,35.07927],[138.98406,35.08161],[138.9884,35.08157],[138.99269,35.08272],[138.99648,35.08129],[138.99976,35.08195],[139.00407,35.0796],[139.00864,35.0785],[139.01786,35.07937],[139.01941,35.0787],[139.02532,35.07973],[139.02785,35.08162],[139.03323,35.08398],[139.0342,35.08514],[139.03144,35.08731],[139.03126,35.0895],[139.03224,35.09361],[139.03511,35.09752],[139.03415,35.09988],[139.03688,35.10311],[139.03613,35.1051],[139.03639,35.10938],[139.03531,35.11035],[139.0361,35.11436],[139.03425,35.11721],[139.03603,35.11861],[139.0394,35.11866],[139.04074,35.12099],[139.04478,35.12372],[139.04111,35.1281],[139.04234,35.13165],[139.03855,35.13704],[139.03492,35.13799],[139.03297,35.14261],[139.03395,35.14482],[139.03028,35.14781],[139.03043,35.14975],[139.02843,35.15072],[139.02841,35.15487],[139.03088,35.15634],[139.03053,35.15875],[139.02637,35.16055],[139.02945,35.16478],[139.02779,35.16702],[139.02912,35.1703],[139.02614,35.17326],[139.02641,35.17562],[139.02166,35.17952],[139.02163,35.18191],[139.01383,35.18237],[139.01305,35.17865],[139.00922,35.17571],[139.00742,35.17256],[139.00331,35.16879],[139.00199,35.16537],[139.00133,35.16134],[139.00331,35.16104],[139.00128,35.15755],[138.9989,35.15564],[138.99726,35.15172],[138.99374,35.15265],[138.99195,35.15103],[138.99003,35.14621],[138.99029,35.14307],[138.98413,35.14081],[138.98184,35.13903],[138.98138,35.13723],[138.97869,35.13718],[138.97424,35.13277],[138.9729,35.12851],[138.96682,35.12175],[138.96181,35.11821],[138.96117,35.11585],[138.9564,35.11289],[138.95376,35.10966],[138.95297,35.10571],[138.95017,35.1036],[138.95072,35.10136],[138.9497,35.09711],[138.9477,35.09515],[138.94811,35.09353],[138.94542,35.08983],[138.9382,35.09132],[138.93539,35.09144],[138.9351,35.08835],[138.92757,35.07981],[138.92497,35.07922],[138.92327,35.07554],[138.92412,35.07382],[138.92213,35.07113],[138.91916,35.07079],[138.91634,35.06947],[138.91398,35.06533],[138.91308,35.06244]]]}},{"type":"Feature","properties":{"code":"22341","name":"駿東郡清水町","pref":"静岡県","pref_code":"22","cx":138.89893,"cy":35.0987,"bbox":[138.88393,35.07678,138.91461,35.11994]},"geometry":{"type":"Polygon","coordinates":[[[138.90736,35.08324],[138.9061,35.08577],[138.90956,35.08699],[138.90995,35.0883],[138.91341,35.09172],[138.91461,35.0963],[138.91318,35.09804],[138.91434,35.09936],[138.91248,35.10146],[138.91238,35.10473],[138.90999,35.10477],[138.90967,35.10733],[138.90709,35.10983],[138.9072,35.11201],[138.90513,35.11441],[138.90523,35.11994],[138.90254,35.1198],[138.90028,35.11607],[138.89561,35.11616],[138.89272,35.11803],[138.88768,35.11544],[138.88839,35.11286],[138.8903,35.11258],[138.89016,35.11009],[138.88707,35.10821],[138.88867,35.10531],[138.88856,35.10227],[138.88676,35.10045],[138.88429,35.10019],[138.88393,35.0975],[138.88524,35.09529],[138.88558,35.09204],[138.88726,35.08851],[138.88899,35.08771],[138.88756,35.08354],[138.88875,35.07893],[138.89074,35.07702],[138.89411,35.07678],[138.90046,35.07789],[138.90218,35.07997],[138.907,35.08175],[138.90736,35.08324]]]}},{"type":"Feature","properties":{"code":"22342","name":"駿東郡長泉町","pref":"静岡県","pref_code":"22","cx":138.87505,"cy":35.16664,"bbox":[138.81166,35.11286,138.91152,35.22114]},"geometry":{"type":"Polygon","coordinates":[[[138.88839,35.11286],[138.88768,35.11544],[138.89272,35.11803],[138.89561,35.11616],[138.90028,35.11607],[138.90254,35.1198],[138.90523,35.11994],[138.9072,35.12669],[138.90962,35.12753],[138.91152,35.12985],[138.91142,35.13214],[138.90986,35.13526],[138.90823,35.14083],[138.9089,35.14251],[138.90729,35.14424],[138.90697,35.14758],[138.90543,35.14861],[138.90394,35.15044],[138.89881,35.15146],[138.89855,35.15412],[138.90197,35.15852],[138.89785,35.15964],[138.89479,35.16225],[138.89411,35.16456],[138.89029,35.16628],[138.88714,35.17051],[138.88325,35.17212],[138.8809,35.17407],[138.88025,35.17588],[138.87363,35.17982],[138.87116,35.18041],[138.86965,35.18574],[138.86456,35.19229],[138.8631,35.19547],[138.85944,35.19639],[138.85612,35.19803],[138.85469,35.20006],[138.85127,35.20254],[138.8363,35.2079],[138.83142,35.2108],[138.82887,35.21405],[138.82492,35.21544],[138.81823,35.21992],[138.81184,35.22114],[138.81166,35.21924],[138.81393,35.21802],[138.81441,35.21612],[138.81816,35.2111],[138.82304,35.20881],[138.82398,35.20536],[138.8271,35.20325],[138.83153,35.20134],[138.83188,35.19948],[138.83518,35.19215],[138.83731,35.18935],[138.83875,35.18423],[138.84339,35.17934],[138.84601,35.17864],[138.84831,35.17622],[138.85107,35.17521],[138.85403,35.17198],[138.86004,35.16701],[138.86047,35.16296],[138.86274,35.1599],[138.8626,35.15625],[138.86536,35.15221],[138.86825,35.15013],[138.86854,35.14882],[138.87484,35.14238],[138.87852,35.1438],[138.88214,35.14203],[138.88705,35.1356],[138.89134,35.13501],[138.89278,35.12933],[138.88718,35.12722],[138.88627,35.11526],[138.88839,35.11286]]]}},{"type":"Feature","properties":{"code":"22344","name":"駿東郡小山町","pref":"静岡県","pref_code":"22","cx":138.96263,"cy":35.34456,"bbox":[138.73078,35.28488,139.01901,35.40518]},"geometry":{"type":"Polygon","coordinates":[[[138.73169,35.36014],[138.77563,35.35359],[138.80086,35.35222],[138.82539,35.35192],[138.82763,35.35047],[138.83254,35.35018],[138.83739,35.34779],[138.84178,35.3487],[138.84468,35.34815],[138.84817,35.3488],[138.85574,35.34776],[138.85913,35.34627],[138.86363,35.34617],[138.86885,35.34075],[138.87173,35.33905],[138.87225,35.33756],[138.87775,35.33467],[138.88091,35.33463],[138.88432,35.33299],[138.88364,35.33696],[138.88624,35.34223],[138.88826,35.34809],[138.88787,35.35122],[138.88565,35.35231],[138.8849,35.35508],[138.88608,35.35713],[138.88834,35.35751],[138.89234,35.35493],[138.89987,35.354],[138.90444,35.3546],[138.9042,35.35263],[138.90181,35.35047],[138.89862,35.34889],[138.89253,35.34833],[138.89197,35.34633],[138.89657,35.34657],[138.8997,35.34523],[138.90464,35.3466],[138.91094,35.34686],[138.91455,35.34625],[138.91498,35.34353],[138.92017,35.34372],[138.9263,35.34232],[138.9286,35.34086],[138.93137,35.34124],[138.93284,35.33893],[138.93792,35.33865],[138.93905,35.34054],[138.94177,35.33871],[138.94508,35.33786],[138.94589,35.33554],[138.95177,35.33587],[138.95203,35.33355],[138.95965,35.33373],[138.96157,35.33173],[138.96315,35.33248],[138.96605,35.33008],[138.97153,35.32978],[138.96953,35.32682],[138.97055,35.32431],[138.96744,35.32061],[138.9647,35.31951],[138.965,35.31565],[138.96435,35.31397],[138.96557,35.31091],[138.97273,35.30467],[138.97528,35.30033],[138.97833,35.29818],[138.9832,35.29569],[138.98408,35.29329],[138.98991,35.28977],[138.99077,35.28626],[138.99319,35.28488],[138.99721,35.2887],[139.00006,35.28962],[139.00304,35.28941],[139.00498,35.29064],[139.00446,35.29262],[139.00666,35.29557],[139.00604,35.29799],[139.0107,35.3106],[139.00963,35.31365],[139.01296,35.31778],[139.01277,35.31974],[139.01525,35.32079],[139.0168,35.32318],[139.01901,35.32931],[139.01646,35.33269],[139.01248,35.33594],[139.01082,35.33816],[139.01,35.34173],[139.01092,35.34388],[139.00862,35.34709],[139.00811,35.3503],[139.00952,35.35314],[139.01181,35.35543],[139.01229,35.35809],[139.00888,35.35902],[139.00684,35.36139],[139.00746,35.36454],[139.00663,35.36574],[139.00527,35.37404],[139.00592,35.37538],[138.9993,35.38209],[138.99862,35.38404],[139.00096,35.39191],[139.00089,35.39572],[139.0018,35.39894],[139.00003,35.40155],[138.99818,35.40257],[138.9936,35.40347],[138.9899,35.4032],[138.98407,35.40177],[138.98229,35.40391],[138.98006,35.40465],[138.97182,35.40518],[138.96946,35.4049],[138.96641,35.4019],[138.96254,35.40141],[138.95957,35.40229],[138.957,35.40139],[138.95148,35.40173],[138.94804,35.40127],[138.94573,35.39972],[138.93773,35.39915],[138.93132,35.40111],[138.9258,35.40027],[138.92323,35.40122],[138.91355,35.39991],[138.91094,35.39774],[138.90287,35.39633],[138.89833,35.39183],[138.89265,35.39037],[138.88889,35.38779],[138.88794,35.38635],[138.88258,35.38574],[138.87929,35.38595],[138.87346,35.38171],[138.87092,35.38298],[138.86283,35.39015],[138.85634,35.388],[138.85083,35.39046],[138.84661,35.38876],[138.84374,35.3866],[138.83398,35.38385],[138.83202,35.38272],[138.82893,35.37797],[138.82194,35.37418],[138.81972,35.37587],[138.81557,35.37644],[138.80837,35.37566],[138.79945,35.37667],[138.78939,35.37512],[138.73078,35.3628],[138.73169,35.36014]]]}},{"type":"Feature","properties":{"code":"22424","name":"榛原郡吉田町","pref":"静岡県","pref_code":"22","cx":138.26363,"cy":34.77083,"bbox":[138.22362,34.74073,138.29426,34.80293]},"geometry":{"type":"Polygon","coordinates":[[[138.22362,34.78663],[138.23073,34.77831],[138.23563,34.77676],[138.23687,34.77512],[138.23619,34.77223],[138.2385,34.76943],[138.23723,34.76878],[138.24142,34.76336],[138.24346,34.75966],[138.24619,34.75809],[138.25046,34.76072],[138.25128,34.75767],[138.24724,34.75505],[138.24421,34.75219],[138.24152,34.74548],[138.24571,34.74073],[138.26713,34.75284],[138.26516,34.7542],[138.26924,34.75658],[138.26882,34.75204],[138.27832,34.75809],[138.28445,34.76122],[138.28909,34.76244],[138.29426,34.76737],[138.25998,34.79464],[138.25079,34.80293],[138.24537,34.80003],[138.23832,34.80183],[138.23378,34.80146],[138.2368,34.79656],[138.23942,34.79351],[138.23715,34.79148],[138.2315,34.79225],[138.22994,34.79109],[138.2315,34.78604],[138.22632,34.78572],[138.22362,34.78663]]]}},{"type":"Feature","properties":{"code":"22429","name":"榛原郡川根本町","pref":"静岡県","pref_code":"22","cx":138.11535,"cy":35.15967,"bbox":[137.99843,34.97233,138.23954,35.3472]},"geometry":{"type":"Polygon","coordinates":[[[138.08748,35.338],[138.08443,35.33795],[138.08087,35.34024],[138.07879,35.34365],[138.07353,35.34515],[138.07122,35.34706],[138.06134,35.3472],[138.05909,35.34508],[138.05549,35.34382],[138.05525,35.33997],[138.05064,35.33547],[138.04332,35.33524],[138.03839,35.3337],[138.03743,35.33253],[138.03916,35.32734],[138.03898,35.326],[138.03433,35.3246],[138.03143,35.32255],[138.02606,35.32021],[138.02603,35.31573],[138.02774,35.31164],[138.02403,35.30713],[138.02379,35.30535],[138.01877,35.30107],[138.01829,35.29463],[138.01427,35.29205],[138.01229,35.28895],[138.01327,35.28575],[138.01364,35.28141],[138.01248,35.27738],[138.01434,35.27382],[138.01116,35.27239],[138.00756,35.26824],[138.00134,35.26446],[138.00044,35.26157],[138.0031,35.25866],[138.00755,35.25962],[138.0131,35.25886],[138.01581,35.25256],[138.01442,35.25011],[138.01412,35.2466],[138.01226,35.24183],[138.01693,35.23936],[138.01819,35.23698],[138.02011,35.23671],[138.02674,35.23269],[138.03028,35.23114],[138.03378,35.22826],[138.03644,35.22739],[138.03488,35.22523],[138.03292,35.22055],[138.03427,35.21854],[138.03504,35.21263],[138.03636,35.21095],[138.02732,35.20106],[138.02846,35.19614],[138.02136,35.19396],[138.01595,35.18972],[138.0165,35.18724],[138.01068,35.18017],[138.008,35.17809],[138.00501,35.17272],[138.0055,35.17028],[138.00463,35.16817],[138.00075,35.16658],[137.99906,35.1635],[138.00014,35.16049],[137.99843,35.15585],[138.00176,35.15246],[137.99932,35.14638],[138.00172,35.1438],[138.00637,35.14293],[138.00742,35.13889],[138.00655,35.13547],[138.01104,35.1295],[138.01131,35.12781],[138.01795,35.12773],[138.02149,35.12716],[138.02639,35.12825],[138.02801,35.12938],[138.03045,35.12715],[138.03577,35.12541],[138.03958,35.1192],[138.04181,35.11813],[138.04533,35.1143],[138.04905,35.11165],[138.05373,35.11028],[138.05637,35.10636],[138.05604,35.10414],[138.05431,35.10193],[138.04979,35.09815],[138.05012,35.09645],[138.04804,35.09298],[138.0469,35.08913],[138.04482,35.08811],[138.04403,35.08433],[138.04447,35.07968],[138.04584,35.0776],[138.04517,35.07264],[138.04001,35.06948],[138.03844,35.06747],[138.0404,35.06233],[138.04252,35.06018],[138.04395,35.05682],[138.04337,35.05252],[138.04705,35.04948],[138.04845,35.04262],[138.0471,35.03869],[138.04301,35.03576],[138.03976,35.03525],[138.03242,35.03122],[138.02904,35.02758],[138.02633,35.02693],[138.02401,35.02523],[138.02076,35.02436],[138.01886,35.02596],[138.01428,35.02394],[138.01339,35.02274],[138.01605,35.0204],[138.01795,35.0219],[138.02071,35.01884],[138.02569,35.0174],[138.026,35.013],[138.02999,35.0113],[138.03291,35.00881],[138.03441,35.00512],[138.03338,35.00419],[138.03583,34.99888],[138.04473,34.99949],[138.04894,34.99876],[138.0536,35.0009],[138.05539,35.00109],[138.05894,34.99956],[138.06264,35.00032],[138.06678,34.99721],[138.07135,34.99682],[138.07568,34.99117],[138.07612,34.98817],[138.07326,34.98353],[138.07592,34.98146],[138.07936,34.9805],[138.0836,34.98055],[138.08713,34.97744],[138.08565,34.9747],[138.08889,34.97233],[138.0912,34.97568],[138.09477,34.97758],[138.09782,34.98077],[138.10214,34.97947],[138.10106,34.98398],[138.10141,34.98965],[138.10282,34.99085],[138.1051,34.99655],[138.10819,34.99646],[138.11117,34.99955],[138.11598,34.99858],[138.11925,35.0003],[138.12067,35.00466],[138.12091,35.00834],[138.12287,35.01251],[138.1219,35.01646],[138.1286,35.02122],[138.12655,35.02617],[138.12926,35.02921],[138.13521,35.03137],[138.13929,35.0362],[138.13839,35.03887],[138.14011,35.0425],[138.14615,35.04864],[138.14702,35.05051],[138.1464,35.057],[138.14922,35.05945],[138.14982,35.06122],[138.1529,35.06255],[138.15797,35.06053],[138.16089,35.05775],[138.15917,35.05432],[138.15965,35.05254],[138.15847,35.04977],[138.16069,35.04699],[138.16347,35.04977],[138.16526,35.05329],[138.16894,35.0527],[138.17248,35.05341],[138.1716,35.05736],[138.17294,35.05798],[138.17153,35.0613],[138.17487,35.06342],[138.17812,35.06087],[138.18253,35.06402],[138.1849,35.06409],[138.18919,35.05952],[138.19667,35.0546],[138.19949,35.05014],[138.20142,35.05374],[138.20052,35.05658],[138.20024,35.06104],[138.20224,35.06388],[138.20358,35.06747],[138.20577,35.06954],[138.20957,35.07069],[138.2084,35.07242],[138.20511,35.07463],[138.20356,35.07836],[138.2004,35.08079],[138.19938,35.08761],[138.19169,35.09106],[138.18873,35.09357],[138.19017,35.10588],[138.19303,35.10973],[138.1921,35.11105],[138.19059,35.11781],[138.18847,35.11971],[138.18649,35.12368],[138.18473,35.12486],[138.18388,35.12933],[138.18498,35.13373],[138.18366,35.13641],[138.18747,35.13831],[138.18886,35.14021],[138.1962,35.14385],[138.20082,35.14361],[138.20984,35.14475],[138.21206,35.14949],[138.21735,35.15426],[138.22111,35.15913],[138.22426,35.15952],[138.22782,35.15849],[138.23125,35.15982],[138.23822,35.16988],[138.23828,35.17235],[138.23954,35.17473],[138.23778,35.17719],[138.23436,35.1803],[138.23268,35.18551],[138.23146,35.18752],[138.22467,35.19341],[138.22375,35.1995],[138.21457,35.20377],[138.21116,35.20353],[138.21,35.2005],[138.20649,35.20317],[138.20574,35.1988],[138.20441,35.19792],[138.19894,35.19663],[138.20202,35.19347],[138.19936,35.19128],[138.19883,35.18888],[138.19604,35.18968],[138.19381,35.18702],[138.19275,35.1903],[138.1907,35.19085],[138.18917,35.19302],[138.19028,35.19531],[138.18754,35.19609],[138.18575,35.19334],[138.18349,35.1928],[138.18332,35.19806],[138.18181,35.20313],[138.18765,35.2045],[138.18807,35.20735],[138.18569,35.20846],[138.1864,35.21151],[138.18505,35.21362],[138.1861,35.21687],[138.18993,35.21947],[138.19737,35.2258],[138.20166,35.22847],[138.20217,35.23095],[138.19871,35.23322],[138.19877,35.23568],[138.20264,35.23985],[138.19918,35.24248],[138.19771,35.24535],[138.19433,35.24903],[138.19019,35.24924],[138.18669,35.24861],[138.18334,35.24993],[138.18338,35.25227],[138.17841,35.2558],[138.1778,35.25995],[138.16162,35.25639],[138.15769,35.25611],[138.15296,35.25731],[138.14574,35.25628],[138.14462,35.25726],[138.14604,35.26073],[138.14559,35.26343],[138.14365,35.26498],[138.13846,35.26744],[138.13736,35.26923],[138.13749,35.27178],[138.13585,35.27588],[138.13604,35.28213],[138.13724,35.28376],[138.13462,35.28608],[138.13154,35.28718],[138.12931,35.2907],[138.12651,35.29314],[138.12033,35.29448],[138.11761,35.29708],[138.11507,35.2981],[138.11365,35.30096],[138.09821,35.30447],[138.09826,35.30947],[138.09685,35.31192],[138.09253,35.31431],[138.08892,35.31771],[138.08626,35.32149],[138.08296,35.32481],[138.08341,35.32679],[138.0858,35.33005],[138.08748,35.338]]]}},{"type":"Feature","properties":{"code":"22461","name":"周智郡森町","pref":"静岡県","pref_code":"22","cx":137.94721,"cy":34.88138,"bbox":[137.8716,34.78575,138.04417,34.97562]},"geometry":{"type":"Polygon","coordinates":[[[137.90919,34.89106],[137.90978,34.88529],[137.90911,34.88219],[137.9069,34.88056],[137.90417,34.88021],[137.90089,34.87639],[137.89696,34.87464],[137.89581,34.87196],[137.893,34.8702],[137.89278,34.86661],[137.89156,34.86562],[137.89032,34.86216],[137.88825,34.86146],[137.88439,34.85842],[137.88127,34.85771],[137.87943,34.85414],[137.88105,34.85264],[137.87999,34.85014],[137.88296,34.84738],[137.88414,34.84454],[137.88145,34.83934],[137.88035,34.83861],[137.87582,34.83879],[137.8728,34.83713],[137.87635,34.83277],[137.87269,34.83059],[137.87363,34.82694],[137.8716,34.82506],[137.8743,34.81752],[137.87992,34.8133],[137.88559,34.81483],[137.89086,34.81352],[137.89135,34.80846],[137.88988,34.80473],[137.89073,34.80098],[137.88777,34.79413],[137.8882,34.79264],[137.88535,34.79156],[137.88683,34.7882],[137.88378,34.78575],[137.88885,34.78609],[137.89206,34.78761],[137.89312,34.78656],[137.89664,34.78775],[137.90049,34.79267],[137.90214,34.79592],[137.90682,34.79758],[137.90647,34.79418],[137.90823,34.79309],[137.91302,34.79584],[137.91637,34.79702],[137.92041,34.79699],[137.92209,34.7993],[137.92245,34.80209],[137.9256,34.80785],[137.92987,34.80769],[137.93227,34.8109],[137.93249,34.81319],[137.93498,34.81768],[137.93547,34.82052],[137.93863,34.82218],[137.941,34.8208],[137.94581,34.82417],[137.9466,34.82779],[137.94826,34.82925],[137.94746,34.83097],[137.95181,34.83178],[137.95063,34.83466],[137.95369,34.83658],[137.95319,34.83907],[137.95497,34.84157],[137.95845,34.84299],[137.95687,34.84815],[137.9592,34.85295],[137.95882,34.85468],[137.96202,34.85624],[137.96183,34.86141],[137.9652,34.86492],[137.96852,34.86713],[137.97027,34.87028],[137.97548,34.87285],[137.97839,34.87608],[137.98281,34.87761],[137.98887,34.88393],[137.98813,34.88551],[137.99036,34.88702],[137.99175,34.89056],[137.99405,34.893],[137.99659,34.89722],[138.00161,34.89856],[138.00428,34.90022],[138.01076,34.90825],[138.01015,34.91086],[138.01064,34.91368],[138.01428,34.91305],[138.01894,34.91517],[138.01998,34.91297],[138.02267,34.91345],[138.02532,34.91261],[138.02796,34.91452],[138.03306,34.91286],[138.03534,34.9174],[138.03939,34.92014],[138.04192,34.92008],[138.04417,34.92341],[138.04296,34.92527],[138.03792,34.9283],[138.03824,34.93],[138.03642,34.93177],[138.03002,34.9313],[138.02809,34.93234],[138.02802,34.93508],[138.02552,34.93692],[138.02389,34.93567],[138.02092,34.93531],[138.01776,34.9386],[138.01206,34.94044],[138.01262,34.94205],[138.01519,34.94308],[138.01629,34.94775],[138.01365,34.95206],[138.01575,34.95542],[138.01458,34.95696],[138.01455,34.96041],[138.01225,34.9626],[138.01281,34.96757],[138.01399,34.9697],[138.01212,34.97254],[138.00997,34.97386],[138.00996,34.97562],[138.00322,34.97236],[138.00381,34.96702],[138.00238,34.96457],[138.00066,34.96486],[137.99656,34.96833],[137.99348,34.96873],[137.99033,34.96769],[137.98965,34.96533],[137.98573,34.96656],[137.98341,34.96594],[137.98121,34.96699],[137.97978,34.9655],[137.98196,34.96346],[137.98467,34.96283],[137.98059,34.95772],[137.97726,34.95755],[137.97081,34.95888],[137.9705,34.95668],[137.96829,34.95549],[137.96472,34.95507],[137.96237,34.94792],[137.95523,34.94679],[137.94789,34.94949],[137.94263,34.94613],[137.93822,34.94739],[137.9358,34.94525],[137.9359,34.94363],[137.933,34.94258],[137.92842,34.93973],[137.9261,34.93476],[137.91765,34.92734],[137.91571,34.92673],[137.91246,34.92949],[137.90758,34.92887],[137.90843,34.92538],[137.90574,34.92125],[137.9031,34.91996],[137.90333,34.91748],[137.90522,34.91343],[137.90801,34.91064],[137.90745,34.90691],[137.91483,34.90287],[137.91917,34.90154],[137.91996,34.89806],[137.92013,34.89325],[137.91699,34.89102],[137.91352,34.89153],[137.90919,34.89106]]]}},{"type":"Feature","properties":{"code":"23101","name":"名古屋市千種区","pref":"愛知県","pref_code":"23","cx":136.95761,"cy":35.17277,"bbox":[136.92065,35.14815,136.99214,35.19348]},"geometry":{"type":"Polygon","coordinates":[[[136.98576,35.14927],[136.98863,35.16068],[136.99214,35.16374],[136.99021,35.16883],[136.98499,35.17013],[136.97891,35.17561],[136.98437,35.17974],[136.98697,35.18446],[136.98518,35.19348],[136.97369,35.19024],[136.96559,35.19071],[136.96477,35.18562],[136.95503,35.18713],[136.9542,35.18388],[136.9454,35.18463],[136.93725,35.18039],[136.93557,35.17542],[136.92065,35.15904],[136.93207,35.15749],[136.93856,35.15456],[136.94039,35.15788],[136.95419,35.15947],[136.9621,35.15755],[136.96077,35.15368],[136.96849,35.15169],[136.97253,35.14815],[136.98576,35.14927]]]}},{"type":"Feature","properties":{"code":"23102","name":"名古屋市東区","pref":"愛知県","pref_code":"23","cx":136.92661,"cy":35.18426,"bbox":[136.90732,35.1695,136.96559,35.19944]},"geometry":{"type":"Polygon","coordinates":[[[136.96559,35.19071],[136.95083,35.19429],[136.94385,35.19944],[136.93373,35.19001],[136.92623,35.18769],[136.92007,35.18788],[136.91693,35.18536],[136.90732,35.18609],[136.90847,35.18555],[136.90933,35.1695],[136.93035,35.16988],[136.93557,35.17542],[136.93725,35.18039],[136.9454,35.18463],[136.9542,35.18388],[136.95503,35.18713],[136.96477,35.18562],[136.96559,35.19071]]]}},{"type":"Feature","properties":{"code":"23103","name":"名古屋市北区","pref":"愛知県","pref_code":"23","cx":136.91096,"cy":35.21329,"bbox":[136.89109,35.18536,136.94385,35.24257]},"geometry":{"type":"Polygon","coordinates":[[[136.94385,35.19944],[136.93929,35.20583],[136.92831,35.21031],[136.92792,35.21464],[136.93659,35.21615],[136.93983,35.22425],[136.93169,35.22301],[136.92552,35.23108],[136.92908,35.23308],[136.9268,35.24257],[136.92041,35.23833],[136.91082,35.23643],[136.90873,35.24037],[136.90304,35.2404],[136.89923,35.23479],[136.90402,35.23331],[136.90442,35.22707],[136.90747,35.22257],[136.90048,35.21648],[136.89109,35.21195],[136.9005,35.20986],[136.89989,35.19023],[136.89904,35.18727],[136.91693,35.18536],[136.92007,35.18788],[136.92623,35.18769],[136.93373,35.19001],[136.94385,35.19944]]]}},{"type":"Feature","properties":{"code":"23104","name":"名古屋市西区","pref":"愛知県","pref_code":"23","cx":136.88725,"cy":35.20045,"bbox":[136.85637,35.17379,136.90747,35.23479]},"geometry":{"type":"Polygon","coordinates":[[[136.89923,35.23479],[136.87479,35.22507],[136.87097,35.23095],[136.85787,35.23056],[136.85637,35.2211],[136.86036,35.21523],[136.86464,35.21333],[136.86019,35.20797],[136.86569,35.20689],[136.86837,35.21191],[136.87854,35.20934],[136.87897,35.20721],[136.86984,35.194],[136.86593,35.19166],[136.87775,35.17839],[136.89312,35.17379],[136.89404,35.17984],[136.89904,35.18727],[136.89989,35.19023],[136.9005,35.20986],[136.89109,35.21195],[136.90048,35.21648],[136.90747,35.22257],[136.90442,35.22707],[136.90402,35.23331],[136.89923,35.23479]]]}},{"type":"Feature","properties":{"code":"23105","name":"名古屋市中村区","pref":"愛知県","pref_code":"23","cx":136.86358,"cy":35.16829,"bbox":[136.82917,35.14493,136.89312,35.19166]},"geometry":{"type":"Polygon","coordinates":[[[136.86593,35.19166],[136.8563,35.18817],[136.84112,35.17406],[136.83552,35.16943],[136.83331,35.16488],[136.83738,35.1564],[136.83637,35.15299],[136.82917,35.1495],[136.83158,35.14493],[136.83958,35.14549],[136.86149,35.15131],[136.87927,35.15955],[136.88557,35.161],[136.89298,35.15822],[136.892,35.16715],[136.89312,35.17379],[136.87775,35.17839],[136.86593,35.19166]]]}},{"type":"Feature","properties":{"code":"23106","name":"名古屋市中区","pref":"愛知県","pref_code":"23","cx":136.90815,"cy":35.16269,"bbox":[136.892,35.14277,136.93035,35.18727]},"geometry":{"type":"Polygon","coordinates":[[[136.93035,35.16988],[136.90933,35.1695],[136.90847,35.18555],[136.90732,35.18609],[136.89904,35.18727],[136.89404,35.17984],[136.892,35.16715],[136.89298,35.15822],[136.89563,35.14277],[136.91216,35.14329],[136.91023,35.14769],[136.93035,35.16988]]]}},{"type":"Feature","properties":{"code":"23107","name":"名古屋市昭和区","pref":"愛知県","pref_code":"23","cx":136.94196,"cy":35.14473,"bbox":[136.91023,35.13561,136.97253,35.15947]},"geometry":{"type":"Polygon","coordinates":[[[136.92065,35.15904],[136.91023,35.14769],[136.91468,35.13736],[136.91908,35.13927],[136.93694,35.14056],[136.93735,35.13778],[136.95193,35.13814],[136.96075,35.13561],[136.96672,35.13573],[136.96741,35.13998],[136.97231,35.14177],[136.97253,35.14815],[136.96849,35.15169],[136.96077,35.15368],[136.9621,35.15755],[136.95419,35.15947],[136.94039,35.15788],[136.93856,35.15456],[136.93207,35.15749],[136.92065,35.15904]]]}},{"type":"Feature","properties":{"code":"23108","name":"名古屋市瑞穂区","pref":"愛知県","pref_code":"23","cx":136.9381,"cy":35.12553,"bbox":[136.91155,35.10918,136.96219,35.14056]},"geometry":{"type":"Polygon","coordinates":[[[136.91468,35.13736],[136.91705,35.13103],[136.91531,35.12003],[136.91155,35.11611],[136.92302,35.10918],[136.92988,35.11555],[136.93904,35.1175],[136.94957,35.11115],[136.95874,35.11352],[136.96219,35.11669],[136.95865,35.13106],[136.96075,35.13561],[136.95193,35.13814],[136.93735,35.13778],[136.93694,35.14056],[136.91908,35.13927],[136.91468,35.13736]]]}},{"type":"Feature","properties":{"code":"23109","name":"名古屋市熱田区","pref":"愛知県","pref_code":"23","cx":136.89997,"cy":35.12553,"bbox":[136.88256,35.11196,136.91705,35.14329]},"geometry":{"type":"Polygon","coordinates":[[[136.89563,35.14277],[136.8981,35.137],[136.88628,35.14056],[136.88256,35.11844],[136.88949,35.11845],[136.88949,35.11309],[136.89543,35.11378],[136.90105,35.11196],[136.90466,35.11811],[136.91155,35.11611],[136.91531,35.12003],[136.91705,35.13103],[136.91216,35.14329],[136.89563,35.14277]]]}},{"type":"Feature","properties":{"code":"23110","name":"名古屋市中川区","pref":"愛知県","pref_code":"23","cx":136.84807,"cy":35.14385,"bbox":[136.79742,35.11755,136.8981,35.16819]},"geometry":{"type":"Polygon","coordinates":[[[136.83331,35.16488],[136.83019,35.15728],[136.81718,35.15898],[136.81836,35.16464],[136.8078,35.16819],[136.80176,35.1613],[136.80263,35.15418],[136.80941,35.15357],[136.80896,35.14761],[136.80091,35.14804],[136.80013,35.13248],[136.79742,35.12817],[136.79757,35.12192],[136.80919,35.12086],[136.81755,35.12662],[136.82221,35.12217],[136.82247,35.11865],[136.84362,35.11755],[136.85371,35.1222],[136.86348,35.12301],[136.86545,35.11798],[136.88256,35.11844],[136.88628,35.14056],[136.8981,35.137],[136.89563,35.14277],[136.89298,35.15822],[136.88557,35.161],[136.87927,35.15955],[136.86149,35.15131],[136.83958,35.14549],[136.83158,35.14493],[136.82917,35.1495],[136.83637,35.15299],[136.83738,35.1564],[136.83331,35.16488]]]}},{"type":"Feature","properties":{"code":"23111","name":"名古屋市港区","pref":"愛知県","pref_code":"23","cx":136.85663,"cy":35.09203,"bbox":[136.79197,35.03391,136.91212,35.12662]},"geometry":{"type":"MultiPolygon","coordinates":[[[[136.84867,35.05605],[136.84059,35.05604],[136.83798,35.05184],[136.84552,35.03391],[136.84815,35.0367],[136.84408,35.04162],[136.84773,35.0468],[136.85203,35.04385],[136.85496,35.05531],[136.84867,35.05605]]],[[[136.87816,35.07192],[136.87375,35.07192],[136.86946,35.06806],[136.8703,35.06301],[136.86525,35.05001],[136.87238,35.04973],[136.87506,35.05199],[136.88195,35.06935],[136.87816,35.07192]]],[[[136.88256,35.11844],[136.86545,35.11798],[136.86348,35.12301],[136.85371,35.1222],[136.84362,35.11755],[136.82247,35.11865],[136.82221,35.12217],[136.81755,35.12662],[136.80919,35.12086],[136.7942,35.12198],[136.79197,35.11226],[136.79809,35.10185],[136.79794,35.09694],[136.81006,35.09338],[136.82486,35.0801],[136.84725,35.08305],[136.84966,35.07803],[136.84571,35.06428],[136.8426,35.05928],[136.84744,35.05666],[136.85548,35.05659],[136.86929,35.0821],[136.86854,35.08821],[136.87533,35.0904],[136.88482,35.08876],[136.89034,35.08992],[136.88959,35.07034],[136.88396,35.06727],[136.9016,35.06892],[136.90418,35.08393],[136.90947,35.08339],[136.91212,35.09068],[136.90348,35.08928],[136.90055,35.0938],[136.90105,35.11196],[136.89543,35.11378],[136.88949,35.11309],[136.88949,35.11845],[136.88256,35.11844]]]]}},{"type":"Feature","properties":{"code":"23112","name":"名古屋市南区","pref":"愛知県","pref_code":"23","cx":136.92266,"cy":35.09225,"bbox":[136.90055,35.06841,136.94957,35.11811]},"geometry":{"type":"Polygon","coordinates":[[[136.91155,35.11611],[136.90466,35.11811],[136.90105,35.11196],[136.90055,35.0938],[136.90348,35.08928],[136.91212,35.09068],[136.90947,35.08339],[136.90418,35.08393],[136.9016,35.06892],[136.90579,35.06841],[136.93111,35.07099],[136.9408,35.0788],[136.94189,35.09069],[136.94702,35.09495],[136.94823,35.09942],[136.94957,35.11115],[136.93904,35.1175],[136.92988,35.11555],[136.92302,35.10918],[136.91155,35.11611]]]}},{"type":"Feature","properties":{"code":"23113","name":"名古屋市守山区","pref":"愛知県","pref_code":"23","cx":136.99585,"cy":35.22321,"bbox":[136.92792,35.19016,137.05988,35.26023]},"geometry":{"type":"Polygon","coordinates":[[[136.98518,35.19348],[136.99284,35.19751],[136.99573,35.19431],[137.00798,35.19016],[137.03226,35.19181],[137.0198,35.19848],[137.01903,35.19368],[137.01191,35.19499],[137.01328,35.20104],[137.00801,35.20649],[137.00154,35.2093],[137.00674,35.21924],[137.01085,35.22118],[137.01945,35.23127],[137.03913,35.23812],[137.04378,35.24151],[137.04934,35.23783],[137.05205,35.24311],[137.05988,35.24628],[137.05497,35.25042],[137.05348,35.25783],[137.05034,35.26023],[137.03697,35.25841],[137.02915,35.259],[137.02014,35.25237],[137.01364,35.25162],[137.01077,35.24473],[137.00532,35.24041],[136.99317,35.24086],[136.98974,35.2379],[136.98902,35.22672],[136.98145,35.22523],[136.97364,35.21843],[136.96413,35.21679],[136.95623,35.21744],[136.93659,35.21615],[136.92792,35.21464],[136.92831,35.21031],[136.93929,35.20583],[136.94385,35.19944],[136.95083,35.19429],[136.96559,35.19071],[136.97369,35.19024],[136.98518,35.19348]]]}},{"type":"Feature","properties":{"code":"23114","name":"名古屋市緑区","pref":"愛知県","pref_code":"23","cx":136.97223,"cy":35.07473,"bbox":[136.90579,35.03956,137.02344,35.1098]},"geometry":{"type":"Polygon","coordinates":[[[136.90579,35.06841],[136.91305,35.06848],[136.91777,35.06292],[136.92442,35.06442],[136.92576,35.0586],[136.93127,35.05074],[136.93662,35.0532],[136.94112,35.05216],[136.94634,35.04419],[136.9532,35.04477],[136.95577,35.04788],[136.96189,35.03956],[136.96485,35.04293],[136.97225,35.04306],[136.97388,35.04901],[136.9724,35.05643],[136.97604,35.06234],[136.98427,35.06128],[136.98766,35.07255],[136.99472,35.07182],[136.99812,35.07415],[137.00474,35.07201],[137.00956,35.07532],[137.01748,35.0921],[137.02148,35.09122],[137.02001,35.0961],[137.02344,35.10273],[137.02111,35.1098],[137.0167,35.10917],[137.00184,35.10135],[136.99762,35.10571],[136.99071,35.10912],[136.98436,35.10436],[136.95697,35.10068],[136.95309,35.10215],[136.94823,35.09942],[136.94702,35.09495],[136.94189,35.09069],[136.9408,35.0788],[136.93111,35.07099],[136.90579,35.06841]]]}},{"type":"Feature","properties":{"code":"23115","name":"名古屋市名東区","pref":"愛知県","pref_code":"23","cx":137.0083,"cy":35.16624,"bbox":[136.97891,35.13643,137.02746,35.19751]},"geometry":{"type":"Polygon","coordinates":[[[136.98576,35.14927],[136.99417,35.14496],[137.00054,35.14532],[137.0054,35.13842],[137.00999,35.13684],[137.01696,35.13643],[137.02328,35.13982],[137.01843,35.14705],[137.02206,35.15325],[137.02702,35.15617],[137.02288,35.1632],[137.02746,35.16873],[137.02402,35.17382],[137.02684,35.1794],[137.0258,35.18512],[137.02001,35.19071],[137.00798,35.19016],[136.99573,35.19431],[136.99284,35.19751],[136.98518,35.19348],[136.98697,35.18446],[136.98437,35.17974],[136.97891,35.17561],[136.98499,35.17013],[136.99021,35.16883],[136.99214,35.16374],[136.98863,35.16068],[136.98576,35.14927]]]}},{"type":"Feature","properties":{"code":"23116","name":"名古屋市天白区","pref":"愛知県","pref_code":"23","cx":136.98481,"cy":35.1227,"bbox":[136.94823,35.09942,137.01997,35.14927]},"geometry":{"type":"Polygon","coordinates":[[[136.97253,35.14815],[136.97231,35.14177],[136.96741,35.13998],[136.96672,35.13573],[136.96075,35.13561],[136.95865,35.13106],[136.96219,35.11669],[136.95874,35.11352],[136.94957,35.11115],[136.94823,35.09942],[136.95309,35.10215],[136.95697,35.10068],[136.98436,35.10436],[136.99071,35.10912],[136.99762,35.10571],[137.00184,35.10135],[137.0167,35.10917],[137.01997,35.10957],[137.0145,35.11699],[137.0033,35.1284],[137.00816,35.1312],[137.00999,35.13684],[137.0054,35.13842],[137.00054,35.14532],[136.99417,35.14496],[136.98576,35.14927],[136.97253,35.14815]]]}},{"type":"Feature","properties":{"code":"23201","name":"豊橋市","pref":"愛知県","pref_code":"23","cx":137.39826,"cy":34.7533,"bbox":[137.30645,34.64753,137.50166,34.86131]},"geometry":{"type":"MultiPolygon","coordinates":[[[[137.31881,34.74849],[137.3143,34.74857],[137.30806,34.73505],[137.31869,34.73312],[137.31881,34.74849]]],[[[137.49888,34.8268],[137.495,34.82758],[137.48884,34.83266],[137.48723,34.84312],[137.47919,34.84859],[137.48161,34.8557],[137.47809,34.85957],[137.472,34.86131],[137.46132,34.85873],[137.46059,34.85306],[137.45582,34.84761],[137.44606,34.84426],[137.43834,34.84744],[137.43549,34.84383],[137.42588,34.84292],[137.4231,34.83848],[137.43061,34.82486],[137.43728,34.82767],[137.44277,34.8244],[137.43842,34.82105],[137.43892,34.81606],[137.43307,34.81562],[137.43147,34.80977],[137.42074,34.81078],[137.41255,34.80643],[137.4049,34.8044],[137.40238,34.79754],[137.39809,34.79639],[137.38921,34.7984],[137.38658,34.80075],[137.37658,34.79218],[137.36526,34.78952],[137.36327,34.79086],[137.34895,34.78419],[137.34935,34.79274],[137.33915,34.7864],[137.33062,34.78963],[137.32922,34.7966],[137.32013,34.78854],[137.30645,34.78448],[137.30854,34.77881],[137.31928,34.78052],[137.3256,34.78553],[137.33104,34.78051],[137.32569,34.77095],[137.32114,34.77126],[137.32031,34.73283],[137.33883,34.72855],[137.34731,34.73208],[137.349,34.7291],[137.33835,34.72488],[137.33824,34.72114],[137.32972,34.72117],[137.32973,34.72468],[137.30857,34.72462],[137.30848,34.70211],[137.31179,34.6996],[137.31987,34.70009],[137.32183,34.69514],[137.31146,34.69627],[137.30824,34.69206],[137.31583,34.68851],[137.30709,34.67996],[137.31069,34.67404],[137.30656,34.66461],[137.32389,34.66056],[137.33908,34.66093],[137.34136,34.64753],[137.38573,34.65697],[137.41553,34.66243],[137.43537,34.66668],[137.48496,34.67411],[137.48464,34.68381],[137.48807,34.68733],[137.49179,34.70246],[137.48731,34.7171],[137.48262,34.71993],[137.48144,34.73095],[137.47861,34.7341],[137.48056,34.74057],[137.47411,34.74994],[137.47744,34.75667],[137.47672,34.77479],[137.48203,34.78228],[137.49294,34.78687],[137.49165,34.79585],[137.49436,34.80177],[137.48701,34.81175],[137.49357,34.8153],[137.495,34.81939],[137.50166,34.82335],[137.49888,34.8268]]]]}},{"type":"Feature","properties":{"code":"23202","name":"岡崎市","pref":"愛知県","pref_code":"23","cx":137.25691,"cy":34.95003,"bbox":[137.10309,34.86098,137.42106,35.04149]},"geometry":{"type":"Polygon","coordinates":[[[137.38515,34.99075],[137.37511,34.9979],[137.37657,35.00144],[137.37076,35.01546],[137.35487,35.01431],[137.34758,35.01531],[137.34575,35.0093],[137.32855,35.01742],[137.31956,35.01552],[137.31535,35.02041],[137.30881,35.0162],[137.30003,35.01673],[137.29604,35.01881],[137.28911,35.01796],[137.28238,35.02088],[137.27332,35.02843],[137.27031,35.02808],[137.26649,35.0195],[137.26152,35.0168],[137.25561,35.02817],[137.24259,35.02894],[137.23703,35.03927],[137.22544,35.04012],[137.21763,35.03768],[137.21247,35.04149],[137.20777,35.03303],[137.19911,35.03429],[137.19276,35.03826],[137.18576,35.03132],[137.17728,35.0349],[137.1705,35.03486],[137.15975,35.02622],[137.1604,35.01674],[137.1661,35.00295],[137.16021,34.99654],[137.14788,34.9925],[137.14274,34.99248],[137.14086,34.99789],[137.12978,34.99899],[137.12296,34.99061],[137.11637,34.99135],[137.1191,34.98173],[137.12502,34.97732],[137.11538,34.96976],[137.11995,34.96451],[137.11668,34.96135],[137.11646,34.95635],[137.10576,34.94385],[137.1086,34.93543],[137.11162,34.93669],[137.11511,34.92978],[137.11923,34.92709],[137.11089,34.91978],[137.10549,34.91172],[137.10799,34.9041],[137.11479,34.89997],[137.1129,34.89585],[137.11521,34.89076],[137.11285,34.88784],[137.10634,34.88719],[137.10309,34.87885],[137.11729,34.87989],[137.12856,34.8895],[137.13782,34.89052],[137.15359,34.88682],[137.15816,34.88916],[137.1618,34.90037],[137.16712,34.90566],[137.17699,34.90971],[137.19292,34.9054],[137.1958,34.90085],[137.20313,34.89903],[137.20826,34.89239],[137.20236,34.89067],[137.20067,34.88464],[137.20371,34.8807],[137.21081,34.87787],[137.20971,34.87209],[137.21214,34.86764],[137.22563,34.87011],[137.23234,34.8646],[137.23878,34.86676],[137.25635,34.86098],[137.25616,34.86932],[137.26275,34.87556],[137.26306,34.88177],[137.26827,34.88525],[137.27435,34.88503],[137.27852,34.88134],[137.29145,34.88236],[137.29684,34.88629],[137.30347,34.87774],[137.31283,34.88382],[137.33557,34.8911],[137.35003,34.89828],[137.35209,34.8916],[137.35851,34.89117],[137.36095,34.88577],[137.36681,34.88958],[137.37723,34.89345],[137.38229,34.88789],[137.38851,34.88695],[137.39401,34.88334],[137.4045,34.89404],[137.40366,34.9021],[137.41165,34.90731],[137.42055,34.90975],[137.42106,34.91571],[137.41712,34.9235],[137.41117,34.92766],[137.41242,34.93053],[137.40962,34.93765],[137.41263,34.9422],[137.40343,34.94858],[137.40209,34.95148],[137.40804,34.95821],[137.40246,34.95923],[137.39178,34.96595],[137.40025,34.97578],[137.40556,34.97879],[137.40035,34.98202],[137.39061,34.98289],[137.38515,34.99075]]]}},{"type":"Feature","properties":{"code":"23203","name":"一宮市","pref":"愛知県","pref_code":"23","cx":136.80154,"cy":35.30996,"bbox":[136.70458,35.25064,136.87725,35.3696]},"geometry":{"type":"Polygon","coordinates":[[[136.83404,35.35594],[136.81713,35.35932],[136.80423,35.36014],[136.79289,35.36346],[136.79446,35.36833],[136.77567,35.3696],[136.76812,35.3669],[136.75911,35.35719],[136.7501,35.33654],[136.73652,35.31595],[136.7283,35.29969],[136.71938,35.28875],[136.71038,35.2827],[136.70458,35.27558],[136.71678,35.27156],[136.7215,35.27169],[136.73633,35.26818],[136.74026,35.25813],[136.75017,35.26395],[136.75116,35.26635],[136.76003,35.26784],[136.76113,35.2637],[136.77585,35.26032],[136.77881,35.26326],[136.78623,35.26337],[136.79111,35.26843],[136.80359,35.27097],[136.80743,35.27635],[136.82287,35.27581],[136.82885,35.26931],[136.82928,35.26184],[136.83313,35.2597],[136.83677,35.25064],[136.84318,35.25177],[136.84316,35.25977],[136.85068,35.26469],[136.84383,35.27118],[136.849,35.27978],[136.85639,35.27984],[136.86438,35.29059],[136.86506,35.29664],[136.87272,35.29769],[136.87725,35.30227],[136.87167,35.30463],[136.87231,35.30802],[136.86685,35.31191],[136.85485,35.31689],[136.85687,35.322],[136.84559,35.32959],[136.84419,35.33661],[136.84151,35.33749],[136.8418,35.34553],[136.83404,35.35594]]]}},{"type":"Feature","properties":{"code":"23204","name":"瀬戸市","pref":"愛知県","pref_code":"23","cx":137.12147,"cy":35.24167,"bbox":[137.04909,35.17935,137.18949,35.30162]},"geometry":{"type":"Polygon","coordinates":[[[137.05988,35.24628],[137.06576,35.23887],[137.05729,35.22184],[137.05998,35.21595],[137.0682,35.21419],[137.06221,35.20841],[137.05701,35.20802],[137.04909,35.20272],[137.04983,35.19474],[137.05918,35.1911],[137.06705,35.19589],[137.07218,35.19138],[137.08157,35.18874],[137.08518,35.1898],[137.08773,35.18332],[137.09567,35.17939],[137.09933,35.18145],[137.10612,35.17935],[137.10919,35.18572],[137.1212,35.18529],[137.12606,35.18242],[137.12938,35.18847],[137.13489,35.19203],[137.14312,35.19361],[137.143,35.1969],[137.16079,35.20665],[137.16837,35.20542],[137.17267,35.21109],[137.17339,35.21788],[137.18096,35.22853],[137.17755,35.23629],[137.18037,35.24446],[137.18415,35.24999],[137.18949,35.25257],[137.17637,35.2604],[137.17664,35.27012],[137.16546,35.28226],[137.15893,35.28219],[137.15255,35.27931],[137.14583,35.2798],[137.13159,35.29363],[137.11895,35.2979],[137.10103,35.30162],[137.09777,35.29716],[137.09628,35.2907],[137.08179,35.27894],[137.08067,35.27448],[137.0684,35.26304],[137.05571,35.26532],[137.05034,35.26023],[137.05348,35.25783],[137.05497,35.25042],[137.05988,35.24628]]]}},{"type":"Feature","properties":{"code":"23205","name":"半田市","pref":"愛知県","pref_code":"23","cx":136.91922,"cy":34.90552,"bbox":[136.86575,34.86277,136.97524,34.94175]},"geometry":{"type":"Polygon","coordinates":[[[136.97524,34.93218],[136.96561,34.93292],[136.96674,34.9363],[136.96047,34.94009],[136.95383,34.93807],[136.94428,34.94175],[136.93845,34.93624],[136.93598,34.9307],[136.93739,34.9267],[136.93372,34.92324],[136.93263,34.91331],[136.91948,34.9132],[136.91377,34.91078],[136.89932,34.91423],[136.89407,34.91106],[136.88691,34.91096],[136.87979,34.91811],[136.86948,34.90983],[136.86575,34.90018],[136.87053,34.89712],[136.8769,34.89633],[136.87719,34.88814],[136.8749,34.88295],[136.87569,34.87834],[136.8842,34.8735],[136.89459,34.87504],[136.90537,34.8709],[136.91519,34.86855],[136.92366,34.87002],[136.9266,34.86768],[136.94073,34.86277],[136.94578,34.86936],[136.94601,34.87416],[136.9399,34.87728],[136.94416,34.88089],[136.96273,34.87412],[136.96419,34.87652],[136.95718,34.88111],[136.96931,34.90121],[136.97256,34.91182],[136.97524,34.93218]]]}},{"type":"Feature","properties":{"code":"23206","name":"春日井市","pref":"愛知県","pref_code":"23","cx":137.01367,"cy":35.27822,"bbox":[136.92552,35.21615,137.09628,35.33954]},"geometry":{"type":"Polygon","coordinates":[[[136.93659,35.21615],[136.95623,35.21744],[136.96413,35.21679],[136.97364,35.21843],[136.98145,35.22523],[136.98902,35.22672],[136.98974,35.2379],[136.99317,35.24086],[137.00532,35.24041],[137.01077,35.24473],[137.01364,35.25162],[137.02014,35.25237],[137.02915,35.259],[137.03697,35.25841],[137.05034,35.26023],[137.05571,35.26532],[137.0684,35.26304],[137.08067,35.27448],[137.08179,35.27894],[137.09628,35.2907],[137.09209,35.29277],[137.08131,35.29219],[137.07978,35.30678],[137.07216,35.30665],[137.06717,35.3115],[137.06408,35.32066],[137.07298,35.32646],[137.06822,35.33568],[137.06176,35.33903],[137.0499,35.33437],[137.04631,35.33954],[137.04008,35.33008],[137.02482,35.32498],[137.01852,35.31709],[137.01647,35.31073],[137.01766,35.3063],[137.01326,35.29766],[137.01362,35.29328],[137.00765,35.28629],[137.00167,35.28545],[136.9894,35.28061],[136.98569,35.28257],[136.97283,35.28525],[136.9681,35.28913],[136.96547,35.28415],[136.95698,35.28097],[136.95394,35.28375],[136.94304,35.28727],[136.94593,35.27751],[136.93117,35.27338],[136.93099,35.26467],[136.93489,35.26097],[136.93081,35.25732],[136.93151,35.24658],[136.9268,35.24257],[136.92908,35.23308],[136.92552,35.23108],[136.93169,35.22301],[136.93983,35.22425],[136.93659,35.21615]]]}},{"type":"Feature","properties":{"code":"23207","name":"豊川市","pref":"愛知県","pref_code":"23","cx":137.34897,"cy":34.84674,"bbox":[137.25616,34.78419,137.46132,34.90975]},"geometry":{"type":"MultiPolygon","coordinates":[[[[137.29863,34.8099],[137.30138,34.79821],[137.31137,34.79906],[137.30804,34.80507],[137.29863,34.8099]]],[[[137.46132,34.85873],[137.45265,34.86397],[137.45497,34.86919],[137.45993,34.87102],[137.45588,34.8794],[137.45112,34.88305],[137.4433,34.89215],[137.44294,34.89631],[137.42869,34.89975],[137.42304,34.90354],[137.42055,34.90975],[137.41165,34.90731],[137.40366,34.9021],[137.4045,34.89404],[137.39401,34.88334],[137.38851,34.88695],[137.38229,34.88789],[137.37723,34.89345],[137.36681,34.88958],[137.36095,34.88577],[137.35851,34.89117],[137.35209,34.8916],[137.35003,34.89828],[137.33557,34.8911],[137.31283,34.88382],[137.30347,34.87774],[137.29684,34.88629],[137.29145,34.88236],[137.27852,34.88134],[137.27435,34.88503],[137.26827,34.88525],[137.26306,34.88177],[137.26275,34.87556],[137.25616,34.86932],[137.25653,34.85582],[137.26044,34.84604],[137.26539,34.83878],[137.27464,34.83398],[137.2775,34.83535],[137.29558,34.83332],[137.30166,34.82649],[137.28933,34.8239],[137.29802,34.81068],[137.31066,34.80469],[137.31555,34.79643],[137.30333,34.79294],[137.30645,34.78448],[137.32013,34.78854],[137.32922,34.7966],[137.33062,34.78963],[137.33915,34.7864],[137.34935,34.79274],[137.34895,34.78419],[137.36327,34.79086],[137.36526,34.78952],[137.37658,34.79218],[137.38658,34.80075],[137.38921,34.7984],[137.39809,34.79639],[137.40238,34.79754],[137.4049,34.8044],[137.41255,34.80643],[137.42074,34.81078],[137.43147,34.80977],[137.43307,34.81562],[137.43892,34.81606],[137.43842,34.82105],[137.44277,34.8244],[137.43728,34.82767],[137.43061,34.82486],[137.4231,34.83848],[137.42588,34.84292],[137.43549,34.84383],[137.43834,34.84744],[137.44606,34.84426],[137.45582,34.84761],[137.46059,34.85306],[137.46132,34.85873]]]]}},{"type":"Feature","properties":{"code":"23208","name":"津島市","pref":"愛知県","pref_code":"23","cx":136.75929,"cy":35.16521,"bbox":[136.70706,35.13274,136.78662,35.19972]},"geometry":{"type":"Polygon","coordinates":[[[136.785,35.15562],[136.78287,35.16065],[136.78662,35.17222],[136.77999,35.17229],[136.77942,35.18441],[136.77193,35.19809],[136.76356,35.19972],[136.75783,35.18647],[136.75402,35.18585],[136.75406,35.17898],[136.74791,35.17688],[136.7465,35.18156],[136.73781,35.1813],[136.72995,35.18429],[136.73051,35.18935],[136.72228,35.18601],[136.72026,35.18851],[136.70902,35.18947],[136.70706,35.17913],[136.70997,35.16375],[136.72681,35.16839],[136.73235,35.16667],[136.74666,35.15556],[136.7537,35.14873],[136.75976,35.1336],[136.7627,35.13274],[136.77093,35.13686],[136.77248,35.14085],[136.77089,35.14758],[136.78218,35.14974],[136.785,35.15562]]]}},{"type":"Feature","properties":{"code":"23209","name":"碧南市","pref":"愛知県","pref_code":"23","cx":136.99954,"cy":34.88186,"bbox":[136.94556,34.82002,137.03656,34.93719]},"geometry":{"type":"MultiPolygon","coordinates":[[[[136.95714,34.8276],[136.95489,34.83049],[136.94602,34.82485],[136.94556,34.82002],[136.95714,34.8276]]],[[[137.03656,34.89016],[137.02814,34.8907],[137.02222,34.89452],[137.01634,34.89433],[137.01332,34.90492],[137.01882,34.91123],[137.03486,34.9212],[137.03254,34.92766],[137.03368,34.93373],[137.03182,34.93719],[137.01641,34.92647],[137.00159,34.91466],[136.99658,34.9146],[136.98314,34.90753],[136.97762,34.90734],[136.97735,34.89461],[136.97061,34.87748],[136.97486,34.87283],[136.9686,34.87173],[136.95529,34.85484],[136.96466,34.85299],[136.96421,34.85026],[136.95422,34.84833],[136.95674,34.83329],[136.96442,34.82276],[136.97074,34.82068],[136.99958,34.86584],[137.00711,34.87212],[137.02079,34.87791],[137.03269,34.88581],[137.03656,34.89016]]]]}},{"type":"Feature","properties":{"code":"23210","name":"刈谷市","pref":"愛知県","pref_code":"23","cx":137.00918,"cy":35.00813,"bbox":[136.97889,34.94739,137.06877,35.0692]},"geometry":{"type":"Polygon","coordinates":[[[137.06839,35.05729],[137.06877,35.06157],[137.05599,35.06688],[137.05063,35.06424],[137.04504,35.0692],[137.04291,35.06787],[137.04267,35.06253],[137.03387,35.05318],[137.02534,35.04948],[137.01721,35.03974],[137.00535,35.03353],[137.00165,35.02704],[136.99784,35.02362],[136.99063,35.02233],[136.98759,35.01557],[136.98819,35.00901],[136.98104,35.00149],[136.98155,34.99273],[136.97889,34.98418],[136.98246,34.97218],[136.98326,34.95599],[136.99155,34.95759],[137.00001,34.95429],[137.00028,34.95182],[137.01052,34.94739],[137.02927,34.96034],[137.03582,34.96284],[137.04246,34.95907],[137.04684,34.96052],[137.04254,34.96835],[137.0482,34.97376],[137.04583,34.98062],[137.03826,34.98532],[137.02952,34.98573],[137.01862,34.99762],[137.02319,35.0054],[137.03025,35.00724],[137.03657,35.01459],[137.0337,35.01873],[137.03971,35.02181],[137.04902,35.02842],[137.04597,35.03316],[137.04958,35.0356],[137.05701,35.04875],[137.06339,35.05077],[137.06451,35.0574],[137.06839,35.05729]]]}},{"type":"Feature","properties":{"code":"23211","name":"豊田市","pref":"愛知県","pref_code":"23","cx":137.28326,"cy":35.13997,"bbox":[137.03971,34.99061,137.58109,35.29059]},"geometry":{"type":"Polygon","coordinates":[[[137.38515,34.99075],[137.39351,34.99486],[137.39293,34.99838],[137.39725,35.00561],[137.40747,35.01241],[137.4164,35.00953],[137.42539,35.01144],[137.42583,35.02361],[137.43548,35.03028],[137.43023,35.03749],[137.4317,35.05207],[137.43986,35.06222],[137.44531,35.06357],[137.44635,35.07194],[137.44277,35.08117],[137.43363,35.08701],[137.43461,35.09142],[137.43003,35.09584],[137.4294,35.10436],[137.43347,35.10819],[137.4425,35.1101],[137.44774,35.11965],[137.44841,35.1257],[137.44458,35.13046],[137.44373,35.13608],[137.45162,35.13296],[137.45733,35.13345],[137.46317,35.13891],[137.46818,35.14103],[137.47478,35.1501],[137.46219,35.16015],[137.47447,35.16991],[137.48318,35.17953],[137.48236,35.18558],[137.48696,35.19371],[137.49543,35.19729],[137.50255,35.19554],[137.4994,35.18943],[137.49997,35.18473],[137.51251,35.18526],[137.51891,35.17807],[137.53771,35.19033],[137.54627,35.18734],[137.55077,35.18905],[137.56664,35.18807],[137.5752,35.18555],[137.58109,35.19021],[137.57866,35.19847],[137.57677,35.2025],[137.577,35.21193],[137.57873,35.21944],[137.57559,35.22042],[137.5724,35.22661],[137.56852,35.22784],[137.56263,35.23537],[137.55715,35.23726],[137.55042,35.24291],[137.546,35.25179],[137.54842,35.25974],[137.55211,35.25991],[137.55748,35.26455],[137.5559,35.27242],[137.57075,35.2831],[137.56682,35.29001],[137.56233,35.28998],[137.55801,35.28401],[137.55199,35.28423],[137.54343,35.28055],[137.53176,35.2821],[137.52931,35.28418],[137.52137,35.28426],[137.51874,35.28165],[137.51413,35.26996],[137.5048,35.26294],[137.49724,35.26419],[137.49655,35.25902],[137.4843,35.25743],[137.47658,35.25341],[137.46947,35.24548],[137.4661,35.24664],[137.46214,35.24112],[137.45337,35.24051],[137.45045,35.23509],[137.44205,35.2337],[137.43471,35.22414],[137.43031,35.22296],[137.42492,35.22688],[137.41681,35.2404],[137.40893,35.23491],[137.401,35.24159],[137.38819,35.24012],[137.38319,35.24672],[137.38678,35.25181],[137.38512,35.2587],[137.36197,35.26097],[137.3505,35.25718],[137.3441,35.25786],[137.33995,35.26455],[137.34641,35.27123],[137.34463,35.27372],[137.32565,35.28045],[137.32129,35.28426],[137.30379,35.29059],[137.29843,35.28875],[137.28292,35.2877],[137.27426,35.28883],[137.26266,35.2852],[137.25945,35.27871],[137.26088,35.27541],[137.25376,35.27276],[137.24994,35.26855],[137.24359,35.26854],[137.22457,35.25649],[137.22136,35.25994],[137.21128,35.25969],[137.19996,35.25146],[137.19707,35.25334],[137.18949,35.25257],[137.18415,35.24999],[137.18037,35.24446],[137.17755,35.23629],[137.18096,35.22853],[137.17339,35.21788],[137.17267,35.21109],[137.16837,35.20542],[137.16079,35.20665],[137.143,35.1969],[137.14312,35.19361],[137.13489,35.19203],[137.12938,35.18847],[137.12606,35.18242],[137.1212,35.18529],[137.10919,35.18572],[137.10612,35.17935],[137.09933,35.18145],[137.09567,35.17939],[137.09738,35.1736],[137.09472,35.16026],[137.09612,35.15717],[137.09768,35.15553],[137.09749,35.14465],[137.10362,35.13609],[137.10483,35.13171],[137.11483,35.13146],[137.12055,35.12507],[137.12809,35.12304],[137.13008,35.11962],[137.12087,35.11494],[137.11618,35.10429],[137.11158,35.09717],[137.1131,35.09449],[137.10498,35.08368],[137.10209,35.07247],[137.10221,35.06422],[137.09585,35.05947],[137.08966,35.06158],[137.0835,35.0585],[137.06839,35.05729],[137.06451,35.0574],[137.06339,35.05077],[137.05701,35.04875],[137.04958,35.0356],[137.04597,35.03316],[137.04902,35.02842],[137.03971,35.02181],[137.04474,35.01998],[137.04793,35.0143],[137.05847,35.01256],[137.06195,35.00959],[137.06793,35.01248],[137.07281,35.01783],[137.07769,35.00809],[137.08506,35.00983],[137.09438,35.00743],[137.10072,35.00878],[137.11211,35.00206],[137.11637,34.99135],[137.12296,34.99061],[137.12978,34.99899],[137.14086,34.99789],[137.14274,34.99248],[137.14788,34.9925],[137.16021,34.99654],[137.1661,35.00295],[137.1604,35.01674],[137.15975,35.02622],[137.1705,35.03486],[137.17728,35.0349],[137.18576,35.03132],[137.19276,35.03826],[137.19911,35.03429],[137.20777,35.03303],[137.21247,35.04149],[137.21763,35.03768],[137.22544,35.04012],[137.23703,35.03927],[137.24259,35.02894],[137.25561,35.02817],[137.26152,35.0168],[137.26649,35.0195],[137.27031,35.02808],[137.27332,35.02843],[137.28238,35.02088],[137.28911,35.01796],[137.29604,35.01881],[137.30003,35.01673],[137.30881,35.0162],[137.31535,35.02041],[137.31956,35.01552],[137.32855,35.01742],[137.34575,35.0093],[137.34758,35.01531],[137.35487,35.01431],[137.37076,35.01546],[137.37657,35.00144],[137.37511,34.9979],[137.38515,34.99075]]]}},{"type":"Feature","properties":{"code":"23212","name":"安城市","pref":"愛知県","pref_code":"23","cx":137.06482,"cy":34.95187,"bbox":[137.01052,34.8889,137.12502,35.00983]},"geometry":{"type":"Polygon","coordinates":[[[137.11637,34.99135],[137.11211,35.00206],[137.10072,35.00878],[137.09438,35.00743],[137.08506,35.00983],[137.08479,35.00556],[137.07888,35.00054],[137.07007,34.99729],[137.07239,34.98601],[137.06401,34.98468],[137.06041,34.97987],[137.04583,34.98062],[137.0482,34.97376],[137.04254,34.96835],[137.04684,34.96052],[137.04246,34.95907],[137.03582,34.96284],[137.02927,34.96034],[137.01052,34.94739],[137.01235,34.94421],[137.01209,34.93565],[137.01685,34.9311],[137.02421,34.93173],[137.03182,34.93719],[137.03368,34.93373],[137.03254,34.92766],[137.03486,34.9212],[137.01882,34.91123],[137.01332,34.90492],[137.01634,34.89433],[137.02222,34.89452],[137.02814,34.8907],[137.03656,34.89016],[137.04043,34.89613],[137.04628,34.89459],[137.0484,34.9006],[137.06011,34.90783],[137.06305,34.91384],[137.06751,34.9127],[137.06678,34.90608],[137.0629,34.90015],[137.06473,34.8889],[137.08949,34.89035],[137.09781,34.89409],[137.10591,34.90043],[137.10799,34.9041],[137.10549,34.91172],[137.11089,34.91978],[137.11923,34.92709],[137.11511,34.92978],[137.11162,34.93669],[137.1086,34.93543],[137.10576,34.94385],[137.11646,34.95635],[137.11668,34.96135],[137.11995,34.96451],[137.11538,34.96976],[137.12502,34.97732],[137.1191,34.98173],[137.11637,34.99135]]]}},{"type":"Feature","properties":{"code":"23213","name":"西尾市","pref":"愛知県","pref_code":"23","cx":137.04445,"cy":34.84517,"bbox":[136.97074,34.71906,137.17033,34.91384]},"geometry":{"type":"MultiPolygon","coordinates":[[[[137.04095,34.73242],[137.03629,34.7315],[137.03251,34.723],[137.04409,34.7265],[137.04683,34.72062],[137.05021,34.71906],[137.05467,34.72675],[137.04095,34.73242]]],[[[137.10799,34.9041],[137.10591,34.90043],[137.09781,34.89409],[137.08949,34.89035],[137.06473,34.8889],[137.0629,34.90015],[137.06678,34.90608],[137.06751,34.9127],[137.06305,34.91384],[137.06011,34.90783],[137.0484,34.9006],[137.04628,34.89459],[137.04043,34.89613],[137.03656,34.89016],[137.03269,34.88581],[137.02079,34.87791],[137.00711,34.87212],[136.99958,34.86584],[136.97074,34.82068],[136.99053,34.81591],[136.99697,34.81647],[137.00022,34.80468],[137.00599,34.799],[137.01215,34.79602],[137.01154,34.79294],[137.01768,34.79029],[137.01684,34.78594],[137.02511,34.77794],[137.04077,34.7756],[137.04875,34.77926],[137.06271,34.78267],[137.06965,34.78652],[137.07626,34.78706],[137.08234,34.78361],[137.08817,34.77622],[137.09264,34.77796],[137.09865,34.78359],[137.10742,34.78765],[137.11767,34.79003],[137.12511,34.78289],[137.13242,34.78204],[137.13435,34.78863],[137.14593,34.78813],[137.15259,34.78132],[137.16281,34.78687],[137.16839,34.78762],[137.16993,34.79293],[137.17033,34.81281],[137.16369,34.81496],[137.1554,34.82499],[137.14771,34.82337],[137.14635,34.82827],[137.13504,34.83433],[137.12793,34.84248],[137.12399,34.8444],[137.11723,34.83871],[137.10171,34.84269],[137.10468,34.85179],[137.11314,34.85362],[137.1214,34.84595],[137.127,34.85347],[137.12234,34.859],[137.11517,34.85991],[137.112,34.86485],[137.11518,34.86989],[137.12262,34.87071],[137.13268,34.86961],[137.13707,34.8748],[137.13476,34.88244],[137.13968,34.88242],[137.13782,34.89052],[137.12856,34.8895],[137.11729,34.87989],[137.10309,34.87885],[137.10634,34.88719],[137.11285,34.88784],[137.11521,34.89076],[137.1129,34.89585],[137.11479,34.89997],[137.10799,34.9041]]]]}},{"type":"Feature","properties":{"code":"23214","name":"蒲郡市","pref":"愛知県","pref_code":"23","cx":137.23023,"cy":34.81916,"bbox":[137.16369,34.76525,137.30166,34.87011]},"geometry":{"type":"Polygon","coordinates":[[[137.21214,34.86764],[137.2044,34.86109],[137.20551,34.85642],[137.19709,34.85311],[137.19295,34.84818],[137.198,34.8415],[137.19159,34.83533],[137.19175,34.83274],[137.1996,34.82517],[137.18693,34.82293],[137.18003,34.82293],[137.179,34.82609],[137.17043,34.82151],[137.16369,34.81496],[137.17033,34.81281],[137.16993,34.79293],[137.16839,34.78762],[137.17449,34.7848],[137.17784,34.77925],[137.17412,34.77579],[137.17346,34.77033],[137.16953,34.76525],[137.17794,34.76567],[137.18936,34.77571],[137.18687,34.78059],[137.19062,34.79284],[137.1931,34.80487],[137.19857,34.81107],[137.20967,34.80275],[137.22287,34.81681],[137.24976,34.81085],[137.25319,34.8059],[137.25786,34.80439],[137.26391,34.80595],[137.26956,34.80477],[137.27944,34.80758],[137.29284,34.8045],[137.2945,34.81057],[137.29802,34.81068],[137.28933,34.8239],[137.30166,34.82649],[137.29558,34.83332],[137.2775,34.83535],[137.27464,34.83398],[137.26539,34.83878],[137.26044,34.84604],[137.25653,34.85582],[137.25635,34.86098],[137.23878,34.86676],[137.23234,34.8646],[137.22563,34.87011],[137.21214,34.86764]]]}},{"type":"Feature","properties":{"code":"23215","name":"犬山市","pref":"愛知県","pref_code":"23","cx":136.98447,"cy":35.36913,"bbox":[136.91687,35.31338,137.04985,35.42452]},"geometry":{"type":"Polygon","coordinates":[[[137.04631,35.33954],[137.04664,35.34851],[137.04985,35.3596],[137.04509,35.36741],[137.03398,35.36805],[137.02828,35.37532],[137.023,35.37503],[137.01612,35.37767],[137.01417,35.38177],[137.00212,35.38148],[136.99925,35.39005],[136.99149,35.39307],[136.98731,35.40198],[136.98157,35.40158],[136.97858,35.40642],[136.98459,35.41189],[136.98572,35.42452],[136.97442,35.42162],[136.96437,35.42094],[136.96112,35.41489],[136.96309,35.40655],[136.96171,35.39977],[136.93512,35.38825],[136.92615,35.38104],[136.92145,35.37903],[136.92326,35.37585],[136.91687,35.37147],[136.92104,35.36787],[136.93064,35.36778],[136.93524,35.37022],[136.93985,35.36134],[136.94157,35.35232],[136.93558,35.34595],[136.93665,35.34254],[136.93116,35.32864],[136.92504,35.32488],[136.92175,35.31929],[136.92698,35.32137],[136.93804,35.32155],[136.93976,35.32331],[136.95033,35.3229],[136.94732,35.31338],[136.96478,35.31664],[136.96937,35.32228],[136.97889,35.32472],[136.98527,35.32128],[136.98916,35.33061],[136.99484,35.33005],[137.00075,35.33217],[137.01216,35.33169],[137.01288,35.33483],[137.03245,35.33377],[137.04152,35.33617],[137.04631,35.33954]]]}},{"type":"Feature","properties":{"code":"23216","name":"常滑市","pref":"愛知県","pref_code":"23","cx":136.85784,"cy":34.87685,"bbox":[136.79845,34.81261,136.89203,34.94241]},"geometry":{"type":"MultiPolygon","coordinates":[[[[136.80583,34.87764],[136.79845,34.87558],[136.80056,34.87041],[136.80648,34.84586],[136.80697,34.84019],[136.8142,34.84021],[136.81264,34.84673],[136.82447,34.84874],[136.82339,34.85919],[136.82065,34.86593],[136.81538,34.87206],[136.80583,34.87764]]],[[[136.87979,34.91811],[136.88361,34.92046],[136.89203,34.93732],[136.89169,34.94],[136.88067,34.94241],[136.86423,34.94162],[136.85859,34.93771],[136.85499,34.9323],[136.84705,34.93214],[136.83486,34.93746],[136.82947,34.93659],[136.825,34.93936],[136.8228,34.93562],[136.82428,34.93056],[136.82219,34.91509],[136.82223,34.90203],[136.82602,34.89261],[136.8217,34.88423],[136.82749,34.8753],[136.83277,34.87445],[136.83688,34.8841],[136.84108,34.87783],[136.83722,34.87587],[136.84963,34.86999],[136.85722,34.86208],[136.85691,34.85611],[136.86136,34.85058],[136.86661,34.83801],[136.86184,34.81405],[136.86708,34.81261],[136.87236,34.81433],[136.87865,34.81277],[136.88691,34.81501],[136.88251,34.82359],[136.88463,34.82761],[136.8845,34.84033],[136.8819,34.85074],[136.88804,34.85198],[136.89143,34.85558],[136.88812,34.86516],[136.88143,34.8682],[136.87569,34.87834],[136.8749,34.88295],[136.87719,34.88814],[136.8769,34.89633],[136.87053,34.89712],[136.86575,34.90018],[136.86948,34.90983],[136.87979,34.91811]]]]}},{"type":"Feature","properties":{"code":"23217","name":"江南市","pref":"愛知県","pref_code":"23","cx":136.86978,"cy":35.33941,"bbox":[136.83404,35.29937,136.89965,35.37809]},"geometry":{"type":"Polygon","coordinates":[[[136.87725,35.30227],[136.88401,35.29937],[136.88752,35.30457],[136.88295,35.30924],[136.88359,35.31843],[136.88906,35.32132],[136.89453,35.33541],[136.89965,35.34134],[136.89509,35.34674],[136.89185,35.35379],[136.89642,35.35968],[136.89605,35.36658],[136.89889,35.37177],[136.89272,35.37809],[136.88618,35.37753],[136.87805,35.37447],[136.86493,35.37261],[136.86126,35.36838],[136.83404,35.35594],[136.8418,35.34553],[136.84151,35.33749],[136.84419,35.33661],[136.84559,35.32959],[136.85687,35.322],[136.85485,35.31689],[136.86685,35.31191],[136.87231,35.30802],[136.87167,35.30463],[136.87725,35.30227]]]}},{"type":"Feature","properties":{"code":"23219","name":"小牧市","pref":"愛知県","pref_code":"23","cx":136.94855,"cy":35.29547,"bbox":[136.88068,35.25549,137.04623,35.33944]},"geometry":{"type":"Polygon","coordinates":[[[137.04623,35.33944],[137.04152,35.33617],[137.03245,35.33377],[137.01288,35.33483],[137.01216,35.33169],[137.00075,35.33217],[136.99484,35.33005],[136.98916,35.33061],[136.98527,35.32128],[136.97889,35.32472],[136.96937,35.32228],[136.96478,35.31664],[136.94732,35.31338],[136.95033,35.3229],[136.93976,35.32331],[136.93804,35.32155],[136.92698,35.32137],[136.92175,35.31929],[136.90719,35.3202],[136.89588,35.30664],[136.88752,35.30457],[136.88401,35.29937],[136.8831,35.28949],[136.88582,35.28326],[136.88497,35.27515],[136.88068,35.26658],[136.8821,35.26424],[136.8962,35.26286],[136.89735,35.25555],[136.90233,35.25549],[136.90861,35.26163],[136.91718,35.26525],[136.92369,35.26336],[136.93081,35.25732],[136.93489,35.26097],[136.93099,35.26467],[136.93117,35.27338],[136.94593,35.27751],[136.94304,35.28727],[136.95394,35.28375],[136.95698,35.28097],[136.96547,35.28415],[136.9681,35.28913],[136.97283,35.28525],[136.98569,35.28257],[136.9894,35.28061],[137.00167,35.28545],[137.00765,35.28629],[137.01362,35.29328],[137.01326,35.29766],[137.01766,35.3063],[137.01647,35.31073],[137.01852,35.31709],[137.02482,35.32498],[137.04008,35.33008],[137.04623,35.33944]]]}},{"type":"Feature","properties":{"code":"23220","name":"稲沢市","pref":"愛知県","pref_code":"23","cx":136.76433,"cy":35.23502,"bbox":[136.67793,35.19376,136.83844,35.27635]},"geometry":{"type":"Polygon","coordinates":[[[136.70458,35.27558],[136.6981,35.26192],[136.69064,35.25321],[136.6796,35.24503],[136.67793,35.24151],[136.67988,35.22821],[136.68656,35.22943],[136.68712,35.23417],[136.69459,35.23587],[136.70996,35.23029],[136.72115,35.23023],[136.71761,35.22308],[136.72836,35.21983],[136.73047,35.20811],[136.72513,35.20363],[136.72371,35.19948],[136.73684,35.19376],[136.74266,35.19477],[136.75283,35.20426],[136.78013,35.20777],[136.79431,35.21313],[136.8065,35.21328],[136.80851,35.21751],[136.82274,35.21534],[136.82615,35.22196],[136.83496,35.22236],[136.83844,35.22947],[136.8298,35.23662],[136.82904,35.24321],[136.83677,35.25064],[136.83313,35.2597],[136.82928,35.26184],[136.82885,35.26931],[136.82287,35.27581],[136.80743,35.27635],[136.80359,35.27097],[136.79111,35.26843],[136.78623,35.26337],[136.77881,35.26326],[136.77585,35.26032],[136.76113,35.2637],[136.76003,35.26784],[136.75116,35.26635],[136.75017,35.26395],[136.74026,35.25813],[136.73633,35.26818],[136.7215,35.27169],[136.71678,35.27156],[136.70458,35.27558]]]}},{"type":"Feature","properties":{"code":"23221","name":"新城市","pref":"愛知県","pref_code":"23","cx":137.54093,"cy":34.95003,"bbox":[137.38515,34.8268,137.70813,35.07194]},"geometry":{"type":"Polygon","coordinates":[[[137.49888,34.8268],[137.49997,34.83129],[137.50795,34.83499],[137.5178,34.83585],[137.52388,34.84098],[137.53438,34.84418],[137.53884,34.84179],[137.551,34.84943],[137.55159,34.85186],[137.5652,34.85214],[137.57414,34.85046],[137.58702,34.85004],[137.59521,34.85908],[137.59753,34.8725],[137.60918,34.87515],[137.61625,34.87534],[137.62079,34.87911],[137.63359,34.88549],[137.64125,34.89308],[137.64044,34.90464],[137.64786,34.91213],[137.64696,34.91879],[137.65284,34.92549],[137.651,34.93336],[137.65666,34.93821],[137.65951,34.94458],[137.67062,34.94827],[137.6755,34.94535],[137.6829,34.95495],[137.68953,34.95681],[137.68997,34.96364],[137.69613,34.97143],[137.70422,34.96995],[137.70725,34.97228],[137.69991,34.98484],[137.70813,34.99446],[137.702,34.99847],[137.70105,35.00354],[137.70492,35.01476],[137.7058,35.02245],[137.70134,35.03026],[137.69146,35.03306],[137.69154,35.03797],[137.68074,35.04247],[137.67456,35.0403],[137.66657,35.04212],[137.66236,35.0498],[137.65464,35.04992],[137.65207,35.05445],[137.64549,35.05596],[137.64497,35.05941],[137.63781,35.06429],[137.6338,35.05838],[137.62839,35.05428],[137.63134,35.04881],[137.62572,35.04681],[137.62291,35.04028],[137.62454,35.03353],[137.62185,35.02879],[137.61999,35.01927],[137.60389,35.01636],[137.59967,35.01874],[137.59921,35.0254],[137.59475,35.03114],[137.58972,35.03418],[137.59027,35.0377],[137.58359,35.05105],[137.58285,35.05655],[137.57968,35.05963],[137.57006,35.06043],[137.56082,35.05781],[137.55925,35.05509],[137.54292,35.05732],[137.53456,35.05164],[137.53117,35.04252],[137.52536,35.04286],[137.52335,35.0481],[137.51736,35.04734],[137.51157,35.03968],[137.50517,35.04164],[137.50992,35.0494],[137.5069,35.05379],[137.50227,35.06542],[137.49146,35.06883],[137.48844,35.06419],[137.47584,35.06163],[137.47099,35.05386],[137.46265,35.05315],[137.45853,35.05597],[137.45198,35.05428],[137.44889,35.05857],[137.45133,35.06671],[137.44635,35.07194],[137.44531,35.06357],[137.43986,35.06222],[137.4317,35.05207],[137.43023,35.03749],[137.43548,35.03028],[137.42583,35.02361],[137.42539,35.01144],[137.4164,35.00953],[137.40747,35.01241],[137.39725,35.00561],[137.39293,34.99838],[137.39351,34.99486],[137.38515,34.99075],[137.39061,34.98289],[137.40035,34.98202],[137.40556,34.97879],[137.40025,34.97578],[137.39178,34.96595],[137.40246,34.95923],[137.40804,34.95821],[137.40209,34.95148],[137.40343,34.94858],[137.41263,34.9422],[137.40962,34.93765],[137.41242,34.93053],[137.41117,34.92766],[137.41712,34.9235],[137.42106,34.91571],[137.42055,34.90975],[137.42304,34.90354],[137.42869,34.89975],[137.44294,34.89631],[137.4433,34.89215],[137.45112,34.88305],[137.45588,34.8794],[137.45993,34.87102],[137.45497,34.86919],[137.45265,34.86397],[137.46132,34.85873],[137.472,34.86131],[137.47809,34.85957],[137.48161,34.8557],[137.47919,34.84859],[137.48723,34.84312],[137.48884,34.83266],[137.495,34.82758],[137.49888,34.8268]]]}},{"type":"Feature","properties":{"code":"23222","name":"東海市","pref":"愛知県","pref_code":"23","cx":136.8949,"cy":35.01768,"bbox":[136.85267,34.96958,136.94035,35.06892]},"geometry":{"type":"Polygon","coordinates":[[[136.88396,35.06727],[136.88638,35.06581],[136.87922,35.04739],[136.8893,35.04547],[136.88926,35.04225],[136.87027,35.04223],[136.86768,35.04007],[136.85423,35.0205],[136.85267,35.01521],[136.87058,35.01262],[136.86979,35.00836],[136.87984,35.00414],[136.88528,34.99826],[136.89308,34.99683],[136.89426,34.98985],[136.89791,34.98116],[136.907,34.9804],[136.91436,34.96958],[136.91608,34.97322],[136.92327,34.97586],[136.91909,34.98175],[136.91712,34.99402],[136.91886,35.00686],[136.92658,35.01422],[136.93372,35.01124],[136.94035,35.01539],[136.93244,35.01997],[136.93333,35.02445],[136.9266,35.03033],[136.93241,35.04256],[136.9285,35.04687],[136.93127,35.05074],[136.92576,35.0586],[136.92442,35.06442],[136.91777,35.06292],[136.91305,35.06848],[136.90579,35.06841],[136.9016,35.06892],[136.88396,35.06727]]]}},{"type":"Feature","properties":{"code":"23223","name":"大府市","pref":"愛知県","pref_code":"23","cx":136.96353,"cy":35.0148,"bbox":[136.91712,34.97586,137.00165,35.0532]},"geometry":{"type":"Polygon","coordinates":[[[136.93127,35.05074],[136.9285,35.04687],[136.93241,35.04256],[136.9266,35.03033],[136.93333,35.02445],[136.93244,35.01997],[136.94035,35.01539],[136.93372,35.01124],[136.92658,35.01422],[136.91886,35.00686],[136.91712,34.99402],[136.91909,34.98175],[136.92327,34.97586],[136.92903,34.98332],[136.93235,34.98376],[136.93646,34.98965],[136.94619,34.99188],[136.94854,34.99769],[136.95283,34.99615],[136.96181,35.00349],[136.97257,34.99947],[136.98104,35.00149],[136.98819,35.00901],[136.98759,35.01557],[136.99063,35.02233],[136.99784,35.02362],[137.00165,35.02704],[136.99704,35.03895],[136.98738,35.038],[136.9845,35.04277],[136.97388,35.04901],[136.97225,35.04306],[136.96485,35.04293],[136.96189,35.03956],[136.95577,35.04788],[136.9532,35.04477],[136.94634,35.04419],[136.94112,35.05216],[136.93662,35.0532],[136.93127,35.05074]]]}},{"type":"Feature","properties":{"code":"23224","name":"知多市","pref":"愛知県","pref_code":"23","cx":136.86925,"cy":34.97499,"bbox":[136.81102,34.93214,136.91797,35.01062]},"geometry":{"type":"MultiPolygon","coordinates":[[[[136.82205,34.96094],[136.81869,34.96435],[136.81102,34.95478],[136.82027,34.94977],[136.82306,34.95318],[136.82205,34.96094]]],[[[136.88067,34.94241],[136.87876,34.95082],[136.88513,34.95654],[136.88931,34.95517],[136.89435,34.95879],[136.90651,34.95236],[136.91041,34.95327],[136.91245,34.95936],[136.91797,34.96275],[136.91436,34.96958],[136.907,34.9804],[136.89791,34.98116],[136.89426,34.98985],[136.89308,34.99683],[136.88528,34.99826],[136.87984,35.00414],[136.86979,35.00836],[136.84966,35.01062],[136.84384,35.00474],[136.85434,35.00323],[136.85151,34.99825],[136.84631,34.999],[136.83394,34.98227],[136.8206,34.96639],[136.82889,34.96137],[136.82628,34.9529],[136.82671,34.9458],[136.825,34.93936],[136.82947,34.93659],[136.83486,34.93746],[136.84705,34.93214],[136.85499,34.9323],[136.85859,34.93771],[136.86423,34.94162],[136.88067,34.94241]]]]}},{"type":"Feature","properties":{"code":"23225","name":"知立市","pref":"愛知県","pref_code":"23","cx":137.05175,"cy":35.00297,"bbox":[137.01862,34.97987,137.08506,35.02181]},"geometry":{"type":"Polygon","coordinates":[[[137.04583,34.98062],[137.06041,34.97987],[137.06401,34.98468],[137.07239,34.98601],[137.07007,34.99729],[137.07888,35.00054],[137.08479,35.00556],[137.08506,35.00983],[137.07769,35.00809],[137.07281,35.01783],[137.06793,35.01248],[137.06195,35.00959],[137.05847,35.01256],[137.04793,35.0143],[137.04474,35.01998],[137.03971,35.02181],[137.0337,35.01873],[137.03657,35.01459],[137.03025,35.00724],[137.02319,35.0054],[137.01862,34.99762],[137.02952,34.98573],[137.03826,34.98532],[137.04583,34.98062]]]}},{"type":"Feature","properties":{"code":"23226","name":"尾張旭市","pref":"愛知県","pref_code":"23","cx":137.03256,"cy":35.21759,"bbox":[137.00154,35.19117,137.0682,35.24628]},"geometry":{"type":"Polygon","coordinates":[[[137.03226,35.19181],[137.04354,35.19117],[137.04983,35.19474],[137.04909,35.20272],[137.05701,35.20802],[137.06221,35.20841],[137.0682,35.21419],[137.05998,35.21595],[137.05729,35.22184],[137.06576,35.23887],[137.05988,35.24628],[137.05205,35.24311],[137.04934,35.23783],[137.04378,35.24151],[137.03913,35.23812],[137.01945,35.23127],[137.01085,35.22118],[137.00674,35.21924],[137.00154,35.2093],[137.00801,35.20649],[137.01328,35.20104],[137.01191,35.19499],[137.01903,35.19368],[137.0198,35.19848],[137.03226,35.19181]]]}},{"type":"Feature","properties":{"code":"23227","name":"高浜市","pref":"愛知県","pref_code":"23","cx":136.99767,"cy":34.93254,"bbox":[136.97762,34.90734,137.02421,34.95759]},"geometry":{"type":"Polygon","coordinates":[[[137.02421,34.93173],[137.01685,34.9311],[137.01209,34.93565],[137.01235,34.94421],[137.01052,34.94739],[137.00028,34.95182],[137.00001,34.95429],[136.99155,34.95759],[136.98326,34.95599],[136.98639,34.95198],[136.98156,34.9442],[136.97943,34.93335],[136.98215,34.92939],[136.9778,34.91503],[136.97762,34.90734],[136.98314,34.90753],[136.99658,34.9146],[137.00159,34.91466],[137.01641,34.92647],[137.02421,34.93173]]]}},{"type":"Feature","properties":{"code":"23228","name":"岩倉市","pref":"愛知県","pref_code":"23","cx":136.87165,"cy":35.28155,"bbox":[136.84383,35.25838,136.88582,35.30227]},"geometry":{"type":"Polygon","coordinates":[[[136.85068,35.26469],[136.86007,35.26486],[136.87438,35.25838],[136.88068,35.26658],[136.88497,35.27515],[136.88582,35.28326],[136.8831,35.28949],[136.88401,35.29937],[136.87725,35.30227],[136.87272,35.29769],[136.86506,35.29664],[136.86438,35.29059],[136.85639,35.27984],[136.849,35.27978],[136.84383,35.27118],[136.85068,35.26469]]]}},{"type":"Feature","properties":{"code":"23229","name":"豊明市","pref":"愛知県","pref_code":"23","cx":137.00655,"cy":35.05885,"bbox":[136.9724,35.02704,137.04291,35.0921]},"geometry":{"type":"Polygon","coordinates":[[[136.97388,35.04901],[136.9845,35.04277],[136.98738,35.038],[136.99704,35.03895],[137.00165,35.02704],[137.00535,35.03353],[137.01721,35.03974],[137.02534,35.04948],[137.03387,35.05318],[137.04267,35.06253],[137.04291,35.06787],[137.04069,35.07955],[137.0355,35.08388],[137.02741,35.08526],[137.02649,35.09024],[137.01748,35.0921],[137.00956,35.07532],[137.00474,35.07201],[136.99812,35.07415],[136.99472,35.07182],[136.98766,35.07255],[136.98427,35.06128],[136.97604,35.06234],[136.9724,35.05643],[136.97388,35.04901]]]}},{"type":"Feature","properties":{"code":"23230","name":"日進市","pref":"愛知県","pref_code":"23","cx":137.05426,"cy":35.13803,"bbox":[137.0033,35.10792,137.09768,35.16779]},"geometry":{"type":"Polygon","coordinates":[[[137.02111,35.1098],[137.02397,35.10792],[137.0329,35.11268],[137.03944,35.1087],[137.04621,35.1139],[137.05355,35.11609],[137.06057,35.11513],[137.06222,35.11913],[137.06774,35.12112],[137.07541,35.11932],[137.08131,35.12111],[137.09066,35.13232],[137.08814,35.13922],[137.09749,35.14465],[137.09768,35.15553],[137.09612,35.15717],[137.08263,35.15868],[137.07607,35.15815],[137.05922,35.1624],[137.05972,35.16777],[137.04807,35.16779],[137.04355,35.1628],[137.03613,35.16046],[137.03127,35.15477],[137.02702,35.15617],[137.02206,35.15325],[137.01843,35.14705],[137.02328,35.13982],[137.01696,35.13643],[137.00999,35.13684],[137.00816,35.1312],[137.0033,35.1284],[137.0145,35.11699],[137.01997,35.10957],[137.02111,35.1098]]]}},{"type":"Feature","properties":{"code":"23231","name":"田原市","pref":"愛知県","pref_code":"23","cx":137.2512,"cy":34.65537,"bbox":[137.01776,34.57842,137.34136,34.73095]},"geometry":{"type":"Polygon","coordinates":[[[137.30709,34.67996],[137.28653,34.68497],[137.29114,34.69118],[137.30088,34.69378],[137.30093,34.72807],[137.28483,34.73095],[137.26173,34.71591],[137.26691,34.70862],[137.26171,34.69883],[137.25799,34.6968],[137.25217,34.70521],[137.24548,34.70621],[137.23267,34.69914],[137.23955,34.69063],[137.23302,34.6887],[137.22948,34.67911],[137.22359,34.67563],[137.21186,34.67915],[137.20634,34.67791],[137.19784,34.66888],[137.1861,34.66906],[137.17504,34.65917],[137.16984,34.65652],[137.15786,34.65468],[137.14334,34.65402],[137.13153,34.65635],[137.12985,34.65161],[137.13702,34.65077],[137.14024,34.64664],[137.13656,34.64121],[137.11941,34.63464],[137.102,34.63819],[137.10648,34.64156],[137.10192,34.64564],[137.09682,34.64584],[137.08942,34.64973],[137.09022,34.65606],[137.08157,34.66181],[137.07517,34.663],[137.06832,34.66123],[137.05962,34.65323],[137.04205,34.62031],[137.03025,34.60106],[137.02726,34.5905],[137.02277,34.58441],[137.01776,34.58456],[137.01806,34.57842],[137.03119,34.58089],[137.03882,34.57885],[137.06839,34.5859],[137.09469,34.59077],[137.11726,34.58714],[137.13211,34.5882],[137.14293,34.59015],[137.16404,34.59668],[137.17959,34.60283],[137.19273,34.60525],[137.2068,34.61055],[137.21873,34.61374],[137.22197,34.61325],[137.24058,34.62013],[137.27435,34.63024],[137.30887,34.63973],[137.34136,34.64753],[137.33908,34.66093],[137.32389,34.66056],[137.30656,34.66461],[137.31069,34.67404],[137.30709,34.67996]]]}},{"type":"Feature","properties":{"code":"23232","name":"愛西市","pref":"愛知県","pref_code":"23","cx":136.68953,"cy":35.17514,"bbox":[136.67112,35.11616,136.77344,35.23587]},"geometry":{"type":"Polygon","coordinates":[[[136.76356,35.19972],[136.76233,35.20528],[136.75283,35.20426],[136.74266,35.19477],[136.73684,35.19376],[136.72371,35.19948],[136.72513,35.20363],[136.73047,35.20811],[136.72836,35.21983],[136.71761,35.22308],[136.72115,35.23023],[136.70996,35.23029],[136.69459,35.23587],[136.68712,35.23417],[136.68656,35.22943],[136.67988,35.22821],[136.68096,35.22378],[136.68313,35.19983],[136.67232,35.18878],[136.67112,35.17341],[136.6739,35.16018],[136.67434,35.1525],[136.67123,35.13984],[136.67639,35.12887],[136.69519,35.12461],[136.70142,35.11861],[136.70684,35.12124],[136.70451,35.12802],[136.71484,35.13023],[136.71723,35.13231],[136.72505,35.12756],[136.73277,35.12948],[136.73731,35.12714],[136.74637,35.13058],[136.75499,35.12266],[136.75846,35.11742],[136.7626,35.11616],[136.76991,35.1183],[136.77344,35.12755],[136.77093,35.13686],[136.7627,35.13274],[136.75976,35.1336],[136.7537,35.14873],[136.74666,35.15556],[136.73235,35.16667],[136.72681,35.16839],[136.70997,35.16375],[136.70706,35.17913],[136.70902,35.18947],[136.72026,35.18851],[136.72228,35.18601],[136.73051,35.18935],[136.72995,35.18429],[136.73781,35.1813],[136.7465,35.18156],[136.74791,35.17688],[136.75406,35.17898],[136.75402,35.18585],[136.75783,35.18647],[136.76356,35.19972]]]}},{"type":"Feature","properties":{"code":"23233","name":"清須市","pref":"愛知県","pref_code":"23","cx":136.84127,"cy":35.21822,"bbox":[136.82274,35.18056,136.87897,35.25177]},"geometry":{"type":"Polygon","coordinates":[[[136.85787,35.23056],[136.85085,35.23788],[136.84364,35.23731],[136.83919,35.2461],[136.84318,35.25177],[136.83677,35.25064],[136.82904,35.24321],[136.8298,35.23662],[136.83844,35.22947],[136.83496,35.22236],[136.82615,35.22196],[136.82274,35.21534],[136.82298,35.20412],[136.83664,35.20465],[136.83774,35.19746],[136.8438,35.19389],[136.84597,35.18895],[136.8444,35.18257],[136.84798,35.18056],[136.8563,35.18817],[136.86593,35.19166],[136.86984,35.194],[136.87897,35.20721],[136.87854,35.20934],[136.86837,35.21191],[136.86569,35.20689],[136.86019,35.20797],[136.86464,35.21333],[136.86036,35.21523],[136.85637,35.2211],[136.85787,35.23056]]]}},{"type":"Feature","properties":{"code":"23234","name":"北名古屋市","pref":"愛知県","pref_code":"23","cx":136.87214,"cy":35.24325,"bbox":[136.83919,35.22507,136.90479,35.26658]},"geometry":{"type":"Polygon","coordinates":[[[136.90304,35.2404],[136.90479,35.24856],[136.90233,35.25549],[136.89735,35.25555],[136.8962,35.26286],[136.8821,35.26424],[136.88068,35.26658],[136.87438,35.25838],[136.86007,35.26486],[136.85068,35.26469],[136.84316,35.25977],[136.84318,35.25177],[136.83919,35.2461],[136.84364,35.23731],[136.85085,35.23788],[136.85787,35.23056],[136.87097,35.23095],[136.87479,35.22507],[136.89923,35.23479],[136.90304,35.2404]]]}},{"type":"Feature","properties":{"code":"23235","name":"弥富市","pref":"愛知県","pref_code":"23","cx":136.76645,"cy":35.07621,"bbox":[136.70142,35.01446,136.80673,35.13231]},"geometry":{"type":"Polygon","coordinates":[[[136.70142,35.11861],[136.71407,35.10517],[136.71998,35.10337],[136.73128,35.09728],[136.74186,35.08595],[136.74957,35.08073],[136.75205,35.0717],[136.7517,35.06182],[136.7534,35.05302],[136.76086,35.03771],[136.77271,35.02439],[136.78137,35.01816],[136.78582,35.01955],[136.79388,35.01446],[136.79661,35.02226],[136.78077,35.03354],[136.78614,35.03567],[136.80025,35.0288],[136.80066,35.04471],[136.79694,35.04469],[136.79693,35.05149],[136.80667,35.05154],[136.80673,35.06027],[136.79541,35.06567],[136.77515,35.08171],[136.76347,35.08498],[136.75837,35.0907],[136.77105,35.09256],[136.77088,35.09782],[136.77815,35.09724],[136.78092,35.09183],[136.78479,35.09207],[136.79618,35.09756],[136.79635,35.09952],[136.78849,35.10586],[136.78518,35.11113],[136.77381,35.11458],[136.76991,35.1183],[136.7626,35.11616],[136.75846,35.11742],[136.75499,35.12266],[136.74637,35.13058],[136.73731,35.12714],[136.73277,35.12948],[136.72505,35.12756],[136.71723,35.13231],[136.71484,35.13023],[136.70451,35.12802],[136.70684,35.12124],[136.70142,35.11861]]]}},{"type":"Feature","properties":{"code":"23236","name":"みよし市","pref":"愛知県","pref_code":"23","cx":137.09963,"cy":35.09993,"bbox":[137.04504,35.05729,137.13008,35.14465]},"geometry":{"type":"Polygon","coordinates":[[[137.06839,35.05729],[137.0835,35.0585],[137.08966,35.06158],[137.09585,35.05947],[137.10221,35.06422],[137.10209,35.07247],[137.10498,35.08368],[137.1131,35.09449],[137.11158,35.09717],[137.11618,35.10429],[137.12087,35.11494],[137.13008,35.11962],[137.12809,35.12304],[137.12055,35.12507],[137.11483,35.13146],[137.10483,35.13171],[137.10362,35.13609],[137.09749,35.14465],[137.08814,35.13922],[137.09066,35.13232],[137.08445,35.12534],[137.08928,35.12312],[137.08534,35.10477],[137.08793,35.10123],[137.082,35.09743],[137.07826,35.09863],[137.07123,35.09559],[137.06597,35.09661],[137.05567,35.09104],[137.04994,35.07582],[137.04504,35.0692],[137.05063,35.06424],[137.05599,35.06688],[137.06877,35.06157],[137.06839,35.05729]]]}},{"type":"Feature","properties":{"code":"23237","name":"あま市","pref":"愛知県","pref_code":"23","cx":136.79432,"cy":35.18156,"bbox":[136.76233,35.14761,136.84798,35.21751]},"geometry":{"type":"Polygon","coordinates":[[[136.84798,35.18056],[136.8444,35.18257],[136.84597,35.18895],[136.8438,35.19389],[136.83774,35.19746],[136.83664,35.20465],[136.82298,35.20412],[136.82274,35.21534],[136.80851,35.21751],[136.8065,35.21328],[136.79431,35.21313],[136.78013,35.20777],[136.76233,35.20528],[136.76356,35.19972],[136.77193,35.19809],[136.77942,35.18441],[136.77999,35.17229],[136.78662,35.17222],[136.78287,35.16065],[136.78454,35.15738],[136.78665,35.14993],[136.79355,35.14773],[136.80091,35.14804],[136.80896,35.14761],[136.80941,35.15357],[136.80263,35.15418],[136.80176,35.1613],[136.8078,35.16819],[136.80908,35.1775],[136.80908,35.19009],[136.81399,35.18732],[136.82355,35.18728],[136.82376,35.18025],[136.83246,35.17868],[136.84112,35.17406],[136.84798,35.18056]]]}},{"type":"Feature","properties":{"code":"23238","name":"長久手市","pref":"愛知県","pref_code":"23","cx":137.06096,"cy":35.1766,"bbox":[137.02001,35.15477,137.09738,35.19589]},"geometry":{"type":"Polygon","coordinates":[[[137.02001,35.19071],[137.0258,35.18512],[137.02684,35.1794],[137.02402,35.17382],[137.02746,35.16873],[137.02288,35.1632],[137.02702,35.15617],[137.03127,35.15477],[137.03613,35.16046],[137.04355,35.1628],[137.04807,35.16779],[137.05972,35.16777],[137.05922,35.1624],[137.07607,35.15815],[137.08263,35.15868],[137.09612,35.15717],[137.09472,35.16026],[137.09738,35.1736],[137.09567,35.17939],[137.08773,35.18332],[137.08518,35.1898],[137.08157,35.18874],[137.07218,35.19138],[137.06705,35.19589],[137.05918,35.1911],[137.04983,35.19474],[137.04354,35.19117],[137.03226,35.19181],[137.02001,35.19071]]]}},{"type":"Feature","properties":{"code":"23302","name":"愛知郡東郷町","pref":"愛知県","pref_code":"23","cx":137.04282,"cy":35.09635,"bbox":[137.02001,35.06787,137.08928,35.12534]},"geometry":{"type":"Polygon","coordinates":[[[137.02148,35.09122],[137.02649,35.09024],[137.02741,35.08526],[137.0355,35.08388],[137.04069,35.07955],[137.04291,35.06787],[137.04504,35.0692],[137.04994,35.07582],[137.05567,35.09104],[137.06597,35.09661],[137.07123,35.09559],[137.07826,35.09863],[137.082,35.09743],[137.08793,35.10123],[137.08534,35.10477],[137.08928,35.12312],[137.08445,35.12534],[137.08131,35.12111],[137.07541,35.11932],[137.06774,35.12112],[137.06222,35.11913],[137.06057,35.11513],[137.05355,35.11609],[137.04621,35.1139],[137.03944,35.1087],[137.0329,35.11268],[137.02397,35.10792],[137.02111,35.1098],[137.02344,35.10273],[137.02001,35.0961],[137.02148,35.09122]]]}},{"type":"Feature","properties":{"code":"23342","name":"西春日井郡豊山町","pref":"愛知県","pref_code":"23","cx":136.91736,"cy":35.25203,"bbox":[136.90233,35.23643,136.93151,35.26525]},"geometry":{"type":"Polygon","coordinates":[[[136.9268,35.24257],[136.93151,35.24658],[136.93081,35.25732],[136.92369,35.26336],[136.91718,35.26525],[136.90861,35.26163],[136.90233,35.25549],[136.90479,35.24856],[136.90304,35.2404],[136.90873,35.24037],[136.91082,35.23643],[136.92041,35.23833],[136.9268,35.24257]]]}},{"type":"Feature","properties":{"code":"23361","name":"丹羽郡大口町","pref":"愛知県","pref_code":"23","cx":136.91286,"cy":35.33203,"bbox":[136.88295,35.30457,136.94157,35.36134]},"geometry":{"type":"Polygon","coordinates":[[[136.93985,35.36134],[136.93891,35.35491],[136.93554,35.35001],[136.93001,35.34966],[136.91907,35.35173],[136.90969,35.34906],[136.89965,35.34134],[136.89453,35.33541],[136.88906,35.32132],[136.88359,35.31843],[136.88295,35.30924],[136.88752,35.30457],[136.89588,35.30664],[136.90719,35.3202],[136.92175,35.31929],[136.92504,35.32488],[136.93116,35.32864],[136.93665,35.34254],[136.93558,35.34595],[136.94157,35.35232],[136.93985,35.36134]]]}},{"type":"Feature","properties":{"code":"23362","name":"丹羽郡扶桑町","pref":"愛知県","pref_code":"23","cx":136.91805,"cy":35.36051,"bbox":[136.89185,35.34134,136.93985,35.37903]},"geometry":{"type":"Polygon","coordinates":[[[136.92145,35.37903],[136.90853,35.37757],[136.89272,35.37809],[136.89889,35.37177],[136.89605,35.36658],[136.89642,35.35968],[136.89185,35.35379],[136.89509,35.34674],[136.89965,35.34134],[136.90969,35.34906],[136.91907,35.35173],[136.93001,35.34966],[136.93554,35.35001],[136.93891,35.35491],[136.93985,35.36134],[136.93524,35.37022],[136.93064,35.36778],[136.92104,35.36787],[136.91687,35.37147],[136.92326,35.37585],[136.92145,35.37903]]]}},{"type":"Feature","properties":{"code":"23424","name":"海部郡大治町","pref":"愛知県","pref_code":"23","cx":136.82331,"cy":35.17174,"bbox":[136.8078,35.15728,136.84112,35.19009]},"geometry":{"type":"Polygon","coordinates":[[[136.84112,35.17406],[136.83246,35.17868],[136.82376,35.18025],[136.82355,35.18728],[136.81399,35.18732],[136.80908,35.19009],[136.80908,35.1775],[136.8078,35.16819],[136.81836,35.16464],[136.81718,35.15898],[136.83019,35.15728],[136.83552,35.16943],[136.84112,35.17406]]]}},{"type":"Feature","properties":{"code":"23425","name":"海部郡蟹江町","pref":"愛知県","pref_code":"23","cx":136.78494,"cy":35.12477,"bbox":[136.76991,35.09694,136.80091,35.15738]},"geometry":{"type":"Polygon","coordinates":[[[136.80091,35.14804],[136.79355,35.14773],[136.78665,35.14993],[136.78454,35.15738],[136.785,35.15562],[136.78218,35.14974],[136.77089,35.14758],[136.77248,35.14085],[136.77093,35.13686],[136.77344,35.12755],[136.76991,35.1183],[136.77381,35.11458],[136.78518,35.11113],[136.78849,35.10586],[136.79635,35.09952],[136.79618,35.09756],[136.79794,35.09694],[136.79809,35.10185],[136.79197,35.11226],[136.7942,35.12198],[136.79757,35.12192],[136.79742,35.12817],[136.80013,35.13248],[136.80091,35.14804]]]}},{"type":"Feature","properties":{"code":"23427","name":"海部郡飛島村","pref":"愛知県","pref_code":"23","cx":136.80445,"cy":35.07418,"bbox":[136.75837,35.026,136.83897,35.09782]},"geometry":{"type":"MultiPolygon","coordinates":[[[[136.8309,35.04937],[136.81004,35.04931],[136.81085,35.02665],[136.81792,35.026],[136.83897,35.0302],[136.8309,35.04937]]],[[[136.79794,35.09694],[136.79618,35.09756],[136.78479,35.09207],[136.78092,35.09183],[136.77815,35.09724],[136.77088,35.09782],[136.77105,35.09256],[136.75837,35.0907],[136.76347,35.08498],[136.77515,35.08171],[136.79541,35.06567],[136.80673,35.06027],[136.80667,35.05154],[136.81716,35.05021],[136.83008,35.05025],[136.83363,35.05959],[136.83361,35.06393],[136.8236,35.06825],[136.82486,35.0801],[136.81006,35.09338],[136.79794,35.09694]]]]}},{"type":"Feature","properties":{"code":"23441","name":"知多郡阿久比町","pref":"愛知県","pref_code":"23","cx":136.91539,"cy":34.93678,"bbox":[136.87876,34.91078,136.94428,34.96275]},"geometry":{"type":"Polygon","coordinates":[[[136.94428,34.94175],[136.93935,34.94995],[136.92755,34.95457],[136.91797,34.96275],[136.91245,34.95936],[136.91041,34.95327],[136.90651,34.95236],[136.89435,34.95879],[136.88931,34.95517],[136.88513,34.95654],[136.87876,34.95082],[136.88067,34.94241],[136.89169,34.94],[136.89203,34.93732],[136.88361,34.92046],[136.87979,34.91811],[136.88691,34.91096],[136.89407,34.91106],[136.89932,34.91423],[136.91377,34.91078],[136.91948,34.9132],[136.93263,34.91331],[136.93372,34.92324],[136.93739,34.9267],[136.93598,34.9307],[136.93845,34.93624],[136.94428,34.94175]]]}},{"type":"Feature","properties":{"code":"23442","name":"知多郡東浦町","pref":"愛知県","pref_code":"23","cx":136.94946,"cy":34.96616,"bbox":[136.91436,34.93218,136.98326,35.00349]},"geometry":{"type":"Polygon","coordinates":[[[136.97524,34.93218],[136.98004,34.95097],[136.98326,34.95599],[136.98246,34.97218],[136.97889,34.98418],[136.98155,34.99273],[136.98104,35.00149],[136.97257,34.99947],[136.96181,35.00349],[136.95283,34.99615],[136.94854,34.99769],[136.94619,34.99188],[136.93646,34.98965],[136.93235,34.98376],[136.92903,34.98332],[136.92327,34.97586],[136.91608,34.97322],[136.91436,34.96958],[136.91797,34.96275],[136.92755,34.95457],[136.93935,34.94995],[136.94428,34.94175],[136.95383,34.93807],[136.96047,34.94009],[136.96674,34.9363],[136.96561,34.93292],[136.97524,34.93218]]]}},{"type":"Feature","properties":{"code":"23445","name":"知多郡南知多町","pref":"愛知県","pref_code":"23","cx":136.89417,"cy":34.73227,"bbox":[136.85184,34.66649,137.0114,34.76642]},"geometry":{"type":"MultiPolygon","coordinates":[[[[137.00837,34.6856],[137.00449,34.67793],[137.00011,34.67839],[137.00322,34.66649],[137.00661,34.67611],[137.01015,34.67732],[137.00837,34.6856]]],[[[137.00762,34.70914],[136.99799,34.70498],[136.9989,34.70047],[137.0114,34.70451],[137.00762,34.70914]]],[[[136.94214,34.74744],[136.93518,34.74147],[136.92275,34.7286],[136.91031,34.73885],[136.90255,34.74832],[136.89907,34.75462],[136.89784,34.76365],[136.88784,34.76642],[136.88145,34.76117],[136.86944,34.75516],[136.8651,34.7557],[136.85858,34.74707],[136.85184,34.74856],[136.85653,34.74549],[136.85876,34.74076],[136.86552,34.73768],[136.87172,34.73029],[136.88062,34.72738],[136.88845,34.72097],[136.89754,34.7193],[136.91017,34.71443],[136.93042,34.70478],[136.93559,34.7082],[136.94255,34.70086],[136.95536,34.69966],[136.96051,34.70145],[136.97377,34.69941],[136.97377,34.70508],[136.96986,34.71028],[136.97301,34.71697],[136.96318,34.71878],[136.96386,34.72294],[136.96958,34.72432],[136.96439,34.73426],[136.95677,34.73777],[136.952,34.73807],[136.94214,34.74744]]]]}},{"type":"Feature","properties":{"code":"23446","name":"知多郡美浜町","pref":"愛知県","pref_code":"23","cx":136.88052,"cy":34.7721,"bbox":[136.84205,34.7286,136.94214,34.81501]},"geometry":{"type":"Polygon","coordinates":[[[136.86184,34.81405],[136.85746,34.80397],[136.85612,34.79362],[136.8469,34.77415],[136.84205,34.76236],[136.8453,34.75611],[136.85184,34.74856],[136.85858,34.74707],[136.8651,34.7557],[136.86944,34.75516],[136.88145,34.76117],[136.88784,34.76642],[136.89784,34.76365],[136.89907,34.75462],[136.90255,34.74832],[136.91031,34.73885],[136.92275,34.7286],[136.93518,34.74147],[136.94214,34.74744],[136.93478,34.75379],[136.92743,34.7571],[136.92702,34.76408],[136.91958,34.76574],[136.9148,34.77005],[136.91602,34.78295],[136.92111,34.79317],[136.91921,34.79801],[136.92204,34.80368],[136.92132,34.81325],[136.91429,34.81108],[136.90409,34.81483],[136.88691,34.81501],[136.87865,34.81277],[136.87236,34.81433],[136.86708,34.81261],[136.86184,34.81405]]]}},{"type":"Feature","properties":{"code":"23447","name":"知多郡武豊町","pref":"愛知県","pref_code":"23","cx":136.90673,"cy":34.84441,"bbox":[136.87569,34.81108,136.94073,34.87834]},"geometry":{"type":"Polygon","coordinates":[[[136.87569,34.87834],[136.88143,34.8682],[136.88812,34.86516],[136.89143,34.85558],[136.88804,34.85198],[136.8819,34.85074],[136.8845,34.84033],[136.88463,34.82761],[136.88251,34.82359],[136.88691,34.81501],[136.90409,34.81483],[136.91429,34.81108],[136.92132,34.81325],[136.92537,34.81399],[136.92689,34.8276],[136.9354,34.83004],[136.93601,34.83583],[136.92937,34.83907],[136.93044,34.84851],[136.93456,34.84848],[136.93545,34.85712],[136.92807,34.85861],[136.92822,34.86553],[136.94073,34.86277],[136.9266,34.86768],[136.92366,34.87002],[136.91519,34.86855],[136.90537,34.8709],[136.89459,34.87504],[136.8842,34.8735],[136.87569,34.87834]]]}},{"type":"Feature","properties":{"code":"23501","name":"額田郡幸田町","pref":"愛知県","pref_code":"23","cx":137.15992,"cy":34.86297,"bbox":[137.10171,34.81496,137.21214,34.90971]},"geometry":{"type":"Polygon","coordinates":[[[137.13782,34.89052],[137.13968,34.88242],[137.13476,34.88244],[137.13707,34.8748],[137.13268,34.86961],[137.12262,34.87071],[137.11518,34.86989],[137.112,34.86485],[137.11517,34.85991],[137.12234,34.859],[137.127,34.85347],[137.1214,34.84595],[137.11314,34.85362],[137.10468,34.85179],[137.10171,34.84269],[137.11723,34.83871],[137.12399,34.8444],[137.12793,34.84248],[137.13504,34.83433],[137.14635,34.82827],[137.14771,34.82337],[137.1554,34.82499],[137.16369,34.81496],[137.17043,34.82151],[137.179,34.82609],[137.18003,34.82293],[137.18693,34.82293],[137.1996,34.82517],[137.19175,34.83274],[137.19159,34.83533],[137.198,34.8415],[137.19295,34.84818],[137.19709,34.85311],[137.20551,34.85642],[137.2044,34.86109],[137.21214,34.86764],[137.20971,34.87209],[137.21081,34.87787],[137.20371,34.8807],[137.20067,34.88464],[137.20236,34.89067],[137.20826,34.89239],[137.20313,34.89903],[137.1958,34.90085],[137.19292,34.9054],[137.17699,34.90971],[137.16712,34.90566],[137.1618,34.90037],[137.15816,34.88916],[137.15359,34.88682],[137.13782,34.89052]]]}},{"type":"Feature","properties":{"code":"23561","name":"北設楽郡設楽町","pref":"愛知県","pref_code":"23","cx":137.52675,"cy":35.11525,"bbox":[137.4294,35.01636,137.67741,35.21755]},"geometry":{"type":"Polygon","coordinates":[[[137.44635,35.07194],[137.45133,35.06671],[137.44889,35.05857],[137.45198,35.05428],[137.45853,35.05597],[137.46265,35.05315],[137.47099,35.05386],[137.47584,35.06163],[137.48844,35.06419],[137.49146,35.06883],[137.50227,35.06542],[137.5069,35.05379],[137.50992,35.0494],[137.50517,35.04164],[137.51157,35.03968],[137.51736,35.04734],[137.52335,35.0481],[137.52536,35.04286],[137.53117,35.04252],[137.53456,35.05164],[137.54292,35.05732],[137.55925,35.05509],[137.56082,35.05781],[137.57006,35.06043],[137.57968,35.05963],[137.58285,35.05655],[137.58359,35.05105],[137.59027,35.0377],[137.58972,35.03418],[137.59475,35.03114],[137.59921,35.0254],[137.59967,35.01874],[137.60389,35.01636],[137.61999,35.01927],[137.62185,35.02879],[137.62454,35.03353],[137.62291,35.04028],[137.62572,35.04681],[137.63134,35.04881],[137.62839,35.05428],[137.6338,35.05838],[137.63781,35.06429],[137.63872,35.06802],[137.6342,35.07249],[137.63329,35.08394],[137.62534,35.08936],[137.62106,35.09806],[137.60959,35.09787],[137.60633,35.10344],[137.60614,35.11115],[137.61022,35.11935],[137.60952,35.13127],[137.61033,35.14001],[137.61508,35.14117],[137.62142,35.13802],[137.63093,35.14265],[137.63746,35.14233],[137.64194,35.14504],[137.6504,35.14634],[137.65535,35.13942],[137.65907,35.14117],[137.67057,35.14154],[137.6759,35.13996],[137.67741,35.14502],[137.67696,35.15834],[137.66699,35.17579],[137.66341,35.18712],[137.65974,35.18948],[137.65494,35.19901],[137.65691,35.20371],[137.65699,35.21524],[137.65351,35.21755],[137.64539,35.21402],[137.64462,35.20901],[137.63298,35.2122],[137.6268,35.21188],[137.60308,35.20607],[137.59148,35.19934],[137.57866,35.19847],[137.58109,35.19021],[137.5752,35.18555],[137.56664,35.18807],[137.55077,35.18905],[137.54627,35.18734],[137.53771,35.19033],[137.51891,35.17807],[137.51251,35.18526],[137.49997,35.18473],[137.4994,35.18943],[137.50255,35.19554],[137.49543,35.19729],[137.48696,35.19371],[137.48236,35.18558],[137.48318,35.17953],[137.47447,35.16991],[137.46219,35.16015],[137.47478,35.1501],[137.46818,35.14103],[137.46317,35.13891],[137.45733,35.13345],[137.45162,35.13296],[137.44373,35.13608],[137.44458,35.13046],[137.44841,35.1257],[137.44774,35.11965],[137.4425,35.1101],[137.43347,35.10819],[137.4294,35.10436],[137.43003,35.09584],[137.43461,35.09142],[137.43363,35.08701],[137.44277,35.08117],[137.44635,35.07194]]]}},{"type":"Feature","properties":{"code":"23562","name":"北設楽郡東栄町","pref":"愛知県","pref_code":"23","cx":137.70421,"cy":35.08096,"bbox":[137.60614,35.01476,137.77827,35.14634]},"geometry":{"type":"Polygon","coordinates":[[[137.70492,35.01476],[137.71652,35.02747],[137.71735,35.03515],[137.72875,35.04034],[137.74028,35.05651],[137.75474,35.06543],[137.76847,35.07234],[137.77567,35.07798],[137.77406,35.08413],[137.77456,35.0927],[137.77827,35.09962],[137.77417,35.10047],[137.76326,35.10893],[137.76161,35.11206],[137.74784,35.11489],[137.74552,35.12296],[137.73982,35.12261],[137.71568,35.13098],[137.71169,35.12557],[137.70558,35.12333],[137.70283,35.12577],[137.69419,35.12407],[137.68906,35.13292],[137.68212,35.13266],[137.67058,35.12903],[137.65974,35.12942],[137.65535,35.13942],[137.6504,35.14634],[137.64194,35.14504],[137.63746,35.14233],[137.63093,35.14265],[137.62142,35.13802],[137.61508,35.14117],[137.61033,35.14001],[137.60952,35.13127],[137.61022,35.11935],[137.60614,35.11115],[137.60633,35.10344],[137.60959,35.09787],[137.62106,35.09806],[137.62534,35.08936],[137.63329,35.08394],[137.6342,35.07249],[137.63872,35.06802],[137.63781,35.06429],[137.64497,35.05941],[137.64549,35.05596],[137.65207,35.05445],[137.65464,35.04992],[137.66236,35.0498],[137.66657,35.04212],[137.67456,35.0403],[137.68074,35.04247],[137.69154,35.03797],[137.69146,35.03306],[137.70134,35.03026],[137.7058,35.02245],[137.70492,35.01476]]]}},{"type":"Feature","properties":{"code":"23563","name":"北設楽郡豊根村","pref":"愛知県","pref_code":"23","cx":137.74875,"cy":35.16332,"bbox":[137.65351,35.09555,137.82896,35.23509]},"geometry":{"type":"Polygon","coordinates":[[[137.65535,35.13942],[137.65974,35.12942],[137.67058,35.12903],[137.68212,35.13266],[137.68906,35.13292],[137.69419,35.12407],[137.70283,35.12577],[137.70558,35.12333],[137.71169,35.12557],[137.71568,35.13098],[137.73982,35.12261],[137.74552,35.12296],[137.74784,35.11489],[137.76161,35.11206],[137.76326,35.10893],[137.77417,35.10047],[137.77827,35.09962],[137.78176,35.09664],[137.79297,35.09555],[137.79519,35.10308],[137.80132,35.10659],[137.79831,35.11831],[137.79731,35.1271],[137.792,35.12905],[137.79314,35.13522],[137.79873,35.13546],[137.80099,35.13086],[137.80586,35.13112],[137.80986,35.13703],[137.81486,35.14047],[137.8124,35.14375],[137.81357,35.15101],[137.82186,35.14801],[137.82896,35.15191],[137.8273,35.15548],[137.82129,35.15844],[137.82547,35.1682],[137.81814,35.17468],[137.81044,35.17481],[137.8032,35.18312],[137.8074,35.18783],[137.81381,35.18628],[137.82034,35.1973],[137.82166,35.20319],[137.82891,35.20433],[137.82675,35.21595],[137.82152,35.21565],[137.80678,35.20981],[137.80042,35.20565],[137.78349,35.20598],[137.7791,35.20275],[137.76772,35.20689],[137.76609,35.21],[137.76802,35.21846],[137.76038,35.22077],[137.747,35.22048],[137.74331,35.21887],[137.73552,35.2227],[137.72942,35.22098],[137.72242,35.2221],[137.72215,35.23052],[137.71177,35.22887],[137.70576,35.23385],[137.69982,35.23161],[137.69406,35.23371],[137.68722,35.23073],[137.68126,35.23509],[137.67858,35.23089],[137.67363,35.23117],[137.66788,35.2273],[137.65697,35.22826],[137.65392,35.22671],[137.65351,35.21755],[137.65699,35.21524],[137.65691,35.20371],[137.65494,35.19901],[137.65974,35.18948],[137.66341,35.18712],[137.66699,35.17579],[137.67696,35.15834],[137.67741,35.14502],[137.6759,35.13996],[137.67057,35.14154],[137.65907,35.14117],[137.65535,35.13942]]]}}]}