{"type":"FeatureCollection","features":[{"type":"Feature","properties":{"code":"31201","name":"鳥取市","pref":"鳥取県","pref_code":"31","cx":134.11595,"cy":35.4228,"bbox":[133.94604,35.27171,134.44077,35.57271]},"geometry":{"type":"Polygon","coordinates":[[[134.27779,35.57271],[134.27252,35.56067],[134.25755,35.55457],[134.23117,35.54646],[134.20779,35.54166],[134.19714,35.54086],[134.18709,35.54289],[134.18629,35.53849],[134.16949,35.53359],[134.15221,35.5309],[134.09844,35.5244],[134.08263,35.52533],[134.07667,35.52093],[134.05698,35.51893],[134.03391,35.51849],[134.0218,35.51969],[134.00846,35.53767],[134.00239,35.53171],[134.00074,35.52607],[133.98939,35.52292],[133.9652,35.52284],[133.9706,35.51826],[133.9709,35.51217],[133.96434,35.50314],[133.95725,35.49921],[133.95423,35.48837],[133.95579,35.48595],[133.94604,35.46183],[133.95369,35.4508],[133.94741,35.44113],[133.95085,35.43682],[133.95138,35.42815],[133.96478,35.42661],[133.97087,35.42211],[133.98306,35.42513],[133.98877,35.4207],[133.9937,35.4235],[133.99523,35.41397],[134.00084,35.40639],[133.99497,35.40303],[133.99131,35.39366],[133.99955,35.38921],[134.00284,35.39081],[134.01668,35.38692],[134.03162,35.3792],[134.0415,35.37648],[134.03157,35.36639],[134.01776,35.36109],[134.01985,35.35608],[134.01481,35.35039],[134.01542,35.34529],[134.01082,35.3404],[134.01536,35.33386],[134.00416,35.32528],[133.99947,35.31465],[134.00784,35.3084],[134.02169,35.30557],[134.02966,35.30735],[134.03388,35.30395],[134.04414,35.30276],[134.04813,35.29848],[134.05466,35.29819],[134.0622,35.30304],[134.07066,35.29926],[134.08168,35.30226],[134.0863,35.30733],[134.09791,35.3033],[134.10279,35.29639],[134.1223,35.28107],[134.14804,35.27792],[134.15656,35.27171],[134.1979,35.28078],[134.19914,35.28718],[134.20781,35.28969],[134.21978,35.30142],[134.22375,35.29736],[134.23572,35.29625],[134.24442,35.29825],[134.25235,35.29605],[134.2573,35.30288],[134.2657,35.30507],[134.27054,35.30901],[134.26902,35.31246],[134.25737,35.31537],[134.25413,35.32741],[134.24501,35.3281],[134.23922,35.34095],[134.23836,35.34775],[134.24128,35.35583],[134.23429,35.36087],[134.23078,35.37163],[134.23589,35.3862],[134.23184,35.39128],[134.22541,35.3932],[134.21592,35.40329],[134.21552,35.41177],[134.22699,35.41423],[134.23812,35.42109],[134.23806,35.42486],[134.24836,35.42892],[134.26217,35.43143],[134.26514,35.44013],[134.28005,35.44444],[134.28884,35.44186],[134.29685,35.44508],[134.30355,35.4402],[134.31035,35.43868],[134.33037,35.4281],[134.34073,35.43033],[134.34838,35.42535],[134.36332,35.4263],[134.3773,35.43159],[134.37971,35.43756],[134.40473,35.43951],[134.41564,35.43389],[134.42799,35.43491],[134.44077,35.43986],[134.4401,35.4428],[134.43818,35.46123],[134.43458,35.46363],[134.43444,35.47083],[134.42715,35.48173],[134.4271,35.48607],[134.41357,35.48982],[134.40885,35.48689],[134.40044,35.49009],[134.39317,35.50064],[134.38746,35.49813],[134.37888,35.50069],[134.36111,35.48388],[134.35269,35.48203],[134.35043,35.47789],[134.33592,35.47817],[134.3286,35.48493],[134.31943,35.48703],[134.31893,35.49183],[134.32433,35.49764],[134.32347,35.50245],[134.32662,35.51041],[134.32305,35.51301],[134.32882,35.52814],[134.32683,35.53377],[134.30928,35.53819],[134.30608,35.54714],[134.29935,35.54865],[134.29472,35.56197],[134.27779,35.57271]]]}},{"type":"Feature","properties":{"code":"31202","name":"米子市","pref":"鳥取県","pref_code":"31","cx":133.43083,"cy":35.43858,"bbox":[133.22685,35.37428,133.48025,35.50098]},"geometry":{"type":"Polygon","coordinates":[[[133.37405,35.45629],[133.35434,35.46059],[133.34837,35.4607],[133.32319,35.46628],[133.29344,35.47782],[133.27987,35.48647],[133.26283,35.50098],[133.25095,35.49701],[133.24338,35.49229],[133.22685,35.47716],[133.25974,35.45388],[133.27202,35.44601],[133.30072,35.4363],[133.30869,35.43088],[133.32057,35.41028],[133.32106,35.39551],[133.31357,35.38735],[133.31902,35.38349],[133.32443,35.37428],[133.32884,35.37467],[133.33925,35.38532],[133.35576,35.38631],[133.35999,35.38101],[133.37299,35.37876],[133.3867,35.38642],[133.38931,35.39688],[133.40307,35.39791],[133.41485,35.38961],[133.42994,35.39168],[133.44044,35.39038],[133.44537,35.39238],[133.44568,35.39777],[133.44183,35.41456],[133.45097,35.41656],[133.46566,35.41595],[133.47028,35.42295],[133.47968,35.42988],[133.48025,35.4372],[133.47121,35.43996],[133.46498,35.44542],[133.45844,35.44722],[133.45915,35.45172],[133.45286,35.46207],[133.43412,35.45962],[133.4346,35.46875],[133.42932,35.46989],[133.4277,35.46293],[133.42264,35.45836],[133.40247,35.45328],[133.39161,35.45382],[133.39055,35.44603],[133.38659,35.44149],[133.38457,35.43257],[133.36756,35.43436],[133.37405,35.45629]]]}},{"type":"Feature","properties":{"code":"31203","name":"倉吉市","pref":"鳥取県","pref_code":"31","cx":133.74289,"cy":35.39372,"bbox":[133.57623,35.3082,133.88748,35.4814]},"geometry":{"type":"Polygon","coordinates":[[[133.84663,35.47843],[133.83872,35.47727],[133.82756,35.4814],[133.82541,35.4639],[133.81849,35.45789],[133.80384,35.46076],[133.80442,35.4646],[133.79641,35.46989],[133.78446,35.46325],[133.77655,35.46939],[133.7656,35.46847],[133.76119,35.47111],[133.75167,35.46591],[133.74693,35.4604],[133.74955,35.45497],[133.73714,35.44684],[133.73098,35.44083],[133.72626,35.44035],[133.71739,35.43377],[133.70954,35.43283],[133.69887,35.42664],[133.68183,35.42079],[133.67059,35.42021],[133.66583,35.41871],[133.65001,35.40696],[133.64445,35.40095],[133.64418,35.39555],[133.63881,35.38685],[133.62616,35.37916],[133.61525,35.37744],[133.60106,35.37063],[133.59387,35.37054],[133.58822,35.36731],[133.57623,35.36587],[133.57656,35.35993],[133.58536,35.35196],[133.59368,35.35043],[133.59641,35.3449],[133.60581,35.34106],[133.618,35.3396],[133.62219,35.33671],[133.63161,35.3395],[133.64069,35.33666],[133.64918,35.33634],[133.66574,35.32401],[133.67396,35.32337],[133.67736,35.31929],[133.69176,35.32084],[133.69606,35.32692],[133.70902,35.32506],[133.71721,35.31992],[133.72713,35.31701],[133.74868,35.31706],[133.75069,35.3114],[133.75696,35.3082],[133.76234,35.31109],[133.76456,35.31694],[133.77183,35.32045],[133.77544,35.32652],[133.7831,35.32772],[133.78662,35.33427],[133.79725,35.33732],[133.80783,35.34742],[133.81998,35.34852],[133.83016,35.35705],[133.83147,35.37139],[133.83531,35.38491],[133.84172,35.39188],[133.85051,35.40774],[133.85974,35.41006],[133.86697,35.4218],[133.87146,35.41943],[133.88748,35.42346],[133.88746,35.42722],[133.88116,35.43259],[133.87071,35.43526],[133.86768,35.44068],[133.86035,35.44355],[133.86317,35.45229],[133.86284,35.45912],[133.86658,35.46325],[133.8658,35.47174],[133.85894,35.47793],[133.84663,35.47843]]]}},{"type":"Feature","properties":{"code":"31204","name":"境港市","pref":"鳥取県","pref_code":"31","cx":133.2291,"cy":35.51495,"bbox":[133.19863,35.47716,133.26522,35.55023]},"geometry":{"type":"Polygon","coordinates":[[[133.26283,35.50098],[133.2534,35.51295],[133.25308,35.51696],[133.26058,35.51973],[133.25578,35.52828],[133.24629,35.52769],[133.25037,35.53721],[133.25854,35.54164],[133.26522,35.54892],[133.2585,35.55023],[133.24982,35.54645],[133.24462,35.54911],[133.22772,35.54887],[133.21851,35.54631],[133.20102,35.53524],[133.19863,35.52602],[133.21605,35.49556],[133.2225,35.48022],[133.22685,35.47716],[133.24338,35.49229],[133.25095,35.49701],[133.26283,35.50098]]]}},{"type":"Feature","properties":{"code":"31302","name":"岩美郡岩美町","pref":"鳥取県","pref_code":"31","cx":134.36607,"cy":35.5401,"bbox":[134.27779,35.47083,134.43791,35.60825]},"geometry":{"type":"Polygon","coordinates":[[[134.43444,35.47083],[134.43791,35.47428],[134.42743,35.49657],[134.43088,35.50247],[134.4131,35.5176],[134.42067,35.52857],[134.42401,35.542],[134.42102,35.54489],[134.42506,35.55203],[134.4215,35.56291],[134.40995,35.5629],[134.40507,35.57071],[134.40826,35.58732],[134.40164,35.59503],[134.3931,35.59827],[134.38729,35.60372],[134.38163,35.60334],[134.37484,35.60825],[134.36644,35.60209],[134.35958,35.60047],[134.34772,35.60131],[134.34447,35.60619],[134.33762,35.60022],[134.33706,35.59337],[134.32394,35.59053],[134.31586,35.59392],[134.30216,35.58936],[134.29685,35.59006],[134.28741,35.57355],[134.27779,35.57271],[134.29472,35.56197],[134.29935,35.54865],[134.30608,35.54714],[134.30928,35.53819],[134.32683,35.53377],[134.32882,35.52814],[134.32305,35.51301],[134.32662,35.51041],[134.32347,35.50245],[134.32433,35.49764],[134.31893,35.49183],[134.31943,35.48703],[134.3286,35.48493],[134.33592,35.47817],[134.35043,35.47789],[134.35269,35.48203],[134.36111,35.48388],[134.37888,35.50069],[134.38746,35.49813],[134.39317,35.50064],[134.40044,35.49009],[134.40885,35.48689],[134.41357,35.48982],[134.4271,35.48607],[134.42715,35.48173],[134.43444,35.47083]]]}},{"type":"Feature","properties":{"code":"31325","name":"八頭郡若桜町","pref":"鳥取県","pref_code":"31","cx":134.43337,"cy":35.33451,"bbox":[134.35413,35.22917,134.51524,35.4428]},"geometry":{"type":"Polygon","coordinates":[[[134.44077,35.43986],[134.44723,35.43204],[134.44374,35.41223],[134.43841,35.40833],[134.434,35.39626],[134.42468,35.39099],[134.4076,35.38769],[134.39789,35.37996],[134.38829,35.37716],[134.39193,35.37246],[134.38729,35.36331],[134.38642,35.35448],[134.37847,35.36018],[134.37384,35.35698],[134.37542,35.34257],[134.3646,35.3376],[134.36132,35.33174],[134.35946,35.31985],[134.35452,35.31377],[134.35413,35.30726],[134.36916,35.29494],[134.37558,35.29616],[134.38356,35.29188],[134.3822,35.28733],[134.38749,35.279],[134.38708,35.25573],[134.38138,35.24885],[134.39366,35.25175],[134.40169,35.24582],[134.40153,35.24239],[134.4153,35.2391],[134.43532,35.22917],[134.44802,35.23794],[134.46382,35.2374],[134.46177,35.2431],[134.47652,35.24909],[134.48234,35.25465],[134.48359,35.26028],[134.48991,35.26139],[134.49509,35.26685],[134.51524,35.27723],[134.50928,35.29378],[134.51163,35.30529],[134.5148,35.30767],[134.50505,35.3163],[134.50192,35.32654],[134.50455,35.33727],[134.5094,35.34213],[134.51028,35.35085],[134.5135,35.35409],[134.5046,35.35943],[134.50298,35.36581],[134.48656,35.36919],[134.48284,35.37308],[134.47475,35.37471],[134.47138,35.38003],[134.47442,35.39203],[134.48143,35.4105],[134.4767,35.41456],[134.47987,35.42496],[134.46273,35.4368],[134.45226,35.43645],[134.44598,35.44202],[134.4401,35.4428],[134.44077,35.43986]]]}},{"type":"Feature","properties":{"code":"31328","name":"八頭郡智頭町","pref":"鳥取県","pref_code":"31","cx":134.25773,"cy":35.24104,"bbox":[134.13748,35.16917,134.38749,35.3141]},"geometry":{"type":"Polygon","coordinates":[[[134.13924,35.27905],[134.1413,35.27494],[134.1376,35.26956],[134.15058,35.25796],[134.14276,35.24943],[134.14542,35.24284],[134.13748,35.23925],[134.14446,35.2313],[134.15825,35.23456],[134.16418,35.22798],[134.16216,35.21645],[134.15434,35.20555],[134.15398,35.19464],[134.16495,35.18798],[134.16889,35.18017],[134.16732,35.17225],[134.1776,35.16917],[134.18994,35.17587],[134.19368,35.18435],[134.19285,35.18856],[134.21264,35.19072],[134.22162,35.19042],[134.22763,35.19711],[134.23468,35.19926],[134.24424,35.19846],[134.24976,35.20068],[134.2541,35.20829],[134.2609,35.21046],[134.26797,35.20842],[134.26854,35.20393],[134.27846,35.19687],[134.299,35.20186],[134.31379,35.20059],[134.3227,35.20275],[134.33468,35.21289],[134.33655,35.21948],[134.3504,35.22282],[134.35466,35.22655],[134.3689,35.23172],[134.37467,35.23724],[134.37316,35.24588],[134.38138,35.24885],[134.38708,35.25573],[134.38749,35.279],[134.3822,35.28733],[134.38356,35.29188],[134.37558,35.29616],[134.36916,35.29494],[134.35413,35.30726],[134.34008,35.30712],[134.33095,35.30874],[134.31996,35.3141],[134.31731,35.31183],[134.30673,35.31359],[134.28999,35.30848],[134.28349,35.30204],[134.27488,35.30319],[134.27054,35.30901],[134.2657,35.30507],[134.2573,35.30288],[134.25235,35.29605],[134.24442,35.29825],[134.23572,35.29625],[134.22375,35.29736],[134.21978,35.30142],[134.20781,35.28969],[134.19914,35.28718],[134.1979,35.28078],[134.15656,35.27171],[134.14804,35.27792],[134.13924,35.27905]]]}},{"type":"Feature","properties":{"code":"31329","name":"八頭郡八頭町","pref":"鳥取県","pref_code":"31","cx":134.311,"cy":35.37481,"bbox":[134.21552,35.30204,134.44723,35.44508]},"geometry":{"type":"Polygon","coordinates":[[[134.27054,35.30901],[134.27488,35.30319],[134.28349,35.30204],[134.28999,35.30848],[134.30673,35.31359],[134.31731,35.31183],[134.31996,35.3141],[134.33095,35.30874],[134.34008,35.30712],[134.35413,35.30726],[134.35452,35.31377],[134.35946,35.31985],[134.36132,35.33174],[134.3646,35.3376],[134.37542,35.34257],[134.37384,35.35698],[134.37847,35.36018],[134.38642,35.35448],[134.38729,35.36331],[134.39193,35.37246],[134.38829,35.37716],[134.39789,35.37996],[134.4076,35.38769],[134.42468,35.39099],[134.434,35.39626],[134.43841,35.40833],[134.44374,35.41223],[134.44723,35.43204],[134.44077,35.43986],[134.42799,35.43491],[134.41564,35.43389],[134.40473,35.43951],[134.37971,35.43756],[134.3773,35.43159],[134.36332,35.4263],[134.34838,35.42535],[134.34073,35.43033],[134.33037,35.4281],[134.31035,35.43868],[134.30355,35.4402],[134.29685,35.44508],[134.28884,35.44186],[134.28005,35.44444],[134.26514,35.44013],[134.26217,35.43143],[134.24836,35.42892],[134.23806,35.42486],[134.23812,35.42109],[134.22699,35.41423],[134.21552,35.41177],[134.21592,35.40329],[134.22541,35.3932],[134.23184,35.39128],[134.23589,35.3862],[134.23078,35.37163],[134.23429,35.36087],[134.24128,35.35583],[134.23836,35.34775],[134.23922,35.34095],[134.24501,35.3281],[134.25413,35.32741],[134.25737,35.31537],[134.26902,35.31246],[134.27054,35.30901]]]}},{"type":"Feature","properties":{"code":"31364","name":"東伯郡三朝町","pref":"鳥取県","pref_code":"31","cx":133.87563,"cy":35.33901,"bbox":[133.76234,35.24883,134.0415,35.4316]},"geometry":{"type":"Polygon","coordinates":[[[133.95138,35.42815],[133.94473,35.4316],[133.93223,35.4301],[133.92139,35.4267],[133.909,35.42843],[133.89616,35.42202],[133.88748,35.42346],[133.87146,35.41943],[133.86697,35.4218],[133.85974,35.41006],[133.85051,35.40774],[133.84172,35.39188],[133.83531,35.38491],[133.83147,35.37139],[133.83016,35.35705],[133.81998,35.34852],[133.80783,35.34742],[133.79725,35.33732],[133.78662,35.33427],[133.7831,35.32772],[133.77544,35.32652],[133.77183,35.32045],[133.76456,35.31694],[133.76234,35.31109],[133.7757,35.29956],[133.79348,35.29285],[133.79987,35.29269],[133.80138,35.28483],[133.80928,35.27692],[133.80761,35.27029],[133.81522,35.26489],[133.81815,35.25263],[133.83208,35.24883],[133.84373,35.25349],[133.85556,35.26812],[133.86594,35.27226],[133.86346,35.2771],[133.86513,35.28586],[133.86201,35.29236],[133.88138,35.29395],[133.90684,35.30664],[133.92522,35.3069],[133.93202,35.31792],[133.92782,35.3221],[133.93154,35.33321],[133.93713,35.33557],[133.94532,35.33262],[133.95407,35.3407],[133.96963,35.34783],[133.97978,35.34341],[133.99767,35.3529],[134.00965,35.34952],[134.01481,35.35039],[134.01985,35.35608],[134.01776,35.36109],[134.03157,35.36639],[134.0415,35.37648],[134.03162,35.3792],[134.01668,35.38692],[134.00284,35.39081],[133.99955,35.38921],[133.99131,35.39366],[133.99497,35.40303],[134.00084,35.40639],[133.99523,35.41397],[133.9937,35.4235],[133.98877,35.4207],[133.98306,35.42513],[133.97087,35.42211],[133.96478,35.42661],[133.95138,35.42815]]]}},{"type":"Feature","properties":{"code":"31370","name":"東伯郡湯梨浜町","pref":"鳥取県","pref_code":"31","cx":133.90684,"cy":35.47483,"bbox":[133.84663,35.42202,133.9709,35.52284]},"geometry":{"type":"Polygon","coordinates":[[[133.9652,35.52284],[133.95271,35.51714],[133.94594,35.51936],[133.93331,35.51206],[133.92545,35.51003],[133.91038,35.50896],[133.9022,35.51018],[133.89698,35.50751],[133.87721,35.50726],[133.85559,35.50451],[133.85549,35.49883],[133.84663,35.47843],[133.85894,35.47793],[133.8658,35.47174],[133.86658,35.46325],[133.86284,35.45912],[133.86317,35.45229],[133.86035,35.44355],[133.86768,35.44068],[133.87071,35.43526],[133.88116,35.43259],[133.88746,35.42722],[133.88748,35.42346],[133.89616,35.42202],[133.909,35.42843],[133.92139,35.4267],[133.93223,35.4301],[133.94473,35.4316],[133.95138,35.42815],[133.95085,35.43682],[133.94741,35.44113],[133.95369,35.4508],[133.94604,35.46183],[133.95579,35.48595],[133.95423,35.48837],[133.95725,35.49921],[133.96434,35.50314],[133.9709,35.51217],[133.9706,35.51826],[133.9652,35.52284]]]}},{"type":"Feature","properties":{"code":"31371","name":"東伯郡琴浦町","pref":"鳥取県","pref_code":"31","cx":133.64119,"cy":35.43792,"bbox":[133.55894,35.3551,133.7252,35.52217]},"geometry":{"type":"Polygon","coordinates":[[[133.67059,35.42021],[133.69191,35.43581],[133.70043,35.44532],[133.71084,35.45006],[133.71431,35.45533],[133.72382,35.4619],[133.7252,35.46608],[133.71816,35.47744],[133.72054,35.48225],[133.722,35.49538],[133.71743,35.50401],[133.68922,35.50748],[133.67187,35.50638],[133.65606,35.50994],[133.65536,35.51271],[133.63319,35.51944],[133.6234,35.51962],[133.60816,35.52217],[133.59979,35.51214],[133.60177,35.50594],[133.60102,35.48913],[133.59759,35.4745],[133.59986,35.45887],[133.59683,35.44575],[133.58935,35.44004],[133.58583,35.43053],[133.57564,35.42903],[133.58367,35.40861],[133.58084,35.39618],[133.58278,35.38901],[133.57657,35.38227],[133.56084,35.38105],[133.55894,35.36365],[133.56586,35.36164],[133.57195,35.3551],[133.57656,35.35993],[133.57623,35.36587],[133.58822,35.36731],[133.59387,35.37054],[133.60106,35.37063],[133.61525,35.37744],[133.62616,35.37916],[133.63881,35.38685],[133.64418,35.39555],[133.64445,35.40095],[133.65001,35.40696],[133.66583,35.41871],[133.67059,35.42021]]]}},{"type":"Feature","properties":{"code":"31372","name":"東伯郡北栄町","pref":"鳥取県","pref_code":"31","cx":133.73642,"cy":35.46258,"bbox":[133.67059,35.42021,133.85559,35.50451]},"geometry":{"type":"Polygon","coordinates":[[[133.84663,35.47843],[133.85549,35.49883],[133.85559,35.50451],[133.84605,35.50341],[133.79987,35.5009],[133.75518,35.50082],[133.72457,35.50286],[133.71743,35.50401],[133.722,35.49538],[133.72054,35.48225],[133.71816,35.47744],[133.7252,35.46608],[133.72382,35.4619],[133.71431,35.45533],[133.71084,35.45006],[133.70043,35.44532],[133.69191,35.43581],[133.67059,35.42021],[133.68183,35.42079],[133.69887,35.42664],[133.70954,35.43283],[133.71739,35.43377],[133.72626,35.44035],[133.73098,35.44083],[133.73714,35.44684],[133.74955,35.45497],[133.74693,35.4604],[133.75167,35.46591],[133.76119,35.47111],[133.7656,35.46847],[133.77655,35.46939],[133.78446,35.46325],[133.79641,35.46989],[133.80442,35.4646],[133.80384,35.46076],[133.81849,35.45789],[133.82541,35.4639],[133.82756,35.4814],[133.83872,35.47727],[133.84663,35.47843]]]}},{"type":"Feature","properties":{"code":"31384","name":"西伯郡日吉津村","pref":"鳥取県","pref_code":"31","cx":133.37946,"cy":35.44376,"bbox":[133.36756,35.43257,133.39161,35.45629]},"geometry":{"type":"Polygon","coordinates":[[[133.39161,35.45382],[133.37405,35.45629],[133.36756,35.43436],[133.38457,35.43257],[133.38659,35.44149],[133.39055,35.44603],[133.39161,35.45382]]]}},{"type":"Feature","properties":{"code":"31386","name":"西伯郡大山町","pref":"鳥取県","pref_code":"31","cx":133.53046,"cy":35.44273,"bbox":[133.42932,35.34955,133.60816,35.53202]},"geometry":{"type":"Polygon","coordinates":[[[133.44568,35.39777],[133.44975,35.39635],[133.47105,35.39906],[133.47637,35.39753],[133.49114,35.40014],[133.5136,35.39724],[133.52362,35.38683],[133.52112,35.36996],[133.52749,35.35967],[133.53693,35.35534],[133.54259,35.34955],[133.55071,35.35191],[133.55641,35.3571],[133.55894,35.36365],[133.56084,35.38105],[133.57657,35.38227],[133.58278,35.38901],[133.58084,35.39618],[133.58367,35.40861],[133.57564,35.42903],[133.58583,35.43053],[133.58935,35.44004],[133.59683,35.44575],[133.59986,35.45887],[133.59759,35.4745],[133.60102,35.48913],[133.60177,35.50594],[133.59979,35.51214],[133.60816,35.52217],[133.59545,35.52641],[133.59014,35.53202],[133.5791,35.53015],[133.56802,35.5304],[133.55728,35.52439],[133.54568,35.52146],[133.53484,35.52359],[133.5311,35.51953],[133.51914,35.52072],[133.51477,35.51749],[133.5021,35.51539],[133.48489,35.50505],[133.47276,35.49902],[133.46032,35.49875],[133.44639,35.49419],[133.44276,35.48738],[133.43315,35.48208],[133.43449,35.47915],[133.42932,35.46989],[133.4346,35.46875],[133.43412,35.45962],[133.45286,35.46207],[133.45915,35.45172],[133.45844,35.44722],[133.46498,35.44542],[133.47121,35.43996],[133.48025,35.4372],[133.47968,35.42988],[133.47028,35.42295],[133.46566,35.41595],[133.45097,35.41656],[133.44183,35.41456],[133.44568,35.39777]]]}},{"type":"Feature","properties":{"code":"31389","name":"西伯郡南部町","pref":"鳥取県","pref_code":"31","cx":133.34146,"cy":35.31046,"bbox":[133.29264,35.23241,133.4276,35.38631]},"geometry":{"type":"Polygon","coordinates":[[[133.32443,35.37428],[133.31823,35.3724],[133.31597,35.36549],[133.30866,35.36649],[133.29605,35.34937],[133.29689,35.33907],[133.29557,35.32887],[133.29856,35.3251],[133.29264,35.32075],[133.30691,35.30348],[133.29951,35.29227],[133.30726,35.2819],[133.31047,35.26838],[133.31769,35.26461],[133.32728,35.26283],[133.33226,35.25747],[133.33349,35.24902],[133.33021,35.24473],[133.33659,35.2344],[133.34328,35.23241],[133.3461,35.23789],[133.35196,35.2363],[133.35727,35.2401],[133.36027,35.24719],[133.35402,35.2566],[133.35808,35.26103],[133.37591,35.26986],[133.3842,35.27148],[133.38604,35.2808],[133.38183,35.29021],[133.38498,35.29444],[133.37953,35.30632],[133.38401,35.31459],[133.38378,35.32258],[133.4058,35.3215],[133.41207,35.32402],[133.40816,35.33203],[133.41682,35.33494],[133.41833,35.33892],[133.42713,35.34452],[133.4276,35.34887],[133.42209,35.35372],[133.4148,35.35191],[133.41038,35.35631],[133.40416,35.3571],[133.4016,35.36641],[133.39307,35.3703],[133.39148,35.37435],[133.38223,35.37223],[133.37446,35.37467],[133.37299,35.37876],[133.35999,35.38101],[133.35576,35.38631],[133.33925,35.38532],[133.32884,35.37467],[133.32443,35.37428]]]}},{"type":"Feature","properties":{"code":"31390","name":"西伯郡伯耆町","pref":"鳥取県","pref_code":"31","cx":133.43098,"cy":35.3173,"bbox":[133.35808,35.23499,133.52749,35.40014]},"geometry":{"type":"Polygon","coordinates":[[[133.37299,35.37876],[133.37446,35.37467],[133.38223,35.37223],[133.39148,35.37435],[133.39307,35.3703],[133.4016,35.36641],[133.40416,35.3571],[133.41038,35.35631],[133.4148,35.35191],[133.42209,35.35372],[133.4276,35.34887],[133.42713,35.34452],[133.41833,35.33892],[133.41682,35.33494],[133.40816,35.33203],[133.41207,35.32402],[133.4058,35.3215],[133.38378,35.32258],[133.38401,35.31459],[133.37953,35.30632],[133.38498,35.29444],[133.38183,35.29021],[133.38604,35.2808],[133.3842,35.27148],[133.37591,35.26986],[133.35808,35.26103],[133.36208,35.25427],[133.36996,35.25252],[133.38014,35.23499],[133.39195,35.23633],[133.39958,35.23986],[133.3998,35.24402],[133.411,35.25158],[133.41237,35.25471],[133.42396,35.25784],[133.43001,35.26533],[133.44462,35.27061],[133.4494,35.27968],[133.44906,35.28508],[133.44389,35.29099],[133.44512,35.29631],[133.4504,35.30095],[133.45916,35.3028],[133.46394,35.30944],[133.47582,35.31369],[133.4797,35.32001],[133.48833,35.3238],[133.50513,35.32723],[133.50862,35.33459],[133.51901,35.34704],[133.51946,35.35207],[133.52749,35.35967],[133.52112,35.36996],[133.52362,35.38683],[133.5136,35.39724],[133.49114,35.40014],[133.47637,35.39753],[133.47105,35.39906],[133.44975,35.39635],[133.44568,35.39777],[133.44537,35.39238],[133.44044,35.39038],[133.42994,35.39168],[133.41485,35.38961],[133.40307,35.39791],[133.38931,35.39688],[133.3867,35.38642],[133.37299,35.37876]]]}},{"type":"Feature","properties":{"code":"31401","name":"日野郡日南町","pref":"鳥取県","pref_code":"31","cx":133.26723,"cy":35.16316,"bbox":[133.13628,35.05768,133.41262,35.26838]},"geometry":{"type":"Polygon","coordinates":[[[133.31047,35.26838],[133.30254,35.26312],[133.2918,35.26077],[133.28224,35.2624],[133.27521,35.25781],[133.26406,35.25842],[133.25867,35.26139],[133.25194,35.25929],[133.24342,35.25048],[133.22818,35.2468],[133.22561,35.24956],[133.21202,35.2417],[133.20632,35.24206],[133.19352,35.23728],[133.18162,35.23444],[133.17726,35.23037],[133.16329,35.22258],[133.15247,35.2188],[133.15288,35.2038],[133.15763,35.2039],[133.17182,35.20872],[133.18081,35.20267],[133.18466,35.19537],[133.18213,35.18803],[133.18866,35.18513],[133.19365,35.1775],[133.19491,35.16989],[133.19186,35.16273],[133.18416,35.1569],[133.17091,35.15355],[133.16613,35.14921],[133.15746,35.14891],[133.1484,35.13977],[133.14531,35.13173],[133.14665,35.12369],[133.1403,35.11728],[133.14559,35.10534],[133.13982,35.10001],[133.13668,35.0887],[133.14129,35.08284],[133.14081,35.07564],[133.13628,35.06957],[133.14201,35.06475],[133.16126,35.07414],[133.16846,35.06744],[133.17953,35.0673],[133.19939,35.07254],[133.2149,35.07387],[133.22723,35.06819],[133.23319,35.07512],[133.23993,35.07904],[133.24878,35.07869],[133.25379,35.07522],[133.26081,35.06344],[133.26914,35.05768],[133.27691,35.06611],[133.28342,35.06595],[133.29082,35.07094],[133.28886,35.07445],[133.29066,35.08442],[133.28826,35.09591],[133.29094,35.10036],[133.29903,35.1038],[133.31943,35.09386],[133.32814,35.095],[133.33822,35.10656],[133.34727,35.1056],[133.35487,35.10077],[133.36668,35.11015],[133.37879,35.11467],[133.38699,35.11312],[133.40336,35.11432],[133.41183,35.12115],[133.41262,35.13349],[133.41122,35.13875],[133.40514,35.14293],[133.40036,35.15327],[133.39852,35.16358],[133.39336,35.16914],[133.39464,35.17733],[133.38648,35.17434],[133.37485,35.17561],[133.36974,35.16072],[133.35923,35.16205],[133.35338,35.16735],[133.34368,35.16272],[133.3348,35.1658],[133.32902,35.17669],[133.31225,35.18366],[133.30359,35.18999],[133.29998,35.18967],[133.29382,35.19707],[133.29381,35.20307],[133.29883,35.2098],[133.30656,35.2118],[133.30811,35.20268],[133.31748,35.2065],[133.33086,35.20887],[133.3346,35.215],[133.34541,35.21357],[133.35371,35.21872],[133.35149,35.22645],[133.35196,35.2363],[133.3461,35.23789],[133.34328,35.23241],[133.33659,35.2344],[133.33021,35.24473],[133.33349,35.24902],[133.33226,35.25747],[133.32728,35.26283],[133.31769,35.26461],[133.31047,35.26838]]]}},{"type":"Feature","properties":{"code":"31402","name":"日野郡日野町","pref":"鳥取県","pref_code":"31","cx":133.43419,"cy":35.21686,"bbox":[133.29381,35.16072,133.52908,35.27061]},"geometry":{"type":"Polygon","coordinates":[[[133.35196,35.2363],[133.35149,35.22645],[133.35371,35.21872],[133.34541,35.21357],[133.3346,35.215],[133.33086,35.20887],[133.31748,35.2065],[133.30811,35.20268],[133.30656,35.2118],[133.29883,35.2098],[133.29381,35.20307],[133.29382,35.19707],[133.29998,35.18967],[133.30359,35.18999],[133.31225,35.18366],[133.32902,35.17669],[133.3348,35.1658],[133.34368,35.16272],[133.35338,35.16735],[133.35923,35.16205],[133.36974,35.16072],[133.37485,35.17561],[133.38648,35.17434],[133.39464,35.17733],[133.40744,35.18588],[133.41557,35.18472],[133.42085,35.18098],[133.43805,35.17307],[133.44756,35.1713],[133.45652,35.17311],[133.45983,35.17779],[133.46697,35.17516],[133.47485,35.18202],[133.48256,35.18241],[133.48544,35.1864],[133.49846,35.18823],[133.50041,35.19237],[133.50805,35.19309],[133.51634,35.19052],[133.51918,35.18291],[133.52625,35.18305],[133.52908,35.18694],[133.52068,35.20602],[133.52151,35.21057],[133.51541,35.22053],[133.50554,35.22817],[133.50809,35.23303],[133.49525,35.23975],[133.48788,35.23444],[133.47018,35.22977],[133.46569,35.24297],[133.46947,35.24531],[133.4608,35.25755],[133.45522,35.25448],[133.44491,35.26647],[133.44462,35.27061],[133.43001,35.26533],[133.42396,35.25784],[133.41237,35.25471],[133.411,35.25158],[133.3998,35.24402],[133.39958,35.23986],[133.39195,35.23633],[133.38014,35.23499],[133.36996,35.25252],[133.36208,35.25427],[133.35808,35.26103],[133.35402,35.2566],[133.36027,35.24719],[133.35727,35.2401],[133.35196,35.2363]]]}},{"type":"Feature","properties":{"code":"31403","name":"日野郡江府町","pref":"鳥取県","pref_code":"31","cx":133.51144,"cy":35.29679,"bbox":[133.44389,35.22977,133.59641,35.36365]},"geometry":{"type":"Polygon","coordinates":[[[133.57656,35.35993],[133.57195,35.3551],[133.56586,35.36164],[133.55894,35.36365],[133.55641,35.3571],[133.55071,35.35191],[133.54259,35.34955],[133.53693,35.35534],[133.52749,35.35967],[133.51946,35.35207],[133.51901,35.34704],[133.50862,35.33459],[133.50513,35.32723],[133.48833,35.3238],[133.4797,35.32001],[133.47582,35.31369],[133.46394,35.30944],[133.45916,35.3028],[133.4504,35.30095],[133.44512,35.29631],[133.44389,35.29099],[133.44906,35.28508],[133.4494,35.27968],[133.44462,35.27061],[133.44491,35.26647],[133.45522,35.25448],[133.4608,35.25755],[133.46947,35.24531],[133.46569,35.24297],[133.47018,35.22977],[133.48788,35.23444],[133.49525,35.23975],[133.50809,35.23303],[133.51449,35.23549],[133.51723,35.24074],[133.53483,35.23672],[133.54595,35.24368],[133.55491,35.24181],[133.56181,35.24888],[133.56222,35.25412],[133.56818,35.25706],[133.56677,35.26581],[133.57192,35.27257],[133.56885,35.27749],[133.57232,35.28166],[133.57054,35.28709],[133.57755,35.29726],[133.57576,35.30082],[133.57679,35.31441],[133.59245,35.33081],[133.58934,35.33786],[133.59641,35.3449],[133.59368,35.35043],[133.58536,35.35196],[133.57656,35.35993]]]}},{"type":"Feature","properties":{"code":"32201","name":"松江市","pref":"島根県","pref_code":"32","cx":133.05728,"cy":35.4688,"bbox":[132.87648,35.3297,133.32678,35.60447]},"geometry":{"type":"MultiPolygon","coordinates":[[[[133.05291,35.56828],[133.04849,35.56721],[133.05229,35.56461],[133.05291,35.56828]]],[[[133.12637,35.5962],[133.12238,35.59486],[133.12179,35.59177],[133.11965,35.59001],[133.1235,35.58745],[133.12585,35.58963],[133.12451,35.59308],[133.12637,35.5962]]],[[[133.222,35.4814],[133.21605,35.49556],[133.20802,35.5105],[133.20421,35.51613],[133.19863,35.52602],[133.19812,35.52873],[133.20102,35.53524],[133.20977,35.5403],[133.21851,35.54631],[133.22772,35.54887],[133.23384,35.54938],[133.23854,35.54883],[133.24462,35.54911],[133.24521,35.55039],[133.25436,35.55388],[133.25603,35.55331],[133.26291,35.55424],[133.26487,35.55561],[133.27015,35.55598],[133.27457,35.55543],[133.29782,35.55885],[133.29993,35.55729],[133.30639,35.55854],[133.30968,35.56245],[133.31095,35.56006],[133.31899,35.56257],[133.32535,35.56564],[133.32678,35.56795],[133.31845,35.57028],[133.31581,35.56968],[133.31143,35.57229],[133.30728,35.57612],[133.30339,35.57321],[133.29723,35.57587],[133.29341,35.57672],[133.2872,35.57446],[133.28472,35.57738],[133.28217,35.57818],[133.27929,35.57665],[133.27797,35.57289],[133.27494,35.57684],[133.26759,35.57867],[133.26547,35.57612],[133.26256,35.57479],[133.25857,35.57484],[133.25807,35.57237],[133.2549,35.56985],[133.2499,35.5713],[133.25401,35.57305],[133.25202,35.57549],[133.24975,35.57529],[133.24456,35.57033],[133.23668,35.56996],[133.23689,35.5726],[133.22499,35.57109],[133.2239,35.57312],[133.22561,35.57544],[133.23192,35.57671],[133.23357,35.5794],[133.22647,35.57816],[133.21764,35.58015],[133.21598,35.57721],[133.21569,35.56998],[133.21313,35.56971],[133.21094,35.56709],[133.20742,35.56705],[133.2047,35.56934],[133.19842,35.56975],[133.19483,35.56814],[133.19496,35.57471],[133.19256,35.58013],[133.19049,35.58009],[133.18699,35.57773],[133.18895,35.57515],[133.18697,35.57197],[133.18881,35.57056],[133.19202,35.56219],[133.18859,35.56171],[133.18361,35.56734],[133.17767,35.56746],[133.17542,35.56457],[133.16844,35.56332],[133.1653,35.56449],[133.16641,35.56766],[133.16148,35.57192],[133.15819,35.56723],[133.15626,35.56057],[133.15083,35.55958],[133.14678,35.56082],[133.14126,35.56091],[133.13898,35.56291],[133.14048,35.56776],[133.13861,35.56781],[133.13421,35.57184],[133.13275,35.57567],[133.13405,35.58168],[133.12846,35.57997],[133.12839,35.57865],[133.12225,35.57833],[133.11881,35.58014],[133.11901,35.58268],[133.11424,35.58816],[133.11219,35.58893],[133.11445,35.59399],[133.10408,35.59777],[133.09667,35.59912],[133.09729,35.60346],[133.09489,35.60447],[133.09268,35.6029],[133.0902,35.60376],[133.08404,35.60166],[133.08533,35.59878],[133.08933,35.59854],[133.09415,35.59239],[133.09827,35.58894],[133.09157,35.58844],[133.09255,35.58436],[133.0973,35.58336],[133.09833,35.58051],[133.09585,35.57816],[133.0925,35.57861],[133.0891,35.58151],[133.08489,35.57996],[133.0757,35.58305],[133.06863,35.58386],[133.06597,35.57829],[133.05937,35.58219],[133.05791,35.5796],[133.0543,35.57758],[133.04772,35.57683],[133.05072,35.57444],[133.05347,35.57463],[133.05563,35.57279],[133.06041,35.57154],[133.06069,35.56715],[133.0578,35.56514],[133.05354,35.5644],[133.05437,35.56215],[133.05136,35.55947],[133.04759,35.55855],[133.05017,35.55597],[133.04902,35.55437],[133.04416,35.55347],[133.03964,35.55525],[133.03876,35.55926],[133.03454,35.55894],[133.03377,35.55583],[133.0307,35.5532],[133.0287,35.55565],[133.0267,35.55189],[133.02886,35.55022],[133.03063,35.54505],[133.0285,35.54022],[133.02645,35.53905],[133.02408,35.54078],[133.02057,35.54017],[133.01499,35.5418],[133.01438,35.53979],[133.00974,35.53779],[133.00328,35.54195],[133.00044,35.53939],[132.9982,35.53943],[132.99823,35.54366],[132.9931,35.54386],[132.98967,35.54504],[132.98646,35.5442],[132.97973,35.5456],[132.97931,35.54068],[132.97166,35.54459],[132.96787,35.54294],[132.96947,35.53866],[132.96954,35.53169],[132.96858,35.52895],[132.97424,35.52752],[132.97494,35.52058],[132.97137,35.51597],[132.96485,35.51474],[132.96115,35.51541],[132.95478,35.51826],[132.9492,35.5177],[132.94667,35.51602],[132.9424,35.51637],[132.94145,35.51514],[132.93478,35.51685],[132.92533,35.51593],[132.92138,35.51749],[132.91778,35.51716],[132.91222,35.51325],[132.90509,35.51151],[132.90316,35.51197],[132.90264,35.50835],[132.90691,35.49939],[132.90536,35.49432],[132.90654,35.49235],[132.90542,35.48916],[132.90766,35.48075],[132.90992,35.47573],[132.91169,35.47459],[132.90995,35.47114],[132.91252,35.46496],[132.93441,35.44538],[132.9304,35.43462],[132.89564,35.41194],[132.89013,35.40457],[132.88784,35.40287],[132.87661,35.39973],[132.87698,35.39237],[132.87648,35.38711],[132.88155,35.38622],[132.88489,35.38023],[132.88194,35.37663],[132.8834,35.37469],[132.89169,35.3744],[132.8953,35.37178],[132.90331,35.3715],[132.90841,35.37677],[132.90952,35.38088],[132.91403,35.37661],[132.91421,35.37201],[132.91955,35.36949],[132.92285,35.36978],[132.9256,35.36708],[132.92798,35.37454],[132.9335,35.37593],[132.93693,35.37089],[132.93879,35.3742],[132.94192,35.37713],[132.94555,35.37514],[132.94815,35.37518],[132.952,35.37289],[132.95386,35.37415],[132.95697,35.37199],[132.97315,35.36993],[132.97643,35.37181],[132.98161,35.37072],[132.98912,35.3706],[132.99568,35.37268],[132.99763,35.36967],[133.00216,35.36755],[133.00614,35.36711],[133.01093,35.36897],[133.0111,35.37177],[133.00899,35.37382],[133.01133,35.37836],[133.01746,35.37504],[133.01854,35.37703],[133.02177,35.37883],[133.02412,35.37734],[133.03025,35.37674],[133.03228,35.37479],[133.03494,35.37492],[133.03655,35.37254],[133.04166,35.37332],[133.04484,35.37486],[133.04815,35.37451],[133.04973,35.36715],[133.04509,35.3608],[133.04648,35.35642],[133.04514,35.35322],[133.04655,35.35068],[133.04971,35.34918],[133.04997,35.34535],[133.05348,35.34278],[133.05342,35.33973],[133.05588,35.33667],[133.05987,35.33466],[133.06503,35.3297],[133.0686,35.33125],[133.08286,35.33969],[133.08628,35.34286],[133.0907,35.3496],[133.09447,35.35225],[133.09716,35.35285],[133.09983,35.35559],[133.1055,35.35887],[133.10831,35.35952],[133.11513,35.35888],[133.11556,35.36041],[133.12025,35.36037],[133.13066,35.36736],[133.13328,35.36788],[133.13741,35.37213],[133.13877,35.3775],[133.14254,35.37872],[133.15083,35.38377],[133.15905,35.3848],[133.1642,35.38707],[133.1685,35.38995],[133.17048,35.39513],[133.17506,35.3982],[133.17825,35.39904],[133.18203,35.40376],[133.18024,35.40545],[133.18147,35.41133],[133.17909,35.41264],[133.18113,35.41475],[133.18198,35.41981],[133.18476,35.42518],[133.19128,35.43249],[133.19127,35.4399],[133.18739,35.44451],[133.18515,35.46087],[133.18999,35.4636],[133.20022,35.46646],[133.222,35.4814]]]]}},{"type":"Feature","properties":{"code":"32202","name":"浜田市","pref":"島根県","pref_code":"32","cx":132.19074,"cy":34.83058,"bbox":[131.8936,34.70074,132.39318,34.96401]},"geometry":{"type":"MultiPolygon","coordinates":[[[[132.06152,34.90475],[132.05809,34.90395],[132.05856,34.9011],[132.06083,34.89751],[132.06345,34.90146],[132.06152,34.90475]]],[[[132.05079,34.90608],[132.04463,34.9036],[132.04739,34.90159],[132.05175,34.90332],[132.05079,34.90608]]],[[[132.30829,34.89612],[132.30397,34.89777],[132.30093,34.89751],[132.29623,34.90092],[132.29595,34.90379],[132.29262,34.90393],[132.29034,34.90742],[132.28808,34.90824],[132.28142,34.90609],[132.27697,34.90811],[132.27614,34.90399],[132.27413,34.90032],[132.27071,34.9018],[132.26782,34.90157],[132.26578,34.90325],[132.26404,34.89993],[132.26113,34.89733],[132.25829,34.90358],[132.26277,34.90745],[132.2632,34.91113],[132.26113,34.91301],[132.25842,34.91875],[132.2509,34.91942],[132.25208,34.9235],[132.24997,34.92461],[132.25018,34.92825],[132.24855,34.93056],[132.25062,34.93397],[132.2496,34.93671],[132.24577,34.93539],[132.24163,34.93661],[132.23872,34.9412],[132.23586,34.9407],[132.236,34.93354],[132.23295,34.93075],[132.23338,34.92901],[132.22922,34.92645],[132.22761,34.92287],[132.22788,34.91878],[132.22557,34.91537],[132.22146,34.91869],[132.21502,34.91844],[132.21256,34.92037],[132.21134,34.92349],[132.20505,34.92247],[132.20043,34.92595],[132.19751,34.92639],[132.19579,34.92834],[132.19059,34.92915],[132.18956,34.93112],[132.19093,34.93439],[132.19486,34.93894],[132.1927,34.94033],[132.19454,34.94545],[132.19418,34.94807],[132.1914,34.94982],[132.1907,34.95215],[132.18722,34.95471],[132.18352,34.95448],[132.18039,34.95194],[132.17887,34.94803],[132.17224,34.9466],[132.16773,34.94742],[132.16402,34.94669],[132.16179,34.95015],[132.15711,34.95155],[132.15455,34.94787],[132.14909,34.94678],[132.14642,34.95452],[132.14337,34.95817],[132.14734,34.9622],[132.14422,34.96401],[132.12773,34.95541],[132.11801,34.95149],[132.11078,34.95055],[132.10512,34.94546],[132.10856,34.93996],[132.1063,34.93554],[132.1034,34.93333],[132.09951,34.93281],[132.09475,34.93467],[132.09025,34.93294],[132.08397,34.92848],[132.08569,34.92691],[132.08203,34.92404],[132.08116,34.92202],[132.0748,34.91881],[132.07117,34.91298],[132.07389,34.91028],[132.07574,34.91135],[132.07797,34.90578],[132.07567,34.90428],[132.07205,34.90763],[132.0684,34.90801],[132.06352,34.90421],[132.06412,34.899],[132.07063,34.89219],[132.06811,34.89063],[132.06544,34.89235],[132.05756,34.88897],[132.05891,34.88441],[132.05427,34.88302],[132.05575,34.87883],[132.05961,34.87759],[132.05684,34.87303],[132.05148,34.87105],[132.04435,34.87219],[132.04233,34.87437],[132.04641,34.87688],[132.04643,34.87831],[132.04116,34.87868],[132.04026,34.88038],[132.03595,34.88207],[132.0331,34.87823],[132.03014,34.87989],[132.03069,34.87496],[132.02684,34.87511],[132.02621,34.87198],[132.0217,34.87145],[132.01819,34.87211],[132.01377,34.87031],[132.00795,34.86545],[132.00908,34.86145],[132.01533,34.8591],[132.01149,34.85299],[132.00778,34.84881],[132.00807,34.84729],[132.00092,34.84405],[131.99541,34.84249],[131.99305,34.83978],[131.99423,34.83505],[131.99149,34.83242],[131.99024,34.82877],[131.98642,34.82665],[131.9835,34.82638],[131.97601,34.82122],[131.97264,34.8232],[131.96756,34.82079],[131.96359,34.82025],[131.9629,34.81796],[131.95733,34.81731],[131.95506,34.81546],[131.95637,34.81333],[131.95359,34.80895],[131.95329,34.80576],[131.95154,34.80274],[131.94868,34.80107],[131.94876,34.79798],[131.94679,34.79314],[131.94342,34.79063],[131.93824,34.78849],[131.93498,34.78984],[131.93228,34.7875],[131.93244,34.78495],[131.92968,34.78475],[131.92538,34.78243],[131.92311,34.78869],[131.91675,34.78349],[131.91608,34.77832],[131.91449,34.77408],[131.9103,34.7734],[131.90756,34.77527],[131.90333,34.77555],[131.90093,34.77417],[131.89727,34.77568],[131.8936,34.76978],[131.8951,34.76647],[131.89405,34.76245],[131.89483,34.75904],[131.8975,34.75685],[131.90213,34.75573],[131.90386,34.75389],[131.90781,34.7533],[131.91323,34.75411],[131.91782,34.75257],[131.92021,34.75361],[131.92226,34.75137],[131.92896,34.74867],[131.93162,34.74899],[131.93268,34.74505],[131.93193,34.73992],[131.93453,34.73598],[131.942,34.73792],[131.94491,34.7368],[131.94665,34.73217],[131.94661,34.72707],[131.94772,34.72388],[131.95599,34.72714],[131.95822,34.72615],[131.95882,34.7226],[131.95772,34.72018],[131.96099,34.71794],[131.96267,34.71997],[131.96699,34.72022],[131.96872,34.71776],[131.97413,34.71514],[131.97638,34.71588],[131.98186,34.71544],[131.98134,34.71236],[131.9885,34.71237],[131.98853,34.71551],[131.99443,34.71477],[131.99705,34.71327],[132.00083,34.71374],[132.00142,34.71738],[132.0059,34.71441],[132.00917,34.71372],[132.01102,34.71022],[132.01386,34.70888],[132.01503,34.70435],[132.02075,34.70074],[132.02974,34.70583],[132.03814,34.70621],[132.03998,34.70937],[132.03618,34.71128],[132.03519,34.71644],[132.03682,34.7191],[132.03973,34.71934],[132.04571,34.71775],[132.04926,34.71346],[132.05327,34.71444],[132.05814,34.71417],[132.05758,34.7123],[132.06108,34.70952],[132.06523,34.71198],[132.06537,34.70861],[132.06964,34.70646],[132.07682,34.70636],[132.07936,34.7072],[132.08375,34.70515],[132.0911,34.71018],[132.09255,34.71258],[132.09935,34.71511],[132.10149,34.71475],[132.10699,34.71889],[132.11036,34.71863],[132.11047,34.71661],[132.1145,34.71193],[132.11819,34.71175],[132.12118,34.7149],[132.12338,34.7149],[132.12957,34.71272],[132.1293,34.70852],[132.13541,34.70745],[132.13723,34.70934],[132.1415,34.71005],[132.14309,34.71605],[132.15416,34.71999],[132.15578,34.72313],[132.15993,34.72543],[132.16395,34.72571],[132.16552,34.72793],[132.17125,34.72971],[132.1768,34.73397],[132.17785,34.73663],[132.18467,34.7338],[132.18765,34.73428],[132.19188,34.73737],[132.19653,34.73857],[132.19569,34.74445],[132.20336,34.74883],[132.20677,34.74601],[132.20989,34.74488],[132.21498,34.74565],[132.2225,34.74972],[132.22134,34.75191],[132.22456,34.75775],[132.22217,34.76028],[132.22678,34.7646],[132.22519,34.76998],[132.22865,34.77088],[132.22912,34.7733],[132.23278,34.77311],[132.23273,34.77595],[132.2356,34.77666],[132.24069,34.78044],[132.24286,34.78373],[132.24124,34.78754],[132.24285,34.79203],[132.24184,34.79444],[132.24305,34.79801],[132.23937,34.79931],[132.23838,34.80186],[132.24279,34.80669],[132.247,34.80584],[132.24839,34.80691],[132.25569,34.8074],[132.25963,34.80682],[132.2607,34.80498],[132.26393,34.80428],[132.26791,34.80176],[132.26858,34.79973],[132.27471,34.79995],[132.27857,34.79752],[132.27471,34.7916],[132.27925,34.78998],[132.27956,34.78438],[132.28465,34.78059],[132.28956,34.77839],[132.2934,34.77916],[132.29865,34.77701],[132.3022,34.78528],[132.30672,34.78999],[132.30588,34.79335],[132.31296,34.797],[132.31582,34.80142],[132.31904,34.80126],[132.31956,34.79732],[132.3249,34.79256],[132.32804,34.79217],[132.3338,34.79004],[132.33798,34.79036],[132.34679,34.79344],[132.35235,34.79807],[132.35686,34.79695],[132.36032,34.79987],[132.37308,34.80123],[132.37806,34.79919],[132.38305,34.7948],[132.38402,34.8004],[132.383,34.80256],[132.38525,34.80636],[132.38541,34.80916],[132.38344,34.81076],[132.38745,34.8177],[132.39044,34.81932],[132.39086,34.82853],[132.39041,34.83238],[132.39318,34.83585],[132.39253,34.83864],[132.38982,34.83932],[132.38834,34.8433],[132.38473,34.84542],[132.38408,34.84836],[132.38038,34.85029],[132.37923,34.85238],[132.38105,34.85449],[132.38081,34.85757],[132.3765,34.8583],[132.37369,34.86093],[132.37091,34.86061],[132.36571,34.86227],[132.3588,34.86043],[132.35411,34.86039],[132.35103,34.8579],[132.34739,34.85792],[132.34518,34.86056],[132.33914,34.86143],[132.33593,34.86527],[132.33556,34.86754],[132.33142,34.87126],[132.3261,34.87785],[132.32369,34.87798],[132.31621,34.88462],[132.31012,34.88672],[132.30631,34.89375],[132.30829,34.89612]]]]}},{"type":"Feature","properties":{"code":"32203","name":"出雲市","pref":"島根県","pref_code":"32","cx":132.76536,"cy":35.33832,"bbox":[132.57552,35.16003,132.93441,35.51338]},"geometry":{"type":"Polygon","coordinates":[[[132.90316,35.51197],[132.89595,35.51278],[132.88969,35.51057],[132.88161,35.51097],[132.87693,35.51013],[132.86936,35.51091],[132.86636,35.51338],[132.86225,35.51079],[132.86011,35.50726],[132.85625,35.51012],[132.85348,35.50771],[132.84707,35.50649],[132.84193,35.50322],[132.83802,35.50261],[132.83671,35.50423],[132.83103,35.50505],[132.83084,35.50333],[132.82705,35.50121],[132.82591,35.49751],[132.81934,35.49746],[132.81703,35.49848],[132.8127,35.49689],[132.81163,35.4952],[132.80641,35.49305],[132.80505,35.49024],[132.80197,35.48825],[132.80198,35.48501],[132.80032,35.48349],[132.79537,35.48423],[132.79125,35.483],[132.79016,35.48138],[132.78275,35.48068],[132.77979,35.47893],[132.77523,35.48057],[132.77009,35.47771],[132.767,35.4782],[132.75835,35.47533],[132.75547,35.47616],[132.74742,35.47216],[132.74133,35.47205],[132.73152,35.46936],[132.73018,35.46766],[132.73585,35.46639],[132.74759,35.46117],[132.75218,35.45794],[132.75709,35.45606],[132.75554,35.45283],[132.75766,35.45055],[132.75343,35.44756],[132.74689,35.45114],[132.74648,35.4485],[132.73925,35.44635],[132.72223,35.44686],[132.71561,35.44302],[132.7103,35.44206],[132.70609,35.44216],[132.70266,35.44501],[132.70137,35.44863],[132.69356,35.45064],[132.6849,35.45171],[132.68333,35.44991],[132.68797,35.44168],[132.68446,35.4412],[132.6841,35.44396],[132.67924,35.44438],[132.6785,35.44708],[132.6757,35.4478],[132.66824,35.44456],[132.6668,35.4428],[132.66378,35.44464],[132.65851,35.44469],[132.65856,35.44264],[132.65544,35.44008],[132.65389,35.44152],[132.65055,35.44141],[132.64716,35.43819],[132.64444,35.44176],[132.64247,35.43877],[132.64563,35.43776],[132.64541,35.43509],[132.64212,35.43506],[132.64097,35.43133],[132.63737,35.4326],[132.63442,35.43183],[132.63174,35.4349],[132.62937,35.4352],[132.62755,35.43303],[132.6284,35.42862],[132.62666,35.42593],[132.62379,35.42514],[132.62413,35.42035],[132.62277,35.41856],[132.63056,35.41719],[132.63571,35.41838],[132.64048,35.41602],[132.64466,35.41622],[132.64778,35.41393],[132.64975,35.41085],[132.65634,35.41059],[132.66169,35.40683],[132.66189,35.40522],[132.66874,35.40287],[132.67174,35.40066],[132.67357,35.39445],[132.67296,35.39243],[132.6748,35.3874],[132.67471,35.37221],[132.67139,35.355],[132.66946,35.34854],[132.66252,35.33095],[132.65597,35.31892],[132.65179,35.3128],[132.64323,35.30194],[132.63879,35.29925],[132.63669,35.29568],[132.63238,35.2922],[132.62856,35.28791],[132.62417,35.28616],[132.61566,35.28099],[132.60778,35.27912],[132.6041,35.27758],[132.59955,35.27732],[132.598,35.27618],[132.59263,35.27632],[132.58568,35.27508],[132.58124,35.27132],[132.57552,35.27204],[132.57683,35.26495],[132.57921,35.26429],[132.58,35.25783],[132.58119,35.25518],[132.58101,35.25019],[132.58453,35.2461],[132.58273,35.24189],[132.58079,35.23993],[132.5798,35.23422],[132.5854,35.22866],[132.59005,35.22791],[132.5936,35.22445],[132.5984,35.22117],[132.5977,35.21941],[132.60043,35.21721],[132.6085,35.21744],[132.60965,35.21201],[132.61561,35.21314],[132.6201,35.20873],[132.62353,35.20804],[132.62591,35.20893],[132.62815,35.20703],[132.62821,35.20376],[132.63077,35.20221],[132.63864,35.20256],[132.6389,35.20565],[132.64069,35.20911],[132.64647,35.21052],[132.64975,35.20941],[132.6502,35.2068],[132.65552,35.20495],[132.65467,35.20255],[132.65971,35.19958],[132.66163,35.1944],[132.66122,35.19144],[132.66639,35.1858],[132.6654,35.18165],[132.66807,35.1762],[132.66633,35.17048],[132.67007,35.17092],[132.67457,35.17462],[132.67834,35.17284],[132.68802,35.17054],[132.69097,35.16829],[132.69017,35.16206],[132.69513,35.16003],[132.70076,35.16166],[132.70298,35.16337],[132.7099,35.16167],[132.71069,35.16726],[132.71749,35.17147],[132.72179,35.1721],[132.72585,35.17019],[132.7303,35.17189],[132.73423,35.16855],[132.74096,35.16901],[132.73714,35.17554],[132.7394,35.17736],[132.74162,35.18252],[132.74679,35.18199],[132.74962,35.18276],[132.75358,35.19073],[132.75671,35.19473],[132.75681,35.19674],[132.76333,35.1985],[132.76367,35.20461],[132.76651,35.21167],[132.76631,35.21584],[132.76266,35.21685],[132.76372,35.2202],[132.76279,35.22281],[132.76381,35.22549],[132.76843,35.22803],[132.77636,35.23031],[132.78123,35.23603],[132.7817,35.24042],[132.78453,35.24368],[132.78997,35.2449],[132.79228,35.24646],[132.79348,35.25392],[132.78906,35.25808],[132.78715,35.25848],[132.78681,35.26243],[132.7904,35.26552],[132.79243,35.26873],[132.79396,35.27429],[132.79566,35.27679],[132.79495,35.27885],[132.7991,35.28087],[132.80028,35.28519],[132.80529,35.28808],[132.80855,35.28797],[132.8146,35.28916],[132.81592,35.29089],[132.81259,35.29755],[132.81784,35.29779],[132.82419,35.29961],[132.82943,35.29917],[132.83196,35.29791],[132.84255,35.29841],[132.84171,35.3038],[132.83707,35.31386],[132.83975,35.3161],[132.84046,35.31887],[132.84618,35.3173],[132.84994,35.31805],[132.85064,35.3203],[132.85448,35.31918],[132.85768,35.31966],[132.86027,35.32326],[132.86325,35.32184],[132.86595,35.32478],[132.86934,35.33034],[132.87165,35.33157],[132.86744,35.33662],[132.86314,35.34002],[132.86672,35.34325],[132.86881,35.34324],[132.86886,35.3475],[132.86617,35.35022],[132.86531,35.35445],[132.86965,35.35801],[132.8731,35.36414],[132.87816,35.36447],[132.88432,35.36609],[132.88324,35.36802],[132.87974,35.36958],[132.8834,35.37469],[132.88194,35.37663],[132.88489,35.38023],[132.88155,35.38622],[132.87648,35.38711],[132.87698,35.39237],[132.87661,35.39973],[132.88784,35.40287],[132.89013,35.40457],[132.89564,35.41194],[132.9304,35.43462],[132.93441,35.44538],[132.91252,35.46496],[132.90995,35.47114],[132.91169,35.47459],[132.90992,35.47573],[132.90766,35.48075],[132.90542,35.48916],[132.90654,35.49235],[132.90536,35.49432],[132.90691,35.49939],[132.90264,35.50835],[132.90316,35.51197]]]}},{"type":"Feature","properties":{"code":"32204","name":"益田市","pref":"島根県","pref_code":"32","cx":131.91691,"cy":34.60635,"bbox":[131.68444,34.45037,132.16108,34.83785]},"geometry":{"type":"MultiPolygon","coordinates":[[[[131.89405,34.76245],[131.88899,34.76157],[131.89099,34.7593],[131.8861,34.75668],[131.87881,34.75939],[131.87584,34.75977],[131.86961,34.75865],[131.86913,34.7562],[131.86465,34.75529],[131.86717,34.75146],[131.86931,34.74547],[131.87429,34.74382],[131.86907,34.73688],[131.87126,34.73403],[131.86887,34.73073],[131.86499,34.72819],[131.86453,34.72484],[131.8612,34.72248],[131.85439,34.72253],[131.85627,34.72006],[131.85511,34.71732],[131.84913,34.71128],[131.82872,34.69949],[131.82129,34.69682],[131.81635,34.69431],[131.81209,34.69373],[131.8108,34.69211],[131.79995,34.68876],[131.79011,34.68647],[131.78355,34.68586],[131.77562,34.68267],[131.77224,34.68244],[131.76251,34.67902],[131.73968,34.67461],[131.72445,34.67389],[131.72309,34.67623],[131.71909,34.67608],[131.71484,34.67305],[131.70936,34.67551],[131.70498,34.67264],[131.70256,34.67296],[131.69916,34.67563],[131.69322,34.67734],[131.69097,34.67711],[131.68444,34.66716],[131.68988,34.66309],[131.68835,34.66006],[131.68876,34.65681],[131.69524,34.65597],[131.6965,34.6528],[131.69442,34.65075],[131.69511,34.64862],[131.69886,34.64886],[131.69707,34.64189],[131.69806,34.64051],[131.69752,34.63577],[131.69827,34.63178],[131.69423,34.62773],[131.69615,34.62286],[131.69482,34.62068],[131.69993,34.61623],[131.70665,34.6129],[131.71841,34.6134],[131.71889,34.61199],[131.71692,34.60599],[131.71984,34.60068],[131.71738,34.5989],[131.71899,34.59682],[131.72047,34.58937],[131.71996,34.5862],[131.72084,34.58202],[131.72517,34.5805],[131.72734,34.57615],[131.72524,34.5748],[131.72442,34.57199],[131.72634,34.56833],[131.72843,34.56656],[131.73197,34.56648],[131.73264,34.56351],[131.73543,34.56111],[131.73775,34.56109],[131.7446,34.56417],[131.74875,34.56894],[131.75437,34.57013],[131.75845,34.56847],[131.76352,34.57122],[131.7639,34.57363],[131.76692,34.5775],[131.76616,34.58264],[131.77051,34.58251],[131.77594,34.57988],[131.78149,34.58262],[131.78791,34.58256],[131.78852,34.58577],[131.79622,34.58513],[131.79943,34.58764],[131.80689,34.58629],[131.81062,34.58093],[131.815,34.57947],[131.81777,34.58162],[131.82043,34.58152],[131.8256,34.58687],[131.82584,34.58352],[131.83139,34.57822],[131.8343,34.57679],[131.83721,34.57716],[131.84063,34.57466],[131.84381,34.57376],[131.84856,34.57485],[131.85316,34.57489],[131.85814,34.56961],[131.86023,34.56969],[131.86302,34.57216],[131.86258,34.58653],[131.86564,34.5847],[131.86879,34.5869],[131.86774,34.58872],[131.86822,34.59578],[131.87058,34.59383],[131.87445,34.59473],[131.87903,34.59834],[131.8851,34.59577],[131.88735,34.59812],[131.8907,34.59811],[131.8942,34.60105],[131.89883,34.60148],[131.9021,34.5995],[131.90041,34.59658],[131.90211,34.59448],[131.90359,34.58808],[131.90312,34.58404],[131.91183,34.58574],[131.91313,34.58382],[131.9195,34.58116],[131.9216,34.57957],[131.91412,34.57503],[131.91309,34.56811],[131.91714,34.56685],[131.92013,34.56844],[131.9212,34.57193],[131.92585,34.56357],[131.92228,34.56146],[131.91914,34.55569],[131.91238,34.5546],[131.90773,34.5473],[131.90448,34.54557],[131.90461,34.54124],[131.90704,34.53905],[131.90811,34.53546],[131.90698,34.52994],[131.90505,34.52477],[131.90818,34.52462],[131.90903,34.52269],[131.91237,34.52133],[131.91294,34.51852],[131.91969,34.5165],[131.9213,34.51235],[131.92731,34.51142],[131.9389,34.50838],[131.94275,34.50842],[131.94682,34.51348],[131.95115,34.51638],[131.95713,34.51638],[131.96277,34.50902],[131.96622,34.50531],[131.96449,34.50151],[131.96508,34.49782],[131.96684,34.4962],[131.96562,34.49121],[131.97062,34.48359],[131.96745,34.4816],[131.9674,34.47478],[131.97363,34.47138],[131.97721,34.47347],[131.98072,34.47343],[131.98406,34.47485],[131.98915,34.47262],[131.99517,34.47294],[131.99654,34.46946],[131.99441,34.46624],[131.99492,34.46387],[131.99332,34.4607],[131.99094,34.45882],[131.98992,34.45464],[131.99097,34.45217],[131.99563,34.45037],[132.0006,34.45203],[132.00274,34.45388],[132.00631,34.45379],[132.00748,34.45969],[132.01239,34.46298],[132.01624,34.46728],[132.02164,34.46674],[132.02775,34.47071],[132.03346,34.47177],[132.03694,34.47418],[132.04047,34.47525],[132.04971,34.47435],[132.05388,34.47099],[132.05519,34.4678],[132.06033,34.46784],[132.06418,34.46888],[132.06718,34.47201],[132.06149,34.47938],[132.05807,34.48032],[132.05745,34.48662],[132.06004,34.49015],[132.05974,34.49227],[132.05621,34.49546],[132.05363,34.49623],[132.0522,34.49892],[132.04753,34.50039],[132.04382,34.4994],[132.03936,34.49949],[132.03645,34.50126],[132.0407,34.50616],[132.04263,34.50709],[132.04712,34.51247],[132.04888,34.51648],[132.04729,34.51885],[132.04784,34.52149],[132.05271,34.53027],[132.05761,34.52957],[132.0588,34.53108],[132.06258,34.53191],[132.06751,34.53413],[132.0743,34.53495],[132.07609,34.53693],[132.07989,34.53654],[132.08395,34.53753],[132.08817,34.54152],[132.08877,34.54408],[132.09507,34.54793],[132.10019,34.5551],[132.1071,34.55733],[132.10946,34.56121],[132.11374,34.56261],[132.11587,34.5678],[132.11903,34.57263],[132.11788,34.5783],[132.12553,34.58315],[132.12428,34.58784],[132.12678,34.59234],[132.12968,34.59548],[132.12467,34.59765],[132.12064,34.60064],[132.11655,34.60672],[132.11707,34.61153],[132.11941,34.61592],[132.12239,34.61903],[132.12192,34.62165],[132.12669,34.62736],[132.13081,34.62917],[132.13087,34.63365],[132.12676,34.63925],[132.12775,34.64178],[132.13444,34.64514],[132.1335,34.648],[132.13622,34.64978],[132.14608,34.66209],[132.14779,34.66755],[132.15075,34.66987],[132.15543,34.67699],[132.15713,34.68128],[132.16091,34.68165],[132.15979,34.6848],[132.16108,34.68812],[132.15751,34.69272],[132.15187,34.69271],[132.14455,34.69396],[132.14222,34.69159],[132.13652,34.69485],[132.13631,34.69656],[132.12959,34.70003],[132.13204,34.70233],[132.13077,34.70803],[132.1293,34.70852],[132.12957,34.71272],[132.12338,34.7149],[132.12118,34.7149],[132.11819,34.71175],[132.1145,34.71193],[132.11047,34.71661],[132.11036,34.71863],[132.10699,34.71889],[132.10149,34.71475],[132.09935,34.71511],[132.09255,34.71258],[132.0911,34.71018],[132.08375,34.70515],[132.07936,34.7072],[132.07682,34.70636],[132.06964,34.70646],[132.06537,34.70861],[132.06523,34.71198],[132.06108,34.70952],[132.05758,34.7123],[132.05814,34.71417],[132.05327,34.71444],[132.04926,34.71346],[132.04571,34.71775],[132.03973,34.71934],[132.03682,34.7191],[132.03519,34.71644],[132.03618,34.71128],[132.03998,34.70937],[132.03814,34.70621],[132.02974,34.70583],[132.02075,34.70074],[132.01503,34.70435],[132.01386,34.70888],[132.01102,34.71022],[132.00917,34.71372],[132.0059,34.71441],[132.00142,34.71738],[132.00083,34.71374],[131.99705,34.71327],[131.99443,34.71477],[131.98853,34.71551],[131.9885,34.71237],[131.98134,34.71236],[131.98186,34.71544],[131.97638,34.71588],[131.97413,34.71514],[131.96872,34.71776],[131.96699,34.72022],[131.96267,34.71997],[131.96099,34.71794],[131.95772,34.72018],[131.95882,34.7226],[131.95822,34.72615],[131.95599,34.72714],[131.94772,34.72388],[131.94661,34.72707],[131.94665,34.73217],[131.94491,34.7368],[131.942,34.73792],[131.93453,34.73598],[131.93193,34.73992],[131.93268,34.74505],[131.93162,34.74899],[131.92896,34.74867],[131.92226,34.75137],[131.92021,34.75361],[131.91782,34.75257],[131.91323,34.75411],[131.90781,34.7533],[131.90386,34.75389],[131.90213,34.75573],[131.8975,34.75685],[131.89483,34.75904],[131.89405,34.76245]]],[[[131.83352,34.8374],[131.83333,34.83525],[131.83753,34.83354],[131.84193,34.83393],[131.84162,34.83602],[131.83611,34.83785],[131.83352,34.8374]]]]}},{"type":"Feature","properties":{"code":"32205","name":"大田市","pref":"島根県","pref_code":"32","cx":132.51102,"cy":35.13564,"bbox":[132.31414,34.99845,132.67203,35.2723]},"geometry":{"type":"Polygon","coordinates":[[[132.57552,35.27204],[132.57502,35.2723],[132.57259,35.26967],[132.56564,35.26748],[132.56309,35.26735],[132.56158,35.26435],[132.559,35.26549],[132.55543,35.26457],[132.55118,35.26046],[132.54263,35.25903],[132.53866,35.25714],[132.53507,35.25352],[132.53019,35.25291],[132.52977,35.2506],[132.52715,35.24746],[132.52869,35.24479],[132.52747,35.24208],[132.52411,35.24051],[132.5198,35.23983],[132.5173,35.24062],[132.50804,35.23654],[132.50337,35.23238],[132.5043,35.23049],[132.49826,35.22763],[132.49425,35.22777],[132.49205,35.23034],[132.48941,35.23059],[132.48702,35.22852],[132.48811,35.22515],[132.48309,35.22069],[132.47617,35.21838],[132.4677,35.21736],[132.46807,35.21552],[132.46526,35.20922],[132.45884,35.20532],[132.45597,35.20472],[132.45085,35.1991],[132.43255,35.19074],[132.42505,35.18895],[132.42138,35.18904],[132.42215,35.18334],[132.41561,35.18271],[132.41691,35.17734],[132.41525,35.17551],[132.41212,35.17585],[132.40705,35.17332],[132.40315,35.16963],[132.40445,35.16772],[132.40236,35.16537],[132.40439,35.16005],[132.40133,35.15672],[132.39647,35.15715],[132.39316,35.15485],[132.39438,35.15236],[132.39079,35.14633],[132.38391,35.14732],[132.38287,35.14402],[132.38766,35.14355],[132.39104,35.14014],[132.39138,35.13694],[132.38938,35.13174],[132.38519,35.12753],[132.38098,35.12627],[132.37774,35.12711],[132.36394,35.11964],[132.36558,35.11478],[132.36346,35.11277],[132.35877,35.11183],[132.35344,35.10645],[132.34999,35.10822],[132.3483,35.10609],[132.34447,35.10401],[132.33684,35.10144],[132.33935,35.09624],[132.3453,35.09223],[132.33875,35.09338],[132.3341,35.09659],[132.33168,35.09528],[132.33122,35.09298],[132.32548,35.08976],[132.3234,35.08432],[132.32719,35.082],[132.32815,35.07773],[132.32642,35.07514],[132.31795,35.07318],[132.31632,35.06859],[132.31686,35.06634],[132.31414,35.06415],[132.31981,35.05801],[132.31886,35.05573],[132.32146,35.05482],[132.32367,35.05176],[132.32631,35.05361],[132.32502,35.05709],[132.32752,35.05866],[132.33058,35.05426],[132.33383,35.0545],[132.3345,35.05135],[132.33904,35.04899],[132.34413,35.05083],[132.35025,35.04726],[132.3537,35.04685],[132.35639,35.04393],[132.35445,35.04132],[132.35785,35.03566],[132.36126,35.03508],[132.36374,35.03324],[132.36207,35.02959],[132.36403,35.02811],[132.36088,35.022],[132.36415,35.01661],[132.36543,35.01198],[132.36857,35.01011],[132.36841,35.00712],[132.37223,35.00624],[132.37353,35.00761],[132.37886,35.00502],[132.3803,35.0015],[132.38368,34.99845],[132.38737,35.00356],[132.38846,35.00874],[132.39576,35.00988],[132.40199,35.01152],[132.4039,35.01554],[132.4091,35.01853],[132.41468,35.01908],[132.41766,35.01802],[132.42242,35.01979],[132.42343,35.02179],[132.42716,35.01857],[132.43051,35.01697],[132.43669,35.0179],[132.43712,35.0236],[132.44043,35.02204],[132.44583,35.02338],[132.4572,35.0167],[132.45854,35.0227],[132.45787,35.02574],[132.46005,35.03048],[132.46437,35.0299],[132.46993,35.03454],[132.47276,35.03551],[132.47618,35.04271],[132.47491,35.04897],[132.47939,35.05199],[132.48366,35.05828],[132.48527,35.06354],[132.48013,35.06689],[132.47969,35.0687],[132.47496,35.07299],[132.47426,35.07489],[132.47956,35.07597],[132.48346,35.075],[132.48392,35.07738],[132.48016,35.08035],[132.48167,35.08552],[132.48514,35.08896],[132.4871,35.09408],[132.48643,35.09599],[132.49189,35.09899],[132.49535,35.09846],[132.50016,35.09472],[132.50272,35.09506],[132.50519,35.09814],[132.50896,35.09784],[132.51808,35.10088],[132.52063,35.1003],[132.5219,35.10309],[132.52447,35.10315],[132.52453,35.10642],[132.53062,35.11057],[132.53445,35.11444],[132.53807,35.11383],[132.53912,35.11749],[132.54304,35.11639],[132.54601,35.11857],[132.54767,35.12256],[132.55107,35.12307],[132.55587,35.12118],[132.55889,35.11812],[132.56522,35.11786],[132.56729,35.1205],[132.57164,35.11777],[132.57781,35.11756],[132.58055,35.11977],[132.58532,35.12044],[132.58872,35.11991],[132.59091,35.11604],[132.59526,35.1133],[132.59973,35.11342],[132.60061,35.11708],[132.60567,35.11603],[132.60499,35.11356],[132.60803,35.11325],[132.61404,35.10933],[132.61542,35.10617],[132.61257,35.10067],[132.61315,35.09655],[132.61005,35.093],[132.61285,35.08974],[132.61678,35.08957],[132.62245,35.0907],[132.62678,35.09426],[132.62846,35.09428],[132.63061,35.0982],[132.63584,35.09607],[132.63684,35.0947],[132.64164,35.09317],[132.64181,35.09165],[132.64935,35.09165],[132.65243,35.0927],[132.65873,35.09011],[132.66083,35.0932],[132.66623,35.09703],[132.6684,35.10251],[132.66662,35.10303],[132.66357,35.10702],[132.66848,35.11165],[132.6706,35.11187],[132.67203,35.11734],[132.66708,35.12104],[132.66378,35.11829],[132.65609,35.1177],[132.65104,35.11976],[132.65174,35.12358],[132.63331,35.13496],[132.62902,35.13633],[132.63183,35.14157],[132.6378,35.14661],[132.64217,35.14837],[132.64893,35.14923],[132.65368,35.16075],[132.65903,35.16378],[132.66092,35.17047],[132.66633,35.17048],[132.66807,35.1762],[132.6654,35.18165],[132.66639,35.1858],[132.66122,35.19144],[132.66163,35.1944],[132.65971,35.19958],[132.65467,35.20255],[132.65552,35.20495],[132.6502,35.2068],[132.64975,35.20941],[132.64647,35.21052],[132.64069,35.20911],[132.6389,35.20565],[132.63864,35.20256],[132.63077,35.20221],[132.62821,35.20376],[132.62815,35.20703],[132.62591,35.20893],[132.62353,35.20804],[132.6201,35.20873],[132.61561,35.21314],[132.60965,35.21201],[132.6085,35.21744],[132.60043,35.21721],[132.5977,35.21941],[132.5984,35.22117],[132.5936,35.22445],[132.59005,35.22791],[132.5854,35.22866],[132.5798,35.23422],[132.58079,35.23993],[132.58273,35.24189],[132.58453,35.2461],[132.58101,35.25019],[132.58119,35.25518],[132.58,35.25783],[132.57921,35.26429],[132.57683,35.26495],[132.57552,35.27204]]]}},{"type":"Feature","properties":{"code":"32206","name":"安来市","pref":"島根県","pref_code":"32","cx":133.19162,"cy":35.34417,"bbox":[133.06081,35.20904,133.32415,35.4814]},"geometry":{"type":"Polygon","coordinates":[[[133.06503,35.3297],[133.06263,35.32649],[133.06422,35.32097],[133.06557,35.31949],[133.06435,35.30972],[133.06188,35.30722],[133.06081,35.30342],[133.06386,35.30036],[133.06431,35.29735],[133.06275,35.29237],[133.06658,35.29067],[133.06716,35.28859],[133.06509,35.2855],[133.06535,35.27864],[133.06915,35.27575],[133.07076,35.27058],[133.06925,35.26784],[133.07024,35.26552],[133.07316,35.2638],[133.07275,35.25917],[133.07053,35.25544],[133.07331,35.24987],[133.07622,35.25055],[133.08588,35.24868],[133.09191,35.25005],[133.0925,35.24767],[133.09525,35.24677],[133.09791,35.24218],[133.1003,35.24021],[133.10663,35.23924],[133.10873,35.23614],[133.10814,35.23252],[133.10531,35.22939],[133.10596,35.22657],[133.10293,35.22288],[133.10737,35.21441],[133.11479,35.21396],[133.11687,35.21219],[133.12319,35.20938],[133.1303,35.20904],[133.13232,35.21118],[133.13967,35.21097],[133.14382,35.21146],[133.14988,35.21398],[133.15171,35.21616],[133.15247,35.2188],[133.15888,35.22266],[133.16329,35.22258],[133.17226,35.22753],[133.17191,35.22909],[133.17726,35.23037],[133.18162,35.23444],[133.18961,35.23683],[133.19352,35.23728],[133.19812,35.23987],[133.20498,35.24106],[133.20632,35.24206],[133.21202,35.2417],[133.2154,35.24437],[133.21968,35.24642],[133.22279,35.24911],[133.22561,35.24956],[133.22818,35.2468],[133.23321,35.24675],[133.23566,35.24905],[133.24342,35.25048],[133.24562,35.25367],[133.2502,35.25653],[133.25194,35.25929],[133.25867,35.26139],[133.26406,35.25842],[133.26927,35.25884],[133.27521,35.25781],[133.2786,35.2591],[133.28224,35.2624],[133.28505,35.26115],[133.28984,35.26157],[133.2918,35.26077],[133.29869,35.26457],[133.30254,35.26312],[133.30524,35.26586],[133.31055,35.26792],[133.30922,35.27017],[133.30866,35.27578],[133.30726,35.2819],[133.30495,35.28347],[133.30427,35.28619],[133.29951,35.29227],[133.30216,35.29563],[133.30691,35.30348],[133.30263,35.30536],[133.30123,35.30897],[133.29264,35.32075],[133.296,35.32203],[133.29856,35.3251],[133.29557,35.32887],[133.29688,35.33225],[133.29583,35.3337],[133.29689,35.33907],[133.29525,35.34061],[133.29639,35.34549],[133.29605,35.34937],[133.30249,35.35674],[133.30866,35.36649],[133.31597,35.36549],[133.31928,35.36895],[133.31823,35.3724],[133.32415,35.37346],[133.3237,35.37742],[133.32013,35.38075],[133.31902,35.38349],[133.31357,35.38735],[133.31514,35.39176],[133.32106,35.39551],[133.31987,35.39757],[133.3213,35.39996],[133.32058,35.40415],[133.32156,35.4078],[133.32057,35.41028],[133.30869,35.43088],[133.30072,35.4363],[133.27202,35.44601],[133.25974,35.45388],[133.2225,35.48022],[133.222,35.4814],[133.20022,35.46646],[133.18999,35.4636],[133.18515,35.46087],[133.18739,35.44451],[133.19127,35.4399],[133.19128,35.43249],[133.18476,35.42518],[133.18198,35.41981],[133.18113,35.41475],[133.17909,35.41264],[133.18147,35.41133],[133.18024,35.40545],[133.18203,35.40376],[133.17825,35.39904],[133.17506,35.3982],[133.17048,35.39513],[133.1685,35.38995],[133.1642,35.38707],[133.15905,35.3848],[133.15083,35.38377],[133.14254,35.37872],[133.13877,35.3775],[133.13741,35.37213],[133.13328,35.36788],[133.13066,35.36736],[133.12025,35.36037],[133.11556,35.36041],[133.11513,35.35888],[133.10831,35.35952],[133.1055,35.35887],[133.09983,35.35559],[133.09716,35.35285],[133.09447,35.35225],[133.0907,35.3496],[133.08628,35.34286],[133.08286,35.33969],[133.0686,35.33125],[133.06503,35.3297]]]}},{"type":"Feature","properties":{"code":"32207","name":"江津市","pref":"島根県","pref_code":"32","cx":132.27534,"cy":34.98042,"bbox":[132.14337,34.89612,132.46509,35.06431]},"geometry":{"type":"MultiPolygon","coordinates":[[[[132.30829,34.89612],[132.30608,34.89901],[132.30857,34.89985],[132.31134,34.90346],[132.31024,34.90866],[132.31462,34.91065],[132.32349,34.9097],[132.32125,34.9137],[132.32368,34.91681],[132.3291,34.91768],[132.32803,34.92027],[132.3332,34.91946],[132.33715,34.91711],[132.33972,34.91735],[132.3397,34.92041],[132.34656,34.92014],[132.35098,34.92206],[132.35168,34.92546],[132.35935,34.92917],[132.36511,34.93324],[132.36477,34.93505],[132.36807,34.94053],[132.37285,34.94007],[132.37864,34.94128],[132.38183,34.93925],[132.38401,34.93579],[132.39419,34.9357],[132.39817,34.93722],[132.41204,34.92805],[132.41623,34.92968],[132.42022,34.92628],[132.42602,34.9277],[132.42865,34.92737],[132.43033,34.9322],[132.43439,34.93668],[132.43515,34.941],[132.43786,34.94222],[132.44062,34.94544],[132.44266,34.94459],[132.4452,34.94668],[132.44985,34.9477],[132.45354,34.94648],[132.45896,34.95004],[132.46301,34.94697],[132.46509,34.94865],[132.46252,34.95119],[132.46169,34.95679],[132.45321,34.96436],[132.44806,34.96557],[132.44345,34.96523],[132.44095,34.96254],[132.43974,34.95823],[132.43742,34.96028],[132.43762,34.96484],[132.4339,34.9661],[132.42845,34.9692],[132.42921,34.97089],[132.42563,34.97661],[132.41975,34.9767],[132.41628,34.97568],[132.41344,34.97271],[132.40929,34.97359],[132.40268,34.9764],[132.40017,34.97571],[132.39613,34.97663],[132.39345,34.97843],[132.38753,34.97729],[132.38592,34.98256],[132.3893,34.98572],[132.38816,34.99333],[132.38637,34.99654],[132.3803,35.0015],[132.37886,35.00502],[132.37353,35.00761],[132.37223,35.00624],[132.36841,35.00712],[132.36857,35.01011],[132.36543,35.01198],[132.36415,35.01661],[132.36088,35.022],[132.36403,35.02811],[132.36207,35.02959],[132.36374,35.03324],[132.36126,35.03508],[132.35785,35.03566],[132.35445,35.04132],[132.35639,35.04393],[132.3537,35.04685],[132.35025,35.04726],[132.34413,35.05083],[132.33904,35.04899],[132.3345,35.05135],[132.33383,35.0545],[132.33058,35.05426],[132.32752,35.05866],[132.32502,35.05709],[132.32631,35.05361],[132.32367,35.05176],[132.32146,35.05482],[132.31886,35.05573],[132.31981,35.05801],[132.31414,35.06415],[132.31082,35.05784],[132.30371,35.05295],[132.28978,35.04806],[132.2856,35.04824],[132.28021,35.04331],[132.26917,35.03932],[132.26362,35.03822],[132.25954,35.03851],[132.25627,35.0412],[132.25401,35.04124],[132.25248,35.03802],[132.24805,35.03816],[132.24697,35.03624],[132.24011,35.03469],[132.23628,35.0346],[132.23318,35.03165],[132.23132,35.03163],[132.23091,35.02656],[132.22565,35.02509],[132.22174,35.02235],[132.21494,35.01645],[132.20563,35.00946],[132.2021,35.00536],[132.19541,35.00177],[132.19358,34.99863],[132.18916,34.99433],[132.18277,34.98982],[132.16887,34.9824],[132.15464,34.97646],[132.1519,34.97742],[132.15156,34.97399],[132.14794,34.96615],[132.14422,34.96401],[132.14734,34.9622],[132.14337,34.95817],[132.14642,34.95452],[132.14909,34.94678],[132.15455,34.94787],[132.15711,34.95155],[132.16179,34.95015],[132.16402,34.94669],[132.16773,34.94742],[132.17224,34.9466],[132.17887,34.94803],[132.18039,34.95194],[132.18352,34.95448],[132.18722,34.95471],[132.1907,34.95215],[132.1914,34.94982],[132.19418,34.94807],[132.19454,34.94545],[132.1927,34.94033],[132.19486,34.93894],[132.19093,34.93439],[132.18956,34.93112],[132.19059,34.92915],[132.19579,34.92834],[132.19751,34.92639],[132.20043,34.92595],[132.20505,34.92247],[132.21134,34.92349],[132.21256,34.92037],[132.21502,34.91844],[132.22146,34.91869],[132.22557,34.91537],[132.22788,34.91878],[132.22761,34.92287],[132.22922,34.92645],[132.23338,34.92901],[132.23295,34.93075],[132.236,34.93354],[132.23586,34.9407],[132.23872,34.9412],[132.24163,34.93661],[132.24577,34.93539],[132.2496,34.93671],[132.25062,34.93397],[132.24855,34.93056],[132.25018,34.92825],[132.24997,34.92461],[132.25208,34.9235],[132.2509,34.91942],[132.25842,34.91875],[132.26113,34.91301],[132.2632,34.91113],[132.26277,34.90745],[132.25829,34.90358],[132.26113,34.89733],[132.26404,34.89993],[132.26578,34.90325],[132.26782,34.90157],[132.27071,34.9018],[132.27413,34.90032],[132.27614,34.90399],[132.27697,34.90811],[132.28142,34.90609],[132.28808,34.90824],[132.29034,34.90742],[132.29262,34.90393],[132.29595,34.90379],[132.29623,34.90092],[132.30093,34.89751],[132.30397,34.89777],[132.30829,34.89612]]],[[[132.31406,35.06426],[132.31403,35.06428],[132.31398,35.06431],[132.31412,35.06421],[132.31406,35.06426]]]]}},{"type":"Feature","properties":{"code":"32209","name":"雲南市","pref":"島根県","pref_code":"32","cx":132.87211,"cy":35.23713,"bbox":[132.70076,35.09237,133.07331,35.38088]},"geometry":{"type":"MultiPolygon","coordinates":[[[[132.97253,35.22926],[132.97218,35.23442],[132.96674,35.23414],[132.96782,35.23138],[132.97253,35.22926]]],[[[132.8834,35.37469],[132.87974,35.36958],[132.88324,35.36802],[132.88432,35.36609],[132.87816,35.36447],[132.8731,35.36414],[132.86965,35.35801],[132.86531,35.35445],[132.86617,35.35022],[132.86886,35.3475],[132.86881,35.34324],[132.86672,35.34325],[132.86314,35.34002],[132.86744,35.33662],[132.87165,35.33157],[132.86934,35.33034],[132.86595,35.32478],[132.86325,35.32184],[132.86027,35.32326],[132.85768,35.31966],[132.85448,35.31918],[132.85064,35.3203],[132.84994,35.31805],[132.84618,35.3173],[132.84046,35.31887],[132.83975,35.3161],[132.83707,35.31386],[132.84171,35.3038],[132.84255,35.29841],[132.83196,35.29791],[132.82943,35.29917],[132.82419,35.29961],[132.81784,35.29779],[132.81259,35.29755],[132.81592,35.29089],[132.8146,35.28916],[132.80855,35.28797],[132.80529,35.28808],[132.80028,35.28519],[132.7991,35.28087],[132.79495,35.27885],[132.79566,35.27679],[132.79396,35.27429],[132.79243,35.26873],[132.7904,35.26552],[132.78681,35.26243],[132.78715,35.25848],[132.78906,35.25808],[132.79348,35.25392],[132.79228,35.24646],[132.78997,35.2449],[132.78453,35.24368],[132.7817,35.24042],[132.78123,35.23603],[132.77636,35.23031],[132.76843,35.22803],[132.76381,35.22549],[132.76279,35.22281],[132.76372,35.2202],[132.76266,35.21685],[132.76631,35.21584],[132.76651,35.21167],[132.76367,35.20461],[132.76333,35.1985],[132.75681,35.19674],[132.75671,35.19473],[132.75358,35.19073],[132.74962,35.18276],[132.74679,35.18199],[132.74162,35.18252],[132.7394,35.17736],[132.73714,35.17554],[132.74096,35.16901],[132.73423,35.16855],[132.7303,35.17189],[132.72585,35.17019],[132.72179,35.1721],[132.71749,35.17147],[132.71069,35.16726],[132.7099,35.16167],[132.70298,35.16337],[132.70076,35.16166],[132.70129,35.15838],[132.70377,35.15806],[132.70226,35.15206],[132.70293,35.1486],[132.70783,35.147],[132.70792,35.14479],[132.71117,35.14331],[132.70957,35.13894],[132.71094,35.13511],[132.71581,35.1317],[132.71214,35.12772],[132.71432,35.12451],[132.71837,35.12577],[132.72163,35.12524],[132.72579,35.12598],[132.73014,35.12352],[132.73897,35.1216],[132.7407,35.1199],[132.74168,35.11443],[132.7451,35.11303],[132.74704,35.11468],[132.75349,35.11759],[132.75764,35.11353],[132.76071,35.11401],[132.7694,35.11245],[132.77136,35.1176],[132.77384,35.11891],[132.77363,35.12156],[132.77643,35.12436],[132.77941,35.1243],[132.78679,35.12766],[132.79012,35.13056],[132.79569,35.1301],[132.79893,35.13135],[132.80569,35.13043],[132.80989,35.13063],[132.81098,35.12705],[132.81166,35.11824],[132.81048,35.1142],[132.81275,35.11132],[132.81361,35.10486],[132.82113,35.1031],[132.82332,35.10446],[132.82801,35.10323],[132.83309,35.10452],[132.83713,35.10809],[132.84183,35.11041],[132.84535,35.10736],[132.84686,35.10436],[132.85237,35.09832],[132.85786,35.09621],[132.85975,35.09237],[132.8613,35.09576],[132.86584,35.09804],[132.87026,35.09908],[132.87327,35.10232],[132.87749,35.10156],[132.88351,35.1049],[132.88856,35.10568],[132.89274,35.10508],[132.8923,35.1065],[132.89423,35.11089],[132.8946,35.11821],[132.89734,35.12327],[132.90119,35.12376],[132.90321,35.12584],[132.90686,35.12572],[132.90872,35.12742],[132.91057,35.13317],[132.9068,35.13512],[132.90328,35.13856],[132.89979,35.13936],[132.89973,35.14314],[132.8982,35.14663],[132.90444,35.1516],[132.90592,35.15479],[132.91114,35.15374],[132.9149,35.15175],[132.91569,35.1498],[132.92627,35.14865],[132.9286,35.15051],[132.93662,35.1537],[132.94146,35.15396],[132.94584,35.15652],[132.95033,35.16099],[132.94842,35.16209],[132.94686,35.1665],[132.94459,35.16655],[132.94494,35.16983],[132.94411,35.17491],[132.94754,35.17764],[132.94781,35.18107],[132.94511,35.18466],[132.9433,35.18869],[132.94338,35.19177],[132.94542,35.19326],[132.9433,35.19644],[132.94309,35.2009],[132.95132,35.20593],[132.95016,35.20958],[132.95106,35.21343],[132.9557,35.21796],[132.95781,35.21671],[132.9632,35.21651],[132.96561,35.21828],[132.96596,35.22542],[132.96189,35.22536],[132.95929,35.22959],[132.96205,35.23178],[132.96305,35.23823],[132.95947,35.23916],[132.95901,35.246],[132.96149,35.24793],[132.96547,35.24594],[132.96752,35.24846],[132.97053,35.24689],[132.97431,35.24853],[132.97694,35.24582],[132.98031,35.2462],[132.98371,35.24966],[132.98716,35.24915],[132.99146,35.25014],[132.99299,35.24895],[133.00141,35.2489],[133.00301,35.24737],[133.01449,35.24627],[133.01941,35.24419],[133.02213,35.24649],[133.02761,35.24574],[133.0314,35.2489],[133.03807,35.24743],[133.04684,35.24456],[133.05518,35.24448],[133.0555,35.24525],[133.06449,35.24845],[133.07127,35.24862],[133.07331,35.24987],[133.07053,35.25544],[133.07275,35.25917],[133.07316,35.2638],[133.07024,35.26552],[133.06925,35.26784],[133.07076,35.27058],[133.06915,35.27575],[133.06535,35.27864],[133.06509,35.2855],[133.06716,35.28859],[133.06658,35.29067],[133.06275,35.29237],[133.06431,35.29735],[133.06386,35.30036],[133.06081,35.30342],[133.06188,35.30722],[133.06435,35.30972],[133.06557,35.31949],[133.06422,35.32097],[133.06263,35.32649],[133.06503,35.3297],[133.05987,35.33466],[133.05588,35.33667],[133.05342,35.33973],[133.05348,35.34278],[133.04997,35.34535],[133.04971,35.34918],[133.04655,35.35068],[133.04514,35.35322],[133.04648,35.35642],[133.04509,35.3608],[133.04973,35.36715],[133.04815,35.37451],[133.04484,35.37486],[133.04166,35.37332],[133.03655,35.37254],[133.03494,35.37492],[133.03228,35.37479],[133.03025,35.37674],[133.02412,35.37734],[133.02177,35.37883],[133.01854,35.37703],[133.01746,35.37504],[133.01133,35.37836],[133.00899,35.37382],[133.0111,35.37177],[133.01093,35.36897],[133.00614,35.36711],[133.00216,35.36755],[132.99763,35.36967],[132.99568,35.37268],[132.98912,35.3706],[132.98161,35.37072],[132.97643,35.37181],[132.97315,35.36993],[132.95697,35.37199],[132.95386,35.37415],[132.952,35.37289],[132.94815,35.37518],[132.94555,35.37514],[132.94192,35.37713],[132.93879,35.3742],[132.93693,35.37089],[132.9335,35.37593],[132.92798,35.37454],[132.9256,35.36708],[132.92285,35.36978],[132.91955,35.36949],[132.91421,35.37201],[132.91403,35.37661],[132.90952,35.38088],[132.90841,35.37677],[132.90331,35.3715],[132.8953,35.37178],[132.89169,35.3744],[132.8834,35.37469]]]]}},{"type":"Feature","properties":{"code":"32343","name":"仁多郡奥出雲町","pref":"島根県","pref_code":"32","cx":133.06716,"cy":35.15894,"bbox":[132.8923,35.0676,133.19491,35.25055]},"geometry":{"type":"Polygon","coordinates":[[[133.07331,35.24987],[133.07127,35.24862],[133.06449,35.24845],[133.0555,35.24525],[133.05518,35.24448],[133.04684,35.24456],[133.03807,35.24743],[133.0314,35.2489],[133.02761,35.24574],[133.02213,35.24649],[133.01941,35.24419],[133.01449,35.24627],[133.00301,35.24737],[133.00141,35.2489],[132.99299,35.24895],[132.99146,35.25014],[132.98716,35.24915],[132.98371,35.24966],[132.98031,35.2462],[132.97694,35.24582],[132.97431,35.24853],[132.97053,35.24689],[132.96752,35.24846],[132.96547,35.24594],[132.96149,35.24793],[132.95901,35.246],[132.95947,35.23916],[132.96305,35.23823],[132.96205,35.23178],[132.95929,35.22959],[132.96189,35.22536],[132.96596,35.22542],[132.96561,35.21828],[132.9632,35.21651],[132.95781,35.21671],[132.9557,35.21796],[132.95106,35.21343],[132.95016,35.20958],[132.95132,35.20593],[132.94309,35.2009],[132.9433,35.19644],[132.94542,35.19326],[132.94338,35.19177],[132.9433,35.18869],[132.94511,35.18466],[132.94781,35.18107],[132.94754,35.17764],[132.94411,35.17491],[132.94494,35.16983],[132.94459,35.16655],[132.94686,35.1665],[132.94842,35.16209],[132.95033,35.16099],[132.94584,35.15652],[132.94146,35.15396],[132.93662,35.1537],[132.9286,35.15051],[132.92627,35.14865],[132.91569,35.1498],[132.9149,35.15175],[132.91114,35.15374],[132.90592,35.15479],[132.90444,35.1516],[132.8982,35.14663],[132.89973,35.14314],[132.89979,35.13936],[132.90328,35.13856],[132.9068,35.13512],[132.91057,35.13317],[132.90872,35.12742],[132.90686,35.12572],[132.90321,35.12584],[132.90119,35.12376],[132.89734,35.12327],[132.8946,35.11821],[132.89423,35.11089],[132.8923,35.1065],[132.89274,35.10508],[132.89735,35.10406],[132.89735,35.10145],[132.90283,35.09658],[132.90498,35.09175],[132.90774,35.0899],[132.90948,35.08622],[132.9204,35.08385],[132.92364,35.08424],[132.92661,35.08111],[132.93359,35.08392],[132.94337,35.07895],[132.94759,35.07576],[132.95518,35.07824],[132.95714,35.07791],[132.96581,35.07974],[132.96741,35.08115],[132.97132,35.08151],[132.97496,35.08318],[132.97809,35.08657],[132.97867,35.09113],[132.9824,35.09756],[132.9873,35.10066],[132.9907,35.1013],[132.99231,35.09836],[132.99681,35.09851],[133.00011,35.09719],[133.00326,35.09296],[133.00353,35.0903],[133.00739,35.09045],[133.01462,35.08765],[133.01641,35.07841],[133.02391,35.07776],[133.02854,35.07344],[133.03138,35.07287],[133.03311,35.06824],[133.04342,35.0676],[133.05236,35.07023],[133.05506,35.07469],[133.05998,35.0811],[133.06722,35.08096],[133.07149,35.08224],[133.08134,35.0806],[133.08539,35.07818],[133.09321,35.08423],[133.0962,35.08539],[133.10013,35.08295],[133.10678,35.08236],[133.11131,35.08558],[133.11951,35.08486],[133.12217,35.08399],[133.1262,35.08026],[133.12657,35.07688],[133.13415,35.07623],[133.13539,35.07449],[133.14081,35.07564],[133.1397,35.07966],[133.14129,35.08284],[133.13742,35.08535],[133.13668,35.0887],[133.13857,35.09578],[133.14092,35.09734],[133.13982,35.10001],[133.14559,35.10534],[133.14421,35.11128],[133.14225,35.11266],[133.1403,35.11728],[133.14665,35.12369],[133.14531,35.13173],[133.1484,35.13977],[133.15516,35.1443],[133.15513,35.14738],[133.15746,35.14891],[133.16174,35.14843],[133.16613,35.14921],[133.1683,35.1521],[133.17091,35.15355],[133.17566,35.15439],[133.17758,35.15581],[133.18416,35.1569],[133.18858,35.16174],[133.19186,35.16273],[133.19372,35.16546],[133.19491,35.16989],[133.19346,35.17254],[133.19365,35.1775],[133.18866,35.18513],[133.18556,35.18511],[133.18213,35.18803],[133.18293,35.19293],[133.18466,35.19537],[133.18373,35.19849],[133.18081,35.20267],[133.17639,35.20518],[133.17377,35.20538],[133.17182,35.20872],[133.16928,35.20867],[133.16381,35.20642],[133.15968,35.20657],[133.15763,35.2039],[133.15288,35.2038],[133.1517,35.20627],[133.15342,35.20981],[133.15145,35.21258],[133.15171,35.21616],[133.14988,35.21398],[133.14382,35.21146],[133.13967,35.21097],[133.13232,35.21118],[133.1303,35.20904],[133.12319,35.20938],[133.11687,35.21219],[133.11479,35.21396],[133.10737,35.21441],[133.10293,35.22288],[133.10596,35.22657],[133.10531,35.22939],[133.10814,35.23252],[133.10873,35.23614],[133.10663,35.23924],[133.1003,35.24021],[133.09791,35.24218],[133.09525,35.24677],[133.0925,35.24767],[133.09191,35.25005],[133.08588,35.24868],[133.07622,35.25055],[133.07331,35.24987]],[[132.97253,35.22926],[132.96782,35.23138],[132.96674,35.23414],[132.97218,35.23442],[132.97253,35.22926]]]}},{"type":"Feature","properties":{"code":"32386","name":"飯石郡飯南町","pref":"島根県","pref_code":"32","cx":132.76443,"cy":35.06208,"bbox":[132.62902,34.94799,132.85975,35.17462]},"geometry":{"type":"Polygon","coordinates":[[[132.66633,35.17048],[132.66092,35.17047],[132.65903,35.16378],[132.65368,35.16075],[132.64893,35.14923],[132.64217,35.14837],[132.6378,35.14661],[132.63183,35.14157],[132.62902,35.13633],[132.63331,35.13496],[132.65174,35.12358],[132.65104,35.11976],[132.65609,35.1177],[132.66378,35.11829],[132.66708,35.12104],[132.67203,35.11734],[132.6706,35.11187],[132.66848,35.11165],[132.66357,35.10702],[132.66662,35.10303],[132.6684,35.10251],[132.66623,35.09703],[132.66083,35.0932],[132.65873,35.09011],[132.6582,35.08536],[132.66186,35.08617],[132.66566,35.08274],[132.66898,35.08402],[132.67171,35.08286],[132.67011,35.07886],[132.67673,35.07694],[132.68018,35.07442],[132.68068,35.07197],[132.68376,35.07001],[132.68806,35.07322],[132.69169,35.07204],[132.69301,35.07003],[132.69885,35.06534],[132.69938,35.06293],[132.70345,35.0594],[132.7047,35.05709],[132.71014,35.0559],[132.71519,35.05759],[132.71742,35.05688],[132.72177,35.05125],[132.71851,35.04987],[132.71257,35.03828],[132.7171,35.03338],[132.71548,35.02863],[132.71755,35.02364],[132.71383,35.02249],[132.71033,35.02622],[132.70788,35.02446],[132.70084,35.02474],[132.69758,35.02631],[132.69528,35.02916],[132.6914,35.02612],[132.68632,35.02497],[132.68677,35.02116],[132.6775,35.01614],[132.6775,35.01365],[132.67462,35.01091],[132.66431,35.00867],[132.66267,35.00561],[132.66516,35.00011],[132.6633,34.99507],[132.66784,34.99211],[132.66236,34.98569],[132.65956,34.98825],[132.65558,34.9895],[132.64915,34.98617],[132.65165,34.98228],[132.65698,34.98134],[132.65787,34.97879],[132.65465,34.97536],[132.65683,34.9688],[132.6623,34.9672],[132.66729,34.96707],[132.6699,34.96432],[132.67338,34.9657],[132.67937,34.96569],[132.68326,34.96705],[132.68545,34.96469],[132.68176,34.95968],[132.6835,34.95688],[132.68271,34.95245],[132.68509,34.95056],[132.68952,34.95223],[132.69402,34.95207],[132.69837,34.95364],[132.70198,34.95146],[132.70646,34.95487],[132.71442,34.95338],[132.71687,34.94959],[132.72039,34.94799],[132.72744,34.95335],[132.72768,34.95644],[132.73269,34.95741],[132.74054,34.96104],[132.7406,34.95674],[132.74385,34.95847],[132.74972,34.96026],[132.75135,34.9666],[132.75135,34.96982],[132.74902,34.9715],[132.74513,34.97683],[132.75323,34.97887],[132.75594,34.97728],[132.7687,34.98395],[132.7653,34.98927],[132.76699,34.9912],[132.76343,34.99287],[132.7658,34.99582],[132.7698,34.99758],[132.77732,34.99886],[132.78132,35.00318],[132.78785,35.0049],[132.78652,35.00883],[132.78703,35.0133],[132.79313,35.01974],[132.79903,35.02137],[132.80231,35.02422],[132.80451,35.02477],[132.80647,35.02764],[132.80883,35.02856],[132.81092,35.0321],[132.80964,35.03402],[132.81332,35.03594],[132.81372,35.04055],[132.82743,35.04709],[132.83103,35.04563],[132.83677,35.0471],[132.83794,35.05093],[132.83309,35.05475],[132.83084,35.05869],[132.82785,35.06122],[132.83149,35.06597],[132.83532,35.069],[132.83926,35.07054],[132.84066,35.07422],[132.84483,35.07694],[132.84591,35.08077],[132.84906,35.08348],[132.85236,35.08472],[132.85416,35.08704],[132.85837,35.08894],[132.85975,35.09237],[132.85786,35.09621],[132.85237,35.09832],[132.84686,35.10436],[132.84535,35.10736],[132.84183,35.11041],[132.83713,35.10809],[132.83309,35.10452],[132.82801,35.10323],[132.82332,35.10446],[132.82113,35.1031],[132.81361,35.10486],[132.81275,35.11132],[132.81048,35.1142],[132.81166,35.11824],[132.81098,35.12705],[132.80989,35.13063],[132.80569,35.13043],[132.79893,35.13135],[132.79569,35.1301],[132.79012,35.13056],[132.78679,35.12766],[132.77941,35.1243],[132.77643,35.12436],[132.77363,35.12156],[132.77384,35.11891],[132.77136,35.1176],[132.7694,35.11245],[132.76071,35.11401],[132.75764,35.11353],[132.75349,35.11759],[132.74704,35.11468],[132.7451,35.11303],[132.74168,35.11443],[132.7407,35.1199],[132.73897,35.1216],[132.73014,35.12352],[132.72579,35.12598],[132.72163,35.12524],[132.71837,35.12577],[132.71432,35.12451],[132.71214,35.12772],[132.71581,35.1317],[132.71094,35.13511],[132.70957,35.13894],[132.71117,35.14331],[132.70792,35.14479],[132.70783,35.147],[132.70293,35.1486],[132.70226,35.15206],[132.70377,35.15806],[132.70129,35.15838],[132.70076,35.16166],[132.69513,35.16003],[132.69017,35.16206],[132.69097,35.16829],[132.68802,35.17054],[132.67834,35.17284],[132.67457,35.17462],[132.67007,35.17092],[132.66633,35.17048]]]}},{"type":"Feature","properties":{"code":"32441","name":"邑智郡川本町","pref":"島根県","pref_code":"32","cx":132.45481,"cy":35.00039,"bbox":[132.38368,34.94116,132.57174,35.05828]},"geometry":{"type":"Polygon","coordinates":[[[132.38368,34.99845],[132.38637,34.99654],[132.38816,34.99333],[132.3893,34.98572],[132.38592,34.98256],[132.38753,34.97729],[132.39345,34.97843],[132.39613,34.97663],[132.40017,34.97571],[132.40268,34.9764],[132.40929,34.97359],[132.41344,34.97271],[132.41628,34.97568],[132.41975,34.9767],[132.42563,34.97661],[132.42921,34.97089],[132.42845,34.9692],[132.4339,34.9661],[132.43762,34.96484],[132.43742,34.96028],[132.43974,34.95823],[132.44095,34.96254],[132.44345,34.96523],[132.44806,34.96557],[132.45321,34.96436],[132.46169,34.95679],[132.46252,34.95119],[132.46509,34.94865],[132.46975,34.94794],[132.47367,34.94616],[132.48029,34.94575],[132.48528,34.94795],[132.48571,34.94965],[132.49097,34.95121],[132.49475,34.95002],[132.50334,34.94292],[132.50842,34.94116],[132.51054,34.94287],[132.51594,34.94227],[132.52125,34.94815],[132.52061,34.9508],[132.52169,34.95356],[132.51997,34.95623],[132.52781,34.96059],[132.53419,34.96078],[132.53603,34.95899],[132.54076,34.96194],[132.5426,34.96012],[132.54187,34.95749],[132.54611,34.95749],[132.54906,34.95899],[132.55181,34.95772],[132.55311,34.95312],[132.55294,34.9482],[132.55548,34.94819],[132.55827,34.95123],[132.56077,34.95006],[132.56259,34.95212],[132.56137,34.96102],[132.56468,34.96234],[132.56667,34.9653],[132.57174,34.96785],[132.56653,34.97197],[132.56986,34.97444],[132.56981,34.98034],[132.5679,34.98321],[132.56417,34.9855],[132.5648,34.98841],[132.56428,34.9936],[132.56022,34.99336],[132.55164,34.99639],[132.54388,34.99254],[132.53744,34.99119],[132.53385,34.98823],[132.53017,34.98805],[132.52534,34.99174],[132.52363,34.99587],[132.52493,35.00234],[132.52272,35.0042],[132.52432,35.00753],[132.52369,35.00922],[132.51845,35.00946],[132.51791,35.01173],[132.51421,35.01563],[132.51007,35.01674],[132.50735,35.02044],[132.50394,35.02126],[132.50142,35.02454],[132.50398,35.02573],[132.5056,35.02872],[132.50037,35.03038],[132.49959,35.03222],[132.49401,35.03386],[132.4927,35.03867],[132.49777,35.03927],[132.50051,35.04043],[132.49856,35.04577],[132.50077,35.04683],[132.50094,35.05238],[132.48692,35.0563],[132.48366,35.05828],[132.47939,35.05199],[132.47491,35.04897],[132.47618,35.04271],[132.47276,35.03551],[132.46993,35.03454],[132.46437,35.0299],[132.46005,35.03048],[132.45787,35.02574],[132.45854,35.0227],[132.4572,35.0167],[132.44583,35.02338],[132.44043,35.02204],[132.43712,35.0236],[132.43669,35.0179],[132.43051,35.01697],[132.42716,35.01857],[132.42343,35.02179],[132.42242,35.01979],[132.41766,35.01802],[132.41468,35.01908],[132.4091,35.01853],[132.4039,35.01554],[132.40199,35.01152],[132.39576,35.00988],[132.38846,35.00874],[132.38737,35.00356],[132.38368,34.99845]]]}},{"type":"Feature","properties":{"code":"32448","name":"邑智郡美郷町","pref":"島根県","pref_code":"32","cx":132.59674,"cy":35.01269,"bbox":[132.47426,34.90377,132.72177,35.12307]},"geometry":{"type":"Polygon","coordinates":[[[132.48366,35.05828],[132.48692,35.0563],[132.50094,35.05238],[132.50077,35.04683],[132.49856,35.04577],[132.50051,35.04043],[132.49777,35.03927],[132.4927,35.03867],[132.49401,35.03386],[132.49959,35.03222],[132.50037,35.03038],[132.5056,35.02872],[132.50398,35.02573],[132.50142,35.02454],[132.50394,35.02126],[132.50735,35.02044],[132.51007,35.01674],[132.51421,35.01563],[132.51791,35.01173],[132.51845,35.00946],[132.52369,35.00922],[132.52432,35.00753],[132.52272,35.0042],[132.52493,35.00234],[132.52363,34.99587],[132.52534,34.99174],[132.53017,34.98805],[132.53385,34.98823],[132.53744,34.99119],[132.54388,34.99254],[132.55164,34.99639],[132.56022,34.99336],[132.56428,34.9936],[132.5648,34.98841],[132.56417,34.9855],[132.5679,34.98321],[132.56981,34.98034],[132.56986,34.97444],[132.56653,34.97197],[132.57174,34.96785],[132.57754,34.96585],[132.57565,34.96163],[132.57806,34.95646],[132.57664,34.95343],[132.58034,34.9498],[132.57796,34.9459],[132.58225,34.94503],[132.5835,34.9416],[132.59239,34.93839],[132.59243,34.93249],[132.58962,34.92998],[132.59252,34.92707],[132.59838,34.93054],[132.60056,34.93313],[132.60241,34.93131],[132.60577,34.93234],[132.61607,34.93071],[132.62097,34.92597],[132.62518,34.92719],[132.6267,34.92517],[132.6246,34.92036],[132.63288,34.91754],[132.63138,34.91464],[132.63153,34.91189],[132.63364,34.9084],[132.63403,34.9048],[132.64125,34.90377],[132.64284,34.90901],[132.64711,34.91044],[132.64941,34.91542],[132.65152,34.9178],[132.65116,34.91986],[132.65602,34.92323],[132.66081,34.92326],[132.66576,34.92765],[132.66704,34.9308],[132.67171,34.9308],[132.67593,34.93277],[132.67887,34.93922],[132.68196,34.94426],[132.68449,34.94644],[132.68509,34.95056],[132.68271,34.95245],[132.6835,34.95688],[132.68176,34.95968],[132.68545,34.96469],[132.68326,34.96705],[132.67937,34.96569],[132.67338,34.9657],[132.6699,34.96432],[132.66729,34.96707],[132.6623,34.9672],[132.65683,34.9688],[132.65465,34.97536],[132.65787,34.97879],[132.65698,34.98134],[132.65165,34.98228],[132.64915,34.98617],[132.65558,34.9895],[132.65956,34.98825],[132.66236,34.98569],[132.66784,34.99211],[132.6633,34.99507],[132.66516,35.00011],[132.66267,35.00561],[132.66431,35.00867],[132.67462,35.01091],[132.6775,35.01365],[132.6775,35.01614],[132.68677,35.02116],[132.68632,35.02497],[132.6914,35.02612],[132.69528,35.02916],[132.69758,35.02631],[132.70084,35.02474],[132.70788,35.02446],[132.71033,35.02622],[132.71383,35.02249],[132.71755,35.02364],[132.71548,35.02863],[132.7171,35.03338],[132.71257,35.03828],[132.71851,35.04987],[132.72177,35.05125],[132.71742,35.05688],[132.71519,35.05759],[132.71014,35.0559],[132.7047,35.05709],[132.70345,35.0594],[132.69938,35.06293],[132.69885,35.06534],[132.69301,35.07003],[132.69169,35.07204],[132.68806,35.07322],[132.68376,35.07001],[132.68068,35.07197],[132.68018,35.07442],[132.67673,35.07694],[132.67011,35.07886],[132.67171,35.08286],[132.66898,35.08402],[132.66566,35.08274],[132.66186,35.08617],[132.6582,35.08536],[132.65873,35.09011],[132.65243,35.0927],[132.64935,35.09165],[132.64181,35.09165],[132.64164,35.09317],[132.63684,35.0947],[132.63584,35.09607],[132.63061,35.0982],[132.62846,35.09428],[132.62678,35.09426],[132.62245,35.0907],[132.61678,35.08957],[132.61285,35.08974],[132.61005,35.093],[132.61315,35.09655],[132.61257,35.10067],[132.61542,35.10617],[132.61404,35.10933],[132.60803,35.11325],[132.60499,35.11356],[132.60567,35.11603],[132.60061,35.11708],[132.59973,35.11342],[132.59526,35.1133],[132.59091,35.11604],[132.58872,35.11991],[132.58532,35.12044],[132.58055,35.11977],[132.57781,35.11756],[132.57164,35.11777],[132.56729,35.1205],[132.56522,35.11786],[132.55889,35.11812],[132.55587,35.12118],[132.55107,35.12307],[132.54767,35.12256],[132.54601,35.11857],[132.54304,35.11639],[132.53912,35.11749],[132.53807,35.11383],[132.53445,35.11444],[132.53062,35.11057],[132.52453,35.10642],[132.52447,35.10315],[132.5219,35.10309],[132.52063,35.1003],[132.51808,35.10088],[132.50896,35.09784],[132.50519,35.09814],[132.50272,35.09506],[132.50016,35.09472],[132.49535,35.09846],[132.49189,35.09899],[132.48643,35.09599],[132.4871,35.09408],[132.48514,35.08896],[132.48167,35.08552],[132.48016,35.08035],[132.48392,35.07738],[132.48346,35.075],[132.47956,35.07597],[132.47426,35.07489],[132.47496,35.07299],[132.47969,35.0687],[132.48013,35.06689],[132.48527,35.06354],[132.48366,35.05828]]]}},{"type":"Feature","properties":{"code":"32449","name":"邑智郡邑南町","pref":"島根県","pref_code":"32","cx":132.51607,"cy":34.87455,"bbox":[132.30608,34.77942,132.7106,34.96785]},"geometry":{"type":"Polygon","coordinates":[[[132.38305,34.7948],[132.38194,34.79269],[132.3814,34.78584],[132.38519,34.78493],[132.38744,34.78274],[132.39285,34.78374],[132.39668,34.77942],[132.39888,34.78096],[132.39862,34.78334],[132.40371,34.7867],[132.40676,34.78955],[132.40689,34.79169],[132.41449,34.79717],[132.42034,34.79731],[132.42471,34.79908],[132.42392,34.80329],[132.42441,34.80691],[132.42116,34.81178],[132.42106,34.81393],[132.42575,34.8125],[132.42992,34.81422],[132.43662,34.82095],[132.43998,34.81816],[132.44599,34.8152],[132.44518,34.81332],[132.454,34.80929],[132.45668,34.80741],[132.45669,34.80434],[132.45399,34.8021],[132.46167,34.80234],[132.46579,34.80166],[132.47199,34.80225],[132.47433,34.79981],[132.48005,34.79998],[132.48354,34.79715],[132.48649,34.79772],[132.49502,34.80143],[132.49844,34.79879],[132.50108,34.79953],[132.50515,34.79602],[132.50859,34.7974],[132.51127,34.80143],[132.51347,34.80079],[132.51838,34.8039],[132.5205,34.80365],[132.52724,34.79887],[132.53321,34.79732],[132.53785,34.795],[132.54365,34.79655],[132.54653,34.80264],[132.55408,34.80828],[132.55883,34.80695],[132.56249,34.80768],[132.56522,34.80608],[132.568,34.80654],[132.56845,34.81074],[132.58018,34.81588],[132.58585,34.82301],[132.59027,34.82133],[132.59198,34.82364],[132.59212,34.82704],[132.59686,34.83072],[132.60028,34.83186],[132.60544,34.8307],[132.61249,34.83346],[132.61095,34.83781],[132.61397,34.84117],[132.61964,34.8435],[132.62181,34.8422],[132.62468,34.84299],[132.63118,34.84313],[132.63313,34.83987],[132.63569,34.83894],[132.63948,34.83973],[132.64304,34.83765],[132.64751,34.84007],[132.65277,34.84018],[132.65328,34.83693],[132.65732,34.83549],[132.65976,34.83234],[132.66744,34.83228],[132.67067,34.83787],[132.67112,34.84214],[132.67516,34.84759],[132.68386,34.85135],[132.68962,34.85029],[132.69396,34.84354],[132.69866,34.84295],[132.70251,34.8473],[132.7106,34.84986],[132.71014,34.85828],[132.70635,34.86228],[132.70209,34.87987],[132.69983,34.88223],[132.69218,34.88298],[132.68772,34.88465],[132.68152,34.88435],[132.67934,34.88608],[132.67873,34.89071],[132.67684,34.89362],[132.67456,34.89443],[132.66676,34.89032],[132.66403,34.88975],[132.65933,34.89222],[132.65788,34.89724],[132.65569,34.89949],[132.65125,34.9007],[132.64565,34.89901],[132.63738,34.89858],[132.63486,34.89913],[132.63336,34.90153],[132.63403,34.9048],[132.63364,34.9084],[132.63153,34.91189],[132.63138,34.91464],[132.63288,34.91754],[132.6246,34.92036],[132.6267,34.92517],[132.62518,34.92719],[132.62097,34.92597],[132.61607,34.93071],[132.60577,34.93234],[132.60241,34.93131],[132.60056,34.93313],[132.59838,34.93054],[132.59252,34.92707],[132.58962,34.92998],[132.59243,34.93249],[132.59239,34.93839],[132.5835,34.9416],[132.58225,34.94503],[132.57796,34.9459],[132.58034,34.9498],[132.57664,34.95343],[132.57806,34.95646],[132.57565,34.96163],[132.57754,34.96585],[132.57174,34.96785],[132.56667,34.9653],[132.56468,34.96234],[132.56137,34.96102],[132.56259,34.95212],[132.56077,34.95006],[132.55827,34.95123],[132.55548,34.94819],[132.55294,34.9482],[132.55311,34.95312],[132.55181,34.95772],[132.54906,34.95899],[132.54611,34.95749],[132.54187,34.95749],[132.5426,34.96012],[132.54076,34.96194],[132.53603,34.95899],[132.53419,34.96078],[132.52781,34.96059],[132.51997,34.95623],[132.52169,34.95356],[132.52061,34.9508],[132.52125,34.94815],[132.51594,34.94227],[132.51054,34.94287],[132.50842,34.94116],[132.50334,34.94292],[132.49475,34.95002],[132.49097,34.95121],[132.48571,34.94965],[132.48528,34.94795],[132.48029,34.94575],[132.47367,34.94616],[132.46975,34.94794],[132.46509,34.94865],[132.46301,34.94697],[132.45896,34.95004],[132.45354,34.94648],[132.44985,34.9477],[132.4452,34.94668],[132.44266,34.94459],[132.44062,34.94544],[132.43786,34.94222],[132.43515,34.941],[132.43439,34.93668],[132.43033,34.9322],[132.42865,34.92737],[132.42602,34.9277],[132.42022,34.92628],[132.41623,34.92968],[132.41204,34.92805],[132.39817,34.93722],[132.39419,34.9357],[132.38401,34.93579],[132.38183,34.93925],[132.37864,34.94128],[132.37285,34.94007],[132.36807,34.94053],[132.36477,34.93505],[132.36511,34.93324],[132.35935,34.92917],[132.35168,34.92546],[132.35098,34.92206],[132.34656,34.92014],[132.3397,34.92041],[132.33972,34.91735],[132.33715,34.91711],[132.3332,34.91946],[132.32803,34.92027],[132.3291,34.91768],[132.32368,34.91681],[132.32125,34.9137],[132.32349,34.9097],[132.31462,34.91065],[132.31024,34.90866],[132.31134,34.90346],[132.30857,34.89985],[132.30608,34.89901],[132.30829,34.89612],[132.30631,34.89375],[132.31012,34.88672],[132.31621,34.88462],[132.32369,34.87798],[132.3261,34.87785],[132.33142,34.87126],[132.33556,34.86754],[132.33593,34.86527],[132.33914,34.86143],[132.34518,34.86056],[132.34739,34.85792],[132.35103,34.8579],[132.35411,34.86039],[132.3588,34.86043],[132.36571,34.86227],[132.37091,34.86061],[132.37369,34.86093],[132.3765,34.8583],[132.38081,34.85757],[132.38105,34.85449],[132.37923,34.85238],[132.38038,34.85029],[132.38408,34.84836],[132.38473,34.84542],[132.38834,34.8433],[132.38982,34.83932],[132.39253,34.83864],[132.39318,34.83585],[132.39041,34.83238],[132.39086,34.82853],[132.39044,34.81932],[132.38745,34.8177],[132.38344,34.81076],[132.38541,34.80916],[132.38525,34.80636],[132.383,34.80256],[132.38402,34.8004],[132.38305,34.7948]]]}},{"type":"Feature","properties":{"code":"32501","name":"鹿足郡津和野町","pref":"島根県","pref_code":"32","cx":131.79848,"cy":34.51493,"bbox":[131.66797,34.42849,131.97062,34.60148]},"geometry":{"type":"Polygon","coordinates":[[[131.72442,34.57199],[131.72,34.57239],[131.71772,34.57057],[131.71414,34.56583],[131.7132,34.56281],[131.70602,34.56339],[131.70361,34.56112],[131.70539,34.55961],[131.70092,34.55101],[131.70314,34.55047],[131.70511,34.54205],[131.70121,34.53873],[131.70674,34.53308],[131.70141,34.53061],[131.6953,34.52379],[131.68772,34.52129],[131.68534,34.51692],[131.6835,34.51864],[131.67848,34.51684],[131.67258,34.51065],[131.66927,34.51065],[131.66797,34.5041],[131.67052,34.5022],[131.67551,34.50096],[131.67983,34.49327],[131.68213,34.49284],[131.68237,34.48807],[131.68067,34.48538],[131.68157,34.48141],[131.68345,34.47849],[131.68876,34.47918],[131.69342,34.48158],[131.6961,34.48086],[131.70001,34.47471],[131.69888,34.47012],[131.69391,34.46572],[131.69415,34.46245],[131.69647,34.45805],[131.69554,34.45461],[131.6991,34.45146],[131.69717,34.44616],[131.6939,34.44357],[131.69532,34.43883],[131.69743,34.43531],[131.70199,34.43601],[131.70613,34.43332],[131.71007,34.4318],[131.71287,34.42849],[131.71734,34.43001],[131.72112,34.42868],[131.72592,34.43017],[131.72961,34.4327],[131.73324,34.43034],[131.73783,34.4286],[131.74122,34.42911],[131.74545,34.43528],[131.74848,34.43598],[131.75195,34.43901],[131.75731,34.43939],[131.75667,34.43685],[131.75868,34.43432],[131.76139,34.43367],[131.77078,34.43709],[131.77286,34.43502],[131.77694,34.43478],[131.78004,34.4357],[131.78658,34.43445],[131.79382,34.43621],[131.79531,34.43756],[131.79939,34.44745],[131.8043,34.44835],[131.81249,34.45257],[131.81656,34.45226],[131.81912,34.45582],[131.82634,34.45534],[131.82999,34.45603],[131.83215,34.46211],[131.83699,34.46543],[131.83903,34.46948],[131.83991,34.47561],[131.84389,34.47435],[131.848,34.47472],[131.85033,34.47814],[131.84895,34.48177],[131.84946,34.48397],[131.85487,34.48311],[131.85769,34.48456],[131.86288,34.4839],[131.86376,34.48178],[131.86934,34.47974],[131.87454,34.48022],[131.87679,34.4788],[131.88045,34.47855],[131.88357,34.47552],[131.89286,34.47687],[131.89396,34.47277],[131.90725,34.46898],[131.90894,34.47208],[131.91275,34.47474],[131.91717,34.47655],[131.9196,34.47508],[131.92147,34.47213],[131.9249,34.47062],[131.9252,34.46872],[131.92952,34.46663],[131.93272,34.4671],[131.93604,34.46363],[131.94018,34.46278],[131.94231,34.46572],[131.94927,34.47108],[131.95477,34.47191],[131.96026,34.47614],[131.96715,34.47783],[131.96745,34.4816],[131.97062,34.48359],[131.96562,34.49121],[131.96684,34.4962],[131.96508,34.49782],[131.96449,34.50151],[131.96622,34.50531],[131.96277,34.50902],[131.95713,34.51638],[131.95115,34.51638],[131.94682,34.51348],[131.94275,34.50842],[131.9389,34.50838],[131.92731,34.51142],[131.9213,34.51235],[131.91969,34.5165],[131.91294,34.51852],[131.91237,34.52133],[131.90903,34.52269],[131.90818,34.52462],[131.90505,34.52477],[131.90698,34.52994],[131.90811,34.53546],[131.90704,34.53905],[131.90461,34.54124],[131.90448,34.54557],[131.90773,34.5473],[131.91238,34.5546],[131.91914,34.55569],[131.92228,34.56146],[131.92585,34.56357],[131.9212,34.57193],[131.92013,34.56844],[131.91714,34.56685],[131.91309,34.56811],[131.91412,34.57503],[131.9216,34.57957],[131.9195,34.58116],[131.91313,34.58382],[131.91183,34.58574],[131.90312,34.58404],[131.90359,34.58808],[131.90211,34.59448],[131.90041,34.59658],[131.9021,34.5995],[131.89883,34.60148],[131.8942,34.60105],[131.8907,34.59811],[131.88735,34.59812],[131.8851,34.59577],[131.87903,34.59834],[131.87445,34.59473],[131.87058,34.59383],[131.86822,34.59578],[131.86774,34.58872],[131.86879,34.5869],[131.86564,34.5847],[131.86258,34.58653],[131.86302,34.57216],[131.86023,34.56969],[131.85814,34.56961],[131.85316,34.57489],[131.84856,34.57485],[131.84381,34.57376],[131.84063,34.57466],[131.83721,34.57716],[131.8343,34.57679],[131.83139,34.57822],[131.82584,34.58352],[131.8256,34.58687],[131.82043,34.58152],[131.81777,34.58162],[131.815,34.57947],[131.81062,34.58093],[131.80689,34.58629],[131.79943,34.58764],[131.79622,34.58513],[131.78852,34.58577],[131.78791,34.58256],[131.78149,34.58262],[131.77594,34.57988],[131.77051,34.58251],[131.76616,34.58264],[131.76692,34.5775],[131.7639,34.57363],[131.76352,34.57122],[131.75845,34.56847],[131.75437,34.57013],[131.74875,34.56894],[131.7446,34.56417],[131.73775,34.56109],[131.73543,34.56111],[131.73264,34.56351],[131.73197,34.56648],[131.72843,34.56656],[131.72634,34.56833],[131.72442,34.57199]]]}},{"type":"Feature","properties":{"code":"32505","name":"鹿足郡吉賀町","pref":"島根県","pref_code":"32","cx":131.88943,"cy":34.39415,"bbox":[131.76346,34.30262,132.05519,34.48456]},"geometry":{"type":"Polygon","coordinates":[[[131.96715,34.47783],[131.96026,34.47614],[131.95477,34.47191],[131.94927,34.47108],[131.94231,34.46572],[131.94018,34.46278],[131.93604,34.46363],[131.93272,34.4671],[131.92952,34.46663],[131.9252,34.46872],[131.9249,34.47062],[131.92147,34.47213],[131.9196,34.47508],[131.91717,34.47655],[131.91275,34.47474],[131.90894,34.47208],[131.90725,34.46898],[131.89396,34.47277],[131.89286,34.47687],[131.88357,34.47552],[131.88045,34.47855],[131.87679,34.4788],[131.87454,34.48022],[131.86934,34.47974],[131.86376,34.48178],[131.86288,34.4839],[131.85769,34.48456],[131.85487,34.48311],[131.84946,34.48397],[131.84895,34.48177],[131.85033,34.47814],[131.848,34.47472],[131.84389,34.47435],[131.83991,34.47561],[131.83903,34.46948],[131.83699,34.46543],[131.83215,34.46211],[131.82999,34.45603],[131.82634,34.45534],[131.81912,34.45582],[131.81656,34.45226],[131.81249,34.45257],[131.8043,34.44835],[131.79939,34.44745],[131.79531,34.43756],[131.79382,34.43621],[131.79494,34.43289],[131.79444,34.42651],[131.79322,34.42234],[131.78692,34.41239],[131.78783,34.40812],[131.78544,34.40568],[131.78478,34.39986],[131.77878,34.39858],[131.77471,34.39479],[131.77268,34.38728],[131.76948,34.38663],[131.76514,34.38344],[131.76346,34.38094],[131.7636,34.37711],[131.76722,34.37486],[131.76593,34.37173],[131.76743,34.3672],[131.76616,34.36487],[131.7697,34.35985],[131.77123,34.35579],[131.77796,34.35342],[131.77949,34.34456],[131.77461,34.33752],[131.77756,34.33293],[131.77989,34.33367],[131.78446,34.33173],[131.78807,34.32876],[131.79057,34.33007],[131.79614,34.32656],[131.79647,34.31888],[131.79928,34.31695],[131.80245,34.31699],[131.80632,34.31238],[131.80914,34.31158],[131.8131,34.31238],[131.81654,34.31024],[131.81946,34.30297],[131.82346,34.30529],[131.83144,34.30262],[131.83406,34.31116],[131.83687,34.31114],[131.83833,34.30875],[131.84131,34.30838],[131.84519,34.31098],[131.84713,34.30851],[131.85072,34.30661],[131.85462,34.30648],[131.86034,34.30462],[131.86508,34.30613],[131.86958,34.30497],[131.87286,34.30847],[131.87972,34.30956],[131.88168,34.30909],[131.88527,34.31067],[131.88642,34.31357],[131.88401,34.32129],[131.88649,34.32287],[131.88755,34.32724],[131.89053,34.32433],[131.8958,34.32201],[131.89738,34.31958],[131.89983,34.31907],[131.9036,34.32291],[131.9087,34.32548],[131.91328,34.33029],[131.91505,34.33546],[131.91894,34.33798],[131.92149,34.3355],[131.92765,34.33464],[131.93024,34.33308],[131.93487,34.32794],[131.94217,34.32532],[131.94474,34.32071],[131.94648,34.32029],[131.95012,34.31462],[131.95531,34.31016],[131.95565,34.30796],[131.95868,34.30634],[131.96098,34.30802],[131.96351,34.3136],[131.96278,34.31714],[131.96076,34.32079],[131.96244,34.32297],[131.97042,34.32372],[131.97417,34.32895],[131.97547,34.3332],[131.97547,34.33744],[131.97402,34.34113],[131.97978,34.34278],[131.98063,34.34701],[131.98364,34.35096],[131.9896,34.35238],[131.99003,34.35426],[131.99422,34.35806],[131.99454,34.3616],[131.99784,34.36488],[132.001,34.36623],[132.00722,34.36478],[132.01211,34.3674],[132.01257,34.37004],[132.01176,34.37503],[132.01352,34.38203],[132.0094,34.38567],[132.00746,34.38595],[132.00704,34.39085],[132.00514,34.39351],[132.00026,34.39728],[131.99783,34.40419],[131.99752,34.40709],[131.99461,34.40806],[131.99441,34.41023],[131.98988,34.41395],[131.99184,34.41605],[131.99492,34.42214],[131.99651,34.42367],[131.99746,34.42779],[132.0063,34.43231],[132.00986,34.43142],[132.01107,34.4343],[132.01623,34.43747],[132.01732,34.44027],[132.01542,34.45204],[132.01917,34.45673],[132.02208,34.45755],[132.02328,34.46115],[132.03482,34.46341],[132.03905,34.46889],[132.04107,34.46799],[132.04594,34.46949],[132.04871,34.46883],[132.04984,34.46639],[132.05519,34.4678],[132.05388,34.47099],[132.04971,34.47435],[132.04047,34.47525],[132.03694,34.47418],[132.03346,34.47177],[132.02775,34.47071],[132.02164,34.46674],[132.01624,34.46728],[132.01239,34.46298],[132.00748,34.45969],[132.00631,34.45379],[132.00274,34.45388],[132.0006,34.45203],[131.99563,34.45037],[131.99097,34.45217],[131.98992,34.45464],[131.99094,34.45882],[131.99332,34.4607],[131.99492,34.46387],[131.99441,34.46624],[131.99654,34.46946],[131.99517,34.47294],[131.98915,34.47262],[131.98406,34.47485],[131.98072,34.47343],[131.97721,34.47347],[131.97363,34.47138],[131.9674,34.47478],[131.96715,34.47783]]]}},{"type":"Feature","properties":{"code":"32525","name":"隠岐郡海士町","pref":"島根県","pref_code":"32","cx":133.09339,"cy":36.0783,"bbox":[133.06433,36.03701,133.16817,36.12012]},"geometry":{"type":"MultiPolygon","coordinates":[[[[133.16428,36.11403],[133.16153,36.1116],[133.1565,36.10513],[133.15814,36.10363],[133.16271,36.10295],[133.16627,36.09998],[133.16817,36.10625],[133.16618,36.10683],[133.16718,36.11301],[133.16428,36.11403]]],[[[133.11256,36.12012],[133.11045,36.11991],[133.10451,36.11679],[133.09978,36.11833],[133.09411,36.11709],[133.09055,36.11091],[133.09385,36.10884],[133.09242,36.10365],[133.09053,36.10294],[133.09131,36.09647],[133.08812,36.09604],[133.08656,36.09752],[133.08815,36.09987],[133.08522,36.10247],[133.08738,36.10591],[133.08777,36.11011],[133.08604,36.11266],[133.08327,36.11417],[133.08,36.11255],[133.08142,36.11018],[133.0772,36.10886],[133.08088,36.10675],[133.08182,36.1035],[133.07676,36.10265],[133.07541,36.10638],[133.07139,36.10566],[133.06988,36.1011],[133.06772,36.1001],[133.06433,36.10107],[133.06436,36.09816],[133.06637,36.09242],[133.07,36.0868],[133.06968,36.08357],[133.07343,36.08088],[133.07148,36.0765],[133.06803,36.0768],[133.06869,36.07363],[133.07225,36.07296],[133.07396,36.07479],[133.079,36.07268],[133.07485,36.06361],[133.07432,36.05857],[133.07038,36.05923],[133.07044,36.05434],[133.07248,36.05164],[133.07046,36.04977],[133.07108,36.04674],[133.06827,36.04198],[133.07047,36.03804],[133.07797,36.03701],[133.08052,36.03802],[133.08229,36.04062],[133.07699,36.04431],[133.08079,36.04687],[133.08785,36.04623],[133.08855,36.049],[133.08597,36.05103],[133.08775,36.05279],[133.09702,36.04932],[133.10381,36.05002],[133.105,36.05331],[133.09974,36.05452],[133.09678,36.0575],[133.10305,36.05761],[133.10591,36.06122],[133.10835,36.0622],[133.10814,36.0647],[133.09993,36.06903],[133.09699,36.07227],[133.10934,36.06785],[133.11158,36.06626],[133.11587,36.06634],[133.11805,36.071],[133.1162,36.07569],[133.11331,36.07751],[133.11574,36.07912],[133.12183,36.07655],[133.1234,36.07438],[133.12639,36.07548],[133.13149,36.07341],[133.13434,36.07679],[133.13668,36.0822],[133.1402,36.08205],[133.14072,36.0791],[133.14384,36.07521],[133.14651,36.07403],[133.15143,36.07481],[133.15053,36.0775],[133.14592,36.07967],[133.14548,36.08253],[133.13733,36.08432],[133.13536,36.08633],[133.13117,36.08574],[133.12925,36.08344],[133.11911,36.08145],[133.11755,36.08472],[133.12234,36.08582],[133.12429,36.08866],[133.12771,36.09056],[133.126,36.09445],[133.12649,36.09788],[133.12977,36.09974],[133.13448,36.1006],[133.13596,36.10209],[133.12899,36.10715],[133.13011,36.11087],[133.12645,36.11101],[133.12181,36.11531],[133.11677,36.11495],[133.11256,36.12012]]]]}},{"type":"Feature","properties":{"code":"32526","name":"隠岐郡西ノ島町","pref":"島根県","pref_code":"32","cx":133.02988,"cy":36.09068,"bbox":[132.94591,36.03839,133.09091,36.14274]},"geometry":{"type":"Polygon","coordinates":[[[133.0692,36.14274],[133.06563,36.13736],[133.06543,36.13537],[133.06228,36.13436],[133.05532,36.12971],[133.04692,36.12931],[133.04303,36.1342],[133.03626,36.13497],[133.03065,36.13757],[133.02602,36.13714],[133.0243,36.13437],[133.01992,36.13448],[133.01745,36.13686],[133.01451,36.13762],[133.01249,36.13577],[133.01392,36.13053],[133.01409,36.12613],[133.01229,36.12078],[133.01278,36.11549],[133.00639,36.11198],[133.00547,36.10772],[132.99939,36.11428],[132.99325,36.11378],[132.99064,36.11244],[132.98988,36.10918],[132.98741,36.10948],[132.98729,36.11399],[132.98605,36.11625],[132.97936,36.11399],[132.97676,36.11055],[132.9723,36.10799],[132.96909,36.10319],[132.96687,36.10228],[132.96457,36.09776],[132.96791,36.09273],[132.96024,36.09204],[132.95364,36.08562],[132.95094,36.08559],[132.95187,36.0817],[132.95062,36.08003],[132.94728,36.07972],[132.94724,36.07666],[132.95341,36.07704],[132.95311,36.07475],[132.95049,36.07277],[132.95083,36.07001],[132.94942,36.06801],[132.94591,36.06699],[132.94604,36.06488],[132.95391,36.06065],[132.95442,36.05867],[132.96144,36.06031],[132.96467,36.05975],[132.96881,36.05754],[132.97324,36.0573],[132.97474,36.05259],[132.98611,36.04897],[132.99002,36.04304],[132.99498,36.04101],[132.99758,36.03839],[132.99952,36.04019],[133.00047,36.04395],[132.99675,36.04633],[132.9929,36.05209],[132.99359,36.05672],[132.99032,36.05997],[132.98906,36.0636],[132.98303,36.06859],[132.98394,36.07136],[132.98194,36.07567],[132.97868,36.07914],[132.9767,36.08339],[132.97718,36.08535],[132.98032,36.08615],[132.98132,36.08907],[132.984,36.09246],[132.98521,36.08648],[132.98933,36.08514],[132.99243,36.08837],[132.99141,36.09216],[132.9951,36.09257],[132.99924,36.09094],[133.00071,36.09325],[133.00325,36.09184],[133.007,36.0953],[133.00802,36.0985],[133.00662,36.10299],[133.01165,36.10089],[133.01299,36.09785],[133.01139,36.09331],[133.00707,36.09261],[133.00543,36.09042],[133.008,36.08665],[133.00778,36.08376],[133.01154,36.07528],[133.01483,36.07413],[133.0197,36.06844],[133.02208,36.06389],[133.02691,36.06482],[133.03371,36.06331],[133.03709,36.06501],[133.03772,36.06233],[133.04268,36.06294],[133.04485,36.06039],[133.04799,36.06446],[133.05107,36.06601],[133.05281,36.06936],[133.05102,36.07002],[133.05151,36.0756],[133.05039,36.07884],[133.05481,36.0808],[133.05695,36.08313],[133.05603,36.08818],[133.05006,36.09605],[133.04487,36.09506],[133.04405,36.09786],[133.046,36.09885],[133.0418,36.10157],[133.03952,36.10613],[133.04234,36.11088],[133.04778,36.11317],[133.05323,36.11195],[133.0595,36.11342],[133.0628,36.11267],[133.06523,36.11467],[133.07029,36.11364],[133.07385,36.11792],[133.08087,36.12082],[133.08561,36.12721],[133.08837,36.12992],[133.08752,36.13216],[133.09091,36.13424],[133.08992,36.1373],[133.08739,36.13694],[133.08467,36.13872],[133.08047,36.13786],[133.08137,36.14175],[133.07816,36.14266],[133.07294,36.14093],[133.0692,36.14274]]]}},{"type":"Feature","properties":{"code":"32527","name":"隠岐郡知夫村","pref":"島根県","pref_code":"32","cx":133.02935,"cy":36.01337,"bbox":[133.00016,35.99308,133.07992,36.03293]},"geometry":{"type":"MultiPolygon","coordinates":[[[[133.07718,36.0],[133.07601,35.99486],[133.07786,35.99308],[133.07992,35.99688],[133.07718,36.0]]],[[[133.05432,36.00217],[133.05127,36.00179],[133.04856,35.99862],[133.05226,35.99592],[133.05432,36.00217]]],[[[133.00383,36.03293],[133.00016,36.03195],[133.00097,36.02707],[133.00447,36.02267],[133.00234,36.02045],[133.00756,36.01888],[133.00328,36.01617],[133.00385,36.01364],[133.00826,36.01045],[133.00791,36.00606],[133.00567,36.00429],[133.0093,36.00193],[133.01576,36.00342],[133.02014,36.00606],[133.0234,36.00667],[133.02673,36.00587],[133.02709,36.00226],[133.03004,35.99994],[133.03117,36.00277],[133.0308,36.00587],[133.03315,36.00648],[133.03816,36.00301],[133.04205,36.00835],[133.04146,36.0131],[133.04788,36.00928],[133.04563,36.00663],[133.04814,36.00423],[133.05355,36.0037],[133.0564,36.00531],[133.05652,36.00059],[133.05512,35.99708],[133.05704,35.99457],[133.06229,35.9943],[133.06576,35.99597],[133.06645,36.00315],[133.06461,36.0043],[133.06928,36.00738],[133.07306,36.01086],[133.06513,36.01186],[133.06211,36.01038],[133.05489,36.01298],[133.05103,36.01661],[133.04459,36.01881],[133.0425,36.02055],[133.04152,36.02361],[133.03529,36.02864],[133.03104,36.02864],[133.02713,36.03185],[133.02585,36.02976],[133.02201,36.02992],[133.01749,36.03135],[133.01358,36.03079],[133.01067,36.03252],[133.00691,36.03199],[133.00383,36.03293]]]]}},{"type":"Feature","properties":{"code":"32528","name":"隠岐郡隠岐の島町","pref":"島根県","pref_code":"32","cx":133.2762,"cy":36.25446,"bbox":[133.17279,36.13353,133.3852,36.34889]},"geometry":{"type":"MultiPolygon","coordinates":[[[[133.17501,36.14008],[133.17279,36.13549],[133.17365,36.13353],[133.17962,36.13695],[133.17501,36.14008]]],[[[133.27905,36.34889],[133.28105,36.34488],[133.28003,36.3405],[133.27644,36.33712],[133.27345,36.33555],[133.27119,36.3324],[133.26769,36.3325],[133.26478,36.33051],[133.2634,36.32789],[133.25957,36.33002],[133.25643,36.32739],[133.25265,36.32898],[133.25201,36.33168],[133.24747,36.33437],[133.23948,36.3315],[133.23726,36.33153],[133.23357,36.32876],[133.22639,36.32867],[133.22422,36.32604],[133.22593,36.32324],[133.23182,36.31931],[133.22466,36.31341],[133.21861,36.31352],[133.21648,36.31475],[133.21407,36.31091],[133.21013,36.31083],[133.20848,36.30723],[133.21099,36.30242],[133.21059,36.30092],[133.20492,36.30067],[133.20122,36.29876],[133.19912,36.30149],[133.19587,36.30152],[133.19628,36.2978],[133.19394,36.29122],[133.19683,36.29058],[133.20484,36.29145],[133.20674,36.28886],[133.20059,36.28812],[133.19861,36.286],[133.19958,36.28331],[133.20434,36.28047],[133.198,36.27998],[133.19258,36.28409],[133.19169,36.28642],[133.18567,36.28958],[133.18258,36.28967],[133.18183,36.28652],[133.18518,36.28576],[133.18794,36.28195],[133.18777,36.27382],[133.18639,36.26756],[133.18196,36.26057],[133.17785,36.25891],[133.17659,36.25595],[133.17772,36.24978],[133.18564,36.24906],[133.18829,36.24939],[133.19265,36.24546],[133.19092,36.23779],[133.18955,36.23638],[133.1907,36.23069],[133.18773,36.22686],[133.18361,36.2238],[133.18536,36.2147],[133.18784,36.21238],[133.19219,36.21466],[133.19517,36.21385],[133.1947,36.21146],[133.19849,36.21173],[133.20762,36.20994],[133.20928,36.20842],[133.20786,36.20316],[133.20977,36.20081],[133.20858,36.19808],[133.2145,36.19389],[133.22407,36.18842],[133.22886,36.18846],[133.23476,36.18959],[133.23833,36.19168],[133.24486,36.19016],[133.24656,36.18729],[133.24631,36.18436],[133.24312,36.18202],[133.23857,36.1833],[133.23713,36.18049],[133.2379,36.17725],[133.24119,36.17544],[133.23629,36.17208],[133.23496,36.16892],[133.24028,36.16646],[133.24494,36.16769],[133.24752,36.17016],[133.24406,36.1761],[133.24854,36.17479],[133.25055,36.1723],[133.25333,36.17141],[133.25095,36.1678],[133.24835,36.16633],[133.24788,36.16113],[133.25284,36.16179],[133.25604,36.16527],[133.2562,36.16884],[133.26332,36.17044],[133.26059,36.16634],[133.26535,36.16669],[133.26769,36.16899],[133.27389,36.16875],[133.27802,36.16961],[133.27905,36.17237],[133.27685,36.17754],[133.27833,36.17885],[133.27668,36.18139],[133.27896,36.188],[133.282,36.18749],[133.27969,36.18231],[133.2814,36.17804],[133.28372,36.17901],[133.28859,36.17438],[133.28892,36.17915],[133.29293,36.17914],[133.29397,36.17621],[133.30055,36.17667],[133.30309,36.17237],[133.30564,36.17231],[133.30876,36.17436],[133.31365,36.17123],[133.31816,36.17072],[133.32542,36.16734],[133.33064,36.16808],[133.33507,36.17047],[133.33929,36.16964],[133.33982,36.17184],[133.33825,36.17571],[133.33681,36.18381],[133.3389,36.18762],[133.33505,36.19381],[133.33572,36.1972],[133.3323,36.1969],[133.32873,36.19816],[133.32753,36.20065],[133.32256,36.19969],[133.3218,36.1969],[133.315,36.19935],[133.30937,36.19955],[133.3135,36.20434],[133.32101,36.20344],[133.32475,36.20408],[133.3278,36.20186],[133.33189,36.20136],[133.33495,36.20278],[133.33843,36.20817],[133.33603,36.21039],[133.33917,36.21315],[133.34021,36.21647],[133.33971,36.22157],[133.34516,36.22468],[133.34372,36.22024],[133.34576,36.21732],[133.34505,36.21527],[133.34795,36.21367],[133.35125,36.21345],[133.34756,36.20938],[133.34944,36.20686],[133.34175,36.20045],[133.33966,36.19591],[133.3436,36.19692],[133.34931,36.19623],[133.35216,36.1975],[133.35469,36.20268],[133.35978,36.20258],[133.3611,36.20413],[133.36786,36.20445],[133.37011,36.20671],[133.37019,36.21125],[133.37174,36.21406],[133.37037,36.21662],[133.37213,36.21875],[133.37198,36.22259],[133.3741,36.22464],[133.37483,36.22814],[133.37774,36.23059],[133.37667,36.23725],[133.37312,36.24296],[133.37621,36.24664],[133.37269,36.251],[133.37479,36.25297],[133.37944,36.26235],[133.38257,36.26432],[133.38198,36.26614],[133.3852,36.26755],[133.37935,36.27093],[133.37908,36.27651],[133.3735,36.27775],[133.37406,36.27911],[133.3698,36.2812],[133.36269,36.27911],[133.362,36.28369],[133.36342,36.2886],[133.35827,36.28878],[133.35613,36.29079],[133.35787,36.29475],[133.36231,36.29526],[133.35675,36.29939],[133.34895,36.29743],[133.34512,36.29865],[133.34463,36.30106],[133.33972,36.3043],[133.33785,36.30864],[133.34027,36.31137],[133.33496,36.31232],[133.3291,36.30901],[133.32448,36.30889],[133.32614,36.31401],[133.32445,36.31678],[133.32192,36.3161],[133.31635,36.32367],[133.30895,36.31921],[133.30569,36.32381],[133.30813,36.32428],[133.30988,36.32845],[133.30662,36.32958],[133.30574,36.32723],[133.30273,36.32557],[133.29695,36.32818],[133.29511,36.33364],[133.29295,36.33284],[133.28788,36.33654],[133.28548,36.34267],[133.28323,36.34403],[133.2832,36.34807],[133.27905,36.34889]]]]}},{"type":"Feature","properties":{"code":"33101","name":"岡山市北区","pref":"岡山県","pref_code":"33","cx":133.86254,"cy":34.78143,"bbox":[133.73983,34.61992,133.99399,34.94834]},"geometry":{"type":"Polygon","coordinates":[[[133.98594,34.7131],[133.99359,34.71964],[133.99396,34.72654],[133.98653,34.73348],[133.98409,34.7395],[133.97142,34.74943],[133.98585,34.76133],[133.97662,34.76927],[133.98068,34.77864],[133.97029,34.78422],[133.9617,34.78601],[133.97367,34.80257],[133.98555,34.807],[133.98709,34.81826],[133.9912,34.82708],[133.98774,34.83576],[133.99282,34.84129],[133.99399,34.85007],[133.98193,34.85504],[133.97757,34.84713],[133.96829,34.85315],[133.96111,34.86801],[133.95535,34.87273],[133.93746,34.87097],[133.92784,34.87466],[133.9385,34.88394],[133.93056,34.88784],[133.92223,34.90083],[133.90923,34.90666],[133.90257,34.90149],[133.89417,34.90959],[133.90627,34.91822],[133.90054,34.92258],[133.90858,34.92658],[133.90634,34.93818],[133.91013,34.94384],[133.8881,34.94404],[133.88294,34.94834],[133.87488,34.93982],[133.86389,34.93712],[133.86071,34.94371],[133.85401,34.94465],[133.85024,34.93438],[133.85177,34.92657],[133.84725,34.92213],[133.85031,34.91598],[133.85873,34.91241],[133.86732,34.90531],[133.87425,34.90701],[133.8784,34.90311],[133.86494,34.89645],[133.8566,34.89523],[133.84807,34.8837],[133.85022,34.87948],[133.84324,34.86923],[133.84799,34.85363],[133.84348,34.84467],[133.82837,34.8417],[133.81761,34.83453],[133.81889,34.80663],[133.80765,34.80828],[133.79935,34.81472],[133.78905,34.81356],[133.78099,34.80892],[133.77413,34.79712],[133.77292,34.7864],[133.7528,34.78589],[133.74001,34.76813],[133.73983,34.76152],[133.7494,34.74787],[133.75623,34.74942],[133.7682,34.74167],[133.77261,34.74215],[133.79077,34.73132],[133.79617,34.72326],[133.79975,34.71103],[133.79167,34.69851],[133.80416,34.68466],[133.79564,34.67688],[133.79717,34.66663],[133.80128,34.6626],[133.81316,34.66776],[133.82493,34.66935],[133.83503,34.66181],[133.83767,34.65502],[133.83182,34.65124],[133.83753,34.63541],[133.83027,34.62788],[133.83604,34.61992],[133.84346,34.62135],[133.85216,34.63445],[133.85985,34.63661],[133.868,34.63298],[133.87278,34.63427],[133.88353,34.62977],[133.89163,34.63124],[133.89747,34.63639],[133.90442,34.63603],[133.90958,34.64106],[133.91771,34.63782],[133.91572,34.63005],[133.92452,34.62826],[133.92688,34.63501],[133.93864,34.63594],[133.93088,34.64633],[133.9324,34.65641],[133.93878,34.66331],[133.93267,34.67047],[133.93404,34.68179],[133.93941,34.69006],[133.94847,34.69595],[133.95819,34.71315],[133.98594,34.7131]]]}},{"type":"Feature","properties":{"code":"33102","name":"岡山市中区","pref":"岡山県","pref_code":"33","cx":133.96359,"cy":34.65986,"bbox":[133.93088,34.60034,134.00535,34.71315]},"geometry":{"type":"Polygon","coordinates":[[[133.93864,34.63594],[133.94536,34.63084],[133.97089,34.6018],[133.97738,34.60034],[133.98269,34.60749],[133.9958,34.61354],[133.98879,34.61815],[133.98577,34.62615],[133.98641,34.64513],[133.99302,34.66394],[133.9869,34.66917],[134.00535,34.67432],[134.00387,34.68214],[133.98907,34.68302],[133.9891,34.69734],[133.98389,34.70767],[133.98594,34.7131],[133.95819,34.71315],[133.94847,34.69595],[133.93941,34.69006],[133.93404,34.68179],[133.93267,34.67047],[133.93878,34.66331],[133.9324,34.65641],[133.93088,34.64633],[133.93864,34.63594]]]}},{"type":"Feature","properties":{"code":"33103","name":"岡山市東区","pref":"岡山県","pref_code":"33","cx":134.04082,"cy":34.68206,"bbox":[133.98389,34.58108,134.12252,34.78288]},"geometry":{"type":"Polygon","coordinates":[[[133.9958,34.61354],[134.01898,34.60974],[134.02897,34.60639],[134.03248,34.60911],[134.04215,34.60833],[134.04743,34.59762],[134.05321,34.59603],[134.05438,34.58643],[134.06897,34.58381],[134.07975,34.58647],[134.08449,34.58108],[134.09668,34.58282],[134.10352,34.58958],[134.11219,34.58847],[134.11287,34.60079],[134.10965,34.60563],[134.11634,34.62744],[134.10129,34.63951],[134.08631,34.63252],[134.08,34.63247],[134.07307,34.63786],[134.07731,34.6501],[134.06684,34.6477],[134.05821,34.65179],[134.05193,34.65921],[134.0602,34.67014],[134.07254,34.67662],[134.07773,34.68198],[134.08416,34.69898],[134.08339,34.70612],[134.09299,34.71434],[134.1023,34.72668],[134.1062,34.74207],[134.11973,34.74761],[134.12252,34.75291],[134.11934,34.75721],[134.10907,34.76084],[134.09022,34.76264],[134.09291,34.77014],[134.08705,34.78196],[134.08104,34.78288],[134.06455,34.77984],[134.05825,34.76781],[134.04888,34.76655],[134.05122,34.76147],[134.04531,34.74921],[134.03547,34.74432],[134.0287,34.73782],[134.00049,34.72623],[133.98594,34.7131],[133.98389,34.70767],[133.9891,34.69734],[133.98907,34.68302],[134.00387,34.68214],[134.00535,34.67432],[133.9869,34.66917],[133.99302,34.66394],[133.98641,34.64513],[133.98577,34.62615],[133.98879,34.61815],[133.9958,34.61354]]]}},{"type":"Feature","properties":{"code":"33104","name":"岡山市南区","pref":"岡山県","pref_code":"33","cx":133.94201,"cy":34.58357,"bbox":[133.81928,34.51852,134.04114,34.64106]},"geometry":{"type":"Polygon","coordinates":[[[133.93864,34.63594],[133.92688,34.63501],[133.92452,34.62826],[133.91572,34.63005],[133.91771,34.63782],[133.90958,34.64106],[133.90442,34.63603],[133.89747,34.63639],[133.89163,34.63124],[133.88353,34.62977],[133.87278,34.63427],[133.868,34.63298],[133.85985,34.63661],[133.85216,34.63445],[133.84346,34.62135],[133.83604,34.61992],[133.83436,34.61154],[133.83829,34.59922],[133.8436,34.59003],[133.84289,34.57965],[133.83306,34.56847],[133.83317,34.55486],[133.81928,34.55067],[133.82828,34.53453],[133.83841,34.53546],[133.84995,34.52697],[133.85399,34.5199],[133.86649,34.51852],[133.87524,34.52412],[133.88658,34.52479],[133.88477,34.5379],[133.8933,34.54289],[133.90222,34.53695],[133.91971,34.54494],[133.93875,34.57644],[133.96172,34.56626],[133.96608,34.55858],[133.97711,34.55981],[133.98252,34.56699],[133.98224,34.57214],[133.98719,34.57757],[134.01016,34.57496],[134.01437,34.57771],[134.02307,34.57527],[134.02889,34.57844],[134.03418,34.57377],[134.04114,34.57642],[134.04072,34.58748],[134.02606,34.59896],[134.00454,34.5949],[133.97385,34.59447],[133.96044,34.58758],[133.94809,34.59364],[133.94605,34.59899],[133.95235,34.60247],[133.95719,34.59697],[133.97089,34.6018],[133.94536,34.63084],[133.93864,34.63594]]]}},{"type":"Feature","properties":{"code":"33202","name":"倉敷市","pref":"岡山県","pref_code":"33","cx":133.73577,"cy":34.55276,"bbox":[133.60322,34.41878,133.881,34.66935]},"geometry":{"type":"MultiPolygon","coordinates":[[[[133.76117,34.43129],[133.76397,34.41977],[133.77005,34.41878],[133.77496,34.4265],[133.76437,34.42729],[133.76117,34.43129]]],[[[133.68442,34.50427],[133.66919,34.50203],[133.66906,34.49071],[133.68354,34.49053],[133.68442,34.50427]]],[[[133.80128,34.6626],[133.79877,34.6537],[133.79887,34.64053],[133.79324,34.63895],[133.78049,34.64438],[133.77079,34.64024],[133.76259,34.64345],[133.75131,34.63422],[133.7572,34.63141],[133.7459,34.6223],[133.73906,34.62439],[133.73112,34.62216],[133.7263,34.63082],[133.72724,34.64685],[133.72296,34.64804],[133.71677,34.6565],[133.71074,34.65567],[133.6967,34.65935],[133.69319,34.6644],[133.6817,34.65769],[133.67886,34.6604],[133.66854,34.65448],[133.66656,34.6494],[133.65886,34.64999],[133.64947,34.64519],[133.64546,34.6466],[133.63208,34.64183],[133.63388,34.63768],[133.6334,34.62348],[133.63876,34.60603],[133.64938,34.59625],[133.6323,34.58371],[133.62328,34.58048],[133.63671,34.56944],[133.63968,34.56062],[133.64786,34.55731],[133.64273,34.54812],[133.64896,34.54518],[133.64079,34.53943],[133.62934,34.52055],[133.62321,34.51877],[133.623,34.51283],[133.6076,34.50607],[133.60322,34.50105],[133.60374,34.49514],[133.61155,34.49538],[133.6194,34.49194],[133.62534,34.50099],[133.63815,34.50137],[133.64717,34.50376],[133.64803,34.51212],[133.65859,34.52035],[133.66982,34.51778],[133.67019,34.50735],[133.68407,34.50707],[133.69047,34.51238],[133.69083,34.52282],[133.70533,34.52306],[133.70403,34.47783],[133.71938,34.47312],[133.7434,34.4706],[133.73718,34.49058],[133.71905,34.49641],[133.72169,34.50087],[133.73505,34.49859],[133.74288,34.50122],[133.74833,34.48947],[133.75958,34.48585],[133.75712,34.4817],[133.75962,34.4702],[133.76663,34.47232],[133.76749,34.46251],[133.77131,34.4553],[133.78058,34.44538],[133.78517,34.43608],[133.79168,34.43936],[133.80713,34.43589],[133.81441,34.43799],[133.81121,34.44539],[133.80896,34.46113],[133.81476,34.4601],[133.81708,34.46683],[133.82974,34.47253],[133.86714,34.46728],[133.88014,34.45684],[133.881,34.46338],[133.87645,34.47332],[133.86358,34.47636],[133.8616,34.48131],[133.86496,34.49231],[133.87041,34.49306],[133.86643,34.5107],[133.86649,34.51852],[133.85399,34.5199],[133.84995,34.52697],[133.83841,34.53546],[133.82828,34.53453],[133.81928,34.55067],[133.83317,34.55486],[133.83306,34.56847],[133.84289,34.57965],[133.8436,34.59003],[133.83829,34.59922],[133.82813,34.5916],[133.82441,34.59628],[133.80546,34.6005],[133.8018,34.60898],[133.81394,34.61284],[133.81817,34.62114],[133.83027,34.62788],[133.83753,34.63541],[133.83182,34.65124],[133.83767,34.65502],[133.83503,34.66181],[133.82493,34.66935],[133.81316,34.66776],[133.80128,34.6626]]]]}},{"type":"Feature","properties":{"code":"33203","name":"津山市","pref":"岡山県","pref_code":"33","cx":134.05899,"cy":35.14685,"bbox":[133.82236,34.98399,134.16889,35.30733]},"geometry":{"type":"Polygon","coordinates":[[[134.16753,35.17183],[134.16889,35.18017],[134.16495,35.18798],[134.15398,35.19464],[134.15434,35.20555],[134.16216,35.21645],[134.16418,35.22798],[134.15825,35.23456],[134.14446,35.2313],[134.13748,35.23925],[134.14542,35.24284],[134.14276,35.24943],[134.15058,35.25796],[134.1376,35.26956],[134.1413,35.27494],[134.13568,35.28234],[134.1223,35.28107],[134.10279,35.29639],[134.09791,35.3033],[134.0863,35.30733],[134.08168,35.30226],[134.07066,35.29926],[134.0622,35.30304],[134.05466,35.29819],[134.04414,35.30276],[134.03014,35.30542],[134.02543,35.29631],[134.01867,35.2899],[134.02191,35.27395],[134.01689,35.2668],[134.01011,35.26418],[134.00505,35.25695],[134.00027,35.25566],[134.0041,35.24087],[134.01243,35.23104],[134.00141,35.22506],[133.99689,35.21812],[133.99822,35.20148],[133.99606,35.17828],[133.98832,35.17186],[133.98414,35.16108],[133.9784,35.15907],[133.97426,35.15068],[133.97522,35.14303],[133.96888,35.1373],[133.96823,35.1236],[133.96281,35.11568],[133.9634,35.10681],[133.95573,35.10276],[133.94858,35.08775],[133.94329,35.08501],[133.94397,35.07097],[133.93748,35.06306],[133.92158,35.06312],[133.91282,35.0674],[133.89592,35.07987],[133.88029,35.08071],[133.87363,35.08551],[133.86788,35.10181],[133.85547,35.10517],[133.83655,35.0987],[133.83203,35.08825],[133.83544,35.08232],[133.82882,35.07748],[133.82236,35.06644],[133.82434,35.0587],[133.82264,35.04682],[133.82609,35.04461],[133.83522,35.04743],[133.84282,35.03786],[133.86482,35.04202],[133.8745,35.04223],[133.87735,35.03655],[133.87703,35.02667],[133.8796,35.01374],[133.87206,35.00734],[133.8768,34.99896],[133.87776,34.99187],[133.88521,34.99354],[133.89575,34.98399],[133.90941,34.99427],[133.91012,34.99861],[133.91928,35.00413],[133.92016,35.00957],[133.93036,35.01437],[133.9379,35.02974],[133.93533,35.04153],[133.95687,35.04493],[133.95457,35.03537],[133.94998,35.029],[133.94783,35.01812],[133.9515,35.00902],[133.96268,35.01179],[133.97089,35.01144],[133.977,35.02009],[133.98843,35.02657],[133.99753,35.02331],[134.00465,35.01558],[134.01023,35.01508],[134.01702,35.00622],[134.02486,35.00585],[134.03169,35.00206],[134.04037,35.00232],[134.03288,35.01323],[134.04627,35.02618],[134.05779,35.02465],[134.06087,35.02086],[134.07659,35.02526],[134.08436,35.01936],[134.08191,35.03562],[134.08428,35.03992],[134.0828,35.05093],[134.09176,35.05437],[134.10231,35.05058],[134.10526,35.06721],[134.10105,35.07004],[134.10416,35.08361],[134.10901,35.08368],[134.13134,35.10309],[134.13381,35.11743],[134.1374,35.12306],[134.14338,35.14123],[134.143,35.15682],[134.15033,35.16721],[134.16519,35.16951],[134.16753,35.17183]]]}},{"type":"Feature","properties":{"code":"33204","name":"玉野市","pref":"岡山県","pref_code":"33","cx":133.91377,"cy":34.516,"bbox":[133.8616,34.45091,134.03418,34.57844]},"geometry":{"type":"MultiPolygon","coordinates":[[[[134.02148,34.50745],[134.00756,34.4992],[134.01899,34.49821],[134.02148,34.50745]]],[[[133.86649,34.51852],[133.86643,34.5107],[133.87041,34.49306],[133.86496,34.49231],[133.8616,34.48131],[133.86358,34.47636],[133.87645,34.47332],[133.881,34.46338],[133.88014,34.45684],[133.89954,34.45699],[133.91017,34.45094],[133.93475,34.45091],[133.94322,34.45523],[133.94362,34.46429],[133.93432,34.47325],[133.93803,34.48117],[133.94765,34.48483],[133.95017,34.4928],[133.96163,34.49204],[133.96481,34.49522],[133.95648,34.50597],[133.96166,34.51353],[133.95947,34.52272],[133.9688,34.53007],[133.97784,34.53307],[133.98736,34.53068],[133.99314,34.51847],[133.99786,34.5211],[133.99551,34.53374],[134.00118,34.54552],[134.01022,34.5508],[134.01623,34.54478],[134.0286,34.55484],[134.03098,34.57002],[134.03418,34.57377],[134.02889,34.57844],[134.02307,34.57527],[134.01437,34.57771],[134.01016,34.57496],[133.98719,34.57757],[133.98224,34.57214],[133.98252,34.56699],[133.97711,34.55981],[133.96608,34.55858],[133.96172,34.56626],[133.93875,34.57644],[133.91971,34.54494],[133.90222,34.53695],[133.8933,34.54289],[133.88477,34.5379],[133.88658,34.52479],[133.87524,34.52412],[133.86649,34.51852]]]]}},{"type":"Feature","properties":{"code":"33205","name":"笠岡市","pref":"岡山県","pref_code":"33","cx":133.499,"cy":34.52365,"bbox":[133.44587,34.29833,133.58714,34.60331]},"geometry":{"type":"MultiPolygon","coordinates":[[[[133.53824,34.30973],[133.52597,34.3045],[133.53353,34.29833],[133.53699,34.30062],[133.53824,34.30973]]],[[[133.49827,34.35063],[133.49725,34.34032],[133.50691,34.3352],[133.50948,34.34056],[133.49827,34.35063]]],[[[133.58714,34.36373],[133.58156,34.36188],[133.56709,34.35105],[133.57246,34.34807],[133.58087,34.35113],[133.58714,34.36373]]],[[[133.54264,34.40202],[133.5275,34.38804],[133.51915,34.38952],[133.51761,34.38251],[133.54779,34.36903],[133.55862,34.36702],[133.55732,34.37547],[133.545,34.37737],[133.55115,34.39192],[133.54713,34.40053],[133.54264,34.40202]]],[[[133.52479,34.41642],[133.51867,34.40848],[133.50584,34.40664],[133.50516,34.40336],[133.51377,34.38969],[133.52024,34.39756],[133.52596,34.39988],[133.52351,34.40593],[133.52479,34.41642]]],[[[133.51215,34.43526],[133.50675,34.43336],[133.49975,34.42619],[133.5117,34.42609],[133.51638,34.43194],[133.51215,34.43526]]],[[[133.57014,34.58504],[133.56378,34.58684],[133.55522,34.5937],[133.55222,34.59969],[133.54488,34.60331],[133.52935,34.59968],[133.52383,34.59261],[133.51221,34.59129],[133.50979,34.58249],[133.50504,34.57923],[133.50494,34.56326],[133.48989,34.55658],[133.4773,34.54701],[133.44944,34.54276],[133.45393,34.53017],[133.44727,34.5194],[133.45337,34.50674],[133.45544,34.4949],[133.44587,34.48306],[133.44922,34.47752],[133.45522,34.47737],[133.45632,34.45454],[133.46278,34.45447],[133.48402,34.46475],[133.49029,34.45996],[133.47305,34.44754],[133.47788,34.44342],[133.4891,34.44096],[133.50094,34.45173],[133.5144,34.44918],[133.52415,34.45122],[133.52802,34.4683],[133.51938,34.47313],[133.51836,34.47912],[133.5295,34.47705],[133.53202,34.46894],[133.54038,34.46138],[133.55365,34.46444],[133.56066,34.4683],[133.57324,34.4659],[133.56765,34.4863],[133.56039,34.49353],[133.54586,34.49231],[133.52979,34.49677],[133.53804,34.5087],[133.54403,34.51148],[133.54953,34.52789],[133.54339,34.53618],[133.54406,34.54513],[133.55929,34.55582],[133.56133,34.56839],[133.57014,34.58504]]]]}},{"type":"Feature","properties":{"code":"33207","name":"井原市","pref":"岡山県","pref_code":"33","cx":133.46059,"cy":34.64449,"bbox":[133.36087,34.54276,133.60855,34.74459]},"geometry":{"type":"Polygon","coordinates":[[[133.52935,34.59968],[133.53242,34.60792],[133.52723,34.62199],[133.51883,34.62973],[133.5263,34.63245],[133.5336,34.62993],[133.53631,34.64104],[133.53075,34.64555],[133.54392,34.64853],[133.5538,34.64324],[133.56103,34.64647],[133.56117,34.65937],[133.56956,34.66989],[133.57056,34.6794],[133.58315,34.67961],[133.59406,34.68685],[133.59283,34.69826],[133.60855,34.70614],[133.59426,34.71286],[133.58728,34.71001],[133.58182,34.71925],[133.57193,34.71952],[133.5612,34.72301],[133.55453,34.73264],[133.55899,34.73837],[133.54668,34.73957],[133.53628,34.74265],[133.52686,34.73922],[133.52028,34.73328],[133.521,34.72622],[133.52998,34.71775],[133.51741,34.70931],[133.50843,34.70826],[133.50258,34.7038],[133.50035,34.69484],[133.48989,34.69575],[133.4726,34.69005],[133.46213,34.6839],[133.44682,34.68594],[133.43801,34.69044],[133.4335,34.69609],[133.4268,34.69627],[133.41894,34.70979],[133.41302,34.71368],[133.40995,34.72599],[133.39788,34.73557],[133.38773,34.73809],[133.38448,34.74344],[133.36965,34.74459],[133.36087,34.73453],[133.36146,34.72713],[133.36913,34.72355],[133.37308,34.70799],[133.37417,34.69536],[133.38641,34.68538],[133.38549,34.67754],[133.40141,34.67405],[133.40279,34.66707],[133.38848,34.64343],[133.38719,34.63638],[133.39192,34.63113],[133.38498,34.62537],[133.38477,34.61676],[133.39586,34.60535],[133.39701,34.59488],[133.40578,34.58929],[133.42317,34.58554],[133.42313,34.57866],[133.42673,34.56914],[133.43508,34.56577],[133.44603,34.55643],[133.44944,34.54276],[133.4773,34.54701],[133.48989,34.55658],[133.50494,34.56326],[133.50504,34.57923],[133.50979,34.58249],[133.51221,34.59129],[133.52383,34.59261],[133.52935,34.59968]]]}},{"type":"Feature","properties":{"code":"33208","name":"総社市","pref":"岡山県","pref_code":"33","cx":133.70956,"cy":34.70036,"bbox":[133.58182,34.62216,133.80416,34.7816]},"geometry":{"type":"Polygon","coordinates":[[[133.74001,34.76813],[133.71984,34.77531],[133.71903,34.7697],[133.69163,34.75569],[133.689,34.74527],[133.67988,34.75141],[133.67439,34.76628],[133.66646,34.77339],[133.66132,34.7816],[133.65498,34.78092],[133.64861,34.77482],[133.64641,34.76591],[133.6362,34.75885],[133.62944,34.76152],[133.62034,34.75383],[133.62189,34.75045],[133.60004,34.7347],[133.59146,34.72569],[133.58604,34.72535],[133.58182,34.71925],[133.58728,34.71001],[133.59426,34.71286],[133.60855,34.70614],[133.61873,34.70609],[133.62563,34.7022],[133.62762,34.69638],[133.62288,34.6856],[133.61487,34.68333],[133.61726,34.66271],[133.62346,34.65819],[133.62243,34.64909],[133.63208,34.64183],[133.64546,34.6466],[133.64947,34.64519],[133.65886,34.64999],[133.66656,34.6494],[133.66854,34.65448],[133.67886,34.6604],[133.6817,34.65769],[133.69319,34.6644],[133.6967,34.65935],[133.71074,34.65567],[133.71677,34.6565],[133.72296,34.64804],[133.72724,34.64685],[133.7263,34.63082],[133.73112,34.62216],[133.73906,34.62439],[133.7459,34.6223],[133.7572,34.63141],[133.75131,34.63422],[133.76259,34.64345],[133.77079,34.64024],[133.78049,34.64438],[133.79324,34.63895],[133.79887,34.64053],[133.79877,34.6537],[133.80128,34.6626],[133.79717,34.66663],[133.79564,34.67688],[133.80416,34.68466],[133.79167,34.69851],[133.79975,34.71103],[133.79617,34.72326],[133.79077,34.73132],[133.77261,34.74215],[133.7682,34.74167],[133.75623,34.74942],[133.7494,34.74787],[133.73983,34.76152],[133.74001,34.76813]]]}},{"type":"Feature","properties":{"code":"33209","name":"高梁市","pref":"岡山県","pref_code":"33","cx":133.50307,"cy":34.82165,"bbox":[133.33066,34.6839,133.72034,34.9598]},"geometry":{"type":"Polygon","coordinates":[[[133.58182,34.71925],[133.58604,34.72535],[133.59146,34.72569],[133.60004,34.7347],[133.62189,34.75045],[133.62034,34.75383],[133.62944,34.76152],[133.6362,34.75885],[133.64641,34.76591],[133.64861,34.77482],[133.65498,34.78092],[133.66132,34.7816],[133.66061,34.79622],[133.65651,34.80463],[133.64774,34.81435],[133.64849,34.82366],[133.64139,34.82945],[133.6405,34.8363],[133.64779,34.8475],[133.65447,34.85096],[133.66457,34.86469],[133.66331,34.87416],[133.68136,34.88154],[133.69374,34.89141],[133.7047,34.89281],[133.71157,34.90511],[133.71752,34.90872],[133.71201,34.91987],[133.72034,34.93349],[133.71891,34.94554],[133.71408,34.95252],[133.71693,34.95536],[133.70536,34.9598],[133.70275,34.95379],[133.68788,34.94744],[133.68073,34.95207],[133.67606,34.95047],[133.67193,34.94304],[133.65807,34.93825],[133.64797,34.94068],[133.64971,34.91515],[133.63348,34.90937],[133.63241,34.90396],[133.6193,34.9002],[133.62088,34.91572],[133.61698,34.93216],[133.61303,34.93331],[133.60374,34.94633],[133.60102,34.95287],[133.59081,34.95117],[133.58414,34.94685],[133.59009,34.93649],[133.58612,34.92962],[133.57226,34.92877],[133.56178,34.91354],[133.56976,34.89793],[133.56185,34.8869],[133.55314,34.88213],[133.54351,34.88188],[133.53561,34.87689],[133.52606,34.87694],[133.52154,34.86964],[133.51427,34.86591],[133.49557,34.87423],[133.48379,34.87208],[133.47595,34.87835],[133.47284,34.88579],[133.46511,34.87677],[133.45118,34.87418],[133.44461,34.87929],[133.42767,34.88321],[133.42509,34.88651],[133.41477,34.87683],[133.40454,34.87392],[133.3991,34.87518],[133.39288,34.8699],[133.37382,34.87433],[133.34849,34.87519],[133.33066,34.85593],[133.33259,34.84074],[133.34223,34.83028],[133.35299,34.83064],[133.35888,34.81964],[133.3679,34.81901],[133.37809,34.80836],[133.37759,34.79708],[133.3698,34.78977],[133.37238,34.78002],[133.36466,34.76711],[133.36598,34.75455],[133.36965,34.74459],[133.38448,34.74344],[133.38773,34.73809],[133.39788,34.73557],[133.40995,34.72599],[133.41302,34.71368],[133.41894,34.70979],[133.4268,34.69627],[133.4335,34.69609],[133.43801,34.69044],[133.44682,34.68594],[133.46213,34.6839],[133.4726,34.69005],[133.48989,34.69575],[133.50035,34.69484],[133.50258,34.7038],[133.50843,34.70826],[133.51741,34.70931],[133.52998,34.71775],[133.521,34.72622],[133.52028,34.73328],[133.52686,34.73922],[133.53628,34.74265],[133.54668,34.73957],[133.55899,34.73837],[133.55453,34.73264],[133.5612,34.72301],[133.57193,34.71952],[133.58182,34.71925]]]}},{"type":"Feature","properties":{"code":"33210","name":"新見市","pref":"岡山県","pref_code":"33","cx":133.44756,"cy":35.02267,"bbox":[133.26693,34.85593,133.62164,35.19309]},"geometry":{"type":"Polygon","coordinates":[[[133.60102,34.95287],[133.60742,34.9591],[133.62164,34.96159],[133.61916,34.9727],[133.60693,34.98807],[133.60785,34.99444],[133.59467,35.00001],[133.59051,34.9929],[133.5842,34.99644],[133.58731,35.00536],[133.59377,35.00799],[133.59972,35.01541],[133.60031,35.02065],[133.58754,35.0247],[133.58384,35.0314],[133.58366,35.03956],[133.59077,35.04807],[133.58514,35.05479],[133.58951,35.0725],[133.58937,35.07949],[133.58317,35.08703],[133.57626,35.09091],[133.57424,35.10005],[133.57569,35.112],[133.5838,35.11604],[133.58623,35.12766],[133.59119,35.13657],[133.568,35.14908],[133.55673,35.14876],[133.53858,35.15143],[133.53579,35.15777],[133.54144,35.16337],[133.52611,35.18289],[133.51918,35.18291],[133.51634,35.19052],[133.50805,35.19309],[133.49846,35.18823],[133.48544,35.1864],[133.47485,35.18202],[133.46697,35.17516],[133.45983,35.17779],[133.45652,35.17311],[133.44756,35.1713],[133.43805,35.17307],[133.41557,35.18472],[133.40744,35.18588],[133.3961,35.1806],[133.39336,35.16914],[133.39852,35.16358],[133.40036,35.15327],[133.40514,35.14293],[133.41122,35.13875],[133.41183,35.12115],[133.40336,35.11432],[133.38699,35.11312],[133.37879,35.11467],[133.36668,35.11015],[133.35487,35.10077],[133.34727,35.1056],[133.33822,35.10656],[133.32814,35.095],[133.31943,35.09386],[133.29903,35.1038],[133.29094,35.10036],[133.28826,35.09591],[133.29066,35.08442],[133.29082,35.07094],[133.28342,35.06595],[133.27691,35.06611],[133.26693,35.05243],[133.27447,35.04498],[133.28524,35.04066],[133.303,35.02065],[133.305,35.01519],[133.3157,35.01243],[133.32121,35.00363],[133.31922,34.99831],[133.32173,34.98793],[133.31328,34.98007],[133.31084,34.97464],[133.30308,34.97204],[133.30489,34.96496],[133.29726,34.956],[133.30945,34.93705],[133.30187,34.92891],[133.30463,34.92172],[133.30297,34.91308],[133.29579,34.90401],[133.29801,34.88934],[133.3057,34.88206],[133.30941,34.87404],[133.31681,34.86718],[133.32403,34.86436],[133.32311,34.85927],[133.33066,34.85593],[133.34849,34.87519],[133.37382,34.87433],[133.39288,34.8699],[133.3991,34.87518],[133.40454,34.87392],[133.41477,34.87683],[133.42509,34.88651],[133.42767,34.88321],[133.44461,34.87929],[133.45118,34.87418],[133.46511,34.87677],[133.47284,34.88579],[133.47595,34.87835],[133.48379,34.87208],[133.49557,34.87423],[133.51427,34.86591],[133.52154,34.86964],[133.52606,34.87694],[133.53561,34.87689],[133.54351,34.88188],[133.55314,34.88213],[133.56185,34.8869],[133.56976,34.89793],[133.56178,34.91354],[133.57226,34.92877],[133.58612,34.92962],[133.59009,34.93649],[133.58414,34.94685],[133.59081,34.95117],[133.60102,34.95287]]]}},{"type":"Feature","properties":{"code":"33211","name":"備前市","pref":"岡山県","pref_code":"33","cx":134.2498,"cy":34.81348,"bbox":[134.1023,34.6844,134.34696,34.946]},"geometry":{"type":"MultiPolygon","coordinates":[[[[134.25901,34.70703],[134.24966,34.69553],[134.25532,34.69023],[134.26107,34.69243],[134.26868,34.70119],[134.25901,34.70703]]],[[[134.29834,34.7302],[134.29285,34.72971],[134.28032,34.72234],[134.2747,34.71346],[134.28191,34.70671],[134.30287,34.70817],[134.30668,34.71212],[134.31305,34.70354],[134.32138,34.70315],[134.32721,34.7122],[134.34696,34.70813],[134.33881,34.71973],[134.33178,34.72303],[134.32304,34.7141],[134.31839,34.71609],[134.31096,34.72723],[134.29834,34.7302]]],[[[134.1023,34.72668],[134.11111,34.72735],[134.10752,34.71267],[134.11857,34.70556],[134.12822,34.71716],[134.1361,34.71843],[134.14401,34.72586],[134.16524,34.71466],[134.15905,34.70146],[134.16212,34.6844],[134.17454,34.68489],[134.18505,34.68947],[134.20315,34.70173],[134.21215,34.70442],[134.22161,34.703],[134.2317,34.70695],[134.22937,34.71475],[134.22016,34.70859],[134.20554,34.71073],[134.19394,34.72015],[134.20438,34.72277],[134.20798,34.73004],[134.22934,34.7311],[134.23198,34.72269],[134.24406,34.71527],[134.25172,34.71843],[134.26859,34.71918],[134.27111,34.72626],[134.27904,34.73394],[134.29811,34.73654],[134.31513,34.73221],[134.31303,34.7384],[134.31662,34.74413],[134.31845,34.75626],[134.32153,34.76171],[134.33307,34.76574],[134.3296,34.77424],[134.32327,34.77426],[134.31583,34.78104],[134.31921,34.78819],[134.31636,34.80257],[134.31129,34.80255],[134.30735,34.81092],[134.28793,34.82156],[134.28335,34.82975],[134.2663,34.82564],[134.26173,34.83115],[134.26461,34.83731],[134.26096,34.84697],[134.25456,34.84926],[134.254,34.85696],[134.26708,34.87548],[134.26929,34.88909],[134.27779,34.89514],[134.28915,34.89769],[134.29501,34.90746],[134.28402,34.91697],[134.28449,34.92103],[134.2748,34.92428],[134.2761,34.92968],[134.26288,34.93766],[134.25373,34.93909],[134.2542,34.946],[134.23564,34.93742],[134.23599,34.92956],[134.2264,34.92354],[134.22641,34.91032],[134.22395,34.90718],[134.20532,34.91047],[134.20221,34.91488],[134.19492,34.91097],[134.19494,34.90126],[134.19969,34.8943],[134.19692,34.89101],[134.19514,34.88251],[134.18438,34.87289],[134.18013,34.85961],[134.20644,34.85593],[134.21082,34.84933],[134.20843,34.84391],[134.21184,34.83698],[134.20516,34.82172],[134.19716,34.81605],[134.1967,34.81082],[134.19057,34.80025],[134.19226,34.79469],[134.19962,34.791],[134.19742,34.77607],[134.20159,34.76721],[134.19216,34.76343],[134.18192,34.76519],[134.17697,34.76045],[134.15511,34.75951],[134.14652,34.76679],[134.1423,34.76628],[134.12252,34.75291],[134.11973,34.74761],[134.1062,34.74207],[134.1023,34.72668]]]]}},{"type":"Feature","properties":{"code":"33212","name":"瀬戸内市","pref":"岡山県","pref_code":"33","cx":134.12393,"cy":34.65601,"bbox":[134.05193,34.58847,134.25693,34.72735]},"geometry":{"type":"MultiPolygon","coordinates":[[[[134.19898,34.61721],[134.18845,34.61474],[134.17751,34.60881],[134.16791,34.61025],[134.16791,34.6022],[134.18366,34.60613],[134.19468,34.60707],[134.19898,34.61721]]],[[[134.24214,34.67832],[134.22886,34.67893],[134.21849,34.67575],[134.2246,34.6678],[134.23736,34.67324],[134.24214,34.67832]]],[[[134.25693,34.68735],[134.24441,34.68081],[134.2564,34.67965],[134.25693,34.68735]]],[[[134.11219,34.58847],[134.11843,34.58981],[134.12798,34.59855],[134.13838,34.59955],[134.13436,34.60782],[134.14133,34.60785],[134.15391,34.61536],[134.16222,34.61645],[134.16663,34.61305],[134.17315,34.61734],[134.17907,34.63174],[134.17456,34.63409],[134.17205,34.64958],[134.1766,34.65375],[134.18853,34.65081],[134.19525,34.65827],[134.1928,34.66496],[134.20262,34.66365],[134.20668,34.67015],[134.21791,34.6758],[134.22768,34.68796],[134.23543,34.6915],[134.23786,34.69766],[134.24528,34.70105],[134.22937,34.71475],[134.2317,34.70695],[134.22161,34.703],[134.21215,34.70442],[134.20315,34.70173],[134.18505,34.68947],[134.17454,34.68489],[134.16212,34.6844],[134.15905,34.70146],[134.16524,34.71466],[134.14401,34.72586],[134.1361,34.71843],[134.12822,34.71716],[134.11857,34.70556],[134.10752,34.71267],[134.11111,34.72735],[134.1023,34.72668],[134.09299,34.71434],[134.08339,34.70612],[134.08416,34.69898],[134.07773,34.68198],[134.07254,34.67662],[134.0602,34.67014],[134.05193,34.65921],[134.05821,34.65179],[134.06684,34.6477],[134.07731,34.6501],[134.07307,34.63786],[134.08,34.63247],[134.08631,34.63252],[134.10129,34.63951],[134.11634,34.62744],[134.10965,34.60563],[134.11287,34.60079],[134.11219,34.58847]]]]}},{"type":"Feature","properties":{"code":"33213","name":"赤磐市","pref":"岡山県","pref_code":"33","cx":134.01357,"cy":34.83419,"bbox":[133.95535,34.71964,134.1522,34.95081]},"geometry":{"type":"Polygon","coordinates":[[[133.99359,34.71964],[134.00049,34.72623],[134.0287,34.73782],[134.03547,34.74432],[134.04531,34.74921],[134.05122,34.76147],[134.04888,34.76655],[134.05825,34.76781],[134.06455,34.77984],[134.08104,34.78288],[134.08705,34.78196],[134.09291,34.77014],[134.09022,34.76264],[134.10907,34.76084],[134.11934,34.75721],[134.12252,34.75291],[134.1423,34.76628],[134.14652,34.76679],[134.1522,34.77244],[134.14975,34.78366],[134.13427,34.79301],[134.11862,34.79367],[134.10854,34.80227],[134.10125,34.80271],[134.08954,34.81241],[134.08773,34.82062],[134.06546,34.82819],[134.06078,34.8247],[134.05474,34.83254],[134.04591,34.82786],[134.03869,34.83262],[134.03924,34.84262],[134.04516,34.84903],[134.04346,34.85786],[134.05434,34.8575],[134.05987,34.85414],[134.0771,34.86329],[134.081,34.87452],[134.0964,34.87554],[134.10407,34.88102],[134.09307,34.88543],[134.09756,34.89251],[134.09489,34.89743],[134.08516,34.89661],[134.09316,34.9063],[134.10045,34.91861],[134.09859,34.92339],[134.088,34.92939],[134.09134,34.93649],[134.08616,34.94264],[134.07265,34.94127],[134.06729,34.93682],[134.05895,34.93941],[134.05175,34.93707],[134.04106,34.94333],[134.0336,34.94413],[134.02509,34.95081],[134.01603,34.93835],[134.01162,34.92143],[134.00117,34.90222],[134.00439,34.89605],[133.99906,34.8906],[133.98782,34.88674],[133.97948,34.88632],[133.97625,34.88044],[133.96369,34.87426],[133.95535,34.87273],[133.96111,34.86801],[133.96829,34.85315],[133.97757,34.84713],[133.98193,34.85504],[133.99399,34.85007],[133.99282,34.84129],[133.98774,34.83576],[133.9912,34.82708],[133.98709,34.81826],[133.98555,34.807],[133.97367,34.80257],[133.9617,34.78601],[133.97029,34.78422],[133.98068,34.77864],[133.97662,34.76927],[133.98585,34.76133],[133.97142,34.74943],[133.98409,34.7395],[133.98653,34.73348],[133.99396,34.72654],[133.99359,34.71964]]]}},{"type":"Feature","properties":{"code":"33214","name":"真庭市","pref":"岡山県","pref_code":"33","cx":133.70975,"cy":35.12358,"bbox":[133.56664,34.9002,133.8456,35.34502]},"geometry":{"type":"Polygon","coordinates":[[[133.8456,35.10151],[133.84376,35.11669],[133.8347,35.12091],[133.83356,35.12625],[133.82156,35.12725],[133.81685,35.13227],[133.80257,35.1316],[133.7927,35.13758],[133.782,35.14801],[133.78096,35.15302],[133.77003,35.15575],[133.77049,35.17112],[133.77925,35.17621],[133.77734,35.18062],[133.77975,35.18948],[133.77849,35.1973],[133.77254,35.20586],[133.78135,35.21274],[133.77856,35.22244],[133.80005,35.21445],[133.80811,35.21975],[133.81657,35.219],[133.81028,35.22916],[133.81432,35.23091],[133.82058,35.24217],[133.81522,35.26489],[133.80761,35.27029],[133.80928,35.27692],[133.80138,35.28483],[133.79987,35.29269],[133.79348,35.29285],[133.7757,35.29956],[133.76701,35.30863],[133.75696,35.3082],[133.75069,35.3114],[133.74868,35.31706],[133.72713,35.31701],[133.71721,35.31992],[133.70902,35.32506],[133.69606,35.32692],[133.69176,35.32084],[133.67736,35.31929],[133.67396,35.32337],[133.66574,35.32401],[133.64918,35.33634],[133.63161,35.3395],[133.62219,35.33671],[133.618,35.3396],[133.60581,35.34106],[133.5968,35.34502],[133.58934,35.33786],[133.59245,35.33081],[133.57679,35.31441],[133.57576,35.30082],[133.57755,35.29726],[133.57054,35.28709],[133.56885,35.27749],[133.57192,35.27257],[133.56677,35.26581],[133.56664,35.25559],[133.57577,35.25225],[133.58086,35.24722],[133.59344,35.24428],[133.59249,35.23575],[133.59975,35.22479],[133.59718,35.21467],[133.6063,35.20571],[133.60811,35.19489],[133.60619,35.18535],[133.58887,35.18417],[133.58829,35.1758],[133.58204,35.17328],[133.58224,35.16383],[133.58645,35.1578],[133.57657,35.15049],[133.568,35.14908],[133.59119,35.13657],[133.58623,35.12766],[133.5838,35.11604],[133.57569,35.112],[133.57424,35.10005],[133.57626,35.09091],[133.58317,35.08703],[133.58937,35.07949],[133.58951,35.0725],[133.58514,35.05479],[133.59077,35.04807],[133.58366,35.03956],[133.58384,35.0314],[133.58754,35.0247],[133.60031,35.02065],[133.59972,35.01541],[133.59377,35.00799],[133.58731,35.00536],[133.5842,34.99644],[133.59051,34.9929],[133.59467,35.00001],[133.60785,34.99444],[133.60693,34.98807],[133.61916,34.9727],[133.62164,34.96159],[133.60742,34.9591],[133.60102,34.95287],[133.60374,34.94633],[133.61303,34.93331],[133.61698,34.93216],[133.62088,34.91572],[133.6193,34.9002],[133.63241,34.90396],[133.63348,34.90937],[133.64971,34.91515],[133.64797,34.94068],[133.65807,34.93825],[133.67193,34.94304],[133.67606,34.95047],[133.68073,34.95207],[133.68788,34.94744],[133.70275,34.95379],[133.70536,34.9598],[133.71693,34.95536],[133.72385,34.94875],[133.73376,34.95026],[133.74222,34.94564],[133.75011,34.94559],[133.75541,34.95206],[133.76189,34.95249],[133.77147,34.96028],[133.78099,34.9613],[133.7992,34.95925],[133.8006,34.95325],[133.80879,34.95148],[133.80762,34.95906],[133.80232,34.96577],[133.80517,34.96861],[133.80387,34.97814],[133.7941,34.98252],[133.78746,34.989],[133.78592,35.00309],[133.78958,35.00972],[133.78473,35.01959],[133.80238,35.02226],[133.80511,35.02634],[133.81934,35.03567],[133.81683,35.04231],[133.82609,35.04461],[133.82264,35.04682],[133.82434,35.0587],[133.82236,35.06644],[133.82882,35.07748],[133.83544,35.08232],[133.83203,35.08825],[133.83655,35.0987],[133.8456,35.10151]]]}},{"type":"Feature","properties":{"code":"33215","name":"美作市","pref":"岡山県","pref_code":"33","cx":134.24625,"cy":35.04642,"bbox":[134.08623,34.88094,134.41316,35.21046]},"geometry":{"type":"Polygon","coordinates":[[[134.2542,34.946],[134.25999,34.95231],[134.27696,34.96333],[134.2743,34.96575],[134.27708,34.97579],[134.27109,34.9839],[134.27784,34.98711],[134.28236,34.99659],[134.27897,35.00102],[134.26576,35.00497],[134.26444,35.01669],[134.2676,35.02154],[134.27521,35.02331],[134.28159,35.03362],[134.29779,35.04311],[134.30531,35.04017],[134.30774,35.0455],[134.31633,35.0432],[134.31454,35.0609],[134.32116,35.0675],[134.31908,35.08344],[134.33654,35.08875],[134.34955,35.09022],[134.35503,35.09943],[134.35228,35.1111],[134.36073,35.12035],[134.35643,35.12482],[134.36329,35.13553],[134.36248,35.14009],[134.36739,35.14696],[134.38308,35.15249],[134.39747,35.15214],[134.40702,35.14733],[134.41316,35.15862],[134.40618,35.16578],[134.41263,35.17765],[134.41108,35.18697],[134.39967,35.18762],[134.39475,35.19135],[134.38299,35.19444],[134.37933,35.18691],[134.36913,35.17785],[134.36037,35.17361],[134.35481,35.16535],[134.34572,35.16146],[134.33929,35.14841],[134.33453,35.14507],[134.32037,35.14805],[134.30172,35.15731],[134.29374,35.15846],[134.2873,35.17322],[134.28928,35.17737],[134.28292,35.18237],[134.28133,35.1967],[134.26854,35.20393],[134.2609,35.21046],[134.2541,35.20829],[134.24976,35.20068],[134.22763,35.19711],[134.22162,35.19042],[134.21652,35.18949],[134.22202,35.17417],[134.22167,35.16516],[134.2286,35.15576],[134.22863,35.14888],[134.2236,35.13687],[134.23132,35.1305],[134.22571,35.11657],[134.23077,35.11001],[134.2222,35.10689],[134.21498,35.10011],[134.19895,35.10017],[134.19034,35.09794],[134.19021,35.09326],[134.18315,35.08937],[134.1763,35.09229],[134.17007,35.0768],[134.18265,35.06802],[134.17689,35.06246],[134.17908,35.05416],[134.17609,35.04523],[134.17228,35.04379],[134.1563,35.04733],[134.137,35.04851],[134.14011,35.02173],[134.1373,35.01913],[134.12214,35.01915],[134.11098,35.01457],[134.10005,35.01724],[134.08813,35.01166],[134.09032,34.99969],[134.08623,34.99466],[134.08702,34.98777],[134.09367,34.98693],[134.09991,34.99644],[134.10035,34.97508],[134.10478,34.97217],[134.09968,34.96633],[134.09164,34.96519],[134.09358,34.9555],[134.1012,34.95379],[134.10774,34.9431],[134.12189,34.9345],[134.1122,34.93261],[134.1088,34.92548],[134.10244,34.92268],[134.1109,34.91088],[134.12016,34.91607],[134.12735,34.91358],[134.12543,34.90781],[134.12436,34.89056],[134.13867,34.88722],[134.15386,34.88774],[134.16069,34.88108],[134.16576,34.88094],[134.17194,34.89873],[134.18641,34.89733],[134.19214,34.8903],[134.19692,34.89101],[134.19969,34.8943],[134.19494,34.90126],[134.19492,34.91097],[134.20221,34.91488],[134.20532,34.91047],[134.22395,34.90718],[134.22641,34.91032],[134.2264,34.92354],[134.23599,34.92956],[134.23564,34.93742],[134.2542,34.946]]]}},{"type":"Feature","properties":{"code":"33216","name":"浅口市","pref":"岡山県","pref_code":"33","cx":133.60885,"cy":34.52901,"bbox":[133.54339,34.4659,133.64896,34.59011]},"geometry":{"type":"Polygon","coordinates":[[[133.62328,34.58048],[133.61012,34.57358],[133.601,34.57698],[133.59452,34.57661],[133.58329,34.58254],[133.58481,34.58977],[133.57803,34.59011],[133.57014,34.58504],[133.56133,34.56839],[133.55929,34.55582],[133.54406,34.54513],[133.54339,34.53618],[133.54953,34.52789],[133.56063,34.53137],[133.5605,34.53791],[133.56848,34.53604],[133.57286,34.53013],[133.58101,34.53352],[133.58382,34.52778],[133.57518,34.52493],[133.5775,34.51728],[133.5691,34.51391],[133.56302,34.50562],[133.56782,34.49804],[133.56039,34.49353],[133.56765,34.4863],[133.57324,34.4659],[133.57874,34.47052],[133.59211,34.47073],[133.59618,34.47563],[133.58873,34.48248],[133.59416,34.49107],[133.60374,34.49514],[133.60322,34.50105],[133.6076,34.50607],[133.623,34.51283],[133.62321,34.51877],[133.62934,34.52055],[133.64079,34.53943],[133.64896,34.54518],[133.64273,34.54812],[133.64786,34.55731],[133.63968,34.56062],[133.63671,34.56944],[133.62328,34.58048]]]}},{"type":"Feature","properties":{"code":"33346","name":"和気郡和気町","pref":"岡山県","pref_code":"33","cx":134.12477,"cy":34.8398,"bbox":[134.03869,34.75951,134.21184,34.92339]},"geometry":{"type":"Polygon","coordinates":[[[134.19692,34.89101],[134.19214,34.8903],[134.18641,34.89733],[134.17194,34.89873],[134.16576,34.88094],[134.16069,34.88108],[134.15386,34.88774],[134.13867,34.88722],[134.12436,34.89056],[134.12543,34.90781],[134.12735,34.91358],[134.12016,34.91607],[134.1109,34.91088],[134.10244,34.92268],[134.09859,34.92339],[134.10045,34.91861],[134.09316,34.9063],[134.08516,34.89661],[134.09489,34.89743],[134.09756,34.89251],[134.09307,34.88543],[134.10407,34.88102],[134.0964,34.87554],[134.081,34.87452],[134.0771,34.86329],[134.05987,34.85414],[134.05434,34.8575],[134.04346,34.85786],[134.04516,34.84903],[134.03924,34.84262],[134.03869,34.83262],[134.04591,34.82786],[134.05474,34.83254],[134.06078,34.8247],[134.06546,34.82819],[134.08773,34.82062],[134.08954,34.81241],[134.10125,34.80271],[134.10854,34.80227],[134.11862,34.79367],[134.13427,34.79301],[134.14975,34.78366],[134.1522,34.77244],[134.14652,34.76679],[134.15511,34.75951],[134.17697,34.76045],[134.18192,34.76519],[134.19216,34.76343],[134.20159,34.76721],[134.19742,34.77607],[134.19962,34.791],[134.19226,34.79469],[134.19057,34.80025],[134.1967,34.81082],[134.19716,34.81605],[134.20516,34.82172],[134.21184,34.83698],[134.20843,34.84391],[134.21082,34.84933],[134.20644,34.85593],[134.18013,34.85961],[134.18438,34.87289],[134.19514,34.88251],[134.19692,34.89101]]]}},{"type":"Feature","properties":{"code":"33423","name":"都窪郡早島町","pref":"岡山県","pref_code":"33","cx":133.82029,"cy":34.61026,"bbox":[133.8018,34.5916,133.83829,34.62788]},"geometry":{"type":"Polygon","coordinates":[[[133.83027,34.62788],[133.81817,34.62114],[133.81394,34.61284],[133.8018,34.60898],[133.80546,34.6005],[133.82441,34.59628],[133.82813,34.5916],[133.83829,34.59922],[133.83436,34.61154],[133.83604,34.61992],[133.83027,34.62788]]]}},{"type":"Feature","properties":{"code":"33445","name":"浅口郡里庄町","pref":"岡山県","pref_code":"33","cx":133.55935,"cy":34.5156,"bbox":[133.52979,34.49231,133.58382,34.53791]},"geometry":{"type":"Polygon","coordinates":[[[133.56039,34.49353],[133.56782,34.49804],[133.56302,34.50562],[133.5691,34.51391],[133.5775,34.51728],[133.57518,34.52493],[133.58382,34.52778],[133.58101,34.53352],[133.57286,34.53013],[133.56848,34.53604],[133.5605,34.53791],[133.56063,34.53137],[133.54953,34.52789],[133.54403,34.51148],[133.53804,34.5087],[133.52979,34.49677],[133.54586,34.49231],[133.56039,34.49353]]]}},{"type":"Feature","properties":{"code":"33461","name":"小田郡矢掛町","pref":"岡山県","pref_code":"33","cx":133.58453,"cy":34.63936,"bbox":[133.51883,34.57358,133.64938,34.70614]},"geometry":{"type":"Polygon","coordinates":[[[133.63208,34.64183],[133.62243,34.64909],[133.62346,34.65819],[133.61726,34.66271],[133.61487,34.68333],[133.62288,34.6856],[133.62762,34.69638],[133.62563,34.7022],[133.61873,34.70609],[133.60855,34.70614],[133.59283,34.69826],[133.59406,34.68685],[133.58315,34.67961],[133.57056,34.6794],[133.56956,34.66989],[133.56117,34.65937],[133.56103,34.64647],[133.5538,34.64324],[133.54392,34.64853],[133.53075,34.64555],[133.53631,34.64104],[133.5336,34.62993],[133.5263,34.63245],[133.51883,34.62973],[133.52723,34.62199],[133.53242,34.60792],[133.52935,34.59968],[133.54488,34.60331],[133.55222,34.59969],[133.55522,34.5937],[133.56378,34.58684],[133.57014,34.58504],[133.57803,34.59011],[133.58481,34.58977],[133.58329,34.58254],[133.59452,34.57661],[133.601,34.57698],[133.61012,34.57358],[133.62328,34.58048],[133.6323,34.58371],[133.64938,34.59625],[133.63876,34.60603],[133.6334,34.62348],[133.63388,34.63768],[133.63208,34.64183]]]}},{"type":"Feature","properties":{"code":"33586","name":"真庭郡新庄村","pref":"岡山県","pref_code":"33","cx":133.5652,"cy":35.2003,"bbox":[133.50554,35.14876,133.60811,35.25559]},"geometry":{"type":"Polygon","coordinates":[[[133.568,35.14908],[133.57657,35.15049],[133.58645,35.1578],[133.58224,35.16383],[133.58204,35.17328],[133.58829,35.1758],[133.58887,35.18417],[133.60619,35.18535],[133.60811,35.19489],[133.6063,35.20571],[133.59718,35.21467],[133.59975,35.22479],[133.59249,35.23575],[133.59344,35.24428],[133.58086,35.24722],[133.57577,35.25225],[133.56664,35.25559],[133.55491,35.24181],[133.54595,35.24368],[133.53483,35.23672],[133.51723,35.24074],[133.51449,35.23549],[133.50554,35.22817],[133.51541,35.22053],[133.52151,35.21057],[133.52068,35.20602],[133.52908,35.18694],[133.52611,35.18289],[133.54144,35.16337],[133.53579,35.15777],[133.53858,35.15143],[133.55673,35.14876],[133.568,35.14908]]]}},{"type":"Feature","properties":{"code":"33606","name":"苫田郡鏡野町","pref":"岡山県","pref_code":"33","cx":133.88727,"cy":35.2093,"bbox":[133.77003,35.06306,134.03014,35.3529]},"geometry":{"type":"Polygon","coordinates":[[[134.03014,35.30542],[134.00784,35.3084],[133.99947,35.31465],[134.00416,35.32528],[134.01536,35.33386],[134.01082,35.3404],[134.01572,35.3487],[133.99767,35.3529],[133.97978,35.34341],[133.96963,35.34783],[133.95407,35.3407],[133.94532,35.33262],[133.93713,35.33557],[133.93154,35.33321],[133.92782,35.3221],[133.93202,35.31792],[133.92522,35.3069],[133.90684,35.30664],[133.88138,35.29395],[133.86201,35.29236],[133.86513,35.28586],[133.86346,35.2771],[133.86594,35.27226],[133.85556,35.26812],[133.84373,35.25349],[133.83208,35.24883],[133.81815,35.25263],[133.82058,35.24217],[133.81432,35.23091],[133.81028,35.22916],[133.81657,35.219],[133.80811,35.21975],[133.80005,35.21445],[133.77856,35.22244],[133.78135,35.21274],[133.77254,35.20586],[133.77849,35.1973],[133.77975,35.18948],[133.77734,35.18062],[133.77925,35.17621],[133.77049,35.17112],[133.77003,35.15575],[133.78096,35.15302],[133.782,35.14801],[133.7927,35.13758],[133.80257,35.1316],[133.81685,35.13227],[133.82156,35.12725],[133.83356,35.12625],[133.8347,35.12091],[133.84376,35.11669],[133.8456,35.10151],[133.85547,35.10517],[133.86788,35.10181],[133.87363,35.08551],[133.88029,35.08071],[133.89592,35.07987],[133.91282,35.0674],[133.92158,35.06312],[133.93748,35.06306],[133.94397,35.07097],[133.94329,35.08501],[133.94858,35.08775],[133.95573,35.10276],[133.9634,35.10681],[133.96281,35.11568],[133.96823,35.1236],[133.96888,35.1373],[133.97522,35.14303],[133.97426,35.15068],[133.9784,35.15907],[133.98414,35.16108],[133.98832,35.17186],[133.99606,35.17828],[133.99822,35.20148],[133.99689,35.21812],[134.00141,35.22506],[134.01243,35.23104],[134.0041,35.24087],[134.00027,35.25566],[134.00505,35.25695],[134.01011,35.26418],[134.01689,35.2668],[134.02191,35.27395],[134.01867,35.2899],[134.02543,35.29631],[134.03014,35.30542]]]}},{"type":"Feature","properties":{"code":"33622","name":"勝田郡勝央町","pref":"岡山県","pref_code":"33","cx":134.14083,"cy":35.05841,"bbox":[134.08191,35.01166,134.18265,35.10309]},"geometry":{"type":"Polygon","coordinates":[[[134.08436,35.01936],[134.08813,35.01166],[134.10005,35.01724],[134.11098,35.01457],[134.12214,35.01915],[134.1373,35.01913],[134.14011,35.02173],[134.137,35.04851],[134.1563,35.04733],[134.17228,35.04379],[134.17609,35.04523],[134.17908,35.05416],[134.17689,35.06246],[134.18265,35.06802],[134.17007,35.0768],[134.1763,35.09229],[134.16587,35.0949],[134.15074,35.0954],[134.14565,35.10256],[134.13134,35.10309],[134.10901,35.08368],[134.10416,35.08361],[134.10105,35.07004],[134.10526,35.06721],[134.10231,35.05058],[134.09176,35.05437],[134.0828,35.05093],[134.08428,35.03992],[134.08191,35.03562],[134.08436,35.01936]]]}},{"type":"Feature","properties":{"code":"33623","name":"勝田郡奈義町","pref":"岡山県","pref_code":"33","cx":134.18359,"cy":35.13905,"bbox":[134.13134,35.08937,134.23132,35.19072]},"geometry":{"type":"Polygon","coordinates":[[[134.13134,35.10309],[134.14565,35.10256],[134.15074,35.0954],[134.16587,35.0949],[134.1763,35.09229],[134.18315,35.08937],[134.19021,35.09326],[134.19034,35.09794],[134.19895,35.10017],[134.21498,35.10011],[134.2222,35.10689],[134.23077,35.11001],[134.22571,35.11657],[134.23132,35.1305],[134.2236,35.13687],[134.22863,35.14888],[134.2286,35.15576],[134.22167,35.16516],[134.22202,35.17417],[134.21652,35.18949],[134.21264,35.19072],[134.19285,35.18856],[134.18994,35.17587],[134.1776,35.16917],[134.16753,35.17183],[134.16519,35.16951],[134.15033,35.16721],[134.143,35.15682],[134.14338,35.14123],[134.1374,35.12306],[134.13381,35.11743],[134.13134,35.10309]]]}},{"type":"Feature","properties":{"code":"33643","name":"英田郡西粟倉村","pref":"岡山県","pref_code":"33","cx":134.3352,"cy":35.19865,"bbox":[134.28133,35.14507,134.40281,35.25212]},"geometry":{"type":"Polygon","coordinates":[[[134.38299,35.19444],[134.38132,35.20635],[134.38252,35.22172],[134.397,35.22762],[134.40281,35.24102],[134.40169,35.24582],[134.38973,35.25212],[134.37316,35.24588],[134.37467,35.23724],[134.3689,35.23172],[134.35466,35.22655],[134.3504,35.22282],[134.33655,35.21948],[134.33468,35.21289],[134.3227,35.20275],[134.31379,35.20059],[134.299,35.20186],[134.28133,35.1967],[134.28292,35.18237],[134.28928,35.17737],[134.2873,35.17322],[134.29374,35.15846],[134.30172,35.15731],[134.32037,35.14805],[134.33453,35.14507],[134.33929,35.14841],[134.34572,35.16146],[134.35481,35.16535],[134.36037,35.17361],[134.36913,35.17785],[134.37933,35.18691],[134.38299,35.19444]]]}},{"type":"Feature","properties":{"code":"33663","name":"久米郡久米南町","pref":"岡山県","pref_code":"33","cx":133.95653,"cy":34.92201,"bbox":[133.89417,34.87097,134.01603,34.97376]},"geometry":{"type":"Polygon","coordinates":[[[133.95535,34.87273],[133.96369,34.87426],[133.97625,34.88044],[133.97948,34.88632],[133.98782,34.88674],[133.99906,34.8906],[134.00439,34.89605],[134.00117,34.90222],[134.01162,34.92143],[134.01603,34.93835],[134.00804,34.9368],[134.00313,34.94229],[134.004,34.96451],[133.98651,34.96321],[133.97818,34.96423],[133.96354,34.95985],[133.95033,34.96448],[133.93495,34.97376],[133.93358,34.96627],[133.9266,34.96354],[133.9223,34.95119],[133.91013,34.94384],[133.90634,34.93818],[133.90858,34.92658],[133.90054,34.92258],[133.90627,34.91822],[133.89417,34.90959],[133.90257,34.90149],[133.90923,34.90666],[133.92223,34.90083],[133.93056,34.88784],[133.9385,34.88394],[133.92784,34.87466],[133.93746,34.87097],[133.95535,34.87273]]]}},{"type":"Feature","properties":{"code":"33666","name":"久米郡美咲町","pref":"岡山県","pref_code":"33","cx":133.99892,"cy":34.98546,"bbox":[133.76189,34.92268,134.12189,35.04743]},"geometry":{"type":"Polygon","coordinates":[[[133.91013,34.94384],[133.9223,34.95119],[133.9266,34.96354],[133.93358,34.96627],[133.93495,34.97376],[133.95033,34.96448],[133.96354,34.95985],[133.97818,34.96423],[133.98651,34.96321],[134.004,34.96451],[134.00313,34.94229],[134.00804,34.9368],[134.01603,34.93835],[134.02509,34.95081],[134.0336,34.94413],[134.04106,34.94333],[134.05175,34.93707],[134.05895,34.93941],[134.06729,34.93682],[134.07265,34.94127],[134.08616,34.94264],[134.09134,34.93649],[134.088,34.92939],[134.09859,34.92339],[134.10244,34.92268],[134.1088,34.92548],[134.1122,34.93261],[134.12189,34.9345],[134.10774,34.9431],[134.1012,34.95379],[134.09358,34.9555],[134.09164,34.96519],[134.09968,34.96633],[134.10478,34.97217],[134.10035,34.97508],[134.09991,34.99644],[134.09367,34.98693],[134.08702,34.98777],[134.08623,34.99466],[134.09032,34.99969],[134.08813,35.01166],[134.08436,35.01936],[134.07659,35.02526],[134.06087,35.02086],[134.05779,35.02465],[134.04627,35.02618],[134.03288,35.01323],[134.04037,35.00232],[134.03169,35.00206],[134.02486,35.00585],[134.01702,35.00622],[134.01023,35.01508],[134.00465,35.01558],[133.99753,35.02331],[133.98843,35.02657],[133.977,35.02009],[133.97089,35.01144],[133.96268,35.01179],[133.9515,35.00902],[133.94783,35.01812],[133.94998,35.029],[133.95457,35.03537],[133.95687,35.04493],[133.93533,35.04153],[133.9379,35.02974],[133.93036,35.01437],[133.92016,35.00957],[133.91928,35.00413],[133.91012,34.99861],[133.90941,34.99427],[133.89575,34.98399],[133.88521,34.99354],[133.87776,34.99187],[133.8768,34.99896],[133.87206,35.00734],[133.8796,35.01374],[133.87703,35.02667],[133.87735,35.03655],[133.8745,35.04223],[133.86482,35.04202],[133.84282,35.03786],[133.83522,35.04743],[133.81683,35.04231],[133.81934,35.03567],[133.80511,35.02634],[133.80238,35.02226],[133.78473,35.01959],[133.78958,35.00972],[133.78592,35.00309],[133.78746,34.989],[133.7941,34.98252],[133.80387,34.97814],[133.80517,34.96861],[133.80232,34.96577],[133.80762,34.95906],[133.80879,34.95148],[133.8006,34.95325],[133.7992,34.95925],[133.78099,34.9613],[133.77147,34.96028],[133.76189,34.95249],[133.76649,34.93718],[133.7751,34.93345],[133.79261,34.92892],[133.79808,34.93313],[133.79851,34.93938],[133.80686,34.9401],[133.81132,34.94628],[133.82235,34.95299],[133.83137,34.95156],[133.83557,34.94499],[133.84417,34.94497],[133.85024,34.93438],[133.85401,34.94465],[133.86071,34.94371],[133.86389,34.93712],[133.87488,34.93982],[133.88294,34.94834],[133.8881,34.94404],[133.91013,34.94384]]]}},{"type":"Feature","properties":{"code":"33681","name":"加賀郡吉備中央町","pref":"岡山県","pref_code":"33","cx":133.74845,"cy":34.84923,"bbox":[133.6405,34.74527,133.8784,34.95536]},"geometry":{"type":"Polygon","coordinates":[[[133.85024,34.93438],[133.84417,34.94497],[133.83557,34.94499],[133.83137,34.95156],[133.82235,34.95299],[133.81132,34.94628],[133.80686,34.9401],[133.79851,34.93938],[133.79808,34.93313],[133.79261,34.92892],[133.7751,34.93345],[133.76649,34.93718],[133.76189,34.95249],[133.75541,34.95206],[133.75011,34.94559],[133.74222,34.94564],[133.73376,34.95026],[133.72385,34.94875],[133.71693,34.95536],[133.71408,34.95252],[133.71891,34.94554],[133.72034,34.93349],[133.71201,34.91987],[133.71752,34.90872],[133.71157,34.90511],[133.7047,34.89281],[133.69374,34.89141],[133.68136,34.88154],[133.66331,34.87416],[133.66457,34.86469],[133.65447,34.85096],[133.64779,34.8475],[133.6405,34.8363],[133.64139,34.82945],[133.64849,34.82366],[133.64774,34.81435],[133.65651,34.80463],[133.66061,34.79622],[133.66132,34.7816],[133.66646,34.77339],[133.67439,34.76628],[133.67988,34.75141],[133.689,34.74527],[133.69163,34.75569],[133.71903,34.7697],[133.71984,34.77531],[133.74001,34.76813],[133.7528,34.78589],[133.77292,34.7864],[133.77413,34.79712],[133.78099,34.80892],[133.78905,34.81356],[133.79935,34.81472],[133.80765,34.80828],[133.81889,34.80663],[133.81761,34.83453],[133.82837,34.8417],[133.84348,34.84467],[133.84799,34.85363],[133.84324,34.86923],[133.85022,34.87948],[133.84807,34.8837],[133.8566,34.89523],[133.86494,34.89645],[133.8784,34.90311],[133.87425,34.90701],[133.86732,34.90531],[133.85873,34.91241],[133.85031,34.91598],[133.84725,34.92213],[133.85177,34.92657],[133.85024,34.93438]]]}},{"type":"Feature","properties":{"code":"34101","name":"広島市中区","pref":"広島県","pref_code":"34","cx":132.45411,"cy":34.38571,"bbox":[132.42048,34.35308,132.4708,34.41533]},"geometry":{"type":"Polygon","coordinates":[[[132.4252,34.36646],[132.42048,34.35925],[132.43668,34.35308],[132.44553,34.35709],[132.45922,34.36853],[132.46272,34.37801],[132.47026,34.38724],[132.4708,34.39725],[132.4678,34.40387],[132.46994,34.40613],[132.4654,34.41329],[132.4618,34.41533],[132.45946,34.4093],[132.45245,34.40521],[132.44876,34.40549],[132.44317,34.39903],[132.44218,34.38857],[132.43763,34.38418],[132.4252,34.36646]]]}},{"type":"Feature","properties":{"code":"34102","name":"広島市東区","pref":"広島県","pref_code":"34","cx":132.51384,"cy":34.42782,"bbox":[132.4618,34.38931,132.57222,34.46325]},"geometry":{"type":"Polygon","coordinates":[[[132.4678,34.40387],[132.48126,34.39505],[132.49154,34.3936],[132.49972,34.38931],[132.49584,34.39532],[132.50414,34.40435],[132.5069,34.40319],[132.51434,34.40668],[132.51723,34.41353],[132.53118,34.42149],[132.54072,34.41767],[132.54651,34.42219],[132.56702,34.42987],[132.57222,34.43635],[132.56695,34.43917],[132.56348,34.44508],[132.56267,34.45153],[132.55274,34.45796],[132.55087,34.46325],[132.54373,34.46149],[132.53186,34.46176],[132.52793,34.4557],[132.52574,34.44805],[132.51655,34.44887],[132.51147,34.44534],[132.50643,34.44693],[132.4968,34.44031],[132.48973,34.44335],[132.47527,34.43572],[132.46377,34.42577],[132.4618,34.41533],[132.4654,34.41329],[132.46994,34.40613],[132.4678,34.40387]]]}},{"type":"Feature","properties":{"code":"34103","name":"広島市南区","pref":"広島県","pref_code":"34","cx":132.48825,"cy":34.37271,"bbox":[132.42403,34.29806,132.51824,34.40387]},"geometry":{"type":"MultiPolygon","coordinates":[[[[132.44089,34.32589],[132.43254,34.3201],[132.43368,34.31472],[132.42403,34.30281],[132.43184,34.29806],[132.44223,34.30236],[132.44554,34.31781],[132.44415,34.32524],[132.44089,34.32589]]],[[[132.48146,34.34697],[132.4768,34.34586],[132.48068,34.33126],[132.4866,34.33597],[132.48556,34.34413],[132.48146,34.34697]]],[[[132.46002,34.35172],[132.4586,34.34364],[132.46491,34.34244],[132.46298,34.35045],[132.46002,34.35172]]],[[[132.51816,34.36221],[132.51785,34.3638],[132.51824,34.36174],[132.51816,34.36221]]],[[[132.43668,34.35308],[132.43796,34.34562],[132.44399,34.34054],[132.44982,34.34084],[132.44949,34.34684],[132.45249,34.3528],[132.46913,34.35291],[132.47851,34.35672],[132.48263,34.3536],[132.49197,34.35348],[132.49642,34.35702],[132.50616,34.35573],[132.51759,34.3651],[132.51526,34.37039],[132.51622,34.37503],[132.5014,34.37603],[132.49972,34.38931],[132.49154,34.3936],[132.48126,34.39505],[132.4678,34.40387],[132.4708,34.39725],[132.47026,34.38724],[132.46272,34.37801],[132.45922,34.36853],[132.44553,34.35709],[132.43668,34.35308]]]]}},{"type":"Feature","properties":{"code":"34104","name":"広島市西区","pref":"広島県","pref_code":"34","cx":132.41633,"cy":34.39201,"bbox":[132.37091,34.3572,132.46377,34.42949]},"geometry":{"type":"Polygon","coordinates":[[[132.4618,34.41533],[132.46377,34.42577],[132.4555,34.42426],[132.45121,34.42598],[132.44189,34.42282],[132.42106,34.42949],[132.41458,34.42507],[132.41425,34.42093],[132.40814,34.41391],[132.40597,34.40661],[132.40218,34.40307],[132.39083,34.40869],[132.38326,34.40336],[132.38193,34.40023],[132.39289,34.39528],[132.38742,34.38874],[132.38693,34.38411],[132.37988,34.3853],[132.37091,34.37797],[132.37147,34.37022],[132.37819,34.36089],[132.3975,34.36302],[132.39926,34.36536],[132.41321,34.3572],[132.42048,34.35925],[132.43763,34.38418],[132.44218,34.38857],[132.44317,34.39903],[132.44876,34.40549],[132.45245,34.40521],[132.45946,34.4093],[132.4618,34.41533]]]}},{"type":"Feature","properties":{"code":"34105","name":"広島市安佐南区","pref":"広島県","pref_code":"34","cx":132.40319,"cy":34.47086,"bbox":[132.3078,34.42282,132.51089,34.51961]},"geometry":{"type":"Polygon","coordinates":[[[132.48973,34.44335],[132.48842,34.45209],[132.49598,34.47313],[132.51043,34.48645],[132.51089,34.50002],[132.50783,34.50839],[132.50234,34.51355],[132.49676,34.51503],[132.48685,34.51218],[132.48741,34.50406],[132.4819,34.50239],[132.48566,34.49127],[132.48337,34.48816],[132.47198,34.48825],[132.45694,34.49063],[132.45231,34.49535],[132.4487,34.49335],[132.43236,34.49654],[132.42306,34.49352],[132.42334,34.48884],[132.40889,34.48802],[132.40305,34.48455],[132.38874,34.48742],[132.38743,34.49124],[132.39059,34.50492],[132.3801,34.51127],[132.37996,34.51527],[132.34786,34.51631],[132.34447,34.51961],[132.3408,34.51526],[132.3431,34.51072],[132.34162,34.49872],[132.33625,34.49344],[132.32876,34.49036],[132.33062,34.48551],[132.32443,34.48088],[132.31651,34.4776],[132.3088,34.47739],[132.3078,34.47371],[132.31394,34.46859],[132.31501,34.4628],[132.30988,34.45697],[132.32039,34.45081],[132.33194,34.43789],[132.33914,34.44097],[132.35142,34.43964],[132.35855,34.44287],[132.35907,34.44925],[132.36587,34.44752],[132.37655,34.4484],[132.37757,34.44522],[132.3885,34.44598],[132.38701,34.43968],[132.38809,34.43375],[132.39476,34.43547],[132.40018,34.4313],[132.41448,34.42866],[132.41458,34.42507],[132.42106,34.42949],[132.44189,34.42282],[132.45121,34.42598],[132.4555,34.42426],[132.46377,34.42577],[132.47527,34.43572],[132.48973,34.44335]]]}},{"type":"Feature","properties":{"code":"34106","name":"広島市安佐北区","pref":"広島県","pref_code":"34","cx":132.50175,"cy":34.52496,"bbox":[132.3439,34.43635,132.6961,34.61477]},"geometry":{"type":"Polygon","coordinates":[[[132.57222,34.43635],[132.57704,34.44253],[132.58496,34.44794],[132.59372,34.4519],[132.60052,34.45728],[132.60252,34.46806],[132.606,34.47175],[132.60685,34.48105],[132.60104,34.48345],[132.60303,34.48717],[132.60916,34.49029],[132.61866,34.49078],[132.6283,34.4983],[132.63343,34.50704],[132.64439,34.50529],[132.64913,34.51461],[132.65596,34.52337],[132.66294,34.52654],[132.66538,34.53155],[132.67369,34.53043],[132.68422,34.52681],[132.69313,34.52938],[132.6961,34.53583],[132.68688,34.54136],[132.69208,34.54626],[132.6876,34.55667],[132.68988,34.56183],[132.68329,34.56552],[132.68561,34.57211],[132.69409,34.5839],[132.69292,34.58985],[132.67911,34.60398],[132.67157,34.60675],[132.66483,34.60691],[132.65396,34.59953],[132.64572,34.60203],[132.63248,34.59716],[132.6245,34.60005],[132.61958,34.59875],[132.61359,34.60119],[132.60864,34.59629],[132.61037,34.59228],[132.6082,34.58604],[132.59619,34.58534],[132.59026,34.58158],[132.59081,34.57523],[132.57814,34.56402],[132.57319,34.56319],[132.56919,34.57256],[132.56566,34.57212],[132.56055,34.57686],[132.55073,34.57829],[132.54401,34.58365],[132.53852,34.58322],[132.53074,34.58818],[132.53265,34.5909],[132.52484,34.60638],[132.51938,34.60698],[132.51182,34.59643],[132.49935,34.5937],[132.49818,34.59896],[132.48759,34.60597],[132.48126,34.60611],[132.48035,34.61175],[132.47242,34.61477],[132.46442,34.61384],[132.45665,34.60324],[132.44971,34.59976],[132.43894,34.592],[132.43067,34.59728],[132.42585,34.60318],[132.42072,34.60312],[132.41529,34.59913],[132.40005,34.60389],[132.39466,34.59913],[132.39014,34.59163],[132.39178,34.58538],[132.38729,34.58311],[132.38814,34.57327],[132.39068,34.57107],[132.38977,34.56219],[132.37476,34.54803],[132.36767,34.54498],[132.367,34.54007],[132.35992,34.53815],[132.35241,34.53076],[132.3439,34.52697],[132.34447,34.51961],[132.34786,34.51631],[132.37996,34.51527],[132.3801,34.51127],[132.39059,34.50492],[132.38743,34.49124],[132.38874,34.48742],[132.40305,34.48455],[132.40889,34.48802],[132.42334,34.48884],[132.42306,34.49352],[132.43236,34.49654],[132.4487,34.49335],[132.45231,34.49535],[132.45694,34.49063],[132.47198,34.48825],[132.48337,34.48816],[132.48566,34.49127],[132.4819,34.50239],[132.48741,34.50406],[132.48685,34.51218],[132.49676,34.51503],[132.50234,34.51355],[132.50783,34.50839],[132.51089,34.50002],[132.51043,34.48645],[132.49598,34.47313],[132.48842,34.45209],[132.48973,34.44335],[132.4968,34.44031],[132.50643,34.44693],[132.51147,34.44534],[132.51655,34.44887],[132.52574,34.44805],[132.52793,34.4557],[132.53186,34.46176],[132.54373,34.46149],[132.55087,34.46325],[132.55274,34.45796],[132.56267,34.45153],[132.56348,34.44508],[132.56695,34.43917],[132.57222,34.43635]]]}},{"type":"Feature","properties":{"code":"34107","name":"広島市安芸区","pref":"広島県","pref_code":"34","cx":132.58756,"cy":34.40477,"bbox":[132.51031,34.31285,132.66607,34.45728]},"geometry":{"type":"MultiPolygon","coordinates":[[[[132.51917,34.35656],[132.51896,34.35782],[132.51031,34.35353],[132.51917,34.35656]]],[[[132.51917,34.35656],[132.52292,34.34185],[132.53009,34.33368],[132.53361,34.31644],[132.53644,34.31475],[132.55446,34.31285],[132.55666,34.32286],[132.55173,34.33157],[132.55138,34.3398],[132.55435,34.34413],[132.54892,34.35681],[132.53915,34.36151],[132.53803,34.35813],[132.52813,34.36013],[132.51917,34.35656]]],[[[132.54072,34.41767],[132.53556,34.41049],[132.52834,34.39349],[132.52775,34.38841],[132.52352,34.38682],[132.5149,34.37802],[132.51622,34.37503],[132.51526,34.37039],[132.51759,34.3651],[132.51816,34.36221],[132.5274,34.36849],[132.53105,34.37605],[132.54617,34.38605],[132.558,34.38515],[132.56691,34.38166],[132.56606,34.37607],[132.57874,34.37449],[132.5812,34.38076],[132.59152,34.38045],[132.59826,34.37846],[132.60131,34.38026],[132.61449,34.3749],[132.62289,34.37313],[132.6314,34.36159],[132.62751,34.35316],[132.64278,34.35329],[132.6442,34.36172],[132.65104,34.36471],[132.65362,34.36874],[132.65011,34.37652],[132.64933,34.38359],[132.64431,34.38876],[132.64646,34.39593],[132.64037,34.39906],[132.64434,34.4131],[132.65216,34.42234],[132.65978,34.42328],[132.66607,34.42762],[132.66351,34.43747],[132.65462,34.44348],[132.6475,34.4376],[132.64151,34.44197],[132.63573,34.44336],[132.63325,34.45002],[132.62402,34.44627],[132.61544,34.44652],[132.61396,34.45125],[132.60792,34.45655],[132.60052,34.45728],[132.59372,34.4519],[132.58496,34.44794],[132.57704,34.44253],[132.56702,34.42987],[132.54651,34.42219],[132.54072,34.41767]]]]}},{"type":"Feature","properties":{"code":"34108","name":"広島市佐伯区","pref":"広島県","pref_code":"34","cx":132.25629,"cy":34.45198,"bbox":[132.17855,34.34747,132.41458,34.55524]},"geometry":{"type":"Polygon","coordinates":[[[132.41458,34.42507],[132.41448,34.42866],[132.40018,34.4313],[132.39476,34.43547],[132.38809,34.43375],[132.38701,34.43968],[132.3885,34.44598],[132.37757,34.44522],[132.37655,34.4484],[132.36587,34.44752],[132.35907,34.44925],[132.35855,34.44287],[132.35142,34.43964],[132.33914,34.44097],[132.33194,34.43789],[132.32039,34.45081],[132.30988,34.45697],[132.31501,34.4628],[132.31394,34.46859],[132.3078,34.47371],[132.3088,34.47739],[132.31651,34.4776],[132.32443,34.48088],[132.33062,34.48551],[132.32876,34.49036],[132.33625,34.49344],[132.34162,34.49872],[132.3431,34.51072],[132.3408,34.51526],[132.34447,34.51961],[132.3439,34.52697],[132.35241,34.53076],[132.35992,34.53815],[132.36354,34.54746],[132.35258,34.55453],[132.34277,34.55187],[132.34047,34.55518],[132.33103,34.55524],[132.30497,34.55072],[132.29222,34.54745],[132.29152,34.54468],[132.27895,34.54227],[132.26952,34.53537],[132.26556,34.53587],[132.24921,34.52966],[132.23955,34.51696],[132.2424,34.51043],[132.23898,34.50748],[132.23322,34.51106],[132.22987,34.50936],[132.21503,34.51421],[132.20569,34.50977],[132.20394,34.4994],[132.19609,34.49639],[132.1889,34.49826],[132.2,34.49093],[132.20328,34.48473],[132.19669,34.47762],[132.19349,34.46794],[132.19361,34.4574],[132.19614,34.45316],[132.17855,34.44265],[132.19138,34.43516],[132.19361,34.43136],[132.19095,34.42432],[132.1956,34.41586],[132.2182,34.41633],[132.21889,34.4199],[132.22897,34.43114],[132.23566,34.43114],[132.24511,34.42326],[132.24945,34.42361],[132.25433,34.41783],[132.25475,34.41405],[132.28133,34.40956],[132.28478,34.40246],[132.28311,34.40015],[132.28439,34.38972],[132.29319,34.38532],[132.30008,34.38426],[132.30346,34.3926],[132.30038,34.39913],[132.29956,34.4073],[132.30519,34.41445],[132.31139,34.41926],[132.31439,34.41591],[132.31296,34.41008],[132.31669,34.40613],[132.32428,34.40584],[132.32074,34.39728],[132.32091,34.38805],[132.317,34.38126],[132.3236,34.37961],[132.33465,34.37225],[132.33544,34.36765],[132.34234,34.36634],[132.34701,34.35654],[132.36032,34.35572],[132.36473,34.34747],[132.37685,34.35237],[132.37513,34.35969],[132.37819,34.36089],[132.37147,34.37022],[132.37091,34.37797],[132.37988,34.3853],[132.38693,34.38411],[132.38742,34.38874],[132.39289,34.39528],[132.38193,34.40023],[132.38326,34.40336],[132.39083,34.40869],[132.40218,34.40307],[132.40597,34.40661],[132.40814,34.41391],[132.41425,34.42093],[132.41458,34.42507]]]}},{"type":"Feature","properties":{"code":"34202","name":"呉市","pref":"広島県","pref_code":"34","cx":132.63764,"cy":34.26327,"bbox":[132.44754,34.04683,132.86863,34.3332]},"geometry":{"type":"MultiPolygon","coordinates":[[[[132.53329,34.07423],[132.53129,34.07339],[132.5267,34.0581],[132.51955,34.05157],[132.5242,34.04859],[132.53386,34.04683],[132.53852,34.068],[132.53329,34.07423]]],[[[132.54944,34.07949],[132.54685,34.07861],[132.54105,34.06875],[132.55054,34.07164],[132.54944,34.07949]]],[[[132.78949,34.12251],[132.78611,34.11432],[132.79543,34.1144],[132.78949,34.12251]]],[[[132.77501,34.15558],[132.76954,34.15565],[132.75817,34.15248],[132.75993,34.14817],[132.77501,34.15558]]],[[[132.67129,34.15974],[132.66573,34.15507],[132.67255,34.15076],[132.67129,34.15974]]],[[[132.57801,34.16825],[132.57128,34.16348],[132.56983,34.15734],[132.57921,34.15901],[132.57801,34.16825]]],[[[132.79512,34.16786],[132.79937,34.17609],[132.79194,34.18473],[132.78655,34.18882],[132.78134,34.18752],[132.77816,34.18204],[132.77137,34.1764],[132.77221,34.16111],[132.78211,34.16086],[132.79269,34.16535],[132.79512,34.16786]]],[[[132.84904,34.19629],[132.84287,34.19182],[132.83423,34.18988],[132.83135,34.18568],[132.82355,34.18718],[132.8185,34.18311],[132.80731,34.17743],[132.80335,34.17259],[132.80605,34.1617],[132.80077,34.15851],[132.80263,34.15498],[132.81051,34.15418],[132.81794,34.15103],[132.82722,34.15346],[132.83885,34.1582],[132.84605,34.15981],[132.85884,34.16787],[132.86863,34.1768],[132.86844,34.17974],[132.86045,34.18239],[132.84712,34.19314],[132.84904,34.19629]]],[[[132.81999,34.19492],[132.81192,34.19531],[132.809,34.18866],[132.81997,34.19075],[132.81999,34.19492]]],[[[132.53486,34.20046],[132.52702,34.20022],[132.51835,34.19241],[132.50751,34.18866],[132.50295,34.18533],[132.49547,34.16964],[132.49321,34.1625],[132.49306,34.15397],[132.49725,34.14715],[132.50437,34.14753],[132.5081,34.14416],[132.50419,34.13338],[132.49584,34.13301],[132.4888,34.1307],[132.47654,34.12347],[132.47215,34.11827],[132.4583,34.11545],[132.45184,34.11195],[132.44754,34.10435],[132.44773,34.09431],[132.45364,34.09425],[132.45689,34.08498],[132.4623,34.08236],[132.47215,34.08799],[132.4844,34.09096],[132.49852,34.09096],[132.50211,34.10333],[132.50645,34.10398],[132.5138,34.09896],[132.51184,34.09551],[132.52458,34.09525],[132.53261,34.10373],[132.53771,34.09462],[132.5411,34.09935],[132.54568,34.0979],[132.54312,34.09128],[132.5477,34.09006],[132.54956,34.0797],[132.55621,34.08248],[132.5678,34.09701],[132.56982,34.11524],[132.57587,34.11579],[132.58308,34.12257],[132.57401,34.12706],[132.56056,34.11706],[132.54929,34.11734],[132.54717,34.11208],[132.53986,34.11036],[132.54019,34.11582],[132.5376,34.12105],[132.54315,34.12279],[132.54702,34.12879],[132.54949,34.14936],[132.54618,34.15021],[132.53089,34.14746],[132.53002,34.15309],[132.52172,34.15747],[132.53124,34.16542],[132.53428,34.16171],[132.54002,34.16438],[132.54123,34.17332],[132.5559,34.17844],[132.55196,34.18239],[132.55271,34.18665],[132.54744,34.18955],[132.53555,34.18754],[132.53324,34.19155],[132.53811,34.19878],[132.53486,34.20046]]],[[[132.675,34.2023],[132.65662,34.19628],[132.64861,34.18641],[132.64876,34.18108],[132.64468,34.17294],[132.65036,34.1706],[132.65669,34.17619],[132.66809,34.17081],[132.67623,34.17505],[132.68067,34.18414],[132.68446,34.18771],[132.68296,34.19235],[132.67497,34.19566],[132.675,34.2023]]],[[[132.712,34.20381],[132.69876,34.20391],[132.69315,34.20144],[132.68951,34.19643],[132.68582,34.18259],[132.69453,34.1823],[132.7042,34.17924],[132.71283,34.18107],[132.71661,34.17329],[132.72305,34.16936],[132.72801,34.17276],[132.73906,34.17305],[132.74387,34.16398],[132.74891,34.16261],[132.75956,34.16784],[132.76014,34.17206],[132.76534,34.17692],[132.76455,34.1818],[132.75469,34.18268],[132.75941,34.19202],[132.75335,34.19436],[132.74478,34.19295],[132.73861,34.1965],[132.7286,34.198],[132.72109,34.19699],[132.712,34.20381]]],[[[132.53644,34.31475],[132.53089,34.31347],[132.53016,34.30464],[132.51919,34.29712],[132.51255,34.29958],[132.50777,34.29674],[132.50904,34.29276],[132.51904,34.28201],[132.51436,34.26772],[132.51665,34.26394],[132.51457,34.25695],[132.52288,34.25835],[132.53035,34.25188],[132.52914,34.24433],[132.53549,34.24376],[132.5451,34.24023],[132.55171,34.24247],[132.55852,34.23824],[132.54839,34.22853],[132.53811,34.22863],[132.53156,34.22217],[132.54392,34.20964],[132.53826,34.19581],[132.5404,34.19444],[132.55348,34.19444],[132.555,34.19675],[132.56911,34.20066],[132.58767,34.21364],[132.59352,34.21252],[132.59606,34.21678],[132.58996,34.21981],[132.59618,34.22924],[132.60575,34.22652],[132.60275,34.22015],[132.6091,34.21853],[132.61621,34.22061],[132.61534,34.21513],[132.62615,34.21114],[132.6267,34.20632],[132.6318,34.2064],[132.63815,34.20321],[132.65082,34.20466],[132.66145,34.20897],[132.65751,34.21413],[132.66024,34.21751],[132.66749,34.2191],[132.68025,34.21086],[132.68642,34.21423],[132.68507,34.22245],[132.68932,34.22368],[132.70008,34.23553],[132.72029,34.24111],[132.72825,34.23957],[132.7331,34.24266],[132.73967,34.24319],[132.74968,34.24165],[132.75385,34.23869],[132.76035,34.24089],[132.75836,34.24658],[132.76811,34.24965],[132.77242,34.25308],[132.77202,34.25885],[132.76481,34.2626],[132.7582,34.26022],[132.75977,34.26789],[132.75369,34.27573],[132.75609,34.28153],[132.76596,34.28165],[132.7679,34.27993],[132.7852,34.27699],[132.78088,34.28134],[132.78102,34.28609],[132.77505,34.2882],[132.77063,34.28683],[132.75931,34.29608],[132.76181,34.29958],[132.7558,34.30776],[132.75617,34.32],[132.7547,34.32931],[132.75209,34.3332],[132.7426,34.33061],[132.73991,34.32678],[132.72682,34.32211],[132.71447,34.30804],[132.70384,34.31322],[132.69068,34.3028],[132.67784,34.29838],[132.66404,34.28839],[132.66011,34.29314],[132.64965,34.31131],[132.64502,34.3099],[132.6395,34.31505],[132.6296,34.31138],[132.62151,34.31259],[132.60683,34.31671],[132.59741,34.30492],[132.59291,34.30726],[132.58698,34.31548],[132.58058,34.31569],[132.57139,34.31996],[132.56799,34.31932],[132.56469,34.32545],[132.55666,34.32286],[132.55446,34.31285],[132.53644,34.31475]]]]}},{"type":"Feature","properties":{"code":"34203","name":"竹原市","pref":"広島県","pref_code":"34","cx":132.88346,"cy":34.3654,"bbox":[132.78244,34.29655,133.01145,34.42933]},"geometry":{"type":"MultiPolygon","coordinates":[[[[132.9891,34.31591],[132.99014,34.30685],[132.99443,34.30501],[132.99892,34.30783],[132.99499,34.31293],[132.9891,34.31591]]],[[[132.93715,34.32453],[132.94653,34.31044],[132.94883,34.31597],[132.94285,34.32368],[132.93715,34.32453]]],[[[133.01064,34.32914],[133.00864,34.33377],[133.01145,34.33953],[133.00983,34.34412],[133.00245,34.34947],[132.99399,34.34921],[132.98995,34.35185],[132.98538,34.34677],[132.97948,34.34805],[132.96079,34.35675],[132.95027,34.35201],[132.9462,34.35644],[132.94022,34.35742],[132.94049,34.37358],[132.93197,34.38195],[132.92713,34.38194],[132.92263,34.38677],[132.91691,34.3849],[132.9113,34.38669],[132.91306,34.39181],[132.90482,34.39878],[132.90825,34.40547],[132.90747,34.41584],[132.90404,34.42933],[132.89703,34.42822],[132.8909,34.41588],[132.89412,34.41228],[132.88213,34.4063],[132.87654,34.40599],[132.86835,34.41087],[132.85178,34.41452],[132.84997,34.41906],[132.83682,34.41918],[132.83511,34.42257],[132.8222,34.41849],[132.81289,34.42447],[132.80581,34.42046],[132.79431,34.42014],[132.78846,34.4235],[132.78244,34.42053],[132.78828,34.40947],[132.80397,34.40615],[132.81135,34.40324],[132.81605,34.39212],[132.80316,34.39249],[132.79618,34.38886],[132.79561,34.38559],[132.78839,34.38161],[132.78495,34.37565],[132.78785,34.37128],[132.79474,34.36982],[132.80927,34.37414],[132.81278,34.36903],[132.81674,34.36919],[132.83601,34.36178],[132.85447,34.35559],[132.85643,34.34764],[132.85667,34.33253],[132.85325,34.32732],[132.85111,34.31517],[132.8513,34.30793],[132.85457,34.3023],[132.85458,34.29655],[132.86218,34.29771],[132.86826,34.30511],[132.87505,34.3075],[132.86888,34.31177],[132.87418,34.31478],[132.88396,34.31563],[132.88715,34.32235],[132.89361,34.32652],[132.9,34.32593],[132.91123,34.32783],[132.91617,34.33254],[132.91993,34.32567],[132.93076,34.32634],[132.94479,34.33618],[132.95336,34.33695],[132.96273,34.33473],[132.96464,34.33697],[132.98311,34.3312],[132.98991,34.33277],[132.99448,34.3375],[133.00163,34.33485],[133.00582,34.33012],[133.01064,34.32914]]]]}},{"type":"Feature","properties":{"code":"34204","name":"三原市","pref":"広島県","pref_code":"34","cx":133.02121,"cy":34.46134,"bbox":[132.85117,34.3172,133.16249,34.59114]},"geometry":{"type":"MultiPolygon","coordinates":[[[[133.11221,34.36016],[133.10456,34.35724],[133.10449,34.34722],[133.09895,34.33865],[133.09922,34.32805],[133.09601,34.32364],[133.10399,34.32229],[133.11008,34.3172],[133.11582,34.31934],[133.12482,34.33095],[133.12655,34.33765],[133.12248,34.35325],[133.11221,34.36016]]],[[[133.10715,34.36821],[133.09897,34.36277],[133.10645,34.36187],[133.10715,34.36821]]],[[[133.01064,34.32914],[133.03042,34.33275],[133.04024,34.33167],[133.04521,34.33409],[133.05169,34.34229],[133.05982,34.34515],[133.07348,34.34315],[133.07894,34.34538],[133.08121,34.34935],[133.08373,34.36554],[133.09304,34.38896],[133.09864,34.3902],[133.10692,34.38923],[133.11733,34.38312],[133.12752,34.38257],[133.1393,34.38906],[133.15386,34.39468],[133.16249,34.40277],[133.15656,34.40624],[133.14887,34.40138],[133.144,34.40302],[133.14562,34.41031],[133.13783,34.41326],[133.14279,34.42157],[133.1531,34.42798],[133.15007,34.432],[133.15617,34.43721],[133.15043,34.44515],[133.13425,34.4476],[133.13362,34.45567],[133.12577,34.45857],[133.12095,34.47063],[133.11445,34.47085],[133.11382,34.48045],[133.11668,34.48581],[133.10733,34.49532],[133.09891,34.49712],[133.09573,34.48998],[133.08251,34.485],[133.07469,34.48628],[133.07085,34.49441],[133.06503,34.49424],[133.06036,34.49085],[133.05455,34.49399],[133.05121,34.49984],[133.05268,34.50707],[133.06257,34.51595],[133.06419,34.52072],[133.06864,34.52321],[133.06825,34.52848],[133.08003,34.52902],[133.08004,34.53514],[133.08613,34.53924],[133.08223,34.54338],[133.07995,34.54994],[133.06142,34.5542],[133.05679,34.55922],[133.04631,34.56139],[133.04145,34.56432],[133.03317,34.56013],[133.0326,34.55665],[133.02336,34.55193],[133.02004,34.55394],[133.01132,34.55391],[132.99986,34.55059],[132.99709,34.54782],[132.99111,34.55188],[132.98879,34.55655],[132.97912,34.56129],[132.97256,34.56654],[132.97107,34.57018],[132.9612,34.56775],[132.95835,34.57661],[132.94835,34.58],[132.94455,34.57859],[132.93456,34.58542],[132.92326,34.5847],[132.92448,34.59041],[132.91345,34.59114],[132.90272,34.58747],[132.90202,34.58108],[132.89601,34.5831],[132.88644,34.57504],[132.87909,34.57463],[132.88071,34.56525],[132.8843,34.55904],[132.87922,34.55385],[132.87244,34.55078],[132.86459,34.55016],[132.85981,34.54691],[132.85343,34.55002],[132.85117,34.54484],[132.85641,34.52433],[132.86771,34.52008],[132.88609,34.51843],[132.89444,34.50703],[132.89403,34.5023],[132.90561,34.48344],[132.91154,34.48513],[132.91209,34.47496],[132.91926,34.47087],[132.92087,34.4674],[132.91593,34.45779],[132.91245,34.46005],[132.90471,34.45976],[132.89876,34.46534],[132.88969,34.46264],[132.90214,34.44804],[132.90287,34.44304],[132.89566,34.4385],[132.89376,34.43465],[132.89703,34.42822],[132.90404,34.42933],[132.90747,34.41584],[132.90825,34.40547],[132.90482,34.39878],[132.91306,34.39181],[132.9113,34.38669],[132.91691,34.3849],[132.92263,34.38677],[132.92713,34.38194],[132.93197,34.38195],[132.94049,34.37358],[132.94022,34.35742],[132.9462,34.35644],[132.95027,34.35201],[132.96079,34.35675],[132.97948,34.34805],[132.98538,34.34677],[132.98995,34.35185],[132.99399,34.34921],[133.00245,34.34947],[133.00983,34.34412],[133.01145,34.33953],[133.00864,34.33377],[133.01064,34.32914]]]]}},{"type":"Feature","properties":{"code":"34205","name":"尾道市","pref":"広島県","pref_code":"34","cx":133.17185,"cy":34.48422,"bbox":[133.05121,34.256,133.29657,34.5731]},"geometry":{"type":"MultiPolygon","coordinates":[[[[133.13344,34.31689],[133.12574,34.3151],[133.11791,34.31044],[133.10825,34.31057],[133.10192,34.30744],[133.096,34.30704],[133.09533,34.31309],[133.08907,34.31294],[133.08416,34.30835],[133.08384,34.30321],[133.07365,34.28642],[133.07207,34.27878],[133.0682,34.27359],[133.06736,34.26624],[133.07266,34.25994],[133.08245,34.256],[133.10185,34.26065],[133.10358,34.26381],[133.1124,34.26648],[133.11385,34.27213],[133.12513,34.2787],[133.13407,34.28003],[133.13498,34.28263],[133.1464,34.28742],[133.14907,34.30109],[133.1409,34.31465],[133.13344,34.31689]]],[[[133.07868,34.33309],[133.07198,34.33106],[133.06624,34.32586],[133.06191,34.31466],[133.06281,34.30784],[133.06924,34.3026],[133.07654,34.30139],[133.08179,34.30348],[133.08281,34.30981],[133.08715,34.31326],[133.08298,34.32178],[133.08247,34.328],[133.07868,34.33309]]],[[[133.15171,34.35859],[133.1476,34.35786],[133.14827,34.34926],[133.13789,34.34365],[133.13401,34.33313],[133.13451,34.32888],[133.14128,34.32624],[133.14895,34.31463],[133.15197,34.30569],[133.15595,34.2991],[133.17402,34.29234],[133.18061,34.28066],[133.19149,34.27493],[133.19938,34.27946],[133.19626,34.28598],[133.20487,34.29151],[133.20345,34.29592],[133.19456,34.29756],[133.19338,34.29989],[133.19868,34.30773],[133.21086,34.31391],[133.2105,34.31865],[133.2035,34.31923],[133.20369,34.32313],[133.19814,34.33029],[133.19611,34.33824],[133.1889,34.33576],[133.1766,34.34376],[133.1734,34.35767],[133.1628,34.35809],[133.15592,34.35675],[133.15171,34.35859]]],[[[133.14558,34.37087],[133.13771,34.36735],[133.13875,34.36265],[133.14495,34.36323],[133.14558,34.37087]]],[[[133.24167,34.37967],[133.23807,34.37486],[133.24433,34.37088],[133.24648,34.375],[133.24167,34.37967]]],[[[133.26096,34.38443],[133.25745,34.37877],[133.26401,34.36544],[133.27151,34.3652],[133.27683,34.37],[133.27943,34.38024],[133.27305,34.37841],[133.26096,34.38443]]],[[[133.16232,34.3915],[133.15325,34.38594],[133.15605,34.37434],[133.16299,34.37583],[133.17266,34.37393],[133.17225,34.3807],[133.16774,34.38719],[133.16232,34.3915]]],[[[133.21548,34.40909],[133.20031,34.40466],[133.18996,34.39674],[133.1776,34.39571],[133.17227,34.39276],[133.16998,34.3872],[133.17407,34.38073],[133.17651,34.37092],[133.17438,34.3665],[133.18185,34.36385],[133.18367,34.35854],[133.18937,34.35703],[133.1942,34.35957],[133.20001,34.35867],[133.2126,34.36322],[133.21784,34.37022],[133.21785,34.37664],[133.22132,34.3825],[133.23695,34.39135],[133.23758,34.39949],[133.23526,34.40659],[133.22162,34.40653],[133.21548,34.40909]]],[[[133.28532,34.38794],[133.29657,34.39848],[133.28916,34.41191],[133.27295,34.41354],[133.27206,34.40661],[133.26701,34.40359],[133.26019,34.40386],[133.25558,34.40041],[133.24525,34.39817],[133.24451,34.39109],[133.25537,34.38888],[133.26275,34.3946],[133.27082,34.39178],[133.27626,34.39473],[133.28552,34.38977],[133.28449,34.3866],[133.28532,34.38794]]],[[[133.15386,34.39468],[133.16873,34.39619],[133.18791,34.40103],[133.20952,34.41063],[133.22046,34.40904],[133.23258,34.41161],[133.23825,34.42131],[133.24458,34.4234],[133.23903,34.44085],[133.23519,34.44371],[133.22885,34.44342],[133.22642,34.44771],[133.23719,34.4471],[133.24006,34.455],[133.23525,34.45949],[133.22933,34.45544],[133.21642,34.4632],[133.21068,34.47042],[133.21764,34.47569],[133.22059,34.47374],[133.22823,34.47668],[133.2274,34.48344],[133.2313,34.48987],[133.23532,34.49234],[133.23293,34.49723],[133.23908,34.50499],[133.23943,34.5108],[133.23507,34.51413],[133.22798,34.51438],[133.21895,34.50863],[133.21398,34.50888],[133.21146,34.51854],[133.21904,34.52439],[133.22132,34.53167],[133.21915,34.53627],[133.20816,34.53633],[133.19986,34.53985],[133.1958,34.53738],[133.19665,34.53168],[133.18977,34.53304],[133.18817,34.53927],[133.18218,34.53795],[133.1771,34.54065],[133.17592,34.54712],[133.17173,34.5472],[133.16561,34.5514],[133.16116,34.56159],[133.16083,34.56619],[133.154,34.56493],[133.15018,34.56939],[133.142,34.5731],[133.13975,34.56569],[133.1345,34.56446],[133.13323,34.55796],[133.12581,34.54716],[133.12136,34.54832],[133.11036,34.5448],[133.10166,34.53931],[133.09272,34.53742],[133.08613,34.53924],[133.08004,34.53514],[133.08003,34.52902],[133.06825,34.52848],[133.06864,34.52321],[133.06419,34.52072],[133.06257,34.51595],[133.05268,34.50707],[133.05121,34.49984],[133.05455,34.49399],[133.06036,34.49085],[133.06503,34.49424],[133.07085,34.49441],[133.07469,34.48628],[133.08251,34.485],[133.09573,34.48998],[133.09891,34.49712],[133.10733,34.49532],[133.11668,34.48581],[133.11382,34.48045],[133.11445,34.47085],[133.12095,34.47063],[133.12577,34.45857],[133.13362,34.45567],[133.13425,34.4476],[133.15043,34.44515],[133.15617,34.43721],[133.15007,34.432],[133.1531,34.42798],[133.14279,34.42157],[133.13783,34.41326],[133.14562,34.41031],[133.144,34.40302],[133.14887,34.40138],[133.15656,34.40624],[133.16249,34.40277],[133.15386,34.39468]]]]}},{"type":"Feature","properties":{"code":"34207","name":"福山市","pref":"広島県","pref_code":"34","cx":133.34882,"cy":34.54219,"bbox":[133.21068,34.33379,133.45639,34.71182]},"geometry":{"type":"MultiPolygon","coordinates":[[[[133.43625,34.35116],[133.43072,34.34917],[133.42771,34.34453],[133.43038,34.33916],[133.43674,34.33892],[133.44637,34.33584],[133.44873,34.33967],[133.44181,34.34782],[133.43625,34.35116]]],[[[133.28661,34.35766],[133.2723,34.35272],[133.26366,34.34756],[133.26878,34.33379],[133.27906,34.33517],[133.28511,34.33788],[133.28661,34.35766]]],[[[133.31869,34.37275],[133.30162,34.36793],[133.29638,34.36445],[133.28882,34.35599],[133.29238,34.35328],[133.29636,34.34466],[133.30193,34.3424],[133.32122,34.35367],[133.33491,34.35507],[133.3425,34.36967],[133.33355,34.36853],[133.32374,34.3614],[133.31869,34.37275]]],[[[133.39922,34.38855],[133.391,34.38781],[133.39049,34.38456],[133.39795,34.37779],[133.40343,34.3816],[133.39922,34.38855]]],[[[133.28532,34.38794],[133.29248,34.38273],[133.30572,34.38754],[133.31469,34.38097],[133.32422,34.37951],[133.33488,34.38102],[133.34706,34.37583],[133.35158,34.36601],[133.35845,34.3694],[133.36681,34.36899],[133.37104,34.37429],[133.37787,34.37749],[133.37816,34.38213],[133.38457,34.38422],[133.38049,34.39168],[133.38206,34.4078],[133.38544,34.42046],[133.39134,34.42193],[133.3964,34.42698],[133.40768,34.42852],[133.40464,34.43543],[133.41304,34.43628],[133.4313,34.4241],[133.44051,34.43626],[133.43296,34.43984],[133.43514,34.44298],[133.4213,34.44958],[133.40819,34.45725],[133.4065,34.46037],[133.41137,34.4705],[133.40854,34.47846],[133.41475,34.47685],[133.41449,34.45927],[133.41794,34.45695],[133.44271,34.44515],[133.44514,34.44653],[133.44586,34.47198],[133.44283,34.47952],[133.44904,34.48587],[133.4488,34.48855],[133.45544,34.4949],[133.45639,34.5001],[133.45337,34.50674],[133.44494,34.50589],[133.44916,34.5132],[133.44727,34.5194],[133.45037,34.52674],[133.45393,34.53017],[133.44967,34.5386],[133.44603,34.55643],[133.44035,34.55934],[133.43508,34.56577],[133.42673,34.56914],[133.42755,34.57169],[133.42313,34.57866],[133.42317,34.58554],[133.41272,34.58692],[133.40578,34.58929],[133.39701,34.59488],[133.39586,34.60535],[133.38477,34.61676],[133.38498,34.62537],[133.39192,34.63113],[133.38719,34.63638],[133.38848,34.64343],[133.39177,34.64929],[133.39649,34.65208],[133.39643,34.65587],[133.40279,34.66707],[133.40141,34.67405],[133.38549,34.67754],[133.38641,34.68538],[133.38276,34.69013],[133.37417,34.69536],[133.37308,34.70799],[133.37059,34.71182],[133.36029,34.70823],[133.3667,34.70026],[133.3679,34.69032],[133.35673,34.6897],[133.35244,34.68409],[133.3464,34.68177],[133.34562,34.67822],[133.33841,34.67961],[133.33634,34.6763],[133.33975,34.66937],[133.33365,34.66171],[133.32878,34.66039],[133.31953,34.65258],[133.31715,34.64528],[133.31846,34.64015],[133.31379,34.6365],[133.30915,34.63793],[133.3046,34.64429],[133.29893,34.64663],[133.29541,34.64405],[133.28955,34.64797],[133.29184,34.65695],[133.28564,34.66348],[133.27602,34.66604],[133.26984,34.666],[133.26502,34.66327],[133.26441,34.65804],[133.25936,34.64881],[133.25485,34.65207],[133.2514,34.6464],[133.24657,34.64723],[133.24041,34.64105],[133.23588,34.64153],[133.23581,34.63661],[133.2297,34.63143],[133.23594,34.62422],[133.23559,34.6181],[133.23238,34.61431],[133.23655,34.60803],[133.23911,34.5994],[133.24704,34.59487],[133.25592,34.58423],[133.26626,34.57601],[133.26658,34.56986],[133.26276,34.56721],[133.26992,34.55601],[133.26319,34.54808],[133.25093,34.54578],[133.24637,34.53844],[133.23974,34.53622],[133.23493,34.52907],[133.22724,34.52718],[133.22132,34.53167],[133.21904,34.52439],[133.21146,34.51854],[133.21398,34.50888],[133.21895,34.50863],[133.22798,34.51438],[133.23507,34.51413],[133.23943,34.5108],[133.23908,34.50499],[133.23293,34.49723],[133.23532,34.49234],[133.2313,34.48987],[133.2274,34.48344],[133.22823,34.47668],[133.22059,34.47374],[133.21764,34.47569],[133.21068,34.47042],[133.21642,34.4632],[133.22933,34.45544],[133.23525,34.45949],[133.24006,34.455],[133.23719,34.4471],[133.22642,34.44771],[133.22885,34.44342],[133.23519,34.44371],[133.23903,34.44085],[133.24458,34.4234],[133.24212,34.43589],[133.2472,34.43629],[133.25144,34.42269],[133.25559,34.42692],[133.25164,34.4411],[133.25584,34.44112],[133.25743,34.43597],[133.27036,34.43271],[133.26955,34.42543],[133.27386,34.419],[133.27295,34.41354],[133.28916,34.41191],[133.29657,34.39848],[133.28532,34.38794]]]]}},{"type":"Feature","properties":{"code":"34208","name":"府中市","pref":"広島県","pref_code":"34","cx":133.17877,"cy":34.64337,"bbox":[133.08353,34.52718,133.26992,34.75744]},"geometry":{"type":"Polygon","coordinates":[[[133.22132,34.53167],[133.22724,34.52718],[133.23493,34.52907],[133.23974,34.53622],[133.24637,34.53844],[133.25093,34.54578],[133.26319,34.54808],[133.26992,34.55601],[133.26276,34.56721],[133.26658,34.56986],[133.26626,34.57601],[133.25592,34.58423],[133.24704,34.59487],[133.23911,34.5994],[133.23655,34.60803],[133.23238,34.61431],[133.23559,34.6181],[133.23594,34.62422],[133.2297,34.63143],[133.23581,34.63661],[133.23588,34.64153],[133.23017,34.6481],[133.22525,34.64907],[133.22155,34.64601],[133.21302,34.64816],[133.20602,34.65473],[133.198,34.659],[133.18794,34.66214],[133.19199,34.67177],[133.18295,34.67299],[133.1825,34.67754],[133.18739,34.68491],[133.19315,34.68676],[133.20097,34.6945],[133.19274,34.70617],[133.17773,34.71375],[133.17238,34.71401],[133.16427,34.72049],[133.16594,34.72312],[133.16015,34.72876],[133.16614,34.74057],[133.16454,34.74827],[133.16578,34.75476],[133.15988,34.75744],[133.14939,34.75407],[133.13567,34.75566],[133.11977,34.74041],[133.11794,34.73498],[133.10516,34.73479],[133.10005,34.72895],[133.09815,34.71942],[133.10201,34.71103],[133.09677,34.70355],[133.09804,34.69762],[133.10161,34.69324],[133.09664,34.68999],[133.09136,34.68258],[133.09177,34.67865],[133.08599,34.67614],[133.08353,34.66818],[133.08585,34.66267],[133.10467,34.65697],[133.11528,34.64759],[133.12302,34.64522],[133.12392,34.63861],[133.1404,34.63694],[133.14227,34.63902],[133.1565,34.63193],[133.15865,34.62867],[133.15942,34.61235],[133.15522,34.6115],[133.1584,34.6052],[133.1522,34.59611],[133.14595,34.59275],[133.14663,34.58855],[133.13509,34.58468],[133.13457,34.58183],[133.14272,34.5783],[133.142,34.5731],[133.15018,34.56939],[133.154,34.56493],[133.16083,34.56619],[133.16116,34.56159],[133.16561,34.5514],[133.17173,34.5472],[133.17592,34.54712],[133.1771,34.54065],[133.18218,34.53795],[133.18817,34.53927],[133.18977,34.53304],[133.19665,34.53168],[133.1958,34.53738],[133.19986,34.53985],[133.20816,34.53633],[133.21915,34.53627],[133.22132,34.53167]]]}},{"type":"Feature","properties":{"code":"34209","name":"三次市","pref":"広島県","pref_code":"34","cx":132.8649,"cy":34.80465,"bbox":[132.63403,34.6063,133.10921,35.0046]},"geometry":{"type":"Polygon","coordinates":[[[133.10516,34.73479],[133.10379,34.74164],[133.10921,34.74858],[133.10612,34.75691],[133.10722,34.76465],[133.09444,34.76833],[133.08808,34.76744],[133.08019,34.77299],[133.07888,34.76806],[133.06778,34.76837],[133.06082,34.77358],[133.05545,34.77106],[133.0599,34.76302],[133.0568,34.75594],[133.0369,34.75059],[133.03352,34.75279],[133.03238,34.75915],[133.01677,34.76174],[133.01651,34.76748],[133.02303,34.76964],[133.02822,34.77563],[133.02586,34.78719],[133.0199,34.78866],[133.00747,34.79434],[133.00388,34.79917],[132.99774,34.80304],[132.99539,34.8071],[132.98488,34.80934],[132.97914,34.81613],[132.97714,34.82231],[132.96794,34.81233],[132.96869,34.80852],[132.96021,34.80251],[132.95874,34.79938],[132.94881,34.79584],[132.95013,34.80333],[132.94227,34.8104],[132.93414,34.81277],[132.93127,34.81928],[132.91918,34.82626],[132.91331,34.83324],[132.90189,34.84237],[132.89453,34.84656],[132.89136,34.85139],[132.88393,34.85582],[132.88596,34.86188],[132.88184,34.87184],[132.89007,34.87817],[132.89166,34.89006],[132.87671,34.89162],[132.87678,34.90282],[132.87357,34.91204],[132.86409,34.92075],[132.85702,34.92289],[132.8503,34.92127],[132.84453,34.92837],[132.85046,34.9321],[132.85215,34.93997],[132.85084,34.94383],[132.84388,34.9419],[132.83995,34.94407],[132.8383,34.94947],[132.83399,34.9499],[132.8369,34.95841],[132.8324,34.96158],[132.83045,34.97773],[132.83773,34.98021],[132.84074,34.98787],[132.83875,34.99338],[132.8427,34.99492],[132.84066,35.00397],[132.83283,35.0046],[132.82588,34.9987],[132.81612,34.99322],[132.81217,34.98749],[132.80148,34.9894],[132.79495,34.98842],[132.79119,34.99332],[132.78384,34.9953],[132.77133,34.99032],[132.76699,34.9912],[132.7687,34.98395],[132.75594,34.97728],[132.75323,34.97887],[132.74513,34.97683],[132.75135,34.96982],[132.74972,34.96026],[132.7406,34.95674],[132.74054,34.96104],[132.72768,34.95644],[132.72744,34.95335],[132.72039,34.94799],[132.71442,34.95338],[132.70646,34.95487],[132.68509,34.95056],[132.67593,34.93277],[132.66704,34.9308],[132.66081,34.92326],[132.65116,34.91986],[132.64711,34.91044],[132.64284,34.90901],[132.64125,34.90377],[132.63403,34.9048],[132.63738,34.89858],[132.65125,34.9007],[132.65788,34.89724],[132.65933,34.89222],[132.66403,34.88975],[132.67456,34.89443],[132.67873,34.89071],[132.68152,34.88435],[132.68772,34.88465],[132.69983,34.88223],[132.70209,34.87987],[132.70635,34.86228],[132.71014,34.85828],[132.7106,34.84986],[132.71432,34.84505],[132.72135,34.84236],[132.72324,34.83369],[132.72104,34.83008],[132.7127,34.82788],[132.69972,34.82739],[132.6953,34.8185],[132.70376,34.81483],[132.71276,34.8178],[132.72853,34.81386],[132.74817,34.81116],[132.76189,34.80779],[132.76745,34.80856],[132.78149,34.80597],[132.778,34.79322],[132.77874,34.7826],[132.77619,34.77689],[132.7779,34.77354],[132.77128,34.76974],[132.76617,34.76159],[132.77066,34.75815],[132.76489,34.75537],[132.76818,34.74901],[132.77844,34.7505],[132.78841,34.74261],[132.7848,34.73994],[132.78284,34.72885],[132.77335,34.72137],[132.77295,34.71512],[132.76911,34.70873],[132.76976,34.7016],[132.77633,34.69884],[132.78748,34.69819],[132.80705,34.69204],[132.80561,34.68321],[132.79927,34.67819],[132.80311,34.67188],[132.79743,34.66988],[132.78894,34.65696],[132.78179,34.65272],[132.78264,34.64072],[132.79065,34.63308],[132.79711,34.62973],[132.79809,34.6216],[132.80919,34.62258],[132.81541,34.61728],[132.82156,34.61601],[132.8277,34.61005],[132.835,34.6063],[132.84544,34.6063],[132.84529,34.61064],[132.85168,34.61027],[132.85883,34.61363],[132.86368,34.61057],[132.87064,34.6139],[132.8763,34.61405],[132.871,34.62033],[132.87728,34.63387],[132.87209,34.6371],[132.87252,34.64655],[132.87912,34.64985],[132.87825,34.66408],[132.88382,34.66753],[132.88948,34.67489],[132.89073,34.68354],[132.89633,34.68426],[132.92356,34.67771],[132.9343,34.68214],[132.9384,34.68239],[132.94038,34.67259],[132.94335,34.66948],[132.94054,34.66412],[132.94751,34.66034],[132.94507,34.65724],[132.95354,34.65497],[132.95899,34.65937],[132.96689,34.65728],[132.97081,34.66091],[132.96947,34.66492],[132.97666,34.6694],[132.98247,34.66911],[132.9852,34.67712],[132.99638,34.67547],[132.99981,34.67763],[133.01842,34.67863],[133.02071,34.67326],[133.03161,34.66975],[133.04635,34.66097],[133.04847,34.65754],[133.06021,34.65898],[133.06215,34.65214],[133.07286,34.65767],[133.07769,34.65714],[133.08585,34.66267],[133.08353,34.66818],[133.08599,34.67614],[133.09177,34.67865],[133.09136,34.68258],[133.09664,34.68999],[133.10161,34.69324],[133.09804,34.69762],[133.09677,34.70355],[133.10201,34.71103],[133.09815,34.71942],[133.10005,34.72895],[133.10516,34.73479]]]}},{"type":"Feature","properties":{"code":"34210","name":"庄原市","pref":"広島県","pref_code":"34","cx":133.08598,"cy":34.91692,"bbox":[132.76699,34.73479,133.33116,35.10568]},"geometry":{"type":"Polygon","coordinates":[[[133.16578,34.75476],[133.16801,34.7661],[133.16055,34.77432],[133.14832,34.7828],[133.13803,34.78644],[133.14134,34.804],[133.14501,34.8099],[133.13955,34.81469],[133.13496,34.82395],[133.14227,34.82935],[133.14233,34.83906],[133.14894,34.84069],[133.15696,34.84529],[133.1627,34.8537],[133.16677,34.85376],[133.17609,34.84887],[133.18646,34.85197],[133.19882,34.85234],[133.21026,34.86113],[133.2165,34.85771],[133.22494,34.84726],[133.22969,34.83654],[133.2346,34.83346],[133.23539,34.82764],[133.23047,34.82438],[133.24347,34.81385],[133.24593,34.81963],[133.25359,34.82215],[133.25378,34.82504],[133.27013,34.83083],[133.27425,34.83532],[133.27275,34.83842],[133.27731,34.84724],[133.27309,34.85134],[133.27779,34.85391],[133.28429,34.85177],[133.28911,34.85377],[133.29963,34.84783],[133.31419,34.84767],[133.32004,34.85277],[133.32886,34.85305],[133.33116,34.85577],[133.32311,34.85927],[133.32403,34.86436],[133.31681,34.86718],[133.31432,34.87282],[133.30941,34.87404],[133.3057,34.88206],[133.29801,34.88934],[133.29579,34.90401],[133.29755,34.90947],[133.30297,34.91308],[133.30463,34.92172],[133.30187,34.92891],[133.30945,34.93705],[133.30803,34.94109],[133.29811,34.95298],[133.29726,34.956],[133.30489,34.96496],[133.30308,34.97204],[133.31084,34.97464],[133.31328,34.98007],[133.3195,34.98318],[133.32173,34.98793],[133.31922,34.99831],[133.32121,35.00363],[133.3157,35.01243],[133.305,35.01519],[133.303,35.02065],[133.29688,35.02473],[133.29584,35.02949],[133.28524,35.04066],[133.27447,35.04498],[133.26693,35.05243],[133.26732,35.06007],[133.26081,35.06344],[133.25379,35.07522],[133.24878,35.07869],[133.23993,35.07904],[133.23319,35.07512],[133.2316,35.06944],[133.22723,35.06819],[133.2149,35.07387],[133.19939,35.07254],[133.18645,35.06992],[133.17953,35.0673],[133.17345,35.06919],[133.16846,35.06744],[133.16126,35.07414],[133.15827,35.07165],[133.14201,35.06475],[133.13628,35.06957],[133.13415,35.07623],[133.12657,35.07688],[133.12217,35.08399],[133.11131,35.08558],[133.10678,35.08236],[133.0962,35.08539],[133.08539,35.07818],[133.08134,35.0806],[133.07149,35.08224],[133.05998,35.0811],[133.05236,35.07023],[133.04342,35.0676],[133.03311,35.06824],[133.03138,35.07287],[133.02391,35.07776],[133.01641,35.07841],[133.01462,35.08765],[133.00326,35.09296],[133.00011,35.09719],[132.99231,35.09836],[132.9907,35.1013],[132.9824,35.09756],[132.97496,35.08318],[132.96581,35.07974],[132.94759,35.07576],[132.93359,35.08392],[132.92661,35.08111],[132.9204,35.08385],[132.90948,35.08622],[132.89735,35.10406],[132.88856,35.10568],[132.8613,35.09576],[132.85837,35.08894],[132.84591,35.08077],[132.83926,35.07054],[132.83149,35.06597],[132.82785,35.06122],[132.83794,35.05093],[132.83677,35.0471],[132.82743,35.04709],[132.81372,35.04055],[132.81332,35.03594],[132.80883,35.02856],[132.79903,35.02137],[132.79313,35.01974],[132.78703,35.0133],[132.78785,35.0049],[132.78132,35.00318],[132.77732,34.99886],[132.7698,34.99758],[132.76699,34.9912],[132.77133,34.99032],[132.78384,34.9953],[132.79119,34.99332],[132.79495,34.98842],[132.80148,34.9894],[132.81217,34.98749],[132.81612,34.99322],[132.82588,34.9987],[132.83283,35.0046],[132.84066,35.00397],[132.8427,34.99492],[132.83875,34.99338],[132.84074,34.98787],[132.83773,34.98021],[132.83045,34.97773],[132.8324,34.96158],[132.8369,34.95841],[132.83399,34.9499],[132.8383,34.94947],[132.83995,34.94407],[132.84388,34.9419],[132.85084,34.94383],[132.85215,34.93997],[132.85046,34.9321],[132.84453,34.92837],[132.8503,34.92127],[132.85702,34.92289],[132.86409,34.92075],[132.87357,34.91204],[132.87678,34.90282],[132.87671,34.89162],[132.89166,34.89006],[132.89007,34.87817],[132.88184,34.87184],[132.88596,34.86188],[132.88393,34.85582],[132.89136,34.85139],[132.89453,34.84656],[132.90189,34.84237],[132.91331,34.83324],[132.91918,34.82626],[132.93127,34.81928],[132.93414,34.81277],[132.94227,34.8104],[132.95013,34.80333],[132.94881,34.79584],[132.95874,34.79938],[132.96021,34.80251],[132.96869,34.80852],[132.96794,34.81233],[132.97714,34.82231],[132.97914,34.81613],[132.98488,34.80934],[132.99539,34.8071],[132.99774,34.80304],[133.00388,34.79917],[133.00747,34.79434],[133.0199,34.78866],[133.02586,34.78719],[133.02822,34.77563],[133.02303,34.76964],[133.01651,34.76748],[133.01677,34.76174],[133.03238,34.75915],[133.03352,34.75279],[133.0369,34.75059],[133.0568,34.75594],[133.0599,34.76302],[133.05545,34.77106],[133.06082,34.77358],[133.06778,34.76837],[133.07888,34.76806],[133.08019,34.77299],[133.08808,34.76744],[133.09444,34.76833],[133.10722,34.76465],[133.10612,34.75691],[133.10921,34.74858],[133.10379,34.74164],[133.10516,34.73479],[133.11794,34.73498],[133.11977,34.74041],[133.13567,34.75566],[133.14939,34.75407],[133.15988,34.75744],[133.16578,34.75476]]]}},{"type":"Feature","properties":{"code":"34211","name":"大竹市","pref":"広島県","pref_code":"34","cx":132.18739,"cy":34.26424,"bbox":[132.12536,34.18643,132.31955,34.32994]},"geometry":{"type":"MultiPolygon","coordinates":[[[[132.29647,34.19933],[132.29243,34.18905],[132.30165,34.18643],[132.31537,34.18708],[132.31955,34.18988],[132.31177,34.19842],[132.30125,34.19659],[132.29647,34.19933]]],[[[132.23887,34.26136],[132.23295,34.27096],[132.2334,34.27573],[132.22898,34.28002],[132.21941,34.28416],[132.21702,34.29104],[132.20908,34.28902],[132.19689,34.28833],[132.19345,34.28062],[132.18786,34.27956],[132.18413,34.28213],[132.16776,34.28712],[132.16297,34.29368],[132.16746,34.30427],[132.17153,34.30678],[132.16748,34.31205],[132.17007,34.31704],[132.17012,34.324],[132.16507,34.32994],[132.14837,34.3293],[132.14944,34.32417],[132.14788,34.31696],[132.14181,34.31157],[132.13736,34.31739],[132.12743,34.31288],[132.12536,34.30578],[132.12843,34.29568],[132.13818,34.28789],[132.13971,34.28194],[132.13551,34.27796],[132.13357,34.27236],[132.13533,34.26711],[132.14117,34.25996],[132.14635,34.25678],[132.14736,34.2504],[132.14475,34.23642],[132.14997,34.23724],[132.15654,34.22935],[132.16183,34.23387],[132.1701,34.23376],[132.17115,34.22534],[132.18033,34.22988],[132.1842,34.22761],[132.1935,34.22648],[132.20219,34.22303],[132.19333,34.20701],[132.20132,34.20776],[132.20657,34.20362],[132.21431,34.20356],[132.22227,34.20839],[132.2456,34.21067],[132.24749,34.21501],[132.23889,34.22714],[132.23564,34.22666],[132.22066,34.23276],[132.22738,34.23543],[132.22916,34.24869],[132.23426,34.25882],[132.23887,34.26136]]]]}},{"type":"Feature","properties":{"code":"34212","name":"東広島市","pref":"広島県","pref_code":"34","cx":132.76745,"cy":34.44903,"bbox":[132.60052,34.26856,132.92087,34.62258]},"geometry":{"type":"MultiPolygon","coordinates":[[[[132.80609,34.28147],[132.7925,34.27659],[132.79158,34.27167],[132.80325,34.26856],[132.81122,34.27578],[132.80609,34.28147]]],[[[132.60052,34.45728],[132.60792,34.45655],[132.61396,34.45125],[132.61544,34.44652],[132.62402,34.44627],[132.63325,34.45002],[132.63573,34.44336],[132.64151,34.44197],[132.6475,34.4376],[132.65462,34.44348],[132.66351,34.43747],[132.66607,34.42762],[132.65978,34.42328],[132.65216,34.42234],[132.64434,34.4131],[132.64037,34.39906],[132.64646,34.39593],[132.64431,34.38876],[132.64933,34.38359],[132.65011,34.37652],[132.65362,34.36874],[132.65104,34.36471],[132.6442,34.36172],[132.64278,34.35329],[132.62751,34.35316],[132.62397,34.35419],[132.60823,34.34214],[132.61319,34.32891],[132.61233,34.32508],[132.6056,34.32203],[132.60683,34.31671],[132.62151,34.31259],[132.6296,34.31138],[132.6395,34.31505],[132.64502,34.3099],[132.64965,34.31131],[132.66011,34.29314],[132.66404,34.28839],[132.67784,34.29838],[132.69068,34.3028],[132.70384,34.31322],[132.71447,34.30804],[132.72682,34.32211],[132.73991,34.32678],[132.7426,34.33061],[132.75209,34.3332],[132.7547,34.32931],[132.75617,34.32],[132.7558,34.30776],[132.76181,34.29958],[132.75931,34.29608],[132.77063,34.28683],[132.77505,34.2882],[132.78102,34.28609],[132.78088,34.28134],[132.7852,34.27699],[132.78865,34.27948],[132.78726,34.28617],[132.79085,34.29272],[132.79518,34.29602],[132.79675,34.30442],[132.80193,34.30891],[132.81261,34.31241],[132.81959,34.31707],[132.82763,34.31628],[132.83646,34.31185],[132.83477,34.30473],[132.8468,34.29712],[132.85073,34.29219],[132.85458,34.29655],[132.85457,34.3023],[132.8513,34.30793],[132.85111,34.31517],[132.85325,34.32732],[132.85667,34.33253],[132.85643,34.34764],[132.85447,34.35559],[132.83601,34.36178],[132.81674,34.36919],[132.81278,34.36903],[132.80927,34.37414],[132.79474,34.36982],[132.78785,34.37128],[132.78495,34.37565],[132.78839,34.38161],[132.79561,34.38559],[132.79618,34.38886],[132.80316,34.39249],[132.81605,34.39212],[132.81135,34.40324],[132.80397,34.40615],[132.78828,34.40947],[132.78244,34.42053],[132.78846,34.4235],[132.79431,34.42014],[132.80581,34.42046],[132.81289,34.42447],[132.8222,34.41849],[132.83511,34.42257],[132.83682,34.41918],[132.84997,34.41906],[132.85178,34.41452],[132.86835,34.41087],[132.87654,34.40599],[132.88213,34.4063],[132.89412,34.41228],[132.8909,34.41588],[132.89703,34.42822],[132.89376,34.43465],[132.89566,34.4385],[132.90287,34.44304],[132.90214,34.44804],[132.88969,34.46264],[132.89876,34.46534],[132.90471,34.45976],[132.91245,34.46005],[132.91593,34.45779],[132.92087,34.4674],[132.91926,34.47087],[132.91209,34.47496],[132.91154,34.48513],[132.90561,34.48344],[132.89403,34.5023],[132.89444,34.50703],[132.88609,34.51843],[132.86771,34.52008],[132.85641,34.52433],[132.85117,34.54484],[132.85343,34.55002],[132.85981,34.54691],[132.86459,34.55016],[132.87244,34.55078],[132.87922,34.55385],[132.8843,34.55904],[132.88071,34.56525],[132.87909,34.57463],[132.88644,34.57504],[132.89601,34.5831],[132.89363,34.59515],[132.88709,34.598],[132.88125,34.60565],[132.88487,34.61079],[132.8763,34.61405],[132.87064,34.6139],[132.86368,34.61057],[132.85883,34.61363],[132.85168,34.61027],[132.84529,34.61064],[132.84544,34.6063],[132.835,34.6063],[132.8277,34.61005],[132.82156,34.61601],[132.81541,34.61728],[132.80919,34.62258],[132.79809,34.6216],[132.79316,34.61539],[132.79242,34.60685],[132.78426,34.59721],[132.78508,34.58331],[132.772,34.57582],[132.76303,34.57611],[132.75446,34.57459],[132.74745,34.57102],[132.74601,34.56586],[132.73588,34.5575],[132.72653,34.55823],[132.72419,34.55456],[132.71542,34.55313],[132.71096,34.55472],[132.70465,34.54759],[132.70505,34.54345],[132.70023,34.53634],[132.6961,34.53583],[132.69313,34.52938],[132.68422,34.52681],[132.67369,34.53043],[132.66538,34.53155],[132.66294,34.52654],[132.65596,34.52337],[132.64913,34.51461],[132.64439,34.50529],[132.63343,34.50704],[132.6283,34.4983],[132.61866,34.49078],[132.60916,34.49029],[132.60303,34.48717],[132.60104,34.48345],[132.60685,34.48105],[132.606,34.47175],[132.60252,34.46806],[132.60052,34.45728]]]]}},{"type":"Feature","properties":{"code":"34213","name":"廿日市市","pref":"広島県","pref_code":"34","cx":132.13319,"cy":34.42158,"bbox":[132.03645,34.23278,132.35501,34.58315]},"geometry":{"type":"MultiPolygon","coordinates":[[[[132.33364,34.31127],[132.32161,34.30203],[132.31534,34.2957],[132.30984,34.2964],[132.30183,34.29388],[132.29892,34.29026],[132.2902,34.28747],[132.28346,34.27803],[132.28346,34.27224],[132.27703,34.2628],[132.2624,34.25163],[132.2671,34.25034],[132.2727,34.23376],[132.27656,34.23278],[132.28473,34.2351],[132.30409,34.24475],[132.31145,34.25221],[132.31414,34.25773],[132.33037,34.26733],[132.33543,34.27248],[132.34104,34.27505],[132.3481,34.28248],[132.3486,34.29184],[132.33979,34.29804],[132.34115,34.30237],[132.33461,34.30502],[132.33364,34.31127]]],[[[132.35011,34.35345],[132.34701,34.35654],[132.34234,34.36634],[132.33544,34.36765],[132.33465,34.37225],[132.3236,34.37961],[132.317,34.38126],[132.32091,34.38805],[132.32074,34.39728],[132.32428,34.40584],[132.31669,34.40613],[132.31296,34.41008],[132.31439,34.41591],[132.31139,34.41926],[132.30519,34.41445],[132.29956,34.4073],[132.30038,34.39913],[132.30346,34.3926],[132.30008,34.38426],[132.29319,34.38532],[132.28439,34.38972],[132.28311,34.40015],[132.28478,34.40246],[132.28133,34.40956],[132.25475,34.41405],[132.25433,34.41783],[132.24945,34.42361],[132.24511,34.42326],[132.23566,34.43114],[132.22897,34.43114],[132.21889,34.4199],[132.2182,34.41633],[132.1956,34.41586],[132.19095,34.42432],[132.19361,34.43136],[132.19138,34.43516],[132.17855,34.44265],[132.19614,34.45316],[132.19361,34.4574],[132.19349,34.46794],[132.19669,34.47762],[132.20328,34.48473],[132.2,34.49093],[132.1889,34.49826],[132.18635,34.50288],[132.17871,34.51016],[132.17868,34.51293],[132.17041,34.51762],[132.16678,34.5246],[132.18449,34.53849],[132.17945,34.54149],[132.16732,34.54115],[132.15616,34.5492],[132.1566,34.55396],[132.14919,34.56491],[132.14252,34.5635],[132.13748,34.57265],[132.12841,34.57928],[132.12553,34.58315],[132.11788,34.5783],[132.11903,34.57263],[132.11374,34.56261],[132.1071,34.55733],[132.10019,34.5551],[132.09507,34.54793],[132.08877,34.54408],[132.08395,34.53753],[132.07609,34.53693],[132.0588,34.53108],[132.05271,34.53027],[132.04784,34.52149],[132.04712,34.51247],[132.03645,34.50126],[132.03936,34.49949],[132.04753,34.50039],[132.0522,34.49892],[132.05974,34.49227],[132.05745,34.48662],[132.05807,34.48033],[132.06149,34.47938],[132.06718,34.47201],[132.07146,34.45826],[132.07542,34.45392],[132.08099,34.44354],[132.07698,34.43769],[132.07352,34.41953],[132.06889,34.41626],[132.07032,34.40994],[132.07457,34.40196],[132.06997,34.39201],[132.07739,34.38924],[132.07681,34.3838],[132.07043,34.37096],[132.0719,34.36711],[132.07134,34.3554],[132.08526,34.35788],[132.08595,34.35404],[132.09287,34.3514],[132.10128,34.34531],[132.10125,34.33623],[132.10552,34.32962],[132.11932,34.33058],[132.12507,34.33381],[132.12948,34.32701],[132.12875,34.32195],[132.12388,34.31876],[132.12274,34.31164],[132.12536,34.30578],[132.12743,34.31288],[132.13736,34.31739],[132.14181,34.31157],[132.14788,34.31696],[132.14944,34.32417],[132.14837,34.3293],[132.16507,34.32994],[132.17012,34.324],[132.17007,34.31704],[132.16748,34.31205],[132.17153,34.30678],[132.16746,34.30427],[132.16297,34.29368],[132.16776,34.28712],[132.18413,34.28213],[132.18786,34.27956],[132.19345,34.28062],[132.19689,34.28833],[132.20908,34.28902],[132.21702,34.29104],[132.21941,34.28416],[132.22898,34.28002],[132.2334,34.27573],[132.23295,34.27096],[132.23887,34.26136],[132.24953,34.26471],[132.25291,34.26937],[132.25959,34.27385],[132.26432,34.27255],[132.28208,34.28595],[132.28112,34.28861],[132.28735,34.29745],[132.29707,34.30354],[132.30978,34.31761],[132.3127,34.31744],[132.31783,34.32436],[132.32104,34.33169],[132.31963,34.33773],[132.32678,34.34412],[132.33331,34.34414],[132.33676,34.33768],[132.34774,34.34144],[132.34607,34.34456],[132.3388,34.34639],[132.3512,34.35094],[132.35501,34.34884],[132.35011,34.35345]]]]}},{"type":"Feature","properties":{"code":"34214","name":"安芸高田市","pref":"広島県","pref_code":"34","cx":132.68817,"cy":34.69536,"bbox":[132.53806,34.53583,132.80705,34.85135]},"geometry":{"type":"Polygon","coordinates":[[[132.6961,34.53583],[132.70023,34.53634],[132.70505,34.54345],[132.70465,34.54759],[132.71096,34.55472],[132.71542,34.55313],[132.72419,34.55456],[132.72653,34.55823],[132.73588,34.5575],[132.74601,34.56586],[132.74745,34.57102],[132.75446,34.57459],[132.76303,34.57611],[132.772,34.57582],[132.78508,34.58331],[132.78426,34.59721],[132.79242,34.60685],[132.79316,34.61539],[132.79809,34.6216],[132.79711,34.62973],[132.79065,34.63308],[132.78264,34.64072],[132.78179,34.65272],[132.78894,34.65696],[132.79743,34.66988],[132.80311,34.67188],[132.79927,34.67819],[132.80561,34.68321],[132.80705,34.69204],[132.78748,34.69819],[132.77633,34.69884],[132.76976,34.7016],[132.76911,34.70873],[132.77295,34.71512],[132.77335,34.72137],[132.78284,34.72885],[132.7848,34.73994],[132.78841,34.74261],[132.77844,34.7505],[132.76818,34.74901],[132.76489,34.75537],[132.77066,34.75815],[132.76617,34.76159],[132.77128,34.76974],[132.7779,34.77354],[132.77619,34.77689],[132.77874,34.7826],[132.778,34.79322],[132.78149,34.80597],[132.76745,34.80856],[132.76189,34.80779],[132.74817,34.81116],[132.72853,34.81386],[132.71276,34.8178],[132.70376,34.81483],[132.6953,34.8185],[132.69972,34.82739],[132.7127,34.82788],[132.72104,34.83008],[132.72324,34.83369],[132.72135,34.84236],[132.71432,34.84505],[132.7106,34.84986],[132.70251,34.8473],[132.69866,34.84295],[132.69396,34.84354],[132.68962,34.85029],[132.68386,34.85135],[132.67516,34.84759],[132.67112,34.84214],[132.66744,34.83228],[132.65976,34.83234],[132.64751,34.84007],[132.64304,34.83765],[132.63313,34.83987],[132.63118,34.84313],[132.61964,34.8435],[132.61095,34.83781],[132.61249,34.83346],[132.60544,34.8307],[132.60028,34.83186],[132.58585,34.82301],[132.58018,34.81588],[132.56845,34.81074],[132.568,34.80654],[132.55408,34.80828],[132.54653,34.80264],[132.54365,34.79655],[132.53806,34.79499],[132.54104,34.79065],[132.55042,34.78496],[132.5499,34.7799],[132.55523,34.77704],[132.55924,34.7713],[132.56947,34.76436],[132.57084,34.75984],[132.56758,34.75215],[132.56859,34.7449],[132.57917,34.74217],[132.58685,34.73369],[132.58168,34.7281],[132.57718,34.71816],[132.58014,34.70726],[132.57589,34.7034],[132.57496,34.69724],[132.58473,34.69348],[132.58764,34.68449],[132.59398,34.68946],[132.60105,34.68928],[132.60386,34.68512],[132.5977,34.68055],[132.59794,34.67513],[132.59233,34.67532],[132.58347,34.66517],[132.59173,34.65453],[132.58832,34.64598],[132.58442,34.64469],[132.58286,34.63794],[132.57747,34.63437],[132.57274,34.62387],[132.57552,34.61975],[132.56963,34.6126],[132.57095,34.60487],[132.5742,34.6022],[132.56537,34.5915],[132.5606,34.59195],[132.55404,34.58764],[132.54401,34.58365],[132.55073,34.57829],[132.56055,34.57686],[132.56566,34.57212],[132.56919,34.57256],[132.57319,34.56319],[132.57814,34.56402],[132.59081,34.57523],[132.59026,34.58158],[132.59619,34.58534],[132.6082,34.58604],[132.61037,34.59228],[132.60864,34.59629],[132.61359,34.60119],[132.61958,34.59875],[132.6245,34.60005],[132.63248,34.59716],[132.64572,34.60203],[132.65396,34.59953],[132.66483,34.60691],[132.67157,34.60675],[132.67911,34.60398],[132.69292,34.58985],[132.69409,34.5839],[132.68561,34.57211],[132.68329,34.56552],[132.68988,34.56183],[132.6876,34.55667],[132.69208,34.54626],[132.68688,34.54136],[132.6961,34.53583]]]}},{"type":"Feature","properties":{"code":"34215","name":"江田島市","pref":"広島県","pref_code":"34","cx":132.43504,"cy":34.21199,"bbox":[132.37058,34.13207,132.49852,34.29627]},"geometry":{"type":"MultiPolygon","coordinates":[[[[132.43926,34.1605],[132.43131,34.15536],[132.42988,34.14862],[132.44123,34.15148],[132.43926,34.1605]]],[[[132.38548,34.1775],[132.3816,34.17124],[132.38393,34.16485],[132.3831,34.15684],[132.3873,34.14993],[132.40506,34.14779],[132.4137,34.15066],[132.41709,34.15864],[132.41001,34.1685],[132.40682,34.16791],[132.39181,34.17536],[132.38548,34.1775]]],[[[132.3706,34.27984],[132.37058,34.27551],[132.37723,34.27355],[132.37764,34.27808],[132.3706,34.27984]]],[[[132.47969,34.29627],[132.48108,34.28682],[132.47377,34.28364],[132.47181,34.28667],[132.46026,34.28776],[132.44597,34.28551],[132.44217,34.28871],[132.43531,34.28482],[132.43418,34.2793],[132.43685,34.27439],[132.44525,34.26908],[132.44302,34.26123],[132.43266,34.25374],[132.43551,34.24744],[132.44462,34.24561],[132.45124,34.24822],[132.45176,34.25505],[132.45609,34.25674],[132.45978,34.25182],[132.46881,34.24655],[132.47922,34.23249],[132.47937,34.22697],[132.47657,34.22062],[132.47442,34.20863],[132.46592,34.21535],[132.45866,34.22862],[132.445,34.22275],[132.43939,34.22478],[132.43806,34.23217],[132.42908,34.24515],[132.42546,34.25446],[132.41981,34.25799],[132.3897,34.26087],[132.38383,34.25709],[132.37714,34.26202],[132.37208,34.2583],[132.38505,34.24819],[132.38852,34.24149],[132.38936,34.2306],[132.38782,34.2241],[132.40744,34.20446],[132.42071,34.19727],[132.42307,34.19244],[132.42229,34.18064],[132.43356,34.17945],[132.43657,34.19522],[132.44261,34.1953],[132.44308,34.19081],[132.44755,34.1843],[132.45419,34.18188],[132.45512,34.1784],[132.44576,34.17886],[132.44357,34.16961],[132.44915,34.16872],[132.44313,34.15705],[132.44486,34.15166],[132.43677,34.14304],[132.43772,34.13974],[132.43106,34.13207],[132.43798,34.13227],[132.44179,34.13593],[132.45173,34.1357],[132.45415,34.13384],[132.46238,34.13504],[132.4828,34.14455],[132.48733,34.14831],[132.49018,34.15465],[132.48786,34.16061],[132.48146,34.16876],[132.47984,34.1746],[132.4719,34.18276],[132.47406,34.19537],[132.48015,34.19583],[132.48224,34.19933],[132.48965,34.20221],[132.4898,34.2199],[132.49167,34.2287],[132.49569,34.23198],[132.49253,34.2477],[132.49554,34.25251],[132.4959,34.2619],[132.49852,34.26848],[132.4937,34.27737],[132.48233,34.2879],[132.47969,34.29627]]]]}},{"type":"Feature","properties":{"code":"34302","name":"安芸郡府中町","pref":"広島県","pref_code":"34","cx":132.51512,"cy":34.39926,"bbox":[132.49584,34.37503,132.54072,34.42149]},"geometry":{"type":"Polygon","coordinates":[[[132.49972,34.38931],[132.5014,34.37603],[132.51622,34.37503],[132.5149,34.37802],[132.52352,34.38682],[132.52775,34.38841],[132.52834,34.39349],[132.53556,34.41049],[132.54072,34.41767],[132.53118,34.42149],[132.51723,34.41353],[132.51434,34.40668],[132.5069,34.40319],[132.50414,34.40435],[132.49584,34.39532],[132.49972,34.38931]]]}},{"type":"Feature","properties":{"code":"34304","name":"安芸郡海田町","pref":"広島県","pref_code":"34","cx":132.54948,"cy":34.36535,"bbox":[132.51816,34.3436,132.57874,34.38605]},"geometry":{"type":"Polygon","coordinates":[[[132.51824,34.36174],[132.51917,34.35656],[132.52813,34.36013],[132.53803,34.35813],[132.53915,34.36151],[132.54892,34.35681],[132.55435,34.34413],[132.56141,34.3436],[132.57569,34.35788],[132.57518,34.36175],[132.57874,34.37449],[132.56606,34.37607],[132.56691,34.38166],[132.558,34.38515],[132.54617,34.38605],[132.53105,34.37605],[132.5274,34.36849],[132.51816,34.36221],[132.51824,34.36174]]]}},{"type":"Feature","properties":{"code":"34307","name":"安芸郡熊野町","pref":"広島県","pref_code":"34","cx":132.58134,"cy":34.34287,"bbox":[132.55138,34.30492,132.6314,34.38076]},"geometry":{"type":"Polygon","coordinates":[[[132.55666,34.32286],[132.56469,34.32545],[132.56799,34.31932],[132.57139,34.31996],[132.58058,34.31569],[132.58698,34.31548],[132.59291,34.30726],[132.59741,34.30492],[132.60683,34.31671],[132.6056,34.32203],[132.61233,34.32508],[132.61319,34.32891],[132.60823,34.34214],[132.62397,34.35419],[132.62751,34.35316],[132.6314,34.36159],[132.62289,34.37313],[132.61449,34.3749],[132.60131,34.38026],[132.59826,34.37846],[132.59152,34.38045],[132.5812,34.38076],[132.57874,34.37449],[132.57518,34.36175],[132.57569,34.35788],[132.56141,34.3436],[132.55435,34.34413],[132.55138,34.3398],[132.55173,34.33157],[132.55666,34.32286]]]}},{"type":"Feature","properties":{"code":"34309","name":"安芸郡坂町","pref":"広島県","pref_code":"34","cx":132.51743,"cy":34.32956,"bbox":[132.49189,34.29674,132.53644,34.35656]},"geometry":{"type":"Polygon","coordinates":[[[132.51031,34.35353],[132.50767,34.34887],[132.49635,34.34815],[132.49189,34.33618],[132.49897,34.33781],[132.50497,34.33407],[132.50299,34.32545],[132.50057,34.32492],[132.49432,34.31624],[132.49647,34.3104],[132.50481,34.30294],[132.50777,34.29674],[132.51255,34.29958],[132.51919,34.29712],[132.53016,34.30464],[132.53089,34.31347],[132.53644,34.31475],[132.53361,34.31644],[132.53009,34.33368],[132.52292,34.34185],[132.51917,34.35656],[132.51031,34.35353]]]}},{"type":"Feature","properties":{"code":"34368","name":"山県郡安芸太田町","pref":"広島県","pref_code":"34","cx":132.26056,"cy":34.60531,"bbox":[132.11655,34.49639,132.40468,34.71508]},"geometry":{"type":"Polygon","coordinates":[[[132.40468,34.60235],[132.40149,34.61126],[132.39407,34.61227],[132.3915,34.60912],[132.37806,34.61134],[132.37267,34.60727],[132.3675,34.61397],[132.35911,34.61432],[132.35669,34.61896],[132.35975,34.63402],[132.35042,34.64242],[132.35396,34.64678],[132.34746,34.65156],[132.34494,34.65625],[132.35495,34.66412],[132.35458,34.66721],[132.35883,34.67452],[132.35509,34.6782],[132.35193,34.68978],[132.35627,34.69381],[132.35352,34.69717],[132.34498,34.70145],[132.34048,34.70885],[132.33249,34.71483],[132.32747,34.71508],[132.31867,34.70872],[132.31664,34.70185],[132.3108,34.69464],[132.30765,34.68269],[132.30395,34.67861],[132.29623,34.68061],[132.29049,34.68431],[132.28424,34.67919],[132.27975,34.67904],[132.27665,34.67355],[132.26413,34.66339],[132.2496,34.67178],[132.25063,34.67648],[132.24676,34.67889],[132.23754,34.67843],[132.23447,34.6805],[132.22552,34.68025],[132.2193,34.67222],[132.21549,34.66396],[132.20578,34.66269],[132.2008,34.66679],[132.19803,34.6731],[132.18878,34.67374],[132.18549,34.66211],[132.18165,34.65651],[132.17788,34.65547],[132.17551,34.64584],[132.16134,34.64183],[132.15556,34.64335],[132.14943,34.64061],[132.14029,34.65422],[132.1335,34.648],[132.13444,34.64514],[132.12676,34.63925],[132.13087,34.63365],[132.11707,34.61153],[132.11655,34.60672],[132.12064,34.60064],[132.12968,34.59548],[132.12428,34.58784],[132.12553,34.58315],[132.12841,34.57928],[132.13748,34.57265],[132.14252,34.5635],[132.14919,34.56491],[132.1566,34.55396],[132.15616,34.5492],[132.16732,34.54115],[132.17945,34.54149],[132.18449,34.53849],[132.16678,34.5246],[132.17041,34.51762],[132.17868,34.51293],[132.17871,34.51016],[132.18635,34.50288],[132.1889,34.49826],[132.19609,34.49639],[132.20394,34.4994],[132.20569,34.50977],[132.21503,34.51421],[132.22987,34.50936],[132.23322,34.51106],[132.23898,34.50748],[132.2424,34.51043],[132.23955,34.51696],[132.24921,34.52966],[132.26556,34.53587],[132.26952,34.53537],[132.27895,34.54227],[132.29152,34.54468],[132.29222,34.54745],[132.30497,34.55072],[132.33103,34.55524],[132.34047,34.55518],[132.34277,34.55187],[132.35258,34.55453],[132.36354,34.54746],[132.35992,34.53815],[132.367,34.54007],[132.36767,34.54498],[132.37476,34.54803],[132.38977,34.56219],[132.39068,34.57107],[132.38814,34.57327],[132.38729,34.58311],[132.39178,34.58538],[132.39014,34.59163],[132.39466,34.59913],[132.40005,34.60389],[132.40468,34.60235]]]}},{"type":"Feature","properties":{"code":"34369","name":"山県郡北広島町","pref":"広島県","pref_code":"34","cx":132.46002,"cy":34.70262,"bbox":[132.12959,34.58322,132.60386,34.82095]},"geometry":{"type":"Polygon","coordinates":[[[132.54401,34.58365],[132.55404,34.58764],[132.5606,34.59195],[132.56537,34.5915],[132.5742,34.6022],[132.57095,34.60487],[132.56963,34.6126],[132.57552,34.61975],[132.57274,34.62387],[132.57747,34.63437],[132.58286,34.63794],[132.58442,34.64469],[132.58832,34.64598],[132.59173,34.65453],[132.58347,34.66517],[132.59233,34.67532],[132.59794,34.67513],[132.5977,34.68055],[132.60386,34.68512],[132.60105,34.68928],[132.59398,34.68946],[132.58764,34.68449],[132.58473,34.69348],[132.57496,34.69724],[132.57589,34.7034],[132.58014,34.70726],[132.57718,34.71816],[132.58168,34.7281],[132.58685,34.73369],[132.57917,34.74217],[132.56859,34.7449],[132.56758,34.75215],[132.57084,34.75984],[132.56947,34.76436],[132.55924,34.7713],[132.55523,34.77704],[132.5499,34.7799],[132.55042,34.78496],[132.54104,34.79065],[132.53806,34.79499],[132.52724,34.79887],[132.5205,34.80365],[132.50515,34.79602],[132.49502,34.80143],[132.48354,34.79715],[132.47199,34.80225],[132.46579,34.80166],[132.45669,34.80434],[132.45668,34.80741],[132.44518,34.81332],[132.44599,34.8152],[132.43662,34.82095],[132.42992,34.81422],[132.42116,34.81178],[132.42441,34.80691],[132.42471,34.79908],[132.41449,34.79717],[132.39862,34.78334],[132.38744,34.78274],[132.3814,34.78584],[132.38305,34.7948],[132.37308,34.80123],[132.35235,34.79807],[132.34679,34.79344],[132.3338,34.79004],[132.3249,34.79256],[132.31582,34.80142],[132.31296,34.797],[132.30588,34.79335],[132.30672,34.78999],[132.3022,34.78528],[132.29865,34.77701],[132.28956,34.77839],[132.27956,34.78438],[132.27925,34.78998],[132.27471,34.7916],[132.27857,34.79752],[132.26791,34.80176],[132.25963,34.80683],[132.24279,34.80669],[132.23838,34.80186],[132.24305,34.79801],[132.24124,34.78754],[132.24286,34.78373],[132.23278,34.77311],[132.22519,34.76998],[132.22678,34.7646],[132.2225,34.74972],[132.20989,34.74488],[132.20336,34.74883],[132.19569,34.74445],[132.19653,34.73857],[132.18467,34.7338],[132.17785,34.73663],[132.17125,34.72971],[132.15578,34.72313],[132.15416,34.71999],[132.14309,34.71605],[132.1415,34.71005],[132.13046,34.70618],[132.12959,34.70003],[132.14222,34.69159],[132.14455,34.69396],[132.15751,34.69272],[132.16108,34.68812],[132.15543,34.67699],[132.14779,34.66755],[132.14608,34.66209],[132.14029,34.65422],[132.14943,34.64061],[132.15556,34.64335],[132.16134,34.64183],[132.17551,34.64584],[132.17788,34.65547],[132.18165,34.65651],[132.18549,34.66211],[132.18878,34.67374],[132.19803,34.6731],[132.2008,34.66679],[132.20578,34.66269],[132.21549,34.66396],[132.2193,34.67222],[132.22552,34.68025],[132.23447,34.6805],[132.23754,34.67843],[132.24676,34.67889],[132.25063,34.67648],[132.2496,34.67178],[132.26413,34.66339],[132.27665,34.67355],[132.27975,34.67904],[132.28424,34.67919],[132.29049,34.68431],[132.29623,34.68061],[132.30395,34.67861],[132.30765,34.68269],[132.3108,34.69464],[132.31664,34.70185],[132.31867,34.70872],[132.32747,34.71508],[132.33249,34.71483],[132.34048,34.70885],[132.34498,34.70145],[132.35352,34.69717],[132.35627,34.69381],[132.35193,34.68978],[132.35509,34.6782],[132.35883,34.67452],[132.35458,34.66721],[132.35495,34.66412],[132.34494,34.65625],[132.34746,34.65156],[132.35396,34.64678],[132.35042,34.64242],[132.35975,34.63402],[132.35669,34.61896],[132.35911,34.61432],[132.3675,34.61397],[132.37267,34.60727],[132.37806,34.61134],[132.3915,34.60912],[132.39407,34.61227],[132.40149,34.61126],[132.40468,34.60235],[132.41529,34.59913],[132.42072,34.60312],[132.42585,34.60318],[132.43067,34.59728],[132.43894,34.592],[132.44971,34.59976],[132.45665,34.60324],[132.46442,34.61384],[132.47242,34.61477],[132.48035,34.61175],[132.48126,34.60611],[132.48759,34.60597],[132.49818,34.59896],[132.49935,34.5937],[132.51182,34.59643],[132.51938,34.60698],[132.52484,34.60638],[132.53265,34.5909],[132.53074,34.58818],[132.53852,34.58322],[132.54401,34.58365]]]}},{"type":"Feature","properties":{"code":"34431","name":"豊田郡大崎上島町","pref":"広島県","pref_code":"34","cx":132.89519,"cy":34.24577,"bbox":[132.84049,34.20603,132.93872,34.30019]},"geometry":{"type":"MultiPolygon","coordinates":[[[[132.93094,34.2846],[132.92604,34.28202],[132.91942,34.27483],[132.90799,34.26467],[132.90367,34.25004],[132.89873,34.248],[132.8918,34.25472],[132.89129,34.26169],[132.88672,34.26162],[132.87223,34.24789],[132.8649,34.24831],[132.85732,34.24011],[132.84728,34.24426],[132.84049,34.24019],[132.84644,34.23492],[132.84639,34.23005],[132.84051,34.22805],[132.84197,34.22328],[132.84897,34.21437],[132.85597,34.20816],[132.86417,34.20641],[132.87998,34.20603],[132.89321,34.2124],[132.90657,34.21426],[132.91407,34.21151],[132.91803,34.2169],[132.9164,34.22404],[132.91672,34.23394],[132.92925,34.24728],[132.93271,34.25429],[132.93844,34.27278],[132.93872,34.28031],[132.93094,34.2846]]],[[[132.91567,34.30019],[132.90743,34.29472],[132.90729,34.28758],[132.91375,34.28448],[132.91515,34.28019],[132.92511,34.28545],[132.92628,34.29462],[132.91784,34.29053],[132.91414,34.29428],[132.91567,34.30019]]]]}},{"type":"Feature","properties":{"code":"34462","name":"世羅郡世羅町","pref":"広島県","pref_code":"34","cx":133.01967,"cy":34.61114,"bbox":[132.871,34.53742,133.15942,34.68426]},"geometry":{"type":"Polygon","coordinates":[[[133.08613,34.53924],[133.09272,34.53742],[133.10166,34.53931],[133.11036,34.5448],[133.12136,34.54832],[133.12581,34.54716],[133.13323,34.55796],[133.1345,34.56446],[133.13975,34.56569],[133.142,34.5731],[133.14272,34.5783],[133.13457,34.58183],[133.13509,34.58468],[133.14663,34.58855],[133.14595,34.59275],[133.1522,34.59611],[133.1584,34.6052],[133.15522,34.6115],[133.15942,34.61235],[133.15865,34.62867],[133.1565,34.63193],[133.14227,34.63902],[133.1404,34.63694],[133.12392,34.63861],[133.12302,34.64522],[133.11528,34.64759],[133.10467,34.65697],[133.08585,34.66267],[133.07769,34.65714],[133.07286,34.65767],[133.06215,34.65214],[133.06021,34.65898],[133.04847,34.65754],[133.04635,34.66097],[133.03161,34.66975],[133.02071,34.67326],[133.01842,34.67863],[132.99981,34.67763],[132.99638,34.67547],[132.9852,34.67712],[132.98247,34.66911],[132.97666,34.6694],[132.96947,34.66492],[132.97081,34.66091],[132.96689,34.65728],[132.95899,34.65937],[132.95354,34.65497],[132.94507,34.65724],[132.94751,34.66034],[132.94054,34.66412],[132.94335,34.66948],[132.94038,34.67259],[132.9384,34.68239],[132.9343,34.68214],[132.92356,34.67771],[132.89633,34.68426],[132.89073,34.68354],[132.88948,34.67489],[132.88382,34.66753],[132.87825,34.66408],[132.87912,34.64985],[132.87252,34.64655],[132.87209,34.6371],[132.87728,34.63387],[132.871,34.62033],[132.8763,34.61405],[132.88487,34.61079],[132.88125,34.60565],[132.88709,34.598],[132.89363,34.59515],[132.89601,34.5831],[132.90202,34.58108],[132.90272,34.58747],[132.91345,34.59114],[132.92448,34.59041],[132.92326,34.5847],[132.93456,34.58542],[132.94455,34.57859],[132.94835,34.58],[132.95835,34.57661],[132.9612,34.56775],[132.97107,34.57018],[132.97256,34.56654],[132.97912,34.56129],[132.98879,34.55655],[132.99111,34.55188],[132.99709,34.54782],[132.99986,34.55059],[133.01132,34.55391],[133.02004,34.55394],[133.02336,34.55193],[133.0326,34.55665],[133.03317,34.56013],[133.04145,34.56432],[133.04631,34.56139],[133.05679,34.55922],[133.06142,34.5542],[133.07995,34.54994],[133.08223,34.54338],[133.08613,34.53924]]]}},{"type":"Feature","properties":{"code":"34545","name":"神石郡神石高原町","pref":"広島県","pref_code":"34","cx":133.26607,"cy":34.75141,"bbox":[133.13496,34.6365,133.37809,34.86113]},"geometry":{"type":"Polygon","coordinates":[[[133.37059,34.71182],[133.36913,34.72355],[133.36146,34.72713],[133.36087,34.73453],[133.36936,34.74408],[133.36598,34.75455],[133.36718,34.7612],[133.36466,34.76711],[133.36737,34.77433],[133.37238,34.78002],[133.3698,34.78977],[133.37759,34.79708],[133.37809,34.80836],[133.37451,34.81391],[133.36856,34.81488],[133.3679,34.81901],[133.35888,34.81964],[133.35299,34.83064],[133.34223,34.83028],[133.33609,34.83475],[133.33259,34.84074],[133.33542,34.84452],[133.32886,34.85305],[133.32004,34.85277],[133.31419,34.84767],[133.29963,34.84783],[133.28911,34.85377],[133.28429,34.85177],[133.27779,34.85391],[133.27309,34.85134],[133.27731,34.84724],[133.27275,34.83842],[133.27425,34.83532],[133.27013,34.83083],[133.25378,34.82504],[133.25359,34.82215],[133.24593,34.81963],[133.24347,34.81385],[133.23047,34.82438],[133.23539,34.82764],[133.2346,34.83346],[133.22969,34.83654],[133.22494,34.84726],[133.2165,34.85771],[133.21026,34.86113],[133.19882,34.85234],[133.18646,34.85197],[133.17609,34.84887],[133.16677,34.85376],[133.1627,34.8537],[133.15696,34.84529],[133.14894,34.84069],[133.14233,34.83906],[133.14227,34.82935],[133.13496,34.82395],[133.13955,34.81469],[133.14501,34.8099],[133.14134,34.804],[133.13803,34.78644],[133.14832,34.7828],[133.16055,34.77432],[133.16801,34.7661],[133.16454,34.74827],[133.16614,34.74057],[133.16015,34.72876],[133.16594,34.72312],[133.16427,34.72049],[133.17238,34.71401],[133.17773,34.71375],[133.19274,34.70617],[133.20097,34.6945],[133.19315,34.68676],[133.18739,34.68491],[133.1825,34.67754],[133.18295,34.67299],[133.19199,34.67177],[133.18794,34.66214],[133.198,34.659],[133.20602,34.65473],[133.21302,34.64816],[133.22155,34.64601],[133.22525,34.64907],[133.23017,34.6481],[133.23588,34.64153],[133.24041,34.64105],[133.24657,34.64723],[133.2514,34.6464],[133.25485,34.65207],[133.25936,34.64881],[133.26441,34.65804],[133.26502,34.66327],[133.26984,34.666],[133.27602,34.66604],[133.28564,34.66348],[133.29184,34.65695],[133.28955,34.64797],[133.29541,34.64405],[133.29893,34.64663],[133.3046,34.64429],[133.30915,34.63793],[133.31379,34.6365],[133.31846,34.64015],[133.31715,34.64528],[133.31953,34.65258],[133.32878,34.66039],[133.33365,34.66171],[133.33975,34.66937],[133.33634,34.6763],[133.33841,34.67961],[133.34562,34.67822],[133.3464,34.68177],[133.35244,34.68409],[133.35673,34.6897],[133.3679,34.69032],[133.3667,34.70026],[133.36029,34.70823],[133.37059,34.71182]]]}},{"type":"Feature","properties":{"code":"35201","name":"下関市","pref":"山口県","pref_code":"35","cx":130.99326,"cy":34.15103,"bbox":[130.77529,33.91146,131.17247,34.37371]},"geometry":{"type":"MultiPolygon","coordinates":[[[[130.9122,33.95421],[130.90835,33.95047],[130.90572,33.9518],[130.90178,33.94982],[130.901,33.94563],[130.8953,33.94421],[130.88399,33.95274],[130.88023,33.9489],[130.87747,33.94889],[130.87744,33.94449],[130.88827,33.9381],[130.89616,33.93597],[130.89342,33.93241],[130.89516,33.92949],[130.89948,33.92813],[130.8987,33.92336],[130.90211,33.92195],[130.90968,33.92485],[130.90808,33.92079],[130.90099,33.91763],[130.90255,33.91471],[130.91345,33.91146],[130.92345,33.91434],[130.92451,33.91908],[130.92835,33.92636],[130.92376,33.93553],[130.91469,33.93834],[130.91287,33.94272],[130.91683,33.94825],[130.91665,33.95154],[130.9122,33.95421]]],[[[130.86451,33.98091],[130.86138,33.9796],[130.85973,33.9723],[130.86151,33.97038],[130.86617,33.97014],[130.86654,33.97437],[130.86875,33.97787],[130.86451,33.98091]]],[[[130.89787,33.99096],[130.89448,33.99373],[130.88978,33.9882],[130.89589,33.98781],[130.89787,33.99096]]],[[[130.7788,34.11524],[130.77529,34.11335],[130.77591,34.10466],[130.78122,34.10179],[130.78268,34.09751],[130.78952,34.10075],[130.79259,34.09955],[130.79451,34.09366],[130.80013,34.10002],[130.79716,34.10098],[130.79442,34.10571],[130.783,34.10699],[130.78268,34.11283],[130.7788,34.11524]]],[[[130.9013,34.17657],[130.89886,34.17228],[130.90048,34.17019],[130.90504,34.17056],[130.90594,34.17255],[130.9013,34.17657]]],[[[130.98043,34.36347],[130.97488,34.36163],[130.96699,34.35757],[130.96365,34.35836],[130.9583,34.35564],[130.95328,34.35492],[130.9493,34.35259],[130.94023,34.35118],[130.93481,34.35184],[130.93477,34.34791],[130.93153,34.34734],[130.93112,34.34266],[130.92517,34.34233],[130.92612,34.34768],[130.9241,34.34834],[130.91887,34.35351],[130.91728,34.35163],[130.91162,34.3543],[130.90583,34.3624],[130.8998,34.36071],[130.90067,34.35465],[130.89921,34.35092],[130.89439,34.3475],[130.89061,34.34678],[130.88967,34.3443],[130.89168,34.33822],[130.89019,34.33435],[130.89238,34.32983],[130.89233,34.32577],[130.89565,34.32007],[130.89204,34.32021],[130.8914,34.31248],[130.88668,34.31159],[130.88358,34.30585],[130.88584,34.30429],[130.88471,34.29883],[130.88119,34.29498],[130.87381,34.2957],[130.87045,34.29381],[130.86686,34.28783],[130.87422,34.28111],[130.87886,34.27868],[130.88109,34.2759],[130.88955,34.27259],[130.89109,34.26841],[130.89599,34.26629],[130.89943,34.25944],[130.90044,34.25452],[130.90971,34.24845],[130.91198,34.24554],[130.9156,34.2443],[130.92165,34.23945],[130.92293,34.23281],[130.92202,34.22467],[130.91625,34.21512],[130.92005,34.21304],[130.92877,34.21281],[130.93064,34.20972],[130.93214,34.19853],[130.93251,34.19026],[130.93354,34.18908],[130.93126,34.18307],[130.92631,34.18103],[130.92874,34.17684],[130.92565,34.16971],[130.91566,34.15957],[130.91325,34.15805],[130.90917,34.15893],[130.90345,34.15263],[130.89817,34.15303],[130.90025,34.1483],[130.90456,34.14741],[130.90268,34.14058],[130.89524,34.13542],[130.89171,34.13455],[130.88448,34.13667],[130.88593,34.13968],[130.88063,34.14177],[130.87755,34.13617],[130.87434,34.1385],[130.8671,34.13696],[130.86527,34.11444],[130.86084,34.11047],[130.86189,34.10408],[130.86859,34.10217],[130.87283,34.09866],[130.87421,34.09348],[130.87258,34.09061],[130.87885,34.0877],[130.88142,34.08476],[130.87798,34.0808],[130.88178,34.07903],[130.88206,34.07451],[130.88809,34.07206],[130.8871,34.06813],[130.89144,34.06462],[130.89557,34.07073],[130.90528,34.06374],[130.91089,34.06174],[130.91176,34.05627],[130.91486,34.04593],[130.91402,34.04257],[130.90843,34.03439],[130.90364,34.02516],[130.91146,34.02446],[130.91472,34.0231],[130.91632,34.01972],[130.91613,34.01085],[130.91276,34.00283],[130.90975,34.0009],[130.90869,33.9925],[130.9124,33.98368],[130.91556,33.98285],[130.91686,33.97849],[130.91587,33.97462],[130.91293,33.97077],[130.91369,33.96344],[130.91034,33.95912],[130.90906,33.95525],[130.91301,33.95529],[130.92052,33.95096],[130.91552,33.94458],[130.91428,33.94083],[130.91718,33.93829],[130.92837,33.93842],[130.92919,33.94157],[130.92358,33.9426],[130.92462,33.94741],[130.93416,33.9477],[130.93795,33.94916],[130.94299,33.95436],[130.95373,33.96163],[130.95833,33.96659],[130.96645,33.97],[130.97747,33.9769],[130.98151,33.9814],[130.98778,33.98527],[130.9903,33.98521],[130.99502,33.98904],[130.99878,33.99975],[131.0035,33.99911],[131.00627,34.00308],[131.00157,34.00548],[131.00048,34.00886],[131.00442,34.01446],[131.01171,34.00963],[131.02126,34.02012],[131.01844,34.02426],[131.01469,34.02666],[131.01551,34.02953],[131.02136,34.03472],[131.03035,34.03911],[131.03176,34.04283],[131.02841,34.04567],[131.03288,34.0496],[131.03374,34.05329],[131.03685,34.05708],[131.04178,34.05629],[131.04347,34.05288],[131.04786,34.05029],[131.0483,34.04733],[131.04616,34.04396],[131.04761,34.04223],[131.06779,34.03893],[131.0718,34.05664],[131.07768,34.05986],[131.0798,34.0592],[131.08391,34.06373],[131.08184,34.06866],[131.07894,34.06745],[131.07391,34.07033],[131.08127,34.07359],[131.09018,34.07512],[131.09623,34.0711],[131.09755,34.07457],[131.1018,34.07119],[131.10743,34.07437],[131.11183,34.07523],[131.10984,34.08147],[131.10752,34.08346],[131.10699,34.09255],[131.1113,34.09233],[131.11295,34.0962],[131.11004,34.09909],[131.11281,34.10362],[131.11345,34.10768],[131.10872,34.11341],[131.10282,34.1158],[131.10002,34.1184],[131.09784,34.12474],[131.09269,34.12486],[131.08429,34.13096],[131.08328,34.13514],[131.08526,34.14133],[131.08306,34.14297],[131.08565,34.14943],[131.09026,34.15349],[131.08903,34.15981],[131.09009,34.16591],[131.09671,34.16661],[131.09807,34.16352],[131.10239,34.16288],[131.1033,34.1586],[131.11104,34.15717],[131.11751,34.1607],[131.11259,34.17119],[131.1083,34.17384],[131.10802,34.17795],[131.09924,34.18575],[131.0995,34.19006],[131.10318,34.19161],[131.10505,34.19548],[131.10908,34.19796],[131.10944,34.20102],[131.1071,34.20539],[131.11413,34.21017],[131.12164,34.21294],[131.12283,34.2161],[131.12642,34.21939],[131.13183,34.22198],[131.13663,34.22242],[131.13854,34.2251],[131.14474,34.22533],[131.14626,34.23046],[131.15298,34.23309],[131.15713,34.23067],[131.16002,34.23103],[131.16107,34.23554],[131.16074,34.24178],[131.1655,34.24507],[131.16664,34.24976],[131.17215,34.25613],[131.17121,34.26111],[131.17247,34.26407],[131.16582,34.26207],[131.16151,34.26297],[131.15908,34.26871],[131.15484,34.27114],[131.15132,34.26962],[131.14459,34.26976],[131.14242,34.27184],[131.13443,34.2701],[131.12913,34.26716],[131.12486,34.26709],[131.12241,34.26529],[131.11705,34.26577],[131.11312,34.26385],[131.10802,34.2653],[131.10467,34.26481],[131.1023,34.26192],[131.09771,34.26304],[131.09405,34.26662],[131.08712,34.26737],[131.08422,34.27356],[131.08561,34.27854],[131.08358,34.28416],[131.07731,34.28918],[131.07438,34.29327],[131.06739,34.29189],[131.0584,34.3003],[131.05849,34.30363],[131.0498,34.30616],[131.04298,34.31091],[131.04048,34.31011],[131.03552,34.31156],[131.03504,34.31671],[131.03265,34.32177],[131.02035,34.32542],[131.01986,34.33126],[131.01486,34.33581],[131.01352,34.34011],[131.01046,34.34243],[131.0028,34.34551],[131.00104,34.3526],[130.99745,34.3525],[130.99064,34.35827],[130.98167,34.36184],[130.98043,34.36347]]],[[[130.97418,34.36383],[130.96696,34.36309],[130.96478,34.35934],[130.97255,34.36113],[130.97418,34.36383]]],[[[130.86733,34.37371],[130.86793,34.36998],[130.8704,34.36604],[130.86577,34.3594],[130.85989,34.35738],[130.85683,34.35461],[130.84423,34.35367],[130.84026,34.35519],[130.8382,34.35105],[130.84054,34.34526],[130.84762,34.34135],[130.85216,34.3447],[130.8575,34.35254],[130.86108,34.35346],[130.86578,34.35204],[130.87232,34.35548],[130.87761,34.35346],[130.87958,34.3567],[130.88051,34.36363],[130.87685,34.36781],[130.87111,34.36881],[130.87107,34.37184],[130.86733,34.37371]]]]}},{"type":"Feature","properties":{"code":"35202","name":"宇部市","pref":"山口県","pref_code":"35","cx":131.25662,"cy":34.04135,"bbox":[131.18353,33.91897,131.37931,34.1667]},"geometry":{"type":"Polygon","coordinates":[[[131.36959,34.13771],[131.3666,34.13715],[131.36272,34.14053],[131.35948,34.13823],[131.35691,34.13994],[131.35262,34.13972],[131.34751,34.13724],[131.34182,34.13977],[131.34025,34.14431],[131.33381,34.14683],[131.32909,34.15042],[131.32207,34.15196],[131.32172,34.15589],[131.32524,34.16073],[131.31821,34.16617],[131.31641,34.16341],[131.31077,34.16115],[131.30604,34.16305],[131.30355,34.16559],[131.29837,34.16498],[131.29373,34.1667],[131.28938,34.16306],[131.28494,34.16118],[131.2819,34.15517],[131.27742,34.15014],[131.27804,34.14557],[131.2737,34.14127],[131.26807,34.14157],[131.2629,34.14003],[131.25602,34.14484],[131.24759,34.14209],[131.24688,34.13998],[131.24144,34.14119],[131.2376,34.13665],[131.23688,34.13045],[131.23769,34.1272],[131.23408,34.12661],[131.23062,34.12331],[131.22277,34.12248],[131.22004,34.11964],[131.21482,34.12005],[131.21411,34.11664],[131.21027,34.11327],[131.21414,34.11272],[131.21793,34.10866],[131.2149,34.09934],[131.21661,34.09383],[131.21088,34.08255],[131.21269,34.07874],[131.2162,34.07568],[131.21519,34.07389],[131.20578,34.07089],[131.20477,34.06703],[131.20154,34.06758],[131.1964,34.06529],[131.19565,34.06288],[131.19161,34.06134],[131.18979,34.05736],[131.18353,34.05226],[131.18701,34.05022],[131.1914,34.04392],[131.19557,34.04286],[131.19915,34.03741],[131.20679,34.03899],[131.21111,34.0345],[131.21362,34.03614],[131.21938,34.0312],[131.2239,34.03028],[131.22687,34.02781],[131.22264,34.0261],[131.22218,34.01913],[131.21913,34.01777],[131.21719,34.01323],[131.21033,34.01017],[131.20753,34.01092],[131.20394,34.00765],[131.20085,34.00181],[131.19199,33.99673],[131.19208,33.99231],[131.18606,33.98887],[131.18907,33.97827],[131.18675,33.9764],[131.18857,33.97229],[131.18859,33.96594],[131.18718,33.96154],[131.19297,33.9579],[131.19931,33.94286],[131.21049,33.94453],[131.20968,33.94823],[131.21172,33.9583],[131.21906,33.95757],[131.2177,33.94982],[131.22402,33.9491],[131.22522,33.95582],[131.22385,33.95719],[131.22754,33.96263],[131.22504,33.9485],[131.22719,33.94477],[131.21666,33.93992],[131.21533,33.93672],[131.22252,33.9338],[131.23119,33.93782],[131.23478,33.94338],[131.23424,33.94752],[131.23901,33.95143],[131.24426,33.94436],[131.24317,33.93861],[131.23402,33.93644],[131.23491,33.93417],[131.23026,33.93036],[131.23255,33.92708],[131.24987,33.93599],[131.25178,33.93403],[131.24665,33.93138],[131.25063,33.92359],[131.24858,33.92069],[131.24353,33.92336],[131.24207,33.91977],[131.24491,33.91897],[131.24868,33.92058],[131.25345,33.92513],[131.26215,33.92569],[131.26654,33.92289],[131.29263,33.93434],[131.29004,33.93725],[131.29536,33.94175],[131.3001,33.94072],[131.30424,33.94772],[131.30649,33.94947],[131.3129,33.9506],[131.31717,33.95475],[131.32101,33.95482],[131.32773,33.95209],[131.33341,33.95339],[131.33696,33.95546],[131.33875,33.95853],[131.34209,33.95991],[131.34429,33.96325],[131.3487,33.96624],[131.35228,33.96518],[131.35576,33.96645],[131.35099,33.97166],[131.35109,33.97728],[131.34805,33.98168],[131.35295,33.98709],[131.35877,33.98773],[131.36308,33.99702],[131.35716,33.99723],[131.34792,34.00137],[131.34015,34.00086],[131.33361,33.99766],[131.3302,33.99769],[131.32499,33.99995],[131.31978,33.99613],[131.31472,33.99668],[131.31348,33.99441],[131.30101,33.99665],[131.29663,33.99607],[131.29567,33.99884],[131.29202,34.00108],[131.29553,34.00769],[131.29468,34.01011],[131.30488,34.01497],[131.30597,34.01737],[131.30146,34.01875],[131.30236,34.02406],[131.30734,34.02546],[131.30666,34.03185],[131.31077,34.03308],[131.31688,34.03983],[131.31638,34.0436],[131.31857,34.04677],[131.32357,34.04583],[131.32954,34.04821],[131.33596,34.05451],[131.33865,34.0627],[131.33924,34.06746],[131.34391,34.07069],[131.34697,34.07031],[131.34976,34.0771],[131.34581,34.08073],[131.3459,34.08292],[131.35336,34.08755],[131.35223,34.09116],[131.35187,34.09868],[131.34757,34.10119],[131.34513,34.1073],[131.35228,34.10949],[131.36048,34.10514],[131.36374,34.10777],[131.36998,34.10775],[131.36828,34.11209],[131.3732,34.11274],[131.37587,34.11489],[131.3767,34.11869],[131.37931,34.12116],[131.37809,34.12486],[131.37536,34.12608],[131.3763,34.1319],[131.36959,34.13771]]]}},{"type":"Feature","properties":{"code":"35203","name":"山口市","pref":"山口県","pref_code":"35","cx":131.62189,"cy":34.24414,"bbox":[131.29202,33.98289,131.79494,34.50451]},"geometry":{"type":"Polygon","coordinates":[[[131.40962,34.21103],[131.40509,34.20885],[131.40502,34.20306],[131.40118,34.20035],[131.40548,34.19712],[131.40121,34.19382],[131.39825,34.18891],[131.39747,34.18228],[131.39056,34.17909],[131.39049,34.17495],[131.37872,34.16648],[131.3799,34.16237],[131.37882,34.15729],[131.37585,34.15403],[131.36996,34.15279],[131.37487,34.14928],[131.37742,34.14469],[131.37396,34.14331],[131.36959,34.13771],[131.3763,34.1319],[131.37536,34.12608],[131.37809,34.12486],[131.37931,34.12116],[131.3767,34.11869],[131.37587,34.11489],[131.3732,34.11274],[131.36828,34.11209],[131.36998,34.10775],[131.36374,34.10777],[131.36048,34.10514],[131.35228,34.10949],[131.34513,34.1073],[131.34757,34.10119],[131.35187,34.09868],[131.35223,34.09116],[131.35336,34.08755],[131.3459,34.08292],[131.34581,34.08073],[131.34976,34.0771],[131.34697,34.07031],[131.34391,34.07069],[131.33924,34.06746],[131.33865,34.0627],[131.33596,34.05451],[131.32954,34.04821],[131.32357,34.04583],[131.31857,34.04677],[131.31638,34.0436],[131.31688,34.03983],[131.31077,34.03308],[131.30666,34.03185],[131.30734,34.02546],[131.30236,34.02406],[131.30146,34.01875],[131.30597,34.01737],[131.30488,34.01497],[131.29468,34.01011],[131.29553,34.00769],[131.29202,34.00108],[131.29567,33.99884],[131.29663,33.99607],[131.30101,33.99665],[131.31348,33.99441],[131.31472,33.99668],[131.31978,33.99613],[131.32499,33.99995],[131.3302,33.99769],[131.33361,33.99766],[131.34015,34.00086],[131.34792,34.00137],[131.35716,33.99723],[131.36308,33.99702],[131.37069,34.0002],[131.37817,34.00833],[131.38339,34.02189],[131.37236,34.02571],[131.3718,34.0285],[131.38098,34.03148],[131.38651,34.03203],[131.38407,34.03668],[131.38627,34.04676],[131.38464,34.05],[131.39438,34.0509],[131.39871,34.04929],[131.39722,34.04493],[131.39872,34.04287],[131.39458,34.03533],[131.39436,34.02619],[131.39723,34.02457],[131.4023,34.02597],[131.415,34.02143],[131.41237,34.02033],[131.40674,34.01386],[131.40137,33.99828],[131.3948,33.99595],[131.39667,33.99416],[131.4009,33.99428],[131.40576,33.9973],[131.40924,34.0052],[131.41227,34.00828],[131.41862,34.01108],[131.41912,34.01542],[131.42727,34.01435],[131.43179,34.00668],[131.42794,33.9966],[131.42376,33.99131],[131.42715,33.98853],[131.42919,33.99075],[131.43601,33.98792],[131.43646,33.98337],[131.44166,33.98289],[131.44205,33.99157],[131.44949,33.99542],[131.45462,33.9946],[131.45505,33.98834],[131.46115,33.988],[131.4636,33.99335],[131.46079,33.99729],[131.45456,34.00234],[131.45695,34.00524],[131.46222,34.00368],[131.47142,34.00967],[131.47949,34.01333],[131.47836,34.01742],[131.47227,34.01998],[131.46984,34.01866],[131.46644,34.02866],[131.46688,34.03312],[131.47203,34.03695],[131.4757,34.03755],[131.47118,34.04048],[131.47003,34.04411],[131.46404,34.04588],[131.4609,34.04447],[131.45718,34.0502],[131.45761,34.05369],[131.45543,34.05676],[131.45524,34.06196],[131.46189,34.06573],[131.46639,34.07043],[131.48069,34.07496],[131.48641,34.08809],[131.49067,34.09033],[131.49075,34.09383],[131.49582,34.09591],[131.5001,34.09902],[131.50815,34.09887],[131.51421,34.09246],[131.51887,34.08621],[131.52357,34.08718],[131.52439,34.08934],[131.53205,34.08989],[131.53278,34.09321],[131.5485,34.09573],[131.55133,34.09705],[131.55359,34.10387],[131.55846,34.10691],[131.55733,34.11419],[131.56003,34.11842],[131.56412,34.12231],[131.5699,34.12032],[131.57476,34.12186],[131.57317,34.12537],[131.57321,34.13512],[131.57901,34.136],[131.58114,34.14044],[131.58419,34.14284],[131.58078,34.15026],[131.58231,34.15187],[131.59101,34.15033],[131.59888,34.14651],[131.60748,34.14742],[131.61288,34.14333],[131.61897,34.14315],[131.61915,34.13862],[131.6235,34.13998],[131.62686,34.14265],[131.62824,34.14952],[131.63331,34.1497],[131.63096,34.1551],[131.63581,34.15975],[131.65588,34.15773],[131.66036,34.15193],[131.65865,34.14991],[131.65744,34.14242],[131.65356,34.1368],[131.66058,34.13669],[131.66661,34.13421],[131.67439,34.13509],[131.68112,34.13214],[131.68612,34.1326],[131.69255,34.14213],[131.69851,34.14195],[131.70697,34.1357],[131.70777,34.13308],[131.7134,34.13291],[131.71489,34.1364],[131.71989,34.13653],[131.72541,34.14115],[131.72594,34.14994],[131.72274,34.15832],[131.72377,34.16168],[131.7278,34.16407],[131.73665,34.16676],[131.73948,34.17235],[131.73801,34.17601],[131.73307,34.17607],[131.73212,34.18155],[131.73559,34.1861],[131.73435,34.1895],[131.73833,34.19131],[131.74592,34.19068],[131.75358,34.18872],[131.75892,34.18969],[131.76401,34.1947],[131.75983,34.20384],[131.75778,34.20418],[131.75588,34.20892],[131.75125,34.21333],[131.7511,34.22452],[131.74721,34.22822],[131.74724,34.23361],[131.74141,34.24481],[131.73919,34.24779],[131.74123,34.25572],[131.74559,34.26064],[131.74994,34.26075],[131.75337,34.26298],[131.75521,34.26707],[131.75422,34.2713],[131.75763,34.27479],[131.75286,34.28186],[131.74369,34.28924],[131.74205,34.29293],[131.74425,34.29694],[131.75007,34.30111],[131.74945,34.30573],[131.74529,34.31022],[131.74383,34.31402],[131.74607,34.3181],[131.74561,34.32808],[131.75667,34.33144],[131.75429,34.33624],[131.75667,34.34035],[131.75597,34.3462],[131.76061,34.35038],[131.77095,34.35619],[131.76616,34.36487],[131.76743,34.3672],[131.76593,34.37173],[131.76722,34.37486],[131.7636,34.37711],[131.76346,34.38094],[131.76948,34.38663],[131.77268,34.38728],[131.77471,34.39479],[131.77878,34.39858],[131.78478,34.39986],[131.78544,34.40568],[131.78783,34.40812],[131.78692,34.41239],[131.79322,34.42234],[131.79494,34.43289],[131.79066,34.43591],[131.78658,34.43445],[131.78004,34.4357],[131.77286,34.43502],[131.77078,34.43709],[131.76139,34.43367],[131.75195,34.43901],[131.74545,34.43528],[131.74122,34.42911],[131.73783,34.4286],[131.72961,34.4327],[131.72112,34.42868],[131.71734,34.43001],[131.71287,34.42849],[131.71007,34.4318],[131.70199,34.43601],[131.69743,34.43531],[131.6939,34.44357],[131.69717,34.44616],[131.6991,34.45146],[131.69554,34.45461],[131.69647,34.45805],[131.69391,34.46572],[131.69888,34.47012],[131.70001,34.47471],[131.6961,34.48086],[131.69342,34.48158],[131.68876,34.47918],[131.68345,34.47849],[131.68067,34.48538],[131.68237,34.48807],[131.68213,34.49284],[131.67983,34.49327],[131.67551,34.50096],[131.66797,34.5041],[131.66553,34.50237],[131.65751,34.50451],[131.65377,34.50003],[131.64628,34.499],[131.65063,34.49057],[131.64594,34.48694],[131.64956,34.48187],[131.65288,34.47952],[131.64936,34.4764],[131.64996,34.46987],[131.64624,34.46628],[131.63915,34.46522],[131.63807,34.46253],[131.64049,34.45976],[131.63441,34.45525],[131.63472,34.44679],[131.63364,34.44435],[131.62753,34.44345],[131.6263,34.43831],[131.6237,34.43736],[131.62072,34.43188],[131.61728,34.4321],[131.61326,34.42502],[131.6091,34.42127],[131.60594,34.41611],[131.60668,34.40983],[131.60203,34.40767],[131.59201,34.41026],[131.58706,34.40725],[131.57638,34.40781],[131.56933,34.41338],[131.5654,34.41167],[131.56252,34.41242],[131.55137,34.40849],[131.54658,34.4099],[131.54283,34.40905],[131.5422,34.41357],[131.53735,34.4096],[131.53834,34.40039],[131.54032,34.39705],[131.54649,34.39415],[131.54676,34.38742],[131.54154,34.38567],[131.53328,34.37769],[131.53404,34.36902],[131.53899,34.36547],[131.55059,34.36161],[131.55346,34.36184],[131.56035,34.34634],[131.56124,34.34111],[131.55811,34.33561],[131.56103,34.33091],[131.56601,34.32907],[131.5665,34.32601],[131.56011,34.31758],[131.55789,34.30806],[131.55235,34.30608],[131.55266,34.30331],[131.54943,34.29898],[131.54437,34.30121],[131.54076,34.30463],[131.53801,34.30055],[131.53298,34.29923],[131.53361,34.29544],[131.52636,34.29151],[131.5215,34.28781],[131.52642,34.28178],[131.52376,34.2793],[131.51975,34.27977],[131.51387,34.27782],[131.51627,34.27359],[131.51066,34.26903],[131.51062,34.26623],[131.50398,34.25849],[131.50694,34.25465],[131.50699,34.25104],[131.50047,34.24792],[131.50239,34.24329],[131.49918,34.24041],[131.4929,34.24169],[131.48838,34.24018],[131.48579,34.24348],[131.48151,34.24482],[131.47524,34.24158],[131.4638,34.23793],[131.46132,34.23118],[131.45598,34.23149],[131.44953,34.22417],[131.44643,34.22227],[131.4329,34.22228],[131.43083,34.21921],[131.42707,34.21763],[131.42404,34.21941],[131.42106,34.21758],[131.41559,34.21046],[131.40962,34.21103]]]}},{"type":"Feature","properties":{"code":"35204","name":"萩市","pref":"山口県","pref_code":"35","cx":131.52366,"cy":34.4439,"bbox":[131.12812,34.21046,131.72734,34.79865]},"geometry":{"type":"MultiPolygon","coordinates":[[[[131.37589,34.46674],[131.37383,34.46446],[131.37691,34.46175],[131.38023,34.46398],[131.37589,34.46674]]],[[[131.38067,34.48785],[131.37719,34.48611],[131.37576,34.48217],[131.37945,34.48207],[131.38203,34.48517],[131.38067,34.48785]]],[[[131.31899,34.43286],[131.31705,34.42786],[131.32226,34.42768],[131.31899,34.43286]]],[[[131.34369,34.50367],[131.33948,34.50211],[131.34106,34.49809],[131.34503,34.4985],[131.34629,34.5021],[131.34369,34.50367]]],[[[131.41248,34.51303],[131.40837,34.51232],[131.40321,34.50645],[131.40126,34.49862],[131.40162,34.49529],[131.40757,34.48928],[131.41323,34.4927],[131.41534,34.49115],[131.41894,34.49414],[131.41787,34.50038],[131.41505,34.50735],[131.41671,34.51063],[131.41248,34.51303]]],[[[131.27762,34.51799],[131.2719,34.50843],[131.2716,34.5049],[131.2776,34.49707],[131.28041,34.50209],[131.29175,34.50504],[131.29393,34.51132],[131.28605,34.51279],[131.27799,34.51606],[131.27762,34.51799]]],[[[131.38945,34.52371],[131.38414,34.52098],[131.38406,34.51583],[131.38654,34.51244],[131.39009,34.51332],[131.39227,34.52217],[131.38945,34.52371]]],[[[131.342,34.31848],[131.33613,34.30939],[131.3438,34.3059],[131.34811,34.30195],[131.35354,34.30417],[131.35653,34.30261],[131.36144,34.30685],[131.36624,34.30717],[131.36802,34.31039],[131.37219,34.3094],[131.37378,34.3041],[131.3768,34.2998],[131.37988,34.29823],[131.38153,34.29297],[131.38034,34.28707],[131.38129,34.28046],[131.38605,34.27816],[131.38928,34.26905],[131.39422,34.26585],[131.40158,34.26858],[131.40242,34.26332],[131.40528,34.25837],[131.40005,34.25194],[131.40244,34.24655],[131.40358,34.24085],[131.39978,34.23537],[131.40067,34.22511],[131.39717,34.2176],[131.40806,34.21255],[131.40962,34.21103],[131.41559,34.21046],[131.42106,34.21758],[131.42404,34.21941],[131.42707,34.21763],[131.43083,34.21921],[131.4329,34.22228],[131.44643,34.22227],[131.44953,34.22417],[131.45598,34.23149],[131.46132,34.23118],[131.4638,34.23793],[131.47524,34.24158],[131.48151,34.24482],[131.48579,34.24348],[131.48838,34.24018],[131.4929,34.24169],[131.49918,34.24041],[131.50239,34.24329],[131.50047,34.24792],[131.50699,34.25104],[131.50694,34.25465],[131.50398,34.25849],[131.51062,34.26623],[131.51066,34.26903],[131.51627,34.27359],[131.51387,34.27782],[131.51975,34.27977],[131.52376,34.2793],[131.52642,34.28178],[131.5215,34.28781],[131.52636,34.29151],[131.53361,34.29544],[131.53298,34.29923],[131.53801,34.30055],[131.54076,34.30463],[131.54437,34.30121],[131.54943,34.29898],[131.55266,34.30331],[131.55235,34.30608],[131.55789,34.30806],[131.56011,34.31758],[131.5665,34.32601],[131.56601,34.32907],[131.56103,34.33091],[131.55811,34.33561],[131.56124,34.34111],[131.56035,34.34634],[131.55346,34.36184],[131.55059,34.36161],[131.53899,34.36547],[131.53404,34.36902],[131.53328,34.37769],[131.54154,34.38567],[131.54676,34.38742],[131.54649,34.39415],[131.54032,34.39705],[131.53834,34.40039],[131.53735,34.4096],[131.5422,34.41357],[131.54283,34.40905],[131.54658,34.4099],[131.55137,34.40849],[131.56252,34.41242],[131.5654,34.41167],[131.56933,34.41338],[131.57638,34.40781],[131.58706,34.40725],[131.59201,34.41026],[131.60203,34.40767],[131.60668,34.40983],[131.60594,34.41611],[131.6091,34.42127],[131.61326,34.42502],[131.61728,34.4321],[131.62072,34.43188],[131.6237,34.43736],[131.6263,34.43831],[131.62753,34.44345],[131.63364,34.44435],[131.63472,34.44679],[131.63441,34.45525],[131.64049,34.45976],[131.63807,34.46253],[131.63915,34.46522],[131.64624,34.46628],[131.64996,34.46987],[131.64936,34.4764],[131.65288,34.47952],[131.64956,34.48187],[131.64594,34.48694],[131.65063,34.49057],[131.64628,34.499],[131.65377,34.50003],[131.65751,34.50451],[131.66553,34.50237],[131.66797,34.5041],[131.66927,34.51065],[131.67258,34.51065],[131.67848,34.51684],[131.68772,34.52129],[131.6953,34.52379],[131.70141,34.53061],[131.70674,34.53308],[131.70121,34.53873],[131.70511,34.54205],[131.70314,34.55047],[131.70092,34.55101],[131.70539,34.55961],[131.70602,34.56339],[131.7132,34.56281],[131.71414,34.56583],[131.72,34.57239],[131.72442,34.57199],[131.72734,34.57615],[131.72517,34.5805],[131.72084,34.58202],[131.72047,34.58937],[131.71899,34.59682],[131.71984,34.60068],[131.71692,34.60599],[131.71841,34.6134],[131.70665,34.6129],[131.69993,34.61623],[131.69482,34.62068],[131.69615,34.62286],[131.69423,34.62773],[131.69827,34.63178],[131.69707,34.64189],[131.69886,34.64886],[131.69511,34.64862],[131.6965,34.6528],[131.69524,34.65597],[131.68876,34.65681],[131.68988,34.66309],[131.68444,34.66716],[131.68884,34.67335],[131.6892,34.6776],[131.6857,34.67778],[131.68471,34.67479],[131.67946,34.67506],[131.6729,34.67329],[131.67287,34.67654],[131.66775,34.67561],[131.66818,34.67156],[131.67086,34.66771],[131.67156,34.66411],[131.67025,34.65969],[131.66607,34.66009],[131.66493,34.65655],[131.66126,34.65472],[131.65856,34.65633],[131.65439,34.65349],[131.64866,34.65339],[131.64428,34.64923],[131.6496,34.64713],[131.64764,34.64249],[131.63826,34.64682],[131.64334,34.65622],[131.63964,34.66155],[131.63461,34.66447],[131.63073,34.66317],[131.62897,34.66536],[131.6229,34.66481],[131.62069,34.66341],[131.61226,34.66608],[131.6104,34.66366],[131.60199,34.66027],[131.59715,34.65276],[131.59778,34.64975],[131.59579,34.64623],[131.59166,34.64587],[131.59087,34.64261],[131.59374,34.64125],[131.59419,34.638],[131.59249,34.6346],[131.58981,34.63405],[131.59115,34.62913],[131.59512,34.6312],[131.6012,34.63116],[131.60249,34.62779],[131.60036,34.62557],[131.60304,34.623],[131.5982,34.62159],[131.5953,34.62261],[131.591,34.62152],[131.58925,34.61915],[131.58532,34.62073],[131.58779,34.62354],[131.57947,34.62559],[131.58003,34.62028],[131.57218,34.62227],[131.56902,34.6219],[131.5615,34.61844],[131.55809,34.61417],[131.55483,34.60749],[131.55778,34.60322],[131.56414,34.6066],[131.57383,34.60379],[131.58162,34.60273],[131.58481,34.59227],[131.58827,34.59003],[131.59201,34.59054],[131.59754,34.58755],[131.60064,34.58289],[131.59849,34.57482],[131.59524,34.5726],[131.59579,34.56707],[131.59128,34.56313],[131.59075,34.55707],[131.59571,34.55707],[131.60056,34.55065],[131.60464,34.54964],[131.60671,34.54681],[131.61427,34.54699],[131.61316,34.54444],[131.61473,34.53982],[131.61994,34.53663],[131.61781,34.53388],[131.61934,34.53103],[131.62314,34.53096],[131.62579,34.52878],[131.63384,34.53182],[131.63613,34.52579],[131.64238,34.52203],[131.64355,34.51658],[131.64783,34.51366],[131.63839,34.50999],[131.63738,34.50826],[131.63185,34.50696],[131.62832,34.50308],[131.62243,34.5026],[131.62085,34.49967],[131.61423,34.4963],[131.61265,34.49891],[131.6085,34.50011],[131.60263,34.49805],[131.59829,34.49401],[131.59492,34.48612],[131.58903,34.48459],[131.58417,34.48191],[131.58031,34.48213],[131.57417,34.48042],[131.56661,34.48107],[131.56324,34.48507],[131.5618,34.48963],[131.55804,34.49103],[131.55502,34.49649],[131.55008,34.49675],[131.55019,34.50193],[131.54563,34.50668],[131.5468,34.51412],[131.54298,34.51683],[131.53864,34.51605],[131.53486,34.51022],[131.52967,34.50495],[131.5279,34.50625],[131.52297,34.50536],[131.51693,34.50177],[131.5109,34.49663],[131.51444,34.49117],[131.51294,34.48906],[131.50608,34.4893],[131.50317,34.48649],[131.50254,34.48307],[131.49374,34.48424],[131.48981,34.48839],[131.48262,34.48816],[131.47769,34.49228],[131.46942,34.48788],[131.46765,34.48551],[131.46188,34.48585],[131.45528,34.48063],[131.45339,34.48019],[131.44773,34.48494],[131.44063,34.48316],[131.44625,34.4765],[131.44168,34.47124],[131.43737,34.47057],[131.43479,34.466],[131.42863,34.4609],[131.42424,34.4539],[131.41757,34.45221],[131.41503,34.44876],[131.4071,34.45261],[131.4046,34.45708],[131.40108,34.45956],[131.39743,34.45881],[131.39439,34.4535],[131.39627,34.44844],[131.40376,34.44494],[131.40896,34.4475],[131.41425,34.44626],[131.42159,34.43929],[131.41429,34.43406],[131.40928,34.433],[131.41187,34.42993],[131.41206,34.4265],[131.40351,34.42875],[131.40078,34.42803],[131.39919,34.4229],[131.39665,34.42005],[131.39135,34.41728],[131.38701,34.41671],[131.38417,34.42224],[131.37912,34.42205],[131.37886,34.4181],[131.376,34.41539],[131.36866,34.41435],[131.36164,34.4111],[131.35262,34.41119],[131.34841,34.41712],[131.34395,34.41522],[131.33681,34.41629],[131.33172,34.41311],[131.32782,34.40596],[131.32921,34.40075],[131.32822,34.39676],[131.32523,34.39265],[131.32067,34.39056],[131.31712,34.39116],[131.31191,34.38677],[131.30733,34.38722],[131.30727,34.38378],[131.3047,34.38241],[131.29874,34.38245],[131.29674,34.38385],[131.29314,34.3803],[131.29539,34.37212],[131.29417,34.3687],[131.2969,34.36513],[131.30367,34.36226],[131.30569,34.36489],[131.31452,34.36759],[131.31657,34.36991],[131.32815,34.36007],[131.34123,34.35961],[131.3473,34.35401],[131.34549,34.34317],[131.34368,34.34121],[131.34583,34.32977],[131.34326,34.32611],[131.342,34.31848]]],[[[131.1307,34.79865],[131.12859,34.79444],[131.12812,34.78633],[131.13022,34.7829],[131.13009,34.77427],[131.13086,34.76913],[131.13558,34.76316],[131.13762,34.75813],[131.14845,34.75831],[131.15389,34.76341],[131.16091,34.76365],[131.16238,34.77195],[131.16095,34.77607],[131.15811,34.77501],[131.14676,34.77972],[131.1461,34.78826],[131.14187,34.78836],[131.13453,34.79304],[131.1307,34.79865]]]]}},{"type":"Feature","properties":{"code":"35206","name":"防府市","pref":"山口県","pref_code":"35","cx":131.55891,"cy":34.07989,"bbox":[131.45524,33.93566,131.70028,34.15975]},"geometry":{"type":"MultiPolygon","coordinates":[[[[131.69687,33.94984],[131.69447,33.94307],[131.69149,33.94462],[131.68971,33.94095],[131.69324,33.93895],[131.69547,33.93566],[131.70028,33.93855],[131.69701,33.94699],[131.69687,33.94984]]],[[[131.58618,34.02352],[131.58324,34.02113],[131.56888,34.01342],[131.56634,34.00837],[131.56818,34.00361],[131.56364,33.99914],[131.55867,33.9983],[131.55566,33.99515],[131.55581,33.99027],[131.55967,33.99111],[131.56161,33.99401],[131.56503,33.99337],[131.56616,33.98696],[131.57707,33.99195],[131.5812,33.99264],[131.58377,33.99547],[131.59158,33.99937],[131.59109,34.00154],[131.59508,34.007],[131.5957,34.01121],[131.60136,34.01449],[131.59615,34.01811],[131.59225,34.01894],[131.58618,34.02352]]],[[[131.4757,34.03755],[131.48418,34.02819],[131.48756,34.03066],[131.49231,34.02658],[131.50187,34.02343],[131.50343,34.02528],[131.50874,34.02293],[131.51343,34.01802],[131.51556,34.01416],[131.51179,34.01272],[131.50962,34.00975],[131.50956,34.00359],[131.51368,34.00486],[131.51686,34.00319],[131.52182,34.00777],[131.52606,34.00509],[131.52676,33.99936],[131.53435,33.99932],[131.5402,33.99759],[131.5449,33.99869],[131.55372,34.00445],[131.56177,34.00703],[131.56272,34.01267],[131.57535,34.01776],[131.58543,34.02544],[131.58785,34.03206],[131.58974,34.03253],[131.59942,34.03861],[131.60415,34.03717],[131.60187,34.0338],[131.60216,34.0277],[131.60801,34.02367],[131.61138,34.02352],[131.61801,34.02812],[131.62331,34.03969],[131.62969,34.04268],[131.63479,34.04679],[131.64353,34.04676],[131.64736,34.04204],[131.64617,34.03895],[131.65204,34.0391],[131.66153,34.04116],[131.6689,34.04509],[131.67359,34.044],[131.6687,34.05208],[131.66025,34.05321],[131.66426,34.0577],[131.66205,34.0614],[131.66165,34.06689],[131.66269,34.07236],[131.65518,34.07515],[131.65088,34.07413],[131.64604,34.0756],[131.64432,34.07422],[131.64004,34.07785],[131.63578,34.07733],[131.63434,34.08193],[131.63465,34.08709],[131.638,34.08904],[131.64239,34.08943],[131.64305,34.09476],[131.63935,34.10203],[131.63884,34.1054],[131.64341,34.10684],[131.6464,34.11382],[131.64253,34.12156],[131.64548,34.13425],[131.65356,34.1368],[131.65744,34.14242],[131.65865,34.14991],[131.66036,34.15193],[131.65588,34.15773],[131.63581,34.15975],[131.63096,34.1551],[131.63331,34.1497],[131.62824,34.14952],[131.62686,34.14265],[131.6235,34.13998],[131.61915,34.13862],[131.61897,34.14315],[131.61288,34.14333],[131.60748,34.14742],[131.59888,34.14651],[131.59101,34.15033],[131.58231,34.15187],[131.58078,34.15026],[131.58419,34.14284],[131.58114,34.14044],[131.57901,34.136],[131.57321,34.13512],[131.57317,34.12537],[131.57476,34.12186],[131.5699,34.12032],[131.56412,34.12231],[131.56003,34.11842],[131.55733,34.11419],[131.55846,34.10691],[131.55359,34.10387],[131.55133,34.09705],[131.5485,34.09573],[131.53278,34.09321],[131.53205,34.08989],[131.52439,34.08934],[131.52357,34.08718],[131.51887,34.08621],[131.51421,34.09246],[131.50815,34.09887],[131.5001,34.09902],[131.49582,34.09591],[131.49075,34.09383],[131.49067,34.09033],[131.48641,34.08809],[131.48069,34.07496],[131.46639,34.07043],[131.46189,34.06573],[131.45524,34.06196],[131.45543,34.05676],[131.45761,34.05369],[131.45718,34.0502],[131.4609,34.04447],[131.46404,34.04588],[131.47003,34.04411],[131.47118,34.04048],[131.4757,34.03755]]]]}},{"type":"Feature","properties":{"code":"35207","name":"下松市","pref":"山口県","pref_code":"35","cx":131.89792,"cy":34.04566,"bbox":[131.80533,33.93106,131.93619,34.1132]},"geometry":{"type":"MultiPolygon","coordinates":[[[[131.85809,33.99005],[131.85737,33.98245],[131.85524,33.97627],[131.84563,33.96766],[131.84901,33.96751],[131.85055,33.96213],[131.8483,33.95824],[131.85054,33.95531],[131.84744,33.95151],[131.84304,33.95277],[131.84321,33.95532],[131.83934,33.95665],[131.83666,33.95476],[131.83335,33.95605],[131.83165,33.95069],[131.82414,33.94506],[131.82068,33.94478],[131.82115,33.94957],[131.8119,33.95472],[131.80766,33.95197],[131.80558,33.94645],[131.80533,33.942],[131.81476,33.93643],[131.81868,33.93587],[131.82025,33.93207],[131.82649,33.93106],[131.83021,33.93337],[131.83583,33.93377],[131.83719,33.93712],[131.84634,33.9457],[131.85511,33.94845],[131.85654,33.95235],[131.85974,33.95519],[131.86074,33.95964],[131.85821,33.96367],[131.86313,33.96783],[131.86925,33.96939],[131.87222,33.96783],[131.87344,33.97438],[131.86882,33.98092],[131.86298,33.98006],[131.85974,33.98304],[131.85809,33.99005]]],[[[131.93445,34.00871],[131.93474,34.0197],[131.93246,34.02587],[131.92765,34.02986],[131.93147,34.03796],[131.93287,34.04651],[131.92826,34.05423],[131.93461,34.05707],[131.93619,34.05957],[131.93573,34.06349],[131.92648,34.06448],[131.92806,34.0697],[131.92575,34.07258],[131.92172,34.07419],[131.91342,34.08187],[131.91949,34.0866],[131.91137,34.08904],[131.90913,34.0909],[131.90559,34.08786],[131.90333,34.09036],[131.89659,34.08919],[131.8901,34.09016],[131.88779,34.09761],[131.89291,34.09926],[131.89297,34.10546],[131.89562,34.10733],[131.89779,34.11241],[131.89194,34.11281],[131.88778,34.1111],[131.88222,34.1132],[131.87958,34.11207],[131.87809,34.1078],[131.87254,34.10573],[131.8677,34.10014],[131.8663,34.10262],[131.86209,34.10272],[131.85564,34.09741],[131.85059,34.08901],[131.85906,34.08687],[131.86398,34.08434],[131.86708,34.07865],[131.86664,34.07329],[131.87141,34.06822],[131.87223,34.05393],[131.86973,34.05079],[131.86602,34.04907],[131.86239,34.04482],[131.86317,34.04012],[131.85641,34.03653],[131.85148,34.03635],[131.84718,34.02963],[131.84007,34.02797],[131.83973,34.02496],[131.84218,34.02067],[131.83772,34.00943],[131.84161,34.01025],[131.85126,34.0091],[131.8594,34.00665],[131.85676,34.00175],[131.85921,34.00081],[131.86245,34.00458],[131.8646,33.99997],[131.86866,33.99828],[131.86816,33.99235],[131.86494,33.98931],[131.87516,33.99045],[131.87515,33.98821],[131.88265,33.98109],[131.89159,33.97844],[131.89942,33.98506],[131.89922,33.99111],[131.90451,33.99141],[131.90827,33.99634],[131.91231,33.99619],[131.91665,33.9979],[131.92266,33.99872],[131.92609,34.00179],[131.93337,34.00558],[131.93445,34.00871]]]]}},{"type":"Feature","properties":{"code":"35208","name":"岩国市","pref":"山口県","pref_code":"35","cx":132.07095,"cy":34.22517,"bbox":[131.87913,33.98084,132.4278,34.46949]},"geometry":{"type":"MultiPolygon","coordinates":[[[[132.33107,34.00363],[132.33001,34.00324],[132.33,33.99387],[132.33429,33.99152],[132.33561,33.99443],[132.33218,34.00316],[132.33107,34.00363]]],[[[132.41497,34.03035],[132.40285,34.02731],[132.40183,34.02358],[132.4045,34.01638],[132.41131,34.01313],[132.41729,34.0128],[132.42045,34.01106],[132.42479,34.01236],[132.4278,34.01562],[132.41913,34.02402],[132.41497,34.03035]]],[[[132.41994,34.03734],[132.41854,34.03364],[132.42247,34.03213],[132.42702,34.03348],[132.41994,34.03734]]],[[[132.39167,34.04271],[132.38743,34.03914],[132.38293,34.04175],[132.38111,34.03814],[132.38291,34.03458],[132.38326,34.02756],[132.38935,34.03244],[132.38622,34.03403],[132.39094,34.03925],[132.39167,34.04271]]],[[[132.39538,34.0601],[132.39177,34.05676],[132.39846,34.05413],[132.39973,34.0571],[132.39538,34.0601]]],[[[132.05369,34.01204],[132.05904,34.01417],[132.06015,34.01866],[132.06723,34.02129],[132.07228,34.02529],[132.07711,34.02529],[132.08214,34.02997],[132.08174,34.03244],[132.08593,34.03697],[132.08948,34.04329],[132.09369,34.04564],[132.09494,34.04844],[132.09828,34.04826],[132.10407,34.05255],[132.10822,34.05291],[132.11329,34.0498],[132.12069,34.0518],[132.12506,34.04915],[132.12617,34.0454],[132.1308,34.0427],[132.13492,34.04443],[132.13906,34.04238],[132.14076,34.03962],[132.14281,34.03191],[132.14652,34.03242],[132.1487,34.02921],[132.15251,34.02882],[132.16166,34.01827],[132.16797,34.01695],[132.17512,34.01736],[132.1777,34.01869],[132.18721,34.01935],[132.19169,34.01643],[132.19184,34.01426],[132.19667,34.01085],[132.19454,34.00694],[132.1951,34.00182],[132.19412,33.99174],[132.19671,33.98846],[132.19449,33.98273],[132.19905,33.98084],[132.20051,33.98363],[132.20048,33.98829],[132.20705,33.99494],[132.21286,34.00202],[132.21864,34.02095],[132.21768,34.02992],[132.21914,34.039],[132.21738,34.04191],[132.22067,34.04645],[132.21691,34.04783],[132.20957,34.05935],[132.20926,34.06778],[132.21158,34.07157],[132.20977,34.08146],[132.21116,34.08302],[132.20358,34.09929],[132.20146,34.10698],[132.20032,34.11574],[132.20438,34.11619],[132.20323,34.12528],[132.21188,34.1257],[132.21992,34.12704],[132.22252,34.13105],[132.23155,34.12702],[132.23438,34.12769],[132.23626,34.13179],[132.24993,34.13002],[132.24764,34.13343],[132.25238,34.1581],[132.25068,34.1655],[132.24802,34.172],[132.24509,34.172],[132.23897,34.1817],[132.23528,34.18141],[132.23424,34.18506],[132.23927,34.18756],[132.23751,34.19005],[132.23197,34.18732],[132.2327,34.19571],[132.23764,34.1962],[132.23694,34.20215],[132.2318,34.20146],[132.22967,34.20357],[132.22476,34.20201],[132.2223,34.19925],[132.22602,34.19078],[132.22317,34.18936],[132.22268,34.18618],[132.21863,34.18159],[132.21596,34.18231],[132.20039,34.17956],[132.1963,34.18043],[132.18738,34.18891],[132.18882,34.19201],[132.18466,34.1948],[132.1835,34.19729],[132.1926,34.20268],[132.19333,34.20701],[132.19882,34.21576],[132.20219,34.22303],[132.20515,34.2252],[132.20303,34.22874],[132.20006,34.22515],[132.19692,34.22686],[132.1985,34.23043],[132.19298,34.22975],[132.1935,34.22648],[132.1842,34.22761],[132.18033,34.22988],[132.17115,34.22534],[132.16994,34.22846],[132.1701,34.23376],[132.16183,34.23387],[132.16035,34.23032],[132.15654,34.22935],[132.15463,34.23348],[132.1508,34.23468],[132.14997,34.23724],[132.14475,34.23642],[132.14392,34.24049],[132.14615,34.24357],[132.14736,34.2504],[132.14635,34.25678],[132.14458,34.25951],[132.14117,34.25996],[132.13533,34.26711],[132.13357,34.27236],[132.13551,34.27796],[132.13971,34.28194],[132.13818,34.28789],[132.12843,34.29568],[132.12398,34.29678],[132.12709,34.29974],[132.12918,34.30471],[132.12536,34.30578],[132.12274,34.31164],[132.1245,34.31414],[132.12388,34.31876],[132.12875,34.32195],[132.12948,34.32701],[132.12507,34.33381],[132.12111,34.33329],[132.11932,34.33058],[132.11165,34.33019],[132.10984,34.32773],[132.10552,34.32962],[132.10125,34.33623],[132.10128,34.34531],[132.09287,34.3514],[132.08998,34.35095],[132.08595,34.35404],[132.08526,34.35788],[132.07673,34.35552],[132.07134,34.3554],[132.07079,34.36002],[132.0719,34.36711],[132.07043,34.37096],[132.0751,34.37468],[132.07256,34.37726],[132.07681,34.3838],[132.07739,34.38924],[132.07164,34.38988],[132.06997,34.39201],[132.07267,34.4002],[132.07457,34.40196],[132.07335,34.40743],[132.07032,34.40994],[132.06889,34.41626],[132.07352,34.41953],[132.07387,34.42371],[132.07698,34.43769],[132.08074,34.44125],[132.08099,34.44354],[132.07542,34.45392],[132.07146,34.45826],[132.07085,34.46301],[132.06803,34.46484],[132.06835,34.46783],[132.06418,34.46888],[132.05488,34.46774],[132.04984,34.46639],[132.04594,34.46949],[132.03905,34.46889],[132.03482,34.46341],[132.02328,34.46115],[132.02208,34.45755],[132.01917,34.45673],[132.01542,34.45204],[132.01732,34.44027],[132.01623,34.43747],[132.01107,34.4343],[132.00986,34.43142],[132.0063,34.43231],[131.99746,34.42779],[131.99184,34.41605],[131.98988,34.41395],[131.99752,34.40709],[132.00026,34.39728],[132.00704,34.39085],[132.00746,34.38595],[132.01352,34.38203],[132.01176,34.37503],[132.01211,34.3674],[132.00722,34.36478],[132.001,34.36623],[131.99454,34.3616],[131.99422,34.35806],[131.9896,34.35238],[131.98364,34.35096],[131.98063,34.34701],[131.97978,34.34278],[131.97402,34.34113],[131.97547,34.33744],[131.97417,34.32895],[131.97042,34.32372],[131.96244,34.32297],[131.96076,34.32079],[131.96351,34.3136],[131.96098,34.30802],[131.95868,34.30634],[131.95012,34.31462],[131.94217,34.32532],[131.93487,34.32794],[131.92765,34.33464],[131.92149,34.33551],[131.91894,34.33798],[131.91505,34.33546],[131.91328,34.33029],[131.9087,34.32548],[131.9036,34.32291],[131.89983,34.31907],[131.89053,34.32433],[131.88401,34.32129],[131.88642,34.31357],[131.88527,34.31067],[131.88129,34.30862],[131.87913,34.30119],[131.88179,34.29982],[131.88226,34.29568],[131.88148,34.28792],[131.88024,34.2859],[131.88238,34.27931],[131.88048,34.27483],[131.88119,34.26963],[131.88508,34.26324],[131.89073,34.25708],[131.89072,34.2546],[131.89417,34.25143],[131.88886,34.24671],[131.88799,34.24138],[131.89155,34.23504],[131.90246,34.23185],[131.90599,34.23219],[131.90842,34.22982],[131.91418,34.22898],[131.91893,34.22295],[131.92711,34.22527],[131.93415,34.23118],[131.93736,34.22987],[131.94211,34.22494],[131.93998,34.22147],[131.93892,34.21649],[131.94224,34.21502],[131.94221,34.21132],[131.94002,34.2076],[131.94491,34.20376],[131.94481,34.20064],[131.95605,34.19827],[131.95906,34.19911],[131.96081,34.19608],[131.96092,34.19193],[131.95665,34.18909],[131.9583,34.18132],[131.9637,34.18093],[131.96581,34.17634],[131.9608,34.17109],[131.95714,34.16923],[131.95808,34.16466],[131.95515,34.16339],[131.95992,34.15911],[131.95685,34.15561],[131.95636,34.15096],[131.95264,34.14775],[131.95578,34.14162],[131.95728,34.14163],[131.95849,34.13336],[131.9534,34.13033],[131.95849,34.12497],[131.95968,34.1158],[131.96465,34.10685],[131.96381,34.10206],[131.96492,34.09544],[131.96908,34.09495],[131.96703,34.0893],[131.98212,34.08811],[131.98736,34.08406],[131.9911,34.08305],[131.99566,34.0784],[131.99537,34.07082],[131.99742,34.06445],[132.00603,34.0676],[132.01098,34.06233],[132.01265,34.06609],[132.01646,34.06663],[132.02002,34.0694],[132.02369,34.06965],[132.02833,34.06321],[132.02722,34.05836],[132.02821,34.05169],[132.03063,34.04728],[132.02636,34.03189],[132.02228,34.02551],[132.02434,34.02376],[132.02707,34.01716],[132.02709,34.01445],[132.03128,34.01386],[132.03759,34.01089],[132.04177,34.0136],[132.05113,34.01342],[132.05369,34.01204]]]]}},{"type":"Feature","properties":{"code":"35210","name":"光市","pref":"山口県","pref_code":"35","cx":131.95728,"cy":33.9675,"bbox":[131.89159,33.85193,132.06415,34.03296]},"geometry":{"type":"MultiPolygon","coordinates":[[[[132.01715,33.87139],[132.01434,33.86917],[132.01704,33.86365],[132.01604,33.85944],[132.0124,33.85832],[132.00275,33.86069],[131.99758,33.86081],[131.9976,33.85743],[132.00533,33.85484],[132.00656,33.85278],[132.0166,33.85364],[132.01855,33.85193],[132.02253,33.85451],[132.02099,33.86224],[132.01803,33.86535],[132.01715,33.87139]]],[[[131.89159,33.97844],[131.89796,33.97717],[131.90476,33.97286],[131.91106,33.97149],[131.91859,33.96682],[131.9245,33.95932],[131.92741,33.95723],[131.92894,33.95153],[131.93637,33.94722],[131.9446,33.94688],[131.94806,33.95],[131.957,33.94956],[131.96259,33.94512],[131.96681,33.93862],[131.96902,33.93277],[131.96869,33.92885],[131.96305,33.92817],[131.96288,33.92122],[131.96485,33.91885],[131.97239,33.91682],[131.96952,33.92177],[131.97011,33.92392],[131.97466,33.92857],[131.98019,33.92985],[131.98729,33.9257],[131.99954,33.91537],[132.00283,33.91528],[132.00774,33.91047],[132.01602,33.90707],[132.01943,33.90662],[132.02513,33.90174],[132.02557,33.90842],[132.02723,33.91282],[132.016,33.91462],[132.01184,33.92181],[132.00255,33.92599],[132.003,33.92924],[131.99845,33.93294],[131.99456,33.93204],[131.99239,33.93545],[131.98403,33.94079],[131.98309,33.94607],[131.98085,33.94742],[131.98003,33.95128],[131.98377,33.95811],[131.99413,33.95964],[131.99772,33.96436],[131.99693,33.96818],[132.00017,33.97083],[132.0046,33.97114],[132.01204,33.97632],[132.00836,33.97785],[132.01311,33.98111],[132.01257,33.98294],[132.02198,33.98782],[132.02488,33.98643],[132.03243,33.98606],[132.0357,33.98348],[132.05051,33.98519],[132.05104,33.98729],[132.05549,33.98971],[132.06309,33.9899],[132.06415,33.9968],[132.05977,33.99915],[132.05644,33.9993],[132.05328,34.00188],[132.05379,34.00631],[132.05762,34.00859],[132.05772,34.01141],[132.05369,34.01204],[132.05113,34.01342],[132.04177,34.0136],[132.03759,34.01089],[132.03128,34.01386],[132.02709,34.01445],[132.02707,34.01716],[132.02434,34.02376],[132.02228,34.02551],[132.01637,34.02589],[132.00841,34.02827],[131.99727,34.0275],[131.9915,34.02911],[131.98997,34.02613],[131.98271,34.02454],[131.98091,34.02697],[131.97434,34.02981],[131.97167,34.032],[131.9667,34.03296],[131.96408,34.03172],[131.96072,34.02673],[131.96515,34.02232],[131.96092,34.01559],[131.95056,34.01134],[131.93684,34.00772],[131.93445,34.00871],[131.93337,34.00558],[131.92609,34.00179],[131.92266,33.99872],[131.91665,33.9979],[131.91231,33.99619],[131.90827,33.99634],[131.90451,33.99141],[131.89922,33.99111],[131.89942,33.98506],[131.89159,33.97844]]]]}},{"type":"Feature","properties":{"code":"35211","name":"長門市","pref":"山口県","pref_code":"35","cx":131.1742,"cy":34.34901,"bbox":[130.93639,34.26192,131.3473,34.44005]},"geometry":{"type":"MultiPolygon","coordinates":[[[[131.24626,34.4383],[131.23974,34.43665],[131.23513,34.43217],[131.2289,34.43163],[131.22083,34.42876],[131.2174,34.42565],[131.20016,34.4256],[131.19554,34.42859],[131.19289,34.42421],[131.18604,34.42341],[131.18151,34.42467],[131.18077,34.42782],[131.17086,34.42589],[131.17324,34.41772],[131.17281,34.40838],[131.18163,34.4049],[131.18725,34.40155],[131.18859,34.39868],[131.19645,34.39805],[131.2067,34.40075],[131.21309,34.40371],[131.21059,34.4081],[131.20733,34.4108],[131.21181,34.41584],[131.22235,34.42405],[131.22439,34.42276],[131.22375,34.41793],[131.227,34.4174],[131.23316,34.42328],[131.23902,34.42373],[131.24266,34.42211],[131.24708,34.42549],[131.25509,34.42168],[131.2515,34.41949],[131.25569,34.41716],[131.25838,34.41915],[131.25669,34.42186],[131.26133,34.42643],[131.26024,34.43065],[131.25496,34.43224],[131.25432,34.43655],[131.24815,34.43608],[131.24626,34.4383]]],[[[131.17247,34.26407],[131.17617,34.26649],[131.17858,34.27049],[131.17953,34.27533],[131.18239,34.28091],[131.18547,34.28281],[131.19026,34.2828],[131.20421,34.2854],[131.21049,34.28084],[131.21682,34.28338],[131.21817,34.28129],[131.22305,34.28461],[131.22656,34.2853],[131.23004,34.28944],[131.23228,34.29429],[131.23987,34.29765],[131.24357,34.30058],[131.24454,34.30787],[131.2513,34.31634],[131.25674,34.31552],[131.25825,34.31982],[131.26319,34.32424],[131.26484,34.32783],[131.26776,34.32636],[131.27492,34.33086],[131.27712,34.33515],[131.28344,34.33673],[131.28718,34.33457],[131.28762,34.33212],[131.29303,34.32887],[131.29581,34.32182],[131.30279,34.31212],[131.30683,34.31058],[131.31146,34.31342],[131.31219,34.31881],[131.31531,34.31926],[131.3154,34.32306],[131.32242,34.32225],[131.3271,34.32465],[131.33041,34.32137],[131.33449,34.32112],[131.342,34.31848],[131.34326,34.32611],[131.34583,34.32977],[131.34368,34.34121],[131.34549,34.34317],[131.3473,34.35401],[131.34123,34.35961],[131.32815,34.36007],[131.31657,34.36991],[131.31452,34.36759],[131.30569,34.36489],[131.30367,34.36226],[131.2969,34.36513],[131.29417,34.3687],[131.29539,34.37212],[131.29314,34.3803],[131.29113,34.38442],[131.28717,34.38488],[131.28056,34.38358],[131.27863,34.38507],[131.27882,34.38933],[131.27193,34.3901],[131.26993,34.38771],[131.262,34.38416],[131.25651,34.38433],[131.2482,34.38154],[131.24659,34.38408],[131.2425,34.38424],[131.24115,34.38632],[131.23378,34.39091],[131.2301,34.38857],[131.22474,34.39214],[131.22246,34.3854],[131.2237,34.37894],[131.21533,34.37083],[131.20766,34.37284],[131.20512,34.37487],[131.20756,34.38248],[131.20398,34.38532],[131.19975,34.39754],[131.19705,34.39629],[131.19461,34.38897],[131.18801,34.3806],[131.16907,34.3729],[131.16555,34.37214],[131.15371,34.3731],[131.14832,34.38062],[131.14345,34.38058],[131.14291,34.38437],[131.13849,34.38929],[131.13723,34.39273],[131.13938,34.39563],[131.13963,34.39928],[131.13569,34.40699],[131.1289,34.41263],[131.12605,34.41128],[131.11803,34.41127],[131.11183,34.40948],[131.1088,34.41367],[131.10086,34.41735],[131.10042,34.41868],[131.09291,34.42072],[131.09087,34.41925],[131.07796,34.42205],[131.07438,34.42458],[131.06879,34.4218],[131.06438,34.42083],[131.05775,34.41545],[131.05125,34.41458],[131.04899,34.41173],[131.04333,34.4103],[131.03785,34.41225],[131.0332,34.41025],[131.02546,34.41149],[131.01999,34.41099],[131.00976,34.41323],[131.00498,34.41498],[131.00306,34.42185],[131.00328,34.42782],[130.99993,34.42993],[130.9865,34.43478],[130.98039,34.43545],[130.97426,34.44005],[130.97285,34.43798],[130.97332,34.43204],[130.97019,34.42832],[130.96113,34.42764],[130.95714,34.42003],[130.95946,34.41405],[130.95878,34.41182],[130.95406,34.40747],[130.94612,34.40325],[130.93957,34.40436],[130.93639,34.39457],[130.94019,34.3894],[130.94726,34.38734],[130.95522,34.38906],[130.95447,34.394],[130.95656,34.39686],[130.9504,34.40037],[130.95187,34.40533],[130.95855,34.40793],[130.96587,34.40536],[130.97226,34.40534],[130.97999,34.39948],[130.983,34.40054],[130.99044,34.39915],[131.00184,34.39863],[131.01071,34.40183],[131.01229,34.40468],[131.01668,34.40476],[131.0165,34.40134],[131.01972,34.39697],[131.02101,34.3911],[131.02494,34.39144],[131.02903,34.38939],[131.03654,34.37887],[131.03382,34.37038],[131.02504,34.37203],[131.02112,34.3748],[131.01496,34.37248],[131.01223,34.3734],[131.00555,34.37048],[131.00086,34.37404],[130.99475,34.37198],[130.99253,34.36816],[130.98691,34.36795],[130.98043,34.36347],[130.98167,34.36184],[130.99064,34.35827],[130.99745,34.3525],[131.00104,34.3526],[131.0028,34.34551],[131.01046,34.34243],[131.01352,34.34011],[131.01486,34.33581],[131.01986,34.33126],[131.02035,34.32542],[131.03265,34.32177],[131.03504,34.31671],[131.03552,34.31156],[131.04048,34.31011],[131.04298,34.31091],[131.0498,34.30616],[131.05849,34.30363],[131.0584,34.3003],[131.06739,34.29189],[131.07438,34.29327],[131.07731,34.28918],[131.08358,34.28416],[131.08561,34.27854],[131.08422,34.27356],[131.08712,34.26737],[131.09405,34.26662],[131.09771,34.26304],[131.1023,34.26192],[131.10467,34.26481],[131.10802,34.2653],[131.11312,34.26385],[131.11705,34.26577],[131.12241,34.26529],[131.12486,34.26709],[131.12913,34.26716],[131.13443,34.2701],[131.14242,34.27184],[131.14459,34.26976],[131.15132,34.26962],[131.15484,34.27114],[131.15908,34.26871],[131.16151,34.26297],[131.16582,34.26207],[131.17247,34.26407]]],[[[131.26762,34.41845],[131.26606,34.41487],[131.26824,34.41007],[131.2738,34.41174],[131.27017,34.41446],[131.26762,34.41845]]]]}},{"type":"Feature","properties":{"code":"35212","name":"柳井市","pref":"山口県","pref_code":"35","cx":132.22601,"cy":33.79384,"bbox":[132.05744,33.77104,132.26968,34.05291]},"geometry":{"type":"MultiPolygon","coordinates":[[[[132.25887,33.81625],[132.25595,33.81736],[132.24937,33.81417],[132.24937,33.81074],[132.25378,33.80656],[132.25689,33.81073],[132.25887,33.81625]]],[[[132.2094,33.81729],[132.20574,33.81694],[132.20483,33.81431],[132.20095,33.81438],[132.19489,33.81037],[132.19497,33.80805],[132.18786,33.80768],[132.18561,33.81084],[132.17748,33.80801],[132.1722,33.80387],[132.17245,33.79801],[132.17663,33.79656],[132.18584,33.80063],[132.19017,33.8041],[132.19691,33.80425],[132.20166,33.79992],[132.20058,33.79714],[132.20189,33.79321],[132.213,33.7873],[132.21566,33.78194],[132.2231,33.78306],[132.22953,33.78138],[132.23314,33.78369],[132.24157,33.78166],[132.24997,33.77393],[132.25664,33.77104],[132.26347,33.77379],[132.26606,33.7738],[132.26968,33.77778],[132.25955,33.77964],[132.25651,33.78292],[132.2573,33.78622],[132.2554,33.78903],[132.24751,33.79653],[132.24491,33.79447],[132.24074,33.79749],[132.23572,33.79807],[132.23243,33.80254],[132.2337,33.80542],[132.22976,33.80793],[132.22667,33.80621],[132.22308,33.80868],[132.22343,33.81329],[132.22111,33.81579],[132.21766,33.81457],[132.2111,33.81548],[132.2094,33.81729]]],[[[132.06309,33.9899],[132.06082,33.98697],[132.06151,33.97856],[132.06408,33.96517],[132.05744,33.96128],[132.06,33.95478],[132.06922,33.95566],[132.07675,33.95546],[132.07985,33.95748],[132.08704,33.95852],[132.08917,33.95666],[132.09397,33.95876],[132.09656,33.95492],[132.10038,33.9547],[132.10641,33.95126],[132.10513,33.94744],[132.1066,33.94006],[132.10762,33.92265],[132.10348,33.91673],[132.09997,33.91427],[132.09465,33.91285],[132.09652,33.90857],[132.10328,33.90574],[132.10422,33.90077],[132.10739,33.89977],[132.10995,33.89463],[132.10984,33.89163],[132.12152,33.88327],[132.12377,33.87983],[132.13341,33.87452],[132.13461,33.86631],[132.13335,33.86193],[132.13779,33.85345],[132.14227,33.85321],[132.14338,33.84993],[132.14937,33.8473],[132.1526,33.84317],[132.15745,33.84471],[132.15743,33.84906],[132.15944,33.85067],[132.15827,33.85973],[132.15582,33.86178],[132.1494,33.8638],[132.14631,33.86714],[132.14826,33.87461],[132.13672,33.87906],[132.13302,33.8819],[132.13133,33.88597],[132.12851,33.88815],[132.12901,33.8923],[132.13158,33.89467],[132.12679,33.8995],[132.12908,33.90382],[132.13165,33.90458],[132.13191,33.91006],[132.12797,33.91513],[132.12644,33.9238],[132.12506,33.92598],[132.12572,33.93838],[132.12662,33.94079],[132.12226,33.94258],[132.12123,33.94669],[132.11872,33.94906],[132.12087,33.95269],[132.12458,33.947],[132.12964,33.95305],[132.12815,33.95723],[132.13786,33.95651],[132.15272,33.9562],[132.16017,33.95719],[132.16787,33.96031],[132.1756,33.96166],[132.17901,33.96318],[132.18506,33.96203],[132.18751,33.96324],[132.19267,33.97192],[132.19569,33.97486],[132.19905,33.98084],[132.19449,33.98273],[132.19671,33.98846],[132.19412,33.99174],[132.1951,34.00182],[132.19454,34.00694],[132.19667,34.01085],[132.19184,34.01426],[132.19169,34.01643],[132.18721,34.01935],[132.1777,34.01869],[132.17512,34.01736],[132.16797,34.01695],[132.16166,34.01827],[132.15251,34.02882],[132.1487,34.02921],[132.14652,34.03242],[132.14281,34.03191],[132.14076,34.03962],[132.13906,34.04238],[132.13492,34.04443],[132.1308,34.0427],[132.12617,34.0454],[132.12506,34.04915],[132.12069,34.0518],[132.11329,34.0498],[132.10822,34.05291],[132.10407,34.05255],[132.09828,34.04826],[132.09494,34.04844],[132.09369,34.04564],[132.08948,34.04329],[132.08593,34.03697],[132.08174,34.03244],[132.08214,34.02997],[132.07711,34.02529],[132.07228,34.02529],[132.06723,34.02129],[132.07007,34.01821],[132.07355,34.01691],[132.07088,34.01372],[132.06719,34.00505],[132.06709,34.00221],[132.06415,33.9968],[132.06309,33.9899]]]]}},{"type":"Feature","properties":{"code":"35213","name":"美祢市","pref":"山口県","pref_code":"35","cx":131.25981,"cy":34.20951,"bbox":[131.08306,34.08203,131.40962,34.33673]},"geometry":{"type":"Polygon","coordinates":[[[131.11295,34.0962],[131.11896,34.09311],[131.11848,34.08815],[131.12224,34.08792],[131.12326,34.08502],[131.12723,34.08203],[131.13061,34.08556],[131.13543,34.08615],[131.14111,34.08848],[131.14629,34.08735],[131.14759,34.09136],[131.15324,34.09148],[131.15641,34.08947],[131.16012,34.09316],[131.16439,34.09251],[131.16752,34.09544],[131.1702,34.10445],[131.17402,34.10898],[131.17354,34.11135],[131.17893,34.11426],[131.18099,34.11823],[131.18802,34.11961],[131.19053,34.11737],[131.19847,34.11623],[131.20834,34.11578],[131.21027,34.11327],[131.21411,34.11664],[131.21482,34.12005],[131.22004,34.11964],[131.22277,34.12248],[131.23062,34.12331],[131.23408,34.12661],[131.23769,34.1272],[131.23688,34.13045],[131.2376,34.13665],[131.24144,34.14119],[131.24688,34.13998],[131.24759,34.14209],[131.25602,34.14484],[131.2629,34.14003],[131.26807,34.14157],[131.2737,34.14127],[131.27804,34.14557],[131.27742,34.15014],[131.2819,34.15517],[131.28494,34.16118],[131.28938,34.16306],[131.29373,34.1667],[131.29837,34.16498],[131.30355,34.16559],[131.30604,34.16305],[131.31077,34.16115],[131.31641,34.16341],[131.31821,34.16617],[131.32524,34.16073],[131.32172,34.15589],[131.32207,34.15196],[131.32909,34.15042],[131.33381,34.14683],[131.34025,34.14431],[131.34182,34.13977],[131.34751,34.13724],[131.35262,34.13972],[131.35691,34.13994],[131.35948,34.13823],[131.36272,34.14053],[131.3666,34.13715],[131.36959,34.13771],[131.37396,34.14331],[131.37742,34.14469],[131.37487,34.14928],[131.36996,34.15279],[131.37585,34.15403],[131.37882,34.15729],[131.3799,34.16237],[131.37872,34.16648],[131.39049,34.17495],[131.39056,34.17909],[131.39747,34.18228],[131.39825,34.18891],[131.40121,34.19382],[131.40548,34.19712],[131.40118,34.20035],[131.40502,34.20306],[131.40509,34.20885],[131.40962,34.21103],[131.40806,34.21255],[131.39717,34.2176],[131.40067,34.22511],[131.39978,34.23537],[131.40358,34.24085],[131.40244,34.24655],[131.40005,34.25194],[131.40528,34.25837],[131.40242,34.26332],[131.40158,34.26858],[131.39422,34.26585],[131.38928,34.26905],[131.38605,34.27816],[131.38129,34.28046],[131.38034,34.28707],[131.38153,34.29297],[131.37988,34.29823],[131.3768,34.2998],[131.37378,34.3041],[131.37219,34.3094],[131.36802,34.31039],[131.36624,34.30717],[131.36144,34.30685],[131.35653,34.30261],[131.35354,34.30417],[131.34811,34.30195],[131.3438,34.3059],[131.33613,34.30939],[131.342,34.31848],[131.33449,34.32112],[131.33041,34.32137],[131.3271,34.32465],[131.32242,34.32225],[131.3154,34.32306],[131.31531,34.31926],[131.31219,34.31881],[131.31146,34.31342],[131.30683,34.31058],[131.30279,34.31212],[131.29581,34.32182],[131.29303,34.32887],[131.28762,34.33212],[131.28718,34.33457],[131.28344,34.33673],[131.27712,34.33515],[131.27492,34.33086],[131.26776,34.32636],[131.26484,34.32783],[131.26319,34.32424],[131.25825,34.31982],[131.25674,34.31552],[131.2513,34.31634],[131.24454,34.30787],[131.24357,34.30058],[131.23987,34.29765],[131.23228,34.29429],[131.23004,34.28944],[131.22656,34.2853],[131.22305,34.28461],[131.21817,34.28129],[131.21682,34.28338],[131.21049,34.28084],[131.20421,34.2854],[131.19026,34.2828],[131.18547,34.28281],[131.18239,34.28091],[131.17953,34.27533],[131.17858,34.27049],[131.17617,34.26649],[131.17247,34.26407],[131.17121,34.26111],[131.17215,34.25613],[131.16664,34.24976],[131.1655,34.24507],[131.16074,34.24178],[131.16107,34.23554],[131.16002,34.23103],[131.15713,34.23067],[131.15298,34.23309],[131.14626,34.23046],[131.14474,34.22533],[131.13854,34.2251],[131.13663,34.22242],[131.13183,34.22198],[131.12642,34.21939],[131.12283,34.2161],[131.12164,34.21294],[131.11413,34.21017],[131.1071,34.20539],[131.10944,34.20102],[131.10908,34.19796],[131.10505,34.19548],[131.10318,34.19161],[131.0995,34.19006],[131.09924,34.18575],[131.10802,34.17795],[131.1083,34.17384],[131.11259,34.17119],[131.11751,34.1607],[131.11104,34.15717],[131.1033,34.1586],[131.10239,34.16288],[131.09807,34.16352],[131.09671,34.16661],[131.09009,34.16591],[131.08903,34.15981],[131.09026,34.15349],[131.08565,34.14943],[131.08306,34.14297],[131.08526,34.14133],[131.08328,34.13514],[131.08429,34.13096],[131.09269,34.12486],[131.09784,34.12474],[131.10002,34.1184],[131.10282,34.1158],[131.10872,34.11341],[131.11345,34.10768],[131.11281,34.10362],[131.11004,34.09909],[131.11295,34.0962]]]}},{"type":"Feature","properties":{"code":"35215","name":"周南市","pref":"山口県","pref_code":"35","cx":131.84066,"cy":34.16253,"bbox":[131.63434,33.96777,132.03063,34.35619]},"geometry":{"type":"MultiPolygon","coordinates":[[[[131.75992,33.9835],[131.75876,33.98088],[131.76066,33.97682],[131.76366,33.97563],[131.76627,33.98004],[131.76495,33.98209],[131.75992,33.9835]]],[[[131.70915,34.03518],[131.7064,34.03321],[131.70439,34.02731],[131.70381,34.01831],[131.70533,34.01461],[131.70501,34.00803],[131.69708,34.00944],[131.69144,34.00805],[131.69507,34.00393],[131.70187,34.00352],[131.70635,33.99773],[131.70903,33.99786],[131.71182,33.99152],[131.71512,33.9895],[131.71968,33.98926],[131.71802,33.98211],[131.71869,33.97964],[131.72403,33.98147],[131.72795,33.98071],[131.73283,33.98263],[131.72912,33.98748],[131.71992,33.99041],[131.71734,33.99566],[131.71088,34.00036],[131.71092,34.00826],[131.71334,34.01335],[131.7105,34.01568],[131.71335,34.02035],[131.70943,34.02193],[131.70941,34.0254],[131.71355,34.02802],[131.71541,34.03112],[131.70915,34.03518]]],[[[131.77298,34.05032],[131.7685,34.04659],[131.76274,34.04808],[131.75708,34.04063],[131.75283,34.03273],[131.74905,34.0366],[131.7405,34.03781],[131.73319,34.03755],[131.72764,34.03371],[131.72635,34.02839],[131.72871,34.02264],[131.73127,34.02118],[131.73826,34.02044],[131.74557,34.02306],[131.75157,34.02802],[131.76009,34.03385],[131.76297,34.03812],[131.76895,34.0411],[131.78022,34.04853],[131.77298,34.05032]]],[[[132.02228,34.02551],[132.02636,34.03189],[132.03063,34.04728],[132.02821,34.05169],[132.02722,34.05836],[132.02833,34.06321],[132.02369,34.06965],[132.02002,34.0694],[132.01646,34.06663],[132.01265,34.06609],[132.01098,34.06233],[132.00603,34.0676],[131.99742,34.06445],[131.99537,34.07082],[131.99566,34.0784],[131.9911,34.08305],[131.98736,34.08406],[131.98212,34.08811],[131.96703,34.0893],[131.96908,34.09495],[131.96492,34.09544],[131.96381,34.10206],[131.96465,34.10685],[131.95968,34.1158],[131.95849,34.12497],[131.9534,34.13033],[131.95849,34.13336],[131.95728,34.14163],[131.95578,34.14162],[131.95264,34.14775],[131.95636,34.15096],[131.95685,34.15561],[131.95992,34.15911],[131.95515,34.16339],[131.95808,34.16466],[131.95714,34.16923],[131.9608,34.17109],[131.96581,34.17634],[131.9637,34.18093],[131.9583,34.18132],[131.95665,34.18909],[131.96092,34.19193],[131.96081,34.19608],[131.95906,34.19911],[131.95605,34.19827],[131.94481,34.20064],[131.94491,34.20376],[131.94002,34.2076],[131.94221,34.21132],[131.94224,34.21502],[131.93892,34.21649],[131.93998,34.22147],[131.94211,34.22494],[131.93736,34.22987],[131.93415,34.23118],[131.92711,34.22527],[131.91893,34.22295],[131.91418,34.22898],[131.90842,34.22982],[131.90599,34.23219],[131.90246,34.23185],[131.89155,34.23504],[131.88799,34.24138],[131.88886,34.24671],[131.89417,34.25143],[131.89072,34.2546],[131.89073,34.25708],[131.88508,34.26324],[131.88119,34.26963],[131.88048,34.27483],[131.88238,34.27931],[131.88024,34.2859],[131.88148,34.28792],[131.88226,34.29568],[131.88179,34.29982],[131.87913,34.30119],[131.88129,34.30862],[131.87972,34.30956],[131.87286,34.30847],[131.86958,34.30497],[131.86508,34.30613],[131.86034,34.30462],[131.85072,34.30661],[131.84519,34.31098],[131.84131,34.30838],[131.83406,34.31116],[131.83144,34.30262],[131.82346,34.30529],[131.81946,34.30297],[131.81654,34.31024],[131.8131,34.31238],[131.80632,34.31238],[131.80245,34.31699],[131.79647,34.31888],[131.79614,34.32656],[131.79057,34.33007],[131.78807,34.32876],[131.77989,34.33367],[131.77756,34.33293],[131.77461,34.33752],[131.77949,34.34456],[131.77796,34.35342],[131.77095,34.35619],[131.76061,34.35038],[131.75597,34.3462],[131.75667,34.34035],[131.75429,34.33624],[131.75667,34.33144],[131.74561,34.32808],[131.74607,34.3181],[131.74383,34.31402],[131.74529,34.31022],[131.74945,34.30573],[131.75007,34.30111],[131.74425,34.29694],[131.74205,34.29293],[131.74369,34.28924],[131.75286,34.28186],[131.75763,34.27479],[131.75422,34.2713],[131.75521,34.26707],[131.75337,34.26298],[131.74994,34.26075],[131.74559,34.26064],[131.74123,34.25572],[131.73919,34.24779],[131.74141,34.24481],[131.74724,34.23361],[131.74721,34.22822],[131.7511,34.22452],[131.75125,34.21333],[131.75588,34.20892],[131.75778,34.20418],[131.75983,34.20384],[131.76401,34.1947],[131.75892,34.18969],[131.75358,34.18872],[131.74592,34.19068],[131.73833,34.19131],[131.73435,34.1895],[131.73559,34.1861],[131.73212,34.18155],[131.73307,34.17607],[131.73801,34.17601],[131.73948,34.17235],[131.73665,34.16676],[131.7278,34.16407],[131.72377,34.16168],[131.72274,34.15832],[131.72594,34.14994],[131.72541,34.14115],[131.71989,34.13653],[131.71489,34.1364],[131.7134,34.13291],[131.70777,34.13308],[131.70697,34.1357],[131.69851,34.14195],[131.69255,34.14213],[131.68612,34.1326],[131.68112,34.13214],[131.67439,34.13509],[131.66661,34.13421],[131.66058,34.13669],[131.65356,34.1368],[131.64548,34.13425],[131.64253,34.12156],[131.6464,34.11382],[131.64341,34.10684],[131.63884,34.1054],[131.63935,34.10203],[131.64305,34.09476],[131.64239,34.08943],[131.638,34.08904],[131.63465,34.08709],[131.63434,34.08193],[131.63578,34.07733],[131.64004,34.07785],[131.64432,34.07422],[131.64604,34.0756],[131.65088,34.07413],[131.65518,34.07515],[131.66269,34.07236],[131.66165,34.06689],[131.66205,34.0614],[131.66426,34.0577],[131.66025,34.05321],[131.6687,34.05208],[131.67359,34.044],[131.67633,34.04289],[131.67796,34.04791],[131.67862,34.05445],[131.68292,34.05195],[131.6884,34.05254],[131.69243,34.05102],[131.68833,34.04758],[131.69799,34.04671],[131.69992,34.05123],[131.70028,34.05556],[131.7051,34.05616],[131.70719,34.05399],[131.70968,34.06046],[131.71745,34.05975],[131.72015,34.05734],[131.72923,34.06216],[131.73504,34.06092],[131.73876,34.06146],[131.74127,34.06569],[131.75156,34.06552],[131.73887,34.05526],[131.74026,34.05405],[131.73364,34.04888],[131.73723,34.04569],[131.74059,34.04831],[131.74244,34.05243],[131.74697,34.04793],[131.75002,34.04707],[131.75804,34.0486],[131.76055,34.05259],[131.75958,34.05644],[131.76335,34.05634],[131.76521,34.05363],[131.78003,34.05351],[131.78215,34.05477],[131.79172,34.05389],[131.7936,34.0494],[131.79849,34.05162],[131.80081,34.04847],[131.79393,34.0467],[131.78936,34.04243],[131.78614,34.03444],[131.7811,34.02751],[131.78847,34.02468],[131.78788,34.02844],[131.796,34.03632],[131.79642,34.03985],[131.80234,34.04323],[131.80442,34.04296],[131.81846,34.03538],[131.82119,34.03096],[131.82144,34.02773],[131.82604,34.02823],[131.82676,34.02354],[131.81953,34.02395],[131.81475,34.02273],[131.81607,34.01905],[131.81191,34.01588],[131.80727,34.01713],[131.80442,34.01613],[131.79963,34.00966],[131.79437,34.00626],[131.7889,33.99959],[131.78274,33.99524],[131.78299,33.99302],[131.78738,33.98767],[131.78212,33.98524],[131.77674,33.98516],[131.77047,33.98074],[131.77202,33.97776],[131.77725,33.97779],[131.77936,33.97592],[131.78938,33.97363],[131.79335,33.97666],[131.79835,33.97722],[131.80145,33.97586],[131.80443,33.97109],[131.81022,33.96777],[131.81671,33.96957],[131.82188,33.97593],[131.81738,33.97624],[131.8161,33.98225],[131.80793,33.98423],[131.80444,33.98086],[131.79859,33.98216],[131.79469,33.98774],[131.80385,33.98842],[131.81846,33.9931],[131.82624,34.00202],[131.83281,34.00563],[131.83027,34.00912],[131.83174,34.01137],[131.83772,34.00943],[131.84218,34.02067],[131.83973,34.02496],[131.84007,34.02797],[131.84718,34.02963],[131.85148,34.03635],[131.85641,34.03653],[131.86317,34.04012],[131.86239,34.04482],[131.86602,34.04907],[131.86973,34.05079],[131.87223,34.05393],[131.87141,34.06822],[131.86664,34.07329],[131.86708,34.07865],[131.86398,34.08434],[131.85906,34.08687],[131.85059,34.08901],[131.85564,34.09741],[131.86209,34.10272],[131.8663,34.10262],[131.8677,34.10014],[131.87254,34.10573],[131.87809,34.1078],[131.87958,34.11207],[131.88222,34.1132],[131.88778,34.1111],[131.89194,34.11281],[131.89779,34.11241],[131.89562,34.10733],[131.89297,34.10546],[131.89291,34.09926],[131.88779,34.09761],[131.8901,34.09016],[131.89659,34.08919],[131.90333,34.09036],[131.90559,34.08786],[131.90913,34.0909],[131.91137,34.08904],[131.91949,34.0866],[131.91342,34.08187],[131.92172,34.07419],[131.92575,34.07258],[131.92806,34.0697],[131.92648,34.06448],[131.93573,34.06349],[131.93619,34.05957],[131.93461,34.05707],[131.92826,34.05423],[131.93287,34.04651],[131.93147,34.03796],[131.92765,34.02986],[131.93246,34.02587],[131.93474,34.0197],[131.93445,34.00871],[131.93684,34.00772],[131.95056,34.01134],[131.96092,34.01559],[131.96515,34.02232],[131.96072,34.02673],[131.96408,34.03172],[131.9667,34.03296],[131.97167,34.032],[131.97434,34.02981],[131.98091,34.02697],[131.98271,34.02454],[131.98997,34.02613],[131.9915,34.02911],[131.99727,34.0275],[132.00841,34.02827],[132.01637,34.02589],[132.02228,34.02551]]]]}},{"type":"Feature","properties":{"code":"35216","name":"山陽小野田市","pref":"山口県","pref_code":"35","cx":131.16477,"cy":34.0247,"bbox":[131.06779,33.93141,131.22687,34.11961]},"geometry":{"type":"Polygon","coordinates":[[[131.06779,34.03893],[131.08324,34.03375],[131.08444,34.03754],[131.09602,34.03553],[131.10288,34.0308],[131.10794,34.0233],[131.11037,34.01794],[131.11528,34.01432],[131.11848,34.00681],[131.1214,34.00353],[131.13225,33.99652],[131.13429,33.99264],[131.13852,33.99431],[131.13397,33.99908],[131.13442,34.00334],[131.15064,34.0035],[131.14622,33.99545],[131.1555,33.98924],[131.15848,33.98918],[131.16199,33.99388],[131.16944,33.99653],[131.16977,33.99245],[131.16261,33.98948],[131.16063,33.98627],[131.16702,33.97833],[131.16154,33.97785],[131.16104,33.97387],[131.17458,33.97535],[131.17428,33.97326],[131.16891,33.97304],[131.16691,33.97055],[131.16294,33.97053],[131.16028,33.96752],[131.15766,33.95535],[131.16376,33.94966],[131.1652,33.94588],[131.17129,33.94209],[131.1726,33.93829],[131.17845,33.93141],[131.1855,33.93161],[131.18477,33.93898],[131.19416,33.94206],[131.19931,33.94286],[131.19297,33.9579],[131.18718,33.96154],[131.18859,33.96594],[131.18857,33.97229],[131.18675,33.9764],[131.18907,33.97827],[131.18606,33.98887],[131.19208,33.99231],[131.19199,33.99673],[131.20085,34.00181],[131.20394,34.00765],[131.20753,34.01092],[131.21033,34.01017],[131.21719,34.01323],[131.21913,34.01777],[131.22218,34.01913],[131.22264,34.0261],[131.22687,34.02781],[131.2239,34.03028],[131.21938,34.0312],[131.21362,34.03614],[131.21111,34.0345],[131.20679,34.03899],[131.19915,34.03741],[131.19557,34.04286],[131.1914,34.04392],[131.18701,34.05022],[131.18353,34.05226],[131.18979,34.05736],[131.19161,34.06134],[131.19565,34.06288],[131.1964,34.06529],[131.20154,34.06758],[131.20477,34.06703],[131.20578,34.07089],[131.21519,34.07389],[131.2162,34.07568],[131.21269,34.07874],[131.21088,34.08255],[131.21661,34.09383],[131.2149,34.09934],[131.21793,34.10866],[131.21414,34.11272],[131.21027,34.11327],[131.20834,34.11578],[131.19847,34.11623],[131.19053,34.11737],[131.18802,34.11961],[131.18099,34.11823],[131.17893,34.11426],[131.17354,34.11135],[131.17402,34.10898],[131.1702,34.10445],[131.16752,34.09544],[131.16439,34.09251],[131.16012,34.09316],[131.15641,34.08947],[131.15324,34.09148],[131.14759,34.09136],[131.14629,34.08735],[131.14111,34.08848],[131.13543,34.08615],[131.13061,34.08556],[131.12723,34.08203],[131.12326,34.08502],[131.12224,34.08792],[131.11848,34.08815],[131.11896,34.09311],[131.11295,34.0962],[131.1113,34.09233],[131.10699,34.09255],[131.10752,34.08346],[131.10984,34.08147],[131.11183,34.07523],[131.10743,34.07437],[131.1018,34.07119],[131.09755,34.07457],[131.09623,34.0711],[131.09018,34.07512],[131.08127,34.07359],[131.07391,34.07033],[131.07894,34.06745],[131.08184,34.06866],[131.08391,34.06373],[131.0798,34.0592],[131.07768,34.05986],[131.0718,34.05664],[131.06779,34.03893]]]}},{"type":"Feature","properties":{"code":"35305","name":"大島郡周防大島町","pref":"山口県","pref_code":"35","cx":132.24936,"cy":33.9132,"bbox":[132.15445,33.80182,132.49212,34.0098]},"geometry":{"type":"MultiPolygon","coordinates":[[[[132.45471,33.92702],[132.45549,33.91996],[132.46079,33.91963],[132.46128,33.92403],[132.45471,33.92702]]],[[[132.401,33.81459],[132.39605,33.81233],[132.39167,33.80704],[132.39447,33.80182],[132.39952,33.80392],[132.40003,33.80696],[132.39792,33.81101],[132.401,33.81459]]],[[[132.18056,33.84972],[132.17827,33.84633],[132.18149,33.84445],[132.18571,33.84589],[132.18518,33.84844],[132.18056,33.84972]]],[[[132.35934,33.85862],[132.35595,33.85725],[132.35736,33.8537],[132.3624,33.85057],[132.36562,33.84686],[132.37273,33.84811],[132.3734,33.8508],[132.37028,33.85337],[132.36714,33.85181],[132.35934,33.85862]]],[[[132.16646,33.94733],[132.15672,33.94588],[132.15445,33.9396],[132.15668,33.9376],[132.1633,33.93933],[132.16884,33.94523],[132.16646,33.94733]]],[[[132.49133,33.95847],[132.48581,33.95627],[132.48869,33.95305],[132.49212,33.95601],[132.49133,33.95847]]],[[[132.34773,33.95933],[132.34449,33.95891],[132.33752,33.95487],[132.3374,33.9467],[132.34855,33.9462],[132.35265,33.93934],[132.35623,33.94179],[132.35386,33.94482],[132.35429,33.95178],[132.35553,33.95251],[132.34985,33.96041],[132.34773,33.95933]]],[[[132.4708,33.96657],[132.46992,33.96391],[132.4654,33.96255],[132.4719,33.95754],[132.47383,33.95357],[132.47808,33.95445],[132.47933,33.95883],[132.47591,33.9634],[132.47335,33.9633],[132.4708,33.96657]]],[[[132.23399,33.96763],[132.22935,33.95958],[132.22414,33.95908],[132.21728,33.96088],[132.21728,33.96498],[132.21261,33.96404],[132.21106,33.96038],[132.21298,33.9563],[132.2119,33.95224],[132.20704,33.94966],[132.20279,33.94906],[132.19152,33.95527],[132.18456,33.95373],[132.18337,33.95053],[132.18536,33.9455],[132.18822,33.94173],[132.188,33.93471],[132.18395,33.93003],[132.18144,33.92885],[132.17639,33.93051],[132.17316,33.92392],[132.17676,33.91971],[132.17728,33.91102],[132.17524,33.90272],[132.17989,33.89633],[132.18706,33.89328],[132.19019,33.88576],[132.19478,33.88495],[132.20033,33.88197],[132.20419,33.87868],[132.2043,33.87217],[132.19958,33.87116],[132.20494,33.86442],[132.20664,33.85935],[132.20937,33.85941],[132.21303,33.86224],[132.21617,33.86653],[132.21449,33.87022],[132.21983,33.87439],[132.22539,33.87446],[132.23421,33.87717],[132.23771,33.87747],[132.24222,33.87431],[132.24876,33.8769],[132.2586,33.87762],[132.26373,33.87245],[132.26812,33.87021],[132.26805,33.87669],[132.26915,33.87895],[132.26817,33.88368],[132.26997,33.88769],[132.26897,33.89021],[132.2744,33.89391],[132.27805,33.89418],[132.27916,33.89667],[132.28396,33.90033],[132.28856,33.90215],[132.2924,33.89837],[132.28894,33.89393],[132.28959,33.89081],[132.29432,33.89307],[132.29602,33.89659],[132.30019,33.89663],[132.3085,33.89461],[132.30887,33.89227],[132.31356,33.89166],[132.31967,33.89328],[132.3273,33.88933],[132.32921,33.88254],[132.33315,33.88616],[132.33837,33.88066],[132.33768,33.87806],[132.32946,33.87269],[132.32621,33.86894],[132.32493,33.86432],[132.32739,33.85756],[132.33205,33.85792],[132.33371,33.86127],[132.34431,33.86545],[132.34506,33.86926],[132.35007,33.86879],[132.35228,33.86597],[132.35518,33.86702],[132.35958,33.86389],[132.36111,33.86065],[132.36559,33.86329],[132.37066,33.86413],[132.36843,33.8673],[132.36929,33.87675],[132.36442,33.87935],[132.36313,33.88473],[132.36674,33.89199],[132.36351,33.89391],[132.36267,33.89806],[132.36654,33.90273],[132.37182,33.90402],[132.3712,33.90942],[132.37579,33.91405],[132.38634,33.91477],[132.38656,33.91172],[132.39029,33.91136],[132.39036,33.91593],[132.39385,33.91777],[132.39896,33.91782],[132.40509,33.91561],[132.40567,33.91115],[132.41042,33.91234],[132.41119,33.91699],[132.41632,33.91919],[132.41829,33.91809],[132.42285,33.92576],[132.43273,33.92675],[132.43427,33.93182],[132.44317,33.93118],[132.45061,33.93233],[132.45391,33.93493],[132.45747,33.94119],[132.45771,33.94364],[132.44446,33.94212],[132.43912,33.94377],[132.43792,33.94605],[132.43865,33.95156],[132.43223,33.95006],[132.42392,33.95406],[132.41653,33.95292],[132.41222,33.94669],[132.40896,33.944],[132.40183,33.94087],[132.40472,33.93803],[132.40577,33.933],[132.40127,33.92824],[132.39506,33.92585],[132.38831,33.9251],[132.38671,33.92683],[132.38017,33.92625],[132.37857,33.92475],[132.3725,33.92601],[132.36977,33.92839],[132.36637,33.92538],[132.36485,33.92156],[132.36019,33.91782],[132.35454,33.91822],[132.35241,33.91592],[132.35782,33.91094],[132.35399,33.90714],[132.34612,33.90424],[132.34153,33.90508],[132.3351,33.90152],[132.32984,33.90161],[132.32852,33.90461],[132.3234,33.90504],[132.32184,33.90279],[132.31673,33.90602],[132.31954,33.90901],[132.32353,33.91718],[132.32058,33.91896],[132.31469,33.91681],[132.31285,33.91494],[132.30725,33.91535],[132.30581,33.91877],[132.30126,33.92009],[132.30045,33.92448],[132.30168,33.93],[132.29795,33.93445],[132.28733,33.9419],[132.28584,33.95542],[132.28324,33.95609],[132.27381,33.94985],[132.2679,33.94809],[132.25899,33.94982],[132.24885,33.95412],[132.24461,33.96274],[132.23399,33.96763]]],[[[132.34873,33.97379],[132.34811,33.97001],[132.35101,33.96137],[132.35388,33.96325],[132.35554,33.96704],[132.35197,33.96884],[132.34873,33.97379]]],[[[132.26371,34.0098],[132.25963,34.00712],[132.2584,34.00387],[132.26593,33.99932],[132.26402,33.99582],[132.27163,33.99599],[132.27209,33.99918],[132.26943,34.00062],[132.27007,34.00499],[132.26595,34.00934],[132.26371,34.0098]]]]}},{"type":"Feature","properties":{"code":"35321","name":"玖珂郡和木町","pref":"山口県","pref_code":"35","cx":132.20414,"cy":34.1955,"bbox":[132.1835,34.17956,132.24679,34.21067]},"geometry":{"type":"Polygon","coordinates":[[[132.23764,34.1962],[132.24061,34.1975],[132.24679,34.20486],[132.2456,34.21067],[132.22227,34.20839],[132.21782,34.20682],[132.21431,34.20356],[132.21017,34.20258],[132.20657,34.20362],[132.20132,34.20776],[132.19764,34.20468],[132.19333,34.20701],[132.1926,34.20268],[132.1835,34.19729],[132.18466,34.1948],[132.18882,34.19201],[132.18738,34.18891],[132.1963,34.18043],[132.20039,34.17956],[132.21596,34.18231],[132.21863,34.18159],[132.22268,34.18618],[132.22317,34.18936],[132.22602,34.19078],[132.2223,34.19925],[132.22476,34.20201],[132.22967,34.20357],[132.2318,34.20146],[132.23694,34.20215],[132.23764,34.1962]]]}},{"type":"Feature","properties":{"code":"35341","name":"熊毛郡上関町","pref":"山口県","pref_code":"35","cx":132.13446,"cy":33.84505,"bbox":[131.93088,33.71292,132.15301,33.86203]},"geometry":{"type":"MultiPolygon","coordinates":[[[[132.15091,33.76389],[132.14273,33.74939],[132.14002,33.74719],[132.14039,33.73866],[132.14531,33.73685],[132.145,33.73081],[132.13877,33.72937],[132.13287,33.72656],[132.13047,33.72178],[132.12662,33.71941],[132.13354,33.71292],[132.13918,33.71548],[132.14207,33.71862],[132.14927,33.72089],[132.15301,33.72745],[132.14901,33.73215],[132.14608,33.74022],[132.14915,33.74657],[132.14924,33.75045],[132.14631,33.75444],[132.15152,33.76139],[132.15091,33.76389]]],[[[132.0525,33.77961],[132.05187,33.77659],[132.0481,33.7738],[132.05115,33.77174],[132.0548,33.77526],[132.0525,33.77961]]],[[[131.9342,33.79498],[131.93088,33.79398],[131.93169,33.78858],[131.93795,33.78699],[131.94002,33.78839],[131.93936,33.79222],[131.9342,33.79498]]],[[[131.97065,33.79799],[131.96753,33.79814],[131.96264,33.79491],[131.96107,33.79086],[131.9627,33.78468],[131.95888,33.78079],[131.95167,33.78228],[131.94711,33.78075],[131.95041,33.77261],[131.95326,33.77084],[131.9641,33.76855],[131.97444,33.77413],[131.97974,33.77447],[131.98889,33.77853],[131.99353,33.77974],[131.99141,33.78608],[131.98675,33.78801],[131.97702,33.79634],[131.97065,33.79799]]],[[[132.07141,33.85841],[132.07197,33.85553],[132.06834,33.85243],[132.06763,33.8485],[132.07003,33.84311],[132.07615,33.84057],[132.08111,33.83615],[132.07816,33.83379],[132.07838,33.82736],[132.07045,33.8226],[132.06695,33.81884],[132.06142,33.81969],[132.06089,33.81541],[132.05847,33.8144],[132.05751,33.80797],[132.05957,33.80669],[132.05415,33.79827],[132.04963,33.79899],[132.04523,33.796],[132.03939,33.79624],[132.0337,33.7949],[132.03105,33.79616],[132.02813,33.7934],[132.03373,33.79225],[132.03308,33.78903],[132.03673,33.7868],[132.04113,33.7902],[132.04319,33.78988],[132.0493,33.78453],[132.05771,33.78897],[132.05557,33.79193],[132.05581,33.79566],[132.05916,33.79859],[132.06053,33.80247],[132.06638,33.80442],[132.07266,33.80312],[132.0751,33.80518],[132.07366,33.80825],[132.0755,33.8138],[132.08568,33.8173],[132.08508,33.82095],[132.08853,33.82583],[132.09767,33.82654],[132.10419,33.82473],[132.10848,33.82833],[132.11476,33.82765],[132.118,33.83061],[132.11137,33.83167],[132.10859,33.83723],[132.10421,33.83663],[132.1024,33.8437],[132.09725,33.8434],[132.09263,33.84537],[132.08358,33.84479],[132.07766,33.8489],[132.07818,33.85223],[132.07141,33.85841]]],[[[132.13335,33.86193],[132.12574,33.86203],[132.12252,33.85921],[132.11572,33.85921],[132.11727,33.85741],[132.11642,33.85107],[132.11826,33.84692],[132.11648,33.83991],[132.11782,33.83825],[132.11546,33.83367],[132.1183,33.83203],[132.12464,33.83513],[132.13994,33.8318],[132.14457,33.83359],[132.14481,33.83663],[132.14847,33.83877],[132.1526,33.84317],[132.14937,33.8473],[132.14338,33.84993],[132.14227,33.85321],[132.13779,33.85345],[132.13335,33.86193]]]]}},{"type":"Feature","properties":{"code":"35343","name":"熊毛郡田布施町","pref":"山口県","pref_code":"35","cx":132.02219,"cy":33.9442,"bbox":[131.98003,33.88708,132.07355,34.02129]},"geometry":{"type":"MultiPolygon","coordinates":[[[[132.0439,33.90087],[132.04158,33.89581],[132.04701,33.89369],[132.04944,33.88708],[132.05409,33.88964],[132.04891,33.89895],[132.0439,33.90087]]],[[[132.02513,33.90174],[132.03022,33.90691],[132.03758,33.90902],[132.04372,33.91188],[132.04551,33.91408],[132.05295,33.91584],[132.05267,33.92221],[132.05615,33.92081],[132.06304,33.9299],[132.06171,33.94232],[132.05842,33.9504],[132.06,33.95478],[132.05744,33.96128],[132.06408,33.96517],[132.06151,33.97856],[132.06082,33.98697],[132.06309,33.9899],[132.05549,33.98971],[132.05104,33.98729],[132.05051,33.98519],[132.0357,33.98348],[132.03243,33.98606],[132.02488,33.98643],[132.02198,33.98782],[132.01257,33.98294],[132.01311,33.98111],[132.00836,33.97785],[132.01204,33.97632],[132.0046,33.97114],[132.00017,33.97083],[131.99693,33.96818],[131.99772,33.96436],[131.99413,33.95964],[131.98377,33.95811],[131.98003,33.95128],[131.98085,33.94742],[131.98309,33.94607],[131.98403,33.94079],[131.99239,33.93545],[131.99456,33.93204],[131.99845,33.93294],[132.003,33.92924],[132.00255,33.92599],[132.01184,33.92181],[132.016,33.91462],[132.02723,33.91282],[132.02557,33.90842],[132.02513,33.90174]]],[[[132.06415,33.9968],[132.06709,34.00221],[132.06719,34.00505],[132.07088,34.01372],[132.07355,34.01691],[132.07007,34.01821],[132.06723,34.02129],[132.06015,34.01866],[132.05904,34.01417],[132.05369,34.01204],[132.05772,34.01141],[132.05762,34.00859],[132.05379,34.00631],[132.05328,34.00188],[132.05644,33.9993],[132.05977,33.99915],[132.06415,33.9968]]]]}},{"type":"Feature","properties":{"code":"35344","name":"熊毛郡平生町","pref":"山口県","pref_code":"35","cx":132.07947,"cy":33.90894,"bbox":[132.04487,33.85921,132.13461,33.95876]},"geometry":{"type":"MultiPolygon","coordinates":[[[[132.06473,33.88365],[132.06181,33.88408],[132.05747,33.87994],[132.05675,33.87598],[132.06139,33.87337],[132.06165,33.86677],[132.06773,33.86786],[132.06995,33.87094],[132.06878,33.87482],[132.066,33.87586],[132.06473,33.88365]]],[[[132.06,33.95478],[132.05842,33.9504],[132.06171,33.94232],[132.06304,33.9299],[132.05615,33.92081],[132.055,33.91266],[132.04487,33.90973],[132.04945,33.90838],[132.05345,33.90975],[132.06118,33.90931],[132.06712,33.90775],[132.06874,33.90511],[132.07401,33.90545],[132.07722,33.90064],[132.07749,33.89311],[132.08769,33.89047],[132.09182,33.88701],[132.10185,33.88182],[132.11001,33.88071],[132.11217,33.8782],[132.11554,33.87872],[132.11999,33.87549],[132.1207,33.87076],[132.11778,33.86502],[132.11315,33.86084],[132.11572,33.85921],[132.12252,33.85921],[132.12574,33.86203],[132.13335,33.86193],[132.13461,33.86631],[132.13341,33.87452],[132.12377,33.87983],[132.12152,33.88327],[132.10984,33.89163],[132.10995,33.89463],[132.10739,33.89977],[132.10422,33.90077],[132.10328,33.90574],[132.09652,33.90857],[132.09465,33.91285],[132.09997,33.91427],[132.10348,33.91673],[132.10762,33.92265],[132.1066,33.94006],[132.10513,33.94744],[132.10641,33.95126],[132.10038,33.9547],[132.09656,33.95492],[132.09397,33.95876],[132.08917,33.95666],[132.08704,33.95852],[132.07985,33.95748],[132.07675,33.95546],[132.06922,33.95566],[132.06,33.95478]]]]}},{"type":"Feature","properties":{"code":"35502","name":"阿武郡阿武町","pref":"山口県","pref_code":"35","cx":131.56114,"cy":34.54296,"bbox":[131.45172,34.48042,131.64783,34.6066]},"geometry":{"type":"Polygon","coordinates":[[[131.55778,34.60322],[131.55726,34.59946],[131.55364,34.59686],[131.55095,34.59297],[131.55599,34.58827],[131.55383,34.58404],[131.55478,34.57986],[131.54938,34.57314],[131.54134,34.56918],[131.539,34.56301],[131.53339,34.55942],[131.52987,34.56005],[131.52035,34.554],[131.51549,34.55262],[131.51451,34.54851],[131.50705,34.54149],[131.50405,34.53393],[131.4987,34.53169],[131.49271,34.53136],[131.4891,34.53348],[131.48085,34.53157],[131.47773,34.5339],[131.47037,34.53326],[131.46683,34.53839],[131.46458,34.53217],[131.45791,34.52608],[131.45544,34.52552],[131.45584,34.52042],[131.45172,34.51614],[131.45474,34.51232],[131.45246,34.50823],[131.45808,34.50743],[131.45844,34.50256],[131.46101,34.50032],[131.46601,34.50061],[131.46727,34.49758],[131.46341,34.49086],[131.46188,34.48585],[131.46765,34.48551],[131.46942,34.48788],[131.47769,34.49228],[131.48262,34.48816],[131.48981,34.48839],[131.49374,34.48424],[131.50254,34.48307],[131.50317,34.48649],[131.50608,34.4893],[131.51294,34.48906],[131.51444,34.49117],[131.5109,34.49663],[131.51693,34.50177],[131.52297,34.50536],[131.5279,34.50625],[131.52967,34.50495],[131.53486,34.51022],[131.53864,34.51605],[131.54298,34.51683],[131.5468,34.51412],[131.54563,34.50668],[131.55019,34.50193],[131.55008,34.49675],[131.55502,34.49649],[131.55804,34.49103],[131.5618,34.48963],[131.56324,34.48507],[131.56661,34.48107],[131.57417,34.48042],[131.58031,34.48213],[131.58417,34.48191],[131.58903,34.48459],[131.59492,34.48612],[131.59829,34.49401],[131.60263,34.49805],[131.6085,34.50011],[131.61265,34.49891],[131.61423,34.4963],[131.62085,34.49967],[131.62243,34.5026],[131.62832,34.50308],[131.63185,34.50696],[131.63738,34.50826],[131.63839,34.50999],[131.64783,34.51366],[131.64355,34.51658],[131.64238,34.52203],[131.63613,34.52579],[131.63384,34.53182],[131.62579,34.52878],[131.62314,34.53096],[131.61934,34.53103],[131.61781,34.53388],[131.61994,34.53663],[131.61473,34.53982],[131.61316,34.54444],[131.61427,34.54699],[131.60671,34.54681],[131.60464,34.54964],[131.60056,34.55065],[131.59571,34.55707],[131.59075,34.55707],[131.59128,34.56313],[131.59579,34.56707],[131.59524,34.5726],[131.59849,34.57482],[131.60064,34.58289],[131.59754,34.58755],[131.59201,34.59054],[131.58827,34.59003],[131.58481,34.59227],[131.58162,34.60273],[131.57383,34.60379],[131.56414,34.6066],[131.55778,34.60322]]]}}]}