{"type":"FeatureCollection","features":[{"type":"Feature","properties":{"code":"08201","name":"水戸市","pref":"茨城県","pref_code":"08","cx":140.41034,"cy":36.37865,"bbox":[140.322,36.30072,140.58681,36.46428]},"geometry":{"type":"Polygon","coordinates":[[[140.41445,36.46087],[140.39696,36.45739],[140.39456,36.46197],[140.38134,36.46428],[140.38603,36.45105],[140.39524,36.44741],[140.39423,36.4384],[140.37,36.43223],[140.34418,36.43196],[140.33714,36.42914],[140.34759,36.42065],[140.35456,36.40006],[140.3453,36.3943],[140.32433,36.39393],[140.322,36.38379],[140.33609,36.37475],[140.34171,36.36405],[140.33309,36.34428],[140.3443,36.32405],[140.36943,36.31314],[140.39086,36.31248],[140.38568,36.32588],[140.39455,36.33272],[140.40972,36.33888],[140.41887,36.33089],[140.42509,36.31548],[140.44248,36.32058],[140.47147,36.31512],[140.48405,36.32242],[140.49337,36.31997],[140.49748,36.30564],[140.50694,36.30072],[140.52059,36.30643],[140.53088,36.3052],[140.54441,36.31905],[140.55912,36.31329],[140.56113,36.32011],[140.57513,36.3273],[140.58681,36.33668],[140.57689,36.34445],[140.56357,36.35014],[140.55542,36.35802],[140.54406,36.36319],[140.5259,36.36643],[140.51467,36.37175],[140.50114,36.38256],[140.49277,36.37467],[140.48461,36.39012],[140.48852,36.39772],[140.48391,36.40755],[140.47456,36.39907],[140.46162,36.4105],[140.45445,36.42302],[140.45906,36.43502],[140.44867,36.45079],[140.42593,36.44828],[140.41445,36.46087]]]}},{"type":"Feature","properties":{"code":"08202","name":"日立市","pref":"茨城県","pref_code":"08","cx":140.62505,"cy":36.59457,"bbox":[140.51673,36.48165,140.71651,36.71355]},"geometry":{"type":"Polygon","coordinates":[[[140.71651,36.69265],[140.69809,36.69904],[140.68999,36.69656],[140.67038,36.69939],[140.66339,36.70564],[140.65181,36.70587],[140.63543,36.7006],[140.62066,36.71003],[140.59902,36.70334],[140.57703,36.70431],[140.55477,36.71355],[140.54096,36.70913],[140.5375,36.69727],[140.54359,36.68138],[140.5499,36.67867],[140.54979,36.66753],[140.54091,36.66594],[140.54106,36.65452],[140.51673,36.64958],[140.53804,36.61954],[140.56587,36.62159],[140.57614,36.62433],[140.58328,36.62089],[140.58836,36.60703],[140.57799,36.58596],[140.58328,36.57397],[140.58235,36.5653],[140.59239,36.5535],[140.58998,36.54348],[140.59675,36.53645],[140.60001,36.52136],[140.57458,36.50695],[140.56457,36.50781],[140.5598,36.49462],[140.5906,36.49405],[140.59118,36.48939],[140.60415,36.48197],[140.61391,36.48165],[140.6207,36.48649],[140.63326,36.5093],[140.6334,36.52121],[140.63872,36.53846],[140.64616,36.54423],[140.64438,36.55166],[140.65444,36.57544],[140.66046,36.5786],[140.66445,36.59123],[140.67131,36.5979],[140.68021,36.61499],[140.68944,36.6209],[140.69376,36.6447],[140.70414,36.6558],[140.71612,36.66262],[140.71425,36.67413],[140.71651,36.69265]]]}},{"type":"Feature","properties":{"code":"08203","name":"土浦市","pref":"茨城県","pref_code":"08","cx":140.2114,"cy":36.09624,"bbox":[140.12708,36.01476,140.28037,36.17538]},"geometry":{"type":"Polygon","coordinates":[[[140.17654,36.1718],[140.16831,36.17064],[140.15696,36.17536],[140.14318,36.17191],[140.13734,36.17538],[140.13006,36.16751],[140.13845,36.16101],[140.1425,36.14877],[140.12753,36.13699],[140.12708,36.12308],[140.1387,36.11371],[140.15025,36.11346],[140.15887,36.10853],[140.15657,36.09791],[140.15609,36.07423],[140.17163,36.06756],[140.16313,36.06272],[140.14356,36.04523],[140.1443,36.02797],[140.15861,36.01476],[140.16782,36.02562],[140.17305,36.04038],[140.18874,36.03093],[140.19122,36.04124],[140.19952,36.0406],[140.20932,36.04735],[140.214,36.05546],[140.24213,36.05534],[140.26229,36.0522],[140.26644,36.08611],[140.25969,36.09341],[140.27028,36.09796],[140.27738,36.09456],[140.28037,36.10908],[140.23794,36.12206],[140.19367,36.12933],[140.20575,36.14122],[140.20288,36.15384],[140.1951,36.16232],[140.18074,36.16489],[140.17654,36.1718]]]}},{"type":"Feature","properties":{"code":"08204","name":"古河市","pref":"茨城県","pref_code":"08","cx":139.77685,"cy":36.18556,"bbox":[139.68802,36.1261,139.86596,36.2397]},"geometry":{"type":"Polygon","coordinates":[[[139.85395,36.21338],[139.84042,36.21988],[139.82844,36.21748],[139.83126,36.20453],[139.82251,36.20508],[139.81594,36.21647],[139.82161,36.2397],[139.76004,36.21924],[139.74828,36.21109],[139.72754,36.20584],[139.70749,36.21084],[139.70647,36.20186],[139.69362,36.20649],[139.68802,36.20014],[139.69365,36.19168],[139.69089,36.17526],[139.69612,36.1564],[139.71013,36.13594],[139.72055,36.13231],[139.74643,36.13197],[139.75906,36.1261],[139.76636,36.13544],[139.78024,36.1339],[139.78078,36.14506],[139.77637,36.15357],[139.80229,36.15583],[139.80648,36.15121],[139.80628,36.13872],[139.8139,36.13678],[139.82936,36.14127],[139.83069,36.15206],[139.8563,36.14718],[139.85077,36.1619],[139.85637,36.17944],[139.86596,36.1919],[139.85369,36.20621],[139.85395,36.21338]]]}},{"type":"Feature","properties":{"code":"08205","name":"石岡市","pref":"茨城県","pref_code":"08","cx":140.19361,"cy":36.22738,"bbox":[140.11034,36.1274,140.34581,36.32209]},"geometry":{"type":"Polygon","coordinates":[[[140.17654,36.1718],[140.19324,36.18185],[140.20723,36.18566],[140.20919,36.19188],[140.22429,36.19475],[140.21141,36.20202],[140.21011,36.20902],[140.23663,36.20547],[140.24616,36.1901],[140.26817,36.1787],[140.27875,36.16557],[140.26714,36.15087],[140.25853,36.14572],[140.24802,36.13284],[140.26496,36.13447],[140.2934,36.13253],[140.33148,36.1274],[140.34581,36.13068],[140.33027,36.14723],[140.30975,36.15589],[140.3071,36.16528],[140.31577,36.18377],[140.33419,36.18803],[140.31415,36.20107],[140.31176,36.20956],[140.30026,36.21033],[140.28491,36.22042],[140.2749,36.22346],[140.27193,36.2313],[140.28061,36.25488],[140.29308,36.25553],[140.3046,36.26518],[140.3041,36.27303],[140.29392,36.26884],[140.25884,36.27204],[140.24744,36.2842],[140.23681,36.28427],[140.224,36.29595],[140.2225,36.30445],[140.21234,36.3172],[140.20206,36.32209],[140.19282,36.31764],[140.18054,36.32107],[140.17114,36.32144],[140.15464,36.31615],[140.14568,36.30669],[140.14378,36.29852],[140.15236,36.28746],[140.14084,36.27007],[140.12676,36.24357],[140.11034,36.23135],[140.1227,36.21717],[140.12852,36.20314],[140.12803,36.18943],[140.13734,36.17538],[140.14318,36.17191],[140.15696,36.17536],[140.16831,36.17064],[140.17654,36.1718]]]}},{"type":"Feature","properties":{"code":"08207","name":"結城市","pref":"茨城県","pref_code":"08","cx":139.86192,"cy":36.25823,"bbox":[139.81594,36.20453,139.90841,36.31508]},"geometry":{"type":"Polygon","coordinates":[[[139.85395,36.21338],[139.86876,36.2197],[139.88505,36.21229],[139.8907,36.21482],[139.90568,36.23462],[139.9049,36.23864],[139.88827,36.25295],[139.89961,36.2635],[139.90841,36.27973],[139.90168,36.2875],[139.90301,36.29864],[139.89429,36.30193],[139.89664,36.30975],[139.87248,36.31508],[139.85687,36.31049],[139.84995,36.31179],[139.83521,36.2918],[139.84173,36.27733],[139.83186,36.26506],[139.82682,36.24757],[139.82161,36.2397],[139.81594,36.21647],[139.82251,36.20508],[139.83126,36.20453],[139.82844,36.21748],[139.84042,36.21988],[139.85395,36.21338]]]}},{"type":"Feature","properties":{"code":"08208","name":"龍ケ崎市","pref":"茨城県","pref_code":"08","cx":140.19182,"cy":35.9278,"bbox":[140.08883,35.87235,140.25588,35.98305]},"geometry":{"type":"Polygon","coordinates":[[[140.11473,35.97981],[140.1097,35.96458],[140.11636,35.952],[140.1019,35.9555],[140.09071,35.96807],[140.08883,35.98305],[140.08902,35.96818],[140.09647,35.95709],[140.11437,35.94791],[140.13245,35.93605],[140.12793,35.91988],[140.15192,35.90299],[140.14463,35.89308],[140.12738,35.8821],[140.13424,35.87972],[140.16124,35.8792],[140.16419,35.88693],[140.18554,35.88498],[140.19624,35.87235],[140.20165,35.87468],[140.21553,35.88444],[140.23597,35.90224],[140.24847,35.90677],[140.25588,35.93782],[140.24102,35.94881],[140.22675,35.94822],[140.21576,35.95531],[140.19518,35.96335],[140.18696,35.95664],[140.18356,35.94598],[140.17485,35.93571],[140.16894,35.9466],[140.1577,35.95169],[140.15287,35.94437],[140.12921,35.95298],[140.11599,35.96454],[140.11473,35.97981]]]}},{"type":"Feature","properties":{"code":"08210","name":"下妻市","pref":"茨城県","pref_code":"08","cx":139.9786,"cy":36.18872,"bbox":[139.90547,36.13377,140.0364,36.24418]},"geometry":{"type":"Polygon","coordinates":[[[140.0364,36.19956],[140.02575,36.19886],[140.00266,36.20783],[140.00354,36.22049],[139.99835,36.23004],[139.98121,36.23343],[139.9699,36.2294],[139.9508,36.228],[139.94267,36.23107],[139.93935,36.24418],[139.92775,36.24336],[139.91511,36.23154],[139.90547,36.23043],[139.91674,36.21854],[139.91521,36.20833],[139.92285,36.19545],[139.93492,36.19542],[139.93715,36.19027],[139.93432,36.17512],[139.94412,36.16805],[139.94061,36.15362],[139.92659,36.15149],[139.92804,36.16002],[139.92348,36.16976],[139.91419,36.16085],[139.91976,36.15756],[139.91845,36.14578],[139.9219,36.13377],[139.93721,36.13447],[139.95212,36.13831],[139.95207,36.14436],[139.97048,36.14181],[139.99012,36.13576],[139.99805,36.13573],[140.00348,36.14258],[140.0074,36.17147],[140.02464,36.17924],[140.01944,36.18717],[140.0235,36.19416],[140.0364,36.19956]]]}},{"type":"Feature","properties":{"code":"08211","name":"常総市","pref":"茨城県","pref_code":"08","cx":139.9816,"cy":36.05799,"bbox":[139.8941,35.96838,140.02926,36.14578]},"geometry":{"type":"Polygon","coordinates":[[[139.91845,36.14578],[139.91656,36.13294],[139.90188,36.13699],[139.8941,36.13171],[139.89559,36.12107],[139.93128,36.08995],[139.93875,36.08836],[139.93547,36.0692],[139.94754,36.05677],[139.95805,36.05324],[139.95286,36.03541],[139.94254,36.02811],[139.91965,36.02174],[139.91644,36.0102],[139.92234,35.99067],[139.92366,35.97044],[139.93404,35.96838],[139.94161,35.97872],[139.96383,35.97476],[139.97141,35.97752],[139.97471,35.98075],[139.97337,35.99943],[139.98304,35.99776],[139.99292,36.00139],[139.99139,36.01201],[140.02926,36.03363],[140.02678,36.04551],[140.01588,36.05921],[140.00574,36.06274],[140.00874,36.07104],[139.99838,36.09028],[140.00725,36.09504],[139.99889,36.10752],[140.00217,36.12312],[139.99581,36.12827],[139.99805,36.13573],[139.99012,36.13576],[139.97048,36.14181],[139.95207,36.14436],[139.95212,36.13831],[139.93721,36.13447],[139.9219,36.13377],[139.91845,36.14578]]]}},{"type":"Feature","properties":{"code":"08212","name":"常陸太田市","pref":"茨城県","pref_code":"08","cx":140.49758,"cy":36.67713,"bbox":[140.41458,36.49363,140.60001,36.8632]},"geometry":{"type":"Polygon","coordinates":[[[140.55477,36.71355],[140.56201,36.73439],[140.55513,36.74528],[140.55763,36.76176],[140.54596,36.76306],[140.53754,36.77933],[140.54382,36.78494],[140.53974,36.79723],[140.54077,36.80542],[140.55482,36.82668],[140.56033,36.83011],[140.55596,36.84251],[140.56985,36.8598],[140.56747,36.8632],[140.54547,36.85814],[140.53797,36.85877],[140.52811,36.84856],[140.52848,36.83999],[140.51905,36.83615],[140.51668,36.82656],[140.50293,36.81903],[140.48892,36.81871],[140.48918,36.80935],[140.48014,36.79982],[140.46372,36.7916],[140.46315,36.78616],[140.46973,36.75941],[140.44755,36.74672],[140.44984,36.73215],[140.44151,36.72898],[140.42711,36.73497],[140.41524,36.73227],[140.42417,36.72382],[140.43029,36.71232],[140.44299,36.7037],[140.44505,36.69426],[140.45228,36.69248],[140.44987,36.68049],[140.44318,36.67559],[140.45291,36.66709],[140.44609,36.65443],[140.41692,36.63921],[140.41458,36.63183],[140.43491,36.61449],[140.4273,36.59239],[140.43475,36.57558],[140.43191,36.56735],[140.43936,36.55966],[140.4441,36.53433],[140.44894,36.52457],[140.45789,36.52038],[140.45979,36.50992],[140.48931,36.49363],[140.50442,36.49402],[140.5159,36.50339],[140.55306,36.50315],[140.5598,36.49462],[140.56457,36.50781],[140.57458,36.50695],[140.60001,36.52136],[140.59675,36.53645],[140.58998,36.54348],[140.59239,36.5535],[140.58235,36.5653],[140.58328,36.57397],[140.57799,36.58596],[140.58836,36.60703],[140.58328,36.62089],[140.57614,36.62433],[140.56587,36.62159],[140.53804,36.61954],[140.51673,36.64958],[140.54106,36.65452],[140.54091,36.66594],[140.54979,36.66753],[140.5499,36.67867],[140.54359,36.68138],[140.5375,36.69727],[140.54096,36.70913],[140.55477,36.71355]]]}},{"type":"Feature","properties":{"code":"08214","name":"高萩市","pref":"茨城県","pref_code":"08","cx":140.5986,"cy":36.78337,"bbox":[140.53754,36.69265,140.73315,36.87292]},"geometry":{"type":"Polygon","coordinates":[[[140.71651,36.69265],[140.72258,36.70883],[140.72924,36.71681],[140.72817,36.72685],[140.73315,36.74866],[140.72436,36.752],[140.71056,36.75041],[140.70321,36.75328],[140.69194,36.74979],[140.67558,36.75758],[140.67159,36.76452],[140.66061,36.77167],[140.65136,36.77231],[140.64856,36.7818],[140.66314,36.78528],[140.67049,36.79693],[140.6799,36.8012],[140.67435,36.80779],[140.65749,36.81131],[140.65316,36.81947],[140.62394,36.84525],[140.6131,36.84719],[140.60475,36.85555],[140.5984,36.87061],[140.59188,36.87292],[140.56747,36.8632],[140.56985,36.8598],[140.55596,36.84251],[140.56033,36.83011],[140.55482,36.82668],[140.54077,36.80542],[140.53974,36.79723],[140.54382,36.78494],[140.53754,36.77933],[140.54596,36.76306],[140.55763,36.76176],[140.55513,36.74528],[140.56201,36.73439],[140.55477,36.71355],[140.57703,36.70431],[140.59902,36.70334],[140.62066,36.71003],[140.63543,36.7006],[140.65181,36.70587],[140.66339,36.70564],[140.67038,36.69939],[140.68999,36.69656],[140.69809,36.69904],[140.71651,36.69265]]]}},{"type":"Feature","properties":{"code":"08215","name":"北茨城市","pref":"茨城県","pref_code":"08","cx":140.708,"cy":36.84622,"bbox":[140.56566,36.74866,140.80234,36.94511]},"geometry":{"type":"Polygon","coordinates":[[[140.73315,36.74866],[140.74654,36.78042],[140.76849,36.81833],[140.77326,36.82297],[140.79132,36.82974],[140.79936,36.82712],[140.80234,36.83946],[140.79716,36.84275],[140.79814,36.85349],[140.77721,36.86738],[140.76683,36.86155],[140.75556,36.86955],[140.7405,36.87556],[140.71414,36.87283],[140.70222,36.88351],[140.68372,36.89063],[140.64738,36.901],[140.63728,36.89756],[140.6147,36.90451],[140.59804,36.92505],[140.58661,36.94511],[140.56744,36.93668],[140.57054,36.93113],[140.56566,36.91643],[140.58077,36.90441],[140.57938,36.89614],[140.59329,36.87984],[140.59188,36.87292],[140.5984,36.87061],[140.60475,36.85555],[140.6131,36.84719],[140.62394,36.84525],[140.65316,36.81947],[140.65749,36.81131],[140.67435,36.80779],[140.6799,36.8012],[140.67049,36.79693],[140.66314,36.78528],[140.64856,36.7818],[140.65136,36.77231],[140.66061,36.77167],[140.67159,36.76452],[140.67558,36.75758],[140.69194,36.74979],[140.70321,36.75328],[140.71056,36.75041],[140.72436,36.752],[140.73315,36.74866]]]}},{"type":"Feature","properties":{"code":"08216","name":"笠間市","pref":"茨城県","pref_code":"08","cx":140.25156,"cy":36.35327,"bbox":[140.16318,36.26583,140.36943,36.44618]},"geometry":{"type":"Polygon","coordinates":[[[140.33714,36.42914],[140.31874,36.4406],[140.30751,36.44463],[140.29134,36.44618],[140.28668,36.43709],[140.25776,36.43465],[140.25373,36.43085],[140.23777,36.4314],[140.23259,36.43916],[140.20204,36.43281],[140.20326,36.42074],[140.19249,36.40458],[140.18516,36.39834],[140.18956,36.38563],[140.17986,36.37611],[140.17895,36.36156],[140.16903,36.36096],[140.16318,36.34558],[140.16431,36.33696],[140.1732,36.33729],[140.18295,36.32534],[140.18054,36.32107],[140.19282,36.31764],[140.20206,36.32209],[140.21234,36.3172],[140.2225,36.30445],[140.224,36.29595],[140.23681,36.28427],[140.24744,36.2842],[140.25884,36.27204],[140.29392,36.26884],[140.3041,36.27303],[140.31609,36.27612],[140.34294,36.26583],[140.35922,36.3006],[140.35679,36.30707],[140.36943,36.31314],[140.3443,36.32405],[140.33309,36.34428],[140.34171,36.36405],[140.33609,36.37475],[140.322,36.38379],[140.32433,36.39393],[140.3453,36.3943],[140.35456,36.40006],[140.34759,36.42065],[140.33714,36.42914]]]}},{"type":"Feature","properties":{"code":"08217","name":"取手市","pref":"茨城県","pref_code":"08","cx":140.06636,"cy":35.91496,"bbox":[139.9952,35.87086,140.15192,35.95421]},"geometry":{"type":"Polygon","coordinates":[[[140.11437,35.94791],[140.09415,35.94189],[140.08245,35.94468],[140.06573,35.93726],[140.05638,35.93773],[140.04463,35.93156],[140.02886,35.94211],[140.02001,35.95421],[140.01614,35.93211],[140.00337,35.92655],[139.9952,35.90957],[140.01886,35.91005],[140.03111,35.90061],[140.04754,35.89196],[140.06112,35.88806],[140.07433,35.87663],[140.08813,35.88403],[140.10276,35.88074],[140.12714,35.87086],[140.12738,35.8821],[140.14463,35.89308],[140.15192,35.90299],[140.12793,35.91988],[140.13245,35.93605],[140.11437,35.94791]]]}},{"type":"Feature","properties":{"code":"08219","name":"牛久市","pref":"茨城県","pref_code":"08","cx":140.15751,"cy":35.98164,"bbox":[140.11473,35.93571,140.27293,36.02797]},"geometry":{"type":"Polygon","coordinates":[[[140.1443,36.02797],[140.1453,36.00606],[140.13293,36.00083],[140.14105,35.98813],[140.13193,35.98558],[140.12716,35.97721],[140.11473,35.97981],[140.11599,35.96454],[140.12921,35.95298],[140.15287,35.94437],[140.1577,35.95169],[140.16894,35.9466],[140.17485,35.93571],[140.18356,35.94598],[140.18696,35.95664],[140.19518,35.96335],[140.21576,35.95531],[140.22675,35.94822],[140.24102,35.94881],[140.25588,35.93782],[140.27293,35.94343],[140.26173,35.97753],[140.25755,35.97913],[140.25027,35.98648],[140.22807,35.97608],[140.21748,35.98346],[140.20869,35.96868],[140.18925,35.97861],[140.17927,35.98634],[140.17574,36.00149],[140.15861,36.01476],[140.1443,36.02797]]]}},{"type":"Feature","properties":{"code":"08220","name":"つくば市","pref":"茨城県","pref_code":"08","cx":140.07964,"cy":36.09266,"bbox":[139.99581,35.952,140.17163,36.23465]},"geometry":{"type":"Polygon","coordinates":[[[140.13734,36.17538],[140.12803,36.18943],[140.12852,36.20314],[140.1227,36.21717],[140.11034,36.23135],[140.09209,36.2267],[140.08259,36.22808],[140.06021,36.22567],[140.06041,36.23465],[140.05296,36.22818],[140.05943,36.21285],[140.04897,36.21164],[140.04975,36.20396],[140.0364,36.19956],[140.0235,36.19416],[140.01944,36.18717],[140.02464,36.17924],[140.0074,36.17147],[140.00348,36.14258],[139.99805,36.13573],[139.99581,36.12827],[140.00217,36.12312],[139.99889,36.10752],[140.00725,36.09504],[139.99838,36.09028],[140.00874,36.07104],[140.00574,36.06274],[140.01588,36.05921],[140.02678,36.04551],[140.04976,36.03162],[140.04507,36.02001],[140.0507,36.00851],[140.06515,36.01301],[140.08202,35.99808],[140.08883,35.98305],[140.09071,35.96807],[140.1019,35.9555],[140.11636,35.952],[140.1097,35.96458],[140.11473,35.97981],[140.12716,35.97721],[140.13193,35.98558],[140.14105,35.98813],[140.13293,36.00083],[140.1453,36.00606],[140.14356,36.04523],[140.16313,36.06272],[140.17163,36.06756],[140.15609,36.07423],[140.15657,36.09791],[140.15887,36.10853],[140.15025,36.11346],[140.1387,36.11371],[140.12708,36.12308],[140.12753,36.13699],[140.1425,36.14877],[140.13845,36.16101],[140.13006,36.16751],[140.13734,36.17538]]]}},{"type":"Feature","properties":{"code":"08221","name":"ひたちなか市","pref":"茨城県","pref_code":"08","cx":140.54884,"cy":36.40145,"bbox":[140.48391,36.33631,140.6269,36.46318]},"geometry":{"type":"Polygon","coordinates":[[[140.58681,36.33668],[140.59432,36.33631],[140.60701,36.34601],[140.60983,36.35351],[140.62108,36.35963],[140.6269,36.38098],[140.615,36.38886],[140.60969,36.40518],[140.61012,36.42719],[140.60811,36.42446],[140.58643,36.43343],[140.57205,36.43447],[140.55438,36.43884],[140.54489,36.44749],[140.54247,36.45918],[140.52992,36.46318],[140.52945,36.45335],[140.51764,36.45019],[140.51498,36.43805],[140.5187,36.42794],[140.50926,36.42665],[140.49474,36.41315],[140.48391,36.40755],[140.48852,36.39772],[140.48461,36.39012],[140.49277,36.37467],[140.50114,36.38256],[140.51467,36.37175],[140.5259,36.36643],[140.54406,36.36319],[140.55542,36.35802],[140.56357,36.35014],[140.57689,36.34445],[140.58681,36.33668]]]}},{"type":"Feature","properties":{"code":"08222","name":"鹿嶋市","pref":"茨城県","pref_code":"08","cx":140.61289,"cy":36.00535,"bbox":[140.55386,35.92831,140.701,36.08215]},"geometry":{"type":"Polygon","coordinates":[[[140.69787,35.93498],[140.701,35.93782],[140.6849,35.96443],[140.67057,35.97287],[140.65811,35.99246],[140.63144,36.0423],[140.61126,36.08215],[140.58955,36.077],[140.56195,36.06181],[140.55386,36.0617],[140.55386,36.05494],[140.56288,36.0498],[140.56767,36.02018],[140.56658,36.01209],[140.58255,35.99862],[140.59616,35.98285],[140.5891,35.97376],[140.59248,35.96514],[140.59981,35.9649],[140.60923,35.95783],[140.61397,35.94797],[140.6239,35.94049],[140.62042,35.93574],[140.62937,35.9304],[140.65353,35.92831],[140.65579,35.92923],[140.69405,35.93341],[140.69787,35.93498]]]}},{"type":"Feature","properties":{"code":"08223","name":"潮来市","pref":"茨城県","pref_code":"08","cx":140.56523,"cy":35.9529,"bbox":[140.48528,35.90317,140.6239,36.01209]},"geometry":{"type":"Polygon","coordinates":[[[140.56658,36.01209],[140.5481,36.00886],[140.54067,36.00263],[140.53818,35.98971],[140.52841,36.00265],[140.51099,36.003],[140.51359,35.98554],[140.50666,35.97649],[140.48528,35.96996],[140.49828,35.95792],[140.51124,35.95874],[140.53735,35.93872],[140.57063,35.92406],[140.58124,35.91645],[140.58854,35.90603],[140.59886,35.90317],[140.60112,35.9177],[140.61663,35.92471],[140.62042,35.93574],[140.6239,35.94049],[140.61397,35.94797],[140.60923,35.95783],[140.59981,35.9649],[140.59248,35.96514],[140.5891,35.97376],[140.59616,35.98285],[140.58255,35.99862],[140.56658,36.01209]]]}},{"type":"Feature","properties":{"code":"08224","name":"守谷市","pref":"茨城県","pref_code":"08","cx":139.97683,"cy":35.94567,"bbox":[139.93166,35.90957,140.02001,35.97872]},"geometry":{"type":"Polygon","coordinates":[[[139.93404,35.96838],[139.93804,35.96201],[139.93166,35.95077],[139.93864,35.94057],[139.95152,35.93613],[139.96546,35.92673],[139.97746,35.92271],[139.9952,35.90957],[140.00337,35.92655],[140.01614,35.93211],[140.02001,35.95421],[140.00321,35.95884],[139.9972,35.96357],[139.9786,35.969],[139.97141,35.97752],[139.96383,35.97476],[139.94161,35.97872],[139.93404,35.96838]]]}},{"type":"Feature","properties":{"code":"08225","name":"常陸大宮市","pref":"茨城県","pref_code":"08","cx":140.34023,"cy":36.60517,"bbox":[140.22042,36.49066,140.45979,36.72278]},"geometry":{"type":"Polygon","coordinates":[[[140.44299,36.7037],[140.42867,36.69553],[140.42791,36.68604],[140.39241,36.68459],[140.37463,36.68914],[140.35927,36.70029],[140.33341,36.70816],[140.32683,36.72161],[140.31664,36.72278],[140.31331,36.7132],[140.30344,36.70971],[140.29216,36.71266],[140.27105,36.70673],[140.26782,36.70227],[140.23339,36.70025],[140.22042,36.68715],[140.23142,36.67012],[140.22931,36.66228],[140.24093,36.65092],[140.24271,36.63656],[140.23431,36.63463],[140.24839,36.61094],[140.24914,36.5994],[140.24337,36.58458],[140.24697,36.56753],[140.24378,36.56282],[140.25154,36.55458],[140.24697,36.54802],[140.24775,36.53449],[140.25455,36.5224],[140.2669,36.52972],[140.27923,36.52101],[140.29651,36.52504],[140.29964,36.53659],[140.31493,36.53632],[140.31869,36.54644],[140.32497,36.54972],[140.34292,36.54379],[140.36804,36.52807],[140.38427,36.50172],[140.39456,36.49066],[140.40184,36.49727],[140.41278,36.50025],[140.4103,36.51073],[140.43645,36.51578],[140.45979,36.50992],[140.45789,36.52038],[140.44894,36.52457],[140.4441,36.53433],[140.43936,36.55966],[140.43191,36.56735],[140.43475,36.57558],[140.4273,36.59239],[140.43491,36.61449],[140.41458,36.63183],[140.41692,36.63921],[140.44609,36.65443],[140.45291,36.66709],[140.44318,36.67559],[140.44987,36.68049],[140.45228,36.69248],[140.44505,36.69426],[140.44299,36.7037]]]}},{"type":"Feature","properties":{"code":"08226","name":"那珂市","pref":"茨城県","pref_code":"08","cx":140.47412,"cy":36.45626,"bbox":[140.39456,36.39907,140.56629,36.51578]},"geometry":{"type":"Polygon","coordinates":[[[140.48391,36.40755],[140.49474,36.41315],[140.50926,36.42665],[140.5187,36.42794],[140.51498,36.43805],[140.51764,36.45019],[140.52945,36.45335],[140.52992,36.46318],[140.54247,36.45918],[140.53943,36.46549],[140.5479,36.47685],[140.54992,36.4853],[140.56629,36.49428],[140.5598,36.49462],[140.55306,36.50315],[140.5159,36.50339],[140.50442,36.49402],[140.48931,36.49363],[140.45979,36.50992],[140.43645,36.51578],[140.4103,36.51073],[140.41278,36.50025],[140.40184,36.49727],[140.39456,36.49066],[140.40965,36.4796],[140.40796,36.46545],[140.41445,36.46087],[140.42593,36.44828],[140.44867,36.45079],[140.45906,36.43502],[140.45445,36.42302],[140.46162,36.4105],[140.47456,36.39907],[140.48391,36.40755]]]}},{"type":"Feature","properties":{"code":"08227","name":"筑西市","pref":"茨城県","pref_code":"08","cx":139.97656,"cy":36.29307,"bbox":[139.88827,36.19886,140.06744,36.37642]},"geometry":{"type":"Polygon","coordinates":[[[139.90568,36.23462],[139.90547,36.23043],[139.91511,36.23154],[139.92775,36.24336],[139.93935,36.24418],[139.94267,36.23107],[139.9508,36.228],[139.9699,36.2294],[139.98121,36.23343],[139.99835,36.23004],[140.00354,36.22049],[140.00266,36.20783],[140.02575,36.19886],[140.0364,36.19956],[140.04975,36.20396],[140.04897,36.21164],[140.05943,36.21285],[140.05296,36.22818],[140.06041,36.23465],[140.06316,36.25924],[140.06744,36.27579],[140.04941,36.28324],[140.05397,36.31623],[140.05072,36.33672],[140.0404,36.35001],[140.05019,36.35991],[140.04062,36.36295],[140.04147,36.37523],[140.01278,36.37642],[140.00156,36.36807],[139.98993,36.36721],[139.97457,36.37454],[139.96528,36.36748],[139.9645,36.35094],[139.94617,36.34919],[139.93514,36.34349],[139.91433,36.33671],[139.91031,36.30982],[139.91075,36.3012],[139.90301,36.29864],[139.90168,36.2875],[139.90841,36.27973],[139.89961,36.2635],[139.88827,36.25295],[139.9049,36.23864],[139.90568,36.23462]]]}},{"type":"Feature","properties":{"code":"08228","name":"坂東市","pref":"茨城県","pref_code":"08","cx":139.88515,"cy":36.05955,"bbox":[139.82017,35.97033,139.95805,36.15206]},"geometry":{"type":"Polygon","coordinates":[[[139.82936,36.14127],[139.84402,36.12698],[139.84176,36.11386],[139.8431,36.09767],[139.83826,36.08935],[139.84028,36.07734],[139.84941,36.07394],[139.84337,36.06327],[139.83075,36.06193],[139.82017,36.05718],[139.83724,36.0411],[139.85708,36.02943],[139.87824,36.0076],[139.88416,35.98883],[139.89938,35.97752],[139.91672,35.97033],[139.92366,35.97044],[139.92234,35.99067],[139.91644,36.0102],[139.91965,36.02174],[139.94254,36.02811],[139.95286,36.03541],[139.95805,36.05324],[139.94754,36.05677],[139.93547,36.0692],[139.93875,36.08836],[139.93128,36.08995],[139.89559,36.12107],[139.88092,36.13817],[139.87019,36.14562],[139.8563,36.14718],[139.83069,36.15206],[139.82936,36.14127]]]}},{"type":"Feature","properties":{"code":"08229","name":"稲敷市","pref":"茨城県","pref_code":"08","cx":140.38777,"cy":35.95116,"bbox":[140.24847,35.88441,140.51124,36.0233]},"geometry":{"type":"Polygon","coordinates":[[[140.24847,35.90677],[140.2584,35.89857],[140.28192,35.89219],[140.29773,35.89152],[140.29575,35.88441],[140.32199,35.88878],[140.3319,35.89655],[140.37212,35.91569],[140.37896,35.90313],[140.39648,35.90901],[140.41796,35.90638],[140.44847,35.91502],[140.45844,35.92654],[140.48454,35.90965],[140.49064,35.9154],[140.48718,35.92859],[140.49725,35.93388],[140.4997,35.9444],[140.51124,35.95874],[140.49828,35.95792],[140.48528,35.96996],[140.46611,35.97522],[140.45343,35.99192],[140.4095,36.0233],[140.38791,35.99619],[140.36424,35.98998],[140.35878,35.99836],[140.33031,36.00513],[140.32155,35.98946],[140.30656,35.9757],[140.28781,35.9826],[140.26364,35.98202],[140.25755,35.97913],[140.26173,35.97753],[140.27293,35.94343],[140.25588,35.93782],[140.24847,35.90677]]]}},{"type":"Feature","properties":{"code":"08230","name":"かすみがうら市","pref":"茨城県","pref_code":"08","cx":140.29757,"cy":36.12473,"bbox":[140.17654,36.03748,140.4047,36.20902]},"geometry":{"type":"Polygon","coordinates":[[[140.26229,36.0522],[140.26988,36.05114],[140.29836,36.04443],[140.31055,36.04896],[140.33868,36.04504],[140.35863,36.04475],[140.39599,36.03748],[140.39638,36.0549],[140.4047,36.08263],[140.39106,36.09832],[140.38596,36.11413],[140.36664,36.13051],[140.34581,36.13068],[140.33148,36.1274],[140.2934,36.13253],[140.26496,36.13447],[140.24802,36.13284],[140.25853,36.14572],[140.26714,36.15087],[140.27875,36.16557],[140.26817,36.1787],[140.24616,36.1901],[140.23663,36.20547],[140.21011,36.20902],[140.21141,36.20202],[140.22429,36.19475],[140.20919,36.19188],[140.20723,36.18566],[140.19324,36.18185],[140.17654,36.1718],[140.18074,36.16489],[140.1951,36.16232],[140.20288,36.15384],[140.20575,36.14122],[140.19367,36.12933],[140.23794,36.12206],[140.28037,36.10908],[140.27738,36.09456],[140.27028,36.09796],[140.25969,36.09341],[140.26644,36.08611],[140.26229,36.0522]]]}},{"type":"Feature","properties":{"code":"08231","name":"桜川市","pref":"茨城県","pref_code":"08","cx":140.10802,"cy":36.31865,"bbox":[140.0404,36.22567,140.18956,36.41492]},"geometry":{"type":"Polygon","coordinates":[[[140.18054,36.32107],[140.18295,36.32534],[140.1732,36.33729],[140.16431,36.33696],[140.16318,36.34558],[140.16903,36.36096],[140.17895,36.36156],[140.17986,36.37611],[140.18956,36.38563],[140.18516,36.39834],[140.1656,36.40011],[140.1562,36.39815],[140.1451,36.41174],[140.13183,36.41492],[140.1141,36.41081],[140.11122,36.39806],[140.10169,36.39701],[140.09229,36.40164],[140.06817,36.40326],[140.06914,36.38903],[140.06361,36.38206],[140.04147,36.37523],[140.04062,36.36295],[140.05019,36.35991],[140.0404,36.35001],[140.05072,36.33672],[140.05397,36.31623],[140.04941,36.28324],[140.06744,36.27579],[140.06316,36.25924],[140.06041,36.23465],[140.06021,36.22567],[140.08259,36.22808],[140.09209,36.2267],[140.11034,36.23135],[140.12676,36.24357],[140.14084,36.27007],[140.15236,36.28746],[140.14378,36.29852],[140.14568,36.30669],[140.15464,36.31615],[140.17114,36.32144],[140.18054,36.32107]]]}},{"type":"Feature","properties":{"code":"08232","name":"神栖市","pref":"茨城県","pref_code":"08","cx":140.72865,"cy":35.84201,"bbox":[140.59886,35.73945,140.846,35.94054]},"geometry":{"type":"MultiPolygon","coordinates":[[[[140.65579,35.92923],[140.67689,35.91913],[140.69391,35.92881],[140.69405,35.93341],[140.65579,35.92923]]],[[[140.71131,35.94054],[140.71023,35.92688],[140.70003,35.9257],[140.67753,35.91228],[140.65353,35.92831],[140.62937,35.9304],[140.62042,35.93574],[140.61663,35.92471],[140.60112,35.9177],[140.59886,35.90317],[140.60799,35.89581],[140.62878,35.86466],[140.63069,35.85912],[140.66639,35.8532],[140.68684,35.84776],[140.70658,35.83626],[140.71723,35.82277],[140.72587,35.80075],[140.74167,35.78515],[140.7882,35.75842],[140.81535,35.74151],[140.82196,35.73945],[140.846,35.73989],[140.84279,35.74649],[140.82532,35.76048],[140.81058,35.77705],[140.77981,35.81618],[140.74192,35.8671],[140.74167,35.87408],[140.70788,35.92136],[140.7104,35.92674],[140.71131,35.94054]]]]}},{"type":"Feature","properties":{"code":"08233","name":"行方市","pref":"茨城県","pref_code":"08","cx":140.47415,"cy":36.06531,"bbox":[140.36321,35.96996,140.56767,36.16598]},"geometry":{"type":"Polygon","coordinates":[[[140.55386,36.0617],[140.54375,36.06892],[140.54055,36.08614],[140.52891,36.0965],[140.53071,36.11578],[140.52395,36.12376],[140.51272,36.12469],[140.50749,36.1324],[140.49157,36.12688],[140.46406,36.12325],[140.45016,36.13107],[140.44787,36.13671],[140.45571,36.15156],[140.45578,36.15856],[140.44374,36.16051],[140.43656,36.16598],[140.4344,36.15493],[140.42031,36.14279],[140.40676,36.13759],[140.39473,36.15595],[140.37313,36.15427],[140.36326,36.15714],[140.36321,36.14111],[140.36664,36.13051],[140.38596,36.11413],[140.39106,36.09832],[140.4047,36.08263],[140.39638,36.0549],[140.39599,36.03748],[140.4095,36.0233],[140.45343,35.99192],[140.46611,35.97522],[140.48528,35.96996],[140.50666,35.97649],[140.51359,35.98554],[140.51099,36.003],[140.52841,36.00265],[140.53818,35.98971],[140.54067,36.00263],[140.5481,36.00886],[140.56658,36.01209],[140.56767,36.02018],[140.56288,36.0498],[140.55386,36.05494],[140.55386,36.0617]]]}},{"type":"Feature","properties":{"code":"08234","name":"鉾田市","pref":"茨城県","pref_code":"08","cx":140.50712,"cy":36.17056,"bbox":[140.41462,36.0617,140.61126,36.27823]},"geometry":{"type":"Polygon","coordinates":[[[140.61126,36.08215],[140.59451,36.11781],[140.58368,36.14604],[140.57444,36.17513],[140.56331,36.2214],[140.55955,36.25578],[140.55698,36.26035],[140.53802,36.26206],[140.52658,36.26691],[140.52241,36.27823],[140.49623,36.27597],[140.49369,36.25007],[140.4769,36.23858],[140.45601,36.23526],[140.44728,36.22882],[140.44114,36.23885],[140.43235,36.22814],[140.42069,36.23186],[140.41462,36.21986],[140.41918,36.2125],[140.4422,36.20289],[140.44953,36.18683],[140.44379,36.1845],[140.43656,36.16598],[140.44374,36.16051],[140.45578,36.15856],[140.45571,36.15156],[140.44787,36.13671],[140.45016,36.13107],[140.46406,36.12325],[140.49157,36.12688],[140.50749,36.1324],[140.51272,36.12469],[140.52395,36.12376],[140.53071,36.11578],[140.52891,36.0965],[140.54055,36.08614],[140.54375,36.06892],[140.55386,36.0617],[140.56195,36.06181],[140.58955,36.077],[140.61126,36.08215]]]}},{"type":"Feature","properties":{"code":"08235","name":"つくばみらい市","pref":"茨城県","pref_code":"08","cx":140.02976,"cy":35.9904,"bbox":[139.97141,35.93156,140.11437,36.04551]},"geometry":{"type":"Polygon","coordinates":[[[140.08883,35.98305],[140.08202,35.99808],[140.06515,36.01301],[140.0507,36.00851],[140.04507,36.02001],[140.04976,36.03162],[140.02678,36.04551],[140.02926,36.03363],[139.99139,36.01201],[139.99292,36.00139],[139.98304,35.99776],[139.97337,35.99943],[139.97471,35.98075],[139.97141,35.97752],[139.9786,35.969],[139.9972,35.96357],[140.00321,35.95884],[140.02001,35.95421],[140.02886,35.94211],[140.04463,35.93156],[140.05638,35.93773],[140.06573,35.93726],[140.08245,35.94468],[140.09415,35.94189],[140.11437,35.94791],[140.09647,35.95709],[140.08902,35.96818],[140.08883,35.98305]]]}},{"type":"Feature","properties":{"code":"08236","name":"小美玉市","pref":"茨城県","pref_code":"08","cx":140.37346,"cy":36.20623,"bbox":[140.27193,36.13051,140.44953,36.27612]},"geometry":{"type":"Polygon","coordinates":[[[140.34581,36.13068],[140.36664,36.13051],[140.36321,36.14111],[140.36326,36.15714],[140.37313,36.15427],[140.39473,36.15595],[140.40676,36.13759],[140.42031,36.14279],[140.4344,36.15493],[140.43656,36.16598],[140.44379,36.1845],[140.44953,36.18683],[140.4422,36.20289],[140.41918,36.2125],[140.41462,36.21986],[140.39489,36.23681],[140.3844,36.2399],[140.38442,36.25645],[140.35666,36.26805],[140.34294,36.26583],[140.31609,36.27612],[140.3041,36.27303],[140.3046,36.26518],[140.29308,36.25553],[140.28061,36.25488],[140.27193,36.2313],[140.2749,36.22346],[140.28491,36.22042],[140.30026,36.21033],[140.31176,36.20956],[140.31415,36.20107],[140.33419,36.18803],[140.31577,36.18377],[140.3071,36.16528],[140.30975,36.15589],[140.33027,36.14723],[140.34581,36.13068]]]}},{"type":"Feature","properties":{"code":"08302","name":"東茨城郡茨城町","pref":"茨城県","pref_code":"08","cx":140.43979,"cy":36.28679,"bbox":[140.34294,36.21986,140.53124,36.33888]},"geometry":{"type":"Polygon","coordinates":[[[140.36943,36.31314],[140.35679,36.30707],[140.35922,36.3006],[140.34294,36.26583],[140.35666,36.26805],[140.38442,36.25645],[140.3844,36.2399],[140.39489,36.23681],[140.41462,36.21986],[140.42069,36.23186],[140.43235,36.22814],[140.44114,36.23885],[140.44728,36.22882],[140.45601,36.23526],[140.4769,36.23858],[140.49369,36.25007],[140.49623,36.27597],[140.52241,36.27823],[140.53124,36.29534],[140.53088,36.3052],[140.52059,36.30643],[140.50694,36.30072],[140.49748,36.30564],[140.49337,36.31997],[140.48405,36.32242],[140.47147,36.31512],[140.44248,36.32058],[140.42509,36.31548],[140.41887,36.33089],[140.40972,36.33888],[140.39455,36.33272],[140.38568,36.32588],[140.39086,36.31248],[140.36943,36.31314]]]}},{"type":"Feature","properties":{"code":"08309","name":"東茨城郡大洗町","pref":"茨城県","pref_code":"08","cx":140.54995,"cy":36.29901,"bbox":[140.52241,36.25578,140.59432,36.33668]},"geometry":{"type":"Polygon","coordinates":[[[140.53088,36.3052],[140.53124,36.29534],[140.52241,36.27823],[140.52658,36.26691],[140.53802,36.26206],[140.55698,36.26035],[140.55955,36.25578],[140.55848,36.28528],[140.56054,36.29167],[140.57291,36.30267],[140.5774,36.3107],[140.58688,36.31142],[140.59279,36.31908],[140.59432,36.33631],[140.58681,36.33668],[140.57513,36.3273],[140.56113,36.32011],[140.55912,36.31329],[140.54441,36.31905],[140.53088,36.3052]]]}},{"type":"Feature","properties":{"code":"08310","name":"東茨城郡城里町","pref":"茨城県","pref_code":"08","cx":140.31271,"cy":36.48513,"bbox":[140.20204,36.42914,140.41445,36.54972]},"geometry":{"type":"Polygon","coordinates":[[[140.41445,36.46087],[140.40796,36.46545],[140.40965,36.4796],[140.39456,36.49066],[140.38427,36.50172],[140.36804,36.52807],[140.34292,36.54379],[140.32497,36.54972],[140.31869,36.54644],[140.31493,36.53632],[140.29964,36.53659],[140.29651,36.52504],[140.27923,36.52101],[140.2669,36.52972],[140.25455,36.5224],[140.24761,36.51507],[140.24893,36.50766],[140.24151,36.50315],[140.23064,36.50297],[140.22957,36.49088],[140.21662,36.47898],[140.20288,36.45444],[140.20619,36.44648],[140.20204,36.43281],[140.23259,36.43916],[140.23777,36.4314],[140.25373,36.43085],[140.25776,36.43465],[140.28668,36.43709],[140.29134,36.44618],[140.30751,36.44463],[140.31874,36.4406],[140.33714,36.42914],[140.34418,36.43196],[140.37,36.43223],[140.39423,36.4384],[140.39524,36.44741],[140.38603,36.45105],[140.38134,36.46428],[140.39456,36.46197],[140.39696,36.45739],[140.41445,36.46087]]]}},{"type":"Feature","properties":{"code":"08341","name":"那珂郡東海村","pref":"茨城県","pref_code":"08","cx":140.57525,"cy":36.46233,"bbox":[140.53943,36.42446,140.62733,36.49428]},"geometry":{"type":"Polygon","coordinates":[[[140.56629,36.49428],[140.54992,36.4853],[140.5479,36.47685],[140.53943,36.46549],[140.54247,36.45918],[140.54489,36.44749],[140.55438,36.43884],[140.57205,36.43447],[140.58643,36.43343],[140.60811,36.42446],[140.61012,36.42719],[140.6272,36.4312],[140.62733,36.44146],[140.61028,36.44356],[140.60837,36.45201],[140.611,36.47498],[140.61391,36.48165],[140.60415,36.48197],[140.59118,36.48939],[140.5906,36.49405],[140.56629,36.49428]]]}},{"type":"Feature","properties":{"code":"08364","name":"久慈郡大子町","pref":"茨城県","pref_code":"08","cx":140.35956,"cy":36.80445,"bbox":[140.24839,36.68459,140.46973,36.93538]},"geometry":{"type":"Polygon","coordinates":[[[140.46372,36.7916],[140.43949,36.82049],[140.43093,36.8173],[140.4135,36.83212],[140.40298,36.83137],[140.37721,36.83792],[140.37058,36.85522],[140.37191,36.87018],[140.36521,36.88432],[140.34661,36.88502],[140.32405,36.89334],[140.32186,36.90778],[140.30773,36.91919],[140.30272,36.92703],[140.28598,36.93538],[140.27297,36.93015],[140.26572,36.93313],[140.25347,36.92969],[140.24839,36.92131],[140.24872,36.90886],[140.25428,36.89114],[140.25671,36.8731],[140.25154,36.85246],[140.25499,36.84191],[140.26569,36.82898],[140.26644,36.79106],[140.25381,36.78366],[140.25367,36.77452],[140.26107,36.76759],[140.25494,36.76022],[140.26221,36.74828],[140.28334,36.73414],[140.28726,36.71799],[140.29216,36.71266],[140.30344,36.70971],[140.31331,36.7132],[140.31664,36.72278],[140.32683,36.72161],[140.33341,36.70816],[140.35927,36.70029],[140.37463,36.68914],[140.39241,36.68459],[140.42791,36.68604],[140.42867,36.69553],[140.44299,36.7037],[140.43029,36.71232],[140.42417,36.72382],[140.41524,36.73227],[140.42711,36.73497],[140.44151,36.72898],[140.44984,36.73215],[140.44755,36.74672],[140.46973,36.75941],[140.46315,36.78616],[140.46372,36.7916]]]}},{"type":"Feature","properties":{"code":"08442","name":"稲敷郡美浦村","pref":"茨城県","pref_code":"08","cx":140.33874,"cy":36.01379,"bbox":[140.26988,35.9757,140.4095,36.05114]},"geometry":{"type":"Polygon","coordinates":[[[140.4095,36.0233],[140.39599,36.03748],[140.35863,36.04475],[140.33868,36.04504],[140.31055,36.04896],[140.29836,36.04443],[140.26988,36.05114],[140.27193,36.02245],[140.28084,36.0011],[140.27671,35.99608],[140.28781,35.9826],[140.30656,35.9757],[140.32155,35.98946],[140.33031,36.00513],[140.35878,35.99836],[140.36424,35.98998],[140.38791,35.99619],[140.4095,36.0233]]]}},{"type":"Feature","properties":{"code":"08443","name":"稲敷郡阿見町","pref":"茨城県","pref_code":"08","cx":140.22254,"cy":36.00813,"bbox":[140.15861,35.96868,140.28781,36.05546]},"geometry":{"type":"Polygon","coordinates":[[[140.15861,36.01476],[140.17574,36.00149],[140.17927,35.98634],[140.18925,35.97861],[140.20869,35.96868],[140.21748,35.98346],[140.22807,35.97608],[140.25027,35.98648],[140.25755,35.97913],[140.26364,35.98202],[140.28781,35.9826],[140.27671,35.99608],[140.28084,36.0011],[140.27193,36.02245],[140.26988,36.05114],[140.24213,36.05534],[140.214,36.05546],[140.20932,36.04735],[140.19952,36.0406],[140.19122,36.04124],[140.18874,36.03093],[140.17305,36.04038],[140.16782,36.02562],[140.15861,36.01476]]]}},{"type":"Feature","properties":{"code":"08447","name":"稲敷郡河内町","pref":"茨城県","pref_code":"08","cx":140.25719,"cy":35.88661,"bbox":[140.20165,35.85411,140.37896,35.91569]},"geometry":{"type":"Polygon","coordinates":[[[140.20165,35.87468],[140.2174,35.87424],[140.21365,35.86201],[140.23259,35.85411],[140.24362,35.8554],[140.26569,35.86931],[140.27624,35.87355],[140.28607,35.87293],[140.30829,35.86449],[140.32305,35.86606],[140.33497,35.87239],[140.34839,35.88321],[140.35308,35.89194],[140.36372,35.89939],[140.37896,35.90313],[140.37212,35.91569],[140.3319,35.89655],[140.32199,35.88878],[140.29575,35.88441],[140.29773,35.89152],[140.28192,35.89219],[140.2584,35.89857],[140.24847,35.90677],[140.23597,35.90224],[140.21553,35.88444],[140.20165,35.87468]]]}},{"type":"Feature","properties":{"code":"08521","name":"結城郡八千代町","pref":"茨城県","pref_code":"08","cx":139.8952,"cy":36.17728,"bbox":[139.85077,36.12107,139.94412,36.23462]},"geometry":{"type":"Polygon","coordinates":[[[139.8563,36.14718],[139.87019,36.14562],[139.88092,36.13817],[139.89559,36.12107],[139.8941,36.13171],[139.90188,36.13699],[139.91656,36.13294],[139.91976,36.15756],[139.91419,36.16085],[139.92348,36.16976],[139.92804,36.16002],[139.92659,36.15149],[139.94061,36.15362],[139.94412,36.16805],[139.93432,36.17512],[139.93715,36.19027],[139.93492,36.19542],[139.92285,36.19545],[139.91521,36.20833],[139.91674,36.21854],[139.90547,36.23043],[139.90568,36.23462],[139.8907,36.21482],[139.88505,36.21229],[139.86876,36.2197],[139.85395,36.21338],[139.85369,36.20621],[139.86596,36.1919],[139.85637,36.17944],[139.85077,36.1619],[139.8563,36.14718]]]}},{"type":"Feature","properties":{"code":"08542","name":"猿島郡五霞町","pref":"茨城県","pref_code":"08","cx":139.75368,"cy":36.10771,"bbox":[139.71013,36.08043,139.78678,36.13594]},"geometry":{"type":"Polygon","coordinates":[[[139.71013,36.13594],[139.71358,36.12625],[139.72638,36.11252],[139.72831,36.09014],[139.73177,36.08652],[139.74676,36.08708],[139.76576,36.08043],[139.77186,36.08224],[139.77797,36.09856],[139.78678,36.1041],[139.77437,36.11132],[139.75906,36.1261],[139.74643,36.13197],[139.72055,36.13231],[139.71013,36.13594]]]}},{"type":"Feature","properties":{"code":"08546","name":"猿島郡境町","pref":"茨城県","pref_code":"08","cx":139.81142,"cy":36.10771,"bbox":[139.75906,36.05718,139.84941,36.15583]},"geometry":{"type":"Polygon","coordinates":[[[139.75906,36.1261],[139.77437,36.11132],[139.78678,36.1041],[139.79745,36.09636],[139.80379,36.08686],[139.80833,36.07041],[139.82017,36.05718],[139.83075,36.06193],[139.84337,36.06327],[139.84941,36.07394],[139.84028,36.07734],[139.83826,36.08935],[139.8431,36.09767],[139.84176,36.11386],[139.84402,36.12698],[139.82936,36.14127],[139.8139,36.13678],[139.80628,36.13872],[139.80648,36.15121],[139.80229,36.15583],[139.77637,36.15357],[139.78078,36.14506],[139.78024,36.1339],[139.76636,36.13544],[139.75906,36.1261]]]}},{"type":"Feature","properties":{"code":"08564","name":"北相馬郡利根町","pref":"茨城県","pref_code":"08","cx":140.17239,"cy":35.86643,"bbox":[140.12714,35.84271,140.2174,35.88693]},"geometry":{"type":"Polygon","coordinates":[[[140.12738,35.8821],[140.12714,35.87086],[140.13424,35.85892],[140.14647,35.84572],[140.15675,35.84271],[140.18663,35.85176],[140.19912,35.85911],[140.21365,35.86201],[140.2174,35.87424],[140.20165,35.87468],[140.19624,35.87235],[140.18554,35.88498],[140.16419,35.88693],[140.16124,35.8792],[140.13424,35.87972],[140.12738,35.8821]]]}},{"type":"Feature","properties":{"code":"09201","name":"宇都宮市","pref":"栃木県","pref_code":"09","cx":139.88641,"cy":36.59752,"bbox":[139.74307,36.46458,140.00966,36.73008]},"geometry":{"type":"Polygon","coordinates":[[[139.90688,36.72143],[139.8878,36.72457],[139.88174,36.72262],[139.86033,36.73008],[139.85278,36.72454],[139.84229,36.71963],[139.84111,36.70581],[139.82349,36.70604],[139.81767,36.71578],[139.80811,36.71313],[139.79662,36.70393],[139.78602,36.70262],[139.78351,36.67935],[139.79102,36.66978],[139.79422,36.65315],[139.79243,36.64122],[139.76831,36.63449],[139.74307,36.61646],[139.74768,36.60679],[139.7628,36.59514],[139.77346,36.59991],[139.79239,36.59071],[139.79721,36.5703],[139.81187,36.55588],[139.8265,36.55517],[139.82054,36.54056],[139.82928,36.5352],[139.8318,36.52564],[139.8213,36.51114],[139.83062,36.50998],[139.83453,36.4963],[139.84193,36.48735],[139.85183,36.47907],[139.86737,36.47477],[139.87409,36.46502],[139.88464,36.46458],[139.91161,36.49084],[139.92969,36.48322],[139.94729,36.48363],[139.94836,36.4777],[139.96305,36.47183],[139.9678,36.49782],[139.97237,36.50307],[139.9971,36.50261],[140.00041,36.49678],[140.00732,36.50411],[140.00625,36.51327],[140.00966,36.53392],[139.9984,36.55085],[140.0027,36.56508],[139.99338,36.60169],[139.99078,36.60865],[139.97075,36.60757],[139.95537,36.64007],[139.95204,36.65998],[139.95467,36.66936],[139.93984,36.69221],[139.91848,36.71319],[139.90688,36.72143]]]}},{"type":"Feature","properties":{"code":"09202","name":"足利市","pref":"栃木県","pref_code":"09","cx":139.44452,"cy":36.36022,"bbox":[139.36098,36.27152,139.548,36.44571]},"geometry":{"type":"Polygon","coordinates":[[[139.53646,36.28173],[139.51818,36.29358],[139.52413,36.30438],[139.54299,36.31511],[139.548,36.3372],[139.51399,36.33475],[139.50568,36.34229],[139.50642,36.35619],[139.51225,36.36424],[139.50274,36.39059],[139.48661,36.40071],[139.47939,36.41258],[139.47822,36.42241],[139.45131,36.44483],[139.43041,36.43652],[139.42211,36.44503],[139.4065,36.44571],[139.40253,36.43682],[139.39439,36.43422],[139.39174,36.42431],[139.37686,36.41103],[139.36098,36.38368],[139.3686,36.36732],[139.38844,36.35464],[139.39694,36.34582],[139.42279,36.33226],[139.41486,36.32432],[139.4157,36.31587],[139.42672,36.30395],[139.44353,36.29369],[139.45707,36.28919],[139.46746,36.28049],[139.46388,36.27152],[139.48255,36.27203],[139.52055,36.2809],[139.53646,36.28173]]]}},{"type":"Feature","properties":{"code":"09203","name":"栃木市","pref":"栃木県","pref_code":"09","cx":139.68092,"cy":36.35007,"bbox":[139.56385,36.20148,139.81243,36.49627]},"geometry":{"type":"Polygon","coordinates":[[[139.60566,36.47158],[139.58694,36.49274],[139.56385,36.49627],[139.58223,36.47142],[139.59869,36.46552],[139.61307,36.45024],[139.63604,36.43545],[139.63748,36.42089],[139.64629,36.41468],[139.63045,36.38919],[139.63061,36.38109],[139.61695,36.37763],[139.6101,36.37078],[139.61315,36.34546],[139.61793,36.34355],[139.61705,36.32725],[139.6342,36.32748],[139.62692,36.31336],[139.62572,36.30287],[139.61358,36.2877],[139.61695,36.27404],[139.63391,36.27023],[139.63653,36.26188],[139.63072,36.25484],[139.64239,36.24135],[139.65894,36.23141],[139.67491,36.20829],[139.67734,36.20148],[139.68885,36.20207],[139.68444,36.21583],[139.69542,36.22331],[139.69029,36.23788],[139.69969,36.2442],[139.69716,36.25174],[139.70964,36.26378],[139.72286,36.26227],[139.72156,36.2741],[139.73273,36.29288],[139.72547,36.29647],[139.72442,36.30921],[139.7333,36.31183],[139.73049,36.32347],[139.7466,36.32641],[139.74304,36.3355],[139.74472,36.34706],[139.75489,36.35383],[139.76556,36.35309],[139.76771,36.3671],[139.77919,36.37596],[139.79628,36.37683],[139.79719,36.38876],[139.80338,36.39793],[139.81243,36.40196],[139.7941,36.40607],[139.79024,36.41929],[139.78391,36.42154],[139.76709,36.44198],[139.76744,36.44843],[139.75808,36.45986],[139.75679,36.46729],[139.74674,36.48101],[139.72658,36.48766],[139.71451,36.48225],[139.6674,36.49545],[139.64269,36.4864],[139.63065,36.48899],[139.62413,36.47818],[139.6247,36.46598],[139.61488,36.46701],[139.60791,36.45649],[139.6003,36.46457],[139.60566,36.47158]]]}},{"type":"Feature","properties":{"code":"09204","name":"佐野市","pref":"栃木県","pref_code":"09","cx":139.55354,"cy":36.42893,"bbox":[139.4065,36.26713,139.64629,36.57816]},"geometry":{"type":"MultiPolygon","coordinates":[[[[139.61488,36.46701],[139.60566,36.47158],[139.6003,36.46457],[139.60791,36.45649],[139.61488,36.46701]]],[[[139.53646,36.28173],[139.54917,36.28045],[139.56127,36.26713],[139.58457,36.26922],[139.6086,36.2681],[139.61695,36.27404],[139.61358,36.2877],[139.62572,36.30287],[139.62692,36.31336],[139.6342,36.32748],[139.61705,36.32725],[139.61793,36.34355],[139.61315,36.34546],[139.6101,36.37078],[139.61695,36.37763],[139.63061,36.38109],[139.63045,36.38919],[139.64629,36.41468],[139.63748,36.42089],[139.63604,36.43545],[139.61307,36.45024],[139.59869,36.46552],[139.58223,36.47142],[139.56385,36.49627],[139.54926,36.50386],[139.53583,36.51673],[139.5305,36.53818],[139.52492,36.54152],[139.5136,36.56346],[139.50654,36.56902],[139.48263,36.57816],[139.47391,36.57313],[139.46076,36.55325],[139.45224,36.5496],[139.4393,36.55096],[139.43629,36.53807],[139.43991,36.5254],[139.42768,36.51064],[139.42168,36.50874],[139.41793,36.49464],[139.42966,36.48195],[139.43647,36.46598],[139.42784,36.45911],[139.4111,36.45843],[139.4065,36.44571],[139.42211,36.44503],[139.43041,36.43652],[139.45131,36.44483],[139.47822,36.42241],[139.47939,36.41258],[139.48661,36.40071],[139.50274,36.39059],[139.51225,36.36424],[139.50642,36.35619],[139.50568,36.34229],[139.51399,36.33475],[139.548,36.3372],[139.54299,36.31511],[139.52413,36.30438],[139.51818,36.29358],[139.53646,36.28173]]]]}},{"type":"Feature","properties":{"code":"09205","name":"鹿沼市","pref":"栃木県","pref_code":"09","cx":139.63312,"cy":36.59058,"bbox":[139.46536,36.46598,139.8318,36.71503]},"geometry":{"type":"Polygon","coordinates":[[[139.74307,36.61646],[139.72567,36.61637],[139.71272,36.62316],[139.7133,36.63292],[139.72111,36.64121],[139.70875,36.6471],[139.70783,36.66274],[139.69472,36.66252],[139.6815,36.65642],[139.67538,36.66274],[139.64399,36.66269],[139.65613,36.64954],[139.64195,36.63584],[139.6037,36.64982],[139.5872,36.66447],[139.57888,36.66768],[139.57187,36.6976],[139.57452,36.70487],[139.56021,36.71436],[139.54777,36.71503],[139.52282,36.70794],[139.52448,36.68255],[139.51571,36.68061],[139.50773,36.6682],[139.49975,36.66461],[139.49727,36.64606],[139.50861,36.63189],[139.48817,36.62413],[139.46694,36.61285],[139.46536,36.60649],[139.47145,36.60289],[139.47384,36.59046],[139.48263,36.57816],[139.50654,36.56902],[139.5136,36.56346],[139.52492,36.54152],[139.5305,36.53818],[139.53583,36.51673],[139.54926,36.50386],[139.56385,36.49627],[139.58694,36.49274],[139.60566,36.47158],[139.61488,36.46701],[139.6247,36.46598],[139.62413,36.47818],[139.63065,36.48899],[139.64269,36.4864],[139.6674,36.49545],[139.71451,36.48225],[139.72658,36.48766],[139.74674,36.48101],[139.75679,36.46729],[139.76723,36.47122],[139.76879,36.48684],[139.77884,36.49317],[139.78886,36.48701],[139.79258,36.49845],[139.8056,36.50217],[139.8213,36.51114],[139.8318,36.52564],[139.82928,36.5352],[139.82054,36.54056],[139.8265,36.55517],[139.81187,36.55588],[139.79721,36.5703],[139.79239,36.59071],[139.77346,36.59991],[139.7628,36.59514],[139.74768,36.60679],[139.74307,36.61646]]]}},{"type":"Feature","properties":{"code":"09206","name":"日光市","pref":"栃木県","pref_code":"09","cx":139.5579,"cy":36.84556,"bbox":[139.3267,36.60113,139.85278,37.0907]},"geometry":{"type":"Polygon","coordinates":[[[139.85278,36.72454],[139.83891,36.73476],[139.81202,36.73892],[139.76446,36.75914],[139.75152,36.76808],[139.73708,36.76724],[139.72968,36.79635],[139.73164,36.82174],[139.72788,36.83307],[139.73681,36.83337],[139.77146,36.85509],[139.7734,36.86849],[139.77061,36.88728],[139.77633,36.90136],[139.76947,36.90683],[139.77179,36.92067],[139.74806,36.937],[139.73795,36.95259],[139.74685,36.96281],[139.74734,36.9781],[139.74083,36.98857],[139.75508,37.00273],[139.75488,37.02712],[139.75855,37.03836],[139.79166,37.04153],[139.80043,37.04641],[139.81398,37.06359],[139.82331,37.08093],[139.82209,37.08514],[139.80951,37.08484],[139.78795,37.0907],[139.77786,37.08883],[139.76286,37.07569],[139.75271,37.07059],[139.71101,37.06842],[139.70053,37.05938],[139.69206,37.06255],[139.67673,37.05674],[139.66495,37.04053],[139.63565,37.03188],[139.61163,37.0138],[139.59869,37.01204],[139.58189,37.0149],[139.57953,37.00495],[139.55446,36.99249],[139.54473,36.99089],[139.53272,36.98176],[139.51514,36.97784],[139.50386,36.96957],[139.49429,36.96793],[139.48433,36.97544],[139.46117,36.97072],[139.45668,36.95384],[139.43445,36.94185],[139.4269,36.92417],[139.41219,36.92761],[139.39914,36.92009],[139.3939,36.90328],[139.37942,36.89799],[139.37063,36.8896],[139.36787,36.87718],[139.35821,36.87221],[139.35262,36.84907],[139.36646,36.84205],[139.38667,36.83552],[139.39734,36.83469],[139.4067,36.82694],[139.39107,36.81443],[139.38861,36.80527],[139.37793,36.80445],[139.37433,36.78429],[139.36228,36.78073],[139.35082,36.76345],[139.35608,36.75045],[139.37028,36.74495],[139.35634,36.7071],[139.33692,36.69213],[139.33926,36.67833],[139.33452,36.66569],[139.3267,36.65711],[139.33053,36.64226],[139.32965,36.62759],[139.34573,36.62335],[139.35229,36.61509],[139.38669,36.61198],[139.3987,36.60219],[139.41237,36.60812],[139.42686,36.60113],[139.44504,36.60729],[139.46536,36.60649],[139.46694,36.61285],[139.48817,36.62413],[139.50861,36.63189],[139.49727,36.64606],[139.49975,36.66461],[139.50773,36.6682],[139.51571,36.68061],[139.52448,36.68255],[139.52282,36.70794],[139.54777,36.71503],[139.56021,36.71436],[139.57452,36.70487],[139.57187,36.6976],[139.57888,36.66768],[139.5872,36.66447],[139.6037,36.64982],[139.64195,36.63584],[139.65613,36.64954],[139.64399,36.66269],[139.67538,36.66274],[139.6815,36.65642],[139.69472,36.66252],[139.70783,36.66274],[139.70875,36.6471],[139.72111,36.64121],[139.7133,36.63292],[139.71272,36.62316],[139.72567,36.61637],[139.74307,36.61646],[139.76831,36.63449],[139.79243,36.64122],[139.79422,36.65315],[139.79102,36.66978],[139.78351,36.67935],[139.78602,36.70262],[139.79662,36.70393],[139.80811,36.71313],[139.81767,36.71578],[139.82349,36.70604],[139.84111,36.70581],[139.84229,36.71963],[139.85278,36.72454]]]}},{"type":"Feature","properties":{"code":"09208","name":"小山市","pref":"栃木県","pref_code":"09","cx":139.78505,"cy":36.30557,"bbox":[139.69029,36.22331,139.91451,36.38876]},"geometry":{"type":"Polygon","coordinates":[[[139.69542,36.22331],[139.69705,36.23013],[139.72778,36.2479],[139.72557,36.25756],[139.73225,36.26309],[139.74405,36.26104],[139.7377,36.24835],[139.74541,36.2452],[139.76569,36.24453],[139.78597,36.25501],[139.78394,36.24203],[139.7857,36.2278],[139.82181,36.23977],[139.83186,36.26506],[139.84173,36.27733],[139.83521,36.2918],[139.84995,36.31179],[139.87248,36.31508],[139.89664,36.30975],[139.89429,36.30193],[139.91075,36.3012],[139.91303,36.33498],[139.91451,36.34782],[139.90741,36.35651],[139.91231,36.36228],[139.89022,36.36469],[139.88887,36.35601],[139.8727,36.3504],[139.86941,36.36009],[139.85476,36.35826],[139.84272,36.35178],[139.84078,36.36812],[139.81195,36.374],[139.79719,36.38876],[139.79628,36.37683],[139.77919,36.37596],[139.76771,36.3671],[139.76556,36.35309],[139.75489,36.35383],[139.74472,36.34706],[139.74304,36.3355],[139.7466,36.32641],[139.73049,36.32347],[139.7333,36.31183],[139.72442,36.30921],[139.72547,36.29647],[139.73273,36.29288],[139.72156,36.2741],[139.72286,36.26227],[139.70964,36.26378],[139.69716,36.25174],[139.69969,36.2442],[139.69029,36.23788],[139.69542,36.22331]]]}},{"type":"Feature","properties":{"code":"09209","name":"真岡市","pref":"栃木県","pref_code":"09","cx":140.00098,"cy":36.42454,"bbox":[139.90741,36.33498,140.07215,36.50983]},"geometry":{"type":"Polygon","coordinates":[[[139.96305,36.47183],[139.9617,36.46217],[139.94779,36.45092],[139.93381,36.42709],[139.93107,36.40184],[139.92229,36.39463],[139.919,36.37544],[139.91231,36.36228],[139.90741,36.35651],[139.91451,36.34782],[139.91303,36.33498],[139.92265,36.34158],[139.94617,36.34919],[139.9645,36.35094],[139.96528,36.36748],[139.97457,36.37454],[139.98993,36.36721],[140.00156,36.36807],[140.01278,36.37642],[140.03552,36.37776],[140.04817,36.37558],[140.06361,36.38206],[140.06914,36.38903],[140.0665,36.40381],[140.06311,36.41245],[140.07,36.42199],[140.06544,36.42943],[140.07215,36.4926],[140.06365,36.49832],[140.05205,36.49578],[140.0494,36.50983],[140.03624,36.48947],[140.00376,36.49006],[139.9971,36.50261],[139.97237,36.50307],[139.9678,36.49782],[139.96305,36.47183]]]}},{"type":"Feature","properties":{"code":"09210","name":"大田原市","pref":"栃木県","pref_code":"09","cx":140.12423,"cy":36.8606,"bbox":[139.92169,36.76802,140.26644,36.94835]},"geometry":{"type":"Polygon","coordinates":[[[140.24304,36.94349],[140.22444,36.94177],[140.18425,36.94835],[140.15888,36.94399],[140.15356,36.93209],[140.14442,36.93803],[140.13523,36.93465],[140.13469,36.92438],[140.12655,36.91541],[140.11219,36.92662],[140.10833,36.93476],[140.09295,36.92312],[140.07054,36.9224],[140.06211,36.93155],[140.05157,36.92471],[140.04444,36.93345],[140.03262,36.9212],[140.03403,36.91103],[140.00516,36.89619],[140.02011,36.88122],[140.01059,36.87615],[140.00895,36.86695],[139.99625,36.8645],[139.99256,36.85401],[139.99665,36.84707],[139.98262,36.83691],[139.9661,36.83811],[139.96627,36.84619],[139.9425,36.87792],[139.92169,36.87093],[139.92748,36.8567],[139.94045,36.84003],[139.95748,36.83111],[139.97046,36.8207],[139.9872,36.8156],[139.99296,36.80241],[140.00951,36.78385],[140.03799,36.76802],[140.04655,36.77444],[140.04528,36.78359],[140.07284,36.78637],[140.08069,36.79636],[140.09203,36.79756],[140.11216,36.78913],[140.11563,36.78469],[140.13692,36.78465],[140.15885,36.80094],[140.17422,36.82754],[140.1871,36.81988],[140.19788,36.82503],[140.20413,36.83694],[140.21707,36.84284],[140.23085,36.83764],[140.22791,36.81709],[140.23326,36.80211],[140.25381,36.78366],[140.26644,36.79106],[140.26569,36.82898],[140.25499,36.84191],[140.25154,36.85246],[140.25671,36.8731],[140.25428,36.89114],[140.24872,36.90886],[140.24839,36.92131],[140.26174,36.93753],[140.24304,36.94349]]]}},{"type":"Feature","properties":{"code":"09211","name":"矢板市","pref":"栃木県","pref_code":"09","cx":139.90864,"cy":36.82713,"bbox":[139.78842,36.72692,139.99296,36.92753]},"geometry":{"type":"Polygon","coordinates":[[[139.92169,36.87093],[139.90966,36.88312],[139.89214,36.88755],[139.85823,36.90402],[139.84891,36.91016],[139.846,36.92211],[139.83687,36.92753],[139.8099,36.91781],[139.80273,36.90918],[139.78842,36.90639],[139.80908,36.87059],[139.82745,36.85545],[139.83017,36.84698],[139.85104,36.84131],[139.85224,36.82803],[139.85744,36.82623],[139.8784,36.79902],[139.86843,36.78811],[139.8798,36.77636],[139.90165,36.76698],[139.90466,36.75533],[139.91646,36.74477],[139.91707,36.73354],[139.93858,36.72692],[139.96422,36.72911],[139.96728,36.74262],[139.96184,36.74797],[139.96928,36.75836],[139.98426,36.77037],[139.97513,36.78168],[139.98496,36.80139],[139.99296,36.80241],[139.9872,36.8156],[139.97046,36.8207],[139.95748,36.83111],[139.94045,36.84003],[139.92748,36.8567],[139.92169,36.87093]]]}},{"type":"Feature","properties":{"code":"09213","name":"那須塩原市","pref":"栃木県","pref_code":"09","cx":139.89062,"cy":36.99596,"bbox":[139.73795,36.83691,140.13818,37.15494]},"geometry":{"type":"Polygon","coordinates":[[[139.77633,36.90136],[139.78842,36.90639],[139.80273,36.90918],[139.8099,36.91781],[139.83687,36.92753],[139.846,36.92211],[139.84891,36.91016],[139.85823,36.90402],[139.89214,36.88755],[139.90966,36.88312],[139.92169,36.87093],[139.9425,36.87792],[139.96627,36.84619],[139.9661,36.83811],[139.98262,36.83691],[139.99665,36.84707],[139.99256,36.85401],[139.99625,36.8645],[140.00895,36.86695],[140.01059,36.87615],[140.02011,36.88122],[140.00516,36.89619],[140.03403,36.91103],[140.03262,36.9212],[140.04444,36.93345],[140.05157,36.92471],[140.06211,36.93155],[140.07054,36.9224],[140.09295,36.92312],[140.10833,36.93476],[140.12121,36.947],[140.11671,36.95873],[140.13818,36.96901],[140.13152,36.98694],[140.12309,36.98617],[140.11764,36.97659],[140.102,36.97648],[140.08502,36.99049],[140.08023,36.98515],[140.08745,36.97381],[140.07401,36.96979],[140.06794,36.97584],[140.03213,36.99189],[140.03379,37.00003],[140.02393,37.0064],[140.01328,37.02209],[139.99504,37.03905],[139.98581,37.03797],[139.94891,37.0507],[139.94745,37.06894],[139.94351,37.07863],[139.95306,37.09108],[139.95311,37.0993],[139.94474,37.10573],[139.93276,37.10493],[139.93109,37.1253],[139.93749,37.13729],[139.95084,37.13995],[139.96732,37.14779],[139.95461,37.15494],[139.9338,37.15374],[139.91634,37.14763],[139.89464,37.15326],[139.87757,37.14613],[139.86629,37.14723],[139.86096,37.14082],[139.84784,37.13945],[139.83177,37.13364],[139.82793,37.12629],[139.81519,37.11615],[139.82113,37.10874],[139.81825,37.09667],[139.82331,37.08093],[139.81398,37.06359],[139.80043,37.04641],[139.79166,37.04153],[139.75855,37.03836],[139.75488,37.02712],[139.75508,37.00273],[139.74083,36.98857],[139.74734,36.9781],[139.74685,36.96281],[139.73795,36.95259],[139.74806,36.937],[139.77179,36.92067],[139.76947,36.90683],[139.77633,36.90136]]]}},{"type":"Feature","properties":{"code":"09214","name":"さくら市","pref":"栃木県","pref_code":"09","cx":140.00168,"cy":36.72071,"bbox":[139.90688,36.64007,140.08435,36.80241]},"geometry":{"type":"Polygon","coordinates":[[[139.95537,36.64007],[139.96806,36.64686],[139.96774,36.66072],[139.97549,36.66788],[139.99222,36.67162],[140.00554,36.66291],[140.01698,36.66567],[140.02976,36.67777],[140.03012,36.68131],[140.05768,36.7075],[140.0732,36.73084],[140.06839,36.73716],[140.08292,36.74469],[140.07845,36.75637],[140.08435,36.76124],[140.06739,36.7734],[140.06101,36.76995],[140.04655,36.77444],[140.03799,36.76802],[140.00951,36.78385],[139.99296,36.80241],[139.98496,36.80139],[139.97513,36.78168],[139.98426,36.77037],[139.96928,36.75836],[139.96184,36.74797],[139.96728,36.74262],[139.96422,36.72911],[139.93858,36.72692],[139.93671,36.71999],[139.90688,36.72143],[139.91848,36.71319],[139.93984,36.69221],[139.95467,36.66936],[139.95204,36.65998],[139.95537,36.64007]]]}},{"type":"Feature","properties":{"code":"09215","name":"那須烏山市","pref":"栃木県","pref_code":"09","cx":140.13749,"cy":36.6662,"bbox":[140.02976,36.59061,140.24271,36.74469]},"geometry":{"type":"Polygon","coordinates":[[[140.02976,36.67777],[140.05405,36.65885],[140.06444,36.64605],[140.05841,36.63578],[140.06288,36.61826],[140.07922,36.62052],[140.08467,36.6014],[140.09962,36.61158],[140.10603,36.62393],[140.14152,36.61913],[140.13913,36.61125],[140.15065,36.60866],[140.16814,36.61122],[140.17509,36.59604],[140.18433,36.59061],[140.20343,36.60024],[140.20205,36.60777],[140.22754,36.61278],[140.2347,36.62385],[140.23431,36.63463],[140.24271,36.63656],[140.24093,36.65092],[140.22931,36.66228],[140.23142,36.67012],[140.22157,36.67429],[140.20714,36.68285],[140.20083,36.68055],[140.17802,36.68139],[140.16073,36.69974],[140.16048,36.7115],[140.14881,36.72441],[140.13834,36.72425],[140.13064,36.71676],[140.12135,36.7167],[140.11594,36.72761],[140.09336,36.7311],[140.08292,36.74469],[140.06839,36.73716],[140.0732,36.73084],[140.05768,36.7075],[140.03012,36.68131],[140.02976,36.67777]]]}},{"type":"Feature","properties":{"code":"09216","name":"下野市","pref":"栃木県","pref_code":"09","cx":139.84678,"cy":36.42017,"bbox":[139.79719,36.3504,139.92229,36.48735]},"geometry":{"type":"Polygon","coordinates":[[[139.84193,36.48735],[139.84037,36.48052],[139.84789,36.46971],[139.84608,36.4599],[139.83385,36.45724],[139.83133,36.42491],[139.82496,36.41266],[139.82556,36.39921],[139.81243,36.40196],[139.80338,36.39793],[139.79719,36.38876],[139.81195,36.374],[139.84078,36.36812],[139.84272,36.35178],[139.85476,36.35826],[139.86941,36.36009],[139.8727,36.3504],[139.88887,36.35601],[139.89022,36.36469],[139.91231,36.36228],[139.919,36.37544],[139.92229,36.39463],[139.90962,36.4037],[139.89714,36.40322],[139.88295,36.41262],[139.86365,36.41542],[139.86864,36.43809],[139.86728,36.46192],[139.87409,36.46502],[139.86737,36.47477],[139.85183,36.47907],[139.84193,36.48735]]]}},{"type":"Feature","properties":{"code":"09301","name":"河内郡上三川町","pref":"栃木県","pref_code":"09","cx":139.90615,"cy":36.4445,"bbox":[139.86365,36.39463,139.96305,36.49084]},"geometry":{"type":"Polygon","coordinates":[[[139.87409,36.46502],[139.86728,36.46192],[139.86864,36.43809],[139.86365,36.41542],[139.88295,36.41262],[139.89714,36.40322],[139.90962,36.4037],[139.92229,36.39463],[139.93107,36.40184],[139.93381,36.42709],[139.94779,36.45092],[139.9617,36.46217],[139.96305,36.47183],[139.94836,36.4777],[139.94729,36.48363],[139.92969,36.48322],[139.91161,36.49084],[139.88464,36.46458],[139.87409,36.46502]]]}},{"type":"Feature","properties":{"code":"09342","name":"芳賀郡益子町","pref":"栃木県","pref_code":"09","cx":140.11421,"cy":36.45795,"bbox":[140.06311,36.39806,140.16028,36.52508]},"geometry":{"type":"Polygon","coordinates":[[[140.0665,36.40381],[140.09229,36.40164],[140.11122,36.39806],[140.1141,36.41081],[140.13183,36.41492],[140.14426,36.41404],[140.14871,36.4357],[140.15962,36.45257],[140.16028,36.46332],[140.14922,36.48102],[140.15005,36.50302],[140.13991,36.50373],[140.14044,36.52508],[140.10891,36.51655],[140.098,36.51802],[140.09222,36.51223],[140.07863,36.51266],[140.07215,36.4926],[140.06544,36.42943],[140.07,36.42199],[140.06311,36.41245],[140.0665,36.40381]]]}},{"type":"Feature","properties":{"code":"09343","name":"芳賀郡茂木町","pref":"栃木県","pref_code":"09","cx":140.19419,"cy":36.51136,"bbox":[140.12908,36.39815,140.26018,36.62501]},"geometry":{"type":"Polygon","coordinates":[[[140.13913,36.61125],[140.13979,36.59712],[140.14787,36.59351],[140.13624,36.57314],[140.12908,36.54826],[140.14819,36.53545],[140.14044,36.52508],[140.13991,36.50373],[140.15005,36.50302],[140.14922,36.48102],[140.16028,36.46332],[140.15962,36.45257],[140.14871,36.4357],[140.14426,36.41404],[140.1562,36.39815],[140.1656,36.40011],[140.18516,36.39834],[140.20326,36.42074],[140.20135,36.43814],[140.20619,36.44648],[140.20288,36.45444],[140.21662,36.47898],[140.22957,36.49088],[140.23064,36.50297],[140.24893,36.50766],[140.24761,36.51507],[140.26018,36.51763],[140.24775,36.53449],[140.24697,36.54802],[140.25154,36.55458],[140.24337,36.58458],[140.24914,36.5994],[140.24839,36.61094],[140.23954,36.62501],[140.2347,36.62385],[140.22754,36.61278],[140.20205,36.60777],[140.20343,36.60024],[140.18433,36.59061],[140.17509,36.59604],[140.16814,36.61122],[140.15065,36.60866],[140.13913,36.61125]]]}},{"type":"Feature","properties":{"code":"09344","name":"芳賀郡市貝町","pref":"栃木県","pref_code":"09","cx":140.10783,"cy":36.5607,"bbox":[140.0494,36.4926,140.14819,36.62393]},"geometry":{"type":"Polygon","coordinates":[[[140.07215,36.4926],[140.07863,36.51266],[140.09222,36.51223],[140.098,36.51802],[140.10891,36.51655],[140.14044,36.52508],[140.14819,36.53545],[140.12908,36.54826],[140.13624,36.57314],[140.14787,36.59351],[140.13979,36.59712],[140.13913,36.61125],[140.14152,36.61913],[140.10603,36.62393],[140.09962,36.61158],[140.08467,36.6014],[140.08902,36.58451],[140.08048,36.57574],[140.08524,36.54726],[140.07484,36.53522],[140.07982,36.52329],[140.06668,36.52468],[140.06869,36.53659],[140.05895,36.53586],[140.05422,36.5146],[140.0494,36.50983],[140.05205,36.49578],[140.06365,36.49832],[140.07215,36.4926]]]}},{"type":"Feature","properties":{"code":"09345","name":"芳賀郡芳賀町","pref":"栃木県","pref_code":"09","cx":140.042,"cy":36.55797,"bbox":[139.99338,36.48947,140.08902,36.61524]},"geometry":{"type":"Polygon","coordinates":[[[140.00041,36.49678],[140.00376,36.49006],[140.03624,36.48947],[140.0494,36.50983],[140.05422,36.5146],[140.05895,36.53586],[140.06869,36.53659],[140.06668,36.52468],[140.07982,36.52329],[140.07484,36.53522],[140.08524,36.54726],[140.08048,36.57574],[140.08902,36.58451],[140.08524,36.5999],[140.06704,36.61524],[140.06043,36.60555],[140.04447,36.6068],[140.04763,36.5955],[140.04498,36.58615],[140.03029,36.58502],[140.01391,36.57971],[139.99338,36.60169],[140.0027,36.56508],[139.9984,36.55085],[140.00966,36.53392],[140.00625,36.51327],[140.00732,36.50411],[140.00041,36.49678]]]}},{"type":"Feature","properties":{"code":"09361","name":"下都賀郡壬生町","pref":"栃木県","pref_code":"09","cx":139.79867,"cy":36.45283,"bbox":[139.75679,36.39921,139.84789,36.51114]},"geometry":{"type":"Polygon","coordinates":[[[139.8213,36.51114],[139.8056,36.50217],[139.79258,36.49845],[139.78886,36.48701],[139.77884,36.49317],[139.76879,36.48684],[139.76723,36.47122],[139.75679,36.46729],[139.75808,36.45986],[139.76744,36.44843],[139.76709,36.44198],[139.78391,36.42154],[139.79024,36.41929],[139.7941,36.40607],[139.82556,36.39921],[139.82496,36.41266],[139.83133,36.42491],[139.83385,36.45724],[139.84608,36.4599],[139.84789,36.46971],[139.84037,36.48052],[139.84193,36.48735],[139.83453,36.4963],[139.83062,36.50998],[139.8213,36.51114]]]}},{"type":"Feature","properties":{"code":"09364","name":"下都賀郡野木町","pref":"栃木県","pref_code":"09","cx":139.74601,"cy":36.23608,"bbox":[139.68444,36.20186,139.78597,36.26309]},"geometry":{"type":"Polygon","coordinates":[[[139.68885,36.20207],[139.69362,36.20649],[139.70647,36.20186],[139.70749,36.21084],[139.72754,36.20584],[139.74828,36.21109],[139.76004,36.21924],[139.7857,36.2278],[139.78394,36.24203],[139.78597,36.25501],[139.76569,36.24453],[139.74541,36.2452],[139.7377,36.24835],[139.74405,36.26104],[139.73225,36.26309],[139.72557,36.25756],[139.72778,36.2479],[139.69705,36.23013],[139.69542,36.22331],[139.68444,36.21583],[139.68885,36.20207]]]}},{"type":"Feature","properties":{"code":"09384","name":"塩谷郡塩谷町","pref":"栃木県","pref_code":"09","cx":139.80021,"cy":36.81038,"bbox":[139.72788,36.71999,139.93858,36.90639]},"geometry":{"type":"Polygon","coordinates":[[[139.90688,36.72143],[139.93671,36.71999],[139.93858,36.72692],[139.91707,36.73354],[139.91646,36.74477],[139.90466,36.75533],[139.90165,36.76698],[139.8798,36.77636],[139.86843,36.78811],[139.8784,36.79902],[139.85744,36.82623],[139.85224,36.82803],[139.85104,36.84131],[139.83017,36.84698],[139.82745,36.85545],[139.80908,36.87059],[139.78842,36.90639],[139.77633,36.90136],[139.77061,36.88728],[139.7734,36.86849],[139.77146,36.85509],[139.73681,36.83337],[139.72788,36.83307],[139.73164,36.82174],[139.72968,36.79635],[139.73708,36.76724],[139.75152,36.76808],[139.76446,36.75914],[139.81202,36.73892],[139.83891,36.73476],[139.85278,36.72454],[139.86033,36.73008],[139.88174,36.72262],[139.8878,36.72457],[139.90688,36.72143]]]}},{"type":"Feature","properties":{"code":"09386","name":"塩谷郡高根沢町","pref":"栃木県","pref_code":"09","cx":140.01069,"cy":36.62815,"bbox":[139.95537,36.57971,140.08524,36.67777]},"geometry":{"type":"Polygon","coordinates":[[[139.99338,36.60169],[140.01391,36.57971],[140.03029,36.58502],[140.04498,36.58615],[140.04763,36.5955],[140.04447,36.6068],[140.06043,36.60555],[140.06704,36.61524],[140.08524,36.5999],[140.07922,36.62052],[140.06288,36.61826],[140.05841,36.63578],[140.06444,36.64605],[140.05405,36.65885],[140.02976,36.67777],[140.01698,36.66567],[140.00554,36.66291],[139.99222,36.67162],[139.97549,36.66788],[139.96774,36.66072],[139.96806,36.64686],[139.95537,36.64007],[139.97075,36.60757],[139.99078,36.60865],[139.99338,36.60169]]]}},{"type":"Feature","properties":{"code":"09407","name":"那須郡那須町","pref":"栃木県","pref_code":"09","cx":140.10037,"cy":37.03319,"bbox":[139.93109,36.91541,140.25309,37.14779]},"geometry":{"type":"Polygon","coordinates":[[[140.24304,36.94349],[140.24063,36.94985],[140.25309,36.96297],[140.2439,36.97318],[140.25098,36.98337],[140.24021,37.00028],[140.25127,37.00908],[140.24893,37.02587],[140.22465,37.0238],[140.21973,37.01851],[140.19927,37.02841],[140.19978,37.04769],[140.19065,37.05667],[140.19306,37.0655],[140.17283,37.07025],[140.15353,37.08712],[140.15623,37.09139],[140.13702,37.10646],[140.12805,37.10417],[140.10267,37.12105],[140.08936,37.12159],[140.06596,37.12734],[140.05751,37.12603],[140.04707,37.13544],[140.02445,37.14301],[140.01455,37.14012],[139.96732,37.14779],[139.95084,37.13995],[139.93749,37.13729],[139.93109,37.1253],[139.93276,37.10493],[139.94474,37.10573],[139.95311,37.0993],[139.95306,37.09108],[139.94351,37.07863],[139.94745,37.06894],[139.94891,37.0507],[139.98581,37.03797],[139.99504,37.03905],[140.01328,37.02209],[140.02393,37.0064],[140.03379,37.00003],[140.03213,36.99189],[140.06794,36.97584],[140.07401,36.96979],[140.08745,36.97381],[140.08023,36.98515],[140.08502,36.99049],[140.102,36.97648],[140.11764,36.97659],[140.12309,36.98617],[140.13152,36.98694],[140.13818,36.96901],[140.11671,36.95873],[140.12121,36.947],[140.10833,36.93476],[140.11219,36.92662],[140.12655,36.91541],[140.13469,36.92438],[140.13523,36.93465],[140.14442,36.93803],[140.15356,36.93209],[140.15888,36.94399],[140.18425,36.94835],[140.22444,36.94177],[140.24304,36.94349]]]}},{"type":"Feature","properties":{"code":"09411","name":"那須郡那珂川町","pref":"栃木県","pref_code":"09","cx":140.16845,"cy":36.7583,"bbox":[140.04528,36.67429,140.28767,36.84284]},"geometry":{"type":"Polygon","coordinates":[[[140.04655,36.77444],[140.06101,36.76995],[140.06739,36.7734],[140.08435,36.76124],[140.07845,36.75637],[140.08292,36.74469],[140.09336,36.7311],[140.11594,36.72761],[140.12135,36.7167],[140.13064,36.71676],[140.13834,36.72425],[140.14881,36.72441],[140.16048,36.7115],[140.16073,36.69974],[140.17802,36.68139],[140.20083,36.68055],[140.20714,36.68285],[140.22157,36.67429],[140.22042,36.68715],[140.23339,36.70025],[140.26782,36.70227],[140.28231,36.70811],[140.28767,36.72537],[140.28334,36.73414],[140.26221,36.74828],[140.25494,36.76022],[140.26107,36.76759],[140.25367,36.77452],[140.25381,36.78366],[140.23326,36.80211],[140.22791,36.81709],[140.23085,36.83764],[140.21707,36.84284],[140.20413,36.83694],[140.19788,36.82503],[140.1871,36.81988],[140.17422,36.82754],[140.15885,36.80094],[140.13692,36.78465],[140.11563,36.78469],[140.11216,36.78913],[140.09203,36.79756],[140.08069,36.79636],[140.07284,36.78637],[140.04528,36.78359],[140.04655,36.77444]]]}},{"type":"Feature","properties":{"code":"10201","name":"前橋市","pref":"群馬県","pref_code":"10","cx":139.12777,"cy":36.44359,"bbox":[139.00243,36.31624,139.22654,36.5617]},"geometry":{"type":"Polygon","coordinates":[[[139.19344,36.55943],[139.16934,36.5617],[139.1625,36.55543],[139.15188,36.55445],[139.13512,36.53408],[139.11785,36.52551],[139.09829,36.51263],[139.07616,36.49404],[139.0636,36.47602],[139.05293,36.46829],[139.04932,36.45573],[139.04122,36.45191],[139.03661,36.43546],[139.02347,36.41718],[139.01257,36.43271],[139.00245,36.42703],[139.00243,36.41934],[139.0072,36.40679],[139.02049,36.41212],[139.02819,36.40668],[139.03051,36.39436],[139.02548,36.38432],[139.03086,36.3746],[139.0443,36.3639],[139.04465,36.35167],[139.05651,36.35571],[139.06906,36.35246],[139.07734,36.33272],[139.09299,36.32431],[139.10657,36.31624],[139.10875,36.32709],[139.12645,36.32737],[139.13618,36.33434],[139.15117,36.34219],[139.16157,36.33761],[139.17527,36.35273],[139.18708,36.36014],[139.19163,36.37294],[139.20297,36.37522],[139.20706,36.39078],[139.21741,36.40166],[139.22654,36.4038],[139.2246,36.42627],[139.21293,36.45171],[139.21106,36.47658],[139.20181,36.4919],[139.19637,36.51394],[139.18868,36.52607],[139.19344,36.55943]]]}},{"type":"Feature","properties":{"code":"10202","name":"高崎市","pref":"群馬県","pref_code":"10","cx":139.00619,"cy":36.33867,"bbox":[138.64329,36.19891,139.12966,36.48299]},"geometry":{"type":"MultiPolygon","coordinates":[[[[139.12966,36.2834],[139.11074,36.28207],[139.10406,36.27862],[139.10771,36.26135],[139.11778,36.26876],[139.12966,36.2834]]],[[[139.00243,36.41934],[138.9937,36.42355],[138.98177,36.41353],[138.96286,36.41213],[138.94984,36.42965],[138.93777,36.43527],[138.92475,36.44805],[138.90734,36.45731],[138.90935,36.47173],[138.89512,36.48224],[138.87745,36.48299],[138.86579,36.48133],[138.86005,36.47346],[138.84774,36.47508],[138.82633,36.47309],[138.7626,36.47905],[138.75451,36.47607],[138.73072,36.47761],[138.72323,36.48223],[138.70668,36.47848],[138.69767,36.47304],[138.68716,36.47349],[138.67817,36.4638],[138.6703,36.46258],[138.6552,36.45171],[138.64329,36.43726],[138.64714,36.42469],[138.64442,36.41144],[138.64839,36.40747],[138.68309,36.41592],[138.70143,36.40877],[138.71696,36.41547],[138.75208,36.40659],[138.77696,36.39172],[138.84301,36.37088],[138.85704,36.37428],[138.88632,36.36573],[138.9153,36.35026],[138.92663,36.35283],[138.9385,36.34376],[138.93659,36.33358],[138.94383,36.327],[138.95365,36.30577],[138.94966,36.30149],[138.94968,36.28691],[138.93807,36.27035],[138.94414,36.26795],[138.95431,36.25933],[138.95354,36.25132],[138.95827,36.22909],[138.94292,36.19926],[138.95399,36.19891],[138.98103,36.20594],[138.98218,36.21355],[138.9971,36.22372],[139.01757,36.22232],[139.01735,36.23369],[139.0273,36.24682],[139.02314,36.25987],[139.0326,36.26044],[139.0407,36.2704],[139.05609,36.27235],[139.05595,36.28451],[139.08505,36.29118],[139.09667,36.28843],[139.10074,36.29925],[139.08766,36.31227],[139.09299,36.32431],[139.07734,36.33272],[139.06906,36.35246],[139.05651,36.35571],[139.04465,36.35167],[139.0443,36.3639],[139.03086,36.3746],[139.02548,36.38432],[139.03051,36.39436],[139.02819,36.40668],[139.02049,36.41212],[139.0072,36.40679],[139.00243,36.41934]]]]}},{"type":"Feature","properties":{"code":"10203","name":"桐生市","pref":"群馬県","pref_code":"10","cx":139.35738,"cy":36.45457,"bbox":[139.18868,36.35969,139.4511,36.59515]},"geometry":{"type":"MultiPolygon","coordinates":[[[[139.4511,36.54971],[139.44306,36.55597],[139.43007,36.55337],[139.41452,36.53371],[139.40216,36.52397],[139.38794,36.52445],[139.37618,36.51544],[139.3595,36.5121],[139.35902,36.50043],[139.33431,36.49138],[139.33156,36.47899],[139.32033,36.47142],[139.31796,36.46286],[139.30463,36.45934],[139.30072,36.44747],[139.29469,36.44469],[139.29253,36.4219],[139.28348,36.41393],[139.31509,36.39701],[139.31365,36.37758],[139.32756,36.37457],[139.34136,36.36062],[139.35477,36.35969],[139.37035,36.36608],[139.36098,36.38368],[139.37686,36.41103],[139.39174,36.42431],[139.39439,36.43422],[139.40253,36.43682],[139.41231,36.4507],[139.4111,36.45843],[139.42784,36.45911],[139.43647,36.46598],[139.42966,36.48195],[139.41793,36.49464],[139.42168,36.50874],[139.42768,36.51064],[139.43991,36.5254],[139.43629,36.53807],[139.4393,36.55096],[139.4511,36.54971]]],[[[139.22654,36.4038],[139.24078,36.39707],[139.24561,36.40555],[139.25576,36.40782],[139.27092,36.41675],[139.27075,36.425],[139.26024,36.43773],[139.26333,36.45294],[139.25363,36.46108],[139.2365,36.46877],[139.23495,36.48056],[139.26827,36.48019],[139.283,36.49298],[139.29803,36.49122],[139.29683,36.50702],[139.28,36.51435],[139.29019,36.51894],[139.29697,36.53416],[139.31496,36.54412],[139.31906,36.56062],[139.30893,36.5701],[139.29955,36.5844],[139.29786,36.59515],[139.28861,36.58968],[139.25768,36.59175],[139.24179,36.58807],[139.23749,36.58161],[139.19086,36.56872],[139.19344,36.55943],[139.18868,36.52607],[139.19637,36.51394],[139.20181,36.4919],[139.21106,36.47658],[139.21293,36.45171],[139.2246,36.42627],[139.22654,36.4038]]]]}},{"type":"Feature","properties":{"code":"10204","name":"伊勢崎市","pref":"群馬県","pref_code":"10","cx":139.20174,"cy":36.32728,"bbox":[139.13618,36.24262,139.27359,36.40782]},"geometry":{"type":"Polygon","coordinates":[[[139.13618,36.33434],[139.14259,36.31049],[139.15502,36.30181],[139.17137,36.27372],[139.21215,36.25634],[139.224,36.2583],[139.23747,36.2462],[139.26701,36.24262],[139.27265,36.24924],[139.27359,36.28332],[139.25576,36.29504],[139.26745,36.30264],[139.26905,36.32421],[139.26176,36.33035],[139.27308,36.36868],[139.26633,36.37819],[139.26764,36.39245],[139.25018,36.39514],[139.25576,36.40782],[139.24561,36.40555],[139.24078,36.39707],[139.22654,36.4038],[139.21741,36.40166],[139.20706,36.39078],[139.20297,36.37522],[139.19163,36.37294],[139.18708,36.36014],[139.17527,36.35273],[139.16157,36.33761],[139.15117,36.34219],[139.13618,36.33434]]]}},{"type":"Feature","properties":{"code":"10205","name":"太田市","pref":"群馬県","pref_code":"10","cx":139.3446,"cy":36.30991,"bbox":[139.25576,36.23661,139.44365,36.37758]},"geometry":{"type":"Polygon","coordinates":[[[139.31365,36.37758],[139.29861,36.37242],[139.27961,36.37324],[139.27308,36.36868],[139.26176,36.33035],[139.26905,36.32421],[139.26745,36.30264],[139.25576,36.29504],[139.27359,36.28332],[139.27265,36.24924],[139.31515,36.23661],[139.35823,36.25333],[139.37667,36.2445],[139.38292,36.23787],[139.38244,36.25254],[139.3893,36.26667],[139.40596,36.27645],[139.4139,36.27089],[139.43489,36.26767],[139.42972,36.27925],[139.43327,36.28699],[139.44365,36.28836],[139.44353,36.29369],[139.42672,36.30395],[139.4157,36.31587],[139.41486,36.32432],[139.42279,36.33226],[139.39694,36.34582],[139.38844,36.35464],[139.37035,36.36608],[139.35477,36.35969],[139.34136,36.36062],[139.32756,36.37457],[139.31365,36.37758]]]}},{"type":"Feature","properties":{"code":"10206","name":"沼田市","pref":"群馬県","pref_code":"10","cx":139.22369,"cy":36.67667,"bbox":[138.98528,36.55943,139.37028,36.79679]},"geometry":{"type":"Polygon","coordinates":[[[139.19344,36.55943],[139.19086,36.56872],[139.23749,36.58161],[139.24179,36.58807],[139.25768,36.59175],[139.28861,36.58968],[139.29786,36.59515],[139.30557,36.616],[139.32815,36.63342],[139.33053,36.64226],[139.3267,36.65711],[139.33452,36.66569],[139.33926,36.67833],[139.33692,36.69213],[139.35634,36.7071],[139.37028,36.74495],[139.35608,36.75045],[139.35082,36.76345],[139.35306,36.77361],[139.34801,36.77642],[139.33255,36.7698],[139.29975,36.7597],[139.27052,36.74109],[139.25292,36.746],[139.23222,36.74286],[139.22011,36.7272],[139.21394,36.72476],[139.20717,36.70964],[139.19691,36.71773],[139.17585,36.70643],[139.17516,36.69969],[139.1628,36.69797],[139.14423,36.68685],[139.12885,36.68972],[139.11016,36.68768],[139.10853,36.675],[139.08079,36.67307],[139.08401,36.6858],[139.07986,36.70135],[139.08386,36.7043],[139.08435,36.73978],[139.09271,36.75862],[139.11642,36.77912],[139.12114,36.79432],[139.10809,36.79679],[139.08053,36.79022],[139.05926,36.79333],[139.03821,36.78182],[139.03744,36.7733],[139.02466,36.7704],[139.02962,36.75648],[139.02528,36.74663],[139.03319,36.74164],[139.01851,36.72196],[139.0265,36.70998],[139.02366,36.70453],[139.03028,36.68349],[139.02355,36.67937],[139.01952,36.66745],[138.99872,36.65116],[138.98528,36.64473],[138.99112,36.63679],[138.98649,36.62543],[138.98976,36.61429],[138.9889,36.5976],[139.00428,36.58291],[139.03602,36.5889],[139.05799,36.58647],[139.05083,36.59169],[139.04985,36.60096],[139.04292,36.60991],[139.04665,36.62179],[139.06192,36.63033],[139.06565,36.64136],[139.0729,36.64802],[139.0942,36.65756],[139.11699,36.65898],[139.12721,36.65305],[139.12457,36.6457],[139.13172,36.63038],[139.14295,36.62192],[139.14292,36.61393],[139.14953,36.59691],[139.16291,36.5784],[139.16172,36.56957],[139.16934,36.5617],[139.19344,36.55943]]]}},{"type":"Feature","properties":{"code":"10207","name":"館林市","pref":"群馬県","pref_code":"10","cx":139.53364,"cy":36.24491,"bbox":[139.4605,36.21047,139.62562,36.2847]},"geometry":{"type":"Polygon","coordinates":[[[139.58975,36.26862],[139.56127,36.26713],[139.54917,36.28045],[139.54403,36.27578],[139.52561,36.2847],[139.50012,36.27609],[139.4893,36.2528],[139.47901,36.24168],[139.49162,36.23903],[139.49604,36.2289],[139.48755,36.22541],[139.46304,36.22459],[139.4605,36.21486],[139.479,36.21177],[139.50116,36.21047],[139.51154,36.21762],[139.5633,36.217],[139.57152,36.2213],[139.58097,36.21848],[139.57969,36.23293],[139.57422,36.23874],[139.59109,36.24814],[139.62562,36.25273],[139.58975,36.26862]]]}},{"type":"Feature","properties":{"code":"10208","name":"渋川市","pref":"群馬県","pref_code":"10","cx":139.01885,"cy":36.51944,"bbox":[138.87745,36.45079,139.16934,36.59156]},"geometry":{"type":"Polygon","coordinates":[[[139.16934,36.5617],[139.16172,36.56957],[139.1578,36.57545],[139.13257,36.57844],[139.12253,36.57575],[139.1082,36.58051],[139.09543,36.57898],[139.07645,36.58421],[139.07013,36.57979],[139.05799,36.58647],[139.03602,36.5889],[139.00428,36.58291],[138.99524,36.59156],[138.97032,36.58079],[138.94744,36.58573],[138.9049,36.58677],[138.89666,36.57795],[138.90425,36.57311],[138.89646,36.56196],[138.91135,36.55095],[138.94431,36.55028],[138.94111,36.53049],[138.92245,36.51337],[138.90417,36.50872],[138.89189,36.50179],[138.87745,36.48299],[138.89512,36.48224],[138.91595,36.46639],[138.92911,36.47016],[138.95684,36.47434],[138.9937,36.46085],[139.00578,36.46356],[139.01472,36.46085],[139.01864,36.45079],[139.04122,36.45191],[139.04932,36.45573],[139.05293,36.46829],[139.0636,36.47602],[139.07616,36.49404],[139.09829,36.51263],[139.11785,36.52551],[139.13512,36.53408],[139.15188,36.55445],[139.1625,36.55543],[139.16934,36.5617]]]}},{"type":"Feature","properties":{"code":"10209","name":"藤岡市","pref":"群馬県","pref_code":"10","cx":139.01906,"cy":36.2026,"bbox":[138.81005,36.11557,139.1112,36.29118]},"geometry":{"type":"Polygon","coordinates":[[[139.11074,36.28207],[139.09667,36.28843],[139.08505,36.29118],[139.05595,36.28451],[139.05609,36.27235],[139.0407,36.2704],[139.0326,36.26044],[139.02314,36.25987],[139.0273,36.24682],[139.01735,36.23369],[139.01757,36.22232],[138.9971,36.22372],[138.98218,36.21355],[138.98103,36.20594],[138.95399,36.19891],[138.94292,36.19926],[138.9133,36.19332],[138.90234,36.18099],[138.88446,36.16838],[138.87018,36.17014],[138.82669,36.15797],[138.81005,36.14146],[138.82118,36.14459],[138.83839,36.14274],[138.85881,36.14715],[138.86474,36.15166],[138.87544,36.14048],[138.90471,36.14598],[138.91582,36.15194],[138.9402,36.14932],[138.95939,36.14478],[138.96329,36.13202],[138.95962,36.12399],[138.97001,36.12424],[138.98569,36.11557],[138.99304,36.12446],[139.00196,36.12533],[139.01562,36.13407],[139.0312,36.12773],[139.0424,36.12846],[139.04272,36.14803],[139.06056,36.15226],[139.05639,36.18052],[139.06305,36.18581],[139.06332,36.19571],[139.08173,36.21489],[139.08898,36.22843],[139.1112,36.2585],[139.10771,36.26135],[139.10406,36.27862],[139.11074,36.28207]]]}},{"type":"Feature","properties":{"code":"10210","name":"富岡市","pref":"群馬県","pref_code":"10","cx":138.84371,"cy":36.2431,"bbox":[138.74001,36.17844,138.94968,36.30529]},"geometry":{"type":"Polygon","coordinates":[[[138.94966,36.30149],[138.93891,36.30524],[138.9135,36.30529],[138.90129,36.29615],[138.90221,36.28927],[138.87815,36.2878],[138.85767,36.27635],[138.83588,36.2794],[138.81241,36.29408],[138.78188,36.30264],[138.75618,36.30304],[138.74001,36.28997],[138.75419,36.28292],[138.75301,36.26783],[138.77061,36.25126],[138.78322,36.22701],[138.7968,36.22653],[138.81592,36.23253],[138.81831,36.23689],[138.84049,36.23869],[138.82968,36.21226],[138.83286,36.19271],[138.83114,36.17844],[138.84854,36.18758],[138.85855,36.20318],[138.87592,36.20269],[138.87836,36.22053],[138.88726,36.22618],[138.90068,36.22634],[138.90512,36.23829],[138.9194,36.24751],[138.92197,36.26003],[138.94414,36.26795],[138.93807,36.27035],[138.94968,36.28691],[138.94966,36.30149]]]}},{"type":"Feature","properties":{"code":"10211","name":"安中市","pref":"群馬県","pref_code":"10","cx":138.79223,"cy":36.34701,"bbox":[138.64789,36.27635,138.95365,36.41592]},"geometry":{"type":"Polygon","coordinates":[[[138.64839,36.40747],[138.65217,36.39507],[138.64964,36.37894],[138.65716,36.3689],[138.65008,36.35248],[138.65054,36.33213],[138.65331,36.32437],[138.64789,36.31448],[138.65345,36.30304],[138.65723,36.2869],[138.67106,36.28786],[138.68315,36.28026],[138.69208,36.28639],[138.70531,36.27987],[138.74001,36.28997],[138.75618,36.30304],[138.78188,36.30264],[138.81241,36.29408],[138.83588,36.2794],[138.85767,36.27635],[138.87815,36.2878],[138.90221,36.28927],[138.90129,36.29615],[138.9135,36.30529],[138.93891,36.30524],[138.94966,36.30149],[138.95365,36.30577],[138.94383,36.327],[138.93659,36.33358],[138.9385,36.34376],[138.92663,36.35283],[138.9153,36.35026],[138.88632,36.36573],[138.85704,36.37428],[138.84301,36.37088],[138.77696,36.39172],[138.75208,36.40659],[138.71696,36.41547],[138.70143,36.40877],[138.68309,36.41592],[138.64839,36.40747]]]}},{"type":"Feature","properties":{"code":"10212","name":"みどり市","pref":"群馬県","pref_code":"10","cx":139.32812,"cy":36.50373,"bbox":[139.23495,36.36868,139.48304,36.63342]},"geometry":{"type":"Polygon","coordinates":[[[139.4511,36.54971],[139.46076,36.55325],[139.46562,36.56362],[139.48304,36.58328],[139.47384,36.59046],[139.47001,36.60415],[139.44504,36.60729],[139.42686,36.60113],[139.41237,36.60812],[139.3987,36.60219],[139.38669,36.61198],[139.35229,36.61509],[139.34573,36.62335],[139.32965,36.62759],[139.32815,36.63342],[139.30557,36.616],[139.29786,36.59515],[139.29955,36.5844],[139.30893,36.5701],[139.31906,36.56062],[139.31496,36.54412],[139.29697,36.53416],[139.29019,36.51894],[139.28,36.51435],[139.29683,36.50702],[139.29803,36.49122],[139.283,36.49298],[139.26827,36.48019],[139.23495,36.48056],[139.2365,36.46877],[139.25363,36.46108],[139.26333,36.45294],[139.26024,36.43773],[139.27075,36.425],[139.27092,36.41675],[139.25576,36.40782],[139.25018,36.39514],[139.26764,36.39245],[139.26633,36.37819],[139.27308,36.36868],[139.27961,36.37324],[139.29861,36.37242],[139.31365,36.37758],[139.31509,36.39701],[139.28348,36.41393],[139.29253,36.4219],[139.29469,36.44469],[139.30072,36.44747],[139.30463,36.45934],[139.31796,36.46286],[139.32033,36.47142],[139.33156,36.47899],[139.33431,36.49138],[139.35902,36.50043],[139.3595,36.5121],[139.37618,36.51544],[139.38794,36.52445],[139.40216,36.52397],[139.41452,36.53371],[139.43007,36.55337],[139.44306,36.55597],[139.4511,36.54971]]]}},{"type":"Feature","properties":{"code":"10344","name":"北群馬郡榛東村","pref":"群馬県","pref_code":"10","cx":138.96142,"cy":36.44166,"bbox":[138.90734,36.41213,139.00245,36.47173]},"geometry":{"type":"Polygon","coordinates":[[[139.00245,36.42703],[138.99068,36.43417],[138.99277,36.45138],[138.97507,36.45825],[138.96386,36.45558],[138.93633,36.46408],[138.92911,36.47016],[138.91595,36.46639],[138.90935,36.47173],[138.90734,36.45731],[138.92475,36.44805],[138.93777,36.43527],[138.94984,36.42965],[138.96286,36.41213],[138.98177,36.41353],[138.9937,36.42355],[139.00243,36.41934],[139.00245,36.42703]]]}},{"type":"Feature","properties":{"code":"10345","name":"北群馬郡吉岡町","pref":"群馬県","pref_code":"10","cx":139.01526,"cy":36.44313,"bbox":[138.92911,36.41718,139.04122,36.47434]},"geometry":{"type":"Polygon","coordinates":[[[139.04122,36.45191],[139.01864,36.45079],[139.01472,36.46085],[139.00578,36.46356],[138.9937,36.46085],[138.95684,36.47434],[138.92911,36.47016],[138.93633,36.46408],[138.96386,36.45558],[138.97507,36.45825],[138.99277,36.45138],[138.99068,36.43417],[139.00245,36.42703],[139.01257,36.43271],[139.02347,36.41718],[139.03661,36.43546],[139.04122,36.45191]]]}},{"type":"Feature","properties":{"code":"10366","name":"多野郡上野村","pref":"群馬県","pref_code":"10","cx":138.73066,"cy":36.05706,"bbox":[138.63063,35.98533,138.82911,36.13266]},"geometry":{"type":"Polygon","coordinates":[[[138.82911,36.04131],[138.81224,36.06455],[138.81815,36.07862],[138.80555,36.08312],[138.79964,36.09776],[138.7812,36.1031],[138.77986,36.12325],[138.77144,36.13266],[138.75707,36.12911],[138.74208,36.11885],[138.72888,36.12597],[138.70646,36.12218],[138.68745,36.12797],[138.66621,36.11718],[138.6451,36.11963],[138.64518,36.09881],[138.63063,36.09133],[138.63321,36.08087],[138.64282,36.06874],[138.64417,36.04957],[138.63149,36.02828],[138.6617,36.01201],[138.67975,36.01161],[138.6908,35.9908],[138.71255,35.98533],[138.71681,35.9929],[138.73217,35.99833],[138.74377,36.0101],[138.75441,36.03453],[138.76914,36.03881],[138.78063,36.03685],[138.79098,36.0294],[138.80219,36.0334],[138.82849,36.03744],[138.82911,36.04131]]]}},{"type":"Feature","properties":{"code":"10367","name":"多野郡神流町","pref":"群馬県","pref_code":"10","cx":138.87072,"cy":36.10043,"bbox":[138.76423,36.04131,138.96329,36.16041]},"geometry":{"type":"Polygon","coordinates":[[[138.81005,36.14146],[138.79061,36.13631],[138.77498,36.13865],[138.76799,36.14547],[138.76481,36.16041],[138.76423,36.143],[138.77144,36.13266],[138.77986,36.12325],[138.7812,36.1031],[138.79964,36.09776],[138.80555,36.08312],[138.81815,36.07862],[138.81224,36.06455],[138.82911,36.04131],[138.84283,36.05582],[138.84604,36.06662],[138.86152,36.07141],[138.86433,36.07709],[138.88671,36.08418],[138.89786,36.09065],[138.91631,36.09375],[138.93149,36.0881],[138.9448,36.09449],[138.95655,36.1057],[138.95962,36.12399],[138.96329,36.13202],[138.95939,36.14478],[138.9402,36.14932],[138.91582,36.15194],[138.90471,36.14598],[138.87544,36.14048],[138.86474,36.15166],[138.85881,36.14715],[138.83839,36.14274],[138.82118,36.14459],[138.81005,36.14146]]]}},{"type":"Feature","properties":{"code":"10382","name":"甘楽郡下仁田町","pref":"群馬県","pref_code":"10","cx":138.72546,"cy":36.22131,"bbox":[138.60218,36.13631,138.84049,36.30304]},"geometry":{"type":"Polygon","coordinates":[[[138.82669,36.15797],[138.83114,36.17844],[138.83286,36.19271],[138.82968,36.21226],[138.84049,36.23869],[138.81831,36.23689],[138.81592,36.23253],[138.7968,36.22653],[138.78322,36.22701],[138.77061,36.25126],[138.75301,36.26783],[138.75419,36.28292],[138.74001,36.28997],[138.70531,36.27987],[138.69208,36.28639],[138.68315,36.28026],[138.67106,36.28786],[138.65723,36.2869],[138.65345,36.30304],[138.64489,36.29454],[138.63058,36.28846],[138.61251,36.28566],[138.60356,36.27495],[138.60595,36.26679],[138.60218,36.2495],[138.6125,36.24092],[138.61187,36.22939],[138.62224,36.21459],[138.63321,36.21609],[138.63671,36.20427],[138.64201,36.19872],[138.66087,36.20246],[138.68132,36.19646],[138.68895,36.20919],[138.70762,36.21452],[138.73657,36.20111],[138.73726,36.19196],[138.74911,36.19488],[138.75994,36.18689],[138.75967,36.17591],[138.76481,36.16041],[138.76799,36.14547],[138.77498,36.13865],[138.79061,36.13631],[138.81005,36.14146],[138.82669,36.15797]]]}},{"type":"Feature","properties":{"code":"10383","name":"甘楽郡南牧村","pref":"群馬県","pref_code":"10","cx":138.68869,"cy":36.17025,"bbox":[138.58027,36.11718,138.77144,36.21452]},"geometry":{"type":"Polygon","coordinates":[[[138.77144,36.13266],[138.76423,36.143],[138.76481,36.16041],[138.75967,36.17591],[138.75994,36.18689],[138.74911,36.19488],[138.73726,36.19196],[138.73657,36.20111],[138.70762,36.21452],[138.68895,36.20919],[138.68132,36.19646],[138.66087,36.20246],[138.64201,36.19872],[138.63671,36.20427],[138.6228,36.19693],[138.6371,36.17488],[138.59457,36.16561],[138.58058,36.17574],[138.58027,36.1624],[138.5933,36.15307],[138.60066,36.13563],[138.62216,36.13196],[138.63409,36.13397],[138.63734,36.12434],[138.6451,36.11963],[138.66621,36.11718],[138.68745,36.12797],[138.70646,36.12218],[138.72888,36.12597],[138.74208,36.11885],[138.75707,36.12911],[138.77144,36.13266]]]}},{"type":"Feature","properties":{"code":"10384","name":"甘楽郡甘楽町","pref":"群馬県","pref_code":"10","cx":138.91329,"cy":36.21186,"bbox":[138.82669,36.15797,138.95827,36.26795]},"geometry":{"type":"Polygon","coordinates":[[[138.94414,36.26795],[138.92197,36.26003],[138.9194,36.24751],[138.90512,36.23829],[138.90068,36.22634],[138.88726,36.22618],[138.87836,36.22053],[138.87592,36.20269],[138.85855,36.20318],[138.84854,36.18758],[138.83114,36.17844],[138.82669,36.15797],[138.87018,36.17014],[138.88446,36.16838],[138.90234,36.18099],[138.9133,36.19332],[138.94292,36.19926],[138.95827,36.22909],[138.95354,36.25132],[138.95431,36.25933],[138.94414,36.26795]]]}},{"type":"Feature","properties":{"code":"10421","name":"吾妻郡中之条町","pref":"群馬県","pref_code":"10","cx":138.70747,"cy":36.65952,"bbox":[138.51792,36.55929,138.9207,36.76417]},"geometry":{"type":"Polygon","coordinates":[[[138.9207,36.58623],[138.90989,36.6011],[138.89288,36.61222],[138.89371,36.62027],[138.88803,36.64004],[138.8932,36.65714],[138.87631,36.66189],[138.87066,36.66802],[138.86037,36.66482],[138.82672,36.66421],[138.82057,36.68143],[138.82475,36.70236],[138.81317,36.71442],[138.80294,36.71877],[138.80042,36.72872],[138.78942,36.74487],[138.77034,36.74616],[138.75333,36.75498],[138.72703,36.76417],[138.72187,36.74969],[138.71307,36.73922],[138.69643,36.73831],[138.6753,36.73094],[138.64893,36.72712],[138.63009,36.71954],[138.62177,36.72021],[138.61114,36.70658],[138.59434,36.7138],[138.58327,36.70131],[138.5749,36.70712],[138.54364,36.70383],[138.52002,36.69232],[138.51792,36.677],[138.53434,36.66627],[138.52511,36.65126],[138.53476,36.65595],[138.55995,36.65264],[138.57055,36.64202],[138.60103,36.64368],[138.61309,36.63912],[138.6246,36.62884],[138.63042,36.61406],[138.61846,36.60319],[138.60804,36.59906],[138.59487,36.59905],[138.59678,36.5825],[138.61608,36.57259],[138.61789,36.56524],[138.63574,36.55929],[138.64961,36.57029],[138.67428,36.56857],[138.68155,36.575],[138.68155,36.58605],[138.69717,36.59506],[138.71704,36.59009],[138.7308,36.5979],[138.74569,36.59512],[138.76131,36.5846],[138.78132,36.57556],[138.79406,36.58192],[138.80527,36.57928],[138.82121,36.5872],[138.82613,36.58289],[138.8634,36.5811],[138.88283,36.56637],[138.89646,36.56196],[138.90425,36.57311],[138.89666,36.57795],[138.9049,36.58677],[138.9207,36.58623]]]}},{"type":"Feature","properties":{"code":"10424","name":"吾妻郡長野原町","pref":"群馬県","pref_code":"10","cx":138.6057,"cy":36.49666,"bbox":[138.56301,36.41144,138.72225,36.5825]},"geometry":{"type":"Polygon","coordinates":[[[138.6552,36.45171],[138.6474,36.46626],[138.63969,36.47101],[138.64463,36.48399],[138.64083,36.48766],[138.63984,36.50444],[138.65057,36.52112],[138.66437,36.52367],[138.68142,36.51991],[138.70036,36.53488],[138.71354,36.53441],[138.72225,36.54356],[138.71421,36.56672],[138.69028,36.56874],[138.68155,36.575],[138.67428,36.56857],[138.64961,36.57029],[138.63574,36.55929],[138.61789,36.56524],[138.61608,36.57259],[138.59678,36.5825],[138.58458,36.5787],[138.58419,36.56751],[138.59657,36.54978],[138.59185,36.54421],[138.59603,36.52809],[138.58323,36.52305],[138.571,36.53661],[138.56301,36.53092],[138.5651,36.5092],[138.57482,36.48889],[138.56934,36.47762],[138.56978,36.45497],[138.58072,36.45122],[138.57292,36.43338],[138.57094,36.41956],[138.5902,36.42389],[138.60787,36.42319],[138.62663,36.4155],[138.63715,36.41722],[138.64442,36.41144],[138.64714,36.42469],[138.64329,36.43726],[138.6552,36.45171]]]}},{"type":"Feature","properties":{"code":"10425","name":"吾妻郡嬬恋村","pref":"群馬県","pref_code":"10","cx":138.4855,"cy":36.52557,"bbox":[138.39713,36.40093,138.59657,36.65126]},"geometry":{"type":"Polygon","coordinates":[[[138.58419,36.56751],[138.56534,36.57882],[138.55931,36.59257],[138.54104,36.59984],[138.53288,36.61595],[138.53925,36.62992],[138.52711,36.64063],[138.52511,36.65126],[138.5081,36.64827],[138.49008,36.6412],[138.4731,36.64405],[138.45906,36.63484],[138.46058,36.62647],[138.45497,36.61385],[138.44158,36.61067],[138.42884,36.59789],[138.42029,36.57724],[138.42843,36.5687],[138.42884,36.55623],[138.41772,36.54319],[138.41398,36.53261],[138.40425,36.52207],[138.40603,36.50736],[138.39713,36.49058],[138.40076,36.48145],[138.40007,36.4614],[138.40313,36.45232],[138.40145,36.43402],[138.4416,36.42259],[138.45696,36.42024],[138.45965,36.40475],[138.47787,36.40445],[138.48896,36.40093],[138.49206,36.41326],[138.50543,36.41477],[138.52935,36.40304],[138.54061,36.40285],[138.55501,36.41777],[138.57094,36.41956],[138.57292,36.43338],[138.58072,36.45122],[138.56978,36.45497],[138.56934,36.47762],[138.57482,36.48889],[138.5651,36.5092],[138.56301,36.53092],[138.571,36.53661],[138.58323,36.52305],[138.59603,36.52809],[138.59185,36.54421],[138.59657,36.54978],[138.58419,36.56751]]]}},{"type":"Feature","properties":{"code":"10426","name":"吾妻郡草津町","pref":"群馬県","pref_code":"10","cx":138.58051,"cy":36.60862,"bbox":[138.52511,36.56751,138.63042,36.65595]},"geometry":{"type":"Polygon","coordinates":[[[138.52511,36.65126],[138.52711,36.64063],[138.53925,36.62992],[138.53288,36.61595],[138.54104,36.59984],[138.55931,36.59257],[138.56534,36.57882],[138.58419,36.56751],[138.58458,36.5787],[138.59678,36.5825],[138.59487,36.59905],[138.60804,36.59906],[138.61846,36.60319],[138.63042,36.61406],[138.6246,36.62884],[138.61309,36.63912],[138.60103,36.64368],[138.57055,36.64202],[138.55995,36.65264],[138.53476,36.65595],[138.52511,36.65126]]]}},{"type":"Feature","properties":{"code":"10428","name":"吾妻郡高山村","pref":"群馬県","pref_code":"10","cx":138.94011,"cy":36.62285,"bbox":[138.88803,36.58079,138.99524,36.66225]},"geometry":{"type":"Polygon","coordinates":[[[138.98528,36.64473],[138.97009,36.64714],[138.95655,36.65386],[138.93111,36.66225],[138.92361,36.65654],[138.91019,36.66022],[138.8932,36.65714],[138.88803,36.64004],[138.89371,36.62027],[138.89288,36.61222],[138.90989,36.6011],[138.9207,36.58623],[138.94744,36.58573],[138.97032,36.58079],[138.99524,36.59156],[138.9889,36.5976],[138.98976,36.61429],[138.98649,36.62543],[138.99112,36.63679],[138.98528,36.64473]]]}},{"type":"Feature","properties":{"code":"10429","name":"吾妻郡東吾妻町","pref":"群馬県","pref_code":"10","cx":138.81394,"cy":36.52708,"bbox":[138.63969,36.45171,138.94431,36.5979]},"geometry":{"type":"Polygon","coordinates":[[[138.87745,36.48299],[138.89189,36.50179],[138.90417,36.50872],[138.92245,36.51337],[138.94111,36.53049],[138.94431,36.55028],[138.91135,36.55095],[138.89646,36.56196],[138.88283,36.56637],[138.8634,36.5811],[138.82613,36.58289],[138.82121,36.5872],[138.80527,36.57928],[138.79406,36.58192],[138.78132,36.57556],[138.76131,36.5846],[138.74569,36.59512],[138.7308,36.5979],[138.71704,36.59009],[138.69717,36.59506],[138.68155,36.58605],[138.68155,36.575],[138.69028,36.56874],[138.71421,36.56672],[138.72225,36.54356],[138.71354,36.53441],[138.70036,36.53488],[138.68142,36.51991],[138.66437,36.52367],[138.65057,36.52112],[138.63984,36.50444],[138.64083,36.48766],[138.64463,36.48399],[138.63969,36.47101],[138.6474,36.46626],[138.6552,36.45171],[138.6703,36.46258],[138.67817,36.4638],[138.68716,36.47349],[138.69767,36.47304],[138.70668,36.47848],[138.72323,36.48223],[138.73072,36.47761],[138.75451,36.47607],[138.7626,36.47905],[138.82633,36.47309],[138.84774,36.47508],[138.86005,36.47346],[138.86579,36.48133],[138.87745,36.48299]]]}},{"type":"Feature","properties":{"code":"10443","name":"利根郡片品村","pref":"群馬県","pref_code":"10","cx":139.28292,"cy":36.83639,"bbox":[139.1391,36.70964,139.4067,36.96452]},"geometry":{"type":"Polygon","coordinates":[[[139.35306,36.77361],[139.37433,36.78429],[139.37793,36.80445],[139.38861,36.80527],[139.39107,36.81443],[139.4067,36.82694],[139.39734,36.83469],[139.38667,36.83552],[139.35262,36.84907],[139.35821,36.87221],[139.36787,36.87718],[139.37063,36.8896],[139.37942,36.89799],[139.3939,36.90328],[139.37313,36.91839],[139.35278,36.91577],[139.34239,36.92753],[139.32751,36.92459],[139.30507,36.92581],[139.29482,36.93446],[139.28171,36.93115],[139.26821,36.93859],[139.24056,36.92948],[139.22981,36.93827],[139.23779,36.94635],[139.22871,36.9612],[139.20545,36.95594],[139.18031,36.96452],[139.16702,36.95157],[139.16618,36.93655],[139.1717,36.93048],[139.17594,36.91336],[139.17235,36.90735],[139.17227,36.88806],[139.16471,36.88501],[139.15337,36.87311],[139.15547,36.86396],[139.16561,36.86541],[139.19543,36.85605],[139.19566,36.83817],[139.18299,36.83726],[139.15887,36.82424],[139.15908,36.81497],[139.1391,36.80364],[139.14627,36.78997],[139.16027,36.7768],[139.15865,36.75774],[139.15278,36.75368],[139.15842,36.74007],[139.17315,36.74316],[139.18319,36.73459],[139.19487,36.73358],[139.19691,36.71773],[139.20717,36.70964],[139.21394,36.72476],[139.22011,36.7272],[139.23222,36.74286],[139.25292,36.746],[139.27052,36.74109],[139.29975,36.7597],[139.33255,36.7698],[139.34801,36.77642],[139.35306,36.77361]]]}},{"type":"Feature","properties":{"code":"10444","name":"利根郡川場村","pref":"群馬県","pref_code":"10","cx":139.13223,"cy":36.73719,"bbox":[139.07986,36.67307,139.19691,36.80525]},"geometry":{"type":"Polygon","coordinates":[[[139.19691,36.71773],[139.19487,36.73358],[139.18319,36.73459],[139.17315,36.74316],[139.15842,36.74007],[139.15278,36.75368],[139.15865,36.75774],[139.16027,36.7768],[139.14627,36.78997],[139.1391,36.80364],[139.13326,36.80525],[139.12114,36.79432],[139.11642,36.77912],[139.09271,36.75862],[139.08435,36.73978],[139.08386,36.7043],[139.07986,36.70135],[139.08401,36.6858],[139.08079,36.67307],[139.10853,36.675],[139.11016,36.68768],[139.12885,36.68972],[139.14423,36.68685],[139.1628,36.69797],[139.17516,36.69969],[139.17585,36.70643],[139.19691,36.71773]]]}},{"type":"Feature","properties":{"code":"10448","name":"利根郡昭和村","pref":"群馬県","pref_code":"10","cx":139.09418,"cy":36.61786,"bbox":[139.04292,36.56957,139.16291,36.65898]},"geometry":{"type":"Polygon","coordinates":[[[139.05799,36.58647],[139.07013,36.57979],[139.07645,36.58421],[139.09543,36.57898],[139.1082,36.58051],[139.12253,36.57575],[139.13257,36.57844],[139.1578,36.57545],[139.16172,36.56957],[139.16291,36.5784],[139.14953,36.59691],[139.14292,36.61393],[139.14295,36.62192],[139.13172,36.63038],[139.12457,36.6457],[139.12721,36.65305],[139.11699,36.65898],[139.0942,36.65756],[139.0729,36.64802],[139.06565,36.64136],[139.06192,36.63033],[139.04665,36.62179],[139.04292,36.60991],[139.04985,36.60096],[139.05083,36.59169],[139.05799,36.58647]]]}},{"type":"Feature","properties":{"code":"10449","name":"利根郡みなかみ町","pref":"群馬県","pref_code":"10","cx":139.05701,"cy":36.85249,"bbox":[138.78942,36.64473,139.19566,37.05863]},"geometry":{"type":"Polygon","coordinates":[[[139.12114,36.79432],[139.13326,36.80525],[139.1391,36.80364],[139.15908,36.81497],[139.15887,36.82424],[139.18299,36.83726],[139.19566,36.83817],[139.19543,36.85605],[139.16561,36.86541],[139.15547,36.86396],[139.15337,36.87311],[139.16471,36.88501],[139.17227,36.88806],[139.17235,36.90735],[139.17594,36.91336],[139.1717,36.93048],[139.16618,36.93655],[139.16702,36.95157],[139.18031,36.96452],[139.17523,36.9736],[139.17945,36.99076],[139.171,37.00198],[139.14958,37.01022],[139.14533,37.01894],[139.13191,37.02573],[139.12295,37.04714],[139.11131,37.05521],[139.09702,37.05863],[139.09041,37.04492],[139.09119,37.01997],[139.0805,37.00864],[139.07354,37.00853],[139.05012,36.99487],[139.04773,36.98767],[139.03033,36.9837],[139.0155,36.98829],[139.00065,36.97921],[138.96985,36.98141],[138.96648,36.97884],[138.9638,36.95277],[138.9668,36.93079],[138.97669,36.92079],[138.9744,36.91315],[138.97973,36.90446],[138.97917,36.89118],[138.97155,36.88727],[138.95372,36.8952],[138.93119,36.89168],[138.92301,36.88338],[138.91717,36.87037],[138.92211,36.86104],[138.91705,36.84894],[138.92405,36.84723],[138.92907,36.83264],[138.9026,36.82712],[138.87953,36.82498],[138.87558,36.81859],[138.85095,36.81203],[138.83957,36.81718],[138.82174,36.81763],[138.8291,36.79537],[138.82692,36.77229],[138.81777,36.76159],[138.80629,36.76453],[138.79534,36.75814],[138.78942,36.74487],[138.80042,36.72872],[138.80294,36.71877],[138.81317,36.71442],[138.82475,36.70236],[138.82057,36.68143],[138.82672,36.66421],[138.86037,36.66482],[138.87066,36.66802],[138.87631,36.66189],[138.8932,36.65714],[138.91019,36.66022],[138.92361,36.65654],[138.93111,36.66225],[138.95655,36.65386],[138.97009,36.64714],[138.98528,36.64473],[138.99872,36.65116],[139.01952,36.66745],[139.02355,36.67937],[139.03028,36.68349],[139.02366,36.70453],[139.0265,36.70998],[139.01851,36.72196],[139.03319,36.74164],[139.02528,36.74663],[139.02962,36.75648],[139.02466,36.7704],[139.03744,36.7733],[139.03821,36.78182],[139.05926,36.79333],[139.08053,36.79022],[139.10809,36.79679],[139.12114,36.79432]]]}},{"type":"Feature","properties":{"code":"10464","name":"佐波郡玉村町","pref":"群馬県","pref_code":"10","cx":139.12131,"cy":36.30615,"bbox":[139.08766,36.27372,139.17137,36.33434]},"geometry":{"type":"Polygon","coordinates":[[[139.09299,36.32431],[139.08766,36.31227],[139.10074,36.29925],[139.09667,36.28843],[139.11074,36.28207],[139.12966,36.2834],[139.13612,36.27842],[139.1639,36.27891],[139.17137,36.27372],[139.15502,36.30181],[139.14259,36.31049],[139.13618,36.33434],[139.12645,36.32737],[139.10875,36.32709],[139.10657,36.31624],[139.09299,36.32431]]]}},{"type":"Feature","properties":{"code":"10521","name":"邑楽郡板倉町","pref":"群馬県","pref_code":"10","cx":139.61426,"cy":36.23584,"bbox":[139.57422,36.19325,139.66957,36.27365]},"geometry":{"type":"Polygon","coordinates":[[[139.58097,36.21848],[139.58793,36.21034],[139.60379,36.20342],[139.61302,36.19373],[139.62641,36.19325],[139.6515,36.19837],[139.6494,36.21119],[139.66957,36.21513],[139.65894,36.23141],[139.64239,36.24135],[139.63072,36.25484],[139.63653,36.26188],[139.63391,36.27023],[139.61592,36.27365],[139.6086,36.2681],[139.58975,36.26862],[139.62562,36.25273],[139.59109,36.24814],[139.57422,36.23874],[139.57969,36.23293],[139.58097,36.21848]]]}},{"type":"Feature","properties":{"code":"10522","name":"邑楽郡明和町","pref":"群馬県","pref_code":"10","cx":139.53312,"cy":36.20728,"bbox":[139.479,36.19122,139.58793,36.2213]},"geometry":{"type":"Polygon","coordinates":[[[139.479,36.21177],[139.49119,36.2034],[139.49347,36.19217],[139.52117,36.19122],[139.53522,36.19294],[139.55474,36.20083],[139.57347,36.20422],[139.58793,36.21034],[139.58097,36.21848],[139.57152,36.2213],[139.5633,36.217],[139.51154,36.21762],[139.50116,36.21047],[139.479,36.21177]]]}},{"type":"Feature","properties":{"code":"10523","name":"邑楽郡千代田町","pref":"群馬県","pref_code":"10","cx":139.44,"cy":36.21646,"bbox":[139.40934,36.18946,139.49347,36.24544]},"geometry":{"type":"Polygon","coordinates":[[[139.46304,36.22459],[139.44151,36.23095],[139.42775,36.24544],[139.42238,36.2383],[139.40934,36.23407],[139.41833,36.22537],[139.41683,36.21807],[139.45435,36.19141],[139.47443,36.18946],[139.49347,36.19217],[139.49119,36.2034],[139.479,36.21177],[139.4605,36.21486],[139.46304,36.22459]]]}},{"type":"Feature","properties":{"code":"10524","name":"邑楽郡大泉町","pref":"群馬県","pref_code":"10","cx":139.40572,"cy":36.24899,"bbox":[139.38244,36.21807,139.43489,36.27645]},"geometry":{"type":"Polygon","coordinates":[[[139.38292,36.23787],[139.39343,36.22762],[139.41683,36.21807],[139.41833,36.22537],[139.40934,36.23407],[139.42238,36.2383],[139.42775,36.24544],[139.43489,36.26767],[139.4139,36.27089],[139.40596,36.27645],[139.3893,36.26667],[139.38244,36.25254],[139.38292,36.23787]]]}},{"type":"Feature","properties":{"code":"10525","name":"邑楽郡邑楽町","pref":"群馬県","pref_code":"10","cx":139.46263,"cy":36.26024,"bbox":[139.42775,36.22459,139.50012,36.28919]},"geometry":{"type":"Polygon","coordinates":[[[139.43489,36.26767],[139.42775,36.24544],[139.44151,36.23095],[139.46304,36.22459],[139.48755,36.22541],[139.49604,36.2289],[139.49162,36.23903],[139.47901,36.24168],[139.4893,36.2528],[139.50012,36.27609],[139.48255,36.27203],[139.46388,36.27152],[139.46746,36.28049],[139.45707,36.28919],[139.44365,36.28836],[139.43327,36.28699],[139.42972,36.27925],[139.43489,36.26767]]]}},{"type":"Feature","properties":{"code":"11101","name":"さいたま市西区","pref":"埼玉県","pref_code":"11","cx":139.57392,"cy":35.9128,"bbox":[139.54619,35.87146,139.60368,35.94578]},"geometry":{"type":"Polygon","coordinates":[[[139.54776,35.9342],[139.54619,35.92191],[139.55491,35.90368],[139.54947,35.88723],[139.55957,35.88055],[139.55891,35.8741],[139.57647,35.87146],[139.57273,35.88035],[139.5978,35.88061],[139.60368,35.88755],[139.59731,35.89102],[139.59727,35.93663],[139.5864,35.94578],[139.57494,35.94412],[139.55667,35.93538],[139.54776,35.9342]]]}},{"type":"Feature","properties":{"code":"11102","name":"さいたま市北区","pref":"埼玉県","pref_code":"11","cx":139.61887,"cy":35.94169,"bbox":[139.58822,35.91501,139.64244,35.96602]},"geometry":{"type":"Polygon","coordinates":[[[139.59724,35.91501],[139.61179,35.91631],[139.6185,35.922],[139.64163,35.92425],[139.64244,35.93925],[139.6257,35.95241],[139.61362,35.96602],[139.60007,35.95948],[139.58822,35.9603],[139.59896,35.94412],[139.59727,35.93663],[139.59724,35.91501]]]}},{"type":"Feature","properties":{"code":"11103","name":"さいたま市大宮区","pref":"埼玉県","pref_code":"11","cx":139.62266,"cy":35.90687,"bbox":[139.59724,35.88755,139.64831,35.92425]},"geometry":{"type":"Polygon","coordinates":[[[139.60368,35.88755],[139.60742,35.89601],[139.63592,35.88919],[139.64726,35.88983],[139.64831,35.90148],[139.64782,35.91225],[139.64163,35.92425],[139.6185,35.922],[139.61179,35.91631],[139.59724,35.91501],[139.59731,35.89102],[139.60368,35.88755]]]}},{"type":"Feature","properties":{"code":"11104","name":"さいたま市見沼区","pref":"埼玉県","pref_code":"11","cx":139.6673,"cy":35.92731,"bbox":[139.6257,35.89383,139.70087,35.96394]},"geometry":{"type":"Polygon","coordinates":[[[139.64163,35.92425],[139.64782,35.91225],[139.64831,35.90148],[139.6609,35.89383],[139.66966,35.89689],[139.68897,35.89561],[139.70087,35.89889],[139.69267,35.91178],[139.70042,35.91571],[139.6908,35.93038],[139.6846,35.93304],[139.68209,35.9495],[139.66953,35.96358],[139.65788,35.96394],[139.64888,35.96222],[139.64529,35.95136],[139.63699,35.95518],[139.6257,35.95241],[139.64244,35.93925],[139.64163,35.92425]]]}},{"type":"Feature","properties":{"code":"11105","name":"さいたま市中央区","pref":"埼玉県","pref_code":"11","cx":139.62597,"cy":35.87703,"bbox":[139.60427,35.85811,139.6402,35.89601]},"geometry":{"type":"Polygon","coordinates":[[[139.60427,35.88861],[139.60986,35.88492],[139.61883,35.86914],[139.6402,35.85811],[139.63592,35.88919],[139.60742,35.89601],[139.60427,35.88861]]]}},{"type":"Feature","properties":{"code":"11106","name":"さいたま市桜区","pref":"埼玉県","pref_code":"11","cx":139.60458,"cy":35.86482,"bbox":[139.57273,35.83399,139.63629,35.88861]},"geometry":{"type":"Polygon","coordinates":[[[139.57647,35.87146],[139.58514,35.8605],[139.6074,35.83476],[139.61657,35.83399],[139.63592,35.84101],[139.63317,35.85138],[139.63629,35.86038],[139.61883,35.86914],[139.60986,35.88492],[139.60427,35.88861],[139.5978,35.88061],[139.57273,35.88035],[139.57647,35.87146]]]}},{"type":"Feature","properties":{"code":"11107","name":"さいたま市浦和区","pref":"埼玉県","pref_code":"11","cx":139.6528,"cy":35.87237,"bbox":[139.63592,35.84704,139.6684,35.90148]},"geometry":{"type":"Polygon","coordinates":[[[139.63592,35.88919],[139.6402,35.85811],[139.65899,35.84704],[139.66697,35.85256],[139.66634,35.86132],[139.6684,35.88343],[139.6609,35.89383],[139.64831,35.90148],[139.64726,35.88983],[139.63592,35.88919]]]}},{"type":"Feature","properties":{"code":"11108","name":"さいたま市南区","pref":"埼玉県","pref_code":"11","cx":139.6459,"cy":35.84781,"bbox":[139.61657,35.82901,139.69806,35.86678]},"geometry":{"type":"Polygon","coordinates":[[[139.63629,35.86038],[139.63317,35.85138],[139.63592,35.84101],[139.61657,35.83399],[139.6187,35.82909],[139.65,35.83281],[139.66329,35.82901],[139.6771,35.83269],[139.67523,35.8505],[139.69571,35.84858],[139.69806,35.8574],[139.69462,35.8634],[139.6785,35.86678],[139.66634,35.86132],[139.66697,35.85256],[139.65899,35.84704],[139.63629,35.86038]]]}},{"type":"Feature","properties":{"code":"11109","name":"さいたま市緑区","pref":"埼玉県","pref_code":"11","cx":139.70168,"cy":35.88988,"bbox":[139.6609,35.8574,139.74336,35.91571]},"geometry":{"type":"Polygon","coordinates":[[[139.6609,35.89383],[139.6684,35.88343],[139.66634,35.86132],[139.6785,35.86678],[139.69462,35.8634],[139.69806,35.8574],[139.70411,35.86232],[139.71786,35.86229],[139.72021,35.87032],[139.71354,35.87671],[139.74081,35.8763],[139.74336,35.88594],[139.73102,35.89896],[139.71767,35.90888],[139.70042,35.91571],[139.69267,35.91178],[139.70087,35.89889],[139.68897,35.89561],[139.66966,35.89689],[139.6609,35.89383]]]}},{"type":"Feature","properties":{"code":"11110","name":"さいたま市岩槻区","pref":"埼玉県","pref_code":"11","cx":139.71848,"cy":35.93799,"bbox":[139.65788,35.88029,139.75451,35.99903]},"geometry":{"type":"Polygon","coordinates":[[[139.70042,35.91571],[139.71767,35.90888],[139.73102,35.89896],[139.74336,35.88594],[139.75229,35.88029],[139.74524,35.89372],[139.75348,35.89578],[139.75451,35.91048],[139.74512,35.91749],[139.75428,35.93546],[139.75195,35.94053],[139.74576,35.95226],[139.72057,35.95838],[139.71338,35.96558],[139.72465,35.97272],[139.72449,35.98573],[139.70786,35.99531],[139.69197,35.99903],[139.6956,35.99108],[139.68434,35.97561],[139.66608,35.9756],[139.65788,35.96394],[139.66953,35.96358],[139.68209,35.9495],[139.6846,35.93304],[139.6908,35.93038],[139.70042,35.91571]]]}},{"type":"Feature","properties":{"code":"11201","name":"川越市","pref":"埼玉県","pref_code":"11","cx":139.4848,"cy":35.89829,"bbox":[139.37948,35.83758,139.55491,35.96007]},"geometry":{"type":"Polygon","coordinates":[[[139.54354,35.93777],[139.53659,35.94813],[139.50282,35.95552],[139.47947,35.95638],[139.4677,35.96007],[139.45068,35.94834],[139.43475,35.94512],[139.43115,35.95889],[139.42146,35.95577],[139.42882,35.94024],[139.41193,35.924],[139.38919,35.91423],[139.37948,35.91993],[139.38444,35.90852],[139.39259,35.90825],[139.40155,35.89567],[139.41171,35.90091],[139.4413,35.88489],[139.45398,35.87616],[139.462,35.87786],[139.46579,35.86708],[139.45878,35.85904],[139.4779,35.83758],[139.4871,35.84203],[139.48501,35.84955],[139.47463,35.85518],[139.49558,35.86439],[139.51096,35.87978],[139.51442,35.88807],[139.52806,35.88123],[139.54711,35.88109],[139.55491,35.90368],[139.54619,35.92191],[139.54776,35.9342],[139.54354,35.93777]]]}},{"type":"Feature","properties":{"code":"11202","name":"熊谷市","pref":"埼玉県","pref_code":"11","cx":139.36397,"cy":36.16019,"bbox":[139.29328,36.06964,139.44662,36.25333]},"geometry":{"type":"Polygon","coordinates":[[[139.4442,36.19679],[139.41907,36.21645],[139.39343,36.22762],[139.37667,36.2445],[139.35823,36.25333],[139.32788,36.23988],[139.3355,36.23274],[139.33645,36.21763],[139.33219,36.18532],[139.31786,36.17421],[139.31251,36.17788],[139.29607,36.16683],[139.29328,36.16175],[139.31481,36.14655],[139.31212,36.13837],[139.31133,36.11696],[139.30122,36.11035],[139.30923,36.10523],[139.32091,36.09056],[139.34223,36.08999],[139.34389,36.10362],[139.37586,36.09925],[139.38715,36.10177],[139.39485,36.10123],[139.4128,36.09024],[139.40846,36.07612],[139.42159,36.06964],[139.44544,36.08054],[139.44662,36.08359],[139.43295,36.09263],[139.43178,36.11069],[139.43114,36.13161],[139.42268,36.13873],[139.42238,36.14761],[139.43358,36.14721],[139.43205,36.15863],[139.43503,36.17039],[139.42149,36.17147],[139.4189,36.18944],[139.42307,36.19763],[139.4442,36.19679]]]}},{"type":"Feature","properties":{"code":"11203","name":"川口市","pref":"埼玉県","pref_code":"11","cx":139.72773,"cy":35.83761,"bbox":[139.67523,35.78053,139.78829,35.88594]},"geometry":{"type":"Polygon","coordinates":[[[139.6771,35.83269],[139.70985,35.82631],[139.69952,35.81532],[139.69767,35.79844],[139.7092,35.79202],[139.73387,35.79005],[139.73783,35.78053],[139.755,35.7869],[139.76077,35.79741],[139.75066,35.80667],[139.76761,35.81768],[139.78829,35.82467],[139.77907,35.83306],[139.77867,35.84216],[139.77134,35.84848],[139.76361,35.86338],[139.76985,35.86631],[139.75229,35.88029],[139.74336,35.88594],[139.74081,35.8763],[139.71354,35.87671],[139.72021,35.87032],[139.71786,35.86229],[139.70411,35.86232],[139.69806,35.8574],[139.69571,35.84858],[139.67523,35.8505],[139.6771,35.83269]]]}},{"type":"Feature","properties":{"code":"11206","name":"行田市","pref":"埼玉県","pref_code":"11","cx":139.46875,"cy":36.14297,"bbox":[139.4189,36.09152,139.53554,36.19763]},"geometry":{"type":"Polygon","coordinates":[[[139.43178,36.11069],[139.44121,36.11742],[139.45852,36.11162],[139.46598,36.11279],[139.47919,36.1035],[139.4877,36.09152],[139.49349,36.09192],[139.50251,36.10382],[139.49678,36.11169],[139.50611,36.11528],[139.51043,36.12468],[139.53094,36.11767],[139.53554,36.12662],[139.52443,36.13822],[139.51632,36.13812],[139.51182,36.15421],[139.4982,36.15565],[139.49764,36.16227],[139.48804,36.17294],[139.50168,36.18275],[139.49552,36.19258],[139.47443,36.18946],[139.45435,36.19141],[139.4442,36.19679],[139.42307,36.19763],[139.4189,36.18944],[139.42149,36.17147],[139.43503,36.17039],[139.43205,36.15863],[139.43358,36.14721],[139.42238,36.14761],[139.42268,36.13873],[139.43114,36.13161],[139.43178,36.11069]]]}},{"type":"Feature","properties":{"code":"11207","name":"秩父市","pref":"埼玉県","pref_code":"11","cx":138.7899,"cy":35.9813,"bbox":[138.71191,35.83985,139.1762,36.12424]},"geometry":{"type":"Polygon","coordinates":[[[138.97649,36.11721],[138.97001,36.12424],[138.95845,36.12409],[138.95655,36.1057],[138.9448,36.09449],[138.93108,36.08812],[138.93341,36.07883],[138.95485,36.05975],[138.9725,36.05316],[138.96933,36.04328],[138.98405,36.03434],[139.00935,36.02787],[139.02414,36.01599],[139.03806,36.02052],[139.05023,36.01929],[139.05099,36.00932],[139.04078,36.00172],[139.05049,35.992],[139.04355,35.97924],[139.02887,35.96905],[139.01262,35.96661],[139.0084,35.97968],[138.99299,35.97618],[138.98159,35.98291],[138.97392,35.9791],[138.95815,35.97965],[138.95081,35.96988],[138.93973,35.96681],[138.92702,35.97013],[138.91833,35.9681],[138.8987,35.97542],[138.8788,35.97506],[138.85687,35.98678],[138.84107,36.00056],[138.83822,36.01854],[138.84179,36.03048],[138.82839,36.0373],[138.80219,36.0334],[138.79098,36.0294],[138.78063,36.03685],[138.76914,36.03881],[138.75441,36.03453],[138.74377,36.0101],[138.73217,35.99833],[138.71681,35.9929],[138.71191,35.97917],[138.71418,35.96552],[138.7256,35.95761],[138.73114,35.94515],[138.73925,35.93911],[138.73851,35.92902],[138.72911,35.91723],[138.72889,35.90973],[138.74911,35.90161],[138.77716,35.90042],[138.78912,35.89324],[138.79697,35.87213],[138.8084,35.87002],[138.8136,35.86237],[138.84545,35.86739],[138.85663,35.86462],[138.85881,35.85757],[138.86943,35.85725],[138.8797,35.84692],[138.89204,35.83985],[138.91095,35.85273],[138.92638,35.84892],[138.94393,35.85482],[138.94287,35.86016],[138.95439,35.87418],[138.97893,35.88501],[138.98526,35.88118],[139.00076,35.884],[139.01055,35.8971],[139.02356,35.89736],[139.04984,35.87883],[139.07255,35.87172],[139.08254,35.87487],[139.10028,35.86719],[139.10812,35.87273],[139.11058,35.88207],[139.12081,35.89536],[139.11196,35.90784],[139.1125,35.91978],[139.10276,35.92722],[139.09548,35.93593],[139.09706,35.95254],[139.08855,35.96565],[139.0871,35.9755],[139.09453,35.9976],[139.10637,36.00891],[139.11504,35.99907],[139.12602,36.00114],[139.15872,35.99481],[139.17461,35.98905],[139.1762,35.99773],[139.16711,36.00576],[139.15274,36.02689],[139.12447,36.03535],[139.11852,36.0427],[139.11529,36.05573],[139.10785,36.05987],[139.09567,36.05772],[139.08441,36.06607],[139.05768,36.05986],[139.05524,36.07273],[139.04413,36.07442],[139.0352,36.07002],[139.01991,36.07802],[139.01427,36.0851],[139.0039,36.08794],[139.00776,36.09746],[138.99324,36.0953],[138.97649,36.11721]]]}},{"type":"Feature","properties":{"code":"11208","name":"所沢市","pref":"埼玉県","pref_code":"11","cx":139.4625,"cy":35.80269,"bbox":[139.38022,35.7644,139.54554,35.8436]},"geometry":{"type":"Polygon","coordinates":[[[139.47605,35.83993],[139.46337,35.8436],[139.44979,35.83057],[139.43264,35.82153],[139.41946,35.81783],[139.40101,35.8092],[139.38606,35.80561],[139.38925,35.79978],[139.38586,35.78827],[139.39528,35.78231],[139.39368,35.77518],[139.38148,35.77427],[139.38022,35.76637],[139.39845,35.7644],[139.40488,35.76916],[139.41956,35.7659],[139.44497,35.76666],[139.47116,35.7734],[139.4795,35.77994],[139.5067,35.78277],[139.52926,35.79413],[139.5417,35.80731],[139.54554,35.81257],[139.53454,35.81918],[139.53227,35.82501],[139.50316,35.81431],[139.48245,35.83873],[139.4779,35.83758],[139.47605,35.83993]]]}},{"type":"Feature","properties":{"code":"11209","name":"飯能市","pref":"埼玉県","pref_code":"11","cx":139.19718,"cy":35.88896,"bbox":[139.10028,35.81877,139.37472,35.96973]},"geometry":{"type":"Polygon","coordinates":[[[139.10028,35.86719],[139.11173,35.86468],[139.13536,35.86539],[139.1594,35.85707],[139.16325,35.85097],[139.19244,35.84027],[139.21265,35.84661],[139.23253,35.83664],[139.25226,35.83825],[139.2605,35.836],[139.28185,35.83952],[139.30117,35.83496],[139.30259,35.82405],[139.31611,35.81877],[139.32634,35.82643],[139.34548,35.82766],[139.34472,35.84999],[139.35017,35.85898],[139.36089,35.85938],[139.37472,35.86836],[139.34618,35.88059],[139.33472,35.87837],[139.3276,35.88255],[139.29607,35.86849],[139.28235,35.86993],[139.27545,35.8747],[139.27919,35.88256],[139.27719,35.90056],[139.27311,35.9129],[139.26327,35.9242],[139.25336,35.9221],[139.23687,35.93024],[139.22812,35.94565],[139.21293,35.95644],[139.20153,35.96577],[139.17861,35.96973],[139.16806,35.94964],[139.14381,35.94207],[139.11674,35.93081],[139.10276,35.92722],[139.1125,35.91978],[139.11196,35.90784],[139.12081,35.89536],[139.11058,35.88207],[139.10812,35.87273],[139.10028,35.86719]]]}},{"type":"Feature","properties":{"code":"11210","name":"加須市","pref":"埼玉県","pref_code":"11","cx":139.63105,"cy":36.1406,"bbox":[139.52443,36.07136,139.70303,36.21119]},"geometry":{"type":"Polygon","coordinates":[[[139.53094,36.11767],[139.53782,36.10576],[139.55117,36.10068],[139.54001,36.08187],[139.55304,36.0792],[139.55957,36.07177],[139.57617,36.07136],[139.58627,36.0777],[139.59325,36.0728],[139.60363,36.08713],[139.62809,36.07982],[139.63965,36.08711],[139.64575,36.09765],[139.66834,36.10703],[139.66426,36.11663],[139.68541,36.1266],[139.68462,36.13685],[139.70303,36.1451],[139.69612,36.1564],[139.69089,36.17526],[139.69365,36.19168],[139.68657,36.20331],[139.67491,36.20829],[139.66262,36.20712],[139.6494,36.21119],[139.6515,36.19837],[139.63725,36.19721],[139.61862,36.1898],[139.60988,36.19681],[139.60304,36.18617],[139.6131,36.17146],[139.6071,36.15927],[139.58961,36.16412],[139.5863,36.15046],[139.57262,36.15016],[139.57282,36.14299],[139.56315,36.13677],[139.52443,36.13822],[139.53554,36.12662],[139.53094,36.11767]]]}},{"type":"Feature","properties":{"code":"11211","name":"本庄市","pref":"埼玉県","pref_code":"11","cx":139.13322,"cy":36.19716,"bbox":[139.05684,36.11891,139.2476,36.27475]},"geometry":{"type":"Polygon","coordinates":[[[139.24375,36.24451],[139.224,36.2583],[139.21215,36.25634],[139.16947,36.27475],[139.16584,36.25972],[139.15559,36.25001],[139.168,36.23918],[139.14937,36.2269],[139.13594,36.22125],[139.12787,36.20686],[139.10921,36.20723],[139.11037,36.19923],[139.0965,36.19358],[139.07542,36.17686],[139.07632,36.16163],[139.0676,36.16207],[139.06689,36.14311],[139.05684,36.1262],[139.07124,36.11891],[139.08255,36.12163],[139.08803,36.13148],[139.10597,36.14371],[139.11525,36.14313],[139.12653,36.14835],[139.13666,36.14566],[139.14651,36.15299],[139.14288,36.16417],[139.15448,36.17628],[139.15243,36.18237],[139.16065,36.1951],[139.16301,36.20522],[139.17189,36.21055],[139.1941,36.20824],[139.19673,36.21603],[139.21891,36.22827],[139.24164,36.2242],[139.2476,36.23251],[139.24375,36.24451]]]}},{"type":"Feature","properties":{"code":"11212","name":"東松山市","pref":"埼玉県","pref_code":"11","cx":139.40228,"cy":36.04168,"bbox":[139.33115,35.98161,139.45708,36.10177]},"geometry":{"type":"Polygon","coordinates":[[[139.38715,36.10177],[139.38042,36.0873],[139.37864,36.06401],[139.38476,36.05253],[139.38572,36.04132],[139.37424,36.04203],[139.36795,36.03659],[139.33115,36.04127],[139.33187,36.03105],[139.33892,36.02599],[139.33774,36.0143],[139.34272,36.00901],[139.36905,35.99624],[139.37936,35.98161],[139.4044,35.98537],[139.43019,35.998],[139.43454,36.00363],[139.45464,36.00499],[139.45708,36.01189],[139.43971,36.01337],[139.43546,36.0216],[139.41797,36.03559],[139.41986,36.04842],[139.41619,36.05468],[139.42159,36.06964],[139.40846,36.07612],[139.4128,36.09024],[139.39485,36.10123],[139.38715,36.10177]]]}},{"type":"Feature","properties":{"code":"11214","name":"春日部市","pref":"埼玉県","pref_code":"11","cx":139.76815,"cy":35.99052,"bbox":[139.70786,35.93552,139.83333,36.04317]},"geometry":{"type":"Polygon","coordinates":[[[139.75195,35.94053],[139.76559,35.93552],[139.77921,35.93811],[139.7761,35.94775],[139.78695,35.95507],[139.80243,35.94143],[139.82068,35.96597],[139.83333,35.96897],[139.82524,35.97553],[139.82674,35.98315],[139.81426,35.99706],[139.81691,36.00239],[139.8134,36.02313],[139.81537,36.03683],[139.80695,36.04317],[139.77808,36.02605],[139.7835,36.01269],[139.77716,36.00659],[139.76001,36.00484],[139.75753,35.9996],[139.74379,36.00054],[139.72462,35.99808],[139.71377,36.00485],[139.70786,35.99531],[139.72449,35.98573],[139.72465,35.97272],[139.71338,35.96558],[139.72057,35.95838],[139.74576,35.95226],[139.75195,35.94053]]]}},{"type":"Feature","properties":{"code":"11215","name":"狭山市","pref":"埼玉県","pref_code":"11","cx":139.40992,"cy":35.85921,"bbox":[139.36089,35.81783,139.47605,35.90091]},"geometry":{"type":"Polygon","coordinates":[[[139.40155,35.89567],[139.38807,35.88242],[139.38945,35.8757],[139.37472,35.86836],[139.36089,35.85938],[139.36405,35.84223],[139.37235,35.849],[139.38963,35.85264],[139.39401,35.84167],[139.40743,35.8403],[139.41946,35.81783],[139.43264,35.82153],[139.44979,35.83057],[139.46337,35.8436],[139.47605,35.83993],[139.45878,35.85904],[139.46579,35.86708],[139.462,35.87786],[139.45398,35.87616],[139.4413,35.88489],[139.41171,35.90091],[139.40155,35.89567]]]}},{"type":"Feature","properties":{"code":"11216","name":"羽生市","pref":"埼玉県","pref_code":"11","cx":139.5518,"cy":36.17784,"bbox":[139.48804,36.13677,139.6131,36.21037]},"geometry":{"type":"Polygon","coordinates":[[[139.52443,36.13822],[139.56315,36.13677],[139.57282,36.14299],[139.57262,36.15016],[139.5863,36.15046],[139.58961,36.16412],[139.6071,36.15927],[139.6131,36.17146],[139.60304,36.18617],[139.60988,36.19681],[139.60379,36.20342],[139.58777,36.21037],[139.57347,36.20422],[139.55474,36.20083],[139.53522,36.19294],[139.52117,36.19122],[139.49552,36.19258],[139.50168,36.18275],[139.48804,36.17294],[139.49764,36.16227],[139.4982,36.15565],[139.51182,36.15421],[139.51632,36.13812],[139.52443,36.13822]]]}},{"type":"Feature","properties":{"code":"11217","name":"鴻巣市","pref":"埼玉県","pref_code":"11","cx":139.49924,"cy":36.08085,"bbox":[139.43178,36.03507,139.57036,36.12468]},"geometry":{"type":"Polygon","coordinates":[[[139.44662,36.08359],[139.45606,36.07983],[139.47282,36.06038],[139.48304,36.05906],[139.4943,36.03507],[139.52272,36.03604],[139.52058,36.04758],[139.53296,36.05158],[139.54637,36.04416],[139.55347,36.0444],[139.56431,36.0355],[139.57036,36.04052],[139.56219,36.04793],[139.5652,36.05729],[139.55957,36.07177],[139.55304,36.0792],[139.54001,36.08187],[139.55117,36.10068],[139.53782,36.10576],[139.53094,36.11767],[139.51043,36.12468],[139.50611,36.11528],[139.49678,36.11169],[139.50251,36.10382],[139.49349,36.09192],[139.4877,36.09152],[139.47919,36.1035],[139.46598,36.11279],[139.45852,36.11162],[139.44121,36.11742],[139.43178,36.11069],[139.43295,36.09263],[139.44662,36.08359]]]}},{"type":"Feature","properties":{"code":"11218","name":"深谷市","pref":"埼玉県","pref_code":"11","cx":139.26242,"cy":36.18104,"bbox":[139.19024,36.10622,139.33645,36.25042]},"geometry":{"type":"Polygon","coordinates":[[[139.32788,36.23988],[139.31515,36.23661],[139.29498,36.24359],[139.26682,36.25042],[139.24375,36.24451],[139.2476,36.23251],[139.24164,36.2242],[139.21891,36.22827],[139.19673,36.21603],[139.1941,36.20824],[139.19689,36.19745],[139.20864,36.1951],[139.2039,36.1842],[139.19024,36.17667],[139.22047,36.15903],[139.2327,36.15702],[139.20543,36.1421],[139.20092,36.13688],[139.21654,36.12768],[139.2168,36.11911],[139.27304,36.11925],[139.27569,36.10622],[139.28817,36.10669],[139.30122,36.11035],[139.31133,36.11696],[139.31212,36.13837],[139.31481,36.14655],[139.29328,36.16175],[139.29607,36.16683],[139.31251,36.17788],[139.31786,36.17421],[139.33219,36.18532],[139.33645,36.21763],[139.3355,36.23274],[139.32788,36.23988]]]}},{"type":"Feature","properties":{"code":"11219","name":"上尾市","pref":"埼玉県","pref_code":"11","cx":139.58522,"cy":35.97333,"bbox":[139.53484,35.9342,139.64888,36.00866]},"geometry":{"type":"Polygon","coordinates":[[[139.54776,35.9342],[139.55667,35.93538],[139.57494,35.94412],[139.5864,35.94578],[139.59727,35.93663],[139.59896,35.94412],[139.58822,35.9603],[139.60007,35.95948],[139.61362,35.96602],[139.6257,35.95241],[139.63699,35.95518],[139.64529,35.95136],[139.64888,35.96222],[139.64224,35.9697],[139.62073,35.97718],[139.60506,35.99463],[139.60501,36.00259],[139.59081,36.00866],[139.57362,36.00862],[139.57387,35.9978],[139.56402,35.98786],[139.53904,35.99251],[139.5417,35.97695],[139.53492,35.96896],[139.53484,35.96071],[139.54533,35.95111],[139.53659,35.94813],[139.54354,35.93777],[139.54776,35.9342]]]}},{"type":"Feature","properties":{"code":"11221","name":"草加市","pref":"埼玉県","pref_code":"11","cx":139.80456,"cy":35.83885,"bbox":[139.76361,35.80529,139.84086,35.87]},"geometry":{"type":"Polygon","coordinates":[[[139.76761,35.81768],[139.77923,35.80825],[139.79243,35.80529],[139.8133,35.80832],[139.82106,35.81508],[139.81296,35.81559],[139.83058,35.83554],[139.82875,35.85722],[139.84086,35.85585],[139.83978,35.85943],[139.83993,35.87],[139.81843,35.86907],[139.80716,35.85589],[139.78712,35.86103],[139.77956,35.85873],[139.76985,35.86631],[139.76361,35.86338],[139.77134,35.84848],[139.77867,35.84216],[139.77907,35.83306],[139.78829,35.82467],[139.76761,35.81768]]]}},{"type":"Feature","properties":{"code":"11222","name":"越谷市","pref":"埼玉県","pref_code":"11","cx":139.79343,"cy":35.90209,"bbox":[139.74512,35.85589,139.83993,35.95507]},"geometry":{"type":"Polygon","coordinates":[[[139.75229,35.88029],[139.77956,35.85873],[139.78712,35.86103],[139.80716,35.85589],[139.81843,35.86907],[139.83993,35.87],[139.83864,35.8939],[139.82862,35.89805],[139.83728,35.90614],[139.82323,35.90864],[139.81987,35.91451],[139.80748,35.91664],[139.80508,35.92363],[139.81825,35.93176],[139.80243,35.94143],[139.78695,35.95507],[139.7761,35.94775],[139.77921,35.93811],[139.76559,35.93552],[139.75195,35.94053],[139.75428,35.93546],[139.74512,35.91749],[139.75451,35.91048],[139.75348,35.89578],[139.74524,35.89372],[139.75229,35.88029]]]}},{"type":"Feature","properties":{"code":"11223","name":"蕨市","pref":"埼玉県","pref_code":"11","cx":139.6909,"cy":35.82082,"bbox":[139.66329,35.81425,139.70985,35.83269]},"geometry":{"type":"Polygon","coordinates":[[[139.66329,35.82901],[139.6882,35.81425],[139.69952,35.81532],[139.70985,35.82631],[139.6771,35.83269],[139.66329,35.82901]]]}},{"type":"Feature","properties":{"code":"11224","name":"戸田市","pref":"埼玉県","pref_code":"11","cx":139.64761,"cy":35.82217,"bbox":[139.6187,35.79787,139.69952,35.83281]},"geometry":{"type":"Polygon","coordinates":[[[139.6187,35.82909],[139.62337,35.80984],[139.6463,35.79787],[139.65336,35.80023],[139.69767,35.79844],[139.69952,35.81532],[139.6882,35.81425],[139.66329,35.82901],[139.65,35.83281],[139.6187,35.82909]]]}},{"type":"Feature","properties":{"code":"11225","name":"入間市","pref":"埼玉県","pref_code":"11","cx":139.36401,"cy":35.81351,"bbox":[139.31611,35.77427,139.41946,35.85938]},"geometry":{"type":"Polygon","coordinates":[[[139.41946,35.81783],[139.40743,35.8403],[139.39401,35.84167],[139.38963,35.85264],[139.37235,35.849],[139.36405,35.84223],[139.36089,35.85938],[139.35017,35.85898],[139.34472,35.84999],[139.34548,35.82766],[139.32634,35.82643],[139.31611,35.81877],[139.32225,35.79961],[139.33278,35.79189],[139.34671,35.79641],[139.36871,35.79029],[139.36991,35.78154],[139.38148,35.77427],[139.39368,35.77518],[139.39528,35.78231],[139.38586,35.78827],[139.38925,35.79978],[139.38606,35.80561],[139.40101,35.8092],[139.41946,35.81783]]]}},{"type":"Feature","properties":{"code":"11227","name":"朝霞市","pref":"埼玉県","pref_code":"11","cx":139.59714,"cy":35.80783,"bbox":[139.57434,35.77837,139.62337,35.83476]},"geometry":{"type":"Polygon","coordinates":[[[139.6074,35.83476],[139.59522,35.827],[139.58655,35.83143],[139.57795,35.82293],[139.57434,35.81411],[139.57872,35.78753],[139.59414,35.7787],[139.5972,35.77837],[139.60447,35.79278],[139.61425,35.79687],[139.61443,35.80582],[139.62337,35.80984],[139.6187,35.82909],[139.61657,35.83399],[139.6074,35.83476]]]}},{"type":"Feature","properties":{"code":"11228","name":"志木市","pref":"埼玉県","pref_code":"11","cx":139.58703,"cy":35.84789,"bbox":[139.55529,35.8185,139.6074,35.8605]},"geometry":{"type":"Polygon","coordinates":[[[139.58514,35.8605],[139.57089,35.83528],[139.55529,35.82824],[139.55531,35.82563],[139.56215,35.8185],[139.57795,35.82293],[139.58655,35.83143],[139.59522,35.827],[139.6074,35.83476],[139.58514,35.8605]]]}},{"type":"Feature","properties":{"code":"11229","name":"和光市","pref":"埼玉県","pref_code":"11","cx":139.61681,"cy":35.7868,"bbox":[139.5972,35.77035,139.6463,35.80984]},"geometry":{"type":"Polygon","coordinates":[[[139.62337,35.80984],[139.61443,35.80582],[139.61425,35.79687],[139.60447,35.79278],[139.5972,35.77837],[139.60317,35.77086],[139.61723,35.77035],[139.62453,35.78081],[139.6463,35.79787],[139.62337,35.80984]]]}},{"type":"Feature","properties":{"code":"11230","name":"新座市","pref":"埼玉県","pref_code":"11","cx":139.55851,"cy":35.78915,"bbox":[139.53454,35.75338,139.59414,35.82563]},"geometry":{"type":"Polygon","coordinates":[[[139.5417,35.80731],[139.5472,35.80266],[139.53758,35.79076],[139.54784,35.77398],[139.54716,35.75338],[139.58224,35.77121],[139.59414,35.7787],[139.57872,35.78753],[139.57434,35.81411],[139.57795,35.82293],[139.56215,35.8185],[139.55531,35.82563],[139.55246,35.81997],[139.53454,35.81918],[139.54554,35.81257],[139.5417,35.80731]]]}},{"type":"Feature","properties":{"code":"11231","name":"桶川市","pref":"埼玉県","pref_code":"11","cx":139.54427,"cy":36.00321,"bbox":[139.50777,35.96071,139.59562,36.04052]},"geometry":{"type":"Polygon","coordinates":[[[139.56431,36.0355],[139.55644,36.02919],[139.55918,36.01842],[139.55285,36.01458],[139.52316,36.0118],[139.50777,35.99602],[139.51239,35.98397],[139.52295,35.96798],[139.53484,35.96071],[139.53492,35.96896],[139.5417,35.97695],[139.53904,35.99251],[139.56402,35.98786],[139.57387,35.9978],[139.57362,36.00862],[139.59081,36.00866],[139.59562,36.02724],[139.58819,36.02889],[139.57077,36.03563],[139.57036,36.04052],[139.56431,36.0355]]]}},{"type":"Feature","properties":{"code":"11232","name":"久喜市","pref":"埼玉県","pref_code":"11","cx":139.66476,"cy":36.08569,"bbox":[139.55957,36.02889,139.72706,36.1451]},"geometry":{"type":"Polygon","coordinates":[[[139.55957,36.07177],[139.5652,36.05729],[139.56219,36.04793],[139.57036,36.04052],[139.57077,36.03563],[139.58819,36.02889],[139.60424,36.03679],[139.60643,36.04536],[139.62017,36.04475],[139.65146,36.03814],[139.66069,36.04029],[139.65933,36.04884],[139.68371,36.04208],[139.68898,36.04521],[139.68459,36.05762],[139.69929,36.05561],[139.70293,36.06236],[139.70834,36.07451],[139.69667,36.07697],[139.69118,36.08427],[139.70013,36.09795],[139.72016,36.10104],[139.72706,36.10754],[139.72638,36.11252],[139.71358,36.12625],[139.70303,36.1451],[139.68462,36.13685],[139.68541,36.1266],[139.66426,36.11663],[139.66834,36.10703],[139.64575,36.09765],[139.63965,36.08711],[139.62809,36.07982],[139.60363,36.08713],[139.59325,36.0728],[139.58627,36.0777],[139.57617,36.07136],[139.55957,36.07177]]]}},{"type":"Feature","properties":{"code":"11233","name":"北本市","pref":"埼玉県","pref_code":"11","cx":139.52946,"cy":36.02646,"bbox":[139.4943,35.99602,139.56431,36.05158]},"geometry":{"type":"Polygon","coordinates":[[[139.4943,36.03507],[139.50416,36.02374],[139.49964,36.01355],[139.50039,36.00189],[139.50777,35.99602],[139.52316,36.0118],[139.55285,36.01458],[139.55918,36.01842],[139.55644,36.02919],[139.56431,36.0355],[139.55347,36.0444],[139.54637,36.04416],[139.53296,36.05158],[139.52058,36.04758],[139.52272,36.03604],[139.4943,36.03507]]]}},{"type":"Feature","properties":{"code":"11234","name":"八潮市","pref":"埼玉県","pref_code":"11","cx":139.83905,"cy":35.82575,"bbox":[139.81296,35.79216,139.86705,35.85722]},"geometry":{"type":"Polygon","coordinates":[[[139.82106,35.81508],[139.82049,35.79754],[139.82605,35.79336],[139.83801,35.80081],[139.85265,35.79216],[139.8588,35.79444],[139.85579,35.80438],[139.86705,35.81149],[139.86487,35.82318],[139.84744,35.82832],[139.84086,35.85585],[139.82875,35.85722],[139.83058,35.83554],[139.81296,35.81559],[139.82106,35.81508]]]}},{"type":"Feature","properties":{"code":"11235","name":"富士見市","pref":"埼玉県","pref_code":"11","cx":139.55311,"cy":35.85493,"bbox":[139.51862,35.82824,139.58514,35.88723]},"geometry":{"type":"Polygon","coordinates":[[[139.54947,35.88723],[139.54711,35.88109],[139.54968,35.86944],[139.51862,35.86369],[139.52781,35.84935],[139.54048,35.83551],[139.55529,35.82824],[139.57089,35.83528],[139.58514,35.8605],[139.57647,35.87146],[139.55891,35.8741],[139.55957,35.88055],[139.54947,35.88723]]]}},{"type":"Feature","properties":{"code":"11237","name":"三郷市","pref":"埼玉県","pref_code":"11","cx":139.8712,"cy":35.82633,"bbox":[139.83978,35.78117,139.89921,35.86806]},"geometry":{"type":"Polygon","coordinates":[[[139.84086,35.85585],[139.84744,35.82832],[139.86487,35.82318],[139.86705,35.81149],[139.85579,35.80438],[139.8588,35.79444],[139.87077,35.79732],[139.87134,35.78558],[139.87725,35.78117],[139.89378,35.78275],[139.88852,35.79645],[139.89153,35.81934],[139.88799,35.82433],[139.89004,35.844],[139.89614,35.85293],[139.89921,35.86686],[139.87826,35.86571],[139.87361,35.86806],[139.83978,35.85943],[139.84086,35.85585]]]}},{"type":"Feature","properties":{"code":"11238","name":"蓮田市","pref":"埼玉県","pref_code":"11","cx":139.65588,"cy":36.00159,"bbox":[139.58819,35.96222,139.6956,36.03679]},"geometry":{"type":"Polygon","coordinates":[[[139.65788,35.96394],[139.66608,35.9756],[139.68434,35.97561],[139.6956,35.99108],[139.69197,35.99903],[139.68704,36.00412],[139.67577,35.99906],[139.66204,36.012],[139.65047,36.0104],[139.64865,36.03134],[139.63188,36.03119],[139.62632,36.02766],[139.60424,36.03679],[139.58819,36.02889],[139.59562,36.02724],[139.61165,36.0212],[139.62229,36.00928],[139.63508,36.00622],[139.64481,35.99368],[139.64224,35.9697],[139.64888,35.96222],[139.65788,35.96394]]]}},{"type":"Feature","properties":{"code":"11239","name":"坂戸市","pref":"埼玉県","pref_code":"11","cx":139.41056,"cy":35.95948,"bbox":[139.32396,35.92042,139.4677,35.998]},"geometry":{"type":"Polygon","coordinates":[[[139.4677,35.96007],[139.45032,35.97922],[139.44016,35.98425],[139.43019,35.998],[139.4044,35.98537],[139.37936,35.98161],[139.35858,35.9766],[139.34888,35.96884],[139.35834,35.95247],[139.34749,35.94105],[139.34332,35.93127],[139.33403,35.93594],[139.32396,35.92887],[139.32753,35.9231],[139.34145,35.92042],[139.3524,35.92819],[139.37216,35.94496],[139.39194,35.95332],[139.40963,35.9492],[139.42146,35.95577],[139.43115,35.95889],[139.43475,35.94512],[139.45068,35.94834],[139.4677,35.96007]]]}},{"type":"Feature","properties":{"code":"11240","name":"幸手市","pref":"埼玉県","pref_code":"11","cx":139.74495,"cy":36.07201,"bbox":[139.69118,36.04055,139.78951,36.10754]},"geometry":{"type":"Polygon","coordinates":[[[139.70293,36.06236],[139.71659,36.05181],[139.73984,36.04055],[139.75309,36.05499],[139.76674,36.04321],[139.78022,36.04487],[139.78101,36.05649],[139.78951,36.06183],[139.78334,36.0695],[139.77987,36.08276],[139.76576,36.08043],[139.74676,36.08708],[139.72831,36.09014],[139.72706,36.10754],[139.72016,36.10104],[139.70013,36.09795],[139.69118,36.08427],[139.69667,36.07697],[139.70834,36.07451],[139.70293,36.06236]]]}},{"type":"Feature","properties":{"code":"11241","name":"鶴ヶ島市","pref":"埼玉県","pref_code":"11","cx":139.39103,"cy":35.93422,"bbox":[139.3524,35.91423,139.42882,35.95577]},"geometry":{"type":"Polygon","coordinates":[[[139.42146,35.95577],[139.40963,35.9492],[139.39194,35.95332],[139.37216,35.94496],[139.3524,35.92819],[139.36647,35.92777],[139.38919,35.91423],[139.41193,35.924],[139.42882,35.94024],[139.42146,35.95577]]]}},{"type":"Feature","properties":{"code":"11242","name":"日高市","pref":"埼玉県","pref_code":"11","cx":139.33863,"cy":35.89811,"bbox":[139.27545,35.86836,139.40155,35.92819]},"geometry":{"type":"Polygon","coordinates":[[[139.37948,35.91993],[139.36647,35.92777],[139.3524,35.92819],[139.34145,35.92042],[139.32753,35.9231],[139.30962,35.91546],[139.3084,35.90868],[139.27719,35.90056],[139.27919,35.88256],[139.27545,35.8747],[139.28235,35.86993],[139.29607,35.86849],[139.3276,35.88255],[139.33472,35.87837],[139.34618,35.88059],[139.37472,35.86836],[139.38945,35.8757],[139.38807,35.88242],[139.40155,35.89567],[139.39259,35.90825],[139.38444,35.90852],[139.37948,35.91993]]]}},{"type":"Feature","properties":{"code":"11243","name":"吉川市","pref":"埼玉県","pref_code":"11","cx":139.85797,"cy":35.90209,"bbox":[139.82862,35.85943,139.89921,35.93835]},"geometry":{"type":"Polygon","coordinates":[[[139.83978,35.85943],[139.87361,35.86806],[139.87826,35.86571],[139.89921,35.86686],[139.88992,35.89256],[139.86092,35.93249],[139.84929,35.93835],[139.83714,35.92703],[139.84697,35.91105],[139.83728,35.90614],[139.82862,35.89805],[139.83864,35.8939],[139.83993,35.87],[139.83978,35.85943]]]}},{"type":"Feature","properties":{"code":"11245","name":"ふじみ野市","pref":"埼玉県","pref_code":"11","cx":139.51707,"cy":35.86692,"bbox":[139.47463,35.84203,139.54968,35.88807]},"geometry":{"type":"Polygon","coordinates":[[[139.4871,35.84203],[139.4908,35.84916],[139.50964,35.84998],[139.52156,35.8433],[139.52781,35.84935],[139.51862,35.86369],[139.54968,35.86944],[139.54711,35.88109],[139.52806,35.88123],[139.51442,35.88807],[139.51096,35.87978],[139.49558,35.86439],[139.47463,35.85518],[139.48501,35.84955],[139.4871,35.84203]]]}},{"type":"Feature","properties":{"code":"11246","name":"白岡市","pref":"埼玉県","pref_code":"11","cx":139.67825,"cy":36.02265,"bbox":[139.60424,35.99531,139.71377,36.04884]},"geometry":{"type":"Polygon","coordinates":[[[139.70786,35.99531],[139.71377,36.00485],[139.70539,36.01196],[139.70971,36.01945],[139.70449,36.02584],[139.68992,36.02841],[139.68371,36.04208],[139.65933,36.04884],[139.66069,36.04029],[139.65146,36.03814],[139.62017,36.04475],[139.60643,36.04536],[139.60424,36.03679],[139.62632,36.02766],[139.63188,36.03119],[139.64865,36.03134],[139.65047,36.0104],[139.66204,36.012],[139.67577,35.99906],[139.68704,36.00412],[139.69197,35.99903],[139.70786,35.99531]]]}},{"type":"Feature","properties":{"code":"11301","name":"北足立郡伊奈町","pref":"埼玉県","pref_code":"11","cx":139.623,"cy":35.99861,"bbox":[139.59081,35.9697,139.64481,36.02724]},"geometry":{"type":"Polygon","coordinates":[[[139.64224,35.9697],[139.64481,35.99368],[139.63508,36.00622],[139.62229,36.00928],[139.61165,36.0212],[139.59562,36.02724],[139.59081,36.00866],[139.60501,36.00259],[139.60506,35.99463],[139.62073,35.97718],[139.64224,35.9697]]]}},{"type":"Feature","properties":{"code":"11324","name":"入間郡三芳町","pref":"埼玉県","pref_code":"11","cx":139.51807,"cy":35.83188,"bbox":[139.4779,35.81431,139.55531,35.84998]},"geometry":{"type":"Polygon","coordinates":[[[139.4779,35.83758],[139.48245,35.83873],[139.50316,35.81431],[139.53227,35.82501],[139.53454,35.81918],[139.55246,35.81997],[139.55531,35.82563],[139.55529,35.82824],[139.54048,35.83551],[139.52781,35.84935],[139.52156,35.8433],[139.50964,35.84998],[139.4908,35.84916],[139.4871,35.84203],[139.4779,35.83758]]]}},{"type":"Feature","properties":{"code":"11326","name":"入間郡毛呂山町","pref":"埼玉県","pref_code":"11","cx":139.29738,"cy":35.93492,"bbox":[139.26135,35.90056,139.35834,35.96884]},"geometry":{"type":"Polygon","coordinates":[[[139.27719,35.90056],[139.3084,35.90868],[139.30962,35.91546],[139.32753,35.9231],[139.32396,35.92887],[139.33403,35.93594],[139.34332,35.93127],[139.34749,35.94105],[139.35834,35.95247],[139.34888,35.96884],[139.33939,35.96233],[139.32137,35.96558],[139.31544,35.96274],[139.31022,35.9501],[139.30025,35.94492],[139.27568,35.95129],[139.26135,35.93389],[139.26327,35.9242],[139.27311,35.9129],[139.27719,35.90056]]]}},{"type":"Feature","properties":{"code":"11327","name":"入間郡越生町","pref":"埼玉県","pref_code":"11","cx":139.26507,"cy":35.95959,"bbox":[139.21293,35.9221,139.32137,35.99125]},"geometry":{"type":"Polygon","coordinates":[[[139.26327,35.9242],[139.26135,35.93389],[139.27568,35.95129],[139.30025,35.94492],[139.31022,35.9501],[139.31544,35.96274],[139.32137,35.96558],[139.30125,35.98528],[139.2882,35.99125],[139.27171,35.98492],[139.25986,35.98644],[139.23059,35.97453],[139.21293,35.95644],[139.22812,35.94565],[139.23687,35.93024],[139.25336,35.9221],[139.26327,35.9242]]]}},{"type":"Feature","properties":{"code":"11341","name":"比企郡滑川町","pref":"埼玉県","pref_code":"11","cx":139.35406,"cy":36.07432,"bbox":[139.32091,36.03659,139.38715,36.10362]},"geometry":{"type":"Polygon","coordinates":[[[139.32091,36.09056],[139.33142,36.08178],[139.32597,36.06686],[139.33673,36.06219],[139.33364,36.05371],[139.341,36.04823],[139.33115,36.04127],[139.36795,36.03659],[139.37424,36.04203],[139.38572,36.04132],[139.38476,36.05253],[139.37864,36.06401],[139.38042,36.0873],[139.38715,36.10177],[139.37586,36.09925],[139.34389,36.10362],[139.34223,36.08999],[139.32091,36.09056]]]}},{"type":"Feature","properties":{"code":"11342","name":"比企郡嵐山町","pref":"埼玉県","pref_code":"11","cx":139.31728,"cy":36.05649,"bbox":[139.28817,36.00661,139.34272,36.11035]},"geometry":{"type":"Polygon","coordinates":[[[139.30122,36.11035],[139.28817,36.10669],[139.28818,36.09895],[139.29079,36.08112],[139.30805,36.06297],[139.30034,36.05926],[139.29624,36.03247],[139.31597,36.015],[139.3166,36.0091],[139.33555,36.00661],[139.34272,36.00901],[139.33774,36.0143],[139.33892,36.02599],[139.33187,36.03105],[139.33115,36.04127],[139.341,36.04823],[139.33364,36.05371],[139.33673,36.06219],[139.32597,36.06686],[139.33142,36.08178],[139.32091,36.09056],[139.30923,36.10523],[139.30122,36.11035]]]}},{"type":"Feature","properties":{"code":"11343","name":"比企郡小川町","pref":"埼玉県","pref_code":"11","cx":139.25759,"cy":36.04343,"bbox":[139.18574,36.00609,139.30805,36.09895]},"geometry":{"type":"Polygon","coordinates":[[[139.28818,36.09895],[139.28001,36.09304],[139.27093,36.09865],[139.25205,36.08355],[139.22747,36.08803],[139.20991,36.08753],[139.1977,36.06869],[139.22547,36.05911],[139.22988,36.05325],[139.1994,36.02952],[139.18574,36.02492],[139.19021,36.0061],[139.21337,36.00609],[139.22379,36.01087],[139.22963,36.01904],[139.25834,36.03361],[139.2704,36.0293],[139.28782,36.02926],[139.29624,36.03247],[139.30034,36.05926],[139.30805,36.06297],[139.29079,36.08112],[139.28818,36.09895]]]}},{"type":"Feature","properties":{"code":"11346","name":"比企郡川島町","pref":"埼玉県","pref_code":"11","cx":139.47974,"cy":35.9816,"bbox":[139.43019,35.94813,139.54533,36.01976]},"geometry":{"type":"Polygon","coordinates":[[[139.53659,35.94813],[139.54533,35.95111],[139.53484,35.96071],[139.52295,35.96798],[139.51239,35.98397],[139.50777,35.99602],[139.50039,36.00189],[139.49964,36.01355],[139.47916,36.01976],[139.45708,36.01189],[139.45464,36.00499],[139.43454,36.00363],[139.43019,35.998],[139.44016,35.98425],[139.45032,35.97922],[139.4677,35.96007],[139.47947,35.95638],[139.50282,35.95552],[139.53659,35.94813]]]}},{"type":"Feature","properties":{"code":"11347","name":"比企郡吉見町","pref":"埼玉県","pref_code":"11","cx":139.45498,"cy":36.042,"bbox":[139.41619,36.01189,139.50416,36.08359]},"geometry":{"type":"Polygon","coordinates":[[[139.42159,36.06964],[139.41619,36.05468],[139.41986,36.04842],[139.41797,36.03559],[139.43546,36.0216],[139.43971,36.01337],[139.45708,36.01189],[139.47916,36.01976],[139.49964,36.01355],[139.50416,36.02374],[139.4943,36.03507],[139.48304,36.05906],[139.47282,36.06038],[139.45606,36.07983],[139.44662,36.08359],[139.44544,36.08054],[139.42159,36.06964]]]}},{"type":"Feature","properties":{"code":"11348","name":"比企郡鳩山町","pref":"埼玉県","pref_code":"11","cx":139.3347,"cy":35.98827,"bbox":[139.2882,35.96233,139.37936,36.0091]},"geometry":{"type":"Polygon","coordinates":[[[139.34272,36.00901],[139.33555,36.00661],[139.3166,36.0091],[139.29057,35.99836],[139.2882,35.99125],[139.30125,35.98528],[139.32137,35.96558],[139.33939,35.96233],[139.34888,35.96884],[139.35858,35.9766],[139.37936,35.98161],[139.36905,35.99624],[139.34272,36.00901]]]}},{"type":"Feature","properties":{"code":"11349","name":"比企郡ときがわ町","pref":"埼玉県","pref_code":"11","cx":139.23244,"cy":35.99449,"bbox":[139.17019,35.95644,139.3166,36.03361]},"geometry":{"type":"Polygon","coordinates":[[[139.17461,35.98905],[139.17019,35.98612],[139.17861,35.96973],[139.20153,35.96577],[139.21293,35.95644],[139.23059,35.97453],[139.25986,35.98644],[139.27171,35.98492],[139.2882,35.99125],[139.29057,35.99836],[139.3166,36.0091],[139.31597,36.015],[139.29624,36.03247],[139.28782,36.02926],[139.2704,36.0293],[139.25834,36.03361],[139.22963,36.01904],[139.22379,36.01087],[139.21337,36.00609],[139.19021,36.0061],[139.1762,35.99773],[139.17461,35.98905]]]}},{"type":"Feature","properties":{"code":"11361","name":"秩父郡横瀬町","pref":"埼玉県","pref_code":"11","cx":139.1329,"cy":35.96769,"bbox":[139.0871,35.92722,139.17861,36.00891]},"geometry":{"type":"Polygon","coordinates":[[[139.10276,35.92722],[139.11674,35.93081],[139.14381,35.94207],[139.16806,35.94964],[139.17861,35.96973],[139.17019,35.98612],[139.17461,35.98905],[139.15872,35.99481],[139.12602,36.00114],[139.11504,35.99907],[139.10637,36.00891],[139.09453,35.9976],[139.0871,35.9755],[139.08855,35.96565],[139.09706,35.95254],[139.09548,35.93593],[139.10276,35.92722]]]}},{"type":"Feature","properties":{"code":"11362","name":"秩父郡皆野町","pref":"埼玉県","pref_code":"11","cx":139.09006,"cy":36.07622,"bbox":[139.0039,36.02689,139.15939,36.1262]},"geometry":{"type":"Polygon","coordinates":[[[139.15274,36.02689],[139.15686,36.03183],[139.15594,36.05326],[139.15939,36.05887],[139.15579,36.08274],[139.15151,36.08838],[139.13928,36.09077],[139.10993,36.08732],[139.09309,36.09102],[139.08578,36.10243],[139.08664,36.11448],[139.08255,36.12163],[139.07124,36.11891],[139.05684,36.1262],[139.04494,36.11619],[139.04329,36.10746],[139.03434,36.10054],[139.00776,36.09746],[139.0039,36.08794],[139.01427,36.0851],[139.01991,36.07802],[139.0352,36.07002],[139.04413,36.07442],[139.05524,36.07273],[139.05768,36.05986],[139.08441,36.06607],[139.09567,36.05772],[139.10785,36.05987],[139.11529,36.05573],[139.11852,36.0427],[139.12447,36.03535],[139.15274,36.02689]]]}},{"type":"Feature","properties":{"code":"11363","name":"秩父郡長瀞町","pref":"埼玉県","pref_code":"11","cx":139.11313,"cy":36.11806,"bbox":[139.08255,36.08732,139.16062,36.14835]},"geometry":{"type":"Polygon","coordinates":[[[139.08255,36.12163],[139.08664,36.11448],[139.08578,36.10243],[139.09309,36.09102],[139.10993,36.08732],[139.13928,36.09077],[139.13967,36.11344],[139.14818,36.13315],[139.16062,36.13497],[139.1537,36.14162],[139.12653,36.14835],[139.11525,36.14313],[139.10597,36.14371],[139.08803,36.13148],[139.08255,36.12163]]]}},{"type":"Feature","properties":{"code":"11365","name":"秩父郡小鹿野町","pref":"埼玉県","pref_code":"11","cx":138.92283,"cy":36.02917,"bbox":[138.82839,35.96661,139.05099,36.09375]},"geometry":{"type":"Polygon","coordinates":[[[138.93108,36.08812],[138.91631,36.09375],[138.89786,36.09065],[138.88671,36.08418],[138.86433,36.07709],[138.86152,36.07141],[138.84604,36.06663],[138.84283,36.05582],[138.83219,36.04773],[138.82839,36.0373],[138.84179,36.03048],[138.83822,36.01854],[138.84107,36.00056],[138.85687,35.98678],[138.8788,35.97506],[138.8987,35.97542],[138.91833,35.9681],[138.92702,35.97013],[138.93973,35.96681],[138.95081,35.96988],[138.95815,35.97965],[138.97392,35.9791],[138.98159,35.98291],[138.99299,35.97618],[139.0084,35.97968],[139.01262,35.96661],[139.02887,35.96905],[139.04355,35.97924],[139.05049,35.992],[139.04078,36.00172],[139.05099,36.00932],[139.05023,36.01929],[139.03806,36.02052],[139.02414,36.01599],[139.00935,36.02787],[138.98405,36.03434],[138.96933,36.04328],[138.9725,36.05316],[138.95485,36.05975],[138.93341,36.07883],[138.93108,36.08812]]]}},{"type":"Feature","properties":{"code":"11369","name":"秩父郡東秩父村","pref":"埼玉県","pref_code":"11","cx":139.18626,"cy":36.04254,"bbox":[139.15151,35.99773,139.22988,36.09259]},"geometry":{"type":"Polygon","coordinates":[[[139.1762,35.99773],[139.19021,36.0061],[139.18574,36.02492],[139.1994,36.02952],[139.22988,36.05325],[139.22547,36.05911],[139.1977,36.06869],[139.19004,36.06925],[139.17372,36.08535],[139.15748,36.09259],[139.15151,36.08838],[139.15579,36.08274],[139.15939,36.05887],[139.15594,36.05326],[139.15686,36.03183],[139.15274,36.02689],[139.16711,36.00576],[139.1762,35.99773]]]}},{"type":"Feature","properties":{"code":"11381","name":"児玉郡美里町","pref":"埼玉県","pref_code":"11","cx":139.17084,"cy":36.17022,"bbox":[139.13666,36.13481,139.20864,36.21055]},"geometry":{"type":"Polygon","coordinates":[[[139.13666,36.14566],[139.1537,36.14162],[139.16062,36.13497],[139.17674,36.13481],[139.19285,36.14442],[139.19774,36.15905],[139.19024,36.17667],[139.2039,36.1842],[139.20864,36.1951],[139.19689,36.19745],[139.1941,36.20824],[139.17189,36.21055],[139.16301,36.20522],[139.16065,36.1951],[139.15243,36.18237],[139.15448,36.17628],[139.14288,36.16417],[139.14651,36.15299],[139.13666,36.14566]]]}},{"type":"Feature","properties":{"code":"11383","name":"児玉郡神川町","pref":"埼玉県","pref_code":"11","cx":139.06694,"cy":36.16947,"bbox":[138.97649,36.0953,139.13594,36.23825]},"geometry":{"type":"Polygon","coordinates":[[[139.00776,36.09746],[139.03434,36.10054],[139.04329,36.10746],[139.04494,36.11619],[139.05684,36.1262],[139.06689,36.14311],[139.0676,36.16207],[139.07632,36.16163],[139.07542,36.17686],[139.0965,36.19358],[139.11037,36.19923],[139.10921,36.20723],[139.12787,36.20686],[139.13594,36.22125],[139.11918,36.21892],[139.11042,36.23562],[139.09651,36.23825],[139.08173,36.21489],[139.06332,36.19571],[139.06305,36.18581],[139.05639,36.18052],[139.06056,36.15226],[139.04272,36.14803],[139.0424,36.12846],[139.0312,36.12773],[139.01562,36.13407],[139.00196,36.12533],[138.99304,36.12446],[138.98569,36.11557],[138.97649,36.11721],[138.99324,36.0953],[139.00776,36.09746]]]}},{"type":"Feature","properties":{"code":"11385","name":"児玉郡上里町","pref":"埼玉県","pref_code":"11","cx":139.13145,"cy":36.2446,"bbox":[139.09651,36.21892,139.16947,36.27854]},"geometry":{"type":"Polygon","coordinates":[[[139.16947,36.27475],[139.15902,36.27782],[139.127,36.27854],[139.1078,36.26171],[139.1112,36.2585],[139.09651,36.23825],[139.11042,36.23562],[139.11918,36.21892],[139.13594,36.22125],[139.14937,36.2269],[139.168,36.23918],[139.15559,36.25001],[139.16584,36.25972],[139.16947,36.27475]]]}},{"type":"Feature","properties":{"code":"11408","name":"大里郡寄居町","pref":"埼玉県","pref_code":"11","cx":139.18033,"cy":36.12346,"bbox":[139.13928,36.06869,139.28818,36.17667]},"geometry":{"type":"Polygon","coordinates":[[[139.19024,36.17667],[139.19774,36.15905],[139.19285,36.14442],[139.17674,36.13481],[139.16062,36.13497],[139.14818,36.13315],[139.13967,36.11344],[139.13928,36.09077],[139.15151,36.08838],[139.15748,36.09259],[139.17372,36.08535],[139.19004,36.06925],[139.1977,36.06869],[139.20991,36.08753],[139.22747,36.08803],[139.25205,36.08355],[139.27093,36.09865],[139.28001,36.09304],[139.28818,36.09895],[139.28817,36.10669],[139.27569,36.10622],[139.27304,36.11925],[139.2168,36.11911],[139.21654,36.12768],[139.20092,36.13688],[139.20543,36.1421],[139.2327,36.15702],[139.22047,36.15903],[139.19024,36.17667]]]}},{"type":"Feature","properties":{"code":"11442","name":"南埼玉郡宮代町","pref":"埼玉県","pref_code":"11","cx":139.71266,"cy":36.02737,"bbox":[139.68371,35.99808,139.75182,36.05762]},"geometry":{"type":"Polygon","coordinates":[[[139.74379,36.00054],[139.75182,36.0136],[139.73221,36.02634],[139.7076,36.03583],[139.69719,36.04867],[139.69929,36.05561],[139.68459,36.05762],[139.68898,36.04521],[139.68371,36.04208],[139.68992,36.02841],[139.70449,36.02584],[139.70971,36.01945],[139.70539,36.01196],[139.71377,36.00485],[139.72462,35.99808],[139.74379,36.00054]]]}},{"type":"Feature","properties":{"code":"11464","name":"北葛飾郡杉戸町","pref":"埼玉県","pref_code":"11","cx":139.75323,"cy":36.03108,"bbox":[139.69719,35.9996,139.80695,36.06236]},"geometry":{"type":"Polygon","coordinates":[[[139.80695,36.04317],[139.78951,36.06183],[139.78101,36.05649],[139.78022,36.04487],[139.76674,36.04321],[139.75309,36.05499],[139.73984,36.04055],[139.71659,36.05181],[139.70293,36.06236],[139.69929,36.05561],[139.69719,36.04867],[139.7076,36.03583],[139.73221,36.02634],[139.75182,36.0136],[139.74379,36.00054],[139.75753,35.9996],[139.76001,36.00484],[139.77716,36.00659],[139.7835,36.01269],[139.77808,36.02605],[139.80695,36.04317]]]}},{"type":"Feature","properties":{"code":"11465","name":"北葛飾郡松伏町","pref":"埼玉県","pref_code":"11","cx":139.82931,"cy":35.93505,"bbox":[139.80243,35.90614,139.84929,35.96897]},"geometry":{"type":"Polygon","coordinates":[[[139.80243,35.94143],[139.81825,35.93176],[139.80508,35.92363],[139.80748,35.91664],[139.81987,35.91451],[139.82323,35.90864],[139.83728,35.90614],[139.84697,35.91105],[139.83714,35.92703],[139.84929,35.93835],[139.83777,35.95391],[139.83333,35.96897],[139.82068,35.96597],[139.80243,35.94143]]]}},{"type":"Feature","properties":{"code":"12101","name":"千葉市中央区","pref":"千葉県","pref_code":"12","cx":140.14177,"cy":35.58425,"bbox":[140.08318,35.54253,140.17544,35.62843]},"geometry":{"type":"MultiPolygon","coordinates":[[[[140.08318,35.58821],[140.0861,35.56945],[140.11173,35.57043],[140.10947,35.57661],[140.10511,35.57762],[140.10296,35.58738],[140.08318,35.58821]]],[[[140.17544,35.58119],[140.16827,35.58732],[140.16757,35.5918],[140.15074,35.60555],[140.15111,35.61889],[140.13384,35.61456],[140.13131,35.62117],[140.12463,35.62843],[140.12327,35.62471],[140.11539,35.62512],[140.09706,35.62011],[140.10502,35.61071],[140.09857,35.60637],[140.08897,35.59453],[140.10552,35.59345],[140.11057,35.58954],[140.11416,35.57252],[140.11606,35.5692],[140.09682,35.5664],[140.09121,35.56118],[140.11507,35.55284],[140.11549,35.5506],[140.12096,35.55132],[140.12377,35.54784],[140.13008,35.54716],[140.13533,35.54253],[140.14236,35.54797],[140.1583,35.55347],[140.16015,35.56472],[140.16903,35.56464],[140.17308,35.56835],[140.16924,35.5757],[140.17544,35.58119]]]]}},{"type":"Feature","properties":{"code":"12102","name":"千葉市花見川区","pref":"千葉県","pref_code":"12","cx":140.09511,"cy":35.67742,"bbox":[140.03495,35.64135,140.15264,35.71405]},"geometry":{"type":"Polygon","coordinates":[[[140.13679,35.69755],[140.13398,35.69962],[140.12397,35.69889],[140.12261,35.70676],[140.11338,35.71405],[140.10553,35.70935],[140.10112,35.70283],[140.09027,35.69378],[140.08156,35.69454],[140.07736,35.68845],[140.06592,35.67676],[140.05758,35.67974],[140.05513,35.67698],[140.04176,35.67785],[140.03495,35.66963],[140.04603,35.66138],[140.04247,35.65893],[140.0577,35.64993],[140.06109,35.64985],[140.0738,35.64135],[140.07759,35.64597],[140.08738,35.64961],[140.09688,35.65614],[140.09991,35.66312],[140.115,35.66325],[140.1203,35.67478],[140.12595,35.67921],[140.13699,35.67544],[140.1365,35.67051],[140.13838,35.67539],[140.13672,35.67952],[140.13949,35.68816],[140.14312,35.69141],[140.14697,35.69181],[140.15264,35.68929],[140.14939,35.6916],[140.14748,35.69209],[140.14353,35.69194],[140.13679,35.69755]]]}},{"type":"Feature","properties":{"code":"12103","name":"千葉市稲毛区","pref":"千葉県","pref_code":"12","cx":140.10922,"cy":35.65119,"bbox":[140.0738,35.62011,140.15596,35.67921]},"geometry":{"type":"Polygon","coordinates":[[[140.12463,35.62843],[140.12392,35.63853],[140.12938,35.65277],[140.13319,35.65647],[140.13782,35.65403],[140.14677,35.65423],[140.15008,35.6567],[140.15596,35.65409],[140.14992,35.66813],[140.14131,35.66762],[140.1365,35.67051],[140.13699,35.67544],[140.12595,35.67921],[140.1203,35.67478],[140.115,35.66325],[140.09991,35.66312],[140.09688,35.65614],[140.08738,35.64961],[140.07759,35.64597],[140.0738,35.64135],[140.08766,35.62983],[140.09706,35.62011],[140.11539,35.62512],[140.12327,35.62471],[140.12463,35.62843]]]}},{"type":"Feature","properties":{"code":"12104","name":"千葉市若葉区","pref":"千葉県","pref_code":"12","cx":140.20922,"cy":35.61086,"bbox":[140.12392,35.5589,140.28873,35.6567]},"geometry":{"type":"Polygon","coordinates":[[[140.17544,35.58119],[140.18743,35.58641],[140.20228,35.58538],[140.20216,35.57861],[140.20992,35.57455],[140.21486,35.57738],[140.22262,35.5774],[140.22627,35.57312],[140.22817,35.56634],[140.2368,35.5617],[140.24425,35.5689],[140.25977,35.55919],[140.26697,35.5589],[140.26912,35.56658],[140.27568,35.57131],[140.28873,35.57003],[140.28709,35.57291],[140.28319,35.57378],[140.28111,35.57934],[140.27514,35.58178],[140.27556,35.58747],[140.26137,35.5996],[140.2626,35.60601],[140.26748,35.60716],[140.26764,35.61726],[140.26493,35.62056],[140.26632,35.62641],[140.25776,35.62547],[140.25096,35.62558],[140.24128,35.6313],[140.22874,35.63314],[140.22304,35.64164],[140.21964,35.65197],[140.21332,35.65457],[140.20465,35.65097],[140.20704,35.64632],[140.20379,35.64024],[140.1934,35.62678],[140.18508,35.62912],[140.19224,35.64015],[140.19016,35.64301],[140.17645,35.65345],[140.17367,35.65407],[140.16355,35.64535],[140.1578,35.64635],[140.15596,35.65409],[140.15008,35.6567],[140.14677,35.65423],[140.13782,35.65403],[140.13319,35.65647],[140.12938,35.65277],[140.12392,35.63853],[140.12463,35.62843],[140.13131,35.62117],[140.13384,35.61456],[140.15111,35.61889],[140.15074,35.60555],[140.16757,35.5918],[140.16827,35.58732],[140.17544,35.58119]]]}},{"type":"Feature","properties":{"code":"12105","name":"千葉市緑区","pref":"千葉県","pref_code":"12","cx":140.25575,"cy":35.54028,"bbox":[140.14236,35.4936,140.29958,35.58641]},"geometry":{"type":"Polygon","coordinates":[[[140.14236,35.54797],[140.15897,35.53551],[140.17158,35.53616],[140.17911,35.53273],[140.19124,35.53652],[140.1944,35.54326],[140.20131,35.53957],[140.20934,35.54545],[140.21304,35.542],[140.21792,35.54402],[140.22738,35.54098],[140.23213,35.5334],[140.22527,35.52483],[140.22064,35.52368],[140.22168,35.518],[140.23037,35.50992],[140.23255,35.50377],[140.24287,35.50547],[140.25474,35.50053],[140.25634,35.49431],[140.2624,35.49557],[140.2597,35.5017],[140.26697,35.5018],[140.27117,35.49949],[140.27211,35.4936],[140.27437,35.50726],[140.27676,35.51149],[140.28227,35.51278],[140.28602,35.51882],[140.29259,35.51532],[140.29958,35.5189],[140.28776,35.52349],[140.29202,35.53117],[140.28601,35.53893],[140.28096,35.54184],[140.28136,35.54779],[140.29187,35.54822],[140.29097,35.55565],[140.29421,35.56063],[140.28866,35.56637],[140.28873,35.57003],[140.27568,35.57131],[140.26912,35.56658],[140.26697,35.5589],[140.25977,35.55919],[140.24425,35.5689],[140.2368,35.5617],[140.22817,35.56634],[140.22627,35.57312],[140.22262,35.5774],[140.21486,35.57738],[140.20992,35.57455],[140.20216,35.57861],[140.20228,35.58538],[140.18743,35.58641],[140.17544,35.58119],[140.16924,35.5757],[140.17308,35.56835],[140.16903,35.56464],[140.16015,35.56472],[140.1583,35.55347],[140.14236,35.54797]]]}},{"type":"Feature","properties":{"code":"12106","name":"千葉市美浜区","pref":"千葉県","pref_code":"12","cx":140.05998,"cy":35.63559,"bbox":[140.01965,35.5968,140.10502,35.66963]},"geometry":{"type":"Polygon","coordinates":[[[140.09706,35.62011],[140.08766,35.62983],[140.0738,35.64135],[140.06109,35.64985],[140.0577,35.64993],[140.04247,35.65893],[140.04603,35.66138],[140.03495,35.66963],[140.01965,35.65248],[140.02873,35.64416],[140.06966,35.61075],[140.08391,35.5968],[140.08663,35.60189],[140.07792,35.61042],[140.08314,35.61327],[140.09413,35.60369],[140.10502,35.61071],[140.09706,35.62011]]]}},{"type":"Feature","properties":{"code":"12202","name":"銚子市","pref":"千葉県","pref_code":"12","cx":140.76169,"cy":35.75281,"bbox":[140.69027,35.69469,140.87116,35.81347]},"geometry":{"type":"Polygon","coordinates":[[[140.761,35.69782],[140.80667,35.71161],[140.81929,35.71341],[140.83095,35.71358],[140.83811,35.71084],[140.84102,35.70264],[140.84495,35.69816],[140.85291,35.6975],[140.85782,35.69469],[140.86299,35.69823],[140.86656,35.7146],[140.87116,35.7184],[140.86751,35.7275],[140.87071,35.73333],[140.86554,35.74125],[140.85197,35.74467],[140.846,35.73989],[140.82196,35.73945],[140.81535,35.74151],[140.80098,35.74966],[140.7882,35.75842],[140.75151,35.77903],[140.74167,35.78515],[140.72895,35.79665],[140.72587,35.80075],[140.7207,35.81347],[140.70274,35.80613],[140.69278,35.80436],[140.69027,35.79445],[140.69978,35.79283],[140.69962,35.78547],[140.70488,35.78377],[140.70427,35.77938],[140.69959,35.77424],[140.70736,35.77084],[140.70833,35.76134],[140.72378,35.75867],[140.72765,35.75596],[140.724,35.7385],[140.72519,35.73324],[140.73212,35.73158],[140.74198,35.73821],[140.74832,35.72838],[140.74868,35.72361],[140.74002,35.72027],[140.73388,35.70534],[140.7414,35.70189],[140.75116,35.70138],[140.75563,35.70297],[140.761,35.69782]]]}},{"type":"Feature","properties":{"code":"12203","name":"市川市","pref":"千葉県","pref_code":"12","cx":139.92462,"cy":35.71489,"bbox":[139.88607,35.65546,139.97595,35.77513]},"geometry":{"type":"MultiPolygon","coordinates":[[[[139.96369,35.67226],[139.96275,35.68073],[139.95853,35.67311],[139.96369,35.67226]]],[[[139.97595,35.77385],[139.95728,35.77513],[139.94955,35.7698],[139.95179,35.76186],[139.94373,35.75839],[139.9436,35.7513],[139.93378,35.74891],[139.93156,35.75982],[139.91605,35.76274],[139.90923,35.76679],[139.90338,35.76406],[139.90193,35.7558],[139.89493,35.75092],[139.89044,35.75028],[139.89945,35.74439],[139.90089,35.73746],[139.89794,35.73187],[139.89865,35.72345],[139.90812,35.71386],[139.91621,35.708],[139.91874,35.69771],[139.90865,35.68551],[139.90379,35.68312],[139.88795,35.67999],[139.88607,35.67114],[139.89312,35.67258],[139.91828,35.65546],[139.9208,35.66053],[139.93035,35.66648],[139.94766,35.66955],[139.94509,35.67296],[139.93665,35.6733],[139.94674,35.68091],[139.95308,35.67178],[139.95928,35.67945],[139.96325,35.68145],[139.96101,35.70188],[139.94704,35.70762],[139.94197,35.70146],[139.93873,35.70252],[139.94243,35.71595],[139.94924,35.71591],[139.95705,35.71977],[139.96308,35.73535],[139.97294,35.73294],[139.97458,35.74509],[139.97284,35.74878],[139.97494,35.75172],[139.97102,35.7575],[139.97459,35.76105],[139.97595,35.77385]]]]}},{"type":"Feature","properties":{"code":"12204","name":"船橋市","pref":"千葉県","pref_code":"12","cx":140.01242,"cy":35.72683,"bbox":[139.93873,35.66384,140.08956,35.79907]},"geometry":{"type":"MultiPolygon","coordinates":[[[[139.96369,35.67226],[139.97199,35.6709],[139.97945,35.66982],[139.97766,35.6795],[139.96275,35.68073],[139.96369,35.67226]]],[[[139.99404,35.75536],[139.98889,35.75174],[139.98683,35.74693],[139.99556,35.74275],[139.99953,35.75059],[139.99404,35.75536]]],[[[139.96325,35.68145],[139.9751,35.68341],[139.98276,35.68161],[139.98587,35.66384],[140.00194,35.6656],[140.00493,35.66881],[139.99795,35.6784],[140.00881,35.69542],[140.01385,35.69201],[140.02887,35.6909],[140.03549,35.69626],[140.04355,35.69285],[140.05074,35.69191],[140.05303,35.69654],[140.05858,35.69444],[140.06391,35.69645],[140.06188,35.70487],[140.06833,35.70844],[140.06426,35.71099],[140.07172,35.71712],[140.06292,35.72073],[140.06764,35.73422],[140.06391,35.74238],[140.06599,35.74845],[140.07434,35.74951],[140.07762,35.75749],[140.08602,35.76577],[140.08628,35.78113],[140.08956,35.784],[140.08271,35.79169],[140.07322,35.79866],[140.06945,35.79907],[140.0672,35.78534],[140.06177,35.77629],[140.03987,35.7667],[140.03048,35.77141],[140.01438,35.76082],[140.01803,35.75464],[140.00839,35.74818],[140.00673,35.74283],[139.99946,35.74408],[139.99326,35.74178],[139.98845,35.74381],[139.98306,35.75116],[139.97284,35.74878],[139.97458,35.74509],[139.97294,35.73294],[139.96308,35.73535],[139.95705,35.71977],[139.94924,35.71591],[139.94243,35.71595],[139.93873,35.70252],[139.94197,35.70146],[139.94704,35.70762],[139.96101,35.70188],[139.96325,35.68145]]]]}},{"type":"Feature","properties":{"code":"12205","name":"館山市","pref":"千葉県","pref_code":"12","cx":139.85909,"cy":34.97783,"bbox":[139.75345,34.91067,139.94117,35.04641]},"geometry":{"type":"Polygon","coordinates":[[[139.82452,34.91126],[139.83349,34.91067],[139.85272,34.91472],[139.8585,34.9234],[139.86617,34.92049],[139.87862,34.92482],[139.88199,34.92381],[139.89105,34.93091],[139.89783,34.92547],[139.9043,34.92821],[139.914,34.92859],[139.9185,34.92706],[139.92686,34.94055],[139.91809,34.94501],[139.90986,34.9462],[139.90293,34.95802],[139.9041,34.96655],[139.9102,34.97951],[139.91924,34.98055],[139.92911,34.98401],[139.93118,34.99245],[139.94062,35.00101],[139.94117,35.00466],[139.93315,35.01675],[139.9364,35.02152],[139.93337,35.02607],[139.92006,35.01738],[139.90482,35.01813],[139.90455,35.01041],[139.88729,35.00735],[139.885,35.01041],[139.88586,35.01884],[139.88392,35.02515],[139.88347,35.04078],[139.87668,35.04641],[139.87144,35.04486],[139.86951,35.04046],[139.86218,35.03822],[139.85322,35.03211],[139.83304,35.03227],[139.84142,35.02545],[139.84915,35.02535],[139.85446,35.02009],[139.85803,35.01102],[139.8584,35.0018],[139.85548,34.99043],[139.84968,34.98541],[139.84175,34.98622],[139.84138,34.99186],[139.82898,34.99092],[139.82143,34.97917],[139.81232,34.97904],[139.7969,34.97381],[139.78617,34.97282],[139.78194,34.97662],[139.75529,34.97662],[139.75345,34.96535],[139.75912,34.95937],[139.76691,34.95823],[139.77133,34.95467],[139.7797,34.95611],[139.80711,34.94578],[139.8159,34.94096],[139.82509,34.93259],[139.82745,34.92725],[139.82429,34.9223],[139.82271,34.91468],[139.82452,34.91126]]]}},{"type":"Feature","properties":{"code":"12206","name":"木更津市","pref":"千葉県","pref_code":"12","cx":139.95635,"cy":35.38034,"bbox":[139.88752,35.31736,140.12948,35.44304]},"geometry":{"type":"Polygon","coordinates":[[[139.9486,35.44221],[139.93983,35.44304],[139.92176,35.43985],[139.90327,35.43146],[139.90277,35.42735],[139.89695,35.42321],[139.89817,35.41281],[139.9016,35.40118],[139.90679,35.38948],[139.91328,35.39137],[139.91785,35.38567],[139.90448,35.37498],[139.89466,35.36989],[139.88781,35.37089],[139.89132,35.36149],[139.88752,35.36149],[139.89735,35.34708],[139.90024,35.33733],[139.90461,35.33521],[139.91423,35.34067],[139.93591,35.33727],[139.95338,35.32986],[139.96427,35.33153],[139.96577,35.32691],[139.97217,35.32257],[139.97384,35.31839],[139.97941,35.31736],[139.99731,35.31743],[139.99808,35.32588],[140.00491,35.32684],[140.01029,35.31887],[140.01672,35.31886],[140.02116,35.32396],[140.02084,35.32915],[140.02925,35.3305],[140.04179,35.33593],[140.04531,35.34244],[140.04427,35.34833],[140.0516,35.35535],[140.0587,35.35433],[140.07073,35.34581],[140.08333,35.34585],[140.08698,35.3379],[140.09393,35.32832],[140.10418,35.32594],[140.10915,35.31919],[140.10843,35.32446],[140.11336,35.32923],[140.1211,35.33311],[140.12141,35.33716],[140.12866,35.34327],[140.12948,35.34727],[140.12383,35.35161],[140.12298,35.35821],[140.11469,35.37061],[140.10564,35.3793],[140.09938,35.37513],[140.0899,35.38086],[140.09214,35.3881],[140.08527,35.38246],[140.08142,35.38532],[140.06523,35.38276],[140.06091,35.37882],[140.05349,35.37816],[140.0476,35.38059],[140.04234,35.37106],[140.03535,35.37128],[140.0329,35.36122],[140.02406,35.36037],[140.02078,35.35211],[140.01294,35.34361],[140.00164,35.34468],[139.99676,35.35067],[140.00076,35.35298],[140.00321,35.35981],[139.99887,35.36452],[140.00214,35.37252],[140.00139,35.38008],[140.00445,35.38599],[139.99928,35.38756],[139.99307,35.39377],[140.00086,35.3968],[140.00659,35.39368],[140.01046,35.39827],[140.01175,35.40434],[139.99482,35.40515],[139.99072,35.40844],[139.97129,35.40971],[139.97531,35.41704],[139.96797,35.42013],[139.96309,35.41432],[139.95666,35.41058],[139.94336,35.41687],[139.9425,35.42633],[139.95008,35.43775],[139.9486,35.44221]]]}},{"type":"Feature","properties":{"code":"12207","name":"松戸市","pref":"千葉県","pref_code":"12","cx":139.93302,"cy":35.79943,"bbox":[139.87946,35.74891,140.00111,35.84977]},"geometry":{"type":"Polygon","coordinates":[[[139.97595,35.77385],[139.98432,35.77617],[139.97294,35.78016],[139.96841,35.78631],[139.9846,35.78847],[139.98897,35.79076],[139.99578,35.78735],[140.00111,35.79115],[139.99801,35.8006],[139.98904,35.80681],[139.97879,35.7983],[139.96734,35.80271],[139.96737,35.80799],[139.95849,35.80927],[139.95246,35.81725],[139.95052,35.82784],[139.93585,35.83963],[139.92832,35.84977],[139.92259,35.84902],[139.91774,35.8452],[139.91817,35.84161],[139.91276,35.83666],[139.89745,35.83007],[139.88851,35.8302],[139.88799,35.82433],[139.89153,35.81934],[139.88884,35.80748],[139.89083,35.80057],[139.88852,35.79645],[139.89446,35.77992],[139.88285,35.77353],[139.87946,35.76752],[139.88321,35.75862],[139.89044,35.75028],[139.89493,35.75092],[139.90193,35.7558],[139.90338,35.76406],[139.90923,35.76679],[139.91605,35.76274],[139.93156,35.75982],[139.93378,35.74891],[139.9436,35.7513],[139.94373,35.75839],[139.95179,35.76186],[139.94955,35.7698],[139.95728,35.77513],[139.97595,35.77385]]]}},{"type":"Feature","properties":{"code":"12208","name":"野田市","pref":"千葉県","pref_code":"12","cx":139.84272,"cy":36.01537,"bbox":[139.77607,35.91294,139.9519,36.1041]},"geometry":{"type":"Polygon","coordinates":[[[139.9519,35.93585],[139.93864,35.94057],[139.93166,35.95077],[139.93804,35.96201],[139.93246,35.96944],[139.91672,35.97033],[139.89938,35.97752],[139.88416,35.98883],[139.88233,35.99145],[139.87824,36.0076],[139.85708,36.02943],[139.84736,36.03386],[139.83724,36.0411],[139.82336,36.05444],[139.81367,36.06243],[139.80833,36.07041],[139.80379,36.08686],[139.79745,36.09636],[139.78678,36.1041],[139.77797,36.09856],[139.77607,36.09131],[139.77987,36.08276],[139.78334,36.0695],[139.79136,36.05814],[139.8016,36.0492],[139.80459,36.04464],[139.81365,36.03853],[139.81727,36.02973],[139.8134,36.02313],[139.81691,36.00239],[139.81426,35.99706],[139.82674,35.98315],[139.82524,35.97553],[139.82723,35.97136],[139.83293,35.96935],[139.83777,35.95391],[139.84646,35.94099],[139.86092,35.93249],[139.86742,35.92555],[139.87476,35.91294],[139.89144,35.91543],[139.90069,35.91479],[139.90196,35.91808],[139.91241,35.9151],[139.92017,35.91689],[139.92834,35.91804],[139.93507,35.92532],[139.94899,35.93118],[139.9519,35.93585]]]}},{"type":"Feature","properties":{"code":"12210","name":"茂原市","pref":"千葉県","pref_code":"12","cx":140.29443,"cy":35.44042,"bbox":[140.24728,35.37947,140.38136,35.50184]},"geometry":{"type":"Polygon","coordinates":[[[140.25634,35.49431],[140.25118,35.49174],[140.24752,35.48608],[140.24849,35.48175],[140.24912,35.47568],[140.25351,35.46968],[140.24977,35.46597],[140.24728,35.45096],[140.24885,35.43906],[140.25769,35.43296],[140.25975,35.42505],[140.26257,35.42107],[140.26047,35.4113],[140.25373,35.4073],[140.25728,35.39894],[140.26075,35.39671],[140.27777,35.40324],[140.27984,35.39647],[140.27582,35.39257],[140.27695,35.38289],[140.29805,35.37947],[140.30797,35.38222],[140.31221,35.39141],[140.32076,35.392],[140.31581,35.40324],[140.32551,35.40783],[140.32399,35.41828],[140.32961,35.41978],[140.34192,35.4286],[140.34662,35.42874],[140.34813,35.43364],[140.34049,35.43629],[140.34009,35.44178],[140.34234,35.45321],[140.35005,35.45556],[140.35044,35.46167],[140.35602,35.46253],[140.36106,35.4664],[140.36341,35.47415],[140.36963,35.47431],[140.37297,35.46925],[140.37761,35.46861],[140.38136,35.47549],[140.37888,35.4875],[140.37236,35.49433],[140.35218,35.49663],[140.34751,35.48486],[140.33573,35.49033],[140.32596,35.49215],[140.32963,35.4981],[140.31332,35.50184],[140.29036,35.49644],[140.28037,35.49858],[140.27211,35.4936],[140.27117,35.49949],[140.26697,35.5018],[140.2597,35.5017],[140.2624,35.49557],[140.25634,35.49431]]]}},{"type":"Feature","properties":{"code":"12211","name":"成田市","pref":"千葉県","pref_code":"12","cx":140.35577,"cy":35.81246,"bbox":[140.24921,35.72327,140.47249,35.90237]},"geometry":{"type":"Polygon","coordinates":[[[140.38497,35.88528],[140.38386,35.8894],[140.37549,35.8952],[140.37589,35.90237],[140.36372,35.89939],[140.35308,35.89194],[140.34839,35.88321],[140.33497,35.87239],[140.32305,35.86606],[140.30829,35.86449],[140.29996,35.86669],[140.28936,35.87143],[140.28225,35.85914],[140.27964,35.84663],[140.28262,35.83215],[140.28612,35.82857],[140.27876,35.81862],[140.26799,35.82324],[140.26642,35.8195],[140.25561,35.81351],[140.25724,35.81141],[140.25162,35.80031],[140.24921,35.78895],[140.25036,35.78486],[140.25964,35.77796],[140.25789,35.76418],[140.2633,35.75477],[140.27383,35.75462],[140.2794,35.75743],[140.28388,35.75144],[140.28972,35.75215],[140.29204,35.75745],[140.30315,35.74776],[140.31403,35.75557],[140.31229,35.75974],[140.3195,35.7737],[140.32504,35.77723],[140.33181,35.76529],[140.34241,35.76179],[140.35525,35.7515],[140.35653,35.74557],[140.36244,35.74193],[140.36282,35.73198],[140.36787,35.73125],[140.36805,35.73941],[140.37668,35.7379],[140.37941,35.72874],[140.38702,35.72327],[140.39328,35.72773],[140.38676,35.73146],[140.38504,35.74072],[140.39964,35.74207],[140.40195,35.75333],[140.39586,35.75671],[140.3998,35.76339],[140.39347,35.76789],[140.3964,35.77244],[140.40294,35.77485],[140.40225,35.78333],[140.40749,35.78653],[140.41404,35.78532],[140.41781,35.78129],[140.41705,35.77577],[140.42385,35.77528],[140.43621,35.78079],[140.43308,35.78603],[140.4431,35.78857],[140.44447,35.80338],[140.45192,35.80712],[140.45226,35.81131],[140.46095,35.8148],[140.45502,35.81809],[140.45596,35.82625],[140.46853,35.8339],[140.46415,35.83795],[140.46392,35.84528],[140.47222,35.84423],[140.47249,35.8509],[140.46307,35.85498],[140.46038,35.86277],[140.45239,35.87037],[140.44657,35.86513],[140.44047,35.86786],[140.43732,35.86326],[140.42812,35.86364],[140.42245,35.86631],[140.417,35.86562],[140.40308,35.85346],[140.39436,35.85279],[140.39417,35.85758],[140.39796,35.8607],[140.40093,35.87224],[140.392,35.88313],[140.38497,35.88528]]]}},{"type":"Feature","properties":{"code":"12212","name":"佐倉市","pref":"千葉県","pref_code":"12","cx":140.24819,"cy":35.69657,"bbox":[140.13131,35.62547,140.29147,35.76625]},"geometry":{"type":"Polygon","coordinates":[[[140.15264,35.68929],[140.15078,35.69108],[140.1469,35.69283],[140.1488,35.70084],[140.1592,35.69559],[140.17745,35.69481],[140.19259,35.7043],[140.20657,35.7055],[140.20844,35.6977],[140.20212,35.6862],[140.20359,35.68059],[140.2091,35.67572],[140.208,35.67172],[140.21493,35.66275],[140.21332,35.65457],[140.21964,35.65197],[140.22304,35.64164],[140.22874,35.63314],[140.24128,35.6313],[140.25096,35.62558],[140.25776,35.62547],[140.25659,35.62886],[140.25846,35.64455],[140.24984,35.65194],[140.25882,35.65857],[140.25685,35.66373],[140.25946,35.66732],[140.26667,35.66633],[140.26968,35.67106],[140.26774,35.67699],[140.27593,35.67984],[140.28284,35.67857],[140.28153,35.68863],[140.28703,35.69154],[140.29147,35.70611],[140.28438,35.7025],[140.27826,35.70774],[140.27555,35.70351],[140.26728,35.69978],[140.25968,35.71449],[140.25312,35.71402],[140.2494,35.72227],[140.25713,35.72549],[140.2554,35.72919],[140.2621,35.73125],[140.25892,35.73971],[140.25436,35.74004],[140.22381,35.75738],[140.20912,35.76625],[140.20527,35.76487],[140.18864,35.74567],[140.1822,35.74805],[140.16753,35.74995],[140.15188,35.75979],[140.14556,35.75483],[140.14729,35.74873],[140.14029,35.74475],[140.1385,35.73659],[140.14219,35.72526],[140.13403,35.71889],[140.13131,35.71144],[140.13961,35.70287],[140.13679,35.69755],[140.14353,35.69194],[140.14748,35.69209],[140.14939,35.6916],[140.15264,35.68929]]]}},{"type":"Feature","properties":{"code":"12213","name":"東金市","pref":"千葉県","pref_code":"12","cx":140.36255,"cy":35.5635,"bbox":[140.28709,35.50012,140.43501,35.63151]},"geometry":{"type":"Polygon","coordinates":[[[140.28873,35.57003],[140.28866,35.56637],[140.29421,35.56063],[140.30365,35.55386],[140.314,35.5574],[140.32382,35.55787],[140.32376,35.5519],[140.33052,35.54706],[140.33627,35.53716],[140.34329,35.53298],[140.34735,35.54031],[140.35399,35.53653],[140.35584,35.53043],[140.36098,35.5305],[140.35676,35.52054],[140.3629,35.51523],[140.38127,35.51225],[140.37979,35.50484],[140.38503,35.50012],[140.39071,35.50976],[140.40092,35.50586],[140.40412,35.50919],[140.41038,35.51864],[140.39142,35.52667],[140.3963,35.53249],[140.40041,35.52862],[140.40937,35.52999],[140.41509,35.52711],[140.41909,35.53277],[140.41918,35.53949],[140.42207,35.54713],[140.42728,35.55141],[140.42851,35.55771],[140.43269,35.56043],[140.43501,35.5677],[140.4285,35.58221],[140.42534,35.59586],[140.41927,35.59492],[140.41845,35.59062],[140.4133,35.58817],[140.40892,35.59157],[140.40408,35.58709],[140.40002,35.58923],[140.39375,35.58541],[140.3848,35.59282],[140.38544,35.59998],[140.38289,35.60443],[140.37496,35.60297],[140.37136,35.60551],[140.36087,35.6017],[140.35377,35.60977],[140.34721,35.60549],[140.3309,35.60646],[140.33751,35.61767],[140.33278,35.62168],[140.33515,35.62475],[140.32919,35.63151],[140.32558,35.62616],[140.31648,35.63088],[140.30779,35.62474],[140.31272,35.62164],[140.31485,35.61676],[140.30885,35.61291],[140.31526,35.60744],[140.3241,35.60896],[140.3254,35.60722],[140.32121,35.60298],[140.32434,35.5926],[140.33711,35.5854],[140.31905,35.58606],[140.29249,35.57267],[140.28709,35.57291],[140.28873,35.57003]]]}},{"type":"Feature","properties":{"code":"12215","name":"旭市","pref":"千葉県","pref_code":"12","cx":140.66232,"cy":35.73346,"bbox":[140.56472,35.67266,140.761,35.79466]},"geometry":{"type":"Polygon","coordinates":[[[140.69959,35.77424],[140.69176,35.78131],[140.68734,35.78286],[140.68334,35.77766],[140.67326,35.77175],[140.67067,35.76541],[140.66191,35.7749],[140.6548,35.78824],[140.63841,35.78589],[140.62961,35.79466],[140.62457,35.79367],[140.62586,35.78727],[140.61684,35.78106],[140.60926,35.78169],[140.60184,35.77418],[140.59753,35.78007],[140.59239,35.77793],[140.58985,35.77341],[140.57639,35.76679],[140.57197,35.76623],[140.56564,35.75516],[140.57189,35.74696],[140.56472,35.74144],[140.56696,35.73594],[140.57931,35.73757],[140.58434,35.73959],[140.59262,35.73765],[140.59337,35.74136],[140.60431,35.73751],[140.59952,35.73367],[140.59826,35.72193],[140.59909,35.71684],[140.59143,35.71808],[140.57858,35.7128],[140.58185,35.70864],[140.59149,35.71135],[140.59269,35.7082],[140.60436,35.7087],[140.6066,35.7011],[140.60228,35.69769],[140.60309,35.69204],[140.6099,35.6898],[140.60934,35.68241],[140.61207,35.67536],[140.62163,35.67829],[140.62498,35.67266],[140.6442,35.68332],[140.6646,35.69168],[140.69252,35.69941],[140.71456,35.70043],[140.71993,35.69893],[140.72404,35.69364],[140.73892,35.69229],[140.75012,35.69322],[140.761,35.69782],[140.75563,35.70297],[140.75116,35.70138],[140.7414,35.70189],[140.73388,35.70534],[140.74002,35.72027],[140.74868,35.72361],[140.74832,35.72838],[140.74198,35.73821],[140.73212,35.73158],[140.72519,35.73324],[140.724,35.7385],[140.72765,35.75596],[140.72378,35.75867],[140.70833,35.76134],[140.70736,35.77084],[140.69959,35.77424]]]}},{"type":"Feature","properties":{"code":"12216","name":"習志野市","pref":"千葉県","pref_code":"12","cx":140.03734,"cy":35.6841,"bbox":[139.9865,35.65248,140.0851,35.70844]},"geometry":{"type":"Polygon","coordinates":[[[140.08156,35.69454],[140.07716,35.70096],[140.0851,35.70384],[140.06833,35.70844],[140.06188,35.70487],[140.06391,35.69645],[140.05858,35.69444],[140.05303,35.69654],[140.05074,35.69191],[140.04355,35.69285],[140.03549,35.69626],[140.02887,35.6909],[140.01385,35.69201],[140.00881,35.69542],[139.99795,35.6784],[140.00493,35.66881],[140.00194,35.6656],[140.00295,35.65978],[139.99473,35.66104],[139.9865,35.66011],[139.98746,35.65447],[140.01368,35.65752],[140.01965,35.65248],[140.04176,35.67785],[140.05513,35.67698],[140.05758,35.67974],[140.06592,35.67676],[140.07736,35.68845],[140.08156,35.69454]]]}},{"type":"Feature","properties":{"code":"12217","name":"柏市","pref":"千葉県","pref_code":"12","cx":139.98429,"cy":35.86019,"bbox":[139.9148,35.78349,140.11194,35.93585]},"geometry":{"type":"Polygon","coordinates":[[[139.99801,35.8006],[140.00193,35.80393],[140.0077,35.80316],[140.02254,35.79608],[140.01889,35.78349],[140.02991,35.79895],[140.0323,35.81182],[140.04168,35.8243],[140.04968,35.83219],[140.05729,35.83535],[140.06966,35.83378],[140.07524,35.83108],[140.08916,35.83018],[140.0929,35.82606],[140.09915,35.83129],[140.10926,35.83412],[140.11194,35.8434],[140.11136,35.84789],[140.10099,35.8515],[140.0651,35.8554],[140.06008,35.85086],[140.05177,35.85338],[140.04252,35.85942],[140.03275,35.85646],[140.0249,35.86097],[140.00831,35.8618],[139.99353,35.86755],[139.9911,35.87119],[139.99278,35.87745],[139.99862,35.88374],[140.0099,35.88721],[140.01627,35.89599],[140.02179,35.89022],[140.03111,35.90061],[140.01886,35.91005],[140.01322,35.9111],[139.99674,35.90922],[139.98579,35.91481],[139.97746,35.92271],[139.96546,35.92673],[139.9519,35.93585],[139.94899,35.93118],[139.93507,35.92532],[139.92834,35.91804],[139.92017,35.91689],[139.92049,35.90603],[139.9148,35.89413],[139.92124,35.89028],[139.92617,35.88345],[139.93006,35.88667],[139.92126,35.89658],[139.92257,35.90049],[139.9298,35.90077],[139.93467,35.89251],[139.93346,35.8855],[139.94024,35.88514],[139.94006,35.87567],[139.94168,35.86906],[139.93119,35.86859],[139.93036,35.86472],[139.94277,35.86439],[139.94143,35.85174],[139.94721,35.85457],[139.9526,35.85125],[139.95219,35.84149],[139.95751,35.83514],[139.95321,35.83394],[139.94532,35.83688],[139.94149,35.83487],[139.95052,35.82784],[139.95246,35.81725],[139.95849,35.80927],[139.96737,35.80799],[139.96734,35.80271],[139.97879,35.7983],[139.98904,35.80681],[139.99801,35.8006]]]}},{"type":"Feature","properties":{"code":"12218","name":"勝浦市","pref":"千葉県","pref_code":"12","cx":140.25699,"cy":35.17883,"bbox":[140.18792,35.11447,140.34677,35.24289]},"geometry":{"type":"Polygon","coordinates":[[[140.31791,35.21456],[140.313,35.21962],[140.30134,35.22627],[140.29701,35.23757],[140.2881,35.24289],[140.28102,35.24242],[140.27387,35.23919],[140.27059,35.23438],[140.25173,35.23307],[140.25917,35.22753],[140.25041,35.21634],[140.24562,35.21408],[140.2444,35.20091],[140.24588,35.19237],[140.23834,35.1801],[140.231,35.18112],[140.22748,35.1863],[140.22176,35.18673],[140.21286,35.17975],[140.20538,35.18411],[140.20063,35.18338],[140.19873,35.17791],[140.18895,35.17574],[140.18792,35.17018],[140.19665,35.17167],[140.20196,35.17029],[140.20774,35.16184],[140.20767,35.15448],[140.21324,35.15036],[140.21636,35.14126],[140.21216,35.13632],[140.21604,35.13399],[140.21175,35.12608],[140.2136,35.12122],[140.21181,35.11447],[140.22006,35.11661],[140.23251,35.11513],[140.23765,35.11832],[140.23435,35.12185],[140.24713,35.12795],[140.24764,35.13309],[140.25316,35.13389],[140.25787,35.13795],[140.2667,35.13599],[140.27416,35.13727],[140.2768,35.1343],[140.28585,35.13421],[140.29722,35.15053],[140.30439,35.15121],[140.31248,35.14715],[140.31251,35.13858],[140.31784,35.13766],[140.32519,35.13966],[140.32737,35.15123],[140.33277,35.1576],[140.33514,35.16676],[140.34459,35.17272],[140.34677,35.17614],[140.33923,35.17545],[140.33214,35.17751],[140.32401,35.17432],[140.31584,35.1767],[140.31033,35.18956],[140.30542,35.19022],[140.30346,35.1963],[140.3083,35.20188],[140.30828,35.2081],[140.31791,35.21456]]]}},{"type":"Feature","properties":{"code":"12219","name":"市原市","pref":"千葉県","pref_code":"12","cx":140.14334,"cy":35.39397,"bbox":[140.01212,35.23121,140.25634,35.55501]},"geometry":{"type":"Polygon","coordinates":[[[140.11549,35.5506],[140.11234,35.54989],[140.09804,35.55501],[140.09233,35.55448],[140.09008,35.54285],[140.10106,35.53846],[140.09609,35.5354],[140.08703,35.54007],[140.07395,35.54998],[140.06449,35.54281],[140.06131,35.54373],[140.05395,35.53509],[140.06068,35.53006],[140.05772,35.52658],[140.05008,35.53094],[140.03774,35.51627],[140.04586,35.51167],[140.04223,35.50733],[140.03386,35.51184],[140.02523,35.50165],[140.03623,35.49529],[140.03304,35.49167],[140.02191,35.49678],[140.01212,35.48519],[140.01786,35.48051],[140.01835,35.47258],[140.02274,35.46755],[140.03979,35.44555],[140.04303,35.43769],[140.04101,35.42953],[140.03262,35.42357],[140.04376,35.42362],[140.05132,35.42588],[140.05967,35.42574],[140.07693,35.43011],[140.08071,35.43232],[140.08994,35.42101],[140.08948,35.41221],[140.09277,35.4067],[140.09003,35.39954],[140.09253,35.39582],[140.09214,35.3881],[140.0899,35.38086],[140.09938,35.37513],[140.10564,35.3793],[140.11469,35.37061],[140.12298,35.35821],[140.12383,35.35161],[140.12948,35.34727],[140.12866,35.34327],[140.12141,35.33716],[140.1211,35.33311],[140.11336,35.32923],[140.10843,35.32446],[140.10915,35.31919],[140.10157,35.31731],[140.1079,35.31256],[140.11817,35.31617],[140.12207,35.3138],[140.12215,35.30737],[140.11743,35.30518],[140.11439,35.28962],[140.12016,35.2829],[140.11841,35.27345],[140.11842,35.26321],[140.12517,35.24394],[140.13017,35.24338],[140.13219,35.23797],[140.13713,35.2368],[140.14124,35.23121],[140.1429,35.23624],[140.14873,35.24013],[140.15241,35.25004],[140.1627,35.25516],[140.17125,35.25526],[140.17581,35.25948],[140.17489,35.26493],[140.17793,35.27461],[140.18512,35.27788],[140.18933,35.27695],[140.19687,35.28448],[140.20282,35.28771],[140.20423,35.2938],[140.19876,35.29897],[140.20066,35.30641],[140.21249,35.30183],[140.22554,35.3068],[140.22738,35.31087],[140.22525,35.31673],[140.22008,35.32782],[140.21255,35.33356],[140.21384,35.34021],[140.20911,35.34637],[140.20585,35.3597],[140.20936,35.36562],[140.20156,35.3661],[140.19792,35.37011],[140.19979,35.37781],[140.20687,35.37872],[140.20014,35.39094],[140.19527,35.39212],[140.18858,35.40418],[140.19023,35.40739],[140.18085,35.41544],[140.18225,35.4206],[140.17475,35.43018],[140.17922,35.43518],[140.18457,35.4373],[140.18653,35.44793],[140.1706,35.45654],[140.17454,35.46054],[140.17406,35.46901],[140.18394,35.46913],[140.18609,35.47385],[140.19439,35.46984],[140.2016,35.47463],[140.2063,35.48469],[140.21153,35.48674],[140.22404,35.48528],[140.23703,35.48024],[140.23999,35.4826],[140.24849,35.48175],[140.24752,35.48608],[140.25118,35.49174],[140.25634,35.49431],[140.25474,35.50053],[140.24287,35.50547],[140.23255,35.50377],[140.23037,35.50992],[140.22168,35.518],[140.22064,35.52368],[140.22527,35.52483],[140.23213,35.5334],[140.22738,35.54098],[140.21792,35.54402],[140.21304,35.542],[140.20934,35.54545],[140.20131,35.53957],[140.1944,35.54326],[140.19124,35.53652],[140.17911,35.53273],[140.17158,35.53616],[140.15897,35.53551],[140.14236,35.54797],[140.13533,35.54253],[140.13008,35.54716],[140.12377,35.54784],[140.12096,35.55132],[140.11549,35.5506]]]}},{"type":"Feature","properties":{"code":"12220","name":"流山市","pref":"千葉県","pref_code":"12","cx":139.91879,"cy":35.87237,"bbox":[139.87476,35.83007,139.95751,35.91808]},"geometry":{"type":"Polygon","coordinates":[[[139.94149,35.83487],[139.94532,35.83688],[139.95321,35.83394],[139.95751,35.83514],[139.95219,35.84149],[139.9526,35.85125],[139.94721,35.85457],[139.94143,35.85174],[139.94277,35.86439],[139.93036,35.86472],[139.93119,35.86859],[139.94168,35.86906],[139.94006,35.87567],[139.94024,35.88514],[139.93346,35.8855],[139.93467,35.89251],[139.9298,35.90077],[139.92257,35.90049],[139.92126,35.89658],[139.93006,35.88667],[139.92617,35.88345],[139.92124,35.89028],[139.9148,35.89413],[139.92049,35.90603],[139.92017,35.91689],[139.91241,35.9151],[139.90196,35.91808],[139.90069,35.91479],[139.89144,35.91543],[139.87476,35.91294],[139.88992,35.89256],[139.89485,35.87656],[139.90034,35.86417],[139.89614,35.85293],[139.89004,35.844],[139.88851,35.8302],[139.89745,35.83007],[139.91276,35.83666],[139.91817,35.84161],[139.91774,35.8452],[139.92259,35.84902],[139.92832,35.84977],[139.93585,35.83963],[139.94149,35.83487]]]}},{"type":"Feature","properties":{"code":"12221","name":"八千代市","pref":"千葉県","pref_code":"12","cx":140.10219,"cy":35.73949,"bbox":[140.06292,35.69378,140.15188,35.784]},"geometry":{"type":"Polygon","coordinates":[[[140.13679,35.69755],[140.13961,35.70287],[140.13131,35.71144],[140.13403,35.71889],[140.14219,35.72526],[140.1385,35.73659],[140.14029,35.74475],[140.14729,35.74873],[140.14556,35.75483],[140.15188,35.75979],[140.14651,35.76533],[140.13887,35.76657],[140.13275,35.77333],[140.11151,35.78095],[140.10309,35.78013],[140.09691,35.7829],[140.08956,35.784],[140.08628,35.78113],[140.08602,35.76577],[140.07762,35.75749],[140.07434,35.74951],[140.06599,35.74845],[140.06391,35.74238],[140.06764,35.73422],[140.06292,35.72073],[140.07172,35.71712],[140.06426,35.71099],[140.06833,35.70844],[140.0851,35.70384],[140.07716,35.70096],[140.08156,35.69454],[140.09027,35.69378],[140.10112,35.70283],[140.10553,35.70935],[140.11338,35.71405],[140.12261,35.70676],[140.12397,35.69889],[140.13398,35.69962],[140.13679,35.69755]]]}},{"type":"Feature","properties":{"code":"12222","name":"我孫子市","pref":"千葉県","pref_code":"12","cx":140.05912,"cy":35.87079,"bbox":[139.9911,35.8408,140.14647,35.90061]},"geometry":{"type":"Polygon","coordinates":[[[140.11136,35.84789],[140.12268,35.84573],[140.13207,35.8408],[140.14647,35.84572],[140.13424,35.85892],[140.12758,35.87038],[140.12173,35.87366],[140.11173,35.87604],[140.10276,35.88074],[140.08813,35.88403],[140.07433,35.87663],[140.0666,35.88087],[140.06112,35.88806],[140.04754,35.89196],[140.03111,35.90061],[140.02179,35.89022],[140.01627,35.89599],[140.0099,35.88721],[139.99862,35.88374],[139.99278,35.87745],[139.9911,35.87119],[139.99353,35.86755],[140.00831,35.8618],[140.0249,35.86097],[140.03275,35.85646],[140.04252,35.85942],[140.05177,35.85338],[140.06008,35.85086],[140.0651,35.8554],[140.10099,35.8515],[140.11136,35.84789]]]}},{"type":"Feature","properties":{"code":"12223","name":"鴨川市","pref":"千葉県","pref_code":"12","cx":140.04164,"cy":35.12105,"bbox":[139.93087,35.05153,140.21636,35.19089]},"geometry":{"type":"Polygon","coordinates":[[[140.18792,35.17018],[140.17498,35.16669],[140.16604,35.17054],[140.16153,35.17431],[140.16127,35.18124],[140.15341,35.18172],[140.1423,35.18999],[140.13493,35.19081],[140.12958,35.18847],[140.12111,35.19089],[140.11481,35.18061],[140.11015,35.17948],[140.1008,35.18099],[140.09683,35.17793],[140.09595,35.1706],[140.09093,35.16835],[140.07582,35.17518],[140.0656,35.16987],[140.06221,35.16583],[140.05434,35.16536],[140.04868,35.16031],[140.04304,35.16188],[140.03471,35.15899],[140.02942,35.16434],[140.01533,35.15386],[140.0083,35.1559],[140.00479,35.154],[139.99297,35.15554],[139.97186,35.15164],[139.96302,35.15483],[139.94612,35.15293],[139.93804,35.14596],[139.93172,35.14762],[139.93087,35.12865],[139.93628,35.12185],[139.94788,35.12399],[139.95157,35.11944],[139.95824,35.11566],[139.95882,35.11244],[139.97193,35.11167],[139.98241,35.10553],[139.98337,35.11561],[139.99676,35.11544],[139.9941,35.10854],[139.99478,35.10372],[139.99969,35.10136],[139.99723,35.09358],[140.00807,35.09633],[140.0202,35.08863],[140.01936,35.08316],[140.02493,35.08144],[140.02947,35.07374],[140.02996,35.06543],[140.0359,35.06178],[140.03219,35.05867],[140.03799,35.05153],[140.05514,35.0591],[140.07529,35.05754],[140.07542,35.06235],[140.08296,35.06387],[140.07901,35.06845],[140.08508,35.07011],[140.09947,35.07981],[140.09822,35.08411],[140.10447,35.09084],[140.10517,35.10194],[140.10881,35.10685],[140.12187,35.11603],[140.13442,35.12169],[140.14563,35.11761],[140.15158,35.11703],[140.15352,35.12138],[140.1681,35.12369],[140.17293,35.12003],[140.1782,35.12146],[140.18306,35.11816],[140.18566,35.12455],[140.19024,35.12714],[140.19686,35.12087],[140.19576,35.11625],[140.2027,35.10974],[140.21181,35.11447],[140.2136,35.12122],[140.21175,35.12608],[140.21604,35.13399],[140.21216,35.13632],[140.21636,35.14126],[140.21324,35.15036],[140.20767,35.15448],[140.20774,35.16184],[140.20196,35.17029],[140.19665,35.17167],[140.18792,35.17018]]]}},{"type":"Feature","properties":{"code":"12224","name":"鎌ケ谷市","pref":"千葉県","pref_code":"12","cx":139.99656,"cy":35.7709,"bbox":[139.96841,35.74178,140.02254,35.80393]},"geometry":{"type":"Polygon","coordinates":[[[139.97284,35.74878],[139.98306,35.75116],[139.98845,35.74381],[139.99326,35.74178],[139.99946,35.74408],[140.00673,35.74283],[140.00839,35.74818],[140.01803,35.75464],[140.01438,35.76082],[140.02103,35.76549],[140.01519,35.76795],[140.02004,35.77417],[140.0219,35.78075],[140.01889,35.78349],[140.02254,35.79608],[140.0077,35.80316],[140.00193,35.80393],[139.99801,35.8006],[140.00111,35.79115],[139.99578,35.78735],[139.98897,35.79076],[139.9846,35.78847],[139.96841,35.78631],[139.97294,35.78016],[139.98432,35.77617],[139.97595,35.77385],[139.97459,35.76105],[139.97102,35.7575],[139.97494,35.75172],[139.97284,35.74878]],[[139.99404,35.75536],[139.99953,35.75059],[139.99556,35.74275],[139.98683,35.74693],[139.98889,35.75174],[139.99404,35.75536]]]}},{"type":"Feature","properties":{"code":"12225","name":"君津市","pref":"千葉県","pref_code":"12","cx":140.02338,"cy":35.26702,"bbox":[139.83911,35.15386,140.16127,35.37544]},"geometry":{"type":"Polygon","coordinates":[[[139.88752,35.36149],[139.88271,35.36129],[139.86231,35.36763],[139.84589,35.37544],[139.83911,35.36729],[139.84148,35.36422],[139.85175,35.35829],[139.85916,35.34805],[139.85216,35.34931],[139.86133,35.33872],[139.86579,35.33662],[139.86477,35.33199],[139.87585,35.32627],[139.88258,35.32],[139.88706,35.31259],[139.88828,35.30247],[139.89795,35.30008],[139.90227,35.29475],[139.90222,35.29042],[139.91108,35.28829],[139.91049,35.28142],[139.91642,35.2724],[139.92298,35.27067],[139.9368,35.26128],[139.94449,35.26338],[139.9562,35.25718],[139.95549,35.2533],[139.94859,35.25108],[139.95182,35.2411],[139.9609,35.24408],[139.97134,35.23832],[139.97686,35.24052],[139.97998,35.22725],[139.97761,35.22529],[139.98261,35.21021],[139.99737,35.19251],[139.99614,35.18003],[140.0009,35.17235],[139.99731,35.16036],[139.99297,35.15554],[140.00479,35.154],[140.0083,35.1559],[140.01533,35.15386],[140.02942,35.16434],[140.03471,35.15899],[140.04304,35.16188],[140.04868,35.16031],[140.05434,35.16536],[140.06221,35.16583],[140.0656,35.16987],[140.07582,35.17518],[140.09093,35.16835],[140.09595,35.1706],[140.09683,35.17793],[140.1008,35.18099],[140.11015,35.17948],[140.11481,35.18061],[140.12111,35.19089],[140.12958,35.18847],[140.13493,35.19081],[140.1423,35.18999],[140.15341,35.18172],[140.16127,35.18124],[140.15977,35.18985],[140.15323,35.19974],[140.15241,35.2062],[140.14366,35.21773],[140.13935,35.22787],[140.14124,35.23121],[140.13713,35.2368],[140.13219,35.23797],[140.13017,35.24338],[140.12517,35.24394],[140.11842,35.26321],[140.11841,35.27345],[140.12016,35.2829],[140.11439,35.28962],[140.11743,35.30518],[140.12215,35.30737],[140.12207,35.3138],[140.11817,35.31617],[140.1079,35.31256],[140.10157,35.31731],[140.10915,35.31919],[140.10418,35.32594],[140.09393,35.32832],[140.08698,35.3379],[140.08333,35.34585],[140.07073,35.34581],[140.0587,35.35433],[140.0516,35.35535],[140.04427,35.34833],[140.04531,35.34244],[140.04179,35.33593],[140.02925,35.3305],[140.02084,35.32915],[140.02116,35.32396],[140.01672,35.31886],[140.01029,35.31887],[140.00491,35.32684],[139.99808,35.32588],[139.99731,35.31743],[139.97941,35.31736],[139.97384,35.31839],[139.97217,35.32257],[139.96577,35.32691],[139.96427,35.33153],[139.95338,35.32986],[139.93591,35.33727],[139.91423,35.34067],[139.90461,35.33521],[139.90024,35.33733],[139.89735,35.34708],[139.88752,35.36149]]]}},{"type":"Feature","properties":{"code":"12226","name":"富津市","pref":"千葉県","pref_code":"12","cx":139.90829,"cy":35.24758,"bbox":[139.79248,35.1393,140.0009,35.35895]},"geometry":{"type":"Polygon","coordinates":[[[139.99297,35.15554],[139.99731,35.16036],[140.0009,35.17235],[139.99614,35.18003],[139.99737,35.19251],[139.98261,35.21021],[139.97761,35.22529],[139.97998,35.22725],[139.97686,35.24052],[139.97134,35.23832],[139.9609,35.24408],[139.95182,35.2411],[139.94859,35.25108],[139.95549,35.2533],[139.9562,35.25718],[139.94449,35.26338],[139.9368,35.26128],[139.92298,35.27067],[139.91642,35.2724],[139.91049,35.28142],[139.91108,35.28829],[139.90222,35.29042],[139.90227,35.29475],[139.89795,35.30008],[139.88828,35.30247],[139.88706,35.31259],[139.88258,35.32],[139.87585,35.32627],[139.86477,35.33199],[139.86579,35.33662],[139.86133,35.33872],[139.85216,35.34931],[139.84709,35.3468],[139.83777,35.35895],[139.82297,35.34446],[139.82882,35.33673],[139.83709,35.3378],[139.83938,35.3337],[139.82441,35.32632],[139.81649,35.32404],[139.81973,35.31648],[139.80675,35.31455],[139.79248,35.31109],[139.81227,35.30621],[139.82619,35.3016],[139.83865,35.29609],[139.84717,35.29062],[139.85284,35.2844],[139.8518,35.27799],[139.84705,35.27166],[139.858,35.26228],[139.86437,35.25417],[139.86876,35.24254],[139.87069,35.23067],[139.86671,35.21938],[139.84866,35.21294],[139.84407,35.20849],[139.83124,35.20363],[139.82404,35.19777],[139.81706,35.1857],[139.8167,35.1689],[139.82189,35.16655],[139.81877,35.162],[139.81815,35.15488],[139.82868,35.15855],[139.83809,35.15923],[139.85413,35.1643],[139.85953,35.16112],[139.86752,35.16043],[139.8708,35.15657],[139.88717,35.15966],[139.89472,35.15608],[139.90031,35.15624],[139.90212,35.1509],[139.91222,35.14135],[139.93159,35.1393],[139.93172,35.14762],[139.93804,35.14596],[139.94612,35.15293],[139.96302,35.15483],[139.97186,35.15164],[139.99297,35.15554]]]}},{"type":"Feature","properties":{"code":"12227","name":"浦安市","pref":"千葉県","pref_code":"12","cx":139.90859,"cy":35.64418,"bbox":[139.87146,35.61662,139.93949,35.67258]},"geometry":{"type":"Polygon","coordinates":[[[139.88607,35.67114],[139.88739,35.65617],[139.88349,35.64512],[139.87146,35.63864],[139.87258,35.62553],[139.88838,35.62184],[139.8935,35.62488],[139.89761,35.61662],[139.91005,35.62442],[139.93949,35.64047],[139.93684,35.64324],[139.89312,35.67258],[139.88607,35.67114]]]}},{"type":"Feature","properties":{"code":"12228","name":"四街道市","pref":"千葉県","pref_code":"12","cx":140.18212,"cy":35.66518,"bbox":[140.1365,35.62678,140.21493,35.7055]},"geometry":{"type":"Polygon","coordinates":[[[140.1365,35.67051],[140.14131,35.66762],[140.14992,35.66813],[140.15596,35.65409],[140.1578,35.64635],[140.16355,35.64535],[140.17367,35.65407],[140.17645,35.65345],[140.19016,35.64301],[140.19224,35.64015],[140.18508,35.62912],[140.1934,35.62678],[140.20379,35.64024],[140.20704,35.64632],[140.20465,35.65097],[140.21332,35.65457],[140.21493,35.66275],[140.208,35.67172],[140.2091,35.67572],[140.20359,35.68059],[140.20212,35.6862],[140.20844,35.6977],[140.20657,35.7055],[140.19259,35.7043],[140.17745,35.69481],[140.1592,35.69559],[140.1488,35.70084],[140.1469,35.69283],[140.15078,35.69108],[140.15264,35.68929],[140.14697,35.69181],[140.14312,35.69141],[140.13949,35.68816],[140.13672,35.67952],[140.13838,35.67539],[140.1365,35.67051]]]}},{"type":"Feature","properties":{"code":"12229","name":"袖ケ浦市","pref":"千葉県","pref_code":"12","cx":140.03109,"cy":35.4114,"bbox":[139.9425,35.34361,140.09277,35.47932]},"geometry":{"type":"Polygon","coordinates":[[[140.09214,35.3881],[140.09253,35.39582],[140.09003,35.39954],[140.09277,35.4067],[140.08948,35.41221],[140.08994,35.42101],[140.08071,35.43232],[140.07693,35.43011],[140.05967,35.42574],[140.05132,35.42588],[140.04376,35.42362],[140.03262,35.42357],[140.04101,35.42953],[140.04303,35.43769],[140.03979,35.44555],[140.02274,35.46755],[140.01601,35.47142],[140.01257,35.47607],[140.00653,35.47932],[139.99803,35.47447],[140.00332,35.46828],[139.99928,35.46596],[139.99469,35.47245],[139.9891,35.46986],[139.99477,35.45937],[139.99231,35.45734],[139.98203,35.47479],[139.96572,35.46854],[139.97446,35.44847],[139.96766,35.44813],[139.96215,35.45873],[139.95109,35.45614],[139.9486,35.44221],[139.95008,35.43775],[139.9425,35.42633],[139.94336,35.41687],[139.95666,35.41058],[139.96309,35.41432],[139.96797,35.42013],[139.97531,35.41704],[139.97129,35.40971],[139.99072,35.40844],[139.99482,35.40515],[140.01175,35.40434],[140.01046,35.39827],[140.00659,35.39368],[140.00086,35.3968],[139.99307,35.39377],[139.99928,35.38756],[140.00445,35.38599],[140.00139,35.38008],[140.00214,35.37252],[139.99887,35.36452],[140.00321,35.35981],[140.00076,35.35298],[139.99676,35.35067],[140.00164,35.34468],[140.01294,35.34361],[140.02078,35.35211],[140.02406,35.36037],[140.0329,35.36122],[140.03535,35.37128],[140.04234,35.37106],[140.0476,35.38059],[140.05349,35.37816],[140.06091,35.37882],[140.06523,35.38276],[140.08142,35.38532],[140.08527,35.38246],[140.09214,35.3881]]]}},{"type":"Feature","properties":{"code":"12230","name":"八街市","pref":"千葉県","pref_code":"12","cx":140.29014,"cy":35.64212,"bbox":[140.24984,35.57267,140.34932,35.71457]},"geometry":{"type":"Polygon","coordinates":[[[140.28709,35.57291],[140.29249,35.57267],[140.31905,35.58606],[140.33711,35.5854],[140.32434,35.5926],[140.32121,35.60298],[140.3254,35.60722],[140.3241,35.60896],[140.31526,35.60744],[140.30885,35.61291],[140.31485,35.61676],[140.31272,35.62164],[140.30779,35.62474],[140.31648,35.63088],[140.32558,35.62616],[140.32919,35.63151],[140.32121,35.63969],[140.32582,35.65218],[140.33656,35.66005],[140.34747,35.66011],[140.34029,35.66825],[140.34932,35.67287],[140.3469,35.67666],[140.32776,35.68335],[140.32208,35.68719],[140.31762,35.69622],[140.32051,35.70016],[140.31991,35.7084],[140.31064,35.70583],[140.30897,35.71314],[140.30314,35.71457],[140.29635,35.71216],[140.29147,35.70611],[140.28703,35.69154],[140.28153,35.68863],[140.28284,35.67857],[140.27593,35.67984],[140.26774,35.67699],[140.26968,35.67106],[140.26667,35.66633],[140.25946,35.66732],[140.25685,35.66373],[140.25882,35.65857],[140.24984,35.65194],[140.25846,35.64455],[140.25659,35.62886],[140.25776,35.62547],[140.26632,35.62641],[140.26493,35.62056],[140.26764,35.61726],[140.26748,35.60716],[140.2626,35.60601],[140.26137,35.5996],[140.27556,35.58747],[140.27514,35.58178],[140.28111,35.57934],[140.28319,35.57378],[140.28709,35.57291]]]}},{"type":"Feature","properties":{"code":"12231","name":"印西市","pref":"千葉県","pref_code":"12","cx":140.17677,"cy":35.79327,"bbox":[140.08706,35.73971,140.26553,35.84789]},"geometry":{"type":"Polygon","coordinates":[[[140.25162,35.80031],[140.2504,35.82094],[140.2427,35.81926],[140.23714,35.82081],[140.24303,35.82692],[140.23303,35.83241],[140.23188,35.84117],[140.21256,35.83898],[140.20314,35.83476],[140.19272,35.83656],[140.1819,35.84159],[140.16778,35.84546],[140.15675,35.84271],[140.14647,35.84572],[140.13207,35.8408],[140.12268,35.84573],[140.11136,35.84789],[140.11194,35.8434],[140.10926,35.83412],[140.09915,35.83129],[140.0929,35.82606],[140.09406,35.82363],[140.08706,35.8163],[140.09308,35.80966],[140.10025,35.80926],[140.10101,35.80463],[140.10713,35.80556],[140.11111,35.79946],[140.10614,35.7976],[140.09691,35.7829],[140.10309,35.78013],[140.11151,35.78095],[140.13275,35.77333],[140.13887,35.76657],[140.14651,35.76533],[140.15188,35.75979],[140.16753,35.74995],[140.1822,35.74805],[140.18864,35.74567],[140.20527,35.76487],[140.20912,35.76625],[140.22381,35.75738],[140.25436,35.74004],[140.25892,35.73971],[140.26452,35.74282],[140.26553,35.74728],[140.2633,35.75477],[140.25789,35.76418],[140.25964,35.77796],[140.25036,35.78486],[140.24921,35.78895],[140.25162,35.80031]]]}},{"type":"Feature","properties":{"code":"12232","name":"白井市","pref":"千葉県","pref_code":"12","cx":140.06995,"cy":35.80204,"bbox":[140.01519,35.76549,140.11111,35.83535]},"geometry":{"type":"Polygon","coordinates":[[[140.08956,35.784],[140.09691,35.7829],[140.10614,35.7976],[140.11111,35.79946],[140.10713,35.80556],[140.10101,35.80463],[140.10025,35.80926],[140.09308,35.80966],[140.08706,35.8163],[140.09406,35.82363],[140.0929,35.82606],[140.08916,35.83018],[140.07524,35.83108],[140.06966,35.83378],[140.05729,35.83535],[140.04968,35.83219],[140.04168,35.8243],[140.0323,35.81182],[140.02991,35.79895],[140.01889,35.78349],[140.0219,35.78075],[140.02004,35.77417],[140.01519,35.76795],[140.02103,35.76549],[140.03048,35.77141],[140.03987,35.7667],[140.06177,35.77629],[140.0672,35.78534],[140.06945,35.79907],[140.07322,35.79866],[140.08271,35.79169],[140.08956,35.784]]]}},{"type":"Feature","properties":{"code":"12233","name":"富里市","pref":"千葉県","pref_code":"12","cx":140.32964,"cy":35.72639,"bbox":[140.28894,35.67612,140.39981,35.77723]},"geometry":{"type":"Polygon","coordinates":[[[140.30315,35.74776],[140.30586,35.74068],[140.29651,35.73939],[140.28894,35.73044],[140.29302,35.72686],[140.2963,35.71969],[140.30314,35.71457],[140.30897,35.71314],[140.31064,35.70583],[140.31991,35.7084],[140.32051,35.70016],[140.31762,35.69622],[140.32208,35.68719],[140.32776,35.68335],[140.3469,35.67666],[140.35439,35.68362],[140.36035,35.68664],[140.37333,35.68079],[140.37742,35.6828],[140.39059,35.67612],[140.39981,35.68045],[140.39977,35.68992],[140.38517,35.68964],[140.37848,35.6943],[140.37302,35.70085],[140.38239,35.70362],[140.38541,35.71256],[140.37873,35.71443],[140.37595,35.72078],[140.36586,35.72591],[140.36787,35.73125],[140.36282,35.73198],[140.36244,35.74193],[140.35653,35.74557],[140.35525,35.7515],[140.34241,35.76179],[140.33181,35.76529],[140.32504,35.77723],[140.3195,35.7737],[140.31229,35.75974],[140.31403,35.75557],[140.30315,35.74776]]]}},{"type":"Feature","properties":{"code":"12234","name":"南房総市","pref":"千葉県","pref_code":"12","cx":139.95948,"cy":35.01358,"bbox":[139.81037,34.90254,140.03799,35.12865]},"geometry":{"type":"Polygon","coordinates":[[[139.82428,34.91121],[139.83963,34.90447],[139.84614,34.90298],[139.86473,34.90687],[139.87352,34.90286],[139.88335,34.90254],[139.89348,34.90583],[139.90266,34.90369],[139.90846,34.90712],[139.91662,34.90629],[139.91968,34.91044],[139.92933,34.91226],[139.9419,34.91747],[139.94208,34.92214],[139.95221,34.92861],[139.95464,34.93371],[139.96113,34.93808],[139.965,34.94575],[139.96498,34.95239],[139.96052,34.96479],[139.96252,34.97178],[139.97142,34.98647],[139.97211,34.99255],[139.97601,35.00334],[139.98025,35.01006],[139.99253,35.02256],[140.0027,35.03086],[140.01311,35.03645],[140.01716,35.0356],[140.02485,35.04353],[140.03799,35.05153],[140.03219,35.05867],[140.0359,35.06178],[140.02996,35.06543],[140.02947,35.07374],[140.02493,35.08144],[140.01936,35.08316],[140.0202,35.08863],[140.00807,35.09633],[139.99723,35.09358],[139.99969,35.10136],[139.99478,35.10372],[139.9941,35.10854],[139.99676,35.11544],[139.98337,35.11561],[139.98241,35.10553],[139.97193,35.11167],[139.95882,35.11244],[139.95824,35.11566],[139.95157,35.11944],[139.94788,35.12399],[139.93628,35.12185],[139.93087,35.12865],[139.92602,35.12696],[139.92433,35.11778],[139.91855,35.11339],[139.9131,35.1149],[139.90068,35.11408],[139.88809,35.1095],[139.88035,35.10911],[139.8692,35.11095],[139.86213,35.10737],[139.85568,35.10799],[139.84375,35.10014],[139.83607,35.09967],[139.84103,35.09248],[139.84245,35.0864],[139.83836,35.07885],[139.82159,35.07244],[139.82142,35.06765],[139.83228,35.05008],[139.82972,35.04102],[139.82309,35.03755],[139.81358,35.04257],[139.81037,35.03753],[139.82477,35.03119],[139.83304,35.03227],[139.85322,35.03211],[139.86218,35.03822],[139.86951,35.04046],[139.87144,35.04486],[139.87668,35.04641],[139.88347,35.04078],[139.88392,35.02515],[139.88586,35.01884],[139.885,35.01041],[139.88729,35.00735],[139.90455,35.01041],[139.90482,35.01813],[139.92006,35.01738],[139.93337,35.02607],[139.9364,35.02152],[139.93315,35.01675],[139.94117,35.00466],[139.94062,35.00101],[139.93118,34.99245],[139.92911,34.98401],[139.91924,34.98055],[139.9102,34.97951],[139.9041,34.96655],[139.90293,34.95802],[139.90986,34.9462],[139.91809,34.94501],[139.92686,34.94055],[139.9185,34.92706],[139.914,34.92859],[139.9043,34.92821],[139.89783,34.92547],[139.89105,34.93091],[139.88199,34.92381],[139.87862,34.92482],[139.86617,34.92049],[139.8585,34.9234],[139.85272,34.91472],[139.83349,34.91067],[139.82428,34.91121]]]}},{"type":"Feature","properties":{"code":"12235","name":"匝瑳市","pref":"千葉県","pref_code":"12","cx":140.55161,"cy":35.69487,"bbox":[140.48634,35.6279,140.62498,35.76101]},"geometry":{"type":"Polygon","coordinates":[[[140.56564,35.75516],[140.55624,35.75427],[140.55046,35.76101],[140.54754,35.75794],[140.5375,35.75659],[140.53031,35.76056],[140.5268,35.75398],[140.51932,35.75517],[140.51589,35.76078],[140.50453,35.75945],[140.5071,35.75103],[140.50236,35.73941],[140.50246,35.73589],[140.48634,35.72459],[140.48703,35.71881],[140.50266,35.70602],[140.49913,35.69821],[140.50426,35.68594],[140.51441,35.68376],[140.5162,35.67371],[140.52396,35.67886],[140.53834,35.66968],[140.54169,35.66523],[140.52986,35.65717],[140.53385,35.65088],[140.54458,35.63947],[140.54776,35.6391],[140.55944,35.6279],[140.61156,35.66455],[140.62498,35.67266],[140.62163,35.67829],[140.61207,35.67536],[140.60934,35.68241],[140.6099,35.6898],[140.60309,35.69204],[140.60228,35.69769],[140.6066,35.7011],[140.60436,35.7087],[140.59269,35.7082],[140.59149,35.71135],[140.58185,35.70864],[140.57858,35.7128],[140.59143,35.71808],[140.59909,35.71684],[140.59826,35.72193],[140.59952,35.73367],[140.60431,35.73751],[140.59337,35.74136],[140.59262,35.73765],[140.58434,35.73959],[140.57931,35.73757],[140.56696,35.73594],[140.56472,35.74144],[140.57189,35.74696],[140.56564,35.75516]]]}},{"type":"Feature","properties":{"code":"12236","name":"香取市","pref":"千葉県","pref_code":"12","cx":140.55074,"cy":35.85742,"bbox":[140.42489,35.75427,140.65065,35.95874]},"geometry":{"type":"Polygon","coordinates":[[[140.45192,35.80712],[140.45924,35.80183],[140.4683,35.79796],[140.4678,35.7923],[140.48074,35.79039],[140.48746,35.79773],[140.4951,35.80195],[140.50257,35.79607],[140.50049,35.78903],[140.51156,35.78105],[140.51926,35.78252],[140.53329,35.77518],[140.54259,35.77401],[140.54641,35.76545],[140.55624,35.75427],[140.56564,35.75516],[140.57197,35.76623],[140.57639,35.76679],[140.58985,35.77341],[140.59239,35.77793],[140.59753,35.78007],[140.60184,35.77418],[140.60926,35.78169],[140.61684,35.78106],[140.62586,35.78727],[140.62457,35.79367],[140.6241,35.80045],[140.63391,35.80284],[140.63432,35.80819],[140.64449,35.81422],[140.64182,35.82497],[140.65065,35.82735],[140.64811,35.84215],[140.64466,35.84658],[140.64783,35.85571],[140.63069,35.85912],[140.62878,35.86466],[140.61649,35.88138],[140.6133,35.88888],[140.60799,35.89581],[140.59886,35.90317],[140.58854,35.90603],[140.58124,35.91645],[140.57063,35.92406],[140.55726,35.93079],[140.53735,35.93872],[140.52693,35.94786],[140.51124,35.95874],[140.50388,35.95101],[140.4997,35.9444],[140.49725,35.93388],[140.48718,35.92859],[140.49064,35.9154],[140.49813,35.90919],[140.49759,35.90626],[140.48454,35.90965],[140.47423,35.91613],[140.47113,35.91972],[140.45844,35.92654],[140.44847,35.91502],[140.43502,35.91135],[140.43737,35.90793],[140.42944,35.90199],[140.42513,35.88803],[140.42826,35.8836],[140.42489,35.873],[140.43088,35.87366],[140.43902,35.87064],[140.44047,35.86786],[140.44657,35.86513],[140.45239,35.87037],[140.46038,35.86277],[140.46307,35.85498],[140.47249,35.8509],[140.47222,35.84423],[140.46392,35.84528],[140.46415,35.83795],[140.46853,35.8339],[140.45596,35.82625],[140.45502,35.81809],[140.46095,35.8148],[140.45226,35.81131],[140.45192,35.80712]]]}},{"type":"Feature","properties":{"code":"12237","name":"山武市","pref":"千葉県","pref_code":"12","cx":140.41419,"cy":35.61413,"bbox":[140.32121,35.54721,140.52562,35.68664]},"geometry":{"type":"Polygon","coordinates":[[[140.43501,35.5677],[140.43661,35.56998],[140.44726,35.56389],[140.46344,35.55106],[140.47009,35.54721],[140.47849,35.55811],[140.49551,35.57622],[140.50755,35.58719],[140.52562,35.60212],[140.51552,35.61123],[140.50682,35.61706],[140.49659,35.61028],[140.49024,35.61702],[140.49175,35.62176],[140.5009,35.62865],[140.49537,35.63678],[140.4878,35.63082],[140.47563,35.63707],[140.46613,35.64377],[140.47897,35.65419],[140.47092,35.65635],[140.46662,35.6598],[140.45072,35.66604],[140.44391,35.66152],[140.43549,35.66711],[140.43569,35.67216],[140.43189,35.67749],[140.42369,35.68006],[140.41654,35.67948],[140.41255,35.67504],[140.39981,35.68045],[140.39059,35.67612],[140.37742,35.6828],[140.37333,35.68079],[140.36035,35.68664],[140.35439,35.68362],[140.3469,35.67666],[140.34932,35.67287],[140.34029,35.66825],[140.34747,35.66011],[140.33656,35.66005],[140.32582,35.65218],[140.32121,35.63969],[140.33515,35.62475],[140.33278,35.62168],[140.33751,35.61767],[140.3309,35.60646],[140.34721,35.60549],[140.35377,35.60977],[140.36087,35.6017],[140.37136,35.60551],[140.37496,35.60297],[140.38289,35.60443],[140.38544,35.59998],[140.3848,35.59282],[140.39375,35.58541],[140.40002,35.58923],[140.40408,35.58709],[140.40892,35.59157],[140.4133,35.58817],[140.41845,35.59062],[140.41927,35.59492],[140.42534,35.59586],[140.4285,35.58221],[140.43501,35.5677]]]}},{"type":"Feature","properties":{"code":"12238","name":"いすみ市","pref":"千葉県","pref_code":"12","cx":140.33799,"cy":35.26733,"bbox":[140.25466,35.19234,140.41449,35.34573]},"geometry":{"type":"Polygon","coordinates":[[[140.31791,35.21456],[140.32265,35.21405],[140.32354,35.21975],[140.33689,35.21911],[140.33845,35.21505],[140.34887,35.21727],[140.36294,35.21816],[140.36046,35.20234],[140.36803,35.19846],[140.37752,35.19778],[140.38478,35.19234],[140.39369,35.20269],[140.39223,35.21064],[140.40486,35.23722],[140.40365,35.24624],[140.40527,35.2519],[140.40094,35.2545],[140.40006,35.26944],[140.40468,35.28665],[140.4115,35.30117],[140.41449,35.30433],[140.41331,35.31422],[140.40553,35.32636],[140.39765,35.33051],[140.39303,35.33067],[140.38783,35.33475],[140.38289,35.33025],[140.37216,35.32924],[140.37445,35.34273],[140.36615,35.34242],[140.3533,35.34573],[140.34193,35.34538],[140.32669,35.34364],[140.31807,35.34571],[140.30679,35.33747],[140.30115,35.3378],[140.29428,35.33336],[140.28909,35.32136],[140.27774,35.31896],[140.27128,35.31339],[140.27661,35.29618],[140.26617,35.28403],[140.25999,35.28416],[140.25466,35.27966],[140.25898,35.27204],[140.26752,35.26935],[140.27184,35.27021],[140.27856,35.2653],[140.27898,35.26152],[140.28622,35.25561],[140.28056,35.2504],[140.28102,35.24242],[140.2881,35.24289],[140.29701,35.23757],[140.30134,35.22627],[140.313,35.21962],[140.31791,35.21456]]]}},{"type":"Feature","properties":{"code":"12239","name":"大網白里市","pref":"千葉県","pref_code":"12","cx":140.32839,"cy":35.51707,"bbox":[140.27211,35.47162,140.43048,35.56063]},"geometry":{"type":"Polygon","coordinates":[[[140.27211,35.4936],[140.28037,35.49858],[140.29036,35.49644],[140.31332,35.50184],[140.32963,35.4981],[140.32596,35.49215],[140.33573,35.49033],[140.34751,35.48486],[140.35218,35.49663],[140.37236,35.49433],[140.37888,35.4875],[140.38136,35.47549],[140.38614,35.47676],[140.4014,35.4748],[140.41592,35.47162],[140.43048,35.49814],[140.40412,35.50919],[140.40092,35.50586],[140.39071,35.50976],[140.38503,35.50012],[140.37979,35.50484],[140.38127,35.51225],[140.3629,35.51523],[140.35676,35.52054],[140.36098,35.5305],[140.35584,35.53043],[140.35399,35.53653],[140.34735,35.54031],[140.34329,35.53298],[140.33627,35.53716],[140.33052,35.54706],[140.32376,35.5519],[140.32382,35.55787],[140.314,35.5574],[140.30365,35.55386],[140.29421,35.56063],[140.29097,35.55565],[140.29187,35.54822],[140.28136,35.54779],[140.28096,35.54184],[140.28601,35.53893],[140.29202,35.53117],[140.28776,35.52349],[140.29958,35.5189],[140.29259,35.51532],[140.28602,35.51882],[140.28227,35.51278],[140.27676,35.51149],[140.27437,35.50726],[140.27211,35.4936]]]}},{"type":"Feature","properties":{"code":"12322","name":"印旛郡酒々井町","pref":"千葉県","pref_code":"12","cx":140.27382,"cy":35.72803,"bbox":[140.2494,35.69978,140.30586,35.75745]},"geometry":{"type":"Polygon","coordinates":[[[140.2633,35.75477],[140.26553,35.74728],[140.26452,35.74282],[140.25892,35.73971],[140.2621,35.73125],[140.2554,35.72919],[140.25713,35.72549],[140.2494,35.72227],[140.25312,35.71402],[140.25968,35.71449],[140.26728,35.69978],[140.27555,35.70351],[140.27826,35.70774],[140.28438,35.7025],[140.29147,35.70611],[140.29635,35.71216],[140.30314,35.71457],[140.2963,35.71969],[140.29302,35.72686],[140.28894,35.73044],[140.29651,35.73939],[140.30586,35.74068],[140.30315,35.74776],[140.29204,35.75745],[140.28972,35.75215],[140.28388,35.75144],[140.2794,35.75743],[140.27383,35.75462],[140.2633,35.75477]]]}},{"type":"Feature","properties":{"code":"12329","name":"印旛郡栄町","pref":"千葉県","pref_code":"12","cx":140.25689,"cy":35.83777,"bbox":[140.16778,35.80031,140.28936,35.87411]},"geometry":{"type":"Polygon","coordinates":[[[140.28936,35.87143],[140.28115,35.87411],[140.26569,35.86931],[140.24362,35.8554],[140.23259,35.85411],[140.21546,35.86162],[140.20543,35.86132],[140.19912,35.85911],[140.18663,35.85176],[140.16778,35.84546],[140.1819,35.84159],[140.19272,35.83656],[140.20314,35.83476],[140.21256,35.83898],[140.23188,35.84117],[140.23303,35.83241],[140.24303,35.82692],[140.23714,35.82081],[140.2427,35.81926],[140.2504,35.82094],[140.25162,35.80031],[140.25724,35.81141],[140.25561,35.81351],[140.26642,35.8195],[140.26799,35.82324],[140.27876,35.81862],[140.28612,35.82857],[140.28262,35.83215],[140.27964,35.84663],[140.28225,35.85914],[140.28936,35.87143]]]}},{"type":"Feature","properties":{"code":"12342","name":"香取郡神崎町","pref":"千葉県","pref_code":"12","cx":140.41124,"cy":35.87839,"bbox":[140.37549,35.85279,140.44047,35.91135]},"geometry":{"type":"Polygon","coordinates":[[[140.44047,35.86786],[140.43902,35.87064],[140.43088,35.87366],[140.42489,35.873],[140.42826,35.8836],[140.42513,35.88803],[140.42944,35.90199],[140.43737,35.90793],[140.43502,35.91135],[140.42289,35.90671],[140.41796,35.90638],[140.40764,35.90922],[140.39648,35.90901],[140.37589,35.90237],[140.37549,35.8952],[140.38386,35.8894],[140.38497,35.88528],[140.392,35.88313],[140.40093,35.87224],[140.39796,35.8607],[140.39417,35.85758],[140.39436,35.85279],[140.40308,35.85346],[140.417,35.86562],[140.42245,35.86631],[140.42812,35.86364],[140.43732,35.86326],[140.44047,35.86786]]]}},{"type":"Feature","properties":{"code":"12347","name":"香取郡多古町","pref":"千葉県","pref_code":"12","cx":140.46782,"cy":35.74518,"bbox":[140.40225,35.69129,140.55046,35.80712]},"geometry":{"type":"Polygon","coordinates":[[[140.40294,35.77485],[140.40643,35.77024],[140.4153,35.77376],[140.42115,35.77328],[140.42508,35.76991],[140.42326,35.76071],[140.42453,35.75465],[140.42832,35.75096],[140.43535,35.7354],[140.43597,35.73094],[140.42946,35.72156],[140.43777,35.71801],[140.44328,35.71245],[140.44814,35.71287],[140.44999,35.7061],[140.45423,35.70588],[140.45505,35.69898],[140.45965,35.69722],[140.46105,35.69129],[140.46609,35.69201],[140.46801,35.69814],[140.47553,35.71108],[140.47937,35.71516],[140.48097,35.72178],[140.48647,35.72125],[140.48634,35.72459],[140.50246,35.73589],[140.50236,35.73941],[140.5071,35.75103],[140.50453,35.75945],[140.51589,35.76078],[140.51932,35.75517],[140.5268,35.75398],[140.53031,35.76056],[140.5375,35.75659],[140.54754,35.75794],[140.55046,35.76101],[140.54641,35.76545],[140.54259,35.77401],[140.53329,35.77518],[140.51926,35.78252],[140.51156,35.78105],[140.50049,35.78903],[140.50257,35.79607],[140.4951,35.80195],[140.48746,35.79773],[140.48074,35.79039],[140.4678,35.7923],[140.4683,35.79796],[140.45924,35.80183],[140.45192,35.80712],[140.44447,35.80338],[140.4431,35.78857],[140.43308,35.78603],[140.43621,35.78079],[140.42385,35.77528],[140.41705,35.77577],[140.41781,35.78129],[140.41404,35.78532],[140.40749,35.78653],[140.40225,35.78333],[140.40294,35.77485]]]}},{"type":"Feature","properties":{"code":"12349","name":"香取郡東庄町","pref":"千葉県","pref_code":"12","cx":140.67651,"cy":35.81083,"bbox":[140.6241,35.76541,140.7207,35.85571]},"geometry":{"type":"Polygon","coordinates":[[[140.7207,35.81347],[140.71723,35.82277],[140.70658,35.83626],[140.68684,35.84776],[140.66639,35.8532],[140.64783,35.85571],[140.64466,35.84658],[140.64811,35.84215],[140.65065,35.82735],[140.64182,35.82497],[140.64449,35.81422],[140.63432,35.80819],[140.63391,35.80284],[140.6241,35.80045],[140.62457,35.79367],[140.62961,35.79466],[140.63841,35.78589],[140.6548,35.78824],[140.66191,35.7749],[140.67067,35.76541],[140.67326,35.77175],[140.68334,35.77766],[140.68734,35.78286],[140.69176,35.78131],[140.69959,35.77424],[140.70427,35.77938],[140.70488,35.78377],[140.69962,35.78547],[140.69978,35.79283],[140.69027,35.79445],[140.69278,35.80436],[140.70274,35.80613],[140.7207,35.81347]]]}},{"type":"Feature","properties":{"code":"12403","name":"山武郡九十九里町","pref":"千葉県","pref_code":"12","cx":140.44014,"cy":35.53446,"bbox":[140.39142,35.49814,140.47009,35.56998]},"geometry":{"type":"Polygon","coordinates":[[[140.40412,35.50919],[140.43048,35.49814],[140.44755,35.52209],[140.45855,35.53364],[140.46379,35.53528],[140.47009,35.54721],[140.46344,35.55106],[140.44726,35.56389],[140.43661,35.56998],[140.43501,35.5677],[140.43269,35.56043],[140.42851,35.55771],[140.42728,35.55141],[140.42207,35.54713],[140.41918,35.53949],[140.41909,35.53277],[140.41509,35.52711],[140.40937,35.52999],[140.40041,35.52862],[140.3963,35.53249],[140.39142,35.52667],[140.41038,35.51864],[140.40412,35.50919]]]}},{"type":"Feature","properties":{"code":"12409","name":"山武郡芝山町","pref":"千葉県","pref_code":"12","cx":140.41022,"cy":35.72459,"bbox":[140.36586,35.67504,140.45505,35.77485]},"geometry":{"type":"Polygon","coordinates":[[[140.36787,35.73125],[140.36586,35.72591],[140.37595,35.72078],[140.37873,35.71443],[140.38541,35.71256],[140.38239,35.70362],[140.37302,35.70085],[140.37848,35.6943],[140.38517,35.68964],[140.39977,35.68992],[140.39981,35.68045],[140.41255,35.67504],[140.41654,35.67948],[140.4172,35.68174],[140.43519,35.69249],[140.44579,35.69723],[140.45505,35.69898],[140.45423,35.70588],[140.44999,35.7061],[140.44814,35.71287],[140.44328,35.71245],[140.43777,35.71801],[140.42946,35.72156],[140.43597,35.73094],[140.43535,35.7354],[140.42832,35.75096],[140.42453,35.75465],[140.42326,35.76071],[140.42508,35.76991],[140.42115,35.77328],[140.4153,35.77376],[140.40643,35.77024],[140.40294,35.77485],[140.3964,35.77244],[140.39347,35.76789],[140.3998,35.76339],[140.39586,35.75671],[140.40195,35.75333],[140.39964,35.74207],[140.38504,35.74072],[140.38676,35.73146],[140.39328,35.72773],[140.38702,35.72327],[140.37941,35.72874],[140.37668,35.7379],[140.36805,35.73941],[140.36787,35.73125]]]}},{"type":"Feature","properties":{"code":"12410","name":"山武郡横芝光町","pref":"千葉県","pref_code":"12","cx":140.49824,"cy":35.66337,"bbox":[140.41654,35.60212,140.55944,35.72178]},"geometry":{"type":"Polygon","coordinates":[[[140.48647,35.72125],[140.48097,35.72178],[140.47937,35.71516],[140.47553,35.71108],[140.46801,35.69814],[140.46609,35.69201],[140.46105,35.69129],[140.45965,35.69722],[140.45505,35.69898],[140.44579,35.69723],[140.43519,35.69249],[140.4172,35.68174],[140.41654,35.67948],[140.42369,35.68006],[140.43189,35.67749],[140.43569,35.67216],[140.43549,35.66711],[140.44391,35.66152],[140.45072,35.66604],[140.46662,35.6598],[140.47092,35.65635],[140.47897,35.65419],[140.46613,35.64377],[140.47563,35.63707],[140.4878,35.63082],[140.49537,35.63678],[140.5009,35.62865],[140.49175,35.62176],[140.49024,35.61702],[140.49659,35.61028],[140.50682,35.61706],[140.51552,35.61123],[140.52562,35.60212],[140.55944,35.6279],[140.54776,35.6391],[140.54458,35.63947],[140.53385,35.65088],[140.52986,35.65717],[140.54169,35.66523],[140.53834,35.66968],[140.52396,35.67886],[140.5162,35.67371],[140.51441,35.68376],[140.50426,35.68594],[140.49913,35.69821],[140.50266,35.70602],[140.48703,35.71881],[140.48647,35.72125]]]}},{"type":"Feature","properties":{"code":"12421","name":"長生郡一宮町","pref":"千葉県","pref_code":"12","cx":140.36844,"cy":35.36444,"bbox":[140.34193,35.32924,140.39765,35.3904]},"geometry":{"type":"Polygon","coordinates":[[[140.39765,35.33051],[140.39503,35.33537],[140.39192,35.35441],[140.39127,35.37807],[140.39234,35.38306],[140.38805,35.38514],[140.38829,35.3904],[140.37865,35.38747],[140.3765,35.38996],[140.36527,35.38925],[140.36413,35.38565],[140.35749,35.38167],[140.35098,35.38094],[140.34534,35.3726],[140.3483,35.3691],[140.34216,35.35978],[140.34425,35.35352],[140.34193,35.34538],[140.3533,35.34573],[140.36615,35.34242],[140.37445,35.34273],[140.37216,35.32924],[140.38289,35.33025],[140.38783,35.33475],[140.39303,35.33067],[140.39765,35.33051]]]}},{"type":"Feature","properties":{"code":"12422","name":"長生郡睦沢町","pref":"千葉県","pref_code":"12","cx":140.30584,"cy":35.35225,"bbox":[140.25126,35.31339,140.35098,35.39211]},"geometry":{"type":"Polygon","coordinates":[[[140.30797,35.38222],[140.30597,35.37707],[140.31021,35.3679],[140.30502,35.3616],[140.29991,35.36353],[140.29075,35.36067],[140.28299,35.36057],[140.26966,35.35615],[140.26718,35.35098],[140.25764,35.33926],[140.25214,35.33702],[140.25289,35.32889],[140.25126,35.32442],[140.25302,35.31788],[140.25925,35.31825],[140.26263,35.31358],[140.27128,35.31339],[140.27774,35.31896],[140.28909,35.32136],[140.29428,35.33336],[140.30115,35.3378],[140.30679,35.33747],[140.31807,35.34571],[140.32669,35.34364],[140.34193,35.34538],[140.34425,35.35352],[140.34216,35.35978],[140.3483,35.3691],[140.34534,35.3726],[140.35098,35.38094],[140.34143,35.3864],[140.34049,35.39211],[140.33252,35.38743],[140.32076,35.392],[140.31221,35.39141],[140.30797,35.38222]]]}},{"type":"Feature","properties":{"code":"12423","name":"長生郡長生村","pref":"千葉県","pref_code":"12","cx":140.35742,"cy":35.40554,"bbox":[140.31581,35.38094,140.39703,35.43364]},"geometry":{"type":"Polygon","coordinates":[[[140.32076,35.392],[140.33252,35.38743],[140.34049,35.39211],[140.34143,35.3864],[140.35098,35.38094],[140.35749,35.38167],[140.36413,35.38565],[140.36527,35.38925],[140.3765,35.38996],[140.37865,35.38747],[140.38829,35.3904],[140.38805,35.38514],[140.39234,35.38306],[140.39229,35.39682],[140.39703,35.41877],[140.37988,35.42172],[140.37382,35.42409],[140.37453,35.43074],[140.36436,35.43364],[140.34813,35.43364],[140.34662,35.42874],[140.34192,35.4286],[140.32961,35.41978],[140.32399,35.41828],[140.32551,35.40783],[140.31581,35.40324],[140.32076,35.392]]]}},{"type":"Feature","properties":{"code":"12424","name":"長生郡白子町","pref":"千葉県","pref_code":"12","cx":140.37378,"cy":35.4481,"bbox":[140.34009,35.41877,140.41592,35.47676]},"geometry":{"type":"Polygon","coordinates":[[[140.34813,35.43364],[140.36436,35.43364],[140.37453,35.43074],[140.37382,35.42409],[140.37988,35.42172],[140.39703,35.41877],[140.40412,35.443],[140.41592,35.47162],[140.4014,35.4748],[140.38614,35.47676],[140.38136,35.47549],[140.37761,35.46861],[140.37297,35.46925],[140.36963,35.47431],[140.36341,35.47415],[140.36106,35.4664],[140.35602,35.46253],[140.35044,35.46167],[140.35005,35.45556],[140.34234,35.45321],[140.34009,35.44178],[140.34049,35.43629],[140.34813,35.43364]]]}},{"type":"Feature","properties":{"code":"12426","name":"長生郡長柄町","pref":"千葉県","pref_code":"12","cx":140.21743,"cy":35.43818,"bbox":[140.1706,35.39094,140.25975,35.48674]},"geometry":{"type":"Polygon","coordinates":[[[140.24849,35.48175],[140.23999,35.4826],[140.23703,35.48024],[140.22404,35.48528],[140.21153,35.48674],[140.2063,35.48469],[140.2016,35.47463],[140.19439,35.46984],[140.18609,35.47385],[140.18394,35.46913],[140.17406,35.46901],[140.17454,35.46054],[140.1706,35.45654],[140.18653,35.44793],[140.18457,35.4373],[140.17922,35.43518],[140.17475,35.43018],[140.18225,35.4206],[140.18085,35.41544],[140.19023,35.40739],[140.18858,35.40418],[140.19527,35.39212],[140.20014,35.39094],[140.19732,35.3984],[140.20147,35.40438],[140.21024,35.40292],[140.21374,35.40957],[140.21184,35.41209],[140.21509,35.41853],[140.22716,35.41929],[140.23863,35.42677],[140.25829,35.42744],[140.25975,35.42505],[140.25769,35.43296],[140.24885,35.43906],[140.24728,35.45096],[140.24977,35.46597],[140.25351,35.46968],[140.24912,35.47568],[140.24849,35.48175]]]}},{"type":"Feature","properties":{"code":"12427","name":"長生郡長南町","pref":"千葉県","pref_code":"12","cx":140.25317,"cy":35.37359,"bbox":[140.19732,35.31673,140.31021,35.42744]},"geometry":{"type":"Polygon","coordinates":[[[140.25975,35.42505],[140.25829,35.42744],[140.23863,35.42677],[140.22716,35.41929],[140.21509,35.41853],[140.21184,35.41209],[140.21374,35.40957],[140.21024,35.40292],[140.20147,35.40438],[140.19732,35.3984],[140.20014,35.39094],[140.20687,35.37872],[140.19979,35.37781],[140.19792,35.37011],[140.20156,35.3661],[140.20936,35.36562],[140.20585,35.3597],[140.20911,35.34637],[140.21384,35.34021],[140.21255,35.33356],[140.22008,35.32782],[140.22525,35.31673],[140.23357,35.32333],[140.24014,35.324],[140.24629,35.32715],[140.25126,35.32442],[140.25289,35.32889],[140.25214,35.33702],[140.25764,35.33926],[140.26718,35.35098],[140.26966,35.35615],[140.28299,35.36057],[140.29075,35.36067],[140.29991,35.36353],[140.30502,35.3616],[140.31021,35.3679],[140.30597,35.37707],[140.30797,35.38222],[140.29805,35.37947],[140.27695,35.38289],[140.27582,35.39257],[140.27984,35.39647],[140.27777,35.40324],[140.26075,35.39671],[140.25728,35.39894],[140.25373,35.4073],[140.26047,35.4113],[140.26257,35.42107],[140.25975,35.42505]]]}},{"type":"Feature","properties":{"code":"12441","name":"夷隅郡大多喜町","pref":"千葉県","pref_code":"12","cx":140.2159,"cy":35.24623,"bbox":[140.13935,35.16669,140.28622,35.32715]},"geometry":{"type":"Polygon","coordinates":[[[140.28102,35.24242],[140.28056,35.2504],[140.28622,35.25561],[140.27898,35.26152],[140.27856,35.2653],[140.27184,35.27021],[140.26752,35.26935],[140.25898,35.27204],[140.25466,35.27966],[140.25999,35.28416],[140.26617,35.28403],[140.27661,35.29618],[140.27128,35.31339],[140.26263,35.31358],[140.25925,35.31825],[140.25302,35.31788],[140.25126,35.32442],[140.24629,35.32715],[140.24014,35.324],[140.23357,35.32333],[140.22525,35.31673],[140.22738,35.31087],[140.22554,35.3068],[140.21249,35.30183],[140.20066,35.30641],[140.19876,35.29897],[140.20423,35.2938],[140.20282,35.28771],[140.19687,35.28448],[140.18933,35.27695],[140.18512,35.27788],[140.17793,35.27461],[140.17489,35.26493],[140.17581,35.25948],[140.17125,35.25526],[140.1627,35.25516],[140.15241,35.25004],[140.14873,35.24013],[140.1429,35.23624],[140.14124,35.23121],[140.13935,35.22787],[140.14366,35.21773],[140.15241,35.2062],[140.15323,35.19974],[140.15977,35.18985],[140.16127,35.18124],[140.16153,35.17431],[140.16604,35.17054],[140.17498,35.16669],[140.18792,35.17018],[140.18895,35.17574],[140.19873,35.17791],[140.20063,35.18338],[140.20538,35.18411],[140.21286,35.17975],[140.22176,35.18673],[140.22748,35.1863],[140.231,35.18112],[140.23834,35.1801],[140.24588,35.19237],[140.2444,35.20091],[140.24562,35.21408],[140.25041,35.21634],[140.25917,35.22753],[140.25173,35.23307],[140.27059,35.23438],[140.27387,35.23919],[140.28102,35.24242]]]}},{"type":"Feature","properties":{"code":"12443","name":"夷隅郡御宿町","pref":"千葉県","pref_code":"12","cx":140.3413,"cy":35.19704,"bbox":[140.30346,35.17432,140.38478,35.21975]},"geometry":{"type":"Polygon","coordinates":[[[140.34677,35.17614],[140.34927,35.18014],[140.3594,35.1824],[140.36782,35.17885],[140.37447,35.17965],[140.38444,35.18761],[140.38478,35.19234],[140.37752,35.19778],[140.36803,35.19846],[140.36046,35.20234],[140.36294,35.21816],[140.34887,35.21727],[140.33845,35.21505],[140.33689,35.21911],[140.32354,35.21975],[140.32265,35.21405],[140.31791,35.21456],[140.30828,35.2081],[140.3083,35.20188],[140.30346,35.1963],[140.30542,35.19022],[140.31033,35.18956],[140.31584,35.1767],[140.32401,35.17432],[140.33214,35.17751],[140.33923,35.17545],[140.34677,35.17614]]]}},{"type":"Feature","properties":{"code":"12463","name":"安房郡鋸南町","pref":"千葉県","pref_code":"12","cx":139.88452,"cy":35.13373,"bbox":[139.81815,35.09971,139.93159,35.1643]},"geometry":{"type":"Polygon","coordinates":[[[139.93159,35.1393],[139.91222,35.14135],[139.90212,35.1509],[139.90031,35.15624],[139.89472,35.15608],[139.88717,35.15966],[139.8708,35.15657],[139.86752,35.16043],[139.85953,35.16112],[139.85413,35.1643],[139.83809,35.15923],[139.82868,35.15855],[139.81815,35.15488],[139.82816,35.15138],[139.82998,35.14534],[139.83672,35.13805],[139.83895,35.12941],[139.83155,35.12322],[139.83169,35.12001],[139.82469,35.11339],[139.82834,35.09971],[139.84375,35.10014],[139.85568,35.10799],[139.86213,35.10737],[139.8692,35.11095],[139.88035,35.10911],[139.88809,35.1095],[139.90068,35.11408],[139.9131,35.1149],[139.91855,35.11339],[139.92433,35.11778],[139.92602,35.12696],[139.93087,35.12865],[139.93159,35.1393]]]}},{"type":"Feature","properties":{"code":"13101","name":"千代田区","pref":"東京都","pref_code":"13","cx":139.75056,"cy":35.6881,"bbox":[139.73001,35.66962,139.78266,35.70535]},"geometry":{"type":"Polygon","coordinates":[[[139.77301,35.7049],[139.77014,35.70535],[139.76989,35.70337],[139.76806,35.70347],[139.7664,35.70178],[139.7685,35.70014],[139.76602,35.69964],[139.76346,35.70033],[139.7613,35.70159],[139.7572,35.70172],[139.74972,35.70303],[139.74587,35.70291],[139.73628,35.69219],[139.73166,35.68962],[139.73001,35.68538],[139.7315,35.6815],[139.73383,35.67888],[139.73678,35.67887],[139.73906,35.67403],[139.74321,35.67143],[139.74665,35.67047],[139.7478,35.66962],[139.74996,35.67083],[139.75432,35.6699],[139.76368,35.67251],[139.77032,35.67841],[139.7709,35.68451],[139.76968,35.68691],[139.77043,35.6893],[139.78023,35.69298],[139.78259,35.69472],[139.78266,35.69786],[139.77998,35.69808],[139.78039,35.70033],[139.77664,35.70062],[139.77317,35.70188],[139.77301,35.7049]]]}},{"type":"Feature","properties":{"code":"13102","name":"中央区","pref":"東京都","pref_code":"13","cx":139.77304,"cy":35.67109,"bbox":[139.75432,35.64604,139.79264,35.69657]},"geometry":{"type":"Polygon","coordinates":[[[139.75432,35.6699],[139.75807,35.66867],[139.75788,35.6667],[139.759,35.659],[139.76457,35.65617],[139.76721,35.65812],[139.77065,35.65494],[139.76964,35.65426],[139.76724,35.65521],[139.76731,35.65105],[139.76836,35.65037],[139.77163,35.65259],[139.77276,35.65148],[139.76949,35.64927],[139.77279,35.64604],[139.78853,35.65618],[139.78959,35.65626],[139.78907,35.66564],[139.78717,35.67228],[139.78786,35.67698],[139.79186,35.68257],[139.79264,35.68437],[139.79237,35.68711],[139.78915,35.69103],[139.78892,35.6947],[139.78254,35.69657],[139.78259,35.69472],[139.78023,35.69298],[139.77043,35.6893],[139.76968,35.68691],[139.7709,35.68451],[139.77032,35.67841],[139.76368,35.67251],[139.75432,35.6699]]]}},{"type":"Feature","properties":{"code":"13103","name":"港区","pref":"東京都","pref_code":"13","cx":139.74243,"cy":35.6531,"bbox":[139.70856,35.62314,139.78238,35.68281]},"geometry":{"type":"MultiPolygon","coordinates":[[[[139.75941,35.628],[139.7592,35.6336],[139.75526,35.63361],[139.75401,35.63092],[139.75351,35.62405],[139.75755,35.62409],[139.75743,35.62793],[139.75941,35.628]]],[[[139.78238,35.62951],[139.77701,35.63609],[139.77478,35.63483],[139.7771,35.63227],[139.77717,35.63142],[139.76873,35.62644],[139.77135,35.62314],[139.78238,35.62951]]],[[[139.7315,35.6815],[139.72846,35.68281],[139.72675,35.67929],[139.72493,35.67935],[139.71958,35.67831],[139.71995,35.67532],[139.71948,35.6745],[139.71493,35.67299],[139.71381,35.66935],[139.70856,35.66407],[139.71379,35.65976],[139.71288,35.65845],[139.71498,35.65714],[139.71805,35.65698],[139.72253,35.65552],[139.72157,35.65383],[139.72356,35.6467],[139.72249,35.6444],[139.72132,35.64441],[139.7192,35.64185],[139.7169,35.63996],[139.71668,35.63826],[139.71996,35.63458],[139.72221,35.63598],[139.726,35.63503],[139.72685,35.63427],[139.72672,35.63221],[139.7287,35.63208],[139.73065,35.6307],[139.73152,35.62871],[139.73123,35.62633],[139.73395,35.62611],[139.7354,35.6232],[139.73779,35.62453],[139.74333,35.62513],[139.74443,35.62339],[139.74677,35.62324],[139.75025,35.62482],[139.75199,35.62634],[139.75263,35.63442],[139.75484,35.63881],[139.75553,35.63905],[139.75965,35.63678],[139.76043,35.63678],[139.76035,35.64498],[139.75908,35.64497],[139.76134,35.65236],[139.7625,35.65188],[139.76457,35.65617],[139.759,35.659],[139.75788,35.6667],[139.75807,35.66867],[139.74996,35.67083],[139.7478,35.66962],[139.74665,35.67047],[139.74321,35.67143],[139.73906,35.67403],[139.73678,35.67887],[139.73383,35.67888],[139.7315,35.6815]]]]}},{"type":"Feature","properties":{"code":"13104","name":"新宿区","pref":"東京都","pref_code":"13","cx":139.71585,"cy":35.70056,"bbox":[139.67358,35.67343,139.74587,35.72937]},"geometry":{"type":"Polygon","coordinates":[[[139.74587,35.70291],[139.74485,35.70362],[139.7434,35.70774],[139.74281,35.70813],[139.73585,35.70918],[139.73542,35.70822],[139.73245,35.70739],[139.73184,35.70927],[139.72599,35.70921],[139.72326,35.71041],[139.72251,35.71227],[139.71441,35.71318],[139.71211,35.71476],[139.71042,35.71346],[139.70735,35.71385],[139.70588,35.71344],[139.70456,35.71588],[139.70594,35.71885],[139.70487,35.72044],[139.7046,35.72301],[139.69982,35.72355],[139.69897,35.72243],[139.69493,35.72183],[139.68665,35.72272],[139.68441,35.72251],[139.68272,35.72364],[139.68135,35.72704],[139.67734,35.72937],[139.67519,35.72371],[139.67576,35.72195],[139.67368,35.72026],[139.67358,35.71862],[139.67641,35.71966],[139.67969,35.71637],[139.67988,35.71419],[139.68145,35.71401],[139.68162,35.71221],[139.68034,35.71126],[139.68278,35.71012],[139.69008,35.71148],[139.69433,35.71104],[139.69308,35.70963],[139.68869,35.70734],[139.68759,35.7045],[139.68745,35.70178],[139.68841,35.69933],[139.68399,35.69199],[139.68482,35.69142],[139.68322,35.68872],[139.68419,35.68756],[139.68565,35.68379],[139.68767,35.68159],[139.69503,35.68665],[139.7021,35.68917],[139.70271,35.68777],[139.70578,35.68805],[139.70711,35.68615],[139.70741,35.68446],[139.71141,35.68337],[139.71479,35.68086],[139.71291,35.67729],[139.71289,35.67462],[139.71486,35.67508],[139.71656,35.67343],[139.71948,35.6745],[139.71995,35.67532],[139.71958,35.67831],[139.72493,35.67935],[139.72675,35.67929],[139.72846,35.68281],[139.7315,35.6815],[139.73001,35.68538],[139.73166,35.68962],[139.73628,35.69219],[139.74587,35.70291]]]}},{"type":"Feature","properties":{"code":"13105","name":"文京区","pref":"東京都","pref_code":"13","cx":139.7423,"cy":35.71718,"bbox":[139.71761,35.69964,139.77124,35.73586]},"geometry":{"type":"Polygon","coordinates":[[[139.77014,35.70535],[139.77016,35.70743],[139.77124,35.70899],[139.76662,35.70871],[139.76765,35.71102],[139.76763,35.71297],[139.76568,35.71359],[139.766,35.71659],[139.76715,35.71824],[139.76326,35.72187],[139.76492,35.72722],[139.76279,35.73075],[139.76094,35.73221],[139.75994,35.73158],[139.75362,35.73516],[139.75276,35.73506],[139.74919,35.73287],[139.74504,35.73586],[139.74245,35.73379],[139.74341,35.73283],[139.74086,35.73036],[139.73887,35.73162],[139.73597,35.72935],[139.73739,35.7269],[139.73415,35.72558],[139.73197,35.7241],[139.72649,35.72705],[139.72481,35.72664],[139.72275,35.72515],[139.72345,35.7224],[139.72472,35.72001],[139.72272,35.71897],[139.71832,35.71776],[139.71761,35.7145],[139.71981,35.71399],[139.72251,35.71227],[139.72326,35.71041],[139.72599,35.70921],[139.73184,35.70927],[139.73245,35.70739],[139.73542,35.70822],[139.73585,35.70918],[139.74281,35.70813],[139.7434,35.70774],[139.74485,35.70362],[139.74587,35.70291],[139.74972,35.70303],[139.7572,35.70172],[139.7613,35.70159],[139.76346,35.70033],[139.76602,35.69964],[139.7685,35.70014],[139.7664,35.70178],[139.76806,35.70347],[139.76989,35.70337],[139.77014,35.70535]]]}},{"type":"Feature","properties":{"code":"13106","name":"台東区","pref":"東京都","pref_code":"13","cx":139.78443,"cy":35.71199,"bbox":[139.76279,35.6947,139.80972,35.73122]},"geometry":{"type":"Polygon","coordinates":[[[139.78254,35.69657],[139.78892,35.6947],[139.79348,35.70122],[139.79702,35.70778],[139.80664,35.71743],[139.80843,35.72037],[139.80972,35.72813],[139.80143,35.72925],[139.79507,35.72897],[139.79444,35.73023],[139.79121,35.73122],[139.78946,35.72874],[139.78776,35.72797],[139.78446,35.72786],[139.78223,35.72613],[139.78146,35.72462],[139.77674,35.72494],[139.77517,35.72612],[139.76977,35.72813],[139.76605,35.72753],[139.76475,35.73014],[139.76279,35.73075],[139.76492,35.72722],[139.76326,35.72187],[139.76715,35.71824],[139.766,35.71659],[139.76568,35.71359],[139.76763,35.71297],[139.76765,35.71102],[139.76662,35.70871],[139.77124,35.70899],[139.77016,35.70743],[139.77014,35.70535],[139.77301,35.7049],[139.77317,35.70188],[139.77664,35.70062],[139.78039,35.70033],[139.77998,35.69808],[139.78266,35.69786],[139.78254,35.69657]]]}},{"type":"Feature","properties":{"code":"13107","name":"墨田区","pref":"東京都","pref_code":"13","cx":139.81875,"cy":35.71489,"bbox":[139.78892,35.68678,139.84215,35.74343]},"geometry":{"type":"Polygon","coordinates":[[[139.7904,35.68929],[139.79348,35.69081],[139.79639,35.68975],[139.79917,35.68972],[139.80049,35.6883],[139.80481,35.6885],[139.805,35.68678],[139.80947,35.68699],[139.80938,35.68844],[139.81188,35.68856],[139.81147,35.69191],[139.81339,35.69267],[139.81969,35.69303],[139.81869,35.70801],[139.83068,35.70301],[139.8354,35.70302],[139.83439,35.70473],[139.83564,35.70669],[139.8395,35.70981],[139.83931,35.71087],[139.83597,35.7122],[139.83363,35.71402],[139.83316,35.71576],[139.8355,35.71787],[139.83905,35.71711],[139.84215,35.71931],[139.82977,35.73118],[139.82382,35.73771],[139.82036,35.74343],[139.81658,35.74146],[139.8145,35.7388],[139.81415,35.73621],[139.81139,35.73298],[139.80972,35.72813],[139.80843,35.72037],[139.80664,35.71743],[139.79702,35.70778],[139.79348,35.70122],[139.78995,35.69671],[139.78892,35.6947],[139.78915,35.69103],[139.7904,35.68929]]]}},{"type":"Feature","properties":{"code":"13108","name":"江東区","pref":"東京都","pref_code":"13","cx":139.81761,"cy":35.66123,"bbox":[139.77135,35.59218,139.84823,35.70801]},"geometry":{"type":"MultiPolygon","coordinates":[[[[139.79448,35.59218],[139.80443,35.59764],[139.80378,35.59842],[139.79343,35.5928],[139.79448,35.59218]]],[[[139.8102,35.59376],[139.81112,35.59426],[139.80787,35.59825],[139.80887,35.59878],[139.81186,35.5951],[139.81701,35.59789],[139.81523,35.60007],[139.82057,35.60297],[139.81953,35.60457],[139.82146,35.60562],[139.82032,35.6074],[139.8056,35.59941],[139.81032,35.59426],[139.8102,35.59376]]],[[[139.81727,35.60973],[139.81059,35.61318],[139.79895,35.60687],[139.79855,35.60707],[139.79026,35.59545],[139.79215,35.59425],[139.8187,35.60867],[139.81727,35.60973]]],[[[139.79763,35.61738],[139.79792,35.61773],[139.78988,35.62762],[139.78529,35.62513],[139.79438,35.61394],[139.79763,35.61738]]],[[[139.77135,35.62314],[139.77344,35.62027],[139.77317,35.6185],[139.78673,35.60184],[139.79263,35.60958],[139.78099,35.62388],[139.78495,35.62635],[139.78238,35.62951],[139.77135,35.62314]]],[[[139.84012,35.63116],[139.83701,35.63177],[139.82585,35.6307],[139.82742,35.6198],[139.82941,35.61999],[139.83171,35.62124],[139.83294,35.61974],[139.83063,35.61849],[139.83552,35.61249],[139.83868,35.61421],[139.84012,35.63116]]],[[[139.82481,35.63967],[139.82616,35.64263],[139.82296,35.64168],[139.82044,35.63909],[139.82116,35.63406],[139.82555,35.63448],[139.82512,35.63746],[139.83277,35.63821],[139.83295,35.64036],[139.82481,35.63967]]],[[[139.78247,35.639],[139.79014,35.64313],[139.78989,35.64352],[139.78227,35.63938],[139.78247,35.639]]],[[[139.78959,35.65626],[139.79242,35.65293],[139.77613,35.64241],[139.7788,35.63936],[139.78016,35.63935],[139.7947,35.64722],[139.79483,35.65043],[139.79767,35.64774],[139.79809,35.64474],[139.79588,35.64312],[139.79444,35.6449],[139.78437,35.63944],[139.78263,35.63769],[139.78108,35.63873],[139.77886,35.63709],[139.7873,35.62727],[139.79202,35.62987],[139.79857,35.62182],[139.80219,35.62622],[139.80033,35.63106],[139.80149,35.63281],[139.80137,35.63636],[139.80699,35.6369],[139.80604,35.64488],[139.80861,35.64488],[139.80772,35.64334],[139.80812,35.64046],[139.82042,35.64163],[139.82167,35.64294],[139.83448,35.64407],[139.83368,35.63463],[139.82125,35.63344],[139.82167,35.63198],[139.84025,35.63389],[139.84173,35.65075],[139.84296,35.65682],[139.84554,35.65672],[139.84689,35.67385],[139.84823,35.67913],[139.84551,35.68129],[139.84759,35.68809],[139.84771,35.69497],[139.84511,35.69856],[139.84381,35.69954],[139.8354,35.70302],[139.83068,35.70301],[139.81869,35.70801],[139.81969,35.69303],[139.81339,35.69267],[139.81147,35.69191],[139.81188,35.68856],[139.80938,35.68844],[139.80947,35.68699],[139.805,35.68678],[139.80481,35.6885],[139.80049,35.6883],[139.79917,35.68972],[139.79639,35.68975],[139.79348,35.69081],[139.7904,35.68929],[139.79237,35.68711],[139.79264,35.68437],[139.79186,35.68257],[139.78786,35.67698],[139.78717,35.67228],[139.78907,35.66564],[139.78959,35.65626]]]]}},{"type":"Feature","properties":{"code":"13109","name":"品川区","pref":"東京都","pref_code":"13","cx":139.72421,"cy":35.61473,"bbox":[139.69539,35.58493,139.77344,35.64185]},"geometry":{"type":"MultiPolygon","coordinates":[[[[139.77315,35.59576],[139.76348,35.60872],[139.76388,35.60892],[139.76195,35.61465],[139.75799,35.61768],[139.75302,35.61765],[139.75175,35.60467],[139.74908,35.60071],[139.74868,35.59534],[139.74911,35.59219],[139.75018,35.59135],[139.74947,35.58886],[139.75027,35.58935],[139.75601,35.58925],[139.75597,35.58493],[139.76257,35.58501],[139.76287,35.58972],[139.76256,35.59461],[139.76542,35.59448],[139.7668,35.59257],[139.77315,35.59576]]],[[[139.76873,35.62644],[139.76759,35.62579],[139.76766,35.62208],[139.77063,35.61874],[139.77344,35.62027],[139.76873,35.62644]]],[[[139.75351,35.62405],[139.75313,35.61899],[139.75975,35.61935],[139.75941,35.628],[139.75743,35.62793],[139.75755,35.62409],[139.75351,35.62405]]],[[[139.7192,35.64185],[139.71764,35.64166],[139.71534,35.64038],[139.71461,35.63857],[139.71323,35.63755],[139.7144,35.63428],[139.71463,35.62905],[139.70907,35.62638],[139.7075,35.6262],[139.70402,35.62471],[139.70147,35.6259],[139.69848,35.62561],[139.69677,35.62459],[139.70164,35.62315],[139.70245,35.62249],[139.70238,35.62013],[139.69816,35.61528],[139.69638,35.61418],[139.69558,35.61228],[139.69539,35.60749],[139.69821,35.60358],[139.70107,35.60141],[139.71164,35.60067],[139.71444,35.59999],[139.71534,35.59692],[139.71737,35.59638],[139.71895,35.59283],[139.72033,35.5924],[139.72109,35.59429],[139.72824,35.59438],[139.7289,35.59271],[139.73055,35.59216],[139.72893,35.58883],[139.73011,35.58737],[139.73587,35.58737],[139.74654,35.59017],[139.74772,35.60272],[139.74848,35.60282],[139.75058,35.606],[139.75183,35.62475],[139.75025,35.62482],[139.74677,35.62324],[139.74443,35.62339],[139.74333,35.62513],[139.73779,35.62453],[139.7354,35.6232],[139.73395,35.62611],[139.73123,35.62633],[139.73152,35.62871],[139.73065,35.6307],[139.7287,35.63208],[139.72672,35.63221],[139.72685,35.63427],[139.726,35.63503],[139.72221,35.63598],[139.71996,35.63458],[139.71668,35.63826],[139.7169,35.63996],[139.7192,35.64185]]]]}},{"type":"Feature","properties":{"code":"13110","name":"目黒区","pref":"東京都","pref_code":"13","cx":139.69894,"cy":35.6331,"bbox":[139.66148,35.60067,139.71764,35.66388]},"geometry":{"type":"Polygon","coordinates":[[[139.71764,35.64166],[139.71524,35.64262],[139.70862,35.64201],[139.6987,35.64886],[139.69289,35.65396],[139.68733,35.66157],[139.68527,35.66259],[139.67966,35.66382],[139.675,35.66388],[139.67624,35.66149],[139.6795,35.65733],[139.68316,35.65373],[139.68459,35.65135],[139.68391,35.6492],[139.68472,35.64578],[139.6843,35.64377],[139.68608,35.64054],[139.68609,35.63804],[139.68424,35.63425],[139.68204,35.63113],[139.67983,35.62622],[139.67797,35.62535],[139.6764,35.62725],[139.67199,35.62971],[139.66385,35.63194],[139.66148,35.63171],[139.66226,35.63023],[139.66181,35.62748],[139.66349,35.6267],[139.66382,35.62432],[139.66562,35.62176],[139.6665,35.61853],[139.66477,35.61827],[139.66487,35.61673],[139.66322,35.61566],[139.66341,35.60853],[139.66511,35.60749],[139.66851,35.60651],[139.67325,35.60815],[139.67726,35.60794],[139.6793,35.60558],[139.68026,35.60289],[139.68028,35.60067],[139.68073,35.60308],[139.68191,35.60574],[139.68476,35.60534],[139.6847,35.60935],[139.684,35.61309],[139.68613,35.61168],[139.6913,35.61093],[139.69383,35.60927],[139.69539,35.60749],[139.69558,35.61228],[139.69638,35.61418],[139.69816,35.61528],[139.70238,35.62013],[139.70245,35.62249],[139.70164,35.62315],[139.69677,35.62459],[139.69848,35.62561],[139.70147,35.6259],[139.70402,35.62471],[139.7075,35.6262],[139.70907,35.62638],[139.71463,35.62905],[139.7144,35.63428],[139.71323,35.63755],[139.71461,35.63857],[139.71534,35.64038],[139.71764,35.64166]]]}},{"type":"Feature","properties":{"code":"13111","name":"大田区","pref":"東京都","pref_code":"13","cx":139.71432,"cy":35.57252,"bbox":[139.65297,35.5282,139.82603,35.61309]},"geometry":{"type":"MultiPolygon","coordinates":[[[[139.81667,35.53326],[139.82603,35.54157],[139.82309,35.54384],[139.8198,35.54238],[139.80709,35.53111],[139.81096,35.5282],[139.81667,35.53326]]],[[[139.76423,35.575],[139.76361,35.57444],[139.75761,35.57446],[139.75714,35.5715],[139.75848,35.56844],[139.76561,35.5649],[139.77347,35.57488],[139.76423,35.575]]],[[[139.74947,35.58886],[139.75407,35.57834],[139.75592,35.57707],[139.76248,35.57716],[139.76403,35.57802],[139.76756,35.58147],[139.76909,35.58021],[139.76669,35.57714],[139.78301,35.5771],[139.78497,35.57763],[139.78753,35.58002],[139.77853,35.58648],[139.77716,35.58523],[139.77549,35.58518],[139.77318,35.58687],[139.77678,35.59029],[139.77288,35.59551],[139.77315,35.59576],[139.7668,35.59257],[139.76542,35.59448],[139.76256,35.59461],[139.76287,35.58972],[139.76257,35.58501],[139.75597,35.58493],[139.75601,35.58925],[139.75027,35.58935],[139.74947,35.58886]]],[[[139.79448,35.59218],[139.80583,35.58545],[139.81171,35.58864],[139.80443,35.59764],[139.79448,35.59218]]],[[[139.69539,35.60749],[139.69383,35.60927],[139.6913,35.61093],[139.68613,35.61168],[139.684,35.61309],[139.6847,35.60935],[139.68476,35.60534],[139.68191,35.60574],[139.68073,35.60308],[139.68028,35.60067],[139.68062,35.59486],[139.67565,35.59179],[139.66967,35.5991],[139.66507,35.59897],[139.66263,35.59843],[139.6599,35.59997],[139.65753,35.59898],[139.65578,35.59647],[139.65381,35.59733],[139.65297,35.59594],[139.65705,35.59342],[139.65514,35.59015],[139.65629,35.58973],[139.66441,35.58957],[139.66729,35.58718],[139.66931,35.58472],[139.67126,35.57852],[139.67641,35.56604],[139.67879,35.56299],[139.68155,35.56119],[139.68609,35.55937],[139.68962,35.55729],[139.69778,35.55613],[139.69987,35.5554],[139.70308,35.55332],[139.70418,35.55183],[139.70353,35.54941],[139.69845,35.5454],[139.69776,35.54376],[139.69794,35.54145],[139.69993,35.53836],[139.70223,35.53703],[139.70574,35.53625],[139.71075,35.53654],[139.7173,35.538],[139.71951,35.53912],[139.72237,35.54151],[139.72611,35.54347],[139.73074,35.54276],[139.73274,35.5412],[139.73464,35.54098],[139.73767,35.54439],[139.73941,35.54512],[139.74678,35.54383],[139.75008,35.54458],[139.75649,35.54455],[139.76808,35.53934],[139.7765,35.53447],[139.77879,35.537],[139.78207,35.53869],[139.78442,35.53538],[139.78654,35.5358],[139.78762,35.53431],[139.79491,35.53214],[139.80917,35.53907],[139.80396,35.54603],[139.80126,35.5483],[139.78544,35.57056],[139.771,35.56897],[139.76373,35.56046],[139.76102,35.56316],[139.75859,35.56437],[139.75568,35.56273],[139.7534,35.56225],[139.75296,35.56338],[139.74978,35.56663],[139.75024,35.56738],[139.75601,35.56854],[139.75636,35.56907],[139.75409,35.57448],[139.75261,35.5755],[139.75069,35.57521],[139.75009,35.5767],[139.75172,35.57724],[139.75194,35.57946],[139.74784,35.58869],[139.74654,35.59017],[139.73587,35.58737],[139.73011,35.58737],[139.72893,35.58883],[139.73055,35.59216],[139.7289,35.59271],[139.72824,35.59438],[139.72109,35.59429],[139.72033,35.5924],[139.71895,35.59283],[139.71737,35.59638],[139.71534,35.59692],[139.71444,35.59999],[139.71164,35.60067],[139.70107,35.60141],[139.69821,35.60358],[139.69539,35.60749]]]]}},{"type":"Feature","properties":{"code":"13112","name":"世田谷区","pref":"東京都","pref_code":"13","cx":139.63605,"cy":35.63603,"bbox":[139.58267,35.59015,139.68609,35.68214]},"geometry":{"type":"Polygon","coordinates":[[[139.675,35.66388],[139.67283,35.6674],[139.67235,35.66998],[139.6727,35.6723],[139.66206,35.67144],[139.66176,35.67252],[139.65512,35.67055],[139.65033,35.6699],[139.64773,35.66843],[139.64128,35.6672],[139.63911,35.66584],[139.6326,35.66808],[139.62505,35.66913],[139.62503,35.67013],[139.62163,35.67265],[139.61248,35.67617],[139.6121,35.67463],[139.61329,35.6729],[139.61656,35.67264],[139.61619,35.6699],[139.61099,35.67009],[139.60878,35.6715],[139.60919,35.67489],[139.60823,35.67644],[139.60326,35.68065],[139.59418,35.68214],[139.59124,35.68162],[139.58773,35.68175],[139.58709,35.68055],[139.58834,35.67893],[139.58678,35.67781],[139.58664,35.67398],[139.58267,35.67378],[139.58454,35.67216],[139.5885,35.67051],[139.58996,35.66663],[139.58771,35.66437],[139.58743,35.66256],[139.58897,35.66245],[139.58975,35.66093],[139.58989,35.65725],[139.59098,35.65532],[139.59233,35.65543],[139.59308,35.65152],[139.59196,35.65136],[139.59206,35.64591],[139.58957,35.64514],[139.58764,35.64617],[139.58659,35.64265],[139.58451,35.64094],[139.58618,35.6371],[139.58779,35.63497],[139.58976,35.63442],[139.59141,35.63306],[139.59127,35.63105],[139.59355,35.62655],[139.59202,35.62363],[139.58994,35.62446],[139.58934,35.62127],[139.59024,35.61843],[139.5931,35.61757],[139.59662,35.6185],[139.60007,35.6184],[139.60474,35.61582],[139.6072,35.61564],[139.60899,35.61648],[139.61219,35.61585],[139.61558,35.61333],[139.61794,35.61388],[139.62397,35.61095],[139.62487,35.60976],[139.63117,35.60724],[139.6318,35.60579],[139.63488,35.60363],[139.63729,35.60282],[139.63989,35.60013],[139.64892,35.59488],[139.65043,35.59258],[139.65514,35.59015],[139.65705,35.59342],[139.65297,35.59594],[139.65381,35.59733],[139.65578,35.59647],[139.65753,35.59898],[139.6599,35.59997],[139.66263,35.59843],[139.66507,35.59897],[139.66967,35.5991],[139.67565,35.59179],[139.68062,35.59486],[139.68026,35.60289],[139.6793,35.60558],[139.67726,35.60794],[139.67325,35.60815],[139.66851,35.60651],[139.66511,35.60749],[139.66341,35.60853],[139.66322,35.61566],[139.66487,35.61673],[139.66477,35.61827],[139.6665,35.61853],[139.66562,35.62176],[139.66382,35.62432],[139.66349,35.6267],[139.66181,35.62748],[139.66226,35.63023],[139.66148,35.63171],[139.66385,35.63194],[139.67199,35.62971],[139.6764,35.62725],[139.67797,35.62535],[139.67983,35.62622],[139.68204,35.63113],[139.68424,35.63425],[139.68609,35.63804],[139.68608,35.64054],[139.6843,35.64377],[139.68472,35.64578],[139.68391,35.6492],[139.68459,35.65135],[139.68316,35.65373],[139.6795,35.65733],[139.67624,35.66149],[139.675,35.66388]]]}},{"type":"Feature","properties":{"code":"13113","name":"渋谷区","pref":"東京都","pref_code":"13","cx":139.69204,"cy":35.66573,"bbox":[139.6616,35.64166,139.72356,35.69199]},"geometry":{"type":"Polygon","coordinates":[[[139.71656,35.67343],[139.71486,35.67508],[139.71289,35.67462],[139.71291,35.67729],[139.71479,35.68086],[139.71141,35.68337],[139.70741,35.68446],[139.70711,35.68615],[139.70578,35.68805],[139.70271,35.68777],[139.7021,35.68917],[139.69503,35.68665],[139.68767,35.68159],[139.68565,35.68379],[139.68419,35.68756],[139.68322,35.68872],[139.68482,35.69142],[139.68399,35.69199],[139.68034,35.6898],[139.67583,35.68586],[139.67506,35.68451],[139.6713,35.68149],[139.66797,35.68002],[139.66539,35.67698],[139.6616,35.67475],[139.66206,35.67144],[139.6727,35.6723],[139.67235,35.66998],[139.67283,35.6674],[139.675,35.66388],[139.67966,35.66382],[139.68527,35.66259],[139.68733,35.66157],[139.69289,35.65396],[139.6987,35.64886],[139.70862,35.64201],[139.71524,35.64262],[139.71764,35.64166],[139.7192,35.64185],[139.72132,35.64441],[139.72249,35.6444],[139.72356,35.6467],[139.72157,35.65383],[139.72253,35.65552],[139.71805,35.65698],[139.71498,35.65714],[139.71288,35.65845],[139.71379,35.65976],[139.70856,35.66407],[139.71381,35.66935],[139.71493,35.67299],[139.71656,35.67343]]]}},{"type":"Feature","properties":{"code":"13114","name":"中野区","pref":"東京都","pref_code":"13","cx":139.67322,"cy":35.70619,"bbox":[139.62433,35.67635,139.69433,35.73529]},"geometry":{"type":"Polygon","coordinates":[[[139.67734,35.72937],[139.67797,35.73068],[139.67468,35.73306],[139.67146,35.73354],[139.67039,35.73233],[139.6647,35.73097],[139.66343,35.72812],[139.66225,35.72692],[139.65645,35.72636],[139.64744,35.72675],[139.6474,35.72549],[139.64357,35.72531],[139.63993,35.72631],[139.63827,35.72803],[139.63643,35.73228],[139.63507,35.7323],[139.63354,35.73528],[139.62834,35.73529],[139.62648,35.73321],[139.62433,35.72941],[139.629,35.72101],[139.63187,35.71972],[139.63135,35.71851],[139.63219,35.71695],[139.63697,35.7165],[139.64179,35.71476],[139.64166,35.71281],[139.64284,35.7115],[139.65157,35.70899],[139.65822,35.70922],[139.6582,35.70504],[139.66091,35.70468],[139.66109,35.70143],[139.66254,35.69924],[139.6607,35.6962],[139.66117,35.6952],[139.66437,35.69549],[139.66599,35.69496],[139.66755,35.69175],[139.66641,35.69043],[139.66412,35.6892],[139.66353,35.68813],[139.66094,35.68677],[139.65922,35.68669],[139.66055,35.68429],[139.65927,35.6819],[139.66258,35.67943],[139.665,35.67902],[139.66412,35.67635],[139.66539,35.67698],[139.66797,35.68002],[139.6713,35.68149],[139.67506,35.68451],[139.67583,35.68586],[139.68034,35.6898],[139.68399,35.69199],[139.68841,35.69933],[139.68745,35.70178],[139.68759,35.7045],[139.68869,35.70734],[139.69308,35.70963],[139.69433,35.71104],[139.69008,35.71148],[139.68278,35.71012],[139.68034,35.71126],[139.68162,35.71221],[139.68145,35.71401],[139.67988,35.71419],[139.67969,35.71637],[139.67641,35.71966],[139.67358,35.71862],[139.67368,35.72026],[139.67576,35.72195],[139.67519,35.72371],[139.67734,35.72937]]]}},{"type":"Feature","properties":{"code":"13115","name":"杉並区","pref":"東京都","pref_code":"13","cx":139.62659,"cy":35.69772,"bbox":[139.58509,35.66584,139.66755,35.73045]},"geometry":{"type":"Polygon","coordinates":[[[139.66176,35.67252],[139.6616,35.67475],[139.66412,35.67635],[139.665,35.67902],[139.66258,35.67943],[139.65927,35.6819],[139.66055,35.68429],[139.65922,35.68669],[139.66094,35.68677],[139.66353,35.68813],[139.66412,35.6892],[139.66641,35.69043],[139.66755,35.69175],[139.66599,35.69496],[139.66437,35.69549],[139.66117,35.6952],[139.6607,35.6962],[139.66254,35.69924],[139.66109,35.70143],[139.66091,35.70468],[139.6582,35.70504],[139.65822,35.70922],[139.65157,35.70899],[139.64284,35.7115],[139.64166,35.71281],[139.64179,35.71476],[139.63697,35.7165],[139.63219,35.71695],[139.63135,35.71851],[139.63187,35.71972],[139.629,35.72101],[139.62433,35.72941],[139.62455,35.73015],[139.62178,35.73045],[139.61599,35.72983],[139.61539,35.73029],[139.60955,35.72871],[139.60195,35.72601],[139.5998,35.72391],[139.59565,35.72154],[139.59385,35.71829],[139.58945,35.72028],[139.58681,35.71976],[139.58509,35.71802],[139.58509,35.7161],[139.58644,35.71409],[139.58665,35.71191],[139.59145,35.70877],[139.59547,35.70544],[139.59406,35.70331],[139.59025,35.69482],[139.58829,35.69562],[139.58672,35.69396],[139.59189,35.69088],[139.59405,35.689],[139.59316,35.68799],[139.59056,35.687],[139.59167,35.68542],[139.59361,35.68413],[139.59418,35.68214],[139.60326,35.68065],[139.60823,35.67644],[139.60919,35.67489],[139.60878,35.6715],[139.61099,35.67009],[139.61619,35.6699],[139.61656,35.67264],[139.61329,35.6729],[139.6121,35.67463],[139.61248,35.67617],[139.62163,35.67265],[139.62503,35.67013],[139.62505,35.66913],[139.6326,35.66808],[139.63911,35.66584],[139.64128,35.6672],[139.64773,35.66843],[139.65033,35.6699],[139.65512,35.67055],[139.66176,35.67252]]]}},{"type":"Feature","properties":{"code":"13116","name":"豊島区","pref":"東京都","pref_code":"13","cx":139.708,"cy":35.7282,"bbox":[139.67734,35.71227,139.75276,35.74579]},"geometry":{"type":"Polygon","coordinates":[[[139.72251,35.71227],[139.71981,35.71399],[139.71761,35.7145],[139.71832,35.71776],[139.72272,35.71897],[139.72472,35.72001],[139.72345,35.7224],[139.72275,35.72515],[139.72481,35.72664],[139.72649,35.72705],[139.73197,35.7241],[139.73415,35.72558],[139.73739,35.7269],[139.73597,35.72935],[139.73887,35.73162],[139.74086,35.73036],[139.74341,35.73283],[139.74245,35.73379],[139.74504,35.73586],[139.74919,35.73287],[139.75276,35.73506],[139.74956,35.73654],[139.74835,35.73869],[139.74388,35.7396],[139.74421,35.74099],[139.74106,35.74235],[139.73556,35.74055],[139.73178,35.74331],[139.73264,35.74509],[139.72791,35.74471],[139.72598,35.74206],[139.72363,35.73993],[139.72001,35.74179],[139.71951,35.74504],[139.7148,35.74574],[139.71378,35.74528],[139.71043,35.74579],[139.7083,35.74164],[139.70405,35.73715],[139.70221,35.73734],[139.70099,35.73991],[139.69922,35.73973],[139.69887,35.74239],[139.69453,35.74223],[139.69258,35.74363],[139.68961,35.74132],[139.68076,35.73876],[139.68075,35.73787],[139.67874,35.73442],[139.67928,35.73359],[139.67734,35.72937],[139.68135,35.72704],[139.68272,35.72364],[139.68441,35.72251],[139.68665,35.72272],[139.69493,35.72183],[139.69897,35.72243],[139.69982,35.72355],[139.7046,35.72301],[139.70487,35.72044],[139.70594,35.71885],[139.70456,35.71588],[139.70588,35.71344],[139.70735,35.71385],[139.71042,35.71346],[139.71211,35.71476],[139.71441,35.71318],[139.72251,35.71227]]]}},{"type":"Feature","properties":{"code":"13117","name":"北区","pref":"東京都","pref_code":"13","cx":139.73401,"cy":35.76521,"bbox":[139.68947,35.73158,139.77112,35.7989]},"geometry":{"type":"Polygon","coordinates":[[[139.76094,35.73221],[139.76132,35.73381],[139.76342,35.73369],[139.76376,35.73493],[139.77112,35.7379],[139.76901,35.73926],[139.76818,35.74146],[139.76589,35.74162],[139.76288,35.74366],[139.76032,35.74345],[139.7572,35.74546],[139.7578,35.74761],[139.75538,35.74758],[139.7547,35.74919],[139.75219,35.7493],[139.74978,35.75012],[139.74964,35.75119],[139.75089,35.75371],[139.75759,35.75317],[139.75796,35.75486],[139.75007,35.75646],[139.74834,35.75809],[139.74889,35.75981],[139.75817,35.76459],[139.7601,35.76676],[139.7597,35.76879],[139.75794,35.77018],[139.75498,35.76838],[139.75128,35.76743],[139.74573,35.76713],[139.73673,35.77022],[139.73575,35.77163],[139.73617,35.77416],[139.73788,35.77743],[139.73854,35.7874],[139.73638,35.78901],[139.73387,35.79005],[139.72659,35.78749],[139.72446,35.78727],[139.72315,35.78839],[139.72224,35.79073],[139.71743,35.79192],[139.7092,35.79202],[139.70526,35.79341],[139.69686,35.7989],[139.69644,35.79771],[139.69064,35.79057],[139.68947,35.7868],[139.69128,35.78441],[139.69498,35.78262],[139.69908,35.78227],[139.70215,35.78408],[139.70308,35.78261],[139.70239,35.78108],[139.70446,35.77496],[139.70633,35.76696],[139.70832,35.76541],[139.71028,35.76502],[139.7109,35.76362],[139.71326,35.76308],[139.7163,35.76072],[139.72172,35.75386],[139.7227,35.75323],[139.72141,35.74631],[139.71951,35.74504],[139.72001,35.74179],[139.72363,35.73993],[139.72598,35.74206],[139.72791,35.74471],[139.73264,35.74509],[139.73178,35.74331],[139.73556,35.74055],[139.74106,35.74235],[139.74421,35.74099],[139.74388,35.7396],[139.74835,35.73869],[139.74956,35.73654],[139.75276,35.73506],[139.75362,35.73516],[139.75994,35.73158],[139.76094,35.73221]]]}},{"type":"Feature","properties":{"code":"13118","name":"荒川区","pref":"東京都","pref_code":"13","cx":139.78276,"cy":35.73954,"bbox":[139.74964,35.72462,139.8145,35.75486]},"geometry":{"type":"Polygon","coordinates":[[[139.76279,35.73075],[139.76475,35.73014],[139.76605,35.72753],[139.76977,35.72813],[139.77517,35.72612],[139.77674,35.72494],[139.78146,35.72462],[139.78223,35.72613],[139.78446,35.72786],[139.78776,35.72797],[139.78946,35.72874],[139.79121,35.73122],[139.79444,35.73023],[139.79507,35.72897],[139.80143,35.72925],[139.80972,35.72813],[139.81139,35.73298],[139.81415,35.73621],[139.8145,35.7388],[139.81304,35.74074],[139.80911,35.74086],[139.80244,35.73863],[139.7948,35.73983],[139.79242,35.74078],[139.78998,35.74285],[139.78894,35.7444],[139.78869,35.74702],[139.79091,35.74849],[139.79112,35.7503],[139.7888,35.75251],[139.78466,35.75386],[139.78247,35.75415],[139.77165,35.75361],[139.75796,35.75486],[139.75759,35.75317],[139.75089,35.75371],[139.74964,35.75119],[139.74978,35.75012],[139.75219,35.7493],[139.7547,35.74919],[139.75538,35.74758],[139.7578,35.74761],[139.7572,35.74546],[139.76032,35.74345],[139.76288,35.74366],[139.76589,35.74162],[139.76818,35.74146],[139.76901,35.73926],[139.77112,35.7379],[139.76376,35.73493],[139.76342,35.73369],[139.76132,35.73381],[139.76094,35.73221],[139.76279,35.73075]]]}},{"type":"Feature","properties":{"code":"13119","name":"板橋区","pref":"東京都","pref_code":"13","cx":139.68068,"cy":35.76895,"bbox":[139.62453,35.73715,139.7227,35.80084]},"geometry":{"type":"Polygon","coordinates":[[[139.71951,35.74504],[139.72141,35.74631],[139.7227,35.75323],[139.72172,35.75386],[139.7163,35.76072],[139.71326,35.76308],[139.7109,35.76362],[139.71028,35.76502],[139.70832,35.76541],[139.70633,35.76696],[139.70446,35.77496],[139.70239,35.78108],[139.70308,35.78261],[139.70215,35.78408],[139.69908,35.78227],[139.69498,35.78262],[139.69128,35.78441],[139.68947,35.7868],[139.69064,35.79057],[139.69644,35.79771],[139.69686,35.7989],[139.69316,35.8004],[139.68783,35.80084],[139.67838,35.79882],[139.67383,35.79917],[139.66977,35.80024],[139.65778,35.8005],[139.65336,35.80023],[139.64824,35.79763],[139.64369,35.79822],[139.64057,35.79769],[139.63941,35.79285],[139.63754,35.79085],[139.63423,35.79034],[139.63157,35.7882],[139.63169,35.78634],[139.62787,35.78466],[139.62774,35.78313],[139.62453,35.78081],[139.62519,35.77793],[139.6287,35.7775],[139.6294,35.77688],[139.62939,35.77205],[139.63021,35.77234],[139.63473,35.76987],[139.63483,35.7688],[139.64052,35.76911],[139.64296,35.77093],[139.64594,35.76918],[139.64791,35.76862],[139.65112,35.76917],[139.66113,35.76867],[139.66901,35.76654],[139.6707,35.76204],[139.6737,35.75841],[139.67319,35.75539],[139.67502,35.75189],[139.67207,35.74522],[139.67588,35.74539],[139.68084,35.74382],[139.6792,35.74019],[139.68076,35.73876],[139.68961,35.74132],[139.69258,35.74363],[139.69453,35.74223],[139.69887,35.74239],[139.69922,35.73973],[139.70099,35.73991],[139.70221,35.73734],[139.70405,35.73715],[139.7083,35.74164],[139.71043,35.74579],[139.71378,35.74528],[139.7148,35.74574],[139.71951,35.74504]]]}},{"type":"Feature","properties":{"code":"13120","name":"練馬区","pref":"東京都","pref_code":"13","cx":139.61984,"cy":35.74641,"bbox":[139.56279,35.71191,139.68084,35.77983]},"geometry":{"type":"Polygon","coordinates":[[[139.67797,35.73068],[139.67928,35.73359],[139.67874,35.73442],[139.68075,35.73787],[139.68076,35.73876],[139.6792,35.74019],[139.68084,35.74382],[139.67588,35.74539],[139.67207,35.74522],[139.67502,35.75189],[139.67319,35.75539],[139.6737,35.75841],[139.6707,35.76204],[139.66901,35.76654],[139.66113,35.76867],[139.65112,35.76917],[139.64791,35.76862],[139.64594,35.76918],[139.64296,35.77093],[139.64052,35.76911],[139.63483,35.7688],[139.63473,35.76987],[139.63021,35.77234],[139.62939,35.77205],[139.6294,35.77688],[139.6287,35.7775],[139.62519,35.77793],[139.62471,35.77983],[139.62428,35.77413],[139.6256,35.77302],[139.62408,35.77125],[139.62299,35.76687],[139.61773,35.76665],[139.61682,35.76844],[139.61723,35.77035],[139.61486,35.77087],[139.61021,35.77057],[139.60875,35.76884],[139.60714,35.76938],[139.60636,35.77095],[139.60384,35.77012],[139.60317,35.77086],[139.59864,35.7691],[139.59739,35.77098],[139.59844,35.77214],[139.60438,35.77502],[139.59694,35.77641],[139.5972,35.77837],[139.59414,35.7787],[139.59341,35.77719],[139.58876,35.77853],[139.58654,35.77518],[139.58398,35.77483],[139.58369,35.77278],[139.58224,35.77121],[139.57817,35.77085],[139.57689,35.76807],[139.57434,35.76819],[139.57459,35.76623],[139.57,35.76537],[139.57108,35.76334],[139.56824,35.76351],[139.56516,35.76186],[139.56279,35.7616],[139.56777,35.75507],[139.5677,35.75322],[139.56901,35.75192],[139.5678,35.75006],[139.56883,35.74759],[139.56677,35.74743],[139.56816,35.74276],[139.56825,35.73808],[139.56733,35.73636],[139.56942,35.73416],[139.566,35.72705],[139.56526,35.72427],[139.56564,35.72166],[139.57395,35.71943],[139.57632,35.71823],[139.58203,35.71394],[139.58665,35.71191],[139.58644,35.71409],[139.58509,35.7161],[139.58509,35.71802],[139.58681,35.71976],[139.58945,35.72028],[139.59385,35.71829],[139.59565,35.72154],[139.5998,35.72391],[139.60195,35.72601],[139.61539,35.73029],[139.61599,35.72983],[139.62178,35.73045],[139.62455,35.73015],[139.62834,35.73529],[139.63354,35.73528],[139.63507,35.7323],[139.63643,35.73228],[139.63827,35.72803],[139.63993,35.72631],[139.64357,35.72531],[139.6474,35.72549],[139.64744,35.72675],[139.65645,35.72636],[139.66225,35.72692],[139.66343,35.72812],[139.6647,35.73097],[139.67039,35.73233],[139.67146,35.73354],[139.67468,35.73306],[139.67797,35.73068]]]}},{"type":"Feature","properties":{"code":"13121","name":"足立区","pref":"東京都","pref_code":"13","cx":139.79432,"cy":35.77855,"bbox":[139.73575,35.73863,139.8588,35.81749]},"geometry":{"type":"Polygon","coordinates":[[[139.82036,35.74343],[139.81716,35.74914],[139.81454,35.75234],[139.81347,35.75447],[139.81321,35.75902],[139.81354,35.75967],[139.81716,35.76073],[139.81974,35.76045],[139.82025,35.75598],[139.82354,35.75587],[139.8244,35.76136],[139.82625,35.76168],[139.82542,35.75913],[139.82755,35.75735],[139.82987,35.75766],[139.831,35.75908],[139.83101,35.76274],[139.83234,35.76384],[139.83587,35.76301],[139.83748,35.76319],[139.83767,35.76576],[139.84169,35.76644],[139.8436,35.76839],[139.8458,35.76952],[139.8513,35.76988],[139.85218,35.76575],[139.85657,35.76443],[139.85807,35.76587],[139.8588,35.76791],[139.85776,35.77083],[139.84967,35.77968],[139.84805,35.78187],[139.84527,35.78771],[139.84432,35.79119],[139.84427,35.79385],[139.84675,35.79651],[139.84339,35.7998],[139.83801,35.80081],[139.83661,35.80016],[139.83277,35.79568],[139.83085,35.79463],[139.82605,35.79336],[139.82444,35.79495],[139.82248,35.79565],[139.82049,35.79754],[139.81965,35.79959],[139.82075,35.80554],[139.82292,35.80941],[139.82465,35.81065],[139.82493,35.8119],[139.82339,35.81415],[139.82106,35.81508],[139.81965,35.81178],[139.81793,35.81042],[139.8133,35.80832],[139.8023,35.80855],[139.79884,35.80619],[139.79535,35.80534],[139.79243,35.80529],[139.78792,35.80669],[139.78149,35.80715],[139.77923,35.80825],[139.77176,35.81687],[139.7703,35.81749],[139.76622,35.81747],[139.76578,35.81574],[139.76127,35.81289],[139.75715,35.81206],[139.7552,35.81073],[139.75191,35.81094],[139.75077,35.81017],[139.75066,35.80667],[139.7553,35.80318],[139.75628,35.80175],[139.75981,35.79893],[139.76077,35.79741],[139.75997,35.79434],[139.7556,35.79003],[139.75626,35.78864],[139.755,35.7869],[139.74886,35.786],[139.7467,35.78682],[139.74629,35.78389],[139.74262,35.7817],[139.73805,35.78022],[139.73788,35.77743],[139.73617,35.77416],[139.73575,35.77163],[139.73673,35.77022],[139.74573,35.76713],[139.75128,35.76743],[139.75498,35.76838],[139.75794,35.77018],[139.7597,35.76879],[139.7601,35.76676],[139.75817,35.76459],[139.74889,35.75981],[139.74834,35.75809],[139.75007,35.75646],[139.75796,35.75486],[139.77165,35.75361],[139.78247,35.75415],[139.7888,35.75251],[139.79112,35.7503],[139.79091,35.74849],[139.78869,35.74702],[139.78894,35.7444],[139.78998,35.74285],[139.79242,35.74078],[139.7948,35.73983],[139.80244,35.73863],[139.80911,35.74086],[139.81304,35.74074],[139.8145,35.7388],[139.81658,35.74146],[139.82036,35.74343]]]}},{"type":"Feature","properties":{"code":"13122","name":"葛飾区","pref":"東京都","pref_code":"13","cx":139.85086,"cy":35.7534,"bbox":[139.81321,35.71085,139.89446,35.79732]},"geometry":{"type":"Polygon","coordinates":[[[139.84215,35.71931],[139.85136,35.71085],[139.85627,35.71446],[139.86224,35.71283],[139.86661,35.71291],[139.86857,35.71458],[139.86627,35.71853],[139.86874,35.7238],[139.87055,35.72471],[139.87027,35.72875],[139.87218,35.73004],[139.87193,35.73243],[139.87351,35.73517],[139.87379,35.73686],[139.87693,35.73765],[139.87758,35.74092],[139.87991,35.74013],[139.88185,35.74438],[139.88395,35.74486],[139.8849,35.74654],[139.88283,35.74748],[139.88271,35.74954],[139.88592,35.75067],[139.88998,35.75077],[139.88321,35.75862],[139.88267,35.76201],[139.87946,35.76752],[139.88076,35.77167],[139.88285,35.77353],[139.89342,35.77832],[139.89446,35.77992],[139.89378,35.78275],[139.88724,35.78402],[139.87725,35.78117],[139.87454,35.78178],[139.87134,35.78558],[139.87155,35.78798],[139.87326,35.7904],[139.87596,35.79219],[139.87661,35.79383],[139.87475,35.79654],[139.87077,35.79732],[139.86772,35.79668],[139.86385,35.79483],[139.8599,35.79533],[139.85649,35.79096],[139.85457,35.79105],[139.84675,35.79651],[139.84427,35.79385],[139.84432,35.79119],[139.84527,35.78771],[139.84805,35.78187],[139.85776,35.77083],[139.8588,35.76791],[139.85807,35.76587],[139.85657,35.76443],[139.85218,35.76575],[139.8513,35.76988],[139.8458,35.76952],[139.8436,35.76839],[139.84169,35.76644],[139.83767,35.76576],[139.83748,35.76319],[139.83587,35.76301],[139.83234,35.76384],[139.83101,35.76274],[139.831,35.75908],[139.82987,35.75766],[139.82755,35.75735],[139.82542,35.75913],[139.82625,35.76168],[139.8244,35.76136],[139.82354,35.75587],[139.82025,35.75598],[139.81974,35.76045],[139.81716,35.76073],[139.81354,35.75967],[139.81321,35.75902],[139.81347,35.75447],[139.81454,35.75234],[139.81716,35.74914],[139.82382,35.73771],[139.82977,35.73118],[139.84215,35.71931]]]}},{"type":"Feature","properties":{"code":"13123","name":"江戸川区","pref":"東京都","pref_code":"13","cx":139.88149,"cy":35.69295,"bbox":[139.83316,35.63839,139.91874,35.75077]},"geometry":{"type":"MultiPolygon","coordinates":[[[[139.8556,35.63856],[139.85254,35.64021],[139.85083,35.64028],[139.84992,35.63839],[139.8556,35.63856]]],[[[139.8354,35.70302],[139.84381,35.69954],[139.84511,35.69856],[139.84771,35.69497],[139.84759,35.68809],[139.84551,35.68129],[139.84823,35.67913],[139.84689,35.67385],[139.84554,35.65672],[139.85038,35.65653],[139.84944,35.64276],[139.85188,35.64213],[139.85339,35.64106],[139.85799,35.63917],[139.86177,35.63849],[139.86904,35.63913],[139.87146,35.63864],[139.88349,35.64512],[139.8869,35.65373],[139.88739,35.65617],[139.88723,35.66879],[139.88565,35.67207],[139.88562,35.67486],[139.88643,35.67857],[139.88795,35.67999],[139.89356,35.682],[139.90594,35.68367],[139.90865,35.68551],[139.91385,35.69093],[139.91874,35.69771],[139.91865,35.69984],[139.91699,35.70352],[139.91621,35.708],[139.91344,35.71051],[139.90812,35.71386],[139.9057,35.71784],[139.90398,35.71959],[139.89865,35.72345],[139.89721,35.72675],[139.89794,35.73187],[139.90089,35.73746],[139.90097,35.74006],[139.89945,35.74439],[139.89666,35.74671],[139.89288,35.74808],[139.88998,35.75077],[139.88592,35.75067],[139.88271,35.74954],[139.88283,35.74748],[139.8849,35.74654],[139.88395,35.74486],[139.88185,35.74438],[139.87991,35.74013],[139.87758,35.74092],[139.87693,35.73765],[139.87379,35.73686],[139.87351,35.73517],[139.87193,35.73243],[139.87218,35.73004],[139.87027,35.72875],[139.87055,35.72471],[139.86874,35.7238],[139.86627,35.71853],[139.86857,35.71458],[139.86661,35.71291],[139.86224,35.71283],[139.85627,35.71446],[139.85136,35.71085],[139.84215,35.71931],[139.83905,35.71711],[139.8355,35.71787],[139.83316,35.71576],[139.83363,35.71402],[139.83597,35.7122],[139.83931,35.71087],[139.8395,35.70981],[139.83564,35.70669],[139.83439,35.70473],[139.8354,35.70302]]]]}},{"type":"Feature","properties":{"code":"13201","name":"八王子市","pref":"東京都","pref_code":"13","cx":139.2634,"cy":35.65896,"bbox":[139.1616,35.59868,139.42979,35.71906]},"geometry":{"type":"Polygon","coordinates":[[[139.33123,35.71346],[139.32909,35.71231],[139.32764,35.7104],[139.3252,35.71292],[139.32294,35.71628],[139.31924,35.71906],[139.3159,35.71425],[139.31359,35.71395],[139.3085,35.71589],[139.30841,35.71499],[139.30494,35.71155],[139.3035,35.71255],[139.29585,35.71146],[139.29426,35.71338],[139.29142,35.71365],[139.28877,35.71314],[139.28538,35.71335],[139.28318,35.71278],[139.28185,35.71364],[139.2769,35.71397],[139.27432,35.71498],[139.27198,35.71452],[139.27222,35.71265],[139.27075,35.71069],[139.26897,35.71003],[139.26086,35.71044],[139.25811,35.71224],[139.2551,35.71269],[139.25195,35.71226],[139.24963,35.71049],[139.24636,35.71094],[139.24506,35.71335],[139.24332,35.71248],[139.24109,35.71405],[139.23734,35.71331],[139.23583,35.71447],[139.23313,35.71532],[139.23005,35.71537],[139.22886,35.71628],[139.22629,35.71592],[139.22395,35.71661],[139.222,35.7162],[139.21904,35.71683],[139.21725,35.71887],[139.21482,35.7165],[139.21013,35.71362],[139.20691,35.71276],[139.2045,35.70739],[139.20434,35.70496],[139.20535,35.7032],[139.20481,35.69973],[139.20054,35.69913],[139.20016,35.69013],[139.19939,35.68825],[139.19563,35.68843],[139.19327,35.68906],[139.19137,35.68783],[139.18689,35.68803],[139.18407,35.68905],[139.18199,35.68806],[139.17895,35.68922],[139.17399,35.68923],[139.17141,35.68874],[139.17,35.68011],[139.16805,35.67699],[139.16598,35.67499],[139.16477,35.67045],[139.1616,35.66791],[139.16514,35.66496],[139.16513,35.66334],[139.16717,35.66183],[139.16693,35.65962],[139.16836,35.65856],[139.16858,35.6567],[139.16778,35.65372],[139.16675,35.65274],[139.16702,35.65101],[139.16934,35.65148],[139.17179,35.65034],[139.17525,35.64973],[139.17612,35.64819],[139.17916,35.64557],[139.18109,35.64574],[139.18406,35.64509],[139.19153,35.6474],[139.19256,35.65037],[139.19412,35.65182],[139.19573,35.65129],[139.19803,35.65295],[139.20527,35.65158],[139.20694,35.64988],[139.21146,35.64912],[139.21479,35.64694],[139.21573,35.64556],[139.21481,35.64396],[139.21446,35.6414],[139.21553,35.63914],[139.21546,35.63694],[139.21665,35.63474],[139.21854,35.63365],[139.21916,35.63197],[139.22143,35.62947],[139.21948,35.62668],[139.22023,35.62557],[139.22545,35.62375],[139.22721,35.6211],[139.22887,35.62023],[139.23038,35.61713],[139.22988,35.61457],[139.23455,35.61169],[139.23668,35.60975],[139.23798,35.60935],[139.23864,35.60698],[139.24264,35.60629],[139.24539,35.60516],[139.24687,35.60522],[139.25075,35.6032],[139.25222,35.60167],[139.25771,35.60423],[139.2613,35.60285],[139.26478,35.60246],[139.26614,35.60563],[139.26584,35.60735],[139.2688,35.60935],[139.2688,35.61212],[139.27153,35.61398],[139.27336,35.6138],[139.27559,35.61548],[139.27695,35.61859],[139.27908,35.61879],[139.27992,35.62007],[139.28185,35.61979],[139.28278,35.62079],[139.28568,35.6208],[139.28703,35.62203],[139.28923,35.62023],[139.29205,35.62103],[139.29353,35.62053],[139.29374,35.61833],[139.29679,35.6155],[139.29804,35.61611],[139.30349,35.61518],[139.30762,35.61624],[139.31363,35.61446],[139.3153,35.61291],[139.3175,35.61524],[139.3215,35.61554],[139.32279,35.61482],[139.32556,35.61498],[139.32639,35.61576],[139.32844,35.615],[139.33013,35.61641],[139.33106,35.61541],[139.33576,35.61489],[139.33738,35.61421],[139.33857,35.61958],[139.33739,35.62104],[139.33805,35.62337],[139.34005,35.62079],[139.34157,35.61975],[139.33952,35.61708],[139.34166,35.6137],[139.34753,35.60891],[139.35161,35.60868],[139.35365,35.60732],[139.35957,35.60647],[139.36158,35.60542],[139.36583,35.60872],[139.36893,35.60639],[139.37134,35.60583],[139.37339,35.60422],[139.3759,35.60431],[139.37823,35.60367],[139.37981,35.60248],[139.38168,35.60212],[139.38639,35.59868],[139.38835,35.60241],[139.38751,35.60483],[139.38983,35.60669],[139.39147,35.60679],[139.3939,35.60819],[139.39367,35.60863],[139.39853,35.61195],[139.40082,35.61456],[139.40125,35.61632],[139.40286,35.61773],[139.40471,35.62077],[139.40739,35.62134],[139.40787,35.6226],[139.41179,35.62435],[139.41319,35.62562],[139.41567,35.62562],[139.41984,35.6286],[139.42353,35.6299],[139.42502,35.62986],[139.42718,35.63198],[139.42979,35.63197],[139.42958,35.63397],[139.4268,35.63798],[139.42384,35.63957],[139.42274,35.64114],[139.41772,35.64312],[139.41556,35.64521],[139.415,35.64703],[139.40907,35.64468],[139.4064,35.64526],[139.39936,35.64119],[139.39823,35.63977],[139.39628,35.64045],[139.39201,35.63959],[139.39087,35.64092],[139.38737,35.64072],[139.38523,35.64132],[139.38202,35.64132],[139.37808,35.63932],[139.37883,35.64227],[139.37856,35.6441],[139.37655,35.6454],[139.37301,35.64381],[139.3688,35.64432],[139.36544,35.64641],[139.35815,35.65411],[139.35735,35.65581],[139.3594,35.65682],[139.35889,35.65936],[139.36217,35.66055],[139.37242,35.66575],[139.37047,35.66856],[139.37316,35.67345],[139.3765,35.67645],[139.37671,35.67838],[139.37512,35.68219],[139.37601,35.68359],[139.3752,35.68578],[139.37878,35.68848],[139.37627,35.69163],[139.36763,35.69214],[139.36333,35.69374],[139.35385,35.69313],[139.3522,35.69249],[139.34645,35.69198],[139.34039,35.69365],[139.33603,35.6961],[139.33567,35.69922],[139.33682,35.70151],[139.333,35.70512],[139.33132,35.70977],[139.33144,35.71188],[139.33249,35.71261],[139.33123,35.71346]]]}},{"type":"Feature","properties":{"code":"13202","name":"立川市","pref":"東京都","pref_code":"13","cx":139.414,"cy":35.71225,"bbox":[139.35249,35.68276,139.44612,35.74152]},"geometry":{"type":"Polygon","coordinates":[[[139.41442,35.73303],[139.40946,35.73259],[139.40882,35.73362],[139.40028,35.73376],[139.39827,35.73494],[139.39531,35.7335],[139.38807,35.73938],[139.38707,35.74121],[139.3849,35.74152],[139.38509,35.73764],[139.38729,35.73705],[139.39113,35.73366],[139.38853,35.73367],[139.38386,35.73552],[139.3835,35.73303],[139.38116,35.73486],[139.37848,35.73352],[139.37796,35.73509],[139.37405,35.73667],[139.37027,35.73736],[139.36947,35.73588],[139.36546,35.73906],[139.35988,35.73958],[139.35901,35.73733],[139.35292,35.73606],[139.35346,35.73306],[139.35249,35.73286],[139.35335,35.72796],[139.3553,35.7263],[139.35505,35.72508],[139.35717,35.7258],[139.36247,35.72417],[139.36187,35.72629],[139.36681,35.72512],[139.36984,35.72578],[139.37005,35.72451],[139.37636,35.72545],[139.37771,35.72421],[139.38009,35.72559],[139.38179,35.72312],[139.37931,35.72172],[139.3825,35.72076],[139.3855,35.72046],[139.38885,35.7179],[139.3871,35.71667],[139.38899,35.71439],[139.39104,35.71533],[139.39458,35.71163],[139.3957,35.71289],[139.3984,35.71108],[139.39561,35.70668],[139.39451,35.70615],[139.3934,35.70321],[139.39396,35.70242],[139.39295,35.69908],[139.39024,35.69879],[139.38853,35.69515],[139.38859,35.69307],[139.38509,35.69128],[139.38769,35.69038],[139.39514,35.68918],[139.41315,35.68345],[139.41757,35.68276],[139.4215,35.68858],[139.4247,35.68671],[139.42705,35.68883],[139.42841,35.69112],[139.43122,35.69028],[139.43105,35.69357],[139.4299,35.69393],[139.43165,35.69694],[139.42752,35.69836],[139.42559,35.70188],[139.42727,35.70363],[139.42961,35.7044],[139.43032,35.70354],[139.43563,35.70373],[139.43171,35.71165],[139.42826,35.71736],[139.43334,35.7184],[139.43655,35.71477],[139.44161,35.71583],[139.44337,35.71291],[139.44416,35.71286],[139.44612,35.72288],[139.43563,35.72476],[139.43358,35.72708],[139.42445,35.72968],[139.42644,35.73017],[139.4258,35.73104],[139.41622,35.73208],[139.41442,35.73303]]]}},{"type":"Feature","properties":{"code":"13203","name":"武蔵野市","pref":"東京都","pref_code":"13","cx":139.56256,"cy":35.70778,"bbox":[139.52522,35.69396,139.59547,35.72197]},"geometry":{"type":"Polygon","coordinates":[[[139.58665,35.71191],[139.58203,35.71394],[139.57632,35.71823],[139.57395,35.71943],[139.56564,35.72166],[139.5619,35.72197],[139.55722,35.72173],[139.55458,35.72078],[139.54941,35.71692],[139.53736,35.71132],[139.52942,35.71279],[139.53,35.7175],[139.52691,35.71851],[139.52522,35.71306],[139.52739,35.71282],[139.52716,35.70991],[139.53254,35.70911],[139.53219,35.70292],[139.53356,35.70108],[139.53393,35.69897],[139.53642,35.69829],[139.53652,35.69533],[139.54219,35.69529],[139.54227,35.6967],[139.54902,35.69505],[139.55069,35.69518],[139.55017,35.70678],[139.57066,35.69885],[139.57268,35.69896],[139.57665,35.70143],[139.57992,35.69882],[139.58483,35.69725],[139.58672,35.69396],[139.58829,35.69562],[139.59025,35.69482],[139.59406,35.70331],[139.59547,35.70544],[139.59145,35.70877],[139.58665,35.71191]]]}},{"type":"Feature","properties":{"code":"13204","name":"三鷹市","pref":"東京都","pref_code":"13","cx":139.56087,"cy":35.68349,"bbox":[139.52447,35.66004,139.59418,35.70678]},"geometry":{"type":"Polygon","coordinates":[[[139.59418,35.68214],[139.59361,35.68413],[139.59167,35.68542],[139.59056,35.687],[139.59316,35.68799],[139.59405,35.689],[139.59189,35.69088],[139.58672,35.69396],[139.58483,35.69725],[139.57992,35.69882],[139.57665,35.70143],[139.57268,35.69896],[139.57066,35.69885],[139.55017,35.70678],[139.55069,35.69518],[139.54902,35.69505],[139.54227,35.6967],[139.54219,35.69529],[139.53652,35.69533],[139.53642,35.69829],[139.53393,35.69897],[139.5342,35.69488],[139.53137,35.69461],[139.53215,35.68934],[139.52854,35.69067],[139.52683,35.68949],[139.52488,35.6901],[139.52447,35.68841],[139.52626,35.68694],[139.52692,35.68422],[139.52884,35.68286],[139.52868,35.6812],[139.52539,35.6809],[139.52659,35.67914],[139.52626,35.67724],[139.52794,35.67445],[139.52924,35.67372],[139.53049,35.67095],[139.53244,35.6699],[139.53137,35.6677],[139.5344,35.66754],[139.53559,35.66929],[139.53747,35.66703],[139.53745,35.66547],[139.53908,35.66455],[139.5416,35.66427],[139.54439,35.66665],[139.54195,35.66796],[139.5414,35.6699],[139.54294,35.68046],[139.54471,35.68032],[139.54544,35.68206],[139.55216,35.68084],[139.55459,35.68212],[139.56087,35.68284],[139.56445,35.67226],[139.56434,35.66903],[139.56614,35.66425],[139.56886,35.6635],[139.57301,35.66414],[139.57489,35.66225],[139.5755,35.66004],[139.57773,35.66105],[139.57834,35.66247],[139.58214,35.66503],[139.5798,35.66554],[139.57891,35.66892],[139.57809,35.67023],[139.57838,35.67314],[139.58145,35.67048],[139.58602,35.67069],[139.58889,35.66941],[139.5885,35.67051],[139.58454,35.67216],[139.58267,35.67378],[139.58664,35.67398],[139.58678,35.67781],[139.58834,35.67893],[139.58709,35.68055],[139.58773,35.68175],[139.59124,35.68162],[139.59418,35.68214]]]}},{"type":"Feature","properties":{"code":"13205","name":"青梅市","pref":"東京都","pref_code":"13","cx":139.24519,"cy":35.80264,"bbox":[139.13716,35.75455,139.33037,35.85087]},"geometry":{"type":"Polygon","coordinates":[[[139.33037,35.79362],[139.33036,35.79434],[139.32573,35.79521],[139.32397,35.79687],[139.32225,35.79961],[139.3188,35.80773],[139.31834,35.80983],[139.31679,35.81147],[139.31675,35.81269],[139.31502,35.81427],[139.31503,35.81681],[139.3165,35.81936],[139.31616,35.82367],[139.31492,35.82524],[139.31147,35.82528],[139.30678,35.82303],[139.30259,35.82405],[139.30269,35.82601],[139.30119,35.82977],[139.30174,35.83148],[139.30117,35.83496],[139.29631,35.83514],[139.2956,35.83385],[139.29091,35.83796],[139.28616,35.83691],[139.28516,35.83602],[139.28288,35.83717],[139.28185,35.83952],[139.27189,35.83969],[139.26824,35.83824],[139.26366,35.83742],[139.2605,35.836],[139.2588,35.83727],[139.25226,35.83825],[139.24681,35.83689],[139.24253,35.83679],[139.24096,35.84015],[139.23721,35.84021],[139.23567,35.83834],[139.23253,35.83664],[139.23066,35.83674],[139.22774,35.83905],[139.22455,35.8405],[139.22009,35.84136],[139.21933,35.84252],[139.21394,35.84544],[139.21265,35.84661],[139.20968,35.84618],[139.20747,35.84642],[139.2049,35.84457],[139.2048,35.84303],[139.20314,35.8412],[139.19931,35.84124],[139.19581,35.84005],[139.19244,35.84027],[139.18689,35.84287],[139.18416,35.84279],[139.18363,35.84357],[139.17436,35.84831],[139.171,35.84865],[139.16909,35.84998],[139.16617,35.84997],[139.16353,35.85087],[139.16258,35.84955],[139.16642,35.84457],[139.16612,35.84297],[139.17109,35.83998],[139.17172,35.84003],[139.17534,35.83607],[139.17735,35.83515],[139.1769,35.83306],[139.17843,35.83059],[139.17524,35.82683],[139.17741,35.82019],[139.17421,35.81283],[139.17551,35.80684],[139.17365,35.80679],[139.17167,35.80509],[139.17153,35.80355],[139.16732,35.80173],[139.16482,35.8016],[139.16093,35.7992],[139.15826,35.79829],[139.15631,35.79863],[139.15464,35.79769],[139.14982,35.79638],[139.14873,35.79446],[139.14692,35.79303],[139.14756,35.79163],[139.14757,35.78901],[139.14688,35.78506],[139.14781,35.78202],[139.14281,35.78105],[139.14048,35.77899],[139.13716,35.77804],[139.13764,35.77243],[139.13938,35.77205],[139.14282,35.77634],[139.14446,35.77695],[139.14656,35.7753],[139.14824,35.77529],[139.14824,35.77789],[139.14913,35.77884],[139.15234,35.77595],[139.15298,35.77414],[139.1546,35.77324],[139.15749,35.77354],[139.15863,35.77791],[139.1606,35.77716],[139.16568,35.77956],[139.16724,35.78112],[139.17213,35.78221],[139.17562,35.78486],[139.18195,35.78763],[139.18618,35.78778],[139.18879,35.78908],[139.1912,35.78868],[139.19553,35.78683],[139.19824,35.78644],[139.1989,35.78445],[139.20213,35.78248],[139.20357,35.78016],[139.20644,35.77844],[139.21053,35.77318],[139.21438,35.77407],[139.21525,35.77324],[139.2179,35.77293],[139.22077,35.774],[139.22258,35.77245],[139.22389,35.77284],[139.23069,35.77],[139.23174,35.76889],[139.23374,35.76862],[139.23527,35.76937],[139.2383,35.76826],[139.23836,35.767],[139.24264,35.76681],[139.24482,35.7674],[139.25077,35.766],[139.25191,35.76448],[139.25496,35.76293],[139.25686,35.76071],[139.26153,35.75983],[139.26427,35.76055],[139.26719,35.76004],[139.26932,35.76113],[139.27421,35.76089],[139.27611,35.76162],[139.28773,35.76092],[139.28814,35.75961],[139.29009,35.76007],[139.29434,35.75536],[139.29654,35.75455],[139.29744,35.76008],[139.29655,35.76315],[139.29664,35.76628],[139.29521,35.7698],[139.29309,35.77204],[139.29213,35.77534],[139.2955,35.77766],[139.29841,35.78128],[139.30194,35.77989],[139.30332,35.77813],[139.30802,35.77723],[139.30919,35.77571],[139.31137,35.77676],[139.31228,35.77552],[139.31844,35.77841],[139.32107,35.77722],[139.32375,35.78005],[139.32412,35.78108],[139.32066,35.78336],[139.32079,35.7883],[139.32205,35.78978],[139.32626,35.78703],[139.33007,35.79061],[139.32848,35.79177],[139.33037,35.79362]]]}},{"type":"Feature","properties":{"code":"13206","name":"府中市","pref":"東京都","pref_code":"13","cx":139.48914,"cy":35.67289,"bbox":[139.42983,35.64619,139.52646,35.69987]},"geometry":{"type":"Polygon","coordinates":[[[139.46403,35.69725],[139.46297,35.69987],[139.46025,35.69985],[139.45941,35.69239],[139.45604,35.69128],[139.45358,35.68766],[139.45293,35.68356],[139.45136,35.68066],[139.45162,35.67938],[139.45073,35.67665],[139.45115,35.67357],[139.45343,35.67166],[139.45081,35.67155],[139.44684,35.67311],[139.44191,35.67209],[139.44148,35.67072],[139.43701,35.67218],[139.43607,35.67152],[139.43173,35.67268],[139.42983,35.67082],[139.4407,35.66019],[139.44202,35.65796],[139.46788,35.65121],[139.47255,35.64928],[139.47381,35.64933],[139.474,35.65075],[139.47925,35.65198],[139.48646,35.65265],[139.48902,35.6515],[139.49037,35.65203],[139.49946,35.65145],[139.50312,35.64994],[139.5068,35.65088],[139.51209,35.6512],[139.51684,35.6493],[139.52084,35.64619],[139.52071,35.65374],[139.51759,35.6564],[139.51746,35.65839],[139.51944,35.66044],[139.52322,35.66779],[139.52543,35.66923],[139.52646,35.67238],[139.52429,35.67972],[139.52094,35.68053],[139.5205,35.68163],[139.52193,35.68523],[139.52227,35.68736],[139.51827,35.69125],[139.51621,35.69071],[139.51476,35.68915],[139.51457,35.68609],[139.50589,35.68656],[139.50303,35.68468],[139.50113,35.68458],[139.50295,35.68727],[139.49989,35.68718],[139.49871,35.68563],[139.49632,35.68674],[139.49579,35.68864],[139.48904,35.69096],[139.48841,35.69292],[139.48959,35.69545],[139.48808,35.69497],[139.48646,35.69217],[139.47822,35.69037],[139.47737,35.68934],[139.46784,35.68835],[139.46558,35.68878],[139.46589,35.69156],[139.46779,35.6925],[139.46682,35.69534],[139.46377,35.69543],[139.46403,35.69725]]]}},{"type":"Feature","properties":{"code":"13207","name":"昭島市","pref":"東京都","pref_code":"13","cx":139.36423,"cy":35.70822,"bbox":[139.33132,35.69128,139.3984,35.72629]},"geometry":{"type":"Polygon","coordinates":[[[139.37627,35.69163],[139.38509,35.69128],[139.38859,35.69307],[139.38853,35.69515],[139.39024,35.69879],[139.39295,35.69908],[139.39396,35.70242],[139.3934,35.70321],[139.39451,35.70615],[139.39561,35.70668],[139.3984,35.71108],[139.3957,35.71289],[139.39458,35.71163],[139.39104,35.71533],[139.38899,35.71439],[139.3871,35.71667],[139.38885,35.7179],[139.3855,35.72046],[139.3825,35.72076],[139.37931,35.72172],[139.38179,35.72312],[139.38009,35.72559],[139.37771,35.72421],[139.37636,35.72545],[139.37005,35.72451],[139.36984,35.72578],[139.36681,35.72512],[139.36187,35.72629],[139.36247,35.72417],[139.35717,35.7258],[139.35294,35.72484],[139.35256,35.7229],[139.34903,35.72155],[139.34628,35.72095],[139.34307,35.72156],[139.34162,35.72131],[139.33885,35.71944],[139.33945,35.71739],[139.33886,35.71586],[139.33349,35.71342],[139.33144,35.71188],[139.33132,35.70977],[139.333,35.70512],[139.33682,35.70151],[139.33567,35.69922],[139.33603,35.6961],[139.34039,35.69365],[139.34645,35.69198],[139.3522,35.69249],[139.35385,35.69313],[139.36333,35.69374],[139.36763,35.69214],[139.37627,35.69163]]]}},{"type":"Feature","properties":{"code":"13208","name":"調布市","pref":"東京都","pref_code":"13","cx":139.54735,"cy":35.66024,"bbox":[139.51746,35.63259,139.59308,35.68794]},"geometry":{"type":"Polygon","coordinates":[[[139.58889,35.66941],[139.58602,35.67069],[139.58145,35.67048],[139.57838,35.67314],[139.57809,35.67023],[139.57891,35.66892],[139.5798,35.66554],[139.58214,35.66503],[139.57834,35.66247],[139.57773,35.66105],[139.5755,35.66004],[139.57489,35.66225],[139.57301,35.66414],[139.56886,35.6635],[139.56614,35.66425],[139.56434,35.66903],[139.56445,35.67226],[139.56087,35.68284],[139.55459,35.68212],[139.55216,35.68084],[139.54544,35.68206],[139.54471,35.68032],[139.54294,35.68046],[139.5414,35.6699],[139.54195,35.66796],[139.54439,35.66665],[139.5416,35.66427],[139.53908,35.66455],[139.53745,35.66547],[139.53747,35.66703],[139.53559,35.66929],[139.5344,35.66754],[139.53137,35.6677],[139.53244,35.6699],[139.53049,35.67095],[139.52924,35.67372],[139.52794,35.67445],[139.52626,35.67724],[139.52659,35.67914],[139.52539,35.6809],[139.52868,35.6812],[139.52884,35.68286],[139.52516,35.68602],[139.52451,35.68794],[139.52227,35.68736],[139.52193,35.68523],[139.5205,35.68163],[139.52094,35.68053],[139.52429,35.67972],[139.52646,35.67238],[139.52543,35.66923],[139.52322,35.66779],[139.51944,35.66044],[139.51746,35.65839],[139.51759,35.6564],[139.52071,35.65374],[139.52084,35.64619],[139.52392,35.64343],[139.52539,35.64265],[139.53089,35.64196],[139.53595,35.63948],[139.54772,35.63669],[139.54943,35.63437],[139.55856,35.63375],[139.56197,35.63259],[139.56321,35.63739],[139.56337,35.64137],[139.56674,35.64759],[139.56878,35.64748],[139.56947,35.64903],[139.57193,35.64944],[139.57432,35.65074],[139.57652,35.65034],[139.58063,35.64731],[139.58384,35.6485],[139.58558,35.64551],[139.58764,35.64617],[139.58957,35.64514],[139.59206,35.64591],[139.59196,35.65136],[139.59308,35.65152],[139.59233,35.65543],[139.59098,35.65532],[139.58989,35.65725],[139.58975,35.66093],[139.58897,35.66245],[139.58743,35.66256],[139.58771,35.66437],[139.58996,35.66663],[139.58889,35.66941]]]}},{"type":"Feature","properties":{"code":"13209","name":"町田市","pref":"東京都","pref_code":"13","cx":139.44263,"cy":35.56224,"bbox":[139.2688,35.50125,139.50735,35.62337]},"geometry":{"type":"Polygon","coordinates":[[[139.2688,35.60935],[139.27427,35.61105],[139.27988,35.61148],[139.28287,35.61327],[139.28525,35.61339],[139.28605,35.61251],[139.29261,35.61181],[139.29684,35.60944],[139.297,35.608],[139.29871,35.60748],[139.2992,35.60623],[139.3016,35.606],[139.30477,35.60469],[139.30612,35.60547],[139.30941,35.60421],[139.31403,35.60435],[139.32056,35.60652],[139.3262,35.60469],[139.32711,35.60382],[139.32949,35.60368],[139.33214,35.60429],[139.33789,35.60435],[139.3399,35.60555],[139.34188,35.60454],[139.34244,35.60331],[139.3505,35.601],[139.35489,35.6003],[139.35673,35.59901],[139.35925,35.5986],[139.36308,35.59904],[139.36663,35.59724],[139.37047,35.59439],[139.37278,35.59498],[139.37524,35.59389],[139.37705,35.59171],[139.38533,35.58819],[139.38862,35.58853],[139.39108,35.58526],[139.39422,35.5856],[139.39483,35.58412],[139.39915,35.58465],[139.39977,35.58183],[139.40112,35.57978],[139.40124,35.57753],[139.40325,35.57557],[139.4065,35.57582],[139.40898,35.57533],[139.41071,35.57102],[139.41343,35.56625],[139.41623,35.56381],[139.41618,35.56197],[139.418,35.56192],[139.42244,35.55944],[139.42391,35.55589],[139.42629,35.55403],[139.42872,35.55038],[139.43199,35.54874],[139.43343,35.54633],[139.43601,35.54683],[139.43815,35.54558],[139.4407,35.54297],[139.4451,35.54113],[139.44815,35.5378],[139.44865,35.53525],[139.45058,35.53351],[139.45432,35.53124],[139.45492,35.53015],[139.45825,35.52805],[139.45697,35.52534],[139.45482,35.52274],[139.45613,35.52032],[139.46082,35.51938],[139.46328,35.51784],[139.46397,35.51643],[139.46404,35.51335],[139.46485,35.5109],[139.46827,35.50621],[139.4678,35.50227],[139.47143,35.50206],[139.47381,35.50125],[139.47638,35.50135],[139.48035,35.50297],[139.48486,35.50405],[139.48113,35.50531],[139.47699,35.51121],[139.48035,35.51473],[139.48328,35.51915],[139.48647,35.5203],[139.48575,35.52235],[139.48747,35.52412],[139.48654,35.52658],[139.4878,35.52788],[139.48577,35.53135],[139.48671,35.53561],[139.48484,35.53596],[139.48496,35.53806],[139.48398,35.53918],[139.48164,35.53995],[139.48033,35.54315],[139.48088,35.54596],[139.48239,35.54742],[139.48199,35.55563],[139.47973,35.55939],[139.47779,35.56059],[139.47637,35.5625],[139.47522,35.55975],[139.47041,35.56041],[139.46829,35.5633],[139.46902,35.56488],[139.46967,35.5695],[139.47153,35.57086],[139.47325,35.57385],[139.47324,35.57667],[139.47601,35.58073],[139.47811,35.58069],[139.4822,35.58172],[139.48498,35.58461],[139.48684,35.5847],[139.48987,35.58358],[139.4883,35.57842],[139.4863,35.57854],[139.48478,35.57565],[139.48375,35.57196],[139.48287,35.57138],[139.48641,35.56895],[139.48908,35.5632],[139.48925,35.56181],[139.49103,35.56143],[139.49289,35.56253],[139.49467,35.56486],[139.49627,35.56464],[139.49806,35.5679],[139.50083,35.56853],[139.5006,35.57044],[139.50434,35.57161],[139.50657,35.57172],[139.50735,35.57377],[139.50546,35.57479],[139.49922,35.58097],[139.49741,35.58209],[139.49393,35.58278],[139.49311,35.58436],[139.49446,35.58631],[139.49288,35.58914],[139.49197,35.58847],[139.48631,35.59165],[139.48189,35.59537],[139.47929,35.59574],[139.47839,35.5984],[139.47688,35.59954],[139.47397,35.5997],[139.47119,35.60106],[139.47028,35.60349],[139.46658,35.60658],[139.46667,35.60863],[139.4638,35.60916],[139.46319,35.60808],[139.46063,35.60841],[139.45738,35.60721],[139.45515,35.60516],[139.45337,35.60459],[139.45287,35.60745],[139.44906,35.61163],[139.44766,35.61088],[139.44593,35.60871],[139.44214,35.60945],[139.43817,35.60959],[139.43627,35.60674],[139.43387,35.60587],[139.42823,35.60805],[139.42827,35.60639],[139.42585,35.60587],[139.42311,35.60663],[139.42054,35.60978],[139.41832,35.61022],[139.41576,35.61216],[139.41275,35.61228],[139.41019,35.61006],[139.40793,35.61204],[139.40331,35.60942],[139.39858,35.61044],[139.39664,35.60963],[139.39574,35.60827],[139.3939,35.60819],[139.39147,35.60679],[139.38983,35.60669],[139.38751,35.60483],[139.38835,35.60241],[139.38639,35.59868],[139.38168,35.60212],[139.37981,35.60248],[139.37823,35.60367],[139.3759,35.60431],[139.37339,35.60422],[139.37134,35.60583],[139.36893,35.60639],[139.36583,35.60872],[139.36158,35.60542],[139.35957,35.60647],[139.35365,35.60732],[139.35161,35.60868],[139.34753,35.60891],[139.34166,35.6137],[139.33952,35.61708],[139.34157,35.61975],[139.34005,35.62079],[139.33805,35.62337],[139.33739,35.62104],[139.33857,35.61958],[139.33738,35.61421],[139.33576,35.61489],[139.33106,35.61541],[139.33013,35.61641],[139.32844,35.615],[139.32639,35.61576],[139.32556,35.61498],[139.32279,35.61482],[139.3215,35.61554],[139.3175,35.61524],[139.3153,35.61291],[139.31363,35.61446],[139.30762,35.61624],[139.30349,35.61518],[139.29804,35.61611],[139.29679,35.6155],[139.29374,35.61833],[139.29353,35.62053],[139.29205,35.62103],[139.28923,35.62023],[139.28703,35.62203],[139.28568,35.6208],[139.28278,35.62079],[139.28185,35.61979],[139.27992,35.62007],[139.27908,35.61879],[139.27695,35.61859],[139.27559,35.61548],[139.27336,35.6138],[139.27153,35.61398],[139.2688,35.61212],[139.2688,35.60935]]]}},{"type":"Feature","properties":{"code":"13210","name":"小金井市","pref":"東京都","pref_code":"13","cx":139.50981,"cy":35.70167,"bbox":[139.48446,35.68422,139.5342,35.71907]},"geometry":{"type":"Polygon","coordinates":[[[139.52645,35.71728],[139.52293,35.71781],[139.52315,35.71907],[139.50859,35.71636],[139.50782,35.71222],[139.50058,35.71233],[139.4959,35.71316],[139.4954,35.70964],[139.49234,35.70996],[139.49162,35.70807],[139.4862,35.70866],[139.48572,35.70838],[139.48743,35.70646],[139.48659,35.70428],[139.48552,35.70433],[139.48446,35.70226],[139.49144,35.70025],[139.49092,35.69709],[139.48841,35.69292],[139.48904,35.69096],[139.49579,35.68864],[139.49632,35.68674],[139.49871,35.68563],[139.49989,35.68718],[139.50295,35.68727],[139.50113,35.68458],[139.50303,35.68468],[139.50589,35.68656],[139.51457,35.68609],[139.51476,35.68915],[139.51621,35.69071],[139.51827,35.69125],[139.52227,35.68736],[139.52451,35.68794],[139.52516,35.68602],[139.52692,35.68422],[139.52626,35.68694],[139.52447,35.68841],[139.52488,35.6901],[139.52683,35.68949],[139.52854,35.69067],[139.53215,35.68934],[139.53137,35.69461],[139.5342,35.69488],[139.53356,35.70108],[139.53219,35.70292],[139.53254,35.70911],[139.52716,35.70991],[139.52739,35.71282],[139.52522,35.71306],[139.52645,35.71728]]]}},{"type":"Feature","properties":{"code":"13211","name":"小平市","pref":"東京都","pref_code":"13","cx":139.47717,"cy":35.72592,"bbox":[139.42445,35.70807,139.52467,35.74586]},"geometry":{"type":"Polygon","coordinates":[[[139.44612,35.72288],[139.45789,35.72081],[139.45867,35.71789],[139.47202,35.71538],[139.47194,35.71103],[139.47659,35.70893],[139.47849,35.7087],[139.48024,35.71436],[139.48572,35.70838],[139.4862,35.70866],[139.49162,35.70807],[139.49234,35.70996],[139.4954,35.70964],[139.4959,35.71316],[139.50058,35.71233],[139.50782,35.71222],[139.50859,35.71636],[139.51476,35.71721],[139.52467,35.71941],[139.52333,35.72325],[139.51768,35.72745],[139.51671,35.73059],[139.52017,35.73344],[139.52111,35.73895],[139.51511,35.73912],[139.51264,35.73798],[139.50817,35.73839],[139.50675,35.74],[139.50561,35.73206],[139.50444,35.7322],[139.50478,35.73665],[139.50396,35.73675],[139.50435,35.74023],[139.50328,35.74141],[139.5038,35.74285],[139.49811,35.74586],[139.49817,35.74434],[139.49133,35.74151],[139.48986,35.74448],[139.48573,35.74387],[139.48525,35.74089],[139.48679,35.73974],[139.48622,35.73451],[139.47883,35.73522],[139.47878,35.73721],[139.47713,35.73751],[139.47726,35.7399],[139.47101,35.74276],[139.46639,35.74408],[139.4471,35.73522],[139.44553,35.73503],[139.44247,35.73635],[139.42868,35.73006],[139.42644,35.73017],[139.42445,35.72968],[139.43358,35.72708],[139.43563,35.72476],[139.44612,35.72288]]]}},{"type":"Feature","properties":{"code":"13212","name":"日野市","pref":"東京都","pref_code":"13","cx":139.40247,"cy":35.66315,"bbox":[139.35735,35.63932,139.44202,35.69163]},"geometry":{"type":"Polygon","coordinates":[[[139.415,35.64703],[139.41681,35.64905],[139.42142,35.64626],[139.42561,35.64482],[139.42676,35.64383],[139.43036,35.64714],[139.43309,35.64828],[139.43405,35.65086],[139.4377,35.65004],[139.43834,35.65458],[139.4392,35.65714],[139.44202,35.65796],[139.4407,35.66019],[139.42779,35.67272],[139.42241,35.67914],[139.419,35.68217],[139.40564,35.6856],[139.39514,35.68918],[139.38769,35.69038],[139.38509,35.69128],[139.37627,35.69163],[139.37878,35.68848],[139.3752,35.68578],[139.37601,35.68359],[139.37512,35.68219],[139.37671,35.67838],[139.3765,35.67645],[139.37316,35.67345],[139.37047,35.66856],[139.37242,35.66575],[139.36217,35.66055],[139.35889,35.65936],[139.3594,35.65682],[139.35735,35.65581],[139.35815,35.65411],[139.36544,35.64641],[139.3688,35.64432],[139.37301,35.64381],[139.37655,35.6454],[139.37856,35.6441],[139.37883,35.64227],[139.37808,35.63932],[139.38202,35.64132],[139.38523,35.64132],[139.38737,35.64072],[139.39087,35.64092],[139.39201,35.63959],[139.39628,35.64045],[139.39823,35.63977],[139.39936,35.64119],[139.4064,35.64526],[139.40907,35.64468],[139.415,35.64703]]]}},{"type":"Feature","properties":{"code":"13213","name":"東村山市","pref":"東京都","pref_code":"13","cx":139.46891,"cy":35.7574,"bbox":[139.44,35.73451,139.50479,35.7817]},"geometry":{"type":"Polygon","coordinates":[[[139.48573,35.74387],[139.48703,35.74737],[139.48635,35.74846],[139.48884,35.75078],[139.49388,35.75382],[139.49395,35.75595],[139.49523,35.75652],[139.49476,35.75829],[139.49708,35.7593],[139.50479,35.7611],[139.4972,35.76243],[139.50121,35.76563],[139.50029,35.76954],[139.49925,35.77167],[139.49768,35.77215],[139.49651,35.77692],[139.49678,35.7787],[139.49598,35.7816],[139.49349,35.7817],[139.49375,35.77958],[139.4909,35.78049],[139.48958,35.77915],[139.48498,35.7808],[139.48146,35.78056],[139.4795,35.77994],[139.47855,35.7785],[139.47547,35.77691],[139.47451,35.77534],[139.47116,35.7734],[139.46985,35.77421],[139.46493,35.77376],[139.46319,35.77287],[139.46125,35.77338],[139.45892,35.77166],[139.45856,35.76968],[139.45135,35.76933],[139.44621,35.76794],[139.44497,35.76666],[139.44077,35.767],[139.44,35.76374],[139.44091,35.7622],[139.44055,35.76022],[139.44415,35.75575],[139.4462,35.75566],[139.44753,35.7526],[139.4469,35.75204],[139.44754,35.74925],[139.44877,35.74783],[139.45118,35.74649],[139.45069,35.74199],[139.45152,35.73997],[139.45014,35.73889],[139.45099,35.73699],[139.46639,35.74408],[139.47101,35.74276],[139.47726,35.7399],[139.47713,35.73751],[139.47878,35.73721],[139.47883,35.73522],[139.48622,35.73451],[139.48679,35.73974],[139.48525,35.74089],[139.48573,35.74387]]]}},{"type":"Feature","properties":{"code":"13214","name":"国分寺市","pref":"東京都","pref_code":"13","cx":139.46091,"cy":35.70539,"bbox":[139.42826,35.68835,139.49144,35.72288]},"geometry":{"type":"Polygon","coordinates":[[[139.43032,35.70354],[139.432,35.70166],[139.441,35.70132],[139.44162,35.70037],[139.44588,35.7003],[139.44854,35.70095],[139.45561,35.69474],[139.45941,35.69239],[139.46025,35.69985],[139.46297,35.69987],[139.46403,35.69725],[139.46377,35.69543],[139.46682,35.69534],[139.46779,35.6925],[139.46589,35.69156],[139.46558,35.68878],[139.46784,35.68835],[139.47737,35.68934],[139.47822,35.69037],[139.48646,35.69217],[139.48808,35.69497],[139.48959,35.69545],[139.49092,35.69709],[139.49144,35.70025],[139.48446,35.70226],[139.48552,35.70433],[139.48659,35.70428],[139.48743,35.70646],[139.48024,35.71436],[139.47849,35.7087],[139.47659,35.70893],[139.47194,35.71103],[139.47202,35.71538],[139.45867,35.71789],[139.45789,35.72081],[139.44612,35.72288],[139.44416,35.71286],[139.44337,35.71291],[139.44161,35.71583],[139.43655,35.71477],[139.43334,35.7184],[139.42826,35.71736],[139.43171,35.71165],[139.43563,35.70373],[139.43032,35.70354]]]}},{"type":"Feature","properties":{"code":"13215","name":"国立市","pref":"東京都","pref_code":"13","cx":139.43937,"cy":35.68719,"bbox":[139.41757,35.67072,139.45941,35.7044]},"geometry":{"type":"Polygon","coordinates":[[[139.41757,35.68276],[139.419,35.68217],[139.42241,35.67914],[139.42983,35.67082],[139.43173,35.67268],[139.43607,35.67152],[139.43701,35.67218],[139.44148,35.67072],[139.44191,35.67209],[139.44684,35.67311],[139.45081,35.67155],[139.45343,35.67166],[139.45115,35.67357],[139.45073,35.67665],[139.45162,35.67938],[139.45136,35.68066],[139.45293,35.68356],[139.45358,35.68766],[139.45604,35.69128],[139.45941,35.69239],[139.45561,35.69474],[139.44854,35.70095],[139.44588,35.7003],[139.44162,35.70037],[139.441,35.70132],[139.432,35.70166],[139.42961,35.7044],[139.42727,35.70363],[139.42559,35.70188],[139.42752,35.69836],[139.43165,35.69694],[139.4299,35.69393],[139.43105,35.69357],[139.43122,35.69028],[139.42841,35.69112],[139.42705,35.68883],[139.4247,35.68671],[139.4215,35.68858],[139.41757,35.68276]]]}},{"type":"Feature","properties":{"code":"13218","name":"福生市","pref":"東京都","pref_code":"13","cx":139.3364,"cy":35.73468,"bbox":[139.31387,35.71261,139.35988,35.75485]},"geometry":{"type":"Polygon","coordinates":[[[139.33249,35.71261],[139.33886,35.71586],[139.33945,35.71739],[139.33885,35.71944],[139.34162,35.72131],[139.34307,35.72156],[139.34628,35.72095],[139.34903,35.72155],[139.35256,35.7229],[139.35294,35.72484],[139.35505,35.72508],[139.3553,35.7263],[139.35335,35.72796],[139.35249,35.73286],[139.35346,35.73306],[139.35292,35.73606],[139.35901,35.73733],[139.35988,35.73958],[139.35847,35.74126],[139.35491,35.74277],[139.35605,35.74509],[139.35096,35.74701],[139.35043,35.74514],[139.35333,35.74253],[139.35207,35.74124],[139.34552,35.74707],[139.34233,35.74615],[139.34264,35.74984],[139.33874,35.75011],[139.33776,35.75195],[139.33578,35.75115],[139.33193,35.7517],[139.33156,35.75311],[139.32938,35.75238],[139.32734,35.75295],[139.32645,35.75443],[139.32493,35.75485],[139.32206,35.7536],[139.32094,35.75005],[139.3188,35.7507],[139.31749,35.74907],[139.31387,35.74712],[139.31671,35.74332],[139.32011,35.7333],[139.32199,35.73273],[139.32846,35.72787],[139.32845,35.7237],[139.33123,35.71346],[139.33249,35.71261]]]}},{"type":"Feature","properties":{"code":"13219","name":"狛江市","pref":"東京都","pref_code":"13","cx":139.57564,"cy":35.6347,"bbox":[139.56197,35.61843,139.59355,35.65074]},"geometry":{"type":"Polygon","coordinates":[[[139.58764,35.64617],[139.58558,35.64551],[139.58384,35.6485],[139.58063,35.64731],[139.57652,35.65034],[139.57432,35.65074],[139.57193,35.64944],[139.56947,35.64903],[139.56878,35.64748],[139.56674,35.64759],[139.56337,35.64137],[139.56321,35.63739],[139.56197,35.63259],[139.56266,35.63139],[139.56618,35.62945],[139.56563,35.6272],[139.56771,35.62694],[139.57112,35.62441],[139.57735,35.62182],[139.58004,35.62202],[139.58279,35.6216],[139.58639,35.62046],[139.59024,35.61843],[139.58934,35.62127],[139.58994,35.62446],[139.59202,35.62363],[139.59355,35.62655],[139.59127,35.63105],[139.59141,35.63306],[139.58976,35.63442],[139.58779,35.63497],[139.58618,35.6371],[139.58451,35.64094],[139.58659,35.64265],[139.58764,35.64617]]]}},{"type":"Feature","properties":{"code":"13220","name":"東大和市","pref":"東京都","pref_code":"13","cx":139.42728,"cy":35.75064,"bbox":[139.39168,35.73006,139.45152,35.76916]},"geometry":{"type":"Polygon","coordinates":[[[139.42644,35.73017],[139.42868,35.73006],[139.44247,35.73635],[139.44553,35.73503],[139.4471,35.73522],[139.45099,35.73699],[139.45014,35.73889],[139.45152,35.73997],[139.45069,35.74199],[139.45118,35.74649],[139.44877,35.74783],[139.44754,35.74925],[139.4469,35.75204],[139.44753,35.7526],[139.4462,35.75566],[139.44415,35.75575],[139.44055,35.76022],[139.44091,35.7622],[139.44,35.76374],[139.44077,35.767],[139.43963,35.76916],[139.43827,35.76796],[139.43546,35.76712],[139.43322,35.76735],[139.43155,35.76634],[139.42882,35.76696],[139.42762,35.76645],[139.42221,35.7678],[139.41956,35.7659],[139.4159,35.76627],[139.40951,35.76869],[139.40778,35.76844],[139.40488,35.76916],[139.40028,35.76775],[139.39845,35.7644],[139.39168,35.76335],[139.39352,35.76216],[139.39472,35.76278],[139.40054,35.76196],[139.40261,35.76108],[139.40514,35.76204],[139.40754,35.76085],[139.40927,35.75823],[139.40902,35.75523],[139.40727,35.75223],[139.40745,35.74863],[139.41065,35.7475],[139.41101,35.74089],[139.41208,35.73909],[139.4112,35.73726],[139.41361,35.73526],[139.41442,35.73303],[139.41622,35.73208],[139.4258,35.73104],[139.42644,35.73017]]]}},{"type":"Feature","properties":{"code":"13221","name":"清瀬市","pref":"東京都","pref_code":"13","cx":139.52571,"cy":35.78376,"bbox":[139.49651,35.7611,139.5472,35.80731]},"geometry":{"type":"Polygon","coordinates":[[[139.50479,35.7611],[139.50859,35.76205],[139.51637,35.76557],[139.52055,35.77003],[139.52305,35.77194],[139.53223,35.77342],[139.53595,35.77518],[139.53749,35.77688],[139.54298,35.77981],[139.5438,35.78284],[139.54379,35.78819],[139.54077,35.78986],[139.53758,35.79076],[139.53983,35.79374],[139.54409,35.7965],[139.54622,35.79923],[139.5472,35.80266],[139.54526,35.80458],[139.54429,35.80664],[139.5417,35.80731],[139.53686,35.80394],[139.53177,35.79684],[139.52926,35.79413],[139.52552,35.79188],[139.52256,35.78923],[139.52028,35.78837],[139.51684,35.78895],[139.51404,35.7885],[139.51315,35.78601],[139.51191,35.78508],[139.50846,35.78466],[139.5067,35.78277],[139.50374,35.78286],[139.49938,35.78217],[139.49803,35.78121],[139.49678,35.7787],[139.49651,35.77692],[139.49768,35.77215],[139.49925,35.77167],[139.50029,35.76954],[139.50121,35.76563],[139.4972,35.76243],[139.50479,35.7611]]]}},{"type":"Feature","properties":{"code":"13222","name":"東久留米市","pref":"東京都","pref_code":"13","cx":139.51659,"cy":35.7523,"bbox":[139.48573,35.73206,139.54784,35.77414]},"geometry":{"type":"Polygon","coordinates":[[[139.52017,35.73344],[139.53117,35.74047],[139.52717,35.74365],[139.52842,35.74472],[139.53205,35.74444],[139.53353,35.7449],[139.54458,35.75476],[139.54512,35.75758],[139.54698,35.7603],[139.54669,35.76269],[139.54764,35.76617],[139.54702,35.76801],[139.54784,35.77398],[139.54657,35.77414],[139.54167,35.772],[139.5303,35.76835],[139.52138,35.76757],[139.50859,35.76205],[139.49708,35.7593],[139.49476,35.75829],[139.49523,35.75652],[139.49395,35.75595],[139.49388,35.75382],[139.48884,35.75078],[139.48635,35.74846],[139.48703,35.74737],[139.48573,35.74387],[139.48986,35.74448],[139.49133,35.74151],[139.49817,35.74434],[139.49811,35.74586],[139.5038,35.74285],[139.50328,35.74141],[139.50435,35.74023],[139.50396,35.73675],[139.50478,35.73665],[139.50444,35.7322],[139.50561,35.73206],[139.50675,35.74],[139.50817,35.73839],[139.51264,35.73798],[139.51511,35.73912],[139.52111,35.73895],[139.52017,35.73344]]]}},{"type":"Feature","properties":{"code":"13223","name":"武蔵村山市","pref":"東京都","pref_code":"13","cx":139.38294,"cy":35.75373,"bbox":[139.35467,35.73259,139.41442,35.77292]},"geometry":{"type":"Polygon","coordinates":[[[139.41442,35.73303],[139.41361,35.73526],[139.4112,35.73726],[139.41208,35.73909],[139.41101,35.74089],[139.41065,35.7475],[139.40745,35.74863],[139.40727,35.75223],[139.40902,35.75523],[139.40927,35.75823],[139.40754,35.76085],[139.40514,35.76204],[139.40261,35.76108],[139.40054,35.76196],[139.39472,35.76278],[139.39352,35.76216],[139.39046,35.76408],[139.39182,35.76683],[139.3896,35.76714],[139.38484,35.76522],[139.38022,35.76637],[139.37903,35.7712],[139.37603,35.77022],[139.37432,35.76902],[139.37255,35.77112],[139.36782,35.77292],[139.36852,35.77106],[139.36712,35.76926],[139.36738,35.7678],[139.3656,35.76621],[139.36299,35.76252],[139.36262,35.76023],[139.36087,35.76024],[139.36019,35.7587],[139.35751,35.75553],[139.35812,35.75076],[139.35655,35.75071],[139.35589,35.74856],[139.3564,35.74662],[139.35467,35.7456],[139.35605,35.74509],[139.35491,35.74277],[139.35847,35.74126],[139.35988,35.73958],[139.36546,35.73906],[139.36947,35.73588],[139.37027,35.73736],[139.37405,35.73667],[139.37796,35.73509],[139.37848,35.73352],[139.38116,35.73486],[139.3835,35.73303],[139.38386,35.73552],[139.38853,35.73367],[139.39113,35.73366],[139.38729,35.73705],[139.38509,35.73764],[139.3849,35.74152],[139.38707,35.74121],[139.38807,35.73938],[139.39531,35.7335],[139.39827,35.73494],[139.40028,35.73376],[139.40882,35.73362],[139.40946,35.73259],[139.41442,35.73303]]]}},{"type":"Feature","properties":{"code":"13224","name":"多摩市","pref":"東京都","pref_code":"13","cx":139.44644,"cy":35.63093,"bbox":[139.39367,35.60587,139.47381,35.65796]},"geometry":{"type":"Polygon","coordinates":[[[139.3939,35.60819],[139.39574,35.60827],[139.39664,35.60963],[139.39858,35.61044],[139.40331,35.60942],[139.40793,35.61204],[139.41019,35.61006],[139.41275,35.61228],[139.41576,35.61216],[139.41832,35.61022],[139.42054,35.60978],[139.42311,35.60663],[139.42585,35.60587],[139.42827,35.60639],[139.42823,35.60805],[139.43387,35.60587],[139.43627,35.60674],[139.43817,35.60959],[139.44214,35.60945],[139.44593,35.60871],[139.44766,35.61088],[139.45072,35.61318],[139.45241,35.61578],[139.45295,35.61811],[139.45535,35.6182],[139.46074,35.62216],[139.46216,35.62488],[139.46416,35.62451],[139.46521,35.62874],[139.46453,35.62962],[139.47156,35.63373],[139.46901,35.64016],[139.46885,35.64462],[139.47179,35.64634],[139.47379,35.6468],[139.47381,35.64933],[139.47255,35.64928],[139.46788,35.65121],[139.44202,35.65796],[139.4392,35.65714],[139.43834,35.65458],[139.4377,35.65004],[139.43405,35.65086],[139.43309,35.64828],[139.43036,35.64714],[139.42676,35.64383],[139.42561,35.64482],[139.42142,35.64626],[139.41681,35.64905],[139.415,35.64703],[139.41556,35.64521],[139.41772,35.64312],[139.42274,35.64114],[139.42384,35.63957],[139.4268,35.63798],[139.42958,35.63397],[139.42979,35.63197],[139.42718,35.63198],[139.42502,35.62986],[139.42353,35.6299],[139.41984,35.6286],[139.41567,35.62562],[139.41319,35.62562],[139.41179,35.62435],[139.40787,35.6226],[139.40739,35.62134],[139.40471,35.62077],[139.40286,35.61773],[139.40125,35.61632],[139.40082,35.61456],[139.39853,35.61195],[139.39367,35.60863],[139.3939,35.60819]]]}},{"type":"Feature","properties":{"code":"13225","name":"稲城市","pref":"東京都","pref_code":"13","cx":139.49098,"cy":35.62831,"bbox":[139.46416,35.60467,139.52539,35.65265]},"geometry":{"type":"Polygon","coordinates":[[[139.47381,35.64933],[139.47379,35.6468],[139.47179,35.64634],[139.46885,35.64462],[139.46901,35.64016],[139.47156,35.63373],[139.46453,35.62962],[139.46521,35.62874],[139.46416,35.62451],[139.46786,35.62052],[139.47414,35.61967],[139.47624,35.61889],[139.47671,35.61533],[139.478,35.61374],[139.47966,35.61326],[139.48127,35.61006],[139.48351,35.60862],[139.48655,35.60843],[139.48827,35.60716],[139.48907,35.60467],[139.49404,35.60578],[139.49757,35.60487],[139.49976,35.60547],[139.50002,35.60728],[139.49578,35.61236],[139.49442,35.61546],[139.49488,35.61739],[139.49803,35.61843],[139.49922,35.62022],[139.50342,35.62286],[139.50608,35.62282],[139.50961,35.62408],[139.51437,35.62466],[139.51615,35.6257],[139.51696,35.62789],[139.5166,35.62959],[139.51746,35.63066],[139.52326,35.63217],[139.52339,35.63354],[139.52211,35.63457],[139.52118,35.63677],[139.52339,35.63882],[139.52428,35.64153],[139.52539,35.64265],[139.51684,35.6493],[139.51209,35.6512],[139.5068,35.65088],[139.50312,35.64994],[139.49946,35.65145],[139.49037,35.65203],[139.48902,35.6515],[139.48646,35.65265],[139.47925,35.65198],[139.474,35.65075],[139.47381,35.64933]]]}},{"type":"Feature","properties":{"code":"13227","name":"羽村市","pref":"東京都","pref_code":"13","cx":139.31595,"cy":35.76457,"bbox":[139.29213,35.74712,139.34308,35.78128]},"geometry":{"type":"Polygon","coordinates":[[[139.29654,35.75455],[139.30261,35.7552],[139.3067,35.75262],[139.31105,35.75063],[139.31387,35.74712],[139.31749,35.74907],[139.3188,35.7507],[139.32094,35.75005],[139.32206,35.7536],[139.32493,35.75485],[139.32645,35.75443],[139.32734,35.75295],[139.32938,35.75238],[139.33156,35.75311],[139.33193,35.7517],[139.33578,35.75115],[139.33776,35.75195],[139.33874,35.75011],[139.34264,35.74984],[139.34308,35.75322],[139.3422,35.75422],[139.33914,35.75458],[139.33845,35.75687],[139.33584,35.75929],[139.33598,35.76139],[139.33501,35.76598],[139.33319,35.7676],[139.33364,35.77095],[139.33152,35.77292],[139.32879,35.77134],[139.32107,35.77722],[139.31844,35.77841],[139.31228,35.77552],[139.31137,35.77676],[139.30919,35.77571],[139.30802,35.77723],[139.30332,35.77813],[139.30194,35.77989],[139.29841,35.78128],[139.2955,35.77766],[139.29213,35.77534],[139.29309,35.77204],[139.29521,35.7698],[139.29664,35.76628],[139.29655,35.76315],[139.29744,35.76008],[139.29654,35.75455]]]}},{"type":"Feature","properties":{"code":"13228","name":"あきる野市","pref":"東京都","pref_code":"13","cx":139.2132,"cy":35.73348,"bbox":[139.1361,35.68783,139.33123,35.77884]},"geometry":{"type":"Polygon","coordinates":[[[139.33123,35.71346],[139.32845,35.7237],[139.32846,35.72787],[139.32199,35.73273],[139.32011,35.7333],[139.31671,35.74332],[139.31105,35.75063],[139.3067,35.75262],[139.30261,35.7552],[139.29654,35.75455],[139.29434,35.75536],[139.29009,35.76007],[139.28814,35.75961],[139.28773,35.76092],[139.27611,35.76162],[139.27421,35.76089],[139.26932,35.76113],[139.26719,35.76004],[139.26427,35.76055],[139.26153,35.75983],[139.25686,35.76071],[139.25586,35.75939],[139.26185,35.75559],[139.26459,35.75546],[139.26855,35.75445],[139.27029,35.75341],[139.27344,35.75391],[139.27546,35.75363],[139.27761,35.75229],[139.2785,35.74977],[139.27989,35.74935],[139.28063,35.74731],[139.28047,35.74438],[139.27931,35.74211],[139.28243,35.74054],[139.28465,35.74059],[139.28365,35.73769],[139.28443,35.73224],[139.28365,35.73136],[139.27805,35.73366],[139.26292,35.73238],[139.26147,35.73366],[139.25803,35.73449],[139.25734,35.7354],[139.25295,35.73636],[139.24538,35.73666],[139.24405,35.7388],[139.23944,35.73976],[139.23262,35.73889],[139.22822,35.74012],[139.22612,35.74005],[139.21859,35.74444],[139.21567,35.74441],[139.21478,35.74668],[139.21237,35.74854],[139.21276,35.75205],[139.21101,35.75179],[139.20513,35.75378],[139.20433,35.75579],[139.20141,35.75753],[139.19811,35.7577],[139.19589,35.75966],[139.19367,35.76077],[139.18919,35.76225],[139.18744,35.76114],[139.1863,35.76219],[139.18148,35.7629],[139.1806,35.76407],[139.18068,35.76858],[139.17898,35.77035],[139.17706,35.77077],[139.1671,35.77605],[139.1666,35.77554],[139.16304,35.77824],[139.1606,35.77716],[139.15863,35.77791],[139.15749,35.77354],[139.1546,35.77324],[139.15298,35.77414],[139.15234,35.77595],[139.14913,35.77884],[139.14824,35.77789],[139.14824,35.77529],[139.14656,35.7753],[139.14446,35.77695],[139.14282,35.77634],[139.13938,35.77205],[139.13764,35.77243],[139.1361,35.77026],[139.13914,35.768],[139.1435,35.76632],[139.14507,35.76403],[139.14721,35.76213],[139.14465,35.76021],[139.14218,35.75998],[139.14041,35.75901],[139.13993,35.75764],[139.14073,35.75545],[139.14483,35.7552],[139.1474,35.75403],[139.14934,35.75425],[139.15195,35.75149],[139.15398,35.7501],[139.15421,35.74828],[139.15598,35.74662],[139.15658,35.7447],[139.16118,35.74304],[139.1641,35.74133],[139.16452,35.73776],[139.16585,35.73618],[139.16432,35.73249],[139.16498,35.73033],[139.1662,35.7294],[139.16535,35.7271],[139.16549,35.72258],[139.16724,35.72207],[139.16573,35.71843],[139.16644,35.71406],[139.16522,35.71155],[139.16532,35.70624],[139.16796,35.70406],[139.17032,35.70324],[139.17211,35.70169],[139.1726,35.69685],[139.17183,35.69264],[139.16968,35.69087],[139.16972,35.68974],[139.17141,35.68874],[139.17399,35.68923],[139.17895,35.68922],[139.18199,35.68806],[139.18407,35.68905],[139.18689,35.68803],[139.19137,35.68783],[139.19327,35.68906],[139.19563,35.68843],[139.19939,35.68825],[139.20016,35.69013],[139.20054,35.69913],[139.20481,35.69973],[139.20535,35.7032],[139.20434,35.70496],[139.2045,35.70739],[139.20691,35.71276],[139.21013,35.71362],[139.21482,35.7165],[139.21725,35.71887],[139.21904,35.71683],[139.222,35.7162],[139.22395,35.71661],[139.22629,35.71592],[139.22886,35.71628],[139.23005,35.71537],[139.23313,35.71532],[139.23583,35.71447],[139.23734,35.71331],[139.24109,35.71405],[139.24332,35.71248],[139.24506,35.71335],[139.24636,35.71094],[139.24963,35.71049],[139.25195,35.71226],[139.2551,35.71269],[139.25811,35.71224],[139.26086,35.71044],[139.26897,35.71003],[139.27075,35.71069],[139.27222,35.71265],[139.27198,35.71452],[139.27432,35.71498],[139.2769,35.71397],[139.28185,35.71364],[139.28318,35.71278],[139.28538,35.71335],[139.28877,35.71314],[139.29142,35.71365],[139.29426,35.71338],[139.29585,35.71146],[139.3035,35.71255],[139.30494,35.71155],[139.30841,35.71499],[139.3085,35.71589],[139.31359,35.71395],[139.3159,35.71425],[139.31924,35.71906],[139.32294,35.71628],[139.3252,35.71292],[139.32764,35.7104],[139.32909,35.71231],[139.33123,35.71346]]]}},{"type":"Feature","properties":{"code":"13229","name":"西東京市","pref":"東京都","pref_code":"13","cx":139.54693,"cy":35.73722,"bbox":[139.51671,35.71132,139.56942,35.7616]},"geometry":{"type":"Polygon","coordinates":[[[139.56279,35.7616],[139.56183,35.7596],[139.55778,35.75958],[139.55539,35.75775],[139.55525,35.75574],[139.55204,35.75596],[139.55006,35.75438],[139.54716,35.75338],[139.54678,35.75509],[139.54458,35.75476],[139.53353,35.7449],[139.53205,35.74444],[139.52842,35.74472],[139.52717,35.74365],[139.53117,35.74047],[139.52017,35.73344],[139.51671,35.73059],[139.51768,35.72745],[139.52333,35.72325],[139.52467,35.71941],[139.52315,35.71907],[139.52293,35.71781],[139.52645,35.71728],[139.52691,35.71851],[139.53,35.7175],[139.52942,35.71279],[139.53736,35.71132],[139.54941,35.71692],[139.55458,35.72078],[139.55722,35.72173],[139.56564,35.72166],[139.56526,35.72427],[139.566,35.72705],[139.56942,35.73416],[139.56733,35.73636],[139.56825,35.73808],[139.56816,35.74276],[139.56677,35.74743],[139.56883,35.74759],[139.5678,35.75006],[139.56901,35.75192],[139.5677,35.75322],[139.56777,35.75507],[139.56279,35.7616]]]}},{"type":"Feature","properties":{"code":"13303","name":"西多摩郡瑞穂町","pref":"東京都","pref_code":"13","cx":139.35029,"cy":35.76841,"bbox":[139.32066,35.74124,139.38154,35.79641]},"geometry":{"type":"Polygon","coordinates":[[[139.32107,35.77722],[139.32879,35.77134],[139.33152,35.77292],[139.33364,35.77095],[139.33319,35.7676],[139.33501,35.76598],[139.33598,35.76139],[139.33584,35.75929],[139.33845,35.75687],[139.33914,35.75458],[139.3422,35.75422],[139.34308,35.75322],[139.34233,35.74615],[139.34552,35.74707],[139.35207,35.74124],[139.35333,35.74253],[139.35043,35.74514],[139.35096,35.74701],[139.35467,35.7456],[139.3564,35.74662],[139.35589,35.74856],[139.35655,35.75071],[139.35812,35.75076],[139.35751,35.75553],[139.36019,35.7587],[139.36087,35.76024],[139.36262,35.76023],[139.36299,35.76252],[139.3656,35.76621],[139.36738,35.7678],[139.36712,35.76926],[139.36852,35.77106],[139.36782,35.77292],[139.37255,35.77112],[139.37432,35.76902],[139.37603,35.77022],[139.37903,35.7712],[139.38154,35.7745],[139.38134,35.7773],[139.38014,35.77875],[139.37552,35.78046],[139.37361,35.77969],[139.36991,35.78154],[139.36942,35.78326],[139.36749,35.78438],[139.36783,35.78704],[139.36987,35.78761],[139.36871,35.79029],[139.36992,35.79173],[139.35984,35.79162],[139.35857,35.79298],[139.35665,35.79348],[139.35306,35.793],[139.35026,35.79341],[139.34971,35.79491],[139.34671,35.79641],[139.34268,35.79403],[139.3385,35.79459],[139.33488,35.7937],[139.33278,35.79189],[139.33037,35.79362],[139.32848,35.79177],[139.33007,35.79061],[139.32626,35.78703],[139.32205,35.78978],[139.32079,35.7883],[139.32066,35.78336],[139.32412,35.78108],[139.32375,35.78005],[139.32107,35.77722]]]}},{"type":"Feature","properties":{"code":"13305","name":"西多摩郡日の出町","pref":"東京都","pref_code":"13","cx":139.22565,"cy":35.76018,"bbox":[139.16304,35.73136,139.28465,35.78908]},"geometry":{"type":"Polygon","coordinates":[[[139.16304,35.77824],[139.1666,35.77554],[139.1671,35.77605],[139.17706,35.77077],[139.17898,35.77035],[139.18068,35.76858],[139.1806,35.76407],[139.18148,35.7629],[139.1863,35.76219],[139.18744,35.76114],[139.18919,35.76225],[139.19367,35.76077],[139.19589,35.75966],[139.19811,35.7577],[139.20141,35.75753],[139.20433,35.75579],[139.20513,35.75378],[139.21101,35.75179],[139.21276,35.75205],[139.21237,35.74854],[139.21478,35.74668],[139.21567,35.74441],[139.21859,35.74444],[139.22612,35.74005],[139.22822,35.74012],[139.23262,35.73889],[139.23944,35.73976],[139.24405,35.7388],[139.24538,35.73666],[139.25295,35.73636],[139.25734,35.7354],[139.25803,35.73449],[139.26147,35.73366],[139.26292,35.73238],[139.27805,35.73366],[139.28365,35.73136],[139.28443,35.73224],[139.28365,35.73769],[139.28465,35.74059],[139.28243,35.74054],[139.27931,35.74211],[139.28047,35.74438],[139.28063,35.74731],[139.27989,35.74935],[139.2785,35.74977],[139.27761,35.75229],[139.27546,35.75363],[139.27344,35.75391],[139.27029,35.75341],[139.26855,35.75445],[139.26459,35.75546],[139.26185,35.75559],[139.25586,35.75939],[139.25686,35.76071],[139.25496,35.76293],[139.25191,35.76448],[139.25077,35.766],[139.24482,35.7674],[139.24264,35.76681],[139.23836,35.767],[139.2383,35.76826],[139.23527,35.76937],[139.23374,35.76862],[139.23174,35.76889],[139.23069,35.77],[139.22389,35.77284],[139.22258,35.77245],[139.22077,35.774],[139.2179,35.77293],[139.21525,35.77324],[139.21438,35.77407],[139.21053,35.77318],[139.20644,35.77844],[139.20357,35.78016],[139.20213,35.78248],[139.1989,35.78445],[139.19824,35.78644],[139.19553,35.78683],[139.1912,35.78868],[139.18879,35.78908],[139.18618,35.78778],[139.18195,35.78763],[139.17562,35.78486],[139.17213,35.78221],[139.16724,35.78112],[139.16568,35.77956],[139.16304,35.77824]]]}},{"type":"Feature","properties":{"code":"13307","name":"西多摩郡檜原村","pref":"東京都","pref_code":"13","cx":139.09442,"cy":35.72232,"bbox":[139.01229,35.66602,139.1726,35.77911]},"geometry":{"type":"Polygon","coordinates":[[[139.17141,35.68874],[139.16972,35.68974],[139.16968,35.69087],[139.17183,35.69264],[139.1726,35.69685],[139.17211,35.70169],[139.17032,35.70324],[139.16796,35.70406],[139.16532,35.70624],[139.16522,35.71155],[139.16644,35.71406],[139.16573,35.71843],[139.16724,35.72207],[139.16549,35.72258],[139.16535,35.7271],[139.1662,35.7294],[139.16498,35.73033],[139.16432,35.73249],[139.16585,35.73618],[139.16452,35.73776],[139.1641,35.74133],[139.16118,35.74304],[139.15658,35.7447],[139.15598,35.74662],[139.15421,35.74828],[139.15398,35.7501],[139.15195,35.75149],[139.14934,35.75425],[139.1474,35.75403],[139.14483,35.7552],[139.14073,35.75545],[139.13993,35.75764],[139.14041,35.75901],[139.14218,35.75998],[139.14465,35.76021],[139.14721,35.76213],[139.14507,35.76403],[139.1435,35.76632],[139.13914,35.768],[139.1361,35.77026],[139.13284,35.76642],[139.13075,35.76512],[139.12821,35.76698],[139.12513,35.7676],[139.12296,35.76943],[139.12115,35.76956],[139.11816,35.77144],[139.11502,35.7726],[139.11435,35.77354],[139.10972,35.77552],[139.10754,35.77684],[139.10585,35.77911],[139.10221,35.77838],[139.09662,35.77592],[139.09539,35.77472],[139.09541,35.77268],[139.09342,35.76996],[139.08847,35.77019],[139.08678,35.77124],[139.0829,35.7699],[139.08007,35.7701],[139.07503,35.772],[139.07359,35.77003],[139.0706,35.76852],[139.06904,35.76686],[139.06649,35.76564],[139.06362,35.7656],[139.06095,35.7641],[139.0583,35.76439],[139.05693,35.76366],[139.05489,35.76018],[139.05319,35.75965],[139.04917,35.76006],[139.04579,35.75805],[139.04312,35.75767],[139.0427,35.75511],[139.04007,35.75138],[139.03968,35.75011],[139.04108,35.74783],[139.04138,35.74606],[139.03987,35.74451],[139.03446,35.74246],[139.03197,35.74419],[139.02786,35.74429],[139.02712,35.74238],[139.02168,35.74013],[139.01748,35.73964],[139.01462,35.73858],[139.01229,35.73867],[139.01379,35.73499],[139.01796,35.73111],[139.01917,35.72898],[139.0209,35.72728],[139.02199,35.72504],[139.02253,35.72199],[139.02898,35.71677],[139.03235,35.71621],[139.03478,35.71496],[139.03872,35.71129],[139.04284,35.70975],[139.04667,35.70948],[139.04842,35.70801],[139.05068,35.70737],[139.05202,35.7049],[139.06312,35.70046],[139.06486,35.69815],[139.06674,35.6984],[139.07061,35.69763],[139.07211,35.69541],[139.07481,35.69556],[139.07655,35.6949],[139.07792,35.69563],[139.08166,35.69552],[139.08813,35.69163],[139.09225,35.69057],[139.09297,35.69147],[139.09542,35.69107],[139.09711,35.69227],[139.10562,35.69102],[139.10826,35.68974],[139.11049,35.68774],[139.11262,35.68496],[139.11634,35.68389],[139.11935,35.68051],[139.12271,35.67838],[139.12685,35.67686],[139.12872,35.67538],[139.13104,35.67205],[139.13352,35.6729],[139.13673,35.67241],[139.13893,35.67054],[139.14285,35.66996],[139.1429,35.66935],[139.14716,35.66682],[139.1514,35.66672],[139.1536,35.66602],[139.1616,35.66791],[139.16477,35.67045],[139.16598,35.67499],[139.16805,35.67699],[139.17,35.68011],[139.17141,35.68874]]]}},{"type":"Feature","properties":{"code":"13308","name":"西多摩郡奥多摩町","pref":"東京都","pref_code":"13","cx":139.07289,"cy":35.81735,"bbox":[138.94287,35.73858,139.17843,35.89842]},"geometry":{"type":"Polygon","coordinates":[[[139.16353,35.85087],[139.16215,35.85211],[139.1594,35.85707],[139.15512,35.85857],[139.14754,35.86271],[139.14436,35.86286],[139.13891,35.86401],[139.13536,35.86539],[139.13124,35.86447],[139.1292,35.86556],[139.12182,35.86493],[139.11927,35.86429],[139.11601,35.86446],[139.11445,35.86537],[139.11173,35.86468],[139.10268,35.86658],[139.10144,35.86572],[139.09909,35.86867],[139.0945,35.86951],[139.09166,35.86903],[139.08923,35.87103],[139.08399,35.87343],[139.08254,35.87487],[139.07776,35.87534],[139.0749,35.87409],[139.07255,35.87172],[139.07045,35.87155],[139.06145,35.87371],[139.05919,35.87505],[139.05782,35.8775],[139.05558,35.87746],[139.04984,35.87883],[139.04833,35.88121],[139.04287,35.8856],[139.04035,35.88631],[139.03761,35.88909],[139.02933,35.89291],[139.02356,35.89736],[139.02089,35.89716],[139.0184,35.89842],[139.01338,35.89826],[139.01055,35.8971],[139.00681,35.89364],[139.00666,35.88962],[139.00496,35.88738],[139.00289,35.88622],[139.00076,35.884],[138.99588,35.88445],[138.99458,35.88326],[138.98875,35.88115],[138.98526,35.88118],[138.98367,35.88256],[138.97893,35.88501],[138.9759,35.88324],[138.97249,35.88198],[138.96802,35.88221],[138.9667,35.88064],[138.96641,35.87897],[138.9652,35.87779],[138.96208,35.87675],[138.96008,35.87678],[138.95446,35.87491],[138.95439,35.87418],[138.94926,35.86902],[138.94637,35.86868],[138.94514,35.86793],[138.94654,35.86436],[138.94287,35.86016],[138.94302,35.8572],[138.94393,35.85482],[138.9468,35.85284],[138.94855,35.84954],[138.94787,35.84776],[138.94798,35.84482],[138.94734,35.8433],[138.94912,35.84047],[138.95326,35.83652],[138.95854,35.83269],[138.95951,35.83121],[138.9622,35.82961],[138.96425,35.82938],[138.9693,35.83138],[138.97048,35.82736],[138.96965,35.82273],[138.97007,35.82128],[138.96945,35.81885],[138.96977,35.81585],[138.97206,35.8137],[138.97221,35.81113],[138.97108,35.80998],[138.97032,35.80458],[138.9714,35.80308],[138.97111,35.80142],[138.9718,35.799],[138.97341,35.79781],[138.97452,35.79515],[138.97711,35.79275],[138.97608,35.79187],[138.97688,35.78903],[138.97952,35.78709],[138.98188,35.78708],[138.98505,35.78527],[138.98498,35.78345],[138.98643,35.78225],[138.98532,35.77442],[138.98366,35.77202],[138.9844,35.76776],[138.98651,35.76646],[138.98734,35.76503],[138.98936,35.76349],[138.99123,35.75914],[138.99275,35.75758],[138.99243,35.75552],[138.99561,35.75377],[138.99883,35.75114],[139.00194,35.75015],[139.00516,35.75045],[139.00569,35.74813],[139.01039,35.74229],[139.01229,35.73867],[139.01462,35.73858],[139.01748,35.73964],[139.02168,35.74013],[139.02712,35.74238],[139.02786,35.74429],[139.03197,35.74419],[139.03446,35.74246],[139.03987,35.74451],[139.04138,35.74606],[139.04108,35.74783],[139.03968,35.75011],[139.04007,35.75138],[139.0427,35.75511],[139.04312,35.75767],[139.04579,35.75805],[139.04917,35.76006],[139.05319,35.75965],[139.05489,35.76018],[139.05693,35.76366],[139.0583,35.76439],[139.06095,35.7641],[139.06362,35.7656],[139.06649,35.76564],[139.06904,35.76686],[139.0706,35.76852],[139.07359,35.77003],[139.07503,35.772],[139.08007,35.7701],[139.0829,35.7699],[139.08678,35.77124],[139.08847,35.77019],[139.09342,35.76996],[139.09541,35.77268],[139.09539,35.77472],[139.09662,35.77592],[139.10221,35.77838],[139.10585,35.77911],[139.10754,35.77684],[139.10972,35.77552],[139.11435,35.77354],[139.11502,35.7726],[139.11816,35.77144],[139.12115,35.76956],[139.12296,35.76943],[139.12513,35.7676],[139.12821,35.76698],[139.13075,35.76512],[139.13284,35.76642],[139.13764,35.77243],[139.13716,35.77804],[139.14048,35.77899],[139.14281,35.78105],[139.14781,35.78202],[139.14688,35.78506],[139.14757,35.78901],[139.14756,35.79163],[139.14692,35.79303],[139.14873,35.79446],[139.14982,35.79638],[139.15464,35.79769],[139.15631,35.79863],[139.15826,35.79829],[139.16093,35.7992],[139.16482,35.8016],[139.16732,35.80173],[139.17153,35.80355],[139.17167,35.80509],[139.17365,35.80679],[139.17551,35.80684],[139.17421,35.81283],[139.17741,35.82019],[139.17524,35.82683],[139.17843,35.83059],[139.1769,35.83306],[139.17735,35.83515],[139.17534,35.83607],[139.17172,35.84003],[139.17109,35.83998],[139.16612,35.84297],[139.16642,35.84457],[139.16258,35.84955],[139.16353,35.85087]]]}},{"type":"Feature","properties":{"code":"13361","name":"大島支庁大島町","pref":"東京都","pref_code":"13","cx":139.40225,"cy":34.73907,"bbox":[139.34879,34.6782,139.45,34.79907]},"geometry":{"type":"Polygon","coordinates":[[[139.36109,34.79907],[139.35878,34.79321],[139.35593,34.79152],[139.3537,34.78926],[139.35233,34.78425],[139.3504,34.78388],[139.34934,34.775],[139.35154,34.77168],[139.35197,34.76952],[139.35088,34.76673],[139.34891,34.76604],[139.34879,34.76244],[139.3491,34.75903],[139.35066,34.75681],[139.352,34.7535],[139.35164,34.7521],[139.35313,34.75033],[139.35278,34.74854],[139.35323,34.74617],[139.35623,34.74326],[139.35606,34.73986],[139.35684,34.73506],[139.3531,34.73086],[139.35323,34.72698],[139.35237,34.72508],[139.3525,34.71917],[139.35352,34.71724],[139.35612,34.71568],[139.35691,34.71424],[139.36105,34.7103],[139.35988,34.70737],[139.35919,34.702],[139.36098,34.70199],[139.36479,34.70053],[139.36775,34.7005],[139.37257,34.69962],[139.37474,34.69688],[139.37661,34.69585],[139.38067,34.69585],[139.38384,34.69379],[139.38469,34.69201],[139.38729,34.68996],[139.391,34.68778],[139.39409,34.68699],[139.39573,34.68393],[139.39942,34.68409],[139.40015,34.68272],[139.40199,34.68194],[139.40411,34.68256],[139.40647,34.68118],[139.41027,34.68064],[139.41134,34.68162],[139.4161,34.68111],[139.4208,34.68241],[139.42356,34.6821],[139.42527,34.68267],[139.42677,34.68109],[139.42824,34.68131],[139.42909,34.67989],[139.43121,34.67853],[139.43375,34.6782],[139.43868,34.67867],[139.44025,34.67988],[139.44078,34.68199],[139.43638,34.68754],[139.43721,34.68874],[139.43928,34.68773],[139.43935,34.68546],[139.44366,34.68432],[139.44474,34.68454],[139.4443,34.68858],[139.44579,34.68984],[139.44658,34.69293],[139.45,34.69653],[139.44954,34.69828],[139.44772,34.69999],[139.44593,34.70056],[139.4437,34.70298],[139.44385,34.70708],[139.4449,34.71069],[139.44869,34.71313],[139.44927,34.71564],[139.44878,34.7196],[139.44611,34.72243],[139.44482,34.72521],[139.44549,34.72807],[139.44504,34.73073],[139.44388,34.73199],[139.44423,34.73378],[139.44552,34.73572],[139.4467,34.73611],[139.44808,34.73828],[139.44888,34.74103],[139.44813,34.74442],[139.44566,34.74723],[139.44337,34.7477],[139.44052,34.75357],[139.44099,34.75584],[139.43972,34.7602],[139.43885,34.76113],[139.43788,34.76432],[139.43717,34.76476],[139.43679,34.76763],[139.4332,34.77236],[139.4247,34.77867],[139.42335,34.78086],[139.42065,34.78107],[139.41794,34.78195],[139.41467,34.78377],[139.41198,34.78683],[139.40797,34.78619],[139.40569,34.78762],[139.40313,34.78708],[139.39999,34.78806],[139.39801,34.78788],[139.39162,34.78973],[139.38993,34.78861],[139.38873,34.78931],[139.38422,34.79],[139.38211,34.79137],[139.3805,34.79433],[139.37795,34.7939],[139.37584,34.79494],[139.3744,34.79686],[139.3723,34.79844],[139.36814,34.79639],[139.36679,34.79642],[139.36352,34.79828],[139.36109,34.79907]]]}},{"type":"Feature","properties":{"code":"13362","name":"大島支庁利島村","pref":"東京都","pref_code":"13","cx":139.27965,"cy":34.52171,"bbox":[139.26739,34.51105,139.29311,34.53233]},"geometry":{"type":"Polygon","coordinates":[[[139.27565,34.53229],[139.27399,34.53224],[139.27188,34.53089],[139.2687,34.52732],[139.26739,34.52296],[139.26806,34.51746],[139.26972,34.51514],[139.27221,34.51268],[139.27633,34.51105],[139.28089,34.51181],[139.29079,34.5205],[139.29273,34.52292],[139.29311,34.52462],[139.29236,34.52682],[139.29088,34.52883],[139.28493,34.53233],[139.27565,34.53229]]]}},{"type":"Feature","properties":{"code":"13363","name":"大島支庁新島村","pref":"東京都","pref_code":"13","cx":139.2133,"cy":34.32598,"bbox":[139.19392,34.3161,139.29932,34.47835]},"geometry":{"type":"MultiPolygon","coordinates":[[[[139.27601,34.3274],[139.27521,34.32649],[139.27744,34.32414],[139.27966,34.32552],[139.27831,34.32705],[139.27601,34.3274]]],[[[139.21287,34.33693],[139.21138,34.33586],[139.20923,34.33674],[139.20802,34.3353],[139.20609,34.33468],[139.2088,34.3312],[139.20659,34.32826],[139.20436,34.32672],[139.20178,34.32895],[139.20072,34.32658],[139.20092,34.32538],[139.19892,34.32499],[139.19392,34.32027],[139.19491,34.3182],[139.19662,34.31759],[139.19785,34.3161],[139.20092,34.31613],[139.20218,34.31806],[139.20284,34.32099],[139.20747,34.32112],[139.20699,34.31974],[139.20808,34.31749],[139.21102,34.31812],[139.21193,34.3165],[139.21345,34.31622],[139.21501,34.31777],[139.21651,34.3171],[139.21797,34.32029],[139.22028,34.32247],[139.22263,34.32378],[139.22446,34.32335],[139.22665,34.32772],[139.22551,34.33093],[139.21695,34.33358],[139.21467,34.3331],[139.21408,34.33528],[139.21287,34.33693]]],[[[139.22443,34.37561],[139.22444,34.3734],[139.22798,34.37091],[139.22643,34.36732],[139.22892,34.36749],[139.22846,34.36874],[139.22934,34.37259],[139.22443,34.37561]]],[[[139.2793,34.43139],[139.27949,34.42955],[139.28069,34.42913],[139.28043,34.42695],[139.28174,34.42403],[139.28115,34.42084],[139.27955,34.41802],[139.27643,34.41577],[139.27386,34.41528],[139.27248,34.41668],[139.26869,34.41539],[139.26702,34.41338],[139.26784,34.41158],[139.26611,34.41009],[139.26712,34.40826],[139.26078,34.40455],[139.25897,34.40214],[139.25572,34.40028],[139.25649,34.39875],[139.2552,34.3962],[139.25721,34.39515],[139.25727,34.39246],[139.25559,34.38383],[139.25464,34.38293],[139.25371,34.37907],[139.25246,34.37644],[139.2489,34.37097],[139.24814,34.37086],[139.24585,34.36787],[139.24334,34.36788],[139.24319,34.36522],[139.24204,34.36386],[139.24431,34.36122],[139.24524,34.35896],[139.24573,34.35434],[139.24507,34.35361],[139.24449,34.34849],[139.24916,34.34507],[139.24976,34.3432],[139.25256,34.3393],[139.25537,34.33827],[139.25775,34.33576],[139.26091,34.33414],[139.26593,34.3329],[139.27064,34.33095],[139.27185,34.33089],[139.27224,34.33677],[139.27319,34.34075],[139.27586,34.34342],[139.27628,34.34782],[139.27581,34.36962],[139.27654,34.38186],[139.27788,34.39035],[139.27973,34.39361],[139.28524,34.40008],[139.28822,34.40089],[139.28985,34.40257],[139.28934,34.40609],[139.29136,34.40817],[139.2866,34.41151],[139.28676,34.41417],[139.29156,34.41845],[139.2906,34.42415],[139.28845,34.42552],[139.28852,34.42686],[139.28583,34.42884],[139.28408,34.42858],[139.28268,34.43047],[139.2808,34.43048],[139.2793,34.43139]]],[[[139.28651,34.47835],[139.28946,34.47506],[139.29181,34.47109],[139.29167,34.47013],[139.29466,34.46978],[139.29899,34.4703],[139.29932,34.47135],[139.29743,34.473],[139.29243,34.47528],[139.28904,34.47755],[139.28651,34.47835]]]]}},{"type":"Feature","properties":{"code":"13364","name":"大島支庁神津島村","pref":"東京都","pref_code":"13","cx":139.15249,"cy":34.215,"bbox":[139.07196,34.18343,139.19308,34.24374]},"geometry":{"type":"MultiPolygon","coordinates":[[[[139.0742,34.18594],[139.07196,34.18415],[139.07319,34.18343],[139.07485,34.18485],[139.0742,34.18594]]],[[[139.07678,34.18816],[139.07501,34.18719],[139.07667,34.18575],[139.07755,34.18719],[139.07678,34.18816]]],[[[139.19239,34.20934],[139.18923,34.20854],[139.19187,34.20603],[139.19308,34.20867],[139.19239,34.20934]]],[[[139.14331,34.24374],[139.13961,34.24324],[139.13714,34.24124],[139.13759,34.23775],[139.13603,34.23724],[139.13424,34.23495],[139.13605,34.23343],[139.13566,34.2316],[139.13649,34.23075],[139.13689,34.22597],[139.13582,34.22432],[139.13418,34.22346],[139.13139,34.22349],[139.12838,34.22281],[139.12843,34.22115],[139.13096,34.21903],[139.13358,34.21839],[139.13363,34.21715],[139.13065,34.21625],[139.13114,34.21213],[139.13276,34.21073],[139.13262,34.20731],[139.13312,34.20506],[139.1325,34.2023],[139.13164,34.20123],[139.12907,34.20132],[139.12571,34.20071],[139.12495,34.19979],[139.12178,34.19902],[139.12188,34.19719],[139.12062,34.19567],[139.12017,34.19302],[139.12063,34.1905],[139.12278,34.18819],[139.12414,34.18963],[139.12564,34.18819],[139.12558,34.18682],[139.12805,34.1871],[139.12867,34.18571],[139.13038,34.18474],[139.13261,34.18562],[139.13326,34.18702],[139.13545,34.18712],[139.13941,34.18616],[139.14299,34.18767],[139.14437,34.18876],[139.14638,34.18893],[139.14581,34.19106],[139.14641,34.19323],[139.14633,34.19551],[139.14889,34.19696],[139.14911,34.19543],[139.1506,34.19496],[139.15157,34.19275],[139.15529,34.1952],[139.15648,34.19748],[139.15584,34.19913],[139.15424,34.19887],[139.15342,34.20119],[139.15728,34.20506],[139.16559,34.20831],[139.16849,34.20862],[139.17038,34.20488],[139.17533,34.20575],[139.17466,34.2066],[139.1745,34.21043],[139.17345,34.21149],[139.17329,34.21375],[139.1751,34.21628],[139.17436,34.2179],[139.17249,34.21858],[139.17174,34.21975],[139.17176,34.22429],[139.17035,34.23112],[139.1677,34.23415],[139.1582,34.23776],[139.15653,34.23927],[139.15222,34.23996],[139.15027,34.2393],[139.14876,34.23969],[139.14331,34.24374]]]]}},{"type":"Feature","properties":{"code":"13381","name":"三宅支庁三宅村","pref":"東京都","pref_code":"13","cx":139.52144,"cy":34.08599,"bbox":[139.47317,34.04578,139.56533,34.1252]},"geometry":{"type":"Polygon","coordinates":[[[139.53238,34.12463],[139.52992,34.1241],[139.52951,34.12515],[139.52748,34.1252],[139.52507,34.12411],[139.52264,34.12489],[139.51923,34.12385],[139.51753,34.12201],[139.51391,34.12053],[139.51101,34.12035],[139.50654,34.12268],[139.50365,34.12155],[139.50157,34.12131],[139.49851,34.12181],[139.49673,34.12036],[139.49279,34.11963],[139.49017,34.11536],[139.48921,34.11254],[139.49183,34.10923],[139.4918,34.10809],[139.49395,34.10554],[139.49296,34.1025],[139.49142,34.10128],[139.48834,34.10073],[139.48781,34.09787],[139.48839,34.09598],[139.48571,34.09315],[139.48325,34.09194],[139.48096,34.08679],[139.48226,34.08484],[139.48169,34.08317],[139.47822,34.08022],[139.47401,34.07835],[139.47317,34.07699],[139.47455,34.07394],[139.47636,34.07273],[139.47817,34.07267],[139.48018,34.07064],[139.47991,34.06786],[139.48183,34.06755],[139.48087,34.06528],[139.47878,34.06524],[139.47786,34.06286],[139.47761,34.0602],[139.47882,34.05938],[139.47915,34.05699],[139.4811,34.05696],[139.48099,34.05418],[139.48238,34.05149],[139.48471,34.05255],[139.4878,34.05238],[139.48981,34.05143],[139.49064,34.04965],[139.49338,34.0483],[139.49406,34.0489],[139.49685,34.04833],[139.50111,34.04578],[139.5064,34.04777],[139.50931,34.04762],[139.51233,34.04882],[139.51734,34.04791],[139.51897,34.0481],[139.52172,34.04718],[139.52243,34.04843],[139.52535,34.04944],[139.52863,34.04677],[139.53123,34.04686],[139.5334,34.04888],[139.53455,34.05315],[139.53836,34.05398],[139.5404,34.05622],[139.5423,34.05629],[139.5456,34.0582],[139.54634,34.05785],[139.55099,34.05877],[139.55355,34.06026],[139.55533,34.06253],[139.5552,34.06336],[139.55957,34.06567],[139.56098,34.06876],[139.56272,34.0687],[139.56276,34.07112],[139.56374,34.0737],[139.56293,34.07771],[139.56389,34.07944],[139.56274,34.08182],[139.56163,34.08267],[139.56117,34.0852],[139.56167,34.08701],[139.56342,34.08863],[139.56287,34.0903],[139.56525,34.09376],[139.56533,34.09795],[139.56376,34.10068],[139.56522,34.10221],[139.56323,34.10262],[139.56336,34.10549],[139.55896,34.11089],[139.55544,34.11258],[139.55126,34.11622],[139.54764,34.11676],[139.54676,34.1198],[139.53934,34.12381],[139.53594,34.12339],[139.53238,34.12463]]]}},{"type":"Feature","properties":{"code":"13382","name":"三宅支庁御蔵島村","pref":"東京都","pref_code":"13","cx":139.60285,"cy":33.87669,"bbox":[139.57659,33.85195,139.63192,33.90114]},"geometry":{"type":"Polygon","coordinates":[[[139.60362,33.90114],[139.60042,33.90101],[139.59931,33.90017],[139.59409,33.89909],[139.59086,33.89779],[139.58879,33.89503],[139.583,33.88927],[139.57826,33.88284],[139.57659,33.87779],[139.57726,33.87497],[139.5767,33.86606],[139.57832,33.86105],[139.57945,33.85957],[139.58339,33.85761],[139.59238,33.85437],[139.60132,33.85459],[139.61117,33.85349],[139.61398,33.85243],[139.6194,33.85195],[139.62078,33.85231],[139.62371,33.85511],[139.62603,33.85937],[139.6269,33.8599],[139.63171,33.86858],[139.63192,33.8713],[139.62999,33.87394],[139.62951,33.87585],[139.6282,33.87752],[139.62531,33.88376],[139.61853,33.89243],[139.61657,33.89278],[139.6096,33.89893],[139.60572,33.90087],[139.60362,33.90114]]]}},{"type":"Feature","properties":{"code":"13401","name":"八丈支庁八丈町","pref":"東京都","pref_code":"13","cx":139.80824,"cy":33.10218,"bbox":[139.67537,33.0454,139.85925,33.15918]},"geometry":{"type":"MultiPolygon","coordinates":[[[[139.68586,33.13662],[139.683,33.13661],[139.68111,33.13497],[139.67859,33.1345],[139.67652,33.13476],[139.67537,33.13352],[139.67665,33.13203],[139.6754,33.13076],[139.68065,33.12581],[139.68383,33.11857],[139.68495,33.11762],[139.68883,33.11617],[139.68987,33.117],[139.6938,33.11762],[139.69817,33.11676],[139.69865,33.11553],[139.70102,33.11759],[139.69999,33.11838],[139.69914,33.12064],[139.69902,33.12455],[139.69724,33.12774],[139.69526,33.12925],[139.69146,33.13028],[139.68953,33.13165],[139.68765,33.13404],[139.68738,33.13541],[139.68586,33.13662]]],[[[139.76001,33.15898],[139.75743,33.15918],[139.75685,33.15831],[139.74914,33.15699],[139.74601,33.15562],[139.74383,33.15333],[139.7434,33.1514],[139.74136,33.14733],[139.73899,33.14552],[139.73961,33.14375],[139.73851,33.14161],[139.73832,33.13848],[139.73988,33.13414],[139.73981,33.13142],[139.74119,33.12932],[139.74196,33.1267],[139.7435,33.1261],[139.74458,33.12266],[139.74777,33.11864],[139.75098,33.11581],[139.75247,33.11227],[139.75183,33.11012],[139.75289,33.10876],[139.75347,33.10635],[139.75513,33.10397],[139.75757,33.10262],[139.76701,33.10173],[139.76976,33.10024],[139.7728,33.09772],[139.77343,33.09868],[139.77744,33.09957],[139.77672,33.09816],[139.77883,33.09586],[139.77978,33.09261],[139.78011,33.08949],[139.77956,33.08685],[139.78044,33.08184],[139.78027,33.07564],[139.78106,33.07316],[139.78428,33.06971],[139.7859,33.06937],[139.79046,33.06649],[139.79301,33.06593],[139.7962,33.06256],[139.80208,33.06385],[139.80513,33.06221],[139.80761,33.05934],[139.81057,33.05877],[139.81228,33.05963],[139.81518,33.05952],[139.81862,33.0588],[139.82001,33.05791],[139.82723,33.05003],[139.82962,33.0484],[139.83222,33.0454],[139.83566,33.04848],[139.83691,33.05063],[139.8364,33.0519],[139.83347,33.05474],[139.83434,33.06257],[139.83315,33.06572],[139.83382,33.06762],[139.83533,33.06796],[139.83741,33.07012],[139.83887,33.07313],[139.83895,33.075],[139.84003,33.076],[139.84239,33.07637],[139.84541,33.07562],[139.84668,33.07702],[139.84995,33.07801],[139.85171,33.07743],[139.85481,33.07745],[139.8575,33.07892],[139.85744,33.08042],[139.85925,33.08376],[139.85865,33.08583],[139.85623,33.08815],[139.85465,33.09077],[139.85437,33.09357],[139.85544,33.09607],[139.8574,33.09839],[139.85525,33.10119],[139.85156,33.10463],[139.84987,33.10787],[139.84896,33.11164],[139.84487,33.11629],[139.84236,33.11634],[139.83606,33.11814],[139.83041,33.11712],[139.8263,33.1177],[139.82395,33.11933],[139.82,33.12023],[139.81704,33.12022],[139.81697,33.12335],[139.81447,33.12831],[139.81194,33.12818],[139.80999,33.13006],[139.8077,33.13037],[139.80557,33.12944],[139.80285,33.13289],[139.80081,33.13248],[139.79803,33.13352],[139.79832,33.13537],[139.79678,33.13562],[139.79696,33.13749],[139.7961,33.13887],[139.79608,33.14247],[139.79498,33.14216],[139.79318,33.14382],[139.7889,33.1453],[139.78675,33.14786],[139.78348,33.14887],[139.78158,33.15136],[139.7764,33.15496],[139.77595,33.15626],[139.77382,33.15742],[139.77089,33.15819],[139.76813,33.1575],[139.76354,33.15882],[139.76001,33.15898]]]]}},{"type":"Feature","properties":{"code":"13402","name":"八丈支庁青ヶ島村","pref":"東京都","pref_code":"13","cx":139.76742,"cy":32.45831,"bbox":[139.75443,32.44301,139.78123,32.47347]},"geometry":{"type":"Polygon","coordinates":[[[139.75844,32.47347],[139.75518,32.47176],[139.75443,32.46715],[139.75488,32.45538],[139.75462,32.45133],[139.75576,32.44968],[139.75719,32.44932],[139.76105,32.44609],[139.76401,32.44577],[139.76735,32.44301],[139.77007,32.44317],[139.77911,32.44725],[139.78109,32.45034],[139.78123,32.45261],[139.78017,32.45497],[139.78081,32.45715],[139.77935,32.45946],[139.77731,32.46164],[139.77421,32.46332],[139.77182,32.4657],[139.76992,32.46897],[139.76723,32.47028],[139.76246,32.47143],[139.75952,32.47336],[139.75844,32.47347]]]}},{"type":"Feature","properties":{"code":"13421","name":"小笠原支庁小笠原村","pref":"東京都","pref_code":"13","cx":141.31994,"cy":24.78002,"bbox":[140.86927,24.22475,153.98655,27.72054]},"geometry":{"type":"MultiPolygon","coordinates":[[[[153.98392,24.29755],[153.98275,24.29689],[153.98156,24.29483],[153.97776,24.2908],[153.97244,24.28657],[153.97151,24.28431],[153.97756,24.28324],[153.98212,24.28123],[153.98443,24.28086],[153.98646,24.28205],[153.98655,24.28396],[153.98501,24.29],[153.98494,24.29637],[153.98392,24.29755]]],[[[142.126,26.71429],[142.12348,26.71409],[142.1226,26.71061],[142.1233,26.70957],[142.12328,26.70575],[142.12551,26.70407],[142.12544,26.70288],[142.12702,26.7012],[142.12822,26.70136],[142.1287,26.699],[142.12866,26.6953],[142.13009,26.69427],[142.13096,26.69035],[142.13081,26.68908],[142.13365,26.68653],[142.13532,26.68597],[142.13648,26.68429],[142.13645,26.68153],[142.14322,26.67677],[142.14476,26.67632],[142.14502,26.67446],[142.14366,26.67221],[142.14407,26.66982],[142.14151,26.66724],[142.14287,26.66634],[142.14549,26.66667],[142.14641,26.66799],[142.14777,26.66759],[142.14931,26.66587],[142.14924,26.66206],[142.14521,26.65824],[142.14518,26.65648],[142.14702,26.65683],[142.1464,26.65286],[142.14891,26.65092],[142.14847,26.64946],[142.14942,26.64843],[142.1519,26.64775],[142.15288,26.64636],[142.15169,26.6456],[142.15409,26.63594],[142.15643,26.63568],[142.1585,26.63893],[142.16071,26.63992],[142.1613,26.63409],[142.16102,26.63178],[142.16183,26.63033],[142.1642,26.63009],[142.16507,26.63136],[142.16954,26.63227],[142.17116,26.631],[142.17215,26.62826],[142.1731,26.62818],[142.17324,26.62569],[142.17615,26.62386],[142.17471,26.62272],[142.17627,26.62154],[142.17732,26.61925],[142.17655,26.61642],[142.17786,26.61549],[142.17678,26.61366],[142.17516,26.61271],[142.17363,26.60993],[142.17646,26.60962],[142.1776,26.60779],[142.17882,26.60798],[142.18162,26.61008],[142.18219,26.612],[142.18092,26.61418],[142.18186,26.62267],[142.18025,26.62428],[142.18042,26.62729],[142.18111,26.62841],[142.1801,26.6296],[142.18045,26.63108],[142.17722,26.63412],[142.17273,26.63613],[142.17325,26.63919],[142.17123,26.64343],[142.17351,26.64468],[142.17327,26.64653],[142.17457,26.64796],[142.17381,26.65265],[142.17434,26.65437],[142.17593,26.65507],[142.17832,26.65475],[142.18028,26.65312],[142.18419,26.65471],[142.18472,26.6558],[142.18843,26.65544],[142.18828,26.65869],[142.18724,26.65958],[142.18467,26.65846],[142.18409,26.65979],[142.18198,26.65939],[142.18229,26.65682],[142.18067,26.65698],[142.17921,26.65546],[142.17601,26.65668],[142.17503,26.65578],[142.17266,26.6562],[142.16949,26.65836],[142.16757,26.65793],[142.16453,26.66092],[142.16354,26.66257],[142.16387,26.66434],[142.16218,26.66659],[142.16276,26.67011],[142.16164,26.67288],[142.16365,26.67617],[142.16403,26.6778],[142.16557,26.68004],[142.16703,26.68095],[142.16616,26.68275],[142.16602,26.68472],[142.16775,26.68599],[142.1685,26.6899],[142.16641,26.68915],[142.16606,26.68744],[142.16491,26.68685],[142.15932,26.68687],[142.15876,26.68612],[142.15374,26.68404],[142.14975,26.68368],[142.14658,26.68533],[142.14715,26.68736],[142.1458,26.69338],[142.14877,26.69464],[142.15093,26.69424],[142.15125,26.69723],[142.15982,26.70117],[142.16322,26.70014],[142.16502,26.70257],[142.15869,26.70364],[142.15793,26.70622],[142.15485,26.70864],[142.15333,26.70858],[142.15293,26.70639],[142.14768,26.70761],[142.14551,26.70625],[142.14238,26.70836],[142.14129,26.70727],[142.14107,26.70539],[142.1423,26.70347],[142.14132,26.70137],[142.14313,26.69885],[142.13626,26.70043],[142.13414,26.69961],[142.13354,26.7023],[142.13105,26.70392],[142.13149,26.70623],[142.13001,26.70868],[142.12753,26.70977],[142.126,26.71429]]],[[[142.12697,27.68083],[142.12482,27.68065],[142.12533,27.67849],[142.12654,27.67833],[142.12697,27.68083]]],[[[141.46214,24.24507],[141.4586,24.24479],[141.45504,24.24187],[141.45361,24.23641],[141.45328,24.2292],[141.45373,24.22689],[141.45565,24.22526],[141.45925,24.22475],[141.46881,24.22718],[141.47201,24.23313],[141.47292,24.23957],[141.47224,24.24191],[141.47097,24.24185],[141.46214,24.24507]]],[[[141.28768,24.80661],[141.28616,24.80601],[141.2847,24.7994],[141.28592,24.79829],[141.28648,24.80174],[141.28755,24.80324],[141.28768,24.80661]]],[[[141.32348,24.81262],[141.32152,24.80842],[141.31675,24.8059],[141.31377,24.80534],[141.31143,24.80305],[141.30915,24.80188],[141.30889,24.80071],[141.30533,24.79864],[141.29993,24.79722],[141.29657,24.79559],[141.28968,24.79091],[141.28739,24.79],[141.28559,24.78717],[141.28689,24.7859],[141.2889,24.78731],[141.29143,24.78557],[141.29331,24.7815],[141.29321,24.77876],[141.29382,24.77754],[141.29353,24.77085],[141.29277,24.76926],[141.2913,24.76284],[141.29056,24.76069],[141.28855,24.7574],[141.28592,24.75468],[141.28522,24.75065],[141.28628,24.74787],[141.28581,24.74584],[141.28817,24.74612],[141.29182,24.74874],[141.29473,24.75255],[141.302,24.7567],[141.30406,24.75728],[141.31916,24.76607],[141.32507,24.77042],[141.33628,24.77074],[141.3379,24.7721],[141.33943,24.77243],[141.3407,24.77371],[141.34301,24.77478],[141.34426,24.77766],[141.34621,24.77876],[141.34703,24.78128],[141.34633,24.78197],[141.34356,24.79356],[141.34099,24.79959],[141.33582,24.80617],[141.33438,24.80672],[141.32993,24.81067],[141.32773,24.81166],[141.32348,24.81262]]],[[[141.28411,25.44877],[141.28244,25.44881],[141.28013,25.44797],[141.27831,25.4465],[141.27372,25.44167],[141.27281,25.43942],[141.27223,25.42939],[141.27614,25.41943],[141.27836,25.41879],[141.28178,25.41892],[141.28765,25.42077],[141.29048,25.42238],[141.29328,25.42572],[141.29322,25.42904],[141.29228,25.43314],[141.29318,25.43647],[141.29251,25.43927],[141.29064,25.44052],[141.29024,25.44358],[141.28815,25.44733],[141.28411,25.44877]]],[[[142.21256,26.56446],[142.20954,26.564],[142.20588,26.5617],[142.20414,26.56227],[142.20405,26.55896],[142.20157,26.55666],[142.20157,26.5535],[142.20474,26.55486],[142.20561,26.55422],[142.21529,26.55681],[142.21571,26.55867],[142.2179,26.56168],[142.21608,26.56389],[142.21256,26.56446]]],[[[142.15499,26.56454],[142.15217,26.56351],[142.15318,26.5594],[142.15208,26.55865],[142.15346,26.55552],[142.15378,26.55223],[142.15478,26.55169],[142.15483,26.5493],[142.15107,26.54843],[142.15129,26.54661],[142.15598,26.54336],[142.15809,26.54425],[142.15793,26.54675],[142.15998,26.54709],[142.16111,26.54908],[142.16087,26.55279],[142.15901,26.55585],[142.15953,26.55784],[142.16131,26.55937],[142.1603,26.56154],[142.15677,26.56195],[142.15499,26.56454]]],[[[142.23067,26.57565],[142.22948,26.57512],[142.22654,26.57096],[142.22848,26.56906],[142.22583,26.56643],[142.22683,26.56382],[142.22865,26.56381],[142.23162,26.56657],[142.23389,26.56663],[142.24017,26.56898],[142.2382,26.57041],[142.23497,26.57104],[142.23326,26.57337],[142.23067,26.57565]]],[[[142.16144,26.58846],[142.15897,26.58756],[142.15821,26.58813],[142.15465,26.58776],[142.15199,26.58544],[142.14949,26.58598],[142.14792,26.58303],[142.15058,26.58177],[142.15253,26.5836],[142.15477,26.58439],[142.15817,26.58337],[142.15965,26.58565],[142.16101,26.58648],[142.16144,26.58846]]],[[[142.16382,26.59289],[142.16435,26.58987],[142.16623,26.59042],[142.1653,26.59225],[142.16382,26.59289]]],[[[142.1776,26.6055],[142.17579,26.603],[142.17788,26.60311],[142.1776,26.6055]]],[[[142.13106,26.61062],[142.12982,26.6087],[142.12823,26.60916],[142.12748,26.61042],[142.12554,26.60721],[142.12267,26.60429],[142.12429,26.60394],[142.12633,26.60236],[142.12741,26.59929],[142.12569,26.59848],[142.12526,26.59559],[142.12712,26.59592],[142.12893,26.59501],[142.13292,26.59639],[142.13593,26.6014],[142.13466,26.60537],[142.13353,26.60657],[142.13382,26.6084],[142.13275,26.61011],[142.13106,26.61062]]],[[[142.17401,27.04409],[142.17313,27.04343],[142.17401,27.03665],[142.17531,27.03176],[142.17692,27.03193],[142.17531,27.03672],[142.17772,27.03681],[142.17401,27.04409]]],[[[142.24131,27.09583],[142.24163,27.09441],[142.24326,27.09264],[142.24467,27.09219],[142.24574,27.09031],[142.2481,27.09094],[142.24856,27.09305],[142.24626,27.09492],[142.24131,27.09583]]],[[[142.19329,27.10583],[142.19095,27.10449],[142.18879,27.10458],[142.18712,27.10552],[142.18298,27.10313],[142.18169,27.10041],[142.1829,27.09704],[142.18203,27.09529],[142.18257,27.09314],[142.18597,27.09132],[142.18625,27.08858],[142.18784,27.088],[142.19041,27.08927],[142.19218,27.093],[142.19815,27.09605],[142.19891,27.09773],[142.20103,27.0994],[142.20281,27.09857],[142.20133,27.09581],[142.20312,27.09513],[142.20375,27.09365],[142.20331,27.09131],[142.20376,27.09007],[142.20197,27.08744],[142.20389,27.08639],[142.20412,27.08492],[142.20639,27.08623],[142.20836,27.0838],[142.20721,27.08248],[142.20684,27.07794],[142.2051,27.07664],[142.2058,27.07486],[142.20313,27.07294],[142.20202,27.07293],[142.19876,27.07516],[142.19686,27.07465],[142.19222,27.07542],[142.1908,27.07366],[142.18666,27.07272],[142.18378,27.07526],[142.18285,27.07511],[142.18171,27.07282],[142.1824,27.07099],[142.18445,27.07053],[142.18718,27.07164],[142.18794,27.06979],[142.18959,27.07004],[142.19113,27.06824],[142.19328,27.06715],[142.19139,27.06518],[142.19351,27.06421],[142.19485,27.06286],[142.19527,27.06105],[142.19421,27.05932],[142.1929,27.05936],[142.18821,27.06153],[142.18765,27.05608],[142.18952,27.05551],[142.18907,27.05246],[142.18978,27.05044],[142.18894,27.0486],[142.18638,27.0482],[142.18512,27.04574],[142.18401,27.04552],[142.18528,27.04303],[142.18719,27.04482],[142.18977,27.04391],[142.19103,27.04243],[142.19459,27.04196],[142.19567,27.04398],[142.19833,27.04553],[142.20628,27.04412],[142.20814,27.04036],[142.21239,27.04065],[142.21454,27.03977],[142.21737,27.04161],[142.21954,27.04137],[142.22053,27.04046],[142.21885,27.0376],[142.21956,27.03627],[142.22939,27.03595],[142.22965,27.03775],[142.22844,27.03889],[142.22591,27.03889],[142.22526,27.04162],[142.22274,27.04423],[142.22365,27.04606],[142.22607,27.04584],[142.22516,27.04803],[142.2263,27.04982],[142.22191,27.05287],[142.22235,27.05396],[142.22506,27.05356],[142.22628,27.05515],[142.22867,27.05685],[142.22968,27.05455],[142.23529,27.04954],[142.23747,27.05135],[142.23723,27.05392],[142.2347,27.05621],[142.23186,27.05682],[142.23186,27.05816],[142.23014,27.05949],[142.23027,27.06072],[142.23178,27.06279],[142.23077,27.06904],[142.23134,27.07148],[142.23277,27.07291],[142.23321,27.07548],[142.23286,27.07751],[142.22841,27.0813],[142.2259,27.08068],[142.22436,27.08217],[142.22506,27.08307],[142.22315,27.08593],[142.22493,27.08787],[142.22477,27.08983],[142.22357,27.09077],[142.22258,27.09318],[142.21954,27.09582],[142.2177,27.09839],[142.21767,27.10013],[142.2148,27.10044],[142.21144,27.10345],[142.20552,27.1034],[142.2044,27.10546],[142.19758,27.10451],[142.19573,27.10497],[142.19477,27.10354],[142.19348,27.10383],[142.19329,27.10583]]],[[[142.18567,27.11875],[142.18444,27.11809],[142.18667,27.11627],[142.18741,27.11746],[142.18567,27.11875]]],[[[142.16842,27.12157],[142.16705,27.12039],[142.16516,27.12136],[142.16383,27.12008],[142.16545,27.11794],[142.16544,27.1165],[142.16385,27.11517],[142.16197,27.11512],[142.16159,27.11327],[142.16559,27.1129],[142.16733,27.11515],[142.16837,27.11458],[142.17049,27.11498],[142.17178,27.11636],[142.17036,27.11915],[142.16842,27.12157]]],[[[142.19167,27.14417],[142.19086,27.1399],[142.18985,27.13936],[142.18899,27.13697],[142.19311,27.13351],[142.19007,27.13194],[142.18795,27.12976],[142.18913,27.12653],[142.19081,27.12477],[142.1902,27.12325],[142.18712,27.12153],[142.18995,27.12066],[142.19411,27.12327],[142.1984,27.12319],[142.20131,27.12198],[142.20195,27.11993],[142.20634,27.11802],[142.20572,27.11604],[142.20309,27.11424],[142.20058,27.11127],[142.20077,27.1098],[142.20431,27.11038],[142.20674,27.10914],[142.20995,27.10886],[142.21262,27.10962],[142.2165,27.10847],[142.22004,27.10888],[142.22069,27.11086],[142.22275,27.11013],[142.22604,27.11114],[142.2291,27.10987],[142.23077,27.11031],[142.23169,27.10919],[142.23388,27.1091],[142.23608,27.11159],[142.23534,27.11417],[142.22898,27.1145],[142.22768,27.11496],[142.22607,27.11694],[142.2273,27.11825],[142.22621,27.11984],[142.22662,27.12406],[142.22403,27.12301],[142.22256,27.1263],[142.22043,27.12709],[142.21857,27.12957],[142.21964,27.13266],[142.21689,27.13358],[142.21646,27.13254],[142.20982,27.13028],[142.20927,27.1294],[142.20503,27.12886],[142.2052,27.13105],[142.20679,27.13275],[142.20688,27.13406],[142.20511,27.13486],[142.20357,27.13454],[142.2022,27.13312],[142.20029,27.1327],[142.20012,27.13408],[142.19822,27.13479],[142.19458,27.13784],[142.19599,27.13955],[142.19373,27.14104],[142.19402,27.14364],[142.19167,27.14417]]],[[[142.18922,27.19003],[142.18508,27.18723],[142.18575,27.18467],[142.1877,27.18419],[142.18757,27.1821],[142.18568,27.17997],[142.18588,27.17734],[142.18755,27.17669],[142.18724,27.17392],[142.18769,27.17231],[142.18558,27.17144],[142.18379,27.16867],[142.1843,27.16662],[142.18327,27.16605],[142.1844,27.1593],[142.18188,27.15657],[142.18445,27.15688],[142.18635,27.15465],[142.18469,27.15258],[142.18561,27.15043],[142.18466,27.14952],[142.18119,27.15082],[142.17963,27.14835],[142.18064,27.14645],[142.18727,27.14472],[142.18826,27.1463],[142.18755,27.14765],[142.18792,27.15018],[142.18935,27.1507],[142.19239,27.15062],[142.19305,27.1525],[142.19626,27.15457],[142.19756,27.15709],[142.19939,27.15816],[142.19774,27.15987],[142.20033,27.16263],[142.20084,27.16619],[142.20216,27.16914],[142.19806,27.16883],[142.19807,27.171],[142.19512,27.17329],[142.1946,27.17639],[142.19529,27.17912],[142.19992,27.18137],[142.20008,27.18283],[142.19726,27.18251],[142.19581,27.18461],[142.19122,27.18585],[142.18918,27.18708],[142.18922,27.19003]]],[[[142.19856,27.19677],[142.19742,27.19549],[142.19523,27.19644],[142.19365,27.19552],[142.19346,27.19391],[142.1956,27.19369],[142.19841,27.19481],[142.19856,27.19677]]],[[[140.87505,27.25401],[140.87335,27.25371],[140.87114,27.25082],[140.87116,27.24692],[140.86927,27.24398],[140.86929,27.24296],[140.8746,27.23772],[140.87767,27.23794],[140.88192,27.23702],[140.88406,27.23716],[140.88667,27.23892],[140.88892,27.24276],[140.89002,27.24566],[140.88908,27.24823],[140.88603,27.25127],[140.8804,27.25337],[140.87505,27.25401]]],[[[142.20695,27.4895],[142.20543,27.48777],[142.20883,27.48791],[142.20695,27.4895]]],[[[142.21141,27.50224],[142.20983,27.5001],[142.20532,27.50045],[142.20426,27.49949],[142.20449,27.49706],[142.20543,27.49638],[142.21147,27.49474],[142.21198,27.49363],[142.21112,27.49195],[142.212,27.49006],[142.2134,27.48934],[142.2151,27.48961],[142.21406,27.49463],[142.21207,27.49627],[142.21293,27.49822],[142.21141,27.50224]]],[[[142.17507,27.63589],[142.1738,27.6352],[142.17344,27.6336],[142.17219,27.6331],[142.17128,27.63099],[142.17212,27.63025],[142.17218,27.62821],[142.17343,27.62557],[142.17345,27.62436],[142.17566,27.62306],[142.17905,27.62495],[142.18027,27.62284],[142.18191,27.62321],[142.18326,27.62095],[142.18542,27.61946],[142.18724,27.62251],[142.18488,27.62577],[142.18309,27.63038],[142.17959,27.63041],[142.17838,27.63207],[142.1782,27.63367],[142.17604,27.63395],[142.17507,27.63589]]],[[[142.13125,27.68874],[142.12816,27.68819],[142.12521,27.68699],[142.12537,27.6842],[142.12687,27.68355],[142.12721,27.68174],[142.12893,27.68163],[142.12936,27.68008],[142.13145,27.6794],[142.13323,27.68017],[142.13542,27.68009],[142.1389,27.6789],[142.13781,27.67446],[142.13966,27.67208],[142.14111,27.67145],[142.14359,27.67165],[142.14568,27.67059],[142.14714,27.67144],[142.14881,27.67355],[142.14794,27.67966],[142.14864,27.68083],[142.14774,27.68204],[142.14813,27.68362],[142.14647,27.68508],[142.14319,27.68637],[142.14264,27.68852],[142.14011,27.68859],[142.14039,27.68688],[142.13837,27.68637],[142.13625,27.68736],[142.13266,27.68553],[142.13226,27.6879],[142.13125,27.68874]]],[[[142.09657,27.72054],[142.09652,27.71923],[142.09926,27.71742],[142.1026,27.7173],[142.09895,27.72028],[142.09657,27.72054]]]]}},{"type":"Feature","properties":{"code":"14101","name":"横浜市鶴見区","pref":"神奈川県","pref_code":"14","cx":139.67133,"cy":35.5036,"bbox":[139.63542,35.44983,139.72533,35.53999]},"geometry":{"type":"MultiPolygon","coordinates":[[[[139.69475,35.46528],[139.6924,35.47201],[139.67259,35.46523],[139.67311,35.46062],[139.6772,35.45816],[139.69549,35.44983],[139.70225,35.45512],[139.69807,35.46092],[139.68843,35.457],[139.68469,35.45886],[139.69487,35.46377],[139.69475,35.46528]]],[[[139.72533,35.4698],[139.7145,35.48619],[139.70219,35.48054],[139.70027,35.47869],[139.70595,35.47454],[139.71271,35.46425],[139.72533,35.4698]]],[[[139.67793,35.53972],[139.67488,35.53718],[139.66645,35.533],[139.65554,35.53883],[139.64997,35.5369],[139.64673,35.53343],[139.64743,35.52328],[139.64157,35.52271],[139.64063,35.51811],[139.63542,35.51549],[139.63934,35.50627],[139.64468,35.50513],[139.64418,35.50241],[139.65281,35.5001],[139.65758,35.49772],[139.65757,35.4946],[139.66725,35.48352],[139.67314,35.47513],[139.6679,35.47356],[139.66842,35.46783],[139.68177,35.47289],[139.68177,35.47836],[139.68949,35.47891],[139.6928,35.48141],[139.68833,35.48976],[139.69321,35.49241],[139.6963,35.48404],[139.71146,35.4908],[139.70475,35.50099],[139.7034,35.50444],[139.69888,35.50276],[139.69661,35.50588],[139.69164,35.51948],[139.68824,35.52266],[139.6887,35.52639],[139.68363,35.5314],[139.68491,35.53999],[139.67793,35.53972]]]]}},{"type":"Feature","properties":{"code":"14102","name":"横浜市神奈川区","pref":"神奈川県","pref_code":"14","cx":139.61983,"cy":35.48645,"bbox":[139.56782,35.46361,139.66915,35.50627]},"geometry":{"type":"MultiPolygon","coordinates":[[[[139.6457,35.47471],[139.64205,35.47169],[139.65292,35.46361],[139.65228,35.46697],[139.65596,35.47022],[139.65039,35.47445],[139.6457,35.47471]]],[[[139.63934,35.50627],[139.63664,35.50059],[139.63678,35.49561],[139.63517,35.4931],[139.63088,35.49375],[139.6253,35.48939],[139.62208,35.49064],[139.61909,35.49488],[139.61332,35.49204],[139.609,35.49929],[139.60337,35.49789],[139.59143,35.502],[139.59066,35.50372],[139.58286,35.5042],[139.57333,35.5041],[139.56782,35.49726],[139.57287,35.49142],[139.57984,35.47504],[139.58282,35.47361],[139.5921,35.48191],[139.60131,35.4802],[139.60201,35.47435],[139.59927,35.46805],[139.60461,35.46779],[139.61103,35.47212],[139.61639,35.46867],[139.62334,35.46801],[139.62693,35.46571],[139.63219,35.4671],[139.63347,35.46497],[139.63812,35.46518],[139.64197,35.47344],[139.64466,35.47598],[139.65157,35.4764],[139.64832,35.48038],[139.65145,35.48152],[139.65388,35.47665],[139.66915,35.47749],[139.66725,35.48352],[139.65757,35.4946],[139.65758,35.49772],[139.65281,35.5001],[139.64418,35.50241],[139.64468,35.50513],[139.63934,35.50627]]]]}},{"type":"Feature","properties":{"code":"14103","name":"横浜市西区","pref":"神奈川県","pref_code":"14","cx":139.62127,"cy":35.45641,"bbox":[139.6044,35.44227,139.63839,35.47212]},"geometry":{"type":"Polygon","coordinates":[[[139.60461,35.46779],[139.60605,35.45776],[139.60455,35.451],[139.6044,35.44347],[139.60656,35.44312],[139.61484,35.44433],[139.62175,35.44227],[139.62556,35.44363],[139.63039,35.45475],[139.63551,35.45543],[139.63807,35.45738],[139.63839,35.46378],[139.63347,35.46497],[139.63219,35.4671],[139.62693,35.46571],[139.62334,35.46801],[139.61639,35.46867],[139.61103,35.47212],[139.60461,35.46779]]]}},{"type":"Feature","properties":{"code":"14104","name":"横浜市中区","pref":"神奈川県","pref_code":"14","cx":139.6606,"cy":35.42943,"bbox":[139.62175,35.39316,139.69214,35.4568]},"geometry":{"type":"MultiPolygon","coordinates":[[[[139.69214,35.41008],[139.68888,35.41279],[139.68417,35.40898],[139.68019,35.41019],[139.67116,35.40291],[139.67638,35.39976],[139.68225,35.4045],[139.68537,35.40191],[139.67928,35.39516],[139.68237,35.39316],[139.68921,35.39883],[139.68544,35.40468],[139.69214,35.41008]]],[[[139.62175,35.44227],[139.62394,35.43975],[139.63046,35.43999],[139.63633,35.43318],[139.63424,35.42848],[139.62775,35.42764],[139.62815,35.42395],[139.63244,35.41913],[139.63833,35.41907],[139.64239,35.4116],[139.65258,35.41302],[139.6632,35.40662],[139.66887,35.40645],[139.66955,35.40288],[139.67945,35.41086],[139.68126,35.41496],[139.67801,35.41619],[139.68122,35.42642],[139.68539,35.42666],[139.69061,35.43922],[139.68535,35.442],[139.67831,35.43038],[139.67535,35.43159],[139.6815,35.44158],[139.67528,35.44571],[139.67115,35.43884],[139.66855,35.44023],[139.67432,35.44971],[139.67036,35.4513],[139.66407,35.44284],[139.66028,35.44126],[139.65698,35.44434],[139.66363,35.44676],[139.65714,35.45133],[139.65186,35.44513],[139.64668,35.44812],[139.64413,35.45385],[139.6385,35.4568],[139.63551,35.45543],[139.63039,35.45475],[139.62556,35.44363],[139.62175,35.44227]]]]}},{"type":"Feature","properties":{"code":"14105","name":"横浜市南区","pref":"神奈川県","pref_code":"14","cx":139.59815,"cy":35.42645,"bbox":[139.57337,35.40848,139.63633,35.44433]},"geometry":{"type":"Polygon","coordinates":[[[139.60656,35.44312],[139.60102,35.43988],[139.58699,35.4405],[139.58268,35.43468],[139.57758,35.43369],[139.57513,35.43102],[139.57337,35.42193],[139.577,35.42241],[139.58143,35.41286],[139.58571,35.41135],[139.59141,35.41276],[139.59317,35.41544],[139.59833,35.41585],[139.5973,35.41236],[139.60289,35.40891],[139.60636,35.40848],[139.60573,35.41273],[139.60749,35.41996],[139.6132,35.42225],[139.61635,35.42526],[139.62775,35.42764],[139.63424,35.42848],[139.63633,35.43318],[139.63046,35.43999],[139.62394,35.43975],[139.62175,35.44227],[139.61484,35.44433],[139.60656,35.44312]]]}},{"type":"Feature","properties":{"code":"14106","name":"横浜市保土ケ谷区","pref":"神奈川県","pref_code":"14","cx":139.58588,"cy":35.46292,"bbox":[139.54518,35.43102,139.60656,35.49799]},"geometry":{"type":"Polygon","coordinates":[[[139.56782,35.49726],[139.56365,35.49308],[139.55331,35.49799],[139.55005,35.49276],[139.55654,35.4848],[139.56459,35.48437],[139.56683,35.48111],[139.56204,35.48026],[139.56259,35.47757],[139.55812,35.47173],[139.55951,35.4676],[139.56403,35.46548],[139.56886,35.46035],[139.5617,35.45346],[139.5517,35.45372],[139.54518,35.45067],[139.54687,35.44744],[139.55177,35.44295],[139.55816,35.44141],[139.55846,35.43809],[139.56196,35.4355],[139.57198,35.4378],[139.57513,35.43102],[139.57758,35.43369],[139.58268,35.43468],[139.58699,35.4405],[139.60102,35.43988],[139.60656,35.44312],[139.6044,35.44347],[139.60455,35.451],[139.60605,35.45776],[139.60461,35.46779],[139.59927,35.46805],[139.60201,35.47435],[139.60131,35.4802],[139.5921,35.48191],[139.58282,35.47361],[139.57984,35.47504],[139.57287,35.49142],[139.56782,35.49726]]]}},{"type":"Feature","properties":{"code":"14107","name":"横浜市磯子区","pref":"神奈川県","pref_code":"14","cx":139.61954,"cy":35.39098,"bbox":[139.58795,35.35474,139.64536,35.42764]},"geometry":{"type":"Polygon","coordinates":[[[139.62775,35.42764],[139.61635,35.42526],[139.6132,35.42225],[139.60749,35.41996],[139.60573,35.41273],[139.60636,35.40848],[139.60902,35.40367],[139.59742,35.40155],[139.60363,35.39504],[139.60311,35.38615],[139.59774,35.38827],[139.5924,35.38514],[139.58795,35.38527],[139.59161,35.37869],[139.58882,35.37781],[139.5966,35.36747],[139.59136,35.36292],[139.59269,35.3617],[139.59026,35.35474],[139.59822,35.35639],[139.60063,35.35527],[139.60499,35.35745],[139.60757,35.36131],[139.61288,35.36336],[139.61634,35.36657],[139.62023,35.37263],[139.62352,35.38075],[139.6293,35.38398],[139.62743,35.38621],[139.63653,35.39029],[139.6313,35.39456],[139.62462,35.39167],[139.62218,35.39609],[139.62602,35.40164],[139.6321,35.4004],[139.64536,35.40283],[139.64176,35.40692],[139.6313,35.40481],[139.62772,35.40914],[139.63105,35.41103],[139.63381,35.40839],[139.64239,35.4116],[139.63833,35.41907],[139.63244,35.41913],[139.62815,35.42395],[139.62775,35.42764]]]}},{"type":"Feature","properties":{"code":"14108","name":"横浜市金沢区","pref":"神奈川県","pref_code":"14","cx":139.62313,"cy":35.35166,"bbox":[139.58786,35.3125,139.65695,35.39054]},"geometry":{"type":"MultiPolygon","coordinates":[[[[139.6343,35.33039],[139.62954,35.3288],[139.63358,35.32309],[139.6381,35.32702],[139.6343,35.33039]]],[[[139.59026,35.35474],[139.58879,35.34982],[139.58924,35.3423],[139.58786,35.33652],[139.58871,35.33005],[139.59296,35.32403],[139.59316,35.32041],[139.59622,35.31642],[139.60217,35.31699],[139.60943,35.3125],[139.61407,35.31659],[139.62461,35.31874],[139.6316,35.3252],[139.62347,35.33011],[139.62979,35.3296],[139.63495,35.33267],[139.6338,35.33597],[139.63902,35.34064],[139.64579,35.33968],[139.65695,35.34193],[139.65693,35.35349],[139.65484,35.35367],[139.65098,35.35984],[139.65094,35.36642],[139.65651,35.36654],[139.65651,35.37268],[139.65048,35.37324],[139.64589,35.37809],[139.65107,35.38277],[139.65321,35.38739],[139.64568,35.39054],[139.63968,35.38537],[139.63381,35.38285],[139.6293,35.38398],[139.62352,35.38075],[139.62023,35.37263],[139.61634,35.36657],[139.61288,35.36336],[139.60757,35.36131],[139.60499,35.35745],[139.60063,35.35527],[139.59822,35.35639],[139.59026,35.35474]]]]}},{"type":"Feature","properties":{"code":"14109","name":"横浜市港北区","pref":"神奈川県","pref_code":"14","cx":139.62446,"cy":35.52589,"bbox":[139.58286,35.48939,139.65825,35.5625]},"geometry":{"type":"Polygon","coordinates":[[[139.65554,35.53883],[139.65444,35.54283],[139.65825,35.55474],[139.65232,35.55682],[139.64833,35.55979],[139.64293,35.55836],[139.63333,35.5614],[139.62641,35.5625],[139.61352,35.56095],[139.61076,35.55747],[139.61087,35.55282],[139.60672,35.55239],[139.6028,35.54623],[139.60222,35.54098],[139.59859,35.54108],[139.59632,35.53656],[139.59899,35.53282],[139.59957,35.5285],[139.60376,35.52329],[139.60224,35.51629],[139.59665,35.51745],[139.59213,35.51369],[139.58528,35.51313],[139.58697,35.50835],[139.58286,35.5042],[139.59066,35.50372],[139.59143,35.502],[139.60337,35.49789],[139.609,35.49929],[139.61332,35.49204],[139.61909,35.49488],[139.62208,35.49064],[139.6253,35.48939],[139.63088,35.49375],[139.63517,35.4931],[139.63678,35.49561],[139.63664,35.50059],[139.63934,35.50627],[139.63542,35.51549],[139.64063,35.51811],[139.64157,35.52271],[139.64743,35.52328],[139.64673,35.53343],[139.64997,35.5369],[139.65554,35.53883]]]}},{"type":"Feature","properties":{"code":"14110","name":"横浜市戸塚区","pref":"神奈川県","pref_code":"14","cx":139.53336,"cy":35.40182,"bbox":[139.48427,35.35771,139.57513,35.44846]},"geometry":{"type":"Polygon","coordinates":[[[139.57513,35.43102],[139.57198,35.4378],[139.56196,35.4355],[139.55846,35.43809],[139.55816,35.44141],[139.55177,35.44295],[139.54687,35.44744],[139.53652,35.44328],[139.53418,35.44733],[139.53091,35.44846],[139.52681,35.44656],[139.53039,35.44304],[139.52952,35.44014],[139.52575,35.43772],[139.5295,35.42939],[139.52729,35.42184],[139.51954,35.4117],[139.5191,35.40509],[139.51316,35.40533],[139.51049,35.40394],[139.50575,35.39453],[139.50193,35.39326],[139.4972,35.3953],[139.49241,35.39042],[139.48427,35.38737],[139.48601,35.38228],[139.49151,35.3796],[139.49364,35.37509],[139.48992,35.37184],[139.48862,35.36586],[139.48588,35.35942],[139.49539,35.35771],[139.50259,35.36755],[139.51401,35.36241],[139.51872,35.36157],[139.51952,35.36458],[139.51663,35.37362],[139.52589,35.37926],[139.53157,35.37685],[139.53236,35.38318],[139.53567,35.38302],[139.54181,35.37874],[139.54829,35.37852],[139.55305,35.38419],[139.55603,35.38997],[139.55895,35.39249],[139.5608,35.39718],[139.55746,35.3997],[139.55683,35.4085],[139.55376,35.41115],[139.554,35.4145],[139.55846,35.41585],[139.56205,35.41968],[139.56638,35.41744],[139.57337,35.42193],[139.57513,35.43102]]]}},{"type":"Feature","properties":{"code":"14111","name":"横浜市港南区","pref":"神奈川県","pref_code":"14","cx":139.58151,"cy":35.39377,"bbox":[139.55305,35.36292,139.60902,35.42241]},"geometry":{"type":"Polygon","coordinates":[[[139.57337,35.42193],[139.56638,35.41744],[139.56205,35.41968],[139.55846,35.41585],[139.554,35.4145],[139.55376,35.41115],[139.55683,35.4085],[139.55746,35.3997],[139.5608,35.39718],[139.55895,35.39249],[139.55603,35.38997],[139.55305,35.38419],[139.5606,35.37966],[139.55911,35.37599],[139.56307,35.37325],[139.5682,35.37296],[139.58119,35.36609],[139.59136,35.36292],[139.5966,35.36747],[139.58882,35.37781],[139.59161,35.37869],[139.58795,35.38527],[139.5924,35.38514],[139.59774,35.38827],[139.60311,35.38615],[139.60363,35.39504],[139.59742,35.40155],[139.60902,35.40367],[139.60636,35.40848],[139.60289,35.40891],[139.5973,35.41236],[139.59833,35.41585],[139.59317,35.41544],[139.59141,35.41276],[139.58571,35.41135],[139.58143,35.41286],[139.577,35.42241],[139.57337,35.42193]]]}},{"type":"Feature","properties":{"code":"14112","name":"横浜市旭区","pref":"神奈川県","pref_code":"14","cx":139.53159,"cy":35.47636,"bbox":[139.48727,35.44328,139.56886,35.50907]},"geometry":{"type":"Polygon","coordinates":[[[139.55331,35.49799],[139.54716,35.49898],[139.54302,35.49748],[139.53932,35.50054],[139.53408,35.49967],[139.53001,35.50303],[139.52557,35.50441],[139.51375,35.49873],[139.50601,35.5021],[139.50573,35.50584],[139.50283,35.50907],[139.49069,35.50664],[139.48838,35.50259],[139.48727,35.49902],[139.48851,35.48937],[139.50234,35.47868],[139.50107,35.47516],[139.50274,35.46885],[139.5053,35.46703],[139.50489,35.46088],[139.50798,35.45737],[139.50688,35.45282],[139.51079,35.44583],[139.51597,35.44889],[139.52386,35.44786],[139.53091,35.44846],[139.53418,35.44733],[139.53652,35.44328],[139.54687,35.44744],[139.54518,35.45067],[139.5517,35.45372],[139.5617,35.45346],[139.56886,35.46035],[139.56403,35.46548],[139.55951,35.4676],[139.55812,35.47173],[139.56259,35.47757],[139.56204,35.48026],[139.56683,35.48111],[139.56459,35.48437],[139.55654,35.4848],[139.55005,35.49276],[139.55331,35.49799]]]}},{"type":"Feature","properties":{"code":"14113","name":"横浜市緑区","pref":"神奈川県","pref_code":"14","cx":139.51586,"cy":35.51461,"bbox":[139.47699,35.49308,139.58697,35.53876]},"geometry":{"type":"Polygon","coordinates":[[[139.58286,35.5042],[139.58697,35.50835],[139.58528,35.51313],[139.57471,35.51608],[139.56913,35.51312],[139.56393,35.51273],[139.55819,35.5107],[139.55253,35.51207],[139.55126,35.51866],[139.54768,35.52198],[139.54487,35.53228],[139.54132,35.53644],[139.53822,35.53523],[139.53365,35.53662],[139.52406,35.53181],[139.52227,35.52745],[139.51782,35.53056],[139.5125,35.53],[139.50798,35.53522],[139.50154,35.53476],[139.49544,35.53876],[139.48682,35.53553],[139.48577,35.53135],[139.4878,35.52788],[139.48647,35.5203],[139.48328,35.51915],[139.47699,35.51121],[139.48113,35.50531],[139.48838,35.50259],[139.49069,35.50664],[139.50283,35.50907],[139.50573,35.50584],[139.50601,35.5021],[139.51375,35.49873],[139.52557,35.50441],[139.53001,35.50303],[139.53408,35.49967],[139.53932,35.50054],[139.54302,35.49748],[139.54716,35.49898],[139.55331,35.49799],[139.56365,35.49308],[139.56782,35.49726],[139.57333,35.5041],[139.58286,35.5042]]]}},{"type":"Feature","properties":{"code":"14114","name":"横浜市瀬谷区","pref":"神奈川県","pref_code":"14","cx":139.48849,"cy":35.46931,"bbox":[139.465,35.43501,139.51079,35.50405]},"geometry":{"type":"Polygon","coordinates":[[[139.48838,35.50259],[139.48486,35.50405],[139.47638,35.50135],[139.46772,35.50237],[139.465,35.49813],[139.46623,35.49532],[139.47058,35.49263],[139.4695,35.48532],[139.47009,35.47805],[139.47187,35.47211],[139.47451,35.46977],[139.47216,35.46226],[139.4742,35.45693],[139.48067,35.44862],[139.48422,35.44795],[139.48464,35.44268],[139.4946,35.44332],[139.49518,35.43837],[139.50418,35.43501],[139.5056,35.43727],[139.51027,35.43774],[139.50921,35.44104],[139.51079,35.44583],[139.50688,35.45282],[139.50798,35.45737],[139.50489,35.46088],[139.5053,35.46703],[139.50274,35.46885],[139.50107,35.47516],[139.50234,35.47868],[139.48851,35.48937],[139.48727,35.49902],[139.48838,35.50259]]]}},{"type":"Feature","properties":{"code":"14115","name":"横浜市栄区","pref":"神奈川県","pref_code":"14","cx":139.57,"cy":35.36057,"bbox":[139.51663,35.33652,139.59269,35.38419]},"geometry":{"type":"Polygon","coordinates":[[[139.59136,35.36292],[139.58119,35.36609],[139.5682,35.37296],[139.56307,35.37325],[139.55911,35.37599],[139.5606,35.37966],[139.55305,35.38419],[139.54829,35.37852],[139.54181,35.37874],[139.53567,35.38302],[139.53236,35.38318],[139.53157,35.37685],[139.52589,35.37926],[139.51663,35.37362],[139.51952,35.36458],[139.51872,35.36157],[139.52155,35.3615],[139.52562,35.35687],[139.53086,35.35697],[139.53632,35.35493],[139.5421,35.35701],[139.54422,35.363],[139.54901,35.35965],[139.54848,35.35544],[139.55416,35.35177],[139.55763,35.34711],[139.56117,35.34618],[139.56959,35.34754],[139.57294,35.34236],[139.57362,35.33691],[139.58786,35.33652],[139.58924,35.3423],[139.58879,35.34982],[139.59269,35.3617],[139.59136,35.36292]]]}},{"type":"Feature","properties":{"code":"14116","name":"横浜市泉区","pref":"神奈川県","pref_code":"14","cx":139.49986,"cy":35.41582,"bbox":[139.47278,35.38737,139.53091,35.44889]},"geometry":{"type":"Polygon","coordinates":[[[139.53091,35.44846],[139.52386,35.44786],[139.51597,35.44889],[139.51079,35.44583],[139.50921,35.44104],[139.51027,35.43774],[139.5056,35.43727],[139.50418,35.43501],[139.49518,35.43837],[139.4946,35.44332],[139.48464,35.44268],[139.48422,35.44795],[139.48067,35.44862],[139.47315,35.43577],[139.47397,35.43081],[139.47278,35.42415],[139.47804,35.41993],[139.47567,35.41027],[139.47877,35.39178],[139.48427,35.38737],[139.49241,35.39042],[139.4972,35.3953],[139.50193,35.39326],[139.50575,35.39453],[139.51049,35.40394],[139.51316,35.40533],[139.5191,35.40509],[139.51954,35.4117],[139.52729,35.42184],[139.5295,35.42939],[139.52575,35.43772],[139.52952,35.44014],[139.53039,35.44304],[139.52681,35.44656],[139.53091,35.44846]]]}},{"type":"Feature","properties":{"code":"14117","name":"横浜市青葉区","pref":"神奈川県","pref_code":"14","cx":139.51859,"cy":35.5599,"bbox":[139.46829,35.52745,139.56786,35.5925]},"geometry":{"type":"Polygon","coordinates":[[[139.54132,35.53644],[139.5517,35.53968],[139.5521,35.54768],[139.55769,35.55327],[139.56171,35.5524],[139.56356,35.55588],[139.56173,35.56097],[139.56786,35.57144],[139.56514,35.57884],[139.55588,35.58734],[139.53657,35.5913],[139.52657,35.5925],[139.5283,35.58776],[139.5266,35.58601],[139.5291,35.58225],[139.52488,35.57896],[139.52429,35.57357],[139.52177,35.5711],[139.51291,35.56958],[139.50701,35.57582],[139.50657,35.57172],[139.5006,35.57044],[139.49627,35.56464],[139.49103,35.56143],[139.48641,35.56895],[139.48287,35.57138],[139.47541,35.57137],[139.46993,35.56989],[139.46829,35.5633],[139.47041,35.56041],[139.47973,35.55939],[139.48199,35.55563],[139.48239,35.54742],[139.48033,35.54315],[139.48164,35.53995],[139.48682,35.53553],[139.49544,35.53876],[139.50154,35.53476],[139.50798,35.53522],[139.5125,35.53],[139.51782,35.53056],[139.52227,35.52745],[139.52406,35.53181],[139.53365,35.53662],[139.53822,35.53523],[139.54132,35.53644]]]}},{"type":"Feature","properties":{"code":"14118","name":"横浜市都筑区","pref":"神奈川県","pref_code":"14","cx":139.57721,"cy":35.54365,"bbox":[139.54132,35.5107,139.61352,35.57161]},"geometry":{"type":"Polygon","coordinates":[[[139.61352,35.56095],[139.61011,35.56459],[139.60071,35.56554],[139.58008,35.56922],[139.57492,35.56915],[139.57179,35.57161],[139.56786,35.57144],[139.56173,35.56097],[139.56356,35.55588],[139.56171,35.5524],[139.55769,35.55327],[139.5521,35.54768],[139.5517,35.53968],[139.54132,35.53644],[139.54487,35.53228],[139.54768,35.52198],[139.55126,35.51866],[139.55253,35.51207],[139.55819,35.5107],[139.56393,35.51273],[139.56913,35.51312],[139.57471,35.51608],[139.58528,35.51313],[139.59213,35.51369],[139.59665,35.51745],[139.60224,35.51629],[139.60376,35.52329],[139.59957,35.5285],[139.59899,35.53282],[139.59632,35.53656],[139.59859,35.54108],[139.60222,35.54098],[139.6028,35.54623],[139.60672,35.55239],[139.61087,35.55282],[139.61076,35.55747],[139.61352,35.56095]]]}},{"type":"Feature","properties":{"code":"14131","name":"川崎市川崎区","pref":"神奈川県","pref_code":"14","cx":139.71987,"cy":35.51622,"bbox":[139.68824,35.4698,139.79611,35.54512]},"geometry":{"type":"MultiPolygon","coordinates":[[[[139.72533,35.4698],[139.74184,35.47703],[139.73507,35.48736],[139.73896,35.48906],[139.73412,35.4946],[139.7145,35.48619],[139.72533,35.4698]]],[[[139.7712,35.50622],[139.76119,35.50573],[139.73628,35.49445],[139.74045,35.48816],[139.74561,35.48501],[139.77868,35.49955],[139.77609,35.50346],[139.7712,35.50622]]],[[[139.75696,35.52666],[139.74897,35.51995],[139.74852,35.51835],[139.75177,35.50947],[139.75383,35.50858],[139.76496,35.51161],[139.76603,35.51356],[139.7589,35.5264],[139.75696,35.52666]]],[[[139.71146,35.4908],[139.73137,35.49906],[139.73006,35.51122],[139.73241,35.50992],[139.73381,35.5006],[139.74877,35.50684],[139.74905,35.50928],[139.74605,35.51898],[139.75588,35.52779],[139.76096,35.53027],[139.77011,35.51387],[139.77624,35.50956],[139.78019,35.51331],[139.79075,35.50788],[139.7942,35.51178],[139.79156,35.51338],[139.79611,35.51858],[139.79017,35.52002],[139.78761,35.52447],[139.77446,35.53222],[139.7765,35.53447],[139.76808,35.53934],[139.75649,35.54455],[139.74678,35.54383],[139.73941,35.54512],[139.73464,35.54098],[139.72611,35.54347],[139.7173,35.538],[139.71075,35.53654],[139.70347,35.53659],[139.69036,35.52603],[139.6887,35.52639],[139.68824,35.52266],[139.69164,35.51948],[139.69661,35.50588],[139.69888,35.50276],[139.7034,35.50444],[139.70475,35.50099],[139.71146,35.4908]]]]}},{"type":"Feature","properties":{"code":"14132","name":"川崎市幸区","pref":"神奈川県","pref_code":"14","cx":139.67657,"cy":35.54412,"bbox":[139.65444,35.52603,139.70353,35.5614]},"geometry":{"type":"Polygon","coordinates":[[[139.6887,35.52639],[139.69036,35.52603],[139.70347,35.53659],[139.69794,35.54145],[139.69845,35.5454],[139.70353,35.54941],[139.70308,35.55332],[139.69778,35.55613],[139.68962,35.55729],[139.68114,35.5614],[139.68462,35.55853],[139.68015,35.55483],[139.67383,35.55537],[139.66918,35.56119],[139.66726,35.55876],[139.66912,35.55255],[139.66417,35.55256],[139.66346,35.55816],[139.65825,35.55474],[139.65444,35.54283],[139.65554,35.53883],[139.66645,35.533],[139.67488,35.53718],[139.67793,35.53972],[139.68491,35.53999],[139.68363,35.5314],[139.6887,35.52639]]]}},{"type":"Feature","properties":{"code":"14133","name":"川崎市中原区","pref":"神奈川県","pref_code":"14","cx":139.65221,"cy":35.5756,"bbox":[139.62798,35.55255,139.68462,35.59816]},"geometry":{"type":"Polygon","coordinates":[[[139.65825,35.55474],[139.66346,35.55816],[139.66417,35.55256],[139.66912,35.55255],[139.66726,35.55876],[139.66918,35.56119],[139.67383,35.55537],[139.68015,35.55483],[139.68462,35.55853],[139.67641,35.56604],[139.66931,35.58472],[139.66333,35.58987],[139.65684,35.58969],[139.65043,35.59258],[139.64324,35.59816],[139.63759,35.59262],[139.63389,35.59544],[139.62935,35.59582],[139.62798,35.59234],[139.6293,35.57957],[139.634,35.57163],[139.63991,35.56752],[139.63674,35.56625],[139.63333,35.5614],[139.64293,35.55836],[139.64833,35.55979],[139.65232,35.55682],[139.65825,35.55474]]]}},{"type":"Feature","properties":{"code":"14134","name":"川崎市高津区","pref":"神奈川県","pref_code":"14","cx":139.61401,"cy":35.58816,"bbox":[139.58666,35.56095,139.64324,35.6184]},"geometry":{"type":"Polygon","coordinates":[[[139.63333,35.5614],[139.63674,35.56625],[139.63991,35.56752],[139.634,35.57163],[139.6293,35.57957],[139.62798,35.59234],[139.62935,35.59582],[139.63389,35.59544],[139.63759,35.59262],[139.64324,35.59816],[139.63117,35.60724],[139.62487,35.60976],[139.61794,35.61388],[139.61219,35.61585],[139.60474,35.61582],[139.60007,35.6184],[139.59671,35.6184],[139.60071,35.6123],[139.59137,35.61091],[139.59157,35.60822],[139.58795,35.60592],[139.58842,35.60144],[139.58666,35.59774],[139.5922,35.59412],[139.5937,35.59126],[139.59815,35.59065],[139.60107,35.58567],[139.61035,35.58067],[139.61637,35.58139],[139.62041,35.57482],[139.61537,35.57267],[139.61011,35.56459],[139.61352,35.56095],[139.62641,35.5625],[139.63333,35.5614]]]}},{"type":"Feature","properties":{"code":"14135","name":"川崎市多摩区","pref":"神奈川県","pref_code":"14","cx":139.55675,"cy":35.61943,"bbox":[139.51458,35.59679,139.60071,35.64265]},"geometry":{"type":"Polygon","coordinates":[[[139.59671,35.6184],[139.59189,35.61771],[139.58639,35.62046],[139.57735,35.62182],[139.57112,35.62441],[139.56251,35.63238],[139.55743,35.63399],[139.54943,35.63437],[139.54772,35.63669],[139.53595,35.63948],[139.53089,35.64196],[139.52539,35.64265],[139.52118,35.63677],[139.52326,35.63217],[139.51746,35.63066],[139.51458,35.62473],[139.51965,35.62111],[139.52351,35.62186],[139.52589,35.61809],[139.52268,35.6146],[139.52355,35.60731],[139.52657,35.60297],[139.53051,35.60259],[139.53109,35.59679],[139.5385,35.59693],[139.54725,35.59991],[139.55313,35.60559],[139.56516,35.60424],[139.57186,35.60493],[139.57614,35.60758],[139.57815,35.60537],[139.58795,35.60592],[139.59157,35.60822],[139.59137,35.61091],[139.60071,35.6123],[139.59671,35.6184]]]}},{"type":"Feature","properties":{"code":"14136","name":"川崎市宮前区","pref":"神奈川県","pref_code":"14","cx":139.57869,"cy":35.58651,"bbox":[139.52657,35.56459,139.62041,35.60758]},"geometry":{"type":"Polygon","coordinates":[[[139.56786,35.57144],[139.57179,35.57161],[139.57492,35.56915],[139.58008,35.56922],[139.60071,35.56554],[139.61011,35.56459],[139.61537,35.57267],[139.62041,35.57482],[139.61637,35.58139],[139.61035,35.58067],[139.60107,35.58567],[139.59815,35.59065],[139.5937,35.59126],[139.5922,35.59412],[139.58666,35.59774],[139.58842,35.60144],[139.58795,35.60592],[139.57815,35.60537],[139.57614,35.60758],[139.57186,35.60493],[139.56516,35.60424],[139.55313,35.60559],[139.54725,35.59991],[139.5385,35.59693],[139.53109,35.59679],[139.52657,35.5925],[139.53657,35.5913],[139.55588,35.58734],[139.56514,35.57884],[139.56786,35.57144]]]}},{"type":"Feature","properties":{"code":"14137","name":"川崎市麻生区","pref":"神奈川県","pref_code":"14","cx":139.50483,"cy":35.59817,"bbox":[139.44928,35.56958,139.53109,35.62473]},"geometry":{"type":"MultiPolygon","coordinates":[[[[139.48287,35.57138],[139.4863,35.57854],[139.48987,35.58358],[139.48498,35.58461],[139.4822,35.58172],[139.47601,35.58073],[139.47325,35.57385],[139.46993,35.56989],[139.47541,35.57137],[139.48287,35.57138]]],[[[139.52657,35.5925],[139.53109,35.59679],[139.53051,35.60259],[139.52657,35.60297],[139.52355,35.60731],[139.52268,35.6146],[139.52589,35.61809],[139.52351,35.62186],[139.51965,35.62111],[139.51458,35.62473],[139.50342,35.62286],[139.49488,35.61739],[139.49578,35.61236],[139.50002,35.60728],[139.49757,35.60487],[139.48907,35.60467],[139.48655,35.60843],[139.48127,35.61006],[139.47671,35.61533],[139.47624,35.61889],[139.46786,35.62052],[139.46534,35.62406],[139.46074,35.62216],[139.45241,35.61578],[139.44928,35.61178],[139.45287,35.60745],[139.45738,35.60721],[139.4638,35.60916],[139.47028,35.60349],[139.47119,35.60106],[139.47688,35.59954],[139.49446,35.58631],[139.49393,35.58278],[139.49922,35.58097],[139.50546,35.57479],[139.50701,35.57582],[139.51291,35.56958],[139.52177,35.5711],[139.52429,35.57357],[139.52488,35.57896],[139.5291,35.58225],[139.5266,35.58601],[139.5283,35.58776],[139.52657,35.5925]]]]}},{"type":"Feature","properties":{"code":"14151","name":"相模原市緑区","pref":"神奈川県","pref_code":"14","cx":139.23515,"cy":35.57476,"bbox":[139.06604,35.47455,139.36136,35.67241]},"geometry":{"type":"Polygon","coordinates":[[[139.36136,35.59905],[139.35673,35.59901],[139.33789,35.60435],[139.32949,35.60368],[139.32056,35.60652],[139.31403,35.60435],[139.30477,35.60469],[139.2992,35.60623],[139.29261,35.61181],[139.28287,35.61327],[139.27988,35.61148],[139.27427,35.61105],[139.26584,35.60735],[139.26478,35.60246],[139.25771,35.60423],[139.25222,35.60167],[139.24687,35.60522],[139.23864,35.60698],[139.23798,35.60935],[139.22988,35.61457],[139.22887,35.62023],[139.22545,35.62375],[139.22023,35.62557],[139.22143,35.62947],[139.21546,35.63694],[139.21446,35.6414],[139.21573,35.64556],[139.21146,35.64912],[139.20527,35.65158],[139.19803,35.65295],[139.19256,35.65037],[139.19153,35.6474],[139.18406,35.64509],[139.17916,35.64557],[139.17525,35.64973],[139.16934,35.65148],[139.16717,35.66183],[139.1616,35.66791],[139.1536,35.66602],[139.14716,35.66682],[139.13673,35.67241],[139.13134,35.67199],[139.1239,35.66292],[139.11981,35.66041],[139.11726,35.6549],[139.12697,35.6419],[139.12362,35.63408],[139.12439,35.63075],[139.12347,35.62406],[139.12604,35.62301],[139.12979,35.61793],[139.13371,35.61581],[139.12779,35.61264],[139.13241,35.60892],[139.13302,35.60648],[139.12933,35.5946],[139.1246,35.59265],[139.12144,35.58692],[139.12401,35.58215],[139.12777,35.581],[139.12702,35.57171],[139.12964,35.56704],[139.12841,35.56265],[139.12129,35.55617],[139.11522,35.55371],[139.11196,35.54979],[139.11171,35.54454],[139.11392,35.53849],[139.10664,35.53217],[139.10411,35.52689],[139.0943,35.52187],[139.08579,35.51209],[139.08076,35.51274],[139.07447,35.50994],[139.06855,35.51089],[139.06604,35.50941],[139.06759,35.50415],[139.07338,35.4998],[139.07434,35.49615],[139.08664,35.49303],[139.09105,35.48812],[139.09666,35.48656],[139.10238,35.47896],[139.10837,35.47896],[139.11454,35.47696],[139.11708,35.47789],[139.12658,35.47813],[139.13018,35.48475],[139.14013,35.48621],[139.14667,35.48321],[139.14839,35.47774],[139.15105,35.47676],[139.15752,35.47848],[139.16283,35.47455],[139.1657,35.47874],[139.1667,35.48309],[139.1756,35.48997],[139.1813,35.49721],[139.19219,35.50628],[139.19954,35.50693],[139.20448,35.51396],[139.20937,35.51549],[139.21084,35.52062],[139.21544,35.52117],[139.21736,35.52496],[139.22277,35.52863],[139.21757,35.53267],[139.22011,35.5346],[139.22973,35.53644],[139.23179,35.532],[139.23833,35.53417],[139.24092,35.53845],[139.24813,35.54252],[139.24984,35.54693],[139.2623,35.55015],[139.26722,35.54999],[139.27674,35.54585],[139.28657,35.55623],[139.29444,35.55651],[139.29779,35.55355],[139.30316,35.55151],[139.30355,35.54831],[139.30737,35.54466],[139.31283,35.54191],[139.31725,35.53819],[139.32537,35.54398],[139.32286,35.54723],[139.32421,35.55133],[139.32278,35.55904],[139.32881,35.56214],[139.3313,35.56845],[139.33837,35.57294],[139.33944,35.57106],[139.34632,35.56954],[139.34788,35.5667],[139.35398,35.56609],[139.3521,35.57113],[139.34731,35.57058],[139.34117,35.57658],[139.34479,35.58613],[139.35275,35.58379],[139.35302,35.58863],[139.3562,35.58914],[139.35829,35.5949],[139.36136,35.59905]]]}},{"type":"Feature","properties":{"code":"14152","name":"相模原市中央区","pref":"神奈川県","pref_code":"14","cx":139.37264,"cy":35.56412,"bbox":[139.32278,35.5269,139.41819,35.59905]},"geometry":{"type":"Polygon","coordinates":[[[139.32537,35.54398],[139.34354,35.53311],[139.35512,35.5269],[139.36098,35.53352],[139.36794,35.53398],[139.37292,35.53718],[139.37493,35.54176],[139.38203,35.54408],[139.38804,35.54891],[139.39234,35.55018],[139.39627,35.55439],[139.40314,35.5594],[139.41342,35.55462],[139.41774,35.55833],[139.41819,35.56177],[139.41343,35.56625],[139.40898,35.57533],[139.40325,35.57557],[139.40124,35.57753],[139.39915,35.58465],[139.39108,35.58526],[139.38862,35.58853],[139.38533,35.58819],[139.37705,35.59171],[139.37278,35.59498],[139.36136,35.59905],[139.35829,35.5949],[139.3562,35.58914],[139.35302,35.58863],[139.35275,35.58379],[139.34479,35.58613],[139.34117,35.57658],[139.34731,35.57058],[139.3521,35.57113],[139.35398,35.56609],[139.34788,35.5667],[139.34632,35.56954],[139.33944,35.57106],[139.33837,35.57294],[139.3313,35.56845],[139.32881,35.56214],[139.32278,35.55904],[139.32421,35.55133],[139.32286,35.54723],[139.32537,35.54398]]]}},{"type":"Feature","properties":{"code":"14153","name":"相模原市南区","pref":"神奈川県","pref_code":"14","cx":139.40716,"cy":35.52482,"bbox":[139.35512,35.49096,139.45825,35.56177]},"geometry":{"type":"Polygon","coordinates":[[[139.35512,35.5269],[139.36389,35.52088],[139.3753,35.51728],[139.37657,35.51279],[139.3763,35.50304],[139.37397,35.49182],[139.38766,35.49096],[139.39523,35.4975],[139.39963,35.49665],[139.40685,35.49931],[139.40977,35.50237],[139.41094,35.50666],[139.4205,35.51542],[139.42767,35.51141],[139.42924,35.50737],[139.44278,35.51234],[139.44718,35.51683],[139.45577,35.52047],[139.45482,35.52274],[139.45825,35.52805],[139.44865,35.53525],[139.4451,35.54113],[139.4407,35.54297],[139.43601,35.54683],[139.42872,35.55038],[139.42391,35.55589],[139.42244,35.55944],[139.41819,35.56177],[139.41774,35.55833],[139.41342,35.55462],[139.40314,35.5594],[139.39627,35.55439],[139.39234,35.55018],[139.38804,35.54891],[139.38203,35.54408],[139.37493,35.54176],[139.37292,35.53718],[139.36794,35.53398],[139.36098,35.53352],[139.35512,35.5269]]]}},{"type":"Feature","properties":{"code":"14201","name":"横須賀市","pref":"神奈川県","pref_code":"14","cx":139.68701,"cy":35.25995,"bbox":[139.57805,35.18993,139.74642,35.33037]},"geometry":{"type":"MultiPolygon","coordinates":[[[[139.65184,35.30742],[139.6437,35.30033],[139.64853,35.2947],[139.65277,35.29679],[139.65185,35.29912],[139.65643,35.30187],[139.65184,35.30742]]],[[[139.6358,35.32344],[139.63214,35.32219],[139.6316,35.3252],[139.62461,35.31874],[139.61407,35.31659],[139.60943,35.3125],[139.61202,35.30668],[139.61806,35.3028],[139.6186,35.29967],[139.62251,35.29322],[139.62382,35.28845],[139.62104,35.28449],[139.62311,35.27927],[139.62797,35.27874],[139.63149,35.275],[139.63934,35.27364],[139.63779,35.26476],[139.63605,35.2617],[139.62965,35.2585],[139.62755,35.25599],[139.62156,35.25746],[139.61833,35.2615],[139.61324,35.25773],[139.60346,35.2581],[139.59689,35.25604],[139.58204,35.25487],[139.57805,35.25337],[139.58591,35.25149],[139.59984,35.23889],[139.59968,35.23501],[139.60407,35.2316],[139.60266,35.22541],[139.60856,35.22213],[139.61293,35.22312],[139.62146,35.22004],[139.6267,35.21675],[139.62701,35.21319],[139.62306,35.20761],[139.61712,35.20819],[139.61409,35.20993],[139.60901,35.2089],[139.60502,35.20369],[139.60519,35.19946],[139.59918,35.19639],[139.60132,35.19356],[139.60582,35.19406],[139.61028,35.19014],[139.61572,35.18993],[139.62054,35.19663],[139.62642,35.19941],[139.62923,35.1992],[139.63286,35.20521],[139.64075,35.20653],[139.64725,35.20632],[139.65522,35.20975],[139.65516,35.20445],[139.65822,35.20244],[139.66009,35.19832],[139.66478,35.19306],[139.66712,35.19556],[139.68546,35.20709],[139.6927,35.20941],[139.71476,35.21181],[139.71681,35.21067],[139.72498,35.21191],[139.72276,35.21828],[139.71598,35.21833],[139.71341,35.22393],[139.71766,35.22835],[139.72133,35.22724],[139.7226,35.22418],[139.72674,35.22453],[139.72927,35.22914],[139.72772,35.23317],[139.72016,35.24031],[139.72718,35.23965],[139.73322,35.24084],[139.73418,35.24596],[139.73781,35.24953],[139.74642,35.25334],[139.74622,35.25631],[139.73955,35.26141],[139.73316,35.26156],[139.72736,35.26415],[139.72108,35.26317],[139.7032,35.26396],[139.69099,35.26648],[139.69016,35.27109],[139.68459,35.27359],[139.68577,35.27558],[139.67732,35.28005],[139.67413,35.28691],[139.68002,35.28935],[139.67743,35.29221],[139.6798,35.29582],[139.67421,35.30046],[139.66872,35.30183],[139.66179,35.30067],[139.66542,35.29261],[139.65751,35.29096],[139.66074,35.28719],[139.66083,35.2829],[139.65521,35.28477],[139.64965,35.28805],[139.64684,35.29554],[139.64244,35.29919],[139.63894,35.29497],[139.63536,35.29616],[139.63244,35.30144],[139.63896,35.30068],[139.65569,35.32157],[139.66122,35.32226],[139.66067,35.32817],[139.64899,35.32742],[139.64073,35.33037],[139.6358,35.32344]]]]}},{"type":"Feature","properties":{"code":"14203","name":"平塚市","pref":"神奈川県","pref_code":"14","cx":139.32031,"cy":35.35883,"bbox":[139.23874,35.31212,139.37482,35.40381]},"geometry":{"type":"Polygon","coordinates":[[[139.37347,35.3945],[139.35901,35.3948],[139.35497,35.40381],[139.35499,35.39332],[139.35745,35.39066],[139.35552,35.38397],[139.35299,35.38139],[139.34694,35.37897],[139.33477,35.38461],[139.33167,35.3807],[139.32231,35.3806],[139.31892,35.37754],[139.3216,35.36941],[139.3156,35.37234],[139.31339,35.37796],[139.30819,35.38173],[139.30409,35.3831],[139.30062,35.38111],[139.29039,35.3814],[139.29163,35.37334],[139.2832,35.37408],[139.27515,35.3728],[139.27395,35.36798],[139.26709,35.35622],[139.26305,35.35702],[139.25119,35.35409],[139.23874,35.34644],[139.2405,35.33505],[139.24423,35.33537],[139.24927,35.32985],[139.25085,35.32881],[139.25961,35.33107],[139.26209,35.33421],[139.2723,35.334],[139.27972,35.33257],[139.28437,35.33013],[139.29615,35.33063],[139.29556,35.32479],[139.30703,35.31926],[139.31234,35.32211],[139.31892,35.32258],[139.31868,35.3251],[139.32777,35.32487],[139.33096,35.3261],[139.33407,35.32319],[139.3292,35.32103],[139.3285,35.31581],[139.33004,35.31212],[139.33834,35.31359],[139.35856,35.31509],[139.36787,35.31417],[139.37436,35.31533],[139.3735,35.31933],[139.36944,35.32327],[139.36935,35.32978],[139.37126,35.33524],[139.37482,35.33983],[139.36953,35.34012],[139.36877,35.34431],[139.37044,35.35116],[139.37211,35.35536],[139.37195,35.36064],[139.36864,35.36323],[139.3709,35.36785],[139.37465,35.38853],[139.37347,35.3945]]]}},{"type":"Feature","properties":{"code":"14204","name":"鎌倉市","pref":"神奈川県","pref_code":"14","cx":139.54732,"cy":35.33321,"bbox":[139.48867,35.29941,139.59316,35.36755]},"geometry":{"type":"Polygon","coordinates":[[[139.58786,35.33652],[139.57362,35.33691],[139.57294,35.34236],[139.56959,35.34754],[139.56117,35.34618],[139.55763,35.34711],[139.55416,35.35177],[139.54848,35.35544],[139.54901,35.35965],[139.54422,35.363],[139.5421,35.35701],[139.53632,35.35493],[139.53086,35.35697],[139.52562,35.35687],[139.52155,35.3615],[139.51401,35.36241],[139.50259,35.36755],[139.49539,35.35771],[139.50077,35.35682],[139.50834,35.35076],[139.50955,35.34602],[139.51683,35.34137],[139.50978,35.33363],[139.50289,35.33279],[139.50057,35.32799],[139.49705,35.32442],[139.4971,35.31959],[139.49147,35.31354],[139.48867,35.30759],[139.50964,35.30501],[139.52583,35.30182],[139.53167,35.30375],[139.53441,35.30861],[139.53951,35.30938],[139.54693,35.30681],[139.55211,35.30288],[139.55191,35.29941],[139.55664,35.30272],[139.56009,35.30727],[139.56911,35.31041],[139.57363,35.31309],[139.58534,35.31742],[139.58733,35.32024],[139.59316,35.32041],[139.59296,35.32403],[139.58871,35.33005],[139.58786,35.33652]]]}},{"type":"Feature","properties":{"code":"14205","name":"藤沢市","pref":"神奈川県","pref_code":"14","cx":139.46428,"cy":35.36774,"bbox":[139.39398,35.29743,139.51683,35.42797]},"geometry":{"type":"MultiPolygon","coordinates":[[[[139.48267,35.30279],[139.47674,35.29743],[139.48717,35.29859],[139.48267,35.30279]]],[[[139.48427,35.38737],[139.47877,35.39178],[139.47567,35.41027],[139.47804,35.41993],[139.47278,35.42415],[139.46564,35.42439],[139.46108,35.42275],[139.4478,35.42797],[139.44365,35.42761],[139.45662,35.41716],[139.45652,35.41474],[139.44875,35.40751],[139.44272,35.40737],[139.44252,35.41314],[139.43001,35.41958],[139.42494,35.41972],[139.42409,35.41627],[139.41298,35.41906],[139.41344,35.41595],[139.40126,35.40068],[139.39549,35.40128],[139.39398,35.39764],[139.39591,35.39518],[139.39549,35.39077],[139.40314,35.39008],[139.39964,35.38452],[139.40177,35.37992],[139.40501,35.3773],[139.40638,35.3797],[139.41593,35.38469],[139.42822,35.38397],[139.43248,35.37952],[139.43178,35.37269],[139.43923,35.36963],[139.43996,35.36517],[139.43651,35.36338],[139.4357,35.35922],[139.43733,35.35408],[139.43984,35.35259],[139.44261,35.34729],[139.44397,35.34161],[139.4435,35.33191],[139.43804,35.31915],[139.45446,35.3178],[139.46873,35.315],[139.47662,35.3114],[139.48289,35.30475],[139.48867,35.30759],[139.49147,35.31354],[139.4971,35.31959],[139.49705,35.32442],[139.50057,35.32799],[139.50289,35.33279],[139.50978,35.33363],[139.51683,35.34137],[139.50955,35.34602],[139.50834,35.35076],[139.50077,35.35682],[139.48588,35.35942],[139.48862,35.36586],[139.48992,35.37184],[139.49364,35.37509],[139.49151,35.3796],[139.48601,35.38228],[139.48427,35.38737]]]]}},{"type":"Feature","properties":{"code":"14206","name":"小田原市","pref":"神奈川県","pref_code":"14","cx":139.11773,"cy":35.25243,"bbox":[139.05891,35.178,139.23832,35.32949]},"geometry":{"type":"Polygon","coordinates":[[[139.18725,35.32311],[139.18131,35.32949],[139.17647,35.32742],[139.1703,35.32676],[139.16908,35.3217],[139.16549,35.31801],[139.16076,35.3171],[139.15536,35.31333],[139.14864,35.31362],[139.14306,35.32349],[139.13622,35.32256],[139.13554,35.31887],[139.13066,35.31768],[139.13371,35.31025],[139.13166,35.30809],[139.13245,35.30084],[139.13079,35.28821],[139.12023,35.28522],[139.11812,35.28003],[139.10784,35.27976],[139.09183,35.2778],[139.07165,35.27208],[139.06617,35.27274],[139.06005,35.27182],[139.06315,35.26508],[139.0649,35.25646],[139.06894,35.25513],[139.0649,35.25086],[139.05891,35.24772],[139.06706,35.24128],[139.07251,35.24207],[139.08355,35.23392],[139.08677,35.23507],[139.09123,35.24003],[139.0919,35.24346],[139.0976,35.24231],[139.09985,35.23977],[139.10352,35.24038],[139.10915,35.23874],[139.11785,35.24006],[139.12034,35.23668],[139.11414,35.23217],[139.11563,35.22782],[139.11046,35.2261],[139.10071,35.22508],[139.09224,35.22065],[139.08502,35.2147],[139.08372,35.20708],[139.08168,35.20287],[139.07672,35.20018],[139.07832,35.19613],[139.08699,35.19351],[139.09114,35.19332],[139.09367,35.18964],[139.10302,35.1871],[139.11067,35.18642],[139.1256,35.18199],[139.13125,35.178],[139.1372,35.17882],[139.13596,35.18247],[139.14006,35.18789],[139.13774,35.1926],[139.1383,35.1996],[139.14097,35.20277],[139.14241,35.2088],[139.14144,35.21523],[139.14268,35.21834],[139.14173,35.22544],[139.14421,35.23392],[139.14818,35.23865],[139.15761,35.24363],[139.17112,35.25399],[139.18643,35.26109],[139.20787,35.27729],[139.22145,35.28124],[139.23408,35.28644],[139.23678,35.29041],[139.23746,35.29556],[139.23544,35.29814],[139.23799,35.30063],[139.23832,35.30446],[139.23633,35.31132],[139.23809,35.31474],[139.23293,35.31982],[139.22676,35.31811],[139.22367,35.31591],[139.21385,35.3173],[139.21221,35.31454],[139.20293,35.31155],[139.19721,35.31682],[139.19241,35.31768],[139.18725,35.32311]]]}},{"type":"Feature","properties":{"code":"14207","name":"茅ヶ崎市","pref":"神奈川県","pref_code":"14","cx":139.40585,"cy":35.34875,"bbox":[139.36877,35.31518,139.44397,35.38469]},"geometry":{"type":"Polygon","coordinates":[[[139.37436,35.31533],[139.38293,35.31518],[139.38432,35.3162],[139.39711,35.3161],[139.40333,35.31821],[139.41474,35.31612],[139.42348,35.31836],[139.43804,35.31915],[139.4435,35.33191],[139.44397,35.34161],[139.44261,35.34729],[139.43984,35.35259],[139.43733,35.35408],[139.4357,35.35922],[139.43651,35.36338],[139.43996,35.36517],[139.43923,35.36963],[139.43178,35.37269],[139.43248,35.37952],[139.42822,35.38397],[139.41593,35.38469],[139.40638,35.3797],[139.40073,35.36831],[139.39397,35.36317],[139.39673,35.35624],[139.39484,35.35207],[139.37479,35.35021],[139.37044,35.35116],[139.36877,35.34431],[139.36953,35.34012],[139.37482,35.33983],[139.37126,35.33524],[139.36935,35.32978],[139.36944,35.32327],[139.3735,35.31933],[139.37436,35.31533]]]}},{"type":"Feature","properties":{"code":"14208","name":"逗子市","pref":"神奈川県","pref_code":"14","cx":139.58655,"cy":35.29686,"bbox":[139.55191,35.27604,139.62382,35.32041]},"geometry":{"type":"Polygon","coordinates":[[[139.59316,35.32041],[139.58733,35.32024],[139.58534,35.31742],[139.57363,35.31309],[139.56911,35.31041],[139.56009,35.30727],[139.55664,35.30272],[139.55191,35.29941],[139.55368,35.29431],[139.56106,35.29287],[139.57105,35.29322],[139.57342,35.2872],[139.56969,35.28502],[139.57471,35.28254],[139.57908,35.28718],[139.58377,35.28648],[139.58941,35.29134],[139.59228,35.29033],[139.60182,35.29189],[139.60963,35.29016],[139.61154,35.28672],[139.60443,35.28192],[139.59783,35.28128],[139.59952,35.27781],[139.60575,35.27617],[139.61371,35.27776],[139.62287,35.27604],[139.62311,35.27927],[139.62104,35.28449],[139.62382,35.28845],[139.62251,35.29322],[139.6186,35.29967],[139.61806,35.3028],[139.61202,35.30668],[139.60943,35.3125],[139.60217,35.31699],[139.59622,35.31642],[139.59316,35.32041]]]}},{"type":"Feature","properties":{"code":"14210","name":"三浦市","pref":"神奈川県","pref_code":"14","cx":139.6374,"cy":35.17625,"bbox":[139.60762,35.13234,139.68099,35.20975]},"geometry":{"type":"MultiPolygon","coordinates":[[[[139.60977,35.13786],[139.61016,35.13283],[139.6219,35.13234],[139.62116,35.13643],[139.60977,35.13786]]],[[[139.61572,35.18993],[139.61788,35.1846],[139.61617,35.1809],[139.61846,35.17902],[139.62017,35.17348],[139.61677,35.17159],[139.61686,35.16694],[139.62258,35.16557],[139.61644,35.16161],[139.61389,35.15572],[139.61006,35.15278],[139.61608,35.14734],[139.61133,35.14643],[139.60762,35.14273],[139.61497,35.1391],[139.62305,35.13903],[139.6275,35.13724],[139.63013,35.13989],[139.63993,35.14107],[139.64606,35.13774],[139.65281,35.13952],[139.657,35.13906],[139.66428,35.14023],[139.66335,35.14309],[139.66539,35.14648],[139.6691,35.14197],[139.67702,35.13937],[139.68099,35.15104],[139.67937,35.15673],[139.67695,35.1579],[139.66839,35.15761],[139.66337,35.1594],[139.66043,35.16432],[139.65999,35.17121],[139.6558,35.17343],[139.65499,35.18079],[139.65945,35.18867],[139.66478,35.19306],[139.66009,35.19832],[139.65822,35.20244],[139.65516,35.20445],[139.65522,35.20975],[139.64725,35.20632],[139.64075,35.20653],[139.63286,35.20521],[139.62923,35.1992],[139.62642,35.19941],[139.62054,35.19663],[139.61572,35.18993]]]]}},{"type":"Feature","properties":{"code":"14211","name":"秦野市","pref":"神奈川県","pref_code":"14","cx":139.20222,"cy":35.40315,"bbox":[139.1414,35.346,139.29163,35.46123]},"geometry":{"type":"Polygon","coordinates":[[[139.29039,35.3814],[139.28371,35.38305],[139.28046,35.38604],[139.26666,35.38439],[139.26521,35.38568],[139.25562,35.38178],[139.25268,35.385],[139.25081,35.39107],[139.25829,35.39763],[139.25463,35.40222],[139.25476,35.40518],[139.24921,35.40854],[139.24742,35.4127],[139.24413,35.41359],[139.23874,35.41783],[139.23889,35.42223],[139.235,35.42507],[139.2315,35.43224],[139.23276,35.43456],[139.23011,35.43783],[139.23122,35.44098],[139.23152,35.44597],[139.2283,35.45223],[139.22874,35.45705],[139.2218,35.45861],[139.2161,35.46123],[139.2075,35.45922],[139.20366,35.45991],[139.20221,35.45487],[139.19698,35.44969],[139.19385,35.45104],[139.17898,35.44743],[139.17667,35.45149],[139.17338,35.45278],[139.16339,35.45403],[139.16088,35.44978],[139.15752,35.4491],[139.15475,35.44516],[139.1414,35.44415],[139.14145,35.43514],[139.14555,35.42957],[139.14847,35.4202],[139.14786,35.41397],[139.1455,35.41077],[139.14625,35.40724],[139.15005,35.40407],[139.14915,35.40106],[139.15088,35.39591],[139.15028,35.39192],[139.14453,35.38805],[139.14413,35.38166],[139.14913,35.37281],[139.15742,35.3653],[139.16033,35.35648],[139.17091,35.35861],[139.17396,35.35121],[139.18046,35.346],[139.18214,35.34899],[139.1883,35.35177],[139.18935,35.35345],[139.19615,35.35554],[139.20016,35.35913],[139.20546,35.36127],[139.21279,35.35824],[139.21193,35.35636],[139.21758,35.35171],[139.22236,35.35366],[139.23363,35.35129],[139.24075,35.35288],[139.24433,35.35534],[139.25119,35.35409],[139.26305,35.35702],[139.26709,35.35622],[139.27395,35.36798],[139.27515,35.3728],[139.2832,35.37408],[139.29163,35.37334],[139.29039,35.3814]]]}},{"type":"Feature","properties":{"code":"14212","name":"厚木市","pref":"神奈川県","pref_code":"14","cx":139.31717,"cy":35.46059,"bbox":[139.2283,35.39332,139.37973,35.52747]},"geometry":{"type":"Polygon","coordinates":[[[139.35451,35.52747],[139.35103,35.52369],[139.3545,35.51915],[139.34734,35.51693],[139.35026,35.50913],[139.34667,35.50655],[139.34769,35.49892],[139.34388,35.49825],[139.33453,35.5045],[139.32712,35.50617],[139.3226,35.50599],[139.3162,35.51051],[139.31556,35.51376],[139.31152,35.51721],[139.31107,35.52063],[139.30741,35.5227],[139.30229,35.52082],[139.29541,35.52049],[139.28961,35.51511],[139.28418,35.51238],[139.27818,35.51299],[139.27598,35.50735],[139.27884,35.50042],[139.28328,35.49735],[139.2818,35.49477],[139.28721,35.48936],[139.29061,35.48182],[139.29549,35.48088],[139.29873,35.47792],[139.29847,35.47179],[139.29631,35.46969],[139.29622,35.46485],[139.28544,35.46107],[139.28106,35.46244],[139.27295,35.4612],[139.26573,35.46142],[139.24909,35.4601],[139.24568,35.46287],[139.23694,35.45913],[139.2306,35.4524],[139.2283,35.45223],[139.23152,35.44597],[139.23122,35.44098],[139.24062,35.44197],[139.24294,35.44698],[139.25135,35.44674],[139.25508,35.44791],[139.26418,35.44516],[139.27711,35.44288],[139.27929,35.44114],[139.28836,35.44014],[139.29961,35.43523],[139.30198,35.43311],[139.30306,35.42832],[139.30985,35.42402],[139.31642,35.42134],[139.32178,35.42436],[139.32277,35.42852],[139.32647,35.42799],[139.32977,35.42425],[139.33341,35.42312],[139.3468,35.41591],[139.34848,35.41204],[139.3478,35.40615],[139.35223,35.40016],[139.35499,35.39332],[139.35497,35.40381],[139.35901,35.3948],[139.37347,35.3945],[139.37181,35.40068],[139.36923,35.40691],[139.37026,35.41633],[139.37413,35.42877],[139.37336,35.43368],[139.37524,35.4372],[139.37315,35.43906],[139.37068,35.44533],[139.37121,35.44975],[139.37847,35.45828],[139.37973,35.46294],[139.37955,35.47021],[139.37458,35.48376],[139.37397,35.49182],[139.3763,35.50304],[139.37657,35.51279],[139.3753,35.51728],[139.36389,35.52088],[139.35451,35.52747]]]}},{"type":"Feature","properties":{"code":"14213","name":"大和市","pref":"神奈川県","pref_code":"14","cx":139.45455,"cy":35.47094,"bbox":[139.42924,35.42275,139.48067,35.52047]},"geometry":{"type":"Polygon","coordinates":[[[139.46772,35.50237],[139.46827,35.50621],[139.46485,35.5109],[139.46328,35.51784],[139.45577,35.52047],[139.44718,35.51683],[139.44278,35.51234],[139.42924,35.50737],[139.43365,35.49603],[139.43884,35.47992],[139.4349,35.4773],[139.43649,35.46733],[139.45106,35.4677],[139.45215,35.45939],[139.45422,35.45683],[139.45455,35.45231],[139.44965,35.44571],[139.44934,35.43194],[139.4478,35.42797],[139.46108,35.42275],[139.46564,35.42439],[139.47278,35.42415],[139.47397,35.43081],[139.47315,35.43577],[139.48067,35.44862],[139.4742,35.45693],[139.47216,35.46226],[139.47451,35.46977],[139.47187,35.47211],[139.47009,35.47805],[139.4695,35.48532],[139.47058,35.49263],[139.46623,35.49532],[139.465,35.49813],[139.46772,35.50237]]]}},{"type":"Feature","properties":{"code":"14214","name":"伊勢原市","pref":"神奈川県","pref_code":"14","cx":139.29837,"cy":35.41029,"bbox":[139.23011,35.36941,139.35745,35.44791]},"geometry":{"type":"Polygon","coordinates":[[[139.35499,35.39332],[139.35223,35.40016],[139.3478,35.40615],[139.34848,35.41204],[139.3468,35.41591],[139.33341,35.42312],[139.32977,35.42425],[139.32647,35.42799],[139.32277,35.42852],[139.32178,35.42436],[139.31642,35.42134],[139.30985,35.42402],[139.30306,35.42832],[139.30198,35.43311],[139.29961,35.43523],[139.28836,35.44014],[139.27929,35.44114],[139.27711,35.44288],[139.26418,35.44516],[139.25508,35.44791],[139.25135,35.44674],[139.24294,35.44698],[139.24062,35.44197],[139.23122,35.44098],[139.23011,35.43783],[139.23276,35.43456],[139.2315,35.43224],[139.235,35.42507],[139.23889,35.42223],[139.23874,35.41783],[139.24413,35.41359],[139.24742,35.4127],[139.24921,35.40854],[139.25476,35.40518],[139.25463,35.40222],[139.25829,35.39763],[139.25081,35.39107],[139.25268,35.385],[139.25562,35.38178],[139.26521,35.38568],[139.26666,35.38439],[139.28046,35.38604],[139.28371,35.38305],[139.29039,35.3814],[139.30062,35.38111],[139.30409,35.3831],[139.30819,35.38173],[139.31339,35.37796],[139.3156,35.37234],[139.3216,35.36941],[139.31892,35.37754],[139.32231,35.3806],[139.33167,35.3807],[139.33477,35.38461],[139.34694,35.37897],[139.35299,35.38139],[139.35552,35.38397],[139.35745,35.39066],[139.35499,35.39332]]]}},{"type":"Feature","properties":{"code":"14215","name":"海老名市","pref":"神奈川県","pref_code":"14","cx":139.39083,"cy":35.43813,"bbox":[139.36923,35.39991,139.43649,35.4773]},"geometry":{"type":"Polygon","coordinates":[[[139.40695,35.40768],[139.40644,35.41095],[139.40925,35.42244],[139.41027,35.42959],[139.40695,35.43967],[139.40695,35.44301],[139.40291,35.44853],[139.40702,35.44918],[139.40649,35.45273],[139.40875,35.45629],[139.41594,35.45758],[139.41444,35.4607],[139.42117,35.46792],[139.42221,35.4659],[139.43649,35.46733],[139.4349,35.4773],[139.4206,35.46866],[139.41411,35.47138],[139.40871,35.47147],[139.40321,35.47373],[139.39742,35.47362],[139.39582,35.47166],[139.38756,35.47036],[139.37955,35.47021],[139.37973,35.46294],[139.37847,35.45828],[139.37121,35.44975],[139.37068,35.44533],[139.37315,35.43906],[139.37524,35.4372],[139.37336,35.43368],[139.37413,35.42877],[139.37026,35.41633],[139.36923,35.40691],[139.37181,35.40068],[139.38423,35.40111],[139.38861,35.39991],[139.39549,35.40128],[139.40126,35.40068],[139.40695,35.40768]]]}},{"type":"Feature","properties":{"code":"14216","name":"座間市","pref":"神奈川県","pref_code":"14","cx":139.41271,"cy":35.49393,"bbox":[139.37397,35.46866,139.43884,35.51542]},"geometry":{"type":"Polygon","coordinates":[[[139.37397,35.49182],[139.37458,35.48376],[139.37955,35.47021],[139.38756,35.47036],[139.39582,35.47166],[139.39742,35.47362],[139.40321,35.47373],[139.40871,35.47147],[139.41411,35.47138],[139.4206,35.46866],[139.43884,35.47992],[139.43365,35.49603],[139.42767,35.51141],[139.4205,35.51542],[139.41094,35.50666],[139.40977,35.50237],[139.40685,35.49931],[139.39963,35.49665],[139.39523,35.4975],[139.38766,35.49096],[139.37397,35.49182]]]}},{"type":"Feature","properties":{"code":"14217","name":"南足柄市","pref":"神奈川県","pref_code":"14","cx":139.07155,"cy":35.31212,"bbox":[139.00461,35.27182,139.13371,35.3522]},"geometry":{"type":"Polygon","coordinates":[[[139.13066,35.31768],[139.12591,35.31811],[139.12061,35.32155],[139.12081,35.32445],[139.11695,35.33101],[139.11457,35.33867],[139.11005,35.33967],[139.10659,35.34475],[139.11248,35.3522],[139.1021,35.35097],[139.09725,35.34655],[139.09346,35.34678],[139.09145,35.35039],[139.08583,35.34856],[139.081,35.35013],[139.07118,35.3472],[139.06347,35.34841],[139.05932,35.35148],[139.05027,35.34925],[139.04932,35.34498],[139.04358,35.34257],[139.03653,35.34189],[139.02992,35.33636],[139.03156,35.33231],[139.02276,35.33165],[139.01853,35.32985],[139.0168,35.32318],[139.00963,35.31365],[139.0107,35.3106],[139.00604,35.29799],[139.00666,35.29557],[139.00461,35.2899],[139.00994,35.28514],[139.01071,35.28247],[139.01604,35.28155],[139.01749,35.27917],[139.02608,35.27744],[139.03064,35.27408],[139.03651,35.27818],[139.0494,35.28169],[139.05603,35.27422],[139.06005,35.27182],[139.06617,35.27274],[139.07165,35.27208],[139.09183,35.2778],[139.10784,35.27976],[139.11812,35.28003],[139.12023,35.28522],[139.13079,35.28821],[139.13245,35.30084],[139.13166,35.30809],[139.13371,35.31025],[139.13066,35.31768]]]}},{"type":"Feature","properties":{"code":"14218","name":"綾瀬市","pref":"神奈川県","pref_code":"14","cx":139.42882,"cy":35.4358,"bbox":[139.40291,35.40737,139.45662,35.46792]},"geometry":{"type":"Polygon","coordinates":[[[139.4478,35.42797],[139.44934,35.43194],[139.44965,35.44571],[139.45455,35.45231],[139.45422,35.45683],[139.45215,35.45939],[139.45106,35.4677],[139.43649,35.46733],[139.42221,35.4659],[139.42117,35.46792],[139.41444,35.4607],[139.41594,35.45758],[139.40875,35.45629],[139.40649,35.45273],[139.40702,35.44918],[139.40291,35.44853],[139.40695,35.44301],[139.40695,35.43967],[139.41027,35.42959],[139.40925,35.42244],[139.40644,35.41095],[139.40695,35.40768],[139.41344,35.41595],[139.41298,35.41906],[139.42409,35.41627],[139.42494,35.41972],[139.43001,35.41958],[139.44252,35.41314],[139.44272,35.40737],[139.44875,35.40751],[139.45652,35.41474],[139.45662,35.41716],[139.44365,35.42761],[139.4478,35.42797]]]}},{"type":"Feature","properties":{"code":"14301","name":"三浦郡葉山町","pref":"神奈川県","pref_code":"14","cx":139.60526,"cy":35.26989,"bbox":[139.56862,35.25308,139.63934,35.29189]},"geometry":{"type":"Polygon","coordinates":[[[139.5776,35.2533],[139.58204,35.25487],[139.59689,35.25604],[139.60346,35.2581],[139.61324,35.25773],[139.61833,35.2615],[139.62156,35.25746],[139.62755,35.25599],[139.62965,35.2585],[139.63605,35.2617],[139.63779,35.26476],[139.63934,35.27364],[139.63149,35.275],[139.62797,35.27874],[139.62311,35.27927],[139.62287,35.27604],[139.61371,35.27776],[139.60575,35.27617],[139.59952,35.27781],[139.59783,35.28128],[139.60443,35.28192],[139.61154,35.28672],[139.60963,35.29016],[139.60182,35.29189],[139.59228,35.29033],[139.58941,35.29134],[139.58377,35.28648],[139.57908,35.28718],[139.57471,35.28254],[139.56969,35.28502],[139.56862,35.28416],[139.57106,35.27531],[139.57236,35.26614],[139.57696,35.26273],[139.57984,35.25584],[139.57659,35.25308],[139.5776,35.2533]]]}},{"type":"Feature","properties":{"code":"14321","name":"高座郡寒川町","pref":"神奈川県","pref_code":"14","cx":139.38733,"cy":35.3728,"bbox":[139.36864,35.35021,139.40501,35.40128]},"geometry":{"type":"Polygon","coordinates":[[[139.37044,35.35116],[139.37479,35.35021],[139.39484,35.35207],[139.39673,35.35624],[139.39397,35.36317],[139.40073,35.36831],[139.40501,35.3773],[139.40177,35.37992],[139.39964,35.38452],[139.40314,35.39008],[139.39549,35.39077],[139.39591,35.39518],[139.39398,35.39764],[139.39549,35.40128],[139.38861,35.39991],[139.38423,35.40111],[139.37181,35.40068],[139.37465,35.38853],[139.3709,35.36785],[139.36864,35.36323],[139.37195,35.36064],[139.37211,35.35536],[139.37044,35.35116]]]}},{"type":"Feature","properties":{"code":"14341","name":"中郡大磯町","pref":"神奈川県","pref_code":"14","cx":139.2961,"cy":35.3154,"bbox":[139.25085,35.29729,139.33407,35.33421]},"geometry":{"type":"Polygon","coordinates":[[[139.25085,35.32881],[139.2568,35.31948],[139.25812,35.315],[139.26329,35.3159],[139.26645,35.30922],[139.26625,35.30515],[139.26927,35.29729],[139.31755,35.30722],[139.32144,35.30975],[139.33004,35.31212],[139.3285,35.31581],[139.3292,35.32103],[139.33407,35.32319],[139.33096,35.3261],[139.32777,35.32487],[139.31868,35.3251],[139.31892,35.32258],[139.31234,35.32211],[139.30703,35.31926],[139.29556,35.32479],[139.29615,35.33063],[139.28437,35.33013],[139.27972,35.33257],[139.2723,35.334],[139.26209,35.33421],[139.25961,35.33107],[139.25085,35.32881]]]}},{"type":"Feature","properties":{"code":"14342","name":"中郡二宮町","pref":"神奈川県","pref_code":"14","cx":139.25194,"cy":35.30718,"bbox":[139.23293,35.28644,139.26927,35.32985]},"geometry":{"type":"Polygon","coordinates":[[[139.24927,35.32985],[139.24547,35.32892],[139.23898,35.32417],[139.23659,35.32095],[139.23293,35.31982],[139.23809,35.31474],[139.23633,35.31132],[139.23832,35.30446],[139.23799,35.30063],[139.23544,35.29814],[139.23746,35.29556],[139.23678,35.29041],[139.23408,35.28644],[139.24979,35.2928],[139.26927,35.29729],[139.26625,35.30515],[139.26645,35.30922],[139.26329,35.3159],[139.25812,35.315],[139.2568,35.31948],[139.25085,35.32881],[139.24927,35.32985]]]}},{"type":"Feature","properties":{"code":"14361","name":"足柄上郡中井町","pref":"神奈川県","pref_code":"14","cx":139.21555,"cy":35.33711,"bbox":[139.18725,35.31155,139.25119,35.36127]},"geometry":{"type":"Polygon","coordinates":[[[139.25119,35.35409],[139.24433,35.35534],[139.24075,35.35288],[139.23363,35.35129],[139.22236,35.35366],[139.21758,35.35171],[139.21193,35.35636],[139.21279,35.35824],[139.20546,35.36127],[139.20016,35.35913],[139.19615,35.35554],[139.18935,35.35345],[139.1883,35.35177],[139.18749,35.34727],[139.19667,35.34222],[139.18976,35.33836],[139.19208,35.33586],[139.19374,35.32902],[139.18725,35.32311],[139.19241,35.31768],[139.19721,35.31682],[139.20293,35.31155],[139.21221,35.31454],[139.21385,35.3173],[139.22367,35.31591],[139.22676,35.31811],[139.23659,35.32095],[139.23898,35.32417],[139.24547,35.32892],[139.24927,35.32985],[139.24423,35.33537],[139.2405,35.33505],[139.23874,35.34644],[139.25119,35.35409]]]}},{"type":"Feature","properties":{"code":"14362","name":"足柄上郡大井町","pref":"神奈川県","pref_code":"14","cx":139.16372,"cy":35.33629,"bbox":[139.13559,35.31333,139.19667,35.35861]},"geometry":{"type":"Polygon","coordinates":[[[139.18725,35.32311],[139.19374,35.32902],[139.19208,35.33586],[139.18976,35.33836],[139.19667,35.34222],[139.18749,35.34727],[139.1883,35.35177],[139.18214,35.34899],[139.18046,35.346],[139.17396,35.35121],[139.17091,35.35861],[139.16033,35.35648],[139.16268,35.35453],[139.16235,35.34979],[139.15944,35.34613],[139.14961,35.3445],[139.14192,35.3378],[139.13559,35.33672],[139.138,35.33034],[139.14306,35.32349],[139.14864,35.31362],[139.15536,35.31333],[139.16076,35.3171],[139.16549,35.31801],[139.16908,35.3217],[139.1703,35.32676],[139.17647,35.32742],[139.18131,35.32949],[139.18725,35.32311]]]}},{"type":"Feature","properties":{"code":"14363","name":"足柄上郡松田町","pref":"神奈川県","pref_code":"14","cx":139.12445,"cy":35.39105,"bbox":[139.09938,35.33672,139.16268,35.44608]},"geometry":{"type":"Polygon","coordinates":[[[139.1414,35.44415],[139.12974,35.44608],[139.12807,35.44208],[139.12324,35.43784],[139.11791,35.43559],[139.11572,35.43115],[139.10759,35.42677],[139.10088,35.41835],[139.10183,35.41469],[139.10612,35.40931],[139.10027,35.40638],[139.10138,35.40122],[139.09938,35.39745],[139.09998,35.39018],[139.11687,35.3824],[139.12163,35.38108],[139.12459,35.37442],[139.12262,35.3627],[139.1155,35.35722],[139.11449,35.35197],[139.11894,35.35095],[139.12905,35.3468],[139.13417,35.34098],[139.13559,35.33672],[139.14192,35.3378],[139.14961,35.3445],[139.15944,35.34613],[139.16235,35.34979],[139.16268,35.35453],[139.16033,35.35648],[139.15742,35.3653],[139.14913,35.37281],[139.14413,35.38166],[139.14453,35.38805],[139.15028,35.39192],[139.15088,35.39591],[139.14915,35.40106],[139.15005,35.40407],[139.14625,35.40724],[139.1455,35.41077],[139.14786,35.41397],[139.14847,35.4202],[139.14555,35.42957],[139.14145,35.43514],[139.1414,35.44415]]]}},{"type":"Feature","properties":{"code":"14364","name":"足柄上郡山北町","pref":"神奈川県","pref_code":"14","cx":139.0155,"cy":35.42045,"bbox":[138.91577,35.32985,139.16624,35.51058]},"geometry":{"type":"Polygon","coordinates":[[[139.06604,35.50941],[139.06008,35.5075],[139.05334,35.50883],[139.0514,35.51058],[139.04602,35.50966],[139.04393,35.49944],[139.03694,35.49095],[139.03062,35.4887],[139.02787,35.48453],[139.02755,35.48097],[139.02095,35.47879],[139.01486,35.47991],[139.00814,35.47456],[138.9978,35.47497],[138.98882,35.47364],[138.98504,35.46855],[138.97877,35.46374],[138.97346,35.46655],[138.96923,35.46352],[138.95925,35.46223],[138.95448,35.45984],[138.93211,35.44285],[138.9274,35.43764],[138.92673,35.43049],[138.93064,35.42633],[138.93017,35.42087],[138.92673,35.42003],[138.92566,35.41531],[138.91807,35.41134],[138.91577,35.40432],[138.9164,35.40061],[138.93132,35.40111],[138.93773,35.39915],[138.94573,35.39972],[138.94804,35.40127],[138.96641,35.4019],[138.96946,35.4049],[138.98006,35.40465],[138.98407,35.40177],[138.9936,35.40347],[138.99818,35.40257],[139.0018,35.39894],[139.00096,35.39191],[138.99862,35.38404],[138.9993,35.38209],[139.00592,35.37538],[139.00527,35.37404],[139.00684,35.36139],[139.01229,35.35809],[139.00811,35.3503],[139.01092,35.34388],[139.01082,35.33816],[139.01853,35.32985],[139.02276,35.33165],[139.03156,35.33231],[139.02992,35.33636],[139.03653,35.34189],[139.04358,35.34257],[139.04932,35.34498],[139.05027,35.34925],[139.05932,35.35148],[139.06347,35.34841],[139.07118,35.3472],[139.081,35.35013],[139.08583,35.34856],[139.09145,35.35039],[139.09346,35.34678],[139.09725,35.34655],[139.1021,35.35097],[139.11248,35.3522],[139.11449,35.35197],[139.1155,35.35722],[139.12262,35.3627],[139.12459,35.37442],[139.12163,35.38108],[139.11687,35.3824],[139.09998,35.39018],[139.09938,35.39745],[139.10138,35.40122],[139.10027,35.40638],[139.10612,35.40931],[139.10183,35.41469],[139.10088,35.41835],[139.10759,35.42677],[139.11572,35.43115],[139.11791,35.43559],[139.12324,35.43784],[139.12807,35.44208],[139.12974,35.44608],[139.1414,35.44415],[139.15475,35.44516],[139.15752,35.4491],[139.16088,35.44978],[139.1653,35.45679],[139.16624,35.46535],[139.16283,35.47455],[139.15752,35.47848],[139.15105,35.47676],[139.14839,35.47774],[139.14667,35.48321],[139.14013,35.48621],[139.13018,35.48475],[139.12658,35.47813],[139.11708,35.47789],[139.11454,35.47696],[139.10837,35.47896],[139.10238,35.47896],[139.09666,35.48656],[139.09105,35.48812],[139.08664,35.49303],[139.07434,35.49615],[139.07338,35.4998],[139.06759,35.50415],[139.06604,35.50941]]]}},{"type":"Feature","properties":{"code":"14366","name":"足柄上郡開成町","pref":"神奈川県","pref_code":"14","cx":139.12607,"cy":35.33484,"bbox":[139.10659,35.31768,139.14306,35.3522]},"geometry":{"type":"Polygon","coordinates":[[[139.14306,35.32349],[139.138,35.33034],[139.13417,35.34098],[139.12905,35.3468],[139.11894,35.35095],[139.11248,35.3522],[139.10659,35.34475],[139.11005,35.33967],[139.11457,35.33867],[139.11695,35.33101],[139.12081,35.32445],[139.12061,35.32155],[139.12591,35.31811],[139.13066,35.31768],[139.13554,35.31887],[139.13622,35.32256],[139.14306,35.32349]]]}},{"type":"Feature","properties":{"code":"14382","name":"足柄下郡箱根町","pref":"神奈川県","pref_code":"14","cx":139.04724,"cy":35.23269,"bbox":[138.97437,35.17543,139.12034,35.2899]},"geometry":{"type":"Polygon","coordinates":[[[139.06005,35.27182],[139.05603,35.27422],[139.0494,35.28169],[139.03651,35.27818],[139.03064,35.27408],[139.02608,35.27744],[139.01749,35.27917],[139.01604,35.28155],[139.01071,35.28247],[139.00994,35.28514],[139.00461,35.2899],[138.99721,35.2887],[138.98595,35.27828],[138.98224,35.27332],[138.98153,35.26962],[138.97547,35.26375],[138.97437,35.25616],[138.97558,35.25191],[138.97446,35.24783],[138.97601,35.24188],[138.97874,35.23939],[138.97605,35.23569],[138.97951,35.23322],[138.98061,35.22822],[138.98365,35.22168],[138.98228,35.21758],[138.98781,35.21266],[138.98643,35.20556],[138.98774,35.20082],[138.99305,35.19881],[139.00114,35.19071],[139.00302,35.18776],[139.01068,35.18264],[139.02163,35.18191],[139.02166,35.17952],[139.02654,35.17543],[139.03541,35.17607],[139.04085,35.17779],[139.04617,35.18129],[139.04939,35.1853],[139.05687,35.18972],[139.06412,35.19285],[139.07036,35.19675],[139.07477,35.20126],[139.07672,35.20018],[139.08168,35.20287],[139.08372,35.20708],[139.08502,35.2147],[139.09224,35.22065],[139.10071,35.22508],[139.11046,35.2261],[139.11563,35.22782],[139.11414,35.23217],[139.12034,35.23668],[139.11785,35.24006],[139.10915,35.23874],[139.10352,35.24038],[139.09985,35.23977],[139.0976,35.24231],[139.0919,35.24346],[139.09123,35.24003],[139.08677,35.23507],[139.08355,35.23392],[139.07251,35.24207],[139.06706,35.24128],[139.05891,35.24772],[139.0649,35.25086],[139.06894,35.25513],[139.0649,35.25646],[139.06315,35.26508],[139.06005,35.27182]]]}},{"type":"Feature","properties":{"code":"14383","name":"足柄下郡真鶴町","pref":"神奈川県","pref_code":"14","cx":139.13527,"cy":35.16443,"bbox":[139.10302,35.14065,139.16181,35.1871]},"geometry":{"type":"Polygon","coordinates":[[[139.10302,35.1871],[139.10451,35.1843],[139.11572,35.17775],[139.12044,35.17147],[139.12915,35.16559],[139.12671,35.15931],[139.13321,35.15417],[139.13736,35.14857],[139.14256,35.14502],[139.14765,35.14453],[139.15072,35.14065],[139.15538,35.14185],[139.16181,35.14161],[139.15757,35.14733],[139.14924,35.14762],[139.14361,35.15188],[139.14423,35.15975],[139.14049,35.16326],[139.14521,35.16734],[139.14339,35.17283],[139.1372,35.17882],[139.13125,35.178],[139.1256,35.18199],[139.11067,35.18642],[139.10302,35.1871]]]}},{"type":"Feature","properties":{"code":"14384","name":"足柄下郡湯河原町","pref":"神奈川県","pref_code":"14","cx":139.07507,"cy":35.17089,"bbox":[139.02637,35.14019,139.13736,35.20126]},"geometry":{"type":"Polygon","coordinates":[[[139.07672,35.20018],[139.07477,35.20126],[139.07036,35.19675],[139.06412,35.19285],[139.05687,35.18972],[139.04939,35.1853],[139.04617,35.18129],[139.04085,35.17779],[139.03541,35.17607],[139.02654,35.17543],[139.02912,35.1703],[139.02945,35.16478],[139.02637,35.16055],[139.03053,35.15875],[139.02841,35.15487],[139.03043,35.14975],[139.03962,35.15067],[139.0486,35.14963],[139.05141,35.14716],[139.06034,35.14612],[139.06613,35.14413],[139.07283,35.14518],[139.08359,35.14111],[139.0901,35.14019],[139.10124,35.14037],[139.10851,35.14187],[139.11213,35.14138],[139.12005,35.14917],[139.13183,35.15084],[139.13736,35.14857],[139.13321,35.15417],[139.12671,35.15931],[139.12915,35.16559],[139.12044,35.17147],[139.11572,35.17775],[139.10451,35.1843],[139.10302,35.1871],[139.09367,35.18964],[139.09114,35.19332],[139.08699,35.19351],[139.07832,35.19613],[139.07672,35.20018]]]}},{"type":"Feature","properties":{"code":"14401","name":"愛甲郡愛川町","pref":"神奈川県","pref_code":"14","cx":139.30142,"cy":35.52596,"bbox":[139.24551,35.49825,139.35451,35.55651]},"geometry":{"type":"Polygon","coordinates":[[[139.24813,35.54252],[139.24551,35.5341],[139.24765,35.52857],[139.2509,35.52446],[139.26152,35.51829],[139.26412,35.51102],[139.27053,35.50706],[139.27598,35.50735],[139.27818,35.51299],[139.28418,35.51238],[139.28961,35.51511],[139.29541,35.52049],[139.30229,35.52082],[139.30741,35.5227],[139.31107,35.52063],[139.31152,35.51721],[139.31556,35.51376],[139.3162,35.51051],[139.3226,35.50599],[139.32712,35.50617],[139.33453,35.5045],[139.34388,35.49825],[139.34769,35.49892],[139.34667,35.50655],[139.35026,35.50913],[139.34734,35.51693],[139.3545,35.51915],[139.35103,35.52369],[139.35451,35.52747],[139.34354,35.53311],[139.32537,35.54398],[139.31725,35.53819],[139.31283,35.54191],[139.30737,35.54466],[139.30355,35.54831],[139.30316,35.55151],[139.29779,35.55355],[139.29444,35.55651],[139.28657,35.55623],[139.27674,35.54585],[139.26722,35.54999],[139.2623,35.55015],[139.24984,35.54693],[139.24813,35.54252]]]}},{"type":"Feature","properties":{"code":"14402","name":"愛甲郡清川村","pref":"神奈川県","pref_code":"14","cx":139.23142,"cy":35.49599,"bbox":[139.16283,35.44743,139.29873,35.54252]},"geometry":{"type":"Polygon","coordinates":[[[139.16283,35.47455],[139.16624,35.46535],[139.1653,35.45679],[139.16339,35.45403],[139.17338,35.45278],[139.17667,35.45149],[139.17898,35.44743],[139.19385,35.45104],[139.19698,35.44969],[139.20221,35.45487],[139.20366,35.45991],[139.2075,35.45922],[139.2161,35.46123],[139.2218,35.45861],[139.22874,35.45705],[139.2283,35.45223],[139.2306,35.4524],[139.23694,35.45913],[139.24568,35.46287],[139.24909,35.4601],[139.26573,35.46142],[139.27295,35.4612],[139.28106,35.46244],[139.28544,35.46107],[139.29622,35.46485],[139.29631,35.46969],[139.29847,35.47179],[139.29873,35.47792],[139.29549,35.48088],[139.29061,35.48182],[139.28721,35.48936],[139.2818,35.49477],[139.28328,35.49735],[139.27884,35.50042],[139.27598,35.50735],[139.27053,35.50706],[139.26412,35.51102],[139.26152,35.51829],[139.2509,35.52446],[139.24765,35.52857],[139.24551,35.5341],[139.24813,35.54252],[139.24092,35.53845],[139.23833,35.53417],[139.23179,35.532],[139.22973,35.53644],[139.22011,35.5346],[139.21757,35.53267],[139.22277,35.52863],[139.21736,35.52496],[139.21544,35.52117],[139.21084,35.52062],[139.20937,35.51549],[139.20448,35.51396],[139.19954,35.50693],[139.19219,35.50628],[139.1813,35.49721],[139.1756,35.48997],[139.1667,35.48309],[139.1657,35.47874],[139.16283,35.47455]]]}}]}