{"type":"FeatureCollection","features":[{"type":"Feature","properties":{"code":"24201","name":"津市","pref":"三重県","pref_code":"24","cx":136.36043,"cy":34.64581,"bbox":[136.15977,34.44745,136.5704,34.84448]},"geometry":{"type":"Polygon","coordinates":[[[136.48795,34.80231],[136.48577,34.80274],[136.48503,34.80436],[136.4834,34.80502],[136.48315,34.80682],[136.47938,34.80585],[136.47967,34.80402],[136.47721,34.80272],[136.47751,34.80756],[136.47507,34.80983],[136.47265,34.80875],[136.47038,34.81133],[136.46901,34.80901],[136.46681,34.81077],[136.46619,34.8122],[136.46214,34.81131],[136.46126,34.81387],[136.45956,34.81399],[136.45774,34.81176],[136.45463,34.81332],[136.45438,34.81144],[136.45137,34.81051],[136.45023,34.81094],[136.44915,34.81465],[136.44689,34.81588],[136.44078,34.82061],[136.43837,34.82044],[136.4357,34.8227],[136.43693,34.82416],[136.43435,34.82791],[136.43603,34.82859],[136.43387,34.83224],[136.43349,34.83554],[136.4355,34.83605],[136.43466,34.83986],[136.43285,34.84118],[136.42883,34.84137],[136.4224,34.84448],[136.42183,34.84119],[136.41745,34.83965],[136.41409,34.84237],[136.41032,34.84344],[136.40761,34.84335],[136.40265,34.8416],[136.40417,34.8382],[136.40165,34.83696],[136.39819,34.83672],[136.39682,34.8356],[136.39361,34.83594],[136.3885,34.83475],[136.38713,34.83288],[136.38135,34.82789],[136.37965,34.82398],[136.37831,34.82251],[136.37572,34.82155],[136.37552,34.82052],[136.37111,34.81967],[136.36657,34.82104],[136.36487,34.82291],[136.35926,34.82262],[136.35658,34.82148],[136.35319,34.82145],[136.34849,34.81942],[136.34334,34.8184],[136.33722,34.81971],[136.33427,34.81819],[136.33284,34.81926],[136.3308,34.81906],[136.32712,34.82043],[136.32623,34.82202],[136.3227,34.81915],[136.32331,34.8173],[136.32258,34.81583],[136.32228,34.81226],[136.31786,34.81165],[136.31405,34.81268],[136.31292,34.81065],[136.31307,34.80765],[136.30998,34.80439],[136.30982,34.80244],[136.31297,34.7999],[136.31425,34.79778],[136.31326,34.79634],[136.31745,34.78777],[136.32054,34.7874],[136.32424,34.78554],[136.32761,34.78549],[136.32807,34.78638],[136.3319,34.78727],[136.33383,34.78514],[136.33471,34.7822],[136.33721,34.781],[136.33645,34.77761],[136.3394,34.77648],[136.3398,34.77507],[136.34181,34.77335],[136.34204,34.76952],[136.3408,34.76814],[136.33807,34.76778],[136.33552,34.76631],[136.33357,34.76598],[136.33327,34.7643],[136.33084,34.76422],[136.32862,34.76328],[136.32764,34.76198],[136.3251,34.76077],[136.32292,34.75759],[136.32082,34.75673],[136.31878,34.75476],[136.31927,34.75005],[136.31703,34.74762],[136.31432,34.74688],[136.31207,34.74701],[136.30996,34.7455],[136.30582,34.74414],[136.30407,34.7443],[136.30039,34.7415],[136.30091,34.73913],[136.29962,34.73864],[136.2965,34.73513],[136.29944,34.73235],[136.3013,34.73136],[136.30513,34.73155],[136.30845,34.72907],[136.30956,34.72491],[136.30469,34.72291],[136.30219,34.71946],[136.30083,34.71939],[136.30015,34.71639],[136.2972,34.71553],[136.2946,34.71553],[136.29508,34.71328],[136.29421,34.71152],[136.29243,34.71128],[136.28971,34.709],[136.28752,34.7045],[136.28576,34.70372],[136.28457,34.70201],[136.28307,34.69817],[136.28309,34.69625],[136.27938,34.69334],[136.27861,34.68991],[136.27637,34.68952],[136.27566,34.68773],[136.27128,34.68476],[136.2725,34.68324],[136.27335,34.68042],[136.27278,34.67668],[136.27075,34.67516],[136.26867,34.67567],[136.26574,34.67365],[136.26754,34.6708],[136.26946,34.67004],[136.27267,34.66743],[136.27503,34.6633],[136.27189,34.66229],[136.27083,34.66395],[136.26908,34.66356],[136.26927,34.66135],[136.26747,34.66058],[136.26817,34.65736],[136.26571,34.65613],[136.26167,34.65605],[136.26067,34.65253],[136.25954,34.65061],[136.25784,34.64967],[136.25685,34.6476],[136.25829,34.6455],[136.25471,34.64416],[136.25293,34.64477],[136.25136,34.64397],[136.25042,34.64099],[136.24979,34.63613],[136.2515,34.63435],[136.24536,34.63007],[136.24666,34.6278],[136.24587,34.62518],[136.24894,34.6242],[136.24923,34.62155],[136.25035,34.61946],[136.24958,34.61647],[136.24938,34.61302],[136.25123,34.61182],[136.25004,34.60999],[136.25076,34.60778],[136.2492,34.60548],[136.24928,34.60339],[136.25043,34.60226],[136.25009,34.59968],[136.25339,34.59912],[136.25906,34.59452],[136.25824,34.59309],[136.25592,34.59147],[136.25289,34.59058],[136.25139,34.58911],[136.2509,34.58729],[136.25476,34.58686],[136.25619,34.58497],[136.2548,34.58345],[136.2509,34.58363],[136.24827,34.58184],[136.24535,34.58242],[136.23891,34.58035],[136.23771,34.57901],[136.23137,34.57963],[136.23002,34.57878],[136.22667,34.57947],[136.22596,34.57883],[136.22443,34.57409],[136.2231,34.57286],[136.22241,34.56949],[136.21954,34.56803],[136.21951,34.56559],[136.2184,34.56422],[136.21941,34.56291],[136.21872,34.56152],[136.22005,34.55806],[136.21922,34.55776],[136.2147,34.56159],[136.2113,34.56372],[136.20876,34.56666],[136.20486,34.56475],[136.20369,34.56483],[136.20129,34.56686],[136.19939,34.56612],[136.19752,34.5636],[136.19659,34.56651],[136.19393,34.56632],[136.19223,34.56804],[136.18956,34.56887],[136.18535,34.56892],[136.18455,34.56683],[136.17927,34.56821],[136.1769,34.56832],[136.17667,34.56675],[136.17401,34.56234],[136.17073,34.56165],[136.17004,34.55921],[136.16787,34.55722],[136.16727,34.55458],[136.16538,34.55218],[136.16403,34.54904],[136.16169,34.5483],[136.15977,34.54671],[136.16117,34.54503],[136.16573,34.54135],[136.16693,34.53964],[136.16972,34.53888],[136.171,34.53745],[136.17177,34.53482],[136.16982,34.52725],[136.16783,34.52611],[136.16715,34.52465],[136.16771,34.52091],[136.17182,34.51815],[136.18212,34.51675],[136.18326,34.51902],[136.18978,34.52396],[136.19361,34.52348],[136.19638,34.52391],[136.19799,34.52503],[136.20745,34.52784],[136.20994,34.52903],[136.21461,34.52876],[136.21663,34.52798],[136.21598,34.52329],[136.2184,34.52015],[136.21978,34.51589],[136.21948,34.51053],[136.21579,34.50781],[136.21467,34.50131],[136.21572,34.49947],[136.21826,34.49702],[136.22207,34.49663],[136.22381,34.49554],[136.22904,34.49472],[136.22976,34.49186],[136.22852,34.48907],[136.22394,34.48676],[136.2192,34.48523],[136.21838,34.48358],[136.21556,34.48115],[136.21483,34.47967],[136.21545,34.47796],[136.21416,34.47503],[136.21473,34.47272],[136.21165,34.47043],[136.20932,34.46706],[136.20961,34.46496],[136.20891,34.46236],[136.20745,34.46055],[136.2086,34.4555],[136.20625,34.44868],[136.20807,34.44832],[136.21543,34.44997],[136.2172,34.44973],[136.21988,34.44812],[136.22822,34.44898],[136.23984,34.44813],[136.24219,34.44861],[136.24421,34.44745],[136.24768,34.44802],[136.25228,34.44773],[136.25599,34.45016],[136.2587,34.45017],[136.26375,34.45153],[136.26888,34.45109],[136.27127,34.45237],[136.27466,34.45234],[136.2794,34.45348],[136.28111,34.45288],[136.28619,34.45553],[136.28767,34.45977],[136.29341,34.46255],[136.29806,34.46228],[136.30038,34.46139],[136.30528,34.46125],[136.30656,34.4629],[136.30982,34.46376],[136.31113,34.46588],[136.31424,34.46827],[136.31374,34.4701],[136.3162,34.47428],[136.32129,34.47639],[136.32431,34.47927],[136.32416,34.48142],[136.32515,34.48748],[136.32464,34.49008],[136.32918,34.49036],[136.33111,34.4915],[136.33422,34.49055],[136.33713,34.49282],[136.33821,34.49464],[136.34156,34.49728],[136.34359,34.4998],[136.34418,34.50248],[136.34553,34.50445],[136.34619,34.50683],[136.3482,34.50761],[136.34775,34.50926],[136.34567,34.51161],[136.34449,34.5154],[136.3429,34.51672],[136.3428,34.51837],[136.34104,34.52105],[136.33827,34.52224],[136.33799,34.52726],[136.33711,34.52985],[136.33843,34.53223],[136.34177,34.53331],[136.34357,34.53284],[136.34605,34.53446],[136.3467,34.53664],[136.34953,34.53791],[136.35189,34.54122],[136.35468,34.54263],[136.3549,34.54498],[136.3541,34.5472],[136.35686,34.54778],[136.35987,34.54928],[136.36122,34.55312],[136.36285,34.55539],[136.36227,34.55754],[136.36415,34.55849],[136.36535,34.56049],[136.36886,34.56304],[136.36953,34.56517],[136.36839,34.566],[136.37147,34.5693],[136.37107,34.57171],[136.37613,34.57482],[136.37697,34.57903],[136.37659,34.58083],[136.37728,34.58422],[136.38021,34.58595],[136.38342,34.58938],[136.38458,34.59238],[136.38676,34.59228],[136.39044,34.59498],[136.39019,34.59749],[136.39192,34.60061],[136.39168,34.60658],[136.39048,34.60669],[136.39139,34.61025],[136.39382,34.61064],[136.39401,34.61276],[136.39697,34.61571],[136.39922,34.61613],[136.40182,34.61436],[136.40486,34.61545],[136.40536,34.61727],[136.40811,34.61994],[136.41045,34.62113],[136.41234,34.62068],[136.41445,34.62138],[136.41535,34.6228],[136.41769,34.62249],[136.41816,34.62412],[136.42069,34.62734],[136.42252,34.63156],[136.43026,34.63658],[136.43677,34.63496],[136.43888,34.63277],[136.43964,34.62961],[136.44337,34.62905],[136.44471,34.62779],[136.44754,34.62762],[136.44934,34.63127],[136.45033,34.63732],[136.45145,34.63959],[136.45133,34.6415],[136.45376,34.64141],[136.4528,34.63779],[136.45645,34.637],[136.46064,34.63935],[136.46292,34.64296],[136.46277,34.64605],[136.46396,34.64746],[136.46368,34.64917],[136.4675,34.6493],[136.47106,34.64812],[136.47396,34.64852],[136.47653,34.64742],[136.47913,34.64831],[136.48055,34.64662],[136.48363,34.64528],[136.48575,34.645],[136.489,34.64557],[136.49206,34.64708],[136.49452,34.6491],[136.49974,34.6511],[136.50724,34.65034],[136.51406,34.64857],[136.52189,34.6477],[136.52687,34.64869],[136.52951,34.64818],[136.53226,34.64672],[136.53437,34.64392],[136.53572,34.64109],[136.53826,34.63903],[136.54262,34.63685],[136.54958,34.6347],[136.54999,34.63809],[136.54795,34.64535],[136.54785,34.65225],[136.5489,34.66183],[136.54846,34.66626],[136.55426,34.66733],[136.55766,34.67138],[136.55413,34.67574],[136.55306,34.67588],[136.54933,34.67082],[136.54236,34.67467],[136.54685,34.68021],[136.54141,34.68323],[136.53661,34.6773],[136.53502,34.67818],[136.53609,34.6803],[136.52968,34.68415],[136.52762,34.68162],[136.5251,34.6828],[136.52335,34.68509],[136.52158,34.68954],[136.52106,34.69846],[136.52178,34.70282],[136.52332,34.70759],[136.52427,34.70877],[136.52528,34.71289],[136.52432,34.71307],[136.52906,34.72988],[136.52963,34.73493],[136.52883,34.73725],[136.5313,34.74675],[136.53436,34.75419],[136.53886,34.76305],[136.53871,34.76409],[136.54464,34.77371],[136.55491,34.78801],[136.5704,34.80454],[136.56844,34.80704],[136.56559,34.80757],[136.55894,34.81189],[136.55739,34.81044],[136.55442,34.81224],[136.55496,34.81364],[136.55177,34.81448],[136.55163,34.81162],[136.54843,34.81035],[136.54458,34.80977],[136.54189,34.81004],[136.54138,34.80772],[136.53957,34.80825],[136.53384,34.80779],[136.52917,34.80796],[136.52684,34.81213],[136.52541,34.81313],[136.5234,34.81247],[136.52023,34.80949],[136.51708,34.8091],[136.51533,34.80799],[136.51399,34.8109],[136.51265,34.81181],[136.5114,34.80672],[136.50971,34.80456],[136.50661,34.80555],[136.50424,34.80514],[136.50196,34.80608],[136.49827,34.80414],[136.49793,34.80177],[136.49533,34.79956],[136.49112,34.79888],[136.48795,34.80231]]]}},{"type":"Feature","properties":{"code":"24202","name":"四日市市","pref":"三重県","pref_code":"24","cx":136.54712,"cy":34.98566,"bbox":[136.41349,34.90059,136.67758,35.07051]},"geometry":{"type":"MultiPolygon","coordinates":[[[[136.673,34.99794],[136.6753,35.00203],[136.67104,35.00229],[136.66377,34.9993],[136.65281,34.99185],[136.65013,34.97735],[136.65538,34.97526],[136.66562,34.97294],[136.67227,34.98274],[136.67469,34.98423],[136.67577,34.98383],[136.67758,34.98702],[136.66129,34.99347],[136.66179,34.99437],[136.66675,34.99784],[136.67061,34.99636],[136.673,34.99794]]],[[[136.56326,35.06438],[136.55876,35.06436],[136.55703,35.06533],[136.54993,35.06674],[136.54801,35.06884],[136.5434,35.07026],[136.54075,35.0698],[136.53881,35.07051],[136.53918,35.06596],[136.53759,35.06463],[136.54142,35.0626],[136.54181,35.06047],[136.54031,35.05808],[136.54021,35.05628],[136.53796,35.05269],[136.53896,35.05029],[136.53354,35.04337],[136.53707,35.04272],[136.53625,35.04037],[136.53429,35.03802],[136.54246,35.03817],[136.55905,35.03642],[136.55845,35.0328],[136.5561,35.02919],[136.55605,35.02723],[136.55467,35.02525],[136.55499,35.02313],[136.55449,35.01774],[136.55153,35.01583],[136.55053,35.01453],[136.54616,35.01561],[136.54658,35.01657],[136.54119,35.01819],[136.54071,35.01718],[136.53737,35.01827],[136.53613,35.01701],[136.53432,35.01296],[136.53604,35.0109],[136.5397,35.00888],[136.54045,35.00915],[136.54591,35.0014],[136.54359,35.00005],[136.53644,34.99952],[136.53153,34.99795],[136.52699,34.99872],[136.52297,35.00063],[136.52081,35.00027],[136.51793,34.99785],[136.51572,34.99669],[136.51321,34.99719],[136.51095,34.99678],[136.50906,34.99884],[136.49909,34.99658],[136.49709,34.99704],[136.49432,34.99643],[136.49135,34.99748],[136.48885,34.99577],[136.48635,34.99577],[136.48467,34.99491],[136.47775,34.9938],[136.47499,34.99574],[136.47377,34.99426],[136.47096,34.99409],[136.46651,34.99262],[136.46265,34.99063],[136.4592,34.9914],[136.45653,34.99401],[136.45475,34.99722],[136.45074,34.99732],[136.44801,34.99991],[136.4451,35.00038],[136.43879,34.99888],[136.4372,35.00049],[136.42927,35.00127],[136.42592,34.99937],[136.42117,34.99963],[136.41636,34.99765],[136.41349,34.99543],[136.41636,34.99213],[136.41549,34.99039],[136.4161,34.98814],[136.41519,34.98462],[136.41924,34.98428],[136.42161,34.98496],[136.42493,34.98456],[136.4282,34.98741],[136.43465,34.98635],[136.43708,34.9875],[136.43922,34.98735],[136.44166,34.98809],[136.44403,34.98705],[136.44529,34.98466],[136.44957,34.98316],[136.45613,34.97914],[136.46144,34.9777],[136.46434,34.97595],[136.47043,34.97056],[136.47256,34.96547],[136.4736,34.96445],[136.47613,34.96393],[136.47496,34.96158],[136.4767,34.9604],[136.47543,34.95861],[136.47982,34.95734],[136.48033,34.95829],[136.48636,34.95441],[136.48823,34.95371],[136.49152,34.95466],[136.49584,34.95089],[136.49709,34.95212],[136.503,34.95038],[136.50752,34.94837],[136.51213,34.94494],[136.51331,34.94347],[136.51276,34.94108],[136.51111,34.93942],[136.52395,34.931],[136.53209,34.92687],[136.53517,34.92614],[136.54059,34.92363],[136.5447,34.92295],[136.54972,34.92142],[136.55308,34.91924],[136.55659,34.91773],[136.55816,34.91614],[136.5607,34.91577],[136.5603,34.91445],[136.56476,34.91375],[136.56689,34.91424],[136.56946,34.91326],[136.57303,34.91356],[136.57746,34.91464],[136.57803,34.91174],[136.58121,34.91053],[136.58226,34.91202],[136.58406,34.91244],[136.58663,34.9093],[136.58947,34.91016],[136.59404,34.91043],[136.59616,34.90765],[136.59924,34.90624],[136.60208,34.90772],[136.6032,34.90631],[136.60744,34.90505],[136.61545,34.90423],[136.63437,34.90348],[136.64068,34.90152],[136.64233,34.90059],[136.64691,34.90417],[136.64579,34.90503],[136.64728,34.90801],[136.64553,34.91659],[136.64449,34.91691],[136.64502,34.92072],[136.64741,34.92494],[136.64574,34.9248],[136.64484,34.92648],[136.64583,34.92922],[136.64502,34.93278],[136.64575,34.93441],[136.65321,34.93737],[136.66687,34.937],[136.66753,34.94177],[136.66275,34.94227],[136.66313,34.94541],[136.64847,34.94684],[136.64394,34.94319],[136.64288,34.93927],[136.64111,34.93875],[136.63757,34.9464],[136.63384,34.94891],[136.64112,34.94898],[136.63857,34.95049],[136.63858,34.95193],[136.64272,34.95097],[136.64487,34.95397],[136.64553,34.95587],[136.64139,34.95609],[136.63895,34.95302],[136.6379,34.95317],[136.63749,34.95747],[136.6378,34.95964],[136.64614,34.95909],[136.64676,34.96138],[136.64485,34.96227],[136.64662,34.96439],[136.65041,34.97474],[136.64599,34.97652],[136.64978,34.98648],[136.6503,34.99122],[136.65181,34.99328],[136.66044,35.00104],[136.66609,35.0042],[136.66767,35.00354],[136.67406,35.00623],[136.67217,35.00964],[136.67195,35.0114],[136.67405,35.01235],[136.67272,35.01505],[136.67006,35.0174],[136.66726,35.01665],[136.66163,35.0117],[136.65439,35.01813],[136.65611,35.01873],[136.65923,35.02187],[136.65821,35.02259],[136.65936,35.02475],[136.65434,35.02546],[136.65206,35.02832],[136.64773,35.02741],[136.64479,35.02953],[136.64337,35.03306],[136.6422,35.0333],[136.64036,35.0371],[136.64208,35.03968],[136.64175,35.04305],[136.64062,35.04473],[136.63675,35.04484],[136.6363,35.04569],[136.63296,35.04405],[136.62956,35.04471],[136.62739,35.04626],[136.62074,35.04664],[136.61828,35.04741],[136.61344,35.04602],[136.61166,35.04631],[136.60961,35.0485],[136.60822,35.04612],[136.60369,35.04816],[136.59515,35.04936],[136.59261,35.04929],[136.57203,35.05391],[136.56934,35.05564],[136.56768,35.06135],[136.56289,35.06201],[136.56326,35.06438]]]]}},{"type":"Feature","properties":{"code":"24203","name":"伊勢市","pref":"三重県","pref_code":"24","cx":136.73669,"cy":34.47552,"bbox":[136.63264,34.38472,136.81752,34.5663]},"geometry":{"type":"MultiPolygon","coordinates":[[[[136.65,34.521],[136.64812,34.52257],[136.64657,34.52124],[136.64685,34.51883],[136.65,34.521]]],[[[136.81605,34.4852],[136.81752,34.48685],[136.81709,34.48964],[136.81622,34.49068],[136.81295,34.49183],[136.81327,34.49332],[136.81561,34.49465],[136.816,34.4966],[136.81274,34.49793],[136.81245,34.50247],[136.81016,34.50383],[136.81109,34.50684],[136.8089,34.50827],[136.80387,34.50728],[136.79575,34.50653],[136.78909,34.5081],[136.78856,34.50911],[136.78101,34.50852],[136.77686,34.50892],[136.77322,34.50991],[136.77177,34.51092],[136.76534,34.51355],[136.75755,34.5192],[136.7532,34.52476],[136.75129,34.5229],[136.74847,34.52227],[136.7472,34.5263],[136.74224,34.52976],[136.74081,34.53187],[136.7372,34.53425],[136.73625,34.53353],[136.72316,34.54115],[136.72251,34.54265],[136.71816,34.54292],[136.71601,34.5445],[136.70007,34.54563],[136.69422,34.54704],[136.68936,34.55008],[136.68833,34.55126],[136.67969,34.55357],[136.66686,34.55833],[136.66301,34.56139],[136.66096,34.56385],[136.66045,34.5663],[136.6572,34.56317],[136.6593,34.56042],[136.65655,34.55841],[136.65592,34.55647],[136.65787,34.55361],[136.65828,34.55131],[136.65158,34.54891],[136.64983,34.54661],[136.64715,34.54561],[136.64708,34.54206],[136.64561,34.53921],[136.64542,34.53631],[136.64955,34.53484],[136.65165,34.53457],[136.6605,34.52851],[136.66104,34.52735],[136.65906,34.52381],[136.66123,34.52262],[136.65922,34.51752],[136.65485,34.51806],[136.65457,34.52081],[136.65817,34.52083],[136.65813,34.52308],[136.65601,34.5232],[136.65416,34.52199],[136.65399,34.51966],[136.65269,34.51895],[136.65435,34.51883],[136.65371,34.51573],[136.6543,34.51459],[136.64739,34.51221],[136.64554,34.51356],[136.64763,34.51513],[136.64553,34.51668],[136.64323,34.51677],[136.64097,34.51478],[136.64239,34.5137],[136.64206,34.51202],[136.64553,34.51233],[136.64804,34.51177],[136.64982,34.51031],[136.64342,34.50828],[136.64254,34.50445],[136.63905,34.49985],[136.64614,34.50066],[136.64735,34.49842],[136.64947,34.49823],[136.65729,34.50454],[136.65628,34.50097],[136.65663,34.49889],[136.64802,34.49484],[136.64786,34.48978],[136.64596,34.48574],[136.64475,34.48435],[136.6463,34.48319],[136.6498,34.48636],[136.65248,34.48532],[136.65192,34.48838],[136.65561,34.4893],[136.65735,34.48667],[136.6552,34.48441],[136.65377,34.48136],[136.65725,34.48045],[136.65861,34.47792],[136.6631,34.47763],[136.66654,34.48032],[136.66941,34.47953],[136.66959,34.47737],[136.67075,34.47575],[136.66715,34.47392],[136.66553,34.47134],[136.66254,34.47014],[136.65081,34.46052],[136.6507,34.45672],[136.65122,34.45395],[136.65273,34.45087],[136.65024,34.44873],[136.64495,34.44682],[136.64344,34.44488],[136.64426,34.44226],[136.64334,34.4393],[136.63861,34.43471],[136.63264,34.43136],[136.63347,34.43002],[136.63979,34.42636],[136.6402,34.42502],[136.64335,34.42322],[136.64491,34.41742],[136.64224,34.41491],[136.64327,34.41155],[136.6421,34.40908],[136.6429,34.4076],[136.64258,34.40538],[136.64462,34.40253],[136.64465,34.40101],[136.64327,34.39847],[136.64657,34.39647],[136.653,34.39595],[136.65431,34.39535],[136.65815,34.39542],[136.66042,34.39445],[136.66508,34.39474],[136.67014,34.39344],[136.67211,34.39201],[136.67394,34.39208],[136.67876,34.39604],[136.68034,34.39648],[136.68431,34.39451],[136.68841,34.39552],[136.69081,34.3949],[136.69336,34.39329],[136.69488,34.39048],[136.69395,34.38819],[136.69442,34.38526],[136.70344,34.3877],[136.70608,34.38712],[136.71035,34.38848],[136.71392,34.38878],[136.71847,34.39222],[136.72353,34.39046],[136.72511,34.3879],[136.72915,34.38732],[136.73464,34.38741],[136.73976,34.38632],[136.74353,34.38472],[136.74708,34.3849],[136.7515,34.38616],[136.75186,34.3894],[136.75405,34.39137],[136.75516,34.39505],[136.75657,34.39607],[136.75787,34.39944],[136.75442,34.40045],[136.75428,34.40272],[136.75792,34.40469],[136.75819,34.40817],[136.75944,34.41167],[136.76274,34.41205],[136.77229,34.41714],[136.77292,34.41812],[136.7807,34.41688],[136.78145,34.41842],[136.78384,34.41946],[136.78753,34.42334],[136.78437,34.426],[136.78447,34.43084],[136.78271,34.43344],[136.78327,34.43938],[136.78297,34.4436],[136.78155,34.44606],[136.78328,34.45017],[136.78588,34.45232],[136.78476,34.45443],[136.78872,34.45774],[136.79138,34.45777],[136.79228,34.45914],[136.7942,34.45977],[136.79839,34.45906],[136.80097,34.45961],[136.80138,34.46388],[136.80377,34.46576],[136.80351,34.46761],[136.80599,34.46995],[136.80632,34.47284],[136.80372,34.4731],[136.80269,34.4753],[136.80498,34.47666],[136.80333,34.47819],[136.80386,34.48039],[136.80735,34.48105],[136.80909,34.48201],[136.81296,34.4824],[136.81605,34.4852]]]]}},{"type":"Feature","properties":{"code":"24204","name":"松阪市","pref":"三重県","pref_code":"24","cx":136.37648,"cy":34.48261,"bbox":[136.06914,34.31359,136.61709,34.6511]},"geometry":{"type":"Polygon","coordinates":[[[136.20625,34.44868],[136.20536,34.44835],[136.19749,34.44996],[136.19185,34.44954],[136.18852,34.4506],[136.18537,34.44813],[136.18175,34.44642],[136.17848,34.44552],[136.17033,34.44642],[136.16545,34.44843],[136.16119,34.44834],[136.15824,34.44901],[136.15661,34.4468],[136.15327,34.44538],[136.15144,34.44185],[136.14767,34.44204],[136.14422,34.44109],[136.14267,34.4418],[136.13925,34.44206],[136.13838,34.4431],[136.13614,34.44284],[136.1349,34.44379],[136.13225,34.44418],[136.13132,34.4451],[136.12837,34.44529],[136.12707,34.44357],[136.11802,34.44271],[136.11476,34.43924],[136.11378,34.43694],[136.11126,34.4357],[136.10932,34.43603],[136.10696,34.43537],[136.10058,34.43589],[136.0959,34.43522],[136.09462,34.43427],[136.09146,34.43013],[136.0887,34.42872],[136.08983,34.42697],[136.08986,34.42451],[136.0911,34.42287],[136.09022,34.42024],[136.09027,34.41604],[136.08691,34.41216],[136.08349,34.40951],[136.08102,34.40965],[136.07824,34.40803],[136.07654,34.40586],[136.07428,34.39975],[136.07499,34.39837],[136.0725,34.396],[136.06914,34.39426],[136.06981,34.3924],[136.06931,34.38934],[136.07239,34.38699],[136.07816,34.3864],[136.08203,34.38359],[136.08389,34.38099],[136.08609,34.37962],[136.08662,34.37575],[136.08889,34.37466],[136.09194,34.36856],[136.09058,34.36723],[136.09054,34.36282],[136.09381,34.36156],[136.09552,34.35981],[136.09594,34.35732],[136.09719,34.35584],[136.0974,34.35368],[136.09863,34.3521],[136.09673,34.34954],[136.0984,34.34517],[136.10207,34.34216],[136.10118,34.33837],[136.10236,34.33605],[136.10583,34.33368],[136.10864,34.33087],[136.10923,34.32911],[136.11347,34.32809],[136.11535,34.32632],[136.1193,34.32626],[136.12222,34.32542],[136.12409,34.3216],[136.12771,34.31856],[136.12951,34.31617],[136.13286,34.31494],[136.13887,34.3153],[136.14156,34.31604],[136.1457,34.31507],[136.15839,34.31359],[136.15803,34.31582],[136.16063,34.31954],[136.16071,34.32129],[136.16453,34.32343],[136.16843,34.32483],[136.17511,34.32247],[136.17795,34.32216],[136.18035,34.32347],[136.18332,34.32298],[136.18844,34.32459],[136.1864,34.32631],[136.18666,34.3308],[136.18847,34.33162],[136.18889,34.3345],[136.18624,34.34004],[136.1876,34.34006],[136.19052,34.34166],[136.19525,34.34558],[136.19823,34.34548],[136.20053,34.34713],[136.20501,34.34774],[136.20767,34.35013],[136.21037,34.34895],[136.21188,34.34937],[136.21504,34.3482],[136.22291,34.35011],[136.22624,34.34988],[136.22821,34.35047],[136.22919,34.35181],[136.23363,34.35188],[136.23514,34.35311],[136.2374,34.35313],[136.24122,34.35435],[136.24257,34.35395],[136.25068,34.35532],[136.25189,34.35493],[136.25584,34.35862],[136.25655,34.36202],[136.2589,34.36295],[136.25939,34.36482],[136.26339,34.36547],[136.26756,34.36799],[136.27115,34.36858],[136.27127,34.36981],[136.26873,34.37238],[136.26413,34.37467],[136.26258,34.37609],[136.26356,34.37741],[136.26182,34.38109],[136.25984,34.38127],[136.25684,34.38255],[136.25684,34.38591],[136.2595,34.38716],[136.26272,34.3936],[136.2648,34.39561],[136.26538,34.39764],[136.26715,34.39848],[136.26693,34.40074],[136.2704,34.40202],[136.27127,34.40433],[136.27301,34.40676],[136.275,34.40732],[136.28239,34.4075],[136.28514,34.4063],[136.29009,34.40512],[136.2951,34.40607],[136.29835,34.40799],[136.30209,34.40678],[136.30688,34.40673],[136.31015,34.40608],[136.31163,34.4069],[136.31508,34.40614],[136.31809,34.40482],[136.32182,34.40537],[136.32351,34.40375],[136.3272,34.40575],[136.32813,34.4075],[136.33368,34.40567],[136.33455,34.40461],[136.3402,34.40525],[136.34253,34.40436],[136.34827,34.40549],[136.35391,34.40599],[136.35572,34.40507],[136.35771,34.40759],[136.3596,34.40761],[136.36168,34.40613],[136.36582,34.40597],[136.36859,34.4049],[136.36968,34.40321],[136.37155,34.40367],[136.37722,34.40278],[136.37834,34.40668],[136.38313,34.40766],[136.38597,34.41015],[136.39117,34.41145],[136.39805,34.41589],[136.40112,34.41585],[136.40517,34.4175],[136.40729,34.41744],[136.40944,34.41997],[136.40768,34.42362],[136.40779,34.42619],[136.41019,34.42988],[136.40985,34.43085],[136.41509,34.43626],[136.41547,34.43806],[136.41699,34.43933],[136.42262,34.44157],[136.42226,34.4443],[136.42042,34.44686],[136.41829,34.45191],[136.41882,34.45348],[136.41848,34.45653],[136.41882,34.4597],[136.421,34.46147],[136.42094,34.46554],[136.4171,34.46653],[136.41599,34.46743],[136.41281,34.46782],[136.41028,34.46878],[136.40813,34.46779],[136.40508,34.46803],[136.40273,34.46958],[136.40114,34.46893],[136.40001,34.47069],[136.40459,34.4717],[136.40964,34.47427],[136.41599,34.47589],[136.4217,34.47653],[136.42717,34.47856],[136.42824,34.47934],[136.42801,34.4819],[136.42929,34.48341],[136.43287,34.48332],[136.43683,34.48156],[136.44079,34.47843],[136.44325,34.47732],[136.44681,34.47658],[136.44772,34.47711],[136.44932,34.48051],[136.45222,34.48421],[136.45398,34.48494],[136.45617,34.4874],[136.46322,34.48553],[136.46464,34.48633],[136.4725,34.48657],[136.47355,34.48553],[136.48121,34.48487],[136.48339,34.48691],[136.4878,34.48772],[136.49321,34.49048],[136.49393,34.49265],[136.49199,34.49359],[136.48823,34.49333],[136.48577,34.49406],[136.48184,34.49432],[136.48025,34.49497],[136.47776,34.49757],[136.47881,34.49996],[136.48587,34.5014],[136.48772,34.50266],[136.49024,34.50762],[136.49517,34.50886],[136.49692,34.5084],[136.49961,34.5007],[136.50323,34.49964],[136.50731,34.50003],[136.51383,34.50304],[136.51791,34.50595],[136.52638,34.50459],[136.53163,34.50574],[136.53802,34.50539],[136.54325,34.50671],[136.54565,34.508],[136.5479,34.51162],[136.55464,34.51306],[136.55815,34.51546],[136.56468,34.52108],[136.57821,34.52333],[136.58183,34.52298],[136.58429,34.52345],[136.58587,34.52278],[136.58812,34.52369],[136.58961,34.52624],[136.59483,34.52734],[136.59615,34.52805],[136.59639,34.5305],[136.59815,34.53194],[136.59715,34.53483],[136.5993,34.53628],[136.60167,34.53696],[136.60303,34.53871],[136.60148,34.54027],[136.60424,34.54513],[136.60498,34.54492],[136.60671,34.54938],[136.60727,34.55207],[136.60681,34.55441],[136.60827,34.55914],[136.60948,34.56111],[136.61319,34.56301],[136.61661,34.56205],[136.6162,34.56545],[136.61709,34.5667],[136.6164,34.56898],[136.61372,34.57015],[136.61067,34.57028],[136.60824,34.57173],[136.6095,34.57491],[136.60792,34.57974],[136.61058,34.58122],[136.61128,34.58283],[136.61127,34.58692],[136.6149,34.58924],[136.61423,34.59297],[136.6117,34.59247],[136.60526,34.59447],[136.60752,34.59744],[136.60444,34.5982],[136.60376,34.60083],[136.60197,34.60159],[136.58809,34.60244],[136.5844,34.60363],[136.58135,34.60535],[136.5785,34.60558],[136.576,34.60721],[136.57329,34.60988],[136.56491,34.60768],[136.56159,34.60889],[136.56329,34.61263],[136.56193,34.61362],[136.56013,34.61038],[136.55499,34.61225],[136.5567,34.61522],[136.55448,34.61487],[136.55246,34.6127],[136.54877,34.60693],[136.54278,34.61002],[136.54065,34.60851],[136.5365,34.60982],[136.52936,34.60833],[136.52958,34.6134],[136.5319,34.61643],[136.53763,34.61645],[136.53937,34.62361],[136.54421,34.62191],[136.54788,34.63024],[136.54916,34.63096],[136.54958,34.6347],[136.54262,34.63685],[136.53826,34.63903],[136.53572,34.64109],[136.53437,34.64392],[136.53226,34.64672],[136.52951,34.64818],[136.52687,34.64869],[136.52189,34.6477],[136.51406,34.64857],[136.50724,34.65034],[136.49974,34.6511],[136.49452,34.6491],[136.49206,34.64708],[136.489,34.64557],[136.48575,34.645],[136.48363,34.64528],[136.48055,34.64662],[136.47913,34.64831],[136.47653,34.64742],[136.47396,34.64852],[136.47106,34.64812],[136.4675,34.6493],[136.46368,34.64917],[136.46396,34.64746],[136.46277,34.64605],[136.46292,34.64296],[136.46064,34.63935],[136.45645,34.637],[136.4528,34.63779],[136.45376,34.64141],[136.45133,34.6415],[136.45145,34.63959],[136.45033,34.63732],[136.44934,34.63127],[136.44754,34.62762],[136.44471,34.62779],[136.44337,34.62905],[136.43964,34.62961],[136.43888,34.63277],[136.43677,34.63496],[136.43026,34.63658],[136.42252,34.63156],[136.42069,34.62734],[136.41816,34.62412],[136.41769,34.62249],[136.41535,34.6228],[136.41445,34.62138],[136.41234,34.62068],[136.41045,34.62113],[136.40811,34.61994],[136.40536,34.61727],[136.40486,34.61545],[136.40182,34.61436],[136.39922,34.61613],[136.39697,34.61571],[136.39401,34.61276],[136.39382,34.61064],[136.39139,34.61025],[136.39048,34.60669],[136.39168,34.60658],[136.39192,34.60061],[136.39019,34.59749],[136.39044,34.59498],[136.38676,34.59228],[136.38458,34.59238],[136.38342,34.58938],[136.38021,34.58595],[136.37728,34.58422],[136.37659,34.58083],[136.37697,34.57903],[136.37613,34.57482],[136.37107,34.57171],[136.37147,34.5693],[136.36839,34.566],[136.36953,34.56517],[136.36886,34.56304],[136.36535,34.56049],[136.36415,34.55849],[136.36227,34.55754],[136.36285,34.55539],[136.36122,34.55312],[136.35987,34.54928],[136.35686,34.54778],[136.3541,34.5472],[136.3549,34.54498],[136.35468,34.54263],[136.35189,34.54122],[136.34953,34.53791],[136.3467,34.53664],[136.34605,34.53446],[136.34357,34.53284],[136.34177,34.53331],[136.33843,34.53223],[136.33711,34.52985],[136.33799,34.52726],[136.33827,34.52224],[136.34104,34.52105],[136.3428,34.51837],[136.3429,34.51672],[136.34449,34.5154],[136.34567,34.51161],[136.34775,34.50926],[136.3482,34.50761],[136.34619,34.50683],[136.34553,34.50445],[136.34418,34.50248],[136.34359,34.4998],[136.34156,34.49728],[136.33821,34.49464],[136.33713,34.49282],[136.33422,34.49055],[136.33111,34.4915],[136.32918,34.49036],[136.32464,34.49008],[136.32515,34.48748],[136.32416,34.48142],[136.32431,34.47927],[136.32129,34.47639],[136.3162,34.47428],[136.31374,34.4701],[136.31424,34.46827],[136.31113,34.46588],[136.30982,34.46376],[136.30656,34.4629],[136.30528,34.46125],[136.30038,34.46139],[136.29806,34.46228],[136.29341,34.46255],[136.28767,34.45977],[136.28619,34.45553],[136.28111,34.45288],[136.2794,34.45348],[136.27466,34.45234],[136.27127,34.45237],[136.26888,34.45109],[136.26375,34.45153],[136.2587,34.45017],[136.25599,34.45016],[136.25228,34.44773],[136.24768,34.44802],[136.24421,34.44745],[136.24219,34.44861],[136.23984,34.44813],[136.22822,34.44898],[136.21988,34.44812],[136.2172,34.44973],[136.21543,34.44997],[136.20807,34.44832],[136.20625,34.44868]]]}},{"type":"Feature","properties":{"code":"24205","name":"桑名市","pref":"三重県","pref_code":"24","cx":136.65979,"cy":35.1022,"bbox":[136.5734,35.02104,136.75517,35.18093]},"geometry":{"type":"Polygon","coordinates":[[[136.64175,35.04305],[136.64452,35.04339],[136.64774,35.0415],[136.65034,35.04115],[136.65554,35.04262],[136.65861,35.04278],[136.66102,35.04222],[136.66054,35.0463],[136.66421,35.04758],[136.6671,35.04647],[136.67038,35.0473],[136.67109,35.04548],[136.67278,35.04502],[136.67497,35.04678],[136.67833,35.04161],[136.68123,35.03899],[136.69134,35.0321],[136.69678,35.02554],[136.6989,35.0223],[136.70035,35.02104],[136.71074,35.02425],[136.72834,35.02522],[136.73279,35.02655],[136.73441,35.02749],[136.73974,35.03253],[136.7495,35.03652],[136.74979,35.03605],[136.75517,35.0393],[136.75182,35.04425],[136.74286,35.03882],[136.73406,35.05267],[136.72912,35.05788],[136.72556,35.06411],[136.72466,35.07076],[136.72275,35.07562],[136.72004,35.08035],[136.71695,35.0971],[136.71407,35.10517],[136.69994,35.12029],[136.69519,35.12461],[136.68746,35.12614],[136.68109,35.12844],[136.67639,35.12887],[136.67278,35.13478],[136.66963,35.13373],[136.66845,35.13683],[136.66766,35.14115],[136.66149,35.1492],[136.65564,35.16105],[136.64628,35.16581],[136.64468,35.16277],[136.64619,35.15657],[136.64562,35.15028],[136.64602,35.14766],[136.64443,35.14441],[136.63993,35.14758],[136.63506,35.14817],[136.63407,35.14983],[136.63049,35.15022],[136.62778,35.14811],[136.62427,35.14653],[136.62135,35.14844],[136.61555,35.14993],[136.61326,35.15347],[136.61355,35.15489],[136.61203,35.15766],[136.61251,35.15942],[136.61078,35.16162],[136.60859,35.16289],[136.6072,35.16582],[136.60527,35.16713],[136.60478,35.1685],[136.60613,35.17207],[136.6023,35.17804],[136.60115,35.17849],[136.59919,35.17704],[136.59702,35.17731],[136.59678,35.17966],[136.59434,35.18093],[136.59228,35.17919],[136.58678,35.17606],[136.586,35.17456],[136.58236,35.17364],[136.57738,35.17129],[136.57657,35.16886],[136.57494,35.16658],[136.57507,35.16421],[136.57762,35.15908],[136.5753,35.15701],[136.57487,35.15384],[136.57355,35.15165],[136.57415,35.14842],[136.5734,35.14667],[136.57536,35.14172],[136.57838,35.13926],[136.58263,35.13439],[136.58416,35.13418],[136.58448,35.13019],[136.58372,35.12798],[136.58662,35.12615],[136.58721,35.12443],[136.5892,35.12485],[136.5897,35.1228],[136.59117,35.12302],[136.59133,35.12005],[136.59358,35.1187],[136.59487,35.11706],[136.59442,35.11568],[136.59801,35.11401],[136.59942,35.11211],[136.6015,35.11294],[136.60203,35.11095],[136.6035,35.11019],[136.6018,35.10686],[136.60257,35.1045],[136.60393,35.10347],[136.60497,35.10094],[136.60799,35.10009],[136.61032,35.09859],[136.61242,35.09936],[136.6129,35.09781],[136.62023,35.09435],[136.61941,35.09344],[136.6163,35.09259],[136.61534,35.09117],[136.61636,35.09008],[136.6151,35.08838],[136.61392,35.0847],[136.61283,35.08373],[136.60301,35.08503],[136.60253,35.08319],[136.60746,35.079],[136.60764,35.07755],[136.6103,35.07283],[136.6098,35.06805],[136.60873,35.06603],[136.60928,35.06481],[136.60927,35.06133],[136.60697,35.06119],[136.60649,35.06006],[136.60293,35.06007],[136.60376,35.0579],[136.60008,35.0516],[136.60019,35.04861],[136.60369,35.04816],[136.60822,35.04612],[136.60961,35.0485],[136.61166,35.04631],[136.61344,35.04602],[136.61828,35.04741],[136.62074,35.04664],[136.62739,35.04626],[136.62956,35.04471],[136.63296,35.04405],[136.6363,35.04569],[136.63675,35.04484],[136.64062,35.04473],[136.64175,35.04305]]]}},{"type":"Feature","properties":{"code":"24207","name":"鈴鹿市","pref":"三重県","pref_code":"24","cx":136.56497,"cy":34.89516,"bbox":[136.39526,34.79888,136.64233,34.98809]},"geometry":{"type":"Polygon","coordinates":[[[136.5704,34.80454],[136.58946,34.82475],[136.59406,34.82815],[136.59179,34.82818],[136.59053,34.82955],[136.59517,34.83219],[136.60437,34.84253],[136.61551,34.85334],[136.61518,34.8548],[136.61623,34.85695],[136.62089,34.86347],[136.62573,34.8683],[136.62552,34.86989],[136.63157,34.87781],[136.63441,34.88382],[136.63587,34.88564],[136.63319,34.88707],[136.63507,34.88905],[136.63613,34.89293],[136.63877,34.89739],[136.64233,34.90059],[136.64068,34.90152],[136.63437,34.90348],[136.61545,34.90423],[136.60744,34.90505],[136.6032,34.90631],[136.60208,34.90772],[136.59924,34.90624],[136.59616,34.90765],[136.59404,34.91043],[136.58947,34.91016],[136.58663,34.9093],[136.58406,34.91244],[136.58226,34.91202],[136.58121,34.91053],[136.57803,34.91174],[136.57746,34.91464],[136.57303,34.91356],[136.56946,34.91326],[136.56689,34.91424],[136.56476,34.91375],[136.5603,34.91445],[136.5607,34.91577],[136.55816,34.91614],[136.55659,34.91773],[136.55308,34.91924],[136.54972,34.92142],[136.5447,34.92295],[136.54059,34.92363],[136.53517,34.92614],[136.53209,34.92687],[136.52395,34.931],[136.51111,34.93942],[136.51276,34.94108],[136.51331,34.94347],[136.51213,34.94494],[136.50752,34.94837],[136.503,34.95038],[136.49709,34.95212],[136.49584,34.95089],[136.49152,34.95466],[136.48823,34.95371],[136.48636,34.95441],[136.48033,34.95829],[136.47982,34.95734],[136.47543,34.95861],[136.4767,34.9604],[136.47496,34.96158],[136.47613,34.96393],[136.4736,34.96445],[136.47256,34.96547],[136.47043,34.97056],[136.46434,34.97595],[136.46144,34.9777],[136.45613,34.97914],[136.44957,34.98316],[136.44529,34.98466],[136.44403,34.98705],[136.44166,34.98809],[136.43922,34.98735],[136.43708,34.9875],[136.43465,34.98635],[136.4282,34.98741],[136.42493,34.98456],[136.42161,34.98496],[136.41924,34.98428],[136.41519,34.98462],[136.41587,34.9808],[136.41355,34.97794],[136.40892,34.97506],[136.40745,34.97215],[136.40474,34.97074],[136.40315,34.96915],[136.40338,34.96643],[136.39912,34.96314],[136.39956,34.96111],[136.39647,34.95742],[136.39637,34.95448],[136.39526,34.95188],[136.39854,34.95075],[136.40125,34.94914],[136.40514,34.95024],[136.40751,34.94944],[136.41065,34.94759],[136.41298,34.94836],[136.41864,34.94576],[136.42018,34.94386],[136.42004,34.94209],[136.42137,34.9415],[136.42552,34.93557],[136.42482,34.93443],[136.42682,34.93222],[136.43132,34.93106],[136.4305,34.92677],[136.43123,34.92521],[136.43042,34.92253],[136.43117,34.92033],[136.43539,34.91781],[136.43534,34.91609],[136.44134,34.91609],[136.44144,34.91471],[136.44427,34.91357],[136.44466,34.91075],[136.44962,34.9066],[136.45122,34.90597],[136.45489,34.9058],[136.45563,34.90422],[136.45769,34.90484],[136.46159,34.90411],[136.46371,34.90462],[136.46616,34.90421],[136.46746,34.9049],[136.47327,34.90563],[136.47663,34.90498],[136.48008,34.90583],[136.48218,34.91035],[136.48557,34.9108],[136.48453,34.90846],[136.48454,34.90554],[136.48706,34.90517],[136.4861,34.90317],[136.48838,34.90268],[136.49009,34.9011],[136.49426,34.90127],[136.49163,34.89216],[136.49327,34.89184],[136.49241,34.8889],[136.49394,34.88598],[136.49568,34.88602],[136.49464,34.87772],[136.49084,34.8762],[136.4895,34.8751],[136.49014,34.87069],[136.49354,34.87095],[136.4943,34.87031],[136.49627,34.86571],[136.49621,34.86484],[136.49311,34.86248],[136.49224,34.8612],[136.49052,34.85413],[136.48728,34.85072],[136.48817,34.85002],[136.48647,34.8468],[136.48601,34.84346],[136.48307,34.84161],[136.48257,34.83878],[136.4828,34.83613],[136.48516,34.83532],[136.48548,34.83293],[136.48769,34.83156],[136.49118,34.82566],[136.49189,34.82308],[136.49172,34.82046],[136.49035,34.81661],[136.4888,34.81571],[136.48833,34.8138],[136.49011,34.81202],[136.49141,34.81247],[136.49275,34.81008],[136.49127,34.80739],[136.48846,34.80484],[136.48795,34.80231],[136.49112,34.79888],[136.49533,34.79956],[136.49793,34.80177],[136.49827,34.80414],[136.50196,34.80608],[136.50424,34.80514],[136.50661,34.80555],[136.50971,34.80456],[136.5114,34.80672],[136.51265,34.81181],[136.51399,34.8109],[136.51533,34.80799],[136.51708,34.8091],[136.52023,34.80949],[136.5234,34.81247],[136.52541,34.81313],[136.52684,34.81213],[136.52917,34.80796],[136.53384,34.80779],[136.53957,34.80825],[136.54138,34.80772],[136.54189,34.81004],[136.54458,34.80977],[136.54843,34.81035],[136.55163,34.81162],[136.55177,34.81448],[136.55496,34.81364],[136.55442,34.81224],[136.55739,34.81044],[136.55894,34.81189],[136.56559,34.80757],[136.56844,34.80704],[136.5704,34.80454]]]}},{"type":"Feature","properties":{"code":"24208","name":"名張市","pref":"三重県","pref_code":"24","cx":136.11883,"cy":34.61739,"bbox":[136.03955,34.54645,136.19549,34.68805]},"geometry":{"type":"Polygon","coordinates":[[[136.19549,34.56664],[136.19212,34.57191],[136.19456,34.57326],[136.19373,34.57496],[136.1907,34.57577],[136.18701,34.57959],[136.18816,34.5828],[136.18541,34.59339],[136.18119,34.59447],[136.18043,34.5991],[136.18169,34.59955],[136.18272,34.60243],[136.18,34.60385],[136.17923,34.6081],[136.18075,34.60916],[136.18162,34.6112],[136.17611,34.61577],[136.17603,34.61787],[136.17742,34.61928],[136.17725,34.62205],[136.17935,34.62676],[136.17814,34.62706],[136.17476,34.62973],[136.17212,34.6331],[136.1609,34.63956],[136.16088,34.64066],[136.1576,34.64163],[136.15416,34.64445],[136.15225,34.64535],[136.1515,34.64715],[136.15182,34.64911],[136.15307,34.65083],[136.15327,34.65406],[136.14986,34.65382],[136.15026,34.65743],[136.14897,34.65875],[136.14928,34.6609],[136.14399,34.66306],[136.14204,34.66593],[136.14351,34.66627],[136.14375,34.66872],[136.14251,34.67009],[136.13703,34.67074],[136.13498,34.66981],[136.13332,34.67071],[136.12977,34.66936],[136.12829,34.67113],[136.12635,34.66898],[136.1243,34.66779],[136.12105,34.67399],[136.12463,34.67551],[136.12665,34.67847],[136.13172,34.68196],[136.1287,34.68312],[136.12607,34.68326],[136.12444,34.68659],[136.11942,34.68805],[136.11893,34.68643],[136.11605,34.68365],[136.11683,34.68191],[136.11437,34.67831],[136.1142,34.67534],[136.11475,34.67314],[136.11255,34.67137],[136.11006,34.67059],[136.10671,34.67054],[136.10492,34.66894],[136.10133,34.67164],[136.10082,34.67386],[136.09703,34.67454],[136.09485,34.67426],[136.09124,34.67582],[136.08758,34.67575],[136.08574,34.67643],[136.08626,34.67495],[136.08425,34.67343],[136.08222,34.66993],[136.08334,34.66746],[136.08197,34.66517],[136.07927,34.66445],[136.07784,34.66257],[136.07778,34.65876],[136.07058,34.65775],[136.06809,34.65556],[136.0674,34.6541],[136.06451,34.65196],[136.06155,34.65279],[136.05654,34.65551],[136.04399,34.66023],[136.04093,34.66375],[136.03955,34.6614],[136.04096,34.65919],[136.05047,34.6523],[136.05822,34.65281],[136.06097,34.65079],[136.06301,34.65055],[136.06485,34.65156],[136.06548,34.64884],[136.06765,34.64656],[136.06794,34.64388],[136.07122,34.64054],[136.0714,34.6372],[136.07326,34.63627],[136.07358,34.63409],[136.07201,34.63247],[136.07208,34.63001],[136.06942,34.62856],[136.06879,34.62654],[136.06995,34.62481],[136.06886,34.6223],[136.06647,34.6219],[136.06501,34.62067],[136.06247,34.61996],[136.06144,34.61691],[136.05859,34.61413],[136.05583,34.61016],[136.0543,34.60976],[136.05032,34.60602],[136.05025,34.6041],[136.04776,34.60231],[136.04657,34.60056],[136.04914,34.59489],[136.05214,34.59306],[136.05121,34.59029],[136.05209,34.58915],[136.05065,34.58691],[136.04837,34.58739],[136.04652,34.58522],[136.04879,34.58269],[136.04977,34.58027],[136.0514,34.58092],[136.05218,34.57857],[136.05486,34.57846],[136.0608,34.57496],[136.06031,34.56942],[136.06578,34.567],[136.06747,34.56779],[136.06926,34.56704],[136.07136,34.56773],[136.07373,34.56674],[136.07561,34.5646],[136.07866,34.56316],[136.08233,34.56217],[136.08336,34.55933],[136.08632,34.55827],[136.08985,34.55891],[136.09102,34.55729],[136.09324,34.55696],[136.09492,34.55786],[136.09903,34.55586],[136.10123,34.55659],[136.10749,34.55591],[136.11059,34.55645],[136.1114,34.55423],[136.11129,34.55129],[136.11227,34.55014],[136.11363,34.54645],[136.11667,34.54691],[136.11863,34.54649],[136.11975,34.54803],[136.12393,34.54941],[136.13395,34.55523],[136.1384,34.56095],[136.1396,34.55926],[136.14166,34.55931],[136.14288,34.55765],[136.14661,34.55579],[136.1514,34.55567],[136.1512,34.55916],[136.1555,34.55973],[136.15609,34.55553],[136.15835,34.55497],[136.15759,34.55269],[136.16169,34.5483],[136.16403,34.54904],[136.16538,34.55218],[136.16727,34.55458],[136.16787,34.55722],[136.17004,34.55921],[136.17073,34.56165],[136.17401,34.56234],[136.17667,34.56675],[136.1769,34.56832],[136.17927,34.56821],[136.18455,34.56683],[136.18535,34.56892],[136.18956,34.56887],[136.19223,34.56804],[136.19393,34.56632],[136.19549,34.56664]]]}},{"type":"Feature","properties":{"code":"24209","name":"尾鷲市","pref":"三重県","pref_code":"24","cx":136.17978,"cy":34.03366,"bbox":[136.09223,33.94719,136.30237,34.12023]},"geometry":{"type":"MultiPolygon","coordinates":[[[[136.25997,34.06124],[136.256,34.06047],[136.25953,34.05802],[136.26102,34.05762],[136.26345,34.05843],[136.26233,34.0609],[136.25997,34.06124]]],[[[136.25302,34.07321],[136.25533,34.06895],[136.25676,34.0703],[136.25302,34.07321]]],[[[136.30237,34.09884],[136.29965,34.10182],[136.29926,34.10367],[136.29675,34.105],[136.29326,34.10608],[136.29235,34.1078],[136.29048,34.10737],[136.28632,34.11043],[136.28004,34.11327],[136.27609,34.11233],[136.27569,34.10979],[136.26992,34.10717],[136.26673,34.10673],[136.26028,34.10338],[136.25835,34.10306],[136.25518,34.09931],[136.25464,34.09504],[136.25572,34.0915],[136.25759,34.09007],[136.25433,34.08814],[136.25917,34.08841],[136.26067,34.09019],[136.25967,34.09242],[136.2597,34.09658],[136.25874,34.09804],[136.26229,34.10105],[136.26672,34.10276],[136.27289,34.09993],[136.27089,34.09866],[136.26802,34.09868],[136.26684,34.10004],[136.26486,34.09712],[136.26646,34.09534],[136.26605,34.09301],[136.27056,34.08999],[136.26992,34.08699],[136.27195,34.08723],[136.27244,34.08556],[136.27068,34.08267],[136.27367,34.08283],[136.27564,34.08451],[136.27838,34.08518],[136.27901,34.08745],[136.28116,34.08904],[136.27983,34.09155],[136.28011,34.09428],[136.28219,34.09516],[136.28634,34.09381],[136.28872,34.0943],[136.28911,34.09608],[136.29068,34.09703],[136.29284,34.09671],[136.29354,34.09426],[136.29305,34.09034],[136.29372,34.08871],[136.29656,34.08875],[136.29831,34.0905],[136.30168,34.09672],[136.30237,34.09884]]],[[[136.23643,34.08678],[136.22918,34.09],[136.22596,34.09221],[136.22223,34.09138],[136.21811,34.09196],[136.21532,34.09316],[136.21223,34.09193],[136.20799,34.0913],[136.20653,34.0905],[136.20387,34.09196],[136.19934,34.09249],[136.19693,34.09127],[136.19111,34.0908],[136.18984,34.09],[136.18821,34.0914],[136.18523,34.09261],[136.18349,34.095],[136.18088,34.09292],[136.17325,34.09016],[136.17077,34.09162],[136.16797,34.09207],[136.16739,34.09449],[136.16847,34.09627],[136.16752,34.10187],[136.16606,34.10514],[136.16467,34.10657],[136.16466,34.10826],[136.16234,34.10962],[136.1593,34.1095],[136.15549,34.11148],[136.15314,34.11356],[136.15095,34.11436],[136.14904,34.11597],[136.14801,34.11816],[136.14565,34.12023],[136.14096,34.11892],[136.13492,34.1193],[136.13281,34.119],[136.13129,34.11765],[136.12902,34.1171],[136.12492,34.11792],[136.12022,34.11728],[136.11754,34.11802],[136.11517,34.1173],[136.11291,34.11572],[136.10814,34.1154],[136.10451,34.11416],[136.10568,34.10954],[136.10407,34.10875],[136.1043,34.1059],[136.10787,34.10309],[136.10345,34.09898],[136.10383,34.09746],[136.10236,34.09603],[136.10422,34.09371],[136.10573,34.09336],[136.11276,34.08666],[136.11722,34.08422],[136.11768,34.08292],[136.11599,34.08176],[136.1122,34.08225],[136.10832,34.08372],[136.10338,34.08391],[136.09928,34.08638],[136.0961,34.08635],[136.09331,34.08288],[136.09659,34.07906],[136.09679,34.07606],[136.09482,34.07489],[136.0942,34.07198],[136.09477,34.07082],[136.09392,34.06661],[136.09478,34.06236],[136.09688,34.05903],[136.09708,34.05741],[136.09223,34.04817],[136.09417,34.04753],[136.09782,34.04482],[136.09946,34.04065],[136.10121,34.0394],[136.10105,34.03714],[136.10272,34.03476],[136.10244,34.03255],[136.10447,34.02696],[136.10106,34.02576],[136.10513,34.02326],[136.11102,34.02343],[136.11207,34.02296],[136.11712,34.02374],[136.1244,34.02784],[136.12669,34.02653],[136.12987,34.02598],[136.13258,34.02691],[136.1434,34.02654],[136.14809,34.0253],[136.15172,34.02022],[136.15158,34.01575],[136.15094,34.01347],[136.14807,34.01262],[136.14555,34.01009],[136.14221,34.01058],[136.14019,34.01005],[136.13658,34.00781],[136.1368,33.99972],[136.13445,33.99753],[136.13224,33.99632],[136.13248,33.9896],[136.13373,33.98747],[136.13354,33.9857],[136.13558,33.98459],[136.13625,33.98324],[136.13598,33.97405],[136.13819,33.97074],[136.13896,33.96604],[136.14136,33.96357],[136.14652,33.96213],[136.15112,33.9578],[136.15517,33.95737],[136.15623,33.95862],[136.16777,33.95713],[136.16956,33.96293],[136.17159,33.96503],[136.17655,33.96662],[136.17841,33.9654],[136.18119,33.9648],[136.18152,33.96253],[136.1832,33.95934],[136.18873,33.95703],[136.19136,33.9544],[136.19325,33.95393],[136.19488,33.95553],[136.2002,33.95489],[136.20253,33.95364],[136.20762,33.95243],[136.20967,33.95488],[136.2129,33.95595],[136.21488,33.95512],[136.21879,33.95463],[136.21863,33.95248],[136.22245,33.95067],[136.22236,33.94991],[136.22552,33.94788],[136.22901,33.94719],[136.23196,33.94761],[136.22903,33.9486],[136.22745,33.95182],[136.22832,33.95449],[136.22773,33.95609],[136.22544,33.95713],[136.22405,33.96227],[136.2266,33.96352],[136.22488,33.96683],[136.21856,33.96712],[136.22026,33.97018],[136.22172,33.9715],[136.22213,33.97405],[136.21899,33.97462],[136.21526,33.9722],[136.21402,33.96977],[136.2106,33.96918],[136.21041,33.96811],[136.2068,33.96688],[136.20379,33.96474],[136.19992,33.96498],[136.19697,33.96622],[136.19653,33.96789],[136.19437,33.96805],[136.19293,33.97016],[136.19487,33.97308],[136.20192,33.97116],[136.20429,33.97233],[136.20682,33.97529],[136.21051,33.98167],[136.21543,33.98325],[136.2152,33.98521],[136.21299,33.98975],[136.21339,33.99124],[136.21223,33.99533],[136.21018,33.9985],[136.21134,34.00006],[136.21372,34.00106],[136.21662,34.00077],[136.2171,33.99754],[136.22064,33.99573],[136.2208,33.99414],[136.22693,33.98872],[136.23129,33.98748],[136.23386,33.988],[136.23544,33.98721],[136.24085,33.98644],[136.24533,33.9847],[136.24809,33.98541],[136.25077,33.98271],[136.25043,33.98009],[136.24745,33.98107],[136.24492,33.98086],[136.24419,33.98213],[136.2398,33.98293],[136.23848,33.98135],[136.23627,33.98164],[136.23554,33.9801],[136.23664,33.9767],[136.23549,33.97464],[136.23563,33.97283],[136.23927,33.96869],[136.24088,33.97084],[136.24406,33.97029],[136.24554,33.97299],[136.24903,33.97268],[136.25142,33.97018],[136.25258,33.96735],[136.25471,33.9664],[136.25587,33.96821],[136.26243,33.96722],[136.26427,33.96806],[136.26359,33.96942],[136.26452,33.97078],[136.26883,33.97005],[136.27085,33.97132],[136.27112,33.97397],[136.27214,33.97644],[136.26964,33.98113],[136.26955,33.98258],[136.27165,33.98448],[136.2723,33.98836],[136.26974,33.98937],[136.26539,33.98893],[136.26362,33.98962],[136.26197,33.9886],[136.26005,33.98863],[136.26003,33.9908],[136.26095,33.994],[136.25692,33.99786],[136.25917,33.99791],[136.26212,33.99618],[136.26533,33.99333],[136.26724,33.99468],[136.26571,33.99647],[136.26704,33.99777],[136.2662,34.00027],[136.26688,34.00149],[136.26952,34.00076],[136.2712,34.00585],[136.26839,34.00716],[136.2654,34.00674],[136.26349,34.00392],[136.2608,34.00521],[136.25639,34.00534],[136.25555,34.00648],[136.25324,34.00676],[136.2541,34.00977],[136.25243,34.01185],[136.25002,34.01345],[136.24762,34.01332],[136.24683,34.0143],[136.24233,34.01427],[136.2445,34.01615],[136.24614,34.01572],[136.24771,34.01682],[136.25037,34.01719],[136.25237,34.01442],[136.25616,34.0123],[136.26196,34.01183],[136.26333,34.01067],[136.27705,34.01876],[136.2826,34.0196],[136.28134,34.02065],[136.28089,34.02268],[136.27812,34.02393],[136.27689,34.02517],[136.27371,34.02624],[136.27027,34.02979],[136.26698,34.03011],[136.26587,34.03167],[136.25784,34.03247],[136.25504,34.03637],[136.25222,34.03622],[136.25094,34.03779],[136.24682,34.0378],[136.24436,34.03845],[136.24417,34.04038],[136.24542,34.04189],[136.24537,34.04476],[136.24336,34.04982],[136.24434,34.05238],[136.2446,34.05582],[136.24335,34.05747],[136.24323,34.05974],[136.24476,34.06059],[136.25048,34.06033],[136.24901,34.06346],[136.24563,34.06389],[136.24376,34.06538],[136.24157,34.06356],[136.23697,34.06465],[136.23476,34.06392],[136.23187,34.06513],[136.22657,34.06534],[136.22571,34.06358],[136.22145,34.06299],[136.21871,34.06371],[136.21682,34.06331],[136.21516,34.06432],[136.211,34.06303],[136.20906,34.06427],[136.21092,34.0655],[136.20768,34.06944],[136.20547,34.06864],[136.2046,34.07054],[136.20179,34.07209],[136.20095,34.07533],[136.20161,34.07698],[136.21076,34.07771],[136.2133,34.07965],[136.21552,34.08003],[136.21676,34.07915],[136.22339,34.08186],[136.22563,34.08108],[136.22579,34.0833],[136.22867,34.08592],[136.2345,34.08577],[136.23643,34.08678]]]]}},{"type":"Feature","properties":{"code":"24210","name":"亀山市","pref":"三重県","pref_code":"24","cx":136.40012,"cy":34.877,"bbox":[136.26713,34.80231,136.49627,34.95308]},"geometry":{"type":"Polygon","coordinates":[[[136.48795,34.80231],[136.48846,34.80484],[136.49127,34.80739],[136.49275,34.81008],[136.49141,34.81247],[136.49011,34.81202],[136.48833,34.8138],[136.4888,34.81571],[136.49035,34.81661],[136.49172,34.82046],[136.49189,34.82308],[136.49118,34.82566],[136.48769,34.83156],[136.48548,34.83293],[136.48516,34.83532],[136.4828,34.83613],[136.48257,34.83878],[136.48307,34.84161],[136.48601,34.84346],[136.48647,34.8468],[136.48817,34.85002],[136.48728,34.85072],[136.49052,34.85413],[136.49224,34.8612],[136.49311,34.86248],[136.49621,34.86484],[136.49627,34.86571],[136.4943,34.87031],[136.49354,34.87095],[136.49014,34.87069],[136.4895,34.8751],[136.49084,34.8762],[136.49464,34.87772],[136.49568,34.88602],[136.49394,34.88598],[136.49241,34.8889],[136.49327,34.89184],[136.49163,34.89216],[136.49426,34.90127],[136.49009,34.9011],[136.48838,34.90268],[136.4861,34.90317],[136.48706,34.90517],[136.48454,34.90554],[136.48453,34.90846],[136.48557,34.9108],[136.48218,34.91035],[136.48008,34.90583],[136.47663,34.90498],[136.47327,34.90563],[136.46746,34.9049],[136.46616,34.90421],[136.46371,34.90462],[136.46159,34.90411],[136.45769,34.90484],[136.45563,34.90422],[136.45489,34.9058],[136.45122,34.90597],[136.44962,34.9066],[136.44466,34.91075],[136.44427,34.91357],[136.44144,34.91471],[136.44134,34.91609],[136.43534,34.91609],[136.43539,34.91781],[136.43117,34.92033],[136.43042,34.92253],[136.43123,34.92521],[136.4305,34.92677],[136.43132,34.93106],[136.42682,34.93222],[136.42482,34.93443],[136.42552,34.93557],[136.42137,34.9415],[136.42004,34.94209],[136.42018,34.94386],[136.41864,34.94576],[136.41298,34.94836],[136.41065,34.94759],[136.40751,34.94944],[136.40514,34.95024],[136.40125,34.94914],[136.39854,34.95075],[136.39526,34.95188],[136.39316,34.95106],[136.39039,34.95168],[136.38771,34.95308],[136.38578,34.95268],[136.38419,34.95065],[136.38056,34.94806],[136.37883,34.94601],[136.37731,34.94557],[136.37269,34.94226],[136.37535,34.93989],[136.37492,34.93765],[136.3719,34.93459],[136.37183,34.93155],[136.37296,34.92851],[136.37169,34.9276],[136.37377,34.9254],[136.37391,34.92378],[136.37076,34.92349],[136.36781,34.9219],[136.36803,34.91929],[136.36727,34.91663],[136.3685,34.91497],[136.36515,34.91269],[136.36508,34.909],[136.36597,34.90834],[136.3661,34.90501],[136.36208,34.90495],[136.36019,34.90412],[136.35921,34.90204],[136.35736,34.90048],[136.35033,34.89897],[136.3495,34.89706],[136.34605,34.89473],[136.34374,34.89575],[136.33941,34.89547],[136.33543,34.89329],[136.33073,34.89243],[136.32634,34.88864],[136.32422,34.88992],[136.32219,34.88939],[136.31906,34.88957],[136.31706,34.88817],[136.31323,34.88697],[136.31371,34.88402],[136.31292,34.88063],[136.31037,34.88004],[136.31007,34.87904],[136.30502,34.87518],[136.30234,34.87628],[136.29877,34.87537],[136.2971,34.87276],[136.28906,34.86957],[136.28524,34.87049],[136.28372,34.87029],[136.28312,34.8677],[136.28094,34.86576],[136.28138,34.86431],[136.27771,34.85946],[136.27989,34.85692],[136.28288,34.85668],[136.28436,34.85567],[136.28399,34.85431],[136.2876,34.84533],[136.28973,34.84469],[136.28988,34.84091],[136.28735,34.83941],[136.28575,34.83758],[136.28363,34.83776],[136.28253,34.83652],[136.28043,34.83623],[136.27846,34.83493],[136.27749,34.83278],[136.27772,34.831],[136.27684,34.82888],[136.27899,34.82663],[136.27765,34.82179],[136.27558,34.8211],[136.27493,34.81945],[136.27088,34.81948],[136.26997,34.81871],[136.26713,34.81859],[136.26755,34.81582],[136.27207,34.81538],[136.27358,34.81206],[136.27854,34.8104],[136.28164,34.81054],[136.28262,34.81192],[136.28743,34.81254],[136.28954,34.8117],[136.29381,34.81292],[136.29785,34.81089],[136.3029,34.80988],[136.30496,34.80806],[136.30657,34.80834],[136.31224,34.80685],[136.31307,34.80765],[136.31292,34.81065],[136.31405,34.81268],[136.31786,34.81165],[136.32228,34.81226],[136.32258,34.81583],[136.32331,34.8173],[136.3227,34.81915],[136.32623,34.82202],[136.32712,34.82043],[136.3308,34.81906],[136.33284,34.81926],[136.33427,34.81819],[136.33722,34.81971],[136.34334,34.8184],[136.34849,34.81942],[136.35319,34.82145],[136.35658,34.82148],[136.35926,34.82262],[136.36487,34.82291],[136.36657,34.82104],[136.37111,34.81967],[136.37552,34.82052],[136.37572,34.82155],[136.37831,34.82251],[136.37965,34.82398],[136.38135,34.82789],[136.38713,34.83288],[136.3885,34.83475],[136.39361,34.83594],[136.39682,34.8356],[136.39819,34.83672],[136.40165,34.83696],[136.40417,34.8382],[136.40265,34.8416],[136.40761,34.84335],[136.41032,34.84344],[136.41409,34.84237],[136.41745,34.83965],[136.42183,34.84119],[136.4224,34.84448],[136.42883,34.84137],[136.43285,34.84118],[136.43466,34.83986],[136.4355,34.83605],[136.43349,34.83554],[136.43387,34.83224],[136.43603,34.82859],[136.43435,34.82791],[136.43693,34.82416],[136.4357,34.8227],[136.43837,34.82044],[136.44078,34.82061],[136.44689,34.81588],[136.44915,34.81465],[136.45023,34.81094],[136.45137,34.81051],[136.45438,34.81144],[136.45463,34.81332],[136.45774,34.81176],[136.45956,34.81399],[136.46126,34.81387],[136.46214,34.81131],[136.46619,34.8122],[136.46681,34.81077],[136.46901,34.80901],[136.47038,34.81133],[136.47265,34.80875],[136.47507,34.80983],[136.47751,34.80756],[136.47721,34.80272],[136.47967,34.80402],[136.47938,34.80585],[136.48315,34.80682],[136.4834,34.80502],[136.48503,34.80436],[136.48577,34.80274],[136.48795,34.80231]]]}},{"type":"Feature","properties":{"code":"24211","name":"鳥羽市","pref":"三重県","pref_code":"24","cx":136.83181,"cy":34.44104,"bbox":[136.78155,34.37555,136.9877,34.55222]},"geometry":{"type":"MultiPolygon","coordinates":[[[[136.88899,34.45357],[136.88791,34.45219],[136.88911,34.45085],[136.89082,34.45281],[136.88899,34.45357]]],[[[136.90408,34.50313],[136.89885,34.49884],[136.89046,34.49613],[136.8847,34.49562],[136.88251,34.49481],[136.87848,34.4944],[136.87662,34.49326],[136.87227,34.48678],[136.87313,34.48381],[136.87789,34.48312],[136.88083,34.48404],[136.8797,34.48074],[136.88332,34.48184],[136.88529,34.48015],[136.8844,34.47768],[136.88615,34.47644],[136.88807,34.47731],[136.88733,34.47985],[136.88966,34.48257],[136.89259,34.4829],[136.89557,34.48392],[136.89747,34.48771],[136.89991,34.4894],[136.9045,34.49051],[136.9058,34.49234],[136.90958,34.49966],[136.90951,34.50131],[136.90754,34.50237],[136.90408,34.50313]]],[[[136.78753,34.42334],[136.79001,34.4244],[136.79382,34.42407],[136.79556,34.42233],[136.79748,34.4226],[136.80313,34.42183],[136.80593,34.41963],[136.80751,34.41715],[136.81203,34.41434],[136.81431,34.41409],[136.8155,34.41293],[136.81822,34.41293],[136.82004,34.41106],[136.82138,34.40846],[136.82413,34.40892],[136.82589,34.40669],[136.82912,34.40628],[136.83092,34.40453],[136.83051,34.40227],[136.83162,34.40074],[136.83409,34.40061],[136.8354,34.39914],[136.84088,34.40104],[136.8442,34.39932],[136.84451,34.40313],[136.84659,34.40536],[136.84673,34.40769],[136.8534,34.40786],[136.85531,34.4051],[136.85877,34.40517],[136.86015,34.40448],[136.86388,34.4056],[136.86585,34.4031],[136.86762,34.403],[136.86836,34.40076],[136.86567,34.39912],[136.8629,34.39914],[136.86066,34.39713],[136.86087,34.39259],[136.86294,34.39406],[136.86521,34.39443],[136.86816,34.39128],[136.86794,34.38971],[136.87017,34.38715],[136.8734,34.38415],[136.87817,34.38267],[136.87911,34.38052],[136.88163,34.38115],[136.88121,34.38305],[136.88293,34.38447],[136.88185,34.38714],[136.8802,34.38801],[136.88367,34.38947],[136.88525,34.38841],[136.88809,34.3909],[136.88886,34.38998],[136.88625,34.38846],[136.88596,34.38442],[136.88722,34.38375],[136.88897,34.38526],[136.89009,34.38758],[136.89288,34.38926],[136.89739,34.38907],[136.89917,34.38691],[136.89801,34.37868],[136.90062,34.37746],[136.90533,34.37641],[136.90713,34.37555],[136.91246,34.37604],[136.91365,34.37866],[136.91207,34.38154],[136.90846,34.38307],[136.90696,34.38523],[136.90721,34.38667],[136.90916,34.38819],[136.90973,34.39032],[136.909,34.39635],[136.90947,34.39847],[136.91085,34.39886],[136.91214,34.40098],[136.91598,34.40215],[136.91841,34.4057],[136.91705,34.40804],[136.91991,34.41112],[136.92255,34.41268],[136.92394,34.41196],[136.92677,34.4147],[136.92453,34.41639],[136.92364,34.42107],[136.91961,34.42352],[136.91888,34.42648],[136.92243,34.43099],[136.92128,34.43224],[136.92177,34.43455],[136.92328,34.43569],[136.91977,34.43826],[136.92066,34.44028],[136.92272,34.43997],[136.92457,34.44417],[136.92281,34.44582],[136.91936,34.44522],[136.91752,34.44843],[136.91505,34.45018],[136.915,34.4523],[136.91014,34.45483],[136.91041,34.45269],[136.90705,34.4514],[136.90293,34.4519],[136.89711,34.45369],[136.89301,34.45158],[136.89289,34.45058],[136.89527,34.44909],[136.89867,34.44845],[136.89777,34.44708],[136.89288,34.44716],[136.89064,34.44634],[136.89196,34.44383],[136.88968,34.44341],[136.88868,34.4451],[136.88527,34.4434],[136.88291,34.43984],[136.88477,34.43778],[136.88679,34.4369],[136.88819,34.43766],[136.88987,34.43659],[136.88984,34.43499],[136.88704,34.43572],[136.88633,34.43337],[136.8822,34.43187],[136.88125,34.43071],[136.87852,34.43035],[136.87851,34.43177],[136.88049,34.43358],[136.8834,34.43457],[136.88119,34.43697],[136.88108,34.43831],[136.87667,34.43812],[136.87728,34.43978],[136.88083,34.44016],[136.88016,34.4418],[136.88102,34.44451],[136.88417,34.44623],[136.88416,34.44966],[136.87917,34.45119],[136.87605,34.45015],[136.87472,34.45307],[136.87518,34.4545],[136.86985,34.45508],[136.86812,34.45584],[136.87029,34.45919],[136.86843,34.45978],[136.86781,34.46315],[136.87097,34.46204],[136.87235,34.46425],[136.87128,34.4686],[136.8724,34.47127],[136.87488,34.47169],[136.87727,34.47331],[136.87719,34.47446],[136.87172,34.47392],[136.86777,34.47562],[136.86774,34.47804],[136.86644,34.47831],[136.86656,34.4811],[136.86257,34.48081],[136.86129,34.47921],[136.85799,34.47793],[136.84731,34.48052],[136.84474,34.48316],[136.84534,34.48464],[136.84525,34.48771],[136.8415,34.48885],[136.84261,34.49148],[136.84085,34.49291],[136.83744,34.48894],[136.83475,34.49159],[136.83468,34.49275],[136.83712,34.4952],[136.83529,34.49653],[136.83438,34.50054],[136.83424,34.50366],[136.83248,34.50445],[136.83128,34.50621],[136.8245,34.50503],[136.82567,34.5032],[136.82595,34.50005],[136.82728,34.49519],[136.82885,34.49276],[136.82796,34.49063],[136.82616,34.49116],[136.82402,34.49002],[136.82569,34.4878],[136.82535,34.4861],[136.82339,34.48634],[136.82042,34.48449],[136.81774,34.48419],[136.81605,34.4852],[136.81296,34.4824],[136.80909,34.48201],[136.80735,34.48105],[136.80386,34.48039],[136.80333,34.47819],[136.80498,34.47666],[136.80269,34.4753],[136.80372,34.4731],[136.80632,34.47284],[136.80599,34.46995],[136.80351,34.46761],[136.80377,34.46576],[136.80138,34.46388],[136.80097,34.45961],[136.79839,34.45906],[136.7942,34.45977],[136.79228,34.45914],[136.79138,34.45777],[136.78872,34.45774],[136.78476,34.45443],[136.78588,34.45232],[136.78328,34.45017],[136.78155,34.44606],[136.78297,34.4436],[136.78327,34.43938],[136.78271,34.43344],[136.78447,34.43084],[136.78437,34.426],[136.78753,34.42334]]],[[[136.83763,34.50732],[136.83555,34.50669],[136.83652,34.50457],[136.83843,34.50622],[136.83763,34.50732]]],[[[136.89784,34.46097],[136.8965,34.46089],[136.89306,34.45848],[136.89169,34.45627],[136.89367,34.45548],[136.89703,34.45876],[136.89784,34.46097]]],[[[136.85962,34.49076],[136.85496,34.4898],[136.85157,34.4885],[136.85111,34.48739],[136.85303,34.48587],[136.85384,34.4842],[136.8566,34.48256],[136.85838,34.48408],[136.86036,34.48427],[136.86361,34.48552],[136.86344,34.48929],[136.85962,34.49076]]],[[[136.8445,34.52027],[136.84311,34.51944],[136.83676,34.51801],[136.83612,34.51658],[136.84288,34.5169],[136.84296,34.51786],[136.84724,34.51947],[136.8445,34.52027]]],[[[136.89862,34.53869],[136.89578,34.53655],[136.8927,34.53601],[136.88829,34.53307],[136.88454,34.53164],[136.88467,34.53024],[136.88164,34.52977],[136.87962,34.53094],[136.87848,34.52992],[136.8757,34.52931],[136.8688,34.52932],[136.8661,34.52712],[136.86791,34.52598],[136.87062,34.52649],[136.87164,34.52813],[136.8747,34.52707],[136.87603,34.52417],[136.87255,34.52509],[136.87171,34.52315],[136.87226,34.5212],[136.87187,34.51909],[136.86803,34.51718],[136.86473,34.51748],[136.86398,34.51882],[136.8586,34.51756],[136.85536,34.51548],[136.85394,34.51661],[136.85272,34.51439],[136.84802,34.5114],[136.84704,34.50773],[136.84928,34.50833],[136.85241,34.5068],[136.85821,34.50586],[136.86496,34.50822],[136.86762,34.51083],[136.87112,34.51029],[136.87277,34.5116],[136.8745,34.51033],[136.87774,34.51468],[136.88597,34.51608],[136.88826,34.51935],[136.89098,34.52091],[136.89172,34.52219],[136.89421,34.5231],[136.89969,34.52245],[136.90031,34.52109],[136.8987,34.51908],[136.90093,34.5186],[136.90398,34.51957],[136.90213,34.52175],[136.90115,34.52568],[136.90338,34.52747],[136.90367,34.52928],[136.90161,34.53281],[136.90152,34.53428],[136.8993,34.53472],[136.90077,34.53754],[136.89862,34.53869]]],[[[136.91651,34.54439],[136.91181,34.5432],[136.90759,34.5432],[136.90773,34.54157],[136.91001,34.54026],[136.91354,34.54178],[136.91651,34.54439]]],[[[136.98157,34.55222],[136.98076,34.55059],[136.97722,34.54858],[136.97638,34.54723],[136.97735,34.54575],[136.9796,34.5448],[136.98145,34.54295],[136.98294,34.54271],[136.98646,34.54572],[136.98767,34.54757],[136.9877,34.54958],[136.98579,34.5507],[136.98261,34.55094],[136.98157,34.55222]]]]}},{"type":"Feature","properties":{"code":"24212","name":"熊野市","pref":"三重県","pref_code":"24","cx":136.02044,"cy":33.9111,"bbox":[135.85325,33.78082,136.23196,34.04068]},"geometry":{"type":"Polygon","coordinates":[[[136.10106,34.02576],[136.09993,34.02385],[136.09756,34.02397],[136.09638,34.02246],[136.09312,34.02376],[136.0919,34.02523],[136.08907,34.02615],[136.08868,34.02729],[136.08554,34.02879],[136.08212,34.02756],[136.0808,34.0285],[136.07831,34.02863],[136.07841,34.03057],[136.07631,34.0319],[136.07333,34.03245],[136.07266,34.03386],[136.06827,34.03332],[136.06663,34.03399],[136.06238,34.03228],[136.05493,34.03563],[136.05321,34.03474],[136.05282,34.03214],[136.0509,34.03344],[136.0441,34.03583],[136.04422,34.03841],[136.04346,34.04068],[136.04113,34.03944],[136.04117,34.03711],[136.039,34.03652],[136.03584,34.03911],[136.03173,34.03187],[136.02784,34.03279],[136.02454,34.03572],[136.02298,34.03652],[136.01963,34.03679],[136.01704,34.03352],[136.01726,34.03154],[136.01659,34.02839],[136.01554,34.02747],[136.01496,34.0246],[136.01073,34.02109],[136.00735,34.01975],[136.0059,34.01457],[136.00368,34.01351],[136.00361,34.00988],[136.00591,34.00914],[136.00695,34.0074],[136.00528,34.00334],[136.00365,34.00156],[136.00191,34.00139],[135.99624,34.00227],[135.99557,34.00005],[135.99716,33.99776],[136.00404,33.99177],[136.00461,33.99039],[136.00415,33.98571],[136.00483,33.98411],[136.00817,33.97914],[136.0123,33.97603],[136.01336,33.97423],[136.01333,33.96923],[136.01194,33.9668],[136.01035,33.9656],[136.00426,33.96303],[136.0026,33.96103],[136.00144,33.95721],[135.99916,33.95578],[135.99716,33.95688],[135.99341,33.96096],[135.99146,33.96505],[135.98815,33.9677],[135.98545,33.96856],[135.98142,33.96815],[135.97761,33.96698],[135.97541,33.96391],[135.97516,33.96064],[135.97683,33.95891],[135.97734,33.95722],[135.97711,33.95361],[135.97796,33.95146],[135.97746,33.94739],[135.97577,33.94439],[135.97554,33.94146],[135.96976,33.93002],[135.96655,33.92772],[135.96455,33.92836],[135.95759,33.93447],[135.95167,33.93673],[135.94726,33.93766],[135.94419,33.93955],[135.94189,33.9398],[135.93683,33.93919],[135.93314,33.93981],[135.92954,33.94143],[135.92789,33.93984],[135.92887,33.93738],[135.93133,33.93386],[135.92795,33.9348],[135.92183,33.93433],[135.919,33.93175],[135.91729,33.92506],[135.91771,33.92279],[135.91961,33.92094],[135.92369,33.91982],[135.92612,33.92079],[135.92786,33.92249],[135.93045,33.92328],[135.93267,33.92266],[135.93456,33.92001],[135.93361,33.91746],[135.92226,33.91411],[135.9212,33.91681],[135.91786,33.91956],[135.91579,33.91988],[135.90975,33.91848],[135.90678,33.91907],[135.90234,33.92115],[135.89815,33.9216],[135.89563,33.92118],[135.8937,33.92001],[135.89496,33.91749],[135.89732,33.91498],[135.89787,33.91261],[135.89751,33.91004],[135.8963,33.90742],[135.89395,33.90615],[135.88711,33.90706],[135.88547,33.90688],[135.88217,33.90783],[135.88076,33.90937],[135.87896,33.90836],[135.88086,33.90232],[135.88478,33.89817],[135.88792,33.8963],[135.88797,33.89377],[135.8854,33.89138],[135.88422,33.88654],[135.88446,33.88525],[135.88651,33.8827],[135.89105,33.88097],[135.89273,33.88177],[135.89219,33.88448],[135.89306,33.88907],[135.89027,33.89004],[135.89162,33.89342],[135.8931,33.89349],[135.90131,33.88541],[135.90164,33.88199],[135.9008,33.87956],[135.89877,33.87772],[135.8977,33.87313],[135.89763,33.86975],[135.89401,33.86837],[135.89088,33.86839],[135.88715,33.87092],[135.88641,33.87202],[135.88106,33.8725],[135.87779,33.87134],[135.87762,33.86746],[135.87815,33.86462],[135.87539,33.86177],[135.87316,33.86126],[135.87314,33.85917],[135.86972,33.85988],[135.86707,33.8599],[135.86219,33.86272],[135.8608,33.86559],[135.86187,33.8678],[135.86212,33.87655],[135.85926,33.87557],[135.85782,33.87197],[135.85889,33.86848],[135.85694,33.86496],[135.85325,33.8623],[135.85344,33.85784],[135.8556,33.85458],[135.85812,33.8532],[135.85958,33.85155],[135.86059,33.84896],[135.85893,33.8449],[135.85703,33.84257],[135.85573,33.83669],[135.85645,33.83356],[135.85893,33.83019],[135.85837,33.82713],[135.85586,33.82034],[135.85803,33.8162],[135.8644,33.81047],[135.87217,33.809],[135.8772,33.80577],[135.88041,33.80296],[135.88382,33.80134],[135.88621,33.80239],[135.88927,33.80248],[135.89091,33.80168],[135.89471,33.79767],[135.89823,33.7901],[135.89678,33.78694],[135.9014,33.78082],[135.90408,33.78364],[135.90737,33.7839],[135.91288,33.78663],[135.91567,33.78751],[135.92021,33.79061],[135.92221,33.79097],[135.92401,33.78912],[135.92877,33.78802],[135.93222,33.79128],[135.92979,33.79491],[135.92884,33.79788],[135.92685,33.80148],[135.9267,33.80272],[135.93044,33.80469],[135.93354,33.80759],[135.93346,33.80996],[135.93467,33.81142],[135.9375,33.81151],[135.93849,33.81325],[135.94446,33.81572],[135.94595,33.81571],[135.94603,33.81903],[135.94831,33.8204],[135.9467,33.82467],[135.94677,33.82765],[135.94515,33.82756],[135.94243,33.83002],[135.94138,33.83179],[135.93988,33.83168],[135.93842,33.83437],[135.93596,33.83614],[135.93811,33.83966],[135.93872,33.84199],[135.93774,33.84353],[135.93906,33.84554],[135.94232,33.84656],[135.9465,33.84589],[135.95242,33.84716],[135.95404,33.84558],[135.95914,33.8449],[135.96173,33.84672],[135.96102,33.85145],[135.96226,33.85438],[135.96229,33.8582],[135.96686,33.8611],[135.96998,33.86138],[135.97053,33.86292],[135.96936,33.86471],[135.97068,33.86818],[135.96952,33.8712],[135.97017,33.87316],[135.96774,33.87966],[135.97011,33.88088],[135.97026,33.8827],[135.97336,33.88511],[135.97481,33.88704],[135.97699,33.88528],[135.9782,33.88725],[135.98144,33.89037],[135.98391,33.89009],[135.98713,33.88726],[135.98839,33.8898],[135.99054,33.89083],[135.99138,33.88712],[135.99365,33.88973],[135.9935,33.89306],[135.99419,33.89413],[135.99802,33.89036],[136.00069,33.89049],[136.0035,33.8894],[136.00823,33.88951],[136.00924,33.89173],[136.01813,33.89286],[136.01928,33.89238],[136.02369,33.89235],[136.02545,33.89288],[136.02863,33.89196],[136.03509,33.89264],[136.03523,33.89081],[136.03431,33.88777],[136.03507,33.88663],[136.03805,33.88502],[136.0387,33.8831],[136.03794,33.87872],[136.03529,33.87691],[136.0382,33.87413],[136.04044,33.87024],[136.04187,33.86942],[136.04565,33.86324],[136.04818,33.86281],[136.05338,33.86315],[136.05646,33.86241],[136.05953,33.86067],[136.05863,33.85845],[136.06758,33.85354],[136.06793,33.85259],[136.06593,33.84852],[136.06405,33.84593],[136.06606,33.84048],[136.07199,33.85053],[136.08116,33.86361],[136.08985,33.87393],[136.10095,33.88548],[136.10669,33.89009],[136.10937,33.88999],[136.11196,33.88896],[136.11411,33.88894],[136.117,33.89059],[136.11528,33.89385],[136.11813,33.89881],[136.12059,33.89914],[136.12195,33.89799],[136.12484,33.89742],[136.12598,33.89499],[136.12809,33.8929],[136.1269,33.89167],[136.12826,33.88925],[136.12842,33.8869],[136.13054,33.8851],[136.13158,33.88795],[136.13389,33.88857],[136.13608,33.88803],[136.13871,33.8915],[136.13825,33.89511],[136.13613,33.89596],[136.13391,33.89813],[136.13482,33.89933],[136.13882,33.89872],[136.13925,33.89754],[136.14257,33.89746],[136.14458,33.89625],[136.15039,33.8993],[136.1508,33.90019],[136.14583,33.90272],[136.14156,33.90429],[136.14049,33.90661],[136.13885,33.90801],[136.13943,33.90954],[136.142,33.91016],[136.14446,33.91203],[136.15169,33.91224],[136.1502,33.91522],[136.15162,33.91677],[136.15107,33.9185],[136.15283,33.92015],[136.15473,33.92068],[136.15233,33.92374],[136.14883,33.9244],[136.1473,33.92666],[136.14814,33.92927],[136.15039,33.93138],[136.15258,33.93051],[136.15551,33.93029],[136.15893,33.93135],[136.16295,33.92952],[136.16401,33.92978],[136.16869,33.92499],[136.16777,33.92441],[136.16837,33.9212],[136.1698,33.91805],[136.16976,33.91335],[136.17072,33.91274],[136.17613,33.91245],[136.17982,33.91281],[136.18051,33.91405],[136.1829,33.91495],[136.18483,33.91482],[136.18478,33.91778],[136.18659,33.91754],[136.19044,33.91897],[136.19342,33.91715],[136.19802,33.92211],[136.1951,33.92357],[136.19419,33.92594],[136.19479,33.92766],[136.19744,33.92974],[136.19741,33.9317],[136.19876,33.93259],[136.19677,33.93602],[136.19494,33.93574],[136.19393,33.9341],[136.18934,33.93388],[136.18531,33.93598],[136.18264,33.93636],[136.18068,33.93791],[136.1821,33.93962],[136.18362,33.93859],[136.18567,33.93865],[136.18819,33.93982],[136.1907,33.93967],[136.19494,33.94229],[136.19628,33.94256],[136.2003,33.94185],[136.20157,33.94447],[136.2034,33.94404],[136.20665,33.94079],[136.20861,33.94032],[136.2132,33.93774],[136.21119,33.93743],[136.21015,33.93602],[136.20835,33.93645],[136.20779,33.93481],[136.2101,33.93128],[136.21153,33.93188],[136.2129,33.93433],[136.21434,33.93374],[136.21738,33.93442],[136.21876,33.93568],[136.21551,33.93743],[136.21642,33.93954],[136.21829,33.9396],[136.21993,33.94122],[136.21661,33.94663],[136.21748,33.94768],[136.22029,33.94748],[136.22367,33.94607],[136.23176,33.94629],[136.23196,33.94761],[136.22901,33.94719],[136.22552,33.94788],[136.22236,33.94991],[136.22245,33.95067],[136.21863,33.95248],[136.21879,33.95463],[136.21488,33.95512],[136.2129,33.95595],[136.20967,33.95488],[136.20762,33.95243],[136.20253,33.95364],[136.2002,33.95489],[136.19488,33.95553],[136.19325,33.95393],[136.19136,33.9544],[136.18873,33.95703],[136.1832,33.95934],[136.18152,33.96253],[136.18119,33.9648],[136.17841,33.9654],[136.17655,33.96662],[136.17159,33.96503],[136.16956,33.96293],[136.16777,33.95713],[136.15623,33.95862],[136.15517,33.95737],[136.15112,33.9578],[136.14652,33.96213],[136.14136,33.96357],[136.13896,33.96604],[136.13819,33.97074],[136.13598,33.97405],[136.13625,33.98324],[136.13558,33.98459],[136.13354,33.9857],[136.13373,33.98747],[136.13248,33.9896],[136.13224,33.99632],[136.13445,33.99753],[136.1368,33.99972],[136.13658,34.00781],[136.14019,34.01005],[136.14221,34.01058],[136.14555,34.01009],[136.14807,34.01262],[136.15094,34.01347],[136.15158,34.01575],[136.15172,34.02022],[136.14809,34.0253],[136.1434,34.02654],[136.13258,34.02691],[136.12987,34.02598],[136.12669,34.02653],[136.1244,34.02784],[136.11712,34.02374],[136.11207,34.02296],[136.11102,34.02343],[136.10513,34.02326],[136.10106,34.02576]]]}},{"type":"Feature","properties":{"code":"24214","name":"いなべ市","pref":"三重県","pref_code":"24","cx":136.51545,"cy":35.16025,"bbox":[136.40943,35.06436,136.59487,35.25765]},"geometry":{"type":"Polygon","coordinates":[[[136.56326,35.06438],[136.56477,35.06536],[136.56553,35.0675],[136.56531,35.07002],[136.56671,35.07451],[136.56641,35.07694],[136.56224,35.08213],[136.56258,35.08315],[136.56755,35.08503],[136.56872,35.08852],[136.57193,35.08893],[136.57333,35.09007],[136.57866,35.09685],[136.58002,35.09943],[136.58232,35.10041],[136.58106,35.10186],[136.58284,35.10475],[136.5868,35.10692],[136.58599,35.10763],[136.58675,35.11026],[136.5891,35.11444],[136.59239,35.11612],[136.59442,35.11568],[136.59487,35.11706],[136.59358,35.1187],[136.59133,35.12005],[136.59117,35.12302],[136.5897,35.1228],[136.5892,35.12485],[136.58721,35.12443],[136.58662,35.12615],[136.58372,35.12798],[136.58448,35.13019],[136.58416,35.13418],[136.58263,35.13439],[136.57838,35.13926],[136.57536,35.14172],[136.5734,35.14667],[136.57415,35.14842],[136.57355,35.15165],[136.57487,35.15384],[136.5753,35.15701],[136.57762,35.15908],[136.57507,35.16421],[136.57494,35.16658],[136.57657,35.16886],[136.57738,35.17129],[136.58236,35.17364],[136.586,35.17456],[136.58678,35.17606],[136.59228,35.17919],[136.59434,35.18093],[136.59174,35.18567],[136.5882,35.18446],[136.58831,35.18697],[136.58692,35.18853],[136.5847,35.1886],[136.58427,35.19317],[136.58519,35.19446],[136.58161,35.19713],[136.57734,35.19681],[136.57608,35.19919],[136.57606,35.20225],[136.5745,35.2017],[136.56598,35.20498],[136.56175,35.20553],[136.55974,35.20676],[136.5614,35.20886],[136.55953,35.21289],[136.56004,35.21542],[136.55851,35.21664],[136.55683,35.22069],[136.54966,35.21921],[136.54748,35.2202],[136.54696,35.22244],[136.54817,35.22679],[136.54716,35.22774],[136.54913,35.22929],[136.54864,35.23063],[136.55028,35.23191],[136.54977,35.23407],[136.547,35.23527],[136.54406,35.23514],[136.54101,35.23723],[136.53978,35.241],[136.54164,35.24407],[136.54139,35.24575],[136.53646,35.24757],[136.53677,35.24871],[136.53354,35.25542],[136.53417,35.25709],[136.52805,35.25765],[136.52318,35.25504],[136.52016,35.25396],[136.51743,35.25455],[136.51496,35.2526],[136.51364,35.25042],[136.51301,35.24726],[136.51169,35.24553],[136.51082,35.23883],[136.50598,35.23506],[136.50074,35.23512],[136.49746,35.23693],[136.49709,35.23793],[136.49435,35.23792],[136.49039,35.23692],[136.48961,35.23552],[136.48662,35.23829],[136.48281,35.23976],[136.48316,35.23725],[136.48034,35.23493],[136.47422,35.23735],[136.46902,35.23337],[136.46582,35.23748],[136.46351,35.23618],[136.46177,35.23627],[136.46007,35.23358],[136.45635,35.23134],[136.45512,35.22924],[136.45376,35.22956],[136.45164,35.22708],[136.4506,35.22413],[136.44733,35.2214],[136.44651,35.22007],[136.44452,35.21971],[136.44336,35.21793],[136.44072,35.21674],[136.43454,35.22045],[136.43279,35.22386],[136.43251,35.22625],[136.43334,35.22817],[136.4309,35.2294],[136.42783,35.22765],[136.42454,35.22421],[136.41511,35.21885],[136.41603,35.21513],[136.4168,35.21439],[136.41607,35.21116],[136.41614,35.20548],[136.41796,35.20371],[136.41523,35.20186],[136.41381,35.19949],[136.41262,35.19591],[136.41271,35.19205],[136.40943,35.18766],[136.40995,35.18646],[136.4131,35.18623],[136.41629,35.18506],[136.41944,35.18272],[136.42446,35.18451],[136.42617,35.18281],[136.42991,35.18116],[136.43572,35.1765],[136.43729,35.173],[136.43978,35.1715],[136.44387,35.1717],[136.44607,35.1686],[136.4448,35.16781],[136.44661,35.166],[136.44854,35.16682],[136.45255,35.16584],[136.45465,35.16142],[136.45293,35.15887],[136.45394,35.15792],[136.455,35.15241],[136.45039,35.1495],[136.44604,35.14987],[136.44439,35.14934],[136.44451,35.14755],[136.44318,35.14517],[136.44402,35.14221],[136.44295,35.13906],[136.44019,35.13826],[136.43795,35.13656],[136.43682,35.13224],[136.43564,35.13066],[136.4388,35.12867],[136.44075,35.12833],[136.44466,35.12661],[136.44802,35.12384],[136.44597,35.12238],[136.44452,35.11901],[136.43997,35.11663],[136.44,35.11483],[136.44251,35.11085],[136.44082,35.10775],[136.44186,35.10517],[136.44129,35.10325],[136.44191,35.10158],[136.43985,35.09948],[136.4387,35.09637],[136.43962,35.09356],[136.43807,35.09172],[136.43978,35.0904],[136.44197,35.08656],[136.44473,35.08825],[136.44868,35.08512],[136.45344,35.08675],[136.45772,35.08643],[136.45861,35.08574],[136.47655,35.09281],[136.48945,35.09195],[136.49082,35.09132],[136.49607,35.09146],[136.50143,35.09054],[136.50768,35.08792],[136.5086,35.08994],[136.51356,35.0898],[136.51654,35.08854],[136.51829,35.08982],[136.5204,35.08812],[136.52583,35.08633],[136.52909,35.08388],[136.52947,35.08092],[136.52767,35.07639],[136.5352,35.07301],[136.53661,35.07141],[136.54075,35.0698],[136.5434,35.07026],[136.54801,35.06884],[136.54993,35.06674],[136.55703,35.06533],[136.55876,35.06436],[136.56326,35.06438]]]}},{"type":"Feature","properties":{"code":"24215","name":"志摩市","pref":"三重県","pref_code":"24","cx":136.81428,"cy":34.33648,"bbox":[136.70179,34.24889,136.90756,34.4244]},"geometry":{"type":"MultiPolygon","coordinates":[[[[136.83777,34.26937],[136.83832,34.26688],[136.84155,34.26756],[136.83777,34.26937]]],[[[136.80331,34.27733],[136.80276,34.27564],[136.80658,34.27378],[136.80522,34.27638],[136.80331,34.27733]]],[[[136.8309,34.29139],[136.82812,34.29058],[136.8297,34.28913],[136.83136,34.28945],[136.8309,34.29139]]],[[[136.81787,34.29314],[136.81739,34.2921],[136.81381,34.29084],[136.81175,34.28957],[136.80835,34.28893],[136.80796,34.28751],[136.81234,34.28724],[136.81655,34.28918],[136.82036,34.2882],[136.82051,34.29135],[136.81787,34.29314]]],[[[136.82235,34.29566],[136.82064,34.29445],[136.82406,34.29303],[136.82263,34.29132],[136.82581,34.2887],[136.82649,34.29079],[136.82504,34.29271],[136.82493,34.29443],[136.82235,34.29566]]],[[[136.81655,34.30107],[136.81287,34.30074],[136.81315,34.29937],[136.81655,34.30107]]],[[[136.81873,34.30265],[136.81997,34.29928],[136.82206,34.29997],[136.82045,34.30201],[136.81873,34.30265]]],[[[136.82018,34.31145],[136.81617,34.30979],[136.81338,34.30921],[136.81107,34.30622],[136.8144,34.30476],[136.81912,34.30543],[136.82232,34.30493],[136.82342,34.30632],[136.8263,34.30702],[136.82427,34.31063],[136.82126,34.31188],[136.82018,34.31145]]],[[[136.87633,34.3678],[136.87343,34.36781],[136.87399,34.3653],[136.87243,34.36524],[136.87054,34.36751],[136.86888,34.36605],[136.86655,34.36576],[136.8677,34.36292],[136.87021,34.36141],[136.87125,34.35942],[136.87367,34.35778],[136.87696,34.36167],[136.87751,34.36394],[136.87737,34.36724],[136.87633,34.3678]]],[[[136.74353,34.38472],[136.74329,34.37908],[136.74429,34.37647],[136.74644,34.37603],[136.74885,34.37304],[136.74963,34.37085],[136.75106,34.37125],[136.75402,34.3682],[136.75377,34.36615],[136.75524,34.36404],[136.75311,34.35983],[136.75079,34.35708],[136.75101,34.35627],[136.74788,34.35198],[136.74856,34.35057],[136.75145,34.34943],[136.75361,34.34732],[136.75327,34.34451],[136.75606,34.34124],[136.75452,34.33849],[136.75214,34.33699],[136.7487,34.33597],[136.74564,34.33224],[136.74629,34.33117],[136.74559,34.32532],[136.74354,34.32481],[136.74148,34.32238],[136.73775,34.32162],[136.73437,34.32018],[136.73178,34.32054],[136.72883,34.31916],[136.72646,34.3173],[136.724,34.31635],[136.72074,34.31687],[136.71718,34.31473],[136.71388,34.3154],[136.71032,34.31374],[136.7087,34.3146],[136.70442,34.31278],[136.70351,34.30919],[136.70179,34.30603],[136.70453,34.30493],[136.70828,34.30653],[136.71209,34.30633],[136.71489,34.30443],[136.71575,34.30222],[136.7185,34.3039],[136.72452,34.30432],[136.72932,34.30214],[136.73569,34.30232],[136.73882,34.30155],[136.73974,34.29927],[136.74304,34.29903],[136.7477,34.29572],[136.74843,34.29379],[136.75087,34.29309],[136.75453,34.29491],[136.75652,34.29524],[136.76074,34.29444],[136.76403,34.29255],[136.76569,34.29389],[136.76316,34.29572],[136.76211,34.29525],[136.75964,34.29722],[136.758,34.29732],[136.75474,34.29902],[136.75472,34.30167],[136.75633,34.30255],[136.7584,34.30114],[136.76063,34.30211],[136.75833,34.30602],[136.76503,34.30457],[136.76557,34.30664],[136.76262,34.31323],[136.76105,34.31211],[136.759,34.31265],[136.7585,34.31484],[136.76562,34.31371],[136.76849,34.31037],[136.77054,34.31237],[136.77013,34.31385],[136.77303,34.31506],[136.77581,34.31393],[136.77325,34.3116],[136.77204,34.30885],[136.77511,34.30566],[136.78016,34.30426],[136.77418,34.30367],[136.77269,34.30274],[136.77329,34.30128],[136.77313,34.29639],[136.7747,34.2959],[136.77724,34.29677],[136.77869,34.29914],[136.77987,34.29745],[136.78008,34.29438],[136.77866,34.29171],[136.78038,34.29086],[136.78548,34.29014],[136.7871,34.28921],[136.78968,34.28943],[136.79219,34.28834],[136.79356,34.28894],[136.79434,34.29148],[136.79831,34.29076],[136.7998,34.29161],[136.80178,34.29415],[136.80367,34.29561],[136.80669,34.29644],[136.80689,34.29823],[136.80898,34.29783],[136.80858,34.30165],[136.80676,34.30222],[136.80636,34.30364],[136.8042,34.30365],[136.80441,34.30575],[136.80051,34.3063],[136.79764,34.30761],[136.79271,34.30751],[136.79503,34.3095],[136.79806,34.3092],[136.79927,34.31255],[136.79676,34.31466],[136.79805,34.31528],[136.80022,34.31349],[136.80253,34.31528],[136.79762,34.3191],[136.79867,34.32044],[136.80066,34.3204],[136.80336,34.32188],[136.80411,34.32371],[136.80412,34.32658],[136.80556,34.32793],[136.80694,34.32745],[136.80505,34.3235],[136.80635,34.32094],[136.8029,34.31893],[136.80493,34.31638],[136.80915,34.31364],[136.8062,34.31248],[136.80524,34.30962],[136.81353,34.31038],[136.81565,34.31199],[136.81877,34.31253],[136.82116,34.31504],[136.82505,34.31487],[136.8255,34.3139],[136.82403,34.31153],[136.82542,34.30969],[136.82744,34.30967],[136.82957,34.30806],[136.83172,34.30867],[136.8359,34.3073],[136.83771,34.30795],[136.83864,34.31196],[136.8415,34.31313],[136.84153,34.31425],[136.84508,34.31475],[136.84817,34.31351],[136.84526,34.31071],[136.84409,34.31133],[136.84168,34.30956],[136.84406,34.30824],[136.84718,34.30917],[136.85044,34.3073],[136.84695,34.30621],[136.84804,34.30391],[136.83909,34.30511],[136.84137,34.30278],[136.83946,34.30161],[136.83595,34.30356],[136.83385,34.30588],[136.83262,34.30353],[136.82904,34.30298],[136.82766,34.30096],[136.82988,34.30045],[136.83278,34.29693],[136.83573,34.2982],[136.83571,34.29661],[136.84043,34.29775],[136.84193,34.2972],[136.8411,34.29548],[136.84276,34.29489],[136.84512,34.29795],[136.8446,34.2989],[136.84648,34.30101],[136.85041,34.3],[136.84715,34.29798],[136.84649,34.29527],[136.84845,34.29447],[136.84771,34.29122],[136.85025,34.2911],[136.8533,34.2929],[136.85398,34.2919],[136.85168,34.29047],[136.85646,34.28783],[136.8591,34.28996],[136.86185,34.28914],[136.86171,34.29091],[136.86382,34.2918],[136.8645,34.28916],[136.8627,34.28588],[136.86099,34.28647],[136.85645,34.28595],[136.84764,34.28738],[136.84354,34.28977],[136.84282,34.29074],[136.83916,34.29137],[136.8379,34.29062],[136.83559,34.28666],[136.83175,34.28485],[136.82881,34.28592],[136.82944,34.2837],[136.83246,34.28423],[136.83319,34.2835],[136.83172,34.28087],[136.83051,34.27596],[136.83527,34.27512],[136.83548,34.27377],[136.83264,34.27383],[136.833,34.2714],[136.83566,34.27138],[136.83915,34.27421],[136.8399,34.27334],[136.83771,34.27173],[136.83897,34.2707],[136.8412,34.27213],[136.84362,34.27163],[136.84288,34.27391],[136.84366,34.27825],[136.84568,34.2796],[136.84599,34.2761],[136.84828,34.27602],[136.85233,34.27893],[136.85434,34.27983],[136.85717,34.27947],[136.85725,34.27726],[136.85461,34.27582],[136.85365,34.27416],[136.85924,34.27199],[136.86269,34.27145],[136.8627,34.27051],[136.85794,34.27051],[136.85311,34.2722],[136.8533,34.27052],[136.85188,34.26842],[136.84834,34.2661],[136.84768,34.26825],[136.84922,34.26884],[136.85183,34.27313],[136.84854,34.27298],[136.84819,34.26943],[136.84678,34.26968],[136.8427,34.26736],[136.84161,34.26453],[136.83992,34.26445],[136.83854,34.26266],[136.83568,34.261],[136.83439,34.26462],[136.83049,34.26623],[136.82939,34.26473],[136.82964,34.26257],[136.83073,34.26081],[136.82885,34.25959],[136.82805,34.26138],[136.8289,34.2632],[136.82771,34.26456],[136.82802,34.26628],[136.82992,34.26914],[136.82963,34.27104],[136.82588,34.27071],[136.82192,34.27247],[136.82135,34.27328],[136.81737,34.27329],[136.81836,34.27003],[136.8163,34.26701],[136.81571,34.26426],[136.813,34.26445],[136.8141,34.26606],[136.81258,34.2674],[136.81382,34.2684],[136.81374,34.27205],[136.81129,34.27311],[136.8095,34.2722],[136.80375,34.27328],[136.80185,34.27489],[136.79839,34.27626],[136.79244,34.2777],[136.79251,34.27505],[136.79474,34.27269],[136.79225,34.27265],[136.79067,34.27568],[136.79131,34.27721],[136.78808,34.27829],[136.785,34.27835],[136.78191,34.27554],[136.77956,34.27627],[136.7783,34.27803],[136.77627,34.27822],[136.7743,34.27673],[136.7709,34.27873],[136.76911,34.27742],[136.76561,34.2782],[136.76173,34.27356],[136.75968,34.27258],[136.75635,34.27323],[136.75462,34.27213],[136.75195,34.27247],[136.75105,34.27059],[136.75268,34.26939],[136.75912,34.26945],[136.76313,34.2669],[136.76514,34.26357],[136.76538,34.26065],[136.76856,34.26108],[136.77132,34.25972],[136.77342,34.2595],[136.77738,34.26106],[136.77958,34.26037],[136.78117,34.26087],[136.78323,34.25991],[136.78385,34.25806],[136.78652,34.25797],[136.78904,34.25634],[136.79043,34.25755],[136.79679,34.25639],[136.79684,34.25536],[136.80151,34.25485],[136.80235,34.25408],[136.80612,34.25447],[136.80803,34.25319],[136.81194,34.2528],[136.81644,34.25112],[136.81934,34.25065],[136.82342,34.25072],[136.82821,34.25129],[136.82953,34.25216],[136.83403,34.2523],[136.83625,34.25115],[136.84051,34.25229],[136.84414,34.25099],[136.84609,34.24889],[136.84737,34.24997],[136.84831,34.25693],[136.84967,34.25907],[136.85297,34.26172],[136.85581,34.26231],[136.85945,34.26184],[136.86482,34.26313],[136.87015,34.26267],[136.87143,34.2665],[136.87096,34.26902],[136.86932,34.26927],[136.86865,34.27184],[136.86995,34.27343],[136.87394,34.27309],[136.8766,34.27355],[136.8782,34.27284],[136.8826,34.27413],[136.88336,34.27548],[136.88585,34.27406],[136.88761,34.27602],[136.89073,34.27571],[136.89219,34.2767],[136.8947,34.27695],[136.89765,34.27648],[136.89957,34.27694],[136.9013,34.27894],[136.9001,34.28021],[136.89834,34.27964],[136.89766,34.28135],[136.89887,34.28464],[136.89793,34.28651],[136.89415,34.28805],[136.89468,34.28933],[136.89398,34.29267],[136.88922,34.29513],[136.88706,34.29703],[136.8853,34.29724],[136.88427,34.30008],[136.88643,34.30287],[136.88602,34.30542],[136.88758,34.30787],[136.88897,34.3081],[136.89128,34.31002],[136.89234,34.31291],[136.89171,34.3157],[136.89035,34.31532],[136.88526,34.31798],[136.8789,34.32529],[136.87792,34.32953],[136.8778,34.33542],[136.87916,34.33961],[136.88191,34.34548],[136.88437,34.34551],[136.88708,34.34664],[136.88833,34.34838],[136.89199,34.35052],[136.89397,34.35275],[136.90115,34.35552],[136.90108,34.35723],[136.90352,34.36129],[136.90642,34.36192],[136.90756,34.36358],[136.90612,34.36537],[136.90307,34.36281],[136.90127,34.36271],[136.89768,34.36373],[136.8979,34.36229],[136.89454,34.36177],[136.89478,34.36343],[136.89214,34.3656],[136.88882,34.36373],[136.8872,34.35944],[136.88529,34.36162],[136.88125,34.35863],[136.88009,34.35594],[136.87639,34.35409],[136.87474,34.35402],[136.87222,34.35213],[136.87018,34.34952],[136.86966,34.34463],[136.8668,34.34269],[136.86539,34.34498],[136.86601,34.35105],[136.86085,34.35134],[136.86098,34.35263],[136.86857,34.35435],[136.86774,34.35531],[136.86771,34.35885],[136.86545,34.36063],[136.86356,34.3647],[136.86149,34.36333],[136.86132,34.36164],[136.85828,34.36098],[136.85567,34.35946],[136.85461,34.35808],[136.85092,34.35705],[136.85293,34.36325],[136.85323,34.36711],[136.85214,34.36859],[136.84604,34.36949],[136.84683,34.36764],[136.84478,34.36627],[136.84034,34.3651],[136.84002,34.36308],[136.84121,34.36077],[136.84115,34.35894],[136.83827,34.3583],[136.83803,34.35646],[136.8366,34.35511],[136.83424,34.35434],[136.83079,34.35473],[136.82844,34.35406],[136.82657,34.35266],[136.82308,34.35405],[136.82009,34.35784],[136.82267,34.36117],[136.82218,34.3631],[136.81467,34.36468],[136.81281,34.3656],[136.81257,34.36815],[136.81495,34.36739],[136.81735,34.36566],[136.82209,34.3655],[136.82302,34.36493],[136.82761,34.36517],[136.83047,34.36361],[136.8325,34.36353],[136.8336,34.36151],[136.83765,34.36372],[136.83776,34.36688],[136.84389,34.36759],[136.84452,34.37079],[136.84709,34.37204],[136.8489,34.37079],[136.85195,34.37116],[136.85536,34.36863],[136.85579,34.36494],[136.85789,34.3638],[136.86038,34.3683],[136.86157,34.36733],[136.86678,34.36811],[136.86771,34.36944],[136.8708,34.36996],[136.87153,34.37232],[136.87372,34.3725],[136.87512,34.37056],[136.87698,34.37122],[136.87335,34.38156],[136.87037,34.38545],[136.87017,34.38715],[136.86794,34.38971],[136.86816,34.39128],[136.86521,34.39443],[136.86294,34.39406],[136.86087,34.39259],[136.86066,34.39713],[136.8629,34.39914],[136.86567,34.39912],[136.86836,34.40076],[136.86762,34.403],[136.86585,34.4031],[136.86388,34.4056],[136.86015,34.40448],[136.85877,34.40517],[136.85531,34.4051],[136.8534,34.40786],[136.84673,34.40769],[136.84659,34.40536],[136.84451,34.40313],[136.8442,34.39932],[136.84088,34.40104],[136.8354,34.39914],[136.83409,34.40061],[136.83162,34.40074],[136.83051,34.40227],[136.83092,34.40453],[136.82912,34.40628],[136.82589,34.40669],[136.82413,34.40892],[136.82138,34.40846],[136.82004,34.41106],[136.81822,34.41293],[136.8155,34.41293],[136.81431,34.41409],[136.81203,34.41434],[136.80751,34.41715],[136.80593,34.41963],[136.80313,34.42183],[136.79748,34.4226],[136.79556,34.42233],[136.79382,34.42407],[136.79001,34.4244],[136.78753,34.42334],[136.78384,34.41946],[136.78145,34.41842],[136.7807,34.41688],[136.77292,34.41812],[136.77229,34.41714],[136.76274,34.41205],[136.75944,34.41167],[136.75819,34.40817],[136.75792,34.40469],[136.75428,34.40272],[136.75442,34.40045],[136.75787,34.39944],[136.75657,34.39607],[136.75516,34.39505],[136.75405,34.39137],[136.75186,34.3894],[136.7515,34.38616],[136.74708,34.3849],[136.74353,34.38472]]]]}},{"type":"Feature","properties":{"code":"24216","name":"伊賀市","pref":"三重県","pref_code":"24","cx":136.18501,"cy":34.72987,"bbox":[136.01996,34.55776,136.34204,34.90188]},"geometry":{"type":"Polygon","coordinates":[[[136.31224,34.80685],[136.30657,34.80834],[136.30496,34.80806],[136.3029,34.80988],[136.29785,34.81089],[136.29381,34.81292],[136.28954,34.8117],[136.28743,34.81254],[136.28262,34.81192],[136.28164,34.81054],[136.27854,34.8104],[136.27358,34.81206],[136.27207,34.81538],[136.26755,34.81582],[136.26713,34.81859],[136.26997,34.81871],[136.27088,34.81948],[136.27493,34.81945],[136.27558,34.8211],[136.27765,34.82179],[136.27899,34.82663],[136.27684,34.82888],[136.27772,34.831],[136.27749,34.83278],[136.27846,34.83493],[136.28043,34.83623],[136.28253,34.83652],[136.28363,34.83776],[136.28575,34.83758],[136.28735,34.83941],[136.28988,34.84091],[136.28973,34.84469],[136.2876,34.84533],[136.28399,34.85431],[136.28436,34.85567],[136.28288,34.85668],[136.27989,34.85692],[136.27771,34.85946],[136.28138,34.86431],[136.28094,34.86576],[136.28312,34.8677],[136.28372,34.87029],[136.28068,34.87304],[136.27712,34.87421],[136.27597,34.87183],[136.2725,34.86921],[136.27031,34.86912],[136.26889,34.8679],[136.26878,34.86546],[136.2679,34.86447],[136.25807,34.86087],[136.25412,34.85828],[136.25068,34.85773],[136.24808,34.85875],[136.24274,34.8596],[136.23731,34.85973],[136.23539,34.86147],[136.23295,34.86092],[136.22941,34.86155],[136.22783,34.86097],[136.22361,34.86321],[136.22009,34.86335],[136.21849,34.86562],[136.21679,34.86512],[136.21201,34.86602],[136.20907,34.86812],[136.20532,34.86871],[136.2029,34.8684],[136.20183,34.86949],[136.19807,34.86986],[136.19679,34.87164],[136.19461,34.87282],[136.19202,34.87254],[136.19009,34.87332],[136.19048,34.87559],[136.18708,34.87839],[136.1822,34.87817],[136.17912,34.88067],[136.17826,34.88258],[136.18078,34.88579],[136.17839,34.88712],[136.17724,34.88679],[136.17199,34.88734],[136.16994,34.88668],[136.1669,34.88789],[136.16499,34.88719],[136.16189,34.8872],[136.15984,34.88657],[136.15942,34.88477],[136.15357,34.88458],[136.15184,34.88321],[136.14855,34.88202],[136.14459,34.88399],[136.14408,34.88541],[136.13644,34.88821],[136.13489,34.88484],[136.13153,34.88313],[136.12798,34.88503],[136.12554,34.8882],[136.12342,34.88879],[136.12172,34.88787],[136.12045,34.89144],[136.11782,34.8925],[136.11628,34.89216],[136.11446,34.89468],[136.11553,34.89627],[136.1123,34.90188],[136.10627,34.90008],[136.10547,34.89829],[136.10284,34.89612],[136.10178,34.89614],[136.10003,34.89207],[136.09838,34.88953],[136.09479,34.8878],[136.08945,34.88892],[136.08838,34.89057],[136.08622,34.88913],[136.08537,34.88676],[136.08693,34.88583],[136.0896,34.8825],[136.08905,34.88088],[136.08718,34.88071],[136.08516,34.87878],[136.08698,34.87636],[136.09024,34.87544],[136.09303,34.87352],[136.09577,34.8736],[136.09829,34.87217],[136.09889,34.87058],[136.10317,34.86969],[136.10535,34.87022],[136.10898,34.86963],[136.11015,34.87007],[136.11324,34.8693],[136.11576,34.87198],[136.11851,34.87066],[136.12213,34.87275],[136.12442,34.8723],[136.12586,34.87002],[136.12277,34.86632],[136.1244,34.86493],[136.12638,34.86202],[136.12104,34.85979],[136.11811,34.85744],[136.11741,34.85589],[136.11339,34.85614],[136.10979,34.85476],[136.1083,34.85282],[136.1074,34.84524],[136.10525,34.84288],[136.1044,34.84057],[136.10132,34.84044],[136.1001,34.83911],[136.09508,34.84018],[136.0927,34.83721],[136.09031,34.8365],[136.08744,34.83801],[136.08623,34.83658],[136.09008,34.83327],[136.08964,34.83109],[136.08755,34.83045],[136.08911,34.82737],[136.09109,34.82597],[136.09083,34.8248],[136.09519,34.8191],[136.0908,34.81584],[136.09062,34.81223],[136.0881,34.81103],[136.08569,34.81088],[136.08331,34.80959],[136.0818,34.80775],[136.0789,34.80745],[136.07551,34.80785],[136.07299,34.80421],[136.06841,34.80396],[136.06574,34.80214],[136.06369,34.80161],[136.06273,34.79985],[136.06016,34.80054],[136.05944,34.80199],[136.05512,34.80207],[136.05478,34.80041],[136.05155,34.79909],[136.04853,34.79965],[136.04671,34.80145],[136.04521,34.79933],[136.04117,34.79846],[136.0406,34.79638],[136.03848,34.79394],[136.03466,34.79427],[136.02843,34.79068],[136.02673,34.79057],[136.02458,34.79193],[136.02261,34.79177],[136.02075,34.78925],[136.01996,34.78637],[136.02261,34.78231],[136.02918,34.7806],[136.03095,34.77946],[136.03358,34.77944],[136.03331,34.77182],[136.0307,34.76866],[136.02934,34.76482],[136.03104,34.76223],[136.02911,34.76035],[136.02838,34.75833],[136.0302,34.75591],[136.03452,34.75688],[136.03813,34.75622],[136.03746,34.75412],[136.03878,34.75265],[136.03927,34.74939],[136.04281,34.74788],[136.04761,34.7442],[136.04812,34.7424],[136.04984,34.74051],[136.05276,34.74014],[136.05747,34.7371],[136.05772,34.73557],[136.06006,34.73362],[136.06048,34.7322],[136.06254,34.73067],[136.0631,34.72644],[136.06605,34.72564],[136.06803,34.72389],[136.06883,34.71986],[136.06747,34.71748],[136.0696,34.71692],[136.07107,34.71468],[136.07014,34.71258],[136.06868,34.71251],[136.06635,34.70979],[136.06419,34.70822],[136.06301,34.70861],[136.06007,34.70706],[136.05419,34.70616],[136.05358,34.70479],[136.05798,34.70236],[136.05994,34.69975],[136.06821,34.69784],[136.07397,34.69831],[136.07508,34.6977],[136.0774,34.69097],[136.07886,34.68991],[136.07965,34.68401],[136.08235,34.68216],[136.08211,34.67901],[136.08485,34.67804],[136.08574,34.67643],[136.08758,34.67575],[136.09124,34.67582],[136.09485,34.67426],[136.09703,34.67454],[136.10082,34.67386],[136.10133,34.67164],[136.10492,34.66894],[136.10671,34.67054],[136.11006,34.67059],[136.11255,34.67137],[136.11475,34.67314],[136.1142,34.67534],[136.11437,34.67831],[136.11683,34.68191],[136.11605,34.68365],[136.11893,34.68643],[136.11942,34.68805],[136.12444,34.68659],[136.12607,34.68326],[136.1287,34.68312],[136.13172,34.68196],[136.12665,34.67847],[136.12463,34.67551],[136.12105,34.67399],[136.1243,34.66779],[136.12635,34.66898],[136.12829,34.67113],[136.12977,34.66936],[136.13332,34.67071],[136.13498,34.66981],[136.13703,34.67074],[136.14251,34.67009],[136.14375,34.66872],[136.14351,34.66627],[136.14204,34.66593],[136.14399,34.66306],[136.14928,34.6609],[136.14897,34.65875],[136.15026,34.65743],[136.14986,34.65382],[136.15327,34.65406],[136.15307,34.65083],[136.15182,34.64911],[136.1515,34.64715],[136.15225,34.64535],[136.15416,34.64445],[136.1576,34.64163],[136.16088,34.64066],[136.1609,34.63956],[136.17212,34.6331],[136.17476,34.62973],[136.17814,34.62706],[136.17935,34.62676],[136.17725,34.62205],[136.17742,34.61928],[136.17603,34.61787],[136.17611,34.61577],[136.18162,34.6112],[136.18075,34.60916],[136.17923,34.6081],[136.18,34.60385],[136.18272,34.60243],[136.18169,34.59955],[136.18043,34.5991],[136.18119,34.59447],[136.18541,34.59339],[136.18816,34.5828],[136.18701,34.57959],[136.1907,34.57577],[136.19373,34.57496],[136.19456,34.57326],[136.19212,34.57191],[136.19549,34.56664],[136.19659,34.56651],[136.19752,34.5636],[136.19939,34.56612],[136.20129,34.56686],[136.20369,34.56483],[136.20486,34.56475],[136.20876,34.56666],[136.2113,34.56372],[136.2147,34.56159],[136.21922,34.55776],[136.22005,34.55806],[136.21872,34.56152],[136.21941,34.56291],[136.2184,34.56422],[136.21951,34.56559],[136.21954,34.56803],[136.22241,34.56949],[136.2231,34.57286],[136.22443,34.57409],[136.22596,34.57883],[136.22667,34.57947],[136.23002,34.57878],[136.23137,34.57963],[136.23771,34.57901],[136.23891,34.58035],[136.24535,34.58242],[136.24827,34.58184],[136.2509,34.58363],[136.2548,34.58345],[136.25619,34.58497],[136.25476,34.58686],[136.2509,34.58729],[136.25139,34.58911],[136.25289,34.59058],[136.25592,34.59147],[136.25824,34.59309],[136.25906,34.59452],[136.25339,34.59912],[136.25009,34.59968],[136.25043,34.60226],[136.24928,34.60339],[136.2492,34.60548],[136.25076,34.60778],[136.25004,34.60999],[136.25123,34.61182],[136.24938,34.61302],[136.24958,34.61647],[136.25035,34.61946],[136.24923,34.62155],[136.24894,34.6242],[136.24587,34.62518],[136.24666,34.6278],[136.24536,34.63007],[136.2515,34.63435],[136.24979,34.63613],[136.25042,34.64099],[136.25136,34.64397],[136.25293,34.64477],[136.25471,34.64416],[136.25829,34.6455],[136.25685,34.6476],[136.25784,34.64967],[136.25954,34.65061],[136.26067,34.65253],[136.26167,34.65605],[136.26571,34.65613],[136.26817,34.65736],[136.26747,34.66058],[136.26927,34.66135],[136.26908,34.66356],[136.27083,34.66395],[136.27189,34.66229],[136.27503,34.6633],[136.27267,34.66743],[136.26946,34.67004],[136.26754,34.6708],[136.26574,34.67365],[136.26867,34.67567],[136.27075,34.67516],[136.27278,34.67668],[136.27335,34.68042],[136.2725,34.68324],[136.27128,34.68476],[136.27566,34.68773],[136.27637,34.68952],[136.27861,34.68991],[136.27938,34.69334],[136.28309,34.69625],[136.28307,34.69817],[136.28457,34.70201],[136.28576,34.70372],[136.28752,34.7045],[136.28971,34.709],[136.29243,34.71128],[136.29421,34.71152],[136.29508,34.71328],[136.2946,34.71553],[136.2972,34.71553],[136.30015,34.71639],[136.30083,34.71939],[136.30219,34.71946],[136.30469,34.72291],[136.30956,34.72491],[136.30845,34.72907],[136.30513,34.73155],[136.3013,34.73136],[136.29944,34.73235],[136.2965,34.73513],[136.29962,34.73864],[136.30091,34.73913],[136.30039,34.7415],[136.30407,34.7443],[136.30582,34.74414],[136.30996,34.7455],[136.31207,34.74701],[136.31432,34.74688],[136.31703,34.74762],[136.31927,34.75005],[136.31878,34.75476],[136.32082,34.75673],[136.32292,34.75759],[136.3251,34.76077],[136.32764,34.76198],[136.32862,34.76328],[136.33084,34.76422],[136.33327,34.7643],[136.33357,34.76598],[136.33552,34.76631],[136.33807,34.76778],[136.3408,34.76814],[136.34204,34.76952],[136.34181,34.77335],[136.3398,34.77507],[136.3394,34.77648],[136.33645,34.77761],[136.33721,34.781],[136.33471,34.7822],[136.33383,34.78514],[136.3319,34.78727],[136.32807,34.78638],[136.32761,34.78549],[136.32424,34.78554],[136.32054,34.7874],[136.31745,34.78777],[136.31326,34.79634],[136.31425,34.79778],[136.31297,34.7999],[136.30982,34.80244],[136.30998,34.80439],[136.31224,34.80685]]]}},{"type":"Feature","properties":{"code":"24303","name":"桑名郡木曽岬町","pref":"三重県","pref_code":"24","cx":136.73898,"cy":35.06297,"bbox":[136.71407,35.02073,136.77271,35.10517]},"geometry":{"type":"Polygon","coordinates":[[[136.74979,35.03605],[136.75113,35.03391],[136.7577,35.02655],[136.76307,35.02142],[136.7654,35.02073],[136.77062,35.02144],[136.76969,35.02258],[136.77271,35.02439],[136.76086,35.03771],[136.7534,35.05302],[136.7517,35.06182],[136.75205,35.0717],[136.75097,35.07845],[136.74957,35.08073],[136.74186,35.08595],[136.73128,35.09728],[136.71998,35.10337],[136.71816,35.10281],[136.71407,35.10517],[136.71695,35.0971],[136.71931,35.08268],[136.72466,35.07076],[136.72556,35.06411],[136.72912,35.05788],[136.73406,35.05267],[136.74286,35.03882],[136.75182,35.04425],[136.75517,35.0393],[136.74979,35.03605]]]}},{"type":"Feature","properties":{"code":"24324","name":"員弁郡東員町","pref":"三重県","pref_code":"24","cx":136.58279,"cy":35.08264,"bbox":[136.56224,35.04861,136.62023,35.11612]},"geometry":{"type":"Polygon","coordinates":[[[136.60019,35.04861],[136.60008,35.0516],[136.60376,35.0579],[136.60293,35.06007],[136.60649,35.06006],[136.60697,35.06119],[136.60927,35.06133],[136.60928,35.06481],[136.60873,35.06603],[136.6098,35.06805],[136.6103,35.07283],[136.60764,35.07755],[136.60746,35.079],[136.60253,35.08319],[136.60301,35.08503],[136.61283,35.08373],[136.61392,35.0847],[136.6151,35.08838],[136.61636,35.09008],[136.61534,35.09117],[136.6163,35.09259],[136.61941,35.09344],[136.62023,35.09435],[136.6129,35.09781],[136.61242,35.09936],[136.61032,35.09859],[136.60799,35.10009],[136.60497,35.10094],[136.60393,35.10347],[136.60257,35.1045],[136.6018,35.10686],[136.6035,35.11019],[136.60203,35.11095],[136.6015,35.11294],[136.59942,35.11211],[136.59801,35.11401],[136.59442,35.11568],[136.59239,35.11612],[136.5891,35.11444],[136.58675,35.11026],[136.58599,35.10763],[136.5868,35.10692],[136.58284,35.10475],[136.58106,35.10186],[136.58232,35.10041],[136.58002,35.09943],[136.57866,35.09685],[136.57333,35.09007],[136.57193,35.08893],[136.56872,35.08852],[136.56755,35.08503],[136.56258,35.08315],[136.56224,35.08213],[136.56641,35.07694],[136.56671,35.07451],[136.56531,35.07002],[136.56553,35.0675],[136.56477,35.06536],[136.56326,35.06438],[136.56289,35.06201],[136.56768,35.06135],[136.56934,35.05564],[136.57203,35.05391],[136.58491,35.05129],[136.58903,35.04995],[136.60019,35.04861]]]}},{"type":"Feature","properties":{"code":"24341","name":"三重郡菰野町","pref":"三重県","pref_code":"24","cx":136.47681,"cy":35.04193,"bbox":[136.41587,34.99063,136.55905,35.09281]},"geometry":{"type":"Polygon","coordinates":[[[136.53881,35.07051],[136.53661,35.07141],[136.5352,35.07301],[136.52767,35.07639],[136.52947,35.08092],[136.52909,35.08388],[136.52583,35.08633],[136.5204,35.08812],[136.51829,35.08982],[136.51654,35.08854],[136.51356,35.0898],[136.5086,35.08994],[136.50768,35.08792],[136.50143,35.09054],[136.49607,35.09146],[136.49082,35.09132],[136.48945,35.09195],[136.47655,35.09281],[136.45861,35.08574],[136.45772,35.08643],[136.45344,35.08675],[136.44868,35.08512],[136.44473,35.08825],[136.44197,35.08656],[136.43813,35.08328],[136.43527,35.08249],[136.43583,35.07998],[136.43747,35.07704],[136.44037,35.07436],[136.43963,35.07244],[136.44098,35.07023],[136.4416,35.06672],[136.44099,35.06454],[136.43863,35.06552],[136.43787,35.06416],[136.43332,35.06114],[136.43336,35.05944],[136.43104,35.05923],[136.42876,35.05635],[136.42472,35.05698],[136.42269,35.05434],[136.42221,35.05138],[136.41785,35.0495],[136.41777,35.0426],[136.41587,35.04126],[136.41713,35.03965],[136.41645,35.03729],[136.41703,35.03378],[136.41884,35.02991],[136.42383,35.02977],[136.42273,35.02807],[136.42139,35.0238],[136.42128,35.02127],[136.41712,35.0196],[136.41871,35.01675],[136.41693,35.01506],[136.41696,35.01124],[136.4185,35.00912],[136.41888,35.00686],[136.4201,35.00519],[136.41996,35.00294],[136.42136,35.00122],[136.42117,34.99963],[136.42592,34.99937],[136.42927,35.00127],[136.4372,35.00049],[136.43879,34.99888],[136.4451,35.00038],[136.44801,34.99991],[136.45074,34.99732],[136.45475,34.99722],[136.45653,34.99401],[136.4592,34.9914],[136.46265,34.99063],[136.46651,34.99262],[136.47096,34.99409],[136.47377,34.99426],[136.47499,34.99574],[136.47775,34.9938],[136.48467,34.99491],[136.48635,34.99577],[136.48885,34.99577],[136.49135,34.99748],[136.49432,34.99643],[136.49709,34.99704],[136.49909,34.99658],[136.50906,34.99884],[136.51095,34.99678],[136.51321,34.99719],[136.51572,34.99669],[136.51793,34.99785],[136.52081,35.00027],[136.52297,35.00063],[136.52699,34.99872],[136.53153,34.99795],[136.53644,34.99952],[136.54359,35.00005],[136.54591,35.0014],[136.54045,35.00915],[136.5397,35.00888],[136.53604,35.0109],[136.53432,35.01296],[136.53613,35.01701],[136.53737,35.01827],[136.54071,35.01718],[136.54119,35.01819],[136.54658,35.01657],[136.54616,35.01561],[136.55053,35.01453],[136.55153,35.01583],[136.55449,35.01774],[136.55499,35.02313],[136.55467,35.02525],[136.55605,35.02723],[136.5561,35.02919],[136.55845,35.0328],[136.55905,35.03642],[136.54246,35.03817],[136.53429,35.03802],[136.53625,35.04037],[136.53707,35.04272],[136.53354,35.04337],[136.53896,35.05029],[136.53796,35.05269],[136.54021,35.05628],[136.54031,35.05808],[136.54181,35.06047],[136.54142,35.0626],[136.53759,35.06463],[136.53918,35.06596],[136.53881,35.07051]]]}},{"type":"Feature","properties":{"code":"24343","name":"三重郡朝日町","pref":"三重県","pref_code":"24","cx":136.65903,"cy":35.03633,"bbox":[136.64036,35.02498,136.68581,35.04758]},"geometry":{"type":"Polygon","coordinates":[[[136.6577,35.02498],[136.66026,35.02796],[136.66413,35.02941],[136.66688,35.02969],[136.67187,35.02772],[136.67446,35.02854],[136.67898,35.03279],[136.67928,35.03405],[136.67759,35.03556],[136.67651,35.03876],[136.67783,35.03872],[136.67971,35.03602],[136.68055,35.03334],[136.68316,35.03203],[136.68432,35.03362],[136.68344,35.03296],[136.68245,35.03443],[136.68083,35.034],[136.67974,35.03663],[136.68165,35.03683],[136.68355,35.03394],[136.68581,35.03449],[136.67998,35.03786],[136.68123,35.03899],[136.67833,35.04161],[136.67497,35.04678],[136.67278,35.04502],[136.67109,35.04548],[136.67038,35.0473],[136.6671,35.04647],[136.66421,35.04758],[136.66054,35.0463],[136.66102,35.04222],[136.65861,35.04278],[136.65554,35.04262],[136.65034,35.04115],[136.64774,35.0415],[136.64452,35.04339],[136.64175,35.04305],[136.64208,35.03968],[136.64036,35.0371],[136.6422,35.0333],[136.64337,35.03306],[136.64479,35.02953],[136.64773,35.02741],[136.65206,35.02832],[136.65434,35.02546],[136.6577,35.02498]]]}},{"type":"Feature","properties":{"code":"24344","name":"三重郡川越町","pref":"三重県","pref_code":"24","cx":136.67934,"cy":35.02146,"bbox":[136.65439,35.00404,136.70035,35.03899]},"geometry":{"type":"Polygon","coordinates":[[[136.67406,35.00623],[136.67614,35.00839],[136.67977,35.00819],[136.68271,35.00892],[136.68473,35.00818],[136.6863,35.00404],[136.7,35.00721],[136.6971,35.0159],[136.69889,35.01631],[136.69768,35.02034],[136.70035,35.02104],[136.6989,35.0223],[136.69678,35.02554],[136.69134,35.0321],[136.68123,35.03899],[136.67998,35.03786],[136.68581,35.03449],[136.68355,35.03394],[136.68165,35.03683],[136.67974,35.03663],[136.68083,35.034],[136.68245,35.03443],[136.68344,35.03296],[136.68432,35.03362],[136.68316,35.03203],[136.68055,35.03334],[136.67971,35.03602],[136.67783,35.03872],[136.67651,35.03876],[136.67759,35.03556],[136.67928,35.03405],[136.67898,35.03279],[136.67446,35.02854],[136.67187,35.02772],[136.66688,35.02969],[136.66413,35.02941],[136.66026,35.02796],[136.6577,35.02498],[136.65936,35.02475],[136.65821,35.02259],[136.65923,35.02187],[136.65611,35.01873],[136.65439,35.01813],[136.66163,35.0117],[136.66726,35.01665],[136.67006,35.0174],[136.67272,35.01505],[136.67405,35.01235],[136.67195,35.0114],[136.67217,35.00964],[136.67406,35.00623]]]}},{"type":"Feature","properties":{"code":"24441","name":"多気郡多気町","pref":"三重県","pref_code":"24","cx":136.49224,"cy":34.46925,"bbox":[136.40001,34.41542,136.60043,34.52369]},"geometry":{"type":"Polygon","coordinates":[[[136.40729,34.41744],[136.41077,34.4158],[136.412,34.41665],[136.41749,34.41707],[136.41897,34.41929],[136.4229,34.41842],[136.42456,34.41915],[136.42643,34.4172],[136.42898,34.41605],[136.43261,34.41542],[136.43732,34.41798],[136.44,34.41792],[136.44628,34.42005],[136.44833,34.41958],[136.45019,34.4205],[136.45255,34.4204],[136.45904,34.4251],[136.46659,34.4278],[136.46639,34.42944],[136.4646,34.43299],[136.46619,34.43344],[136.46903,34.43573],[136.47448,34.4345],[136.48577,34.43661],[136.48767,34.4379],[136.49086,34.43822],[136.49554,34.44012],[136.4971,34.43924],[136.49856,34.43998],[136.49504,34.44309],[136.49528,34.44517],[136.50008,34.44739],[136.5039,34.44755],[136.5082,34.45021],[136.50761,34.45249],[136.50582,34.4539],[136.50852,34.45491],[136.51103,34.45172],[136.5133,34.45271],[136.51555,34.45264],[136.5193,34.45532],[136.5219,34.45529],[136.52607,34.45429],[136.53294,34.45565],[136.53682,34.45703],[136.53781,34.4594],[136.5394,34.45934],[136.54225,34.45731],[136.54392,34.45747],[136.54784,34.45966],[136.54911,34.45603],[136.54675,34.45353],[136.55073,34.44961],[136.5555,34.45146],[136.56043,34.45154],[136.56601,34.45238],[136.57577,34.45136],[136.57885,34.45165],[136.57936,34.45537],[136.57813,34.45686],[136.57887,34.45962],[136.58083,34.46301],[136.58203,34.4636],[136.58396,34.4667],[136.58047,34.47],[136.58142,34.47228],[136.58022,34.47861],[136.57917,34.48054],[136.58265,34.48051],[136.58219,34.48548],[136.58396,34.48828],[136.58767,34.49171],[136.59478,34.49618],[136.59683,34.4957],[136.59762,34.4981],[136.60043,34.49842],[136.60021,34.50056],[136.59827,34.50271],[136.59974,34.50316],[136.60006,34.50577],[136.59788,34.50613],[136.59408,34.50777],[136.59197,34.50543],[136.58781,34.50854],[136.5877,34.51008],[136.58908,34.51219],[136.59139,34.51239],[136.59153,34.51774],[136.59028,34.52131],[136.58812,34.52369],[136.58587,34.52278],[136.58429,34.52345],[136.58183,34.52298],[136.57821,34.52333],[136.56577,34.52148],[136.56468,34.52108],[136.55815,34.51546],[136.55464,34.51306],[136.5479,34.51162],[136.54565,34.508],[136.54325,34.50671],[136.53802,34.50539],[136.53163,34.50574],[136.52638,34.50459],[136.51791,34.50595],[136.51383,34.50304],[136.50731,34.50003],[136.50323,34.49964],[136.49961,34.5007],[136.49692,34.5084],[136.49517,34.50886],[136.49024,34.50762],[136.48772,34.50266],[136.48587,34.5014],[136.47881,34.49996],[136.47776,34.49757],[136.48025,34.49497],[136.48184,34.49432],[136.48577,34.49406],[136.48823,34.49333],[136.49199,34.49359],[136.49393,34.49265],[136.49321,34.49048],[136.4878,34.48772],[136.48339,34.48691],[136.48121,34.48487],[136.47355,34.48553],[136.4725,34.48657],[136.46464,34.48633],[136.46322,34.48553],[136.45617,34.4874],[136.45398,34.48494],[136.45222,34.48421],[136.44932,34.48051],[136.44772,34.47711],[136.44681,34.47658],[136.44325,34.47732],[136.44079,34.47843],[136.43683,34.48156],[136.43287,34.48332],[136.42929,34.48341],[136.42801,34.4819],[136.42824,34.47934],[136.42717,34.47856],[136.4217,34.47653],[136.41599,34.47589],[136.40964,34.47427],[136.40459,34.4717],[136.40001,34.47069],[136.40114,34.46893],[136.40273,34.46958],[136.40508,34.46803],[136.40813,34.46779],[136.41028,34.46878],[136.41281,34.46782],[136.41599,34.46743],[136.4171,34.46653],[136.42094,34.46554],[136.421,34.46147],[136.41882,34.4597],[136.41848,34.45653],[136.41882,34.45348],[136.41829,34.45191],[136.42042,34.44686],[136.42226,34.4443],[136.42262,34.44157],[136.41699,34.43933],[136.41547,34.43806],[136.41509,34.43626],[136.40985,34.43085],[136.41019,34.42988],[136.40779,34.42619],[136.40768,34.42362],[136.40944,34.41997],[136.40729,34.41744]]]}},{"type":"Feature","properties":{"code":"24442","name":"多気郡明和町","pref":"三重県","pref_code":"24","cx":136.63256,"cy":34.55284,"bbox":[136.5877,34.50355,136.66123,34.60083]},"geometry":{"type":"Polygon","coordinates":[[[136.64828,34.51681],[136.64685,34.51883],[136.64657,34.52124],[136.64812,34.52257],[136.64992,34.52076],[136.65269,34.51895],[136.65399,34.51966],[136.65416,34.52199],[136.65601,34.5232],[136.65813,34.52308],[136.65817,34.52083],[136.66026,34.52019],[136.66123,34.52262],[136.65906,34.52381],[136.66104,34.52735],[136.6605,34.52851],[136.65165,34.53457],[136.64955,34.53484],[136.64542,34.53631],[136.64561,34.53921],[136.64708,34.54206],[136.64715,34.54561],[136.64983,34.54661],[136.65158,34.54891],[136.65828,34.55131],[136.65787,34.55361],[136.65592,34.55647],[136.65655,34.55841],[136.6593,34.56042],[136.6572,34.56317],[136.66045,34.5663],[136.65738,34.56972],[136.65518,34.57334],[136.64706,34.58884],[136.6411,34.59201],[136.63403,34.59324],[136.62945,34.5948],[136.62758,34.59619],[136.62804,34.59734],[136.61652,34.59962],[136.60719,34.60013],[136.60376,34.60083],[136.60444,34.5982],[136.60752,34.59744],[136.60526,34.59447],[136.6117,34.59247],[136.61423,34.59297],[136.6149,34.58924],[136.61127,34.58692],[136.61128,34.58283],[136.61058,34.58122],[136.60792,34.57974],[136.6095,34.57491],[136.60824,34.57173],[136.61067,34.57028],[136.61372,34.57015],[136.6164,34.56898],[136.61709,34.5667],[136.6162,34.56545],[136.61661,34.56205],[136.61319,34.56301],[136.60948,34.56111],[136.60827,34.55914],[136.60681,34.55441],[136.60727,34.55207],[136.60671,34.54938],[136.60498,34.54492],[136.60424,34.54513],[136.60148,34.54027],[136.60303,34.53871],[136.60167,34.53696],[136.5993,34.53628],[136.59715,34.53483],[136.59815,34.53194],[136.59639,34.5305],[136.59615,34.52805],[136.59483,34.52734],[136.58961,34.52624],[136.58812,34.52369],[136.59028,34.52131],[136.59153,34.51774],[136.59139,34.51239],[136.58908,34.51219],[136.5877,34.51008],[136.58781,34.50854],[136.59197,34.50543],[136.59408,34.50777],[136.59788,34.50613],[136.60006,34.50577],[136.6016,34.50355],[136.6029,34.50485],[136.60749,34.50495],[136.61173,34.50735],[136.61109,34.50824],[136.61368,34.51019],[136.61299,34.51322],[136.61429,34.5177],[136.62072,34.51726],[136.6232,34.51554],[136.62754,34.51595],[136.6276,34.51714],[136.63379,34.51736],[136.63461,34.51811],[136.63768,34.51703],[136.64422,34.51925],[136.64609,34.51682],[136.64772,34.51599],[136.64828,34.51681]]]}},{"type":"Feature","properties":{"code":"24443","name":"多気郡大台町","pref":"三重県","pref_code":"24","cx":136.2233,"cy":34.31224,"bbox":[136.09268,34.16471,136.553,34.45966]},"geometry":{"type":"Polygon","coordinates":[[[136.12951,34.31617],[136.12635,34.31438],[136.12231,34.31043],[136.11866,34.31032],[136.11494,34.30881],[136.11165,34.30501],[136.1082,34.30456],[136.10469,34.30548],[136.10036,34.30554],[136.09577,34.30294],[136.0949,34.30145],[136.09612,34.29729],[136.09592,34.29378],[136.09785,34.29103],[136.09783,34.28882],[136.10053,34.2879],[136.10112,34.28653],[136.10379,34.28506],[136.10546,34.283],[136.11023,34.28088],[136.11199,34.28074],[136.11342,34.27876],[136.11528,34.27408],[136.11669,34.27399],[136.11724,34.2711],[136.11919,34.27005],[136.12183,34.26713],[136.11936,34.26567],[136.11806,34.2606],[136.12051,34.2602],[136.1232,34.25838],[136.12524,34.25828],[136.12781,34.25665],[136.12855,34.25384],[136.13185,34.2519],[136.12939,34.2491],[136.13064,34.24661],[136.13031,34.24287],[136.12836,34.24271],[136.12469,34.24132],[136.1226,34.23978],[136.12111,34.2369],[136.11744,34.23395],[136.11578,34.22962],[136.11362,34.22885],[136.11067,34.22935],[136.10971,34.22804],[136.10965,34.22422],[136.1123,34.22448],[136.1173,34.22311],[136.11687,34.22154],[136.11729,34.21707],[136.11874,34.21551],[136.11547,34.21083],[136.1135,34.21044],[136.10974,34.21124],[136.10722,34.20932],[136.1074,34.20738],[136.10195,34.20483],[136.10139,34.2035],[136.09758,34.20247],[136.09654,34.19829],[136.09345,34.1957],[136.09409,34.1932],[136.09268,34.19039],[136.09477,34.18945],[136.0962,34.18781],[136.10027,34.18634],[136.10278,34.18663],[136.10685,34.18511],[136.10886,34.18514],[136.10881,34.18078],[136.10778,34.17972],[136.10712,34.17513],[136.10526,34.17523],[136.10446,34.17361],[136.1056,34.17162],[136.11204,34.16756],[136.11442,34.16689],[136.118,34.16689],[136.12035,34.16566],[136.12151,34.16819],[136.12806,34.16939],[136.12927,34.16566],[136.1319,34.16471],[136.13582,34.16538],[136.1365,34.16703],[136.13981,34.16797],[136.14193,34.16668],[136.14276,34.16863],[136.147,34.17058],[136.14599,34.1726],[136.14648,34.1739],[136.14612,34.17707],[136.14888,34.17905],[136.14851,34.18004],[136.15005,34.18354],[136.1534,34.18634],[136.15536,34.18495],[136.15757,34.18465],[136.16194,34.18648],[136.16329,34.18639],[136.16821,34.18768],[136.17293,34.1882],[136.17502,34.19006],[136.17675,34.18975],[136.18172,34.1911],[136.18476,34.19059],[136.18652,34.19093],[136.18812,34.19316],[136.1925,34.19378],[136.19108,34.19601],[136.19119,34.19776],[136.1899,34.19978],[136.18989,34.20648],[136.18862,34.20956],[136.18962,34.21253],[136.19066,34.2132],[136.19167,34.21665],[136.19557,34.22005],[136.19734,34.22046],[136.19942,34.21935],[136.20197,34.21957],[136.20504,34.21835],[136.20741,34.22071],[136.20791,34.22285],[136.20671,34.22381],[136.20574,34.22662],[136.20585,34.22885],[136.20795,34.23044],[136.21378,34.23235],[136.21438,34.23419],[136.21619,34.23605],[136.21807,34.239],[136.21759,34.24091],[136.21747,34.2454],[136.22574,34.2466],[136.22952,34.24531],[136.2314,34.24656],[136.2405,34.2478],[136.24011,34.24915],[136.24112,34.25126],[136.23838,34.25574],[136.239,34.25724],[136.24104,34.25852],[136.24296,34.26143],[136.24753,34.26425],[136.25012,34.26479],[136.25421,34.2628],[136.2577,34.26432],[136.26316,34.26907],[136.2664,34.27087],[136.2698,34.27427],[136.26599,34.27662],[136.26408,34.28036],[136.26804,34.28702],[136.27048,34.28913],[136.27494,34.28811],[136.27862,34.28864],[136.28108,34.28841],[136.28136,34.29003],[136.28572,34.29416],[136.28796,34.29522],[136.29079,34.29541],[136.29561,34.29667],[136.29805,34.29548],[136.30085,34.29673],[136.30529,34.2968],[136.31056,34.30036],[136.31386,34.29934],[136.31496,34.30129],[136.3172,34.30235],[136.31912,34.30897],[136.32158,34.31088],[136.32371,34.31423],[136.32376,34.31692],[136.32477,34.31884],[136.32915,34.31895],[136.33201,34.31753],[136.33248,34.31643],[136.33511,34.31587],[136.33916,34.31653],[136.34203,34.31615],[136.34393,34.31685],[136.34757,34.3169],[136.35169,34.319],[136.3543,34.31923],[136.35459,34.32228],[136.35606,34.32419],[136.36012,34.32584],[136.36144,34.32759],[136.36614,34.33039],[136.36634,34.3313],[136.37005,34.33348],[136.37284,34.33958],[136.3762,34.34034],[136.38316,34.34401],[136.38526,34.34427],[136.38785,34.34651],[136.38988,34.34634],[136.3941,34.3472],[136.39967,34.35],[136.40331,34.35315],[136.41104,34.35442],[136.41537,34.36013],[136.41708,34.36421],[136.41462,34.36556],[136.41453,34.36672],[136.41625,34.36897],[136.41647,34.37385],[136.41534,34.37429],[136.41519,34.37648],[136.41716,34.37847],[136.41871,34.38195],[136.41722,34.38343],[136.41298,34.38441],[136.40995,34.38735],[136.40662,34.38794],[136.40553,34.39043],[136.40808,34.39115],[136.41207,34.39367],[136.41514,34.39412],[136.4196,34.39727],[136.42548,34.39972],[136.42865,34.39829],[136.43128,34.3965],[136.43182,34.39486],[136.43117,34.39317],[136.4336,34.39058],[136.43386,34.38715],[136.43478,34.38628],[136.43285,34.38365],[136.42897,34.38301],[136.4282,34.38215],[136.42929,34.37886],[136.43263,34.37742],[136.43602,34.37496],[136.43831,34.37124],[136.44619,34.36759],[136.44855,34.36839],[136.44859,34.37076],[136.45064,34.37671],[136.44719,34.3776],[136.4445,34.37917],[136.44422,34.38138],[136.44721,34.38287],[136.44837,34.38572],[136.44583,34.39237],[136.44657,34.39352],[136.45524,34.39486],[136.45673,34.39624],[136.45906,34.4015],[136.46463,34.40497],[136.46698,34.40745],[136.47024,34.4131],[136.47863,34.41944],[136.4821,34.41881],[136.48453,34.41924],[136.48908,34.42106],[136.49375,34.4204],[136.49551,34.42165],[136.49452,34.43083],[136.49681,34.43354],[136.49916,34.43444],[136.51027,34.43286],[136.5151,34.42993],[136.51665,34.42966],[136.519,34.43087],[136.52255,34.4342],[136.52455,34.43416],[136.5284,34.43676],[136.53277,34.43855],[136.54481,34.43796],[136.54753,34.43867],[136.54794,34.44249],[136.54906,34.44339],[136.55204,34.44397],[136.553,34.44528],[136.55289,34.45043],[136.55073,34.44961],[136.54675,34.45353],[136.54911,34.45603],[136.54784,34.45966],[136.54392,34.45747],[136.54225,34.45731],[136.5394,34.45934],[136.53781,34.4594],[136.53682,34.45703],[136.53294,34.45565],[136.52607,34.45429],[136.5219,34.45529],[136.5193,34.45532],[136.51555,34.45264],[136.5133,34.45271],[136.51103,34.45172],[136.50852,34.45491],[136.50582,34.4539],[136.50761,34.45249],[136.5082,34.45021],[136.5039,34.44755],[136.50008,34.44739],[136.49528,34.44517],[136.49504,34.44309],[136.49856,34.43998],[136.4971,34.43924],[136.49554,34.44012],[136.49086,34.43822],[136.48767,34.4379],[136.48577,34.43661],[136.47448,34.4345],[136.46903,34.43573],[136.46619,34.43344],[136.4646,34.43299],[136.46639,34.42944],[136.46659,34.4278],[136.45904,34.4251],[136.45255,34.4204],[136.45019,34.4205],[136.44833,34.41958],[136.44628,34.42005],[136.44,34.41792],[136.43732,34.41798],[136.43261,34.41542],[136.42898,34.41605],[136.42643,34.4172],[136.42456,34.41915],[136.4229,34.41842],[136.41897,34.41929],[136.41749,34.41707],[136.412,34.41665],[136.41077,34.4158],[136.40729,34.41744],[136.40517,34.4175],[136.40112,34.41585],[136.39805,34.41589],[136.39117,34.41145],[136.38597,34.41015],[136.38313,34.40766],[136.37834,34.40668],[136.37722,34.40278],[136.37155,34.40367],[136.36968,34.40321],[136.36859,34.4049],[136.36582,34.40597],[136.36168,34.40613],[136.3596,34.40761],[136.35771,34.40759],[136.35572,34.40507],[136.35391,34.40599],[136.34827,34.40549],[136.34253,34.40436],[136.3402,34.40525],[136.33455,34.40461],[136.33368,34.40567],[136.32813,34.4075],[136.3272,34.40575],[136.32351,34.40375],[136.32182,34.40537],[136.31809,34.40482],[136.31508,34.40614],[136.31163,34.4069],[136.31015,34.40608],[136.30688,34.40673],[136.30209,34.40678],[136.29835,34.40799],[136.2951,34.40607],[136.29009,34.40512],[136.28514,34.4063],[136.28239,34.4075],[136.275,34.40732],[136.27301,34.40676],[136.27127,34.40433],[136.2704,34.40202],[136.26693,34.40074],[136.26715,34.39848],[136.26538,34.39764],[136.2648,34.39561],[136.26272,34.3936],[136.2595,34.38716],[136.25684,34.38591],[136.25684,34.38255],[136.25984,34.38127],[136.26182,34.38109],[136.26356,34.37741],[136.26258,34.37609],[136.26413,34.37467],[136.26873,34.37238],[136.27127,34.36981],[136.27115,34.36858],[136.26756,34.36799],[136.26339,34.36547],[136.25939,34.36482],[136.2589,34.36295],[136.25655,34.36202],[136.25584,34.35862],[136.25189,34.35493],[136.25068,34.35532],[136.24257,34.35395],[136.24122,34.35435],[136.2374,34.35313],[136.23514,34.35311],[136.23363,34.35188],[136.22919,34.35181],[136.22821,34.35047],[136.22624,34.34988],[136.22291,34.35011],[136.21504,34.3482],[136.21188,34.34937],[136.21037,34.34895],[136.20767,34.35013],[136.20501,34.34774],[136.20053,34.34713],[136.19823,34.34548],[136.19525,34.34558],[136.19052,34.34166],[136.1876,34.34006],[136.18624,34.34004],[136.18889,34.3345],[136.18847,34.33162],[136.18666,34.3308],[136.1864,34.32631],[136.18844,34.32459],[136.18332,34.32298],[136.18035,34.32347],[136.17795,34.32216],[136.17511,34.32247],[136.16843,34.32483],[136.16453,34.32343],[136.16071,34.32129],[136.16063,34.31954],[136.15803,34.31582],[136.15839,34.31359],[136.1457,34.31507],[136.14156,34.31604],[136.13887,34.3153],[136.13286,34.31494],[136.12951,34.31617]]]}},{"type":"Feature","properties":{"code":"24461","name":"度会郡玉城町","pref":"三重県","pref_code":"24","cx":136.61394,"cy":34.48377,"bbox":[136.57813,34.44742,136.67075,34.521]},"geometry":{"type":"MultiPolygon","coordinates":[[[[136.60006,34.50577],[136.59974,34.50316],[136.59827,34.50271],[136.60021,34.50056],[136.60043,34.49842],[136.59762,34.4981],[136.59683,34.4957],[136.59478,34.49618],[136.58767,34.49171],[136.58396,34.48828],[136.58219,34.48548],[136.58265,34.48051],[136.57917,34.48054],[136.58022,34.47861],[136.58142,34.47228],[136.58047,34.47],[136.58396,34.4667],[136.58203,34.4636],[136.58083,34.46301],[136.57887,34.45962],[136.57813,34.45686],[136.57936,34.45537],[136.57885,34.45165],[136.58116,34.44941],[136.58331,34.44824],[136.58678,34.44742],[136.58587,34.44947],[136.5869,34.45031],[136.58567,34.45234],[136.58859,34.45457],[136.59048,34.45167],[136.5964,34.44968],[136.59934,34.45029],[136.60445,34.44933],[136.60495,34.45351],[136.60816,34.45462],[136.61147,34.45446],[136.61285,34.45577],[136.61202,34.45834],[136.61525,34.45928],[136.61745,34.45838],[136.62425,34.45205],[136.63156,34.4528],[136.63334,34.45393],[136.63469,34.45283],[136.63972,34.45417],[136.64077,34.45382],[136.64353,34.45493],[136.64375,34.45687],[136.64663,34.45601],[136.6507,34.45672],[136.65081,34.46052],[136.66254,34.47014],[136.66553,34.47134],[136.66715,34.47392],[136.67075,34.47575],[136.66959,34.47737],[136.66941,34.47953],[136.66654,34.48032],[136.6631,34.47763],[136.65861,34.47792],[136.65725,34.48045],[136.65377,34.48136],[136.6552,34.48441],[136.65735,34.48667],[136.65561,34.4893],[136.65192,34.48838],[136.65248,34.48532],[136.6498,34.48636],[136.6463,34.48319],[136.64475,34.48435],[136.64596,34.48574],[136.64786,34.48978],[136.64802,34.49484],[136.65663,34.49889],[136.65628,34.50097],[136.65729,34.50454],[136.64947,34.49823],[136.64735,34.49842],[136.64614,34.50066],[136.63905,34.49985],[136.64254,34.50445],[136.64342,34.50828],[136.64982,34.51031],[136.64804,34.51177],[136.64553,34.51233],[136.64206,34.51202],[136.64239,34.5137],[136.64097,34.51478],[136.64323,34.51677],[136.64553,34.51668],[136.64763,34.51513],[136.64554,34.51356],[136.64739,34.51221],[136.6543,34.51459],[136.65371,34.51573],[136.65435,34.51883],[136.65269,34.51895],[136.65,34.521],[136.64685,34.51883],[136.64828,34.51681],[136.64772,34.51599],[136.64609,34.51682],[136.64422,34.51925],[136.63768,34.51703],[136.63461,34.51811],[136.63379,34.51736],[136.6276,34.51714],[136.62754,34.51595],[136.6232,34.51554],[136.62072,34.51726],[136.61429,34.5177],[136.61299,34.51322],[136.61368,34.51019],[136.61109,34.50824],[136.61173,34.50735],[136.60749,34.50495],[136.6029,34.50485],[136.6016,34.50355],[136.60006,34.50577]]],[[[136.66026,34.52019],[136.65817,34.52083],[136.65457,34.52081],[136.65485,34.51806],[136.65922,34.51752],[136.66026,34.52019]]]]}},{"type":"Feature","properties":{"code":"24470","name":"度会郡度会町","pref":"三重県","pref_code":"24","cx":136.5787,"cy":34.38757,"bbox":[136.51227,34.31661,136.65273,34.45928]},"geometry":{"type":"Polygon","coordinates":[[[136.6507,34.45672],[136.64663,34.45601],[136.64375,34.45687],[136.64353,34.45493],[136.64077,34.45382],[136.63972,34.45417],[136.63469,34.45283],[136.63334,34.45393],[136.63156,34.4528],[136.62425,34.45205],[136.61745,34.45838],[136.61525,34.45928],[136.61202,34.45834],[136.61285,34.45577],[136.61147,34.45446],[136.60816,34.45462],[136.60495,34.45351],[136.60445,34.44933],[136.59934,34.45029],[136.5964,34.44968],[136.59048,34.45167],[136.58859,34.45457],[136.58567,34.45234],[136.5869,34.45031],[136.58587,34.44947],[136.58678,34.44742],[136.58331,34.44824],[136.58116,34.44941],[136.57885,34.45165],[136.57577,34.45136],[136.56601,34.45238],[136.56043,34.45154],[136.5555,34.45146],[136.55289,34.45043],[136.553,34.44528],[136.55204,34.44397],[136.54906,34.44339],[136.54794,34.44249],[136.54753,34.43867],[136.54481,34.43796],[136.53277,34.43855],[136.5284,34.43676],[136.52673,34.43533],[136.5296,34.43346],[136.52918,34.43067],[136.52976,34.42551],[136.53143,34.42306],[136.53478,34.42367],[136.53523,34.42188],[136.53342,34.41997],[136.53368,34.41617],[136.53449,34.41411],[136.53266,34.41187],[136.53053,34.40762],[136.52718,34.40447],[136.52678,34.39978],[136.52098,34.39384],[136.52115,34.39029],[136.52362,34.38556],[136.52471,34.38444],[136.52549,34.38177],[136.52797,34.38046],[136.52716,34.37952],[136.52151,34.37708],[136.5188,34.3752],[136.51678,34.37468],[136.51588,34.37303],[136.51737,34.36952],[136.51929,34.36812],[136.51775,34.36513],[136.51769,34.3629],[136.51998,34.36038],[136.5206,34.35874],[136.51985,34.35712],[136.51745,34.35569],[136.51546,34.35128],[136.51414,34.34995],[136.51435,34.3471],[136.51544,34.3454],[136.51295,34.34139],[136.51227,34.33801],[136.51502,34.33761],[136.51887,34.33549],[136.51978,34.3342],[136.52541,34.33426],[136.52753,34.33312],[136.52853,34.32815],[136.52963,34.32661],[136.5314,34.32606],[136.53281,34.32435],[136.5371,34.32372],[136.54092,34.32494],[136.5455,34.32009],[136.54806,34.31922],[136.55063,34.31989],[136.55556,34.31901],[136.55717,34.32026],[136.56059,34.32066],[136.56253,34.32023],[136.56764,34.32176],[136.5699,34.32151],[136.57284,34.32289],[136.57537,34.32234],[136.577,34.32119],[136.58036,34.32042],[136.58329,34.3176],[136.58607,34.31661],[136.58833,34.31833],[136.58909,34.32304],[136.59026,34.32587],[136.59424,34.32971],[136.59746,34.3294],[136.59992,34.33005],[136.60477,34.32898],[136.60764,34.3327],[136.60507,34.33794],[136.60453,34.34263],[136.60527,34.34441],[136.60701,34.34536],[136.61108,34.35057],[136.60972,34.35525],[136.6102,34.35672],[136.61257,34.35972],[136.612,34.3614],[136.61476,34.36635],[136.61581,34.36683],[136.61814,34.36993],[136.62364,34.37089],[136.62486,34.37182],[136.63154,34.37365],[136.6342,34.37261],[136.63572,34.37383],[136.63741,34.37769],[136.63708,34.38139],[136.63761,34.38691],[136.63205,34.38823],[136.63053,34.39154],[136.63411,34.39231],[136.6356,34.39424],[136.63792,34.39537],[136.63962,34.39766],[136.64327,34.39847],[136.64465,34.40101],[136.64462,34.40253],[136.64258,34.40538],[136.6429,34.4076],[136.6421,34.40908],[136.64327,34.41155],[136.64224,34.41491],[136.64491,34.41742],[136.64335,34.42322],[136.6402,34.42502],[136.63979,34.42636],[136.63347,34.43002],[136.63264,34.43136],[136.63861,34.43471],[136.64334,34.4393],[136.64426,34.44226],[136.64344,34.44488],[136.64495,34.44682],[136.65024,34.44873],[136.65273,34.45087],[136.65122,34.45395],[136.6507,34.45672]]]}},{"type":"Feature","properties":{"code":"24471","name":"度会郡大紀町","pref":"三重県","pref_code":"24","cx":136.39975,"cy":34.31629,"bbox":[136.26408,34.18713,136.53523,34.43533]},"geometry":{"type":"MultiPolygon","coordinates":[[[[136.38108,34.18713],[136.38101,34.18737],[136.38105,34.18724],[136.38108,34.18713]]],[[[136.37925,34.19374],[136.37897,34.19572],[136.37646,34.19566],[136.37925,34.19374]]],[[[136.37449,34.19747],[136.37641,34.20223],[136.37843,34.20215],[136.37854,34.20475],[136.38141,34.20643],[136.38342,34.20685],[136.38431,34.20819],[136.38621,34.20833],[136.38501,34.21203],[136.38645,34.2143],[136.38363,34.21527],[136.38445,34.21678],[136.38825,34.21656],[136.38908,34.21831],[136.39173,34.21908],[136.39313,34.21726],[136.39922,34.21846],[136.39984,34.21652],[136.40142,34.2157],[136.40195,34.2138],[136.39919,34.21413],[136.39705,34.2157],[136.39372,34.21123],[136.39593,34.21028],[136.39712,34.20852],[136.39803,34.20502],[136.39666,34.20353],[136.3989,34.20285],[136.4001,34.20501],[136.40285,34.20661],[136.409,34.20671],[136.41293,34.20816],[136.41315,34.21083],[136.41878,34.21209],[136.41982,34.2138],[136.42283,34.21458],[136.42423,34.21331],[136.42618,34.21456],[136.42864,34.21408],[136.42734,34.21655],[136.42771,34.2183],[136.43071,34.21986],[136.42781,34.2227],[136.42593,34.22317],[136.42205,34.22639],[136.42068,34.22932],[136.42077,34.2323],[136.41824,34.23455],[136.41804,34.23694],[136.41668,34.23779],[136.41694,34.24214],[136.41903,34.2448],[136.41936,34.24819],[136.41745,34.2506],[136.41823,34.25298],[136.41738,34.25492],[136.41845,34.25563],[136.41934,34.25805],[136.41853,34.26141],[136.42182,34.26578],[136.42528,34.26634],[136.42859,34.26981],[136.42444,34.27421],[136.42334,34.27613],[136.42336,34.27833],[136.41929,34.28357],[136.41978,34.28534],[136.4235,34.28685],[136.42704,34.28495],[136.43099,34.28512],[136.43339,34.28415],[136.43552,34.28652],[136.4396,34.28822],[136.44201,34.28842],[136.44301,34.28958],[136.44601,34.29025],[136.45075,34.28977],[136.45312,34.29096],[136.45484,34.29579],[136.45288,34.29728],[136.4539,34.29991],[136.45352,34.30162],[136.45541,34.3052],[136.4584,34.30912],[136.45685,34.31158],[136.45727,34.32002],[136.45858,34.3214],[136.45909,34.32362],[136.46122,34.32436],[136.46358,34.32647],[136.46543,34.32706],[136.46889,34.32709],[136.47076,34.32851],[136.47694,34.32689],[136.48405,34.32727],[136.48631,34.32547],[136.48878,34.32496],[136.49213,34.32552],[136.49445,34.32692],[136.49711,34.32645],[136.49986,34.32732],[136.50331,34.33056],[136.50339,34.33296],[136.50635,34.33744],[136.51227,34.33801],[136.51295,34.34139],[136.51544,34.3454],[136.51435,34.3471],[136.51414,34.34995],[136.51546,34.35128],[136.51745,34.35569],[136.51985,34.35712],[136.5206,34.35874],[136.51998,34.36038],[136.51769,34.3629],[136.51775,34.36513],[136.51929,34.36812],[136.51737,34.36952],[136.51588,34.37303],[136.51678,34.37468],[136.5188,34.3752],[136.52151,34.37708],[136.52716,34.37952],[136.52797,34.38046],[136.52549,34.38177],[136.52471,34.38444],[136.52362,34.38556],[136.52115,34.39029],[136.52098,34.39384],[136.52678,34.39978],[136.52718,34.40447],[136.53053,34.40762],[136.53266,34.41187],[136.53449,34.41411],[136.53368,34.41617],[136.53342,34.41997],[136.53523,34.42188],[136.53478,34.42367],[136.53143,34.42306],[136.52976,34.42551],[136.52918,34.43067],[136.5296,34.43346],[136.52673,34.43533],[136.52455,34.43416],[136.52255,34.4342],[136.519,34.43087],[136.51665,34.42966],[136.5151,34.42993],[136.51027,34.43286],[136.49916,34.43444],[136.49681,34.43354],[136.49452,34.43083],[136.49551,34.42165],[136.49375,34.4204],[136.48908,34.42106],[136.48453,34.41924],[136.4821,34.41881],[136.47863,34.41944],[136.47024,34.4131],[136.46698,34.40745],[136.46463,34.40497],[136.45906,34.4015],[136.45673,34.39624],[136.45524,34.39486],[136.44657,34.39352],[136.44583,34.39237],[136.44837,34.38572],[136.44721,34.38287],[136.44422,34.38138],[136.4445,34.37917],[136.44719,34.3776],[136.45064,34.37671],[136.44859,34.37076],[136.44855,34.36839],[136.44619,34.36759],[136.43831,34.37124],[136.43602,34.37496],[136.43263,34.37742],[136.42929,34.37886],[136.4282,34.38215],[136.42897,34.38301],[136.43285,34.38365],[136.43478,34.38628],[136.43386,34.38715],[136.4336,34.39058],[136.43117,34.39317],[136.43182,34.39486],[136.43128,34.3965],[136.42865,34.39829],[136.42548,34.39972],[136.4196,34.39727],[136.41514,34.39412],[136.41207,34.39367],[136.40808,34.39115],[136.40553,34.39043],[136.40662,34.38794],[136.40995,34.38735],[136.41298,34.38441],[136.41722,34.38343],[136.41871,34.38195],[136.41716,34.37847],[136.41519,34.37648],[136.41534,34.37429],[136.41647,34.37385],[136.41625,34.36897],[136.41453,34.36672],[136.41462,34.36556],[136.41708,34.36421],[136.41537,34.36013],[136.41104,34.35442],[136.40331,34.35315],[136.39967,34.35],[136.3941,34.3472],[136.38988,34.34634],[136.38785,34.34651],[136.38526,34.34427],[136.38316,34.34401],[136.3762,34.34034],[136.37284,34.33958],[136.37005,34.33348],[136.36634,34.3313],[136.36614,34.33039],[136.36144,34.32759],[136.36012,34.32584],[136.35606,34.32419],[136.35459,34.32228],[136.3543,34.31923],[136.35169,34.319],[136.34757,34.3169],[136.34393,34.31685],[136.34203,34.31615],[136.33916,34.31653],[136.33511,34.31587],[136.33248,34.31643],[136.33201,34.31753],[136.32915,34.31895],[136.32477,34.31884],[136.32376,34.31692],[136.32371,34.31423],[136.32158,34.31088],[136.31912,34.30897],[136.3172,34.30235],[136.31496,34.30129],[136.31386,34.29934],[136.31056,34.30036],[136.30529,34.2968],[136.30085,34.29673],[136.29805,34.29548],[136.29561,34.29667],[136.29079,34.29541],[136.28796,34.29522],[136.28572,34.29416],[136.28136,34.29003],[136.28108,34.28841],[136.27862,34.28864],[136.27494,34.28811],[136.27048,34.28913],[136.26804,34.28702],[136.26408,34.28036],[136.26599,34.27662],[136.27264,34.2721],[136.27538,34.27167],[136.27812,34.27323],[136.28067,34.27248],[136.28822,34.27172],[136.29129,34.27025],[136.29463,34.26753],[136.2966,34.26709],[136.29768,34.2647],[136.2996,34.26251],[136.29581,34.25939],[136.2958,34.25696],[136.2992,34.25426],[136.30013,34.25145],[136.30214,34.2504],[136.30378,34.2507],[136.30608,34.24934],[136.31057,34.24345],[136.31211,34.24259],[136.32017,34.24335],[136.32238,34.24289],[136.32662,34.24346],[136.33389,34.24154],[136.33545,34.24047],[136.33858,34.24059],[136.34074,34.24335],[136.3429,34.24437],[136.34613,34.24392],[136.34707,34.24173],[136.35056,34.24052],[136.35174,34.24088],[136.35694,34.24006],[136.35785,34.23698],[136.3614,34.23249],[136.36201,34.23073],[136.36635,34.22902],[136.36857,34.22671],[136.36856,34.22487],[136.3703,34.22337],[136.37294,34.22251],[136.37252,34.21815],[136.37164,34.21621],[136.37354,34.21344],[136.37418,34.21084],[136.37273,34.20805],[136.37117,34.2065],[136.37044,34.20449],[136.37158,34.20157],[136.37449,34.19747]]]]}},{"type":"Feature","properties":{"code":"24472","name":"度会郡南伊勢町","pref":"三重県","pref_code":"24","cx":136.54758,"cy":34.30893,"bbox":[136.41668,34.21928,136.75606,34.39847]},"geometry":{"type":"MultiPolygon","coordinates":[[[[136.55064,34.24955],[136.54793,34.24813],[136.54945,34.24279],[136.55227,34.24426],[136.55428,34.24277],[136.55523,34.24488],[136.55345,34.24613],[136.55473,34.24727],[136.55099,34.24827],[136.55064,34.24955]]],[[[136.6826,34.30054],[136.67995,34.29661],[136.68234,34.2955],[136.68362,34.29725],[136.6826,34.30054]]],[[[136.71856,34.34064],[136.71767,34.3408],[136.71515,34.33832],[136.7132,34.33471],[136.71563,34.33425],[136.71754,34.33482],[136.71948,34.33828],[136.71856,34.34064]]],[[[136.64327,34.39847],[136.63962,34.39766],[136.63792,34.39537],[136.6356,34.39424],[136.63411,34.39231],[136.63053,34.39154],[136.63205,34.38823],[136.63761,34.38691],[136.63708,34.38139],[136.63741,34.37769],[136.63572,34.37383],[136.6342,34.37261],[136.63154,34.37365],[136.62486,34.37182],[136.62364,34.37089],[136.61814,34.36993],[136.61581,34.36683],[136.61476,34.36635],[136.612,34.3614],[136.61257,34.35972],[136.6102,34.35672],[136.60972,34.35525],[136.61108,34.35057],[136.60701,34.34536],[136.60527,34.34441],[136.60453,34.34263],[136.60507,34.33794],[136.60764,34.3327],[136.60477,34.32898],[136.59992,34.33005],[136.59746,34.3294],[136.59424,34.32971],[136.59026,34.32587],[136.58909,34.32304],[136.58833,34.31833],[136.58607,34.31661],[136.58329,34.3176],[136.58036,34.32042],[136.577,34.32119],[136.57537,34.32234],[136.57284,34.32289],[136.5699,34.32151],[136.56764,34.32176],[136.56253,34.32023],[136.56059,34.32066],[136.55717,34.32026],[136.55556,34.31901],[136.55063,34.31989],[136.54806,34.31922],[136.5455,34.32009],[136.54092,34.32494],[136.5371,34.32372],[136.53281,34.32435],[136.5314,34.32606],[136.52963,34.32661],[136.52853,34.32815],[136.52753,34.33312],[136.52541,34.33426],[136.51978,34.3342],[136.51887,34.33549],[136.51502,34.33761],[136.51227,34.33801],[136.50635,34.33744],[136.50339,34.33296],[136.50331,34.33056],[136.49986,34.32732],[136.49711,34.32645],[136.49445,34.32692],[136.49213,34.32552],[136.48878,34.32496],[136.48631,34.32547],[136.48405,34.32727],[136.47694,34.32689],[136.47076,34.32851],[136.46889,34.32709],[136.46543,34.32706],[136.46358,34.32647],[136.46122,34.32436],[136.45909,34.32362],[136.45858,34.3214],[136.45727,34.32002],[136.45738,34.31703],[136.45673,34.31514],[136.45685,34.31158],[136.4584,34.30912],[136.45541,34.3052],[136.45352,34.30162],[136.4539,34.29991],[136.45288,34.29728],[136.45484,34.29579],[136.45312,34.29096],[136.45075,34.28977],[136.44601,34.29025],[136.44301,34.28958],[136.44201,34.28842],[136.4396,34.28822],[136.43552,34.28652],[136.43339,34.28415],[136.43099,34.28512],[136.42704,34.28495],[136.4235,34.28685],[136.41978,34.28534],[136.41929,34.28357],[136.42336,34.27833],[136.42334,34.27613],[136.42444,34.27421],[136.42859,34.26981],[136.42528,34.26634],[136.42182,34.26578],[136.41853,34.26141],[136.41934,34.25805],[136.41845,34.25563],[136.41738,34.25492],[136.41823,34.25298],[136.41745,34.2506],[136.41936,34.24819],[136.41903,34.2448],[136.41694,34.24214],[136.41668,34.23779],[136.41804,34.23694],[136.41824,34.23455],[136.42077,34.2323],[136.42068,34.22932],[136.42205,34.22639],[136.42593,34.22317],[136.42781,34.2227],[136.43071,34.21986],[136.43204,34.21928],[136.43497,34.22101],[136.43693,34.22073],[136.44002,34.22149],[136.44256,34.21987],[136.44549,34.22045],[136.44751,34.21939],[136.44869,34.22031],[136.45545,34.2216],[136.45722,34.22247],[136.45714,34.22377],[136.45996,34.22422],[136.45882,34.22645],[136.45389,34.2268],[136.45233,34.22802],[136.45209,34.23088],[136.45323,34.2332],[136.4551,34.23419],[136.45381,34.23585],[136.45373,34.23766],[136.45545,34.23907],[136.45505,34.2414],[136.45346,34.24509],[136.45097,34.24493],[136.44725,34.24223],[136.44617,34.24341],[136.44789,34.24489],[136.44728,34.24628],[136.4453,34.24596],[136.44346,34.24445],[136.44109,34.24524],[136.44043,34.24791],[136.44324,34.24865],[136.44646,34.24854],[136.44889,34.24964],[136.45055,34.24743],[136.4518,34.2481],[136.4567,34.24742],[136.46026,34.24755],[136.45878,34.25096],[136.46141,34.25246],[136.46119,34.25415],[136.46522,34.25611],[136.46603,34.25704],[136.46908,34.25702],[136.46926,34.25592],[136.46626,34.25527],[136.46714,34.25187],[136.46875,34.24959],[136.47332,34.24934],[136.47188,34.24767],[136.46865,34.24695],[136.46649,34.24889],[136.46388,34.24715],[136.46303,34.24515],[136.4608,34.24287],[136.46031,34.23924],[136.46292,34.23736],[136.46373,34.2358],[136.46228,34.23437],[136.46264,34.23258],[136.46426,34.23115],[136.46814,34.23248],[136.47193,34.23137],[136.47312,34.23162],[136.47663,34.22863],[136.48045,34.22879],[136.48282,34.228],[136.4838,34.22552],[136.48181,34.22486],[136.48253,34.22324],[136.48136,34.22118],[136.48195,34.21995],[136.48466,34.22138],[136.48635,34.22155],[136.48781,34.22291],[136.49161,34.22395],[136.49266,34.22522],[136.49594,34.22454],[136.49683,34.22611],[136.49684,34.22956],[136.49936,34.23126],[136.50201,34.23184],[136.5051,34.22995],[136.50814,34.23115],[136.50661,34.23367],[136.50674,34.23643],[136.50428,34.23576],[136.50261,34.23804],[136.50047,34.23864],[136.49971,34.23734],[136.49642,34.23686],[136.49288,34.23794],[136.49079,34.23447],[136.48878,34.23498],[136.49065,34.23862],[136.48888,34.24144],[136.48596,34.24147],[136.48708,34.24497],[136.49177,34.24227],[136.49376,34.24364],[136.49737,34.24422],[136.49879,34.24323],[136.50209,34.24271],[136.50422,34.24435],[136.50143,34.24593],[136.50093,34.25016],[136.50011,34.25167],[136.49553,34.2512],[136.49354,34.2503],[136.49077,34.25221],[136.49165,34.25347],[136.49399,34.25367],[136.49493,34.25472],[136.49404,34.25748],[136.4955,34.25789],[136.49824,34.25537],[136.50247,34.25493],[136.50372,34.25385],[136.50462,34.25061],[136.50779,34.25029],[136.51032,34.2479],[136.5106,34.2464],[136.50942,34.24386],[136.50984,34.24279],[136.51785,34.24022],[136.51932,34.24285],[136.5142,34.24403],[136.51354,34.24613],[136.51136,34.24762],[136.51014,34.25145],[136.50832,34.25249],[136.50791,34.25601],[136.50888,34.25858],[136.50738,34.25952],[136.50742,34.26138],[136.50883,34.26302],[136.50565,34.26439],[136.50519,34.26811],[136.50685,34.27046],[136.50604,34.27413],[136.50186,34.27506],[136.50103,34.27712],[136.50399,34.27629],[136.50557,34.27896],[136.50968,34.27903],[136.51084,34.27831],[136.51399,34.27833],[136.51543,34.27523],[136.51503,34.2731],[136.51131,34.27156],[136.51261,34.26994],[136.51739,34.26931],[136.5192,34.26784],[136.52137,34.26795],[136.52465,34.26707],[136.5242,34.26976],[136.52183,34.27336],[136.52344,34.27404],[136.52589,34.27124],[136.52734,34.27093],[136.52917,34.27331],[136.53091,34.27293],[136.53189,34.27026],[136.52856,34.26707],[136.52713,34.26438],[136.52564,34.26417],[136.52548,34.26223],[136.52681,34.25995],[136.52866,34.26012],[136.52971,34.26484],[136.52865,34.26547],[136.53043,34.26836],[136.53479,34.26832],[136.53408,34.27093],[136.53583,34.27351],[136.53576,34.2752],[136.53789,34.27636],[136.53871,34.27888],[136.54076,34.27759],[136.54127,34.27233],[136.54282,34.26619],[136.54059,34.26444],[136.53782,34.26079],[136.53892,34.25967],[136.53905,34.25741],[136.53747,34.25606],[136.54115,34.25488],[136.54319,34.25478],[136.54583,34.25318],[136.54552,34.25027],[136.54769,34.25052],[136.55067,34.25282],[136.54814,34.25411],[136.54883,34.25579],[136.54815,34.25929],[136.55315,34.26098],[136.55477,34.26398],[136.5572,34.26591],[136.55764,34.26799],[136.55512,34.27025],[136.55413,34.27329],[136.55508,34.27476],[136.55286,34.27673],[136.55054,34.27755],[136.55066,34.27903],[136.54837,34.28177],[136.55025,34.28271],[136.55346,34.28078],[136.55307,34.27853],[136.55758,34.27823],[136.55669,34.27625],[136.56023,34.2755],[136.55845,34.28007],[136.55679,34.28183],[136.55875,34.28526],[136.56126,34.28583],[136.56388,34.28544],[136.5675,34.28696],[136.57044,34.28887],[136.57236,34.28865],[136.57374,34.28674],[136.57566,34.2898],[136.57753,34.28851],[136.57907,34.29009],[136.58077,34.2902],[136.58046,34.29322],[136.58413,34.2927],[136.58539,34.29177],[136.58423,34.28924],[136.58738,34.28958],[136.5902,34.29053],[136.5905,34.29482],[136.59273,34.29399],[136.59289,34.29245],[136.59531,34.29204],[136.59714,34.29091],[136.59657,34.28968],[136.59383,34.28868],[136.59853,34.28513],[136.59382,34.28437],[136.59278,34.28343],[136.59474,34.28187],[136.59245,34.2795],[136.5913,34.28295],[136.5917,34.28422],[136.59067,34.28603],[136.58916,34.28495],[136.58569,34.2846],[136.58523,34.28368],[136.58089,34.2809],[136.58093,34.27893],[136.57871,34.27959],[136.57847,34.28084],[136.57965,34.283],[136.58178,34.28432],[136.58093,34.28588],[136.57595,34.2841],[136.5735,34.28175],[136.5736,34.2805],[136.57115,34.27811],[136.57227,34.27576],[136.57434,34.27592],[136.57666,34.27832],[136.58063,34.27744],[136.58111,34.27528],[136.58362,34.27464],[136.58534,34.27508],[136.5883,34.27159],[136.58965,34.27211],[136.59015,34.2694],[136.58913,34.26804],[136.58742,34.2694],[136.58478,34.26953],[136.58416,34.2709],[136.58478,34.27324],[136.58109,34.27495],[136.58084,34.2724],[136.57944,34.26899],[136.58132,34.26813],[136.58283,34.26608],[136.58313,34.26355],[136.5851,34.26175],[136.58585,34.25747],[136.58882,34.25839],[136.59109,34.25746],[136.59352,34.25814],[136.59599,34.25727],[136.59964,34.25895],[136.60211,34.2577],[136.60529,34.25863],[136.60573,34.25997],[136.60841,34.26213],[136.60949,34.2653],[136.61292,34.26939],[136.61592,34.27049],[136.61822,34.27316],[136.62118,34.27394],[136.62411,34.27296],[136.62805,34.27293],[136.6351,34.27573],[136.63735,34.27823],[136.63527,34.28021],[136.63563,34.28463],[136.63856,34.28483],[136.63994,34.28606],[136.64315,34.28532],[136.64786,34.2866],[136.65498,34.28707],[136.65644,34.28895],[136.65822,34.28885],[136.65694,34.29241],[136.65351,34.29234],[136.65285,34.29384],[136.65365,34.29682],[136.65642,34.29958],[136.66146,34.30138],[136.66431,34.29976],[136.66391,34.30208],[136.66518,34.30663],[136.67207,34.31117],[136.67454,34.31208],[136.67476,34.31542],[136.67104,34.31392],[136.67133,34.31629],[136.66861,34.31593],[136.66739,34.31662],[136.66461,34.31586],[136.66417,34.31442],[136.66648,34.31392],[136.66755,34.31268],[136.66353,34.31244],[136.6623,34.31112],[136.65572,34.30977],[136.65774,34.31227],[136.65821,34.31429],[136.65688,34.31601],[136.65317,34.31655],[136.65163,34.3128],[136.6484,34.31152],[136.64574,34.31194],[136.64546,34.31008],[136.64379,34.30901],[136.64037,34.30803],[136.63688,34.30881],[136.63734,34.31251],[136.6396,34.31308],[136.6429,34.31184],[136.64272,34.31375],[136.64519,34.31509],[136.64581,34.31653],[136.64957,34.31615],[136.65144,34.32065],[136.65113,34.32327],[136.65284,34.32294],[136.65406,34.31946],[136.65617,34.31848],[136.65825,34.31878],[136.65926,34.32115],[136.661,34.32307],[136.65931,34.32632],[136.66522,34.32557],[136.66631,34.32471],[136.66951,34.32401],[136.67215,34.32411],[136.67294,34.32642],[136.66829,34.32863],[136.66496,34.329],[136.66548,34.33042],[136.67022,34.33159],[136.67151,34.33335],[136.66936,34.3353],[136.67069,34.33723],[136.66695,34.33955],[136.66345,34.33874],[136.6624,34.33966],[136.65942,34.33867],[136.65692,34.33934],[136.65605,34.34069],[136.65692,34.34228],[136.65878,34.34203],[136.66141,34.34551],[136.66421,34.34576],[136.66924,34.34369],[136.67213,34.34316],[136.67152,34.34157],[136.6722,34.3393],[136.6742,34.33995],[136.67639,34.33861],[136.67732,34.33992],[136.68005,34.34108],[136.68147,34.34287],[136.68405,34.34321],[136.6853,34.34548],[136.68697,34.34412],[136.68856,34.34526],[136.69115,34.34541],[136.69082,34.34344],[136.68768,34.34362],[136.68333,34.33892],[136.68049,34.3389],[136.67871,34.33764],[136.67878,34.33587],[136.68262,34.33519],[136.68341,34.33651],[136.68616,34.33544],[136.6835,34.33338],[136.68704,34.33336],[136.68251,34.32769],[136.68144,34.32698],[136.68186,34.32441],[136.68326,34.32372],[136.6857,34.32531],[136.68574,34.32664],[136.68739,34.32925],[136.69029,34.33159],[136.69006,34.33289],[136.69466,34.33573],[136.69648,34.33951],[136.69322,34.34065],[136.69687,34.34223],[136.6961,34.3445],[136.69471,34.3448],[136.69384,34.34857],[136.69858,34.34946],[136.69903,34.346],[136.70571,34.34867],[136.70786,34.3488],[136.70709,34.34655],[136.7046,34.34377],[136.70432,34.34217],[136.70671,34.33827],[136.70645,34.33628],[136.70938,34.33659],[136.71034,34.33925],[136.71217,34.34088],[136.71519,34.34033],[136.71851,34.34231],[136.72009,34.33968],[136.72173,34.33827],[136.72283,34.34088],[136.72218,34.34322],[136.72395,34.34436],[136.72665,34.3432],[136.72423,34.34089],[136.72568,34.33978],[136.72523,34.33815],[136.72333,34.33611],[136.72272,34.33405],[136.72768,34.33499],[136.72903,34.33306],[136.72437,34.33313],[136.72121,34.33237],[136.72045,34.33032],[136.71738,34.33011],[136.71633,34.32889],[136.71688,34.3243],[136.71341,34.32963],[136.71028,34.33059],[136.70413,34.32867],[136.70531,34.32651],[136.70842,34.32414],[136.70794,34.32238],[136.71016,34.32121],[136.70913,34.31996],[136.70598,34.32104],[136.70491,34.32429],[136.70089,34.32424],[136.69955,34.3254],[136.69801,34.32335],[136.70167,34.32049],[136.70077,34.31902],[136.69618,34.31993],[136.69455,34.3159],[136.69302,34.31358],[136.69503,34.31244],[136.69721,34.31222],[136.69433,34.30992],[136.69299,34.31085],[136.69081,34.31007],[136.69096,34.30886],[136.68938,34.30571],[136.68975,34.30385],[136.68766,34.30008],[136.68946,34.29998],[136.69091,34.29453],[136.68986,34.2927],[136.68426,34.29315],[136.68563,34.29115],[136.68603,34.2889],[136.68758,34.28821],[136.68867,34.28614],[136.68777,34.28406],[136.68949,34.28374],[136.69122,34.28599],[136.68998,34.28755],[136.69107,34.2887],[136.69395,34.28961],[136.69761,34.28931],[136.69884,34.29279],[136.70134,34.29324],[136.7046,34.29291],[136.7065,34.29432],[136.70975,34.29461],[136.71149,34.29357],[136.71312,34.29564],[136.71525,34.29667],[136.71263,34.29849],[136.71297,34.30027],[136.71575,34.30222],[136.71489,34.30443],[136.71209,34.30633],[136.70828,34.30653],[136.70453,34.30493],[136.70179,34.30603],[136.70351,34.30919],[136.70442,34.31278],[136.7087,34.3146],[136.71032,34.31374],[136.71388,34.3154],[136.71718,34.31473],[136.72074,34.31687],[136.724,34.31635],[136.72646,34.3173],[136.72883,34.31916],[136.73178,34.32054],[136.73437,34.32018],[136.73775,34.32162],[136.74148,34.32238],[136.74354,34.32481],[136.74559,34.32532],[136.74629,34.33117],[136.74564,34.33224],[136.7487,34.33597],[136.75214,34.33699],[136.75452,34.33849],[136.75606,34.34124],[136.75327,34.34451],[136.75361,34.34732],[136.75145,34.34943],[136.74856,34.35057],[136.74788,34.35198],[136.75101,34.35627],[136.75079,34.35708],[136.75311,34.35983],[136.75524,34.36404],[136.75377,34.36615],[136.75402,34.3682],[136.75106,34.37125],[136.74963,34.37085],[136.74885,34.37304],[136.74644,34.37603],[136.74429,34.37647],[136.74329,34.37908],[136.74353,34.38472],[136.73976,34.38632],[136.73464,34.38741],[136.72915,34.38732],[136.72511,34.3879],[136.72353,34.39046],[136.71847,34.39222],[136.71392,34.38878],[136.71035,34.38848],[136.70608,34.38712],[136.70344,34.3877],[136.69442,34.38526],[136.69395,34.38819],[136.69488,34.39048],[136.69336,34.39329],[136.69081,34.3949],[136.68841,34.39552],[136.68431,34.39451],[136.68034,34.39648],[136.67876,34.39604],[136.67394,34.39208],[136.67211,34.39201],[136.67014,34.39344],[136.66508,34.39474],[136.66042,34.39445],[136.65815,34.39542],[136.65431,34.39535],[136.653,34.39595],[136.64657,34.39647],[136.64327,34.39847]]]]}},{"type":"Feature","properties":{"code":"24543","name":"北牟婁郡紀北町","pref":"三重県","pref_code":"24","cx":136.22698,"cy":34.18048,"bbox":[136.09943,34.08678,136.37449,34.27427]},"geometry":{"type":"MultiPolygon","coordinates":[[[[136.36304,34.15213],[136.36355,34.15019],[136.36552,34.14949],[136.36618,34.15152],[136.36304,34.15213]]],[[[136.30407,34.16366],[136.30014,34.16248],[136.30134,34.15936],[136.30035,34.15736],[136.30275,34.15706],[136.30558,34.15876],[136.30408,34.1612],[136.30407,34.16366]]],[[[136.30237,34.09884],[136.30223,34.10079],[136.30398,34.1025],[136.30499,34.10468],[136.30753,34.10587],[136.3056,34.10688],[136.30595,34.10879],[136.30756,34.10951],[136.30779,34.11342],[136.31316,34.11551],[136.31322,34.11753],[136.30856,34.11753],[136.3065,34.1182],[136.30358,34.11694],[136.30077,34.11838],[136.29883,34.11832],[136.29612,34.11588],[136.29875,34.113],[136.29571,34.11211],[136.29263,34.11248],[136.28939,34.11465],[136.29014,34.1174],[136.28752,34.11753],[136.28624,34.11681],[136.28401,34.11808],[136.283,34.1208],[136.28319,34.12248],[136.2877,34.12526],[136.29054,34.12604],[136.29178,34.12715],[136.28888,34.12922],[136.28934,34.13197],[136.28555,34.12869],[136.28433,34.13041],[136.2812,34.13],[136.28006,34.13096],[136.28023,34.13394],[136.27955,34.13564],[136.27711,34.13662],[136.27646,34.13949],[136.27754,34.14166],[136.27913,34.14292],[136.28098,34.1428],[136.28144,34.14452],[136.28334,34.14562],[136.28458,34.148],[136.28283,34.15065],[136.28125,34.15061],[136.27921,34.15287],[136.27903,34.15549],[136.28066,34.15728],[136.2788,34.15788],[136.27758,34.16043],[136.27929,34.16236],[136.28293,34.1632],[136.28495,34.161],[136.28511,34.1595],[136.28724,34.15931],[136.28746,34.15659],[136.28881,34.15688],[136.28863,34.16255],[136.28993,34.16506],[136.29217,34.16613],[136.29586,34.16602],[136.29709,34.16545],[136.29841,34.16868],[136.29586,34.16932],[136.2961,34.17195],[136.2988,34.1755],[136.30228,34.17636],[136.30223,34.17832],[136.30318,34.17988],[136.30587,34.18066],[136.30992,34.17951],[136.31183,34.17989],[136.31382,34.17913],[136.31726,34.17947],[136.31781,34.18245],[136.32095,34.18611],[136.32532,34.18576],[136.32902,34.18322],[136.32984,34.18141],[136.33173,34.1803],[136.33439,34.18116],[136.33508,34.18342],[136.33252,34.1862],[136.33216,34.18769],[136.33369,34.19042],[136.33613,34.19092],[136.33861,34.1929],[136.33768,34.19712],[136.33311,34.19676],[136.33304,34.1951],[136.33103,34.19344],[136.32922,34.19423],[136.32992,34.19673],[136.32411,34.19427],[136.32212,34.19478],[136.32206,34.19624],[136.32532,34.19713],[136.32833,34.19938],[136.33101,34.19881],[136.33241,34.19774],[136.33686,34.19802],[136.33863,34.20188],[136.33897,34.20467],[136.34451,34.2071],[136.34951,34.20821],[136.3493,34.21],[136.35143,34.21057],[136.35394,34.20818],[136.35852,34.20836],[136.35837,34.20679],[136.35469,34.20629],[136.35164,34.20515],[136.35083,34.20365],[136.35163,34.2017],[136.34961,34.1993],[136.35068,34.19559],[136.35365,34.19517],[136.35602,34.19894],[136.3575,34.19922],[136.35984,34.19733],[136.35887,34.19578],[136.36097,34.19439],[136.36249,34.19244],[136.36228,34.18943],[136.36453,34.18953],[136.36534,34.1914],[136.36847,34.19351],[136.37089,34.19451],[136.37101,34.19655],[136.37449,34.19747],[136.37158,34.20157],[136.37044,34.20449],[136.37117,34.2065],[136.37273,34.20805],[136.37418,34.21084],[136.37354,34.21344],[136.37164,34.21621],[136.37252,34.21815],[136.37294,34.22251],[136.3703,34.22337],[136.36856,34.22487],[136.36857,34.22671],[136.36635,34.22902],[136.36201,34.23073],[136.3614,34.23249],[136.35785,34.23698],[136.35694,34.24006],[136.35174,34.24088],[136.35056,34.24052],[136.34707,34.24173],[136.34613,34.24392],[136.3429,34.24437],[136.34074,34.24335],[136.33858,34.24059],[136.33545,34.24047],[136.33389,34.24154],[136.32662,34.24346],[136.32238,34.24289],[136.32017,34.24335],[136.31211,34.24259],[136.31057,34.24345],[136.30608,34.24934],[136.30378,34.2507],[136.30214,34.2504],[136.30013,34.25145],[136.2992,34.25426],[136.2958,34.25696],[136.29581,34.25939],[136.2996,34.26251],[136.29768,34.2647],[136.2966,34.26709],[136.29463,34.26753],[136.29129,34.27025],[136.28822,34.27172],[136.28067,34.27248],[136.27812,34.27323],[136.27538,34.27167],[136.27264,34.2721],[136.2698,34.27427],[136.2664,34.27087],[136.26316,34.26907],[136.2577,34.26432],[136.25421,34.2628],[136.25012,34.26479],[136.24753,34.26425],[136.24296,34.26143],[136.24104,34.25852],[136.239,34.25724],[136.23838,34.25574],[136.24112,34.25126],[136.24011,34.24915],[136.2405,34.2478],[136.2314,34.24656],[136.22952,34.24531],[136.22574,34.2466],[136.21747,34.2454],[136.21759,34.24091],[136.21807,34.239],[136.21619,34.23605],[136.21438,34.23419],[136.21378,34.23235],[136.20795,34.23044],[136.20585,34.22885],[136.20574,34.22662],[136.20671,34.22381],[136.20791,34.22285],[136.20741,34.22071],[136.20504,34.21835],[136.20197,34.21957],[136.19942,34.21935],[136.19734,34.22046],[136.19557,34.22005],[136.19167,34.21665],[136.19066,34.2132],[136.18962,34.21253],[136.18862,34.20956],[136.18989,34.20648],[136.1899,34.19978],[136.19119,34.19776],[136.19108,34.19601],[136.1925,34.19378],[136.18812,34.19316],[136.18652,34.19093],[136.18476,34.19059],[136.18172,34.1911],[136.17675,34.18975],[136.17502,34.19006],[136.17293,34.1882],[136.16821,34.18768],[136.16329,34.18639],[136.16194,34.18648],[136.15757,34.18465],[136.15536,34.18495],[136.1534,34.18634],[136.15005,34.18354],[136.14851,34.18004],[136.14888,34.17905],[136.14612,34.17707],[136.14648,34.1739],[136.14599,34.1726],[136.147,34.17058],[136.14276,34.16863],[136.14193,34.16668],[136.13981,34.16797],[136.1365,34.16703],[136.13582,34.16538],[136.1319,34.16471],[136.12927,34.16566],[136.12806,34.16939],[136.12151,34.16819],[136.12035,34.16566],[136.118,34.16689],[136.11442,34.16689],[136.11204,34.16756],[136.111,34.16522],[136.11338,34.16381],[136.11469,34.16082],[136.11156,34.15681],[136.11084,34.15472],[136.10715,34.15377],[136.10569,34.15252],[136.10668,34.14516],[136.10622,34.14386],[136.10256,34.14227],[136.10195,34.14133],[136.10679,34.13098],[136.10821,34.12958],[136.1084,34.12678],[136.10693,34.12453],[136.10506,34.12311],[136.10166,34.12228],[136.09968,34.12042],[136.09943,34.11874],[136.1003,34.11672],[136.10406,34.1151],[136.10451,34.11416],[136.10814,34.1154],[136.11291,34.11572],[136.11517,34.1173],[136.11754,34.11802],[136.12022,34.11728],[136.12492,34.11792],[136.12902,34.1171],[136.13129,34.11765],[136.13281,34.119],[136.13492,34.1193],[136.14096,34.11892],[136.14565,34.12023],[136.14801,34.11816],[136.14904,34.11597],[136.15095,34.11436],[136.15314,34.11356],[136.15549,34.11148],[136.1593,34.1095],[136.16234,34.10962],[136.16466,34.10826],[136.16467,34.10657],[136.16606,34.10514],[136.16752,34.10187],[136.16847,34.09627],[136.16739,34.09449],[136.16797,34.09207],[136.17077,34.09162],[136.17325,34.09016],[136.18088,34.09292],[136.18349,34.095],[136.18523,34.09261],[136.18821,34.0914],[136.18984,34.09],[136.19111,34.0908],[136.19693,34.09127],[136.19934,34.09249],[136.20387,34.09196],[136.20653,34.0905],[136.20799,34.0913],[136.21223,34.09193],[136.21532,34.09316],[136.21811,34.09196],[136.22223,34.09138],[136.22596,34.09221],[136.22918,34.09],[136.23643,34.08678],[136.23691,34.08929],[136.23425,34.09124],[136.23101,34.09593],[136.2275,34.09873],[136.22801,34.10023],[136.23057,34.10256],[136.24309,34.10595],[136.24111,34.10812],[136.24297,34.10946],[136.24584,34.10953],[136.25249,34.11174],[136.25341,34.1135],[136.25543,34.11484],[136.25791,34.11981],[136.26172,34.1216],[136.26267,34.12444],[136.26559,34.12432],[136.26821,34.12912],[136.27301,34.12737],[136.2712,34.12634],[136.27221,34.12409],[136.27445,34.12267],[136.27383,34.12144],[136.27162,34.12042],[136.26956,34.12091],[136.27021,34.11831],[136.26887,34.11709],[136.26638,34.11743],[136.26433,34.11461],[136.2667,34.11269],[136.26205,34.11009],[136.26153,34.1089],[136.25843,34.10692],[136.2548,34.10632],[136.25385,34.10444],[136.25095,34.10468],[136.24812,34.10295],[136.25082,34.09927],[136.2512,34.09697],[136.25023,34.09532],[136.2507,34.09326],[136.25472,34.08977],[136.25433,34.08814],[136.25759,34.09007],[136.25572,34.0915],[136.25464,34.09504],[136.25518,34.09931],[136.25835,34.10306],[136.26028,34.10338],[136.26673,34.10673],[136.26992,34.10717],[136.27569,34.10979],[136.27609,34.11233],[136.28004,34.11327],[136.28632,34.11043],[136.29048,34.10737],[136.29235,34.1078],[136.29326,34.10608],[136.29675,34.105],[136.29926,34.10367],[136.29965,34.10182],[136.30237,34.09884]]]]}},{"type":"Feature","properties":{"code":"24561","name":"南牟婁郡御浜町","pref":"三重県","pref_code":"24","cx":136.00036,"cy":33.83308,"bbox":[135.93596,33.77229,136.06793,33.89413]},"geometry":{"type":"Polygon","coordinates":[[[135.94677,33.82765],[135.94851,33.83031],[135.95096,33.82874],[135.95087,33.82536],[135.95991,33.82232],[135.96351,33.81918],[135.96472,33.81705],[135.96668,33.81693],[135.96866,33.81792],[135.96967,33.81656],[135.97157,33.81649],[135.97387,33.81845],[135.9762,33.8179],[135.98067,33.81868],[135.9826,33.82141],[135.9845,33.81885],[135.98857,33.81717],[135.9902,33.81592],[135.99061,33.81182],[135.99414,33.81151],[135.99739,33.80557],[135.99789,33.79749],[136.00005,33.79464],[136.00305,33.79512],[136.00649,33.79125],[136.00613,33.79006],[136.00706,33.78719],[136.00721,33.78244],[136.00541,33.78005],[136.00666,33.77901],[136.0058,33.77722],[136.00924,33.77705],[136.01257,33.77868],[136.01831,33.77848],[136.02298,33.7768],[136.02693,33.77421],[136.03152,33.77229],[136.03808,33.78581],[136.04122,33.79524],[136.04598,33.80571],[136.04913,33.81104],[136.05195,33.81394],[136.05348,33.81877],[136.0571,33.82608],[136.06091,33.83161],[136.06338,33.83679],[136.06606,33.84048],[136.06405,33.84593],[136.06593,33.84852],[136.06793,33.85259],[136.06758,33.85354],[136.05863,33.85845],[136.05953,33.86067],[136.05646,33.86241],[136.05338,33.86315],[136.04818,33.86281],[136.04565,33.86324],[136.04187,33.86942],[136.04044,33.87024],[136.0382,33.87413],[136.03529,33.87691],[136.03794,33.87872],[136.0387,33.8831],[136.03805,33.88502],[136.03507,33.88663],[136.03431,33.88777],[136.03523,33.89081],[136.03509,33.89264],[136.02863,33.89196],[136.02545,33.89288],[136.02369,33.89235],[136.01928,33.89238],[136.01813,33.89286],[136.00924,33.89173],[136.00823,33.88951],[136.0035,33.8894],[136.00069,33.89049],[135.99802,33.89036],[135.99419,33.89413],[135.9935,33.89306],[135.99365,33.88973],[135.99138,33.88712],[135.99054,33.89083],[135.98839,33.8898],[135.98713,33.88726],[135.98391,33.89009],[135.98144,33.89037],[135.9782,33.88725],[135.97699,33.88528],[135.97481,33.88704],[135.97336,33.88511],[135.97026,33.8827],[135.97011,33.88088],[135.96774,33.87966],[135.97017,33.87316],[135.96952,33.8712],[135.97068,33.86818],[135.96936,33.86471],[135.97053,33.86292],[135.96998,33.86138],[135.96686,33.8611],[135.96229,33.8582],[135.96226,33.85438],[135.96102,33.85145],[135.96173,33.84672],[135.95914,33.8449],[135.95404,33.84558],[135.95242,33.84716],[135.9465,33.84589],[135.94232,33.84656],[135.93906,33.84554],[135.93774,33.84353],[135.93872,33.84199],[135.93811,33.83966],[135.93596,33.83614],[135.93842,33.83437],[135.93988,33.83168],[135.94138,33.83179],[135.94243,33.83002],[135.94515,33.82756],[135.94677,33.82765]]]}},{"type":"Feature","properties":{"code":"24562","name":"南牟婁郡紀宝町","pref":"三重県","pref_code":"24","cx":135.96421,"cy":33.77551,"bbox":[135.9014,33.72299,136.03152,33.83031]},"geometry":{"type":"Polygon","coordinates":[[[135.9014,33.78082],[135.90224,33.77939],[135.90568,33.76848],[135.90691,33.7671],[135.90915,33.76657],[135.91383,33.76728],[135.91586,33.76702],[135.91839,33.76552],[135.91928,33.76409],[135.9205,33.75876],[135.92419,33.75617],[135.92837,33.75402],[135.93048,33.75395],[135.93481,33.75723],[135.93799,33.75741],[135.93888,33.75626],[135.93853,33.75106],[135.93993,33.73859],[135.94223,33.73456],[135.94593,33.73203],[135.9513,33.72953],[135.95514,33.7284],[135.96352,33.72431],[135.97319,33.72299],[135.97609,33.72309],[135.97707,33.72477],[135.97558,33.72878],[135.9717,33.73173],[135.97296,33.73544],[135.97867,33.73686],[135.98328,33.73637],[135.99716,33.73051],[136.00808,33.72702],[136.01189,33.7233],[136.01832,33.73056],[136.01826,33.7323],[136.01413,33.73446],[136.01597,33.73546],[136.01835,33.73521],[136.02025,33.737],[136.02183,33.74231],[136.02128,33.74412],[136.02427,33.75541],[136.0282,33.76587],[136.03152,33.77229],[136.02693,33.77421],[136.02298,33.7768],[136.01831,33.77848],[136.01257,33.77868],[136.00924,33.77705],[136.0058,33.77722],[136.00666,33.77901],[136.00541,33.78005],[136.00721,33.78244],[136.00706,33.78719],[136.00613,33.79006],[136.00649,33.79125],[136.00305,33.79512],[136.00005,33.79464],[135.99789,33.79749],[135.99739,33.80557],[135.99414,33.81151],[135.99061,33.81182],[135.9902,33.81592],[135.98857,33.81717],[135.9845,33.81885],[135.9826,33.82141],[135.98067,33.81868],[135.9762,33.8179],[135.97387,33.81845],[135.97157,33.81649],[135.96967,33.81656],[135.96866,33.81792],[135.96668,33.81693],[135.96472,33.81705],[135.96351,33.81918],[135.95991,33.82232],[135.95087,33.82536],[135.95096,33.82874],[135.94851,33.83031],[135.94677,33.82765],[135.9467,33.82467],[135.94831,33.8204],[135.94603,33.81903],[135.94595,33.81571],[135.94446,33.81572],[135.93849,33.81325],[135.9375,33.81151],[135.93467,33.81142],[135.93346,33.80996],[135.93354,33.80759],[135.93044,33.80469],[135.9267,33.80272],[135.92685,33.80148],[135.92884,33.79788],[135.92979,33.79491],[135.93222,33.79128],[135.92877,33.78802],[135.92401,33.78912],[135.92221,33.79097],[135.92021,33.79061],[135.91567,33.78751],[135.91288,33.78663],[135.90737,33.7839],[135.90408,33.78364],[135.9014,33.78082]]]}},{"type":"Feature","properties":{"code":"25201","name":"大津市","pref":"滋賀県","pref_code":"25","cx":135.87644,"cy":35.0788,"bbox":[135.8159,34.8714,136.0418,35.28464]},"geometry":{"type":"Polygon","coordinates":[[[136.0163,35.23128],[135.99373,35.26439],[135.98351,35.27233],[135.95653,35.27765],[135.93697,35.26051],[135.9103,35.26414],[135.90615,35.2751],[135.88299,35.28464],[135.86076,35.28296],[135.84467,35.26131],[135.83086,35.22276],[135.83109,35.21042],[135.84191,35.18984],[135.84681,35.16239],[135.85615,35.15944],[135.84871,35.14185],[135.85229,35.13427],[135.83984,35.08614],[135.83189,35.07146],[135.83485,35.05555],[135.8159,35.04737],[135.83452,35.02208],[135.83268,35.00943],[135.8423,34.98994],[135.85676,34.98],[135.85228,34.97135],[135.87543,34.95367],[135.87992,34.93452],[135.87071,34.926],[135.86752,34.89334],[135.89967,34.8714],[135.91266,34.88352],[135.93603,34.89164],[135.94324,34.87818],[135.96431,34.88002],[135.96746,34.89122],[135.98749,34.88984],[135.99274,34.90866],[136.01157,34.92018],[136.0418,34.92348],[136.03311,34.93823],[136.04107,34.94527],[136.01694,34.9438],[136.01011,34.95455],[136.01025,34.97554],[135.98941,34.98],[135.96699,34.9831],[135.95011,34.97218],[135.93979,34.99242],[135.91892,34.99632],[135.90291,34.99235],[135.88796,35.03533],[135.92324,35.08812],[135.93558,35.11552],[135.94025,35.13752],[135.95931,35.14721],[135.97256,35.18098],[135.99585,35.19021],[136.0163,35.23128]]]}},{"type":"Feature","properties":{"code":"25202","name":"彦根市","pref":"滋賀県","pref_code":"25","cx":136.25036,"cy":35.27142,"bbox":[136.0837,35.19016,136.35153,35.35601]},"geometry":{"type":"Polygon","coordinates":[[[136.35153,35.27413],[136.34624,35.28626],[136.30082,35.29901],[136.24408,35.29558],[136.21599,35.30369],[136.20978,35.33865],[136.14855,35.35601],[136.14576,35.34994],[136.15285,35.26872],[136.12223,35.25589],[136.0837,35.25885],[136.08523,35.25184],[136.11212,35.21644],[136.13975,35.20721],[136.16699,35.20444],[136.19163,35.19016],[136.19523,35.19855],[136.21606,35.19362],[136.22576,35.21855],[136.23756,35.21283],[136.25769,35.22838],[136.27458,35.24029],[136.28813,35.24149],[136.30064,35.25722],[136.32111,35.26769],[136.33875,35.26402],[136.35153,35.27413]]]}},{"type":"Feature","properties":{"code":"25203","name":"長浜市","pref":"滋賀県","pref_code":"25","cx":136.22239,"cy":35.51181,"bbox":[136.09429,35.33865,136.36262,35.70373]},"geometry":{"type":"Polygon","coordinates":[[[136.20978,35.33865],[136.22574,35.34795],[136.25043,35.35266],[136.27752,35.35081],[136.2964,35.35462],[136.3111,35.34262],[136.32505,35.34706],[136.33746,35.37924],[136.33214,35.3997],[136.3567,35.40075],[136.36262,35.41655],[136.35872,35.43417],[136.34256,35.46136],[136.33308,35.46875],[136.33745,35.49637],[136.34775,35.5235],[136.34588,35.53611],[136.33732,35.55025],[136.3221,35.54435],[136.31626,35.55594],[136.32275,35.57001],[136.32368,35.61652],[136.31556,35.6234],[136.28856,35.62059],[136.27916,35.63669],[136.28053,35.66128],[136.26936,35.66873],[136.24465,35.67379],[136.23441,35.68246],[136.1985,35.68957],[136.18528,35.70373],[136.15136,35.69843],[136.13449,35.66982],[136.14782,35.66252],[136.17749,35.59498],[136.16647,35.58265],[136.17033,35.57109],[136.13869,35.57567],[136.1126,35.57341],[136.10562,35.52882],[136.09861,35.50012],[136.10123,35.49026],[136.09429,35.46138],[136.11583,35.45456],[136.11637,35.43266],[136.09471,35.41005],[136.09834,35.39282],[136.14855,35.35601],[136.20978,35.33865]]]}},{"type":"Feature","properties":{"code":"25204","name":"近江八幡市","pref":"滋賀県","pref_code":"25","cx":136.06905,"cy":35.17202,"bbox":[135.99585,35.07645,136.1758,35.2595]},"geometry":{"type":"Polygon","coordinates":[[[135.99585,35.19021],[136.00107,35.18618],[136.00798,35.1409],[136.02496,35.1359],[136.03324,35.11442],[136.0647,35.10508],[136.07795,35.09202],[136.09904,35.09696],[136.10319,35.0889],[136.12265,35.0916],[136.14577,35.07645],[136.12551,35.09575],[136.13962,35.10973],[136.15998,35.1067],[136.1758,35.13053],[136.16828,35.14425],[136.14001,35.16078],[136.12975,35.18325],[136.1059,35.18896],[136.09954,35.20972],[136.09054,35.22166],[136.0837,35.25885],[136.07118,35.2595],[136.02687,35.23929],[136.0163,35.23128],[135.99585,35.19021]]]}},{"type":"Feature","properties":{"code":"25206","name":"草津市","pref":"滋賀県","pref_code":"25","cx":135.93178,"cy":35.02348,"bbox":[135.88796,34.97218,135.99919,35.08812]},"geometry":{"type":"Polygon","coordinates":[[[135.98941,34.98],[135.99919,34.99691],[135.99014,35.00798],[135.97047,35.01559],[135.97249,35.03137],[135.96101,35.03766],[135.96284,35.05069],[135.95013,35.06154],[135.94088,35.08084],[135.92324,35.08812],[135.88796,35.03533],[135.90291,34.99235],[135.91892,34.99632],[135.93979,34.99242],[135.95011,34.97218],[135.96699,34.9831],[135.98941,34.98]]]}},{"type":"Feature","properties":{"code":"25207","name":"守山市","pref":"滋賀県","pref_code":"25","cx":135.9647,"cy":35.09572,"bbox":[135.92324,35.03689,136.01596,35.14721]},"geometry":{"type":"Polygon","coordinates":[[[135.92324,35.08812],[135.94088,35.08084],[135.95013,35.06154],[135.96284,35.05069],[135.99492,35.03689],[136.01596,35.05067],[135.99689,35.06298],[136.00972,35.07594],[136.0016,35.0904],[136.00388,35.10104],[135.98858,35.12019],[135.96759,35.13087],[135.95931,35.14721],[135.94025,35.13752],[135.93558,35.11552],[135.92324,35.08812]]]}},{"type":"Feature","properties":{"code":"25208","name":"栗東市","pref":"滋賀県","pref_code":"25","cx":136.01671,"cy":35.00244,"bbox":[135.96101,34.9438,136.06124,35.05069]},"geometry":{"type":"Polygon","coordinates":[[[136.04107,34.94527],[136.04883,34.95837],[136.06124,34.96417],[136.04262,34.98749],[136.03629,35.01194],[136.03889,35.02617],[136.01596,35.05067],[135.99492,35.03689],[135.96284,35.05069],[135.96101,35.03766],[135.97249,35.03137],[135.97047,35.01559],[135.99014,35.00798],[135.99919,34.99691],[135.98941,34.98],[136.01025,34.97554],[136.01011,34.95455],[136.01694,34.9438],[136.04107,34.94527]]]}},{"type":"Feature","properties":{"code":"25209","name":"甲賀市","pref":"滋賀県","pref_code":"25","cx":136.18609,"cy":34.91442,"bbox":[135.94099,34.79068,136.42136,35.03063]},"geometry":{"type":"Polygon","coordinates":[[[135.94324,34.87818],[135.94099,34.86374],[135.97205,34.84605],[135.97147,34.83849],[136.00527,34.84311],[136.00538,34.82656],[136.02903,34.81739],[136.01505,34.80915],[136.01133,34.79581],[136.02843,34.79068],[136.04117,34.79846],[136.07299,34.80421],[136.09519,34.8191],[136.08755,34.83045],[136.1044,34.84057],[136.1083,34.85282],[136.12638,34.86202],[136.12213,34.87275],[136.09889,34.87058],[136.08698,34.87636],[136.10178,34.89614],[136.13153,34.88313],[136.14855,34.88202],[136.1669,34.88789],[136.18078,34.88579],[136.19807,34.86986],[136.22783,34.86097],[136.25068,34.85773],[136.27597,34.87183],[136.28906,34.86957],[136.33941,34.89547],[136.3661,34.90501],[136.37391,34.92378],[136.37269,34.94226],[136.39479,34.95142],[136.40315,34.96915],[136.41587,34.9808],[136.42136,35.00006],[136.41817,35.01812],[136.40458,35.01377],[136.38791,35.02245],[136.36387,35.0168],[136.34248,35.01657],[136.34091,34.98925],[136.32057,34.97828],[136.3012,34.98359],[136.2697,34.96137],[136.23796,34.95924],[136.21919,34.9803],[136.18282,35.00446],[136.18068,35.01643],[136.16355,35.03063],[136.1534,35.01926],[136.14218,35.02505],[136.13906,35.00289],[136.1274,34.98901],[136.13195,34.96341],[136.11348,34.94763],[136.06124,34.96417],[136.04883,34.95837],[136.04107,34.94527],[136.03311,34.93823],[136.0418,34.92348],[136.01157,34.92018],[135.99274,34.90866],[135.98749,34.88984],[135.96746,34.89122],[135.96431,34.88002],[135.94324,34.87818]]]}},{"type":"Feature","properties":{"code":"25210","name":"野洲市","pref":"滋賀県","pref_code":"25","cx":136.02295,"cy":35.10975,"bbox":[135.95931,35.02617,136.07863,35.19021]},"geometry":{"type":"Polygon","coordinates":[[[135.95931,35.14721],[135.96759,35.13087],[135.98858,35.12019],[136.00388,35.10104],[136.0016,35.0904],[136.00972,35.07594],[135.99689,35.06298],[136.01596,35.05067],[136.03889,35.02617],[136.05089,35.03247],[136.05633,35.05675],[136.07317,35.0523],[136.07863,35.06196],[136.07795,35.09202],[136.0647,35.10508],[136.03324,35.11442],[136.02496,35.1359],[136.00798,35.1409],[136.00107,35.18618],[135.99585,35.19021],[135.97256,35.18098],[135.95931,35.14721]]]}},{"type":"Feature","properties":{"code":"25211","name":"湖南市","pref":"滋賀県","pref_code":"25","cx":136.08683,"cy":34.99595,"bbox":[136.03629,34.94763,136.14218,35.05675]},"geometry":{"type":"Polygon","coordinates":[[[136.06124,34.96417],[136.11348,34.94763],[136.13195,34.96341],[136.1274,34.98901],[136.13906,35.00289],[136.14218,35.02505],[136.11956,35.0352],[136.10104,35.02163],[136.08663,35.02996],[136.07317,35.0523],[136.05633,35.05675],[136.05089,35.03247],[136.03889,35.02617],[136.03629,35.01194],[136.04262,34.98749],[136.06124,34.96417]]]}},{"type":"Feature","properties":{"code":"25212","name":"高島市","pref":"滋賀県","pref_code":"25","cx":135.95586,"cy":35.38909,"bbox":[135.76407,35.23128,136.15285,35.54056]},"geometry":{"type":"Polygon","coordinates":[[[136.0163,35.23128],[136.02687,35.23929],[136.07118,35.2595],[136.12223,35.25589],[136.15285,35.26872],[136.14576,35.34994],[136.14855,35.35601],[136.09834,35.39282],[136.09471,35.41005],[136.11637,35.43266],[136.11583,35.45456],[136.09429,35.46138],[136.10123,35.49026],[136.09861,35.50012],[136.10562,35.52882],[136.08323,35.54056],[136.06923,35.52625],[136.04835,35.53453],[136.02828,35.52907],[136.00666,35.49182],[135.98951,35.49268],[135.95182,35.51122],[135.93802,35.51116],[135.91601,35.47058],[135.91416,35.43211],[135.89298,35.41985],[135.89057,35.40318],[135.86453,35.39442],[135.85537,35.4095],[135.83837,35.41422],[135.81321,35.41298],[135.80753,35.38536],[135.77915,35.37352],[135.76407,35.34456],[135.78082,35.34056],[135.79087,35.3238],[135.81125,35.31353],[135.82005,35.29107],[135.83461,35.27408],[135.86076,35.28296],[135.88299,35.28464],[135.90615,35.2751],[135.9103,35.26414],[135.93697,35.26051],[135.95653,35.27765],[135.98351,35.27233],[135.99373,35.26439],[136.0163,35.23128]]]}},{"type":"Feature","properties":{"code":"25213","name":"東近江市","pref":"滋賀県","pref_code":"25","cx":136.25872,"cy":35.13703,"bbox":[136.08523,35.01377,136.45465,35.25184]},"geometry":{"type":"Polygon","coordinates":[[[136.08523,35.25184],[136.09054,35.22166],[136.09954,35.20972],[136.1059,35.18896],[136.12975,35.18325],[136.14001,35.16078],[136.16828,35.14425],[136.1758,35.13053],[136.15998,35.1067],[136.13962,35.10973],[136.12551,35.09575],[136.14577,35.07645],[136.14608,35.06187],[136.15647,35.02844],[136.16355,35.03063],[136.18068,35.01643],[136.2174,35.03878],[136.22082,35.06388],[136.24903,35.06848],[136.2669,35.05776],[136.29546,35.05741],[136.30747,35.04525],[136.32765,35.03615],[136.34248,35.01657],[136.36387,35.0168],[136.38791,35.02245],[136.40458,35.01377],[136.41817,35.01812],[136.42383,35.02977],[136.41785,35.0495],[136.4416,35.06672],[136.43527,35.08249],[136.44802,35.12384],[136.43564,35.13066],[136.45465,35.16142],[136.42446,35.18451],[136.40865,35.18718],[136.38908,35.1968],[136.37454,35.17698],[136.3901,35.15538],[136.38671,35.14466],[136.35472,35.1311],[136.33568,35.14295],[136.32163,35.14587],[136.30338,35.15772],[136.2817,35.15245],[136.26362,35.15657],[136.24683,35.151],[136.23667,35.15871],[136.22698,35.14351],[136.20426,35.14805],[136.19163,35.19016],[136.16699,35.20444],[136.13975,35.20721],[136.11212,35.21644],[136.08523,35.25184]]]}},{"type":"Feature","properties":{"code":"25214","name":"米原市","pref":"滋賀県","pref_code":"25","cx":136.38766,"cy":35.41757,"bbox":[136.20978,35.27413,136.44414,35.55939]},"geometry":{"type":"Polygon","coordinates":[[[136.35153,35.27413],[136.37772,35.28728],[136.39173,35.28711],[136.41226,35.31556],[136.41117,35.32794],[136.42233,35.34839],[136.41191,35.3699],[136.43689,35.37913],[136.44414,35.38866],[136.41181,35.4186],[136.42617,35.44816],[136.42036,35.46623],[136.40177,35.46994],[136.38783,35.49683],[136.40229,35.51325],[136.4004,35.53008],[136.38425,35.53309],[136.37356,35.55939],[136.36252,35.55848],[136.35666,35.53991],[136.34588,35.53611],[136.34775,35.5235],[136.33745,35.49637],[136.33308,35.46875],[136.34256,35.46136],[136.35872,35.43417],[136.36262,35.41655],[136.3567,35.40075],[136.33214,35.3997],[136.33746,35.37924],[136.32505,35.34706],[136.3111,35.34262],[136.2964,35.35462],[136.27752,35.35081],[136.25043,35.35266],[136.22574,35.34795],[136.20978,35.33865],[136.21599,35.30369],[136.24408,35.29558],[136.30082,35.29901],[136.34624,35.28626],[136.35153,35.27413]]]}},{"type":"Feature","properties":{"code":"25383","name":"蒲生郡日野町","pref":"滋賀県","pref_code":"25","cx":136.26194,"cy":35.01044,"bbox":[136.18068,34.95924,136.34248,35.06848]},"geometry":{"type":"Polygon","coordinates":[[[136.34248,35.01657],[136.32765,35.03615],[136.30747,35.04525],[136.29546,35.05741],[136.2669,35.05776],[136.24903,35.06848],[136.22082,35.06388],[136.2174,35.03878],[136.18068,35.01643],[136.18282,35.00446],[136.21919,34.9803],[136.23796,34.95924],[136.2697,34.96137],[136.3012,34.98359],[136.32057,34.97828],[136.34091,34.98925],[136.34248,35.01657]]]}},{"type":"Feature","properties":{"code":"25384","name":"蒲生郡竜王町","pref":"滋賀県","pref_code":"25","cx":136.11172,"cy":35.05708,"bbox":[136.07317,35.01926,136.16355,35.09696]},"geometry":{"type":"Polygon","coordinates":[[[136.07795,35.09202],[136.07863,35.06196],[136.07317,35.0523],[136.08663,35.02996],[136.10104,35.02163],[136.11956,35.0352],[136.14218,35.02505],[136.1534,35.01926],[136.16355,35.03063],[136.15647,35.02844],[136.14608,35.06187],[136.14577,35.07645],[136.12265,35.0916],[136.10319,35.0889],[136.09904,35.09696],[136.07795,35.09202]]]}},{"type":"Feature","properties":{"code":"25425","name":"愛知郡愛荘町","pref":"滋賀県","pref_code":"25","cx":136.24857,"cy":35.17065,"bbox":[136.19163,35.14295,136.33568,35.19855]},"geometry":{"type":"Polygon","coordinates":[[[136.19163,35.19016],[136.20426,35.14805],[136.22698,35.14351],[136.23667,35.15871],[136.24683,35.151],[136.26362,35.15657],[136.2817,35.15245],[136.30338,35.15772],[136.32163,35.14587],[136.33568,35.14295],[136.32687,35.15462],[136.31084,35.15614],[136.29047,35.18258],[136.25623,35.18841],[136.21606,35.19362],[136.19523,35.19855],[136.19163,35.19016]]]}},{"type":"Feature","properties":{"code":"25441","name":"犬上郡豊郷町","pref":"滋賀県","pref_code":"25","cx":136.23044,"cy":35.20517,"bbox":[136.21606,35.18841,136.25623,35.21855]},"geometry":{"type":"Polygon","coordinates":[[[136.21606,35.19362],[136.25623,35.18841],[136.24311,35.1975],[136.23756,35.21283],[136.22576,35.21855],[136.21606,35.19362]]]}},{"type":"Feature","properties":{"code":"25442","name":"犬上郡甲良町","pref":"滋賀県","pref_code":"25","cx":136.26011,"cy":35.20619,"bbox":[136.23756,35.18258,136.29047,35.22838]},"geometry":{"type":"Polygon","coordinates":[[[136.23756,35.21283],[136.24311,35.1975],[136.25623,35.18841],[136.29047,35.18258],[136.28703,35.19954],[136.25769,35.22838],[136.23756,35.21283]]]}},{"type":"Feature","properties":{"code":"25443","name":"犬上郡多賀町","pref":"滋賀県","pref_code":"25","cx":136.34702,"cy":35.20696,"bbox":[136.25769,35.1311,136.4168,35.28728]},"geometry":{"type":"Polygon","coordinates":[[[136.25769,35.22838],[136.28703,35.19954],[136.29047,35.18258],[136.31084,35.15614],[136.32687,35.15462],[136.33568,35.14295],[136.35472,35.1311],[136.38671,35.14466],[136.3901,35.15538],[136.37454,35.17698],[136.38908,35.1968],[136.40865,35.18718],[136.4168,35.21439],[136.37974,35.24094],[136.38915,35.24977],[136.39574,35.28095],[136.39173,35.28711],[136.37772,35.28728],[136.35153,35.27413],[136.33875,35.26402],[136.32111,35.26769],[136.30064,35.25722],[136.28813,35.24149],[136.27458,35.24029],[136.25769,35.22838]]]}},{"type":"Feature","properties":{"code":"26101","name":"京都市北区","pref":"京都府","pref_code":"26","cx":135.70455,"cy":35.09717,"bbox":[135.64923,35.02243,135.77183,35.17149]},"geometry":{"type":"Polygon","coordinates":[[[135.74466,35.1501],[135.74164,35.15836],[135.7344,35.16184],[135.73087,35.16987],[135.72407,35.17149],[135.72027,35.16824],[135.71364,35.16882],[135.70579,35.16592],[135.68966,35.16623],[135.67464,35.16415],[135.67293,35.15863],[135.67259,35.14169],[135.67549,35.13773],[135.67429,35.12976],[135.6704,35.1232],[135.6598,35.11611],[135.64974,35.11442],[135.64923,35.10986],[135.65443,35.10575],[135.65016,35.10161],[135.65567,35.0915],[135.66098,35.0937],[135.66353,35.09804],[135.673,35.09429],[135.66748,35.08689],[135.66844,35.08324],[135.67723,35.08332],[135.67659,35.07898],[135.6852,35.07692],[135.68989,35.0803],[135.69431,35.07153],[135.70042,35.06896],[135.70367,35.06345],[135.7107,35.05943],[135.71399,35.0474],[135.71084,35.04215],[135.72222,35.03591],[135.72226,35.02768],[135.72681,35.02254],[135.73314,35.02243],[135.73563,35.0346],[135.74704,35.03546],[135.75216,35.03756],[135.76429,35.03745],[135.76981,35.03263],[135.75836,35.05011],[135.76754,35.05121],[135.77183,35.06205],[135.76479,35.07764],[135.7598,35.08401],[135.74816,35.08813],[135.74108,35.08916],[135.74346,35.09629],[135.74033,35.12186],[135.74175,35.12412],[135.73815,35.13185],[135.7447,35.13789],[135.74466,35.1501]]]}},{"type":"Feature","properties":{"code":"26102","name":"京都市上京区","pref":"京都府","pref_code":"26","cx":135.75269,"cy":35.02581,"bbox":[135.73314,35.01613,135.77163,35.03756]},"geometry":{"type":"Polygon","coordinates":[[[135.73314,35.02243],[135.7454,35.01613],[135.75308,35.01761],[135.77163,35.01669],[135.77153,35.0292],[135.76981,35.03263],[135.76429,35.03745],[135.75216,35.03756],[135.74704,35.03546],[135.73563,35.0346],[135.73314,35.02243]]]}},{"type":"Feature","properties":{"code":"26103","name":"京都市左京区","pref":"京都府","pref_code":"26","cx":135.8079,"cy":35.16759,"bbox":[135.72567,35.0076,135.86076,35.32124]},"geometry":{"type":"Polygon","coordinates":[[[135.76981,35.03263],[135.77153,35.0292],[135.77179,35.00959],[135.78448,35.01085],[135.79071,35.00773],[135.80073,35.0076],[135.80459,35.01462],[135.81515,35.01521],[135.82024,35.01296],[135.83546,35.01233],[135.83452,35.02208],[135.82642,35.02361],[135.82811,35.02838],[135.82462,35.03564],[135.81542,35.04215],[135.8159,35.04737],[135.82698,35.05385],[135.83485,35.05555],[135.83585,35.06233],[135.83189,35.07146],[135.83832,35.07908],[135.83984,35.08614],[135.83505,35.09133],[135.83789,35.09744],[135.84294,35.10252],[135.84326,35.1099],[135.84981,35.12054],[135.84961,35.12694],[135.85229,35.13427],[135.84871,35.14185],[135.85261,35.14618],[135.85615,35.15944],[135.84681,35.16239],[135.84063,35.18007],[135.84191,35.18984],[135.83524,35.20221],[135.83549,35.2067],[135.83109,35.21042],[135.83086,35.22276],[135.83735,35.22596],[135.83753,35.23755],[135.84236,35.2532],[135.84609,35.25711],[135.84467,35.26131],[135.84753,35.26667],[135.85248,35.26896],[135.85453,35.27533],[135.86076,35.28296],[135.85854,35.2871],[135.85168,35.28597],[135.84962,35.28028],[135.84178,35.27812],[135.83461,35.27408],[135.82962,35.27674],[135.82005,35.29107],[135.8214,35.29684],[135.81497,35.30126],[135.81125,35.31353],[135.79519,35.32124],[135.78769,35.30797],[135.77748,35.30512],[135.77768,35.29449],[135.78145,35.29004],[135.77476,35.28408],[135.77195,35.28797],[135.7661,35.28954],[135.74833,35.28667],[135.73606,35.28773],[135.7292,35.28359],[135.73151,35.27795],[135.72567,35.27171],[135.72735,35.26777],[135.73224,35.26613],[135.73103,35.25827],[135.73297,35.25533],[135.72866,35.25113],[135.73315,35.24571],[135.74219,35.24313],[135.755,35.2444],[135.7612,35.23317],[135.76066,35.22659],[135.7632,35.22092],[135.76256,35.21499],[135.7542,35.20741],[135.75351,35.20241],[135.75665,35.19603],[135.77523,35.17879],[135.77082,35.17279],[135.77081,35.16222],[135.7732,35.15715],[135.766,35.1509],[135.76205,35.15133],[135.75317,35.14693],[135.74466,35.1501],[135.7447,35.13789],[135.73815,35.13185],[135.74175,35.12412],[135.74033,35.12186],[135.74346,35.09629],[135.74108,35.08916],[135.74816,35.08813],[135.7598,35.08401],[135.76479,35.07764],[135.77183,35.06205],[135.76754,35.05121],[135.75836,35.05011],[135.76981,35.03263]]]}},{"type":"Feature","properties":{"code":"26104","name":"京都市中京区","pref":"京都府","pref_code":"26","cx":135.74783,"cy":35.01229,"bbox":[135.72403,34.9964,135.77163,35.02254]},"geometry":{"type":"Polygon","coordinates":[[[135.72681,35.02254],[135.72403,35.01604],[135.72409,35.00853],[135.73288,35.00827],[135.73289,34.9964],[135.7361,34.99852],[135.74828,34.9986],[135.748,35.00381],[135.77157,35.004],[135.77163,35.01669],[135.75308,35.01761],[135.7454,35.01613],[135.73314,35.02243],[135.72681,35.02254]]]}},{"type":"Feature","properties":{"code":"26105","name":"京都市東山区","pref":"京都府","pref_code":"26","cx":135.77933,"cy":34.99344,"bbox":[135.76464,34.97165,135.79087,35.01085]},"geometry":{"type":"Polygon","coordinates":[[[135.77179,35.00959],[135.77157,35.004],[135.76804,34.99623],[135.7678,34.9819],[135.76464,34.97299],[135.78109,34.9741],[135.78783,34.97165],[135.78727,34.98499],[135.79055,34.99065],[135.79087,34.9981],[135.78682,35.00527],[135.79071,35.00773],[135.78448,35.01085],[135.77179,35.00959]]]}},{"type":"Feature","properties":{"code":"26106","name":"京都市下京区","pref":"京都府","pref_code":"26","cx":135.74805,"cy":34.98978,"bbox":[135.72729,34.98147,135.77157,35.004]},"geometry":{"type":"Polygon","coordinates":[[[135.73289,34.9964],[135.72905,34.99379],[135.72729,34.98577],[135.73431,34.98147],[135.74577,34.98499],[135.76681,34.98392],[135.7678,34.9819],[135.76804,34.99623],[135.77157,35.004],[135.748,35.00381],[135.74828,34.9986],[135.7361,34.99852],[135.73289,34.9964]]]}},{"type":"Feature","properties":{"code":"26107","name":"京都市南区","pref":"京都府","pref_code":"26","cx":135.72881,"cy":34.96527,"bbox":[135.70493,34.94212,135.7678,34.98577]},"geometry":{"type":"Polygon","coordinates":[[[135.7678,34.9819],[135.76681,34.98392],[135.74577,34.98499],[135.73431,34.98147],[135.72729,34.98577],[135.71856,34.98402],[135.71536,34.98005],[135.72192,34.97327],[135.72203,34.96867],[135.70493,34.96855],[135.70512,34.96345],[135.70998,34.96252],[135.70956,34.95572],[135.71744,34.95058],[135.71833,34.94212],[135.72487,34.94303],[135.72403,34.94955],[135.73272,34.95133],[135.73674,34.94492],[135.74042,34.94623],[135.74235,34.95288],[135.75267,34.96167],[135.75249,34.96721],[135.75965,34.96708],[135.76464,34.97299],[135.7678,34.9819]]]}},{"type":"Feature","properties":{"code":"26108","name":"京都市右京区","pref":"京都府","pref_code":"26","cx":135.63087,"cy":35.12369,"bbox":[135.55901,34.98005,135.77523,35.26777]},"geometry":{"type":"Polygon","coordinates":[[[135.74466,35.1501],[135.75317,35.14693],[135.76205,35.15133],[135.766,35.1509],[135.7732,35.15715],[135.77081,35.16222],[135.77082,35.17279],[135.77523,35.17879],[135.75665,35.19603],[135.75351,35.20241],[135.7542,35.20741],[135.76256,35.21499],[135.7632,35.22092],[135.76066,35.22659],[135.7612,35.23317],[135.755,35.2444],[135.74219,35.24313],[135.73315,35.24571],[135.72866,35.25113],[135.73297,35.25533],[135.73103,35.25827],[135.73224,35.26613],[135.72735,35.26777],[135.71757,35.26533],[135.71201,35.26104],[135.70722,35.26137],[135.68942,35.25521],[135.65481,35.26317],[135.65192,35.25999],[135.64001,35.25804],[135.62887,35.24537],[135.62971,35.236],[135.62018,35.23317],[135.6192,35.2255],[135.60867,35.22833],[135.5991,35.22504],[135.5899,35.21641],[135.59668,35.21212],[135.59654,35.20255],[135.59121,35.19518],[135.58423,35.1897],[135.58295,35.18529],[135.57351,35.17131],[135.5739,35.16902],[135.56163,35.15656],[135.56238,35.14823],[135.55901,35.13693],[135.56145,35.1326],[135.56792,35.12759],[135.57529,35.13252],[135.57761,35.12769],[135.59097,35.12417],[135.59226,35.11678],[135.59731,35.11006],[135.6039,35.11226],[135.61202,35.10491],[135.61648,35.10388],[135.61456,35.09738],[135.60516,35.09266],[135.59792,35.09435],[135.59194,35.08407],[135.5901,35.0771],[135.59615,35.07123],[135.59959,35.07067],[135.60253,35.06294],[135.60842,35.06651],[135.61882,35.06818],[135.622,35.06459],[135.61744,35.05547],[135.61758,35.04204],[135.62178,35.03803],[135.6262,35.03954],[135.63504,35.03093],[135.63987,35.02344],[135.65343,35.02913],[135.65587,35.02147],[135.65926,35.0175],[135.6681,35.01619],[135.67827,35.01137],[135.68305,35.01296],[135.68892,35.0083],[135.69149,34.99815],[135.70411,34.99885],[135.70822,34.99697],[135.71078,34.98804],[135.71536,34.98005],[135.71856,34.98402],[135.72729,34.98577],[135.72905,34.99379],[135.73289,34.9964],[135.73288,35.00827],[135.72409,35.00853],[135.72403,35.01604],[135.72681,35.02254],[135.72226,35.02768],[135.72222,35.03591],[135.71084,35.04215],[135.71399,35.0474],[135.7107,35.05943],[135.70367,35.06345],[135.70042,35.06896],[135.69431,35.07153],[135.68989,35.0803],[135.6852,35.07692],[135.67659,35.07898],[135.67723,35.08332],[135.66844,35.08324],[135.66748,35.08689],[135.673,35.09429],[135.66353,35.09804],[135.66098,35.0937],[135.65567,35.0915],[135.65016,35.10161],[135.65443,35.10575],[135.64923,35.10986],[135.64974,35.11442],[135.6598,35.11611],[135.6704,35.1232],[135.67429,35.12976],[135.67549,35.13773],[135.67259,35.14169],[135.67293,35.15863],[135.67464,35.16415],[135.68966,35.16623],[135.70579,35.16592],[135.71364,35.16882],[135.72027,35.16824],[135.72407,35.17149],[135.73087,35.16987],[135.7344,35.16184],[135.74164,35.15836],[135.74466,35.1501]]]}},{"type":"Feature","properties":{"code":"26109","name":"京都市伏見区","pref":"京都府","pref_code":"26","cx":135.75253,"cy":34.92182,"bbox":[135.70317,34.87492,135.87844,34.9741]},"geometry":{"type":"Polygon","coordinates":[[[135.76464,34.97299],[135.75965,34.96708],[135.75249,34.96721],[135.75267,34.96167],[135.74235,34.95288],[135.74042,34.94623],[135.73674,34.94492],[135.73272,34.95133],[135.72403,34.94955],[135.72487,34.94303],[135.71833,34.94212],[135.71384,34.93562],[135.7146,34.92906],[135.71419,34.91601],[135.70653,34.90811],[135.70317,34.89869],[135.70549,34.89468],[135.71195,34.8932],[135.71194,34.88726],[135.71544,34.88278],[135.72374,34.8804],[135.73247,34.87492],[135.73271,34.87826],[135.72871,34.88515],[135.72258,34.88798],[135.72146,34.88929],[135.7201,34.89286],[135.71595,34.89923],[135.71957,34.8981],[135.73196,34.90441],[135.74028,34.90479],[135.74771,34.91139],[135.75307,34.90417],[135.77613,34.91614],[135.78984,34.91699],[135.79221,34.93038],[135.79769,34.93451],[135.8075,34.93759],[135.81084,34.93653],[135.81431,34.92925],[135.81814,34.92665],[135.82941,34.92739],[135.83015,34.93531],[135.84469,34.9355],[135.84991,34.93941],[135.84711,34.94845],[135.85192,34.95693],[135.85947,34.95709],[135.86263,34.95084],[135.87844,34.94743],[135.87543,34.95367],[135.86486,34.95717],[135.86341,34.96005],[135.84651,34.96566],[135.84077,34.96586],[135.83605,34.96986],[135.82903,34.96566],[135.82074,34.96434],[135.81768,34.95755],[135.80482,34.95297],[135.80178,34.95543],[135.79357,34.95035],[135.79051,34.9587],[135.79129,34.96506],[135.78783,34.97165],[135.78109,34.9741],[135.76464,34.97299]]]}},{"type":"Feature","properties":{"code":"26110","name":"京都市山科区","pref":"京都府","pref_code":"26","cx":135.82164,"cy":34.98237,"bbox":[135.78682,34.95035,135.86341,35.01521]},"geometry":{"type":"Polygon","coordinates":[[[135.79071,35.00773],[135.78682,35.00527],[135.79087,34.9981],[135.79055,34.99065],[135.78727,34.98499],[135.78783,34.97165],[135.79129,34.96506],[135.79051,34.9587],[135.79357,34.95035],[135.80178,34.95543],[135.80482,34.95297],[135.81768,34.95755],[135.82074,34.96434],[135.82903,34.96566],[135.83605,34.96986],[135.84077,34.96586],[135.84651,34.96566],[135.86341,34.96005],[135.85228,34.97135],[135.85676,34.98],[135.85503,34.98474],[135.84912,34.98481],[135.84927,34.99173],[135.8423,34.98994],[135.82748,34.99112],[135.83257,34.9991],[135.83656,35.00123],[135.83268,35.00943],[135.8241,35.00882],[135.82024,35.01296],[135.81515,35.01521],[135.80459,35.01462],[135.80073,35.0076],[135.79071,35.00773]]]}},{"type":"Feature","properties":{"code":"26111","name":"京都市西京区","pref":"京都府","pref_code":"26","cx":135.67873,"cy":34.97784,"bbox":[135.60111,34.92762,135.72203,35.02913]},"geometry":{"type":"Polygon","coordinates":[[[135.71536,34.98005],[135.71078,34.98804],[135.70822,34.99697],[135.70411,34.99885],[135.69149,34.99815],[135.68892,35.0083],[135.68305,35.01296],[135.67827,35.01137],[135.6681,35.01619],[135.65926,35.0175],[135.65587,35.02147],[135.65343,35.02913],[135.63987,35.02344],[135.63645,35.01912],[135.64675,35.00748],[135.64609,35.00142],[135.639,34.99788],[135.63819,34.98078],[135.64129,34.97564],[135.62397,34.97439],[135.61326,34.9712],[135.61567,34.9628],[135.61879,34.95882],[135.61152,34.9439],[135.6108,34.93974],[135.60345,34.93582],[135.60111,34.92972],[135.6152,34.92762],[135.62375,34.93491],[135.63297,34.93462],[135.64316,34.92971],[135.65404,34.93411],[135.65928,34.93294],[135.67461,34.94569],[135.6799,34.94449],[135.69497,34.94668],[135.68312,34.96423],[135.69287,34.96836],[135.70512,34.96345],[135.70493,34.96855],[135.72203,34.96867],[135.72192,34.97327],[135.71536,34.98005]]]}},{"type":"Feature","properties":{"code":"26201","name":"福知山市","pref":"京都府","pref_code":"26","cx":135.05548,"cy":35.31453,"bbox":[134.91721,35.16061,135.32483,35.46973]},"geometry":{"type":"Polygon","coordinates":[[[135.15943,35.45536],[135.14952,35.45897],[135.14466,35.46559],[135.12976,35.46972],[135.12482,35.46973],[135.11021,35.46365],[135.10571,35.45786],[135.10698,35.45071],[135.09436,35.44377],[135.0804,35.4435],[135.07049,35.44478],[135.06115,35.44869],[135.05922,35.45208],[135.04985,35.45072],[135.05182,35.44249],[135.04938,35.44014],[135.04703,35.4239],[135.05025,35.41366],[135.04874,35.40736],[135.0384,35.40975],[135.03003,35.4101],[135.02972,35.40558],[135.02359,35.40104],[135.01924,35.39412],[135.00538,35.39065],[135.00197,35.38705],[134.99055,35.38571],[134.98861,35.39283],[134.98076,35.39837],[134.97095,35.39895],[134.95893,35.40911],[134.95493,35.40848],[134.94615,35.41331],[134.93228,35.40595],[134.92298,35.39106],[134.92651,35.38573],[134.92683,35.37746],[134.91894,35.36444],[134.92347,35.35424],[134.91887,35.35012],[134.91721,35.34016],[134.92558,35.33668],[134.92806,35.33024],[134.9248,35.32609],[134.92593,35.32177],[134.92132,35.31741],[134.9247,35.31166],[134.93424,35.30775],[134.9409,35.30875],[134.94712,35.30393],[134.96005,35.29791],[134.98644,35.29259],[134.99286,35.28905],[134.99677,35.28967],[135.00732,35.28558],[135.01191,35.28051],[135.01048,35.26974],[135.01939,35.26789],[135.03577,35.26257],[135.04211,35.26408],[135.04949,35.26196],[135.05694,35.26448],[135.05803,35.25494],[135.06434,35.24644],[135.06787,35.23735],[135.07474,35.24325],[135.0829,35.24638],[135.08542,35.25319],[135.08961,35.25447],[135.09465,35.26002],[135.10033,35.25973],[135.10932,35.26629],[135.1193,35.26263],[135.12893,35.26072],[135.13479,35.26499],[135.14198,35.26228],[135.14701,35.264],[135.15725,35.26123],[135.16703,35.24274],[135.16182,35.23123],[135.15469,35.2267],[135.16307,35.22009],[135.17097,35.22027],[135.17513,35.2146],[135.18207,35.21598],[135.18884,35.20683],[135.19706,35.20302],[135.20013,35.19552],[135.19289,35.19407],[135.18671,35.19022],[135.19014,35.18319],[135.18725,35.17194],[135.19337,35.1721],[135.20324,35.16491],[135.20663,35.16061],[135.22216,35.16289],[135.22857,35.16578],[135.23203,35.17746],[135.23753,35.17633],[135.25006,35.17804],[135.25356,35.17644],[135.26744,35.17571],[135.2741,35.17723],[135.28472,35.17119],[135.28932,35.17242],[135.28725,35.17388],[135.28704,35.18734],[135.28416,35.19024],[135.28659,35.20041],[135.29385,35.19835],[135.29664,35.21205],[135.2931,35.21915],[135.29937,35.22044],[135.28875,35.23462],[135.29865,35.23532],[135.30314,35.24315],[135.31038,35.24829],[135.3234,35.25488],[135.32483,35.25977],[135.32157,35.26353],[135.31863,35.27385],[135.31146,35.26944],[135.29828,35.26822],[135.29193,35.26541],[135.28066,35.26757],[135.27225,35.27168],[135.2582,35.26876],[135.24667,35.26385],[135.23859,35.26488],[135.22046,35.27753],[135.2167,35.27688],[135.20257,35.28428],[135.20056,35.28855],[135.20087,35.30097],[135.19753,35.30829],[135.18527,35.31122],[135.19347,35.32132],[135.19071,35.32825],[135.18928,35.33899],[135.18412,35.33939],[135.17764,35.34441],[135.17283,35.34525],[135.17968,35.35294],[135.18622,35.35471],[135.18505,35.36198],[135.17383,35.36942],[135.17452,35.37306],[135.18866,35.37063],[135.19203,35.37338],[135.19791,35.37118],[135.20398,35.37288],[135.20311,35.38326],[135.20832,35.39297],[135.2166,35.39485],[135.21941,35.39198],[135.2281,35.39235],[135.22916,35.39628],[135.22185,35.40172],[135.22089,35.40611],[135.21462,35.41268],[135.20349,35.41443],[135.20471,35.42456],[135.19562,35.42949],[135.18437,35.43141],[135.17449,35.42819],[135.16888,35.43036],[135.17102,35.4369],[135.16677,35.44185],[135.1726,35.44881],[135.15943,35.45536]]]}},{"type":"Feature","properties":{"code":"26202","name":"舞鶴市","pref":"京都府","pref_code":"26","cx":135.24197,"cy":35.49011,"bbox":[135.15943,35.38003,135.48377,35.60021]},"geometry":{"type":"Polygon","coordinates":[[[135.22916,35.39628],[135.23411,35.39833],[135.25052,35.39552],[135.25551,35.39846],[135.26658,35.39963],[135.27082,35.39638],[135.28396,35.39898],[135.2955,35.39668],[135.29702,35.38972],[135.31038,35.38292],[135.32341,35.38763],[135.32737,35.38631],[135.33319,35.39041],[135.34033,35.3926],[135.3474,35.38658],[135.35038,35.39265],[135.3587,35.39676],[135.36816,35.39235],[135.37783,35.39396],[135.38398,35.38003],[135.3917,35.38263],[135.40075,35.39005],[135.40337,35.39482],[135.40812,35.39443],[135.40921,35.39957],[135.40648,35.40808],[135.40373,35.41082],[135.40623,35.41586],[135.40875,35.42794],[135.41991,35.42596],[135.42603,35.43261],[135.43433,35.42893],[135.44425,35.43179],[135.45365,35.43966],[135.46281,35.4451],[135.4657,35.45098],[135.47032,35.45449],[135.46945,35.45816],[135.46277,35.46225],[135.45843,35.46886],[135.46248,35.47881],[135.46959,35.48479],[135.47067,35.4893],[135.4763,35.48968],[135.47258,35.50118],[135.47622,35.50549],[135.46666,35.50949],[135.44993,35.5208],[135.44986,35.52725],[135.45414,35.53693],[135.45964,35.54343],[135.46048,35.54846],[135.46684,35.55191],[135.48377,35.55684],[135.48124,35.55902],[135.47431,35.55688],[135.46506,35.5712],[135.45746,35.57042],[135.45353,35.56739],[135.4495,35.57224],[135.44955,35.58046],[135.45611,35.58478],[135.45708,35.59194],[135.46145,35.59865],[135.45659,35.60021],[135.44974,35.59795],[135.45013,35.59485],[135.43524,35.58836],[135.43458,35.58097],[135.42704,35.57509],[135.42675,35.5665],[135.41335,35.57009],[135.40386,35.56178],[135.39013,35.55655],[135.37938,35.56204],[135.37757,35.55894],[135.36649,35.55135],[135.35736,35.54946],[135.35191,35.5443],[135.34395,35.54452],[135.34038,35.54994],[135.33651,35.53769],[135.33633,35.53212],[135.3391,35.52363],[135.34952,35.51787],[135.34396,35.51534],[135.3474,35.50988],[135.34211,35.50735],[135.35502,35.50238],[135.37251,35.50626],[135.38359,35.50397],[135.38468,35.51164],[135.38889,35.51642],[135.3941,35.5172],[135.39586,35.51262],[135.39105,35.50875],[135.39408,35.49976],[135.40045,35.49466],[135.39614,35.48965],[135.39491,35.48446],[135.38541,35.47865],[135.3735,35.4769],[135.38206,35.48586],[135.37964,35.49035],[135.37494,35.49171],[135.36398,35.48813],[135.35456,35.48847],[135.34955,35.48639],[135.34386,35.47485],[135.33646,35.47252],[135.32699,35.4639],[135.32751,35.45995],[135.32046,35.45641],[135.32173,35.45244],[135.31337,35.45243],[135.31091,35.45807],[135.31789,35.46341],[135.31951,35.47373],[135.32433,35.48187],[135.32293,35.48662],[135.33209,35.49517],[135.3347,35.50568],[135.33158,35.5099],[135.33124,35.51683],[135.32345,35.52565],[135.31058,35.51228],[135.29593,35.5157],[135.28865,35.51625],[135.28766,35.49953],[135.2839,35.48979],[135.27631,35.49131],[135.2717,35.49611],[135.26581,35.49821],[135.26042,35.50629],[135.25416,35.51049],[135.24173,35.50733],[135.23421,35.51118],[135.224,35.50375],[135.21991,35.49852],[135.21866,35.49289],[135.20946,35.49319],[135.20103,35.48987],[135.20148,35.48166],[135.19398,35.47408],[135.18596,35.46989],[135.18479,35.46243],[135.17446,35.45692],[135.15943,35.45536],[135.1726,35.44881],[135.16677,35.44185],[135.17102,35.4369],[135.16888,35.43036],[135.17449,35.42819],[135.18437,35.43141],[135.19562,35.42949],[135.20471,35.42456],[135.20349,35.41443],[135.21462,35.41268],[135.22089,35.40611],[135.22185,35.40172],[135.22916,35.39628]]]}},{"type":"Feature","properties":{"code":"26203","name":"綾部市","pref":"京都府","pref_code":"26","cx":135.34356,"cy":35.35728,"bbox":[135.17283,35.26385,135.5345,35.45449]},"geometry":{"type":"Polygon","coordinates":[[[135.31863,35.27385],[135.3324,35.27112],[135.33857,35.27987],[135.34525,35.28199],[135.35134,35.28926],[135.35882,35.29208],[135.36725,35.292],[135.3698,35.29673],[135.37928,35.30285],[135.38461,35.31494],[135.39257,35.31794],[135.401,35.32494],[135.4117,35.32709],[135.41678,35.33469],[135.42277,35.33688],[135.42854,35.3423],[135.45657,35.34586],[135.46754,35.34602],[135.47538,35.34384],[135.48626,35.34566],[135.4981,35.34215],[135.49997,35.34775],[135.50538,35.34906],[135.50005,35.35986],[135.51636,35.3647],[135.52178,35.36968],[135.52821,35.36921],[135.5344,35.37125],[135.5345,35.37744],[135.52754,35.38022],[135.52878,35.39072],[135.53164,35.3928],[135.5252,35.40308],[135.52997,35.40842],[135.52702,35.41842],[135.52081,35.42293],[135.5159,35.42195],[135.51014,35.42442],[135.50569,35.4209],[135.49536,35.42641],[135.50049,35.43255],[135.49779,35.43755],[135.49098,35.43855],[135.48612,35.44857],[135.48086,35.44808],[135.47032,35.45449],[135.4657,35.45098],[135.46281,35.4451],[135.45365,35.43966],[135.44425,35.43179],[135.43433,35.42893],[135.42603,35.43261],[135.41991,35.42596],[135.40875,35.42794],[135.40623,35.41586],[135.40373,35.41082],[135.40648,35.40808],[135.40921,35.39957],[135.40812,35.39443],[135.40337,35.39482],[135.40075,35.39005],[135.3917,35.38263],[135.38398,35.38003],[135.37783,35.39396],[135.36816,35.39235],[135.3587,35.39676],[135.35038,35.39265],[135.3474,35.38658],[135.34033,35.3926],[135.33319,35.39041],[135.32737,35.38631],[135.32341,35.38763],[135.31038,35.38292],[135.29702,35.38972],[135.2955,35.39668],[135.28396,35.39898],[135.27082,35.39638],[135.26658,35.39963],[135.25551,35.39846],[135.25052,35.39552],[135.23411,35.39833],[135.22916,35.39628],[135.2281,35.39235],[135.21941,35.39198],[135.2166,35.39485],[135.20832,35.39297],[135.20311,35.38326],[135.20398,35.37288],[135.19791,35.37118],[135.19203,35.37338],[135.18866,35.37063],[135.17452,35.37306],[135.17383,35.36942],[135.18505,35.36198],[135.18622,35.35471],[135.17968,35.35294],[135.17283,35.34525],[135.17764,35.34441],[135.18412,35.33939],[135.18928,35.33899],[135.19071,35.32825],[135.19347,35.32132],[135.18527,35.31122],[135.19753,35.30829],[135.20087,35.30097],[135.20056,35.28855],[135.20257,35.28428],[135.2167,35.27688],[135.22046,35.27753],[135.23859,35.26488],[135.24667,35.26385],[135.2582,35.26876],[135.27225,35.27168],[135.28066,35.26757],[135.29193,35.26541],[135.29828,35.26822],[135.31146,35.26944],[135.31863,35.27385]]]}},{"type":"Feature","properties":{"code":"26204","name":"宇治市","pref":"京都府","pref_code":"26","cx":135.81424,"cy":34.90589,"bbox":[135.75965,34.85793,135.87992,34.95709]},"geometry":{"type":"Polygon","coordinates":[[[135.76092,34.90808],[135.76507,34.90243],[135.76633,34.8964],[135.76002,34.89344],[135.75979,34.88618],[135.76582,34.88623],[135.7671,34.87442],[135.75965,34.87445],[135.75988,34.86852],[135.77605,34.86841],[135.7807,34.86972],[135.78885,34.86602],[135.80153,34.86717],[135.81207,34.86097],[135.82486,34.85793],[135.82964,34.85989],[135.82944,34.86487],[135.84302,34.87063],[135.84462,34.87674],[135.84865,34.88167],[135.85801,34.88357],[135.86268,34.89149],[135.86664,34.89214],[135.86729,34.89687],[135.86313,34.9037],[135.87118,34.90995],[135.86905,34.92017],[135.87071,34.926],[135.87992,34.93452],[135.87603,34.94323],[135.87844,34.94743],[135.86263,34.95084],[135.85947,34.95709],[135.85192,34.95693],[135.84711,34.94845],[135.84991,34.93941],[135.84469,34.9355],[135.83015,34.93531],[135.82941,34.92739],[135.81814,34.92665],[135.81431,34.92925],[135.81084,34.93653],[135.8075,34.93759],[135.79769,34.93451],[135.79221,34.93038],[135.78984,34.91699],[135.77613,34.91614],[135.76092,34.90808]]]}},{"type":"Feature","properties":{"code":"26205","name":"宮津市","pref":"京都府","pref_code":"26","cx":135.18555,"cy":35.57509,"bbox":[135.12345,35.45536,135.28865,35.69476]},"geometry":{"type":"Polygon","coordinates":[[[135.15943,35.45536],[135.17446,35.45692],[135.18479,35.46243],[135.18596,35.46989],[135.19398,35.47408],[135.20148,35.48166],[135.20103,35.48987],[135.20946,35.49319],[135.21866,35.49289],[135.21991,35.49852],[135.224,35.50375],[135.23421,35.51118],[135.24173,35.50733],[135.25416,35.51049],[135.26042,35.50629],[135.26581,35.49821],[135.2717,35.49611],[135.27631,35.49131],[135.2839,35.48979],[135.28766,35.49953],[135.28865,35.51625],[135.28312,35.52037],[135.27175,35.52503],[135.27321,35.52866],[135.2693,35.53334],[135.24557,35.53533],[135.2404,35.53972],[135.23653,35.55001],[135.24247,35.56021],[135.2611,35.5537],[135.26513,35.55679],[135.27483,35.56016],[135.26245,35.56805],[135.25409,35.56797],[135.25098,35.57043],[135.24983,35.57812],[135.24702,35.58169],[135.24766,35.58753],[135.25486,35.58812],[135.25615,35.5985],[135.23776,35.58157],[135.22781,35.58527],[135.23003,35.57643],[135.2269,35.56971],[135.20763,35.56277],[135.20399,35.55527],[135.20863,35.55358],[135.21087,35.54793],[135.20882,35.54271],[135.20182,35.53758],[135.19252,35.54018],[135.18752,35.54736],[135.18672,35.55717],[135.18975,35.5667],[135.1998,35.57846],[135.20579,35.58344],[135.20899,35.59123],[135.21438,35.59825],[135.22538,35.60334],[135.228,35.60791],[135.23371,35.61175],[135.2355,35.61646],[135.24476,35.62069],[135.24582,35.63051],[135.25038,35.64019],[135.25288,35.64898],[135.26336,35.66058],[135.26757,35.66681],[135.2744,35.66726],[135.26827,35.67409],[135.26892,35.67934],[135.27632,35.68268],[135.27729,35.6897],[135.26719,35.69476],[135.26352,35.69216],[135.25232,35.68867],[135.24497,35.68855],[135.23875,35.6849],[135.22672,35.68915],[135.22096,35.68689],[135.21349,35.6891],[135.2072,35.68572],[135.20395,35.67908],[135.19821,35.6742],[135.20521,35.66423],[135.19681,35.66458],[135.19271,35.66951],[135.18661,35.66743],[135.18002,35.67041],[135.17917,35.65966],[135.17475,35.65533],[135.16352,35.65413],[135.15837,35.6434],[135.15882,35.63379],[135.16364,35.62813],[135.17338,35.62196],[135.17837,35.61449],[135.18316,35.61411],[135.18117,35.60643],[135.18034,35.5977],[135.17695,35.59299],[135.17102,35.57779],[135.17574,35.57375],[135.17668,35.56771],[135.17151,35.5675],[135.16252,35.5633],[135.15819,35.55458],[135.14806,35.55907],[135.13894,35.55212],[135.13955,35.54445],[135.14448,35.54382],[135.14881,35.5357],[135.15546,35.53038],[135.16598,35.53148],[135.16511,35.5263],[135.16748,35.51876],[135.16246,35.51182],[135.15139,35.50951],[135.1511,35.50104],[135.14495,35.49688],[135.1381,35.48971],[135.13748,35.48152],[135.12345,35.47522],[135.12482,35.46973],[135.12976,35.46972],[135.14466,35.46559],[135.14952,35.45897],[135.15943,35.45536]]]}},{"type":"Feature","properties":{"code":"26206","name":"亀岡市","pref":"京都府","pref_code":"26","cx":135.54209,"cy":35.00794,"bbox":[135.37769,34.91531,135.64675,35.10108]},"geometry":{"type":"Polygon","coordinates":[[[135.59792,35.09435],[135.59059,35.09585],[135.58661,35.09914],[135.57941,35.09785],[135.56971,35.10108],[135.56247,35.09596],[135.56102,35.09031],[135.55172,35.0848],[135.55327,35.07469],[135.55701,35.07026],[135.55639,35.06435],[135.54806,35.0616],[135.54072,35.06669],[135.53882,35.06144],[135.52637,35.0573],[135.5237,35.06135],[135.51463,35.06106],[135.50547,35.06333],[135.50555,35.06912],[135.49731,35.0679],[135.48405,35.06899],[135.47675,35.07232],[135.47212,35.06655],[135.47421,35.06059],[135.46304,35.04862],[135.45494,35.04182],[135.44288,35.03676],[135.43443,35.02464],[135.42583,35.02845],[135.39798,35.02472],[135.39319,35.02947],[135.3862,35.02803],[135.38207,35.0309],[135.38169,35.02619],[135.37769,35.02064],[135.38155,35.01038],[135.39747,35.01064],[135.40325,35.00669],[135.40977,35.01153],[135.4181,35.00322],[135.42282,35.00211],[135.43619,35.00841],[135.44679,35.00545],[135.45197,35.00175],[135.45987,35.00159],[135.47122,34.9948],[135.48189,34.99515],[135.49306,34.98767],[135.48316,34.98187],[135.48846,34.96657],[135.48194,34.96523],[135.48478,34.95456],[135.48086,34.95029],[135.48834,34.94639],[135.49042,34.94179],[135.49967,34.94135],[135.50403,34.94629],[135.5147,34.94373],[135.51502,34.93692],[135.52256,34.93028],[135.53699,34.92553],[135.53601,34.92092],[135.54106,34.91531],[135.54431,34.91745],[135.55333,34.91555],[135.56274,34.91779],[135.56741,34.91629],[135.58126,34.92245],[135.58105,34.93704],[135.57192,34.93908],[135.56468,34.93302],[135.56184,34.93776],[135.56124,34.94666],[135.56313,34.95366],[135.57858,34.95589],[135.57836,34.96046],[135.57123,34.96392],[135.57093,34.96979],[135.57704,34.97392],[135.58467,34.97514],[135.58924,34.96722],[135.60332,34.97115],[135.60764,34.96933],[135.62397,34.97439],[135.64129,34.97564],[135.63819,34.98078],[135.639,34.99788],[135.64609,35.00142],[135.64675,35.00748],[135.63645,35.01912],[135.63987,35.02344],[135.63504,35.03093],[135.6262,35.03954],[135.62178,35.03803],[135.61758,35.04204],[135.61744,35.05547],[135.622,35.06459],[135.61882,35.06818],[135.60842,35.06651],[135.60253,35.06294],[135.59959,35.07067],[135.59615,35.07123],[135.5901,35.0771],[135.59194,35.08407],[135.59792,35.09435]]]}},{"type":"Feature","properties":{"code":"26207","name":"城陽市","pref":"京都府","pref_code":"26","cx":135.799,"cy":34.84346,"bbox":[135.74946,34.8216,135.8482,34.86972]},"geometry":{"type":"Polygon","coordinates":[[[135.75988,34.86852],[135.74946,34.86825],[135.75236,34.86549],[135.75168,34.85372],[135.75288,34.84903],[135.76178,34.83568],[135.76527,34.83364],[135.77738,34.83285],[135.78574,34.8284],[135.79071,34.8216],[135.80765,34.82214],[135.81447,34.82548],[135.82404,34.82484],[135.83238,34.82628],[135.84771,34.8248],[135.84596,34.83351],[135.8482,34.83616],[135.84175,34.84047],[135.84108,34.84646],[135.83535,34.84787],[135.83319,34.85835],[135.82964,34.85989],[135.82486,34.85793],[135.81207,34.86097],[135.80153,34.86717],[135.78885,34.86602],[135.7807,34.86972],[135.77605,34.86841],[135.75988,34.86852]]]}},{"type":"Feature","properties":{"code":"26208","name":"向日市","pref":"京都府","pref_code":"26","cx":135.70671,"cy":34.94635,"bbox":[135.68312,34.92906,135.71833,34.96836]},"geometry":{"type":"Polygon","coordinates":[[[135.70512,34.96345],[135.69287,34.96836],[135.68312,34.96423],[135.69897,34.94139],[135.70027,34.92918],[135.7146,34.92906],[135.71384,34.93562],[135.71833,34.94212],[135.71744,34.95058],[135.70956,34.95572],[135.70998,34.96252],[135.70512,34.96345]]]}},{"type":"Feature","properties":{"code":"26209","name":"長岡京市","pref":"京都府","pref_code":"26","cx":135.6817,"cy":34.92138,"bbox":[135.64316,34.9037,135.7146,34.94668]},"geometry":{"type":"Polygon","coordinates":[[[135.7146,34.92906],[135.70027,34.92918],[135.69897,34.94139],[135.69497,34.94668],[135.6799,34.94449],[135.67461,34.94569],[135.65928,34.93294],[135.65404,34.93411],[135.64316,34.92971],[135.64854,34.92599],[135.64954,34.91676],[135.6485,34.90955],[135.65409,34.90934],[135.66203,34.9037],[135.66807,34.90519],[135.66988,34.90901],[135.67851,34.91282],[135.68761,34.91274],[135.69467,34.90757],[135.69677,34.91056],[135.70653,34.90811],[135.71419,34.91601],[135.7146,34.92906]]]}},{"type":"Feature","properties":{"code":"26210","name":"八幡市","pref":"京都府","pref_code":"26","cx":135.72171,"cy":34.8597,"bbox":[135.67992,34.83182,135.75288,34.89869]},"geometry":{"type":"Polygon","coordinates":[[[135.70317,34.89869],[135.69351,34.89209],[135.68643,34.89102],[135.68269,34.88784],[135.67992,34.88134],[135.68352,34.87763],[135.68255,34.87215],[135.69106,34.86848],[135.69164,34.85329],[135.69565,34.84817],[135.70226,34.85173],[135.71017,34.84663],[135.71217,34.84005],[135.7187,34.83182],[135.72248,34.83624],[135.72042,34.83965],[135.72768,34.84548],[135.72882,34.85042],[135.73498,34.85392],[135.73839,34.85045],[135.74551,34.85103],[135.75288,34.84903],[135.75168,34.85372],[135.75236,34.86549],[135.74946,34.86825],[135.7479,34.87128],[135.73702,34.87276],[135.73247,34.87492],[135.72374,34.8804],[135.71544,34.88278],[135.71194,34.88726],[135.71195,34.8932],[135.70549,34.89468],[135.70317,34.89869]]]}},{"type":"Feature","properties":{"code":"26211","name":"京田辺市","pref":"京都府","pref_code":"26","cx":135.77298,"cy":34.80347,"bbox":[135.7187,34.75181,135.80195,34.85392]},"geometry":{"type":"Polygon","coordinates":[[[135.75288,34.84903],[135.74551,34.85103],[135.73839,34.85045],[135.73498,34.85392],[135.72882,34.85042],[135.72768,34.84548],[135.72042,34.83965],[135.72248,34.83624],[135.7187,34.83182],[135.72327,34.82623],[135.73108,34.82266],[135.74659,34.80124],[135.74067,34.78837],[135.73229,34.78275],[135.72863,34.778],[135.73335,34.75478],[135.73671,34.75181],[135.74159,34.75662],[135.74934,34.75724],[135.75578,34.76396],[135.754,34.76938],[135.75997,34.77949],[135.77156,34.78123],[135.78189,34.78003],[135.78656,34.78446],[135.78636,34.78892],[135.80044,34.79007],[135.79789,34.79626],[135.80195,34.80569],[135.80188,34.8107],[135.79071,34.8216],[135.78574,34.8284],[135.77738,34.83285],[135.76527,34.83364],[135.76178,34.83568],[135.75288,34.84903]]]}},{"type":"Feature","properties":{"code":"26212","name":"京丹後市","pref":"京都府","pref_code":"26","cx":135.01222,"cy":35.64434,"bbox":[134.85404,35.51168,135.23311,35.77884]},"geometry":{"type":"Polygon","coordinates":[[[135.21349,35.6891],[135.2138,35.69317],[135.20701,35.69391],[135.19886,35.69735],[135.19506,35.6964],[135.18887,35.70949],[135.19347,35.71206],[135.19285,35.71765],[135.19943,35.72537],[135.19728,35.73174],[135.20674,35.73582],[135.20776,35.74084],[135.21985,35.74598],[135.22413,35.75493],[135.23158,35.76516],[135.23311,35.76936],[135.22112,35.77884],[135.22015,35.77043],[135.20699,35.76391],[135.19613,35.76752],[135.18601,35.76448],[135.18349,35.76058],[135.17458,35.76132],[135.1718,35.75735],[135.16683,35.75753],[135.16187,35.75377],[135.15578,35.75422],[135.14675,35.74989],[135.13518,35.75254],[135.12435,35.74569],[135.10831,35.74389],[135.10078,35.74131],[135.09465,35.74297],[135.08504,35.73937],[135.0878,35.73182],[135.08526,35.72578],[135.07406,35.71808],[135.06794,35.71803],[135.0663,35.71366],[135.05925,35.70739],[135.04627,35.70243],[135.0421,35.69961],[135.03682,35.70227],[135.02978,35.69735],[135.02985,35.69176],[135.02557,35.68951],[135.01992,35.69228],[135.015,35.6902],[135.00296,35.69379],[134.99931,35.69095],[134.98645,35.69211],[134.98174,35.68466],[134.97474,35.68346],[134.97278,35.67636],[134.96665,35.67569],[134.96411,35.67074],[134.96667,35.66644],[134.96307,35.66223],[134.94318,35.65259],[134.92335,35.64637],[134.90916,35.64528],[134.89992,35.64854],[134.89231,35.6488],[134.8837,35.64664],[134.88568,35.65667],[134.87875,35.66086],[134.87055,35.65972],[134.86417,35.65181],[134.8672,35.63629],[134.87031,35.63159],[134.8739,35.62116],[134.87068,35.61483],[134.86648,35.61352],[134.86741,35.60843],[134.86552,35.59937],[134.85404,35.58928],[134.86273,35.58692],[134.86606,35.58106],[134.87576,35.57395],[134.88121,35.56738],[134.88105,35.56403],[134.88829,35.56016],[134.90088,35.55606],[134.90313,35.5494],[134.91481,35.54494],[134.91929,35.53812],[134.91513,35.52771],[134.92315,35.52169],[134.92336,35.51631],[134.93006,35.51168],[134.94211,35.5142],[134.96344,35.51452],[134.96527,35.51982],[134.97406,35.52505],[134.97926,35.52397],[134.98204,35.52845],[134.98825,35.52954],[134.99342,35.53431],[135.00801,35.53363],[135.01751,35.53796],[135.02719,35.54003],[135.03552,35.5398],[135.0371,35.53726],[135.04658,35.53316],[135.05384,35.53164],[135.06054,35.53284],[135.06851,35.53746],[135.07407,35.53691],[135.09365,35.54867],[135.11477,35.54939],[135.11841,35.54697],[135.12833,35.55737],[135.13148,35.5584],[135.13741,35.57285],[135.14096,35.57395],[135.14604,35.58435],[135.15559,35.58636],[135.16385,35.59223],[135.1619,35.59486],[135.16929,35.60583],[135.18117,35.60643],[135.18316,35.61411],[135.17837,35.61449],[135.17338,35.62196],[135.16364,35.62813],[135.15882,35.63379],[135.15837,35.6434],[135.16352,35.65413],[135.17475,35.65533],[135.17917,35.65966],[135.18002,35.67041],[135.18661,35.66743],[135.19271,35.66951],[135.19681,35.66458],[135.20521,35.66423],[135.19821,35.6742],[135.20395,35.67908],[135.2072,35.68572],[135.21349,35.6891]]]}},{"type":"Feature","properties":{"code":"26213","name":"南丹市","pref":"京都府","pref_code":"26","cx":135.52251,"cy":35.2016,"bbox":[135.36873,35.02464,135.79519,35.37744]},"geometry":{"type":"Polygon","coordinates":[[[135.79519,35.32124],[135.79087,35.3238],[135.78573,35.33072],[135.78082,35.34056],[135.76407,35.34456],[135.76879,35.35601],[135.75518,35.35445],[135.74414,35.35894],[135.73637,35.35115],[135.72502,35.35174],[135.71894,35.3553],[135.71279,35.35308],[135.71072,35.348],[135.70099,35.34369],[135.67711,35.34984],[135.6682,35.35707],[135.66134,35.35634],[135.65244,35.35994],[135.64236,35.36672],[135.63664,35.36371],[135.62347,35.3699],[135.60706,35.3715],[135.59387,35.37048],[135.5881,35.36826],[135.57961,35.37487],[135.57173,35.37426],[135.56584,35.37733],[135.55878,35.37648],[135.53698,35.37667],[135.5345,35.37744],[135.5344,35.37125],[135.52821,35.36921],[135.52178,35.36968],[135.51636,35.3647],[135.50005,35.35986],[135.50538,35.34906],[135.49997,35.34775],[135.4981,35.34215],[135.4973,35.33288],[135.50172,35.32378],[135.48024,35.31297],[135.47423,35.30324],[135.47837,35.29728],[135.4727,35.29043],[135.46099,35.28434],[135.45653,35.26709],[135.45615,35.26102],[135.4619,35.25612],[135.46486,35.24926],[135.45358,35.24536],[135.45176,35.23029],[135.45627,35.22433],[135.45714,35.21625],[135.45396,35.21238],[135.45177,35.20471],[135.44838,35.20066],[135.44607,35.19294],[135.45209,35.19143],[135.4551,35.18672],[135.46222,35.18484],[135.46082,35.17638],[135.46507,35.16816],[135.45989,35.166],[135.45773,35.15636],[135.45095,35.15364],[135.45467,35.14582],[135.44778,35.13846],[135.44834,35.13339],[135.44298,35.13264],[135.44633,35.12682],[135.4414,35.12474],[135.43728,35.11973],[135.42608,35.11885],[135.42772,35.1144],[135.42058,35.10456],[135.41174,35.10734],[135.39976,35.10468],[135.39161,35.09803],[135.40068,35.09382],[135.40428,35.08899],[135.40011,35.08596],[135.39954,35.0761],[135.38707,35.07254],[135.37661,35.06602],[135.37715,35.06087],[135.36873,35.05489],[135.37125,35.04529],[135.37598,35.04414],[135.38004,35.03911],[135.38207,35.0309],[135.3862,35.02803],[135.39319,35.02947],[135.39798,35.02472],[135.42583,35.02845],[135.43443,35.02464],[135.44288,35.03676],[135.45494,35.04182],[135.46304,35.04862],[135.47421,35.06059],[135.47212,35.06655],[135.47675,35.07232],[135.48405,35.06899],[135.49731,35.0679],[135.50555,35.06912],[135.50547,35.06333],[135.51463,35.06106],[135.5237,35.06135],[135.52637,35.0573],[135.53882,35.06144],[135.54072,35.06669],[135.54806,35.0616],[135.55639,35.06435],[135.55701,35.07026],[135.55327,35.07469],[135.55172,35.0848],[135.56102,35.09031],[135.56247,35.09596],[135.56971,35.10108],[135.57941,35.09785],[135.58661,35.09914],[135.59059,35.09585],[135.60516,35.09266],[135.61456,35.09738],[135.61648,35.10388],[135.61202,35.10491],[135.6039,35.11226],[135.59731,35.11006],[135.59226,35.11678],[135.59097,35.12417],[135.57761,35.12769],[135.57529,35.13252],[135.56792,35.12759],[135.56145,35.1326],[135.55901,35.13693],[135.56238,35.14823],[135.56163,35.15656],[135.5739,35.16902],[135.57351,35.17131],[135.58295,35.18529],[135.58423,35.1897],[135.59121,35.19518],[135.59654,35.20255],[135.59668,35.21212],[135.5899,35.21641],[135.5991,35.22504],[135.60867,35.22833],[135.6192,35.2255],[135.62018,35.23317],[135.62971,35.236],[135.62887,35.24537],[135.64001,35.25804],[135.65192,35.25999],[135.65481,35.26317],[135.68942,35.25521],[135.70722,35.26137],[135.71201,35.26104],[135.71757,35.26533],[135.72735,35.26777],[135.72567,35.27171],[135.73151,35.27795],[135.7292,35.28359],[135.73606,35.28773],[135.74833,35.28667],[135.7661,35.28954],[135.77195,35.28797],[135.77476,35.28408],[135.78145,35.29004],[135.77768,35.29449],[135.77748,35.30512],[135.78769,35.30797],[135.79519,35.32124]]]}},{"type":"Feature","properties":{"code":"26214","name":"木津川市","pref":"京都府","pref_code":"26","cx":135.86145,"cy":34.75439,"bbox":[135.77515,34.70597,135.92207,34.80265]},"geometry":{"type":"Polygon","coordinates":[[[135.86769,34.80265],[135.84885,34.79999],[135.83675,34.80063],[135.82807,34.7986],[135.82527,34.79484],[135.81302,34.79159],[135.80044,34.79007],[135.8033,34.78588],[135.80366,34.7709],[135.80781,34.76081],[135.80519,34.7511],[135.7955,34.75089],[135.7861,34.74878],[135.77614,34.74367],[135.77515,34.73854],[135.78846,34.73878],[135.78995,34.73262],[135.77838,34.72848],[135.77813,34.72317],[135.79196,34.72473],[135.80368,34.72186],[135.80584,34.718],[135.81237,34.71727],[135.81979,34.71169],[135.82664,34.71366],[135.839,34.7118],[135.84902,34.70597],[135.86331,34.70624],[135.86794,34.71047],[135.87614,34.71388],[135.88516,34.71362],[135.89017,34.70944],[135.89739,34.73087],[135.90302,34.73292],[135.91175,34.74385],[135.91616,34.75369],[135.92207,34.75476],[135.91696,34.75403],[135.91311,34.76479],[135.90018,34.76623],[135.89888,34.76946],[135.90331,34.77334],[135.89924,34.77929],[135.89124,34.76892],[135.88106,34.77395],[135.87584,34.78332],[135.86883,34.78788],[135.87226,34.79417],[135.86593,34.79505],[135.86769,34.80265]]]}},{"type":"Feature","properties":{"code":"26303","name":"乙訓郡大山崎町","pref":"京都府","pref_code":"26","cx":135.68798,"cy":34.90268,"bbox":[135.66807,34.88784,135.70653,34.91282]},"geometry":{"type":"Polygon","coordinates":[[[135.70653,34.90811],[135.69677,34.91056],[135.69467,34.90757],[135.68761,34.91274],[135.67851,34.91282],[135.66988,34.90901],[135.66807,34.90519],[135.67464,34.90018],[135.67921,34.89032],[135.68269,34.88784],[135.68643,34.89102],[135.69351,34.89209],[135.70317,34.89869],[135.70653,34.90811]]]}},{"type":"Feature","properties":{"code":"26322","name":"久世郡久御山町","pref":"京都府","pref_code":"26","cx":135.74036,"cy":34.89108,"bbox":[135.71595,34.85835,135.83319,34.91139]},"geometry":{"type":"MultiPolygon","coordinates":[[[[135.82964,34.85989],[135.83319,34.85835],[135.82944,34.86487],[135.82964,34.85989]]],[[[135.73247,34.87492],[135.73702,34.87276],[135.7479,34.87128],[135.74946,34.86825],[135.75988,34.86852],[135.75965,34.87445],[135.7671,34.87442],[135.76582,34.88623],[135.75979,34.88618],[135.76002,34.89344],[135.76633,34.8964],[135.76507,34.90243],[135.76092,34.90808],[135.75307,34.90417],[135.74771,34.91139],[135.74028,34.90479],[135.73196,34.90441],[135.71957,34.8981],[135.71595,34.89923],[135.7201,34.89286],[135.72146,34.88929],[135.72258,34.88798],[135.72871,34.88515],[135.73271,34.87826],[135.73247,34.87492]]]]}},{"type":"Feature","properties":{"code":"26343","name":"綴喜郡井手町","pref":"京都府","pref_code":"26","cx":135.83371,"cy":34.80927,"bbox":[135.79071,34.79007,135.86769,34.82628]},"geometry":{"type":"Polygon","coordinates":[[[135.79071,34.8216],[135.80188,34.8107],[135.80195,34.80569],[135.79789,34.79626],[135.80044,34.79007],[135.81302,34.79159],[135.82527,34.79484],[135.82807,34.7986],[135.83675,34.80063],[135.84885,34.79999],[135.86769,34.80265],[135.86697,34.80783],[135.86107,34.81365],[135.85979,34.82139],[135.85249,34.82587],[135.84771,34.8248],[135.83238,34.82628],[135.82404,34.82484],[135.81447,34.82548],[135.80765,34.82214],[135.79071,34.8216]]]}},{"type":"Feature","properties":{"code":"26344","name":"綴喜郡宇治田原町","pref":"京都府","pref_code":"26","cx":135.89049,"cy":34.85265,"bbox":[135.82944,34.81365,135.94704,34.89214]},"geometry":{"type":"Polygon","coordinates":[[[135.82944,34.86487],[135.83319,34.85835],[135.83535,34.84787],[135.84108,34.84646],[135.84175,34.84047],[135.8482,34.83616],[135.84596,34.83351],[135.84771,34.8248],[135.85249,34.82587],[135.85979,34.82139],[135.86107,34.81365],[135.86938,34.81617],[135.87858,34.81641],[135.88683,34.81957],[135.88989,34.82567],[135.89766,34.82254],[135.90761,34.82791],[135.90431,34.83049],[135.9116,34.8345],[135.92385,34.83299],[135.93515,34.84635],[135.94619,34.85178],[135.94704,34.85352],[135.94099,34.86374],[135.94363,34.87279],[135.94118,34.88473],[135.93603,34.89164],[135.92395,34.88491],[135.91266,34.88352],[135.90946,34.8769],[135.89967,34.8714],[135.88872,34.8755],[135.88872,34.88129],[135.88141,34.88375],[135.86664,34.89214],[135.86268,34.89149],[135.85801,34.88357],[135.84865,34.88167],[135.84462,34.87674],[135.84302,34.87063],[135.82944,34.86487]]]}},{"type":"Feature","properties":{"code":"26364","name":"相楽郡笠置町","pref":"京都府","pref_code":"26","cx":135.94821,"cy":34.76764,"bbox":[135.91311,34.73765,135.97837,34.79802]},"geometry":{"type":"Polygon","coordinates":[[[135.92207,34.75476],[135.92892,34.75273],[135.92318,34.74459],[135.92392,34.74145],[135.93247,34.73765],[135.94111,34.73905],[135.95492,34.74829],[135.95826,34.74088],[135.96599,34.74319],[135.96975,34.74052],[135.97202,34.74859],[135.96963,34.7514],[135.97187,34.76113],[135.97709,34.76237],[135.97671,34.77396],[135.97837,34.78161],[135.97025,34.78149],[135.96693,34.79546],[135.96004,34.79441],[135.95156,34.79802],[135.95075,34.79236],[135.94004,34.77239],[135.92806,34.77456],[135.91881,34.77001],[135.92021,34.76527],[135.91311,34.76479],[135.91696,34.75403],[135.92207,34.75476]]]}},{"type":"Feature","properties":{"code":"26365","name":"相楽郡和束町","pref":"京都府","pref_code":"26","cx":135.91145,"cy":34.80991,"bbox":[135.86107,34.76479,136.02846,34.85478]},"geometry":{"type":"Polygon","coordinates":[[[135.91311,34.76479],[135.92021,34.76527],[135.91881,34.77001],[135.92806,34.77456],[135.94004,34.77239],[135.95075,34.79236],[135.95156,34.79802],[135.95407,34.80172],[135.95353,34.80756],[135.95993,34.81091],[135.96814,34.80892],[135.97252,34.81408],[135.99467,34.8259],[136.01199,34.82203],[136.01917,34.82227],[136.02846,34.81912],[136.02771,34.8218],[136.01549,34.8266],[136.00538,34.82656],[136.00233,34.83276],[136.00527,34.84311],[136.00075,34.84509],[135.9948,34.84226],[135.97778,34.83846],[135.97147,34.83849],[135.97205,34.84605],[135.96273,34.85043],[135.95713,34.85478],[135.94619,34.85178],[135.93515,34.84635],[135.92385,34.83299],[135.9116,34.8345],[135.90431,34.83049],[135.90761,34.82791],[135.89766,34.82254],[135.88989,34.82567],[135.88683,34.81957],[135.87858,34.81641],[135.86938,34.81617],[135.86107,34.81365],[135.86697,34.80783],[135.86769,34.80265],[135.86593,34.79505],[135.87226,34.79417],[135.86883,34.78788],[135.87584,34.78332],[135.88106,34.77395],[135.89124,34.76892],[135.89924,34.77929],[135.90331,34.77334],[135.89888,34.76946],[135.90018,34.76623],[135.91311,34.76479]]]}},{"type":"Feature","properties":{"code":"26366","name":"相楽郡精華町","pref":"京都府","pref_code":"26","cx":135.77611,"cy":34.75693,"bbox":[135.73671,34.72317,135.80781,34.79007]},"geometry":{"type":"Polygon","coordinates":[[[135.73671,34.75181],[135.73923,34.74827],[135.74636,34.74683],[135.74758,34.74324],[135.75706,34.73592],[135.7548,34.72826],[135.76134,34.72598],[135.77813,34.72317],[135.77838,34.72848],[135.78995,34.73262],[135.78846,34.73878],[135.77515,34.73854],[135.77614,34.74367],[135.7861,34.74878],[135.7955,34.75089],[135.80519,34.7511],[135.80781,34.76081],[135.80366,34.7709],[135.8033,34.78588],[135.80044,34.79007],[135.78636,34.78892],[135.78656,34.78446],[135.78189,34.78003],[135.77156,34.78123],[135.75997,34.77949],[135.754,34.76938],[135.75578,34.76396],[135.74934,34.75724],[135.74159,34.75662],[135.73671,34.75181]]]}},{"type":"Feature","properties":{"code":"26367","name":"相楽郡南山城村","pref":"京都府","pref_code":"26","cx":136.00411,"cy":34.76832,"bbox":[135.95156,34.7061,136.04984,34.8259]},"geometry":{"type":"Polygon","coordinates":[[[135.96975,34.74052],[135.97278,34.74208],[135.98095,34.73714],[135.98609,34.72632],[135.98616,34.71531],[135.99975,34.71298],[136.00524,34.71733],[136.01268,34.71403],[136.01387,34.7078],[136.01941,34.70857],[136.02681,34.7061],[136.02932,34.71374],[136.03945,34.72012],[136.04187,34.73428],[136.04984,34.74051],[136.04761,34.7442],[136.03927,34.74939],[136.03813,34.75622],[136.0302,34.75591],[136.02934,34.76482],[136.03331,34.77182],[136.03358,34.77944],[136.02261,34.78231],[136.01996,34.78637],[136.02225,34.79149],[136.01133,34.79581],[136.01027,34.79955],[136.01505,34.80915],[136.01866,34.81267],[136.02737,34.81491],[136.02846,34.81912],[136.01917,34.82227],[136.01199,34.82203],[135.99467,34.8259],[135.97252,34.81408],[135.96814,34.80892],[135.95993,34.81091],[135.95353,34.80756],[135.95407,34.80172],[135.95156,34.79802],[135.96004,34.79441],[135.96693,34.79546],[135.97025,34.78149],[135.97837,34.78161],[135.97671,34.77396],[135.97709,34.76237],[135.97187,34.76113],[135.96963,34.7514],[135.97202,34.74859],[135.96975,34.74052]]]}},{"type":"Feature","properties":{"code":"26407","name":"船井郡京丹波町","pref":"京都府","pref_code":"26","cx":135.3772,"cy":35.22238,"bbox":[135.27854,35.09803,135.50172,35.34602]},"geometry":{"type":"Polygon","coordinates":[[[135.28932,35.17242],[135.29221,35.16131],[135.28561,35.15266],[135.27854,35.15108],[135.27993,35.14697],[135.28762,35.14273],[135.29375,35.14157],[135.30348,35.14276],[135.31533,35.14626],[135.32403,35.1466],[135.32684,35.14922],[135.34096,35.14966],[135.33744,35.14409],[135.33976,35.1378],[135.34322,35.13564],[135.35471,35.13666],[135.35988,35.13216],[135.37274,35.12896],[135.38222,35.1298],[135.3912,35.12648],[135.38607,35.12074],[135.38722,35.11649],[135.39331,35.11051],[135.38917,35.10833],[135.38768,35.09915],[135.39161,35.09803],[135.39976,35.10468],[135.41174,35.10734],[135.42058,35.10456],[135.42772,35.1144],[135.42608,35.11885],[135.43728,35.11973],[135.4414,35.12474],[135.44633,35.12682],[135.44298,35.13264],[135.44834,35.13339],[135.44778,35.13846],[135.45467,35.14582],[135.45095,35.15364],[135.45773,35.15636],[135.45989,35.166],[135.46507,35.16816],[135.46082,35.17638],[135.46222,35.18484],[135.4551,35.18672],[135.45209,35.19143],[135.44607,35.19294],[135.44838,35.20066],[135.45177,35.20471],[135.45396,35.21238],[135.45714,35.21625],[135.45627,35.22433],[135.45176,35.23029],[135.45358,35.24536],[135.46486,35.24926],[135.4619,35.25612],[135.45615,35.26102],[135.45653,35.26709],[135.46099,35.28434],[135.4727,35.29043],[135.47837,35.29728],[135.47423,35.30324],[135.48024,35.31297],[135.50172,35.32378],[135.4973,35.33288],[135.4981,35.34215],[135.48626,35.34566],[135.47538,35.34384],[135.46754,35.34602],[135.45657,35.34586],[135.42854,35.3423],[135.42277,35.33688],[135.41678,35.33469],[135.4117,35.32709],[135.401,35.32494],[135.39257,35.31794],[135.38461,35.31494],[135.37928,35.30285],[135.3698,35.29673],[135.36725,35.292],[135.35882,35.29208],[135.35134,35.28926],[135.34525,35.28199],[135.33857,35.27987],[135.3324,35.27112],[135.31863,35.27385],[135.32157,35.26353],[135.32483,35.25977],[135.3234,35.25488],[135.31038,35.24829],[135.30314,35.24315],[135.29865,35.23532],[135.28875,35.23462],[135.29937,35.22044],[135.2931,35.21915],[135.29664,35.21205],[135.29385,35.19835],[135.28659,35.20041],[135.28416,35.19024],[135.28704,35.18734],[135.28725,35.17388],[135.28932,35.17242]]]}},{"type":"Feature","properties":{"code":"26463","name":"与謝郡伊根町","pref":"京都府","pref_code":"26","cx":135.24059,"cy":35.71485,"bbox":[135.18887,35.66049,135.30866,35.76936]},"geometry":{"type":"Polygon","coordinates":[[[135.2744,35.66726],[135.28331,35.67057],[135.28778,35.67561],[135.29448,35.67057],[135.29182,35.66412],[135.29316,35.66049],[135.30342,35.66314],[135.29856,35.67361],[135.29891,35.67904],[135.30446,35.68687],[135.30446,35.69195],[135.30866,35.69376],[135.30652,35.69921],[135.29891,35.70068],[135.29461,35.70507],[135.28745,35.70782],[135.28643,35.7109],[135.28955,35.7186],[135.2885,35.72433],[135.28398,35.7285],[135.27304,35.73243],[135.27372,35.73978],[135.26654,35.74467],[135.25718,35.74438],[135.25265,35.75009],[135.25036,35.75888],[135.24351,35.76027],[135.23311,35.76936],[135.23158,35.76516],[135.22413,35.75493],[135.21985,35.74598],[135.20776,35.74084],[135.20674,35.73582],[135.19728,35.73174],[135.19943,35.72537],[135.19285,35.71765],[135.19347,35.71206],[135.18887,35.70949],[135.19506,35.6964],[135.19886,35.69735],[135.20701,35.69391],[135.2138,35.69317],[135.21349,35.6891],[135.22096,35.68689],[135.22672,35.68915],[135.23875,35.6849],[135.24497,35.68855],[135.25232,35.68867],[135.26352,35.69216],[135.26719,35.69476],[135.27729,35.6897],[135.27632,35.68268],[135.26892,35.67934],[135.26827,35.67409],[135.2744,35.66726]]]}},{"type":"Feature","properties":{"code":"26465","name":"与謝郡与謝野町","pref":"京都府","pref_code":"26","cx":135.10386,"cy":35.52315,"bbox":[135.03242,35.4435,135.18117,35.60643]},"geometry":{"type":"Polygon","coordinates":[[[135.12482,35.46973],[135.12345,35.47522],[135.13748,35.48152],[135.1381,35.48971],[135.14495,35.49688],[135.1511,35.50104],[135.15139,35.50951],[135.16246,35.51182],[135.16748,35.51876],[135.16511,35.5263],[135.16598,35.53148],[135.15546,35.53038],[135.14881,35.5357],[135.14448,35.54382],[135.13955,35.54445],[135.13894,35.55212],[135.14806,35.55907],[135.15819,35.55458],[135.16252,35.5633],[135.17151,35.5675],[135.17668,35.56771],[135.17574,35.57375],[135.17102,35.57779],[135.17695,35.59299],[135.18034,35.5977],[135.18117,35.60643],[135.16929,35.60583],[135.1619,35.59486],[135.16385,35.59223],[135.15559,35.58636],[135.14604,35.58435],[135.14096,35.57395],[135.13741,35.57285],[135.13148,35.5584],[135.12833,35.55737],[135.11841,35.54697],[135.11477,35.54939],[135.09365,35.54867],[135.07407,35.53691],[135.06851,35.53746],[135.06054,35.53284],[135.05384,35.53164],[135.04658,35.53316],[135.0371,35.53726],[135.03619,35.53061],[135.03936,35.52848],[135.04296,35.52001],[135.04288,35.51139],[135.04516,35.50869],[135.04129,35.50374],[135.03242,35.49759],[135.04216,35.49406],[135.04013,35.48166],[135.03512,35.47703],[135.04104,35.4733],[135.04375,35.46598],[135.04537,35.45507],[135.04985,35.45072],[135.05922,35.45208],[135.06115,35.44869],[135.07049,35.44478],[135.0804,35.4435],[135.09436,35.44377],[135.10698,35.45071],[135.10571,35.45786],[135.11021,35.46365],[135.12482,35.46973]]]}},{"type":"Feature","properties":{"code":"27102","name":"大阪市都島区","pref":"大阪府","pref_code":"27","cx":135.53043,"cy":34.71268,"bbox":[135.51481,34.69193,135.54085,34.73341]},"geometry":{"type":"Polygon","coordinates":[[[135.51481,34.72057],[135.52158,34.71394],[135.51775,34.70724],[135.52261,34.69836],[135.52008,34.69193],[135.53482,34.69547],[135.5364,34.70805],[135.54085,34.71142],[135.52586,34.73341],[135.51818,34.72924],[135.51481,34.72057]]]}},{"type":"Feature","properties":{"code":"27103","name":"大阪市福島区","pref":"大阪府","pref_code":"27","cx":135.47466,"cy":34.69666,"bbox":[135.46188,34.68061,135.491,34.70697]},"geometry":{"type":"Polygon","coordinates":[[[135.46253,34.68808],[135.47206,34.68061],[135.48119,34.68465],[135.491,34.69367],[135.47444,34.70697],[135.46188,34.69965],[135.46253,34.68808]]]}},{"type":"Feature","properties":{"code":"27104","name":"大阪市此花区","pref":"大阪府","pref_code":"27","cx":135.43985,"cy":34.67691,"bbox":[135.34398,34.62007,135.47206,34.69965]},"geometry":{"type":"MultiPolygon","coordinates":[[[[135.34936,34.62007],[135.35864,34.62759],[135.35329,34.63241],[135.34398,34.62273],[135.34936,34.62007]]],[[[135.37963,34.66092],[135.3729,34.65208],[135.37894,34.64319],[135.3928,34.64184],[135.40452,34.65372],[135.39973,34.65694],[135.37963,34.66092]]],[[[135.40262,34.67318],[135.38805,34.66784],[135.38792,34.66275],[135.40978,34.65905],[135.40939,34.66879],[135.40262,34.67318]]],[[[135.46188,34.69965],[135.43935,34.68921],[135.42207,34.68333],[135.41667,34.67321],[135.41808,34.65952],[135.42631,34.65574],[135.44055,34.66317],[135.4494,34.67299],[135.47206,34.68061],[135.46253,34.68808],[135.46188,34.69965]]]]}},{"type":"Feature","properties":{"code":"27106","name":"大阪市西区","pref":"大阪府","pref_code":"27","cx":135.482,"cy":34.67904,"bbox":[135.46187,34.6669,135.49747,34.69287]},"geometry":{"type":"Polygon","coordinates":[[[135.47206,34.68061],[135.46187,34.67746],[135.47418,34.6669],[135.48054,34.66814],[135.49673,34.66901],[135.49747,34.69287],[135.48119,34.68465],[135.47206,34.68061]]]}},{"type":"Feature","properties":{"code":"27107","name":"大阪市港区","pref":"大阪府","pref_code":"27","cx":135.45159,"cy":34.66097,"bbox":[135.42631,34.64446,135.47418,34.67746]},"geometry":{"type":"Polygon","coordinates":[[[135.42631,34.65574],[135.42813,34.65115],[135.44412,34.64446],[135.45041,34.64592],[135.45626,34.64803],[135.46411,34.65878],[135.47418,34.6669],[135.46187,34.67746],[135.4494,34.67299],[135.44055,34.66317],[135.42631,34.65574]]]}},{"type":"Feature","properties":{"code":"27108","name":"大阪市大正区","pref":"大阪府","pref_code":"27","cx":135.46662,"cy":34.64697,"bbox":[135.4485,34.62471,135.48108,34.66814]},"geometry":{"type":"Polygon","coordinates":[[[135.47418,34.6669],[135.46411,34.65878],[135.45626,34.64803],[135.45041,34.64592],[135.4485,34.62647],[135.45413,34.62471],[135.47368,34.62946],[135.47893,34.64034],[135.48108,34.65502],[135.48054,34.66814],[135.47418,34.6669]]]}},{"type":"Feature","properties":{"code":"27109","name":"大阪市天王寺区","pref":"大阪府","pref_code":"27","cx":135.51789,"cy":34.65548,"bbox":[135.50655,34.64513,135.53355,34.67608]},"geometry":{"type":"Polygon","coordinates":[[[135.53355,34.67481],[135.52151,34.67608],[135.51896,34.66587],[135.51073,34.6625],[135.50655,34.64801],[135.51834,34.64513],[135.52453,34.64846],[135.53069,34.66547],[135.53355,34.67481]]]}},{"type":"Feature","properties":{"code":"27111","name":"大阪市浪速区","pref":"大阪府","pref_code":"27","cx":135.49538,"cy":34.65947,"bbox":[135.48054,34.64801,135.51073,34.66901]},"geometry":{"type":"Polygon","coordinates":[[[135.48054,34.66814],[135.48108,34.65502],[135.48493,34.65645],[135.50655,34.64801],[135.51073,34.6625],[135.50103,34.66328],[135.49673,34.66901],[135.48054,34.66814]]]}},{"type":"Feature","properties":{"code":"27113","name":"大阪市西淀川区","pref":"大阪府","pref_code":"27","cx":135.44909,"cy":34.70629,"bbox":[135.40729,34.68333,135.47393,34.72908]},"geometry":{"type":"Polygon","coordinates":[[[135.47393,34.70668],[135.45438,34.72708],[135.44556,34.72908],[135.44581,34.71809],[135.42958,34.71135],[135.42457,34.7059],[135.40729,34.6971],[135.42207,34.68333],[135.43935,34.68921],[135.46188,34.69965],[135.47393,34.70668]]]}},{"type":"Feature","properties":{"code":"27114","name":"大阪市東淀川区","pref":"大阪府","pref_code":"27","cx":135.52956,"cy":34.74082,"bbox":[135.50205,34.71941,135.56053,34.76845]},"geometry":{"type":"Polygon","coordinates":[[[135.52586,34.73341],[135.53696,34.73292],[135.55175,34.73692],[135.56053,34.75399],[135.55076,34.75715],[135.54877,34.76845],[135.53236,34.75942],[135.53161,34.75234],[135.5251,34.74785],[135.51579,34.74968],[135.50671,34.74473],[135.50205,34.73113],[135.50393,34.71941],[135.51481,34.72057],[135.51818,34.72924],[135.52586,34.73341]]]}},{"type":"Feature","properties":{"code":"27115","name":"大阪市東成区","pref":"大阪府","pref_code":"27","cx":135.54755,"cy":34.67136,"bbox":[135.53069,34.66427,135.5634,34.68174]},"geometry":{"type":"Polygon","coordinates":[[[135.53069,34.66547],[135.55707,34.66427],[135.5622,34.66791],[135.5634,34.67802],[135.55358,34.68069],[135.53425,34.68174],[135.53355,34.67481],[135.53069,34.66547]]]}},{"type":"Feature","properties":{"code":"27116","name":"大阪市生野区","pref":"大阪府","pref_code":"27","cx":135.54301,"cy":34.65636,"bbox":[135.52453,34.63639,135.56114,34.66547]},"geometry":{"type":"Polygon","coordinates":[[[135.52453,34.64846],[135.52948,34.64446],[135.54773,34.63639],[135.56114,34.64355],[135.55707,34.66427],[135.53069,34.66547],[135.52453,34.64846]]]}},{"type":"Feature","properties":{"code":"27117","name":"大阪市旭区","pref":"大阪府","pref_code":"27","cx":135.54597,"cy":34.72535,"bbox":[135.52586,34.71142,135.56763,34.74608]},"geometry":{"type":"Polygon","coordinates":[[[135.54085,34.71142],[135.54685,34.71534],[135.56025,34.71504],[135.56763,34.71778],[135.5534,34.7331],[135.56029,34.73683],[135.55644,34.74608],[135.55175,34.73692],[135.53696,34.73292],[135.52586,34.73341],[135.54085,34.71142]]]}},{"type":"Feature","properties":{"code":"27118","name":"大阪市城東区","pref":"大阪府","pref_code":"27","cx":135.54759,"cy":34.70176,"bbox":[135.53425,34.67802,135.56564,34.71534]},"geometry":{"type":"Polygon","coordinates":[[[135.53482,34.69547],[135.53425,34.68174],[135.55358,34.68069],[135.5634,34.67802],[135.56564,34.68775],[135.55886,34.68769],[135.56025,34.71504],[135.54685,34.71534],[135.5364,34.70805],[135.53482,34.69547]]]}},{"type":"Feature","properties":{"code":"27119","name":"大阪市阿倍野区","pref":"大阪府","pref_code":"27","cx":135.51309,"cy":34.63409,"bbox":[135.49636,34.61613,135.52948,34.64846]},"geometry":{"type":"Polygon","coordinates":[[[135.50836,34.6476],[135.49636,34.62372],[135.50899,34.62231],[135.51619,34.61613],[135.52948,34.64446],[135.52453,34.64846],[135.51834,34.64513],[135.50836,34.6476]]]}},{"type":"Feature","properties":{"code":"27120","name":"大阪市住吉区","pref":"大阪府","pref_code":"27","cx":135.50576,"cy":34.60274,"bbox":[135.48696,34.58616,135.52364,34.62372]},"geometry":{"type":"Polygon","coordinates":[[[135.49636,34.62372],[135.49284,34.62345],[135.48696,34.59601],[135.49525,34.59431],[135.50278,34.58616],[135.5225,34.59458],[135.52364,34.60947],[135.50899,34.62231],[135.49636,34.62372]]]}},{"type":"Feature","properties":{"code":"27121","name":"大阪市東住吉区","pref":"大阪府","pref_code":"27","cx":135.52956,"cy":34.62069,"bbox":[135.51619,34.59458,135.54773,34.64446]},"geometry":{"type":"Polygon","coordinates":[[[135.52948,34.64446],[135.51619,34.61613],[135.52364,34.60947],[135.5225,34.59458],[135.54346,34.59942],[135.54087,34.60945],[135.54074,34.62526],[135.54773,34.63639],[135.52948,34.64446]]]}},{"type":"Feature","properties":{"code":"27122","name":"大阪市西成区","pref":"大阪府","pref_code":"27","cx":135.48914,"cy":34.6349,"bbox":[135.47368,34.62164,135.50836,34.65645]},"geometry":{"type":"Polygon","coordinates":[[[135.47368,34.62946],[135.48231,34.62164],[135.49636,34.62372],[135.50836,34.6476],[135.48493,34.65645],[135.48108,34.65502],[135.47893,34.64034],[135.47368,34.62946]]]}},{"type":"Feature","properties":{"code":"27123","name":"大阪市淀川区","pref":"大阪府","pref_code":"27","cx":135.47625,"cy":34.72808,"bbox":[135.44556,34.70668,135.50671,34.75137]},"geometry":{"type":"Polygon","coordinates":[[[135.47444,34.70697],[135.49266,34.71788],[135.50393,34.71941],[135.50205,34.73113],[135.50671,34.74473],[135.49519,34.75137],[135.48791,34.74981],[135.48105,34.73814],[135.46696,34.7307],[135.4603,34.73314],[135.44899,34.7341],[135.44556,34.72908],[135.45438,34.72708],[135.47393,34.70668],[135.47444,34.70697]]]}},{"type":"Feature","properties":{"code":"27124","name":"大阪市鶴見区","pref":"大阪府","pref_code":"27","cx":135.57845,"cy":34.7086,"bbox":[135.55886,34.68769,135.59935,34.72237]},"geometry":{"type":"Polygon","coordinates":[[[135.56025,34.71504],[135.55886,34.68769],[135.56564,34.68775],[135.57952,34.68966],[135.58484,34.69862],[135.59499,34.7035],[135.59935,34.71469],[135.58985,34.7137],[135.58426,34.72237],[135.58287,34.71739],[135.56763,34.71778],[135.56025,34.71504]]]}},{"type":"Feature","properties":{"code":"27125","name":"大阪市住之江区","pref":"大阪府","pref_code":"27","cx":135.46272,"cy":34.61498,"bbox":[135.38966,34.59601,135.49284,34.64464]},"geometry":{"type":"MultiPolygon","coordinates":[[[[135.38966,34.62828],[135.39944,34.62066],[135.40267,34.61211],[135.42043,34.61292],[135.41843,34.61955],[135.3995,34.62072],[135.38966,34.62828]]],[[[135.4485,34.62647],[135.43129,34.62181],[135.43755,34.60817],[135.44654,34.60833],[135.48696,34.59601],[135.49284,34.62345],[135.48231,34.62164],[135.47368,34.62946],[135.45413,34.62471],[135.4485,34.62647]]],[[[135.41694,34.64464],[135.39851,34.63817],[135.41043,34.62587],[135.4221,34.62195],[135.4417,34.62921],[135.4393,34.64121],[135.43235,34.64402],[135.41694,34.64464]]]]}},{"type":"Feature","properties":{"code":"27126","name":"大阪市平野区","pref":"大阪府","pref_code":"27","cx":135.55791,"cy":34.62175,"bbox":[135.54074,34.59307,135.58693,34.64355]},"geometry":{"type":"Polygon","coordinates":[[[135.54773,34.63639],[135.54074,34.62526],[135.54087,34.60945],[135.54346,34.59942],[135.54358,34.5952],[135.56716,34.59554],[135.57683,34.59307],[135.58693,34.60914],[135.57518,34.61824],[135.57468,34.63218],[135.56114,34.64355],[135.54773,34.63639]]]}},{"type":"Feature","properties":{"code":"27127","name":"大阪市北区","pref":"大阪府","pref_code":"27","cx":135.50003,"cy":34.70267,"bbox":[135.47444,34.68465,135.52261,34.72057]},"geometry":{"type":"Polygon","coordinates":[[[135.51481,34.72057],[135.49266,34.71788],[135.47444,34.70697],[135.491,34.69367],[135.48119,34.68465],[135.49747,34.69287],[135.52008,34.69193],[135.52261,34.69836],[135.51775,34.70724],[135.52158,34.71394],[135.51481,34.72057]]]}},{"type":"Feature","properties":{"code":"27128","name":"大阪市中央区","pref":"大阪府","pref_code":"27","cx":135.51565,"cy":34.684,"bbox":[135.49673,34.6625,135.53482,34.69547]},"geometry":{"type":"Polygon","coordinates":[[[135.52008,34.69193],[135.49747,34.69287],[135.49673,34.66901],[135.50103,34.66328],[135.51073,34.6625],[135.51896,34.66587],[135.52151,34.67608],[135.53355,34.67481],[135.53482,34.69547],[135.52008,34.69193]]]}},{"type":"Feature","properties":{"code":"27141","name":"堺市堺区","pref":"大阪府","pref_code":"27","cx":135.47466,"cy":34.57633,"bbox":[135.42354,34.55161,135.50278,34.60833]},"geometry":{"type":"Polygon","coordinates":[[[135.48696,34.59601],[135.44654,34.60833],[135.43755,34.60817],[135.44657,34.60186],[135.44383,34.59766],[135.42354,34.60492],[135.42555,34.59334],[135.44939,34.58697],[135.45333,34.56649],[135.46354,34.56038],[135.46662,34.55161],[135.48202,34.55211],[135.4882,34.55685],[135.50278,34.58616],[135.49525,34.59431],[135.48696,34.59601]]]}},{"type":"Feature","properties":{"code":"27142","name":"堺市中区","pref":"大阪府","pref_code":"27","cx":135.49941,"cy":34.53297,"bbox":[135.47109,34.50325,135.53574,34.54813]},"geometry":{"type":"Polygon","coordinates":[[[135.50918,34.54769],[135.50815,34.54813],[135.49008,34.54233],[135.48331,34.54111],[135.47109,34.52282],[135.48578,34.51334],[135.50286,34.50599],[135.53574,34.50325],[135.53264,34.51461],[135.52744,34.52484],[135.50918,34.54769]]]}},{"type":"Feature","properties":{"code":"27143","name":"堺市東区","pref":"大阪府","pref_code":"27","cx":135.52853,"cy":34.53916,"bbox":[135.50815,34.51114,135.55505,34.5587]},"geometry":{"type":"Polygon","coordinates":[[[135.53264,34.51461],[135.5407,34.51114],[135.54638,34.51801],[135.55313,34.51803],[135.55505,34.52796],[135.54228,34.53063],[135.53961,34.54955],[135.54667,34.5587],[135.53543,34.55776],[135.52856,34.55312],[135.50815,34.54813],[135.50918,34.54769],[135.52744,34.52484],[135.53264,34.51461]]]}},{"type":"Feature","properties":{"code":"27144","name":"堺市西区","pref":"大阪府","pref_code":"27","cx":135.46327,"cy":34.54697,"bbox":[135.40207,34.49974,135.49008,34.59967]},"geometry":{"type":"MultiPolygon","coordinates":[[[[135.43636,34.54258],[135.44096,34.55426],[135.43066,34.55382],[135.42625,34.54709],[135.43636,34.54258]]],[[[135.45333,34.56649],[135.4453,34.56741],[135.44151,34.58295],[135.42619,34.58962],[135.42943,34.5707],[135.42082,34.56968],[135.41576,34.59373],[135.40207,34.59967],[135.41054,34.56075],[135.43049,34.56077],[135.44479,34.55722],[135.4377,34.54106],[135.44609,34.53688],[135.44823,34.52948],[135.4595,34.51988],[135.45465,34.51514],[135.4607,34.51211],[135.46503,34.49974],[135.48114,34.50311],[135.48578,34.51334],[135.47109,34.52282],[135.48331,34.54111],[135.49008,34.54233],[135.48202,34.55211],[135.46662,34.55161],[135.46354,34.56038],[135.45333,34.56649]]]]}},{"type":"Feature","properties":{"code":"27145","name":"堺市南区","pref":"大阪府","pref_code":"27","cx":135.50566,"cy":34.47538,"bbox":[135.46503,34.43117,135.54539,34.51334]},"geometry":{"type":"Polygon","coordinates":[[[135.48578,34.51334],[135.48114,34.50311],[135.46503,34.49974],[135.4662,34.48301],[135.4782,34.4709],[135.47851,34.4649],[135.48963,34.46035],[135.49726,34.45157],[135.50078,34.43368],[135.51959,34.43117],[135.52204,34.44015],[135.53364,34.44861],[135.54539,34.46232],[135.54206,34.4665],[135.53527,34.47985],[135.53497,34.49292],[135.53971,34.50109],[135.53432,34.50798],[135.53574,34.50325],[135.50286,34.50599],[135.48578,34.51334]]]}},{"type":"Feature","properties":{"code":"27146","name":"堺市北区","pref":"大阪府","pref_code":"27","cx":135.5149,"cy":34.57128,"bbox":[135.48202,34.54233,135.5491,34.59434]},"geometry":{"type":"Polygon","coordinates":[[[135.50278,34.58616],[135.4882,34.55685],[135.48202,34.55211],[135.49008,34.54233],[135.50815,34.54813],[135.52856,34.55312],[135.53543,34.55776],[135.54667,34.5587],[135.5491,34.55986],[135.54804,34.56591],[135.53726,34.56559],[135.53176,34.57664],[135.52242,34.57666],[135.52199,34.59434],[135.50278,34.58616]]]}},{"type":"Feature","properties":{"code":"27147","name":"堺市美原区","pref":"大阪府","pref_code":"27","cx":135.56042,"cy":34.54012,"bbox":[135.53961,34.51067,135.5872,34.56001]},"geometry":{"type":"Polygon","coordinates":[[[135.55505,34.52796],[135.56286,34.52522],[135.56654,34.51354],[135.58214,34.51067],[135.58222,34.51878],[135.5872,34.5318],[135.57259,34.54844],[135.5672,34.56001],[135.55319,34.5539],[135.5491,34.55986],[135.54667,34.5587],[135.53961,34.54955],[135.54228,34.53063],[135.55505,34.52796]]]}},{"type":"Feature","properties":{"code":"27202","name":"岸和田市","pref":"大阪府","pref_code":"27","cx":135.41623,"cy":34.42674,"bbox":[135.3491,34.34823,135.46245,34.5004]},"geometry":{"type":"MultiPolygon","coordinates":[[[[135.35478,34.4887],[135.3491,34.46807],[135.35957,34.4737],[135.35295,34.48017],[135.35478,34.4887]]],[[[135.41508,34.47354],[135.39473,34.48884],[135.37087,34.5004],[135.37028,34.49019],[135.37737,34.48651],[135.37432,34.47588],[135.3638,34.47762],[135.35942,34.4598],[135.36964,34.45127],[135.38121,34.4454],[135.37779,34.43813],[135.38506,34.42113],[135.39223,34.41992],[135.40522,34.40485],[135.41093,34.38794],[135.41662,34.37931],[135.42576,34.37594],[135.43429,34.34823],[135.45313,34.34986],[135.45437,34.35868],[135.46245,34.38212],[135.45,34.39075],[135.4544,34.40041],[135.44881,34.43236],[135.44227,34.44208],[135.44038,34.46232],[135.42959,34.47036],[135.42425,34.4663],[135.41508,34.47354]]]]}},{"type":"Feature","properties":{"code":"27203","name":"豊中市","pref":"大阪府","pref_code":"27","cx":135.47052,"cy":34.77901,"bbox":[135.44114,34.7307,135.50829,34.82488]},"geometry":{"type":"Polygon","coordinates":[[[135.48791,34.74981],[135.48848,34.76704],[135.49994,34.77656],[135.49204,34.78145],[135.49554,34.7957],[135.5049,34.80026],[135.50829,34.81063],[135.49765,34.82488],[135.49283,34.81749],[135.47577,34.82107],[135.45342,34.8072],[135.44811,34.80843],[135.44114,34.79189],[135.44618,34.77529],[135.4447,34.76853],[135.45935,34.75203],[135.4603,34.73314],[135.46696,34.7307],[135.48105,34.73814],[135.48791,34.74981]]]}},{"type":"Feature","properties":{"code":"27204","name":"池田市","pref":"大阪府","pref_code":"27","cx":135.43826,"cy":34.83408,"bbox":[135.41599,34.79189,135.45934,34.87712]},"geometry":{"type":"Polygon","coordinates":[[[135.44921,34.81096],[135.45373,34.84278],[135.45896,34.84597],[135.45934,34.8612],[135.43749,34.87712],[135.43006,34.86106],[135.43136,34.85642],[135.41864,34.84947],[135.42423,34.83822],[135.4238,34.82995],[135.41599,34.81769],[135.42374,34.80205],[135.42911,34.80152],[135.44114,34.79189],[135.44921,34.81096]]]}},{"type":"Feature","properties":{"code":"27205","name":"吹田市","pref":"大阪府","pref_code":"27","cx":135.51926,"cy":34.79005,"bbox":[135.48791,34.74473,135.55319,34.83081]},"geometry":{"type":"Polygon","coordinates":[[[135.54877,34.76845],[135.53681,34.78655],[135.55193,34.79356],[135.55319,34.80886],[135.52999,34.81634],[135.52399,34.82624],[135.51242,34.82668],[135.5057,34.83081],[135.49765,34.82488],[135.50829,34.81063],[135.5049,34.80026],[135.49554,34.7957],[135.49204,34.78145],[135.49994,34.77656],[135.48848,34.76704],[135.48791,34.74981],[135.49519,34.75137],[135.50671,34.74473],[135.51579,34.74968],[135.5251,34.74785],[135.53161,34.75234],[135.53236,34.75942],[135.54877,34.76845]]]}},{"type":"Feature","properties":{"code":"27206","name":"泉大津市","pref":"大阪府","pref_code":"27","cx":135.4055,"cy":34.50426,"bbox":[135.36716,34.48154,135.4339,34.53189]},"geometry":{"type":"MultiPolygon","coordinates":[[[[135.40111,34.52742],[135.39385,34.53143],[135.38836,34.524],[135.39504,34.51732],[135.40111,34.52742]]],[[[135.41888,34.51948],[135.41036,34.52291],[135.40648,34.51699],[135.38752,34.51437],[135.37833,34.53189],[135.36716,34.51704],[135.37783,34.50784],[135.38975,34.49893],[135.4024,34.49518],[135.41133,34.48216],[135.4153,34.48154],[135.42119,34.48983],[135.42922,34.49435],[135.42394,34.50068],[135.4339,34.50872],[135.43338,34.51398],[135.42682,34.51274],[135.41888,34.51948]]]]}},{"type":"Feature","properties":{"code":"27207","name":"高槻市","pref":"大阪府","pref_code":"27","cx":135.61264,"cy":34.87634,"bbox":[135.56184,34.78051,135.67276,34.97514]},"geometry":{"type":"Polygon","coordinates":[[[135.62811,34.93373],[135.6152,34.92762],[135.60111,34.92972],[135.6108,34.93974],[135.61879,34.95882],[135.61326,34.9712],[135.60332,34.97115],[135.58924,34.96722],[135.58467,34.97514],[135.57093,34.96979],[135.57123,34.96392],[135.57858,34.95589],[135.56313,34.95366],[135.56184,34.93776],[135.58105,34.93704],[135.58126,34.92245],[135.57312,34.91683],[135.57357,34.90497],[135.56632,34.9007],[135.57097,34.88083],[135.56265,34.87186],[135.56859,34.86874],[135.5667,34.85676],[135.57209,34.84862],[135.58229,34.84671],[135.58655,34.82365],[135.60628,34.81671],[135.5984,34.81235],[135.59762,34.79866],[135.59807,34.78578],[135.60227,34.78051],[135.61426,34.79151],[135.62004,34.80577],[135.64033,34.81613],[135.64632,34.82982],[135.64738,34.84186],[135.65179,34.84927],[135.66523,34.85544],[135.67276,34.87003],[135.64507,34.88227],[135.64143,34.89022],[135.63467,34.89231],[135.63021,34.90681],[135.62811,34.93373]]]}},{"type":"Feature","properties":{"code":"27208","name":"貝塚市","pref":"大阪府","pref_code":"27","cx":135.39301,"cy":34.39772,"bbox":[135.32807,34.33997,135.43429,34.4693]},"geometry":{"type":"MultiPolygon","coordinates":[[[[135.35942,34.4598],[135.35347,34.45135],[135.33716,34.44576],[135.32905,34.43433],[135.33745,34.4322],[135.35717,34.41827],[135.37674,34.40338],[135.38006,34.39205],[135.38714,34.38463],[135.38341,34.36871],[135.38831,34.35543],[135.39227,34.34728],[135.40754,34.34711],[135.40922,34.34194],[135.42479,34.33997],[135.43429,34.34823],[135.42576,34.37594],[135.41662,34.37931],[135.41093,34.38794],[135.40522,34.40485],[135.39223,34.41992],[135.38506,34.42113],[135.37779,34.43813],[135.38121,34.4454],[135.36964,34.45127],[135.35942,34.4598]]],[[[135.33907,34.4693],[135.34079,34.46693],[135.32807,34.44979],[135.33301,34.44473],[135.34213,34.45084],[135.34721,34.45869],[135.33907,34.4693]]]]}},{"type":"Feature","properties":{"code":"27209","name":"守口市","pref":"大阪府","pref_code":"27","cx":135.56685,"cy":34.74136,"bbox":[135.5534,34.71739,135.60628,34.76752]},"geometry":{"type":"Polygon","coordinates":[[[135.55644,34.74608],[135.56029,34.73683],[135.5534,34.7331],[135.56763,34.71778],[135.58287,34.71739],[135.58426,34.72237],[135.58168,34.72877],[135.57189,34.7376],[135.58111,34.74779],[135.59919,34.74512],[135.60628,34.7502],[135.58701,34.76752],[135.57305,34.7576],[135.56053,34.75399],[135.55644,34.74608]]]}},{"type":"Feature","properties":{"code":"27210","name":"枚方市","pref":"大阪府","pref_code":"27","cx":135.68358,"cy":34.82652,"bbox":[135.61426,34.77309,135.74659,34.88134]},"geometry":{"type":"Polygon","coordinates":[[[135.61426,34.79151],[135.62995,34.79036],[135.63186,34.78542],[135.64867,34.7834],[135.65303,34.77309],[135.6718,34.77871],[135.66599,34.79738],[135.67945,34.80239],[135.70892,34.79752],[135.71669,34.78891],[135.71197,34.78133],[135.72023,34.77462],[135.72775,34.77658],[135.74067,34.78837],[135.74659,34.80124],[135.73188,34.82267],[135.72427,34.82322],[135.71017,34.84663],[135.70226,34.85173],[135.69164,34.85329],[135.69106,34.86848],[135.68255,34.87215],[135.67992,34.88134],[135.67276,34.87003],[135.66523,34.85544],[135.65179,34.84927],[135.64738,34.84186],[135.64632,34.82982],[135.64033,34.81613],[135.62004,34.80577],[135.61426,34.79151]]]}},{"type":"Feature","properties":{"code":"27211","name":"茨木市","pref":"大阪府","pref_code":"27","cx":135.54432,"cy":34.85438,"bbox":[135.4959,34.78441,135.60628,34.9288]},"geometry":{"type":"Polygon","coordinates":[[[135.55193,34.79356],[135.56203,34.79147],[135.56828,34.78561],[135.57768,34.78441],[135.59762,34.79866],[135.5984,34.81235],[135.60628,34.81671],[135.58655,34.82365],[135.58229,34.84671],[135.57209,34.84862],[135.5667,34.85676],[135.56859,34.86874],[135.56265,34.87186],[135.57097,34.88083],[135.56632,34.9007],[135.57357,34.90497],[135.57312,34.91683],[135.55333,34.91555],[135.53601,34.92092],[135.52538,34.9288],[135.52491,34.92026],[135.51698,34.91137],[135.51125,34.90004],[135.50285,34.89596],[135.4959,34.88115],[135.49953,34.87752],[135.50325,34.87003],[135.51173,34.87436],[135.51447,34.86007],[135.52282,34.852],[135.52622,34.83079],[135.52399,34.82624],[135.52999,34.81634],[135.55319,34.80886],[135.55193,34.79356]]]}},{"type":"Feature","properties":{"code":"27212","name":"八尾市","pref":"大阪府","pref_code":"27","cx":135.61867,"cy":34.61499,"bbox":[135.57468,34.58349,135.66429,34.65062]},"geometry":{"type":"Polygon","coordinates":[[[135.57683,34.59307],[135.5847,34.58844],[135.60116,34.58349],[135.60844,34.58872],[135.61897,34.59292],[135.62517,34.59981],[135.64099,34.59958],[135.65179,34.60681],[135.6568,34.61174],[135.6632,34.62952],[135.66429,34.64328],[135.62548,34.64466],[135.62553,34.65031],[135.5945,34.65062],[135.59592,34.64172],[135.58521,34.63935],[135.58887,34.63243],[135.57468,34.63218],[135.57518,34.61824],[135.58693,34.60914],[135.57683,34.59307]]]}},{"type":"Feature","properties":{"code":"27213","name":"泉佐野市","pref":"大阪府","pref_code":"27","cx":135.32209,"cy":34.38275,"bbox":[135.22933,34.32844,135.40922,34.45522]},"geometry":{"type":"MultiPolygon","coordinates":[[[[135.38831,34.35543],[135.38136,34.35608],[135.37935,34.36407],[135.3703,34.36447],[135.3556,34.37271],[135.34296,34.38674],[135.33546,34.39903],[135.33895,34.40541],[135.3532,34.40663],[135.35717,34.41827],[135.33745,34.4322],[135.32905,34.43433],[135.3249,34.43694],[135.31377,34.42662],[135.30954,34.41707],[135.29338,34.41405],[135.28882,34.40362],[135.30038,34.39001],[135.28961,34.38341],[135.30565,34.38209],[135.31893,34.37028],[135.32354,34.3613],[135.32198,34.35537],[135.32871,34.34184],[135.33914,34.34102],[135.33889,34.33496],[135.34619,34.3305],[135.35898,34.33304],[135.36171,34.32935],[135.37414,34.33096],[135.38034,34.32844],[135.40543,34.33385],[135.40922,34.34194],[135.40754,34.34711],[135.39227,34.34728],[135.38831,34.35543]]],[[[135.252,34.42985],[135.26513,34.4378],[135.25176,34.44412],[135.2416,34.4373],[135.252,34.42985]]],[[[135.23992,34.4385],[135.25242,34.44693],[135.24158,34.45522],[135.22933,34.44605],[135.23992,34.4385]]]]}},{"type":"Feature","properties":{"code":"27214","name":"富田林市","pref":"大阪府","pref_code":"27","cx":135.58677,"cy":34.48462,"bbox":[135.55845,34.4392,135.62783,34.5318]},"geometry":{"type":"Polygon","coordinates":[[[135.56654,34.51354],[135.5603,34.51163],[135.55845,34.48977],[135.5598,34.47947],[135.57684,34.4749],[135.58259,34.46827],[135.57788,34.45482],[135.59446,34.44187],[135.60253,34.4392],[135.616,34.45183],[135.61685,34.47432],[135.61304,34.49042],[135.62783,34.49017],[135.6277,34.49794],[135.61766,34.50706],[135.6204,34.51482],[135.62714,34.52545],[135.6122,34.52616],[135.5872,34.5318],[135.58222,34.51878],[135.58214,34.51067],[135.56654,34.51354]]]}},{"type":"Feature","properties":{"code":"27215","name":"寝屋川市","pref":"大阪府","pref_code":"27","cx":135.62647,"cy":34.76223,"bbox":[135.58701,34.72911,135.66208,34.79151]},"geometry":{"type":"Polygon","coordinates":[[[135.60227,34.78051],[135.58701,34.76752],[135.60628,34.7502],[135.61864,34.74426],[135.6234,34.73632],[135.62077,34.72911],[135.63194,34.73219],[135.62523,34.73421],[135.63052,34.74966],[135.65987,34.74998],[135.65801,34.75774],[135.66208,34.76673],[135.65954,34.77497],[135.65303,34.77309],[135.64867,34.7834],[135.63186,34.78542],[135.62995,34.79036],[135.61426,34.79151],[135.60227,34.78051]]]}},{"type":"Feature","properties":{"code":"27216","name":"河内長野市","pref":"大阪府","pref_code":"27","cx":135.58433,"cy":34.41325,"bbox":[135.48538,34.33833,135.66338,34.47947]},"geometry":{"type":"Polygon","coordinates":[[[135.51959,34.43117],[135.52654,34.42489],[135.52537,34.40843],[135.52028,34.39873],[135.51971,34.38834],[135.51179,34.38161],[135.49079,34.37291],[135.48538,34.36283],[135.4887,34.35637],[135.50175,34.3502],[135.5049,34.34122],[135.51204,34.33833],[135.52707,34.35118],[135.54146,34.35763],[135.55444,34.35943],[135.5634,34.36933],[135.57712,34.37605],[135.59499,34.37538],[135.59595,34.37921],[135.61327,34.37658],[135.61991,34.38448],[135.63195,34.38304],[135.65471,34.38383],[135.66338,34.39654],[135.65154,34.40086],[135.63961,34.41807],[135.62591,34.42165],[135.61563,34.43054],[135.61048,34.43035],[135.60253,34.4392],[135.59446,34.44187],[135.57788,34.45482],[135.58259,34.46827],[135.57684,34.4749],[135.5598,34.47947],[135.55308,34.47193],[135.54206,34.4665],[135.54539,34.46232],[135.53364,34.44861],[135.52204,34.44015],[135.51959,34.43117]]]}},{"type":"Feature","properties":{"code":"27217","name":"松原市","pref":"大阪府","pref_code":"27","cx":135.54481,"cy":34.57667,"bbox":[135.52199,34.5539,135.5847,34.59942]},"geometry":{"type":"Polygon","coordinates":[[[135.52199,34.59434],[135.52242,34.57666],[135.53176,34.57664],[135.53726,34.56559],[135.54804,34.56591],[135.5491,34.55986],[135.55319,34.5539],[135.5672,34.56001],[135.56978,34.56496],[135.56719,34.57669],[135.58123,34.58206],[135.5847,34.58844],[135.57683,34.59307],[135.56716,34.59554],[135.54358,34.5952],[135.54346,34.59942],[135.52199,34.59434]]]}},{"type":"Feature","properties":{"code":"27218","name":"大東市","pref":"大阪府","pref_code":"27","cx":135.63674,"cy":34.7155,"bbox":[135.59499,34.6982,135.67314,34.73219]},"geometry":{"type":"Polygon","coordinates":[[[135.59499,34.7035],[135.60787,34.6982],[135.61784,34.70098],[135.65279,34.70258],[135.66337,34.69888],[135.67314,34.70008],[135.67203,34.71631],[135.65685,34.72249],[135.65683,34.72784],[135.6468,34.73159],[135.63194,34.73219],[135.62077,34.72911],[135.62382,34.72161],[135.6135,34.72029],[135.59935,34.71469],[135.59499,34.7035]]]}},{"type":"Feature","properties":{"code":"27219","name":"和泉市","pref":"大阪府","pref_code":"27","cx":135.48203,"cy":34.43176,"bbox":[135.41508,34.34734,135.52654,34.51514]},"geometry":{"type":"Polygon","coordinates":[[[135.45465,34.51514],[135.44775,34.51129],[135.43338,34.51398],[135.4339,34.50872],[135.42394,34.50068],[135.42922,34.49435],[135.42119,34.48983],[135.4153,34.48154],[135.41508,34.47354],[135.42425,34.4663],[135.42959,34.47036],[135.44038,34.46232],[135.44227,34.44208],[135.44881,34.43236],[135.4544,34.40041],[135.45,34.39075],[135.46245,34.38212],[135.45437,34.35868],[135.45313,34.34986],[135.45759,34.34734],[135.47774,34.35355],[135.48538,34.36283],[135.49079,34.37291],[135.51179,34.38161],[135.51971,34.38834],[135.52028,34.39873],[135.52537,34.40843],[135.52654,34.42489],[135.51959,34.43117],[135.50078,34.43368],[135.49726,34.45157],[135.48963,34.46035],[135.47851,34.4649],[135.4782,34.4709],[135.4662,34.48301],[135.46503,34.49974],[135.4607,34.51211],[135.45465,34.51514]]]}},{"type":"Feature","properties":{"code":"27220","name":"箕面市","pref":"大阪府","pref_code":"27","cx":135.48893,"cy":34.85604,"bbox":[135.43749,34.8072,135.52622,34.91043]},"geometry":{"type":"Polygon","coordinates":[[[135.44811,34.80843],[135.45342,34.8072],[135.47577,34.82107],[135.49283,34.81749],[135.49765,34.82488],[135.5057,34.83081],[135.51242,34.82668],[135.52399,34.82624],[135.52622,34.83079],[135.52282,34.852],[135.51447,34.86007],[135.51173,34.87436],[135.50325,34.87003],[135.49953,34.87752],[135.4938,34.87945],[135.48198,34.87479],[135.4777,34.88995],[135.48597,34.89576],[135.47568,34.9036],[135.47345,34.91043],[135.45285,34.89484],[135.44513,34.89544],[135.44094,34.89046],[135.43749,34.87712],[135.45934,34.8612],[135.45896,34.84597],[135.45373,34.84278],[135.44921,34.81096],[135.44811,34.80843]]]}},{"type":"Feature","properties":{"code":"27221","name":"柏原市","pref":"大阪府","pref_code":"27","cx":135.64941,"cy":34.57694,"bbox":[135.60844,34.54699,135.68176,34.60681]},"geometry":{"type":"Polygon","coordinates":[[[135.60844,34.58872],[135.62759,34.57768],[135.62164,34.56428],[135.62204,34.55376],[135.65319,34.54699],[135.65778,34.56132],[135.67335,34.57163],[135.6706,34.5762],[135.68176,34.58478],[135.67491,34.60172],[135.66117,34.60191],[135.65179,34.60681],[135.64099,34.59958],[135.62517,34.59981],[135.61897,34.59292],[135.60844,34.58872]]]}},{"type":"Feature","properties":{"code":"27222","name":"羽曳野市","pref":"大阪府","pref_code":"27","cx":135.58559,"cy":34.55364,"bbox":[135.56719,34.52545,135.66014,34.58206]},"geometry":{"type":"Polygon","coordinates":[[[135.5872,34.5318],[135.6122,34.52616],[135.62714,34.52545],[135.65001,34.53308],[135.66014,34.54107],[135.65319,34.54699],[135.62204,34.55376],[135.62164,34.56428],[135.61147,34.56581],[135.60111,34.55351],[135.58688,34.57115],[135.58123,34.58206],[135.56719,34.57669],[135.56978,34.56496],[135.5672,34.56001],[135.57259,34.54844],[135.5872,34.5318]]]}},{"type":"Feature","properties":{"code":"27223","name":"門真市","pref":"大阪府","pref_code":"27","cx":135.59969,"cy":34.73272,"bbox":[135.57189,34.7137,135.62382,34.7502]},"geometry":{"type":"Polygon","coordinates":[[[135.59935,34.71469],[135.6135,34.72029],[135.62382,34.72161],[135.62077,34.72911],[135.6234,34.73632],[135.61864,34.74426],[135.60628,34.7502],[135.59919,34.74512],[135.58111,34.74779],[135.57189,34.7376],[135.58168,34.72877],[135.58426,34.72237],[135.58985,34.7137],[135.59935,34.71469]]]}},{"type":"Feature","properties":{"code":"27224","name":"摂津市","pref":"大阪府","pref_code":"27","cx":135.56999,"cy":34.77448,"bbox":[135.53681,34.75399,135.60227,34.79866]},"geometry":{"type":"Polygon","coordinates":[[[135.56053,34.75399],[135.57305,34.7576],[135.58701,34.76752],[135.60227,34.78051],[135.59807,34.78578],[135.59762,34.79866],[135.57768,34.78441],[135.56828,34.78561],[135.56203,34.79147],[135.55193,34.79356],[135.53681,34.78655],[135.54877,34.76845],[135.55076,34.75715],[135.56053,34.75399]]]}},{"type":"Feature","properties":{"code":"27225","name":"高石市","pref":"大阪府","pref_code":"27","cx":135.41586,"cy":34.53525,"bbox":[135.39917,34.51129,135.4595,34.54723]},"geometry":{"type":"MultiPolygon","coordinates":[[[[135.4377,34.54106],[135.43194,34.53233],[135.41888,34.51948],[135.42682,34.51274],[135.43338,34.51398],[135.44775,34.51129],[135.45465,34.51514],[135.4595,34.51988],[135.44823,34.52948],[135.44609,34.53688],[135.4377,34.54106]]],[[[135.40526,34.54723],[135.39917,34.53649],[135.4046,34.53014],[135.41771,34.52424],[135.43067,34.534],[135.43636,34.54258],[135.42625,34.54709],[135.42023,34.53798],[135.4122,34.54353],[135.40526,34.54723]]]]}},{"type":"Feature","properties":{"code":"27226","name":"藤井寺市","pref":"大阪府","pref_code":"27","cx":135.60627,"cy":34.56848,"bbox":[135.58123,34.55351,135.62759,34.58872]},"geometry":{"type":"Polygon","coordinates":[[[135.5847,34.58844],[135.58123,34.58206],[135.58688,34.57115],[135.60111,34.55351],[135.61147,34.56581],[135.62164,34.56428],[135.62759,34.57768],[135.60844,34.58872],[135.60116,34.58349],[135.5847,34.58844]]]}},{"type":"Feature","properties":{"code":"27227","name":"東大阪市","pref":"大阪府","pref_code":"27","cx":135.61645,"cy":34.66742,"bbox":[135.55707,34.63218,135.6787,34.7035]},"geometry":{"type":"Polygon","coordinates":[[[135.55707,34.66427],[135.56114,34.64355],[135.57468,34.63218],[135.58887,34.63243],[135.58521,34.63935],[135.59592,34.64172],[135.5945,34.65062],[135.62553,34.65031],[135.62548,34.64466],[135.66429,34.64328],[135.66426,34.64998],[135.67115,34.66106],[135.67105,34.66692],[135.6787,34.67776],[135.6731,34.69015],[135.67314,34.70008],[135.66337,34.69888],[135.65279,34.70258],[135.61784,34.70098],[135.60787,34.6982],[135.59499,34.7035],[135.58484,34.69862],[135.57952,34.68966],[135.56564,34.68775],[135.5634,34.67802],[135.5622,34.66791],[135.55707,34.66427]]]}},{"type":"Feature","properties":{"code":"27228","name":"泉南市","pref":"大阪府","pref_code":"27","cx":135.2946,"cy":34.34861,"bbox":[135.20116,34.29955,135.33914,34.4385]},"geometry":{"type":"MultiPolygon","coordinates":[[[[135.28961,34.38341],[135.28525,34.38382],[135.2798,34.39539],[135.26379,34.38108],[135.2507,34.37696],[135.2496,34.36428],[135.25969,34.35695],[135.26973,34.33681],[135.28255,34.31788],[135.29164,34.29955],[135.30264,34.30488],[135.30397,34.31371],[135.31316,34.31409],[135.3242,34.31913],[135.33914,34.32943],[135.33914,34.34102],[135.32871,34.34184],[135.32198,34.35537],[135.32354,34.3613],[135.31893,34.37028],[135.30565,34.38209],[135.28961,34.38341]]],[[[135.24034,34.42289],[135.23046,34.42983],[135.21912,34.42222],[135.22769,34.41348],[135.24034,34.42289]]],[[[135.22889,34.43093],[135.21805,34.4385],[135.20116,34.42809],[135.20617,34.42311],[135.22163,34.43349],[135.22889,34.43093]]]]}},{"type":"Feature","properties":{"code":"27229","name":"四條畷市","pref":"大阪府","pref_code":"27","cx":135.67957,"cy":34.72647,"bbox":[135.62523,34.70177,135.70274,34.74998]},"geometry":{"type":"Polygon","coordinates":[[[135.63194,34.73219],[135.6468,34.73159],[135.65683,34.72784],[135.65685,34.72249],[135.67203,34.71631],[135.67308,34.70177],[135.68308,34.71129],[135.70169,34.72168],[135.70274,34.7251],[135.69683,34.74388],[135.68476,34.74213],[135.66563,34.74631],[135.65987,34.74998],[135.63052,34.74966],[135.62523,34.73421],[135.63194,34.73219]]]}},{"type":"Feature","properties":{"code":"27230","name":"交野市","pref":"大阪府","pref_code":"27","cx":135.68422,"cy":34.76953,"bbox":[135.65801,34.74213,135.71669,34.80239]},"geometry":{"type":"Polygon","coordinates":[[[135.65954,34.77497],[135.66208,34.76673],[135.65801,34.75774],[135.65987,34.74998],[135.66563,34.74631],[135.68476,34.74213],[135.69683,34.74388],[135.7068,34.74865],[135.71019,34.75591],[135.70662,34.77234],[135.71669,34.78891],[135.70892,34.79752],[135.67945,34.80239],[135.66599,34.79738],[135.6718,34.77871],[135.65954,34.77497]]]}},{"type":"Feature","properties":{"code":"27231","name":"大阪狭山市","pref":"大阪府","pref_code":"27","cx":135.5482,"cy":34.497,"bbox":[135.53264,34.4665,135.56654,34.52796]},"geometry":{"type":"Polygon","coordinates":[[[135.53432,34.50798],[135.53971,34.50109],[135.53497,34.49292],[135.53527,34.47985],[135.54206,34.4665],[135.55308,34.47193],[135.5598,34.47947],[135.55845,34.48977],[135.5603,34.51163],[135.56654,34.51354],[135.56286,34.52522],[135.55505,34.52796],[135.55313,34.51803],[135.54638,34.51801],[135.5407,34.51114],[135.53264,34.51461],[135.53432,34.50798]]]}},{"type":"Feature","properties":{"code":"27232","name":"阪南市","pref":"大阪府","pref_code":"27","cx":135.23296,"cy":34.34035,"bbox":[135.19162,34.30086,135.28255,34.37696]},"geometry":{"type":"Polygon","coordinates":[[[135.2507,34.37696],[135.22557,34.34948],[135.216,34.34395],[135.2028,34.34257],[135.19312,34.33813],[135.19162,34.31245],[135.20804,34.3082],[135.22501,34.30086],[135.23552,34.30364],[135.2466,34.31329],[135.25792,34.31568],[135.27274,34.31221],[135.28255,34.31788],[135.26973,34.33681],[135.25969,34.35695],[135.2496,34.36428],[135.2507,34.37696]]]}},{"type":"Feature","properties":{"code":"27301","name":"三島郡島本町","pref":"大阪府","pref_code":"27","cx":135.64831,"cy":34.9035,"bbox":[135.62811,34.87003,135.68269,34.93373]},"geometry":{"type":"Polygon","coordinates":[[[135.67276,34.87003],[135.67992,34.88134],[135.68269,34.88784],[135.67464,34.90018],[135.6485,34.90955],[135.64854,34.92599],[135.64277,34.93066],[135.62811,34.93373],[135.63021,34.90681],[135.63467,34.89231],[135.64143,34.89022],[135.64507,34.88227],[135.67276,34.87003]]]}},{"type":"Feature","properties":{"code":"27321","name":"豊能郡豊能町","pref":"大阪府","pref_code":"27","cx":135.469,"cy":34.9109,"bbox":[135.4191,34.87479,135.52538,34.94741]},"geometry":{"type":"Polygon","coordinates":[[[135.52538,34.9288],[135.51502,34.93692],[135.5147,34.94373],[135.50403,34.94629],[135.49967,34.94134],[135.49042,34.94179],[135.48463,34.94741],[135.47983,34.94493],[135.47518,34.93066],[135.46709,34.92877],[135.46541,34.91959],[135.45671,34.91791],[135.4393,34.9205],[135.4191,34.90975],[135.42568,34.90674],[135.43108,34.89724],[135.45285,34.89484],[135.47345,34.91043],[135.47568,34.9036],[135.48597,34.89576],[135.4777,34.88995],[135.48198,34.87479],[135.4938,34.87945],[135.49953,34.87752],[135.4959,34.88115],[135.50285,34.89596],[135.51125,34.90004],[135.51698,34.91137],[135.52491,34.92026],[135.52538,34.9288]]]}},{"type":"Feature","properties":{"code":"27322","name":"豊能郡能勢町","pref":"大阪府","pref_code":"27","cx":135.4224,"cy":34.98903,"bbox":[135.33358,34.92877,135.49306,35.05011]},"geometry":{"type":"Polygon","coordinates":[[[135.48463,34.94741],[135.48194,34.96523],[135.48846,34.96657],[135.48316,34.98187],[135.49306,34.98767],[135.48189,34.99515],[135.47122,34.9948],[135.45987,35.00159],[135.45197,35.00175],[135.43619,35.00841],[135.42282,35.00211],[135.40977,35.01153],[135.38155,35.01038],[135.37769,35.02064],[135.38169,35.02619],[135.38004,35.03911],[135.35948,35.05011],[135.3379,35.04265],[135.33358,35.03516],[135.3398,35.02588],[135.35472,35.02461],[135.35576,35.01652],[135.35256,34.99039],[135.35953,34.98252],[135.35224,34.97953],[135.34507,34.96685],[135.36392,34.95624],[135.38189,34.95623],[135.38717,34.94661],[135.41576,34.94079],[135.41848,34.93389],[135.44159,34.93938],[135.45282,34.92972],[135.46709,34.92877],[135.47518,34.93066],[135.47983,34.94493],[135.48463,34.94741]]]}},{"type":"Feature","properties":{"code":"27341","name":"泉北郡忠岡町","pref":"大阪府","pref_code":"27","cx":135.39638,"cy":34.49201,"bbox":[135.37087,34.47354,135.4153,34.50784]},"geometry":{"type":"Polygon","coordinates":[[[135.41508,34.47354],[135.4153,34.48154],[135.41133,34.48216],[135.4024,34.49518],[135.38975,34.49893],[135.37783,34.50784],[135.37087,34.5004],[135.39473,34.48884],[135.41508,34.47354]]]}},{"type":"Feature","properties":{"code":"27361","name":"泉南郡熊取町","pref":"大阪府","pref_code":"27","cx":135.36197,"cy":34.38939,"bbox":[135.33546,34.35543,135.38831,34.41827]},"geometry":{"type":"Polygon","coordinates":[[[135.35717,34.41827],[135.3532,34.40663],[135.33895,34.40541],[135.33546,34.39903],[135.34296,34.38674],[135.3556,34.37271],[135.3703,34.36447],[135.37935,34.36407],[135.38136,34.35608],[135.38831,34.35543],[135.38341,34.36871],[135.38714,34.38463],[135.38006,34.39205],[135.37674,34.40338],[135.35717,34.41827]]]}},{"type":"Feature","properties":{"code":"27362","name":"泉南郡田尻町","pref":"大阪府","pref_code":"27","cx":135.23594,"cy":34.43358,"bbox":[135.21805,34.38341,135.30038,34.44605]},"geometry":{"type":"MultiPolygon","coordinates":[[[[135.28882,34.40362],[135.2798,34.39539],[135.28525,34.38382],[135.28961,34.38341],[135.30038,34.39001],[135.28882,34.40362]]],[[[135.2416,34.4373],[135.22933,34.44605],[135.21805,34.4385],[135.24034,34.42289],[135.252,34.42985],[135.2416,34.4373]]]]}},{"type":"Feature","properties":{"code":"27366","name":"泉南郡岬町","pref":"大阪府","pref_code":"27","cx":135.15397,"cy":34.30145,"bbox":[135.09693,34.27235,135.20804,34.33813]},"geometry":{"type":"Polygon","coordinates":[[[135.19312,34.33813],[135.17668,34.33786],[135.16382,34.33151],[135.15294,34.33115],[135.14132,34.31822],[135.13014,34.32048],[135.13056,34.32617],[135.10146,34.31929],[135.10641,34.3058],[135.09693,34.2971],[135.0987,34.28904],[135.10907,34.28267],[135.1103,34.27379],[135.13209,34.27235],[135.14648,34.28365],[135.15741,34.27708],[135.17152,34.28059],[135.18066,34.27989],[135.19161,34.28646],[135.20265,34.28762],[135.20804,34.3082],[135.19162,34.31245],[135.19312,34.33813]]]}},{"type":"Feature","properties":{"code":"27381","name":"南河内郡太子町","pref":"大阪府","pref_code":"27","cx":135.65013,"cy":34.52013,"bbox":[135.6204,34.49727,135.67693,34.54107]},"geometry":{"type":"Polygon","coordinates":[[[135.6204,34.51482],[135.62943,34.51469],[135.6418,34.5039],[135.65545,34.49727],[135.66862,34.50531],[135.67532,34.50573],[135.67693,34.52553],[135.66795,34.53105],[135.66014,34.54107],[135.65001,34.53308],[135.62714,34.52545],[135.6204,34.51482]]]}},{"type":"Feature","properties":{"code":"27382","name":"南河内郡河南町","pref":"大阪府","pref_code":"27","cx":135.64833,"cy":34.48689,"bbox":[135.61304,34.45557,135.68481,34.51482]},"geometry":{"type":"Polygon","coordinates":[[[135.61685,34.47432],[135.62707,34.47626],[135.62795,34.46749],[135.63554,34.46749],[135.64841,34.45557],[135.65448,34.45593],[135.65793,34.46671],[135.67521,34.46941],[135.68217,34.46525],[135.68481,34.4836],[135.67898,34.49306],[135.67532,34.50573],[135.66862,34.50531],[135.65545,34.49727],[135.6418,34.5039],[135.62943,34.51469],[135.6204,34.51482],[135.61766,34.50706],[135.6277,34.49794],[135.62783,34.49017],[135.61304,34.49042],[135.61685,34.47432]]]}},{"type":"Feature","properties":{"code":"27383","name":"南河内郡千早赤阪村","pref":"大阪府","pref_code":"27","cx":135.64286,"cy":34.43578,"bbox":[135.60253,34.39654,135.68698,34.47626]},"geometry":{"type":"Polygon","coordinates":[[[135.60253,34.4392],[135.61048,34.43035],[135.61563,34.43054],[135.62591,34.42165],[135.63961,34.41807],[135.65154,34.40086],[135.66338,34.39654],[135.67555,34.39946],[135.68018,34.4089],[135.66942,34.41368],[135.66533,34.42424],[135.67861,34.43236],[135.68698,34.45146],[135.68241,34.45605],[135.68217,34.46525],[135.67521,34.46941],[135.65793,34.46671],[135.65448,34.45593],[135.64841,34.45557],[135.63554,34.46749],[135.62795,34.46749],[135.62707,34.47626],[135.61685,34.47432],[135.616,34.45183],[135.60253,34.4392]]]}},{"type":"Feature","properties":{"code":"28101","name":"神戸市東灘区","pref":"兵庫県","pref_code":"28","cx":135.26692,"cy":34.74056,"bbox":[135.24258,34.6513,135.30407,34.78027]},"geometry":{"type":"MultiPolygon","coordinates":[[[[135.28019,34.65135],[135.28285,34.65141],[135.28046,34.66608],[135.27454,34.66542],[135.27681,34.6513],[135.28019,34.65135]]],[[[135.2814,34.6973],[135.27277,34.69875],[135.27236,34.69656],[135.26527,34.69579],[135.26419,34.69778],[135.25221,34.6933],[135.25446,34.67776],[135.29051,34.6817],[135.28947,34.68803],[135.27877,34.68967],[135.27833,34.69244],[135.2891,34.69087],[135.28816,34.69667],[135.2814,34.6973]]],[[[135.30395,34.70998],[135.30329,34.71688],[135.29387,34.71761],[135.29221,34.71203],[135.29364,34.70454],[135.30407,34.7057],[135.30395,34.70998]]],[[[135.30346,34.7191],[135.2996,34.72844],[135.29613,34.72838],[135.29069,34.73862],[135.28433,34.74439],[135.28713,34.74787],[135.28015,34.75195],[135.28064,34.75864],[135.27581,34.76641],[135.27243,34.76964],[135.26685,34.78027],[135.26249,34.77531],[135.25676,34.77137],[135.25975,34.76728],[135.25513,34.76271],[135.2584,34.75902],[135.262,34.75175],[135.25831,34.74638],[135.25524,34.74603],[135.25124,34.74186],[135.24574,34.74189],[135.24482,34.73925],[135.24812,34.7357],[135.24683,34.73272],[135.24258,34.73164],[135.24327,34.7238],[135.24607,34.72181],[135.24966,34.71426],[135.2431,34.71199],[135.24513,34.70816],[135.25321,34.70784],[135.25433,34.70034],[135.28798,34.70399],[135.28552,34.71406],[135.29187,34.71591],[135.29427,34.71946],[135.30346,34.7191]]]]}},{"type":"Feature","properties":{"code":"28102","name":"神戸市灘区","pref":"兵庫県","pref_code":"28","cx":135.22063,"cy":34.73065,"bbox":[135.19437,34.6917,135.262,34.77137]},"geometry":{"type":"Polygon","coordinates":[[[135.25676,34.77137],[135.24862,34.77072],[135.23491,34.76719],[135.23472,34.7658],[135.2203,34.76142],[135.21548,34.75769],[135.20396,34.75637],[135.19437,34.75339],[135.19852,34.74716],[135.19591,34.74514],[135.19876,34.72965],[135.19648,34.72419],[135.20105,34.7214],[135.20268,34.71754],[135.20863,34.71725],[135.21887,34.69766],[135.21625,34.69414],[135.2189,34.69549],[135.22402,34.6917],[135.23831,34.69327],[135.23495,34.69854],[135.23976,34.7014],[135.24541,34.69936],[135.25433,34.70034],[135.25321,34.70784],[135.24513,34.70816],[135.2431,34.71199],[135.24966,34.71426],[135.24607,34.72181],[135.24327,34.7238],[135.24258,34.73164],[135.24683,34.73272],[135.24812,34.7357],[135.24482,34.73925],[135.24574,34.74189],[135.25124,34.74186],[135.25524,34.74603],[135.25831,34.74638],[135.262,34.75175],[135.2584,34.75902],[135.25513,34.76271],[135.25975,34.76728],[135.25676,34.77137]]]}},{"type":"Feature","properties":{"code":"28105","name":"神戸市兵庫区","pref":"兵庫県","pref_code":"28","cx":135.16097,"cy":34.68301,"bbox":[135.13775,34.64784,135.18738,34.71454]},"geometry":{"type":"Polygon","coordinates":[[[135.18311,34.6702],[135.18334,34.67319],[135.17565,34.67602],[135.16964,34.68625],[135.1726,34.68788],[135.1769,34.6938],[135.17467,34.69838],[135.17463,34.70416],[135.17209,34.70753],[135.16991,34.71454],[135.16726,34.71101],[135.15287,34.70401],[135.14808,34.69917],[135.14498,34.69933],[135.13775,34.69381],[135.14796,34.6876],[135.15211,34.67978],[135.15577,34.67709],[135.1585,34.6718],[135.15723,34.6678],[135.15953,34.6654],[135.15936,34.65084],[135.16654,34.65184],[135.16716,34.64784],[135.18323,34.64948],[135.18666,34.6522],[135.18055,34.65557],[135.17981,34.66241],[135.186,34.66325],[135.18738,34.66688],[135.18311,34.6702]]]}},{"type":"Feature","properties":{"code":"28106","name":"神戸市長田区","pref":"兵庫県","pref_code":"28","cx":135.14472,"cy":34.6698,"bbox":[135.1241,34.64247,135.16716,34.69413]},"geometry":{"type":"Polygon","coordinates":[[[135.13775,34.69381],[135.13269,34.69413],[135.12678,34.69065],[135.1241,34.68576],[135.13075,34.68348],[135.13227,34.67898],[135.12798,34.67639],[135.13117,34.67281],[135.13231,34.66447],[135.14168,34.6553],[135.1345,34.65052],[135.1397,34.64247],[135.14756,34.64571],[135.16716,34.64784],[135.16654,34.65184],[135.15936,34.65084],[135.15953,34.6654],[135.15723,34.6678],[135.1585,34.6718],[135.15577,34.67709],[135.15211,34.67978],[135.14796,34.6876],[135.13775,34.69381]]]}},{"type":"Feature","properties":{"code":"28107","name":"神戸市須磨区","pref":"兵庫県","pref_code":"28","cx":135.10659,"cy":34.67191,"bbox":[135.06623,34.63472,135.14168,34.70935]},"geometry":{"type":"Polygon","coordinates":[[[135.1241,34.68576],[135.11978,34.68803],[135.11736,34.69502],[135.11372,34.69557],[135.11253,34.70143],[135.10978,34.70543],[135.10204,34.70935],[135.09432,34.70488],[135.0931,34.7065],[135.09288,34.7022],[135.09521,34.69905],[135.09285,34.69295],[135.08283,34.6919],[135.08068,34.68948],[135.07598,34.69263],[135.0702,34.69349],[135.06623,34.68974],[135.07075,34.68795],[135.06765,34.68368],[135.07114,34.6824],[135.07648,34.67478],[135.07893,34.67715],[135.08281,34.67031],[135.07786,34.67101],[135.07689,34.66487],[135.08231,34.66482],[135.08484,34.66678],[135.08906,34.65734],[135.09762,34.65154],[135.09946,34.64755],[135.0954,34.64535],[135.09283,34.64008],[135.09315,34.63472],[135.10226,34.63706],[135.10787,34.64048],[135.12285,34.64236],[135.1397,34.64247],[135.1345,34.65052],[135.14168,34.6553],[135.13231,34.66447],[135.13117,34.67281],[135.12798,34.67639],[135.13227,34.67898],[135.13075,34.68348],[135.1241,34.68576]]]}},{"type":"Feature","properties":{"code":"28108","name":"神戸市垂水区","pref":"兵庫県","pref_code":"28","cx":135.06063,"cy":34.64954,"bbox":[135.01872,34.62474,135.09946,34.67715]},"geometry":{"type":"Polygon","coordinates":[[[135.07648,34.67478],[135.07367,34.67357],[135.06425,34.67608],[135.05873,34.67319],[135.05091,34.67562],[135.04308,34.66843],[135.03679,34.66721],[135.03091,34.65958],[135.02969,34.65527],[135.02012,34.6474],[135.01872,34.64314],[135.02235,34.64143],[135.03215,34.63321],[135.03187,34.63129],[135.04559,34.62474],[135.05125,34.62676],[135.06008,34.62558],[135.07452,34.62832],[135.07427,34.63076],[135.08155,34.63184],[135.08526,34.63374],[135.09315,34.63472],[135.09283,34.64008],[135.0954,34.64535],[135.09946,34.64755],[135.09762,34.65154],[135.08906,34.65734],[135.08484,34.66678],[135.08231,34.66482],[135.07689,34.66487],[135.07786,34.67101],[135.08281,34.67031],[135.07893,34.67715],[135.07648,34.67478]]]}},{"type":"Feature","properties":{"code":"28109","name":"神戸市北区","pref":"兵庫県","pref_code":"28","cx":135.18146,"cy":34.78763,"bbox":[135.06199,34.68576,135.29384,34.88914]},"geometry":{"type":"Polygon","coordinates":[[[135.26685,34.78027],[135.26752,34.781],[135.27095,34.79183],[135.26862,34.7968],[135.26979,34.80185],[135.26091,34.80535],[135.25513,34.80579],[135.25063,34.80817],[135.24666,34.80395],[135.23322,34.81274],[135.2328,34.81897],[135.2297,34.82468],[135.23276,34.83717],[135.23322,34.84535],[135.24403,34.84815],[135.24774,34.84535],[135.26065,34.84204],[135.26556,34.84839],[135.27276,34.84681],[135.28017,34.8476],[135.28585,34.85555],[135.2898,34.85562],[135.29384,34.86133],[135.29197,34.86606],[135.28678,34.87079],[135.28564,34.87892],[135.2804,34.88575],[135.26303,34.88481],[135.24814,34.87784],[135.24194,34.87835],[135.23479,34.87595],[135.22867,34.87255],[135.22188,34.87505],[135.21622,34.87485],[135.20991,34.87837],[135.20121,34.87599],[135.19757,34.87921],[135.19224,34.88043],[135.18242,34.88859],[135.17859,34.88771],[135.16751,34.88914],[135.16258,34.88543],[135.15505,34.88211],[135.15852,34.87617],[135.15619,34.87127],[135.15646,34.86015],[135.15835,34.85118],[135.15539,34.8435],[135.15125,34.84194],[135.14016,34.83449],[135.13755,34.83614],[135.12268,34.83757],[135.11534,34.8456],[135.11142,34.84637],[135.106,34.84356],[135.101,34.83455],[135.09241,34.83232],[135.09232,34.82821],[135.08498,34.82426],[135.08555,34.82174],[135.08116,34.81705],[135.07599,34.81605],[135.07728,34.81206],[135.07495,34.80572],[135.08191,34.80151],[135.08568,34.79358],[135.09408,34.78972],[135.09253,34.78555],[135.09464,34.77862],[135.08604,34.77924],[135.08267,34.77839],[135.07623,34.771],[135.06691,34.76777],[135.06199,34.76403],[135.06743,34.76252],[135.0772,34.76491],[135.08035,34.75826],[135.08508,34.75949],[135.09052,34.75431],[135.0936,34.74454],[135.09368,34.74026],[135.09898,34.73804],[135.09683,34.73377],[135.08735,34.72929],[135.08419,34.7264],[135.09343,34.71745],[135.09433,34.71206],[135.0931,34.7065],[135.09432,34.70488],[135.10204,34.70935],[135.10978,34.70543],[135.11253,34.70143],[135.11372,34.69557],[135.11736,34.69502],[135.11978,34.68803],[135.1241,34.68576],[135.12678,34.69065],[135.13269,34.69413],[135.13775,34.69381],[135.14498,34.69933],[135.14808,34.69917],[135.15287,34.70401],[135.16726,34.71101],[135.16991,34.71454],[135.16956,34.7178],[135.1802,34.71961],[135.19764,34.73476],[135.19591,34.74514],[135.19852,34.74716],[135.19437,34.75339],[135.20396,34.75637],[135.21548,34.75769],[135.2203,34.76142],[135.23472,34.7658],[135.23491,34.76719],[135.24862,34.77072],[135.25676,34.77137],[135.26249,34.77531],[135.26685,34.78027]]]}},{"type":"Feature","properties":{"code":"28110","name":"神戸市中央区","pref":"兵庫県","pref_code":"28","cx":135.19582,"cy":34.70127,"bbox":[135.16956,34.63014,135.24511,34.73476]},"geometry":{"type":"MultiPolygon","coordinates":[[[[135.23655,34.64081],[135.22784,34.64113],[135.21352,34.64],[135.20886,34.63376],[135.20928,34.63014],[135.23871,34.6324],[135.23655,34.64081]]],[[[135.22,34.68278],[135.21029,34.68129],[135.2107,34.67894],[135.20144,34.67363],[135.20236,34.65924],[135.21715,34.65008],[135.24511,34.65082],[135.23889,34.66125],[135.22815,34.65797],[135.22572,34.662],[135.23645,34.66529],[135.2334,34.67105],[135.22112,34.66731],[135.21957,34.66966],[135.23189,34.67343],[135.22802,34.67581],[135.21778,34.67268],[135.21631,34.67506],[135.22552,34.67789],[135.22,34.68278]]],[[[135.19764,34.73476],[135.1802,34.71961],[135.16956,34.7178],[135.16991,34.71454],[135.17209,34.70753],[135.17463,34.70416],[135.17467,34.69838],[135.1769,34.6938],[135.1726,34.68788],[135.16964,34.68625],[135.17565,34.67602],[135.18334,34.67319],[135.18311,34.6702],[135.18939,34.67233],[135.18438,34.68204],[135.19034,34.68141],[135.20076,34.68377],[135.20393,34.68692],[135.2075,34.68429],[135.21818,34.69002],[135.21625,34.69414],[135.21887,34.69766],[135.20863,34.71725],[135.20268,34.71754],[135.20105,34.7214],[135.19648,34.72419],[135.19876,34.72965],[135.19764,34.73476]]]]}},{"type":"Feature","properties":{"code":"28111","name":"神戸市西区","pref":"兵庫県","pref_code":"28","cx":135.00324,"cy":34.71541,"bbox":[134.91005,34.65691,135.09898,34.77562]},"geometry":{"type":"Polygon","coordinates":[[[135.0931,34.7065],[135.09433,34.71206],[135.09343,34.71745],[135.08419,34.7264],[135.08735,34.72929],[135.09683,34.73377],[135.09898,34.73804],[135.09368,34.74026],[135.0936,34.74454],[135.09052,34.75431],[135.08508,34.75949],[135.08035,34.75826],[135.0772,34.76491],[135.06743,34.76252],[135.06199,34.76403],[135.05395,34.76507],[135.051,34.76974],[135.04753,34.77155],[135.04048,34.76973],[135.03867,34.76473],[135.03388,34.766],[135.02562,34.76415],[135.00747,34.76781],[135.00552,34.77015],[135.00063,34.77026],[135.00183,34.77562],[134.99014,34.77398],[134.98055,34.76946],[134.97253,34.76282],[134.96137,34.76302],[134.96642,34.7525],[134.95407,34.73703],[134.94852,34.73259],[134.93583,34.73077],[134.92678,34.72713],[134.91829,34.7261],[134.91245,34.72131],[134.91005,34.72033],[134.91713,34.70728],[134.91898,34.7088],[134.93064,34.69915],[134.93277,34.70207],[134.94051,34.70824],[134.94288,34.71263],[134.95161,34.71159],[134.95966,34.71337],[134.96495,34.71164],[134.96603,34.70768],[134.96328,34.70406],[134.96591,34.69759],[134.96518,34.68558],[134.96733,34.67995],[134.97138,34.6775],[134.97005,34.67148],[134.97439,34.66597],[134.97668,34.65863],[134.97995,34.65771],[134.98373,34.66097],[134.98693,34.6574],[134.9963,34.65903],[134.99973,34.65691],[135.00619,34.65803],[135.01063,34.66148],[135.01391,34.65816],[135.01795,34.65896],[135.0223,34.65735],[135.0264,34.66063],[135.03091,34.65958],[135.03679,34.66721],[135.04308,34.66843],[135.05091,34.67562],[135.05873,34.67319],[135.06425,34.67608],[135.07367,34.67357],[135.07648,34.67478],[135.07114,34.6824],[135.06765,34.68368],[135.07075,34.68795],[135.06623,34.68974],[135.0702,34.69349],[135.07598,34.69263],[135.08068,34.68948],[135.08283,34.6919],[135.09285,34.69295],[135.09521,34.69905],[135.09288,34.7022],[135.0931,34.7065]]]}},{"type":"Feature","properties":{"code":"28201","name":"姫路市","pref":"兵庫県","pref_code":"28","cx":134.66882,"cy":34.92586,"bbox":[134.43464,34.59312,134.81363,35.09434]},"geometry":{"type":"MultiPolygon","coordinates":[[[[134.48401,34.59993],[134.47946,34.59964],[134.4764,34.59312],[134.48224,34.59391],[134.48401,34.59993]]],[[[134.44111,34.65389],[134.43464,34.65194],[134.44135,34.64882],[134.44111,34.65389]]],[[[134.51559,34.65959],[134.5139,34.65452],[134.50246,34.64939],[134.50215,34.64335],[134.51455,34.63652],[134.51789,34.64404],[134.51227,34.64704],[134.51266,34.65036],[134.51824,34.65021],[134.51895,34.65448],[134.51559,34.65959]]],[[[134.48733,34.67161],[134.48489,34.66784],[134.48617,34.66135],[134.48041,34.6589],[134.46707,34.6616],[134.46333,34.65702],[134.4603,34.65086],[134.46091,34.64624],[134.46486,34.64113],[134.46765,34.64036],[134.47381,34.64611],[134.48084,34.6499],[134.48837,34.64939],[134.49252,34.64509],[134.49772,34.64343],[134.50091,34.64551],[134.49752,34.65316],[134.49476,34.65416],[134.49509,34.65944],[134.49043,34.66112],[134.49602,34.66794],[134.49257,34.66806],[134.48733,34.67161]]],[[[134.57338,34.67668],[134.5704,34.67307],[134.5621,34.66935],[134.56242,34.66376],[134.56623,34.66086],[134.571,34.65237],[134.57601,34.65089],[134.578,34.65577],[134.58544,34.65782],[134.59083,34.66203],[134.59041,34.66807],[134.58593,34.67098],[134.58061,34.67084],[134.57955,34.67419],[134.57338,34.67668]]],[[[134.53559,34.68655],[134.53196,34.68354],[134.52594,34.68447],[134.52397,34.68139],[134.51629,34.68157],[134.51053,34.6767],[134.51405,34.6746],[134.51357,34.67073],[134.51745,34.66816],[134.52529,34.66669],[134.53485,34.66093],[134.53613,34.65838],[134.5419,34.65819],[134.54555,34.66453],[134.54295,34.67004],[134.54538,34.67411],[134.53807,34.67874],[134.5321,34.67683],[134.53559,34.68655]]],[[[134.70195,34.7708],[134.69267,34.76827],[134.69086,34.7602],[134.69794,34.75996],[134.70195,34.7708]]],[[[134.60555,34.77221],[134.59307,34.76952],[134.59632,34.75974],[134.60032,34.76507],[134.60627,34.7664],[134.60555,34.77221]]],[[[134.66337,34.76544],[134.66745,34.77017],[134.66184,34.77236],[134.65722,34.76517],[134.66337,34.76544]]],[[[134.72031,35.05315],[134.7174,35.05653],[134.71005,35.05374],[134.70151,35.05846],[134.70175,35.06406],[134.6985,35.0685],[134.70055,35.07556],[134.6856,35.08203],[134.68324,35.08516],[134.68329,35.09265],[134.67537,35.09434],[134.66385,35.08988],[134.66006,35.08125],[134.65178,35.08477],[134.65024,35.08753],[134.63699,35.08806],[134.62507,35.08213],[134.6237,35.08645],[134.61816,35.08505],[134.61372,35.07754],[134.60618,35.06934],[134.60534,35.06188],[134.59801,35.05036],[134.59139,35.04345],[134.59407,35.0407],[134.59131,35.03515],[134.59217,35.02597],[134.59437,35.02255],[134.59246,35.0164],[134.58947,35.01172],[134.58294,35.00556],[134.58463,35.00003],[134.5793,34.99421],[134.5787,34.98713],[134.57541,34.98827],[134.57039,34.98583],[134.56667,34.98195],[134.56445,34.97209],[134.56787,34.96927],[134.57337,34.96803],[134.57421,34.96429],[134.57045,34.95432],[134.57254,34.94803],[134.57316,34.93497],[134.56818,34.93101],[134.56791,34.92749],[134.57189,34.9114],[134.56614,34.90874],[134.56341,34.90324],[134.5711,34.89636],[134.57746,34.89525],[134.59339,34.89834],[134.59802,34.89491],[134.59802,34.88743],[134.59666,34.88311],[134.59844,34.88042],[134.59142,34.87604],[134.59164,34.87315],[134.5874,34.87018],[134.58454,34.86401],[134.58473,34.86018],[134.58877,34.85643],[134.5966,34.85849],[134.59989,34.8557],[134.59954,34.85243],[134.607,34.84962],[134.60974,34.85213],[134.61694,34.85285],[134.61901,34.8505],[134.61528,34.84623],[134.6232,34.84301],[134.6232,34.83953],[134.62839,34.83751],[134.62765,34.83117],[134.63003,34.82844],[134.6273,34.82084],[134.62291,34.82116],[134.61951,34.81783],[134.60311,34.82008],[134.6063,34.82234],[134.60437,34.82636],[134.5955,34.82765],[134.59046,34.82406],[134.58346,34.82315],[134.58143,34.82029],[134.58141,34.81348],[134.57786,34.81328],[134.57752,34.80903],[134.56532,34.80678],[134.55749,34.80933],[134.55916,34.8059],[134.56972,34.79638],[134.573,34.78922],[134.57383,34.77931],[134.57051,34.77268],[134.5714,34.76547],[134.56988,34.75803],[134.57301,34.758],[134.58644,34.76186],[134.58484,34.76873],[134.60353,34.77466],[134.60878,34.77499],[134.61154,34.7678],[134.62395,34.77317],[134.62863,34.77314],[134.6287,34.77843],[134.62349,34.77972],[134.62244,34.78376],[134.64231,34.78377],[134.64393,34.78028],[134.63431,34.77951],[134.63195,34.77752],[134.6334,34.76731],[134.64573,34.76732],[134.64615,34.77945],[134.65385,34.77951],[134.6501,34.77443],[134.65258,34.77059],[134.66077,34.78381],[134.6635,34.78474],[134.67028,34.78002],[134.66637,34.77648],[134.66171,34.77699],[134.65974,34.77382],[134.66787,34.7706],[134.67369,34.77649],[134.67684,34.77346],[134.68334,34.77207],[134.68531,34.77816],[134.6891,34.77749],[134.68774,34.77123],[134.69284,34.77018],[134.70193,34.77209],[134.69944,34.77611],[134.71151,34.77656],[134.72545,34.77117],[134.7408,34.76816],[134.74631,34.7688],[134.76131,34.76215],[134.76753,34.77695],[134.76724,34.78195],[134.76277,34.78553],[134.76303,34.78848],[134.75974,34.79205],[134.7565,34.78584],[134.75334,34.78456],[134.75156,34.77952],[134.74811,34.78164],[134.74508,34.78775],[134.74843,34.78983],[134.74538,34.79626],[134.74687,34.79878],[134.75351,34.79513],[134.75581,34.79706],[134.76292,34.79761],[134.76817,34.80462],[134.77358,34.80845],[134.77155,34.81329],[134.77852,34.81581],[134.77487,34.82383],[134.76847,34.82187],[134.76361,34.82538],[134.76478,34.83035],[134.773,34.82979],[134.77336,34.83553],[134.77689,34.83931],[134.78161,34.83905],[134.78498,34.83667],[134.79892,34.83991],[134.79879,34.84452],[134.80082,34.8474],[134.80136,34.85517],[134.79492,34.86253],[134.79759,34.86602],[134.80706,34.86218],[134.81363,34.8671],[134.80842,34.87077],[134.80782,34.87486],[134.80424,34.87474],[134.78923,34.88115],[134.78983,34.88354],[134.78609,34.88739],[134.78844,34.8912],[134.79403,34.89553],[134.79383,34.90141],[134.79671,34.90559],[134.79591,34.91203],[134.79375,34.91786],[134.79219,34.92008],[134.78476,34.91761],[134.77903,34.92311],[134.77004,34.92424],[134.76536,34.9348],[134.75578,34.93618],[134.75074,34.93461],[134.74682,34.93762],[134.72899,34.93815],[134.72911,34.9428],[134.72489,34.9444],[134.7252,34.94775],[134.71751,34.95282],[134.71507,34.95734],[134.71827,34.96233],[134.71739,34.9661],[134.71286,34.97293],[134.70648,34.97391],[134.70495,34.98014],[134.70942,34.98348],[134.7123,34.99381],[134.70844,34.99912],[134.70082,35.00133],[134.69853,35.00954],[134.69508,35.01171],[134.69826,35.01758],[134.706,35.01985],[134.70806,35.02313],[134.71029,35.03158],[134.71421,35.03437],[134.72065,35.03552],[134.72146,35.04203],[134.71835,35.04373],[134.72031,35.05315]]]]}},{"type":"Feature","properties":{"code":"28202","name":"尼崎市","pref":"兵庫県","pref_code":"28","cx":135.41429,"cy":34.7269,"bbox":[135.3685,34.67657,135.46017,34.78123]},"geometry":{"type":"Polygon","coordinates":[[[135.4447,34.76853],[135.44322,34.77262],[135.43635,34.77158],[135.42173,34.76775],[135.41622,34.76246],[135.41695,34.75801],[135.40575,34.7638],[135.39851,34.76094],[135.39205,34.76524],[135.38962,34.77082],[135.384,34.76874],[135.38284,34.77385],[135.37889,34.77883],[135.37345,34.78123],[135.37431,34.76657],[135.37335,34.7573],[135.37673,34.74548],[135.38007,34.73981],[135.37962,34.73088],[135.38392,34.72377],[135.38418,34.72116],[135.37849,34.7063],[135.37243,34.69361],[135.37375,34.69302],[135.3685,34.68316],[135.37123,34.68077],[135.37672,34.68568],[135.37532,34.68744],[135.37761,34.69266],[135.38166,34.69111],[135.38931,34.69192],[135.39603,34.70032],[135.40013,34.69755],[135.39266,34.68821],[135.382,34.68227],[135.37559,34.67991],[135.37618,34.67657],[135.39197,34.68004],[135.40635,34.6976],[135.41286,34.702],[135.42457,34.7059],[135.42958,34.71135],[135.44581,34.71809],[135.44811,34.72169],[135.44564,34.73003],[135.44899,34.7341],[135.45933,34.73349],[135.46017,34.74789],[135.45935,34.75203],[135.45007,34.76003],[135.45041,34.76632],[135.4447,34.76853]]]}},{"type":"Feature","properties":{"code":"28203","name":"明石市","pref":"兵庫県","pref_code":"28","cx":134.93392,"cy":34.68277,"bbox":[134.86289,34.64167,135.03091,34.72559]},"geometry":{"type":"MultiPolygon","coordinates":[[[[134.86289,34.68992],[134.8776,34.68441],[134.88399,34.69187],[134.88104,34.6948],[134.8697,34.70141],[134.86289,34.68992]]],[[[135.03091,34.65958],[135.0264,34.66063],[135.0223,34.65735],[135.01795,34.65896],[135.01391,34.65816],[135.01063,34.66148],[135.00619,34.65803],[134.99973,34.65691],[134.9963,34.65903],[134.98693,34.6574],[134.98373,34.66097],[134.97995,34.65771],[134.97668,34.65863],[134.97439,34.66597],[134.97005,34.67148],[134.97138,34.6775],[134.96733,34.67995],[134.96518,34.68558],[134.96591,34.69759],[134.96328,34.70406],[134.96603,34.70768],[134.96495,34.71164],[134.95966,34.71337],[134.95161,34.71159],[134.94288,34.71263],[134.94051,34.70824],[134.93277,34.70207],[134.93064,34.69915],[134.91898,34.7088],[134.91713,34.70728],[134.91005,34.72033],[134.91245,34.72131],[134.90689,34.72482],[134.89998,34.72559],[134.89289,34.72434],[134.89072,34.72123],[134.88541,34.71897],[134.88058,34.71022],[134.87556,34.70852],[134.87054,34.70285],[134.8768,34.69996],[134.89559,34.68901],[134.90762,34.67649],[134.9163,34.67531],[134.92967,34.67103],[134.93598,34.66641],[134.94468,34.66174],[134.95722,34.65208],[134.97263,34.64382],[134.98785,34.64167],[134.99034,34.6453],[134.99457,34.64199],[135.01176,34.64213],[135.01872,34.64314],[135.02012,34.6474],[135.02969,34.65527],[135.03091,34.65958]]]]}},{"type":"Feature","properties":{"code":"28204","name":"西宮市","pref":"兵庫県","pref_code":"28","cx":135.32157,"cy":34.77426,"bbox":[135.2297,34.68846,135.38418,34.86133]},"geometry":{"type":"MultiPolygon","coordinates":[[[[135.34359,34.71527],[135.34241,34.71366],[135.34501,34.70478],[135.347,34.70287],[135.35305,34.70733],[135.34359,34.71527]]],[[[135.33031,34.72211],[135.32481,34.71699],[135.32483,34.71037],[135.33881,34.71092],[135.34116,34.71579],[135.33467,34.72127],[135.33031,34.72211]]],[[[135.26752,34.781],[135.28454,34.78072],[135.28693,34.77715],[135.29477,34.77539],[135.29974,34.76591],[135.30453,34.76346],[135.30628,34.75982],[135.31195,34.754],[135.31635,34.74476],[135.31744,34.73948],[135.32054,34.73665],[135.32392,34.73059],[135.32434,34.72584],[135.33256,34.7231],[135.33586,34.7257],[135.33895,34.72231],[135.34896,34.71467],[135.35032,34.71521],[135.36008,34.70616],[135.36391,34.70507],[135.3539,34.69682],[135.36324,34.68846],[135.36862,34.69271],[135.37243,34.69361],[135.37849,34.7063],[135.38418,34.72116],[135.38392,34.72377],[135.37962,34.73088],[135.38007,34.73981],[135.37673,34.74548],[135.37335,34.7573],[135.37431,34.76657],[135.37345,34.78123],[135.37236,34.78445],[135.36911,34.78091],[135.36959,34.7762],[135.36327,34.77612],[135.35309,34.77317],[135.34247,34.77534],[135.3407,34.78043],[135.33304,34.78242],[135.32631,34.78086],[135.31703,34.78774],[135.31199,34.7891],[135.30411,34.7879],[135.30697,34.79212],[135.30201,34.80099],[135.31559,34.80774],[135.32152,34.80749],[135.33766,34.8156],[135.33301,34.82209],[135.32528,34.8294],[135.32429,34.83437],[135.31603,34.84695],[135.31371,34.84886],[135.31612,34.85304],[135.31554,34.85623],[135.31184,34.85786],[135.30574,34.8547],[135.30067,34.85415],[135.30072,34.85932],[135.29384,34.86133],[135.2898,34.85562],[135.28585,34.85555],[135.28017,34.8476],[135.27276,34.84681],[135.26556,34.84839],[135.26065,34.84204],[135.24774,34.84535],[135.24403,34.84815],[135.23322,34.84535],[135.23276,34.83717],[135.2297,34.82468],[135.2328,34.81897],[135.23322,34.81274],[135.24666,34.80395],[135.25063,34.80817],[135.25513,34.80579],[135.26091,34.80535],[135.26979,34.80185],[135.26862,34.7968],[135.27095,34.79183],[135.26752,34.781]]]]}},{"type":"Feature","properties":{"code":"28205","name":"洲本市","pref":"兵庫県","pref_code":"28","cx":134.87982,"cy":34.33344,"bbox":[134.74061,34.23991,134.95401,34.42724]},"geometry":{"type":"Polygon","coordinates":[[[134.8947,34.39898],[134.88048,34.3944],[134.8812,34.40359],[134.87439,34.41197],[134.86397,34.41364],[134.85816,34.40386],[134.85437,34.40172],[134.84815,34.40364],[134.84166,34.41244],[134.8432,34.42031],[134.83903,34.42213],[134.8334,34.42224],[134.8272,34.42009],[134.82039,34.42045],[134.81354,34.42255],[134.81248,34.42649],[134.80762,34.42373],[134.79947,34.42392],[134.79589,34.42639],[134.78795,34.42724],[134.78319,34.41696],[134.77559,34.41141],[134.76673,34.39136],[134.76377,34.38695],[134.7595,34.38452],[134.75495,34.38477],[134.74061,34.35245],[134.74805,34.35411],[134.7577,34.35328],[134.75854,34.34837],[134.76647,34.34866],[134.77196,34.3515],[134.77966,34.34893],[134.7837,34.35131],[134.78823,34.34807],[134.80073,34.34859],[134.80108,34.34999],[134.81035,34.35273],[134.81565,34.35555],[134.81912,34.34732],[134.82646,34.34254],[134.82589,34.33878],[134.83553,34.33669],[134.84008,34.33411],[134.84799,34.33278],[134.84055,34.32737],[134.84308,34.32497],[134.84403,34.31987],[134.84008,34.31585],[134.83595,34.3188],[134.8354,34.30888],[134.83949,34.3061],[134.8415,34.3002],[134.83956,34.29582],[134.84225,34.28691],[134.8415,34.28015],[134.83716,34.27744],[134.83745,34.2737],[134.83463,34.26965],[134.84415,34.26588],[134.84658,34.26602],[134.85035,34.25833],[134.85557,34.25673],[134.85715,34.25236],[134.86249,34.24725],[134.86815,34.24442],[134.8715,34.23991],[134.87968,34.24228],[134.89074,34.24734],[134.89844,34.25215],[134.90677,34.25448],[134.91431,34.25539],[134.92407,34.25798],[134.93695,34.26279],[134.95164,34.26653],[134.95401,34.27421],[134.94896,34.27434],[134.94752,34.2806],[134.94908,34.28681],[134.94396,34.29712],[134.93437,34.30339],[134.92854,34.30523],[134.92097,34.31144],[134.91816,34.31734],[134.91773,34.3239],[134.9149,34.33654],[134.91179,34.34079],[134.90359,34.34118],[134.899,34.34585],[134.89371,34.3532],[134.89588,34.35698],[134.89607,34.3664],[134.89801,34.36914],[134.89645,34.37682],[134.8947,34.39898]]]}},{"type":"Feature","properties":{"code":"28206","name":"芦屋市","pref":"兵庫県","pref_code":"28","cx":135.30075,"cy":34.74632,"bbox":[135.26685,34.70485,135.32434,34.781]},"geometry":{"type":"MultiPolygon","coordinates":[[[[135.32211,34.71208],[135.32194,34.71641],[135.30623,34.7133],[135.30849,34.70768],[135.31183,34.70564],[135.32095,34.70485],[135.3193,34.71149],[135.32211,34.71208]]],[[[135.30356,34.71885],[135.30602,34.71449],[135.32395,34.7181],[135.32434,34.72584],[135.32392,34.73059],[135.32054,34.73665],[135.31744,34.73948],[135.31635,34.74476],[135.31195,34.754],[135.30628,34.75982],[135.30453,34.76346],[135.29974,34.76591],[135.29477,34.77539],[135.28693,34.77715],[135.28454,34.78072],[135.26752,34.781],[135.26685,34.78027],[135.27243,34.76964],[135.27581,34.76641],[135.28064,34.75864],[135.28015,34.75195],[135.28713,34.74787],[135.28433,34.74439],[135.29069,34.73862],[135.29613,34.72838],[135.2996,34.72844],[135.30356,34.71885]]]]}},{"type":"Feature","properties":{"code":"28207","name":"伊丹市","pref":"兵庫県","pref_code":"28","cx":135.40775,"cy":34.78505,"bbox":[135.36978,34.75801,135.44618,34.81483]},"geometry":{"type":"Polygon","coordinates":[[[135.4447,34.76853],[135.44618,34.77529],[135.44513,34.78074],[135.4417,34.78886],[135.42911,34.80152],[135.42374,34.80205],[135.4099,34.80169],[135.40411,34.80049],[135.40065,34.80834],[135.3948,34.80575],[135.38919,34.81483],[135.37538,34.81076],[135.38339,34.79611],[135.37844,34.79087],[135.36978,34.7924],[135.37345,34.78123],[135.37889,34.77883],[135.38284,34.77385],[135.384,34.76874],[135.38962,34.77082],[135.39205,34.76524],[135.39851,34.76094],[135.40575,34.7638],[135.41695,34.75801],[135.41622,34.76246],[135.42173,34.76775],[135.43635,34.77158],[135.44322,34.77262],[135.4447,34.76853]]]}},{"type":"Feature","properties":{"code":"28208","name":"相生市","pref":"兵庫県","pref_code":"28","cx":134.44524,"cy":34.83695,"bbox":[134.40852,34.75372,134.50364,34.92169]},"geometry":{"type":"Polygon","coordinates":[[[134.47426,34.75521],[134.47779,34.76504],[134.47668,34.77152],[134.4802,34.77225],[134.4825,34.77583],[134.48773,34.77636],[134.49833,34.78059],[134.50296,34.78534],[134.49809,34.7933],[134.49772,34.79762],[134.50199,34.80175],[134.50098,34.80882],[134.50364,34.81333],[134.49943,34.81905],[134.4983,34.83027],[134.4909,34.82601],[134.48757,34.82575],[134.48236,34.83037],[134.47934,34.83535],[134.48109,34.83911],[134.47568,34.84333],[134.47488,34.84735],[134.47124,34.84925],[134.46693,34.84763],[134.46385,34.86145],[134.46556,34.86375],[134.47065,34.86326],[134.47566,34.86512],[134.48106,34.86952],[134.48358,34.87421],[134.4846,34.87975],[134.49176,34.88436],[134.48816,34.88655],[134.49024,34.89097],[134.49598,34.89319],[134.4894,34.89971],[134.49145,34.90472],[134.48043,34.91115],[134.48079,34.91742],[134.48465,34.92169],[134.47487,34.92118],[134.47055,34.91071],[134.46249,34.90889],[134.46089,34.9104],[134.44858,34.90897],[134.44546,34.90939],[134.44292,34.90462],[134.43987,34.90307],[134.4341,34.90406],[134.4332,34.89675],[134.42612,34.89452],[134.41991,34.88707],[134.41921,34.8817],[134.42441,34.87914],[134.41586,34.86413],[134.4156,34.85478],[134.40914,34.84928],[134.40852,34.83832],[134.41227,34.83559],[134.41347,34.83037],[134.40916,34.82442],[134.41721,34.81566],[134.42544,34.80885],[134.42234,34.79776],[134.42585,34.78945],[134.43058,34.78661],[134.43443,34.78969],[134.44227,34.79066],[134.44378,34.78737],[134.44161,34.78456],[134.44065,34.7752],[134.44965,34.77443],[134.45939,34.76867],[134.45765,34.76212],[134.4508,34.75372],[134.45693,34.75609],[134.45798,34.76001],[134.46432,34.76427],[134.46073,34.76888],[134.45682,34.77889],[134.45728,34.7858],[134.46138,34.78857],[134.46467,34.78802],[134.46803,34.79272],[134.47596,34.78454],[134.46968,34.7843],[134.46967,34.77842],[134.47222,34.77703],[134.46997,34.77168],[134.47057,34.76577],[134.47347,34.75995],[134.47426,34.75521]]]}},{"type":"Feature","properties":{"code":"28209","name":"豊岡市","pref":"兵庫県","pref_code":"28","cx":134.77639,"cy":35.52736,"bbox":[134.61647,35.38571,135.05182,35.66968]},"geometry":{"type":"Polygon","coordinates":[[[134.93435,35.40741],[134.94615,35.41331],[134.95493,35.40848],[134.95893,35.40911],[134.96402,35.40615],[134.96512,35.40339],[134.97095,35.39895],[134.98076,35.39837],[134.98861,35.39283],[134.98707,35.38888],[134.99055,35.38571],[135.00197,35.38705],[135.00538,35.39065],[135.01187,35.39173],[135.01443,35.39412],[135.01924,35.39412],[135.02359,35.40104],[135.02972,35.40558],[135.03003,35.4101],[135.0384,35.40975],[135.04874,35.40736],[135.05025,35.41366],[135.04944,35.42032],[135.04703,35.4239],[135.0471,35.42992],[135.04938,35.44014],[135.05182,35.44249],[135.0498,35.45107],[135.04537,35.45507],[135.04375,35.46598],[135.04177,35.46741],[135.04104,35.4733],[135.03512,35.47703],[135.03566,35.48023],[135.04013,35.48166],[135.04221,35.48908],[135.04216,35.49406],[135.03242,35.49759],[135.04129,35.50374],[135.04516,35.50869],[135.04288,35.51139],[135.04296,35.52001],[135.04084,35.52166],[135.03936,35.52848],[135.03619,35.53061],[135.03695,35.53857],[135.02719,35.54003],[135.01751,35.53796],[135.00801,35.53363],[134.99342,35.53431],[134.98825,35.52954],[134.98204,35.52845],[134.97926,35.52397],[134.97406,35.52505],[134.96527,35.51982],[134.96344,35.51452],[134.95821,35.51297],[134.95265,35.51454],[134.94211,35.5142],[134.93006,35.51168],[134.92336,35.51631],[134.92315,35.52169],[134.91513,35.52771],[134.9172,35.52948],[134.91929,35.53812],[134.91481,35.54494],[134.90313,35.5494],[134.90088,35.55606],[134.88829,35.56016],[134.88105,35.56403],[134.88121,35.56738],[134.87576,35.57395],[134.86606,35.58106],[134.86273,35.58692],[134.85612,35.58655],[134.85404,35.58928],[134.86552,35.59937],[134.86741,35.60843],[134.86648,35.61352],[134.87068,35.61483],[134.8739,35.62116],[134.87031,35.63159],[134.87131,35.6363],[134.8672,35.63629],[134.86584,35.64497],[134.86769,35.64968],[134.86417,35.65181],[134.8675,35.65823],[134.86134,35.6581],[134.85748,35.65996],[134.8495,35.65476],[134.84522,35.64909],[134.8424,35.64269],[134.83939,35.64291],[134.83356,35.64879],[134.83736,35.6513],[134.83926,35.65568],[134.83628,35.65668],[134.82633,35.65537],[134.81397,35.66381],[134.80476,35.66396],[134.79546,35.66968],[134.79266,35.66672],[134.78438,35.66663],[134.78095,35.66213],[134.77564,35.66147],[134.77391,35.65892],[134.76507,35.66075],[134.76105,35.66416],[134.75744,35.66119],[134.74499,35.66191],[134.7439,35.65955],[134.7368,35.65991],[134.73321,35.65845],[134.73083,35.65241],[134.72121,35.64497],[134.71758,35.637],[134.71327,35.63477],[134.71543,35.6261],[134.7194,35.62066],[134.7165,35.6195],[134.7097,35.61045],[134.71142,35.60481],[134.71011,35.60067],[134.69706,35.58754],[134.69151,35.57849],[134.68798,35.57512],[134.68156,35.57339],[134.67056,35.57425],[134.66766,35.57183],[134.66189,35.57196],[134.65747,35.56619],[134.6538,35.5648],[134.651,35.55016],[134.64541,35.54186],[134.64015,35.5419],[134.63663,35.53747],[134.6391,35.5347],[134.6371,35.52702],[134.63267,35.52462],[134.62862,35.52499],[134.62408,35.52246],[134.6174,35.5239],[134.61678,35.51969],[134.61928,35.51289],[134.61647,35.51067],[134.6188,35.50523],[134.61843,35.50195],[134.62415,35.50114],[134.62673,35.49795],[134.6366,35.4942],[134.63701,35.48863],[134.63997,35.48558],[134.64404,35.47805],[134.63542,35.46591],[134.63567,35.45893],[134.63126,35.45524],[134.63085,35.44684],[134.63601,35.43225],[134.64269,35.4277],[134.65382,35.42937],[134.66018,35.43274],[134.66769,35.42911],[134.67504,35.42846],[134.67929,35.42622],[134.68363,35.42798],[134.68752,35.42665],[134.69645,35.42935],[134.70376,35.42818],[134.70473,35.42574],[134.71066,35.42429],[134.71685,35.42446],[134.72222,35.42839],[134.72784,35.42327],[134.7386,35.421],[134.74308,35.4215],[134.74739,35.42428],[134.75137,35.43051],[134.7452,35.43641],[134.74564,35.44011],[134.74883,35.44329],[134.76322,35.44353],[134.7674,35.44709],[134.77206,35.44757],[134.7846,35.44223],[134.79191,35.44145],[134.79048,35.44763],[134.79656,35.44849],[134.80118,35.45121],[134.80868,35.45185],[134.81305,35.44809],[134.81743,35.4465],[134.81989,35.43813],[134.82635,35.43576],[134.83393,35.43153],[134.83556,35.42715],[134.83973,35.42539],[134.84167,35.41705],[134.84516,35.41155],[134.84933,35.4089],[134.85696,35.40757],[134.86251,35.40995],[134.87757,35.40572],[134.87896,35.4036],[134.88897,35.40452],[134.90195,35.40425],[134.90305,35.41368],[134.91064,35.41765],[134.91539,35.42175],[134.91994,35.42113],[134.92386,35.41669],[134.92925,35.41358],[134.93435,35.40741]]]}},{"type":"Feature","properties":{"code":"28210","name":"加古川市","pref":"兵庫県","pref_code":"28","cx":134.87117,"cy":34.78675,"bbox":[134.76361,34.70635,134.93507,34.8671]},"geometry":{"type":"Polygon","coordinates":[[[134.77852,34.81581],[134.78242,34.81436],[134.79063,34.81447],[134.79759,34.80941],[134.79916,34.80547],[134.7978,34.80122],[134.80458,34.79316],[134.8035,34.79126],[134.80888,34.78685],[134.81425,34.78664],[134.81221,34.78121],[134.81934,34.78023],[134.82086,34.77422],[134.81338,34.77105],[134.80949,34.76574],[134.80822,34.75633],[134.81055,34.74601],[134.80868,34.73209],[134.81294,34.73071],[134.8088,34.71848],[134.82658,34.70635],[134.82854,34.71016],[134.83658,34.70737],[134.84362,34.72058],[134.84821,34.71959],[134.84726,34.71533],[134.84928,34.72118],[134.85719,34.72568],[134.86484,34.72816],[134.87408,34.72698],[134.87987,34.7303],[134.88566,34.72449],[134.89072,34.72123],[134.89289,34.72434],[134.89998,34.72559],[134.89854,34.72899],[134.89317,34.73252],[134.88958,34.73262],[134.88778,34.73862],[134.88357,34.74262],[134.88833,34.7449],[134.88013,34.75582],[134.88054,34.7604],[134.88404,34.7638],[134.89013,34.76267],[134.89251,34.76526],[134.89177,34.77127],[134.89682,34.77744],[134.90749,34.7723],[134.91134,34.77469],[134.91883,34.77606],[134.9321,34.76846],[134.9331,34.77757],[134.93507,34.77909],[134.92574,34.7957],[134.92564,34.80146],[134.92848,34.80675],[134.92742,34.81035],[134.91989,34.81998],[134.92053,34.82435],[134.91586,34.82623],[134.90074,34.82486],[134.89613,34.82767],[134.8901,34.8287],[134.88838,34.83295],[134.88424,34.83523],[134.88263,34.83975],[134.87281,34.84009],[134.86763,34.84359],[134.8644,34.84963],[134.85765,34.8541],[134.8521,34.85228],[134.84244,34.85499],[134.8287,34.85745],[134.82467,34.85399],[134.81605,34.85312],[134.81444,34.8562],[134.81691,34.86439],[134.81363,34.8671],[134.80706,34.86218],[134.79759,34.86602],[134.79492,34.86253],[134.80136,34.85517],[134.80082,34.8474],[134.79879,34.84452],[134.79892,34.83991],[134.78498,34.83667],[134.78161,34.83905],[134.77689,34.83931],[134.77336,34.83553],[134.773,34.82979],[134.76478,34.83035],[134.76361,34.82538],[134.76847,34.82187],[134.77487,34.82383],[134.77852,34.81581]]]}},{"type":"Feature","properties":{"code":"28212","name":"赤穂市","pref":"兵庫県","pref_code":"28","cx":134.37208,"cy":34.79017,"bbox":[134.29561,34.72479,134.45939,34.85634]},"geometry":{"type":"Polygon","coordinates":[[[134.41218,34.85154],[134.40828,34.85423],[134.40217,34.85037],[134.39873,34.84585],[134.3918,34.84401],[134.3864,34.83981],[134.38283,34.84088],[134.37908,34.84958],[134.37329,34.85557],[134.36575,34.85634],[134.36675,34.84686],[134.36545,34.84223],[134.3572,34.84645],[134.35231,34.84738],[134.3441,34.84547],[134.33762,34.85265],[134.3337,34.84952],[134.32605,34.84824],[134.32326,34.84597],[134.32076,34.83874],[134.32269,34.83282],[134.32218,34.8269],[134.3146,34.82614],[134.31393,34.82267],[134.30767,34.82528],[134.29866,34.82307],[134.29561,34.81806],[134.29814,34.81362],[134.30154,34.81463],[134.30735,34.81092],[134.30634,34.80862],[134.31129,34.80255],[134.31636,34.80257],[134.31647,34.79721],[134.31921,34.78819],[134.31583,34.78104],[134.32327,34.77426],[134.3296,34.77424],[134.33067,34.77105],[134.33479,34.76889],[134.33307,34.76574],[134.32153,34.76171],[134.31845,34.75626],[134.31662,34.74413],[134.31303,34.7384],[134.3176,34.7352],[134.32082,34.73537],[134.32365,34.73104],[134.32105,34.72918],[134.32386,34.72479],[134.3288,34.73069],[134.33967,34.73889],[134.34409,34.73878],[134.34498,34.73547],[134.35242,34.73661],[134.35493,34.73925],[134.36382,34.74085],[134.36312,34.74615],[134.35814,34.7466],[134.36081,34.75103],[134.36851,34.74478],[134.3739,34.73656],[134.37994,34.73621],[134.37564,34.73154],[134.38528,34.72612],[134.38752,34.73056],[134.3929,34.72901],[134.4051,34.72965],[134.40655,34.72691],[134.41626,34.73125],[134.41746,34.73403],[134.42309,34.73729],[134.42794,34.74535],[134.43434,34.7476],[134.42608,34.75519],[134.43233,34.76066],[134.42991,34.76255],[134.43309,34.76617],[134.43717,34.76602],[134.44971,34.76891],[134.45539,34.76712],[134.45333,34.76123],[134.44952,34.75774],[134.4508,34.75372],[134.45765,34.76212],[134.45939,34.76867],[134.44965,34.77443],[134.44065,34.7752],[134.44161,34.78456],[134.44378,34.78737],[134.44227,34.79066],[134.43443,34.78969],[134.43058,34.78661],[134.42585,34.78945],[134.42234,34.79776],[134.42544,34.80885],[134.41721,34.81566],[134.40916,34.82442],[134.41347,34.83037],[134.41227,34.83559],[134.40852,34.83832],[134.40914,34.84928],[134.41218,34.85154]]]}},{"type":"Feature","properties":{"code":"28213","name":"西脇市","pref":"兵庫県","pref_code":"28","cx":134.99893,"cy":35.01454,"bbox":[134.89182,34.95284,135.10076,35.07181]},"geometry":{"type":"Polygon","coordinates":[[[135.09599,35.05498],[135.08832,35.05325],[135.08565,35.05448],[135.08075,35.05142],[135.0694,35.04768],[135.0633,35.04689],[135.06043,35.05374],[135.05241,35.05158],[135.04874,35.05259],[135.03804,35.05259],[135.03115,35.05475],[135.02634,35.05782],[135.02519,35.06234],[135.02519,35.07178],[135.01946,35.07104],[135.01162,35.07181],[134.99915,35.06915],[134.99144,35.06878],[134.98361,35.0711],[134.9786,35.07015],[134.97657,35.06186],[134.96406,35.05529],[134.96605,35.05138],[134.97147,35.04604],[134.97181,35.03829],[134.96471,35.03693],[134.96195,35.03129],[134.95772,35.03171],[134.95495,35.03709],[134.94604,35.03786],[134.94267,35.03401],[134.94934,35.03334],[134.94567,35.02885],[134.94762,35.02393],[134.93403,35.01676],[134.93424,35.01231],[134.92795,35.00755],[134.92843,34.99802],[134.9277,34.99247],[134.9204,34.98178],[134.91501,34.9836],[134.90262,34.98147],[134.89885,34.98694],[134.89198,34.98116],[134.89182,34.97664],[134.89378,34.97133],[134.89454,34.96459],[134.89965,34.9653],[134.90141,34.96288],[134.90799,34.96141],[134.91209,34.95828],[134.91687,34.95956],[134.92587,34.95655],[134.92995,34.95794],[134.93385,34.96057],[134.93742,34.95881],[134.94544,34.96048],[134.95299,34.95894],[134.95913,34.95898],[134.96291,34.96105],[134.96689,34.95476],[134.97312,34.95284],[134.98148,34.95638],[134.98401,34.95969],[134.99556,34.95884],[135.00129,34.96047],[135.004,34.96466],[135.00982,34.96236],[135.01499,34.96613],[135.02445,34.96483],[135.02784,34.96701],[135.03166,34.96535],[135.0365,34.96819],[135.04111,34.9686],[135.04526,34.97379],[135.05138,34.9769],[135.05241,34.98167],[135.05035,34.98545],[135.0452,34.98702],[135.04502,34.99662],[135.05042,35.00266],[135.05491,35.00363],[135.05943,35.0089],[135.06557,35.01697],[135.06634,35.02151],[135.07391,35.02739],[135.07768,35.02747],[135.07911,35.03155],[135.08502,35.03681],[135.09475,35.04054],[135.10076,35.0486],[135.09859,35.05372],[135.09599,35.05498]]]}},{"type":"Feature","properties":{"code":"28214","name":"宝塚市","pref":"兵庫県","pref_code":"28","cx":135.31978,"cy":34.86753,"bbox":[135.27446,34.77317,135.41129,34.96238]},"geometry":{"type":"Polygon","coordinates":[[[135.29384,34.86133],[135.30072,34.85932],[135.30067,34.85415],[135.30574,34.8547],[135.31184,34.85786],[135.31554,34.85623],[135.31612,34.85304],[135.31371,34.84886],[135.31603,34.84695],[135.32429,34.83437],[135.32528,34.8294],[135.33301,34.82209],[135.33766,34.8156],[135.32152,34.80749],[135.31559,34.80774],[135.30201,34.80099],[135.30697,34.79212],[135.30411,34.7879],[135.31199,34.7891],[135.31703,34.78774],[135.32631,34.78086],[135.33304,34.78242],[135.3407,34.78043],[135.34247,34.77534],[135.35309,34.77317],[135.36327,34.77612],[135.36959,34.7762],[135.36911,34.78091],[135.37236,34.78445],[135.36978,34.7924],[135.37844,34.79087],[135.38339,34.79611],[135.37538,34.81076],[135.38919,34.81483],[135.3948,34.80575],[135.40065,34.80834],[135.40165,34.81161],[135.40004,34.82417],[135.40352,34.82921],[135.40626,34.82957],[135.40794,34.8344],[135.41129,34.83779],[135.41013,34.84255],[135.39942,34.84577],[135.39559,34.84334],[135.38757,34.84371],[135.38263,34.84645],[135.3798,34.85039],[135.37042,34.84944],[135.368,34.85124],[135.3736,34.85741],[135.36806,34.86096],[135.36081,34.86382],[135.3565,34.86494],[135.35051,34.86422],[135.34864,34.86901],[135.34359,34.87479],[135.3393,34.87568],[135.33746,34.88744],[135.33386,34.89341],[135.33033,34.89251],[135.32392,34.89384],[135.32501,34.8988],[135.3298,34.8981],[135.33208,34.90225],[135.3387,34.90305],[135.33938,34.90757],[135.34208,34.91136],[135.33961,34.91646],[135.33391,34.91664],[135.33164,34.92212],[135.33267,34.92479],[135.33063,34.93229],[135.32512,34.93419],[135.32653,34.94126],[135.32088,34.94401],[135.31642,34.95232],[135.31446,34.95963],[135.30928,34.95964],[135.3053,34.96238],[135.30266,34.95181],[135.30829,34.94641],[135.30883,34.93195],[135.30351,34.92139],[135.29954,34.92599],[135.29445,34.92819],[135.28702,34.92572],[135.2805,34.9207],[135.27677,34.92062],[135.27523,34.91728],[135.2762,34.90907],[135.27773,34.90573],[135.27446,34.8947],[135.2795,34.88901],[135.2804,34.88575],[135.28564,34.87892],[135.28678,34.87079],[135.29197,34.86606],[135.29384,34.86133]]]}},{"type":"Feature","properties":{"code":"28215","name":"三木市","pref":"兵庫県","pref_code":"28","cx":135.09378,"cy":34.85332,"bbox":[134.92564,34.76282,135.16751,34.94274]},"geometry":{"type":"Polygon","coordinates":[[[135.16751,34.88914],[135.16308,34.89007],[135.15954,34.89367],[135.15926,34.89826],[135.15658,34.90107],[135.15664,34.90922],[135.15216,34.91264],[135.15072,34.91677],[135.15283,34.91865],[135.15284,34.9242],[135.14889,34.93014],[135.14791,34.93837],[135.14553,34.94274],[135.14056,34.93911],[135.13485,34.93783],[135.12448,34.9332],[135.12156,34.92914],[135.11845,34.92895],[135.11149,34.92399],[135.10824,34.91621],[135.10472,34.91355],[135.10376,34.90859],[135.09448,34.89601],[135.09423,34.89176],[135.08586,34.88647],[135.07634,34.88603],[135.06849,34.88711],[135.06218,34.88441],[135.06382,34.87722],[135.06269,34.87166],[135.05315,34.86326],[135.04741,34.86059],[135.04129,34.86178],[135.0359,34.85616],[135.02737,34.85227],[135.01821,34.85519],[135.00971,34.85436],[135.00374,34.84794],[134.99685,34.84207],[135.00248,34.8381],[135.00167,34.83172],[134.99768,34.82874],[134.99307,34.82802],[134.98768,34.82375],[134.98174,34.82458],[134.97496,34.82298],[134.96839,34.81593],[134.95693,34.81284],[134.95221,34.81428],[134.94105,34.80574],[134.9365,34.81025],[134.92742,34.81035],[134.92848,34.80675],[134.92564,34.80146],[134.92574,34.7957],[134.93507,34.77909],[134.9418,34.77988],[134.94721,34.77724],[134.95366,34.77836],[134.96294,34.77719],[134.95932,34.76948],[134.96137,34.76302],[134.97253,34.76282],[134.98055,34.76946],[134.99014,34.77398],[135.00183,34.77562],[135.00063,34.77026],[135.00552,34.77015],[135.00747,34.76781],[135.02562,34.76415],[135.03388,34.766],[135.03867,34.76473],[135.04048,34.76973],[135.04753,34.77155],[135.051,34.76974],[135.05395,34.76507],[135.06199,34.76403],[135.06691,34.76777],[135.07623,34.771],[135.08267,34.77839],[135.08604,34.77924],[135.09464,34.77862],[135.09253,34.78555],[135.09408,34.78972],[135.08568,34.79358],[135.08191,34.80151],[135.07495,34.80572],[135.07728,34.81206],[135.07599,34.81605],[135.08116,34.81705],[135.08555,34.82174],[135.08498,34.82426],[135.09232,34.82821],[135.09241,34.83232],[135.101,34.83455],[135.106,34.84356],[135.11142,34.84637],[135.11534,34.8456],[135.12268,34.83757],[135.13755,34.83614],[135.14016,34.83449],[135.15125,34.84194],[135.15539,34.8435],[135.15835,34.85118],[135.15646,34.86015],[135.15619,34.87127],[135.15852,34.87617],[135.15505,34.88211],[135.16258,34.88543],[135.16751,34.88914]]]}},{"type":"Feature","properties":{"code":"28216","name":"高砂市","pref":"兵庫県","pref_code":"28","cx":134.79142,"cy":34.77263,"bbox":[134.74508,34.73209,134.82086,34.81581]},"geometry":{"type":"Polygon","coordinates":[[[134.76131,34.76215],[134.76119,34.75847],[134.75723,34.75184],[134.76332,34.74849],[134.76891,34.75029],[134.78768,34.74011],[134.79715,34.73249],[134.80868,34.73209],[134.81055,34.74601],[134.80822,34.75633],[134.80949,34.76574],[134.81338,34.77105],[134.82086,34.77422],[134.81934,34.78023],[134.81221,34.78121],[134.81425,34.78664],[134.80888,34.78685],[134.8035,34.79126],[134.80458,34.79316],[134.7978,34.80122],[134.79916,34.80547],[134.79759,34.80941],[134.79063,34.81447],[134.78242,34.81436],[134.77852,34.81581],[134.77155,34.81329],[134.77358,34.80845],[134.76817,34.80462],[134.76292,34.79761],[134.75581,34.79706],[134.75351,34.79513],[134.74687,34.79878],[134.74538,34.79626],[134.74843,34.78983],[134.74508,34.78775],[134.74811,34.78164],[134.75156,34.77952],[134.75334,34.78456],[134.7565,34.78584],[134.75974,34.79205],[134.76303,34.78848],[134.76277,34.78553],[134.76724,34.78195],[134.76753,34.77695],[134.76131,34.76215]]]}},{"type":"Feature","properties":{"code":"28217","name":"川西市","pref":"兵庫県","pref_code":"28","cx":135.39933,"cy":34.86964,"bbox":[135.36081,34.80049,135.46715,34.93938]},"geometry":{"type":"Polygon","coordinates":[[[135.42374,34.80205],[135.41974,34.80883],[135.41599,34.81769],[135.41619,34.82046],[135.42238,34.82691],[135.4238,34.82995],[135.42423,34.83822],[135.41864,34.84947],[135.43136,34.85642],[135.43006,34.86106],[135.4348,34.87008],[135.43401,34.87221],[135.43752,34.87681],[135.43743,34.87992],[135.44094,34.89046],[135.44394,34.89139],[135.44582,34.89652],[135.44358,34.89894],[135.43947,34.89602],[135.4305,34.89352],[135.43108,34.89724],[135.42568,34.90674],[135.41997,34.90648],[135.4191,34.90975],[135.4303,34.91635],[135.43452,34.91677],[135.4393,34.9205],[135.45145,34.9199],[135.45671,34.91791],[135.46541,34.91959],[135.46715,34.92879],[135.46101,34.92627],[135.45712,34.92914],[135.45282,34.92972],[135.44159,34.93938],[135.43855,34.93694],[135.42535,34.93643],[135.41848,34.93389],[135.4163,34.9298],[135.40709,34.9281],[135.41035,34.92484],[135.4106,34.92122],[135.40519,34.91436],[135.40225,34.9143],[135.39678,34.90582],[135.39078,34.90235],[135.38877,34.89749],[135.38081,34.89107],[135.37936,34.88573],[135.38368,34.8775],[135.37006,34.87254],[135.36508,34.87395],[135.364,34.8692],[135.36081,34.86382],[135.36806,34.86096],[135.3736,34.85741],[135.368,34.85124],[135.37042,34.84944],[135.3798,34.85039],[135.38263,34.84645],[135.38757,34.84371],[135.39559,34.84334],[135.39942,34.84577],[135.41013,34.84255],[135.41129,34.83779],[135.40794,34.8344],[135.40626,34.82957],[135.40352,34.82921],[135.40004,34.82417],[135.40165,34.81161],[135.40065,34.80834],[135.40411,34.80049],[135.4099,34.80169],[135.42374,34.80205]]]}},{"type":"Feature","properties":{"code":"28218","name":"小野市","pref":"兵庫県","pref_code":"28","cx":134.95789,"cy":34.86091,"bbox":[134.88263,34.80574,135.02691,34.9136]},"geometry":{"type":"Polygon","coordinates":[[[134.92742,34.81035],[134.9365,34.81025],[134.94105,34.80574],[134.95221,34.81428],[134.95693,34.81284],[134.96839,34.81593],[134.97496,34.82298],[134.98174,34.82458],[134.98768,34.82375],[134.99307,34.82802],[134.99768,34.82874],[135.00167,34.83172],[135.00248,34.8381],[134.99685,34.84207],[135.00374,34.84794],[135.00971,34.85436],[135.01821,34.85519],[135.02476,34.853],[135.02691,34.86551],[135.02177,34.87595],[135.02346,34.87915],[135.01664,34.88488],[135.01363,34.8828],[135.0104,34.88857],[135.00497,34.88941],[135.00268,34.89274],[135.00298,34.89925],[134.99741,34.90078],[134.984,34.89755],[134.97304,34.89711],[134.97328,34.89358],[134.96724,34.89176],[134.96411,34.88396],[134.95606,34.88665],[134.9536,34.88328],[134.94221,34.88536],[134.93865,34.88234],[134.93386,34.88194],[134.93096,34.88535],[134.93628,34.89122],[134.93796,34.89805],[134.93726,34.90305],[134.92886,34.90818],[134.93003,34.91277],[134.92161,34.9136],[134.91604,34.91172],[134.91328,34.90633],[134.90992,34.91124],[134.90685,34.90887],[134.90641,34.90343],[134.90437,34.90128],[134.90374,34.89517],[134.89819,34.89074],[134.9052,34.88352],[134.90192,34.87462],[134.89325,34.86606],[134.88985,34.86421],[134.88948,34.8576],[134.88747,34.85647],[134.88908,34.84811],[134.88692,34.84518],[134.88767,34.84025],[134.88263,34.83975],[134.88424,34.83523],[134.88838,34.83295],[134.8901,34.8287],[134.89613,34.82767],[134.90074,34.82486],[134.91586,34.82623],[134.92053,34.82435],[134.91989,34.81998],[134.92742,34.81035]]]}},{"type":"Feature","properties":{"code":"28219","name":"三田市","pref":"兵庫県","pref_code":"28","cx":135.19884,"cy":34.9534,"bbox":[135.0925,34.87255,135.31037,35.03599]},"geometry":{"type":"Polygon","coordinates":[[[135.2804,34.88575],[135.2795,34.88901],[135.27446,34.8947],[135.27773,34.90573],[135.2762,34.90907],[135.27523,34.91728],[135.27677,34.92062],[135.2805,34.9207],[135.28702,34.92572],[135.29445,34.92819],[135.29954,34.92599],[135.30351,34.92139],[135.30883,34.93195],[135.30829,34.94641],[135.30266,34.95181],[135.3053,34.96238],[135.3021,34.96291],[135.29795,34.97433],[135.30169,34.98233],[135.31037,34.98459],[135.30451,34.98971],[135.3029,34.99511],[135.29838,34.99701],[135.28929,34.99608],[135.28632,34.99741],[135.28993,35.00901],[135.28502,35.01585],[135.27606,35.01389],[135.2684,35.01481],[135.25905,35.01097],[135.25492,35.01151],[135.25341,35.02168],[135.24863,35.02338],[135.25,35.02669],[135.24436,35.02923],[135.24519,35.03211],[135.23736,35.03599],[135.23535,35.02869],[135.22691,35.02841],[135.2225,35.03042],[135.22032,35.0353],[135.21417,35.02764],[135.20738,35.02717],[135.20297,35.02536],[135.19681,35.02728],[135.19244,35.01775],[135.1848,35.01365],[135.18316,35.01074],[135.17554,35.00917],[135.17489,34.99641],[135.1702,34.99541],[135.16756,35.00075],[135.16461,34.99907],[135.164,34.99356],[135.16092,34.98905],[135.14994,34.98877],[135.14339,34.9923],[135.13955,34.98993],[135.13896,34.97944],[135.1412,34.97513],[135.1385,34.96813],[135.13321,34.9646],[135.12954,34.95818],[135.12321,34.95499],[135.11598,34.96461],[135.10033,34.9582],[135.09267,34.96457],[135.0925,34.95678],[135.09735,34.94909],[135.10372,34.94763],[135.10201,34.94475],[135.10373,34.93816],[135.10753,34.92981],[135.11245,34.92813],[135.12156,34.92914],[135.12448,34.9332],[135.13485,34.93783],[135.14056,34.93911],[135.14553,34.94274],[135.14791,34.93837],[135.14889,34.93014],[135.15284,34.9242],[135.15283,34.91865],[135.15072,34.91677],[135.15216,34.91264],[135.15664,34.90922],[135.15658,34.90107],[135.15926,34.89826],[135.15954,34.89367],[135.16308,34.89007],[135.17859,34.88771],[135.18242,34.88859],[135.19224,34.88043],[135.19757,34.87921],[135.20121,34.87599],[135.20991,34.87837],[135.21622,34.87485],[135.22188,34.87505],[135.22867,34.87255],[135.23479,34.87595],[135.24194,34.87835],[135.24814,34.87784],[135.26303,34.88481],[135.2804,34.88575]]]}},{"type":"Feature","properties":{"code":"28220","name":"加西市","pref":"兵庫県","pref_code":"28","cx":134.84838,"cy":34.9293,"bbox":[134.78609,34.83975,134.93407,35.01846]},"geometry":{"type":"Polygon","coordinates":[[[134.81363,34.8671],[134.81691,34.86439],[134.81444,34.8562],[134.81605,34.85312],[134.82467,34.85399],[134.8287,34.85745],[134.84244,34.85499],[134.8521,34.85228],[134.85765,34.8541],[134.8644,34.84963],[134.86763,34.84359],[134.87281,34.84009],[134.88263,34.83975],[134.88767,34.84025],[134.88692,34.84518],[134.88908,34.84811],[134.88747,34.85647],[134.88948,34.8576],[134.88985,34.86421],[134.89325,34.86606],[134.90192,34.87462],[134.9052,34.88352],[134.89819,34.89074],[134.90374,34.89517],[134.90437,34.90128],[134.90641,34.90343],[134.90685,34.90887],[134.90483,34.9119],[134.89716,34.91136],[134.90226,34.91701],[134.90714,34.91457],[134.90936,34.9195],[134.90434,34.9227],[134.90216,34.9295],[134.90526,34.93395],[134.91842,34.92841],[134.92631,34.92994],[134.93364,34.93352],[134.93407,34.94978],[134.92995,34.95794],[134.92587,34.95655],[134.91687,34.95956],[134.91209,34.95828],[134.90799,34.96141],[134.90141,34.96288],[134.89965,34.9653],[134.89454,34.96459],[134.89378,34.97133],[134.89182,34.97664],[134.89198,34.98116],[134.87747,34.98253],[134.87343,34.98042],[134.86914,34.98362],[134.86594,34.98132],[134.86211,34.98473],[134.85992,34.9994],[134.86051,35.00578],[134.8514,35.01038],[134.84862,35.01774],[134.84671,35.01846],[134.83272,35.0055],[134.83423,34.99772],[134.82827,34.99099],[134.82222,34.98934],[134.81342,34.98454],[134.81197,34.97698],[134.80897,34.97061],[134.8054,34.96958],[134.804,34.9615],[134.79602,34.95342],[134.79879,34.94897],[134.8004,34.93621],[134.79941,34.93254],[134.79424,34.9291],[134.79574,34.91965],[134.79375,34.91786],[134.79591,34.91203],[134.79671,34.90559],[134.79383,34.90141],[134.79403,34.89553],[134.78844,34.8912],[134.78609,34.88739],[134.78983,34.88354],[134.78923,34.88115],[134.80424,34.87474],[134.80782,34.87486],[134.80842,34.87077],[134.81363,34.8671]]]}},{"type":"Feature","properties":{"code":"28221","name":"丹波篠山市","pref":"兵庫県","pref_code":"28","cx":135.25302,"cy":35.06653,"bbox":[135.05943,34.95499,135.40428,35.17804]},"geometry":{"type":"Polygon","coordinates":[[[135.05943,35.0089],[135.06668,35.00248],[135.07018,35.0033],[135.07318,34.99889],[135.07254,34.99331],[135.07879,34.99552],[135.08188,34.98858],[135.09072,34.99174],[135.09366,34.99099],[135.09471,34.98134],[135.09267,34.96457],[135.10033,34.9582],[135.11598,34.96461],[135.12321,34.95499],[135.12954,34.95818],[135.13321,34.9646],[135.1385,34.96813],[135.1412,34.97513],[135.13896,34.97944],[135.13955,34.98993],[135.14339,34.9923],[135.14994,34.98877],[135.16092,34.98905],[135.164,34.99356],[135.16461,34.99907],[135.16756,35.00075],[135.1702,34.99541],[135.17489,34.99641],[135.17554,35.00917],[135.18316,35.01074],[135.1848,35.01365],[135.19244,35.01775],[135.19681,35.02728],[135.20297,35.02536],[135.20738,35.02717],[135.21417,35.02764],[135.22032,35.0353],[135.2225,35.03042],[135.22691,35.02841],[135.23535,35.02869],[135.23736,35.03599],[135.24519,35.03211],[135.24436,35.02923],[135.25,35.02669],[135.24863,35.02338],[135.25341,35.02168],[135.25492,35.01151],[135.25905,35.01097],[135.2684,35.01481],[135.27606,35.01389],[135.28502,35.01585],[135.28775,35.01154],[135.29445,35.01358],[135.30478,35.0123],[135.30761,35.0098],[135.3145,35.01185],[135.31681,35.01541],[135.32144,35.01411],[135.32119,35.01924],[135.32281,35.02471],[135.3398,35.02588],[135.33802,35.03048],[135.33358,35.03516],[135.33374,35.03965],[135.3379,35.04265],[135.34909,35.0462],[135.34948,35.05087],[135.35948,35.05011],[135.36763,35.04399],[135.3693,35.0487],[135.36873,35.05489],[135.37131,35.05861],[135.37715,35.06087],[135.37661,35.06602],[135.38707,35.07254],[135.39369,35.0732],[135.39954,35.0761],[135.39869,35.08171],[135.40011,35.08596],[135.40428,35.08899],[135.40068,35.09382],[135.39051,35.0988],[135.38768,35.09915],[135.38917,35.10833],[135.39331,35.11051],[135.39101,35.11451],[135.38722,35.11649],[135.38607,35.12074],[135.3912,35.12648],[135.38981,35.12877],[135.38222,35.1298],[135.37274,35.12896],[135.36815,35.1311],[135.35988,35.13216],[135.35471,35.13666],[135.34322,35.13564],[135.33976,35.1378],[135.33744,35.14409],[135.34087,35.14569],[135.34096,35.14966],[135.32684,35.14922],[135.32403,35.1466],[135.31533,35.14626],[135.30348,35.14276],[135.29875,35.1436],[135.29375,35.14157],[135.28762,35.14273],[135.27993,35.14697],[135.27854,35.15108],[135.28561,35.15266],[135.2881,35.15835],[135.29221,35.16131],[135.29019,35.16495],[135.28923,35.17241],[135.28472,35.17119],[135.2808,35.17452],[135.2741,35.17723],[135.26744,35.17571],[135.25356,35.17644],[135.25006,35.17804],[135.23753,35.17633],[135.23203,35.17746],[135.22959,35.17236],[135.22857,35.16578],[135.22494,35.16376],[135.22806,35.15653],[135.22864,35.15043],[135.22375,35.14475],[135.2206,35.1433],[135.21794,35.13886],[135.21971,35.13593],[135.20876,35.12886],[135.20107,35.1278],[135.19833,35.1288],[135.18656,35.12896],[135.17248,35.12591],[135.16539,35.12655],[135.16087,35.12964],[135.15086,35.13069],[135.14859,35.12488],[135.14149,35.12244],[135.13588,35.12463],[135.12996,35.12311],[135.12563,35.12499],[135.1197,35.12203],[135.11561,35.11419],[135.10926,35.11251],[135.10871,35.10849],[135.11193,35.10299],[135.11119,35.09853],[135.11556,35.09615],[135.11407,35.0904],[135.11689,35.08586],[135.12501,35.07949],[135.12165,35.07319],[135.12871,35.06704],[135.12731,35.05984],[135.13101,35.05173],[135.12693,35.05022],[135.1187,35.05711],[135.11223,35.05997],[135.10578,35.05923],[135.10214,35.05561],[135.09599,35.05498],[135.09859,35.05372],[135.10076,35.0486],[135.09475,35.04054],[135.08502,35.03681],[135.07911,35.03155],[135.07768,35.02747],[135.07391,35.02739],[135.06634,35.02151],[135.06557,35.01697],[135.05943,35.0089]]]}},{"type":"Feature","properties":{"code":"28222","name":"養父市","pref":"兵庫県","pref_code":"28","cx":134.6533,"cy":35.34792,"bbox":[134.50287,35.24167,134.86293,35.45185]},"geometry":{"type":"Polygon","coordinates":[[[134.6446,35.42801],[134.64927,35.42004],[134.64481,35.414],[134.64487,35.41093],[134.63927,35.40729],[134.63557,35.40964],[134.62927,35.41032],[134.61814,35.40675],[134.61248,35.40032],[134.60824,35.39965],[134.60736,35.3942],[134.60092,35.38825],[134.59505,35.38804],[134.58649,35.38972],[134.57855,35.39272],[134.57638,35.39519],[134.56574,35.39193],[134.55534,35.3932],[134.54985,35.39049],[134.54149,35.38938],[134.53763,35.39156],[134.53704,35.39464],[134.52925,35.39441],[134.52333,35.39007],[134.5189,35.38866],[134.51234,35.38007],[134.5078,35.37898],[134.50402,35.37307],[134.50287,35.36596],[134.5046,35.35943],[134.50835,35.35612],[134.5135,35.35409],[134.51028,35.35085],[134.5094,35.34213],[134.50684,35.33852],[134.51887,35.33044],[134.52353,35.32943],[134.52407,35.32611],[134.5288,35.3227],[134.53397,35.32234],[134.53793,35.31778],[134.54519,35.31581],[134.54491,35.31383],[134.55005,35.30944],[134.56128,35.30736],[134.57247,35.29789],[134.57911,35.29627],[134.58122,35.28172],[134.58765,35.27421],[134.59024,35.27469],[134.60061,35.26662],[134.60377,35.2662],[134.61346,35.26949],[134.61975,35.27796],[134.62776,35.28075],[134.63407,35.27867],[134.64165,35.27389],[134.64114,35.27201],[134.65124,35.26184],[134.65063,35.25702],[134.65365,35.25349],[134.66132,35.25214],[134.66298,35.25576],[134.66914,35.25576],[134.67049,35.25006],[134.67666,35.24413],[134.68214,35.24167],[134.68492,35.24238],[134.68861,35.24701],[134.69443,35.24885],[134.69603,35.25259],[134.69985,35.25361],[134.69806,35.26198],[134.68592,35.27321],[134.69049,35.27457],[134.69674,35.28304],[134.70038,35.28643],[134.70767,35.27908],[134.72001,35.2758],[134.72724,35.28102],[134.73175,35.27923],[134.73795,35.28024],[134.74459,35.27766],[134.75118,35.27689],[134.75937,35.26592],[134.77146,35.26702],[134.77124,35.27048],[134.78969,35.27559],[134.79098,35.28036],[134.795,35.28306],[134.79375,35.29355],[134.7954,35.29772],[134.79106,35.29961],[134.78892,35.30327],[134.77866,35.30729],[134.77539,35.3101],[134.77496,35.31535],[134.77285,35.31877],[134.78082,35.32203],[134.78241,35.32424],[134.78987,35.32437],[134.79553,35.32609],[134.79833,35.33078],[134.80466,35.33651],[134.79752,35.3419],[134.79845,35.3453],[134.79478,35.35054],[134.79794,35.35736],[134.80412,35.35831],[134.81038,35.36189],[134.81466,35.36984],[134.81903,35.36903],[134.82315,35.37366],[134.83374,35.37587],[134.83752,35.37381],[134.85017,35.37528],[134.86272,35.38727],[134.86293,35.3939],[134.86046,35.40117],[134.85696,35.40757],[134.84933,35.4089],[134.84516,35.41155],[134.84167,35.41705],[134.83973,35.42539],[134.83556,35.42715],[134.83393,35.43153],[134.82635,35.43576],[134.81989,35.43813],[134.81743,35.4465],[134.81305,35.44809],[134.80868,35.45185],[134.80118,35.45121],[134.79656,35.44849],[134.79048,35.44763],[134.79191,35.44145],[134.7846,35.44223],[134.77206,35.44757],[134.7674,35.44709],[134.76322,35.44353],[134.74883,35.44329],[134.74564,35.44011],[134.7452,35.43641],[134.75137,35.43051],[134.74739,35.42428],[134.74308,35.4215],[134.7386,35.421],[134.72784,35.42327],[134.72222,35.42839],[134.71685,35.42446],[134.71066,35.42429],[134.70473,35.42574],[134.70376,35.42818],[134.69645,35.42935],[134.68752,35.42665],[134.68363,35.42798],[134.67929,35.42622],[134.67504,35.42846],[134.66769,35.42911],[134.66018,35.43274],[134.65382,35.42937],[134.6446,35.42801]]]}},{"type":"Feature","properties":{"code":"28223","name":"丹波市","pref":"兵庫県","pref_code":"28","cx":135.06923,"cy":35.1794,"bbox":[134.90001,35.04689,135.22864,35.30875]},"geometry":{"type":"Polygon","coordinates":[[[135.09599,35.05498],[135.10214,35.05561],[135.10578,35.05923],[135.11223,35.05997],[135.1187,35.05711],[135.12693,35.05022],[135.13101,35.05173],[135.12731,35.05984],[135.12871,35.06704],[135.12165,35.07319],[135.12501,35.07949],[135.11689,35.08586],[135.11407,35.0904],[135.11556,35.09615],[135.11119,35.09853],[135.11193,35.10299],[135.10871,35.10849],[135.10926,35.11251],[135.11561,35.11419],[135.1197,35.12203],[135.12563,35.12499],[135.12996,35.12311],[135.13588,35.12463],[135.14149,35.12244],[135.14859,35.12488],[135.15086,35.13069],[135.16087,35.12964],[135.16539,35.12655],[135.17248,35.12591],[135.18656,35.12896],[135.19833,35.1288],[135.20107,35.1278],[135.20876,35.12886],[135.21971,35.13593],[135.21794,35.13886],[135.2206,35.1433],[135.22375,35.14475],[135.22864,35.15043],[135.22806,35.15653],[135.22494,35.16376],[135.21646,35.16163],[135.21364,35.16253],[135.20663,35.16061],[135.20324,35.16491],[135.19337,35.1721],[135.18725,35.17194],[135.19014,35.18319],[135.18671,35.19022],[135.19289,35.19407],[135.20013,35.19552],[135.19706,35.20302],[135.18884,35.20683],[135.1881,35.21001],[135.18207,35.21598],[135.17513,35.2146],[135.17097,35.22027],[135.16307,35.22009],[135.15469,35.2267],[135.15647,35.22983],[135.16182,35.23123],[135.16642,35.23906],[135.16703,35.24274],[135.16472,35.24899],[135.16121,35.2537],[135.16062,35.25835],[135.15725,35.26123],[135.14701,35.264],[135.14198,35.26228],[135.13479,35.26499],[135.12893,35.26072],[135.12284,35.26325],[135.1193,35.26263],[135.10932,35.26629],[135.10033,35.25973],[135.09465,35.26002],[135.08961,35.25447],[135.08542,35.25319],[135.0829,35.24638],[135.07474,35.24325],[135.07287,35.23955],[135.06787,35.23735],[135.06448,35.24184],[135.06434,35.24644],[135.06057,35.24879],[135.06138,35.25174],[135.05803,35.25494],[135.05694,35.26448],[135.04949,35.26196],[135.04211,35.26408],[135.03577,35.26257],[135.01939,35.26789],[135.01048,35.26974],[135.01191,35.28051],[135.00732,35.28558],[135.00414,35.28557],[134.99677,35.28967],[134.99286,35.28905],[134.98644,35.29259],[134.97645,35.29508],[134.9677,35.29604],[134.96624,35.29789],[134.96005,35.29791],[134.94712,35.30393],[134.94601,35.30715],[134.9409,35.30875],[134.93761,35.30761],[134.93817,35.30044],[134.93128,35.29673],[134.92879,35.29126],[134.92509,35.28894],[134.92424,35.27966],[134.92299,35.27739],[134.91558,35.27284],[134.91522,35.26654],[134.90713,35.26051],[134.90299,35.2542],[134.90145,35.24787],[134.90374,35.23865],[134.9091,35.23458],[134.9066,35.22885],[134.90001,35.22771],[134.90496,35.22311],[134.90919,35.22187],[134.91401,35.2179],[134.91453,35.21438],[134.91863,35.21211],[134.92862,35.21301],[134.93571,35.21613],[134.94128,35.2144],[134.94716,35.21465],[134.95073,35.20873],[134.95185,35.20319],[134.94849,35.19632],[134.95737,35.19042],[134.94653,35.17561],[134.95064,35.16667],[134.9509,35.1613],[134.94767,35.15564],[134.94895,35.15381],[134.95798,35.15377],[134.9609,35.15156],[134.96126,35.14706],[134.9547,35.1427],[134.94232,35.13249],[134.94409,35.12902],[134.94318,35.12398],[134.93766,35.11758],[134.93271,35.11599],[134.93036,35.10814],[134.94597,35.09354],[134.94338,35.08741],[134.94651,35.07651],[134.94651,35.07105],[134.94901,35.06936],[134.96018,35.06848],[134.96303,35.06618],[134.96819,35.07119],[134.97253,35.07178],[134.9786,35.07015],[134.98361,35.0711],[134.99144,35.06878],[134.99915,35.06915],[135.01162,35.07181],[135.01946,35.07104],[135.02519,35.07178],[135.02519,35.06234],[135.02634,35.05782],[135.03115,35.05475],[135.03804,35.05259],[135.04874,35.05259],[135.05241,35.05158],[135.06043,35.05374],[135.0633,35.04689],[135.0694,35.04768],[135.08075,35.05142],[135.08565,35.05448],[135.08832,35.05325],[135.09599,35.05498]]]}},{"type":"Feature","properties":{"code":"28224","name":"南あわじ市","pref":"兵庫県","pref_code":"28","cx":134.7497,"cy":34.272,"bbox":[134.65841,34.15683,134.8715,34.35555]},"geometry":{"type":"MultiPolygon","coordinates":[[[[134.82144,34.17954],[134.81914,34.16768],[134.8146,34.1679],[134.81157,34.16516],[134.8112,34.15711],[134.82134,34.15683],[134.82358,34.15979],[134.83056,34.16458],[134.83066,34.17205],[134.82144,34.17954]]],[[[134.74061,34.35245],[134.73413,34.33954],[134.73087,34.33456],[134.72511,34.32927],[134.72221,34.33016],[134.71728,34.32791],[134.71889,34.3254],[134.71347,34.3223],[134.7061,34.32112],[134.70287,34.3243],[134.6935,34.32448],[134.68795,34.33018],[134.68637,34.32614],[134.68174,34.32009],[134.67397,34.31755],[134.66794,34.30564],[134.66218,34.29693],[134.65841,34.29459],[134.66273,34.28922],[134.66153,34.27703],[134.65943,34.27238],[134.66683,34.27162],[134.67178,34.26857],[134.67267,34.25987],[134.67593,34.25618],[134.6719,34.24987],[134.67444,34.24494],[134.68177,34.24837],[134.68581,34.24696],[134.69509,34.24784],[134.70018,34.24442],[134.70083,34.24139],[134.70702,34.24446],[134.70451,34.24836],[134.71339,34.2547],[134.71807,34.25675],[134.72178,34.25034],[134.72083,34.24492],[134.71474,34.24037],[134.71017,34.23892],[134.70678,34.2318],[134.70308,34.22907],[134.69978,34.2222],[134.70345,34.21674],[134.71087,34.21679],[134.71886,34.21485],[134.73068,34.20662],[134.73249,34.19887],[134.72932,34.1902],[134.73409,34.18872],[134.74618,34.19283],[134.75516,34.19457],[134.76685,34.19895],[134.77524,34.20047],[134.78457,34.19916],[134.80044,34.19999],[134.8033,34.20379],[134.81507,34.20814],[134.82471,34.21572],[134.82927,34.22161],[134.84635,34.23103],[134.86088,34.23547],[134.8715,34.23991],[134.86815,34.24442],[134.86249,34.24725],[134.85715,34.25236],[134.85557,34.25673],[134.85035,34.25833],[134.84658,34.26602],[134.84415,34.26588],[134.83463,34.26965],[134.83745,34.2737],[134.83716,34.27744],[134.8415,34.28015],[134.84225,34.28691],[134.83956,34.29582],[134.8415,34.3002],[134.83949,34.3061],[134.8354,34.30888],[134.83595,34.3188],[134.84008,34.31585],[134.84403,34.31987],[134.84308,34.32497],[134.84055,34.32737],[134.84799,34.33278],[134.84008,34.33411],[134.83553,34.33669],[134.82589,34.33878],[134.82646,34.34254],[134.81912,34.34732],[134.81565,34.35555],[134.81035,34.35273],[134.80108,34.34999],[134.80073,34.34859],[134.78823,34.34807],[134.7837,34.35131],[134.77966,34.34893],[134.77196,34.3515],[134.76647,34.34866],[134.75854,34.34837],[134.7577,34.35328],[134.74805,34.35411],[134.74061,34.35245]]]]}},{"type":"Feature","properties":{"code":"28225","name":"朝来市","pref":"兵庫県","pref_code":"28","cx":134.85041,"cy":35.27389,"bbox":[134.68592,35.12579,134.93817,35.42175]},"geometry":{"type":"Polygon","coordinates":[[[134.85696,35.40757],[134.86046,35.40117],[134.86293,35.3939],[134.86272,35.38727],[134.85017,35.37528],[134.83752,35.37381],[134.83374,35.37587],[134.82315,35.37366],[134.81903,35.36903],[134.81466,35.36984],[134.81038,35.36189],[134.80412,35.35831],[134.79794,35.35736],[134.79478,35.35054],[134.79845,35.3453],[134.79752,35.3419],[134.80466,35.33651],[134.79833,35.33078],[134.79553,35.32609],[134.78987,35.32437],[134.78241,35.32424],[134.78082,35.32203],[134.77285,35.31877],[134.77496,35.31535],[134.77539,35.3101],[134.77866,35.30729],[134.78892,35.30327],[134.79106,35.29961],[134.7954,35.29772],[134.79375,35.29355],[134.795,35.28306],[134.79098,35.28036],[134.78969,35.27559],[134.77124,35.27048],[134.77146,35.26702],[134.75937,35.26592],[134.75118,35.27689],[134.74459,35.27766],[134.73795,35.28024],[134.73175,35.27923],[134.72724,35.28102],[134.72001,35.2758],[134.70767,35.27908],[134.70038,35.28643],[134.69674,35.28304],[134.69049,35.27457],[134.68592,35.27321],[134.69806,35.26198],[134.69985,35.25361],[134.69603,35.25259],[134.69443,35.24885],[134.69705,35.24164],[134.69041,35.23491],[134.69243,35.23155],[134.69742,35.22897],[134.69875,35.22408],[134.69775,35.21448],[134.70354,35.21076],[134.71027,35.21213],[134.71417,35.2051],[134.7202,35.20228],[134.72129,35.19577],[134.72824,35.19312],[134.7274,35.18909],[134.72087,35.18647],[134.71757,35.17952],[134.72255,35.17457],[134.72447,35.16913],[134.72831,35.16603],[134.72352,35.15995],[134.72958,35.14723],[134.73528,35.14107],[134.75521,35.13661],[134.75915,35.14207],[134.76394,35.14469],[134.76666,35.13631],[134.76997,35.13323],[134.77374,35.12579],[134.77865,35.12821],[134.78102,35.13463],[134.78636,35.13783],[134.78979,35.14233],[134.79659,35.14223],[134.80516,35.14005],[134.81355,35.14208],[134.82523,35.13451],[134.83541,35.14001],[134.84455,35.14931],[134.84621,35.15616],[134.84433,35.16217],[134.85521,35.16622],[134.86662,35.16822],[134.86813,35.17125],[134.8792,35.17499],[134.88249,35.17981],[134.88305,35.18542],[134.88736,35.18906],[134.88648,35.19206],[134.89157,35.19415],[134.90148,35.19451],[134.91557,35.20557],[134.91863,35.21211],[134.91453,35.21438],[134.91401,35.2179],[134.90919,35.22187],[134.90496,35.22311],[134.90001,35.22771],[134.9066,35.22885],[134.9091,35.23458],[134.90374,35.23865],[134.90145,35.24787],[134.90299,35.2542],[134.90713,35.26051],[134.91522,35.26654],[134.91558,35.27284],[134.92299,35.27739],[134.92424,35.27966],[134.92509,35.28894],[134.92879,35.29126],[134.93128,35.29673],[134.93817,35.30044],[134.93761,35.30761],[134.93424,35.30775],[134.9247,35.31166],[134.92132,35.31741],[134.92593,35.32177],[134.9248,35.32609],[134.92806,35.33024],[134.92558,35.33668],[134.91721,35.34016],[134.91887,35.35012],[134.92347,35.35424],[134.91894,35.36444],[134.92045,35.36829],[134.92683,35.37746],[134.92651,35.38573],[134.92298,35.39106],[134.92771,35.39955],[134.93154,35.4014],[134.93435,35.40741],[134.92925,35.41358],[134.92386,35.41669],[134.91994,35.42113],[134.91539,35.42175],[134.91064,35.41765],[134.90305,35.41368],[134.90195,35.40425],[134.88897,35.40452],[134.87896,35.4036],[134.87757,35.40572],[134.86251,35.40995],[134.85696,35.40757]]]}},{"type":"Feature","properties":{"code":"28226","name":"淡路市","pref":"兵庫県","pref_code":"28","cx":134.91862,"cy":34.50032,"bbox":[134.78795,34.3944,135.0257,34.60917]},"geometry":{"type":"Polygon","coordinates":[[[134.8947,34.39898],[134.89888,34.40929],[134.9011,34.41862],[134.91123,34.42972],[134.90654,34.43347],[134.91161,34.43741],[134.9159,34.43474],[134.924,34.44405],[134.91925,34.4439],[134.92228,34.44911],[134.92593,34.44653],[134.93431,34.45478],[134.943,34.46588],[134.9451,34.47142],[134.95298,34.48271],[134.95845,34.48885],[134.96937,34.49583],[134.9726,34.497],[134.97958,34.50363],[134.9814,34.50829],[134.98599,34.51268],[134.99265,34.52255],[134.99546,34.54557],[134.99721,34.54551],[135.00703,34.55624],[135.01338,34.56008],[135.01761,34.56447],[135.0257,34.57658],[135.02498,34.58107],[135.02104,34.58976],[135.01696,34.59078],[135.01215,34.59625],[135.01027,34.6018],[135.00219,34.60917],[134.99232,34.60706],[134.98407,34.60357],[134.98221,34.60087],[134.97656,34.59805],[134.96978,34.58921],[134.96605,34.5863],[134.96026,34.57572],[134.95759,34.57364],[134.94722,34.56086],[134.9408,34.5568],[134.93507,34.54942],[134.93051,34.54723],[134.92606,34.54855],[134.91972,34.54432],[134.91345,34.53603],[134.91038,34.53552],[134.89683,34.5289],[134.88775,34.53031],[134.88234,34.52452],[134.87915,34.5243],[134.87382,34.51537],[134.86932,34.51315],[134.86363,34.50476],[134.85476,34.48887],[134.84703,34.47693],[134.84322,34.47444],[134.83596,34.46674],[134.83113,34.46622],[134.81857,34.46831],[134.81644,34.46356],[134.80987,34.45912],[134.80395,34.45036],[134.79851,34.44868],[134.7962,34.44552],[134.78964,34.42843],[134.78795,34.42724],[134.79589,34.42639],[134.79947,34.42392],[134.80762,34.42373],[134.81248,34.42649],[134.81354,34.42255],[134.82039,34.42045],[134.8272,34.42009],[134.8334,34.42224],[134.83903,34.42213],[134.8432,34.42031],[134.84166,34.41244],[134.84815,34.40364],[134.85437,34.40172],[134.85816,34.40386],[134.86397,34.41364],[134.87439,34.41197],[134.8812,34.40359],[134.88048,34.3944],[134.8947,34.39898]]]}},{"type":"Feature","properties":{"code":"28227","name":"宍粟市","pref":"兵庫県","pref_code":"28","cx":134.53993,"cy":35.14286,"bbox":[134.38115,34.95313,134.72824,35.33852]},"geometry":{"type":"Polygon","coordinates":[[[134.67183,35.09322],[134.66397,35.09864],[134.6655,35.10486],[134.66078,35.10863],[134.65617,35.11022],[134.65684,35.11462],[134.6631,35.12282],[134.66283,35.12571],[134.65825,35.12686],[134.65672,35.13268],[134.66384,35.13933],[134.67138,35.15311],[134.66984,35.15503],[134.67231,35.16013],[134.66906,35.16379],[134.66979,35.16831],[134.67684,35.1698],[134.68159,35.16845],[134.68728,35.16999],[134.69282,35.17356],[134.69778,35.18351],[134.70162,35.18485],[134.70607,35.18345],[134.71283,35.18478],[134.71517,35.18703],[134.72087,35.18647],[134.7274,35.18909],[134.72824,35.19312],[134.72129,35.19577],[134.7202,35.20228],[134.71417,35.2051],[134.71027,35.21213],[134.70354,35.21076],[134.69775,35.21448],[134.69875,35.22408],[134.69742,35.22897],[134.69243,35.23155],[134.69041,35.23491],[134.69705,35.24164],[134.69443,35.24885],[134.68861,35.24701],[134.68492,35.24238],[134.68214,35.24167],[134.67666,35.24413],[134.67049,35.25006],[134.66914,35.25576],[134.66298,35.25576],[134.66132,35.25214],[134.65365,35.25349],[134.65063,35.25702],[134.65124,35.26184],[134.64114,35.27201],[134.64165,35.27389],[134.63407,35.27867],[134.62776,35.28075],[134.61975,35.27796],[134.61346,35.26949],[134.60377,35.2662],[134.60061,35.26662],[134.59024,35.27469],[134.58765,35.27421],[134.58122,35.28172],[134.57911,35.29627],[134.57247,35.29789],[134.56128,35.30736],[134.55005,35.30944],[134.54491,35.31383],[134.54519,35.31581],[134.53793,35.31778],[134.53397,35.32234],[134.5288,35.3227],[134.52407,35.32611],[134.52353,35.32943],[134.51887,35.33044],[134.50684,35.33852],[134.50455,35.33727],[134.50192,35.32654],[134.50505,35.3163],[134.5148,35.30767],[134.51163,35.30529],[134.51159,35.2999],[134.50928,35.29378],[134.5131,35.28653],[134.51343,35.28016],[134.51524,35.27723],[134.50479,35.2718],[134.50198,35.26873],[134.49509,35.26685],[134.48991,35.26139],[134.48359,35.26028],[134.48234,35.25465],[134.47652,35.24909],[134.47142,35.2483],[134.46177,35.2431],[134.46382,35.2374],[134.44802,35.23794],[134.44419,35.23685],[134.44035,35.23166],[134.43532,35.22917],[134.42343,35.23556],[134.4153,35.2391],[134.40281,35.24102],[134.40013,35.23654],[134.397,35.22762],[134.38252,35.22172],[134.38115,35.21789],[134.38132,35.20635],[134.38369,35.19393],[134.39475,35.19135],[134.39967,35.18762],[134.41108,35.18697],[134.41263,35.17765],[134.40713,35.16985],[134.40618,35.16578],[134.41083,35.16291],[134.41316,35.15862],[134.41163,35.15196],[134.40869,35.14787],[134.41248,35.14639],[134.41602,35.13863],[134.41122,35.13163],[134.41331,35.12734],[134.41275,35.12357],[134.41841,35.12223],[134.42039,35.11963],[134.42851,35.12163],[134.43402,35.11787],[134.43633,35.11141],[134.44409,35.10676],[134.44565,35.10349],[134.43768,35.09562],[134.44153,35.08994],[134.43968,35.08738],[134.44045,35.08198],[134.43495,35.07726],[134.4348,35.07199],[134.43666,35.06207],[134.43862,35.05676],[134.43644,35.05395],[134.43966,35.04898],[134.43842,35.04195],[134.43557,35.03933],[134.44267,35.03536],[134.44963,35.03369],[134.46215,35.03362],[134.46549,35.03636],[134.47347,35.02908],[134.47654,35.02881],[134.47987,35.01993],[134.48661,35.01313],[134.48475,35.00727],[134.48864,35.00862],[134.49256,35.00058],[134.49827,35.00247],[134.50752,35.0027],[134.51119,35.00109],[134.50824,34.98941],[134.51521,34.97754],[134.51902,34.97409],[134.52382,34.9745],[134.53073,34.97208],[134.53558,34.96799],[134.54139,34.96883],[134.54489,34.97226],[134.55196,34.97539],[134.55328,34.97208],[134.5484,34.96826],[134.54879,34.95577],[134.55369,34.95313],[134.56251,34.95577],[134.57045,34.95432],[134.57421,34.96429],[134.57337,34.96803],[134.56787,34.96927],[134.56445,34.97209],[134.56667,34.98195],[134.57039,34.98583],[134.57541,34.98827],[134.5787,34.98713],[134.5793,34.99421],[134.58463,35.00003],[134.58294,35.00556],[134.58947,35.01172],[134.59246,35.0164],[134.59437,35.02255],[134.59217,35.02597],[134.59131,35.03515],[134.59407,35.0407],[134.59139,35.04345],[134.59801,35.05036],[134.60534,35.06188],[134.60618,35.06934],[134.61372,35.07754],[134.61816,35.08505],[134.6237,35.08645],[134.62507,35.08213],[134.63699,35.08806],[134.65024,35.08753],[134.65178,35.08477],[134.66006,35.08125],[134.66385,35.08988],[134.67183,35.09322]]]}},{"type":"Feature","properties":{"code":"28228","name":"加東市","pref":"兵庫県","pref_code":"28","cx":135.01832,"cy":34.93173,"bbox":[134.89716,34.85227,135.11845,35.0089]},"geometry":{"type":"Polygon","coordinates":[[[134.92995,34.95794],[134.93407,34.94978],[134.93364,34.93352],[134.92631,34.92994],[134.91842,34.92841],[134.90526,34.93395],[134.90216,34.9295],[134.90434,34.9227],[134.90936,34.9195],[134.90714,34.91457],[134.90226,34.91701],[134.89716,34.91136],[134.90483,34.9119],[134.90685,34.90887],[134.90992,34.91124],[134.91328,34.90633],[134.91604,34.91172],[134.92161,34.9136],[134.93003,34.91277],[134.92886,34.90818],[134.93726,34.90305],[134.93796,34.89805],[134.93628,34.89122],[134.93096,34.88535],[134.93386,34.88194],[134.93865,34.88234],[134.94221,34.88536],[134.9536,34.88328],[134.95606,34.88665],[134.96411,34.88396],[134.96724,34.89176],[134.97328,34.89358],[134.97304,34.89711],[134.984,34.89755],[134.99741,34.90078],[135.00298,34.89925],[135.00268,34.89274],[135.00497,34.88941],[135.0104,34.88857],[135.01363,34.8828],[135.01664,34.88488],[135.02346,34.87915],[135.02177,34.87595],[135.02691,34.86551],[135.02476,34.853],[135.02737,34.85227],[135.0359,34.85616],[135.04129,34.86178],[135.04741,34.86059],[135.05315,34.86326],[135.06269,34.87166],[135.06382,34.87722],[135.06218,34.88441],[135.06849,34.88711],[135.07634,34.88603],[135.08586,34.88647],[135.09423,34.89176],[135.09448,34.89601],[135.10376,34.90859],[135.10472,34.91355],[135.10824,34.91621],[135.11149,34.92399],[135.11845,34.92895],[135.11245,34.92813],[135.10753,34.92981],[135.10373,34.93816],[135.10201,34.94475],[135.10372,34.94763],[135.09735,34.94909],[135.0925,34.95678],[135.09267,34.96457],[135.09471,34.98134],[135.09366,34.99099],[135.09072,34.99174],[135.08188,34.98858],[135.07879,34.99552],[135.07254,34.99331],[135.07318,34.99889],[135.07018,35.0033],[135.06668,35.00248],[135.05943,35.0089],[135.05491,35.00363],[135.05042,35.00266],[135.04502,34.99662],[135.0452,34.98702],[135.05035,34.98545],[135.05241,34.98167],[135.05138,34.9769],[135.04526,34.97379],[135.04111,34.9686],[135.0365,34.96819],[135.03166,34.96535],[135.02784,34.96701],[135.02445,34.96483],[135.01499,34.96613],[135.00982,34.96236],[135.004,34.96466],[135.00129,34.96047],[134.99556,34.95884],[134.98401,34.95969],[134.98148,34.95638],[134.97312,34.95284],[134.96689,34.95476],[134.96291,34.96105],[134.95913,34.95898],[134.95299,34.95894],[134.94544,34.96048],[134.93742,34.95881],[134.93385,34.96057],[134.92995,34.95794]]]}},{"type":"Feature","properties":{"code":"28229","name":"たつの市","pref":"兵庫県","pref_code":"28","cx":134.54264,"cy":34.88176,"bbox":[134.42666,34.75521,134.59844,35.00862]},"geometry":{"type":"Polygon","coordinates":[[[134.55749,34.80933],[134.55729,34.8165],[134.55589,34.81933],[134.55765,34.82378],[134.55697,34.82947],[134.56106,34.83312],[134.56037,34.83843],[134.56618,34.84447],[134.56811,34.8423],[134.57658,34.84497],[134.57922,34.8538],[134.58473,34.86018],[134.58454,34.86401],[134.5874,34.87018],[134.59164,34.87315],[134.59142,34.87604],[134.59844,34.88042],[134.59666,34.88311],[134.59802,34.88743],[134.59802,34.89491],[134.59339,34.89834],[134.57746,34.89525],[134.5711,34.89636],[134.56341,34.90324],[134.56614,34.90874],[134.57189,34.9114],[134.56791,34.92749],[134.56818,34.93101],[134.57316,34.93497],[134.57254,34.94803],[134.57045,34.95432],[134.56251,34.95577],[134.55369,34.95313],[134.54879,34.95577],[134.5484,34.96826],[134.55328,34.97208],[134.55196,34.97539],[134.54489,34.97226],[134.54139,34.96883],[134.53558,34.96799],[134.53073,34.97208],[134.52382,34.9745],[134.51902,34.97409],[134.51521,34.97754],[134.50824,34.98941],[134.51119,35.00109],[134.50752,35.0027],[134.49827,35.00247],[134.49256,35.00058],[134.48864,35.00862],[134.48475,35.00727],[134.47589,34.99358],[134.47673,34.9904],[134.47357,34.98793],[134.47352,34.98236],[134.47584,34.97889],[134.46714,34.97725],[134.46247,34.96865],[134.44926,34.96998],[134.44408,34.96678],[134.4404,34.96675],[134.43228,34.96027],[134.42868,34.95569],[134.42666,34.95029],[134.42953,34.94539],[134.43326,34.94541],[134.44456,34.93908],[134.44479,34.93428],[134.44876,34.9316],[134.44673,34.92747],[134.45164,34.92018],[134.44726,34.91339],[134.44858,34.90897],[134.46089,34.9104],[134.46249,34.90889],[134.47055,34.91071],[134.47487,34.92118],[134.48465,34.92169],[134.48079,34.91742],[134.48043,34.91115],[134.49145,34.90472],[134.4894,34.89971],[134.49598,34.89319],[134.49024,34.89097],[134.48816,34.88655],[134.49176,34.88436],[134.4846,34.87975],[134.48358,34.87421],[134.48106,34.86952],[134.47566,34.86512],[134.47065,34.86326],[134.46556,34.86375],[134.46385,34.86145],[134.46693,34.84763],[134.47124,34.84925],[134.47488,34.84735],[134.47568,34.84333],[134.48109,34.83911],[134.47934,34.83535],[134.48236,34.83037],[134.48757,34.82575],[134.4909,34.82601],[134.4983,34.83027],[134.49943,34.81905],[134.50364,34.81333],[134.50098,34.80882],[134.50199,34.80175],[134.49772,34.79762],[134.49809,34.7933],[134.50296,34.78534],[134.49833,34.78059],[134.48773,34.77636],[134.4825,34.77583],[134.4802,34.77225],[134.47668,34.77152],[134.47779,34.76504],[134.47426,34.75521],[134.4812,34.75994],[134.4812,34.76589],[134.48622,34.76913],[134.49065,34.76675],[134.49441,34.77173],[134.49974,34.77448],[134.50339,34.77318],[134.50067,34.76898],[134.50468,34.76123],[134.50857,34.76571],[134.51907,34.77274],[134.52295,34.77924],[134.52682,34.78275],[134.53014,34.78217],[134.53217,34.77665],[134.53737,34.77495],[134.5397,34.77101],[134.54786,34.77323],[134.55371,34.77225],[134.5595,34.76946],[134.5583,34.76434],[134.56988,34.75803],[134.5714,34.76547],[134.57051,34.77268],[134.57383,34.77931],[134.573,34.78922],[134.56972,34.79638],[134.55916,34.8059],[134.55749,34.80933]]]}},{"type":"Feature","properties":{"code":"28301","name":"川辺郡猪名川町","pref":"兵庫県","pref_code":"28","cx":135.35416,"cy":34.94552,"bbox":[135.28632,34.86382,135.41848,35.02667]},"geometry":{"type":"Polygon","coordinates":[[[135.36081,34.86382],[135.364,34.8692],[135.36508,34.87395],[135.37006,34.87254],[135.38368,34.8775],[135.37936,34.88573],[135.38081,34.89107],[135.38877,34.89749],[135.39078,34.90235],[135.39678,34.90582],[135.40225,34.9143],[135.40519,34.91436],[135.4106,34.92122],[135.41035,34.92484],[135.40709,34.9281],[135.4163,34.9298],[135.41848,34.93389],[135.41576,34.94079],[135.41041,34.93992],[135.40729,34.94367],[135.39596,34.94444],[135.39235,34.94137],[135.38717,34.94661],[135.38754,34.95098],[135.38189,34.95623],[135.37533,34.95513],[135.36392,34.95624],[135.36073,34.95442],[135.35425,34.96262],[135.34507,34.96685],[135.34875,34.97197],[135.34852,34.97578],[135.35224,34.97953],[135.35953,34.98252],[135.35256,34.99039],[135.35355,35.0008],[135.35151,35.00428],[135.35469,35.0066],[135.35371,35.0132],[135.35576,35.01652],[135.35472,35.02461],[135.34656,35.02667],[135.32281,35.02471],[135.32119,35.01924],[135.32144,35.01411],[135.31681,35.01541],[135.3145,35.01185],[135.30761,35.0098],[135.30478,35.0123],[135.29445,35.01358],[135.28775,35.01154],[135.28993,35.00901],[135.28632,34.99741],[135.28929,34.99608],[135.29838,34.99701],[135.3029,34.99511],[135.30451,34.98971],[135.31037,34.98459],[135.30169,34.98233],[135.29795,34.97433],[135.3021,34.96291],[135.3053,34.96238],[135.30928,34.95964],[135.31446,34.95963],[135.31642,34.95232],[135.32088,34.94401],[135.32653,34.94126],[135.32512,34.93419],[135.33063,34.93229],[135.33267,34.92479],[135.33164,34.92212],[135.33391,34.91664],[135.33961,34.91646],[135.34208,34.91136],[135.33938,34.90757],[135.3387,34.90305],[135.33208,34.90225],[135.3298,34.8981],[135.32501,34.8988],[135.32392,34.89384],[135.33033,34.89251],[135.33386,34.89341],[135.33746,34.88744],[135.3393,34.87568],[135.34359,34.87479],[135.34864,34.86901],[135.35051,34.86422],[135.3565,34.86494],[135.36081,34.86382]]]}},{"type":"Feature","properties":{"code":"28365","name":"多可郡多可町","pref":"兵庫県","pref_code":"28","cx":134.89623,"cy":35.0985,"bbox":[134.83502,34.98042,134.9786,35.21613]},"geometry":{"type":"Polygon","coordinates":[[[134.9786,35.07015],[134.97253,35.07178],[134.96819,35.07119],[134.96303,35.06618],[134.96018,35.06848],[134.94901,35.06936],[134.94651,35.07105],[134.94651,35.07651],[134.94338,35.08741],[134.94597,35.09354],[134.93036,35.10814],[134.93271,35.11599],[134.93766,35.11758],[134.94318,35.12398],[134.94409,35.12902],[134.94232,35.13249],[134.9547,35.1427],[134.96126,35.14706],[134.9609,35.15156],[134.95798,35.15377],[134.94895,35.15381],[134.94767,35.15564],[134.9509,35.1613],[134.95064,35.16667],[134.94653,35.17561],[134.95737,35.19042],[134.94849,35.19632],[134.95185,35.20319],[134.95073,35.20873],[134.94716,35.21465],[134.94128,35.2144],[134.93571,35.21613],[134.92862,35.21301],[134.91863,35.21211],[134.91557,35.20557],[134.90148,35.19451],[134.90577,35.19226],[134.90753,35.18878],[134.90742,35.18299],[134.90316,35.18206],[134.89763,35.17149],[134.90224,35.16906],[134.90356,35.16083],[134.89456,35.15346],[134.89375,35.14937],[134.89066,35.14624],[134.88631,35.1461],[134.87545,35.13952],[134.87448,35.13401],[134.87084,35.12824],[134.86643,35.12548],[134.86724,35.12071],[134.86065,35.11462],[134.85393,35.11327],[134.85011,35.10346],[134.85371,35.09286],[134.85624,35.08915],[134.85049,35.08554],[134.845,35.08396],[134.84523,35.07866],[134.84198,35.07586],[134.84247,35.0702],[134.83502,35.06393],[134.83627,35.06002],[134.8407,35.05798],[134.84803,35.04735],[134.8403,35.04149],[134.83794,35.03756],[134.83995,35.03252],[134.84819,35.02429],[134.84671,35.01846],[134.84862,35.01774],[134.8514,35.01038],[134.86051,35.00578],[134.85992,34.9994],[134.86211,34.98473],[134.86594,34.98132],[134.86914,34.98362],[134.87343,34.98042],[134.87747,34.98253],[134.89198,34.98116],[134.89885,34.98694],[134.90262,34.98147],[134.91501,34.9836],[134.9204,34.98178],[134.9277,34.99247],[134.92843,34.99802],[134.92795,35.00755],[134.93424,35.01231],[134.93403,35.01676],[134.94762,35.02393],[134.94567,35.02885],[134.94934,35.03334],[134.94267,35.03401],[134.94604,35.03786],[134.95495,35.03709],[134.95772,35.03171],[134.96195,35.03129],[134.96471,35.03693],[134.97181,35.03829],[134.97147,35.04604],[134.96605,35.05138],[134.96406,35.05529],[134.97657,35.06186],[134.9786,35.07015]]]}},{"type":"Feature","properties":{"code":"28381","name":"加古郡稲美町","pref":"兵庫県","pref_code":"28","cx":134.92443,"cy":34.7487,"bbox":[134.88013,34.72131,134.96642,34.77988]},"geometry":{"type":"Polygon","coordinates":[[[134.96137,34.76302],[134.95932,34.76948],[134.96294,34.77719],[134.95366,34.77836],[134.94721,34.77724],[134.9418,34.77988],[134.93507,34.77909],[134.9331,34.77757],[134.9321,34.76846],[134.91883,34.77606],[134.91134,34.77469],[134.90749,34.7723],[134.89682,34.77744],[134.89177,34.77127],[134.89251,34.76526],[134.89013,34.76267],[134.88404,34.7638],[134.88054,34.7604],[134.88013,34.75582],[134.88833,34.7449],[134.88357,34.74262],[134.88778,34.73862],[134.88958,34.73262],[134.89317,34.73252],[134.89854,34.72899],[134.89998,34.72559],[134.90689,34.72482],[134.91245,34.72131],[134.91829,34.7261],[134.92678,34.72713],[134.93583,34.73077],[134.94852,34.73259],[134.95407,34.73703],[134.96642,34.7525],[134.96137,34.76302]]]}},{"type":"Feature","properties":{"code":"28382","name":"加古郡播磨町","pref":"兵庫県","pref_code":"28","cx":134.8663,"cy":34.71748,"bbox":[134.84002,34.68992,134.89072,34.7303]},"geometry":{"type":"MultiPolygon","coordinates":[[[[134.86661,34.69636],[134.86176,34.69712],[134.85733,34.69209],[134.86289,34.68992],[134.86661,34.69636]]],[[[134.85562,34.71025],[134.85315,34.70573],[134.84592,34.70825],[134.84002,34.69671],[134.85323,34.69414],[134.85828,34.69984],[134.86212,34.70744],[134.85562,34.71025]]],[[[134.89072,34.72123],[134.88566,34.72449],[134.87987,34.7303],[134.87408,34.72698],[134.86484,34.72816],[134.85719,34.72568],[134.84928,34.72118],[134.84726,34.71533],[134.85015,34.716],[134.86638,34.70752],[134.87054,34.70285],[134.87556,34.70852],[134.88058,34.71022],[134.88541,34.71897],[134.89072,34.72123]]]]}},{"type":"Feature","properties":{"code":"28442","name":"神崎郡市川町","pref":"兵庫県","pref_code":"28","cx":134.77978,"cy":35.01132,"bbox":[134.706,34.96374,134.84819,35.06002]},"geometry":{"type":"Polygon","coordinates":[[[134.706,35.01985],[134.71324,35.01765],[134.72018,35.0137],[134.72093,35.00893],[134.72515,35.0065],[134.72498,35.00351],[134.7325,34.99351],[134.73228,34.98689],[134.74305,34.98534],[134.74712,34.98016],[134.75558,34.97787],[134.76294,34.9779],[134.76446,34.97313],[134.76238,34.96374],[134.76963,34.96779],[134.7752,34.96758],[134.78205,34.96909],[134.78841,34.97234],[134.79642,34.96956],[134.79891,34.97131],[134.8054,34.96958],[134.80897,34.97061],[134.81197,34.97698],[134.81342,34.98454],[134.82222,34.98934],[134.82827,34.99099],[134.83423,34.99772],[134.83272,35.0055],[134.84671,35.01846],[134.84819,35.02429],[134.83995,35.03252],[134.83794,35.03756],[134.8403,35.04149],[134.84803,35.04735],[134.8407,35.05798],[134.83627,35.06002],[134.83425,35.05861],[134.81993,35.05777],[134.81322,35.05595],[134.80943,35.05243],[134.80908,35.04882],[134.80313,35.04282],[134.79391,35.03826],[134.79002,35.04052],[134.78316,35.03754],[134.77493,35.04109],[134.76792,35.03997],[134.76134,35.0438],[134.75414,35.04289],[134.7482,35.03923],[134.74038,35.04081],[134.73674,35.04526],[134.73794,35.04941],[134.72977,35.05398],[134.72031,35.05315],[134.71835,35.04373],[134.72146,35.04203],[134.72065,35.03552],[134.71421,35.03437],[134.71029,35.03158],[134.70806,35.02313],[134.706,35.01985]]]}},{"type":"Feature","properties":{"code":"28443","name":"神崎郡福崎町","pref":"兵庫県","pref_code":"28","cx":134.73963,"cy":34.96844,"bbox":[134.69508,34.91761,134.8054,35.01985]},"geometry":{"type":"Polygon","coordinates":[[[134.79375,34.91786],[134.79574,34.91965],[134.79424,34.9291],[134.79941,34.93254],[134.8004,34.93621],[134.79879,34.94897],[134.79602,34.95342],[134.804,34.9615],[134.8054,34.96958],[134.79891,34.97131],[134.79642,34.96956],[134.78841,34.97234],[134.78205,34.96909],[134.7752,34.96758],[134.76963,34.96779],[134.76238,34.96374],[134.76446,34.97313],[134.76294,34.9779],[134.75558,34.97787],[134.74712,34.98016],[134.74305,34.98534],[134.73228,34.98689],[134.7325,34.99351],[134.72498,35.00351],[134.72515,35.0065],[134.72093,35.00893],[134.72018,35.0137],[134.71324,35.01765],[134.706,35.01985],[134.69826,35.01758],[134.69508,35.01171],[134.69853,35.00954],[134.70082,35.00133],[134.70844,34.99912],[134.7123,34.99381],[134.70942,34.98348],[134.70495,34.98014],[134.70648,34.97391],[134.71286,34.97293],[134.71739,34.9661],[134.71827,34.96233],[134.71507,34.95734],[134.71751,34.95282],[134.7252,34.94775],[134.72489,34.9444],[134.72911,34.9428],[134.72899,34.93815],[134.74682,34.93762],[134.75074,34.93461],[134.75578,34.93618],[134.76536,34.9348],[134.77004,34.92424],[134.77903,34.92311],[134.78476,34.91761],[134.79219,34.92008],[134.79375,34.91786]]]}},{"type":"Feature","properties":{"code":"28446","name":"神崎郡神河町","pref":"兵庫県","pref_code":"28","cx":134.76155,"cy":35.11767,"bbox":[134.65617,35.03754,134.90753,35.19451]},"geometry":{"type":"Polygon","coordinates":[[[134.72031,35.05315],[134.72977,35.05398],[134.73794,35.04941],[134.73674,35.04526],[134.74038,35.04081],[134.7482,35.03923],[134.75414,35.04289],[134.76134,35.0438],[134.76792,35.03997],[134.77493,35.04109],[134.78316,35.03754],[134.79002,35.04052],[134.79391,35.03826],[134.80313,35.04282],[134.80908,35.04882],[134.80943,35.05243],[134.81322,35.05595],[134.81993,35.05777],[134.83425,35.05861],[134.83627,35.06002],[134.83502,35.06393],[134.84247,35.0702],[134.84198,35.07586],[134.84523,35.07866],[134.845,35.08396],[134.85049,35.08554],[134.85624,35.08915],[134.85371,35.09286],[134.85011,35.10346],[134.85393,35.11327],[134.86065,35.11462],[134.86724,35.12071],[134.86643,35.12548],[134.87084,35.12824],[134.87448,35.13401],[134.87545,35.13952],[134.88631,35.1461],[134.89066,35.14624],[134.89375,35.14937],[134.89456,35.15346],[134.90356,35.16083],[134.90224,35.16906],[134.89763,35.17149],[134.90316,35.18206],[134.90742,35.18299],[134.90753,35.18878],[134.90577,35.19226],[134.90148,35.19451],[134.89157,35.19415],[134.88648,35.19206],[134.88736,35.18906],[134.88305,35.18542],[134.88249,35.17981],[134.8792,35.17499],[134.86813,35.17125],[134.86662,35.16822],[134.85521,35.16622],[134.84433,35.16217],[134.84621,35.15616],[134.84455,35.14931],[134.83541,35.14001],[134.82523,35.13451],[134.81355,35.14208],[134.80516,35.14005],[134.79659,35.14223],[134.78979,35.14233],[134.78636,35.13783],[134.78102,35.13463],[134.77865,35.12821],[134.77374,35.12579],[134.76997,35.13323],[134.76666,35.13631],[134.76394,35.14469],[134.75915,35.14207],[134.75521,35.13661],[134.73528,35.14107],[134.72958,35.14723],[134.72352,35.15995],[134.72831,35.16603],[134.72447,35.16913],[134.72255,35.17457],[134.71757,35.17952],[134.72087,35.18647],[134.71517,35.18703],[134.71283,35.18478],[134.70607,35.18345],[134.70162,35.18485],[134.69778,35.18351],[134.69282,35.17356],[134.68728,35.16999],[134.68159,35.16845],[134.67684,35.1698],[134.66979,35.16831],[134.66906,35.16379],[134.67231,35.16013],[134.66984,35.15503],[134.67138,35.15311],[134.66384,35.13933],[134.65672,35.13268],[134.65825,35.12686],[134.66283,35.12571],[134.6631,35.12282],[134.65684,35.11462],[134.65617,35.11022],[134.66078,35.10863],[134.6655,35.10486],[134.66397,35.09864],[134.67183,35.09322],[134.67537,35.09434],[134.68329,35.09265],[134.68324,35.08516],[134.6856,35.08203],[134.70055,35.07556],[134.6985,35.0685],[134.70175,35.06406],[134.70151,35.05846],[134.71005,35.05374],[134.7174,35.05653],[134.72031,35.05315]]]}},{"type":"Feature","properties":{"code":"28464","name":"揖保郡太子町","pref":"兵庫県","pref_code":"28","cx":134.59445,"cy":34.83531,"bbox":[134.55589,34.80678,134.63003,34.86018]},"geometry":{"type":"Polygon","coordinates":[[[134.58473,34.86018],[134.57922,34.8538],[134.57658,34.84497],[134.56811,34.8423],[134.56618,34.84447],[134.56037,34.83843],[134.56106,34.83312],[134.55697,34.82947],[134.55765,34.82378],[134.55589,34.81933],[134.55729,34.8165],[134.55749,34.80933],[134.56532,34.80678],[134.57752,34.80903],[134.57786,34.81328],[134.58141,34.81348],[134.58143,34.82029],[134.58346,34.82315],[134.59046,34.82406],[134.5955,34.82765],[134.60437,34.82636],[134.6063,34.82234],[134.60311,34.82008],[134.61951,34.81783],[134.62291,34.82116],[134.6273,34.82084],[134.63003,34.82844],[134.62765,34.83117],[134.62839,34.83751],[134.6232,34.83953],[134.6232,34.84301],[134.61528,34.84623],[134.61901,34.8505],[134.61694,34.85285],[134.60974,34.85213],[134.607,34.84962],[134.59954,34.85243],[134.59989,34.8557],[134.5966,34.85849],[134.58877,34.85643],[134.58473,34.86018]]]}},{"type":"Feature","properties":{"code":"28481","name":"赤穂郡上郡町","pref":"兵庫県","pref_code":"28","cx":134.34085,"cy":34.88184,"bbox":[134.254,34.81806,134.45164,34.94541]},"geometry":{"type":"Polygon","coordinates":[[[134.44858,34.90897],[134.44726,34.91339],[134.45164,34.92018],[134.44673,34.92747],[134.44876,34.9316],[134.44479,34.93428],[134.44456,34.93908],[134.43326,34.94541],[134.42953,34.94539],[134.42493,34.94199],[134.41463,34.938],[134.40283,34.93752],[134.3979,34.93843],[134.38704,34.93711],[134.37726,34.94216],[134.37229,34.9402],[134.36009,34.94244],[134.35428,34.94051],[134.35214,34.93389],[134.34396,34.93074],[134.33867,34.92493],[134.33517,34.92549],[134.32803,34.93264],[134.33289,34.93685],[134.32647,34.93781],[134.32475,34.93397],[134.3197,34.93246],[134.31392,34.92757],[134.30683,34.92624],[134.29796,34.92075],[134.29999,34.91392],[134.29501,34.90746],[134.29411,34.9028],[134.28915,34.89769],[134.27779,34.89514],[134.26929,34.88909],[134.26749,34.8833],[134.26235,34.88198],[134.26708,34.87548],[134.26016,34.86731],[134.25845,34.86255],[134.254,34.85696],[134.25456,34.84926],[134.26096,34.84697],[134.26461,34.83731],[134.26178,34.83577],[134.26173,34.83115],[134.2663,34.82564],[134.27253,34.82653],[134.28335,34.82975],[134.28842,34.82693],[134.28793,34.82156],[134.29561,34.81806],[134.29866,34.82307],[134.30767,34.82528],[134.31393,34.82267],[134.3146,34.82614],[134.32218,34.8269],[134.32269,34.83282],[134.32076,34.83874],[134.32326,34.84597],[134.32605,34.84824],[134.3337,34.84952],[134.33762,34.85265],[134.3441,34.84547],[134.35231,34.84738],[134.3572,34.84645],[134.36545,34.84223],[134.36675,34.84686],[134.36575,34.85634],[134.37329,34.85557],[134.37908,34.84958],[134.38283,34.84088],[134.3864,34.83981],[134.3918,34.84401],[134.39873,34.84585],[134.40217,34.85037],[134.40828,34.85423],[134.41218,34.85154],[134.4156,34.85478],[134.41586,34.86413],[134.42441,34.87914],[134.41921,34.8817],[134.41991,34.88707],[134.42612,34.89452],[134.4332,34.89675],[134.4341,34.90406],[134.43987,34.90307],[134.44292,34.90462],[134.44546,34.90939],[134.44858,34.90897]]]}},{"type":"Feature","properties":{"code":"28501","name":"佐用郡佐用町","pref":"兵庫県","pref_code":"28","cx":134.37558,"cy":35.03135,"bbox":[134.25373,34.90746,134.48661,35.15249]},"geometry":{"type":"Polygon","coordinates":[[[134.40869,35.14787],[134.40702,35.14733],[134.39747,35.15214],[134.38826,35.15126],[134.38308,35.15249],[134.37756,35.14912],[134.37472,35.15087],[134.36739,35.14696],[134.36248,35.14009],[134.36329,35.13553],[134.36052,35.12931],[134.35643,35.12482],[134.36073,35.12035],[134.35346,35.11435],[134.35228,35.1111],[134.35333,35.10206],[134.35503,35.09943],[134.35,35.09425],[134.34955,35.09022],[134.33654,35.08875],[134.32821,35.08564],[134.31908,35.08344],[134.32116,35.0675],[134.31718,35.06565],[134.31454,35.0609],[134.31433,35.05079],[134.31717,35.04682],[134.31633,35.0432],[134.30774,35.0455],[134.30531,35.04017],[134.29779,35.04311],[134.29267,35.039],[134.28159,35.03362],[134.27521,35.02331],[134.2676,35.02154],[134.26862,35.01803],[134.26444,35.01669],[134.26576,35.00497],[134.27897,35.00102],[134.28236,34.99659],[134.27784,34.98711],[134.27109,34.9839],[134.27193,34.97894],[134.27708,34.97579],[134.27458,34.97122],[134.2743,34.96575],[134.27696,34.96333],[134.26734,34.95746],[134.2667,34.95443],[134.25999,34.95231],[134.25777,34.94778],[134.25433,34.94622],[134.25373,34.93909],[134.25994,34.93444],[134.26288,34.93766],[134.27309,34.93255],[134.2761,34.92968],[134.2748,34.92428],[134.27824,34.92168],[134.28449,34.92103],[134.28402,34.91697],[134.28736,34.91283],[134.29501,34.90746],[134.29999,34.91392],[134.29796,34.92075],[134.30683,34.92624],[134.31392,34.92757],[134.3197,34.93246],[134.32475,34.93397],[134.32647,34.93781],[134.33289,34.93685],[134.32803,34.93264],[134.33517,34.92549],[134.33867,34.92493],[134.34396,34.93074],[134.35214,34.93389],[134.35428,34.94051],[134.36009,34.94244],[134.37229,34.9402],[134.37726,34.94216],[134.38704,34.93711],[134.3979,34.93843],[134.40283,34.93752],[134.41463,34.938],[134.42493,34.94199],[134.42953,34.94539],[134.42666,34.95029],[134.42868,34.95569],[134.43228,34.96027],[134.4404,34.96675],[134.44408,34.96678],[134.44926,34.96998],[134.46247,34.96865],[134.46714,34.97725],[134.47584,34.97889],[134.47352,34.98236],[134.47357,34.98793],[134.47673,34.9904],[134.47589,34.99358],[134.48475,35.00727],[134.48661,35.01313],[134.47987,35.01993],[134.47654,35.02881],[134.47347,35.02908],[134.46549,35.03636],[134.46215,35.03362],[134.44963,35.03369],[134.44267,35.03536],[134.43557,35.03933],[134.43842,35.04195],[134.43966,35.04898],[134.43644,35.05395],[134.43862,35.05676],[134.43666,35.06207],[134.4348,35.07199],[134.43495,35.07726],[134.44045,35.08198],[134.43968,35.08738],[134.44153,35.08994],[134.43768,35.09562],[134.44565,35.10349],[134.44409,35.10676],[134.43633,35.11141],[134.43402,35.11787],[134.42851,35.12163],[134.42039,35.11963],[134.41841,35.12223],[134.41275,35.12357],[134.41331,35.12734],[134.41122,35.13163],[134.41602,35.13863],[134.41248,35.14639],[134.40869,35.14787]]]}},{"type":"Feature","properties":{"code":"28585","name":"美方郡香美町","pref":"兵庫県","pref_code":"28","cx":134.58321,"cy":35.51711,"bbox":[134.47138,35.36596,134.73321,35.6702]},"geometry":{"type":"Polygon","coordinates":[[[134.73321,35.65845],[134.73201,35.66215],[134.72813,35.66238],[134.72498,35.667],[134.71145,35.66548],[134.70825,35.66388],[134.70926,35.65771],[134.70764,35.65354],[134.70257,35.65548],[134.69662,35.65396],[134.69214,35.65959],[134.69516,35.66106],[134.69408,35.66505],[134.68719,35.66183],[134.687,35.65644],[134.68124,35.65748],[134.67589,35.66016],[134.66768,35.65574],[134.66321,35.64815],[134.65979,35.65047],[134.66683,35.6626],[134.66402,35.66679],[134.65415,35.66397],[134.64711,35.66003],[134.6452,35.6542],[134.64137,35.6499],[134.62976,35.64981],[134.62951,35.64205],[134.62159,35.63955],[134.61444,35.64045],[134.61278,35.64371],[134.61343,35.64868],[134.60864,35.64859],[134.60073,35.65803],[134.59269,35.65516],[134.58521,35.65896],[134.5786,35.66018],[134.57614,35.65858],[134.57612,35.6523],[134.57085,35.65696],[134.56339,35.65535],[134.56336,35.65176],[134.55821,35.65112],[134.55684,35.65553],[134.55068,35.65826],[134.54601,35.66544],[134.53896,35.6702],[134.53482,35.66708],[134.52948,35.66577],[134.52319,35.66696],[134.5173,35.66622],[134.51917,35.66207],[134.52311,35.66242],[134.52799,35.65254],[134.52423,35.64861],[134.52563,35.64306],[134.52269,35.63777],[134.5348,35.62478],[134.54438,35.62293],[134.54837,35.62585],[134.55747,35.62065],[134.56391,35.621],[134.57153,35.61887],[134.57512,35.61547],[134.57334,35.60982],[134.57914,35.60107],[134.57936,35.5967],[134.58652,35.59275],[134.58309,35.58625],[134.58388,35.57732],[134.57603,35.5751],[134.56919,35.56818],[134.56406,35.56785],[134.55055,35.56408],[134.54868,35.55931],[134.54301,35.55645],[134.54488,35.54965],[134.54256,35.54671],[134.54618,35.53939],[134.54294,35.535],[134.54444,35.53032],[134.54939,35.52281],[134.54683,35.51912],[134.55055,35.5151],[134.54918,35.51065],[134.54132,35.50698],[134.5355,35.50857],[134.52893,35.50498],[134.52483,35.50779],[134.51914,35.50584],[134.51734,35.5078],[134.49838,35.49102],[134.49742,35.48717],[134.49246,35.48648],[134.4882,35.47605],[134.48547,35.47437],[134.48705,35.47022],[134.48506,35.46745],[134.48964,35.4622],[134.48771,35.45145],[134.49078,35.4486],[134.48554,35.43873],[134.4871,35.43587],[134.48509,35.43267],[134.47735,35.42902],[134.47987,35.42496],[134.4767,35.41456],[134.48143,35.4105],[134.47744,35.40009],[134.47726,35.39522],[134.47442,35.39203],[134.4744,35.38619],[134.47138,35.38003],[134.47475,35.37471],[134.48284,35.37308],[134.48656,35.36919],[134.50287,35.36596],[134.50402,35.37307],[134.5078,35.37898],[134.51234,35.38007],[134.5189,35.38866],[134.52333,35.39007],[134.52925,35.39441],[134.53704,35.39464],[134.53763,35.39156],[134.54149,35.38938],[134.54985,35.39049],[134.55534,35.3932],[134.56574,35.39193],[134.57638,35.39519],[134.57855,35.39272],[134.58649,35.38972],[134.59505,35.38804],[134.60092,35.38825],[134.60736,35.3942],[134.60824,35.39965],[134.61248,35.40032],[134.61814,35.40675],[134.62927,35.41032],[134.63557,35.40964],[134.63927,35.40729],[134.64487,35.41093],[134.64481,35.414],[134.64927,35.42004],[134.6446,35.42801],[134.64269,35.4277],[134.63601,35.43225],[134.63085,35.44684],[134.63126,35.45524],[134.63567,35.45893],[134.63542,35.46591],[134.64404,35.47805],[134.63997,35.48558],[134.63701,35.48863],[134.6366,35.4942],[134.62673,35.49795],[134.62415,35.50114],[134.61843,35.50195],[134.6188,35.50523],[134.61647,35.51067],[134.61928,35.51289],[134.61678,35.51969],[134.6174,35.5239],[134.62408,35.52246],[134.62862,35.52499],[134.63267,35.52462],[134.6371,35.52702],[134.6391,35.5347],[134.63663,35.53747],[134.64015,35.5419],[134.64541,35.54186],[134.651,35.55016],[134.6538,35.5648],[134.65747,35.56619],[134.66189,35.57196],[134.66766,35.57183],[134.67056,35.57425],[134.68156,35.57339],[134.68798,35.57512],[134.69151,35.57849],[134.69706,35.58754],[134.71011,35.60067],[134.71142,35.60481],[134.7097,35.61045],[134.7165,35.6195],[134.7194,35.62066],[134.71543,35.6261],[134.71327,35.63477],[134.71758,35.637],[134.72121,35.64497],[134.73083,35.65241],[134.73321,35.65845]]]}},{"type":"Feature","properties":{"code":"28586","name":"美方郡新温泉町","pref":"兵庫県","pref_code":"28","cx":134.4833,"cy":35.54818,"bbox":[134.37049,35.42902,134.58652,35.66622]},"geometry":{"type":"Polygon","coordinates":[[[134.5173,35.66622],[134.51891,35.6613],[134.51244,35.65813],[134.50555,35.66137],[134.50076,35.6578],[134.48991,35.65304],[134.48046,35.64665],[134.47761,35.64238],[134.47188,35.63875],[134.46276,35.63997],[134.45993,35.63497],[134.45669,35.635],[134.45305,35.629],[134.44657,35.6291],[134.43482,35.63331],[134.43196,35.62982],[134.4358,35.6234],[134.43395,35.62099],[134.42494,35.62155],[134.42062,35.62434],[134.41787,35.61992],[134.40261,35.61663],[134.3953,35.61971],[134.38845,35.61777],[134.38743,35.61374],[134.37483,35.61333],[134.37049,35.6106],[134.38163,35.60334],[134.38729,35.60372],[134.39309,35.60137],[134.3931,35.59827],[134.40164,35.59503],[134.40826,35.58732],[134.40562,35.58443],[134.40714,35.5793],[134.40507,35.57071],[134.40995,35.5629],[134.41411,35.56406],[134.4215,35.56291],[134.42228,35.55657],[134.42506,35.55203],[134.42102,35.54489],[134.42401,35.542],[134.42333,35.53491],[134.42019,35.53344],[134.42067,35.52857],[134.4131,35.5176],[134.41378,35.51383],[134.41887,35.51395],[134.42443,35.50875],[134.42763,35.50865],[134.43088,35.50247],[134.42743,35.49657],[134.43022,35.49228],[134.43791,35.47428],[134.43421,35.46964],[134.43458,35.46363],[134.43818,35.46123],[134.43751,35.45762],[134.43972,35.44786],[134.43962,35.44397],[134.44598,35.44202],[134.44825,35.43844],[134.45226,35.43645],[134.46273,35.4368],[134.47233,35.42981],[134.47735,35.42902],[134.48509,35.43267],[134.4871,35.43587],[134.48554,35.43873],[134.49078,35.4486],[134.48771,35.45145],[134.48964,35.4622],[134.48506,35.46745],[134.48705,35.47022],[134.48547,35.47437],[134.4882,35.47605],[134.49246,35.48648],[134.49742,35.48717],[134.49838,35.49102],[134.51734,35.5078],[134.51914,35.50584],[134.52483,35.50779],[134.52893,35.50498],[134.5355,35.50857],[134.54132,35.50698],[134.54918,35.51065],[134.55055,35.5151],[134.54683,35.51912],[134.54939,35.52281],[134.54444,35.53032],[134.54294,35.535],[134.54618,35.53939],[134.54256,35.54671],[134.54488,35.54965],[134.54301,35.55645],[134.54868,35.55931],[134.55055,35.56408],[134.56406,35.56785],[134.56919,35.56818],[134.57603,35.5751],[134.58388,35.57732],[134.58309,35.58625],[134.58652,35.59275],[134.57936,35.5967],[134.57914,35.60107],[134.57334,35.60982],[134.57512,35.61547],[134.57153,35.61887],[134.56391,35.621],[134.55747,35.62065],[134.54837,35.62585],[134.54438,35.62293],[134.5348,35.62478],[134.52269,35.63777],[134.52563,35.64306],[134.52423,35.64861],[134.52799,35.65254],[134.52311,35.66242],[134.51917,35.66207],[134.5173,35.66622]]]}},{"type":"Feature","properties":{"code":"29201","name":"奈良市","pref":"奈良県","pref_code":"29","cx":135.87761,"cy":34.65653,"bbox":[135.71568,34.55851,136.07107,34.75369]},"geometry":{"type":"Polygon","coordinates":[[[136.05486,34.70292],[136.07107,34.71468],[136.06803,34.72389],[136.05498,34.7384],[136.04187,34.73428],[136.03945,34.72012],[136.02932,34.71374],[136.02681,34.7061],[135.98616,34.71531],[135.98095,34.73714],[135.97278,34.74208],[135.95826,34.74088],[135.95492,34.74829],[135.94111,34.73905],[135.93247,34.73765],[135.91616,34.75369],[135.90302,34.73292],[135.89739,34.73087],[135.89017,34.70944],[135.87614,34.71388],[135.86331,34.70624],[135.84902,34.70597],[135.839,34.7118],[135.81979,34.71169],[135.80368,34.72186],[135.7817,34.72309],[135.75551,34.72753],[135.74203,34.72556],[135.72912,34.70986],[135.71935,34.70648],[135.71568,34.6975],[135.72712,34.66515],[135.7545,34.6572],[135.77087,34.66137],[135.79431,34.66125],[135.797,34.65291],[135.81623,34.64755],[135.82362,34.6372],[135.84564,34.63845],[135.85477,34.61972],[135.86716,34.6209],[135.87892,34.61311],[135.89201,34.60956],[135.89455,34.63302],[135.91516,34.62895],[135.92631,34.632],[135.93064,34.64181],[135.93956,34.64194],[135.94756,34.63085],[135.94624,34.62124],[135.93838,34.61319],[135.93913,34.59928],[135.92487,34.59033],[135.9444,34.56688],[135.94612,34.5603],[135.97205,34.55851],[135.97659,34.56533],[135.97805,34.58064],[135.96974,34.58884],[135.97998,34.59549],[135.97894,34.60239],[135.99959,34.61857],[135.99273,34.62817],[136.00006,34.64112],[135.98095,34.66481],[135.97874,34.65587],[135.95924,34.65335],[135.96001,34.6706],[135.95285,34.68079],[135.97954,34.69109],[136.00914,34.68343],[136.01775,34.68544],[136.02132,34.69504],[136.04259,34.70298],[136.05486,34.70292]]]}},{"type":"Feature","properties":{"code":"29202","name":"大和高田市","pref":"奈良県","pref_code":"29","cx":135.74548,"cy":34.50394,"bbox":[135.71447,34.47671,135.76447,34.5323]},"geometry":{"type":"Polygon","coordinates":[[[135.76447,34.52949],[135.75972,34.5323],[135.73037,34.52856],[135.72854,34.5312],[135.72025,34.53066],[135.71447,34.51929],[135.7186,34.51025],[135.7302,34.51032],[135.73509,34.49157],[135.74679,34.49167],[135.75068,34.48167],[135.75387,34.47671],[135.76107,34.48356],[135.75777,34.49763],[135.76447,34.52949]]]}},{"type":"Feature","properties":{"code":"29203","name":"大和郡山市","pref":"奈良県","pref_code":"29","cx":135.77963,"cy":34.63026,"bbox":[135.72158,34.59585,135.82389,34.66515]},"geometry":{"type":"Polygon","coordinates":[[[135.72712,34.66515],[135.72957,34.6586],[135.72158,34.64673],[135.72607,34.63532],[135.75694,34.61873],[135.76751,34.59713],[135.7864,34.59585],[135.79517,34.60158],[135.795,34.6123],[135.81264,34.61039],[135.81328,34.62301],[135.82389,34.62521],[135.82362,34.6372],[135.81623,34.64755],[135.797,34.65291],[135.79431,34.66125],[135.77087,34.66137],[135.7545,34.6572],[135.72712,34.66515]]]}},{"type":"Feature","properties":{"code":"29204","name":"天理市","pref":"奈良県","pref_code":"29","cx":135.85907,"cy":34.59309,"bbox":[135.7864,34.54836,135.94756,34.64194]},"geometry":{"type":"Polygon","coordinates":[[[135.82362,34.6372],[135.82389,34.62521],[135.81328,34.62301],[135.81264,34.61039],[135.795,34.6123],[135.79517,34.60158],[135.7864,34.59585],[135.79438,34.58692],[135.78658,34.58004],[135.7903,34.57786],[135.8051,34.58405],[135.8141,34.56056],[135.82615,34.54855],[135.86188,34.54836],[135.88165,34.55888],[135.88597,34.56653],[135.89608,34.56888],[135.91368,34.58947],[135.92487,34.59033],[135.93913,34.59928],[135.93838,34.61319],[135.94624,34.62124],[135.94756,34.63085],[135.93956,34.64194],[135.93064,34.64181],[135.92631,34.632],[135.91516,34.62895],[135.89455,34.63302],[135.89201,34.60956],[135.87892,34.61311],[135.86716,34.6209],[135.85477,34.61972],[135.84564,34.63845],[135.82362,34.6372]]]}},{"type":"Feature","properties":{"code":"29205","name":"橿原市","pref":"奈良県","pref_code":"29","cx":135.79277,"cy":34.50443,"bbox":[135.75387,34.46537,135.82655,34.53685]},"geometry":{"type":"Polygon","coordinates":[[[135.75387,34.47671],[135.75409,34.46788],[135.7636,34.46537],[135.77453,34.47117],[135.78844,34.46726],[135.80825,34.47077],[135.81051,34.48973],[135.82655,34.48631],[135.82626,34.51127],[135.81883,34.51123],[135.81846,34.535],[135.79558,34.53685],[135.76986,34.53532],[135.76447,34.52949],[135.75777,34.49763],[135.76107,34.48356],[135.75387,34.47671]]]}},{"type":"Feature","properties":{"code":"29206","name":"桜井市","pref":"奈良県","pref_code":"29","cx":135.8655,"cy":34.51493,"bbox":[135.81846,34.44328,135.94612,34.59033]},"geometry":{"type":"Polygon","coordinates":[[[135.92487,34.59033],[135.91368,34.58947],[135.89608,34.56888],[135.88597,34.56653],[135.88165,34.55888],[135.86188,34.54836],[135.82615,34.54855],[135.81846,34.535],[135.81883,34.51123],[135.82626,34.51127],[135.82655,34.48631],[135.82753,34.4812],[135.85619,34.46098],[135.86724,34.44328],[135.88741,34.45341],[135.89292,34.46267],[135.88687,34.4767],[135.89868,34.48778],[135.91263,34.50818],[135.91201,34.5186],[135.92929,34.52527],[135.92898,34.53053],[135.94281,34.54047],[135.94022,34.55041],[135.94612,34.5603],[135.9444,34.56688],[135.92487,34.59033]]]}},{"type":"Feature","properties":{"code":"29207","name":"五條市","pref":"奈良県","pref_code":"29","cx":135.76998,"cy":34.24565,"bbox":[135.65113,34.08333,135.91077,34.40832]},"geometry":{"type":"Polygon","coordinates":[[[135.74278,34.38932],[135.73082,34.38626],[135.70986,34.39922],[135.6968,34.39841],[135.68,34.40832],[135.67555,34.39946],[135.66591,34.39706],[135.65113,34.38321],[135.65584,34.36622],[135.66353,34.35544],[135.66033,34.32693],[135.66813,34.32575],[135.66639,34.30869],[135.67516,34.2881],[135.67276,34.28148],[135.68277,34.27018],[135.69247,34.27827],[135.71845,34.26332],[135.72345,34.24008],[135.73002,34.2316],[135.72748,34.22073],[135.70962,34.20879],[135.70752,34.19974],[135.69791,34.19596],[135.69011,34.18475],[135.70732,34.17421],[135.7104,34.16603],[135.72795,34.16077],[135.72606,34.14832],[135.72951,34.13883],[135.70779,34.12966],[135.70019,34.12024],[135.69568,34.10417],[135.68352,34.09513],[135.66786,34.09017],[135.665,34.08435],[135.68888,34.08333],[135.71163,34.08962],[135.7137,34.09925],[135.75668,34.15329],[135.77114,34.15047],[135.78882,34.13411],[135.82929,34.14273],[135.84763,34.13892],[135.8636,34.14919],[135.88271,34.15056],[135.89426,34.14415],[135.90507,34.14422],[135.91077,34.1556],[135.90351,34.1701],[135.88898,34.18488],[135.87359,34.1787],[135.85839,34.17638],[135.86128,34.19043],[135.84367,34.19066],[135.82588,34.18137],[135.81447,34.18486],[135.79571,34.17565],[135.78556,34.18341],[135.76557,34.18506],[135.75895,34.19205],[135.74606,34.19543],[135.74411,34.20548],[135.75198,34.22212],[135.74845,34.23222],[135.77346,34.24131],[135.78618,34.23861],[135.79188,34.23184],[135.8165,34.24039],[135.8187,34.25],[135.84505,34.26521],[135.84322,34.2699],[135.82637,34.27426],[135.82221,34.27977],[135.80689,34.28514],[135.79298,34.28328],[135.77399,34.28992],[135.77975,34.30769],[135.77983,34.32501],[135.77015,34.32639],[135.77312,34.36709],[135.77184,34.37993],[135.75923,34.37711],[135.7568,34.38532],[135.74278,34.38932]]]}},{"type":"Feature","properties":{"code":"29208","name":"御所市","pref":"奈良県","pref_code":"29","cx":135.72376,"cy":34.44096,"bbox":[135.66533,34.38626,135.76944,34.48167]},"geometry":{"type":"Polygon","coordinates":[[[135.75068,34.48167],[135.74107,34.47064],[135.72695,34.47356],[135.70241,34.46537],[135.68217,34.46487],[135.68698,34.45146],[135.67861,34.43236],[135.66533,34.42424],[135.66942,34.41368],[135.68,34.40832],[135.6968,34.39841],[135.70986,34.39922],[135.73082,34.38626],[135.74278,34.38932],[135.73952,34.40256],[135.7485,34.40643],[135.76542,34.42034],[135.75928,34.42924],[135.76944,34.44956],[135.7636,34.46537],[135.75409,34.46788],[135.75387,34.47671],[135.75068,34.48167]]]}},{"type":"Feature","properties":{"code":"29209","name":"生駒市","pref":"奈良県","pref_code":"29","cx":135.71348,"cy":34.71649,"bbox":[135.6711,34.64649,135.75706,34.77746]},"geometry":{"type":"Polygon","coordinates":[[[135.75551,34.72753],[135.75706,34.73592],[135.74636,34.74683],[135.73335,34.75478],[135.72916,34.77746],[135.70662,34.77234],[135.71019,34.75591],[135.69692,34.74141],[135.70169,34.72168],[135.68308,34.71129],[135.6734,34.70225],[135.6731,34.69015],[135.6787,34.67776],[135.6711,34.66156],[135.68592,34.66023],[135.68888,34.65487],[135.70695,34.64784],[135.72015,34.64649],[135.72158,34.64673],[135.72957,34.6586],[135.71568,34.6975],[135.71935,34.70648],[135.72912,34.70986],[135.74203,34.72556],[135.75551,34.72753]]]}},{"type":"Feature","properties":{"code":"29210","name":"香芝市","pref":"奈良県","pref_code":"29","cx":135.69129,"cy":34.54619,"bbox":[135.65577,34.51929,135.72854,34.57498]},"geometry":{"type":"Polygon","coordinates":[[[135.72854,34.5312],[135.72795,34.54413],[135.71988,34.55158],[135.70619,34.54825],[135.70489,34.57377],[135.68088,34.57498],[135.67308,34.57073],[135.65778,34.56132],[135.65577,34.5492],[135.66283,34.52963],[135.6675,34.53086],[135.69559,34.53556],[135.69701,34.52498],[135.71447,34.51929],[135.72025,34.53066],[135.72854,34.5312]]]}},{"type":"Feature","properties":{"code":"29211","name":"葛城市","pref":"奈良県","pref_code":"29","cx":135.70545,"cy":34.50165,"bbox":[135.6675,34.46487,135.75068,34.53556]},"geometry":{"type":"Polygon","coordinates":[[[135.71447,34.51929],[135.69701,34.52498],[135.69559,34.53556],[135.6675,34.53086],[135.67693,34.52553],[135.67898,34.49306],[135.68481,34.4836],[135.68217,34.46487],[135.70241,34.46537],[135.72695,34.47356],[135.74107,34.47064],[135.75068,34.48167],[135.74679,34.49167],[135.73509,34.49157],[135.7302,34.51032],[135.7186,34.51025],[135.71447,34.51929]]]}},{"type":"Feature","properties":{"code":"29212","name":"宇陀市","pref":"奈良県","pref_code":"29","cx":136.01774,"cy":34.53549,"bbox":[135.88687,34.42713,136.107,34.63524]},"geometry":{"type":"Polygon","coordinates":[[[135.94612,34.5603],[135.94022,34.55041],[135.94281,34.54047],[135.92898,34.53053],[135.92929,34.52527],[135.91201,34.5186],[135.91263,34.50818],[135.89868,34.48778],[135.88687,34.4767],[135.89292,34.46267],[135.88741,34.45341],[135.89726,34.44288],[135.90663,34.44788],[135.91911,34.4449],[135.93352,34.43025],[135.945,34.42713],[135.95966,34.43623],[135.97551,34.43659],[135.99676,34.44391],[136.00714,34.44357],[136.01295,34.45353],[136.02505,34.45498],[136.04202,34.46305],[136.05387,34.47901],[136.07269,34.47713],[136.06823,34.48593],[136.08003,34.49368],[136.08602,34.50944],[136.09321,34.51667],[136.08985,34.52605],[136.10221,34.52853],[136.09775,34.54045],[136.107,34.55631],[136.08336,34.55933],[136.04977,34.58027],[136.05214,34.59306],[136.04657,34.60056],[136.06247,34.61996],[136.05074,34.62105],[136.02525,34.63524],[136.00507,34.62568],[135.99273,34.62817],[135.99959,34.61857],[135.97894,34.60239],[135.97998,34.59549],[135.96974,34.58884],[135.97805,34.58064],[135.97659,34.56533],[135.97205,34.55851],[135.94612,34.5603]]]}},{"type":"Feature","properties":{"code":"29322","name":"山辺郡山添村","pref":"奈良県","pref_code":"29","cx":136.03138,"cy":34.66178,"bbox":[135.95285,34.61996,136.08646,34.70298]},"geometry":{"type":"Polygon","coordinates":[[[135.99273,34.62817],[136.00507,34.62568],[136.02525,34.63524],[136.05074,34.62105],[136.06247,34.61996],[136.07358,34.63409],[136.06451,34.65196],[136.07778,34.65876],[136.08646,34.67535],[136.07508,34.6977],[136.05486,34.70292],[136.04259,34.70298],[136.02132,34.69504],[136.01775,34.68544],[136.00914,34.68343],[135.97954,34.69109],[135.95285,34.68079],[135.96001,34.6706],[135.95924,34.65335],[135.97874,34.65587],[135.98095,34.66481],[136.00006,34.64112],[135.99273,34.62817]]]}},{"type":"Feature","properties":{"code":"29342","name":"生駒郡平群町","pref":"奈良県","pref_code":"29","cx":135.69017,"cy":34.63474,"bbox":[135.65877,34.60833,135.72015,34.66156]},"geometry":{"type":"Polygon","coordinates":[[[135.6711,34.66156],[135.66426,34.64998],[135.6632,34.62952],[135.65877,34.61473],[135.66896,34.60833],[135.68427,34.61438],[135.69764,34.61593],[135.7099,34.60973],[135.71875,34.62064],[135.71618,34.63996],[135.72015,34.64649],[135.70695,34.64784],[135.68888,34.65487],[135.68592,34.66023],[135.6711,34.66156]]]}},{"type":"Feature","properties":{"code":"29343","name":"生駒郡三郷町","pref":"奈良県","pref_code":"29","cx":135.69246,"cy":34.60034,"bbox":[135.65229,34.58546,135.7099,34.61593]},"geometry":{"type":"Polygon","coordinates":[[[135.65877,34.61473],[135.65229,34.60395],[135.67491,34.60172],[135.68242,34.58546],[135.7093,34.59896],[135.7099,34.60973],[135.69764,34.61593],[135.68427,34.61438],[135.66896,34.60833],[135.65877,34.61473]]]}},{"type":"Feature","properties":{"code":"29344","name":"生駒郡斑鳩町","pref":"奈良県","pref_code":"29","cx":135.7342,"cy":34.61423,"bbox":[135.7093,34.59067,135.75694,34.64673]},"geometry":{"type":"Polygon","coordinates":[[[135.72158,34.64673],[135.72015,34.64649],[135.71618,34.63996],[135.71875,34.62064],[135.7099,34.60973],[135.7093,34.59896],[135.71571,34.59488],[135.72686,34.59067],[135.74154,34.59318],[135.74131,34.60094],[135.75166,34.6074],[135.75694,34.61873],[135.72607,34.63532],[135.72158,34.64673]]]}},{"type":"Feature","properties":{"code":"29345","name":"生駒郡安堵町","pref":"奈良県","pref_code":"29","cx":135.75527,"cy":34.60417,"bbox":[135.74131,34.59196,135.76751,34.61873]},"geometry":{"type":"Polygon","coordinates":[[[135.75694,34.61873],[135.75166,34.6074],[135.74131,34.60094],[135.74154,34.59318],[135.75163,34.59196],[135.76751,34.59713],[135.75694,34.61873]]]}},{"type":"Feature","properties":{"code":"29361","name":"磯城郡川西町","pref":"奈良県","pref_code":"29","cx":135.77205,"cy":34.58944,"bbox":[135.75163,34.58004,135.79438,34.59713]},"geometry":{"type":"Polygon","coordinates":[[[135.76751,34.59713],[135.75163,34.59196],[135.75317,34.58058],[135.78658,34.58004],[135.79438,34.58692],[135.7864,34.59585],[135.76751,34.59713]]]}},{"type":"Feature","properties":{"code":"29362","name":"磯城郡三宅町","pref":"奈良県","pref_code":"29","cx":135.77393,"cy":34.56996,"bbox":[135.75255,34.56151,135.7903,34.58058]},"geometry":{"type":"Polygon","coordinates":[[[135.78658,34.58004],[135.75317,34.58058],[135.75255,34.57832],[135.76265,34.57272],[135.76337,34.56151],[135.78318,34.5672],[135.7903,34.57786],[135.78658,34.58004]]]}},{"type":"Feature","properties":{"code":"29363","name":"磯城郡田原本町","pref":"奈良県","pref_code":"29","cx":135.79044,"cy":34.55666,"bbox":[135.76248,34.535,135.82615,34.58405]},"geometry":{"type":"Polygon","coordinates":[[[135.7903,34.57786],[135.78318,34.5672],[135.76337,34.56151],[135.76248,34.55277],[135.76986,34.53532],[135.79558,34.53685],[135.81846,34.535],[135.82615,34.54855],[135.8141,34.56056],[135.8051,34.58405],[135.7903,34.57786]]]}},{"type":"Feature","properties":{"code":"29385","name":"宇陀郡曽爾村","pref":"奈良県","pref_code":"29","cx":136.12575,"cy":34.51509,"bbox":[136.06823,34.47331,136.17177,34.55973]},"geometry":{"type":"Polygon","coordinates":[[[136.07269,34.47713],[136.08196,34.47331],[136.09869,34.47627],[136.10735,34.48969],[136.11699,34.49354],[136.14744,34.49653],[136.15752,34.51351],[136.1674,34.52017],[136.17177,34.53482],[136.15977,34.54671],[136.1555,34.55973],[136.1396,34.55926],[136.11863,34.54649],[136.107,34.55631],[136.09775,34.54045],[136.10221,34.52853],[136.08985,34.52605],[136.09321,34.51667],[136.08602,34.50944],[136.08003,34.49368],[136.06823,34.48593],[136.07269,34.47713]]]}},{"type":"Feature","properties":{"code":"29386","name":"宇陀郡御杖村","pref":"奈良県","pref_code":"29","cx":136.16322,"cy":34.48511,"bbox":[136.08196,34.43522,136.22904,34.52903]},"geometry":{"type":"Polygon","coordinates":[[[136.08196,34.47331],[136.08796,34.45155],[136.0959,34.43522],[136.11126,34.4357],[136.11802,34.44271],[136.13132,34.4451],[136.15144,34.44185],[136.15824,34.44901],[136.17848,34.44552],[136.18852,34.4506],[136.20536,34.44835],[136.20932,34.46706],[136.21556,34.48115],[136.22852,34.48907],[136.22904,34.49472],[136.21467,34.50131],[136.21978,34.51589],[136.20994,34.52903],[136.18212,34.51675],[136.1674,34.52017],[136.15752,34.51351],[136.14744,34.49653],[136.11699,34.49354],[136.10735,34.48969],[136.09869,34.47627],[136.08196,34.47331]]]}},{"type":"Feature","properties":{"code":"29401","name":"高市郡高取町","pref":"奈良県","pref_code":"29","cx":135.80035,"cy":34.43562,"bbox":[135.75928,34.41264,135.84676,34.47117]},"geometry":{"type":"Polygon","coordinates":[[[135.7636,34.46537],[135.76944,34.44956],[135.75928,34.42924],[135.76542,34.42034],[135.78189,34.41781],[135.81249,34.42233],[135.81779,34.41264],[135.83045,34.42661],[135.84676,34.42896],[135.82636,34.44491],[135.8133,34.442],[135.78844,34.46726],[135.77453,34.47117],[135.7636,34.46537]]]}},{"type":"Feature","properties":{"code":"29402","name":"高市郡明日香村","pref":"奈良県","pref_code":"29","cx":135.83187,"cy":34.45294,"bbox":[135.78844,34.42896,135.86724,34.48973]},"geometry":{"type":"Polygon","coordinates":[[[135.78844,34.46726],[135.8133,34.442],[135.82636,34.44491],[135.84676,34.42896],[135.8609,34.44236],[135.86724,34.44328],[135.85619,34.46098],[135.82753,34.4812],[135.82655,34.48631],[135.81051,34.48973],[135.80825,34.47077],[135.78844,34.46726]]]}},{"type":"Feature","properties":{"code":"29424","name":"北葛城郡上牧町","pref":"奈良県","pref_code":"29","cx":135.71588,"cy":34.56461,"bbox":[135.70489,34.54825,135.72704,34.58244]},"geometry":{"type":"Polygon","coordinates":[[[135.71988,34.55158],[135.72594,34.55544],[135.72704,34.57688],[135.7121,34.58244],[135.70489,34.57377],[135.70619,34.54825],[135.71988,34.55158]]]}},{"type":"Feature","properties":{"code":"29425","name":"北葛城郡王寺町","pref":"奈良県","pref_code":"29","cx":135.69651,"cy":34.58395,"bbox":[135.6706,34.57073,135.71571,34.59896]},"geometry":{"type":"Polygon","coordinates":[[[135.70489,34.57377],[135.7121,34.58244],[135.71571,34.59488],[135.7093,34.59896],[135.68242,34.58546],[135.6706,34.5762],[135.67308,34.57073],[135.68088,34.57498],[135.70489,34.57377]]]}},{"type":"Feature","properties":{"code":"29426","name":"北葛城郡広陵町","pref":"奈良県","pref_code":"29","cx":135.74323,"cy":34.55411,"bbox":[135.71988,34.52856,135.76986,34.57832]},"geometry":{"type":"Polygon","coordinates":[[[135.76447,34.52949],[135.76986,34.53532],[135.76248,34.55277],[135.76337,34.56151],[135.76265,34.57272],[135.75255,34.57832],[135.73843,34.57649],[135.73828,34.55812],[135.72594,34.55544],[135.71988,34.55158],[135.72795,34.54413],[135.72854,34.5312],[135.73037,34.52856],[135.75972,34.5323],[135.76447,34.52949]]]}},{"type":"Feature","properties":{"code":"29427","name":"北葛城郡河合町","pref":"奈良県","pref_code":"29","cx":135.73245,"cy":34.56731,"bbox":[135.7121,34.55544,135.75317,34.59488]},"geometry":{"type":"Polygon","coordinates":[[[135.71571,34.59488],[135.7121,34.58244],[135.72704,34.57688],[135.72594,34.55544],[135.73828,34.55812],[135.73843,34.57649],[135.75255,34.57832],[135.75317,34.58058],[135.75163,34.59196],[135.74154,34.59318],[135.72686,34.59067],[135.71571,34.59488]]]}},{"type":"Feature","properties":{"code":"29441","name":"吉野郡吉野町","pref":"奈良県","pref_code":"29","cx":135.89238,"cy":34.39503,"bbox":[135.81801,34.33981,135.97945,34.45341]},"geometry":{"type":"Polygon","coordinates":[[[135.86724,34.44328],[135.8609,34.44236],[135.84676,34.42896],[135.85839,34.41546],[135.85799,34.40584],[135.84333,34.3932],[135.81801,34.38735],[135.82153,34.37329],[135.84325,34.35948],[135.865,34.35455],[135.86795,34.34579],[135.8884,34.33981],[135.91225,34.36329],[135.93274,34.36931],[135.93671,34.37492],[135.94187,34.3861],[135.93879,34.39686],[135.95458,34.40529],[135.96178,34.41821],[135.97945,34.42882],[135.97551,34.43659],[135.95966,34.43623],[135.945,34.42713],[135.93352,34.43025],[135.91911,34.4449],[135.90663,34.44788],[135.89726,34.44288],[135.88741,34.45341],[135.86724,34.44328]]]}},{"type":"Feature","properties":{"code":"29442","name":"吉野郡大淀町","pref":"奈良県","pref_code":"29","cx":135.79971,"cy":34.4042,"bbox":[135.73952,34.37711,135.85839,34.42896]},"geometry":{"type":"Polygon","coordinates":[[[135.77184,34.37993],[135.78691,34.37936],[135.7985,34.38553],[135.81801,34.38735],[135.84333,34.3932],[135.85799,34.40584],[135.85839,34.41546],[135.84676,34.42896],[135.83045,34.42661],[135.81779,34.41264],[135.81249,34.42233],[135.78189,34.41781],[135.76542,34.42034],[135.7485,34.40643],[135.73952,34.40256],[135.74278,34.38932],[135.7568,34.38532],[135.75923,34.37711],[135.77184,34.37993]]]}},{"type":"Feature","properties":{"code":"29443","name":"吉野郡下市町","pref":"奈良県","pref_code":"29","cx":135.81403,"cy":34.33739,"bbox":[135.77015,34.27977,135.86795,34.38735]},"geometry":{"type":"Polygon","coordinates":[[[135.82221,34.27977],[135.82036,34.29183],[135.82379,34.30443],[135.81499,34.31193],[135.82162,34.32299],[135.84003,34.33234],[135.85252,34.32998],[135.86024,34.34244],[135.86795,34.34579],[135.865,34.35455],[135.84325,34.35948],[135.82153,34.37329],[135.81801,34.38735],[135.7985,34.38553],[135.78691,34.37936],[135.77184,34.37993],[135.77312,34.36709],[135.77015,34.32639],[135.77983,34.32501],[135.77975,34.30769],[135.77399,34.28992],[135.79298,34.28328],[135.80689,34.28514],[135.82221,34.27977]]]}},{"type":"Feature","properties":{"code":"29444","name":"吉野郡黒滝村","pref":"奈良県","pref_code":"29","cx":135.86625,"cy":34.30818,"bbox":[135.81499,34.2699,135.91447,34.34579]},"geometry":{"type":"Polygon","coordinates":[[[135.84322,34.2699],[135.85649,34.28341],[135.87407,34.28757],[135.89263,34.28861],[135.90178,34.29262],[135.91447,34.28463],[135.91278,34.31421],[135.90327,34.33081],[135.8884,34.33981],[135.86795,34.34579],[135.86024,34.34244],[135.85252,34.32998],[135.84003,34.33234],[135.82162,34.32299],[135.81499,34.31193],[135.82379,34.30443],[135.82036,34.29183],[135.82221,34.27977],[135.82637,34.27426],[135.84322,34.2699]]]}},{"type":"Feature","properties":{"code":"29446","name":"吉野郡天川村","pref":"奈良県","pref_code":"29","cx":135.85612,"cy":34.22985,"bbox":[135.74411,34.1701,135.97272,34.29262]},"geometry":{"type":"Polygon","coordinates":[[[135.90351,34.1701],[135.91453,34.17989],[135.93136,34.17838],[135.94392,34.18184],[135.9453,34.20473],[135.95131,34.2104],[135.95579,34.22558],[135.96297,34.22786],[135.96297,34.23564],[135.97272,34.25748],[135.96536,34.25947],[135.96255,34.27166],[135.9538,34.2774],[135.94275,34.27472],[135.91447,34.28463],[135.90178,34.29262],[135.89263,34.28861],[135.87407,34.28757],[135.85649,34.28341],[135.84322,34.2699],[135.84505,34.26521],[135.8187,34.25],[135.8165,34.24039],[135.79188,34.23184],[135.78618,34.23861],[135.77346,34.24131],[135.74845,34.23222],[135.75198,34.22212],[135.74411,34.20548],[135.74606,34.19543],[135.75895,34.19205],[135.76557,34.18506],[135.78556,34.18341],[135.79571,34.17565],[135.81447,34.18486],[135.82588,34.18137],[135.84367,34.19066],[135.86128,34.19043],[135.85839,34.17638],[135.87359,34.1787],[135.88898,34.18488],[135.90351,34.1701]]]}},{"type":"Feature","properties":{"code":"29447","name":"吉野郡野迫川村","pref":"奈良県","pref_code":"29","cx":135.65762,"cy":34.14449,"bbox":[135.5397,34.06531,135.72951,34.22419]},"geometry":{"type":"Polygon","coordinates":[[[135.70962,34.20879],[135.67769,34.22344],[135.66782,34.22419],[135.65529,34.21628],[135.64808,34.21899],[135.63448,34.20459],[135.64196,34.18319],[135.62857,34.17689],[135.62057,34.16609],[135.62192,34.15842],[135.59086,34.149],[135.58519,34.14066],[135.57879,34.11637],[135.56584,34.11283],[135.54972,34.10059],[135.54979,34.08498],[135.5397,34.07538],[135.55132,34.06842],[135.57447,34.07849],[135.59329,34.07894],[135.62336,34.06531],[135.63626,34.06914],[135.64119,34.07585],[135.665,34.08435],[135.66786,34.09017],[135.68352,34.09513],[135.69568,34.10417],[135.70019,34.12024],[135.70779,34.12966],[135.72951,34.13883],[135.72606,34.14832],[135.72795,34.16077],[135.7104,34.16603],[135.70732,34.17421],[135.69011,34.18475],[135.69791,34.19596],[135.70752,34.19974],[135.70962,34.20879]]]}},{"type":"Feature","properties":{"code":"29449","name":"吉野郡十津川村","pref":"奈良県","pref_code":"29","cx":135.76557,"cy":34.00438,"bbox":[135.55132,33.8616,135.91599,34.15329]},"geometry":{"type":"Polygon","coordinates":[[[135.665,34.08435],[135.64119,34.07585],[135.63626,34.06914],[135.62336,34.06531],[135.59329,34.07894],[135.57447,34.07849],[135.55132,34.06842],[135.56706,34.05735],[135.58061,34.05619],[135.59461,34.04399],[135.59966,34.03202],[135.59149,34.01937],[135.59573,34.01159],[135.60838,34.01362],[135.62176,34.00978],[135.63088,33.99101],[135.63673,33.98987],[135.64032,33.96742],[135.63695,33.95055],[135.6181,33.95461],[135.61684,33.93688],[135.61023,33.91287],[135.59999,33.90826],[135.6062,33.89912],[135.61948,33.89943],[135.62678,33.88474],[135.63555,33.87695],[135.64799,33.8769],[135.6622,33.88908],[135.6606,33.89757],[135.67871,33.89817],[135.68538,33.90372],[135.72411,33.90329],[135.74077,33.89126],[135.75594,33.88519],[135.76606,33.89079],[135.77765,33.88818],[135.80182,33.89582],[135.80336,33.90298],[135.81632,33.90561],[135.83686,33.8954],[135.84633,33.89674],[135.85529,33.88782],[135.85215,33.88202],[135.86219,33.86272],[135.87483,33.8616],[135.87482,33.87288],[135.88269,33.87887],[135.87162,33.88865],[135.86147,33.88715],[135.85872,33.90119],[135.86894,33.91446],[135.89395,33.90615],[135.89787,33.91261],[135.89809,33.93378],[135.89385,33.95007],[135.90229,33.95391],[135.91599,33.96786],[135.91567,33.97259],[135.89853,33.98282],[135.90852,33.99897],[135.90168,34.01984],[135.91098,34.02972],[135.89672,34.04201],[135.89212,34.05188],[135.89685,34.05813],[135.89081,34.06699],[135.90106,34.07816],[135.89815,34.08603],[135.90642,34.09902],[135.90155,34.11366],[135.91527,34.12644],[135.90507,34.14422],[135.89426,34.14415],[135.88271,34.15056],[135.8636,34.14919],[135.84763,34.13892],[135.82929,34.14273],[135.78882,34.13411],[135.77114,34.15047],[135.75668,34.15329],[135.7137,34.09925],[135.71163,34.08962],[135.68888,34.08333],[135.665,34.08435]]]}},{"type":"Feature","properties":{"code":"29450","name":"吉野郡下北山村","pref":"奈良県","pref_code":"29","cx":135.97092,"cy":34.04695,"bbox":[135.89081,33.97259,136.05562,34.12774]},"geometry":{"type":"Polygon","coordinates":[[[135.91567,33.97259],[135.92656,33.98145],[135.95398,33.98033],[135.9746,33.98597],[135.98461,33.99164],[135.98948,34.00225],[136.00249,34.00699],[136.00735,34.01975],[136.02298,34.03652],[136.05562,34.0352],[136.03971,34.05799],[136.02991,34.05523],[136.00978,34.06782],[136.00518,34.07587],[135.98237,34.06299],[135.9688,34.0668],[135.96925,34.09379],[135.96695,34.10186],[135.95365,34.11112],[135.94436,34.11147],[135.93628,34.12207],[135.92345,34.12774],[135.91527,34.12644],[135.90155,34.11366],[135.90642,34.09902],[135.89815,34.08603],[135.90106,34.07816],[135.89081,34.06699],[135.89685,34.05813],[135.89212,34.05188],[135.89672,34.04201],[135.91098,34.02972],[135.90168,34.01984],[135.90852,33.99897],[135.89853,33.98282],[135.91567,33.97259]]]}},{"type":"Feature","properties":{"code":"29451","name":"吉野郡上北山村","pref":"奈良県","pref_code":"29","cx":136.0078,"cy":34.13453,"bbox":[135.90351,34.02246,136.11599,34.23474]},"geometry":{"type":"Polygon","coordinates":[[[135.90507,34.14422],[135.91527,34.12644],[135.92345,34.12774],[135.93628,34.12207],[135.94436,34.11147],[135.95365,34.11112],[135.96695,34.10186],[135.96925,34.09379],[135.9688,34.0668],[135.98237,34.06299],[136.00518,34.07587],[136.00978,34.06782],[136.02991,34.05523],[136.03971,34.05799],[136.05562,34.0352],[136.07266,34.03386],[136.09638,34.02246],[136.10447,34.02696],[136.09782,34.04482],[136.09392,34.06661],[136.0961,34.08635],[136.11599,34.08176],[136.10236,34.09603],[136.10406,34.1151],[136.1084,34.12678],[136.10195,34.14133],[136.10569,34.15252],[136.11469,34.16082],[136.1056,34.17162],[136.10886,34.18514],[136.0962,34.18781],[136.09345,34.1957],[136.08693,34.19892],[136.06297,34.20023],[136.05782,34.20706],[136.03494,34.20816],[136.02486,34.2245],[136.02499,34.23474],[136.00357,34.23342],[135.99648,34.22873],[135.97254,34.22451],[135.96297,34.22786],[135.95579,34.22558],[135.95131,34.2104],[135.9453,34.20473],[135.94392,34.18184],[135.93136,34.17838],[135.91453,34.17989],[135.90351,34.1701],[135.91077,34.1556],[135.90507,34.14422]]]}},{"type":"Feature","properties":{"code":"29452","name":"吉野郡川上村","pref":"奈良県","pref_code":"29","cx":136.00771,"cy":34.28673,"bbox":[135.8884,34.1957,136.13185,34.38126]},"geometry":{"type":"Polygon","coordinates":[[[135.8884,34.33981],[135.90327,34.33081],[135.91278,34.31421],[135.91447,34.28463],[135.94275,34.27472],[135.9538,34.2774],[135.96255,34.27166],[135.96536,34.25947],[135.97272,34.25748],[135.96297,34.23564],[135.96297,34.22786],[135.97254,34.22451],[135.99648,34.22873],[136.00357,34.23342],[136.02499,34.23474],[136.02486,34.2245],[136.03494,34.20816],[136.05782,34.20706],[136.06297,34.20023],[136.08693,34.19892],[136.09345,34.1957],[136.09758,34.20247],[136.11547,34.21083],[136.1173,34.22311],[136.11067,34.22935],[136.12469,34.24132],[136.13185,34.2519],[136.11806,34.2606],[136.11342,34.27876],[136.09783,34.28882],[136.0949,34.30145],[136.11165,34.30501],[136.12951,34.31617],[136.12222,34.32542],[136.10923,34.32911],[136.10236,34.33605],[136.09081,34.36255],[136.06874,34.36416],[136.06386,34.34654],[136.04627,34.34379],[136.03074,34.34583],[136.01761,34.35623],[135.99816,34.3498],[135.98159,34.35445],[135.98111,34.36345],[135.96953,34.38126],[135.95522,34.37433],[135.93671,34.37492],[135.93274,34.36931],[135.91225,34.36329],[135.8884,34.33981]]]}},{"type":"Feature","properties":{"code":"29453","name":"吉野郡東吉野村","pref":"奈良県","pref_code":"29","cx":136.02057,"cy":34.41095,"bbox":[135.93671,34.34379,136.0959,34.47901]},"geometry":{"type":"Polygon","coordinates":[[[135.97551,34.43659],[135.97945,34.42882],[135.96178,34.41821],[135.95458,34.40529],[135.93879,34.39686],[135.94187,34.3861],[135.93671,34.37492],[135.95522,34.37433],[135.96953,34.38126],[135.98111,34.36345],[135.98159,34.35445],[135.99816,34.3498],[136.01761,34.35623],[136.03074,34.34583],[136.04627,34.34379],[136.06386,34.34654],[136.06874,34.36416],[136.09081,34.36255],[136.08609,34.37962],[136.06931,34.38934],[136.07654,34.40586],[136.09027,34.41604],[136.0887,34.42872],[136.0959,34.43522],[136.08796,34.45155],[136.08196,34.47331],[136.07269,34.47713],[136.05387,34.47901],[136.04202,34.46305],[136.02505,34.45498],[136.01295,34.45353],[136.00714,34.44357],[135.99676,34.44391],[135.97551,34.43659]]]}},{"type":"Feature","properties":{"code":"30201","name":"和歌山市","pref":"和歌山県","pref_code":"30","cx":135.21545,"cy":34.23622,"bbox":[134.99935,34.1508,135.31471,34.31575]},"geometry":{"type":"MultiPolygon","coordinates":[[[[135.18381,34.15262],[135.18257,34.15576],[135.17762,34.1551],[135.1769,34.15212],[135.18138,34.1508],[135.18381,34.15262]]],[[[135.02076,34.29309],[135.01839,34.29147],[135.01707,34.28868],[135.01228,34.28372],[135.00793,34.2835],[135.00503,34.28474],[134.99935,34.28137],[135.00469,34.27723],[135.01163,34.27652],[135.01201,34.27961],[135.01675,34.28068],[135.01829,34.2851],[135.02039,34.28659],[135.02076,34.29309]]],[[[135.05528,34.29919],[135.04899,34.29917],[135.04222,34.298],[135.03737,34.29858],[135.03564,34.29681],[135.03868,34.29342],[135.04376,34.29199],[135.04872,34.29287],[135.0529,34.29577],[135.05673,34.29733],[135.05528,34.29919]]],[[[135.27104,34.31247],[135.26312,34.31315],[135.26167,34.31254],[135.25792,34.31568],[135.25424,34.31575],[135.2466,34.31329],[135.24593,34.31181],[135.24141,34.3084],[135.23623,34.30542],[135.23552,34.30364],[135.22501,34.30086],[135.22181,34.30385],[135.21868,34.30516],[135.21561,34.3051],[135.21143,34.30645],[135.20823,34.30602],[135.20847,34.30282],[135.20535,34.30053],[135.20436,34.29055],[135.20524,34.28863],[135.20265,34.28762],[135.19851,34.288],[135.1958,34.28603],[135.19161,34.28646],[135.18958,34.28278],[135.18781,34.28322],[135.18482,34.28094],[135.18454,34.27891],[135.18066,34.27989],[135.17693,34.27972],[135.17152,34.28059],[135.16685,34.27993],[135.1655,34.27875],[135.15741,34.27708],[135.15379,34.27428],[135.15335,34.27867],[135.15482,34.28088],[135.14648,34.28365],[135.14294,34.28042],[135.13964,34.28189],[135.1394,34.27938],[135.13662,34.27351],[135.13209,34.27235],[135.13032,34.27304],[135.12819,34.27638],[135.12597,34.27739],[135.12099,34.27391],[135.11701,34.27307],[135.11413,34.27439],[135.1103,34.27379],[135.10736,34.27846],[135.10907,34.28267],[135.0987,34.28904],[135.09978,34.29268],[135.09693,34.2971],[135.10031,34.30044],[135.10314,34.30185],[135.10641,34.3058],[135.10592,34.30886],[135.10273,34.31093],[135.09708,34.30794],[135.09292,34.31126],[135.0875,34.3075],[135.08336,34.30644],[135.07967,34.30824],[135.07672,34.30744],[135.07427,34.30537],[135.07409,34.30306],[135.06999,34.29815],[135.0681,34.29076],[135.07184,34.28821],[135.07007,34.28553],[135.07353,34.28358],[135.07429,34.28097],[135.07209,34.27533],[135.06892,34.27559],[135.06522,34.27315],[135.06443,34.26839],[135.06106,34.26481],[135.0627,34.26237],[135.06563,34.26137],[135.07234,34.26056],[135.07681,34.26128],[135.08911,34.26091],[135.09695,34.2577],[135.09584,34.25292],[135.11109,34.24512],[135.11431,34.24451],[135.11629,34.24641],[135.12308,34.24159],[135.13274,34.22988],[135.12825,34.22733],[135.12604,34.22968],[135.12319,34.22962],[135.11839,34.23473],[135.11733,34.23456],[135.10377,34.23707],[135.10039,34.23561],[135.1071,34.22847],[135.11039,34.22698],[135.12152,34.2249],[135.12909,34.22463],[135.13953,34.22541],[135.14157,34.22284],[135.14043,34.2214],[135.13352,34.21911],[135.13452,34.21763],[135.13938,34.21915],[135.14348,34.21929],[135.14485,34.21479],[135.14036,34.2143],[135.13991,34.21207],[135.14446,34.21212],[135.1445,34.21021],[135.14135,34.20902],[135.14352,34.2028],[135.14552,34.20061],[135.15012,34.20027],[135.14977,34.1946],[135.14544,34.19578],[135.14474,34.19853],[135.14128,34.20212],[135.13725,34.20105],[135.13951,34.19431],[135.14073,34.19251],[135.14044,34.18922],[135.14255,34.18675],[135.1454,34.18961],[135.1486,34.18778],[135.14747,34.18393],[135.15683,34.1847],[135.15869,34.18667],[135.16286,34.18795],[135.16688,34.18651],[135.17484,34.17764],[135.17395,34.18146],[135.17218,34.18368],[135.17364,34.18826],[135.17997,34.18691],[135.17771,34.18148],[135.17774,34.17906],[135.18199,34.17193],[135.18193,34.16665],[135.18443,34.1571],[135.18687,34.15649],[135.19257,34.15942],[135.19238,34.16271],[135.19587,34.16497],[135.20038,34.1656],[135.20384,34.1673],[135.20333,34.17345],[135.2139,34.17367],[135.21691,34.17529],[135.22692,34.17449],[135.22808,34.17882],[135.23343,34.17894],[135.23383,34.18033],[135.24051,34.18205],[135.24499,34.18217],[135.24722,34.18075],[135.25343,34.18065],[135.25501,34.17773],[135.26166,34.17788],[135.26745,34.17571],[135.26942,34.1763],[135.2766,34.1757],[135.27856,34.17712],[135.28323,34.17855],[135.28495,34.18273],[135.28268,34.18493],[135.27922,34.18512],[135.27787,34.187],[135.27848,34.19066],[135.28096,34.19242],[135.28428,34.19708],[135.28457,34.20296],[135.28278,34.20349],[135.28219,34.20706],[135.27996,34.20756],[135.28099,34.21333],[135.27456,34.21683],[135.27451,34.22189],[135.28202,34.22557],[135.28472,34.22793],[135.29119,34.23007],[135.29271,34.23152],[135.29618,34.23101],[135.30104,34.23441],[135.30169,34.23612],[135.30509,34.23632],[135.30713,34.23778],[135.31403,34.23722],[135.31471,34.2389],[135.31344,34.24362],[135.3115,34.24731],[135.30744,34.24896],[135.30764,34.25229],[135.29766,34.25528],[135.28737,34.25374],[135.28169,34.25446],[135.27278,34.25355],[135.27214,34.25711],[135.27407,34.26044],[135.27394,34.26239],[135.27692,34.27118],[135.27382,34.27135],[135.27607,34.27774],[135.27133,34.29196],[135.27322,34.29687],[135.27254,34.30149],[135.26962,34.30512],[135.27085,34.30732],[135.27104,34.31247]]]]}},{"type":"Feature","properties":{"code":"30202","name":"海南市","pref":"和歌山県","pref_code":"30","cx":135.25115,"cy":34.1477,"bbox":[135.11203,34.0934,135.31816,34.20296]},"geometry":{"type":"Polygon","coordinates":[[[135.19257,34.15942],[135.19267,34.15697],[135.18665,34.15576],[135.18414,34.14832],[135.19704,34.14871],[135.20118,34.15155],[135.20822,34.15172],[135.20949,34.14942],[135.20232,34.14993],[135.19951,34.14707],[135.19998,34.14362],[135.18788,34.1432],[135.18312,34.1426],[135.17959,34.14045],[135.17808,34.14082],[135.17485,34.13805],[135.17085,34.13595],[135.17081,34.13377],[135.16678,34.13433],[135.16712,34.13633],[135.1644,34.1369],[135.16244,34.13558],[135.1581,34.13609],[135.15551,34.13898],[135.14263,34.1381],[135.14015,34.13876],[135.13228,34.13828],[135.12607,34.13677],[135.12447,34.1356],[135.12475,34.13268],[135.12184,34.1305],[135.123,34.12906],[135.12715,34.12798],[135.13125,34.13132],[135.13431,34.12854],[135.13447,34.12606],[135.13098,34.12213],[135.1335,34.11888],[135.13973,34.11847],[135.14402,34.11591],[135.14473,34.11159],[135.1371,34.10994],[135.13632,34.11279],[135.1301,34.1142],[135.12287,34.11491],[135.1219,34.11758],[135.11871,34.11972],[135.11425,34.11913],[135.11207,34.1152],[135.11203,34.11295],[135.11826,34.11371],[135.12223,34.11116],[135.12572,34.11039],[135.13203,34.10689],[135.13248,34.10452],[135.13539,34.10403],[135.1351,34.10189],[135.13847,34.10095],[135.13994,34.09434],[135.14892,34.09542],[135.15264,34.0934],[135.15587,34.09457],[135.16655,34.09401],[135.17856,34.10105],[135.18431,34.09978],[135.18753,34.09806],[135.19654,34.09882],[135.20268,34.10059],[135.20502,34.1001],[135.21184,34.10405],[135.21296,34.10624],[135.2164,34.1072],[135.21723,34.10995],[135.22188,34.11017],[135.22431,34.10757],[135.22832,34.10656],[135.23128,34.10729],[135.23229,34.11041],[135.23533,34.11207],[135.23553,34.11779],[135.23917,34.12216],[135.24308,34.12125],[135.24907,34.12257],[135.25306,34.12138],[135.25775,34.11775],[135.26282,34.11562],[135.26592,34.11762],[135.26777,34.11626],[135.27366,34.11717],[135.27838,34.11974],[135.27966,34.11874],[135.28449,34.1204],[135.28678,34.12435],[135.29207,34.12602],[135.2951,34.13187],[135.29418,34.1334],[135.2971,34.13603],[135.29687,34.13768],[135.29894,34.14144],[135.29792,34.14417],[135.30139,34.14474],[135.30283,34.1501],[135.30142,34.15292],[135.30148,34.15719],[135.30301,34.16553],[135.29972,34.1645],[135.29482,34.16159],[135.29151,34.1621],[135.29007,34.16619],[135.29121,34.1679],[135.29641,34.16934],[135.30036,34.17343],[135.29976,34.17547],[135.3036,34.17706],[135.30644,34.17657],[135.31263,34.17837],[135.31288,34.18239],[135.31418,34.18468],[135.31443,34.18827],[135.31816,34.19353],[135.31512,34.19486],[135.31355,34.20139],[135.30891,34.20252],[135.30811,34.1968],[135.30605,34.19498],[135.30426,34.19696],[135.30046,34.19723],[135.29731,34.19855],[135.29666,34.20042],[135.29092,34.20271],[135.28457,34.20296],[135.28428,34.19708],[135.28096,34.19242],[135.27848,34.19066],[135.27787,34.187],[135.27922,34.18512],[135.28268,34.18493],[135.28495,34.18273],[135.28323,34.17855],[135.27856,34.17712],[135.2766,34.1757],[135.26942,34.1763],[135.26745,34.17571],[135.26166,34.17788],[135.25501,34.17773],[135.25343,34.18065],[135.24722,34.18075],[135.24499,34.18217],[135.24051,34.18205],[135.23383,34.18033],[135.23343,34.17894],[135.22808,34.17882],[135.22692,34.17449],[135.21691,34.17529],[135.2139,34.17367],[135.20333,34.17345],[135.20384,34.1673],[135.20038,34.1656],[135.19587,34.16497],[135.19238,34.16271],[135.19257,34.15942]]]}},{"type":"Feature","properties":{"code":"30203","name":"橋本市","pref":"和歌山県","pref_code":"30","cx":135.60489,"cy":34.3132,"bbox":[135.52669,34.24128,135.68118,34.38448]},"geometry":{"type":"MultiPolygon","coordinates":[[[[135.55194,34.27675],[135.5535,34.27763],[135.55267,34.28085],[135.55706,34.28817],[135.55616,34.29015],[135.5531,34.28875],[135.55182,34.28653],[135.54667,34.28421],[135.54576,34.2808],[135.54929,34.27786],[135.55194,34.27675]]],[[[135.68118,34.27166],[135.68037,34.2734],[135.67713,34.27463],[135.67683,34.27766],[135.67276,34.28148],[135.67375,34.28638],[135.67516,34.2881],[135.67216,34.29569],[135.66925,34.29695],[135.66787,34.30501],[135.66898,34.3067],[135.66639,34.30869],[135.66909,34.31537],[135.66758,34.31924],[135.66832,34.32127],[135.66813,34.32575],[135.6619,34.32742],[135.66033,34.32693],[135.659,34.334],[135.6615,34.338],[135.66039,34.34062],[135.66232,34.34344],[135.6608,34.34462],[135.66291,34.34693],[135.66216,34.35088],[135.66353,34.35544],[135.65584,34.36622],[135.65426,34.37306],[135.6514,34.37951],[135.65113,34.38321],[135.64379,34.38389],[135.63898,34.38347],[135.63636,34.38149],[135.63195,34.38304],[135.61991,34.38448],[135.61779,34.38327],[135.61545,34.37807],[135.61327,34.37658],[135.60778,34.37764],[135.60412,34.37739],[135.60137,34.38008],[135.59768,34.3804],[135.59595,34.37921],[135.59499,34.37538],[135.58672,34.3753],[135.58343,34.37689],[135.57712,34.37605],[135.57561,34.37388],[135.57245,34.37191],[135.5634,34.36933],[135.56079,34.36537],[135.55444,34.35943],[135.55159,34.35967],[135.54787,34.35669],[135.54345,34.35655],[135.54146,34.35763],[135.53829,34.35646],[135.53486,34.35236],[135.53152,34.35108],[135.52915,34.35143],[135.52669,34.34547],[135.52852,34.34164],[135.52758,34.33886],[135.53002,34.33605],[135.52775,34.33396],[135.52693,34.3292],[135.53165,34.32653],[135.53773,34.32104],[135.54265,34.31103],[135.54215,34.30416],[135.54975,34.29835],[135.55723,34.2945],[135.5612,34.29386],[135.56781,34.29914],[135.57086,34.30006],[135.57269,34.29441],[135.57094,34.28963],[135.57296,34.28847],[135.57396,34.28441],[135.57739,34.28598],[135.58048,34.28398],[135.58374,34.28633],[135.58627,34.28503],[135.58796,34.28079],[135.59112,34.27814],[135.59455,34.28057],[135.59619,34.2798],[135.60691,34.28289],[135.61123,34.28267],[135.61345,34.28138],[135.61718,34.28141],[135.62107,34.28387],[135.62594,34.28437],[135.62793,34.28284],[135.628,34.27993],[135.62946,34.27827],[135.6343,34.27647],[135.63528,34.27156],[135.64374,34.26801],[135.64419,34.26482],[135.64169,34.26353],[135.63632,34.26309],[135.63754,34.25787],[135.63073,34.25395],[135.63074,34.25139],[135.63235,34.24888],[135.63472,34.24993],[135.639,34.24838],[135.64393,34.249],[135.64928,34.24545],[135.65367,34.24596],[135.65118,34.24272],[135.65436,34.24128],[135.66146,34.24475],[135.66273,34.24707],[135.66513,34.24833],[135.66597,34.25072],[135.67291,34.25542],[135.67447,34.25804],[135.67092,34.2629],[135.67153,34.26422],[135.67681,34.26689],[135.68118,34.27166]]]]}},{"type":"Feature","properties":{"code":"30204","name":"有田市","pref":"和歌山県","pref_code":"30","cx":135.14298,"cy":34.08278,"bbox":[135.07498,34.05536,135.19301,34.11808]},"geometry":{"type":"MultiPolygon","coordinates":[[[[135.11203,34.11295],[135.11324,34.10947],[135.11218,34.10595],[135.10788,34.09827],[135.10277,34.09591],[135.10113,34.0907],[135.09672,34.0912],[135.09462,34.08545],[135.09635,34.08087],[135.0957,34.07944],[135.08973,34.07562],[135.09049,34.07447],[135.08458,34.07027],[135.08702,34.06984],[135.08839,34.06697],[135.09109,34.06873],[135.09986,34.07018],[135.10116,34.06901],[135.1044,34.07126],[135.10826,34.06972],[135.11067,34.07049],[135.11435,34.0681],[135.12225,34.06733],[135.12567,34.06463],[135.13317,34.06536],[135.13585,34.06458],[135.13789,34.06078],[135.13898,34.05696],[135.14243,34.06026],[135.14379,34.05901],[135.14879,34.0585],[135.15836,34.06265],[135.1661,34.06309],[135.16911,34.06128],[135.17316,34.05536],[135.18077,34.0572],[135.18328,34.06173],[135.18635,34.06153],[135.18777,34.06513],[135.19053,34.06611],[135.19301,34.07719],[135.18941,34.08468],[135.18887,34.08996],[135.18675,34.09417],[135.18753,34.09806],[135.18431,34.09978],[135.17856,34.10105],[135.16655,34.09401],[135.15587,34.09457],[135.15264,34.0934],[135.14892,34.09542],[135.13994,34.09434],[135.13847,34.10095],[135.1351,34.10189],[135.13539,34.10403],[135.13248,34.10452],[135.13203,34.10689],[135.12572,34.11039],[135.12223,34.11116],[135.11826,34.11371],[135.11203,34.11295]]],[[[135.07713,34.11525],[135.07498,34.11297],[135.07889,34.10996],[135.08382,34.11416],[135.07713,34.11525]]],[[[135.10269,34.11808],[135.09898,34.11664],[135.09726,34.1122],[135.09814,34.10938],[135.10028,34.10816],[135.10522,34.11019],[135.10208,34.11395],[135.10269,34.11808]]]]}},{"type":"Feature","properties":{"code":"30205","name":"御坊市","pref":"和歌山県","pref_code":"30","cx":135.1759,"cy":33.88326,"bbox":[135.14144,33.81314,135.21594,33.95271]},"geometry":{"type":"MultiPolygon","coordinates":[[[[135.14327,33.86332],[135.14604,33.86048],[135.14769,33.85679],[135.15502,33.85818],[135.15537,33.86228],[135.1463,33.86052],[135.14327,33.86332]]],[[[135.1995,33.882],[135.1977,33.88453],[135.19893,33.8925],[135.19589,33.89544],[135.19418,33.89991],[135.19105,33.90361],[135.18625,33.90644],[135.18007,33.9091],[135.17665,33.91269],[135.17277,33.91383],[135.17246,33.91907],[135.17502,33.9216],[135.17229,33.92352],[135.17138,33.92874],[135.17435,33.93157],[135.17674,33.93231],[135.17764,33.935],[135.17492,33.94282],[135.17689,33.9471],[135.17567,33.95095],[135.17388,33.95271],[135.16633,33.94994],[135.1614,33.9498],[135.16014,33.94529],[135.15687,33.94212],[135.1556,33.93893],[135.15597,33.93611],[135.15924,33.93348],[135.15992,33.9296],[135.15919,33.92787],[135.15956,33.9227],[135.15706,33.91927],[135.14942,33.91834],[135.14741,33.91652],[135.14275,33.91546],[135.14144,33.91386],[135.1443,33.90863],[135.14357,33.90711],[135.14741,33.89557],[135.14868,33.89594],[135.15426,33.8803],[135.15428,33.87673],[135.15247,33.87554],[135.1559,33.87282],[135.15896,33.8673],[135.15348,33.86541],[135.15438,33.86338],[135.15893,33.86388],[135.16009,33.86001],[135.15938,33.85834],[135.16314,33.85402],[135.16549,33.85253],[135.16501,33.84992],[135.16696,33.84693],[135.16314,33.84536],[135.16844,33.8432],[135.17039,33.84113],[135.17473,33.83974],[135.17447,33.83261],[135.1783,33.82925],[135.18482,33.8271],[135.18452,33.8229],[135.18609,33.81951],[135.18896,33.81803],[135.19498,33.81642],[135.19642,33.81369],[135.19927,33.81314],[135.19977,33.81655],[135.20145,33.81868],[135.20296,33.82376],[135.20176,33.82997],[135.2044,33.83376],[135.20785,33.83481],[135.2083,33.83808],[135.20241,33.84208],[135.20366,33.84498],[135.2029,33.85049],[135.20022,33.85116],[135.20043,33.85376],[135.19659,33.8537],[135.19255,33.85482],[135.19163,33.85663],[135.1883,33.85694],[135.184,33.85848],[135.18454,33.86189],[135.18618,33.86563],[135.18265,33.86654],[135.17907,33.8692],[135.18685,33.87041],[135.18938,33.86807],[135.19246,33.86827],[135.19575,33.86698],[135.197,33.86857],[135.20397,33.86721],[135.20588,33.86544],[135.20989,33.86419],[135.21402,33.86451],[135.21594,33.86712],[135.21492,33.87228],[135.21104,33.87403],[135.20989,33.87321],[135.2011,33.87332],[135.19914,33.87986],[135.1995,33.882]]]]}},{"type":"Feature","properties":{"code":"30206","name":"田辺市","pref":"和歌山県","pref_code":"30","cx":135.61957,"cy":33.85688,"bbox":[135.33627,33.64446,135.83014,34.06842]},"geometry":{"type":"Polygon","coordinates":[[[135.80182,33.89582],[135.79257,33.89462],[135.78911,33.89289],[135.78372,33.89152],[135.78077,33.88904],[135.77765,33.88818],[135.77316,33.8903],[135.76606,33.89079],[135.76388,33.88737],[135.76109,33.88774],[135.75594,33.88519],[135.75181,33.88956],[135.74851,33.88779],[135.74077,33.89126],[135.74088,33.89258],[135.73495,33.896],[135.73253,33.89621],[135.73023,33.90019],[135.72411,33.90329],[135.72237,33.90227],[135.71838,33.90309],[135.71424,33.9026],[135.70966,33.9043],[135.70459,33.90364],[135.69112,33.90335],[135.68538,33.90372],[135.68235,33.89957],[135.67871,33.89817],[135.67334,33.89889],[135.67096,33.90041],[135.66335,33.89937],[135.6606,33.89757],[135.66264,33.89352],[135.6622,33.88908],[135.6604,33.88677],[135.6572,33.88561],[135.65591,33.88157],[135.65139,33.88065],[135.64799,33.8769],[135.64496,33.87743],[135.64256,33.87631],[135.64023,33.8776],[135.63555,33.87695],[135.63382,33.87497],[135.63032,33.87446],[135.62905,33.8731],[135.6258,33.87347],[135.61796,33.87206],[135.61809,33.87461],[135.62275,33.87857],[135.62423,33.88284],[135.62678,33.88474],[135.62546,33.88887],[135.62343,33.89153],[135.62254,33.895],[135.62287,33.89796],[135.61948,33.89943],[135.61245,33.89882],[135.6108,33.89952],[135.6062,33.89912],[135.60111,33.90257],[135.60188,33.90521],[135.59999,33.90826],[135.61023,33.91287],[135.61077,33.91871],[135.61405,33.92514],[135.6128,33.92985],[135.60946,33.93208],[135.61141,33.93695],[135.61684,33.93688],[135.61849,33.94144],[135.61861,33.94421],[135.61539,33.94845],[135.61584,33.95136],[135.6181,33.95461],[135.62219,33.95315],[135.62538,33.95021],[135.63102,33.94909],[135.63695,33.95055],[135.63567,33.95908],[135.63863,33.96132],[135.64032,33.96742],[135.63991,33.97295],[135.63759,33.97652],[135.63924,33.98273],[135.63673,33.98987],[135.6349,33.99144],[135.63088,33.99101],[135.62903,33.99775],[135.62355,34.00214],[135.62523,34.00736],[135.62176,34.00978],[135.61821,34.00923],[135.61181,34.01028],[135.60838,34.01362],[135.60493,34.01244],[135.59815,34.01227],[135.59573,34.01159],[135.59361,34.01328],[135.59149,34.01937],[135.59538,34.02359],[135.59483,34.02784],[135.59966,34.03202],[135.59757,34.03588],[135.59583,34.03679],[135.5947,34.03972],[135.59461,34.04399],[135.59165,34.04664],[135.588,34.04677],[135.58493,34.04964],[135.58061,34.05619],[135.58049,34.05791],[135.57516,34.05884],[135.56999,34.05842],[135.56706,34.05735],[135.56467,34.05997],[135.56353,34.06328],[135.55775,34.06381],[135.55211,34.06566],[135.55132,34.06842],[135.54822,34.06814],[135.54346,34.06408],[135.54271,34.06198],[135.53783,34.05959],[135.53849,34.05777],[135.5356,34.05102],[135.53241,34.0487],[135.52822,34.04776],[135.51918,34.04813],[135.51673,34.04673],[135.51114,34.0458],[135.50917,34.04662],[135.50581,34.04451],[135.50505,34.04203],[135.50491,34.03797],[135.50826,34.03635],[135.50796,34.03151],[135.50833,34.02399],[135.51318,34.02243],[135.52091,34.02352],[135.52856,34.02234],[135.53364,34.0169],[135.5357,34.01299],[135.53793,34.01209],[135.53731,34.00773],[135.53498,34.00394],[135.53331,34.00333],[135.52959,33.999],[135.53696,33.99406],[135.53719,33.99179],[135.54127,33.98609],[135.54072,33.98451],[135.54356,33.97985],[135.5427,33.97632],[135.54743,33.97382],[135.54669,33.97093],[135.54453,33.96839],[135.54411,33.96554],[135.54119,33.96206],[135.5326,33.95825],[135.53041,33.95582],[135.52669,33.95489],[135.52193,33.95174],[135.51607,33.95289],[135.51372,33.95109],[135.50754,33.9499],[135.50152,33.94606],[135.4963,33.94575],[135.49041,33.94313],[135.48871,33.94132],[135.48533,33.9403],[135.48202,33.94246],[135.47622,33.94225],[135.47246,33.9376],[135.46753,33.9361],[135.46316,33.93744],[135.46108,33.94148],[135.45903,33.9419],[135.4579,33.94511],[135.4545,33.94647],[135.45194,33.94603],[135.44353,33.9462],[135.44047,33.94693],[135.43854,33.94374],[135.43232,33.93992],[135.43067,33.9412],[135.43258,33.94403],[135.42943,33.94419],[135.42469,33.94612],[135.4227,33.94478],[135.41772,33.93741],[135.41801,33.93341],[135.41306,33.93],[135.40807,33.92964],[135.40226,33.93061],[135.39771,33.92941],[135.39825,33.92514],[135.39437,33.92252],[135.39324,33.91682],[135.39599,33.91467],[135.39527,33.90764],[135.39789,33.90675],[135.3968,33.90407],[135.3947,33.90238],[135.39198,33.90204],[135.39331,33.89825],[135.39312,33.89569],[135.39657,33.89471],[135.40156,33.89454],[135.40298,33.8908],[135.40088,33.88789],[135.40697,33.88142],[135.40981,33.88206],[135.41589,33.87936],[135.42155,33.88],[135.42304,33.88167],[135.42567,33.88007],[135.42896,33.87998],[135.43111,33.87668],[135.42704,33.87065],[135.42674,33.86718],[135.42859,33.86426],[135.43517,33.86662],[135.44043,33.86557],[135.44448,33.86266],[135.44403,33.8577],[135.45009,33.85606],[135.45087,33.85458],[135.45834,33.85345],[135.46501,33.85313],[135.46284,33.84943],[135.46047,33.84268],[135.46086,33.8385],[135.45476,33.83826],[135.4498,33.84069],[135.44641,33.84006],[135.44309,33.84105],[135.43993,33.83919],[135.4363,33.83874],[135.43379,33.84007],[135.43097,33.83771],[135.42472,33.83853],[135.42207,33.83648],[135.41402,33.83407],[135.41265,33.83574],[135.4071,33.834],[135.40535,33.83668],[135.40181,33.83794],[135.39583,33.8363],[135.39079,33.83762],[135.38113,33.83256],[135.37835,33.82979],[135.37474,33.82909],[135.37446,33.82698],[135.36918,33.82209],[135.3699,33.82057],[135.36477,33.81439],[135.36025,33.81244],[135.35625,33.80904],[135.3535,33.80971],[135.34685,33.80923],[135.34561,33.80709],[135.34935,33.8037],[135.34835,33.79959],[135.35011,33.79484],[135.34811,33.78831],[135.34935,33.78368],[135.34854,33.77976],[135.34918,33.7774],[135.34524,33.77478],[135.3458,33.77032],[135.34466,33.76751],[135.34514,33.76384],[135.34293,33.76129],[135.34302,33.75918],[135.34031,33.75638],[135.33922,33.75312],[135.33643,33.753],[135.33627,33.74554],[135.34383,33.74566],[135.34841,33.74731],[135.35107,33.74668],[135.35317,33.74303],[135.35737,33.73997],[135.35747,33.73746],[135.35191,33.73482],[135.35257,33.732],[135.35106,33.73039],[135.35202,33.72759],[135.35419,33.72632],[135.35662,33.72685],[135.35877,33.72958],[135.36224,33.7315],[135.36593,33.73192],[135.3731,33.72953],[135.3775,33.72542],[135.37977,33.7208],[135.38924,33.71557],[135.39342,33.71519],[135.39247,33.72017],[135.39623,33.72228],[135.39916,33.7204],[135.39655,33.71829],[135.39556,33.71447],[135.39716,33.71142],[135.39253,33.70972],[135.39377,33.7072],[135.393,33.70553],[135.39596,33.70349],[135.38708,33.70079],[135.38706,33.69563],[135.38246,33.69737],[135.38365,33.70322],[135.37706,33.69497],[135.38655,33.6884],[135.38714,33.68629],[135.39441,33.68571],[135.39685,33.68702],[135.39952,33.69046],[135.40014,33.69336],[135.40345,33.69532],[135.40144,33.69884],[135.40324,33.70319],[135.40546,33.70359],[135.4067,33.70655],[135.4096,33.70717],[135.4103,33.71091],[135.41632,33.71438],[135.42119,33.71333],[135.42437,33.71708],[135.42561,33.72035],[135.42831,33.72027],[135.42963,33.72205],[135.43415,33.72439],[135.43258,33.72975],[135.43564,33.72942],[135.43711,33.73115],[135.43723,33.73437],[135.44044,33.73546],[135.43978,33.73851],[135.44046,33.74105],[135.44397,33.7426],[135.44477,33.74426],[135.45057,33.74411],[135.4534,33.74676],[135.45984,33.74696],[135.46115,33.74926],[135.46534,33.74806],[135.46643,33.75233],[135.46466,33.75609],[135.46726,33.76049],[135.46929,33.76797],[135.47208,33.76832],[135.47504,33.76597],[135.47626,33.76267],[135.47994,33.75941],[135.47991,33.75796],[135.48376,33.75507],[135.48716,33.75134],[135.4859,33.74755],[135.48709,33.74547],[135.48391,33.74308],[135.48168,33.73582],[135.47695,33.72914],[135.47869,33.72533],[135.48256,33.72423],[135.48221,33.71835],[135.47829,33.71621],[135.48029,33.71363],[135.48226,33.71327],[135.48793,33.70579],[135.4905,33.70483],[135.49214,33.70241],[135.49583,33.70146],[135.50346,33.7041],[135.5073,33.70458],[135.50937,33.70185],[135.51195,33.70078],[135.52107,33.70476],[135.52418,33.69763],[135.52335,33.69229],[135.52427,33.69062],[135.52773,33.69059],[135.52995,33.6918],[135.53487,33.69194],[135.54132,33.68955],[135.54426,33.69162],[135.54597,33.69124],[135.54734,33.68768],[135.5498,33.6863],[135.55166,33.68215],[135.55468,33.68048],[135.55637,33.6783],[135.55661,33.67004],[135.5552,33.66786],[135.55568,33.66218],[135.5516,33.66108],[135.55051,33.65797],[135.55324,33.65673],[135.56386,33.65633],[135.56893,33.65814],[135.57094,33.65783],[135.57638,33.66022],[135.58586,33.65703],[135.58846,33.65145],[135.59516,33.64932],[135.59818,33.64571],[135.60521,33.64446],[135.61246,33.64959],[135.61903,33.64918],[135.61999,33.65087],[135.62589,33.65157],[135.62836,33.64951],[135.63107,33.64488],[135.63735,33.64513],[135.6395,33.64808],[135.64355,33.64928],[135.65085,33.64891],[135.65372,33.6552],[135.65763,33.65665],[135.65763,33.65966],[135.65396,33.66239],[135.65013,33.66343],[135.65171,33.67083],[135.65476,33.6741],[135.65143,33.67714],[135.65275,33.68146],[135.65325,33.68583],[135.65509,33.68892],[135.66401,33.6902],[135.66559,33.68954],[135.67274,33.69011],[135.67761,33.69206],[135.68,33.69533],[135.68344,33.6971],[135.68699,33.70192],[135.68904,33.70338],[135.69121,33.71115],[135.6971,33.71433],[135.70077,33.71396],[135.70374,33.71589],[135.70651,33.71466],[135.70878,33.71128],[135.71075,33.71142],[135.71445,33.7154],[135.71677,33.71977],[135.7144,33.72375],[135.71386,33.72689],[135.71623,33.72831],[135.71962,33.72708],[135.7224,33.72775],[135.72296,33.72958],[135.72718,33.73158],[135.72847,33.73546],[135.7341,33.73776],[135.73648,33.73654],[135.74314,33.73523],[135.74707,33.73738],[135.74641,33.74492],[135.75062,33.74702],[135.75349,33.74617],[135.75518,33.74942],[135.75516,33.75304],[135.75391,33.7571],[135.75767,33.76215],[135.76085,33.76203],[135.76508,33.76494],[135.76737,33.76481],[135.77126,33.76872],[135.77325,33.7722],[135.77797,33.77142],[135.78006,33.77009],[135.78192,33.76706],[135.78753,33.76801],[135.79189,33.7662],[135.7937,33.76921],[135.79843,33.76973],[135.79991,33.77365],[135.79891,33.77669],[135.802,33.77944],[135.80719,33.78069],[135.8093,33.77992],[135.81441,33.78564],[135.81783,33.78497],[135.81801,33.7876],[135.8219,33.79278],[135.82355,33.80061],[135.82724,33.80151],[135.82974,33.80527],[135.83014,33.81171],[135.82616,33.81452],[135.82399,33.81777],[135.81982,33.81994],[135.81362,33.8241],[135.81228,33.82603],[135.81198,33.83234],[135.80995,33.83118],[135.80639,33.83345],[135.80203,33.83489],[135.79352,33.84537],[135.79151,33.84614],[135.79257,33.85032],[135.7913,33.85385],[135.79295,33.86032],[135.79515,33.86501],[135.79527,33.87125],[135.7978,33.87314],[135.80072,33.87065],[135.80374,33.86572],[135.80516,33.86648],[135.80584,33.87009],[135.80318,33.87761],[135.80612,33.87981],[135.80671,33.88519],[135.80302,33.88859],[135.80113,33.89179],[135.80284,33.8946],[135.80182,33.89582]]]}},{"type":"Feature","properties":{"code":"30207","name":"新宮市","pref":"和歌山県","pref_code":"30","cx":135.8583,"cy":33.78885,"bbox":[135.7224,33.67005,136.01189,33.92055]},"geometry":{"type":"MultiPolygon","coordinates":[[[[135.7224,33.72775],[135.72724,33.72556],[135.7337,33.72503],[135.73836,33.72262],[135.73867,33.7191],[135.74217,33.71546],[135.74718,33.71585],[135.75109,33.70858],[135.7488,33.70534],[135.74916,33.70009],[135.75129,33.69791],[135.75399,33.69736],[135.75754,33.69849],[135.75835,33.70244],[135.76231,33.7027],[135.76576,33.70019],[135.77171,33.70041],[135.77362,33.70385],[135.77836,33.7026],[135.78069,33.70255],[135.78157,33.70026],[135.7841,33.69962],[135.78816,33.7001],[135.78947,33.70566],[135.79103,33.70762],[135.79413,33.70594],[135.79655,33.70176],[135.80075,33.70142],[135.80645,33.7079],[135.81034,33.70003],[135.81491,33.69841],[135.81957,33.69418],[135.82196,33.69404],[135.82317,33.69157],[135.82627,33.69386],[135.83197,33.69291],[135.83349,33.69528],[135.83777,33.69541],[135.83958,33.69655],[135.8391,33.70003],[135.83646,33.70189],[135.83317,33.70191],[135.8332,33.70501],[135.83713,33.70678],[135.83968,33.70902],[135.84485,33.71067],[135.84456,33.71348],[135.84924,33.71462],[135.84993,33.71847],[135.852,33.71873],[135.85535,33.72138],[135.86172,33.72229],[135.86438,33.72114],[135.8664,33.7181],[135.86393,33.71475],[135.86462,33.71375],[135.87089,33.71133],[135.87391,33.71169],[135.87869,33.71083],[135.88193,33.70946],[135.88146,33.70519],[135.88444,33.70125],[135.88877,33.6994],[135.89153,33.69921],[135.89387,33.69701],[135.90076,33.69556],[135.90093,33.69371],[135.90655,33.68738],[135.90588,33.6818],[135.9083,33.68002],[135.91096,33.68079],[135.91687,33.67957],[135.92036,33.68078],[135.92158,33.68395],[135.92667,33.68737],[135.93038,33.69071],[135.93213,33.69032],[135.93291,33.68705],[135.93581,33.68457],[135.94202,33.68541],[135.94584,33.68455],[135.95268,33.67941],[135.95593,33.67245],[135.96213,33.67204],[135.96773,33.6701],[135.97313,33.67005],[135.9718,33.67261],[135.9762,33.67328],[135.97896,33.67994],[135.9831,33.68127],[135.98254,33.68261],[135.98837,33.68451],[135.98676,33.68936],[135.99104,33.69303],[135.99314,33.6979],[135.99216,33.69984],[135.99452,33.70422],[135.99812,33.70876],[136.01189,33.7233],[136.00808,33.72702],[135.99716,33.73051],[135.98328,33.73637],[135.97867,33.73686],[135.97296,33.73544],[135.9717,33.73173],[135.97558,33.72878],[135.97707,33.72477],[135.97609,33.72309],[135.97319,33.72299],[135.96352,33.72431],[135.95514,33.7284],[135.94593,33.73203],[135.94223,33.73456],[135.93993,33.73859],[135.93853,33.75106],[135.93888,33.75626],[135.93481,33.75723],[135.93048,33.75395],[135.92837,33.75402],[135.9205,33.75876],[135.91928,33.76409],[135.91586,33.76702],[135.90915,33.76657],[135.90568,33.76848],[135.90172,33.7804],[135.89678,33.78694],[135.89823,33.7901],[135.89471,33.79767],[135.89091,33.80168],[135.88621,33.80239],[135.88382,33.80134],[135.88041,33.80296],[135.8772,33.80577],[135.87217,33.809],[135.8644,33.81047],[135.85803,33.8162],[135.85586,33.82034],[135.85837,33.82713],[135.85893,33.83019],[135.85645,33.83356],[135.85573,33.83669],[135.85703,33.84257],[135.85893,33.8449],[135.86059,33.84896],[135.85958,33.85155],[135.8556,33.85458],[135.85344,33.85784],[135.85325,33.8623],[135.85694,33.86496],[135.85889,33.86848],[135.85755,33.87333],[135.85309,33.87733],[135.85215,33.88202],[135.85529,33.88782],[135.8524,33.88991],[135.85216,33.89261],[135.84633,33.89674],[135.83918,33.89669],[135.83686,33.8954],[135.83059,33.89763],[135.82818,33.89947],[135.81632,33.90561],[135.8086,33.90647],[135.80336,33.90298],[135.80182,33.89582],[135.80284,33.8946],[135.80113,33.89179],[135.80302,33.88859],[135.80671,33.88519],[135.80612,33.87981],[135.80318,33.87761],[135.80584,33.87009],[135.80516,33.86648],[135.80374,33.86572],[135.80072,33.87065],[135.7978,33.87314],[135.79527,33.87125],[135.79515,33.86501],[135.79295,33.86032],[135.7913,33.85385],[135.79257,33.85032],[135.79151,33.84614],[135.79352,33.84537],[135.80203,33.83489],[135.80639,33.83345],[135.80995,33.83118],[135.81198,33.83234],[135.81228,33.82603],[135.81362,33.8241],[135.81982,33.81994],[135.82399,33.81777],[135.82616,33.81452],[135.83014,33.81171],[135.82974,33.80527],[135.82724,33.80151],[135.82355,33.80061],[135.8219,33.79278],[135.81801,33.7876],[135.81783,33.78497],[135.81441,33.78564],[135.8093,33.77992],[135.80719,33.78069],[135.802,33.77944],[135.79891,33.77669],[135.79991,33.77365],[135.79843,33.76973],[135.7937,33.76921],[135.79189,33.7662],[135.78753,33.76801],[135.78192,33.76706],[135.78006,33.77009],[135.77797,33.77142],[135.77325,33.7722],[135.77126,33.76872],[135.76737,33.76481],[135.76508,33.76494],[135.76085,33.76203],[135.75767,33.76215],[135.75391,33.7571],[135.75516,33.75304],[135.75518,33.74942],[135.75349,33.74617],[135.75062,33.74702],[135.74641,33.74492],[135.74707,33.73738],[135.74314,33.73523],[135.73648,33.73654],[135.7341,33.73776],[135.72847,33.73546],[135.72718,33.73158],[135.72296,33.72958],[135.7224,33.72775]]],[[[135.875,33.91817],[135.86747,33.92055],[135.86557,33.92001],[135.86894,33.91446],[135.8632,33.90776],[135.86297,33.90522],[135.85973,33.90305],[135.85872,33.90119],[135.86011,33.89885],[135.8584,33.8971],[135.86147,33.88715],[135.86481,33.88911],[135.87162,33.88865],[135.87465,33.88393],[135.87832,33.88411],[135.88166,33.88095],[135.88269,33.87887],[135.88088,33.87585],[135.87482,33.87288],[135.87288,33.8679],[135.87483,33.8616],[135.87815,33.86462],[135.87779,33.87134],[135.88106,33.8725],[135.88641,33.87202],[135.89088,33.86839],[135.89401,33.86837],[135.89763,33.86975],[135.89877,33.87772],[135.90164,33.88199],[135.90131,33.88541],[135.8931,33.89349],[135.89162,33.89342],[135.89027,33.89004],[135.89306,33.88907],[135.89219,33.88448],[135.89273,33.88177],[135.89105,33.88097],[135.88651,33.8827],[135.88422,33.88654],[135.8854,33.89138],[135.88797,33.89377],[135.88792,33.8963],[135.88478,33.89817],[135.88086,33.90232],[135.87896,33.90836],[135.88126,33.91092],[135.88006,33.91238],[135.88189,33.91467],[135.88022,33.91793],[135.87717,33.91711],[135.875,33.91817]]]]}},{"type":"Feature","properties":{"code":"30208","name":"紀の川市","pref":"和歌山県","pref_code":"30","cx":135.40152,"cy":34.26282,"bbox":[135.27451,34.17643,135.48793,34.34859]},"geometry":{"type":"Polygon","coordinates":[[[135.28457,34.20296],[135.29092,34.20271],[135.29666,34.20042],[135.29731,34.19855],[135.30046,34.19723],[135.30426,34.19696],[135.30605,34.19498],[135.30811,34.1968],[135.30891,34.20252],[135.31355,34.20139],[135.31512,34.19486],[135.31816,34.19353],[135.31982,34.19066],[135.32738,34.18835],[135.33499,34.19399],[135.33906,34.19463],[135.34275,34.19374],[135.34514,34.1963],[135.34991,34.19522],[135.3482,34.19327],[135.35069,34.18941],[135.35415,34.18718],[135.35593,34.1844],[135.36291,34.18319],[135.37648,34.18641],[135.39409,34.185],[135.39778,34.18635],[135.39947,34.18914],[135.40596,34.18951],[135.40723,34.18548],[135.41262,34.18536],[135.41697,34.18302],[135.42138,34.18251],[135.42468,34.1792],[135.42677,34.18],[135.42957,34.17906],[135.43222,34.17643],[135.43796,34.1767],[135.45109,34.18036],[135.45417,34.1805],[135.45536,34.18303],[135.46233,34.18811],[135.46658,34.19219],[135.46593,34.1964],[135.47159,34.19925],[135.47348,34.19891],[135.47805,34.20184],[135.48028,34.20198],[135.48048,34.20781],[135.48186,34.21081],[135.48111,34.21407],[135.48172,34.2188],[135.48512,34.22015],[135.4847,34.22708],[135.48701,34.22904],[135.48793,34.23237],[135.48439,34.24168],[135.47456,34.24813],[135.4741,34.25014],[135.47047,34.253],[135.46735,34.25294],[135.46507,34.2583],[135.46465,34.2611],[135.46654,34.26453],[135.46553,34.26693],[135.46048,34.27108],[135.45487,34.27217],[135.45144,34.27673],[135.44816,34.27925],[135.44879,34.28198],[135.4476,34.28514],[135.44993,34.28745],[135.45103,34.29103],[135.45346,34.29534],[135.45821,34.29962],[135.46096,34.30471],[135.4641,34.30772],[135.46412,34.31078],[135.46914,34.31313],[135.4662,34.31573],[135.46398,34.31913],[135.46087,34.32175],[135.46042,34.32524],[135.45723,34.32789],[135.45488,34.33485],[135.44705,34.33527],[135.44723,34.33974],[135.4457,34.34214],[135.44416,34.34771],[135.44148,34.34737],[135.43622,34.34859],[135.43162,34.34735],[135.4287,34.34556],[135.42694,34.34112],[135.42479,34.33997],[135.41564,34.3399],[135.41243,34.34195],[135.40922,34.34194],[135.40707,34.339],[135.40677,34.33547],[135.40543,34.33385],[135.39866,34.33225],[135.39741,34.33053],[135.39445,34.33081],[135.39113,34.33301],[135.38824,34.33242],[135.38678,34.32912],[135.38272,34.32942],[135.38034,34.32844],[135.37791,34.33004],[135.37414,34.33096],[135.37136,34.33015],[135.36822,34.33116],[135.36631,34.32971],[135.36171,34.32935],[135.35898,34.33304],[135.35554,34.33342],[135.3537,34.33194],[135.34936,34.33175],[135.34619,34.3305],[135.3422,34.33511],[135.33872,34.33404],[135.33914,34.32943],[135.33444,34.32561],[135.33025,34.32525],[135.32803,34.32403],[135.32854,34.32144],[135.3305,34.31954],[135.33041,34.3167],[135.32719,34.3136],[135.32878,34.31091],[135.33163,34.30874],[135.33411,34.30819],[135.33449,34.30509],[135.33654,34.30378],[135.33225,34.29943],[135.33443,34.29572],[135.33294,34.28796],[135.33417,34.28655],[135.33308,34.28145],[135.33345,34.27655],[135.33501,34.27289],[135.3382,34.26959],[135.33847,34.2646],[135.33591,34.26011],[135.33382,34.24801],[135.32902,34.24714],[135.32163,34.24885],[135.32125,34.24736],[135.32475,34.24184],[135.32208,34.24079],[135.31788,34.24057],[135.31471,34.2389],[135.31403,34.23722],[135.30713,34.23778],[135.30509,34.23632],[135.30169,34.23612],[135.30104,34.23441],[135.29618,34.23101],[135.29271,34.23152],[135.29119,34.23007],[135.28472,34.22793],[135.28202,34.22557],[135.27451,34.22189],[135.27456,34.21683],[135.28099,34.21333],[135.27996,34.20756],[135.28219,34.20706],[135.28278,34.20349],[135.28457,34.20296]]]}},{"type":"Feature","properties":{"code":"30209","name":"岩出市","pref":"和歌山県","pref_code":"30","cx":135.30434,"cy":34.2796,"bbox":[135.26962,34.2389,135.33847,34.31913]},"geometry":{"type":"Polygon","coordinates":[[[135.31471,34.2389],[135.31788,34.24057],[135.32208,34.24079],[135.32475,34.24184],[135.32125,34.24736],[135.32163,34.24885],[135.32902,34.24714],[135.33382,34.24801],[135.33591,34.26011],[135.33847,34.2646],[135.3382,34.26959],[135.33501,34.27289],[135.33345,34.27655],[135.33308,34.28145],[135.33417,34.28655],[135.33294,34.28796],[135.33443,34.29572],[135.33225,34.29943],[135.33654,34.30378],[135.33449,34.30509],[135.33411,34.30819],[135.33163,34.30874],[135.32878,34.31091],[135.32719,34.3136],[135.33041,34.3167],[135.32893,34.31816],[135.3242,34.31913],[135.32217,34.31775],[135.31316,34.31409],[135.30964,34.31326],[135.3076,34.31445],[135.30397,34.31371],[135.30449,34.30993],[135.30264,34.30488],[135.29755,34.30078],[135.29164,34.29955],[135.28698,34.30675],[135.28593,34.3104],[135.2866,34.31258],[135.28281,34.31791],[135.27743,34.31562],[135.27274,34.31221],[135.27104,34.31247],[135.27085,34.30732],[135.26962,34.30512],[135.27254,34.30149],[135.27322,34.29687],[135.27133,34.29196],[135.27607,34.27774],[135.27382,34.27135],[135.27692,34.27118],[135.27394,34.26239],[135.27407,34.26044],[135.27214,34.25711],[135.27278,34.25355],[135.28169,34.25446],[135.28737,34.25374],[135.29766,34.25528],[135.30764,34.25229],[135.30744,34.24896],[135.3115,34.24731],[135.31344,34.24362],[135.31471,34.2389]]]}},{"type":"Feature","properties":{"code":"30304","name":"海草郡紀美野町","pref":"和歌山県","pref_code":"30","cx":135.39299,"cy":34.15312,"bbox":[135.29007,34.10431,135.5083,34.20198]},"geometry":{"type":"Polygon","coordinates":[[[135.2971,34.13603],[135.30143,34.13203],[135.30189,34.1294],[135.30436,34.12828],[135.30868,34.12153],[135.30612,34.11681],[135.30761,34.11541],[135.31146,34.1148],[135.31209,34.11002],[135.31522,34.10756],[135.31748,34.10445],[135.32512,34.10431],[135.32903,34.10589],[135.33246,34.10496],[135.3352,34.10535],[135.33811,34.11353],[135.34622,34.11639],[135.35615,34.11344],[135.35883,34.11512],[135.36547,34.11343],[135.37034,34.11359],[135.37185,34.11223],[135.37465,34.11317],[135.37435,34.12073],[135.38085,34.12138],[135.38533,34.12064],[135.39166,34.12157],[135.3978,34.12059],[135.40371,34.12168],[135.40505,34.12066],[135.41258,34.1195],[135.41704,34.11987],[135.42055,34.11726],[135.42542,34.11815],[135.42829,34.1155],[135.43106,34.11545],[135.43466,34.11713],[135.43855,34.12171],[135.44252,34.12398],[135.44548,34.12347],[135.44912,34.12558],[135.45201,34.1296],[135.45812,34.13255],[135.45919,34.13647],[135.46162,34.13847],[135.46785,34.14168],[135.4704,34.14419],[135.47364,34.14574],[135.48487,34.15333],[135.48894,34.15492],[135.49265,34.15887],[135.49141,34.16017],[135.49186,34.16471],[135.49937,34.16684],[135.50302,34.17129],[135.50525,34.17006],[135.5083,34.17338],[135.50238,34.1797],[135.49951,34.18084],[135.49474,34.18468],[135.4948,34.18601],[135.48714,34.19128],[135.48521,34.19165],[135.48177,34.19805],[135.48028,34.20198],[135.47805,34.20184],[135.47348,34.19891],[135.47159,34.19925],[135.46593,34.1964],[135.46658,34.19219],[135.46233,34.18811],[135.45536,34.18303],[135.45417,34.1805],[135.45109,34.18036],[135.43796,34.1767],[135.43222,34.17643],[135.42957,34.17906],[135.42677,34.18],[135.42468,34.1792],[135.42138,34.18251],[135.41697,34.18302],[135.41262,34.18536],[135.40723,34.18548],[135.40596,34.18951],[135.39947,34.18914],[135.39778,34.18635],[135.39409,34.185],[135.37648,34.18641],[135.36291,34.18319],[135.35593,34.1844],[135.35415,34.18718],[135.35069,34.18941],[135.3482,34.19327],[135.34991,34.19522],[135.34514,34.1963],[135.34275,34.19374],[135.33906,34.19463],[135.33499,34.19399],[135.32738,34.18835],[135.31982,34.19066],[135.31816,34.19353],[135.31443,34.18827],[135.31418,34.18468],[135.31288,34.18239],[135.31263,34.17837],[135.30644,34.17657],[135.3036,34.17706],[135.29976,34.17547],[135.30036,34.17343],[135.29641,34.16934],[135.29121,34.1679],[135.29007,34.16619],[135.29151,34.1621],[135.29482,34.16159],[135.29972,34.1645],[135.30301,34.16553],[135.30148,34.15719],[135.30142,34.15292],[135.30283,34.1501],[135.30139,34.14474],[135.29792,34.14417],[135.29894,34.14144],[135.29687,34.13768],[135.2971,34.13603]]]}},{"type":"Feature","properties":{"code":"30341","name":"伊都郡かつらぎ町","pref":"和歌山県","pref_code":"30","cx":135.50413,"cy":34.2311,"bbox":[135.44416,34.09709,135.60463,34.36283]},"geometry":{"type":"Polygon","coordinates":[[[135.52915,34.35143],[135.52707,34.35118],[135.52365,34.34845],[135.52147,34.3455],[135.51665,34.34238],[135.51204,34.33833],[135.50904,34.33684],[135.5035,34.33654],[135.5049,34.34122],[135.50235,34.34543],[135.50356,34.34654],[135.50175,34.3502],[135.4988,34.35033],[135.49782,34.35231],[135.4887,34.35637],[135.48538,34.36283],[135.47929,34.35812],[135.47726,34.35543],[135.47774,34.35355],[135.47164,34.3523],[135.47009,34.35047],[135.46711,34.34953],[135.46571,34.34733],[135.46349,34.34825],[135.45759,34.34734],[135.45342,34.34986],[135.45036,34.34954],[135.44416,34.34771],[135.4457,34.34214],[135.44723,34.33974],[135.44705,34.33527],[135.45488,34.33485],[135.45723,34.32789],[135.46042,34.32524],[135.46087,34.32175],[135.46398,34.31913],[135.4662,34.31573],[135.46914,34.31313],[135.46412,34.31078],[135.4641,34.30772],[135.46096,34.30471],[135.45821,34.29962],[135.45346,34.29534],[135.45103,34.29103],[135.44993,34.28745],[135.4476,34.28514],[135.44879,34.28198],[135.44816,34.27925],[135.45144,34.27673],[135.45487,34.27217],[135.46048,34.27108],[135.46553,34.26693],[135.46654,34.26453],[135.46465,34.2611],[135.46507,34.2583],[135.46735,34.25294],[135.47047,34.253],[135.4741,34.25014],[135.47456,34.24813],[135.48439,34.24168],[135.48793,34.23237],[135.48701,34.22904],[135.4847,34.22708],[135.48512,34.22015],[135.48172,34.2188],[135.48111,34.21407],[135.48186,34.21081],[135.48048,34.20781],[135.48028,34.20198],[135.48177,34.19805],[135.48521,34.19165],[135.48714,34.19128],[135.4948,34.18601],[135.49474,34.18468],[135.49951,34.18084],[135.50238,34.1797],[135.5083,34.17338],[135.50525,34.17006],[135.50302,34.17129],[135.49937,34.16684],[135.49186,34.16471],[135.49141,34.16017],[135.49265,34.15887],[135.48894,34.15492],[135.49792,34.15172],[135.50355,34.14434],[135.50643,34.14352],[135.50659,34.13807],[135.5094,34.13784],[135.51543,34.12992],[135.51385,34.12809],[135.51649,34.12486],[135.52211,34.12077],[135.52239,34.1194],[135.52925,34.1156],[135.53286,34.11475],[135.53287,34.11022],[135.53424,34.10889],[135.5343,34.10383],[135.53341,34.10126],[135.53771,34.09893],[135.5438,34.09709],[135.54625,34.09801],[135.54729,34.10033],[135.54972,34.10059],[135.55841,34.10339],[135.5573,34.10805],[135.5619,34.10983],[135.56584,34.11284],[135.57082,34.1135],[135.57879,34.11637],[135.57943,34.11999],[135.582,34.12611],[135.58208,34.12825],[135.58462,34.13224],[135.58565,34.13905],[135.58519,34.14066],[135.58811,34.144],[135.58817,34.14652],[135.59086,34.149],[135.5936,34.14871],[135.59607,34.15067],[135.60463,34.15431],[135.60388,34.1564],[135.60121,34.15865],[135.59331,34.15911],[135.58726,34.15769],[135.58178,34.1578],[135.57941,34.16024],[135.5767,34.16148],[135.58057,34.16695],[135.57769,34.1668],[135.5733,34.16885],[135.57008,34.17416],[135.57218,34.1789],[135.56884,34.18293],[135.56652,34.18683],[135.56614,34.19234],[135.56377,34.19341],[135.56106,34.19239],[135.56173,34.18746],[135.56053,34.18384],[135.56172,34.17904],[135.56054,34.17662],[135.5622,34.17486],[135.55906,34.17089],[135.55739,34.16735],[135.55799,34.16508],[135.55427,34.16257],[135.55262,34.16275],[135.54705,34.16105],[135.53883,34.15665],[135.53593,34.15706],[135.5294,34.1596],[135.52307,34.16136],[135.51468,34.17101],[135.51498,34.17352],[135.51336,34.17508],[135.51543,34.17872],[135.51291,34.18151],[135.51257,34.18507],[135.52034,34.19102],[135.51994,34.19355],[135.52107,34.19833],[135.52454,34.20152],[135.52855,34.20365],[135.52304,34.20643],[135.52147,34.20887],[135.51862,34.20928],[135.51727,34.21195],[135.52008,34.21444],[135.52068,34.21708],[135.51963,34.22003],[135.52367,34.22116],[135.52035,34.22315],[135.52035,34.22984],[135.52167,34.23481],[135.52163,34.23781],[135.52445,34.23894],[135.53302,34.23921],[135.53074,34.24472],[135.53034,34.24959],[135.52797,34.25096],[135.52599,34.25539],[135.52764,34.25918],[135.53042,34.26265],[135.53189,34.26821],[135.53136,34.27104],[135.53215,34.27792],[135.5367,34.28348],[135.54312,34.28388],[135.54123,34.28608],[135.5419,34.28843],[135.53556,34.29678],[135.53201,34.29838],[135.53846,34.30422],[135.54215,34.30416],[135.54265,34.31103],[135.53773,34.32104],[135.53165,34.32653],[135.52693,34.3292],[135.52775,34.33396],[135.53002,34.33605],[135.52758,34.33886],[135.52852,34.34164],[135.52669,34.34547],[135.52915,34.35143]]]}},{"type":"Feature","properties":{"code":"30343","name":"伊都郡九度山町","pref":"和歌山県","pref_code":"30","cx":135.61137,"cy":34.26911,"bbox":[135.52599,34.2337,135.64419,34.30422]},"geometry":{"type":"Polygon","coordinates":[[[135.54215,34.30416],[135.53846,34.30422],[135.53201,34.29838],[135.53556,34.29678],[135.5419,34.28843],[135.54123,34.28608],[135.54312,34.28388],[135.5367,34.28348],[135.53215,34.27792],[135.53136,34.27104],[135.53189,34.26821],[135.53042,34.26265],[135.52764,34.25918],[135.52599,34.25539],[135.52797,34.25096],[135.53034,34.24959],[135.53074,34.24472],[135.53302,34.23921],[135.54524,34.23948],[135.55133,34.24019],[135.55342,34.2468],[135.55771,34.2469],[135.56162,34.24903],[135.56517,34.24853],[135.56913,34.24648],[135.57309,34.24756],[135.57423,34.25026],[135.57106,34.25722],[135.57354,34.26568],[135.57227,34.2678],[135.57279,34.27091],[135.57712,34.27],[135.57782,34.27313],[135.58131,34.27111],[135.58248,34.2633],[135.58444,34.25986],[135.58547,34.25493],[135.5847,34.25342],[135.58933,34.24536],[135.59425,34.24438],[135.59628,34.245],[135.60021,34.24382],[135.60332,34.24176],[135.60365,34.23757],[135.60684,34.23556],[135.61131,34.23592],[135.6145,34.2337],[135.61734,34.23464],[135.62019,34.23725],[135.62124,34.24164],[135.62505,34.24533],[135.62862,34.24738],[135.6312,34.24708],[135.63235,34.24888],[135.63074,34.25139],[135.63073,34.25395],[135.63754,34.25787],[135.63632,34.26309],[135.64169,34.26353],[135.64419,34.26482],[135.64374,34.26801],[135.63528,34.27156],[135.6343,34.27647],[135.62946,34.27827],[135.628,34.27993],[135.62793,34.28284],[135.62594,34.28437],[135.62107,34.28387],[135.61718,34.28141],[135.61345,34.28138],[135.61123,34.28267],[135.60691,34.28289],[135.59619,34.2798],[135.59455,34.28057],[135.59112,34.27814],[135.58796,34.28079],[135.58627,34.28503],[135.58374,34.28633],[135.58048,34.28398],[135.57739,34.28598],[135.57396,34.28441],[135.57296,34.28847],[135.57094,34.28963],[135.57269,34.29441],[135.57086,34.30006],[135.56781,34.29914],[135.5612,34.29386],[135.55723,34.2945],[135.54975,34.29835],[135.54215,34.30416]],[[135.55194,34.27675],[135.54929,34.27786],[135.54576,34.2808],[135.54667,34.28421],[135.55182,34.28653],[135.5531,34.28875],[135.55616,34.29015],[135.55706,34.28817],[135.55267,34.28085],[135.5535,34.27763],[135.55194,34.27675]]]}},{"type":"Feature","properties":{"code":"30344","name":"伊都郡高野町","pref":"和歌山県","pref_code":"30","cx":135.58333,"cy":34.21651,"bbox":[135.51257,34.15431,135.73002,34.27827]},"geometry":{"type":"Polygon","coordinates":[[[135.63235,34.24888],[135.6312,34.24708],[135.62862,34.24738],[135.62505,34.24533],[135.62124,34.24164],[135.62019,34.23725],[135.61734,34.23464],[135.6145,34.2337],[135.61131,34.23592],[135.60684,34.23556],[135.60365,34.23757],[135.60332,34.24176],[135.60021,34.24382],[135.59628,34.245],[135.59425,34.24438],[135.58933,34.24536],[135.5847,34.25342],[135.58547,34.25493],[135.58444,34.25986],[135.58248,34.2633],[135.58131,34.27111],[135.57782,34.27313],[135.57712,34.27],[135.57279,34.27091],[135.57227,34.2678],[135.57354,34.26568],[135.57106,34.25722],[135.57423,34.25026],[135.57309,34.24756],[135.56913,34.24648],[135.56517,34.24853],[135.56162,34.24903],[135.55771,34.2469],[135.55342,34.2468],[135.55133,34.24019],[135.54524,34.23948],[135.52445,34.23894],[135.52163,34.23781],[135.52167,34.23481],[135.52035,34.22984],[135.52035,34.22315],[135.52367,34.22116],[135.51963,34.22003],[135.52068,34.21708],[135.52008,34.21444],[135.51727,34.21195],[135.51862,34.20928],[135.52147,34.20887],[135.52304,34.20643],[135.52855,34.20365],[135.52454,34.20152],[135.52107,34.19833],[135.51994,34.19355],[135.52034,34.19102],[135.51257,34.18507],[135.51291,34.18151],[135.51543,34.17872],[135.51336,34.17508],[135.51498,34.17352],[135.51468,34.17101],[135.52307,34.16136],[135.5294,34.1596],[135.53593,34.15706],[135.53883,34.15665],[135.54705,34.16105],[135.55262,34.16275],[135.55427,34.16257],[135.55799,34.16508],[135.55739,34.16735],[135.55906,34.17089],[135.5622,34.17486],[135.56054,34.17662],[135.56172,34.17904],[135.56053,34.18384],[135.56173,34.18746],[135.56106,34.19239],[135.56377,34.19341],[135.56614,34.19234],[135.56652,34.18683],[135.56884,34.18293],[135.57218,34.1789],[135.57008,34.17416],[135.5733,34.16885],[135.57769,34.1668],[135.58057,34.16695],[135.5767,34.16148],[135.57941,34.16024],[135.58178,34.1578],[135.58726,34.15769],[135.59331,34.15911],[135.60121,34.15865],[135.60388,34.1564],[135.60463,34.15431],[135.6077,34.1553],[135.61155,34.15507],[135.6168,34.15588],[135.62192,34.15842],[135.62295,34.16273],[135.62057,34.16609],[135.6206,34.16852],[135.62326,34.16967],[135.62791,34.17477],[135.62857,34.17689],[135.63242,34.17737],[135.63762,34.17927],[135.63826,34.18136],[135.64196,34.18319],[135.64511,34.19067],[135.64132,34.19149],[135.63607,34.1963],[135.63412,34.19908],[135.63542,34.20248],[135.63448,34.20459],[135.64117,34.2095],[135.64091,34.21303],[135.64352,34.21562],[135.64586,34.2162],[135.64808,34.21899],[135.65242,34.21675],[135.65529,34.21628],[135.65907,34.21819],[135.66197,34.21831],[135.66782,34.22419],[135.67261,34.22422],[135.67473,34.22309],[135.67769,34.22344],[135.68547,34.2204],[135.68791,34.21729],[135.69388,34.21707],[135.69781,34.21183],[135.70175,34.21227],[135.70779,34.20824],[135.70982,34.20892],[135.71364,34.21446],[135.71765,34.2149],[135.72333,34.21979],[135.72748,34.22073],[135.72748,34.22369],[135.73002,34.2316],[135.72853,34.23537],[135.72639,34.236],[135.72345,34.24008],[135.72379,34.24237],[135.72015,34.2499],[135.72074,34.25164],[135.71943,34.2546],[135.71953,34.25934],[135.71845,34.26332],[135.70825,34.26858],[135.70842,34.2719],[135.70385,34.27156],[135.70085,34.2754],[135.69247,34.27827],[135.69089,34.27661],[135.68939,34.27172],[135.68277,34.27018],[135.68118,34.27166],[135.67681,34.26689],[135.67153,34.26422],[135.67092,34.2629],[135.67447,34.25804],[135.67291,34.25542],[135.66597,34.25072],[135.66513,34.24833],[135.66273,34.24707],[135.66146,34.24475],[135.65436,34.24128],[135.65118,34.24272],[135.65367,34.24596],[135.64928,34.24545],[135.64393,34.249],[135.639,34.24838],[135.63472,34.24993],[135.63235,34.24888]]]}},{"type":"Feature","properties":{"code":"30361","name":"有田郡湯浅町","pref":"和歌山県","pref_code":"30","cx":135.18334,"cy":34.03537,"bbox":[135.13898,34.0071,135.2416,34.06309]},"geometry":{"type":"Polygon","coordinates":[[[135.13898,34.05696],[135.14637,34.05611],[135.14752,34.04901],[135.14616,34.04532],[135.15184,34.04476],[135.15772,34.04728],[135.16108,34.046],[135.1625,34.04375],[135.16244,34.03682],[135.16768,34.0373],[135.17129,34.03185],[135.17383,34.03198],[135.18117,34.02929],[135.18246,34.02618],[135.18845,34.02509],[135.1972,34.0249],[135.20137,34.02306],[135.20265,34.01835],[135.20518,34.01823],[135.21119,34.01007],[135.21448,34.01],[135.21785,34.00821],[135.22291,34.0071],[135.22699,34.0083],[135.2358,34.00937],[135.23886,34.00928],[135.2416,34.01402],[135.23996,34.01674],[135.23655,34.02015],[135.23731,34.02277],[135.23399,34.02576],[135.2339,34.02766],[135.23171,34.03092],[135.22817,34.03288],[135.22427,34.03313],[135.22151,34.03096],[135.21661,34.03077],[135.21373,34.03491],[135.2102,34.037],[135.20715,34.03583],[135.19903,34.03449],[135.19535,34.03698],[135.19533,34.04026],[135.19306,34.0405],[135.19453,34.04532],[135.19,34.05235],[135.19028,34.05463],[135.18641,34.05922],[135.18635,34.06153],[135.18328,34.06173],[135.18077,34.0572],[135.17316,34.05536],[135.16911,34.06128],[135.1661,34.06309],[135.15836,34.06265],[135.14879,34.0585],[135.14379,34.05901],[135.14243,34.06026],[135.13898,34.05696]]]}},{"type":"Feature","properties":{"code":"30362","name":"有田郡広川町","pref":"和歌山県","pref_code":"30","cx":135.21724,"cy":33.99002,"bbox":[135.11873,33.94759,135.27928,34.03198]},"geometry":{"type":"MultiPolygon","coordinates":[[[[135.12134,34.01964],[135.11873,34.0184],[135.12413,34.01542],[135.12524,34.01838],[135.12134,34.01964]]],[[[135.17129,34.03185],[135.16996,34.02635],[135.1657,34.02851],[135.1584,34.02585],[135.15483,34.02608],[135.15079,34.02465],[135.15012,34.02207],[135.15208,34.01979],[135.14801,34.01824],[135.14143,34.01956],[135.13692,34.01687],[135.14297,34.01555],[135.14575,34.01377],[135.14706,34.0108],[135.15141,34.00944],[135.15158,34.00725],[135.14766,34.00517],[135.14455,34.00498],[135.14065,34.00607],[135.14032,34.00333],[135.13702,34.00042],[135.13455,34.00002],[135.13846,33.99721],[135.14171,33.99143],[135.14363,33.98949],[135.15361,33.99272],[135.15508,33.99222],[135.16417,33.99596],[135.16734,33.99473],[135.17486,33.99464],[135.17474,33.99036],[135.17602,33.98742],[135.17538,33.98399],[135.17792,33.97931],[135.17639,33.97532],[135.17405,33.97483],[135.17388,33.96842],[135.17463,33.96505],[135.17761,33.96426],[135.17743,33.95764],[135.17798,33.95607],[135.18453,33.95767],[135.19013,33.95594],[135.19436,33.9559],[135.19756,33.95368],[135.20645,33.95428],[135.2091,33.95233],[135.22212,33.95278],[135.2234,33.94864],[135.22759,33.94761],[135.23297,33.94759],[135.23283,33.95125],[135.23595,33.95449],[135.23593,33.95856],[135.23871,33.96022],[135.244,33.96018],[135.24891,33.9627],[135.25465,33.96475],[135.25473,33.96712],[135.25928,33.97326],[135.25676,33.9764],[135.25641,33.97898],[135.25787,33.9811],[135.2578,33.98555],[135.25907,33.98969],[135.26768,33.99524],[135.27332,33.99776],[135.27639,34.00272],[135.27928,34.00422],[135.27801,34.00565],[135.27012,34.00996],[135.26874,34.01539],[135.26113,34.01361],[135.25505,34.01456],[135.24902,34.01376],[135.24356,34.01423],[135.23996,34.01674],[135.2416,34.01402],[135.23886,34.00928],[135.2358,34.00937],[135.22699,34.0083],[135.22291,34.0071],[135.21785,34.00821],[135.21448,34.01],[135.21119,34.01007],[135.20518,34.01823],[135.20265,34.01835],[135.20137,34.02306],[135.1972,34.0249],[135.18845,34.02509],[135.18246,34.02618],[135.18117,34.02929],[135.17383,34.03198],[135.17129,34.03185]]]]}},{"type":"Feature","properties":{"code":"30366","name":"有田郡有田川町","pref":"和歌山県","pref_code":"30","cx":135.36669,"cy":34.0795,"bbox":[135.18635,34.00139,135.54988,34.15492]},"geometry":{"type":"Polygon","coordinates":[[[135.18753,34.09806],[135.18675,34.09417],[135.18887,34.08996],[135.18941,34.08468],[135.19301,34.07719],[135.19053,34.06611],[135.18777,34.06513],[135.18635,34.06153],[135.18641,34.05922],[135.19028,34.05463],[135.19,34.05235],[135.19453,34.04532],[135.19306,34.0405],[135.19533,34.04026],[135.19535,34.03698],[135.19903,34.03449],[135.20715,34.03583],[135.2102,34.037],[135.21373,34.03491],[135.21661,34.03077],[135.22151,34.03096],[135.22427,34.03313],[135.22817,34.03288],[135.23171,34.03092],[135.2339,34.02766],[135.23399,34.02576],[135.23731,34.02277],[135.23655,34.02015],[135.23996,34.01674],[135.24356,34.01423],[135.24902,34.01376],[135.25505,34.01456],[135.26113,34.01361],[135.26874,34.01539],[135.27012,34.00996],[135.27801,34.00565],[135.27928,34.00422],[135.28405,34.00437],[135.28798,34.00364],[135.29041,34.00139],[135.29443,34.00711],[135.29838,34.0044],[135.30213,34.00354],[135.30618,34.00499],[135.31045,34.00516],[135.31302,34.00771],[135.31946,34.00673],[135.32485,34.00871],[135.32936,34.00644],[135.33333,34.00727],[135.33567,34.00573],[135.3457,34.00455],[135.34749,34.0059],[135.35736,34.00492],[135.3642,34.00786],[135.36703,34.01292],[135.3715,34.01368],[135.37584,34.01195],[135.37856,34.01251],[135.38907,34.01124],[135.3917,34.01012],[135.39768,34.0128],[135.40101,34.01493],[135.40229,34.01897],[135.40722,34.02015],[135.41133,34.02253],[135.41694,34.02482],[135.41728,34.02692],[135.42657,34.02721],[135.42811,34.02918],[135.43365,34.03092],[135.43722,34.03081],[135.44061,34.03443],[135.44588,34.03812],[135.45176,34.04089],[135.45339,34.03972],[135.45893,34.03838],[135.46747,34.03162],[135.48165,34.03262],[135.48383,34.03408],[135.48651,34.03384],[135.4957,34.03693],[135.49883,34.04316],[135.50505,34.04203],[135.50581,34.04451],[135.50917,34.04662],[135.51114,34.0458],[135.51673,34.04673],[135.51918,34.04813],[135.52822,34.04776],[135.53241,34.0487],[135.5356,34.05102],[135.53849,34.05777],[135.53783,34.05959],[135.54271,34.06198],[135.54346,34.06408],[135.54822,34.06814],[135.54437,34.07184],[135.5425,34.07216],[135.5397,34.07538],[135.53984,34.0772],[135.54313,34.0818],[135.54898,34.08394],[135.54979,34.08498],[135.54988,34.09068],[135.54873,34.09681],[135.54625,34.09801],[135.5438,34.09709],[135.53771,34.09893],[135.53341,34.10126],[135.5343,34.10383],[135.53424,34.10889],[135.53287,34.11022],[135.53286,34.11475],[135.52925,34.1156],[135.52239,34.1194],[135.52211,34.12077],[135.51649,34.12486],[135.51385,34.12809],[135.51543,34.12992],[135.5094,34.13784],[135.50659,34.13807],[135.50643,34.14352],[135.50355,34.14434],[135.49792,34.15172],[135.48894,34.15492],[135.48487,34.15333],[135.47364,34.14574],[135.4704,34.14419],[135.46785,34.14168],[135.46162,34.13847],[135.45919,34.13647],[135.45812,34.13255],[135.45201,34.1296],[135.44912,34.12558],[135.44548,34.12347],[135.44252,34.12398],[135.43855,34.12171],[135.43466,34.11713],[135.43106,34.11545],[135.42829,34.1155],[135.42542,34.11815],[135.42055,34.11726],[135.41704,34.11987],[135.41258,34.1195],[135.40505,34.12066],[135.40371,34.12168],[135.3978,34.12059],[135.39166,34.12157],[135.38533,34.12064],[135.38085,34.12138],[135.37435,34.12073],[135.37465,34.11317],[135.37185,34.11223],[135.37034,34.11359],[135.36547,34.11343],[135.35883,34.11512],[135.35615,34.11344],[135.34622,34.11639],[135.33811,34.11353],[135.3352,34.10535],[135.33246,34.10496],[135.32903,34.10589],[135.32512,34.10431],[135.31748,34.10445],[135.31522,34.10756],[135.31209,34.11002],[135.31146,34.1148],[135.30761,34.11541],[135.30612,34.11681],[135.30868,34.12153],[135.30436,34.12828],[135.30189,34.1294],[135.30143,34.13203],[135.2971,34.13603],[135.29418,34.1334],[135.2951,34.13187],[135.29207,34.12602],[135.28678,34.12435],[135.28449,34.1204],[135.27966,34.11874],[135.27838,34.11974],[135.27366,34.11717],[135.26777,34.11626],[135.26592,34.11762],[135.26282,34.11562],[135.25775,34.11775],[135.25306,34.12138],[135.24907,34.12257],[135.24308,34.12125],[135.23917,34.12216],[135.23553,34.11779],[135.23533,34.11207],[135.23229,34.11041],[135.23128,34.10729],[135.22832,34.10656],[135.22431,34.10757],[135.22188,34.11017],[135.21723,34.10995],[135.2164,34.1072],[135.21296,34.10624],[135.21184,34.10405],[135.20502,34.1001],[135.20268,34.10059],[135.19654,34.09882],[135.18753,34.09806]]]}},{"type":"Feature","properties":{"code":"30381","name":"日高郡美浜町","pref":"和歌山県","pref_code":"30","cx":135.10965,"cy":33.89637,"bbox":[135.05765,33.87554,135.15428,33.91645]},"geometry":{"type":"Polygon","coordinates":[[[135.14144,33.91386],[135.13741,33.91645],[135.13347,33.91575],[135.13254,33.91203],[135.13341,33.90731],[135.13067,33.90378],[135.12351,33.90256],[135.1208,33.90321],[135.11673,33.90274],[135.10915,33.90375],[135.1085,33.90258],[135.10432,33.90267],[135.1033,33.90134],[135.09367,33.90145],[135.09189,33.90008],[135.08732,33.90263],[135.08346,33.89999],[135.07815,33.8998],[135.07511,33.89739],[135.07208,33.8968],[135.07262,33.89394],[135.07158,33.88906],[135.06891,33.88948],[135.06567,33.88832],[135.06354,33.88366],[135.06054,33.88111],[135.05765,33.87988],[135.06082,33.87981],[135.06609,33.88139],[135.06998,33.8835],[135.07266,33.88681],[135.07638,33.88804],[135.08007,33.89096],[135.08417,33.88717],[135.09112,33.88724],[135.09221,33.8887],[135.09556,33.88821],[135.10047,33.88898],[135.11191,33.89338],[135.11968,33.89227],[135.13162,33.88894],[135.14192,33.88482],[135.14967,33.87937],[135.15247,33.87554],[135.15428,33.87673],[135.15426,33.8803],[135.14868,33.89594],[135.14741,33.89557],[135.14357,33.90711],[135.1443,33.90863],[135.14144,33.91386]]]}},{"type":"Feature","properties":{"code":"30382","name":"日高郡日高町","pref":"和歌山県","pref_code":"30","cx":135.11678,"cy":33.93257,"bbox":[135.057,33.87988,135.17798,33.98399]},"geometry":{"type":"Polygon","coordinates":[[[135.17388,33.95271],[135.17471,33.95466],[135.17798,33.95607],[135.17743,33.95764],[135.17761,33.96426],[135.17463,33.96505],[135.17388,33.96842],[135.17405,33.97483],[135.17639,33.97532],[135.17792,33.97931],[135.17538,33.98399],[135.17168,33.98344],[135.16079,33.97716],[135.15901,33.97531],[135.15435,33.97568],[135.14536,33.9676],[135.14357,33.96499],[135.1411,33.96371],[135.13871,33.95749],[135.13606,33.95646],[135.1349,33.95435],[135.13067,33.95202],[135.13083,33.95082],[135.12247,33.94603],[135.11668,33.9453],[135.11349,33.94591],[135.1082,33.9446],[135.10638,33.94951],[135.10276,33.95438],[135.10057,33.94958],[135.09802,33.94999],[135.09602,33.94791],[135.09295,33.94921],[135.08897,33.94914],[135.08808,33.9459],[135.091,33.94429],[135.08948,33.94227],[135.08592,33.94358],[135.0834,33.94162],[135.0866,33.93816],[135.08391,33.93488],[135.07998,33.9357],[135.07849,33.93434],[135.0757,33.93485],[135.07331,33.93133],[135.0683,33.93166],[135.06633,33.92803],[135.06988,33.92473],[135.07275,33.92451],[135.07413,33.92778],[135.07617,33.92796],[135.07928,33.92559],[135.07951,33.92358],[135.07611,33.91972],[135.07581,33.91698],[135.08224,33.91929],[135.08298,33.91752],[135.07851,33.91324],[135.08262,33.91253],[135.08352,33.91032],[135.08178,33.9066],[135.07616,33.90304],[135.07256,33.90338],[135.07271,33.90582],[135.06954,33.90522],[135.06695,33.90621],[135.06302,33.90622],[135.05898,33.90489],[135.05834,33.90197],[135.06048,33.89867],[135.06491,33.89616],[135.06431,33.89175],[135.057,33.88874],[135.05823,33.88333],[135.05765,33.87988],[135.06054,33.88111],[135.06354,33.88366],[135.06567,33.88832],[135.06891,33.88948],[135.07158,33.88906],[135.07262,33.89394],[135.07208,33.8968],[135.07511,33.89739],[135.07815,33.8998],[135.08346,33.89999],[135.08732,33.90263],[135.09189,33.90008],[135.09367,33.90145],[135.1033,33.90134],[135.10432,33.90267],[135.1085,33.90258],[135.10915,33.90375],[135.11673,33.90274],[135.1208,33.90321],[135.12351,33.90256],[135.13067,33.90378],[135.13341,33.90731],[135.13254,33.91203],[135.13347,33.91575],[135.13741,33.91645],[135.14144,33.91386],[135.14275,33.91546],[135.14741,33.91652],[135.14942,33.91834],[135.15706,33.91927],[135.15956,33.9227],[135.15919,33.92787],[135.15992,33.9296],[135.15924,33.93348],[135.15597,33.93611],[135.1556,33.93893],[135.15687,33.94212],[135.16014,33.94529],[135.1614,33.9498],[135.16633,33.94994],[135.17388,33.95271]]]}},{"type":"Feature","properties":{"code":"30383","name":"日高郡由良町","pref":"和歌山県","pref_code":"30","cx":135.11422,"cy":33.97146,"bbox":[135.07223,33.9446,135.17602,34.00785]},"geometry":{"type":"MultiPolygon","coordinates":[[[[135.08712,33.9917],[135.08196,33.9899],[135.0869,33.98864],[135.08712,33.9917]]],[[[135.13455,34.00002],[135.12922,34.00059],[135.12611,33.99755],[135.12019,33.99923],[135.11502,33.99713],[135.11218,33.99526],[135.11277,33.99091],[135.10768,33.98892],[135.10491,33.99303],[135.09778,33.99255],[135.09351,33.99321],[135.09157,33.98736],[135.08973,33.98683],[135.09109,33.98348],[135.08807,33.97921],[135.08432,33.98002],[135.08212,33.97848],[135.07811,33.97928],[135.07482,33.97895],[135.07223,33.97748],[135.07813,33.97316],[135.07949,33.96963],[135.08459,33.96976],[135.08604,33.96737],[135.08376,33.96144],[135.08024,33.9614],[135.07404,33.95912],[135.07998,33.95584],[135.08754,33.95616],[135.09053,33.95734],[135.09521,33.95774],[135.09881,33.95963],[135.10185,33.96434],[135.1067,33.96392],[135.10834,33.96175],[135.11079,33.96288],[135.11322,33.96027],[135.11442,33.95677],[135.10548,33.95625],[135.10276,33.95438],[135.10638,33.94951],[135.1082,33.9446],[135.11349,33.94591],[135.11668,33.9453],[135.12247,33.94603],[135.13083,33.95082],[135.13067,33.95202],[135.1349,33.95435],[135.13606,33.95646],[135.13871,33.95749],[135.1411,33.96371],[135.14357,33.96499],[135.14536,33.9676],[135.15435,33.97568],[135.15901,33.97531],[135.16079,33.97716],[135.17168,33.98344],[135.17538,33.98399],[135.17602,33.98742],[135.17474,33.99036],[135.17486,33.99464],[135.16734,33.99473],[135.16417,33.99596],[135.15508,33.99222],[135.15361,33.99272],[135.14363,33.98949],[135.14171,33.99143],[135.13846,33.99721],[135.13455,34.00002]]],[[[135.09372,34.00785],[135.09137,34.00516],[135.0931,34.00295],[135.09986,34.00282],[135.10182,34.00497],[135.09501,34.00589],[135.09372,34.00785]]]]}},{"type":"Feature","properties":{"code":"30390","name":"日高郡印南町","pref":"和歌山県","pref_code":"30","cx":135.25767,"cy":33.84946,"bbox":[135.17907,33.78019,135.40298,33.91909]},"geometry":{"type":"Polygon","coordinates":[[[135.19927,33.81314],[135.20523,33.81247],[135.20701,33.80921],[135.2099,33.80905],[135.21583,33.81408],[135.21844,33.81285],[135.21625,33.80968],[135.22076,33.80797],[135.22069,33.80468],[135.22535,33.80329],[135.22726,33.80185],[135.23132,33.80114],[135.23586,33.79787],[135.23719,33.79471],[135.23704,33.79112],[135.23364,33.78959],[135.23424,33.7873],[135.23328,33.78413],[135.23467,33.78189],[135.23816,33.7805],[135.24575,33.78019],[135.24723,33.7813],[135.25347,33.78253],[135.26262,33.78226],[135.26605,33.78292],[135.26175,33.79215],[135.26005,33.79365],[135.25955,33.79907],[135.26358,33.80258],[135.26391,33.8061],[135.26945,33.81235],[135.2705,33.81486],[135.27823,33.81818],[135.28609,33.81804],[135.28778,33.81715],[135.29112,33.8186],[135.29652,33.81947],[135.29738,33.82229],[135.30142,33.82698],[135.3002,33.83026],[135.30195,33.83264],[135.30392,33.8325],[135.30918,33.83576],[135.30896,33.84011],[135.30731,33.84359],[135.30813,33.84587],[135.31224,33.84843],[135.31244,33.85194],[135.3139,33.85325],[135.31297,33.8566],[135.30974,33.85723],[135.30988,33.8613],[135.31458,33.86232],[135.31791,33.86601],[135.32172,33.86873],[135.32174,33.8739],[135.32717,33.87732],[135.33264,33.87822],[135.33519,33.87968],[135.33957,33.87864],[135.34589,33.87849],[135.35092,33.88035],[135.35214,33.88344],[135.3562,33.8878],[135.36924,33.88566],[135.37129,33.88603],[135.37933,33.88497],[135.38355,33.88637],[135.38745,33.88453],[135.39397,33.88456],[135.39966,33.88802],[135.40088,33.88789],[135.40298,33.8908],[135.40156,33.89454],[135.39657,33.89471],[135.39312,33.89569],[135.39331,33.89825],[135.39198,33.90204],[135.3947,33.90238],[135.3968,33.90407],[135.39789,33.90675],[135.39527,33.90764],[135.39599,33.91467],[135.39324,33.91682],[135.38726,33.91731],[135.38306,33.91656],[135.37958,33.91909],[135.37486,33.91552],[135.36816,33.91648],[135.3643,33.91514],[135.35482,33.91454],[135.35014,33.9128],[135.3425,33.91234],[135.33967,33.91296],[135.33534,33.91231],[135.33251,33.90997],[135.33023,33.9098],[135.3292,33.90697],[135.32546,33.90416],[135.31504,33.90482],[135.3104,33.90236],[135.31098,33.90078],[135.30129,33.89622],[135.29908,33.89204],[135.29577,33.89274],[135.29359,33.89161],[135.28915,33.89231],[135.28407,33.89028],[135.28168,33.88805],[135.2755,33.88786],[135.27482,33.88253],[135.27126,33.87717],[135.26545,33.87226],[135.26155,33.87302],[135.25581,33.87304],[135.25225,33.87404],[135.24723,33.87258],[135.24176,33.87579],[135.23646,33.87791],[135.23222,33.8774],[135.21635,33.8781],[135.21277,33.87871],[135.21167,33.88033],[135.20812,33.88034],[135.2011,33.88243],[135.1995,33.882],[135.19914,33.87986],[135.2011,33.87332],[135.20989,33.87321],[135.21104,33.87403],[135.21492,33.87228],[135.21594,33.86712],[135.21402,33.86451],[135.20989,33.86419],[135.20588,33.86544],[135.20397,33.86721],[135.197,33.86857],[135.19575,33.86698],[135.19246,33.86827],[135.18938,33.86807],[135.18685,33.87041],[135.17907,33.8692],[135.18265,33.86654],[135.18618,33.86563],[135.18454,33.86189],[135.184,33.85848],[135.1883,33.85694],[135.19163,33.85663],[135.19255,33.85482],[135.19659,33.8537],[135.20043,33.85376],[135.20022,33.85116],[135.2029,33.85049],[135.20366,33.84498],[135.20241,33.84208],[135.2083,33.83808],[135.20785,33.83481],[135.2044,33.83376],[135.20176,33.82997],[135.20296,33.82376],[135.20145,33.81868],[135.19977,33.81655],[135.19927,33.81314]]]}},{"type":"Feature","properties":{"code":"30391","name":"日高郡みなべ町","pref":"和歌山県","pref_code":"30","cx":135.31964,"cy":33.81601,"bbox":[135.25955,33.7442,135.46501,33.88802]},"geometry":{"type":"Polygon","coordinates":[[[135.40088,33.88789],[135.39966,33.88802],[135.39397,33.88456],[135.38745,33.88453],[135.38355,33.88637],[135.37933,33.88497],[135.37129,33.88603],[135.36924,33.88566],[135.3562,33.8878],[135.35214,33.88344],[135.35092,33.88035],[135.34589,33.87849],[135.33957,33.87864],[135.33519,33.87968],[135.33264,33.87822],[135.32717,33.87732],[135.32174,33.8739],[135.32172,33.86873],[135.31791,33.86601],[135.31458,33.86232],[135.30988,33.8613],[135.30974,33.85723],[135.31297,33.8566],[135.3139,33.85325],[135.31244,33.85194],[135.31224,33.84843],[135.30813,33.84587],[135.30731,33.84359],[135.30896,33.84011],[135.30918,33.83576],[135.30392,33.8325],[135.30195,33.83264],[135.3002,33.83026],[135.30142,33.82698],[135.29738,33.82229],[135.29652,33.81947],[135.29112,33.8186],[135.28778,33.81715],[135.28609,33.81804],[135.27823,33.81818],[135.2705,33.81486],[135.26945,33.81235],[135.26391,33.8061],[135.26358,33.80258],[135.25955,33.79907],[135.26005,33.79365],[135.26175,33.79215],[135.26605,33.78292],[135.27069,33.78263],[135.27436,33.78049],[135.27699,33.78043],[135.28149,33.77805],[135.28249,33.77612],[135.28715,33.77308],[135.29276,33.77244],[135.29554,33.77091],[135.29792,33.7674],[135.30103,33.76671],[135.30703,33.76884],[135.31194,33.76955],[135.31709,33.76767],[135.32195,33.76344],[135.32467,33.75973],[135.32483,33.7539],[135.32341,33.7515],[135.32614,33.7506],[135.33049,33.7442],[135.33627,33.74554],[135.33643,33.753],[135.33922,33.75312],[135.34031,33.75638],[135.34302,33.75918],[135.34293,33.76129],[135.34514,33.76384],[135.34466,33.76751],[135.3458,33.77032],[135.34524,33.77478],[135.34918,33.7774],[135.34854,33.77976],[135.34935,33.78368],[135.34811,33.78831],[135.35011,33.79484],[135.34835,33.79959],[135.34935,33.8037],[135.34561,33.80709],[135.34685,33.80923],[135.3535,33.80971],[135.35625,33.80904],[135.36025,33.81244],[135.36477,33.81439],[135.3699,33.82057],[135.36918,33.82209],[135.37446,33.82698],[135.37474,33.82909],[135.37835,33.82979],[135.38113,33.83256],[135.39079,33.83762],[135.39583,33.8363],[135.40181,33.83794],[135.40535,33.83668],[135.4071,33.834],[135.41265,33.83574],[135.41402,33.83407],[135.42207,33.83648],[135.42472,33.83853],[135.43097,33.83771],[135.43379,33.84007],[135.4363,33.83874],[135.43993,33.83919],[135.44309,33.84105],[135.44641,33.84006],[135.4498,33.84069],[135.45476,33.83826],[135.46086,33.8385],[135.46047,33.84268],[135.46284,33.84943],[135.46501,33.85313],[135.45834,33.85345],[135.45087,33.85458],[135.45009,33.85606],[135.44403,33.8577],[135.44448,33.86266],[135.44043,33.86557],[135.43517,33.86662],[135.42859,33.86426],[135.42674,33.86718],[135.42704,33.87065],[135.43111,33.87668],[135.42896,33.87998],[135.42567,33.88007],[135.42304,33.88167],[135.42155,33.88],[135.41589,33.87936],[135.40981,33.88206],[135.40697,33.88142],[135.40088,33.88789]]]}},{"type":"Feature","properties":{"code":"30392","name":"日高郡日高川町","pref":"和歌山県","pref_code":"30","cx":135.38413,"cy":33.95796,"bbox":[135.17138,33.87226,135.54743,34.04316]},"geometry":{"type":"Polygon","coordinates":[[[135.1995,33.882],[135.2011,33.88243],[135.20812,33.88034],[135.21167,33.88033],[135.21277,33.87871],[135.21635,33.8781],[135.23222,33.8774],[135.23646,33.87791],[135.24176,33.87579],[135.24723,33.87258],[135.25225,33.87404],[135.25581,33.87304],[135.26155,33.87302],[135.26545,33.87226],[135.27126,33.87717],[135.27482,33.88253],[135.2755,33.88786],[135.28168,33.88805],[135.28407,33.89028],[135.28915,33.89231],[135.29359,33.89161],[135.29577,33.89274],[135.29908,33.89204],[135.30129,33.89622],[135.31098,33.90078],[135.3104,33.90236],[135.31504,33.90482],[135.32546,33.90416],[135.3292,33.90697],[135.33023,33.9098],[135.33251,33.90997],[135.33534,33.91231],[135.33967,33.91296],[135.3425,33.91234],[135.35014,33.9128],[135.35482,33.91454],[135.3643,33.91514],[135.36816,33.91648],[135.37486,33.91552],[135.37958,33.91909],[135.38306,33.91656],[135.38726,33.91731],[135.39324,33.91682],[135.39437,33.92252],[135.39825,33.92514],[135.39771,33.92941],[135.40226,33.93061],[135.40807,33.92964],[135.41306,33.93],[135.41801,33.93341],[135.41772,33.93741],[135.4227,33.94478],[135.42469,33.94612],[135.42943,33.94419],[135.43258,33.94403],[135.43067,33.9412],[135.43232,33.93992],[135.43854,33.94374],[135.44047,33.94693],[135.44353,33.9462],[135.45194,33.94603],[135.4545,33.94647],[135.4579,33.94511],[135.45903,33.9419],[135.46108,33.94148],[135.46316,33.93744],[135.46753,33.9361],[135.47246,33.9376],[135.47622,33.94225],[135.48202,33.94246],[135.48533,33.9403],[135.48871,33.94132],[135.49041,33.94313],[135.4963,33.94575],[135.50152,33.94606],[135.50754,33.9499],[135.51372,33.95109],[135.51607,33.95289],[135.52193,33.95174],[135.52669,33.95489],[135.53041,33.95582],[135.5326,33.95825],[135.54119,33.96206],[135.54411,33.96554],[135.54453,33.96839],[135.54669,33.97093],[135.54743,33.97382],[135.5427,33.97632],[135.54356,33.97985],[135.54072,33.98451],[135.54127,33.98609],[135.53719,33.99179],[135.53696,33.99406],[135.52959,33.999],[135.53331,34.00333],[135.53498,34.00394],[135.53731,34.00773],[135.53793,34.01209],[135.5357,34.01299],[135.53364,34.0169],[135.52856,34.02234],[135.52091,34.02352],[135.51318,34.02243],[135.50833,34.02399],[135.50796,34.03151],[135.50826,34.03635],[135.50491,34.03797],[135.50505,34.04203],[135.49883,34.04316],[135.4957,34.03693],[135.48651,34.03384],[135.48383,34.03408],[135.48165,34.03262],[135.46747,34.03162],[135.45893,34.03838],[135.45339,34.03972],[135.45176,34.04089],[135.44588,34.03812],[135.44061,34.03443],[135.43722,34.03081],[135.43365,34.03092],[135.42811,34.02918],[135.42657,34.02721],[135.41728,34.02692],[135.41694,34.02482],[135.41133,34.02253],[135.40722,34.02015],[135.40229,34.01897],[135.40101,34.01493],[135.39768,34.0128],[135.3917,34.01012],[135.38907,34.01124],[135.37856,34.01251],[135.37584,34.01195],[135.3715,34.01368],[135.36703,34.01292],[135.3642,34.00786],[135.35736,34.00492],[135.34749,34.0059],[135.3457,34.00455],[135.33567,34.00573],[135.33333,34.00727],[135.32936,34.00644],[135.32485,34.00871],[135.31946,34.00673],[135.31302,34.00771],[135.31045,34.00516],[135.30618,34.00499],[135.30213,34.00354],[135.29838,34.0044],[135.29443,34.00711],[135.29041,34.00139],[135.28798,34.00364],[135.28405,34.00437],[135.27928,34.00422],[135.27639,34.00272],[135.27332,33.99776],[135.26768,33.99524],[135.25907,33.98969],[135.2578,33.98555],[135.25787,33.9811],[135.25641,33.97898],[135.25676,33.9764],[135.25928,33.97326],[135.25473,33.96712],[135.25465,33.96475],[135.24891,33.9627],[135.244,33.96018],[135.23871,33.96022],[135.23593,33.95856],[135.23595,33.95449],[135.23283,33.95125],[135.23297,33.94759],[135.22759,33.94761],[135.2234,33.94864],[135.22212,33.95278],[135.2091,33.95233],[135.20645,33.95428],[135.19756,33.95368],[135.19436,33.9559],[135.19013,33.95594],[135.18453,33.95767],[135.17798,33.95607],[135.17471,33.95466],[135.17388,33.95271],[135.17567,33.95095],[135.17689,33.9471],[135.17492,33.94282],[135.17764,33.935],[135.17674,33.93231],[135.17435,33.93157],[135.17138,33.92874],[135.17229,33.92352],[135.17502,33.9216],[135.17246,33.91907],[135.17277,33.91383],[135.17665,33.91269],[135.18007,33.9091],[135.18625,33.90644],[135.19105,33.90361],[135.19418,33.89991],[135.19589,33.89544],[135.19893,33.8925],[135.1977,33.88453],[135.1995,33.882]]]}},{"type":"Feature","properties":{"code":"30401","name":"西牟婁郡白浜町","pref":"和歌山県","pref_code":"30","cx":135.46452,"cy":33.62535,"bbox":[135.32967,33.54601,135.66806,33.70476]},"geometry":{"type":"Polygon","coordinates":[[[135.51195,33.70078],[135.51186,33.69592],[135.50826,33.69418],[135.50718,33.68979],[135.49932,33.68576],[135.49627,33.68298],[135.49841,33.67951],[135.49896,33.67648],[135.49763,33.67436],[135.49967,33.66907],[135.49886,33.66729],[135.49005,33.66742],[135.48764,33.66925],[135.48341,33.6675],[135.4771,33.66861],[135.47434,33.66672],[135.47001,33.66823],[135.46784,33.66795],[135.46471,33.67217],[135.46178,33.67274],[135.45961,33.67534],[135.45729,33.67588],[135.45246,33.67501],[135.4485,33.67522],[135.44596,33.67296],[135.44062,33.67399],[135.43827,33.67655],[135.43337,33.67765],[135.42939,33.67941],[135.42394,33.68349],[135.42221,33.68349],[135.4161,33.68665],[135.40962,33.68112],[135.40642,33.67734],[135.40291,33.68125],[135.40031,33.68096],[135.39872,33.68343],[135.40141,33.68555],[135.39685,33.68702],[135.39441,33.68571],[135.38714,33.68629],[135.38655,33.6884],[135.38251,33.69112],[135.37972,33.69006],[135.37569,33.69051],[135.37288,33.68922],[135.376,33.68404],[135.36964,33.68614],[135.36489,33.68308],[135.36364,33.67942],[135.35898,33.68007],[135.36026,33.68375],[135.35516,33.68583],[135.35943,33.68816],[135.35587,33.68944],[135.35575,33.69212],[135.34936,33.69444],[135.34637,33.69345],[135.34349,33.69427],[135.33819,33.69376],[135.3359,33.69515],[135.33406,33.69248],[135.33907,33.69207],[135.33928,33.69072],[135.34448,33.68885],[135.34201,33.68624],[135.34439,33.68184],[135.34281,33.67796],[135.33816,33.67664],[135.33243,33.67387],[135.32967,33.67029],[135.33197,33.66621],[135.33533,33.66589],[135.33655,33.66347],[135.34105,33.66083],[135.34263,33.65879],[135.34671,33.65823],[135.35303,33.65483],[135.36166,33.65334],[135.3639,33.65588],[135.36696,33.65231],[135.37109,33.65192],[135.37508,33.65244],[135.37801,33.65027],[135.38189,33.65114],[135.3833,33.64766],[135.38665,33.64655],[135.39138,33.64301],[135.39341,33.63998],[135.39298,33.63411],[135.39122,33.63171],[135.3942,33.63011],[135.39587,33.6265],[135.39389,33.62262],[135.39205,33.62118],[135.39022,33.61728],[135.39215,33.61697],[135.39639,33.61826],[135.3978,33.61609],[135.39335,33.61426],[135.39187,33.61176],[135.39364,33.61013],[135.39211,33.60782],[135.3897,33.60931],[135.38877,33.60511],[135.38604,33.59998],[135.39122,33.59774],[135.38899,33.59554],[135.39006,33.59312],[135.39219,33.59302],[135.3926,33.58856],[135.39546,33.58779],[135.39607,33.58568],[135.40023,33.58365],[135.40231,33.58728],[135.40439,33.58523],[135.40293,33.58289],[135.40563,33.57776],[135.41003,33.57561],[135.41667,33.58061],[135.41892,33.57523],[135.41929,33.56965],[135.42418,33.57143],[135.4269,33.56964],[135.42836,33.5707],[135.43163,33.56831],[135.43729,33.56686],[135.44386,33.56322],[135.44653,33.55896],[135.44913,33.55647],[135.44708,33.55341],[135.44638,33.54893],[135.45042,33.55018],[135.45157,33.54853],[135.4577,33.55316],[135.46024,33.55204],[135.45882,33.54601],[135.4606,33.54771],[135.46875,33.55158],[135.47128,33.55635],[135.47158,33.55847],[135.47495,33.56143],[135.47599,33.56348],[135.47493,33.56661],[135.48149,33.5714],[135.48339,33.57466],[135.48458,33.57978],[135.48944,33.58298],[135.491,33.58672],[135.48861,33.58929],[135.48706,33.5925],[135.48766,33.59444],[135.48623,33.59707],[135.48922,33.59966],[135.49326,33.60507],[135.49926,33.6071],[135.50056,33.60994],[135.50424,33.61267],[135.50698,33.61085],[135.50863,33.61249],[135.51254,33.61192],[135.51703,33.60913],[135.52089,33.60993],[135.52802,33.60857],[135.52812,33.61168],[135.53144,33.61577],[135.52855,33.61685],[135.52818,33.61962],[135.52995,33.62455],[135.5393,33.62652],[135.54334,33.63103],[135.54204,33.63335],[135.54447,33.63597],[135.5495,33.63499],[135.55252,33.63351],[135.55916,33.63608],[135.56175,33.63398],[135.56579,33.63586],[135.56769,33.6357],[135.56991,33.63296],[135.57329,33.63268],[135.57794,33.63008],[135.58537,33.63113],[135.58854,33.62925],[135.59374,33.62928],[135.59695,33.62722],[135.60112,33.62925],[135.6061,33.63317],[135.61058,33.63291],[135.61407,33.6302],[135.61351,33.62594],[135.61749,33.62315],[135.61869,33.61998],[135.62184,33.61985],[135.62576,33.62266],[135.62975,33.62292],[135.63608,33.62065],[135.64367,33.62308],[135.64388,33.62475],[135.64,33.63081],[135.64187,33.63538],[135.64492,33.6354],[135.64811,33.63731],[135.65301,33.63779],[135.65626,33.63888],[135.65853,33.64225],[135.66234,33.6463],[135.66573,33.64788],[135.66806,33.65022],[135.66672,33.65328],[135.65763,33.65665],[135.65372,33.6552],[135.65085,33.64891],[135.64355,33.64928],[135.6395,33.64808],[135.63735,33.64513],[135.63107,33.64488],[135.62836,33.64951],[135.62589,33.65157],[135.61999,33.65087],[135.61903,33.64918],[135.61246,33.64959],[135.60521,33.64446],[135.59818,33.64571],[135.59516,33.64932],[135.58846,33.65145],[135.58586,33.65703],[135.57638,33.66022],[135.57094,33.65783],[135.56893,33.65814],[135.56386,33.65633],[135.55324,33.65673],[135.55051,33.65797],[135.5516,33.66108],[135.55568,33.66218],[135.5552,33.66786],[135.55661,33.67004],[135.55637,33.6783],[135.55468,33.68048],[135.55166,33.68215],[135.5498,33.6863],[135.54734,33.68768],[135.54597,33.69124],[135.54426,33.69162],[135.54132,33.68955],[135.53487,33.69194],[135.52995,33.6918],[135.52773,33.69059],[135.52427,33.69062],[135.52335,33.69229],[135.52418,33.69763],[135.52107,33.70476],[135.51195,33.70078]]]}},{"type":"Feature","properties":{"code":"30404","name":"西牟婁郡上富田町","pref":"和歌山県","pref_code":"30","cx":135.45283,"cy":33.71772,"bbox":[135.39685,33.66672,135.51195,33.76832]},"geometry":{"type":"Polygon","coordinates":[[[135.39685,33.68702],[135.40141,33.68555],[135.39872,33.68343],[135.40031,33.68096],[135.40291,33.68125],[135.40642,33.67734],[135.40962,33.68112],[135.4161,33.68665],[135.42221,33.68349],[135.42394,33.68349],[135.42939,33.67941],[135.43337,33.67765],[135.43827,33.67655],[135.44062,33.67399],[135.44596,33.67296],[135.4485,33.67522],[135.45246,33.67501],[135.45729,33.67588],[135.45961,33.67534],[135.46178,33.67274],[135.46471,33.67217],[135.46784,33.66795],[135.47001,33.66823],[135.47434,33.66672],[135.4771,33.66861],[135.48341,33.6675],[135.48764,33.66925],[135.49005,33.66742],[135.49886,33.66729],[135.49967,33.66907],[135.49763,33.67436],[135.49896,33.67648],[135.49841,33.67951],[135.49627,33.68298],[135.49932,33.68576],[135.50718,33.68979],[135.50826,33.69418],[135.51186,33.69592],[135.51195,33.70078],[135.50937,33.70185],[135.5073,33.70458],[135.50346,33.7041],[135.49583,33.70146],[135.49214,33.70241],[135.4905,33.70483],[135.48793,33.70579],[135.48226,33.71327],[135.48029,33.71363],[135.47829,33.71621],[135.48221,33.71835],[135.48256,33.72423],[135.47869,33.72533],[135.47695,33.72914],[135.48168,33.73582],[135.48391,33.74308],[135.48709,33.74547],[135.4859,33.74755],[135.48716,33.75134],[135.48376,33.75507],[135.47991,33.75796],[135.47994,33.75941],[135.47626,33.76267],[135.47504,33.76597],[135.47208,33.76832],[135.46929,33.76797],[135.46726,33.76049],[135.46466,33.75609],[135.46643,33.75233],[135.46534,33.74806],[135.46115,33.74926],[135.45984,33.74696],[135.4534,33.74676],[135.45057,33.74411],[135.44477,33.74426],[135.44397,33.7426],[135.44046,33.74105],[135.43978,33.73851],[135.44044,33.73546],[135.43723,33.73437],[135.43711,33.73115],[135.43564,33.72942],[135.43258,33.72975],[135.43415,33.72439],[135.42963,33.72205],[135.42831,33.72027],[135.42561,33.72035],[135.42437,33.71708],[135.42119,33.71333],[135.41632,33.71438],[135.4103,33.71091],[135.4096,33.70717],[135.4067,33.70655],[135.40546,33.70359],[135.40324,33.70319],[135.40144,33.69884],[135.40345,33.69532],[135.40014,33.69336],[135.39952,33.69046],[135.39685,33.68702]]]}},{"type":"Feature","properties":{"code":"30406","name":"西牟婁郡すさみ町","pref":"和歌山県","pref_code":"30","cx":135.55427,"cy":33.56979,"bbox":[135.46111,33.49783,135.6682,33.63608]},"geometry":{"type":"MultiPolygon","coordinates":[[[[135.59109,33.5024],[135.58924,33.5],[135.59266,33.49783],[135.59347,33.50054],[135.59109,33.5024]]],[[[135.63197,33.57261],[135.63,33.5763],[135.63172,33.57965],[135.63736,33.58024],[135.645,33.57802],[135.64635,33.57629],[135.65242,33.57567],[135.65629,33.57682],[135.6607,33.57602],[135.66261,33.57981],[135.66153,33.58562],[135.66222,33.58991],[135.6677,33.58972],[135.6682,33.59154],[135.66665,33.59491],[135.6635,33.59712],[135.66032,33.59783],[135.65977,33.60041],[135.65579,33.60603],[135.65484,33.6092],[135.64959,33.61558],[135.64727,33.62105],[135.64367,33.62308],[135.63608,33.62065],[135.62975,33.62292],[135.62576,33.62266],[135.62184,33.61985],[135.61869,33.61998],[135.61749,33.62315],[135.61351,33.62594],[135.61407,33.6302],[135.61058,33.63291],[135.6061,33.63317],[135.60112,33.62925],[135.59695,33.62722],[135.59374,33.62928],[135.58854,33.62925],[135.58537,33.63113],[135.57794,33.63008],[135.57329,33.63268],[135.56991,33.63296],[135.56769,33.6357],[135.56579,33.63586],[135.56175,33.63398],[135.55916,33.63608],[135.55252,33.63351],[135.5495,33.63499],[135.54447,33.63597],[135.54204,33.63335],[135.54334,33.63103],[135.5393,33.62652],[135.52995,33.62455],[135.52818,33.61962],[135.52855,33.61685],[135.53144,33.61577],[135.52812,33.61168],[135.52802,33.60857],[135.52089,33.60993],[135.51703,33.60913],[135.51254,33.61192],[135.50863,33.61249],[135.50698,33.61085],[135.50424,33.61267],[135.50056,33.60994],[135.49926,33.6071],[135.49326,33.60507],[135.48922,33.59966],[135.48623,33.59707],[135.48766,33.59444],[135.48706,33.5925],[135.48861,33.58929],[135.491,33.58672],[135.48944,33.58298],[135.48458,33.57978],[135.48339,33.57466],[135.48149,33.5714],[135.47493,33.56661],[135.47599,33.56348],[135.47495,33.56143],[135.47158,33.55847],[135.47128,33.55635],[135.46875,33.55158],[135.46111,33.54798],[135.46332,33.54844],[135.46772,33.54628],[135.47154,33.5479],[135.47452,33.55098],[135.47969,33.55059],[135.47888,33.546],[135.48138,33.54507],[135.48375,33.54794],[135.48791,33.54964],[135.49169,33.54879],[135.49322,33.54719],[135.49312,33.54417],[135.48999,33.54262],[135.49129,33.54012],[135.49567,33.54164],[135.49937,33.54099],[135.49998,33.53647],[135.50116,33.53524],[135.5089,33.53536],[135.51391,33.53192],[135.51358,33.52837],[135.51227,33.52554],[135.51804,33.52187],[135.52283,33.52204],[135.52425,33.52329],[135.52954,33.5216],[135.53069,33.51943],[135.5371,33.52069],[135.5405,33.51931],[135.54481,33.52027],[135.54716,33.51814],[135.54713,33.51611],[135.55123,33.51654],[135.55495,33.51545],[135.55796,33.51617],[135.55968,33.51418],[135.56534,33.51531],[135.5695,33.51737],[135.575,33.51567],[135.57814,33.5102],[135.57885,33.50715],[135.58333,33.5083],[135.58733,33.5064],[135.58781,33.50404],[135.59181,33.50737],[135.59425,33.50616],[135.59686,33.50705],[135.59814,33.50445],[135.6016,33.5043],[135.60407,33.50907],[135.60645,33.50969],[135.61095,33.50616],[135.61718,33.50609],[135.61948,33.50322],[135.62611,33.50308],[135.62824,33.50819],[135.63552,33.50659],[135.63686,33.51088],[135.63664,33.51606],[135.63843,33.5177],[135.63858,33.52212],[135.63081,33.52692],[135.62182,33.53041],[135.62281,33.53272],[135.62643,33.53268],[135.63137,33.53846],[135.63667,33.54237],[135.63632,33.54593],[135.63814,33.55],[135.64064,33.55036],[135.64101,33.55348],[135.63851,33.55508],[135.63551,33.55368],[135.62921,33.55393],[135.6292,33.55761],[135.62803,33.56057],[135.62903,33.56236],[135.6277,33.56818],[135.63197,33.57261]]]]}},{"type":"Feature","properties":{"code":"30421","name":"東牟婁郡那智勝浦町","pref":"和歌山県","pref_code":"30","cx":135.87477,"cy":33.63388,"bbox":[135.77694,33.54558,135.98903,33.72229]},"geometry":{"type":"Polygon","coordinates":[[[135.89921,33.54606],[135.9016,33.54558],[135.9058,33.54732],[135.90845,33.54973],[135.91247,33.55],[135.91271,33.55245],[135.91586,33.55283],[135.91496,33.55681],[135.91843,33.55938],[135.92395,33.56036],[135.92261,33.56227],[135.91563,33.56175],[135.90872,33.56189],[135.90451,33.56046],[135.90193,33.5581],[135.89181,33.55585],[135.89321,33.5588],[135.9009,33.56324],[135.90565,33.56321],[135.90555,33.5652],[135.90856,33.56624],[135.91158,33.56928],[135.9158,33.57114],[135.91936,33.56946],[135.92112,33.57037],[135.92135,33.57459],[135.92286,33.57604],[135.92759,33.57725],[135.93069,33.57636],[135.93438,33.57341],[135.9394,33.57445],[135.9398,33.57815],[135.93711,33.57935],[135.93914,33.58415],[135.93443,33.58705],[135.93406,33.58989],[135.93061,33.5882],[135.92796,33.58881],[135.92307,33.59213],[135.92163,33.59476],[135.92194,33.59863],[135.92388,33.6002],[135.9287,33.59821],[135.93048,33.6015],[135.92609,33.60513],[135.92509,33.60876],[135.92785,33.60939],[135.9288,33.61164],[135.92813,33.61485],[135.93071,33.61668],[135.93072,33.61869],[135.93655,33.61724],[135.94397,33.61719],[135.94507,33.6192],[135.94169,33.61988],[135.94295,33.62182],[135.94212,33.62406],[135.94491,33.62793],[135.94925,33.62715],[135.95059,33.62545],[135.95044,33.6216],[135.95267,33.621],[135.9531,33.62628],[135.9516,33.62758],[135.95325,33.63117],[135.95163,33.63344],[135.94821,33.63284],[135.94562,33.63377],[135.94102,33.63398],[135.93774,33.63655],[135.93652,33.64025],[135.93902,33.64538],[135.94469,33.64702],[135.9487,33.64951],[135.95809,33.65012],[135.95755,33.65224],[135.96101,33.65446],[135.96996,33.65266],[135.9723,33.65628],[135.97499,33.65672],[135.97886,33.65545],[135.97988,33.65126],[135.98616,33.6552],[135.98585,33.6586],[135.98903,33.66124],[135.98832,33.66318],[135.9848,33.66054],[135.98246,33.66068],[135.98102,33.6588],[135.9764,33.65951],[135.97633,33.66286],[135.97374,33.66384],[135.97411,33.66716],[135.97313,33.67005],[135.96773,33.6701],[135.96213,33.67204],[135.95593,33.67245],[135.95268,33.67941],[135.94584,33.68455],[135.94202,33.68541],[135.93581,33.68457],[135.93291,33.68705],[135.93213,33.69032],[135.93038,33.69071],[135.92667,33.68737],[135.92158,33.68395],[135.92036,33.68078],[135.91687,33.67957],[135.91096,33.68079],[135.9083,33.68002],[135.90588,33.6818],[135.90655,33.68738],[135.90093,33.69371],[135.90076,33.69556],[135.89387,33.69701],[135.89153,33.69921],[135.88877,33.6994],[135.88444,33.70125],[135.88146,33.70519],[135.88193,33.70946],[135.87869,33.71083],[135.87391,33.71169],[135.87089,33.71133],[135.86462,33.71375],[135.86393,33.71475],[135.8664,33.7181],[135.86438,33.72114],[135.86172,33.72229],[135.85535,33.72138],[135.852,33.71873],[135.84993,33.71847],[135.84924,33.71462],[135.84456,33.71348],[135.84485,33.71067],[135.83968,33.70902],[135.83713,33.70678],[135.8332,33.70501],[135.83317,33.70191],[135.83646,33.70189],[135.8391,33.70003],[135.83958,33.69655],[135.83777,33.69541],[135.83349,33.69528],[135.83197,33.69291],[135.82627,33.69386],[135.82317,33.69157],[135.82196,33.69404],[135.81957,33.69418],[135.81491,33.69841],[135.81034,33.70003],[135.80645,33.7079],[135.80075,33.70142],[135.79655,33.70176],[135.79413,33.70594],[135.79103,33.70762],[135.78947,33.70566],[135.78816,33.7001],[135.7841,33.69962],[135.78157,33.70026],[135.78069,33.70255],[135.77836,33.7026],[135.77694,33.69883],[135.78134,33.69652],[135.78215,33.69466],[135.77926,33.68962],[135.78087,33.68702],[135.77921,33.68292],[135.78622,33.6801],[135.78826,33.67844],[135.79363,33.67705],[135.79668,33.67457],[135.79496,33.6697],[135.79781,33.66699],[135.79704,33.66228],[135.7973,33.65862],[135.80068,33.65421],[135.80031,33.65076],[135.80294,33.64621],[135.80161,33.64327],[135.80458,33.64205],[135.80407,33.63893],[135.80491,33.63553],[135.80789,33.63177],[135.81167,33.63067],[135.81243,33.6274],[135.81704,33.62508],[135.82048,33.62063],[135.8206,33.61675],[135.8238,33.61158],[135.8219,33.60979],[135.81779,33.60913],[135.81828,33.60557],[135.81983,33.60416],[135.82477,33.59448],[135.82284,33.59123],[135.82226,33.5872],[135.82492,33.58515],[135.82778,33.58574],[135.83062,33.58345],[135.83561,33.58378],[135.83955,33.58141],[135.84909,33.58449],[135.85323,33.58764],[135.85581,33.58587],[135.85807,33.5862],[135.86083,33.5837],[135.86254,33.5788],[135.86553,33.58036],[135.86849,33.58024],[135.87023,33.58157],[135.8756,33.58145],[135.88037,33.57885],[135.88236,33.56934],[135.88406,33.56784],[135.88453,33.5636],[135.88006,33.56078],[135.88204,33.55888],[135.88383,33.55458],[135.88361,33.5511],[135.8873,33.55243],[135.89455,33.55228],[135.89575,33.54897],[135.89921,33.54606]]]}},{"type":"Feature","properties":{"code":"30422","name":"東牟婁郡太地町","pref":"和歌山県","pref_code":"30","cx":135.93526,"cy":33.59123,"bbox":[135.92163,33.57802,135.96069,33.61869]},"geometry":{"type":"MultiPolygon","coordinates":[[[[135.9398,33.57815],[135.94244,33.57927],[135.94881,33.57941],[135.95406,33.57802],[135.95954,33.58212],[135.95779,33.58428],[135.96069,33.5935],[135.95836,33.59362],[135.95592,33.59169],[135.95038,33.58965],[135.94546,33.59078],[135.94784,33.5924],[135.94798,33.59493],[135.94624,33.59646],[135.94632,33.59904],[135.9489,33.60238],[135.94782,33.60403],[135.94396,33.60373],[135.93604,33.59856],[135.93671,33.59566],[135.93479,33.59368],[135.9308,33.59539],[135.93184,33.59915],[135.92925,33.59976],[135.9287,33.59821],[135.92388,33.6002],[135.92194,33.59863],[135.92163,33.59476],[135.92307,33.59213],[135.92796,33.58881],[135.93061,33.5882],[135.93406,33.58989],[135.93443,33.58705],[135.93914,33.58415],[135.93711,33.57935],[135.9398,33.57815]]],[[[135.92785,33.60935],[135.93067,33.61078],[135.93564,33.61519],[135.93655,33.61724],[135.93072,33.61869],[135.93071,33.61668],[135.92813,33.61485],[135.9288,33.61164],[135.92785,33.60935]]]]}},{"type":"Feature","properties":{"code":"30424","name":"東牟婁郡古座川町","pref":"和歌山県","pref_code":"30","cx":135.73242,"cy":33.62206,"bbox":[135.63,33.51678,135.83994,33.72831]},"geometry":{"type":"Polygon","coordinates":[[[135.83955,33.58141],[135.83561,33.58378],[135.83062,33.58345],[135.82778,33.58574],[135.82492,33.58515],[135.82226,33.5872],[135.82284,33.59123],[135.82477,33.59448],[135.81983,33.60416],[135.81828,33.60557],[135.81779,33.60913],[135.8219,33.60979],[135.8238,33.61158],[135.8206,33.61675],[135.82048,33.62063],[135.81704,33.62508],[135.81243,33.6274],[135.81167,33.63067],[135.80789,33.63177],[135.80491,33.63553],[135.80407,33.63893],[135.80458,33.64205],[135.80161,33.64327],[135.80294,33.64621],[135.80031,33.65076],[135.80068,33.65421],[135.7973,33.65862],[135.79704,33.66228],[135.79781,33.66699],[135.79496,33.6697],[135.79668,33.67457],[135.79363,33.67705],[135.78826,33.67844],[135.78622,33.6801],[135.77921,33.68292],[135.78087,33.68702],[135.77926,33.68962],[135.78215,33.69466],[135.78134,33.69652],[135.77694,33.69883],[135.77836,33.7026],[135.77362,33.70385],[135.77171,33.70041],[135.76576,33.70019],[135.76231,33.7027],[135.75835,33.70244],[135.75754,33.69849],[135.75399,33.69736],[135.75129,33.69791],[135.74916,33.70009],[135.7488,33.70534],[135.75109,33.70858],[135.74718,33.71585],[135.74217,33.71546],[135.73867,33.7191],[135.73836,33.72262],[135.7337,33.72503],[135.72724,33.72556],[135.7224,33.72775],[135.71962,33.72708],[135.71623,33.72831],[135.71386,33.72689],[135.7144,33.72375],[135.71677,33.71977],[135.71445,33.7154],[135.71075,33.71142],[135.70878,33.71128],[135.70651,33.71466],[135.70374,33.71589],[135.70077,33.71396],[135.6971,33.71433],[135.69121,33.71115],[135.68904,33.70338],[135.68699,33.70192],[135.68344,33.6971],[135.68,33.69533],[135.67761,33.69206],[135.67274,33.69011],[135.66559,33.68954],[135.66401,33.6902],[135.65509,33.68892],[135.65325,33.68583],[135.65275,33.68146],[135.65143,33.67714],[135.65476,33.6741],[135.65171,33.67083],[135.65013,33.66343],[135.65396,33.66239],[135.65763,33.65966],[135.65763,33.65665],[135.66672,33.65328],[135.66806,33.65022],[135.66573,33.64788],[135.66234,33.6463],[135.65853,33.64225],[135.65626,33.63888],[135.65301,33.63779],[135.64811,33.63731],[135.64492,33.6354],[135.64187,33.63538],[135.64,33.63081],[135.64388,33.62475],[135.64367,33.62308],[135.64727,33.62105],[135.64959,33.61558],[135.65484,33.6092],[135.65579,33.60603],[135.65977,33.60041],[135.66032,33.59783],[135.6635,33.59712],[135.66665,33.59491],[135.6682,33.59154],[135.6677,33.58972],[135.66222,33.58991],[135.66153,33.58562],[135.66261,33.57981],[135.6607,33.57602],[135.65629,33.57682],[135.65242,33.57567],[135.64635,33.57629],[135.645,33.57802],[135.63736,33.58024],[135.63172,33.57965],[135.63,33.5763],[135.6334,33.57089],[135.638,33.57032],[135.63902,33.56842],[135.64237,33.56675],[135.64708,33.5658],[135.65159,33.56578],[135.655,33.55904],[135.66231,33.55569],[135.66223,33.54857],[135.66679,33.53405],[135.66671,33.53032],[135.67246,33.52992],[135.67566,33.52679],[135.68096,33.527],[135.68185,33.5233],[135.68572,33.52087],[135.68805,33.52071],[135.69268,33.52196],[135.69763,33.51972],[135.7008,33.51952],[135.70101,33.52288],[135.70475,33.52765],[135.70703,33.52754],[135.70944,33.52548],[135.71229,33.52617],[135.71584,33.52452],[135.71924,33.52569],[135.72123,33.5284],[135.72093,33.53113],[135.72628,33.52987],[135.7311,33.52967],[135.73417,33.52626],[135.73634,33.52564],[135.73695,33.52076],[135.74048,33.51919],[135.74145,33.51754],[135.74553,33.51678],[135.74852,33.51964],[135.75076,33.51824],[135.75314,33.52205],[135.75729,33.52268],[135.76285,33.52163],[135.76548,33.52251],[135.7699,33.52105],[135.77421,33.52257],[135.77639,33.52129],[135.78041,33.52208],[135.7842,33.52513],[135.79652,33.52739],[135.80278,33.53264],[135.8049,33.53304],[135.80824,33.53565],[135.81015,33.53601],[135.81883,33.5251],[135.82234,33.52264],[135.8249,33.52488],[135.82687,33.52899],[135.82469,33.5321],[135.82582,33.53563],[135.82765,33.53616],[135.83472,33.53579],[135.83657,33.53869],[135.83583,33.54238],[135.82909,33.55927],[135.83018,33.56076],[135.83387,33.56203],[135.83515,33.56375],[135.83585,33.57059],[135.83994,33.57427],[135.83955,33.58141]]]}},{"type":"Feature","properties":{"code":"30427","name":"東牟婁郡北山村","pref":"和歌山県","pref_code":"30","cx":135.94102,"cy":33.96203,"bbox":[135.8925,33.91411,136.01336,34.00988]},"geometry":{"type":"Polygon","coordinates":[[[136.00681,34.00699],[136.00591,34.00914],[136.00361,34.00988],[136.00078,34.00597],[135.99383,34.0051],[135.98948,34.00225],[135.98897,33.99889],[135.98484,33.99477],[135.98461,33.99164],[135.97733,33.98972],[135.9746,33.98597],[135.96848,33.98602],[135.96093,33.98453],[135.95813,33.98152],[135.95398,33.98033],[135.95166,33.98104],[135.94726,33.98067],[135.94516,33.97934],[135.94359,33.97652],[135.94125,33.97576],[135.93982,33.97779],[135.94054,33.98002],[135.9379,33.98099],[135.93556,33.98026],[135.92887,33.98034],[135.92656,33.98145],[135.92501,33.97952],[135.92211,33.97851],[135.91567,33.97259],[135.91599,33.96786],[135.91198,33.96409],[135.90667,33.96308],[135.90706,33.95949],[135.90468,33.95553],[135.90229,33.95391],[135.89818,33.95374],[135.89385,33.95007],[135.89458,33.94844],[135.8925,33.94597],[135.89307,33.93918],[135.89482,33.93652],[135.89809,33.93378],[135.89843,33.92669],[135.9002,33.92462],[135.90279,33.92407],[135.90487,33.92552],[135.90973,33.9227],[135.90908,33.91847],[135.91579,33.91988],[135.91786,33.91956],[135.9212,33.91681],[135.92226,33.91411],[135.93249,33.91685],[135.93456,33.92001],[135.93267,33.92266],[135.92786,33.92249],[135.92369,33.91982],[135.91961,33.92094],[135.91729,33.92506],[135.919,33.93175],[135.92183,33.93433],[135.92795,33.9348],[135.93133,33.93386],[135.92789,33.93984],[135.92954,33.94143],[135.93314,33.93981],[135.93683,33.93919],[135.94419,33.93955],[135.94726,33.93766],[135.95167,33.93673],[135.95759,33.93447],[135.96455,33.92836],[135.96655,33.92772],[135.96976,33.93002],[135.97554,33.94146],[135.97577,33.94439],[135.97746,33.94739],[135.97796,33.95146],[135.97734,33.95722],[135.97516,33.96064],[135.97541,33.96391],[135.97761,33.96698],[135.98545,33.96856],[135.98815,33.9677],[135.99146,33.96505],[135.99341,33.96096],[135.99716,33.95688],[135.99916,33.95578],[136.00144,33.95721],[136.0026,33.96103],[136.00426,33.96303],[136.01035,33.9656],[136.01333,33.96923],[136.01336,33.97423],[136.0123,33.97603],[136.00817,33.97914],[136.00415,33.98571],[136.00404,33.99177],[135.99716,33.99776],[135.99557,34.00005],[135.99624,34.00227],[136.00191,34.00139],[136.00528,34.00334],[136.00681,34.00699]]]}},{"type":"Feature","properties":{"code":"30428","name":"東牟婁郡串本町","pref":"和歌山県","pref_code":"30","cx":135.72885,"cy":33.51173,"bbox":[135.62182,33.4346,135.89921,33.58764]},"geometry":{"type":"MultiPolygon","coordinates":[[[[135.81869,33.45263],[135.81234,33.44966],[135.81356,33.44768],[135.81701,33.44767],[135.82062,33.45091],[135.81869,33.45263]]],[[[135.81174,33.48136],[135.80805,33.47928],[135.80547,33.47608],[135.80599,33.47465],[135.79983,33.46955],[135.80003,33.46642],[135.79759,33.46362],[135.80086,33.46151],[135.80259,33.46381],[135.80517,33.46371],[135.8082,33.4652],[135.81511,33.4641],[135.81547,33.46224],[135.81933,33.46146],[135.82088,33.46225],[135.82492,33.4595],[135.82162,33.45237],[135.82473,33.4524],[135.82609,33.45095],[135.83142,33.44897],[135.8309,33.45297],[135.82917,33.45616],[135.83524,33.45467],[135.83874,33.45562],[135.83973,33.45975],[135.84615,33.45941],[135.8499,33.46179],[135.85403,33.4617],[135.8534,33.46617],[135.85721,33.46688],[135.86104,33.47065],[135.8561,33.47071],[135.85225,33.47211],[135.84814,33.47164],[135.84562,33.47466],[135.84069,33.47506],[135.83753,33.47392],[135.8363,33.47675],[135.83174,33.47661],[135.82847,33.4775],[135.82304,33.47569],[135.81939,33.47664],[135.81414,33.47625],[135.81423,33.47944],[135.81174,33.48136]]],[[[135.63552,33.50659],[135.63986,33.50504],[135.64343,33.50179],[135.64638,33.50186],[135.6512,33.50027],[135.65395,33.50057],[135.65993,33.496],[135.66097,33.49356],[135.66417,33.49271],[135.66317,33.49073],[135.66997,33.49171],[135.67526,33.48778],[135.67689,33.48949],[135.68224,33.49012],[135.68641,33.48947],[135.69077,33.4879],[135.69646,33.48792],[135.69897,33.49037],[135.69947,33.49331],[135.70418,33.48773],[135.70981,33.48808],[135.7096,33.48454],[135.70786,33.4832],[135.70867,33.47798],[135.71107,33.47928],[135.71065,33.48421],[135.71295,33.48572],[135.71604,33.48202],[135.7198,33.47974],[135.72708,33.47741],[135.73341,33.48294],[135.73677,33.48329],[135.73827,33.47679],[135.74066,33.47723],[135.74729,33.48237],[135.75224,33.48042],[135.75343,33.482],[135.75931,33.48437],[135.76161,33.48146],[135.76744,33.48116],[135.76769,33.47992],[135.7652,33.47288],[135.76803,33.47343],[135.76959,33.47865],[135.77475,33.47845],[135.77503,33.47581],[135.7716,33.47588],[135.77258,33.47223],[135.77428,33.4712],[135.77465,33.46686],[135.77652,33.46341],[135.77543,33.46066],[135.76837,33.4581],[135.76479,33.45611],[135.76173,33.45623],[135.75382,33.45134],[135.75131,33.45117],[135.75003,33.44936],[135.75136,33.44698],[135.75588,33.4443],[135.75522,33.4397],[135.75284,33.43833],[135.75376,33.43644],[135.7589,33.43607],[135.76169,33.4346],[135.76465,33.43539],[135.76533,33.43875],[135.768,33.44265],[135.76794,33.44497],[135.76958,33.44693],[135.77854,33.44602],[135.78179,33.44294],[135.78345,33.43975],[135.78684,33.43941],[135.78878,33.44045],[135.78847,33.44497],[135.79334,33.44784],[135.79629,33.44483],[135.79796,33.44548],[135.7936,33.44934],[135.79275,33.45253],[135.78929,33.45791],[135.78593,33.46043],[135.78604,33.46236],[135.78122,33.46334],[135.78229,33.47008],[135.78425,33.4715],[135.7859,33.47619],[135.78977,33.48062],[135.78962,33.48351],[135.79141,33.48535],[135.79417,33.48603],[135.79545,33.48904],[135.79535,33.49273],[135.79706,33.49685],[135.80006,33.5002],[135.80185,33.49932],[135.80591,33.50289],[135.81108,33.50174],[135.81398,33.5048],[135.81833,33.50743],[135.8197,33.51096],[135.82524,33.51459],[135.83579,33.5125],[135.84241,33.51279],[135.84335,33.51379],[135.84197,33.5172],[135.84589,33.51864],[135.84811,33.52105],[135.85103,33.51835],[135.8524,33.52127],[135.85659,33.52289],[135.85883,33.52628],[135.86166,33.52747],[135.86468,33.52736],[135.86645,33.53039],[135.87089,33.53162],[135.87421,33.53377],[135.87696,33.53185],[135.87571,33.53009],[135.87836,33.52886],[135.88171,33.53389],[135.88207,33.5357],[135.88635,33.53566],[135.88736,33.53955],[135.89366,33.53947],[135.89354,33.54194],[135.89921,33.54606],[135.89575,33.54897],[135.89455,33.55228],[135.8873,33.55243],[135.88361,33.5511],[135.88383,33.55458],[135.88204,33.55888],[135.88006,33.56078],[135.88453,33.5636],[135.88406,33.56784],[135.88236,33.56934],[135.88037,33.57885],[135.8756,33.58145],[135.87023,33.58157],[135.86849,33.58024],[135.86553,33.58036],[135.86254,33.5788],[135.86083,33.5837],[135.85807,33.5862],[135.85581,33.58587],[135.85323,33.58764],[135.84909,33.58449],[135.83955,33.58141],[135.83994,33.57427],[135.83585,33.57059],[135.83515,33.56375],[135.83387,33.56203],[135.83018,33.56076],[135.82909,33.55927],[135.83583,33.54238],[135.83657,33.53869],[135.83472,33.53579],[135.82765,33.53616],[135.82582,33.53563],[135.82469,33.5321],[135.82687,33.52899],[135.8249,33.52488],[135.82234,33.52264],[135.81883,33.5251],[135.81015,33.53601],[135.80824,33.53565],[135.8049,33.53304],[135.80278,33.53264],[135.79652,33.52739],[135.7842,33.52513],[135.78041,33.52208],[135.77639,33.52129],[135.77421,33.52257],[135.7699,33.52105],[135.76548,33.52251],[135.76285,33.52163],[135.75729,33.52268],[135.75314,33.52205],[135.75076,33.51824],[135.74852,33.51964],[135.74553,33.51678],[135.74145,33.51754],[135.74048,33.51919],[135.73695,33.52076],[135.73634,33.52564],[135.73417,33.52626],[135.7311,33.52967],[135.72628,33.52987],[135.72093,33.53113],[135.72123,33.5284],[135.71924,33.52569],[135.71584,33.52452],[135.71229,33.52617],[135.70944,33.52548],[135.70703,33.52754],[135.70475,33.52765],[135.70101,33.52288],[135.7008,33.51952],[135.69763,33.51972],[135.69268,33.52196],[135.68805,33.52071],[135.68572,33.52087],[135.68185,33.5233],[135.68096,33.527],[135.67566,33.52679],[135.67246,33.52992],[135.66671,33.53032],[135.66679,33.53405],[135.66223,33.54857],[135.66231,33.55569],[135.655,33.55904],[135.65159,33.56578],[135.64708,33.5658],[135.64237,33.56675],[135.63902,33.56842],[135.638,33.57032],[135.6334,33.57089],[135.63197,33.57261],[135.6277,33.56818],[135.62903,33.56236],[135.62803,33.56057],[135.6292,33.55761],[135.62921,33.55393],[135.63551,33.55368],[135.63851,33.55508],[135.64101,33.55348],[135.64064,33.55036],[135.63814,33.55],[135.63632,33.54593],[135.63667,33.54237],[135.63137,33.53846],[135.62643,33.53268],[135.62281,33.53272],[135.62182,33.53041],[135.63081,33.52692],[135.63858,33.52212],[135.63843,33.5177],[135.63664,33.51606],[135.63686,33.51088],[135.63552,33.50659]]]]}}]}