{"type":"FeatureCollection","features":[{"type":"Feature","properties":{"code":"40101","name":"北九州市門司区","pref":"福岡県","pref_code":"40","cx":130.96262,"cy":33.90563,"bbox":[130.91507,33.84444,131.02394,33.96988]},"geometry":{"type":"Polygon","coordinates":[[[130.97742,33.84444],[130.983,33.84556],[130.98794,33.85083],[130.99346,33.85103],[130.99822,33.86832],[130.98874,33.86871],[130.98424,33.86398],[130.98211,33.86706],[130.98688,33.87229],[130.98661,33.88146],[130.99054,33.88563],[130.9952,33.88506],[130.99402,33.87515],[130.99975,33.87365],[131.00402,33.88953],[131.00203,33.89209],[130.99087,33.89577],[130.98863,33.90033],[130.99359,33.90229],[130.99686,33.90727],[130.99991,33.90351],[131.00443,33.904],[131.00191,33.9096],[131.00523,33.91529],[131.01322,33.91582],[131.01456,33.91927],[131.00141,33.92455],[131.01061,33.93032],[131.00797,33.93426],[131.01077,33.94189],[131.02109,33.94187],[131.02194,33.94712],[131.01837,33.95113],[131.02394,33.95769],[131.0201,33.96229],[131.01085,33.96546],[131.00216,33.96988],[130.99224,33.96175],[130.97449,33.95907],[130.97081,33.96146],[130.96301,33.9622],[130.96166,33.9567],[130.96243,33.94766],[130.95459,33.9421],[130.94624,33.93838],[130.94244,33.93175],[130.94119,33.92416],[130.93942,33.92266],[130.93189,33.90784],[130.92625,33.90272],[130.91709,33.8961],[130.91507,33.89578],[130.91678,33.89219],[130.91532,33.88832],[130.91593,33.88298],[130.92257,33.8739],[130.92719,33.87263],[130.92913,33.86936],[130.94128,33.86897],[130.94748,33.86781],[130.95241,33.86084],[130.9573,33.85932],[130.95839,33.85433],[130.9646,33.85464],[130.97005,33.84891],[130.97742,33.84444]]]}},{"type":"Feature","properties":{"code":"40103","name":"北九州市若松区","pref":"福岡県","pref_code":"40","cx":130.74709,"cy":33.91324,"bbox":[130.6732,33.87818,130.84505,34.01906]},"geometry":{"type":"MultiPolygon","coordinates":[[[[130.74444,33.88774],[130.74673,33.88634],[130.75033,33.87929],[130.75371,33.87818],[130.7838,33.88592],[130.78547,33.89086],[130.7958,33.89038],[130.80029,33.89271],[130.80746,33.89974],[130.81433,33.90218],[130.81673,33.91422],[130.8102,33.91466],[130.80973,33.91805],[130.8174,33.91701],[130.81857,33.92296],[130.81593,33.92648],[130.81251,33.92639],[130.80652,33.92962],[130.80744,33.93155],[130.77751,33.93427],[130.77532,33.92718],[130.75706,33.92042],[130.75158,33.92324],[130.7688,33.92912],[130.76879,33.93395],[130.7601,33.93393],[130.76008,33.93961],[130.76879,33.94063],[130.76869,33.94731],[130.7526,33.94525],[130.75263,33.93196],[130.73956,33.93193],[130.73801,33.92701],[130.73247,33.92892],[130.72909,33.93437],[130.72234,33.93466],[130.71735,33.93758],[130.70105,33.93866],[130.69479,33.93758],[130.68741,33.93443],[130.68239,33.92427],[130.6732,33.91868],[130.67671,33.9162],[130.67796,33.91225],[130.67547,33.90678],[130.68551,33.89738],[130.68523,33.89336],[130.68167,33.88881],[130.68234,33.88807],[130.69232,33.88388],[130.6963,33.88478],[130.70503,33.88402],[130.70698,33.88636],[130.71519,33.88527],[130.72151,33.89282],[130.7227,33.89894],[130.72982,33.89647],[130.73571,33.8921],[130.74254,33.89003],[130.74444,33.88774]]],[[[130.80889,33.94873],[130.79971,33.94611],[130.77742,33.94607],[130.77743,33.94048],[130.78414,33.94051],[130.78422,33.93499],[130.80985,33.93267],[130.81452,33.93422],[130.82226,33.93037],[130.83154,33.93441],[130.84505,33.93924],[130.83229,33.94984],[130.81432,33.94344],[130.81205,33.94785],[130.80889,33.94873]]],[[[130.72548,34.01906],[130.72212,34.01664],[130.72431,34.01204],[130.72871,34.00872],[130.73166,34.0162],[130.72702,34.01557],[130.72548,34.01906]]]]}},{"type":"Feature","properties":{"code":"40105","name":"北九州市戸畑区","pref":"福岡県","pref_code":"40","cx":130.83247,"cy":33.89941,"bbox":[130.80575,33.86963,130.86913,33.92949]},"geometry":{"type":"Polygon","coordinates":[[[130.85115,33.90656],[130.85202,33.91007],[130.86913,33.9175],[130.86659,33.9205],[130.85049,33.91492],[130.84829,33.91932],[130.85755,33.92442],[130.85503,33.92949],[130.845,33.9279],[130.82476,33.92052],[130.82156,33.91082],[130.82391,33.90673],[130.82271,33.90362],[130.81582,33.89974],[130.81606,33.89735],[130.80575,33.89171],[130.80689,33.88484],[130.81431,33.8844],[130.81585,33.8874],[130.82126,33.88554],[130.82204,33.87781],[130.82619,33.87545],[130.82516,33.86963],[130.83498,33.87088],[130.83641,33.87476],[130.84354,33.873],[130.84058,33.87443],[130.84217,33.87845],[130.84352,33.88906],[130.84658,33.89391],[130.85006,33.89601],[130.84899,33.89907],[130.85115,33.90656]]]}},{"type":"Feature","properties":{"code":"40106","name":"北九州市小倉北区","pref":"福岡県","pref_code":"40","cx":130.88104,"cy":33.87644,"bbox":[130.81325,33.83942,130.92913,34.00114]},"geometry":{"type":"MultiPolygon","coordinates":[[[[130.91507,33.89578],[130.90548,33.89421],[130.90116,33.89076],[130.8947,33.89214],[130.89208,33.8881],[130.8878,33.88849],[130.88811,33.89342],[130.89305,33.89627],[130.88779,33.90206],[130.87357,33.89713],[130.87104,33.89938],[130.88417,33.90518],[130.87181,33.91598],[130.8548,33.90871],[130.85115,33.90656],[130.84899,33.89907],[130.85006,33.89601],[130.84658,33.89391],[130.84352,33.88906],[130.84217,33.87845],[130.84058,33.87443],[130.84354,33.873],[130.84686,33.86721],[130.84573,33.86555],[130.84753,33.85711],[130.84124,33.85306],[130.84006,33.84616],[130.84116,33.84065],[130.84916,33.83942],[130.85236,33.84205],[130.85678,33.84214],[130.85829,33.84576],[130.8645,33.85011],[130.87163,33.84725],[130.87772,33.86375],[130.89368,33.85359],[130.89662,33.84982],[130.90374,33.85253],[130.9077,33.85668],[130.92089,33.86002],[130.92425,33.86691],[130.92913,33.86936],[130.92719,33.87263],[130.92257,33.8739],[130.91593,33.88298],[130.91532,33.88832],[130.91678,33.89219],[130.91507,33.89578]]],[[[130.81325,34.00114],[130.8137,33.99612],[130.81734,33.98925],[130.82265,33.98706],[130.82014,33.99467],[130.81325,34.00114]]]]}},{"type":"Feature","properties":{"code":"40107","name":"北九州市小倉南区","pref":"福岡県","pref_code":"40","cx":130.88224,"cy":33.79454,"bbox":[130.79923,33.72126,131.03899,33.86936]},"geometry":{"type":"MultiPolygon","coordinates":[[[[131.03899,33.8356],[131.03433,33.85803],[131.02465,33.85666],[131.02928,33.83422],[131.03899,33.8356]]],[[[130.92913,33.86936],[130.92425,33.86691],[130.92089,33.86002],[130.9077,33.85668],[130.90374,33.85253],[130.89662,33.84982],[130.89368,33.85359],[130.87772,33.86375],[130.87163,33.84725],[130.8645,33.85011],[130.85829,33.84576],[130.85678,33.84214],[130.85236,33.84205],[130.84916,33.83942],[130.84116,33.84065],[130.82928,33.83319],[130.82518,33.82669],[130.81924,33.82837],[130.81475,33.82749],[130.80782,33.82287],[130.80848,33.81899],[130.80466,33.81748],[130.80148,33.81192],[130.80451,33.8041],[130.80103,33.79828],[130.79923,33.78578],[130.80108,33.77861],[130.79942,33.77679],[130.80243,33.77055],[130.7994,33.76519],[130.80222,33.7587],[130.80213,33.75112],[130.80488,33.74981],[130.80403,33.74204],[130.80564,33.73466],[130.81078,33.73351],[130.81396,33.72809],[130.82093,33.72549],[130.82202,33.72126],[130.82694,33.72381],[130.83766,33.7257],[130.8446,33.72441],[130.84747,33.72591],[130.85017,33.73322],[130.85518,33.7357],[130.86294,33.73637],[130.86783,33.73429],[130.87819,33.74171],[130.88946,33.74246],[130.89177,33.73542],[130.89434,33.73414],[130.89468,33.73899],[130.89701,33.74093],[130.89866,33.74707],[130.90226,33.75321],[130.90723,33.746],[130.91004,33.74888],[130.90951,33.75106],[130.91342,33.7567],[130.91009,33.76683],[130.91662,33.77122],[130.91641,33.77492],[130.92678,33.77984],[130.93374,33.77585],[130.94102,33.77829],[130.94481,33.77783],[130.95327,33.78086],[130.95772,33.79081],[130.96033,33.79079],[130.97444,33.80524],[130.9813,33.81063],[130.98007,33.81186],[130.96656,33.8095],[130.96365,33.81723],[130.95669,33.82961],[130.96038,33.83904],[130.97622,33.83437],[130.97742,33.84444],[130.97005,33.84891],[130.9646,33.85464],[130.95839,33.85433],[130.9573,33.85932],[130.95241,33.86084],[130.94748,33.86781],[130.94128,33.86897],[130.92913,33.86936]]]]}},{"type":"Feature","properties":{"code":"40108","name":"北九州市八幡東区","pref":"福岡県","pref_code":"40","cx":130.81361,"cy":33.84224,"bbox":[130.77865,33.79375,130.84753,33.89059]},"geometry":{"type":"Polygon","coordinates":[[[130.80689,33.88484],[130.80878,33.87877],[130.80581,33.87558],[130.80012,33.87544],[130.80475,33.88162],[130.8036,33.89059],[130.79735,33.88561],[130.78489,33.8827],[130.78228,33.87819],[130.78222,33.86671],[130.77974,33.86437],[130.78648,33.85737],[130.78525,33.84678],[130.78374,33.84384],[130.79014,33.83996],[130.78645,33.837],[130.77865,33.82535],[130.78912,33.81655],[130.7875,33.80993],[130.78976,33.80545],[130.78799,33.8022],[130.79663,33.79984],[130.80039,33.79375],[130.80103,33.79828],[130.80451,33.8041],[130.80148,33.81192],[130.80466,33.81748],[130.80848,33.81899],[130.80782,33.82287],[130.81475,33.82749],[130.81924,33.82837],[130.82518,33.82669],[130.82928,33.83319],[130.84116,33.84065],[130.84006,33.84616],[130.84124,33.85306],[130.84753,33.85711],[130.84573,33.86555],[130.84686,33.86721],[130.84354,33.873],[130.83641,33.87476],[130.83498,33.87088],[130.82516,33.86963],[130.82619,33.87545],[130.82204,33.87781],[130.82126,33.88554],[130.81585,33.8874],[130.81431,33.8844],[130.80689,33.88484]]]}},{"type":"Feature","properties":{"code":"40109","name":"北九州市八幡西区","pref":"福岡県","pref_code":"40","cx":130.75356,"cy":33.83257,"bbox":[130.68234,33.76947,130.80108,33.89894]},"geometry":{"type":"Polygon","coordinates":[[[130.68234,33.88807],[130.68777,33.88043],[130.69234,33.87831],[130.69493,33.87208],[130.6933,33.86777],[130.69908,33.86231],[130.70056,33.85754],[130.70416,33.85761],[130.70614,33.85272],[130.71247,33.84937],[130.71311,33.8467],[130.71846,33.84415],[130.72086,33.83914],[130.71846,33.83445],[130.7288,33.83069],[130.72971,33.82535],[130.7338,33.82247],[130.74285,33.82001],[130.74307,33.81608],[130.73843,33.81378],[130.73111,33.81258],[130.72527,33.80327],[130.72174,33.80658],[130.71655,33.8073],[130.7067,33.8044],[130.70356,33.80126],[130.70716,33.79605],[130.714,33.78763],[130.71444,33.78497],[130.72068,33.77418],[130.72971,33.77443],[130.73814,33.77056],[130.746,33.77211],[130.75738,33.76947],[130.76812,33.77728],[130.76664,33.78239],[130.77295,33.78647],[130.78456,33.78517],[130.7886,33.77985],[130.79485,33.78028],[130.79942,33.77679],[130.80108,33.77861],[130.79923,33.78578],[130.80039,33.79375],[130.79663,33.79984],[130.78799,33.8022],[130.78976,33.80545],[130.7875,33.80993],[130.78912,33.81655],[130.77865,33.82535],[130.78645,33.837],[130.79014,33.83996],[130.78374,33.84384],[130.78525,33.84678],[130.78648,33.85737],[130.77974,33.86437],[130.78222,33.86671],[130.78232,33.882],[130.74986,33.87394],[130.74444,33.88774],[130.74254,33.89003],[130.73571,33.8921],[130.72982,33.89647],[130.7227,33.89894],[130.72151,33.89282],[130.71519,33.88527],[130.70698,33.88636],[130.70503,33.88402],[130.6963,33.88478],[130.69232,33.88388],[130.68234,33.88807]]]}},{"type":"Feature","properties":{"code":"40131","name":"福岡市東区","pref":"福岡県","pref_code":"40","cx":130.45393,"cy":33.65949,"bbox":[130.28599,33.60603,130.49454,33.71255]},"geometry":{"type":"MultiPolygon","coordinates":[[[[130.42112,33.67533],[130.41577,33.67522],[130.40172,33.66735],[130.39514,33.66465],[130.39426,33.66216],[130.39817,33.65552],[130.41408,33.6614],[130.4175,33.6583],[130.42617,33.66187],[130.42818,33.6652],[130.42494,33.67191],[130.42112,33.67533]]],[[[130.29955,33.6895],[130.29007,33.68483],[130.28599,33.67945],[130.28884,33.67786],[130.28972,33.67115],[130.29767,33.66256],[130.29856,33.66032],[130.30783,33.65922],[130.31606,33.66162],[130.31592,33.66602],[130.30999,33.67853],[130.30336,33.68762],[130.29955,33.6895]]],[[[130.46877,33.67954],[130.46406,33.68285],[130.45516,33.67953],[130.45014,33.69031],[130.44784,33.69782],[130.44123,33.69887],[130.43057,33.70824],[130.418,33.71255],[130.4159,33.70672],[130.41629,33.70283],[130.40574,33.69361],[130.39966,33.68724],[130.38693,33.67879],[130.37312,33.67153],[130.36728,33.66921],[130.35319,33.66578],[130.34627,33.66188],[130.33541,33.66039],[130.32496,33.66014],[130.33385,33.64934],[130.33935,33.65195],[130.35008,33.64845],[130.35449,33.64427],[130.36128,33.64417],[130.359,33.64854],[130.36031,33.65828],[130.36376,33.65995],[130.3684,33.66512],[130.39846,33.67099],[130.40508,33.67467],[130.40351,33.68108],[130.40882,33.6836],[130.4149,33.68403],[130.41852,33.6864],[130.4305,33.68679],[130.43262,33.68257],[130.43185,33.67857],[130.42561,33.67496],[130.43448,33.66224],[130.43253,33.65902],[130.42552,33.6606],[130.40502,33.65217],[130.40637,33.6499],[130.41344,33.64798],[130.41688,33.64919],[130.42178,33.64671],[130.42053,33.64121],[130.41131,33.64374],[130.40736,33.64246],[130.4041,33.63443],[130.40956,33.63289],[130.40545,33.62891],[130.40357,33.62297],[130.41243,33.62047],[130.41398,33.61701],[130.4045,33.61937],[130.40134,33.61847],[130.39964,33.61364],[130.40566,33.60967],[130.40858,33.6108],[130.41584,33.60603],[130.41912,33.60856],[130.42272,33.60634],[130.429,33.60895],[130.43882,33.60633],[130.44228,33.60639],[130.44475,33.60888],[130.44109,33.61269],[130.45161,33.61886],[130.4541,33.62493],[130.4571,33.62448],[130.45967,33.62882],[130.46644,33.63081],[130.47216,33.6372],[130.47516,33.63419],[130.48249,33.63028],[130.4858,33.62679],[130.49449,33.63189],[130.49429,33.6347],[130.49218,33.64182],[130.49454,33.64635],[130.49045,33.64939],[130.47906,33.64874],[130.4796,33.65377],[130.46897,33.66713],[130.47057,33.66995],[130.46717,33.6735],[130.46877,33.67954]]]]}},{"type":"Feature","properties":{"code":"40132","name":"福岡市博多区","pref":"福岡県","pref_code":"40","cx":130.44897,"cy":33.57544,"bbox":[130.39595,33.53584,130.48567,33.61364]},"geometry":{"type":"Polygon","coordinates":[[[130.39964,33.61364],[130.39595,33.6102],[130.40203,33.60504],[130.39696,33.60337],[130.40287,33.59323],[130.40961,33.58801],[130.40978,33.58327],[130.41542,33.57682],[130.42378,33.57406],[130.42817,33.56939],[130.44017,33.56256],[130.44697,33.55583],[130.45964,33.53935],[130.46339,33.53584],[130.46893,33.53789],[130.47111,33.5441],[130.46842,33.5478],[130.46931,33.55302],[130.46217,33.5607],[130.46671,33.56279],[130.4737,33.55317],[130.47784,33.55253],[130.48567,33.56019],[130.48165,33.56488],[130.47728,33.56721],[130.47938,33.57259],[130.47753,33.57772],[130.46928,33.58712],[130.46345,33.59128],[130.45924,33.59688],[130.4555,33.59617],[130.45064,33.60239],[130.44228,33.60639],[130.43882,33.60633],[130.429,33.60895],[130.42272,33.60634],[130.41912,33.60856],[130.41584,33.60603],[130.40858,33.6108],[130.40566,33.60967],[130.39964,33.61364]]]}},{"type":"Feature","properties":{"code":"40133","name":"福岡市中央区","pref":"福岡県","pref_code":"40","cx":130.38636,"cy":33.58564,"bbox":[130.35649,33.55806,130.41542,33.60978]},"geometry":{"type":"Polygon","coordinates":[[[130.39696,33.60337],[130.39452,33.60234],[130.38997,33.60978],[130.3847,33.60751],[130.38827,33.60168],[130.39321,33.5973],[130.38567,33.59417],[130.38304,33.59686],[130.38126,33.60271],[130.37362,33.60509],[130.36908,33.60158],[130.35939,33.59679],[130.35649,33.59662],[130.36539,33.58164],[130.37314,33.57901],[130.37617,33.5715],[130.37668,33.56246],[130.38784,33.55984],[130.39133,33.55806],[130.39709,33.56203],[130.39915,33.56644],[130.39807,33.56967],[130.40277,33.57257],[130.41542,33.57682],[130.40978,33.58327],[130.40961,33.58801],[130.40287,33.59323],[130.39696,33.60337]]]}},{"type":"Feature","properties":{"code":"40134","name":"福岡市南区","pref":"福岡県","pref_code":"40","cx":130.41548,"cy":33.54157,"bbox":[130.36466,33.50478,130.45217,33.57682]},"geometry":{"type":"Polygon","coordinates":[[[130.41542,33.57682],[130.40277,33.57257],[130.39807,33.56967],[130.39915,33.56644],[130.39709,33.56203],[130.39133,33.55806],[130.38784,33.55984],[130.38751,33.55534],[130.39044,33.54647],[130.39134,33.54024],[130.38642,33.53847],[130.3852,33.53116],[130.38311,33.52676],[130.37714,33.52191],[130.37526,33.51575],[130.36535,33.51769],[130.36466,33.51202],[130.37123,33.50478],[130.3772,33.5082],[130.38206,33.50553],[130.3859,33.5071],[130.39616,33.5071],[130.39844,33.51307],[130.40394,33.51357],[130.40392,33.5185],[130.41076,33.52226],[130.41658,33.52349],[130.42073,33.52779],[130.4268,33.53039],[130.42836,33.52267],[130.43405,33.52291],[130.4374,33.52522],[130.43581,33.52892],[130.44302,33.53323],[130.44032,33.53765],[130.43964,33.54291],[130.44606,33.54773],[130.45217,33.54882],[130.44697,33.55583],[130.44017,33.56256],[130.42817,33.56939],[130.42378,33.57406],[130.41542,33.57682]]]}},{"type":"Feature","properties":{"code":"40135","name":"福岡市西区","pref":"福岡県","pref_code":"40","cx":130.24222,"cy":33.58515,"bbox":[130.033,33.50552,130.34348,33.87412]},"geometry":{"type":"MultiPolygon","coordinates":[[[[130.30178,33.63835],[130.29844,33.63582],[130.29947,33.62692],[130.29758,33.62006],[130.29507,33.61787],[130.29783,33.60865],[130.30116,33.60702],[130.30768,33.60849],[130.30882,33.61162],[130.31391,33.61596],[130.31363,33.62294],[130.30759,33.62989],[130.30779,33.63501],[130.30178,33.63835]]],[[[130.34316,33.59574],[130.33211,33.5975],[130.32733,33.59367],[130.3237,33.59369],[130.32335,33.59849],[130.31362,33.59806],[130.3119,33.58793],[130.30381,33.58342],[130.2926,33.58012],[130.28649,33.58315],[130.27995,33.58091],[130.27295,33.58262],[130.2668,33.58688],[130.26442,33.59399],[130.26001,33.59123],[130.25187,33.59666],[130.25072,33.59993],[130.26253,33.60278],[130.26603,33.59733],[130.27076,33.59615],[130.27507,33.60975],[130.27351,33.61148],[130.26609,33.61273],[130.26207,33.6108],[130.24661,33.61169],[130.23788,33.61379],[130.23181,33.61687],[130.22931,33.6229],[130.22981,33.62611],[130.22488,33.63207],[130.22503,33.63667],[130.22903,33.63814],[130.22904,33.64205],[130.2347,33.64409],[130.23711,33.64879],[130.23252,33.65138],[130.23094,33.65549],[130.22153,33.65931],[130.21012,33.66745],[130.20636,33.66363],[130.20735,33.65618],[130.20922,33.65352],[130.20658,33.64657],[130.20019,33.64509],[130.19784,33.63975],[130.20398,33.63525],[130.2039,33.63172],[130.20674,33.62854],[130.20497,33.62271],[130.20596,33.60954],[130.21012,33.60605],[130.20972,33.59655],[130.21179,33.58899],[130.21919,33.58056],[130.22263,33.57944],[130.2267,33.58139],[130.23771,33.58044],[130.24107,33.57308],[130.23933,33.56744],[130.23666,33.56643],[130.23938,33.5589],[130.23627,33.55536],[130.24043,33.55173],[130.24522,33.5577],[130.24974,33.55604],[130.25452,33.55781],[130.25751,33.55523],[130.26558,33.55656],[130.26644,33.55001],[130.26974,33.54723],[130.27758,33.54403],[130.28381,33.53953],[130.28865,33.53864],[130.28925,33.53132],[130.28731,33.52625],[130.28821,33.52262],[130.29221,33.51907],[130.2918,33.51301],[130.29364,33.5083],[130.29702,33.50586],[130.30805,33.50552],[130.31252,33.50662],[130.31282,33.51153],[130.31819,33.51518],[130.323,33.52104],[130.32199,33.52366],[130.32244,33.53685],[130.32408,33.53954],[130.32345,33.5479],[130.32484,33.5528],[130.3279,33.57557],[130.33895,33.58161],[130.34348,33.58795],[130.34316,33.59574]]],[[[130.22899,33.6945],[130.22417,33.69133],[130.22724,33.68663],[130.2328,33.6827],[130.23737,33.68425],[130.23767,33.68979],[130.23491,33.69303],[130.22899,33.6945]]],[[[130.0363,33.87412],[130.033,33.86649],[130.03703,33.86251],[130.03861,33.8688],[130.0363,33.87412]]]]}},{"type":"Feature","properties":{"code":"40136","name":"福岡市城南区","pref":"福岡県","pref_code":"40","cx":130.3693,"cy":33.54775,"bbox":[130.34813,33.51575,130.39134,33.58164]},"geometry":{"type":"Polygon","coordinates":[[[130.36539,33.58164],[130.36263,33.57523],[130.35846,33.57501],[130.35466,33.56436],[130.35515,33.55718],[130.35109,33.55575],[130.34813,33.54903],[130.35007,33.54358],[130.3562,33.5431],[130.36002,33.53432],[130.3638,33.53296],[130.36412,33.52518],[130.36653,33.52275],[130.36535,33.51769],[130.37526,33.51575],[130.37714,33.52191],[130.38311,33.52676],[130.3852,33.53116],[130.38642,33.53847],[130.39134,33.54024],[130.39044,33.54647],[130.38751,33.55534],[130.38784,33.55984],[130.37668,33.56246],[130.37617,33.5715],[130.37314,33.57901],[130.36539,33.58164]]]}},{"type":"Feature","properties":{"code":"40137","name":"福岡市早良区","pref":"福岡県","pref_code":"40","cx":130.33968,"cy":33.50992,"bbox":[130.27189,33.42505,130.40438,33.59662]},"geometry":{"type":"Polygon","coordinates":[[[130.2918,33.51301],[130.28561,33.50707],[130.27951,33.50666],[130.27789,33.50161],[130.27189,33.49511],[130.27602,33.48948],[130.27269,33.48818],[130.27353,33.48374],[130.27211,33.47935],[130.27671,33.47888],[130.28825,33.46961],[130.29119,33.46942],[130.29588,33.46355],[130.30326,33.4613],[130.30567,33.46314],[130.31112,33.46198],[130.31378,33.4581],[130.31966,33.45873],[130.33197,33.45127],[130.335,33.45037],[130.33637,33.44523],[130.34543,33.44502],[130.35579,33.43324],[130.36349,33.4349],[130.37058,33.43321],[130.3753,33.4302],[130.37843,33.42505],[130.38739,33.42812],[130.39119,33.42608],[130.39616,33.42741],[130.39599,33.44026],[130.40312,33.43808],[130.40438,33.4406],[130.39887,33.44528],[130.39935,33.44879],[130.38796,33.4548],[130.38581,33.4621],[130.38802,33.46646],[130.38303,33.47524],[130.38127,33.48038],[130.38142,33.48712],[130.37838,33.49749],[130.36466,33.51202],[130.36653,33.52275],[130.36412,33.52518],[130.3638,33.53296],[130.36002,33.53432],[130.3562,33.5431],[130.35007,33.54358],[130.34813,33.54903],[130.35109,33.55575],[130.35515,33.55718],[130.35466,33.56436],[130.35846,33.57501],[130.36263,33.57523],[130.36539,33.58164],[130.35649,33.59662],[130.35289,33.59515],[130.34316,33.59574],[130.34348,33.58795],[130.33895,33.58161],[130.3279,33.57557],[130.32484,33.5528],[130.32345,33.5479],[130.32408,33.53954],[130.32244,33.53685],[130.32199,33.52366],[130.323,33.52104],[130.31819,33.51518],[130.31282,33.51153],[130.31252,33.50662],[130.30805,33.50552],[130.29702,33.50586],[130.29364,33.5083],[130.2918,33.51301]]]}},{"type":"Feature","properties":{"code":"40202","name":"大牟田市","pref":"福岡県","pref_code":"40","cx":130.459,"cy":33.04993,"bbox":[130.39664,33.00002,130.54245,33.09808]},"geometry":{"type":"Polygon","coordinates":[[[130.54245,33.08174],[130.53887,33.08966],[130.53555,33.09051],[130.53406,33.08597],[130.53109,33.08388],[130.52252,33.083],[130.51965,33.08706],[130.5204,33.09108],[130.51715,33.09638],[130.51361,33.09808],[130.50784,33.09802],[130.50679,33.09198],[130.49566,33.08993],[130.49242,33.08696],[130.48295,33.08507],[130.47224,33.08901],[130.44968,33.08791],[130.45075,33.08549],[130.44475,33.0788],[130.43915,33.07594],[130.43173,33.07509],[130.41768,33.07189],[130.42526,33.05297],[130.42237,33.05119],[130.42193,33.04484],[130.41928,33.03605],[130.42311,33.02954],[130.40775,33.01734],[130.41,33.01331],[130.41431,33.0168],[130.41932,33.0079],[130.40932,33.00944],[130.39664,33.00477],[130.39672,33.00002],[130.41336,33.00402],[130.41414,33.00231],[130.4248,33.00517],[130.43625,33.00506],[130.44487,33.00247],[130.45066,33.0039],[130.46842,33.00287],[130.47459,33.00144],[130.47923,33.00348],[130.48397,33.00161],[130.49093,33.00303],[130.4991,33.00656],[130.50706,33.00389],[130.50873,33.00744],[130.51257,33.00758],[130.51579,33.01402],[130.5129,33.01677],[130.51095,33.02314],[130.50558,33.02607],[130.50375,33.03406],[130.50447,33.03679],[130.49504,33.04868],[130.49673,33.05176],[130.50374,33.05575],[130.50406,33.05803],[130.51309,33.06152],[130.51687,33.06557],[130.53225,33.0655],[130.53537,33.07805],[130.54245,33.08174]]]}},{"type":"Feature","properties":{"code":"40203","name":"久留米市","pref":"福岡県","pref_code":"40","cx":130.54325,"cy":33.29515,"bbox":[130.3852,33.22397,130.73177,33.36749]},"geometry":{"type":"Polygon","coordinates":[[[130.66679,33.36219],[130.65059,33.36285],[130.64016,33.35847],[130.63133,33.35284],[130.62743,33.3622],[130.6294,33.36687],[130.61527,33.36742],[130.61175,33.36559],[130.60555,33.36749],[130.57843,33.36707],[130.57719,33.35965],[130.57064,33.35522],[130.56233,33.35521],[130.55715,33.35055],[130.55022,33.34838],[130.55034,33.34542],[130.54079,33.34567],[130.53598,33.34296],[130.53191,33.34461],[130.5268,33.34022],[130.51955,33.34049],[130.5121,33.34406],[130.50674,33.34116],[130.50565,33.33107],[130.49946,33.32558],[130.4841,33.33292],[130.47812,33.32917],[130.47699,33.326],[130.48302,33.32062],[130.48751,33.31971],[130.48939,33.31593],[130.4849,33.30622],[130.47826,33.30434],[130.46671,33.30475],[130.45802,33.30327],[130.45561,33.30081],[130.45623,33.29379],[130.46623,33.29033],[130.46801,33.28778],[130.46486,33.28486],[130.45295,33.28295],[130.44873,33.27841],[130.4482,33.27475],[130.45059,33.27006],[130.44975,33.2651],[130.44246,33.26403],[130.43623,33.26979],[130.43508,33.27588],[130.43787,33.2838],[130.4385,33.28938],[130.43378,33.29245],[130.42687,33.29014],[130.42987,33.28622],[130.43095,33.28053],[130.42973,33.2746],[130.42632,33.27061],[130.42084,33.27185],[130.41706,33.26725],[130.41951,33.2616],[130.4149,33.25265],[130.41135,33.25015],[130.4021,33.24865],[130.40002,33.2591],[130.39198,33.26023],[130.38897,33.25712],[130.39107,33.24936],[130.39031,33.2453],[130.3852,33.24046],[130.39163,33.23855],[130.39539,33.23227],[130.40123,33.22973],[130.41181,33.23248],[130.4143,33.22841],[130.41239,33.22472],[130.41765,33.22611],[130.42314,33.22397],[130.4255,33.23011],[130.43751,33.22892],[130.43534,33.23689],[130.44225,33.23717],[130.44157,33.24424],[130.4439,33.24521],[130.44859,33.24177],[130.45798,33.23691],[130.45851,33.22987],[130.46122,33.22426],[130.4637,33.22411],[130.46581,33.22809],[130.46926,33.22809],[130.47222,33.23354],[130.47485,33.23256],[130.47849,33.2418],[130.48205,33.23988],[130.48731,33.24368],[130.49551,33.24393],[130.5006,33.24668],[130.50511,33.24468],[130.50833,33.24696],[130.51205,33.25355],[130.51287,33.26014],[130.51698,33.25833],[130.52414,33.25873],[130.52648,33.26029],[130.53115,33.25803],[130.53546,33.25965],[130.53455,33.26265],[130.54593,33.26015],[130.55693,33.26476],[130.56611,33.26638],[130.56824,33.27379],[130.57562,33.27663],[130.57978,33.27491],[130.58715,33.26862],[130.59342,33.27268],[130.60211,33.27448],[130.60779,33.28043],[130.61394,33.28271],[130.61675,33.28618],[130.61659,33.29087],[130.62234,33.29269],[130.62786,33.2918],[130.63141,33.2965],[130.63745,33.29886],[130.64683,33.29783],[130.65444,33.30057],[130.66334,33.30224],[130.67729,33.30354],[130.68035,33.30248],[130.68853,33.30403],[130.68946,33.30598],[130.69875,33.30519],[130.70531,33.3064],[130.72404,33.30214],[130.72874,33.30266],[130.72514,33.32112],[130.72346,33.32472],[130.7238,33.33777],[130.72636,33.34019],[130.73113,33.34013],[130.73096,33.34694],[130.7262,33.34715],[130.72547,33.35101],[130.71835,33.35309],[130.71892,33.35593],[130.72582,33.35773],[130.72777,33.35281],[130.73118,33.35324],[130.73177,33.35905],[130.7227,33.36088],[130.71968,33.35922],[130.70771,33.36019],[130.70548,33.36415],[130.70018,33.36209],[130.6842,33.36279],[130.67297,33.36156],[130.66679,33.36219]]]}},{"type":"Feature","properties":{"code":"40204","name":"直方市","pref":"福岡県","pref_code":"40","cx":130.74461,"cy":33.74777,"bbox":[130.6801,33.70001,130.80488,33.79605]},"geometry":{"type":"Polygon","coordinates":[[[130.79942,33.77679],[130.79485,33.78028],[130.7886,33.77985],[130.78456,33.78517],[130.77295,33.78647],[130.76664,33.78239],[130.76812,33.77728],[130.75738,33.76947],[130.746,33.77211],[130.73814,33.77056],[130.72971,33.77443],[130.72068,33.77418],[130.71444,33.78497],[130.714,33.78763],[130.70716,33.79605],[130.70046,33.79095],[130.69519,33.78461],[130.69972,33.77661],[130.69844,33.76782],[130.6931,33.76775],[130.6801,33.76317],[130.68425,33.74844],[130.68651,33.74357],[130.69401,33.74709],[130.69847,33.74687],[130.70715,33.74305],[130.71047,33.73519],[130.71958,33.72918],[130.72409,33.73162],[130.72728,33.72921],[130.72663,33.71836],[130.72478,33.71693],[130.72733,33.7066],[130.72949,33.70367],[130.73401,33.70495],[130.73921,33.70001],[130.74382,33.70176],[130.74709,33.70449],[130.74635,33.70857],[130.74931,33.7111],[130.74819,33.7159],[130.7733,33.72257],[130.77389,33.72517],[130.78204,33.72741],[130.78858,33.7393],[130.79203,33.74073],[130.79739,33.73904],[130.80403,33.74204],[130.80488,33.74981],[130.80213,33.75112],[130.80222,33.7587],[130.7994,33.76519],[130.80243,33.77055],[130.79942,33.77679]]]}},{"type":"Feature","properties":{"code":"40205","name":"飯塚市","pref":"福岡県","pref_code":"40","cx":130.64344,"cy":33.60501,"bbox":[130.55814,33.50382,130.77572,33.7066]},"geometry":{"type":"Polygon","coordinates":[[[130.72733,33.7066],[130.72603,33.702],[130.72135,33.69978],[130.71644,33.70151],[130.71208,33.70075],[130.71219,33.69649],[130.71483,33.69296],[130.7134,33.68813],[130.70773,33.68331],[130.70322,33.68236],[130.69851,33.6854],[130.68909,33.68505],[130.68549,33.68623],[130.68163,33.68326],[130.67768,33.68323],[130.6747,33.6883],[130.67112,33.69108],[130.65911,33.6906],[130.64978,33.68701],[130.64346,33.68792],[130.63903,33.68342],[130.63912,33.67848],[130.63702,33.67168],[130.62739,33.66596],[130.62237,33.6685],[130.6197,33.66471],[130.62031,33.66034],[130.61647,33.65601],[130.60899,33.65059],[130.60376,33.65345],[130.59674,33.65084],[130.5857,33.64855],[130.58221,33.64697],[130.57506,33.63807],[130.57746,33.63786],[130.58577,33.63237],[130.58733,33.62598],[130.58448,33.61873],[130.59166,33.61899],[130.5971,33.61558],[130.59353,33.60878],[130.58554,33.60309],[130.57982,33.6027],[130.56809,33.60694],[130.56083,33.60014],[130.55814,33.59949],[130.56291,33.59332],[130.56642,33.5908],[130.56819,33.57958],[130.57271,33.57694],[130.57506,33.56799],[130.57945,33.5653],[130.58041,33.55876],[130.58633,33.55191],[130.5956,33.54567],[130.59451,33.54284],[130.59784,33.5385],[130.61209,33.5252],[130.60991,33.51953],[130.61225,33.51713],[130.61818,33.51596],[130.62145,33.5061],[130.62793,33.50451],[130.63531,33.50725],[130.63602,33.50481],[130.64214,33.5055],[130.64869,33.50977],[130.65314,33.51095],[130.65892,33.50819],[130.66238,33.50382],[130.6644,33.50581],[130.66589,33.51708],[130.66346,33.52262],[130.66743,33.5291],[130.67222,33.52908],[130.66934,33.53464],[130.67086,33.53876],[130.67711,33.54523],[130.6777,33.55081],[130.67298,33.55431],[130.66608,33.55213],[130.66368,33.56277],[130.66063,33.56676],[130.66574,33.57936],[130.65938,33.57972],[130.65643,33.58176],[130.65974,33.58695],[130.6555,33.58901],[130.64916,33.58871],[130.65386,33.59551],[130.66746,33.59709],[130.66999,33.60028],[130.67686,33.60048],[130.68223,33.60241],[130.68522,33.59673],[130.691,33.59573],[130.70011,33.59951],[130.69811,33.60233],[130.70059,33.61509],[130.69804,33.61796],[130.70282,33.62344],[130.70633,33.62353],[130.71483,33.61615],[130.72231,33.61854],[130.73257,33.61313],[130.73991,33.61253],[130.73853,33.60694],[130.74103,33.60065],[130.74502,33.59482],[130.75136,33.58865],[130.7621,33.58629],[130.7651,33.59189],[130.77257,33.59481],[130.77204,33.59896],[130.77572,33.60267],[130.77541,33.60914],[130.77025,33.61246],[130.76434,33.61184],[130.75929,33.61855],[130.75924,33.62183],[130.75431,33.62901],[130.75049,33.63159],[130.75118,33.63534],[130.74798,33.64027],[130.75162,33.6438],[130.75386,33.65006],[130.75728,33.65037],[130.76049,33.65432],[130.75651,33.66405],[130.75423,33.66524],[130.75309,33.67265],[130.75125,33.67389],[130.75193,33.68099],[130.7551,33.68476],[130.74785,33.69959],[130.74382,33.70176],[130.73921,33.70001],[130.73401,33.70495],[130.72949,33.70367],[130.72733,33.7066]]]}},{"type":"Feature","properties":{"code":"40206","name":"田川市","pref":"福岡県","pref_code":"40","cx":130.79369,"cy":33.63388,"bbox":[130.74798,33.56831,130.84595,33.69672]},"geometry":{"type":"Polygon","coordinates":[[[130.7621,33.58629],[130.76437,33.58214],[130.77532,33.57473],[130.77288,33.57078],[130.77699,33.56864],[130.78514,33.56831],[130.78961,33.57305],[130.79526,33.57526],[130.7929,33.57844],[130.79796,33.58236],[130.79737,33.58887],[130.79974,33.59415],[130.79599,33.59942],[130.80145,33.61244],[130.79363,33.61732],[130.7948,33.62307],[130.79907,33.62409],[130.8017,33.62177],[130.81697,33.61717],[130.82266,33.61287],[130.82396,33.60974],[130.82985,33.60987],[130.83222,33.6055],[130.83965,33.61061],[130.84273,33.61615],[130.84595,33.61744],[130.8412,33.62724],[130.83601,33.63242],[130.83762,33.63757],[130.84325,33.64],[130.84326,33.64481],[130.83385,33.64988],[130.8298,33.6544],[130.83467,33.65628],[130.83664,33.66051],[130.82949,33.66135],[130.82537,33.66472],[130.82456,33.66934],[130.82759,33.68105],[130.82572,33.68797],[130.82855,33.69494],[130.82754,33.69672],[130.81934,33.69418],[130.81135,33.69458],[130.80636,33.69052],[130.80684,33.68286],[130.80381,33.67999],[130.80751,33.67122],[130.79238,33.67035],[130.79269,33.667],[130.78781,33.66625],[130.79273,33.65613],[130.79263,33.65129],[130.77164,33.64397],[130.76523,33.64263],[130.75799,33.63928],[130.75162,33.6438],[130.74798,33.64027],[130.75118,33.63534],[130.75049,33.63159],[130.75431,33.62901],[130.75924,33.62183],[130.75929,33.61855],[130.76434,33.61184],[130.77025,33.61246],[130.77541,33.60914],[130.77572,33.60267],[130.77204,33.59896],[130.77257,33.59481],[130.7651,33.59189],[130.7621,33.58629]]]}},{"type":"Feature","properties":{"code":"40207","name":"柳川市","pref":"福岡県","pref_code":"40","cx":130.41338,"cy":33.14082,"bbox":[130.35214,33.08668,130.47603,33.19454]},"geometry":{"type":"Polygon","coordinates":[[[130.42835,33.19438],[130.42034,33.19451],[130.40159,33.19285],[130.39768,33.18901],[130.39688,33.18479],[130.39216,33.17915],[130.3883,33.18264],[130.38042,33.1857],[130.3789,33.18333],[130.37215,33.18628],[130.36866,33.18303],[130.36589,33.17761],[130.36754,33.17401],[130.36252,33.17078],[130.35951,33.17256],[130.35214,33.1708],[130.35358,33.16179],[130.35593,33.15382],[130.35578,33.14036],[130.36667,33.13902],[130.37331,33.14129],[130.37368,33.13552],[130.377,33.12824],[130.37273,33.12327],[130.3733,33.11965],[130.38814,33.11146],[130.39766,33.10786],[130.39664,33.10545],[130.38758,33.09661],[130.38956,33.09371],[130.41173,33.08668],[130.41867,33.0917],[130.43089,33.10767],[130.43531,33.11451],[130.43702,33.11957],[130.44252,33.12289],[130.44778,33.13438],[130.45432,33.13925],[130.45222,33.14294],[130.45378,33.14724],[130.46071,33.14797],[130.46214,33.15495],[130.4606,33.15901],[130.45325,33.16197],[130.4587,33.16383],[130.45908,33.16783],[130.47537,33.16723],[130.47603,33.17098],[130.46514,33.17164],[130.46471,33.1736],[130.45632,33.17553],[130.46032,33.18015],[130.45712,33.18578],[130.44609,33.18491],[130.43517,33.18122],[130.43455,33.18662],[130.43034,33.19454],[130.42835,33.19438]]]}},{"type":"Feature","properties":{"code":"40210","name":"八女市","pref":"福岡県","pref_code":"40","cx":130.68323,"cy":33.20452,"bbox":[130.51736,33.10419,130.88746,33.3064]},"geometry":{"type":"Polygon","coordinates":[[[130.61675,33.28618],[130.61913,33.2847],[130.61669,33.27931],[130.61754,33.2705],[130.62021,33.26557],[130.61924,33.25958],[130.62735,33.24835],[130.63008,33.24583],[130.63002,33.23796],[130.62326,33.23617],[130.61863,33.23729],[130.6114,33.23668],[130.60592,33.23843],[130.603,33.24477],[130.59879,33.24481],[130.58654,33.23805],[130.5784,33.23523],[130.57012,33.23469],[130.56,33.23211],[130.55108,33.23224],[130.54498,33.23023],[130.53517,33.23394],[130.52915,33.23183],[130.52442,33.23301],[130.51881,33.23123],[130.51939,33.23034],[130.52565,33.23029],[130.52095,33.22614],[130.52328,33.21627],[130.51967,33.21591],[130.52181,33.20592],[130.51736,33.20113],[130.523,33.19921],[130.52771,33.20055],[130.52575,33.19269],[130.53592,33.18447],[130.54154,33.18452],[130.5459,33.18207],[130.54224,33.17926],[130.53977,33.17],[130.5387,33.15989],[130.54142,33.15538],[130.54683,33.15804],[130.55265,33.15514],[130.5498,33.14433],[130.55384,33.13877],[130.55176,33.12915],[130.55227,33.12521],[130.55703,33.12009],[130.55771,33.11295],[130.55594,33.10736],[130.5618,33.10419],[130.5708,33.10674],[130.57316,33.11174],[130.5802,33.11602],[130.58536,33.11599],[130.58976,33.11394],[130.60101,33.11479],[130.60701,33.11039],[130.61555,33.1086],[130.62134,33.11129],[130.63384,33.11318],[130.64013,33.11339],[130.65617,33.10852],[130.65469,33.1154],[130.66026,33.11811],[130.65995,33.12468],[130.66305,33.13457],[130.6689,33.13895],[130.66631,33.14338],[130.66754,33.15695],[130.67873,33.16424],[130.6778,33.16739],[130.68002,33.17131],[130.68522,33.16908],[130.69309,33.15995],[130.69104,33.15495],[130.69336,33.15132],[130.69715,33.15359],[130.70432,33.15166],[130.70936,33.15184],[130.71236,33.15533],[130.72301,33.15191],[130.72769,33.15433],[130.73453,33.15342],[130.73749,33.14637],[130.74176,33.14315],[130.74537,33.14281],[130.74975,33.13891],[130.75387,33.13745],[130.75501,33.13354],[130.75855,33.13155],[130.76392,33.13209],[130.76523,33.12859],[130.77089,33.12433],[130.77756,33.12322],[130.78188,33.12481],[130.78918,33.12403],[130.79935,33.12035],[130.80728,33.11586],[130.81182,33.11664],[130.82097,33.11135],[130.82038,33.10657],[130.8366,33.10526],[130.84271,33.10556],[130.84412,33.10751],[130.85332,33.10914],[130.85565,33.11308],[130.86165,33.11753],[130.85946,33.12137],[130.86301,33.12269],[130.86622,33.12685],[130.86706,33.13375],[130.87096,33.14244],[130.87133,33.14752],[130.87965,33.15299],[130.87696,33.15941],[130.87662,33.16465],[130.87353,33.16786],[130.87785,33.1742],[130.88572,33.17629],[130.88746,33.18627],[130.87487,33.18927],[130.8696,33.19387],[130.86368,33.19306],[130.85888,33.19805],[130.84719,33.20312],[130.84355,33.20724],[130.83649,33.2106],[130.83882,33.21693],[130.84446,33.21931],[130.84502,33.22291],[130.84936,33.22311],[130.85959,33.22913],[130.85254,33.23226],[130.83293,33.23417],[130.82626,33.23676],[130.82519,33.24101],[130.82748,33.24491],[130.82485,33.25342],[130.81947,33.258],[130.81445,33.25673],[130.80415,33.26256],[130.79291,33.2636],[130.79169,33.26989],[130.78715,33.27071],[130.78129,33.26863],[130.77292,33.27547],[130.76839,33.28185],[130.7519,33.28273],[130.74726,33.28002],[130.74333,33.28072],[130.73853,33.28472],[130.72999,33.28777],[130.73027,33.29215],[130.72509,33.29597],[130.72404,33.30214],[130.70531,33.3064],[130.69875,33.30519],[130.68946,33.30598],[130.68853,33.30403],[130.68035,33.30248],[130.67729,33.30354],[130.66334,33.30224],[130.65444,33.30057],[130.64683,33.29783],[130.63745,33.29886],[130.63141,33.2965],[130.62786,33.2918],[130.62234,33.29269],[130.61659,33.29087],[130.61675,33.28618]]]}},{"type":"Feature","properties":{"code":"40211","name":"筑後市","pref":"福岡県","pref_code":"40","cx":130.4898,"cy":33.21138,"bbox":[130.45159,33.17098,130.53592,33.25355]},"geometry":{"type":"Polygon","coordinates":[[[130.4637,33.22411],[130.46083,33.22098],[130.45808,33.20684],[130.45159,33.20484],[130.4544,33.1922],[130.4595,33.1905],[130.45712,33.18578],[130.46032,33.18015],[130.45632,33.17553],[130.46471,33.1736],[130.46514,33.17164],[130.47603,33.17098],[130.47685,33.18317],[130.48762,33.18275],[130.49017,33.17804],[130.48695,33.17661],[130.48809,33.17268],[130.49575,33.17269],[130.50201,33.18043],[130.5054,33.18251],[130.51425,33.18134],[130.52553,33.18152],[130.53592,33.18447],[130.52575,33.19269],[130.52771,33.20055],[130.523,33.19921],[130.51736,33.20113],[130.52181,33.20592],[130.51967,33.21591],[130.52328,33.21627],[130.52095,33.22614],[130.52565,33.23029],[130.51939,33.23034],[130.51377,33.23804],[130.5086,33.23866],[130.51339,33.24763],[130.51205,33.25355],[130.50833,33.24696],[130.50511,33.24468],[130.5006,33.24668],[130.49551,33.24393],[130.48731,33.24368],[130.48205,33.23988],[130.47849,33.2418],[130.47485,33.23256],[130.47222,33.23354],[130.46926,33.22809],[130.46581,33.22809],[130.4637,33.22411]]]}},{"type":"Feature","properties":{"code":"40212","name":"大川市","pref":"福岡県","pref_code":"40","cx":130.3805,"cy":33.20636,"bbox":[130.3397,33.17078,130.42342,33.24426]},"geometry":{"type":"Polygon","coordinates":[[[130.3852,33.24046],[130.37869,33.24147],[130.3733,33.24426],[130.37013,33.23976],[130.37065,33.23609],[130.37905,33.22918],[130.37884,33.22215],[130.37617,33.21992],[130.36206,33.2152],[130.35503,33.20923],[130.34269,33.20828],[130.3397,33.20502],[130.34055,33.18845],[130.34275,33.18821],[130.34706,33.18196],[130.35312,33.18046],[130.35214,33.1708],[130.35951,33.17256],[130.36252,33.17078],[130.36754,33.17401],[130.36589,33.17761],[130.36866,33.18303],[130.37215,33.18628],[130.3789,33.18333],[130.38042,33.1857],[130.3883,33.18264],[130.39216,33.17915],[130.39688,33.18479],[130.39768,33.18901],[130.40159,33.19285],[130.42034,33.19451],[130.421,33.1998],[130.41875,33.2032],[130.42062,33.20769],[130.41925,33.21145],[130.42342,33.22054],[130.41297,33.22332],[130.41239,33.22472],[130.4143,33.22841],[130.41181,33.23248],[130.40123,33.22973],[130.39539,33.23227],[130.39163,33.23855],[130.3852,33.24046]]]}},{"type":"Feature","properties":{"code":"40213","name":"行橋市","pref":"福岡県","pref_code":"40","cx":130.98221,"cy":33.71278,"bbox":[130.89434,33.67214,131.04588,33.75321]},"geometry":{"type":"Polygon","coordinates":[[[130.89434,33.73414],[130.89875,33.72168],[130.90394,33.71998],[130.90598,33.7139],[130.91215,33.71166],[130.91388,33.72099],[130.91846,33.72105],[130.92063,33.71845],[130.93125,33.71957],[130.93862,33.71117],[130.93494,33.70797],[130.92878,33.69947],[130.93024,33.69464],[130.928,33.68194],[130.92825,33.67773],[130.92619,33.67222],[130.93417,33.67214],[130.93933,33.67431],[130.94103,33.67713],[130.94862,33.67841],[130.95095,33.68085],[130.95506,33.67819],[130.96496,33.68653],[130.9694,33.68695],[130.9708,33.6912],[130.97717,33.68973],[130.98405,33.69187],[130.98969,33.68899],[130.99523,33.69456],[131.00331,33.68955],[131.00502,33.68643],[131.00436,33.68112],[131.00627,33.67758],[131.01072,33.67624],[131.01599,33.67854],[131.02287,33.68347],[131.02982,33.67942],[131.03676,33.67981],[131.04588,33.68497],[131.0458,33.6891],[131.03935,33.69212],[131.03465,33.70232],[131.03063,33.70547],[131.02521,33.71705],[131.02108,33.73089],[131.01486,33.73468],[131.01796,33.73891],[131.01632,33.74168],[131.01932,33.74536],[131.01617,33.7508],[131.00994,33.74997],[131.01164,33.74689],[131.00832,33.74391],[131.00417,33.74992],[131.00001,33.74864],[130.99177,33.7434],[130.98591,33.74121],[130.97888,33.74527],[130.97553,33.74242],[130.96999,33.74173],[130.96516,33.7393],[130.95863,33.73844],[130.95137,33.73566],[130.94347,33.73746],[130.94319,33.73969],[130.93198,33.74052],[130.9287,33.74474],[130.92389,33.74498],[130.91767,33.74771],[130.91004,33.74888],[130.90723,33.746],[130.90226,33.75321],[130.89866,33.74707],[130.89701,33.74093],[130.89468,33.73899],[130.89434,33.73414]]]}},{"type":"Feature","properties":{"code":"40214","name":"豊前市","pref":"福岡県","pref_code":"40","cx":131.07905,"cy":33.57035,"bbox":[130.98995,33.50789,131.16618,33.63445]},"geometry":{"type":"Polygon","coordinates":[[[131.16618,33.61688],[131.16177,33.61646],[131.15499,33.61955],[131.15387,33.62161],[131.14751,33.62265],[131.1447,33.62543],[131.13183,33.62692],[131.12395,33.62632],[131.12071,33.6304],[131.115,33.63052],[131.11338,33.62391],[131.10798,33.62391],[131.10906,33.61817],[131.10657,33.61697],[131.10008,33.61809],[131.09426,33.62779],[131.08666,33.63445],[131.08226,33.6262],[131.07687,33.62393],[131.06615,33.60949],[131.05555,33.60273],[131.04869,33.59575],[131.04557,33.58717],[131.03583,33.57309],[131.02925,33.565],[131.02399,33.56412],[131.01212,33.55358],[131.01222,33.54899],[131.00947,33.5438],[131.01069,33.54011],[131.00218,33.53305],[131.00031,33.53318],[130.99448,33.52708],[130.99016,33.51743],[130.98995,33.50914],[130.99762,33.51011],[131.00144,33.51218],[131.01516,33.50907],[131.01938,33.5126],[131.02679,33.51392],[131.02984,33.51883],[131.03574,33.51907],[131.04235,33.51401],[131.05331,33.50789],[131.0631,33.5102],[131.06765,33.50906],[131.07641,33.5177],[131.08214,33.51877],[131.09084,33.52477],[131.09456,33.53117],[131.09343,33.53565],[131.10966,33.5431],[131.11327,33.54777],[131.11567,33.55404],[131.11862,33.55706],[131.1218,33.56762],[131.12809,33.574],[131.131,33.57937],[131.13841,33.58262],[131.14217,33.58581],[131.15191,33.59047],[131.15665,33.59825],[131.15291,33.60223],[131.16007,33.60755],[131.16618,33.61688]]]}},{"type":"Feature","properties":{"code":"40215","name":"中間市","pref":"福岡県","pref_code":"40","cx":130.70225,"cy":33.822,"bbox":[130.66851,33.80126,130.74307,33.84193]},"geometry":{"type":"Polygon","coordinates":[[[130.71846,33.83445],[130.71659,33.83735],[130.70941,33.83871],[130.70165,33.84193],[130.70279,33.83494],[130.69567,33.83011],[130.69127,33.8341],[130.68539,33.83062],[130.67721,33.83049],[130.67521,33.82675],[130.66851,33.82326],[130.66975,33.81963],[130.67449,33.82152],[130.67879,33.81656],[130.68065,33.81109],[130.6879,33.81261],[130.69233,33.80688],[130.70057,33.80647],[130.70356,33.80126],[130.7067,33.8044],[130.71655,33.8073],[130.72174,33.80658],[130.72527,33.80327],[130.73111,33.81258],[130.73843,33.81378],[130.74307,33.81608],[130.74285,33.82001],[130.7338,33.82247],[130.72971,33.82535],[130.7288,33.83069],[130.71846,33.83445]]]}},{"type":"Feature","properties":{"code":"40216","name":"小郡市","pref":"福岡県","pref_code":"40","cx":130.56553,"cy":33.39325,"bbox":[130.53515,33.34296,130.60932,33.44993]},"geometry":{"type":"Polygon","coordinates":[[[130.57843,33.36707],[130.5781,33.37286],[130.58286,33.38305],[130.58552,33.38398],[130.59307,33.40252],[130.59851,33.40319],[130.5998,33.41002],[130.60932,33.41231],[130.60506,33.41929],[130.58602,33.43013],[130.57977,33.43697],[130.5724,33.44082],[130.57141,33.44285],[130.56149,33.44766],[130.5536,33.44993],[130.55231,33.44367],[130.54963,33.44076],[130.54049,33.44156],[130.53647,33.43898],[130.53515,33.43439],[130.53737,33.4263],[130.54106,33.42122],[130.54168,33.4039],[130.54196,33.36634],[130.54026,33.36522],[130.53598,33.34296],[130.54079,33.34567],[130.55034,33.34542],[130.55022,33.34838],[130.55715,33.35055],[130.56233,33.35521],[130.57064,33.35522],[130.57719,33.35965],[130.57843,33.36707]]]}},{"type":"Feature","properties":{"code":"40217","name":"筑紫野市","pref":"福岡県","pref_code":"40","cx":130.57249,"cy":33.49118,"bbox":[130.4561,33.42824,130.62145,33.55468]},"geometry":{"type":"Polygon","coordinates":[[[130.58409,33.55468],[130.57942,33.55317],[130.57522,33.54477],[130.56889,33.53987],[130.56537,33.53084],[130.56071,33.52858],[130.55822,33.52353],[130.55028,33.52143],[130.54721,33.52442],[130.54216,33.52169],[130.53956,33.51539],[130.54041,33.51255],[130.54645,33.51021],[130.5494,33.50633],[130.54732,33.50354],[130.54654,33.49758],[130.54084,33.49089],[130.53642,33.49271],[130.53096,33.49833],[130.53136,33.5033],[130.52924,33.50594],[130.52075,33.50724],[130.51964,33.5033],[130.51377,33.50001],[130.50789,33.50016],[130.50324,33.50613],[130.49597,33.49644],[130.49636,33.49033],[130.49259,33.4841],[130.495,33.48003],[130.49413,33.47467],[130.49,33.47047],[130.48218,33.46463],[130.47542,33.46561],[130.47346,33.46382],[130.46626,33.46635],[130.46444,33.46227],[130.45749,33.45738],[130.45791,33.45276],[130.46045,33.45037],[130.46118,33.44498],[130.45685,33.44197],[130.4561,33.43599],[130.45781,33.43066],[130.46141,33.42824],[130.47438,33.43547],[130.48007,33.43613],[130.49112,33.43971],[130.49591,33.44477],[130.50354,33.44693],[130.50963,33.4438],[130.51113,33.44911],[130.52182,33.44605],[130.53368,33.44146],[130.53647,33.43898],[130.54049,33.44156],[130.54963,33.44076],[130.55231,33.44367],[130.5536,33.44993],[130.56149,33.44766],[130.57141,33.44285],[130.5724,33.44082],[130.57977,33.43697],[130.58462,33.44103],[130.57557,33.44511],[130.57064,33.45266],[130.56567,33.45677],[130.56202,33.46276],[130.56223,33.47356],[130.56632,33.47689],[130.57156,33.47431],[130.58009,33.47273],[130.58828,33.48142],[130.58902,33.48573],[130.60199,33.48914],[130.60416,33.49148],[130.61016,33.49281],[130.61001,33.49592],[130.61858,33.5046],[130.62145,33.5061],[130.61818,33.51596],[130.61225,33.51713],[130.60991,33.51953],[130.61209,33.5252],[130.59784,33.5385],[130.59451,33.54284],[130.5956,33.54567],[130.58633,33.55191],[130.58409,33.55468]]]}},{"type":"Feature","properties":{"code":"40218","name":"春日市","pref":"福岡県","pref_code":"40","cx":130.45707,"cy":33.52406,"bbox":[130.43405,33.4988,130.47881,33.54882]},"geometry":{"type":"Polygon","coordinates":[[[130.45217,33.54882],[130.44606,33.54773],[130.43964,33.54291],[130.44032,33.53765],[130.44302,33.53323],[130.43581,33.52892],[130.4374,33.52522],[130.43405,33.52291],[130.43871,33.51431],[130.44831,33.50857],[130.44543,33.50316],[130.45034,33.4988],[130.4554,33.50075],[130.46084,33.50502],[130.47014,33.51024],[130.47547,33.51138],[130.47489,33.51548],[130.47797,33.51982],[130.47881,33.52797],[130.47538,33.53143],[130.47704,33.53566],[130.47314,33.53923],[130.46339,33.53584],[130.45964,33.53935],[130.45217,33.54882]]]}},{"type":"Feature","properties":{"code":"40219","name":"大野城市","pref":"福岡県","pref_code":"40","cx":130.48072,"cy":33.51236,"bbox":[130.45034,33.46382,130.51432,33.56279]},"geometry":{"type":"Polygon","coordinates":[[[130.46893,33.53789],[130.47314,33.53923],[130.47704,33.53566],[130.47538,33.53143],[130.47881,33.52797],[130.47797,33.51982],[130.47489,33.51548],[130.47547,33.51138],[130.47014,33.51024],[130.46084,33.50502],[130.4554,33.50075],[130.45034,33.4988],[130.45583,33.47055],[130.46218,33.47018],[130.46626,33.46635],[130.47346,33.46382],[130.47542,33.46561],[130.48218,33.46463],[130.49,33.47047],[130.48578,33.48156],[130.48677,33.48349],[130.48312,33.49034],[130.48441,33.49964],[130.48922,33.50429],[130.48597,33.51048],[130.48619,33.51333],[130.49481,33.51968],[130.48934,33.53045],[130.49439,33.53302],[130.49954,33.53098],[130.51432,33.53698],[130.50829,33.54267],[130.50938,33.54722],[130.50302,33.55027],[130.5043,33.55439],[130.50192,33.55971],[130.49877,33.56067],[130.48917,33.55862],[130.48567,33.56019],[130.47784,33.55253],[130.4737,33.55317],[130.46671,33.56279],[130.46217,33.5607],[130.46931,33.55302],[130.46842,33.5478],[130.47111,33.5441],[130.46893,33.53789]]]}},{"type":"Feature","properties":{"code":"40220","name":"宗像市","pref":"福岡県","pref_code":"40","cx":130.54463,"cy":33.81967,"bbox":[130.09812,33.75052,130.63982,34.24984]},"geometry":{"type":"MultiPolygon","coordinates":[[[[130.54294,33.88909],[130.54075,33.88778],[130.52928,33.88787],[130.52979,33.88104],[130.52824,33.87337],[130.52145,33.86311],[130.51142,33.85687],[130.49569,33.85205],[130.48796,33.85099],[130.48197,33.85346],[130.47974,33.8507],[130.48209,33.84949],[130.48253,33.84493],[130.48962,33.84528],[130.49374,33.83697],[130.5002,33.83094],[130.499,33.81834],[130.50515,33.81221],[130.50516,33.80948],[130.49844,33.80399],[130.4994,33.79885],[130.49496,33.79435],[130.50758,33.78763],[130.51672,33.78078],[130.52082,33.77495],[130.52623,33.78006],[130.53522,33.78005],[130.53865,33.77828],[130.53923,33.77376],[130.54508,33.77208],[130.54208,33.76392],[130.54929,33.7581],[130.55153,33.75139],[130.55511,33.75052],[130.55967,33.75491],[130.578,33.75579],[130.58441,33.75685],[130.58461,33.75979],[130.59139,33.76179],[130.59852,33.76193],[130.60413,33.76458],[130.60088,33.77061],[130.60542,33.77701],[130.61333,33.77743],[130.61543,33.78161],[130.61919,33.78306],[130.62302,33.78098],[130.63243,33.78018],[130.63133,33.785],[130.63356,33.79061],[130.63982,33.79062],[130.63406,33.80014],[130.63318,33.8042],[130.63658,33.80656],[130.63597,33.81275],[130.62937,33.81564],[130.62425,33.82073],[130.61276,33.82294],[130.60849,33.82159],[130.6028,33.82328],[130.59695,33.81861],[130.59163,33.81793],[130.58617,33.82424],[130.58319,33.83251],[130.58237,33.84063],[130.57231,33.84538],[130.56737,33.85444],[130.56965,33.85749],[130.56402,33.86379],[130.55716,33.86414],[130.55232,33.86952],[130.54153,33.88438],[130.54294,33.88909]]],[[[130.489,33.91349],[130.48763,33.91209],[130.49486,33.90473],[130.49572,33.89922],[130.50122,33.8953],[130.50564,33.89703],[130.50651,33.90097],[130.499,33.90651],[130.49671,33.91211],[130.489,33.91349]]],[[[130.43857,33.91544],[130.43056,33.91347],[130.42823,33.90932],[130.41916,33.91257],[130.40972,33.91055],[130.40711,33.8965],[130.41017,33.89276],[130.42651,33.8869],[130.43071,33.88814],[130.43249,33.89586],[130.43753,33.902],[130.44777,33.91244],[130.44373,33.91535],[130.43857,33.91544]]],[[[130.11216,34.24984],[130.1035,34.24883],[130.09812,34.24185],[130.10501,34.23956],[130.11245,34.24626],[130.11216,34.24984]]]]}},{"type":"Feature","properties":{"code":"40221","name":"太宰府市","pref":"福岡県","pref_code":"40","cx":130.51373,"cy":33.51436,"bbox":[130.48312,33.47047,130.57216,33.55644]},"geometry":{"type":"Polygon","coordinates":[[[130.57216,33.54248],[130.56552,33.54511],[130.55746,33.55214],[130.54919,33.55644],[130.54067,33.55491],[130.54168,33.54928],[130.53425,33.54378],[130.52892,33.54275],[130.52944,33.53598],[130.52016,33.52981],[130.51435,33.53343],[130.51432,33.53698],[130.49954,33.53098],[130.49439,33.53302],[130.48934,33.53045],[130.49481,33.51968],[130.48619,33.51333],[130.48597,33.51048],[130.48922,33.50429],[130.48441,33.49964],[130.48312,33.49034],[130.48677,33.48349],[130.48578,33.48156],[130.49,33.47047],[130.49413,33.47467],[130.495,33.48003],[130.49259,33.4841],[130.49636,33.49033],[130.49597,33.49644],[130.50324,33.50613],[130.50789,33.50016],[130.51377,33.50001],[130.51964,33.5033],[130.52075,33.50724],[130.52924,33.50594],[130.53136,33.5033],[130.53096,33.49833],[130.53642,33.49271],[130.54084,33.49089],[130.54654,33.49758],[130.54732,33.50354],[130.5494,33.50633],[130.54645,33.51021],[130.54041,33.51255],[130.53956,33.51539],[130.54216,33.52169],[130.54721,33.52442],[130.55028,33.52143],[130.55822,33.52353],[130.56071,33.52858],[130.56537,33.53084],[130.56889,33.53987],[130.57216,33.54248]]]}},{"type":"Feature","properties":{"code":"40223","name":"古賀市","pref":"福岡県","pref_code":"40","cx":130.50601,"cy":33.72186,"bbox":[130.4471,33.68699,130.55869,33.75375]},"geometry":{"type":"Polygon","coordinates":[[[130.54774,33.73061],[130.54223,33.73492],[130.54102,33.73793],[130.51329,33.74077],[130.50919,33.74034],[130.49858,33.74525],[130.48925,33.74734],[130.48078,33.75196],[130.47744,33.75152],[130.46741,33.75375],[130.46116,33.74051],[130.4582,33.73617],[130.4471,33.72506],[130.45912,33.71916],[130.46231,33.71418],[130.46858,33.70787],[130.46811,33.70255],[130.46572,33.70097],[130.46728,33.69565],[130.4733,33.6938],[130.47811,33.69512],[130.49151,33.69235],[130.50007,33.69743],[130.50275,33.69701],[130.50501,33.68943],[130.50837,33.68699],[130.5127,33.68834],[130.51932,33.69273],[130.52157,33.70169],[130.53286,33.7098],[130.54079,33.71105],[130.54472,33.71017],[130.54829,33.71763],[130.55869,33.72005],[130.55808,33.72366],[130.55372,33.72797],[130.54774,33.73061]]]}},{"type":"Feature","properties":{"code":"40224","name":"福津市","pref":"福岡県","pref_code":"40","cx":130.47539,"cy":33.78954,"bbox":[130.44396,33.73061,130.55511,33.8507]},"geometry":{"type":"Polygon","coordinates":[[[130.47974,33.8507],[130.48188,33.84937],[130.48199,33.84323],[130.47815,33.8279],[130.47349,33.81885],[130.46579,33.81173],[130.452,33.81081],[130.44832,33.81712],[130.44396,33.81541],[130.44633,33.80912],[130.44984,33.8063],[130.4512,33.80162],[130.44567,33.79485],[130.4459,33.79072],[130.45032,33.78484],[130.46108,33.78835],[130.46573,33.78568],[130.46966,33.77873],[130.47081,33.7742],[130.46882,33.7581],[130.46741,33.75375],[130.47744,33.75152],[130.48078,33.75196],[130.48925,33.74734],[130.49858,33.74525],[130.50919,33.74034],[130.51329,33.74077],[130.54102,33.73793],[130.54223,33.73492],[130.54774,33.73061],[130.54885,33.73408],[130.55285,33.73765],[130.55236,33.74438],[130.55511,33.75052],[130.55153,33.75139],[130.54929,33.7581],[130.54208,33.76392],[130.54508,33.77208],[130.53923,33.77376],[130.53865,33.77828],[130.53522,33.78005],[130.52623,33.78006],[130.52082,33.77495],[130.51672,33.78078],[130.50758,33.78763],[130.49496,33.79435],[130.4994,33.79885],[130.49844,33.80399],[130.50516,33.80948],[130.50515,33.81221],[130.499,33.81834],[130.5002,33.83094],[130.49374,33.83697],[130.48962,33.84528],[130.48253,33.84493],[130.48209,33.84949],[130.47974,33.8507]]]}},{"type":"Feature","properties":{"code":"40225","name":"うきは市","pref":"福岡県","pref_code":"40","cx":130.79332,"cy":33.31179,"bbox":[130.71835,33.25342,130.86805,33.37318]},"geometry":{"type":"Polygon","coordinates":[[[130.72404,33.30214],[130.72509,33.29597],[130.73027,33.29215],[130.72999,33.28777],[130.73853,33.28472],[130.74333,33.28072],[130.74726,33.28002],[130.7519,33.28273],[130.76839,33.28185],[130.77292,33.27547],[130.78129,33.26863],[130.78715,33.27071],[130.79169,33.26989],[130.79291,33.2636],[130.80415,33.26256],[130.81445,33.25673],[130.81947,33.258],[130.82485,33.25342],[130.8287,33.25746],[130.83812,33.25824],[130.84526,33.25751],[130.84874,33.26103],[130.85535,33.26257],[130.86391,33.26117],[130.86805,33.26408],[130.86758,33.26798],[130.8607,33.26675],[130.85738,33.27043],[130.85649,33.27535],[130.85207,33.27747],[130.85713,33.28497],[130.86397,33.28917],[130.86635,33.29211],[130.86528,33.29674],[130.86158,33.30319],[130.86304,33.30503],[130.85631,33.31854],[130.85438,33.32466],[130.85478,33.32915],[130.8506,33.33666],[130.84503,33.3387],[130.84209,33.33666],[130.82882,33.35039],[130.81801,33.35598],[130.81458,33.35927],[130.80886,33.36043],[130.79524,33.35472],[130.78919,33.34943],[130.78245,33.34882],[130.77691,33.35342],[130.77295,33.36087],[130.76407,33.36086],[130.75925,33.36464],[130.75352,33.36388],[130.74827,33.36489],[130.74652,33.36049],[130.73954,33.36283],[130.73186,33.37318],[130.72684,33.37272],[130.7228,33.36726],[130.7227,33.36088],[130.73177,33.35905],[130.73118,33.35324],[130.72777,33.35281],[130.72582,33.35773],[130.71892,33.35593],[130.71835,33.35309],[130.72547,33.35101],[130.7262,33.34715],[130.73096,33.34694],[130.73113,33.34013],[130.72636,33.34019],[130.7238,33.33777],[130.72346,33.32472],[130.72514,33.32112],[130.72874,33.30266],[130.72404,33.30214]]]}},{"type":"Feature","properties":{"code":"40226","name":"宮若市","pref":"福岡県","pref_code":"40","cx":130.62121,"cy":33.7139,"bbox":[130.53976,33.63807,130.71431,33.79062]},"geometry":{"type":"Polygon","coordinates":[[[130.68425,33.74844],[130.66776,33.74051],[130.65914,33.73975],[130.65528,33.74298],[130.65469,33.74752],[130.65196,33.75073],[130.65248,33.76276],[130.6493,33.7705],[130.6509,33.77209],[130.64506,33.78184],[130.64488,33.7847],[130.63982,33.79062],[130.63356,33.79061],[130.63133,33.785],[130.63243,33.78018],[130.62302,33.78098],[130.61919,33.78306],[130.61543,33.78161],[130.61333,33.77743],[130.60542,33.77701],[130.60088,33.77061],[130.60413,33.76458],[130.59852,33.76193],[130.59139,33.76179],[130.58461,33.75979],[130.58441,33.75685],[130.578,33.75579],[130.55967,33.75491],[130.55511,33.75052],[130.55236,33.74438],[130.55285,33.73765],[130.54885,33.73408],[130.54774,33.73061],[130.55372,33.72797],[130.55808,33.72366],[130.55869,33.72005],[130.54829,33.71763],[130.54472,33.71017],[130.54199,33.70732],[130.54276,33.70343],[130.54096,33.69835],[130.54489,33.69382],[130.53976,33.68135],[130.54142,33.67638],[130.54973,33.67319],[130.55131,33.66808],[130.56205,33.66575],[130.57053,33.66326],[130.57527,33.65759],[130.57396,33.65411],[130.56908,33.65115],[130.56642,33.64654],[130.57311,33.64139],[130.57506,33.63807],[130.58221,33.64697],[130.5857,33.64855],[130.59674,33.65084],[130.60376,33.65345],[130.60899,33.65059],[130.61647,33.65601],[130.62031,33.66034],[130.6197,33.66471],[130.62237,33.6685],[130.62739,33.66596],[130.63702,33.67168],[130.63912,33.67848],[130.63903,33.68342],[130.64346,33.68792],[130.64978,33.68701],[130.65911,33.6906],[130.67112,33.69108],[130.67321,33.69645],[130.68056,33.69918],[130.68306,33.70349],[130.68642,33.69882],[130.69587,33.69885],[130.69888,33.70108],[130.69672,33.70526],[130.69539,33.71964],[130.70392,33.72582],[130.71072,33.72482],[130.71016,33.73032],[130.71431,33.73254],[130.71047,33.73519],[130.70715,33.74305],[130.69847,33.74687],[130.69401,33.74709],[130.68651,33.74357],[130.68425,33.74844]]]}},{"type":"Feature","properties":{"code":"40227","name":"嘉麻市","pref":"福岡県","pref_code":"40","cx":130.74347,"cy":33.54893,"bbox":[130.66238,33.47099,130.81763,33.62353]},"geometry":{"type":"Polygon","coordinates":[[[130.70011,33.59951],[130.70293,33.59689],[130.70515,33.59072],[130.70409,33.58196],[130.69869,33.56963],[130.69226,33.56609],[130.6936,33.55746],[130.69085,33.55062],[130.68651,33.55069],[130.68476,33.54171],[130.6807,33.53757],[130.67706,33.53109],[130.67222,33.52908],[130.66743,33.5291],[130.66346,33.52262],[130.66589,33.51708],[130.6644,33.50581],[130.66238,33.50382],[130.66868,33.49809],[130.67274,33.49943],[130.68217,33.49331],[130.68716,33.49121],[130.68912,33.4941],[130.71158,33.49088],[130.71688,33.48596],[130.7271,33.48358],[130.74179,33.48807],[130.74859,33.48492],[130.75009,33.48652],[130.75896,33.48833],[130.76567,33.48796],[130.77992,33.48159],[130.78728,33.47958],[130.79123,33.47099],[130.79388,33.47241],[130.80609,33.47187],[130.80909,33.47514],[130.8083,33.48341],[130.81172,33.4873],[130.81763,33.48884],[130.81401,33.49314],[130.81384,33.49712],[130.81072,33.50226],[130.81034,33.50967],[130.80404,33.51126],[130.80365,33.51739],[130.80668,33.53684],[130.80369,33.5384],[130.80267,33.54723],[130.79291,33.55596],[130.79229,33.56019],[130.78514,33.56831],[130.77699,33.56864],[130.77288,33.57078],[130.77532,33.57473],[130.76437,33.58214],[130.7621,33.58629],[130.75136,33.58865],[130.74502,33.59482],[130.74103,33.60065],[130.73853,33.60694],[130.73991,33.61253],[130.73257,33.61313],[130.72231,33.61854],[130.71483,33.61615],[130.70633,33.62353],[130.70282,33.62344],[130.69804,33.61796],[130.70059,33.61509],[130.69811,33.60233],[130.70011,33.59951]]]}},{"type":"Feature","properties":{"code":"40228","name":"朝倉市","pref":"福岡県","pref_code":"40","cx":130.74015,"cy":33.42239,"bbox":[130.61548,33.34355,130.8618,33.49943]},"geometry":{"type":"Polygon","coordinates":[[[130.7227,33.36088],[130.7228,33.36726],[130.72684,33.37272],[130.73186,33.37318],[130.73954,33.36283],[130.74652,33.36049],[130.74827,33.36489],[130.75352,33.36388],[130.75925,33.36464],[130.76407,33.36086],[130.77295,33.36087],[130.77691,33.35342],[130.78245,33.34882],[130.78919,33.34943],[130.79524,33.35472],[130.80886,33.36043],[130.81458,33.35927],[130.81801,33.35598],[130.82882,33.35039],[130.83535,33.34355],[130.84019,33.34579],[130.84226,33.35026],[130.8502,33.35377],[130.8618,33.3626],[130.85972,33.37296],[130.85864,33.38815],[130.85695,33.39295],[130.85957,33.39963],[130.85412,33.40766],[130.85088,33.40944],[130.84875,33.41801],[130.84242,33.41648],[130.83677,33.42093],[130.83402,33.42838],[130.83407,33.4332],[130.83075,33.43891],[130.8281,33.43997],[130.82879,33.44735],[130.81822,33.45724],[130.81087,33.4581],[130.80303,33.45484],[130.79796,33.45723],[130.79067,33.4537],[130.78726,33.4549],[130.78302,33.45193],[130.77727,33.45054],[130.76973,33.45267],[130.77088,33.45596],[130.77486,33.45808],[130.77966,33.46721],[130.78346,33.46942],[130.79123,33.47099],[130.78728,33.47958],[130.77992,33.48159],[130.76567,33.48796],[130.75896,33.48833],[130.75009,33.48652],[130.74859,33.48492],[130.74179,33.48807],[130.7271,33.48358],[130.71688,33.48596],[130.71158,33.49088],[130.68912,33.4941],[130.68716,33.49121],[130.68217,33.49331],[130.67274,33.49943],[130.66868,33.49809],[130.66456,33.49272],[130.66653,33.49076],[130.66592,33.48557],[130.65946,33.47306],[130.6547,33.47016],[130.65316,33.4637],[130.64896,33.46106],[130.64771,33.45612],[130.64939,33.45199],[130.64734,33.44813],[130.65465,33.44578],[130.65919,33.44111],[130.65845,33.4362],[130.65396,33.4312],[130.65102,33.4318],[130.64553,33.42336],[130.64261,33.42142],[130.63599,33.4119],[130.62381,33.41227],[130.61646,33.40716],[130.61548,33.39992],[130.61773,33.3961],[130.62438,33.39438],[130.62553,33.39072],[130.64592,33.38592],[130.64495,33.37933],[130.64031,33.37338],[130.64733,33.37228],[130.65249,33.37379],[130.65358,33.3678],[130.66679,33.36219],[130.67297,33.36156],[130.6842,33.36279],[130.70018,33.36209],[130.70548,33.36415],[130.70771,33.36019],[130.71968,33.35922],[130.7227,33.36088]]]}},{"type":"Feature","properties":{"code":"40229","name":"みやま市","pref":"福岡県","pref_code":"40","cx":130.49825,"cy":33.12718,"bbox":[130.41173,33.07189,130.56561,33.18452]},"geometry":{"type":"Polygon","coordinates":[[[130.54245,33.08174],[130.54663,33.08057],[130.54908,33.08408],[130.55246,33.08297],[130.55596,33.08609],[130.56561,33.08711],[130.56543,33.09163],[130.5612,33.09591],[130.5618,33.10419],[130.55594,33.10736],[130.55771,33.11295],[130.55703,33.12009],[130.55227,33.12521],[130.55176,33.12915],[130.55384,33.13877],[130.5498,33.14433],[130.55265,33.15514],[130.54683,33.15804],[130.54142,33.15538],[130.5387,33.15989],[130.53977,33.17],[130.54224,33.17926],[130.5459,33.18207],[130.54154,33.18452],[130.53592,33.18447],[130.52553,33.18152],[130.51425,33.18134],[130.5054,33.18251],[130.50201,33.18043],[130.49575,33.17269],[130.48809,33.17268],[130.48695,33.17661],[130.49017,33.17804],[130.48762,33.18275],[130.47685,33.18317],[130.47603,33.17098],[130.47537,33.16723],[130.45908,33.16783],[130.4587,33.16383],[130.45325,33.16197],[130.4606,33.15901],[130.46214,33.15495],[130.46071,33.14797],[130.45378,33.14724],[130.45222,33.14294],[130.45432,33.13925],[130.44778,33.13438],[130.44252,33.12289],[130.43702,33.11957],[130.43531,33.11451],[130.43089,33.10767],[130.41867,33.0917],[130.41173,33.08668],[130.41219,33.08117],[130.41768,33.07189],[130.43173,33.07509],[130.43915,33.07594],[130.44475,33.0788],[130.45075,33.08549],[130.44968,33.08791],[130.47224,33.08901],[130.48295,33.08507],[130.49242,33.08696],[130.49566,33.08993],[130.50679,33.09198],[130.50784,33.09802],[130.51361,33.09808],[130.51715,33.09638],[130.5204,33.09108],[130.51965,33.08706],[130.52252,33.083],[130.53109,33.08388],[130.53406,33.08597],[130.53555,33.09051],[130.53887,33.08966],[130.54245,33.08174]]]}},{"type":"Feature","properties":{"code":"40230","name":"糸島市","pref":"福岡県","pref_code":"40","cx":130.20176,"cy":33.55277,"bbox":[130.04074,33.46592,130.29221,33.63975]},"geometry":{"type":"MultiPolygon","coordinates":[[[[130.0476,33.57578],[130.04419,33.57242],[130.04488,33.56875],[130.05023,33.56565],[130.05406,33.57098],[130.05296,33.57462],[130.0476,33.57578]]],[[[130.19784,33.63975],[130.1844,33.6326],[130.1804,33.63293],[130.17528,33.62989],[130.16858,33.6303],[130.16745,33.63256],[130.15687,33.62814],[130.15418,33.62112],[130.15793,33.61514],[130.16196,33.61264],[130.16083,33.60844],[130.15428,33.60123],[130.14875,33.59666],[130.13761,33.59154],[130.12802,33.58985],[130.11762,33.59159],[130.10801,33.59634],[130.10628,33.59282],[130.1087,33.58792],[130.106,33.5848],[130.10254,33.58755],[130.09212,33.58522],[130.08884,33.58334],[130.08824,33.57778],[130.09728,33.57426],[130.09871,33.56936],[130.0977,33.56439],[130.10065,33.5636],[130.10676,33.56699],[130.10829,33.57002],[130.11538,33.57189],[130.11968,33.5746],[130.12618,33.57251],[130.13037,33.56698],[130.135,33.56631],[130.13466,33.56134],[130.13214,33.55867],[130.12019,33.55837],[130.11713,33.55381],[130.1161,33.54674],[130.12015,33.54789],[130.12614,33.55681],[130.13484,33.55587],[130.14132,33.5499],[130.14689,33.55133],[130.15565,33.56003],[130.16411,33.56103],[130.16526,33.55502],[130.1626,33.54892],[130.15851,33.54844],[130.15901,33.54469],[130.15456,33.54276],[130.15389,33.53706],[130.14318,33.53488],[130.14206,33.53245],[130.13469,33.52866],[130.13067,33.529],[130.12504,33.52449],[130.13204,33.52276],[130.13307,33.51738],[130.1268,33.51004],[130.11937,33.50778],[130.11422,33.50771],[130.1121,33.50995],[130.10619,33.50968],[130.10262,33.51292],[130.09473,33.50708],[130.08598,33.505],[130.08391,33.50626],[130.07835,33.50345],[130.07066,33.50258],[130.06287,33.49798],[130.04843,33.49523],[130.04887,33.48743],[130.0423,33.47872],[130.04074,33.47076],[130.04492,33.46744],[130.05062,33.46935],[130.0606,33.47036],[130.06807,33.4725],[130.07355,33.46915],[130.08892,33.46867],[130.09842,33.46984],[130.10203,33.47174],[130.10313,33.47589],[130.11799,33.47506],[130.12974,33.47555],[130.1388,33.47044],[130.14254,33.47431],[130.1485,33.47729],[130.15677,33.47672],[130.16393,33.47235],[130.16486,33.46918],[130.17593,33.46592],[130.1828,33.46665],[130.18863,33.47082],[130.18867,33.4747],[130.19453,33.47611],[130.19795,33.47934],[130.20559,33.4814],[130.22334,33.47828],[130.2268,33.4767],[130.23343,33.47887],[130.23823,33.47403],[130.2442,33.47441],[130.24641,33.47146],[130.25237,33.47096],[130.2575,33.47607],[130.27211,33.47935],[130.27353,33.48374],[130.27269,33.48818],[130.27602,33.48948],[130.27189,33.49511],[130.27789,33.50161],[130.27951,33.50666],[130.28561,33.50707],[130.2918,33.51301],[130.29221,33.51907],[130.28821,33.52262],[130.28731,33.52625],[130.28925,33.53132],[130.28865,33.53864],[130.28381,33.53953],[130.27758,33.54403],[130.26974,33.54723],[130.26644,33.55001],[130.26558,33.55656],[130.25751,33.55523],[130.25452,33.55781],[130.24974,33.55604],[130.24522,33.5577],[130.24043,33.55173],[130.23627,33.55536],[130.23938,33.5589],[130.23666,33.56643],[130.23933,33.56744],[130.24107,33.57308],[130.23771,33.58044],[130.2267,33.58139],[130.22263,33.57944],[130.21919,33.58056],[130.21179,33.58899],[130.20972,33.59655],[130.21012,33.60605],[130.20596,33.60954],[130.20497,33.62271],[130.20674,33.62854],[130.2039,33.63172],[130.20398,33.63525],[130.19784,33.63975]]]]}},{"type":"Feature","properties":{"code":"40231","name":"那珂川市","pref":"福岡県","pref_code":"40","cx":130.42614,"cy":33.46431,"bbox":[130.37123,33.39545,130.46626,33.53039]},"geometry":{"type":"Polygon","coordinates":[[[130.37123,33.50478],[130.37838,33.49749],[130.38142,33.48712],[130.38127,33.48038],[130.38303,33.47524],[130.38802,33.46646],[130.38581,33.4621],[130.38796,33.4548],[130.39935,33.44879],[130.39887,33.44528],[130.40438,33.4406],[130.40312,33.43808],[130.39599,33.44026],[130.39616,33.42741],[130.40477,33.41624],[130.40746,33.41549],[130.41509,33.40929],[130.40768,33.3986],[130.41095,33.39545],[130.41901,33.40112],[130.42188,33.3985],[130.42876,33.39688],[130.43835,33.40034],[130.43704,33.40485],[130.44123,33.4102],[130.44221,33.41563],[130.44668,33.41858],[130.45826,33.41998],[130.45801,33.42502],[130.46141,33.42824],[130.45781,33.43066],[130.4561,33.43599],[130.45685,33.44197],[130.46118,33.44498],[130.46045,33.45037],[130.45791,33.45276],[130.45749,33.45738],[130.46444,33.46227],[130.46626,33.46635],[130.46218,33.47018],[130.45583,33.47055],[130.45034,33.4988],[130.44543,33.50316],[130.44831,33.50857],[130.43871,33.51431],[130.43405,33.52291],[130.42836,33.52267],[130.4268,33.53039],[130.42073,33.52779],[130.41658,33.52349],[130.41076,33.52226],[130.40392,33.5185],[130.40394,33.51357],[130.39844,33.51307],[130.39616,33.5071],[130.3859,33.5071],[130.38206,33.50553],[130.3772,33.5082],[130.37123,33.50478]]]}},{"type":"Feature","properties":{"code":"40341","name":"糟屋郡宇美町","pref":"福岡県","pref_code":"40","cx":130.53351,"cy":33.56233,"bbox":[130.48567,33.52981,130.58409,33.59336]},"geometry":{"type":"Polygon","coordinates":[[[130.48567,33.56019],[130.48917,33.55862],[130.49877,33.56067],[130.50192,33.55971],[130.5043,33.55439],[130.50302,33.55027],[130.50938,33.54722],[130.50829,33.54267],[130.51432,33.53698],[130.51435,33.53343],[130.52016,33.52981],[130.52944,33.53598],[130.52892,33.54275],[130.53425,33.54378],[130.54168,33.54928],[130.54067,33.55491],[130.54919,33.55644],[130.55746,33.55214],[130.56552,33.54511],[130.57216,33.54248],[130.57522,33.54477],[130.57942,33.55317],[130.58409,33.55468],[130.58041,33.55876],[130.57945,33.5653],[130.57506,33.56799],[130.57271,33.57694],[130.56819,33.57958],[130.56642,33.5908],[130.56291,33.59332],[130.5598,33.59336],[130.54832,33.58695],[130.54578,33.57893],[130.53194,33.57601],[130.52502,33.57561],[130.51042,33.57728],[130.50433,33.58115],[130.49912,33.58047],[130.49685,33.57675],[130.48819,33.57004],[130.48825,33.564],[130.48567,33.56019]]]}},{"type":"Feature","properties":{"code":"40342","name":"糟屋郡篠栗町","pref":"福岡県","pref_code":"40","cx":130.54137,"cy":33.63108,"bbox":[130.49621,33.59539,130.5971,33.66575]},"geometry":{"type":"Polygon","coordinates":[[[130.57506,33.63807],[130.57311,33.64139],[130.56642,33.64654],[130.56908,33.65115],[130.57396,33.65411],[130.57527,33.65759],[130.57053,33.66326],[130.56205,33.66575],[130.55406,33.65855],[130.5491,33.65636],[130.54722,33.65263],[130.54782,33.6472],[130.54305,33.64434],[130.53632,33.64291],[130.53602,33.63884],[130.52854,33.63628],[130.5237,33.63895],[130.51979,33.63761],[130.51579,33.63975],[130.51179,33.637],[130.50844,33.63813],[130.49796,33.63489],[130.49621,33.62979],[130.49921,33.62716],[130.49953,33.61493],[130.50189,33.61221],[130.50664,33.6112],[130.51187,33.60791],[130.51656,33.60314],[130.52464,33.60071],[130.53122,33.60037],[130.53802,33.59539],[130.55046,33.59876],[130.56083,33.60014],[130.56809,33.60694],[130.57982,33.6027],[130.58554,33.60309],[130.59353,33.60878],[130.5971,33.61558],[130.59166,33.61899],[130.58448,33.61873],[130.58733,33.62598],[130.58577,33.63237],[130.57746,33.63786],[130.57506,33.63807]]]}},{"type":"Feature","properties":{"code":"40343","name":"糟屋郡志免町","pref":"福岡県","pref_code":"40","cx":130.4841,"cy":33.58315,"bbox":[130.44228,33.56028,130.49912,33.60983]},"geometry":{"type":"Polygon","coordinates":[[[130.44228,33.60639],[130.45064,33.60239],[130.4555,33.59617],[130.45924,33.59688],[130.46345,33.59128],[130.46928,33.58712],[130.47753,33.57772],[130.47938,33.57259],[130.47728,33.56721],[130.48165,33.56488],[130.48564,33.56028],[130.48825,33.564],[130.48819,33.57004],[130.49685,33.57675],[130.49912,33.58047],[130.49176,33.58583],[130.48874,33.59345],[130.48257,33.59484],[130.47947,33.59281],[130.4743,33.59829],[130.4644,33.60344],[130.45804,33.60967],[130.45423,33.60983],[130.44867,33.60651],[130.44228,33.60639]]]}},{"type":"Feature","properties":{"code":"40344","name":"糟屋郡須恵町","pref":"福岡県","pref_code":"40","cx":130.52582,"cy":33.59442,"bbox":[130.48874,33.57561,130.56291,33.61493]},"geometry":{"type":"Polygon","coordinates":[[[130.55814,33.59949],[130.55046,33.59876],[130.53802,33.59539],[130.53122,33.60037],[130.52464,33.60071],[130.51656,33.60314],[130.51187,33.60791],[130.50664,33.6112],[130.50189,33.61221],[130.49953,33.61493],[130.48931,33.60954],[130.48917,33.6005],[130.49173,33.59691],[130.48874,33.59345],[130.49176,33.58583],[130.49912,33.58047],[130.50433,33.58115],[130.51042,33.57728],[130.52502,33.57561],[130.53194,33.57601],[130.54578,33.57893],[130.54832,33.58695],[130.5598,33.59336],[130.56291,33.59332],[130.55814,33.59949]]]}},{"type":"Feature","properties":{"code":"40345","name":"糟屋郡新宮町","pref":"福岡県","pref_code":"40","cx":130.45303,"cy":33.69992,"bbox":[130.35935,33.67427,130.50837,33.76706]},"geometry":{"type":"MultiPolygon","coordinates":[[[[130.46877,33.67954],[130.47408,33.67597],[130.4822,33.67576],[130.48856,33.67427],[130.49231,33.67823],[130.50837,33.68699],[130.50501,33.68943],[130.50275,33.69701],[130.50007,33.69743],[130.49151,33.69235],[130.47811,33.69512],[130.4733,33.6938],[130.46728,33.69565],[130.46572,33.70097],[130.46811,33.70255],[130.46858,33.70787],[130.46231,33.71418],[130.45912,33.71916],[130.4471,33.72506],[130.43217,33.71612],[130.42698,33.71523],[130.42127,33.71842],[130.418,33.71255],[130.43057,33.70824],[130.44123,33.69887],[130.44784,33.69782],[130.45014,33.69031],[130.45516,33.67953],[130.46406,33.68285],[130.46877,33.67954]]],[[[130.36355,33.76706],[130.35935,33.76209],[130.3628,33.75503],[130.36748,33.7608],[130.37619,33.75984],[130.37261,33.76475],[130.36355,33.76706]]]]}},{"type":"Feature","properties":{"code":"40348","name":"糟屋郡久山町","pref":"福岡県","pref_code":"40","cx":130.50963,"cy":33.67157,"bbox":[130.46717,33.6347,130.56205,33.71105]},"geometry":{"type":"Polygon","coordinates":[[[130.49429,33.6347],[130.49796,33.63489],[130.50844,33.63813],[130.51179,33.637],[130.51579,33.63975],[130.51979,33.63761],[130.5237,33.63895],[130.52854,33.63628],[130.53602,33.63884],[130.53632,33.64291],[130.54305,33.64434],[130.54782,33.6472],[130.54722,33.65263],[130.5491,33.65636],[130.55406,33.65855],[130.56205,33.66575],[130.55131,33.66808],[130.54973,33.67319],[130.54142,33.67638],[130.53976,33.68135],[130.54489,33.69382],[130.54096,33.69835],[130.54276,33.70343],[130.54199,33.70732],[130.54472,33.71017],[130.54079,33.71105],[130.53286,33.7098],[130.52157,33.70169],[130.51932,33.69273],[130.5127,33.68834],[130.50837,33.68699],[130.49231,33.67823],[130.48856,33.67427],[130.4822,33.67576],[130.47408,33.67597],[130.46877,33.67954],[130.46717,33.6735],[130.47057,33.66995],[130.46897,33.66713],[130.4796,33.65377],[130.47906,33.64874],[130.49045,33.64939],[130.49454,33.64635],[130.49218,33.64182],[130.49429,33.6347]]]}},{"type":"Feature","properties":{"code":"40349","name":"糟屋郡粕屋町","pref":"福岡県","pref_code":"40","cx":130.47387,"cy":33.6169,"bbox":[130.44109,33.59281,130.49953,33.6372]},"geometry":{"type":"Polygon","coordinates":[[[130.44241,33.60668],[130.44867,33.60651],[130.45423,33.60983],[130.45804,33.60967],[130.4644,33.60344],[130.4743,33.59829],[130.47947,33.59281],[130.48257,33.59484],[130.48874,33.59345],[130.49173,33.59691],[130.48917,33.6005],[130.48931,33.60954],[130.49953,33.61493],[130.49921,33.62716],[130.49621,33.62979],[130.49796,33.63489],[130.49429,33.6347],[130.49449,33.63189],[130.4858,33.62679],[130.48249,33.63028],[130.47516,33.63419],[130.47216,33.6372],[130.46644,33.63081],[130.45967,33.62882],[130.4571,33.62448],[130.4541,33.62493],[130.45161,33.61886],[130.44109,33.61269],[130.44475,33.60888],[130.44241,33.60668]]]}},{"type":"Feature","properties":{"code":"40381","name":"遠賀郡芦屋町","pref":"福岡県","pref_code":"40","cx":130.66835,"cy":33.89285,"bbox":[130.63564,33.86802,130.68551,33.91868]},"geometry":{"type":"Polygon","coordinates":[[[130.6732,33.91868],[130.66214,33.91335],[130.66494,33.90965],[130.66168,33.90758],[130.66324,33.90114],[130.65346,33.89489],[130.65146,33.89234],[130.63564,33.88543],[130.63687,33.88313],[130.64258,33.88129],[130.64408,33.87707],[130.64333,33.86802],[130.64945,33.87109],[130.65819,33.8704],[130.66021,33.87235],[130.6665,33.87288],[130.6706,33.88009],[130.67503,33.88512],[130.67657,33.8905],[130.68167,33.88881],[130.68523,33.89336],[130.68551,33.89738],[130.67547,33.90678],[130.67796,33.91225],[130.67671,33.9162],[130.6732,33.91868]]]}},{"type":"Feature","properties":{"code":"40382","name":"遠賀郡水巻町","pref":"福岡県","pref_code":"40","cx":130.68984,"cy":33.86029,"bbox":[130.67657,33.83011,130.72086,33.8905]},"geometry":{"type":"Polygon","coordinates":[[[130.68167,33.88881],[130.67657,33.8905],[130.68021,33.85828],[130.68457,33.84532],[130.6888,33.8366],[130.69567,33.83011],[130.70279,33.83494],[130.70165,33.84193],[130.70941,33.83871],[130.71659,33.83735],[130.71846,33.83445],[130.72086,33.83914],[130.71846,33.84415],[130.71311,33.8467],[130.71247,33.84937],[130.70614,33.85272],[130.70416,33.85761],[130.70056,33.85754],[130.69908,33.86231],[130.6933,33.86777],[130.69493,33.87208],[130.69234,33.87831],[130.68777,33.88043],[130.68167,33.88881]]]}},{"type":"Feature","properties":{"code":"40383","name":"遠賀郡岡垣町","pref":"福岡県","pref_code":"40","cx":130.60393,"cy":33.85265,"bbox":[130.54153,33.81275,130.653,33.89077]},"geometry":{"type":"Polygon","coordinates":[[[130.63597,33.81275],[130.64094,33.81321],[130.64414,33.81995],[130.6416,33.82822],[130.64293,33.83337],[130.64678,33.83896],[130.64852,33.84442],[130.653,33.84653],[130.65273,33.85085],[130.64688,33.84925],[130.63804,33.84987],[130.64172,33.85683],[130.64431,33.86632],[130.64333,33.86802],[130.64408,33.87707],[130.64258,33.88129],[130.63687,33.88313],[130.63564,33.88543],[130.62966,33.88326],[130.60611,33.87878],[130.59098,33.87784],[130.5771,33.87844],[130.5697,33.88033],[130.56556,33.88464],[130.56268,33.89016],[130.55533,33.89077],[130.54443,33.88798],[130.54294,33.88909],[130.54153,33.88438],[130.55232,33.86952],[130.55716,33.86414],[130.56402,33.86379],[130.56965,33.85749],[130.56737,33.85444],[130.57231,33.84538],[130.58237,33.84063],[130.58319,33.83251],[130.58617,33.82424],[130.59163,33.81793],[130.59695,33.81861],[130.6028,33.82328],[130.60849,33.82159],[130.61276,33.82294],[130.62425,33.82073],[130.62937,33.81564],[130.63597,33.81275]]]}},{"type":"Feature","properties":{"code":"40384","name":"遠賀郡遠賀町","pref":"福岡県","pref_code":"40","cx":130.66798,"cy":33.84956,"bbox":[130.63597,33.80907,130.69127,33.8905]},"geometry":{"type":"Polygon","coordinates":[[[130.69127,33.8341],[130.6888,33.8366],[130.68457,33.84532],[130.68021,33.85828],[130.67657,33.8905],[130.67503,33.88512],[130.6706,33.88009],[130.6665,33.87288],[130.66021,33.87235],[130.65819,33.8704],[130.64945,33.87109],[130.64333,33.86802],[130.64431,33.86632],[130.64172,33.85683],[130.63804,33.84987],[130.64688,33.84925],[130.65273,33.85085],[130.653,33.84653],[130.64852,33.84442],[130.64678,33.83896],[130.64293,33.83337],[130.6416,33.82822],[130.64414,33.81995],[130.64094,33.81321],[130.63597,33.81275],[130.64142,33.80907],[130.64901,33.80964],[130.65321,33.81587],[130.65799,33.81915],[130.66975,33.81963],[130.66851,33.82326],[130.67521,33.82675],[130.67721,33.83049],[130.68539,33.83062],[130.69127,33.8341]]]}},{"type":"Feature","properties":{"code":"40401","name":"鞍手郡小竹町","pref":"福岡県","pref_code":"40","cx":130.71109,"cy":33.71176,"bbox":[130.67112,33.68236,130.72733,33.73254]},"geometry":{"type":"Polygon","coordinates":[[[130.71431,33.73254],[130.71016,33.73032],[130.71072,33.72482],[130.70392,33.72582],[130.69539,33.71964],[130.69672,33.70526],[130.69888,33.70108],[130.69587,33.69885],[130.68642,33.69882],[130.68306,33.70349],[130.68056,33.69918],[130.67321,33.69645],[130.67112,33.69108],[130.6747,33.6883],[130.67768,33.68323],[130.68163,33.68326],[130.68549,33.68623],[130.68909,33.68505],[130.69851,33.6854],[130.70322,33.68236],[130.70773,33.68331],[130.7134,33.68813],[130.71483,33.69296],[130.71219,33.69649],[130.71208,33.70075],[130.71644,33.70151],[130.72135,33.69978],[130.72603,33.702],[130.72733,33.7066],[130.72478,33.71693],[130.72663,33.71836],[130.72728,33.72921],[130.72409,33.73162],[130.71958,33.72918],[130.71431,33.73254]]]}},{"type":"Feature","properties":{"code":"40402","name":"鞍手郡鞍手町","pref":"福岡県","pref_code":"40","cx":130.67243,"cy":33.77922,"bbox":[130.63318,33.73975,130.70716,33.82152]},"geometry":{"type":"Polygon","coordinates":[[[130.70356,33.80126],[130.70057,33.80647],[130.69233,33.80688],[130.6879,33.81261],[130.68065,33.81109],[130.67879,33.81656],[130.67449,33.82152],[130.66975,33.81963],[130.65799,33.81915],[130.65321,33.81587],[130.64901,33.80964],[130.64142,33.80907],[130.63597,33.81275],[130.63658,33.80656],[130.63318,33.8042],[130.63406,33.80014],[130.63982,33.79062],[130.64488,33.7847],[130.64506,33.78184],[130.6509,33.77209],[130.6493,33.7705],[130.65248,33.76276],[130.65196,33.75073],[130.65469,33.74752],[130.65528,33.74298],[130.65914,33.73975],[130.66776,33.74051],[130.68425,33.74844],[130.6801,33.76317],[130.6931,33.76775],[130.69844,33.76782],[130.69972,33.77661],[130.69519,33.78461],[130.70046,33.79095],[130.70716,33.79605],[130.70356,33.80126]]]}},{"type":"Feature","properties":{"code":"40421","name":"嘉穂郡桂川町","pref":"福岡県","pref_code":"40","cx":130.67746,"cy":33.56443,"bbox":[130.64916,33.52908,130.70515,33.60241]},"geometry":{"type":"Polygon","coordinates":[[[130.67222,33.52908],[130.67706,33.53109],[130.6807,33.53757],[130.68476,33.54171],[130.68651,33.55069],[130.69085,33.55062],[130.6936,33.55746],[130.69226,33.56609],[130.69869,33.56963],[130.70409,33.58196],[130.70515,33.59072],[130.70293,33.59689],[130.70011,33.59951],[130.691,33.59573],[130.68522,33.59673],[130.68223,33.60241],[130.67686,33.60048],[130.66999,33.60028],[130.66746,33.59709],[130.65386,33.59551],[130.64916,33.58871],[130.6555,33.58901],[130.65974,33.58695],[130.65643,33.58176],[130.65938,33.57972],[130.66574,33.57936],[130.66063,33.56676],[130.66368,33.56277],[130.66608,33.55213],[130.67298,33.55431],[130.6777,33.55081],[130.67711,33.54523],[130.67086,33.53876],[130.66934,33.53464],[130.67222,33.52908]]]}},{"type":"Feature","properties":{"code":"40447","name":"朝倉郡筑前町","pref":"福岡県","pref_code":"40","cx":130.60639,"cy":33.45891,"bbox":[130.56202,33.4049,130.66868,33.51095]},"geometry":{"type":"Polygon","coordinates":[[[130.62145,33.5061],[130.61858,33.5046],[130.61001,33.49592],[130.61016,33.49281],[130.60416,33.49148],[130.60199,33.48914],[130.58902,33.48573],[130.58828,33.48142],[130.58009,33.47273],[130.57156,33.47431],[130.56632,33.47689],[130.56223,33.47356],[130.56202,33.46276],[130.56567,33.45677],[130.57064,33.45266],[130.57557,33.44511],[130.58462,33.44103],[130.57977,33.43697],[130.58602,33.43013],[130.60506,33.41929],[130.60932,33.41231],[130.61631,33.4049],[130.61646,33.40716],[130.62381,33.41227],[130.63599,33.4119],[130.64261,33.42142],[130.64553,33.42336],[130.65102,33.4318],[130.65396,33.4312],[130.65845,33.4362],[130.65919,33.44111],[130.65465,33.44578],[130.64734,33.44813],[130.64939,33.45199],[130.64771,33.45612],[130.64896,33.46106],[130.65316,33.4637],[130.6547,33.47016],[130.65946,33.47306],[130.66592,33.48557],[130.66653,33.49076],[130.66456,33.49272],[130.66868,33.49809],[130.66238,33.50382],[130.65892,33.50819],[130.65314,33.51095],[130.64869,33.50977],[130.64214,33.5055],[130.63602,33.50481],[130.63531,33.50725],[130.62793,33.50451],[130.62145,33.5061]]]}},{"type":"Feature","properties":{"code":"40448","name":"朝倉郡東峰村","pref":"福岡県","pref_code":"40","cx":130.86377,"cy":33.43156,"bbox":[130.76973,33.37296,130.90028,33.48884]},"geometry":{"type":"Polygon","coordinates":[[[130.79123,33.47099],[130.78346,33.46942],[130.77966,33.46721],[130.77486,33.45808],[130.77088,33.45596],[130.76973,33.45267],[130.77727,33.45054],[130.78302,33.45193],[130.78726,33.4549],[130.79067,33.4537],[130.79796,33.45723],[130.80303,33.45484],[130.81087,33.4581],[130.81822,33.45724],[130.82879,33.44735],[130.8281,33.43997],[130.83075,33.43891],[130.83407,33.4332],[130.83402,33.42838],[130.83677,33.42093],[130.84242,33.41648],[130.84875,33.41801],[130.85088,33.40944],[130.85412,33.40766],[130.85957,33.39963],[130.85695,33.39295],[130.85864,33.38815],[130.85972,33.37296],[130.86243,33.37666],[130.88584,33.37923],[130.88458,33.38943],[130.88761,33.4005],[130.88761,33.40446],[130.892,33.40645],[130.88954,33.41518],[130.89253,33.41998],[130.89169,33.42995],[130.89527,33.43317],[130.89758,33.43855],[130.89492,33.44616],[130.90028,33.44921],[130.89945,33.45105],[130.89065,33.45266],[130.88802,33.45064],[130.87925,33.45119],[130.87187,33.44972],[130.86428,33.45103],[130.86119,33.44682],[130.85315,33.44768],[130.84624,33.45722],[130.84436,33.46214],[130.83606,33.46837],[130.8363,33.47218],[130.84203,33.47442],[130.8478,33.47934],[130.84283,33.4855],[130.8375,33.48426],[130.82943,33.48821],[130.82139,33.4875],[130.81763,33.48884],[130.81172,33.4873],[130.8083,33.48341],[130.80909,33.47514],[130.80609,33.47187],[130.79388,33.47241],[130.79123,33.47099]]]}},{"type":"Feature","properties":{"code":"40503","name":"三井郡大刀洗町","pref":"福岡県","pref_code":"40","cx":130.61361,"cy":33.38119,"bbox":[130.5781,33.35284,130.66679,33.41231]},"geometry":{"type":"Polygon","coordinates":[[[130.66679,33.36219],[130.65358,33.3678],[130.65249,33.37379],[130.64733,33.37228],[130.64031,33.37338],[130.64495,33.37933],[130.64592,33.38592],[130.62553,33.39072],[130.62438,33.39438],[130.61773,33.3961],[130.61548,33.39992],[130.61631,33.4049],[130.60932,33.41231],[130.5998,33.41002],[130.59851,33.40319],[130.59307,33.40252],[130.58552,33.38398],[130.58286,33.38305],[130.5781,33.37286],[130.57843,33.36707],[130.60555,33.36749],[130.61175,33.36559],[130.61527,33.36742],[130.6294,33.36687],[130.62743,33.3622],[130.63133,33.35284],[130.64016,33.35847],[130.65059,33.36285],[130.66679,33.36219]]]}},{"type":"Feature","properties":{"code":"40522","name":"三潴郡大木町","pref":"福岡県","pref_code":"40","cx":130.4406,"cy":33.21599,"bbox":[130.41239,33.18122,130.4637,33.24521]},"geometry":{"type":"Polygon","coordinates":[[[130.41239,33.22472],[130.41297,33.22332],[130.42342,33.22054],[130.41925,33.21145],[130.42062,33.20769],[130.41875,33.2032],[130.421,33.1998],[130.42034,33.19451],[130.43034,33.19454],[130.43455,33.18662],[130.43517,33.18122],[130.44609,33.18491],[130.45712,33.18578],[130.4595,33.1905],[130.4544,33.1922],[130.45159,33.20484],[130.45808,33.20684],[130.46083,33.22098],[130.4637,33.22411],[130.46122,33.22426],[130.45851,33.22987],[130.45798,33.23691],[130.44859,33.24177],[130.4439,33.24521],[130.44157,33.24424],[130.44225,33.23717],[130.43534,33.23689],[130.43751,33.22892],[130.4255,33.23011],[130.42314,33.22397],[130.41765,33.22611],[130.41239,33.22472]]]}},{"type":"Feature","properties":{"code":"40544","name":"八女郡広川町","pref":"福岡県","pref_code":"40","cx":130.5759,"cy":33.25818,"bbox":[130.5086,33.23023,130.63008,33.28618]},"geometry":{"type":"Polygon","coordinates":[[[130.51205,33.25355],[130.51339,33.24763],[130.5086,33.23866],[130.51377,33.23804],[130.51881,33.23123],[130.52442,33.23301],[130.52915,33.23183],[130.53517,33.23394],[130.54498,33.23023],[130.55108,33.23224],[130.56,33.23211],[130.57012,33.23469],[130.5784,33.23523],[130.58654,33.23805],[130.59879,33.24481],[130.603,33.24477],[130.60592,33.23843],[130.6114,33.23668],[130.61863,33.23729],[130.62326,33.23617],[130.63002,33.23796],[130.63008,33.24583],[130.62735,33.24835],[130.61924,33.25958],[130.62021,33.26557],[130.61754,33.2705],[130.61669,33.27931],[130.61913,33.2847],[130.61675,33.28618],[130.61394,33.28271],[130.60779,33.28043],[130.60211,33.27448],[130.59342,33.27268],[130.58715,33.26862],[130.57978,33.27491],[130.57562,33.27663],[130.56824,33.27379],[130.56611,33.26638],[130.55693,33.26476],[130.54593,33.26015],[130.53455,33.26265],[130.53546,33.25965],[130.53115,33.25803],[130.52648,33.26029],[130.52414,33.25873],[130.51698,33.25833],[130.51287,33.26014],[130.51205,33.25355]]]}},{"type":"Feature","properties":{"code":"40601","name":"田川郡香春町","pref":"福岡県","pref_code":"40","cx":130.85092,"cy":33.68839,"bbox":[130.82202,33.63999,130.89053,33.73637]},"geometry":{"type":"Polygon","coordinates":[[[130.82202,33.72126],[130.82509,33.71813],[130.82654,33.71295],[130.82994,33.71142],[130.83104,33.7042],[130.82754,33.69672],[130.82855,33.69494],[130.82572,33.68797],[130.82759,33.68105],[130.82456,33.66934],[130.82537,33.66472],[130.82949,33.66135],[130.83664,33.66051],[130.83467,33.65628],[130.8298,33.6544],[130.83385,33.64988],[130.84326,33.64481],[130.85585,33.64583],[130.86546,33.64313],[130.86764,33.63999],[130.87595,33.64102],[130.88645,33.64657],[130.89053,33.64991],[130.88483,33.65225],[130.88229,33.65774],[130.88581,33.66092],[130.88974,33.66906],[130.8825,33.68186],[130.87551,33.68881],[130.87522,33.69385],[130.87844,33.6996],[130.87242,33.70511],[130.86914,33.71507],[130.86978,33.7227],[130.86758,33.73055],[130.86783,33.73429],[130.86294,33.73637],[130.85518,33.7357],[130.85017,33.73322],[130.84747,33.72591],[130.8446,33.72441],[130.83766,33.7257],[130.82694,33.72381],[130.82202,33.72126]]]}},{"type":"Feature","properties":{"code":"40602","name":"田川郡添田町","pref":"福岡県","pref_code":"40","cx":130.87911,"cy":33.51883,"bbox":[130.81034,33.44682,130.94989,33.59087]},"geometry":{"type":"Polygon","coordinates":[[[130.81763,33.48884],[130.82139,33.4875],[130.82943,33.48821],[130.8375,33.48426],[130.84283,33.4855],[130.8478,33.47934],[130.84203,33.47442],[130.8363,33.47218],[130.83606,33.46837],[130.84436,33.46214],[130.84624,33.45722],[130.85315,33.44768],[130.86119,33.44682],[130.86428,33.45103],[130.87187,33.44972],[130.87925,33.45119],[130.88802,33.45064],[130.89065,33.45266],[130.89945,33.45105],[130.90028,33.44921],[130.91053,33.44979],[130.91572,33.4548],[130.92629,33.45762],[130.92925,33.46063],[130.92982,33.4667],[130.94242,33.48564],[130.94989,33.48767],[130.94716,33.49554],[130.93796,33.49922],[130.94022,33.50913],[130.93511,33.51322],[130.93504,33.51977],[130.93121,33.52548],[130.93316,33.53246],[130.92694,33.54096],[130.92007,33.55186],[130.92203,33.55745],[130.91723,33.56013],[130.9144,33.56473],[130.90576,33.56789],[130.90169,33.57383],[130.89509,33.5784],[130.88934,33.58056],[130.88398,33.57589],[130.87855,33.57515],[130.8743,33.57156],[130.86806,33.58451],[130.86169,33.5814],[130.85698,33.58364],[130.85612,33.58964],[130.84531,33.58604],[130.83956,33.58745],[130.83634,33.59087],[130.83228,33.59016],[130.83432,33.58554],[130.8325,33.58231],[130.83753,33.57855],[130.83672,33.57294],[130.8387,33.57014],[130.83221,33.56738],[130.8324,33.55427],[130.83019,33.54775],[130.83267,33.54254],[130.83193,33.5342],[130.82704,33.52088],[130.82141,33.51789],[130.81477,33.51734],[130.81176,33.51542],[130.81034,33.50967],[130.81072,33.50226],[130.81384,33.49712],[130.81401,33.49314],[130.81763,33.48884]]]}},{"type":"Feature","properties":{"code":"40604","name":"田川郡糸田町","pref":"福岡県","pref_code":"40","cx":130.77642,"cy":33.65523,"bbox":[130.75162,33.63928,130.79273,33.67146]},"geometry":{"type":"Polygon","coordinates":[[[130.75162,33.6438],[130.75799,33.63928],[130.76523,33.64263],[130.77164,33.64397],[130.79263,33.65129],[130.79273,33.65613],[130.78781,33.66625],[130.78392,33.67146],[130.77873,33.67054],[130.76616,33.66493],[130.75651,33.66405],[130.76049,33.65432],[130.75728,33.65037],[130.75386,33.65006],[130.75162,33.6438]]]}},{"type":"Feature","properties":{"code":"40605","name":"田川郡川崎町","pref":"福岡県","pref_code":"40","cx":130.81069,"cy":33.56378,"bbox":[130.78514,33.50967,130.84155,33.62409]},"geometry":{"type":"Polygon","coordinates":[[[130.78514,33.56831],[130.79229,33.56019],[130.79291,33.55596],[130.80267,33.54723],[130.80369,33.5384],[130.80668,33.53684],[130.80365,33.51739],[130.80404,33.51126],[130.81034,33.50967],[130.81176,33.51542],[130.81477,33.51734],[130.82141,33.51789],[130.82704,33.52088],[130.83193,33.5342],[130.83267,33.54254],[130.83019,33.54775],[130.8324,33.55427],[130.83221,33.56738],[130.8387,33.57014],[130.83672,33.57294],[130.83753,33.57855],[130.8325,33.58231],[130.83432,33.58554],[130.83228,33.59016],[130.83634,33.59087],[130.84155,33.59855],[130.83662,33.60071],[130.83222,33.6055],[130.82985,33.60987],[130.82396,33.60974],[130.82266,33.61287],[130.81697,33.61717],[130.8017,33.62177],[130.79907,33.62409],[130.7948,33.62307],[130.79363,33.61732],[130.80145,33.61244],[130.79599,33.59942],[130.79974,33.59415],[130.79737,33.58887],[130.79796,33.58236],[130.7929,33.57844],[130.79526,33.57526],[130.78961,33.57305],[130.78514,33.56831]]]}},{"type":"Feature","properties":{"code":"40608","name":"田川郡大任町","pref":"福岡県","pref_code":"40","cx":130.85226,"cy":33.61231,"bbox":[130.83222,33.5814,130.87096,33.64583]},"geometry":{"type":"Polygon","coordinates":[[[130.83222,33.6055],[130.83662,33.60071],[130.84155,33.59855],[130.83634,33.59087],[130.83956,33.58745],[130.84531,33.58604],[130.85612,33.58964],[130.85698,33.58364],[130.86169,33.5814],[130.86806,33.58451],[130.87096,33.59128],[130.86369,33.60368],[130.86511,33.60785],[130.86347,33.61401],[130.85989,33.62068],[130.86137,33.62494],[130.8592,33.62692],[130.86053,33.63857],[130.85585,33.64583],[130.84326,33.64481],[130.84325,33.64],[130.83762,33.63757],[130.83601,33.63242],[130.8412,33.62724],[130.84595,33.61744],[130.84273,33.61615],[130.83965,33.61061],[130.83222,33.6055]]]}},{"type":"Feature","properties":{"code":"40609","name":"田川郡赤村","pref":"福岡県","pref_code":"40","cx":130.88352,"cy":33.60393,"bbox":[130.85585,33.55745,130.92364,33.64991]},"geometry":{"type":"Polygon","coordinates":[[[130.85585,33.64583],[130.86053,33.63857],[130.8592,33.62692],[130.86137,33.62494],[130.85989,33.62068],[130.86347,33.61401],[130.86511,33.60785],[130.86369,33.60368],[130.87096,33.59128],[130.86806,33.58451],[130.8743,33.57156],[130.87855,33.57515],[130.88398,33.57589],[130.88934,33.58056],[130.89509,33.5784],[130.90169,33.57383],[130.90576,33.56789],[130.9144,33.56473],[130.91723,33.56013],[130.92203,33.55745],[130.92364,33.56045],[130.92095,33.56519],[130.92218,33.57495],[130.91825,33.58644],[130.91135,33.58949],[130.91131,33.59572],[130.90301,33.60419],[130.90297,33.61032],[130.89801,33.61485],[130.9058,33.62693],[130.90632,33.63378],[130.90823,33.6367],[130.9026,33.63975],[130.89356,33.63591],[130.89029,33.64148],[130.89263,33.64433],[130.89053,33.64991],[130.88645,33.64657],[130.87595,33.64102],[130.86764,33.63999],[130.86546,33.64313],[130.85585,33.64583]]]}},{"type":"Feature","properties":{"code":"40610","name":"田川郡福智町","pref":"福岡県","pref_code":"40","cx":130.78787,"cy":33.70298,"bbox":[130.74382,33.66405,130.83104,33.74204]},"geometry":{"type":"Polygon","coordinates":[[[130.80403,33.74204],[130.79739,33.73904],[130.79203,33.74073],[130.78858,33.7393],[130.78204,33.72741],[130.77389,33.72517],[130.7733,33.72257],[130.74819,33.7159],[130.74931,33.7111],[130.74635,33.70857],[130.74709,33.70449],[130.74382,33.70176],[130.74785,33.69959],[130.7551,33.68476],[130.75193,33.68099],[130.75125,33.67389],[130.75309,33.67265],[130.75423,33.66524],[130.75651,33.66405],[130.76616,33.66493],[130.77873,33.67054],[130.78392,33.67146],[130.78781,33.66625],[130.79269,33.667],[130.79238,33.67035],[130.80751,33.67122],[130.80381,33.67999],[130.80684,33.68286],[130.80636,33.69052],[130.81135,33.69458],[130.81934,33.69418],[130.82754,33.69672],[130.83104,33.7042],[130.82994,33.71142],[130.82654,33.71295],[130.82509,33.71813],[130.82202,33.72126],[130.82093,33.72549],[130.81396,33.72809],[130.81078,33.73351],[130.80564,33.73466],[130.80403,33.74204]]]}},{"type":"Feature","properties":{"code":"40621","name":"京都郡苅田町","pref":"福岡県","pref_code":"40","cx":130.96873,"cy":33.77766,"bbox":[130.90951,33.73566,131.04186,33.8356]},"geometry":{"type":"MultiPolygon","coordinates":[[[[130.91004,33.74888],[130.91767,33.74771],[130.92389,33.74498],[130.9287,33.74474],[130.93198,33.74052],[130.94319,33.73969],[130.94347,33.73746],[130.95137,33.73566],[130.95863,33.73844],[130.96516,33.7393],[130.96999,33.74173],[130.97553,33.74242],[130.97888,33.74527],[130.98591,33.74121],[130.99177,33.7434],[131.00001,33.74864],[131.00417,33.74992],[131.00081,33.75728],[131.01772,33.76799],[131.01169,33.77749],[130.99927,33.76937],[130.99447,33.7749],[131.003,33.78105],[131.00369,33.78333],[130.9983,33.79154],[131.00243,33.79418],[130.99904,33.79666],[130.99353,33.79458],[130.99106,33.78913],[130.98693,33.79209],[130.98785,33.79651],[131.00067,33.80179],[130.99882,33.8071],[131.00445,33.80625],[131.01546,33.81141],[131.01177,33.81959],[130.98526,33.81026],[130.9813,33.81063],[130.97444,33.80524],[130.96033,33.79079],[130.95772,33.79081],[130.95327,33.78086],[130.94481,33.77783],[130.94102,33.77829],[130.93374,33.77585],[130.92678,33.77984],[130.91641,33.77492],[130.91662,33.77122],[130.91009,33.76683],[130.91342,33.7567],[130.90951,33.75106],[130.91004,33.74888]]],[[[131.02928,33.83422],[131.03227,33.81993],[131.04186,33.82126],[131.03899,33.8356],[131.02928,33.83422]]]]}},{"type":"Feature","properties":{"code":"40625","name":"京都郡みやこ町","pref":"福岡県","pref_code":"40","cx":130.93685,"cy":33.61628,"bbox":[130.86758,33.48767,131.01072,33.74246]},"geometry":{"type":"Polygon","coordinates":[[[130.86783,33.73429],[130.86758,33.73055],[130.86978,33.7227],[130.86914,33.71507],[130.87242,33.70511],[130.87844,33.6996],[130.87522,33.69385],[130.87551,33.68881],[130.8825,33.68186],[130.88974,33.66906],[130.88581,33.66092],[130.88229,33.65774],[130.88483,33.65225],[130.89053,33.64991],[130.89263,33.64433],[130.89029,33.64148],[130.89356,33.63591],[130.9026,33.63975],[130.90823,33.6367],[130.90632,33.63378],[130.9058,33.62693],[130.89801,33.61485],[130.90297,33.61032],[130.90301,33.60419],[130.91131,33.59572],[130.91135,33.58949],[130.91825,33.58644],[130.92218,33.57495],[130.92095,33.56519],[130.92364,33.56045],[130.92203,33.55745],[130.92007,33.55186],[130.92694,33.54096],[130.93316,33.53246],[130.93121,33.52548],[130.93504,33.51977],[130.93511,33.51322],[130.94022,33.50913],[130.93796,33.49922],[130.94716,33.49554],[130.94989,33.48767],[130.9561,33.49198],[130.96159,33.49358],[130.96261,33.49769],[130.96969,33.50051],[130.97232,33.50515],[130.98152,33.50776],[130.97133,33.51592],[130.96578,33.52641],[130.96672,33.53823],[130.96508,33.54282],[130.97021,33.54708],[130.96879,33.55037],[130.9736,33.56032],[130.96983,33.56119],[130.96177,33.56563],[130.9608,33.57206],[130.9627,33.58212],[130.96145,33.5852],[130.96457,33.58925],[130.96592,33.59408],[130.96886,33.59665],[130.97303,33.61079],[130.97251,33.6135],[130.97594,33.61771],[130.98055,33.63003],[130.98345,33.63054],[130.98563,33.6367],[130.99053,33.64133],[130.98818,33.64617],[130.98798,33.65169],[130.99153,33.65759],[130.98959,33.66108],[131.00234,33.67107],[131.00819,33.67325],[131.01072,33.67624],[131.00627,33.67758],[131.00436,33.68112],[131.00502,33.68643],[131.00331,33.68955],[130.99523,33.69456],[130.98969,33.68899],[130.98405,33.69187],[130.97717,33.68973],[130.9708,33.6912],[130.9694,33.68695],[130.96496,33.68653],[130.95506,33.67819],[130.95095,33.68085],[130.94862,33.67841],[130.94103,33.67713],[130.93933,33.67431],[130.93417,33.67214],[130.92619,33.67222],[130.92825,33.67773],[130.928,33.68194],[130.93024,33.69464],[130.92878,33.69947],[130.93494,33.70797],[130.93862,33.71117],[130.93125,33.71957],[130.92063,33.71845],[130.91846,33.72105],[130.91388,33.72099],[130.91215,33.71166],[130.90598,33.7139],[130.90394,33.71998],[130.89875,33.72168],[130.89434,33.73414],[130.89177,33.73542],[130.88946,33.74246],[130.87819,33.74171],[130.86783,33.73429]]]}},{"type":"Feature","properties":{"code":"40642","name":"築上郡吉富町","pref":"福岡県","pref_code":"40","cx":131.16852,"cy":33.60619,"bbox":[131.15291,33.58842,131.1851,33.62126]},"geometry":{"type":"Polygon","coordinates":[[[131.15665,33.59825],[131.165,33.59522],[131.1664,33.58895],[131.172,33.58842],[131.17838,33.59682],[131.17792,33.60482],[131.1851,33.61577],[131.18479,33.62041],[131.17869,33.62126],[131.16618,33.61688],[131.16007,33.60755],[131.15291,33.60223],[131.15665,33.59825]]]}},{"type":"Feature","properties":{"code":"40646","name":"築上郡上毛町","pref":"福岡県","pref_code":"40","cx":131.15159,"cy":33.5509,"bbox":[131.06765,33.50208,131.19057,33.59825]},"geometry":{"type":"Polygon","coordinates":[[[131.06765,33.50906],[131.06974,33.50679],[131.07965,33.50535],[131.0937,33.50737],[131.10053,33.50476],[131.10551,33.50776],[131.11897,33.50208],[131.13019,33.50242],[131.13363,33.50577],[131.14158,33.50464],[131.15466,33.50607],[131.1558,33.50787],[131.16316,33.50846],[131.16716,33.50559],[131.17595,33.50656],[131.17414,33.51262],[131.16806,33.51615],[131.16971,33.52116],[131.16671,33.52871],[131.17675,33.5344],[131.1869,33.54404],[131.19057,33.55803],[131.1894,33.56308],[131.18616,33.56786],[131.17602,33.57472],[131.17316,33.57824],[131.172,33.58842],[131.1664,33.58895],[131.165,33.59522],[131.15665,33.59825],[131.15191,33.59047],[131.14217,33.58581],[131.13841,33.58262],[131.131,33.57937],[131.12809,33.574],[131.1218,33.56762],[131.11862,33.55706],[131.11567,33.55404],[131.11327,33.54777],[131.10966,33.5431],[131.09343,33.53565],[131.09456,33.53117],[131.09084,33.52477],[131.08214,33.51877],[131.07641,33.5177],[131.06765,33.50906]]]}},{"type":"Feature","properties":{"code":"40647","name":"築上郡築上町","pref":"福岡県","pref_code":"40","cx":131.01116,"cy":33.59969,"bbox":[130.9608,33.50733,131.08666,33.6891]},"geometry":{"type":"Polygon","coordinates":[[[131.01072,33.67624],[131.00819,33.67325],[131.00234,33.67107],[130.98959,33.66108],[130.99153,33.65759],[130.98798,33.65169],[130.98818,33.64617],[130.99053,33.64133],[130.98563,33.6367],[130.98345,33.63054],[130.98055,33.63003],[130.97594,33.61771],[130.97251,33.6135],[130.97303,33.61079],[130.96886,33.59665],[130.96592,33.59408],[130.96457,33.58925],[130.96145,33.5852],[130.9627,33.58212],[130.9608,33.57206],[130.96177,33.56563],[130.96983,33.56119],[130.9736,33.56032],[130.96879,33.55037],[130.97021,33.54708],[130.96508,33.54282],[130.96672,33.53823],[130.96578,33.52641],[130.97133,33.51592],[130.98152,33.50776],[130.98663,33.50733],[130.98995,33.50914],[130.99016,33.51743],[130.99448,33.52708],[131.00031,33.53318],[131.00218,33.53305],[131.01069,33.54011],[131.00947,33.5438],[131.01222,33.54899],[131.01212,33.55358],[131.02399,33.56412],[131.02925,33.565],[131.03583,33.57309],[131.04557,33.58717],[131.04869,33.59575],[131.05555,33.60273],[131.06615,33.60949],[131.07687,33.62393],[131.08226,33.6262],[131.08666,33.63445],[131.084,33.63676],[131.08035,33.64805],[131.07274,33.65653],[131.06734,33.65882],[131.06579,33.66504],[131.06191,33.6723],[131.05933,33.67309],[131.05154,33.68614],[131.0458,33.6891],[131.04588,33.68497],[131.03676,33.67981],[131.02982,33.67942],[131.02287,33.68347],[131.01599,33.67854],[131.01072,33.67624]]]}},{"type":"Feature","properties":{"code":"41201","name":"佐賀市","pref":"佐賀県","pref_code":"41","cx":130.28547,"cy":33.31129,"bbox":[130.13943,33.14036,130.37905,33.4814]},"geometry":{"type":"Polygon","coordinates":[[[130.33975,33.44461],[130.335,33.45037],[130.31966,33.45873],[130.31112,33.46198],[130.30326,33.4613],[130.29588,33.46355],[130.27671,33.47888],[130.27112,33.47993],[130.2575,33.47607],[130.25237,33.47096],[130.2442,33.47441],[130.23823,33.47403],[130.23343,33.47887],[130.22334,33.47828],[130.20559,33.4814],[130.18867,33.4747],[130.18863,33.47082],[130.1828,33.46665],[130.16879,33.46765],[130.17,33.46337],[130.1658,33.45891],[130.16933,33.45151],[130.16794,33.43159],[130.16374,33.42347],[130.1578,33.42209],[130.15953,33.41585],[130.1702,33.41499],[130.16483,33.40957],[130.15645,33.40934],[130.15772,33.40064],[130.15423,33.39261],[130.14138,33.38105],[130.13943,33.3722],[130.14461,33.36445],[130.14574,33.35203],[130.14089,33.34647],[130.14281,33.33888],[130.16147,33.3403],[130.16826,33.33785],[130.18207,33.34088],[130.19477,33.34186],[130.21014,33.34062],[130.22168,33.33494],[130.22555,33.32875],[130.22383,33.32044],[130.22664,33.3137],[130.23245,33.30887],[130.23474,33.29626],[130.23759,33.29448],[130.2447,33.2727],[130.24366,33.26735],[130.24448,33.25297],[130.23562,33.25241],[130.22972,33.25646],[130.21959,33.2519],[130.21857,33.24644],[130.22339,33.24021],[130.22141,33.22927],[130.22983,33.21502],[130.22933,33.20398],[130.23459,33.20419],[130.23495,33.19811],[130.22982,33.19288],[130.23121,33.19214],[130.23345,33.19421],[130.24672,33.19174],[130.24643,33.2029],[130.25396,33.20252],[130.25558,33.19708],[130.25133,33.19018],[130.25999,33.17999],[130.27858,33.16889],[130.27877,33.1638],[130.28573,33.1617],[130.28397,33.15602],[130.28852,33.14669],[130.30721,33.146],[130.34077,33.14146],[130.35578,33.14036],[130.35593,33.15382],[130.35212,33.16951],[130.35312,33.18046],[130.34706,33.18196],[130.34055,33.18845],[130.3397,33.20502],[130.34269,33.20828],[130.35503,33.20923],[130.36206,33.2152],[130.37617,33.21992],[130.37905,33.22918],[130.37065,33.23609],[130.37394,33.24436],[130.37369,33.25725],[130.35011,33.25602],[130.34993,33.25009],[130.34363,33.2499],[130.34353,33.25985],[130.34063,33.269],[130.34059,33.27846],[130.33566,33.29762],[130.34234,33.29891],[130.34256,33.30695],[130.33662,33.32921],[130.33762,33.33338],[130.33114,33.35649],[130.32401,33.36023],[130.30951,33.35859],[130.30467,33.3518],[130.29781,33.35766],[130.28885,33.36901],[130.29313,33.37191],[130.2936,33.37914],[130.28745,33.38251],[130.28186,33.37964],[130.27377,33.38691],[130.27652,33.39216],[130.27549,33.39804],[130.27858,33.40266],[130.29445,33.40352],[130.29835,33.40929],[130.30751,33.41299],[130.31267,33.41176],[130.3202,33.42058],[130.32739,33.42247],[130.33073,33.43467],[130.33975,33.44461]]]}},{"type":"Feature","properties":{"code":"41202","name":"唐津市","pref":"佐賀県","pref_code":"41","cx":129.99365,"cy":33.41542,"bbox":[129.7402,33.27759,130.1702,33.61767]},"geometry":{"type":"MultiPolygon","coordinates":[[[[129.99167,33.48034],[129.98522,33.478],[129.98647,33.47337],[129.99424,33.47285],[129.99167,33.48034]]],[[[129.97376,33.54357],[129.96464,33.52917],[129.974,33.52867],[129.97801,33.53843],[129.97376,33.54357]]],[[[130.16879,33.46765],[130.15677,33.47672],[130.1485,33.47729],[130.1388,33.47044],[130.12974,33.47555],[130.10313,33.47589],[130.09842,33.46984],[130.08892,33.46867],[130.07355,33.46915],[130.06807,33.4725],[130.04492,33.46744],[130.03934,33.46926],[130.03554,33.46576],[130.0407,33.45774],[130.03827,33.45315],[130.02665,33.44761],[130.01615,33.44609],[129.99891,33.44679],[129.98554,33.45221],[129.97073,33.45478],[129.95997,33.46871],[129.96693,33.47009],[129.97115,33.47547],[129.96522,33.48318],[129.95966,33.48313],[129.95663,33.47618],[129.94771,33.47244],[129.94249,33.47456],[129.93742,33.48164],[129.94563,33.48475],[129.94396,33.49303],[129.95833,33.50584],[129.96473,33.50576],[129.96929,33.51146],[129.95706,33.51751],[129.95275,33.52968],[129.94594,33.52837],[129.92951,33.53684],[129.93063,33.54525],[129.91414,33.54238],[129.90925,33.54935],[129.90105,33.54544],[129.89765,33.54924],[129.8861,33.54167],[129.88192,33.53432],[129.87324,33.53617],[129.85842,33.5438],[129.85803,33.55142],[129.8514,33.55347],[129.84729,33.54744],[129.84807,33.53788],[129.85645,33.5332],[129.84883,33.51562],[129.85686,33.51141],[129.86915,33.50873],[129.87691,33.50132],[129.88166,33.50148],[129.88898,33.49215],[129.89684,33.48986],[129.90167,33.48167],[129.90458,33.47057],[129.89633,33.46741],[129.89795,33.4614],[129.89433,33.45837],[129.88751,33.44614],[129.88639,33.44101],[129.88054,33.44093],[129.87909,33.43267],[129.87191,33.43093],[129.87003,33.43525],[129.86092,33.4347],[129.85853,33.43881],[129.86279,33.44594],[129.85151,33.44725],[129.84327,33.4449],[129.84163,33.44939],[129.83494,33.45084],[129.83892,33.45837],[129.83737,33.46427],[129.82603,33.46842],[129.82365,33.47356],[129.82661,33.47931],[129.80643,33.48566],[129.79994,33.47458],[129.79378,33.47229],[129.79851,33.46363],[129.80621,33.46192],[129.80352,33.455],[129.79048,33.45908],[129.78449,33.45603],[129.78329,33.45068],[129.79143,33.44236],[129.80177,33.44042],[129.80275,33.43612],[129.81163,33.43513],[129.81541,33.42705],[129.82499,33.42401],[129.82213,33.41444],[129.83315,33.41398],[129.84726,33.40579],[129.85998,33.40658],[129.86408,33.41066],[129.86866,33.40095],[129.86502,33.39319],[129.87631,33.3872],[129.88369,33.39063],[129.8803,33.39655],[129.88187,33.40738],[129.89089,33.40626],[129.90424,33.41183],[129.90554,33.40694],[129.91315,33.40273],[129.92047,33.39305],[129.91492,33.37822],[129.9259,33.35755],[129.93011,33.35726],[129.93588,33.34746],[129.94422,33.34482],[129.95021,33.33524],[129.9544,33.32352],[129.95977,33.32856],[129.95525,33.34161],[129.95609,33.3462],[129.96279,33.34629],[129.9678,33.33616],[129.98209,33.32641],[129.9933,33.32704],[129.99947,33.3209],[130.00906,33.31531],[130.00954,33.30278],[130.01518,33.29398],[130.0206,33.29118],[130.02542,33.28303],[130.02763,33.28084],[130.03451,33.27759],[130.04496,33.28611],[130.05424,33.2884],[130.06332,33.29722],[130.074,33.29977],[130.08235,33.30667],[130.08611,33.31223],[130.09778,33.31444],[130.11222,33.32522],[130.11677,33.3269],[130.11979,33.33325],[130.12747,33.33976],[130.14281,33.33888],[130.14089,33.34647],[130.14574,33.35203],[130.14461,33.36445],[130.13943,33.3722],[130.14138,33.38105],[130.15423,33.39261],[130.15772,33.40064],[130.15645,33.40934],[130.16483,33.40957],[130.1702,33.41499],[130.15953,33.41585],[130.1578,33.42209],[130.16374,33.42347],[130.16794,33.43159],[130.16933,33.45151],[130.1658,33.45891],[130.17,33.46337],[130.16879,33.46765]]],[[[129.88189,33.56775],[129.87388,33.55945],[129.87583,33.55074],[129.87349,33.54432],[129.88106,33.54451],[129.89046,33.55221],[129.88955,33.55997],[129.88189,33.56775]]],[[[129.76066,33.58267],[129.75396,33.57781],[129.7475,33.58259],[129.7402,33.57286],[129.75036,33.56894],[129.75536,33.56388],[129.76293,33.56369],[129.76599,33.56894],[129.77303,33.57199],[129.76868,33.58206],[129.76066,33.58267]]],[[[129.84563,33.59201],[129.83686,33.5896],[129.84414,33.58486],[129.84563,33.59201]]],[[[129.89839,33.60416],[129.89298,33.5978],[129.89519,33.59435],[129.90322,33.59577],[129.90311,33.60215],[129.89839,33.60416]]],[[[129.86295,33.61767],[129.8524,33.607],[129.84814,33.59935],[129.85179,33.59504],[129.86482,33.58797],[129.86676,33.59711],[129.86223,33.59685],[129.85948,33.60335],[129.86489,33.61479],[129.86295,33.61767]]]]}},{"type":"Feature","properties":{"code":"41203","name":"鳥栖市","pref":"佐賀県","pref_code":"41","cx":130.49603,"cy":33.37493,"bbox":[130.43704,33.32558,130.54196,33.42792]},"geometry":{"type":"Polygon","coordinates":[[[130.54182,33.39425],[130.53872,33.40328],[130.52961,33.40285],[130.52694,33.41112],[130.52001,33.41151],[130.50763,33.40868],[130.50183,33.40568],[130.49259,33.40969],[130.48395,33.42013],[130.47804,33.4238],[130.46237,33.42792],[130.45801,33.42501],[130.45826,33.41998],[130.44668,33.41858],[130.44221,33.41563],[130.43704,33.40485],[130.43983,33.39246],[130.44722,33.37721],[130.45307,33.37266],[130.45696,33.363],[130.45586,33.35629],[130.45894,33.34828],[130.46397,33.35091],[130.46913,33.34716],[130.47292,33.33798],[130.47853,33.33726],[130.47995,33.33087],[130.48705,33.33271],[130.49946,33.32558],[130.50565,33.33107],[130.50674,33.34116],[130.5121,33.34406],[130.51955,33.34049],[130.5268,33.34022],[130.53598,33.34296],[130.54026,33.36522],[130.54196,33.36634],[130.54182,33.39425]]]}},{"type":"Feature","properties":{"code":"41204","name":"多久市","pref":"佐賀県","pref_code":"41","cx":130.10901,"cy":33.28703,"bbox":[130.02295,33.23426,130.1828,33.33976]},"geometry":{"type":"Polygon","coordinates":[[[130.02763,33.28084],[130.02361,33.26823],[130.02295,33.25813],[130.02836,33.25354],[130.02745,33.24983],[130.04005,33.25125],[130.04808,33.24706],[130.05549,33.23867],[130.06323,33.24376],[130.06942,33.23956],[130.07907,33.2371],[130.09573,33.23876],[130.10349,33.23508],[130.11197,33.23922],[130.12556,33.23426],[130.13908,33.24674],[130.14448,33.24652],[130.16025,33.25228],[130.16571,33.24372],[130.17234,33.24417],[130.1828,33.25045],[130.18111,33.25627],[130.1706,33.26858],[130.1655,33.27797],[130.17183,33.2832],[130.16878,33.28794],[130.15741,33.29286],[130.15819,33.30204],[130.1478,33.3102],[130.13759,33.31135],[130.13666,33.32006],[130.13954,33.32563],[130.13815,33.33346],[130.14281,33.33888],[130.12747,33.33976],[130.11979,33.33325],[130.11677,33.3269],[130.11222,33.32522],[130.09778,33.31444],[130.08611,33.31223],[130.08235,33.30667],[130.074,33.29977],[130.06332,33.29722],[130.05424,33.2884],[130.04496,33.28611],[130.03451,33.27759],[130.02763,33.28084]]]}},{"type":"Feature","properties":{"code":"41205","name":"伊万里市","pref":"佐賀県","pref_code":"41","cx":129.92284,"cy":33.31796,"bbox":[129.75897,33.22366,130.02542,33.41183]},"geometry":{"type":"Polygon","coordinates":[[[129.86502,33.39319],[129.86477,33.38516],[129.86689,33.37595],[129.86281,33.37593],[129.85914,33.36976],[129.84929,33.36502],[129.85105,33.35932],[129.84544,33.354],[129.84398,33.34862],[129.84783,33.34356],[129.83048,33.33586],[129.83335,33.32891],[129.84098,33.33236],[129.84683,33.32783],[129.84181,33.3234],[129.84104,33.31686],[129.8361,33.31176],[129.82824,33.31243],[129.83108,33.30422],[129.83893,33.30441],[129.84661,33.30089],[129.85361,33.29371],[129.85094,33.28979],[129.84406,33.29318],[129.84243,33.28682],[129.83137,33.29366],[129.83128,33.2966],[129.81784,33.31495],[129.81343,33.31483],[129.80282,33.332],[129.80415,33.33836],[129.7942,33.33725],[129.78936,33.34048],[129.77658,33.33286],[129.76911,33.31906],[129.75897,33.29085],[129.76386,33.28988],[129.77247,33.28026],[129.7801,33.26716],[129.79095,33.25736],[129.7984,33.25331],[129.81005,33.24265],[129.81409,33.23637],[129.82589,33.23677],[129.83182,33.23501],[129.84334,33.23607],[129.86134,33.24139],[129.87007,33.23764],[129.87269,33.23114],[129.8793,33.22554],[129.89739,33.22366],[129.90458,33.2278],[129.92165,33.22682],[129.9312,33.22992],[129.9363,33.23848],[129.94481,33.24638],[129.9529,33.25715],[129.96114,33.25479],[129.96529,33.26041],[129.97067,33.26141],[129.97239,33.26846],[129.98143,33.27493],[130.00214,33.28084],[130.00843,33.27952],[130.01309,33.28204],[130.02226,33.28097],[130.02542,33.28303],[130.0206,33.29118],[130.01518,33.29398],[130.00954,33.30278],[130.00906,33.31531],[129.99947,33.3209],[129.9933,33.32704],[129.98209,33.32641],[129.9678,33.33616],[129.96279,33.34629],[129.95609,33.3462],[129.95525,33.34161],[129.95977,33.32856],[129.9544,33.32352],[129.95021,33.33524],[129.94422,33.34482],[129.93588,33.34746],[129.93011,33.35726],[129.9259,33.35755],[129.91492,33.37822],[129.92047,33.39305],[129.91315,33.40273],[129.90554,33.40694],[129.90424,33.41183],[129.89089,33.40626],[129.88187,33.40738],[129.8803,33.39655],[129.88369,33.39063],[129.87631,33.3872],[129.86502,33.39319]]]}},{"type":"Feature","properties":{"code":"41206","name":"武雄市","pref":"佐賀県","pref_code":"41","cx":129.99926,"cy":33.1919,"bbox":[129.89739,33.10996,130.10349,33.28303]},"geometry":{"type":"Polygon","coordinates":[[[130.02542,33.28303],[130.02226,33.28097],[130.01309,33.28204],[130.00843,33.27952],[130.00214,33.28084],[129.98143,33.27493],[129.97239,33.26846],[129.97067,33.26141],[129.96529,33.26041],[129.96114,33.25479],[129.9529,33.25715],[129.94481,33.24638],[129.9363,33.23848],[129.9312,33.22992],[129.92165,33.22682],[129.90458,33.2278],[129.89739,33.22366],[129.90033,33.22034],[129.90715,33.1987],[129.91233,33.19753],[129.912,33.18627],[129.91822,33.18256],[129.91715,33.17155],[129.92656,33.17414],[129.93862,33.16537],[129.94145,33.15995],[129.94885,33.13407],[129.95628,33.12863],[129.95669,33.11823],[129.95129,33.10996],[129.96891,33.11529],[129.97602,33.11033],[129.98647,33.11719],[129.99379,33.11737],[129.99489,33.12685],[129.98817,33.13385],[129.99263,33.13668],[130.00449,33.13878],[130.00391,33.14489],[130.01973,33.15153],[130.02853,33.14842],[130.03364,33.15383],[130.0334,33.15777],[130.04851,33.15878],[130.05651,33.16176],[130.05964,33.16735],[130.07197,33.16676],[130.07671,33.17204],[130.07028,33.18163],[130.07308,33.18414],[130.08403,33.18411],[130.08857,33.19931],[130.09823,33.20494],[130.09978,33.20718],[130.09334,33.21465],[130.10001,33.22383],[130.10349,33.23508],[130.09573,33.23876],[130.07907,33.2371],[130.06942,33.23956],[130.06323,33.24376],[130.05549,33.23867],[130.04808,33.24706],[130.04005,33.25125],[130.02745,33.24983],[130.02836,33.25354],[130.02295,33.25813],[130.02361,33.26823],[130.02763,33.28084],[130.02542,33.28303]]]}},{"type":"Feature","properties":{"code":"41207","name":"鹿島市","pref":"佐賀県","pref_code":"41","cx":130.10374,"cy":33.05775,"bbox":[130.03784,32.98585,130.16973,33.13127]},"geometry":{"type":"Polygon","coordinates":[[[130.12951,33.11783],[130.12884,33.12312],[130.12131,33.12451],[130.11115,33.13108],[130.09602,33.13127],[130.09182,33.12913],[130.08237,33.13077],[130.0785,33.11728],[130.08212,33.1129],[130.08074,33.10688],[130.07562,33.10318],[130.07538,33.09804],[130.06447,33.09969],[130.06261,33.09467],[130.05441,33.0873],[130.05032,33.08685],[130.0394,33.07923],[130.04123,33.0707],[130.04805,33.06305],[130.04504,33.0435],[130.03784,33.02965],[130.04478,33.02368],[130.04271,33.01442],[130.0474,33.00772],[130.04449,33.00411],[130.05403,32.99168],[130.06123,32.98585],[130.07606,32.98756],[130.08014,32.99295],[130.08811,32.99388],[130.09551,33.0014],[130.09702,33.01438],[130.10794,33.02055],[130.12115,33.02419],[130.14294,33.03711],[130.15359,33.04013],[130.16973,33.05103],[130.16153,33.05491],[130.15896,33.06058],[130.14987,33.06724],[130.14618,33.07687],[130.14293,33.07952],[130.14566,33.08619],[130.1405,33.09446],[130.13572,33.09541],[130.132,33.10428],[130.12766,33.10358],[130.12951,33.11783]]]}},{"type":"Feature","properties":{"code":"41208","name":"小城市","pref":"佐賀県","pref_code":"41","cx":130.20745,"cy":33.26796,"bbox":[130.13666,33.19288,130.2447,33.34186]},"geometry":{"type":"Polygon","coordinates":[[[130.14281,33.33888],[130.13815,33.33346],[130.13954,33.32563],[130.13666,33.32006],[130.13759,33.31135],[130.1478,33.3102],[130.15819,33.30204],[130.15741,33.29286],[130.16878,33.28794],[130.17183,33.2832],[130.1655,33.27797],[130.1706,33.26858],[130.18111,33.25627],[130.1828,33.25045],[130.17234,33.24417],[130.16571,33.24372],[130.15981,33.23744],[130.16186,33.22904],[130.17896,33.22778],[130.18457,33.21989],[130.18847,33.22171],[130.19338,33.21434],[130.19943,33.21406],[130.20002,33.20646],[130.19065,33.20601],[130.20044,33.19523],[130.20669,33.19434],[130.21638,33.19698],[130.22982,33.19288],[130.23495,33.19811],[130.23459,33.20419],[130.22933,33.20398],[130.22983,33.21502],[130.22141,33.22927],[130.22339,33.24021],[130.21857,33.24644],[130.21959,33.2519],[130.22972,33.25646],[130.23562,33.25241],[130.24448,33.25297],[130.24366,33.26735],[130.2447,33.2727],[130.23759,33.29448],[130.23474,33.29626],[130.23245,33.30887],[130.22664,33.3137],[130.22383,33.32044],[130.22555,33.32875],[130.22168,33.33494],[130.21014,33.34062],[130.19477,33.34186],[130.18207,33.34088],[130.16826,33.33785],[130.16147,33.3403],[130.14281,33.33888]]]}},{"type":"Feature","properties":{"code":"41209","name":"嬉野市","pref":"佐賀県","pref_code":"41","cx":129.99414,"cy":33.08782,"bbox":[129.92236,33.00411,130.08821,33.17204]},"geometry":{"type":"Polygon","coordinates":[[[129.95129,33.10996],[129.94073,33.11286],[129.93284,33.11108],[129.92527,33.1059],[129.92676,33.10186],[129.92236,33.09049],[129.93307,33.08834],[129.93883,33.07416],[129.95475,33.06597],[129.96403,33.06435],[129.97804,33.05742],[129.98329,33.0568],[129.98759,33.05133],[129.99412,33.04798],[129.9945,33.03713],[129.9997,33.03176],[130.0011,33.02569],[130.0082,33.01982],[130.01495,33.01748],[130.02738,33.02031],[130.02801,33.01245],[130.03792,33.00867],[130.04449,33.00411],[130.0474,33.00772],[130.04271,33.01442],[130.04478,33.02368],[130.03784,33.02965],[130.04504,33.0435],[130.04805,33.06305],[130.04123,33.0707],[130.0394,33.07923],[130.05032,33.08685],[130.05441,33.0873],[130.06261,33.09467],[130.06447,33.09969],[130.07538,33.09804],[130.07562,33.10318],[130.08074,33.10688],[130.08212,33.1129],[130.0785,33.11728],[130.08237,33.13077],[130.07244,33.13109],[130.07351,33.13765],[130.08384,33.1416],[130.08821,33.15203],[130.08428,33.15451],[130.07671,33.17204],[130.07197,33.16676],[130.05964,33.16735],[130.05651,33.16176],[130.04851,33.15878],[130.0334,33.15777],[130.03364,33.15383],[130.02853,33.14842],[130.01973,33.15153],[130.00391,33.14489],[130.00449,33.13878],[129.99263,33.13668],[129.98817,33.13385],[129.99489,33.12685],[129.99379,33.11737],[129.98647,33.11719],[129.97602,33.11033],[129.96891,33.11529],[129.95129,33.10996]]]}},{"type":"Feature","properties":{"code":"41210","name":"神埼市","pref":"佐賀県","pref_code":"41","cx":130.35957,"cy":33.34235,"bbox":[130.27377,33.24054,130.41951,33.44502]},"geometry":{"type":"Polygon","coordinates":[[[130.37394,33.24436],[130.38539,33.24054],[130.39031,33.2453],[130.38897,33.25712],[130.39198,33.26023],[130.40002,33.2591],[130.4021,33.24865],[130.4149,33.25265],[130.41951,33.2616],[130.41746,33.26834],[130.40968,33.26894],[130.40712,33.27355],[130.40617,33.28503],[130.40153,33.28609],[130.39695,33.28284],[130.38725,33.31778],[130.38358,33.31752],[130.38559,33.33551],[130.38247,33.34919],[130.37537,33.37071],[130.37716,33.37781],[130.37232,33.37821],[130.36509,33.38929],[130.37014,33.39488],[130.37764,33.39531],[130.38371,33.40464],[130.38357,33.40925],[130.378,33.41353],[130.37822,33.42496],[130.3753,33.4302],[130.36349,33.4349],[130.35579,33.43324],[130.34543,33.44502],[130.33975,33.44461],[130.33073,33.43467],[130.32739,33.42247],[130.3202,33.42058],[130.31267,33.41176],[130.30751,33.41299],[130.29835,33.40929],[130.29445,33.40352],[130.27858,33.40266],[130.27549,33.39804],[130.27652,33.39216],[130.27377,33.38691],[130.28186,33.37964],[130.28745,33.38251],[130.2936,33.37914],[130.29313,33.37191],[130.28885,33.36901],[130.29781,33.35766],[130.30467,33.3518],[130.30951,33.35859],[130.32401,33.36023],[130.33114,33.35649],[130.33762,33.33338],[130.33662,33.32921],[130.34256,33.30695],[130.34234,33.29891],[130.33566,33.29762],[130.34059,33.27846],[130.34063,33.269],[130.34353,33.25985],[130.34363,33.2499],[130.34993,33.25009],[130.35011,33.25602],[130.37369,33.25725],[130.37394,33.24436]]]}},{"type":"Feature","properties":{"code":"41327","name":"神埼郡吉野ヶ里町","pref":"佐賀県","pref_code":"41","cx":130.39674,"cy":33.3546,"bbox":[130.36509,33.28284,130.41968,33.42812]},"geometry":{"type":"Polygon","coordinates":[[[130.40153,33.28609],[130.4054,33.29031],[130.40615,33.29661],[130.40578,33.30273],[130.41334,33.31523],[130.41531,33.32858],[130.41882,33.33587],[130.41106,33.36001],[130.41959,33.37544],[130.41968,33.38361],[130.41097,33.39504],[130.40768,33.3986],[130.41509,33.40929],[130.40477,33.41624],[130.39795,33.42659],[130.38739,33.42812],[130.37822,33.42496],[130.378,33.41353],[130.38357,33.40925],[130.38371,33.40464],[130.37764,33.39531],[130.37014,33.39488],[130.36509,33.38929],[130.37232,33.37821],[130.37716,33.37781],[130.37537,33.37071],[130.38247,33.34919],[130.38559,33.33551],[130.38358,33.31752],[130.38725,33.31778],[130.39695,33.28284],[130.40153,33.28609]]]}},{"type":"Feature","properties":{"code":"41341","name":"三養基郡基山町","pref":"佐賀県","pref_code":"41","cx":130.51012,"cy":33.42251,"bbox":[130.46237,33.39425,130.54182,33.44911]},"geometry":{"type":"Polygon","coordinates":[[[130.54182,33.39425],[130.54106,33.42122],[130.53737,33.4263],[130.53368,33.44146],[130.51113,33.44911],[130.49591,33.44477],[130.49112,33.43971],[130.47438,33.43547],[130.46237,33.42792],[130.47804,33.4238],[130.48395,33.42013],[130.49259,33.40969],[130.50183,33.40568],[130.50763,33.40868],[130.52001,33.41151],[130.52694,33.41112],[130.52961,33.40285],[130.53872,33.40328],[130.54182,33.39425]]]}},{"type":"Feature","properties":{"code":"41345","name":"三養基郡上峰町","pref":"佐賀県","pref_code":"41","cx":130.42271,"cy":33.34767,"bbox":[130.40578,33.29661,130.439,33.40112]},"geometry":{"type":"Polygon","coordinates":[[[130.40615,33.29661],[130.4163,33.29663],[130.41595,33.30193],[130.42289,33.30257],[130.42509,33.29786],[130.43243,33.29927],[130.43335,33.30624],[130.439,33.30887],[130.43816,33.31637],[130.42826,33.3208],[130.42524,33.3337],[130.43218,33.33883],[130.42862,33.35651],[130.42259,33.39846],[130.41901,33.40112],[130.41097,33.39504],[130.41968,33.38361],[130.41959,33.37544],[130.41106,33.36001],[130.41882,33.33587],[130.41531,33.32858],[130.41334,33.31523],[130.40578,33.30273],[130.40615,33.29661]]]}},{"type":"Feature","properties":{"code":"41346","name":"三養基郡みやき町","pref":"佐賀県","pref_code":"41","cx":130.4526,"cy":33.33229,"bbox":[130.40153,33.26403,130.48939,33.40062]},"geometry":{"type":"Polygon","coordinates":[[[130.43828,33.40062],[130.42876,33.39688],[130.42259,33.39846],[130.42862,33.35651],[130.43218,33.33883],[130.42524,33.3337],[130.42826,33.3208],[130.43816,33.31637],[130.439,33.30887],[130.43335,33.30624],[130.43243,33.29927],[130.42509,33.29786],[130.42289,33.30257],[130.41595,33.30193],[130.4163,33.29663],[130.40615,33.29661],[130.4054,33.29031],[130.40153,33.28609],[130.40617,33.28503],[130.40712,33.27355],[130.40968,33.26894],[130.41746,33.26834],[130.42632,33.27061],[130.43095,33.28053],[130.42687,33.29014],[130.43378,33.29245],[130.4385,33.28938],[130.43508,33.27588],[130.43623,33.26979],[130.44246,33.26403],[130.44975,33.2651],[130.44873,33.27841],[130.45295,33.28295],[130.46486,33.28486],[130.46623,33.29033],[130.45623,33.29379],[130.45561,33.30081],[130.46671,33.30475],[130.47826,33.30434],[130.4849,33.30622],[130.48939,33.31593],[130.47699,33.326],[130.47995,33.33087],[130.47853,33.33726],[130.47292,33.33798],[130.46913,33.34716],[130.46397,33.35091],[130.45894,33.34828],[130.45586,33.35629],[130.45696,33.363],[130.45307,33.37266],[130.44722,33.37721],[130.43983,33.39246],[130.43828,33.40062]]]}},{"type":"Feature","properties":{"code":"41387","name":"東松浦郡玄海町","pref":"佐賀県","pref_code":"41","cx":129.87667,"cy":33.47378,"bbox":[129.82964,33.43093,129.90458,33.51979]},"geometry":{"type":"Polygon","coordinates":[[[129.85686,33.51141],[129.85045,33.51239],[129.84314,33.51746],[129.83075,33.51979],[129.83312,33.51186],[129.82964,33.50521],[129.84037,33.4947],[129.83674,33.48722],[129.84449,33.48094],[129.8345,33.47604],[129.83514,33.47206],[129.84297,33.47106],[129.84815,33.47551],[129.85722,33.46479],[129.85669,33.45861],[129.85062,33.45281],[129.85151,33.44725],[129.86279,33.44594],[129.85853,33.43881],[129.86092,33.4347],[129.87003,33.43525],[129.87191,33.43093],[129.87909,33.43267],[129.88054,33.44093],[129.88639,33.44101],[129.88751,33.44614],[129.89433,33.45837],[129.89795,33.4614],[129.89633,33.46741],[129.90458,33.47057],[129.90167,33.48167],[129.89684,33.48986],[129.88898,33.49215],[129.88166,33.50148],[129.87691,33.50132],[129.86915,33.50873],[129.85686,33.51141]]]}},{"type":"Feature","properties":{"code":"41401","name":"西松浦郡有田町","pref":"佐賀県","pref_code":"41","cx":129.85893,"cy":33.20053,"bbox":[129.8069,33.15617,129.93862,33.24139]},"geometry":{"type":"Polygon","coordinates":[[[129.81409,33.23637],[129.80991,33.23036],[129.81307,33.22121],[129.8069,33.21117],[129.81003,33.20235],[129.81699,33.19227],[129.81715,33.18454],[129.83733,33.17419],[129.84287,33.17685],[129.85348,33.17634],[129.85777,33.17093],[129.86937,33.16908],[129.87898,33.16204],[129.88607,33.16146],[129.88812,33.15617],[129.89517,33.15973],[129.90594,33.1581],[129.91153,33.16217],[129.91775,33.16004],[129.92801,33.16402],[129.93862,33.16537],[129.92656,33.17414],[129.91715,33.17155],[129.91822,33.18256],[129.912,33.18627],[129.91233,33.19753],[129.90715,33.1987],[129.90033,33.22034],[129.89739,33.22366],[129.8793,33.22554],[129.87269,33.23114],[129.87007,33.23764],[129.86134,33.24139],[129.84334,33.23607],[129.83182,33.23501],[129.82589,33.23677],[129.81409,33.23637]]]}},{"type":"Feature","properties":{"code":"41423","name":"杵島郡大町町","pref":"佐賀県","pref_code":"41","cx":130.11514,"cy":33.2188,"bbox":[130.09334,33.19621,130.13775,33.23922]},"geometry":{"type":"Polygon","coordinates":[[[130.10349,33.23508],[130.10001,33.22383],[130.09334,33.21465],[130.09978,33.20718],[130.09823,33.20494],[130.11093,33.20282],[130.12632,33.19621],[130.12999,33.19842],[130.12787,33.2059],[130.13495,33.20865],[130.13775,33.21582],[130.1301,33.22178],[130.12556,33.23426],[130.11197,33.23922],[130.10349,33.23508]]]}},{"type":"Feature","properties":{"code":"41424","name":"杵島郡江北町","pref":"佐賀県","pref_code":"41","cx":130.15764,"cy":33.2208,"bbox":[130.12556,33.18859,130.20002,33.25228]},"geometry":{"type":"Polygon","coordinates":[[[130.12556,33.23426],[130.1301,33.22178],[130.13775,33.21582],[130.13495,33.20865],[130.14167,33.20306],[130.13582,33.20021],[130.13859,33.19561],[130.15438,33.19278],[130.15998,33.18859],[130.16744,33.19218],[130.1663,33.20005],[130.16984,33.20289],[130.17862,33.19999],[130.19065,33.20601],[130.20002,33.20646],[130.19943,33.21406],[130.19338,33.21434],[130.18847,33.22171],[130.18457,33.21989],[130.17896,33.22778],[130.16186,33.22904],[130.15981,33.23744],[130.16571,33.24372],[130.16025,33.25228],[130.14448,33.24652],[130.13908,33.24674],[130.12556,33.23426]]]}},{"type":"Feature","properties":{"code":"41425","name":"杵島郡白石町","pref":"佐賀県","pref_code":"41","cx":130.14766,"cy":33.15977,"bbox":[130.07028,33.1126,130.23221,33.20865]},"geometry":{"type":"Polygon","coordinates":[[[130.22982,33.19288],[130.21638,33.19698],[130.20669,33.19434],[130.20044,33.19523],[130.19065,33.20601],[130.17862,33.19999],[130.16984,33.20289],[130.1663,33.20005],[130.16744,33.19218],[130.15998,33.18859],[130.15438,33.19278],[130.13859,33.19561],[130.13582,33.20021],[130.14167,33.20306],[130.13495,33.20865],[130.12787,33.2059],[130.12999,33.19842],[130.12632,33.19621],[130.11093,33.20282],[130.09823,33.20494],[130.08857,33.19931],[130.08403,33.18411],[130.07308,33.18414],[130.07028,33.18163],[130.07671,33.17204],[130.08428,33.15451],[130.08821,33.15203],[130.08384,33.1416],[130.07351,33.13765],[130.07244,33.13109],[130.08237,33.13077],[130.09182,33.12913],[130.09602,33.13127],[130.11115,33.13108],[130.12131,33.12451],[130.12884,33.12312],[130.12951,33.11783],[130.14985,33.1126],[130.16882,33.12974],[130.19226,33.1416],[130.19012,33.14607],[130.22222,33.16503],[130.23221,33.18325],[130.23121,33.19214],[130.22982,33.19288]]]}},{"type":"Feature","properties":{"code":"41441","name":"藤津郡太良町","pref":"佐賀県","pref_code":"41","cx":130.14208,"cy":33.00336,"bbox":[130.07606,32.95237,130.22437,33.05103]},"geometry":{"type":"MultiPolygon","coordinates":[[[[130.22398,32.95827],[130.21677,32.95909],[130.21478,32.95237],[130.22273,32.95393],[130.22398,32.95827]]],[[[130.07606,32.98756],[130.0858,32.97922],[130.08887,32.97406],[130.10303,32.97474],[130.13092,32.96832],[130.13905,32.96862],[130.14406,32.97168],[130.14966,32.96279],[130.16166,32.96123],[130.17306,32.96215],[130.18742,32.9589],[130.20116,32.95906],[130.21031,32.95651],[130.22437,32.96215],[130.22268,32.97377],[130.21524,32.97992],[130.20936,32.97953],[130.21012,32.98607],[130.20078,32.99161],[130.19566,32.98857],[130.18746,33.00531],[130.18798,33.01097],[130.18287,33.01293],[130.17896,33.02964],[130.17149,33.03546],[130.16973,33.05103],[130.15359,33.04013],[130.14294,33.03711],[130.12115,33.02419],[130.10794,33.02055],[130.09702,33.01438],[130.09551,33.0014],[130.08811,32.99388],[130.08014,32.99295],[130.07606,32.98756]]]]}},{"type":"Feature","properties":{"code":"42201","name":"長崎市","pref":"長崎県","pref_code":"42","cx":129.89448,"cy":32.77031,"bbox":[129.55518,32.54921,129.99354,32.96858]},"geometry":{"type":"MultiPolygon","coordinates":[[[[129.7866,32.57078],[129.78647,32.56696],[129.78552,32.56612],[129.78293,32.56875],[129.7796,32.569],[129.77796,32.5679],[129.77755,32.56639],[129.77537,32.5655],[129.77497,32.56091],[129.77404,32.55793],[129.77509,32.55653],[129.773,32.55367],[129.77387,32.55302],[129.77398,32.55016],[129.77534,32.54921],[129.77869,32.55071],[129.78177,32.55487],[129.7846,32.55621],[129.78955,32.55594],[129.79114,32.55709],[129.79011,32.55861],[129.7907,32.56411],[129.78902,32.569],[129.78672,32.56935],[129.7866,32.57078]]],[[[129.78084,32.70252],[129.77818,32.70252],[129.77492,32.70098],[129.7717,32.70058],[129.77244,32.69896],[129.77427,32.69821],[129.77664,32.69556],[129.77634,32.69316],[129.77714,32.69148],[129.77979,32.69027],[129.78571,32.69281],[129.7849,32.69687],[129.78347,32.69831],[129.78039,32.69902],[129.78084,32.70252]]],[[[129.7391,32.62961],[129.73635,32.62625],[129.73814,32.62609],[129.74004,32.62903],[129.7391,32.62961]]],[[[129.7513,32.6671],[129.74638,32.66179],[129.74845,32.65846],[129.74966,32.65799],[129.75459,32.65017],[129.75725,32.65091],[129.75858,32.65488],[129.7568,32.65572],[129.75646,32.658],[129.75541,32.6587],[129.75684,32.66118],[129.75968,32.66387],[129.7575,32.6642],[129.75692,32.66558],[129.75476,32.66611],[129.75417,32.66471],[129.75193,32.66507],[129.7513,32.6671]]],[[[129.7613,32.71526],[129.76033,32.71277],[129.76148,32.7093],[129.76482,32.70651],[129.7685,32.7057],[129.77216,32.70305],[129.77306,32.70182],[129.77544,32.70164],[129.77944,32.70304],[129.78014,32.70533],[129.77518,32.70967],[129.77252,32.70798],[129.77141,32.70946],[129.76911,32.7103],[129.76829,32.71216],[129.76539,32.71281],[129.7613,32.71526]]],[[[129.96545,32.76214],[129.96424,32.76098],[129.96579,32.75714],[129.96825,32.75501],[129.96733,32.75389],[129.97057,32.75196],[129.97027,32.74916],[129.97289,32.75027],[129.9773,32.74929],[129.97832,32.74767],[129.98246,32.74882],[129.98409,32.74723],[129.98676,32.74758],[129.98926,32.75036],[129.98804,32.75161],[129.98488,32.75273],[129.98148,32.75022],[129.97792,32.75263],[129.97886,32.75711],[129.98057,32.75777],[129.98069,32.76002],[129.97851,32.76052],[129.97616,32.76015],[129.97466,32.759],[129.97228,32.76035],[129.97049,32.75968],[129.96704,32.76009],[129.96545,32.76214]]],[[[129.76144,32.79285],[129.7579,32.79191],[129.75821,32.79015],[129.7603,32.79007],[129.76144,32.79285]]],[[[129.55568,32.87015],[129.55518,32.86817],[129.55963,32.86637],[129.56305,32.86715],[129.56313,32.86895],[129.55773,32.86891],[129.55568,32.87015]]],[[[129.79654,32.88061],[129.79756,32.87864],[129.80082,32.87703],[129.80241,32.87875],[129.79654,32.88061]]],[[[129.60212,32.89118],[129.59839,32.88934],[129.59652,32.88673],[129.59249,32.88509],[129.5901,32.88172],[129.59101,32.88054],[129.59947,32.8802],[129.60208,32.88125],[129.60543,32.88508],[129.60502,32.88647],[129.60281,32.88705],[129.60487,32.89089],[129.60212,32.89118]]],[[[129.80268,32.91634],[129.80116,32.91712],[129.79997,32.91484],[129.80256,32.91506],[129.80354,32.91274],[129.80708,32.91293],[129.80838,32.91655],[129.80671,32.91628],[129.80489,32.91679],[129.80268,32.91634]]],[[[129.84644,32.8121],[129.84442,32.81124],[129.84205,32.81127],[129.83863,32.81006],[129.84018,32.81317],[129.84056,32.81594],[129.83955,32.81657],[129.83514,32.81587],[129.83216,32.81711],[129.82795,32.81772],[129.82555,32.81628],[129.82125,32.81488],[129.8181,32.815],[129.81696,32.81724],[129.81754,32.81891],[129.81915,32.81994],[129.82054,32.82593],[129.81611,32.82898],[129.81432,32.83103],[129.81521,32.83302],[129.81454,32.83495],[129.81323,32.83567],[129.80809,32.83669],[129.80717,32.83852],[129.80183,32.84319],[129.80139,32.84554],[129.80197,32.84865],[129.80028,32.85047],[129.80015,32.8537],[129.79658,32.85507],[129.79428,32.85728],[129.79371,32.85903],[129.79368,32.86238],[129.79123,32.86335],[129.7947,32.86646],[129.79523,32.86967],[129.7971,32.87097],[129.79567,32.87331],[129.7933,32.87356],[129.79131,32.87243],[129.79159,32.87057],[129.78949,32.86967],[129.788,32.87327],[129.78929,32.87703],[129.79135,32.8782],[129.78996,32.87947],[129.78953,32.88208],[129.79026,32.8842],[129.79456,32.88936],[129.79728,32.88888],[129.79675,32.88739],[129.79444,32.8878],[129.79518,32.88546],[129.79455,32.88431],[129.79609,32.88235],[129.80002,32.88151],[129.80002,32.88032],[129.80268,32.87988],[129.80236,32.88224],[129.8031,32.88374],[129.80667,32.88692],[129.8081,32.88609],[129.8084,32.88997],[129.80965,32.89182],[129.80929,32.89378],[129.80674,32.89305],[129.80537,32.89355],[129.8044,32.89558],[129.8055,32.89803],[129.80381,32.90125],[129.80515,32.90771],[129.80151,32.90818],[129.79908,32.91004],[129.79776,32.90979],[129.79483,32.90623],[129.79447,32.90816],[129.79252,32.90838],[129.79118,32.90677],[129.79148,32.90418],[129.79253,32.9026],[129.79526,32.90253],[129.79486,32.90088],[129.7908,32.90244],[129.78864,32.9008],[129.78784,32.90311],[129.78379,32.90766],[129.78558,32.91052],[129.78464,32.91255],[129.78522,32.91425],[129.78727,32.9151],[129.78871,32.91443],[129.79022,32.9122],[129.79316,32.91432],[129.78496,32.91842],[129.78791,32.91918],[129.78875,32.9208],[129.78828,32.92552],[129.78679,32.92755],[129.78483,32.92855],[129.78441,32.92999],[129.78598,32.93254],[129.78351,32.93424],[129.78503,32.93692],[129.78332,32.94112],[129.78514,32.94699],[129.78686,32.94907],[129.79176,32.95208],[129.79584,32.9519],[129.79855,32.95419],[129.80001,32.95118],[129.79953,32.94884],[129.79665,32.94745],[129.79685,32.94255],[129.79564,32.9392],[129.79591,32.93588],[129.79471,32.93388],[129.79653,32.93302],[129.79782,32.93831],[129.80068,32.93953],[129.80241,32.93783],[129.80079,32.93683],[129.79991,32.93503],[129.80092,32.93198],[129.79846,32.93041],[129.80118,32.92881],[129.79773,32.92639],[129.79848,32.92206],[129.80148,32.91989],[129.80208,32.91826],[129.80418,32.91801],[129.80699,32.91651],[129.80972,32.91703],[129.80901,32.9185],[129.81149,32.92043],[129.81298,32.92061],[129.81351,32.9233],[129.81648,32.92599],[129.81445,32.92848],[129.81608,32.93255],[129.81644,32.93539],[129.81503,32.9358],[129.81509,32.93819],[129.81685,32.93814],[129.81771,32.94003],[129.81574,32.94225],[129.8178,32.94434],[129.81853,32.94735],[129.81554,32.9493],[129.81625,32.95029],[129.8153,32.95581],[129.8111,32.96041],[129.8092,32.96024],[129.80695,32.96193],[129.80386,32.96315],[129.80251,32.96495],[129.79532,32.96641],[129.79183,32.96858],[129.7867,32.96569],[129.78563,32.96257],[129.78407,32.9614],[129.78147,32.96203],[129.78117,32.95977],[129.77812,32.95908],[129.77331,32.95634],[129.77198,32.9569],[129.76867,32.95589],[129.76587,32.95427],[129.76347,32.95484],[129.75641,32.95145],[129.74831,32.94831],[129.74086,32.94699],[129.74109,32.94425],[129.73969,32.93906],[129.74139,32.93682],[129.74109,32.93578],[129.7382,32.93281],[129.73731,32.93026],[129.73884,32.92755],[129.73962,32.92319],[129.74124,32.9221],[129.74244,32.919],[129.73763,32.91313],[129.73469,32.91502],[129.7333,32.91498],[129.72956,32.91129],[129.72763,32.91225],[129.72608,32.91109],[129.71893,32.91141],[129.71556,32.90985],[129.70906,32.91273],[129.70867,32.90955],[129.70589,32.90631],[129.70163,32.90653],[129.69862,32.90368],[129.69297,32.90344],[129.69077,32.90258],[129.68833,32.90335],[129.6829,32.90391],[129.67718,32.90187],[129.67607,32.89943],[129.67337,32.89724],[129.66854,32.89548],[129.66868,32.89399],[129.67434,32.88455],[129.67741,32.88426],[129.67996,32.87963],[129.67906,32.8747],[129.67798,32.87402],[129.67728,32.8669],[129.67941,32.86593],[129.68165,32.86298],[129.68418,32.85836],[129.68533,32.85232],[129.69018,32.84879],[129.69203,32.84664],[129.69294,32.84333],[129.69746,32.84262],[129.6983,32.84116],[129.70076,32.84117],[129.70108,32.83962],[129.70011,32.83357],[129.70289,32.83144],[129.70387,32.83343],[129.70996,32.83294],[129.71368,32.83531],[129.7158,32.83488],[129.71838,32.83343],[129.71889,32.83018],[129.71847,32.82837],[129.71964,32.82245],[129.72297,32.82256],[129.72651,32.82031],[129.72724,32.81852],[129.72953,32.8178],[129.73179,32.81573],[129.73261,32.81377],[129.73233,32.81123],[129.73372,32.80789],[129.73697,32.80802],[129.7394,32.80693],[129.74184,32.81306],[129.74372,32.81599],[129.74462,32.81957],[129.74601,32.81965],[129.74595,32.82213],[129.74804,32.82216],[129.74966,32.82107],[129.75237,32.82045],[129.75332,32.81943],[129.75536,32.81984],[129.75743,32.81895],[129.75848,32.82063],[129.76019,32.81987],[129.76245,32.82345],[129.76621,32.82174],[129.76344,32.81736],[129.76676,32.81592],[129.76982,32.82074],[129.77472,32.81853],[129.7755,32.81701],[129.7698,32.80793],[129.76987,32.80684],[129.76803,32.80423],[129.76627,32.80034],[129.76779,32.79742],[129.77006,32.79692],[129.77458,32.79841],[129.77738,32.79729],[129.77673,32.79495],[129.78232,32.79304],[129.7807,32.79176],[129.783,32.78797],[129.78537,32.7872],[129.78979,32.78734],[129.79101,32.78637],[129.78943,32.78457],[129.79093,32.78367],[129.79117,32.7792],[129.7947,32.7783],[129.796,32.77946],[129.80115,32.77729],[129.80249,32.77516],[129.80018,32.77459],[129.80159,32.77186],[129.80062,32.76902],[129.79953,32.7679],[129.79437,32.76655],[129.79655,32.76506],[129.79624,32.76141],[129.79711,32.76004],[129.80036,32.76056],[129.80081,32.7625],[129.80302,32.76171],[129.80739,32.75433],[129.80822,32.75432],[129.80928,32.75752],[129.80731,32.76071],[129.80933,32.76163],[129.81133,32.75849],[129.8137,32.75955],[129.81492,32.75778],[129.81486,32.75598],[129.81299,32.75327],[129.81107,32.75238],[129.80964,32.75053],[129.80572,32.74778],[129.80611,32.74655],[129.80451,32.74416],[129.80655,32.74407],[129.8089,32.7423],[129.81261,32.74167],[129.81509,32.73827],[129.81635,32.74121],[129.82029,32.74393],[129.82043,32.74535],[129.82341,32.74588],[129.82427,32.74727],[129.82976,32.74397],[129.82787,32.74242],[129.82604,32.73984],[129.82676,32.73849],[129.82924,32.73914],[129.83146,32.73757],[129.83206,32.73533],[129.83157,32.73287],[129.82879,32.73113],[129.8271,32.73248],[129.82573,32.73183],[129.81945,32.72314],[129.82005,32.72035],[129.82286,32.71985],[129.8245,32.71803],[129.82747,32.71772],[129.83032,32.72177],[129.82932,32.72248],[129.83335,32.72497],[129.83556,32.72464],[129.83495,32.72034],[129.83718,32.72102],[129.83709,32.72438],[129.83925,32.72623],[129.84046,32.72564],[129.84124,32.72279],[129.84558,32.72013],[129.84689,32.72273],[129.84746,32.72633],[129.85145,32.72812],[129.85301,32.72972],[129.85489,32.72996],[129.85661,32.73142],[129.85787,32.73446],[129.85531,32.73522],[129.8586,32.7372],[129.85671,32.74104],[129.85887,32.74186],[129.86532,32.74922],[129.87043,32.749],[129.87055,32.74739],[129.86748,32.74736],[129.86798,32.74539],[129.87038,32.74541],[129.87052,32.74307],[129.86787,32.74235],[129.8685,32.73785],[129.86603,32.73513],[129.86501,32.7323],[129.85796,32.7267],[129.85916,32.72169],[129.85644,32.72253],[129.8548,32.72124],[129.85182,32.7208],[129.85049,32.71733],[129.84972,32.71163],[129.8478,32.706],[129.84293,32.70569],[129.84164,32.70214],[129.84417,32.69961],[129.84769,32.69949],[129.84543,32.6966],[129.84049,32.69591],[129.84036,32.69776],[129.83762,32.69794],[129.8353,32.69988],[129.83482,32.69771],[129.83331,32.69744],[129.83339,32.69402],[129.83591,32.69214],[129.83732,32.68911],[129.83471,32.68966],[129.83051,32.68818],[129.82843,32.68795],[129.82006,32.69507],[129.82299,32.69495],[129.82378,32.69618],[129.8259,32.69566],[129.82802,32.70125],[129.82906,32.70713],[129.82664,32.70807],[129.82339,32.70717],[129.82108,32.70562],[129.81771,32.70629],[129.81592,32.70151],[129.818,32.6997],[129.81554,32.69914],[129.81281,32.69752],[129.81096,32.69295],[129.80727,32.69275],[129.80496,32.6908],[129.80172,32.69167],[129.80036,32.6935],[129.79422,32.6933],[129.79142,32.69208],[129.79061,32.69022],[129.7943,32.68925],[129.7942,32.68728],[129.79531,32.68461],[129.7977,32.68301],[129.80034,32.68287],[129.8033,32.67803],[129.80742,32.67926],[129.80614,32.68112],[129.8105,32.68234],[129.81291,32.68363],[129.81272,32.68512],[129.81512,32.68721],[129.81966,32.68559],[129.81797,32.68007],[129.81767,32.6763],[129.81661,32.67252],[129.818,32.66789],[129.81689,32.65439],[129.81435,32.65353],[129.81148,32.65611],[129.80978,32.65588],[129.80748,32.65281],[129.80723,32.65087],[129.80459,32.64943],[129.80363,32.64438],[129.80151,32.64026],[129.79907,32.6399],[129.79856,32.63761],[129.79647,32.63622],[129.79652,32.63386],[129.79356,32.63224],[129.79186,32.63061],[129.794,32.62849],[129.79018,32.62606],[129.79133,32.6254],[129.79172,32.62127],[129.79064,32.62026],[129.79057,32.6147],[129.78462,32.61229],[129.77989,32.61125],[129.77958,32.60923],[129.78222,32.6087],[129.78242,32.6073],[129.78012,32.60378],[129.77617,32.60207],[129.77491,32.6],[129.77257,32.59996],[129.77203,32.59873],[129.76719,32.59489],[129.76112,32.59438],[129.75752,32.59338],[129.75596,32.59214],[129.75773,32.59099],[129.7574,32.58759],[129.75567,32.58433],[129.75431,32.58331],[129.75152,32.58467],[129.75495,32.58794],[129.75492,32.59038],[129.75121,32.59238],[129.74949,32.59194],[129.74579,32.58659],[129.74361,32.58559],[129.74227,32.58341],[129.73952,32.58337],[129.73873,32.58219],[129.73567,32.58063],[129.73756,32.57768],[129.73732,32.57455],[129.73892,32.57266],[129.73837,32.57002],[129.7412,32.56965],[129.74171,32.57123],[129.74468,32.57431],[129.7469,32.57491],[129.74901,32.57441],[129.7526,32.57461],[129.75309,32.57858],[129.75558,32.58082],[129.75793,32.58095],[129.7636,32.58302],[129.76827,32.58297],[129.77389,32.58069],[129.77822,32.57729],[129.77949,32.57545],[129.77887,32.57349],[129.78212,32.57445],[129.78405,32.57797],[129.78082,32.57718],[129.77966,32.57765],[129.77919,32.58205],[129.78158,32.58351],[129.78454,32.58262],[129.79096,32.58577],[129.79492,32.58651],[129.79683,32.58793],[129.80451,32.5907],[129.80566,32.5924],[129.80951,32.59435],[129.81105,32.598],[129.81248,32.59979],[129.81404,32.60034],[129.81628,32.60254],[129.81784,32.60268],[129.82275,32.6066],[129.82383,32.6095],[129.83031,32.61294],[129.83226,32.61558],[129.83277,32.61852],[129.83782,32.62096],[129.83751,32.62257],[129.83576,32.62359],[129.8353,32.6267],[129.83671,32.62929],[129.83497,32.63206],[129.83707,32.63556],[129.83928,32.637],[129.83767,32.63802],[129.83759,32.64005],[129.83927,32.64169],[129.8413,32.64162],[129.84633,32.63793],[129.85047,32.63947],[129.85242,32.6387],[129.85315,32.64027],[129.85657,32.64108],[129.85746,32.64303],[129.86174,32.64296],[129.86274,32.64521],[129.86582,32.64362],[129.86786,32.6445],[129.86876,32.64653],[129.872,32.64591],[129.87202,32.65059],[129.87357,32.65177],[129.87642,32.65179],[129.87832,32.65372],[129.88003,32.65295],[129.88369,32.65243],[129.88474,32.65443],[129.88685,32.65613],[129.89089,32.65824],[129.89203,32.66039],[129.89606,32.66272],[129.89512,32.66391],[129.8954,32.66688],[129.89692,32.66895],[129.90048,32.67147],[129.90153,32.6738],[129.90203,32.67687],[129.90108,32.67804],[129.90188,32.67978],[129.90579,32.6829],[129.90645,32.68444],[129.91033,32.68692],[129.91045,32.68877],[129.91187,32.68969],[129.91417,32.69333],[129.91407,32.69629],[129.91575,32.69895],[129.9141,32.70328],[129.91148,32.70276],[129.91122,32.7062],[129.91234,32.70677],[129.91305,32.71235],[129.91526,32.71161],[129.91609,32.70938],[129.92043,32.70792],[129.92182,32.70622],[129.92336,32.70811],[129.92558,32.70816],[129.92616,32.71411],[129.92739,32.71471],[129.92638,32.71706],[129.92842,32.71807],[129.92812,32.72084],[129.92924,32.72289],[129.93197,32.72276],[129.93172,32.72143],[129.9335,32.71719],[129.93568,32.72025],[129.9375,32.72123],[129.93908,32.72383],[129.94306,32.72598],[129.94156,32.72856],[129.93935,32.72912],[129.94063,32.73186],[129.94576,32.73597],[129.95353,32.73707],[129.95369,32.73962],[129.95655,32.74151],[129.95656,32.74319],[129.95492,32.74515],[129.95323,32.74883],[129.94854,32.75296],[129.94694,32.75528],[129.94727,32.7589],[129.94946,32.76051],[129.95142,32.76092],[129.95586,32.76309],[129.95526,32.76415],[129.95834,32.76516],[129.96216,32.76469],[129.96591,32.76513],[129.967,32.76312],[129.97043,32.76355],[129.97438,32.76225],[129.97852,32.76214],[129.97866,32.76347],[129.98168,32.76286],[129.98221,32.76128],[129.98772,32.75911],[129.99087,32.76303],[129.98941,32.76409],[129.98992,32.76704],[129.98709,32.7716],[129.98867,32.77308],[129.98832,32.7747],[129.99253,32.77903],[129.99354,32.78195],[129.99083,32.78406],[129.98953,32.78749],[129.98948,32.79466],[129.98877,32.79687],[129.98909,32.79935],[129.99146,32.80104],[129.9931,32.8036],[129.99254,32.80661],[129.98635,32.80679],[129.98537,32.80826],[129.98264,32.80927],[129.98032,32.81109],[129.97941,32.81516],[129.978,32.81746],[129.9753,32.81827],[129.97429,32.81664],[129.96933,32.81253],[129.96173,32.81042],[129.95997,32.81046],[129.95949,32.8124],[129.95728,32.81175],[129.95522,32.81629],[129.95158,32.81738],[129.95034,32.81941],[129.94712,32.81889],[129.9452,32.8193],[129.93887,32.81654],[129.93452,32.81615],[129.9325,32.81732],[129.93114,32.82003],[129.92417,32.82087],[129.9217,32.81882],[129.91748,32.81369],[129.91197,32.81096],[129.91058,32.81164],[129.90894,32.81044],[129.90366,32.80934],[129.89931,32.81037],[129.89666,32.81036],[129.89395,32.81169],[129.8912,32.80993],[129.89049,32.80835],[129.88813,32.80782],[129.8875,32.80641],[129.88462,32.80572],[129.88374,32.80396],[129.8821,32.80493],[129.88197,32.80726],[129.88067,32.8081],[129.87732,32.80595],[129.87506,32.80672],[129.87293,32.8045],[129.8699,32.8027],[129.87025,32.79967],[129.86924,32.79708],[129.86659,32.79754],[129.86731,32.80233],[129.87013,32.80571],[129.86952,32.8077],[129.86677,32.80848],[129.86415,32.80126],[129.86219,32.80032],[129.86084,32.79838],[129.85811,32.79923],[129.85614,32.80182],[129.85466,32.80213],[129.85105,32.80527],[129.85183,32.80738],[129.84956,32.80747],[129.84804,32.80883],[129.84644,32.8121]]]]}},{"type":"Feature","properties":{"code":"42202","name":"佐世保市","pref":"長崎県","pref_code":"42","cx":129.72767,"cy":33.20532,"bbox":[129.0584,33.05009,129.87268,33.34267]},"geometry":{"type":"MultiPolygon","coordinates":[[[[129.78084,33.07687],[129.7784,33.07447],[129.77811,33.07101],[129.78068,33.07139],[129.78268,33.06676],[129.78515,33.06625],[129.78635,33.06831],[129.78478,33.07337],[129.78289,33.07382],[129.7832,33.07631],[129.78084,33.07687]]],[[[129.75284,33.13475],[129.75154,33.13423],[129.75131,33.13187],[129.75291,33.13132],[129.75528,33.13243],[129.75469,33.13415],[129.75284,33.13475]]],[[[129.76823,33.14344],[129.76696,33.1429],[129.76474,33.13935],[129.75977,33.13663],[129.75799,33.13481],[129.75791,33.13136],[129.76542,33.13158],[129.77061,33.12875],[129.77192,33.1291],[129.77388,33.12636],[129.77124,33.1255],[129.76978,33.12605],[129.76703,33.12494],[129.76654,33.12614],[129.75876,33.12829],[129.75764,33.12549],[129.76178,33.12212],[129.75937,33.12166],[129.75731,33.12009],[129.75809,33.11629],[129.7612,33.11544],[129.76081,33.1138],[129.75878,33.11432],[129.75462,33.11418],[129.75369,33.11941],[129.7522,33.12089],[129.75174,33.12411],[129.74703,33.12539],[129.74371,33.12152],[129.74365,33.11625],[129.74289,33.11501],[129.74491,33.11208],[129.74816,33.11202],[129.74935,33.10998],[129.75137,33.10862],[129.75266,33.10442],[129.7527,33.10198],[129.74732,33.10107],[129.74774,33.0993],[129.74656,33.09847],[129.74451,33.09915],[129.74353,33.10047],[129.74029,33.10093],[129.7391,33.10227],[129.73569,33.10089],[129.7337,33.10292],[129.73116,33.10341],[129.72951,33.10204],[129.72882,33.10008],[129.73396,33.09407],[129.73453,33.09201],[129.73389,33.09027],[129.7356,33.08721],[129.73849,33.08347],[129.73854,33.08033],[129.73945,33.07874],[129.74276,33.07744],[129.74682,33.0806],[129.74836,33.0778],[129.74807,33.07638],[129.74617,33.07551],[129.74614,33.07307],[129.74349,33.07336],[129.74033,33.07222],[129.73947,33.07127],[129.74139,33.06841],[129.74385,33.06604],[129.74222,33.06524],[129.74131,33.06314],[129.74287,33.06176],[129.7449,33.06178],[129.75032,33.06307],[129.75541,33.06266],[129.75813,33.06347],[129.75506,33.05872],[129.7564,33.0575],[129.75448,33.05603],[129.75524,33.05507],[129.7587,33.0538],[129.76267,33.05409],[129.76245,33.05245],[129.76376,33.0505],[129.76759,33.05009],[129.76821,33.05087],[129.76501,33.0534],[129.76461,33.05847],[129.76742,33.05904],[129.76886,33.06057],[129.77439,33.06036],[129.7808,33.06121],[129.77848,33.06603],[129.77573,33.06496],[129.77463,33.06595],[129.77117,33.06577],[129.772,33.07269],[129.76812,33.07444],[129.76479,33.07419],[129.76327,33.07718],[129.75969,33.07888],[129.75779,33.08048],[129.75778,33.08224],[129.7591,33.08436],[129.75825,33.08819],[129.75879,33.08944],[129.76177,33.08898],[129.76317,33.09009],[129.76205,33.09356],[129.7621,33.0951],[129.76415,33.0956],[129.76388,33.09739],[129.76661,33.09866],[129.76812,33.10048],[129.77012,33.09924],[129.7691,33.09747],[129.76684,33.09555],[129.76752,33.09381],[129.76918,33.09244],[129.76929,33.09058],[129.76757,33.0888],[129.76502,33.08871],[129.76481,33.08646],[129.76272,33.08343],[129.76641,33.07984],[129.76696,33.07752],[129.77023,33.07925],[129.77292,33.07778],[129.77701,33.07797],[129.77879,33.07601],[129.78007,33.07798],[129.7837,33.07831],[129.78582,33.07997],[129.78634,33.08326],[129.79337,33.08265],[129.79452,33.08588],[129.79514,33.09125],[129.79248,33.09566],[129.78778,33.10118],[129.7865,33.10414],[129.78836,33.10636],[129.79363,33.11089],[129.79478,33.11357],[129.79468,33.11877],[129.79244,33.12677],[129.79584,33.13222],[129.79505,33.13583],[129.79385,33.13761],[129.79127,33.13841],[129.78784,33.13803],[129.78628,33.14012],[129.78462,33.14007],[129.78323,33.14138],[129.78025,33.14178],[129.77802,33.14125],[129.77375,33.14112],[129.77012,33.14181],[129.76823,33.14344]]],[[[129.67495,33.14327],[129.67348,33.1407],[129.6785,33.13987],[129.67636,33.13886],[129.67497,33.13701],[129.67935,33.13644],[129.68054,33.14116],[129.67794,33.14166],[129.67621,33.14069],[129.67495,33.14327]]],[[[129.54389,33.15174],[129.54278,33.15134],[129.54065,33.14874],[129.5355,33.14945],[129.53302,33.14918],[129.52976,33.14775],[129.52843,33.14502],[129.52353,33.1455],[129.51939,33.14398],[129.51839,33.14222],[129.51506,33.1405],[129.51185,33.14201],[129.51176,33.14035],[129.50426,33.14163],[129.50369,33.14039],[129.50711,33.13834],[129.5099,33.13796],[129.51276,33.13842],[129.51823,33.13569],[129.52149,33.13737],[129.525,33.1363],[129.52714,33.13467],[129.52926,33.13203],[129.53401,33.13164],[129.53612,33.13098],[129.53806,33.13349],[129.53851,33.13604],[129.53976,33.13768],[129.54512,33.13747],[129.54995,33.13633],[129.55074,33.14037],[129.55079,33.14417],[129.54947,33.14678],[129.54842,33.14691],[129.5466,33.14926],[129.54611,33.15123],[129.54389,33.15174]]],[[[129.66851,33.15747],[129.66799,33.15597],[129.66908,33.15196],[129.67074,33.14983],[129.67295,33.14986],[129.67347,33.15157],[129.67126,33.15488],[129.67102,33.15614],[129.66851,33.15747]]],[[[129.65135,33.16247],[129.65024,33.16036],[129.65241,33.16002],[129.65135,33.16247]]],[[[129.63805,33.16319],[129.63687,33.16275],[129.63807,33.15793],[129.6391,33.1609],[129.63805,33.16319]]],[[[129.67115,33.16638],[129.67056,33.16399],[129.67257,33.1625],[129.67507,33.16283],[129.67115,33.16638]]],[[[129.52065,33.17347],[129.51925,33.17106],[129.52373,33.16701],[129.52463,33.17098],[129.52304,33.17295],[129.52065,33.17347]]],[[[129.6128,33.1889],[129.61017,33.18807],[129.61192,33.18434],[129.61439,33.18811],[129.6128,33.1889]]],[[[129.59078,33.19386],[129.59014,33.19242],[129.58671,33.19186],[129.58425,33.19267],[129.5813,33.19243],[129.58084,33.18725],[129.57965,33.18534],[129.57933,33.18244],[129.58091,33.1805],[129.58107,33.17851],[129.58453,33.17608],[129.58554,33.17481],[129.58934,33.17283],[129.59043,33.17128],[129.59038,33.1686],[129.58663,33.16779],[129.58403,33.16822],[129.58201,33.16187],[129.58322,33.16065],[129.58623,33.16195],[129.5914,33.16331],[129.59326,33.16572],[129.59181,33.17132],[129.59217,33.1732],[129.5937,33.17523],[129.59183,33.1801],[129.58905,33.18165],[129.58836,33.18],[129.58561,33.18167],[129.58641,33.18482],[129.58864,33.1873],[129.58693,33.1887],[129.58737,33.19019],[129.5924,33.18803],[129.58975,33.18581],[129.59068,33.18359],[129.5936,33.18363],[129.59492,33.1852],[129.59358,33.18622],[129.59433,33.18878],[129.59396,33.19161],[129.59078,33.19288],[129.59078,33.19386]]],[[[129.61086,33.19791],[129.60925,33.19551],[129.61144,33.19321],[129.60875,33.19253],[129.60859,33.18969],[129.61291,33.18927],[129.61382,33.19138],[129.61131,33.19407],[129.61046,33.1961],[129.61086,33.19791]]],[[[129.60008,33.19981],[129.59623,33.19746],[129.59586,33.19477],[129.59838,33.19385],[129.60068,33.19493],[129.59903,33.19612],[129.60028,33.19772],[129.60008,33.19981]]],[[[129.58219,33.20149],[129.58364,33.19851],[129.58597,33.19894],[129.58448,33.20125],[129.58219,33.20149]]],[[[129.58297,33.2079],[129.5819,33.20735],[129.58159,33.20503],[129.58297,33.2027],[129.58456,33.20406],[129.5876,33.2026],[129.59095,33.20175],[129.59378,33.20255],[129.59312,33.20448],[129.59029,33.20369],[129.58836,33.20403],[129.58601,33.20649],[129.58297,33.2079]]],[[[129.59981,33.20689],[129.59665,33.20653],[129.59606,33.20491],[129.59833,33.20399],[129.59628,33.20236],[129.59844,33.20168],[129.60286,33.20245],[129.60231,33.20422],[129.60035,33.20494],[129.59981,33.20689]]],[[[129.57788,33.21333],[129.57625,33.21126],[129.57674,33.20759],[129.57981,33.20899],[129.57964,33.21091],[129.57788,33.21333]]],[[[129.56575,33.2173],[129.5647,33.21635],[129.56552,33.21329],[129.56736,33.21293],[129.56821,33.21478],[129.56575,33.2173]]],[[[129.54735,33.22808],[129.54668,33.22656],[129.548,33.22369],[129.55157,33.22266],[129.55002,33.22572],[129.54797,33.22639],[129.54735,33.22808]]],[[[129.55544,33.22803],[129.55243,33.22824],[129.55372,33.22617],[129.55799,33.22657],[129.55713,33.22842],[129.55544,33.22803]]],[[[129.55696,33.23362],[129.55554,33.23356],[129.55731,33.22879],[129.55949,33.22704],[129.56218,33.22759],[129.5625,33.23],[129.56137,33.23318],[129.55696,33.23362]]],[[[129.56499,33.25413],[129.56364,33.25457],[129.55988,33.25162],[129.56227,33.25033],[129.56481,33.2527],[129.56499,33.25413]]],[[[129.06655,33.26281],[129.06379,33.26208],[129.0584,33.25716],[129.05973,33.25015],[129.06178,33.24711],[129.06344,33.24668],[129.06519,33.24836],[129.06792,33.24847],[129.06895,33.24436],[129.07198,33.24494],[129.07303,33.24699],[129.07524,33.24802],[129.07404,33.24945],[129.07464,33.2511],[129.07276,33.25348],[129.07266,33.25503],[129.06688,33.25409],[129.06775,33.2528],[129.06637,33.25124],[129.06376,33.25131],[129.06334,33.25349],[129.06392,33.25541],[129.06295,33.25645],[129.0624,33.25914],[129.06312,33.26024],[129.06655,33.26281]]],[[[129.56182,33.26337],[129.55946,33.26158],[129.56078,33.2606],[129.56428,33.26136],[129.56182,33.26337]]],[[[129.56332,33.26941],[129.56093,33.26696],[129.56103,33.26541],[129.56342,33.26296],[129.56588,33.26357],[129.56354,33.26613],[129.56332,33.26941]]],[[[129.56818,33.27662],[129.56621,33.27547],[129.56647,33.27088],[129.57104,33.27425],[129.56897,33.275],[129.56818,33.27662]]],[[[129.57343,33.27951],[129.57138,33.27742],[129.57398,33.27687],[129.57343,33.27951]]],[[[129.12865,33.30224],[129.1262,33.30251],[129.12362,33.30101],[129.12463,33.29864],[129.12362,33.29793],[129.12517,33.29454],[129.12249,33.29218],[129.11923,33.29188],[129.11981,33.28931],[129.11685,33.28949],[129.114,33.2875],[129.11097,33.28786],[129.11097,33.2891],[129.1078,33.28998],[129.10586,33.28715],[129.10366,33.28738],[129.10189,33.28912],[129.10067,33.2888],[129.09691,33.28617],[129.09579,33.28713],[129.0929,33.28765],[129.09112,33.28546],[129.08838,33.28469],[129.08497,33.2811],[129.08347,33.27779],[129.08056,33.27883],[129.07973,33.27713],[129.07571,33.27321],[129.07353,33.27303],[129.07248,33.27187],[129.06978,33.27096],[129.07193,33.26943],[129.07256,33.26767],[129.07597,33.26515],[129.07388,33.26324],[129.07294,33.25984],[129.07751,33.26193],[129.07792,33.26411],[129.08158,33.26528],[129.08486,33.26395],[129.08519,33.26233],[129.08778,33.26026],[129.09257,33.25911],[129.0922,33.25533],[129.09425,33.25449],[129.09448,33.25179],[129.09676,33.25125],[129.10018,33.24881],[129.10249,33.2507],[129.10394,33.24908],[129.10764,33.2488],[129.10963,33.24685],[129.11551,33.24725],[129.11768,33.24545],[129.11992,33.24666],[129.12314,33.2462],[129.12616,33.24711],[129.12801,33.24931],[129.12986,33.24898],[129.13151,33.25164],[129.13291,33.25267],[129.13069,33.25565],[129.1286,33.25613],[129.12882,33.25895],[129.13005,33.26118],[129.13299,33.26196],[129.13781,33.262],[129.14016,33.26328],[129.14157,33.26514],[129.14408,33.26476],[129.14608,33.26794],[129.14935,33.26903],[129.14976,33.26985],[129.15371,33.26872],[129.15636,33.27096],[129.15488,33.27264],[129.15243,33.27256],[129.14934,33.27493],[129.14684,33.2735],[129.145,33.27592],[129.14284,33.27548],[129.14003,33.27868],[129.14094,33.28168],[129.14224,33.28333],[129.14,33.28511],[129.14026,33.28903],[129.13765,33.29009],[129.13823,33.29178],[129.1374,33.29302],[129.13946,33.29522],[129.13871,33.29756],[129.13601,33.29862],[129.1348,33.29724],[129.133,33.29925],[129.13591,33.30077],[129.13397,33.30297],[129.13248,33.30133],[129.12865,33.30224]]],[[[129.7778,33.2701],[129.77691,33.26798],[129.77493,33.26693],[129.77206,33.26776],[129.77044,33.26897],[129.76688,33.26908],[129.76506,33.27161],[129.7612,33.27483],[129.76025,33.27704],[129.75656,33.2775],[129.75423,33.27611],[129.74889,33.27716],[129.74707,33.27583],[129.7441,33.27489],[129.73915,33.27761],[129.7351,33.27866],[129.72966,33.2826],[129.72411,33.28529],[129.71929,33.28624],[129.71579,33.28798],[129.71391,33.29011],[129.7142,33.29288],[129.71531,33.29535],[129.71541,33.3025],[129.70795,33.30226],[129.70878,33.30658],[129.70725,33.30876],[129.70369,33.3105],[129.69949,33.31063],[129.6961,33.30972],[129.69428,33.31028],[129.69186,33.30986],[129.68961,33.31113],[129.68708,33.31044],[129.68346,33.31062],[129.68282,33.31157],[129.67937,33.31112],[129.6764,33.3079],[129.67407,33.30879],[129.67256,33.30835],[129.6717,33.3103],[129.67013,33.31014],[129.66677,33.31133],[129.66654,33.31642],[129.66745,33.31809],[129.66427,33.32151],[129.6617,33.32048],[129.6593,33.32049],[129.65655,33.31965],[129.65586,33.32282],[129.65463,33.32454],[129.65312,33.32486],[129.6508,33.32719],[129.64857,33.32789],[129.64882,33.32944],[129.6451,33.33259],[129.64285,33.33375],[129.64084,33.33386],[129.63761,33.33896],[129.63129,33.34267],[129.63033,33.34199],[129.63103,33.33929],[129.63262,33.33752],[129.63064,33.33505],[129.62815,33.33663],[129.62459,33.33711],[129.62332,33.33663],[129.62285,33.33437],[129.61984,33.33324],[129.6213,33.33064],[129.6229,33.32932],[129.62383,33.32673],[129.62274,33.3256],[129.62071,33.32609],[129.61992,33.32772],[129.61595,33.32531],[129.61386,33.32636],[129.61109,33.32604],[129.60934,33.32406],[129.60666,33.32363],[129.60488,33.32111],[129.60659,33.31943],[129.60583,33.31608],[129.60832,33.31494],[129.60972,33.31338],[129.6152,33.3105],[129.62029,33.31023],[129.61644,33.3079],[129.61496,33.3091],[129.60713,33.31199],[129.60463,33.31066],[129.60162,33.30758],[129.60028,33.30818],[129.59679,33.30269],[129.59803,33.30213],[129.59523,33.29761],[129.5908,33.2952],[129.59148,33.29427],[129.59036,33.29148],[129.58818,33.29485],[129.58565,33.29389],[129.58518,33.29192],[129.58316,33.29029],[129.5872,33.28821],[129.58737,33.28645],[129.58936,33.2846],[129.587,33.28328],[129.58796,33.28213],[129.58612,33.28032],[129.58823,33.27942],[129.58711,33.27745],[129.59099,33.2763],[129.58879,33.27446],[129.58908,33.27171],[129.58495,33.27102],[129.58159,33.27115],[129.57976,33.26629],[129.57806,33.26643],[129.57711,33.26924],[129.57709,33.27262],[129.57618,33.27479],[129.57743,33.27682],[129.58017,33.27877],[129.57896,33.27991],[129.57541,33.27712],[129.57228,33.27357],[129.57262,33.27226],[129.5749,33.27221],[129.57411,33.26959],[129.57239,33.26964],[129.56937,33.26798],[129.57144,33.26471],[129.57422,33.26373],[129.57272,33.2622],[129.56921,33.2636],[129.56766,33.26156],[129.56875,33.25965],[129.56497,33.25634],[129.5648,33.25452],[129.5666,33.25399],[129.56683,33.25255],[129.56533,33.25017],[129.56565,33.24836],[129.56309,33.24754],[129.55958,33.24806],[129.55758,33.24727],[129.55701,33.24368],[129.55598,33.2413],[129.56245,33.23958],[129.56648,33.24535],[129.56792,33.24282],[129.56694,33.24074],[129.56652,33.23755],[129.56788,33.23742],[129.56659,33.23159],[129.56662,33.2297],[129.56506,33.22698],[129.56346,33.22774],[129.56054,33.22717],[129.55597,33.22438],[129.55591,33.22013],[129.55251,33.2176],[129.55893,33.21434],[129.55901,33.21667],[129.56202,33.21573],[129.56452,33.21795],[129.56718,33.2182],[129.56743,33.21689],[129.57103,33.21757],[129.57651,33.21621],[129.57952,33.21717],[129.58369,33.21604],[129.58402,33.21398],[129.58275,33.21293],[129.58544,33.21061],[129.5866,33.21229],[129.59287,33.21283],[129.59403,33.20989],[129.59556,33.20875],[129.59707,33.21098],[129.59988,33.21227],[129.60274,33.21496],[129.60183,33.21777],[129.60287,33.21937],[129.60457,33.21943],[129.60548,33.22129],[129.61101,33.22286],[129.61316,33.22476],[129.61465,33.2243],[129.61268,33.22153],[129.6075,33.22164],[129.60615,33.22052],[129.60667,33.21864],[129.60602,33.21366],[129.60488,33.21109],[129.60118,33.20997],[129.60062,33.20713],[129.6029,33.20473],[129.60501,33.20374],[129.60679,33.20545],[129.6102,33.20656],[129.61177,33.20408],[129.61376,33.20302],[129.61715,33.20444],[129.61683,33.20593],[129.61755,33.20904],[129.62024,33.2122],[129.62002,33.20897],[129.62182,33.20467],[129.62046,33.20326],[129.61982,33.1999],[129.6189,33.19862],[129.61855,33.19487],[129.62111,33.19421],[129.62269,33.19179],[129.62614,33.1898],[129.62688,33.19132],[129.62895,33.19286],[129.63127,33.19332],[129.63445,33.19595],[129.63615,33.19566],[129.63584,33.20031],[129.63886,33.20027],[129.63687,33.20271],[129.63745,33.20424],[129.6395,33.2052],[129.63995,33.20803],[129.6386,33.21198],[129.63939,33.21522],[129.63675,33.21748],[129.63545,33.22366],[129.63712,33.2247],[129.63779,33.22836],[129.63917,33.23079],[129.63581,33.2327],[129.63333,33.2335],[129.63159,33.23718],[129.63164,33.24101],[129.63036,33.24273],[129.62809,33.24294],[129.62745,33.24433],[129.62406,33.24581],[129.62386,33.24819],[129.62253,33.24901],[129.62296,33.25277],[129.62206,33.25542],[129.62467,33.25811],[129.62629,33.26211],[129.6272,33.26301],[129.62844,33.26781],[129.63312,33.27233],[129.63573,33.27228],[129.64125,33.269],[129.64171,33.27076],[129.64341,33.27254],[129.64323,33.27433],[129.6469,33.27688],[129.64894,33.27894],[129.6509,33.27899],[129.65305,33.27728],[129.65578,33.27693],[129.65996,33.27553],[129.65988,33.27428],[129.66336,33.27416],[129.66577,33.27226],[129.66869,33.272],[129.66984,33.26957],[129.67423,33.26693],[129.67377,33.2655],[129.67663,33.26485],[129.68024,33.26648],[129.68271,33.26637],[129.68507,33.26336],[129.68619,33.2605],[129.68542,33.25938],[129.68636,33.25688],[129.68861,33.25518],[129.68358,33.25206],[129.68263,33.24836],[129.68151,33.24709],[129.68061,33.2436],[129.68076,33.24185],[129.68485,33.24073],[129.686,33.23828],[129.6894,33.23594],[129.68836,33.23466],[129.69146,33.23268],[129.68979,33.23142],[129.6903,33.229],[129.6896,33.22784],[129.68495,33.22554],[129.68315,33.22527],[129.67927,33.22223],[129.67712,33.22333],[129.67517,33.22256],[129.674,33.22037],[129.67148,33.21779],[129.67042,33.21485],[129.66709,33.21476],[129.66357,33.21248],[129.66,33.21225],[129.65977,33.21077],[129.65756,33.2098],[129.65461,33.21019],[129.65262,33.20791],[129.64971,33.20784],[129.64784,33.20674],[129.64421,33.20272],[129.64475,33.19931],[129.64376,33.19818],[129.64519,33.19578],[129.6484,33.19361],[129.65147,33.1956],[129.65345,33.1955],[129.65353,33.19396],[129.65641,33.19202],[129.65552,33.19099],[129.65317,33.19233],[129.6508,33.19158],[129.65341,33.18882],[129.65122,33.18591],[129.65521,33.1841],[129.65225,33.18302],[129.65266,33.18127],[129.65046,33.18104],[129.64759,33.17972],[129.64674,33.18107],[129.643,33.17941],[129.64266,33.17496],[129.64135,33.1758],[129.63943,33.17523],[129.63772,33.17175],[129.63755,33.17015],[129.63573,33.1675],[129.6386,33.16684],[129.64005,33.16769],[129.63951,33.1696],[129.64477,33.17118],[129.6506,33.17372],[129.65211,33.17183],[129.6616,33.17122],[129.66012,33.16766],[129.66231,33.16475],[129.66719,33.1651],[129.66864,33.16662],[129.67076,33.16708],[129.67378,33.16561],[129.67591,33.16551],[129.67555,33.16384],[129.67847,33.16436],[129.67781,33.16074],[129.67903,33.15901],[129.67751,33.15432],[129.68054,33.15159],[129.67888,33.15034],[129.68145,33.14856],[129.68319,33.14818],[129.68341,33.14601],[129.68516,33.14439],[129.68753,33.14434],[129.68976,33.14294],[129.69226,33.1403],[129.69567,33.14138],[129.69835,33.14146],[129.69831,33.13784],[129.6966,33.13618],[129.69247,33.13727],[129.68845,33.13648],[129.6841,33.13779],[129.68332,33.13608],[129.68376,33.1339],[129.68168,33.13248],[129.68035,33.13319],[129.67925,33.13039],[129.68021,33.1271],[129.67945,33.12622],[129.67512,33.1278],[129.67188,33.12783],[129.6697,33.12606],[129.66721,33.12567],[129.6666,33.1239],[129.66463,33.12518],[129.66299,33.12738],[129.66273,33.13048],[129.6606,33.13062],[129.6592,33.13177],[129.65697,33.13163],[129.65711,33.12913],[129.66121,33.1252],[129.66061,33.12254],[129.65793,33.12159],[129.65927,33.11877],[129.65938,33.11598],[129.6613,33.11247],[129.66306,33.11263],[129.66491,33.1105],[129.66588,33.10538],[129.66459,33.10316],[129.66652,33.10126],[129.66819,33.10194],[129.66889,33.10377],[129.67243,33.10633],[129.67264,33.10871],[129.67408,33.11146],[129.67184,33.11734],[129.67323,33.11968],[129.67552,33.1201],[129.6773,33.11776],[129.67754,33.11556],[129.67953,33.11391],[129.68986,33.11532],[129.69227,33.11732],[129.69457,33.11532],[129.69665,33.11475],[129.69769,33.11302],[129.70062,33.11503],[129.7026,33.11505],[129.705,33.11632],[129.70862,33.11525],[129.71084,33.11552],[129.71172,33.1177],[129.70807,33.11918],[129.70696,33.12053],[129.70003,33.12375],[129.70187,33.12546],[129.70427,33.12473],[129.70552,33.12332],[129.70808,33.12306],[129.71047,33.1246],[129.71045,33.12772],[129.7091,33.12945],[129.70999,33.13219],[129.7092,33.13466],[129.7094,33.13836],[129.70772,33.14064],[129.70632,33.14135],[129.70341,33.14133],[129.70214,33.14313],[129.70595,33.14381],[129.70611,33.14723],[129.70692,33.14789],[129.70642,33.15262],[129.70511,33.1559],[129.70204,33.15874],[129.69892,33.16008],[129.70162,33.16324],[129.70993,33.16539],[129.71125,33.1623],[129.71036,33.16072],[129.7145,33.1607],[129.7129,33.16515],[129.71351,33.16675],[129.71701,33.16654],[129.71821,33.1624],[129.71904,33.16117],[129.72376,33.16422],[129.72585,33.1616],[129.72566,33.16031],[129.72874,33.15892],[129.72969,33.15611],[129.72883,33.15532],[129.721,33.15408],[129.72226,33.14609],[129.72472,33.14701],[129.72497,33.14831],[129.72785,33.15034],[129.72896,33.14904],[129.72772,33.14767],[129.72874,33.14593],[129.72277,33.14384],[129.72064,33.14236],[129.72027,33.13894],[129.72139,33.13744],[129.72353,33.13731],[129.72666,33.13622],[129.72782,33.13303],[129.72792,33.12861],[129.72596,33.12779],[129.726,33.12649],[129.72948,33.12657],[129.7311,33.12569],[129.73512,33.12582],[129.73434,33.12903],[129.73098,33.13247],[129.73272,33.13367],[129.73194,33.1367],[129.7336,33.13706],[129.7353,33.13985],[129.7367,33.1398],[129.7355,33.13635],[129.73681,33.13456],[129.7399,33.1322],[129.74162,33.13187],[129.74303,33.13517],[129.74674,33.13641],[129.74582,33.13982],[129.74835,33.14261],[129.74839,33.14376],[129.75189,33.14499],[129.7536,33.14483],[129.75601,33.14161],[129.76006,33.14018],[129.76256,33.14161],[129.76091,33.14422],[129.76355,33.14492],[129.76651,33.14465],[129.76796,33.14716],[129.77135,33.14321],[129.77446,33.14299],[129.77988,33.14362],[129.78506,33.14329],[129.78616,33.14096],[129.78793,33.13896],[129.79194,33.13936],[129.79399,33.13839],[129.79767,33.13355],[129.79792,33.13154],[129.7935,33.12514],[129.79487,33.12267],[129.7966,33.11457],[129.79607,33.11116],[129.79133,33.1077],[129.78854,33.1047],[129.78793,33.1029],[129.78887,33.10098],[129.79068,33.09971],[129.79627,33.0919],[129.79661,33.08665],[129.79472,33.08385],[129.79625,33.08197],[129.79834,33.08189],[129.79943,33.07986],[129.79907,33.07723],[129.80211,33.07836],[129.80517,33.07532],[129.79995,33.07435],[129.79987,33.07285],[129.80392,33.07166],[129.80333,33.06782],[129.80621,33.07055],[129.80855,33.06993],[129.81128,33.07028],[129.81443,33.07239],[129.81647,33.07167],[129.81833,33.07369],[129.81991,33.07705],[129.82541,33.07607],[129.83034,33.07433],[129.83353,33.07625],[129.83679,33.07689],[129.8389,33.0786],[129.83994,33.08249],[129.83926,33.08396],[129.84145,33.0852],[129.84172,33.08666],[129.84697,33.09058],[129.84694,33.09225],[129.8446,33.09399],[129.84416,33.09656],[129.84275,33.09979],[129.846,33.10051],[129.84577,33.10276],[129.84641,33.10428],[129.84596,33.10688],[129.8435,33.11154],[129.84472,33.11742],[129.84415,33.11887],[129.84612,33.12353],[129.84585,33.1247],[129.84785,33.12738],[129.84772,33.1302],[129.85004,33.1326],[129.8506,33.13447],[129.84923,33.1375],[129.85037,33.14363],[129.85285,33.14439],[129.85373,33.14599],[129.8561,33.14617],[129.85562,33.14864],[129.85617,33.15198],[129.85785,33.153],[129.85955,33.15584],[129.86403,33.15643],[129.86637,33.15868],[129.86806,33.15839],[129.86893,33.16159],[129.87034,33.16448],[129.87268,33.16521],[129.87246,33.16626],[129.86937,33.16908],[129.86548,33.1697],[129.86313,33.17102],[129.85777,33.17093],[129.85525,33.17346],[129.85348,33.17634],[129.85156,33.1773],[129.84838,33.17753],[129.8457,33.17666],[129.84287,33.17685],[129.84077,33.17534],[129.83733,33.17419],[129.83516,33.17443],[129.83015,33.17708],[129.82779,33.17971],[129.82581,33.17976],[129.82315,33.18178],[129.82112,33.18185],[129.81715,33.18454],[129.81759,33.18655],[129.81564,33.18885],[129.81699,33.19227],[129.81561,33.1946],[129.81651,33.1979],[129.81411,33.19859],[129.81003,33.20235],[129.80817,33.20675],[129.80904,33.20898],[129.8069,33.21117],[129.8083,33.21472],[129.80928,33.21458],[129.8096,33.21862],[129.81172,33.21956],[129.81307,33.22121],[129.81233,33.22395],[129.81046,33.2269],[129.80991,33.23036],[129.81252,33.23189],[129.81544,33.2391],[129.8136,33.24302],[129.81005,33.24265],[129.80315,33.24955],[129.80127,33.25042],[129.7984,33.25331],[129.79095,33.25736],[129.78405,33.26387],[129.78404,33.26521],[129.7801,33.26716],[129.7778,33.2701]]]]}},{"type":"Feature","properties":{"code":"42203","name":"島原市","pref":"長崎県","pref_code":"42","cx":130.3302,"cy":32.80223,"bbox":[130.27293,32.73751,130.37866,32.86677]},"geometry":{"type":"Polygon","coordinates":[[[130.37289,32.73751],[130.37655,32.73998],[130.37727,32.74718],[130.37405,32.74863],[130.3766,32.74957],[130.37394,32.75487],[130.374,32.75755],[130.37219,32.75956],[130.37059,32.76423],[130.37158,32.76639],[130.37454,32.76757],[130.37326,32.76942],[130.37419,32.77327],[130.37547,32.77353],[130.3769,32.77697],[130.37866,32.77874],[130.37797,32.78102],[130.37817,32.78396],[130.37531,32.78626],[130.37535,32.78789],[130.37734,32.78885],[130.37584,32.79084],[130.37293,32.79229],[130.37017,32.79601],[130.36848,32.80034],[130.36595,32.80357],[130.36525,32.80691],[130.36625,32.8084],[130.36308,32.81016],[130.36221,32.8114],[130.36307,32.81307],[130.36148,32.81551],[130.35894,32.81483],[130.3571,32.81691],[130.35483,32.82391],[130.35175,32.82682],[130.35045,32.8316],[130.34598,32.83989],[130.3462,32.84144],[130.34499,32.84352],[130.34495,32.8453],[130.3436,32.84839],[130.34145,32.85147],[130.34099,32.85524],[130.33813,32.85782],[130.33476,32.85945],[130.33278,32.86101],[130.32886,32.86183],[130.32176,32.86634],[130.31942,32.86677],[130.31488,32.86509],[130.31253,32.86326],[130.31161,32.8603],[130.30923,32.85895],[130.30778,32.85572],[130.30541,32.85479],[130.30516,32.8513],[130.30387,32.85015],[130.30439,32.84839],[130.3032,32.84699],[130.30398,32.84473],[130.3027,32.84412],[130.30062,32.84023],[130.30269,32.83739],[130.30282,32.83462],[130.30185,32.8305],[130.30229,32.82797],[130.30148,32.82692],[130.30038,32.8222],[130.29931,32.81971],[130.29937,32.81791],[130.2978,32.81477],[130.29708,32.81096],[130.29559,32.80912],[130.29301,32.80306],[130.29379,32.80139],[130.28952,32.7944],[130.28501,32.79108],[130.28472,32.7839],[130.28321,32.78459],[130.2804,32.7827],[130.27677,32.7843],[130.27509,32.78212],[130.27293,32.77376],[130.27306,32.76662],[130.27463,32.76534],[130.27755,32.76453],[130.28065,32.76461],[130.28699,32.76213],[130.28814,32.76373],[130.29379,32.76531],[130.29566,32.76216],[130.29772,32.76065],[130.30224,32.76216],[130.30657,32.76236],[130.30991,32.76354],[130.30862,32.75932],[130.30872,32.75516],[130.30668,32.75392],[130.29871,32.75378],[130.29522,32.75416],[130.2921,32.75257],[130.29075,32.7533],[130.28765,32.75312],[130.28571,32.75037],[130.29041,32.74838],[130.29963,32.747],[130.30579,32.74767],[130.30898,32.74641],[130.31369,32.74682],[130.31601,32.74627],[130.32055,32.74625],[130.32227,32.74719],[130.32641,32.7469],[130.32912,32.74762],[130.33748,32.74745],[130.34273,32.74816],[130.3468,32.74781],[130.34877,32.74716],[130.34839,32.74528],[130.35107,32.74474],[130.35086,32.74264],[130.35604,32.74159],[130.35736,32.7465],[130.36012,32.74547],[130.36567,32.74062],[130.36827,32.74013],[130.36915,32.73901],[130.37289,32.73751]]]}},{"type":"Feature","properties":{"code":"42204","name":"諫早市","pref":"長崎県","pref_code":"42","cx":130.09126,"cy":32.86441,"bbox":[129.88544,32.75369,130.20389,32.97538]},"geometry":{"type":"MultiPolygon","coordinates":[[[[130.04117,32.75935],[130.04,32.76366],[130.03782,32.76336],[130.03912,32.76113],[130.03902,32.75969],[130.04117,32.75935]]],[[[129.92755,32.87369],[129.92547,32.87351],[129.9252,32.87161],[129.92922,32.86988],[129.92895,32.87245],[129.92755,32.87369]]],[[[129.98772,32.75911],[129.98877,32.75614],[129.99091,32.75369],[129.99408,32.75565],[129.99562,32.75955],[129.99887,32.76193],[130.00237,32.76122],[130.00444,32.75988],[130.00505,32.75792],[130.01014,32.75803],[130.01148,32.75962],[130.01963,32.75998],[130.02403,32.75837],[130.02569,32.75892],[130.02978,32.76157],[130.03013,32.76322],[130.03177,32.76552],[130.04077,32.76734],[130.045,32.77067],[130.05025,32.77629],[130.05403,32.77855],[130.05466,32.78001],[130.05674,32.78111],[130.05893,32.7813],[130.06586,32.78582],[130.06739,32.78748],[130.074,32.78934],[130.07798,32.78985],[130.08246,32.79224],[130.08349,32.79448],[130.08671,32.79505],[130.08672,32.79389],[130.092,32.79396],[130.09798,32.79332],[130.10026,32.79388],[130.10443,32.79333],[130.11267,32.79037],[130.12126,32.78897],[130.12435,32.7878],[130.13064,32.78816],[130.13515,32.78977],[130.14411,32.79603],[130.14303,32.79752],[130.13994,32.79733],[130.14114,32.80062],[130.13568,32.80794],[130.13748,32.80969],[130.14368,32.80989],[130.14554,32.80949],[130.14727,32.81171],[130.14991,32.81894],[130.15285,32.82333],[130.15645,32.82555],[130.15841,32.84076],[130.15704,32.84356],[130.15409,32.84081],[130.14823,32.84532],[130.17424,32.87003],[130.15533,32.89357],[130.15299,32.89915],[130.15615,32.90067],[130.15777,32.90207],[130.15779,32.90343],[130.15634,32.9055],[130.15926,32.90703],[130.16204,32.90586],[130.1645,32.90695],[130.16777,32.91204],[130.16549,32.91394],[130.1692,32.91565],[130.17335,32.91625],[130.17586,32.91583],[130.17817,32.91418],[130.1798,32.91412],[130.18288,32.91592],[130.18343,32.91347],[130.18683,32.91406],[130.18626,32.91673],[130.18866,32.91857],[130.18685,32.92087],[130.187,32.92462],[130.18842,32.9261],[130.19226,32.92705],[130.19241,32.92847],[130.19738,32.92949],[130.20186,32.9291],[130.20148,32.93069],[130.20333,32.93213],[130.20093,32.93373],[130.20175,32.93573],[130.19972,32.93833],[130.20301,32.94079],[130.20332,32.94224],[130.20117,32.94308],[130.20064,32.9444],[130.20308,32.94675],[130.2011,32.94957],[130.20187,32.95252],[130.20389,32.95521],[130.20306,32.95815],[130.20116,32.95906],[130.19304,32.95945],[130.18742,32.9589],[130.18453,32.95996],[130.17819,32.96038],[130.17685,32.96148],[130.17306,32.96215],[130.16767,32.96109],[130.16166,32.96123],[130.15508,32.96336],[130.14966,32.96279],[130.14935,32.96509],[130.14682,32.96936],[130.14406,32.97168],[130.14262,32.9714],[130.13905,32.96862],[130.13092,32.96832],[130.12733,32.96891],[130.12271,32.97089],[130.1192,32.97036],[130.11572,32.97136],[130.11451,32.97241],[130.10919,32.97176],[130.10486,32.9734],[130.10303,32.97474],[130.09994,32.97421],[130.09505,32.97538],[130.08887,32.97406],[130.08683,32.9749],[130.0852,32.97309],[130.08452,32.97009],[130.08128,32.9691],[130.07753,32.96723],[130.07653,32.96128],[130.07749,32.95919],[130.07545,32.95754],[130.07224,32.95631],[130.06977,32.95663],[130.06813,32.95487],[130.06667,32.95486],[130.06427,32.95322],[130.06291,32.95535],[130.05827,32.9573],[130.05605,32.95474],[130.0532,32.9562],[130.04862,32.95515],[130.04313,32.95666],[130.04125,32.95631],[130.03845,32.95271],[130.03712,32.95194],[130.03643,32.94931],[130.03375,32.94787],[130.03214,32.94609],[130.02773,32.94331],[130.02097,32.94147],[130.02077,32.93721],[130.01766,32.93155],[130.0176,32.92594],[130.01639,32.92242],[130.01687,32.91713],[130.01611,32.91627],[130.01405,32.90649],[130.01449,32.90485],[130.01328,32.89308],[130.01099,32.8914],[130.00985,32.88819],[130.01038,32.8838],[130.00854,32.88136],[130.01169,32.87804],[130.01323,32.87713],[130.01195,32.87431],[130.0124,32.87218],[130.01466,32.87044],[130.01358,32.86729],[130.01447,32.86309],[130.01271,32.86002],[130.01306,32.8571],[130.015,32.85406],[130.01385,32.85031],[130.01025,32.84834],[130.00911,32.84674],[130.00539,32.84532],[130.00353,32.84392],[130.00495,32.84047],[130.0012,32.84064],[129.99804,32.83989],[129.99423,32.83975],[129.99413,32.84188],[129.98642,32.84162],[129.986,32.83674],[129.98483,32.83604],[129.9839,32.84071],[129.98088,32.84047],[129.97965,32.83812],[129.97715,32.83862],[129.97591,32.84055],[129.97949,32.84352],[129.97493,32.84651],[129.97589,32.84792],[129.97513,32.8492],[129.9729,32.85001],[129.97049,32.84968],[129.96591,32.84677],[129.96321,32.84745],[129.96024,32.84649],[129.95782,32.84669],[129.95642,32.84791],[129.95628,32.8499],[129.95831,32.85371],[129.95806,32.85522],[129.95389,32.85721],[129.94993,32.86127],[129.94763,32.86216],[129.94241,32.86168],[129.94101,32.86199],[129.93705,32.85991],[129.934,32.85754],[129.92955,32.85908],[129.92759,32.86098],[129.93028,32.86385],[129.9308,32.86567],[129.92938,32.86656],[129.92643,32.86587],[129.925,32.86423],[129.92268,32.86459],[129.92218,32.86608],[129.91803,32.86865],[129.91237,32.8663],[129.91248,32.86918],[129.91018,32.87059],[129.90985,32.86805],[129.90546,32.8722],[129.9054,32.87467],[129.90384,32.87798],[129.90142,32.87777],[129.89998,32.87916],[129.89712,32.88],[129.89719,32.87816],[129.89543,32.87438],[129.89572,32.8726],[129.89413,32.86832],[129.89212,32.86844],[129.89034,32.87117],[129.88717,32.8715],[129.88544,32.86859],[129.88717,32.86565],[129.88912,32.86348],[129.89009,32.8598],[129.89018,32.85678],[129.89316,32.85566],[129.89408,32.85436],[129.89393,32.85183],[129.89532,32.85178],[129.89928,32.84441],[129.90245,32.84288],[129.90579,32.84241],[129.90734,32.84037],[129.90952,32.83888],[129.90985,32.83691],[129.91295,32.83361],[129.91589,32.83344],[129.91839,32.82976],[129.92149,32.82806],[129.92112,32.82553],[129.92294,32.82352],[129.92417,32.82087],[129.93114,32.82003],[129.9325,32.81732],[129.93452,32.81615],[129.93887,32.81654],[129.9452,32.8193],[129.94712,32.81889],[129.95034,32.81941],[129.95158,32.81738],[129.95522,32.81629],[129.95728,32.81175],[129.95949,32.8124],[129.95997,32.81046],[129.96173,32.81042],[129.96933,32.81253],[129.97429,32.81664],[129.9753,32.81827],[129.978,32.81746],[129.97941,32.81516],[129.98032,32.81109],[129.98264,32.80927],[129.98537,32.80826],[129.98635,32.80679],[129.99254,32.80661],[129.9931,32.8036],[129.99146,32.80104],[129.98909,32.79935],[129.98877,32.79687],[129.98948,32.79466],[129.98953,32.78749],[129.99083,32.78406],[129.99354,32.78195],[129.99253,32.77903],[129.98832,32.7747],[129.98867,32.77308],[129.98709,32.7716],[129.98992,32.76704],[129.98941,32.76409],[129.99087,32.76303],[129.98772,32.75911]]]]}},{"type":"Feature","properties":{"code":"42205","name":"大村市","pref":"長崎県","pref_code":"42","cx":129.97453,"cy":32.92418,"bbox":[129.90013,32.84392,130.08683,33.00414]},"geometry":{"type":"MultiPolygon","coordinates":[[[[129.94214,32.9042],[129.93984,32.9027],[129.94107,32.89987],[129.94331,32.90344],[129.94214,32.9042]]],[[[129.90186,32.92903],[129.90013,32.92821],[129.90065,32.92679],[129.90715,32.9207],[129.90737,32.91817],[129.9064,32.91604],[129.90826,32.91307],[129.91058,32.91202],[129.91328,32.90913],[129.91302,32.90823],[129.91833,32.90362],[129.92116,32.90684],[129.92374,32.90514],[129.92677,32.90786],[129.92361,32.91082],[129.92585,32.91306],[129.91739,32.92099],[129.91458,32.91917],[129.90399,32.92909],[129.90186,32.92903]]],[[[129.94918,32.99072],[129.95076,32.98821],[129.95008,32.98537],[129.94579,32.98271],[129.94605,32.98175],[129.94491,32.97833],[129.94224,32.9748],[129.94045,32.9754],[129.93865,32.97368],[129.93579,32.97564],[129.93355,32.97333],[129.93801,32.97029],[129.93633,32.96901],[129.93173,32.97219],[129.92833,32.96869],[129.93213,32.96608],[129.92935,32.95944],[129.93187,32.95705],[129.93109,32.95016],[129.92952,32.9475],[129.92894,32.94482],[129.92967,32.94271],[129.9286,32.94113],[129.92886,32.93569],[129.93031,32.93334],[129.92977,32.93089],[129.93021,32.92646],[129.93508,32.92051],[129.9366,32.92026],[129.94066,32.91629],[129.94645,32.91181],[129.9486,32.90859],[129.95025,32.90826],[129.95388,32.90514],[129.953,32.90371],[129.94958,32.90082],[129.9504,32.89915],[129.9534,32.8988],[129.95044,32.8964],[129.95005,32.89533],[129.95537,32.89588],[129.95711,32.89368],[129.95658,32.89156],[129.95898,32.8901],[129.96265,32.89053],[129.96549,32.89161],[129.96912,32.89134],[129.97122,32.89038],[129.97103,32.88898],[129.97247,32.88591],[129.96727,32.88543],[129.96479,32.88472],[129.96362,32.88171],[129.9633,32.87885],[129.96411,32.8778],[129.9628,32.87596],[129.965,32.87546],[129.96512,32.87327],[129.96905,32.87142],[129.9724,32.87193],[129.97431,32.87014],[129.9745,32.8687],[129.97634,32.86776],[129.97816,32.86843],[129.97986,32.86733],[129.98233,32.86364],[129.98302,32.86165],[129.98752,32.85926],[129.98958,32.85934],[129.99135,32.85798],[129.99138,32.85638],[129.99372,32.85294],[129.99314,32.85093],[129.99432,32.84859],[130.00067,32.84754],[130.00353,32.84392],[130.00539,32.84532],[130.00911,32.84674],[130.01025,32.84834],[130.01385,32.85031],[130.015,32.85406],[130.01306,32.8571],[130.01271,32.86002],[130.01447,32.86309],[130.01358,32.86729],[130.01466,32.87044],[130.0124,32.87218],[130.01195,32.87431],[130.01323,32.87713],[130.01169,32.87804],[130.00854,32.88136],[130.01038,32.8838],[130.00985,32.88819],[130.01099,32.8914],[130.01328,32.89308],[130.01449,32.90485],[130.01405,32.90649],[130.01611,32.91627],[130.01687,32.91713],[130.01639,32.92242],[130.0176,32.92594],[130.01766,32.93155],[130.02077,32.93721],[130.02097,32.94147],[130.02773,32.94331],[130.03214,32.94609],[130.03375,32.94787],[130.03643,32.94931],[130.03712,32.95194],[130.03845,32.95271],[130.04125,32.95631],[130.04313,32.95666],[130.04862,32.95515],[130.0532,32.9562],[130.05605,32.95474],[130.05827,32.9573],[130.06291,32.95535],[130.06427,32.95322],[130.06667,32.95486],[130.06813,32.95487],[130.06977,32.95663],[130.07224,32.95631],[130.07545,32.95754],[130.07749,32.95919],[130.07653,32.96128],[130.07753,32.96723],[130.08128,32.9691],[130.08452,32.97009],[130.0852,32.97309],[130.08683,32.9749],[130.08615,32.97538],[130.0858,32.97922],[130.08278,32.98102],[130.08178,32.98275],[130.07744,32.98475],[130.07605,32.98757],[130.07309,32.98782],[130.06949,32.98644],[130.06491,32.98706],[130.06123,32.98585],[130.05809,32.98777],[130.05635,32.98997],[130.05403,32.99168],[130.05128,32.99261],[130.05177,32.99437],[130.04932,32.99791],[130.04709,32.99842],[130.04707,33.00154],[130.04568,33.00197],[130.04444,33.00414],[130.03947,33.00362],[130.03797,33.00142],[130.03491,33.00032],[130.03243,33.00027],[130.03022,32.99862],[130.0278,32.99966],[130.02519,32.99793],[130.02291,32.99442],[130.01747,32.99392],[130.01623,32.9914],[130.01461,32.99373],[130.01484,32.99512],[130.01224,32.99687],[130.00979,32.99754],[130.00568,32.99607],[130.0035,32.99637],[130.00161,32.99516],[129.99873,32.99609],[129.99772,32.99535],[129.99319,32.99473],[129.99259,32.99197],[129.98969,32.9911],[129.9848,32.98706],[129.98303,32.98842],[129.98097,32.987],[129.9743,32.98649],[129.97009,32.98518],[129.96635,32.98305],[129.96354,32.98348],[129.96092,32.98629],[129.96164,32.98807],[129.95969,32.98853],[129.95942,32.99126],[129.95801,32.99224],[129.95448,32.99067],[129.95001,32.9901],[129.94918,32.99072]]]]}},{"type":"Feature","properties":{"code":"42207","name":"平戸市","pref":"長崎県","pref_code":"42","cx":129.47773,"cy":33.28937,"bbox":[129.33468,33.16869,129.63295,33.6106]},"geometry":{"type":"MultiPolygon","coordinates":[[[[129.34526,33.18295],[129.34445,33.18547],[129.34228,33.18495],[129.34238,33.182],[129.34559,33.18012],[129.34758,33.17785],[129.34808,33.18233],[129.34526,33.18295]]],[[[129.33882,33.19005],[129.33649,33.18865],[129.33468,33.1848],[129.33785,33.18338],[129.33771,33.18581],[129.33951,33.18751],[129.34181,33.18834],[129.33882,33.19005]]],[[[129.34431,33.19587],[129.34106,33.19563],[129.34049,33.19462],[129.34252,33.19249],[129.34431,33.19587]]],[[[129.35275,33.21264],[129.35114,33.2126],[129.34819,33.2111],[129.34851,33.20932],[129.3532,33.21153],[129.35275,33.21264]]],[[[129.34081,33.23973],[129.34173,33.23721],[129.34331,33.23842],[129.34081,33.23973]]],[[[129.3412,33.25256],[129.33582,33.24895],[129.33825,33.2483],[129.34071,33.24979],[129.34199,33.25166],[129.3412,33.25256]]],[[[129.51233,33.28406],[129.51362,33.28106],[129.51506,33.28203],[129.51233,33.28406]]],[[[129.51773,33.29251],[129.51378,33.29089],[129.51439,33.29015],[129.51769,33.29068],[129.51773,33.29251]]],[[[129.57992,33.3064],[129.58019,33.30421],[129.58252,33.30499],[129.57992,33.3064]]],[[[129.63129,33.34267],[129.6316,33.34375],[129.62921,33.34695],[129.63196,33.3489],[129.63208,33.35066],[129.6297,33.35271],[129.63237,33.35427],[129.63044,33.35748],[129.63056,33.36087],[129.63295,33.36221],[129.62965,33.36327],[129.62744,33.36313],[129.6259,33.36155],[129.62331,33.36389],[129.62418,33.36513],[129.61825,33.36968],[129.61851,33.37207],[129.61517,33.37335],[129.61204,33.37376],[129.60993,33.37259],[129.60932,33.37057],[129.60728,33.37008],[129.6056,33.36853],[129.60232,33.37297],[129.59888,33.374],[129.59516,33.37],[129.59216,33.36882],[129.59296,33.37112],[129.59072,33.37464],[129.59346,33.3759],[129.59706,33.37929],[129.59781,33.38148],[129.59251,33.38126],[129.58833,33.37806],[129.58502,33.37886],[129.58231,33.37727],[129.57954,33.37832],[129.57808,33.38001],[129.5756,33.37923],[129.57406,33.37575],[129.57179,33.37648],[129.57019,33.37568],[129.56891,33.37105],[129.57257,33.36841],[129.57234,33.36674],[129.57453,33.36439],[129.57732,33.36282],[129.5759,33.35966],[129.57583,33.35727],[129.57466,33.35561],[129.57475,33.3508],[129.57429,33.3493],[129.57161,33.34605],[129.57278,33.34167],[129.57145,33.34059],[129.57207,33.33661],[129.57573,33.33382],[129.57606,33.33233],[129.57463,33.32991],[129.57202,33.33128],[129.56764,33.33135],[129.56547,33.3328],[129.5635,33.33319],[129.56141,33.33072],[129.562,33.32489],[129.5653,33.32157],[129.56812,33.32116],[129.56824,33.3191],[129.57271,33.31425],[129.57675,33.31327],[129.57485,33.31091],[129.5753,33.30874],[129.57894,33.30725],[129.58064,33.30901],[129.58089,33.31068],[129.58293,33.31141],[129.58454,33.30679],[129.58721,33.30489],[129.59169,33.30427],[129.59289,33.30489],[129.59534,33.30883],[129.59865,33.31204],[129.59934,33.31127],[129.60255,33.31237],[129.60512,33.31426],[129.60832,33.31494],[129.60583,33.31608],[129.60659,33.31943],[129.60488,33.32111],[129.60666,33.32363],[129.60934,33.32406],[129.61109,33.32604],[129.61386,33.32636],[129.61595,33.32531],[129.61992,33.32772],[129.62071,33.32609],[129.62274,33.3256],[129.62383,33.32673],[129.6229,33.32932],[129.6213,33.33064],[129.61984,33.33324],[129.62285,33.33437],[129.62332,33.33663],[129.62459,33.33711],[129.62815,33.33663],[129.63064,33.33505],[129.63262,33.33752],[129.63103,33.33929],[129.63033,33.34199],[129.63129,33.34267]]],[[[129.55455,33.40954],[129.55262,33.4093],[129.55116,33.40799],[129.54717,33.40877],[129.54278,33.4087],[129.53843,33.40648],[129.53485,33.40172],[129.53239,33.40121],[129.53158,33.40289],[129.52909,33.4026],[129.52933,33.4047],[129.5243,33.40674],[129.52275,33.40594],[129.52371,33.40439],[129.51984,33.40105],[129.52066,33.39906],[129.52319,33.39705],[129.52657,33.39655],[129.52755,33.39395],[129.52648,33.39228],[129.52212,33.39222],[129.51813,33.39149],[129.51968,33.38857],[129.5221,33.38681],[129.52533,33.38651],[129.52664,33.38772],[129.53488,33.38826],[129.53694,33.38778],[129.54478,33.38981],[129.54515,33.38693],[129.54999,33.388],[129.55111,33.38595],[129.55047,33.38449],[129.55188,33.3807],[129.54971,33.38007],[129.54694,33.37652],[129.54157,33.37593],[129.54037,33.37459],[129.5385,33.37474],[129.53706,33.37616],[129.53001,33.37618],[129.52938,33.3783],[129.52473,33.38018],[129.52395,33.37806],[129.52944,33.37312],[129.52965,33.37083],[129.53181,33.36902],[129.53047,33.36539],[129.52803,33.36581],[129.52519,33.36255],[129.52496,33.36009],[129.52308,33.35726],[129.52509,33.35557],[129.52256,33.3538],[129.51654,33.35395],[129.51486,33.35497],[129.51394,33.35796],[129.51682,33.3599],[129.51841,33.3646],[129.51835,33.36601],[129.51571,33.36684],[129.51802,33.36821],[129.5177,33.37358],[129.52116,33.37451],[129.52204,33.37595],[129.51968,33.3769],[129.51826,33.37897],[129.51429,33.38065],[129.51091,33.38138],[129.50763,33.37922],[129.50624,33.37324],[129.50488,33.37115],[129.5059,33.36985],[129.50645,33.3665],[129.50468,33.36494],[129.50419,33.36205],[129.50163,33.36049],[129.50192,33.35723],[129.49777,33.35519],[129.49451,33.35605],[129.48769,33.35598],[129.48693,33.35449],[129.48396,33.35585],[129.48104,33.35569],[129.47932,33.35449],[129.47787,33.35145],[129.47603,33.35066],[129.47436,33.35121],[129.47357,33.35321],[129.4693,33.35421],[129.46087,33.35196],[129.45737,33.3497],[129.45367,33.34874],[129.45208,33.34987],[129.44362,33.35005],[129.4413,33.35098],[129.44109,33.34905],[129.43724,33.34715],[129.43701,33.34457],[129.44241,33.34233],[129.44224,33.33922],[129.43974,33.33877],[129.44052,33.3363],[129.44212,33.3352],[129.442,33.33294],[129.44349,33.33135],[129.44283,33.32763],[129.44157,33.32702],[129.44293,33.32502],[129.4416,33.32424],[129.439,33.3248],[129.43684,33.32396],[129.43679,33.31776],[129.43411,33.31659],[129.43253,33.31439],[129.43408,33.31201],[129.4366,33.30993],[129.43899,33.30935],[129.4382,33.3066],[129.4409,33.30397],[129.44016,33.29918],[129.44261,33.30006],[129.44691,33.29699],[129.4444,33.29383],[129.44716,33.2918],[129.44621,33.29058],[129.44308,33.2891],[129.44071,33.29001],[129.43927,33.2916],[129.43706,33.29237],[129.43337,33.29136],[129.43188,33.29026],[129.42778,33.28964],[129.42503,33.29064],[129.42313,33.28896],[129.42336,33.28776],[129.42198,33.28578],[129.42161,33.28379],[129.42562,33.2845],[129.42718,33.28208],[129.4233,33.2812],[129.42099,33.27841],[129.41703,33.2782],[129.41392,33.27616],[129.40935,33.2766],[129.40694,33.27801],[129.40803,33.27412],[129.40429,33.27152],[129.40688,33.26976],[129.40788,33.26791],[129.40387,33.26544],[129.40767,33.26232],[129.41202,33.26054],[129.41086,33.2563],[129.4067,33.25579],[129.40564,33.2547],[129.4077,33.25278],[129.41002,33.25255],[129.41115,33.25015],[129.41048,33.24895],[129.41414,33.2475],[129.41537,33.24978],[129.41836,33.24947],[129.4178,33.24734],[129.42045,33.24687],[129.42258,33.24854],[129.4243,33.2465],[129.42734,33.24542],[129.42301,33.24151],[129.42435,33.24025],[129.42674,33.23978],[129.42714,33.23709],[129.43186,33.23894],[129.43581,33.23778],[129.4349,33.236],[129.43317,33.23741],[129.42983,33.23427],[129.42555,33.23525],[129.42297,33.23925],[129.4201,33.23741],[129.42152,33.23466],[129.42137,33.23356],[129.42372,33.2302],[129.42631,33.2283],[129.42412,33.22627],[129.42173,33.2298],[129.42098,33.22948],[129.41763,33.23224],[129.41516,33.23337],[129.41499,33.23488],[129.41226,33.23616],[129.4119,33.23806],[129.40837,33.24011],[129.40691,33.23754],[129.40476,33.23813],[129.40418,33.23932],[129.39941,33.24001],[129.39606,33.23911],[129.39466,33.23785],[129.394,33.23448],[129.39138,33.23387],[129.39024,33.23036],[129.38761,33.23077],[129.38541,33.22969],[129.38411,33.22783],[129.38213,33.22741],[129.38288,33.22566],[129.38026,33.22388],[129.37966,33.22179],[129.38009,33.21667],[129.38109,33.21548],[129.38104,33.21141],[129.38151,33.20966],[129.38042,33.20799],[129.3883,33.20139],[129.39052,33.20123],[129.39251,33.20012],[129.39309,33.19696],[129.39577,33.19822],[129.40033,33.19935],[129.40307,33.19903],[129.40602,33.1976],[129.40713,33.19558],[129.40634,33.19333],[129.40329,33.19213],[129.40231,33.19016],[129.40407,33.18733],[129.40279,33.18482],[129.39995,33.18293],[129.40067,33.18104],[129.39859,33.17979],[129.39806,33.18156],[129.39598,33.18149],[129.39608,33.18344],[129.39413,33.18465],[129.39311,33.18368],[129.39042,33.18657],[129.38714,33.18441],[129.38584,33.18682],[129.384,33.18721],[129.38213,33.18498],[129.37924,33.18583],[129.37718,33.18436],[129.373,33.18459],[129.37103,33.18742],[129.3735,33.18972],[129.37121,33.19117],[129.36896,33.1893],[129.3682,33.18708],[129.36686,33.18725],[129.36685,33.18982],[129.3687,33.19139],[129.36792,33.19315],[129.36384,33.19868],[129.36422,33.20051],[129.36268,33.20115],[129.36296,33.2029],[129.35954,33.20402],[129.35793,33.20238],[129.35652,33.20389],[129.35824,33.20582],[129.35709,33.20717],[129.35278,33.20423],[129.35159,33.20199],[129.35215,33.20058],[129.35455,33.20005],[129.35623,33.19827],[129.35498,33.19371],[129.35643,33.19399],[129.35896,33.19207],[129.35383,33.18674],[129.35131,33.18281],[129.34948,33.18189],[129.35478,33.17905],[129.36093,33.17763],[129.36547,33.175],[129.36891,33.17214],[129.37019,33.16929],[129.37277,33.16997],[129.37514,33.16869],[129.37906,33.17065],[129.38384,33.17117],[129.39443,33.17389],[129.3975,33.17501],[129.39962,33.1773],[129.4029,33.17906],[129.40502,33.18081],[129.41527,33.18252],[129.41968,33.18432],[129.42289,33.18779],[129.42912,33.1888],[129.43399,33.19093],[129.43522,33.19259],[129.43726,33.1934],[129.44176,33.19673],[129.44353,33.19881],[129.44428,33.20105],[129.4442,33.20348],[129.44689,33.20638],[129.45041,33.20777],[129.45256,33.20636],[129.45301,33.20888],[129.45068,33.20989],[129.45196,33.21324],[129.45417,33.2146],[129.45688,33.21483],[129.45963,33.21363],[129.46352,33.21381],[129.46694,33.21833],[129.46928,33.2243],[129.47239,33.2272],[129.47247,33.23007],[129.47464,33.2307],[129.47658,33.23218],[129.47738,33.23493],[129.47941,33.23516],[129.48489,33.24138],[129.48692,33.24589],[129.48597,33.24731],[129.48782,33.25116],[129.49078,33.25258],[129.49403,33.25242],[129.49867,33.25842],[129.50124,33.25923],[129.50216,33.26275],[129.50163,33.26612],[129.50265,33.26784],[129.50462,33.26928],[129.50456,33.27136],[129.50115,33.27307],[129.49765,33.27702],[129.49736,33.2781],[129.49284,33.27912],[129.49061,33.27805],[129.48912,33.27883],[129.48666,33.28153],[129.48547,33.28435],[129.48841,33.28681],[129.48858,33.28842],[129.49259,33.28905],[129.49367,33.28762],[129.49228,33.28525],[129.49482,33.28239],[129.49711,33.28338],[129.49823,33.28491],[129.50073,33.28628],[129.50413,33.28549],[129.50731,33.28749],[129.51001,33.28765],[129.51229,33.28982],[129.50968,33.29081],[129.50593,33.29321],[129.50426,33.30021],[129.50645,33.30278],[129.50822,33.30324],[129.51175,33.30139],[129.51336,33.30282],[129.51796,33.30431],[129.52088,33.30296],[129.52388,33.30253],[129.52664,33.30401],[129.52892,33.30617],[129.53165,33.31035],[129.53188,33.31376],[129.53036,33.31309],[129.52573,33.31414],[129.52422,33.31564],[129.52235,33.32055],[129.51571,33.32426],[129.51615,33.32572],[129.51385,33.33045],[129.51614,33.3316],[129.5176,33.33],[129.52045,33.32967],[129.52109,33.32637],[129.52436,33.32846],[129.52504,33.33028],[129.53222,33.33179],[129.53443,33.33129],[129.53666,33.33307],[129.54173,33.33115],[129.54481,33.33164],[129.54138,33.33616],[129.54336,33.33714],[129.54607,33.34021],[129.54663,33.34168],[129.54524,33.3465],[129.54598,33.34884],[129.54909,33.35003],[129.55041,33.35121],[129.5526,33.3506],[129.55771,33.3543],[129.55959,33.35436],[129.56068,33.35561],[129.5663,33.35497],[129.56841,33.35837],[129.56688,33.35864],[129.56326,33.3635],[129.56058,33.36419],[129.55843,33.36591],[129.55974,33.36672],[129.5585,33.37072],[129.55673,33.37094],[129.55311,33.36907],[129.55316,33.37071],[129.55796,33.37285],[129.55737,33.37398],[129.5584,33.37691],[129.56159,33.37857],[129.56292,33.382],[129.56189,33.38365],[129.55938,33.38305],[129.56024,33.38542],[129.55845,33.38792],[129.55463,33.38924],[129.55417,33.39044],[129.55644,33.39142],[129.5601,33.38995],[129.56184,33.39197],[129.56051,33.39396],[129.55851,33.39389],[129.55593,33.3968],[129.55616,33.39809],[129.55847,33.39893],[129.55876,33.40153],[129.55724,33.40261],[129.55528,33.4058],[129.55455,33.40954]]],[[[129.53319,33.426],[129.53422,33.42389],[129.53375,33.42142],[129.53512,33.42112],[129.53443,33.42481],[129.53319,33.426]]],[[[129.43459,33.44069],[129.42985,33.43995],[129.42955,33.43797],[129.42832,33.43681],[129.42577,33.4368],[129.42414,33.43382],[129.42232,33.43364],[129.42058,33.43188],[129.42107,33.42795],[129.42254,33.4254],[129.4235,33.42094],[129.42316,33.41783],[129.42159,33.41564],[129.42229,33.41194],[129.42164,33.40849],[129.41958,33.40536],[129.4148,33.40197],[129.41247,33.39804],[129.4133,33.3913],[129.4124,33.38751],[129.41089,33.38485],[129.40851,33.37494],[129.40417,33.36478],[129.40204,33.36315],[129.39813,33.36187],[129.39741,33.36054],[129.39827,33.35871],[129.4009,33.35876],[129.40792,33.35605],[129.41059,33.35408],[129.41249,33.35362],[129.41356,33.35164],[129.41507,33.351],[129.42002,33.35126],[129.43139,33.35457],[129.43507,33.35482],[129.43165,33.36117],[129.43638,33.36328],[129.43727,33.36581],[129.43527,33.36771],[129.43256,33.37257],[129.43074,33.3747],[129.43,33.37858],[129.43126,33.38527],[129.43339,33.38847],[129.43675,33.39638],[129.4352,33.39874],[129.43533,33.40383],[129.43022,33.40725],[129.42837,33.40932],[129.43331,33.4188],[129.43198,33.42074],[129.42961,33.41963],[129.42793,33.42212],[129.42935,33.42531],[129.42874,33.42662],[129.43423,33.42902],[129.43488,33.43099],[129.43703,33.43216],[129.43345,33.43387],[129.43341,33.43744],[129.43459,33.44069]]],[[[129.53058,33.45437],[129.52708,33.45288],[129.52659,33.44772],[129.52433,33.44424],[129.52425,33.44259],[129.52142,33.44039],[129.51653,33.43945],[129.51211,33.43791],[129.50686,33.43523],[129.50645,33.43246],[129.50486,33.4278],[129.50538,33.42544],[129.5074,33.42415],[129.51367,33.4261],[129.51289,33.42719],[129.5134,33.43107],[129.51658,33.43172],[129.52062,33.43422],[129.52317,33.43452],[129.52588,33.43616],[129.52878,33.43686],[129.53079,33.43558],[129.53224,33.43572],[129.53234,33.43818],[129.53477,33.43711],[129.53723,33.43695],[129.53738,33.43888],[129.53456,33.44021],[129.53618,33.44173],[129.53874,33.44216],[129.54048,33.44147],[129.54359,33.44161],[129.54303,33.44366],[129.53967,33.44573],[129.53702,33.44631],[129.53264,33.44843],[129.53106,33.45043],[129.53058,33.45437]]],[[[129.55644,33.51076],[129.55501,33.50953],[129.55213,33.5098],[129.54947,33.50801],[129.54785,33.50787],[129.5429,33.50477],[129.53934,33.50411],[129.53521,33.50236],[129.53351,33.50295],[129.53141,33.501],[129.5277,33.49942],[129.52685,33.49622],[129.52062,33.49231],[129.51752,33.48865],[129.50948,33.48282],[129.5094,33.48111],[129.50355,33.48005],[129.5019,33.47687],[129.49963,33.47553],[129.49845,33.4727],[129.5031,33.47139],[129.50586,33.47246],[129.5074,33.4741],[129.50941,33.47417],[129.51075,33.4729],[129.5185,33.47164],[129.5192,33.47224],[129.51834,33.47534],[129.51333,33.47898],[129.51364,33.48082],[129.51777,33.48008],[129.51918,33.48097],[129.51846,33.48359],[129.52425,33.48233],[129.52744,33.48473],[129.52883,33.48384],[129.52969,33.48175],[129.53315,33.47961],[129.53493,33.4778],[129.53383,33.47596],[129.53474,33.47471],[129.54137,33.47406],[129.54164,33.47549],[129.54377,33.47571],[129.54268,33.47236],[129.54891,33.47086],[129.55102,33.46941],[129.55379,33.4694],[129.55424,33.47483],[129.55802,33.47498],[129.55893,33.47305],[129.56219,33.47313],[129.5652,33.47761],[129.56708,33.47785],[129.57274,33.48146],[129.57542,33.48131],[129.57493,33.48372],[129.57575,33.48655],[129.5755,33.48837],[129.57862,33.48874],[129.58013,33.49274],[129.58025,33.49443],[129.58284,33.49447],[129.58352,33.49572],[129.58032,33.49714],[129.57794,33.49621],[129.57492,33.49633],[129.5705,33.49779],[129.5674,33.50086],[129.56504,33.50127],[129.56843,33.4965],[129.56756,33.4948],[129.56507,33.49464],[129.5649,33.49041],[129.56203,33.48971],[129.56135,33.48772],[129.55385,33.48927],[129.55303,33.49049],[129.5541,33.49452],[129.55631,33.49689],[129.55392,33.49937],[129.55419,33.5012],[129.55603,33.504],[129.55538,33.50823],[129.55644,33.51076]]],[[[129.55503,33.6106],[129.55454,33.60693],[129.55222,33.60663],[129.55064,33.60515],[129.55269,33.60386],[129.55824,33.60591],[129.55846,33.60948],[129.55503,33.6106]]]]}},{"type":"Feature","properties":{"code":"42208","name":"松浦市","pref":"長崎県","pref_code":"42","cx":129.71057,"cy":33.3333,"bbox":[129.62921,33.26693,129.85987,33.47045]},"geometry":{"type":"MultiPolygon","coordinates":[[[[129.7778,33.2701],[129.77617,33.27249],[129.77247,33.28026],[129.76965,33.28295],[129.76825,33.28579],[129.76617,33.28616],[129.76386,33.28988],[129.75897,33.29085],[129.76157,33.29662],[129.76252,33.30197],[129.76435,33.30639],[129.76614,33.30664],[129.76693,33.30809],[129.76635,33.31156],[129.76917,33.31519],[129.76994,33.31709],[129.76911,33.31906],[129.77583,33.32979],[129.77658,33.33286],[129.78176,33.33557],[129.78211,33.3371],[129.78659,33.33885],[129.78936,33.34048],[129.79081,33.3404],[129.79265,33.34327],[129.79332,33.34635],[129.79266,33.34883],[129.7931,33.35283],[129.79218,33.356],[129.78898,33.35782],[129.78892,33.36202],[129.79161,33.36742],[129.79049,33.37018],[129.78867,33.37158],[129.78342,33.37284],[129.7799,33.37288],[129.77902,33.37192],[129.77654,33.37192],[129.77444,33.3693],[129.77409,33.36666],[129.77465,33.36425],[129.77601,33.36243],[129.77496,33.36063],[129.77096,33.35866],[129.77351,33.35669],[129.77356,33.3556],[129.77113,33.35448],[129.76712,33.35403],[129.76308,33.35434],[129.7632,33.35561],[129.76064,33.36002],[129.75645,33.3647],[129.75464,33.36607],[129.74976,33.36709],[129.74545,33.36705],[129.73941,33.36477],[129.73787,33.36258],[129.73763,33.3605],[129.73449,33.35866],[129.73144,33.36107],[129.7282,33.3584],[129.72814,33.35544],[129.72222,33.3506],[129.71714,33.35016],[129.71195,33.34785],[129.70569,33.34648],[129.70312,33.34717],[129.70288,33.34926],[129.70048,33.34955],[129.70141,33.35187],[129.69668,33.35391],[129.69582,33.35174],[129.69334,33.35111],[129.69355,33.3539],[129.69694,33.3553],[129.69699,33.36131],[129.68682,33.36149],[129.68688,33.35456],[129.68517,33.35311],[129.67778,33.35306],[129.67613,33.3562],[129.67382,33.35768],[129.67452,33.35927],[129.6743,33.36168],[129.66843,33.36578],[129.67089,33.37013],[129.67196,33.36805],[129.67404,33.3686],[129.67385,33.37165],[129.67508,33.37851],[129.67499,33.38036],[129.67583,33.3847],[129.6769,33.38623],[129.67935,33.38348],[129.68274,33.38375],[129.68522,33.38506],[129.68568,33.38741],[129.68507,33.38894],[129.68207,33.39031],[129.6781,33.39013],[129.67758,33.39312],[129.67549,33.39378],[129.67434,33.39591],[129.6742,33.39785],[129.6728,33.39929],[129.6695,33.39839],[129.6654,33.39439],[129.66365,33.39019],[129.6644,33.38835],[129.66781,33.38646],[129.66707,33.38368],[129.6651,33.38125],[129.66121,33.37964],[129.65986,33.37729],[129.65799,33.37783],[129.65669,33.37528],[129.65746,33.37296],[129.65564,33.37126],[129.65365,33.37059],[129.65168,33.37206],[129.64863,33.37319],[129.64624,33.37134],[129.64583,33.36842],[129.64738,33.36658],[129.64577,33.36482],[129.64248,33.36721],[129.64073,33.36656],[129.63573,33.36806],[129.63345,33.36754],[129.63215,33.37119],[129.6299,33.37014],[129.63042,33.36648],[129.63266,33.36484],[129.63295,33.36221],[129.63056,33.36087],[129.63044,33.35748],[129.63237,33.35427],[129.6297,33.35271],[129.63208,33.35066],[129.63196,33.3489],[129.62921,33.34695],[129.6316,33.34375],[129.63129,33.34267],[129.63761,33.33896],[129.64084,33.33386],[129.64285,33.33375],[129.6451,33.33259],[129.64882,33.32944],[129.64857,33.32789],[129.6508,33.32719],[129.65312,33.32486],[129.65463,33.32454],[129.65586,33.32282],[129.65655,33.31965],[129.6593,33.32049],[129.6617,33.32048],[129.66427,33.32151],[129.66745,33.31809],[129.66654,33.31642],[129.66677,33.31133],[129.67013,33.31014],[129.6717,33.3103],[129.67256,33.30835],[129.67407,33.30879],[129.6764,33.3079],[129.67937,33.31112],[129.68282,33.31157],[129.68346,33.31062],[129.68708,33.31044],[129.68961,33.31113],[129.69186,33.30986],[129.69428,33.31028],[129.6961,33.30972],[129.69949,33.31063],[129.70369,33.3105],[129.70725,33.30876],[129.70878,33.30658],[129.70795,33.30226],[129.71541,33.3025],[129.71531,33.29535],[129.7142,33.29288],[129.71391,33.29011],[129.71579,33.28798],[129.71929,33.28624],[129.72411,33.28529],[129.72966,33.2826],[129.7351,33.27866],[129.73915,33.27761],[129.7441,33.27489],[129.74707,33.27583],[129.74889,33.27716],[129.75423,33.27611],[129.75656,33.2775],[129.76025,33.27704],[129.7612,33.27483],[129.76506,33.27161],[129.76688,33.26908],[129.77044,33.26897],[129.77206,33.26776],[129.77493,33.26693],[129.77691,33.26798],[129.7778,33.2701]]],[[[129.7775,33.40139],[129.77397,33.40055],[129.77484,33.39763],[129.77686,33.39626],[129.77794,33.39379],[129.78056,33.39317],[129.78465,33.39648],[129.78295,33.39762],[129.78235,33.39927],[129.7787,33.39991],[129.7775,33.40139]]],[[[129.79697,33.41464],[129.79599,33.41223],[129.79739,33.41103],[129.80176,33.40915],[129.80199,33.40789],[129.80879,33.40352],[129.8129,33.40267],[129.81222,33.40122],[129.81354,33.39908],[129.81065,33.39711],[129.80757,33.39342],[129.80858,33.38885],[129.81361,33.38296],[129.81019,33.3834],[129.80905,33.38209],[129.80911,33.37816],[129.81118,33.37699],[129.81076,33.37486],[129.80926,33.37317],[129.81092,33.36952],[129.81335,33.36969],[129.81458,33.36661],[129.81241,33.36659],[129.80975,33.36798],[129.80809,33.3661],[129.80481,33.36466],[129.80356,33.3622],[129.81005,33.35621],[129.80656,33.3534],[129.80762,33.35057],[129.81013,33.35009],[129.81199,33.34831],[129.81457,33.34939],[129.81557,33.35182],[129.81992,33.35563],[129.82245,33.36092],[129.81973,33.3629],[129.82135,33.36363],[129.82452,33.36232],[129.82716,33.36244],[129.82865,33.36383],[129.83121,33.36442],[129.83348,33.36412],[129.8355,33.36254],[129.84069,33.36527],[129.84247,33.36672],[129.83761,33.36951],[129.83682,33.37128],[129.84225,33.37039],[129.84469,33.37128],[129.84649,33.36997],[129.85079,33.37005],[129.85157,33.37144],[129.85422,33.3715],[129.85869,33.37555],[129.85987,33.37862],[129.85837,33.38139],[129.85335,33.38495],[129.85117,33.38583],[129.84874,33.38575],[129.8464,33.38478],[129.84495,33.38594],[129.84229,33.38536],[129.84017,33.38715],[129.83931,33.38492],[129.83931,33.3822],[129.84006,33.37944],[129.83742,33.37999],[129.83753,33.3833],[129.83391,33.38383],[129.83323,33.38522],[129.83032,33.38799],[129.83084,33.39007],[129.82881,33.39145],[129.83019,33.3931],[129.83033,33.39559],[129.83146,33.39573],[129.832,33.39834],[129.83364,33.3999],[129.83344,33.40408],[129.8301,33.40686],[129.82425,33.40944],[129.81973,33.41075],[129.81645,33.40975],[129.81371,33.41065],[129.80928,33.40996],[129.80562,33.41172],[129.80334,33.412],[129.8009,33.4112],[129.79948,33.41347],[129.79697,33.41464]]],[[[129.6871,33.4231],[129.68556,33.42346],[129.68226,33.42269],[129.68263,33.41923],[129.68477,33.41829],[129.68596,33.41653],[129.68472,33.41336],[129.68027,33.41214],[129.67954,33.41063],[129.68167,33.40901],[129.68239,33.40699],[129.68501,33.40602],[129.68928,33.40803],[129.68962,33.41024],[129.6882,33.41092],[129.69018,33.41308],[129.68966,33.41463],[129.68629,33.41768],[129.68611,33.41911],[129.68798,33.42171],[129.6871,33.4231]]],[[[129.71027,33.4241],[129.7096,33.42092],[129.71077,33.41971],[129.71301,33.42092],[129.71027,33.4241]]],[[[129.719,33.46378],[129.71509,33.4623],[129.71388,33.46009],[129.71537,33.45921],[129.71952,33.45435],[129.72216,33.45461],[129.72594,33.45196],[129.72624,33.45409],[129.72832,33.45653],[129.72545,33.46064],[129.72231,33.46102],[129.71983,33.46218],[129.719,33.46378]]],[[[129.75495,33.47045],[129.75163,33.46911],[129.7505,33.46736],[129.75122,33.46522],[129.7506,33.46382],[129.75216,33.46224],[129.75112,33.46006],[129.75163,33.45907],[129.7542,33.45855],[129.75468,33.45472],[129.75418,33.45309],[129.75239,33.45219],[129.75282,33.44963],[129.74951,33.4504],[129.75011,33.44672],[129.74999,33.44383],[129.74671,33.44262],[129.74486,33.4439],[129.74359,33.44219],[129.74396,33.44092],[129.7392,33.43774],[129.73994,33.43611],[129.74419,33.43476],[129.74322,33.43227],[129.74528,33.42993],[129.74286,33.42834],[129.73956,33.42867],[129.73342,33.4277],[129.73158,33.42541],[129.73106,33.4235],[129.72749,33.42274],[129.72389,33.42273],[129.71979,33.4201],[129.71877,33.41868],[129.71926,33.41411],[129.7264,33.41435],[129.72566,33.4118],[129.72676,33.40994],[129.72976,33.4098],[129.73126,33.40637],[129.73542,33.40593],[129.73687,33.40756],[129.73977,33.40789],[129.74295,33.40695],[129.74521,33.40758],[129.75077,33.41299],[129.75048,33.41462],[129.74671,33.42008],[129.74776,33.4216],[129.74983,33.41996],[129.7541,33.42045],[129.75409,33.41722],[129.75652,33.41633],[129.75727,33.41973],[129.75912,33.42228],[129.75677,33.4235],[129.75711,33.42683],[129.75897,33.42478],[129.76179,33.42542],[129.76404,33.42912],[129.76129,33.43252],[129.76344,33.43361],[129.76445,33.43168],[129.7699,33.42896],[129.77184,33.42909],[129.77495,33.42765],[129.7786,33.42754],[129.78172,33.42686],[129.78242,33.4278],[129.78664,33.42651],[129.78938,33.42506],[129.79019,33.42595],[129.79035,33.42993],[129.79324,33.43024],[129.79131,33.43244],[129.78958,33.43314],[129.78769,33.432],[129.78381,33.43492],[129.78308,33.43435],[129.7788,33.43425],[129.77853,33.43631],[129.77691,33.43911],[129.77556,33.43829],[129.77369,33.43889],[129.77438,33.44049],[129.77106,33.44291],[129.76892,33.44325],[129.76915,33.44502],[129.7707,33.44642],[129.76894,33.44837],[129.7702,33.45146],[129.77426,33.45257],[129.77371,33.45476],[129.77125,33.45587],[129.76794,33.4563],[129.76904,33.4586],[129.77126,33.46037],[129.76816,33.46172],[129.76567,33.4642],[129.76395,33.4644],[129.76218,33.4661],[129.75959,33.46455],[129.75802,33.46489],[129.75495,33.47045]]]]}},{"type":"Feature","properties":{"code":"42209","name":"対馬市","pref":"長崎県","pref_code":"42","cx":129.36185,"cy":34.50024,"bbox":[129.1667,34.08395,129.49732,34.70802]},"geometry":{"type":"MultiPolygon","coordinates":[[[[129.26598,34.42406],[129.26459,34.42326],[129.26634,34.42042],[129.26922,34.41751],[129.26888,34.4217],[129.26692,34.42161],[129.26598,34.42406]]],[[[129.26706,34.4309],[129.26465,34.42836],[129.26652,34.42749],[129.26706,34.4309]]],[[[129.24038,34.10057],[129.23855,34.09931],[129.24042,34.09648],[129.24229,34.09603],[129.24386,34.09793],[129.2431,34.09957],[129.24038,34.10057]]],[[[129.31164,34.29971],[129.31208,34.29644],[129.31462,34.29659],[129.31258,34.29959],[129.31164,34.29971]]],[[[129.23228,34.30132],[129.23075,34.30055],[129.22982,34.29862],[129.23342,34.29756],[129.23344,34.30021],[129.23228,34.30132]]],[[[129.38425,34.30344],[129.3825,34.30223],[129.37973,34.30357],[129.37736,34.30368],[129.37364,34.30247],[129.3749,34.29633],[129.37682,34.29184],[129.37311,34.29489],[129.37332,34.29671],[129.36945,34.30266],[129.36381,34.29784],[129.36139,34.29982],[129.35749,34.29758],[129.3566,34.29811],[129.35329,34.29451],[129.35098,34.2929],[129.35218,34.29056],[129.35341,34.29029],[129.35299,34.28787],[129.35075,34.28597],[129.34885,34.28701],[129.34828,34.28507],[129.35084,34.28332],[129.35274,34.27988],[129.35316,34.27802],[129.35483,34.27689],[129.35937,34.27064],[129.36251,34.27449],[129.36599,34.27603],[129.36813,34.27846],[129.3715,34.2792],[129.37391,34.27855],[129.37407,34.28094],[129.38216,34.28613],[129.38385,34.28625],[129.38471,34.28842],[129.38681,34.29041],[129.38813,34.29308],[129.39095,34.2956],[129.39316,34.29677],[129.39376,34.29929],[129.39206,34.30096],[129.38784,34.30051],[129.38768,34.30298],[129.38425,34.30344]]],[[[129.32772,34.30664],[129.32609,34.30469],[129.32323,34.30427],[129.32125,34.30247],[129.3211,34.3006],[129.32271,34.29958],[129.32614,34.3017],[129.32728,34.30356],[129.32979,34.30423],[129.32772,34.30664]]],[[[129.30168,34.31692],[129.29851,34.31604],[129.29899,34.31459],[129.30082,34.3141],[129.30168,34.31692]]],[[[129.39535,34.32348],[129.38826,34.32052],[129.39229,34.31739],[129.39377,34.31346],[129.395,34.3119],[129.3991,34.31256],[129.39963,34.3137],[129.40458,34.31385],[129.4072,34.31474],[129.40847,34.31415],[129.41222,34.31576],[129.41346,34.31716],[129.41282,34.31919],[129.411,34.31919],[129.40898,34.31667],[129.40407,34.3151],[129.40162,34.31719],[129.39347,34.31671],[129.39428,34.31955],[129.39531,34.31993],[129.39535,34.32348]]],[[[129.20536,34.33152],[129.20305,34.3275],[129.20384,34.32602],[129.20325,34.32334],[129.19805,34.31876],[129.19815,34.3166],[129.20051,34.31508],[129.1999,34.31365],[129.19619,34.31329],[129.19712,34.31017],[129.19652,34.30662],[129.1981,34.3061],[129.19882,34.30157],[129.19728,34.29863],[129.19624,34.29453],[129.19681,34.28879],[129.19503,34.28621],[129.19791,34.28235],[129.19544,34.27835],[129.19439,34.27389],[129.19846,34.27406],[129.19919,34.27017],[129.19555,34.26855],[129.19383,34.26635],[129.19289,34.264],[129.19204,34.25901],[129.18639,34.25083],[129.18525,34.24599],[129.18687,34.24299],[129.18703,34.24102],[129.18922,34.23987],[129.19092,34.23715],[129.1913,34.23537],[129.18986,34.23332],[129.18962,34.23131],[129.18208,34.22757],[129.17965,34.21963],[129.18012,34.2159],[129.17982,34.21335],[129.18062,34.21105],[129.17925,34.2072],[129.17862,34.19987],[129.17889,34.19717],[129.17816,34.19263],[129.17887,34.1901],[129.17818,34.18875],[129.18154,34.18807],[129.18183,34.18695],[129.17963,34.18496],[129.17892,34.1803],[129.1763,34.17611],[129.17809,34.17389],[129.17737,34.17184],[129.17898,34.16971],[129.17854,34.16833],[129.17593,34.16864],[129.17406,34.1679],[129.1728,34.1653],[129.17401,34.16346],[129.17306,34.1598],[129.1749,34.15793],[129.17258,34.15604],[129.17419,34.15451],[129.17294,34.15244],[129.17451,34.14988],[129.17344,34.14878],[129.1692,34.14628],[129.16759,34.1419],[129.16864,34.13822],[129.16812,34.13331],[129.16865,34.13166],[129.16759,34.12987],[129.16899,34.12874],[129.17174,34.12303],[129.17016,34.11884],[129.17213,34.11776],[129.17128,34.11621],[129.17088,34.1115],[129.16834,34.10902],[129.16904,34.10754],[129.1667,34.104],[129.16794,34.10153],[129.17019,34.10383],[129.17367,34.10599],[129.17414,34.10986],[129.17728,34.11332],[129.17991,34.11302],[129.18249,34.11388],[129.18264,34.11802],[129.18349,34.11857],[129.18734,34.11802],[129.18802,34.11573],[129.1918,34.11516],[129.19304,34.11367],[129.19612,34.1131],[129.19772,34.11071],[129.1964,34.10971],[129.19678,34.10581],[129.20048,34.1054],[129.20358,34.10398],[129.20576,34.10757],[129.20966,34.10674],[129.21134,34.11036],[129.21133,34.11237],[129.21417,34.11308],[129.21578,34.11219],[129.21565,34.11061],[129.2141,34.10798],[129.21245,34.1069],[129.21171,34.10502],[129.21402,34.10408],[129.21397,34.10258],[129.21763,34.10038],[129.21756,34.09817],[129.21574,34.09303],[129.21435,34.0919],[129.2128,34.08871],[129.21247,34.08487],[129.2143,34.08395],[129.21543,34.086],[129.22024,34.0886],[129.21856,34.09194],[129.21833,34.09506],[129.22162,34.09744],[129.22508,34.09686],[129.22648,34.0949],[129.22939,34.09472],[129.22928,34.09832],[129.23059,34.10124],[129.22951,34.10255],[129.23126,34.10482],[129.22964,34.10711],[129.23142,34.10864],[129.23015,34.111],[129.23035,34.11271],[129.23382,34.11397],[129.23578,34.11278],[129.23677,34.10642],[129.23839,34.1043],[129.23825,34.10199],[129.24097,34.10212],[129.24034,34.10405],[129.24302,34.10438],[129.24576,34.10566],[129.24599,34.10769],[129.24502,34.1096],[129.24668,34.11222],[129.24994,34.1126],[129.25203,34.11073],[129.25434,34.10962],[129.26096,34.11445],[129.26229,34.11646],[129.26267,34.12196],[129.26152,34.12306],[129.25935,34.12246],[129.25825,34.12392],[129.254,34.12536],[129.25865,34.12888],[129.26096,34.12822],[129.26376,34.1263],[129.2669,34.12654],[129.27216,34.128],[129.27563,34.12798],[129.27499,34.12957],[129.27558,34.13271],[129.27807,34.13295],[129.27941,34.13079],[129.28189,34.1304],[129.2825,34.13235],[129.28055,34.13433],[129.27887,34.13463],[129.27971,34.13662],[129.2775,34.14124],[129.27563,34.14361],[129.27372,34.14473],[129.27534,34.14699],[129.27993,34.14441],[129.28056,34.14536],[129.28437,34.14494],[129.28446,34.14737],[129.2828,34.15011],[129.28154,34.15036],[129.28044,34.15565],[129.28217,34.15778],[129.2843,34.15719],[129.28393,34.15993],[129.28175,34.16338],[129.28299,34.16475],[129.28621,34.16569],[129.28855,34.16466],[129.29001,34.16268],[129.29605,34.16179],[129.29595,34.16617],[129.2968,34.16807],[129.29473,34.17046],[129.29707,34.17257],[129.29534,34.1753],[129.29255,34.17586],[129.28902,34.17532],[129.28867,34.17618],[129.29158,34.17959],[129.29602,34.17955],[129.2963,34.18209],[129.29721,34.18323],[129.29732,34.18651],[129.29444,34.18618],[129.29189,34.19037],[129.28887,34.18969],[129.28685,34.18743],[129.28541,34.18931],[129.2887,34.19512],[129.2895,34.19553],[129.28886,34.19997],[129.29251,34.19629],[129.29703,34.19364],[129.29875,34.19377],[129.29922,34.19565],[129.29795,34.19797],[129.30006,34.2002],[129.30075,34.20189],[129.29994,34.20508],[129.30147,34.20653],[129.30058,34.20799],[129.30376,34.2097],[129.30346,34.21181],[129.30003,34.2118],[129.29937,34.21314],[129.29696,34.21419],[129.29573,34.21566],[129.29722,34.22028],[129.29971,34.22047],[129.30272,34.22276],[129.30471,34.22161],[129.30435,34.21806],[129.30553,34.2162],[129.30968,34.21676],[129.31308,34.21879],[129.313,34.22142],[129.31863,34.22372],[129.31953,34.2265],[129.32168,34.2257],[129.32579,34.22605],[129.32501,34.22895],[129.32569,34.22976],[129.32342,34.23186],[129.31907,34.23176],[129.32181,34.23606],[129.32036,34.23893],[129.31853,34.23903],[129.3169,34.2421],[129.31531,34.2427],[129.31738,34.24737],[129.31643,34.24964],[129.31771,34.25173],[129.31851,34.25457],[129.32189,34.25473],[129.32377,34.25611],[129.32329,34.2587],[129.31963,34.25957],[129.3173,34.26144],[129.31884,34.26325],[129.32197,34.26196],[129.32551,34.26207],[129.3268,34.26346],[129.32472,34.26546],[129.32456,34.26779],[129.32628,34.26851],[129.32824,34.27056],[129.32701,34.27231],[129.33062,34.27592],[129.33163,34.27447],[129.33434,34.27417],[129.33393,34.27276],[129.33602,34.27188],[129.34051,34.27743],[129.3488,34.27811],[129.34912,34.27679],[129.35133,34.27645],[129.35302,34.27738],[129.35225,34.27997],[129.351,34.28152],[129.34727,34.28394],[129.34654,34.28681],[129.3495,34.28784],[129.35049,34.28998],[129.34826,34.29269],[129.34895,34.29566],[129.34639,34.29626],[129.34648,34.29422],[129.34349,34.29494],[129.344,34.29663],[129.34183,34.29674],[129.33925,34.29956],[129.33829,34.29882],[129.33899,34.2961],[129.34006,34.29496],[129.33707,34.29285],[129.33436,34.29742],[129.33078,34.29828],[129.32986,34.2955],[129.32734,34.29622],[129.32508,34.29439],[129.32254,34.2941],[129.31992,34.29559],[129.31908,34.29762],[129.31687,34.29654],[129.31911,34.29404],[129.31665,34.29356],[129.31419,34.29124],[129.31412,34.28736],[129.315,34.28446],[129.31195,34.2828],[129.3093,34.28436],[129.31059,34.28747],[129.30846,34.28917],[129.30636,34.28729],[129.30704,34.28398],[129.30439,34.28176],[129.30533,34.27907],[129.30354,34.2786],[129.30347,34.28081],[129.30243,34.28231],[129.30041,34.28147],[129.29927,34.28238],[129.29878,34.2869],[129.3001,34.28972],[129.30214,34.29156],[129.30345,34.29638],[129.30077,34.29662],[129.30409,34.30449],[129.31003,34.30789],[129.30645,34.3082],[129.30368,34.30771],[129.30158,34.30976],[129.29965,34.3054],[129.29757,34.3043],[129.29862,34.30991],[129.29572,34.31102],[129.29284,34.31116],[129.29393,34.31669],[129.29268,34.3173],[129.28864,34.31765],[129.28818,34.32053],[129.28582,34.32072],[129.285,34.31842],[129.2805,34.31602],[129.28016,34.3179],[129.28198,34.32047],[129.28119,34.3228],[129.27879,34.32286],[129.27421,34.32128],[129.27115,34.32372],[129.27091,34.32205],[129.26692,34.32248],[129.26543,34.32142],[129.26618,34.31948],[129.26854,34.31923],[129.27005,34.31803],[129.27234,34.31902],[129.27433,34.31773],[129.2726,34.31603],[129.27398,34.31396],[129.27323,34.31189],[129.27443,34.30997],[129.27997,34.30789],[129.28272,34.30573],[129.28442,34.30778],[129.28664,34.30718],[129.28691,34.30598],[129.28435,34.30393],[129.2852,34.30144],[129.28356,34.30017],[129.28383,34.29766],[129.28791,34.29584],[129.28974,34.29441],[129.29038,34.29156],[129.28724,34.29002],[129.2873,34.28789],[129.286,34.28538],[129.2895,34.28354],[129.29148,34.28114],[129.28979,34.27971],[129.28828,34.28038],[129.28741,34.28257],[129.28261,34.28509],[129.2833,34.28802],[129.28241,34.28969],[129.28496,34.29293],[129.28555,34.29521],[129.28338,34.29603],[129.28074,34.2957],[129.27852,34.29761],[129.28126,34.30065],[129.28244,34.30334],[129.2819,34.30499],[129.27934,34.30611],[129.27641,34.30534],[129.27348,34.30607],[129.27188,34.30541],[129.26635,34.30518],[129.26366,34.30131],[129.26378,34.29886],[129.26123,34.29424],[129.26289,34.29119],[129.25975,34.2908],[129.25669,34.29223],[129.25967,34.29637],[129.25948,34.30046],[129.25774,34.3007],[129.25153,34.29897],[129.25181,34.30111],[129.25309,34.30249],[129.25676,34.30245],[129.258,34.30472],[129.26147,34.30644],[129.26096,34.3081],[129.25695,34.30659],[129.25632,34.30866],[129.25673,34.31136],[129.25521,34.31118],[129.25436,34.30666],[129.25171,34.3052],[129.25,34.30542],[129.24596,34.30125],[129.24358,34.29755],[129.24063,34.29837],[129.23902,34.29964],[129.23634,34.29966],[129.23471,34.29671],[129.23428,34.29311],[129.2315,34.29222],[129.22911,34.29306],[129.23046,34.29621],[129.22758,34.29766],[129.22733,34.29487],[129.22423,34.29423],[129.22388,34.29219],[129.22202,34.29174],[129.22196,34.29384],[129.22312,34.29582],[129.22233,34.2988],[129.22369,34.30189],[129.22284,34.30352],[129.22585,34.30632],[129.22539,34.30783],[129.22348,34.30797],[129.2229,34.30947],[129.2261,34.31306],[129.22563,34.31457],[129.22877,34.3157],[129.2271,34.31718],[129.22907,34.31878],[129.22686,34.3203],[129.22782,34.3242],[129.22199,34.32999],[129.21935,34.32912],[129.21681,34.32672],[129.21149,34.32684],[129.20868,34.32992],[129.20601,34.32994],[129.20536,34.33152]]],[[[129.29751,34.33713],[129.29783,34.3348],[129.29614,34.33427],[129.29376,34.33112],[129.29322,34.32922],[129.29171,34.32789],[129.29215,34.32523],[129.29038,34.32379],[129.29212,34.32285],[129.29563,34.32347],[129.2966,34.32652],[129.29798,34.32887],[129.30015,34.33039],[129.30168,34.3242],[129.30121,34.32197],[129.30354,34.32129],[129.30672,34.32247],[129.3095,34.32118],[129.31193,34.32495],[129.31407,34.32545],[129.31591,34.32425],[129.31374,34.32218],[129.31498,34.3207],[129.31504,34.31886],[129.31652,34.3175],[129.31659,34.31526],[129.31761,34.31266],[129.32028,34.31261],[129.32167,34.30908],[129.32492,34.30954],[129.32454,34.30774],[129.32703,34.30786],[129.33218,34.31096],[129.33104,34.30676],[129.33407,34.30687],[129.33349,34.3093],[129.33463,34.31105],[129.33409,34.31286],[129.33593,34.31611],[129.33353,34.31717],[129.33369,34.31467],[129.331,34.31473],[129.3285,34.31701],[129.32851,34.31954],[129.3293,34.32259],[129.32715,34.32425],[129.32843,34.32645],[129.33075,34.32806],[129.32866,34.32958],[129.32801,34.33139],[129.32514,34.33239],[129.32712,34.33356],[129.32656,34.33637],[129.32435,34.33496],[129.32268,34.33525],[129.3213,34.33341],[129.31831,34.33101],[129.31819,34.32815],[129.3174,34.32614],[129.31309,34.32657],[129.30963,34.33088],[129.30306,34.3309],[129.30004,34.33372],[129.30125,34.3363],[129.29751,34.33713]]],[[[129.34824,34.35092],[129.34528,34.35085],[129.34171,34.34978],[129.34001,34.34827],[129.34107,34.34546],[129.34231,34.34541],[129.34207,34.34859],[129.34628,34.34791],[129.34623,34.34957],[129.34824,34.35092]]],[[[129.39631,34.35987],[129.39515,34.35873],[129.39617,34.35729],[129.39394,34.35657],[129.39181,34.3539],[129.39233,34.35223],[129.39045,34.34798],[129.39012,34.34436],[129.38904,34.34019],[129.39646,34.33674],[129.39658,34.33396],[129.40056,34.33738],[129.40345,34.33746],[129.40393,34.33554],[129.4063,34.3358],[129.40764,34.33817],[129.40546,34.3418],[129.40557,34.3439],[129.40257,34.3465],[129.40613,34.3488],[129.40431,34.35215],[129.4008,34.35536],[129.39793,34.35943],[129.39631,34.35987]]],[[[129.33414,34.36155],[129.33304,34.3604],[129.33244,34.35545],[129.33363,34.35575],[129.33414,34.36155]]],[[[129.41247,34.36326],[129.41018,34.36269],[129.40991,34.36068],[129.40834,34.35949],[129.40416,34.36108],[129.40228,34.35932],[129.40346,34.35698],[129.40525,34.35656],[129.40512,34.35328],[129.40596,34.35077],[129.4086,34.35103],[129.41141,34.35369],[129.41038,34.3548],[129.41195,34.35715],[129.41097,34.3603],[129.41247,34.36326]]],[[[129.48727,34.63188],[129.48545,34.63059],[129.48691,34.62936],[129.48882,34.63075],[129.48727,34.63188]]],[[[129.4795,34.68329],[129.47802,34.68275],[129.47976,34.67982],[129.48185,34.68096],[129.48255,34.68283],[129.4795,34.68329]]],[[[129.44979,34.70644],[129.44784,34.70428],[129.44226,34.70134],[129.44251,34.69887],[129.44019,34.69797],[129.44134,34.69642],[129.43718,34.6951],[129.4344,34.69264],[129.43147,34.69113],[129.42853,34.69357],[129.42396,34.69385],[129.42436,34.69695],[129.42211,34.69732],[129.41853,34.69566],[129.41676,34.6919],[129.41424,34.69082],[129.41866,34.68914],[129.41893,34.68804],[129.41553,34.68505],[129.41484,34.68247],[129.41976,34.67966],[129.42147,34.68105],[129.42448,34.68181],[129.4287,34.68188],[129.42852,34.68014],[129.43227,34.67904],[129.43206,34.67429],[129.42949,34.67284],[129.42796,34.67301],[129.42939,34.67696],[129.4276,34.67718],[129.42518,34.67941],[129.41924,34.67565],[129.40833,34.67834],[129.40662,34.67632],[129.40794,34.67373],[129.40557,34.67339],[129.40361,34.6715],[129.40141,34.67114],[129.40034,34.66909],[129.40127,34.6683],[129.40344,34.67011],[129.40462,34.66942],[129.40228,34.66632],[129.40245,34.66399],[129.40014,34.66449],[129.39731,34.66403],[129.39523,34.65996],[129.39495,34.65798],[129.39305,34.65629],[129.39559,34.6528],[129.39396,34.65136],[129.39112,34.65474],[129.38757,34.65308],[129.38863,34.651],[129.38625,34.64947],[129.38393,34.64957],[129.3834,34.64811],[129.38779,34.64409],[129.38744,34.6427],[129.39089,34.6403],[129.38965,34.63921],[129.38585,34.63999],[129.38396,34.64275],[129.38121,34.64336],[129.37888,34.64261],[129.37434,34.64695],[129.37233,34.645],[129.3689,34.64274],[129.36535,34.63849],[129.36301,34.63938],[129.36334,34.64422],[129.36225,34.64625],[129.3585,34.64938],[129.3527,34.65],[129.3455,34.64619],[129.34219,34.64543],[129.34106,34.64417],[129.3399,34.64066],[129.3355,34.63813],[129.33421,34.63912],[129.33521,34.64197],[129.33503,34.64489],[129.33375,34.64972],[129.33097,34.64962],[129.33067,34.65088],[129.32778,34.65052],[129.3256,34.64883],[129.32114,34.64884],[129.31965,34.64683],[129.3212,34.6421],[129.3194,34.64089],[129.31926,34.63752],[129.31836,34.63406],[129.31939,34.63142],[129.31766,34.62907],[129.31773,34.6259],[129.31534,34.62278],[129.31336,34.62124],[129.31316,34.61425],[129.30919,34.60942],[129.30886,34.60705],[129.30501,34.60274],[129.30508,34.59872],[129.30723,34.59695],[129.30642,34.59274],[129.30497,34.59201],[129.30618,34.58913],[129.30287,34.58855],[129.30295,34.58702],[129.29873,34.58451],[129.29821,34.58304],[129.29889,34.58076],[129.29636,34.57461],[129.29385,34.5721],[129.29208,34.57132],[129.29097,34.56961],[129.28867,34.57055],[129.2868,34.56922],[129.28573,34.56277],[129.28866,34.55622],[129.2952,34.5561],[129.29848,34.55828],[129.30101,34.56309],[129.30363,34.56485],[129.3044,34.56768],[129.30967,34.56313],[129.3075,34.56048],[129.31161,34.5578],[129.31257,34.56022],[129.31397,34.56005],[129.31594,34.55761],[129.31675,34.5542],[129.31438,34.55292],[129.31504,34.5514],[129.31381,34.54977],[129.31741,34.54954],[129.32024,34.54786],[129.32263,34.54888],[129.32362,34.55077],[129.32538,34.55153],[129.32777,34.55111],[129.32777,34.5492],[129.32651,34.54725],[129.32764,34.54388],[129.32889,34.54325],[129.32794,34.54134],[129.32757,34.53785],[129.32957,34.53313],[129.33197,34.53189],[129.33333,34.53366],[129.33375,34.53769],[129.33817,34.53809],[129.34212,34.53504],[129.34342,34.5331],[129.34083,34.53314],[129.33783,34.53501],[129.33627,34.53139],[129.33413,34.53074],[129.3325,34.52875],[129.32918,34.52789],[129.32497,34.52992],[129.3246,34.53232],[129.32558,34.53338],[129.32527,34.53535],[129.32255,34.53633],[129.32147,34.53793],[129.31869,34.53625],[129.32062,34.53434],[129.31865,34.53271],[129.32074,34.53149],[129.32,34.53019],[129.31625,34.5293],[129.31585,34.52706],[129.31725,34.52561],[129.31469,34.52439],[129.31195,34.51988],[129.31443,34.51858],[129.3138,34.51718],[129.30946,34.51594],[129.30974,34.52013],[129.31084,34.52164],[129.30972,34.52582],[129.3084,34.52585],[129.30491,34.52066],[129.30382,34.52024],[129.30124,34.51323],[129.30334,34.512],[129.30227,34.51001],[129.30031,34.51009],[129.29846,34.50776],[129.29669,34.5067],[129.29629,34.50389],[129.29684,34.50229],[129.29638,34.49877],[129.29337,34.4968],[129.29415,34.4954],[129.2929,34.49397],[129.29296,34.49226],[129.29141,34.4905],[129.2909,34.488],[129.29301,34.48622],[129.28955,34.48606],[129.28881,34.48448],[129.28504,34.48186],[129.28478,34.47976],[129.28158,34.48115],[129.27993,34.47562],[129.27795,34.47493],[129.27705,34.47095],[129.274,34.46916],[129.27433,34.46728],[129.27328,34.46612],[129.2758,34.46476],[129.27755,34.4649],[129.27844,34.46348],[129.27779,34.46128],[129.27647,34.46103],[129.27398,34.45664],[129.27727,34.4548],[129.27802,34.45305],[129.28047,34.45281],[129.28634,34.44955],[129.28806,34.44916],[129.29065,34.45164],[129.29415,34.45158],[129.2981,34.45728],[129.30029,34.45757],[129.30305,34.45959],[129.30233,34.46085],[129.30518,34.46139],[129.30596,34.46294],[129.30892,34.46371],[129.31068,34.46094],[129.30943,34.46048],[129.30807,34.45783],[129.30599,34.45675],[129.30831,34.45547],[129.31072,34.45571],[129.31018,34.45322],[129.31194,34.45032],[129.30842,34.45165],[129.3064,34.45419],[129.30237,34.45576],[129.3021,34.45421],[129.29957,34.4535],[129.29853,34.4507],[129.30167,34.44857],[129.29925,34.44761],[129.29764,34.4485],[129.29442,34.44693],[129.29598,34.44507],[129.29259,34.44506],[129.29204,34.44169],[129.29303,34.44155],[129.29472,34.43778],[129.29281,34.43564],[129.29505,34.434],[129.29491,34.43286],[129.29074,34.43347],[129.28949,34.43453],[129.29103,34.43907],[129.2906,34.44026],[129.28573,34.4436],[129.28279,34.44358],[129.28101,34.44425],[129.2782,34.44406],[129.27761,34.44137],[129.27613,34.4422],[129.27414,34.4407],[129.27542,34.43847],[129.27329,34.43793],[129.27214,34.43613],[129.27393,34.43326],[129.27637,34.43338],[129.27951,34.43193],[129.27477,34.43159],[129.27484,34.42951],[129.27062,34.42602],[129.2742,34.41893],[129.27598,34.41894],[129.2777,34.41649],[129.2829,34.41719],[129.28457,34.41678],[129.28354,34.41486],[129.27988,34.41528],[129.27846,34.41376],[129.27684,34.4149],[129.27351,34.41554],[129.27179,34.41358],[129.27264,34.41237],[129.27197,34.41064],[129.2739,34.40908],[129.27362,34.40722],[129.27457,34.4046],[129.27327,34.40259],[129.27287,34.39662],[129.27113,34.39404],[129.27111,34.39151],[129.27203,34.39047],[129.2679,34.38561],[129.27075,34.38551],[129.2724,34.38471],[129.27266,34.38225],[129.27705,34.38342],[129.27661,34.38003],[129.27452,34.37832],[129.27634,34.37702],[129.27494,34.37493],[129.27068,34.37473],[129.26792,34.3719],[129.26313,34.36849],[129.26283,34.36669],[129.25897,34.3685],[129.25907,34.36634],[129.25693,34.36676],[129.25418,34.36568],[129.25157,34.36541],[129.2516,34.36332],[129.25401,34.36129],[129.25233,34.35894],[129.25179,34.35566],[129.24889,34.35618],[129.24889,34.35756],[129.2468,34.36033],[129.24462,34.36105],[129.24416,34.36497],[129.23861,34.36661],[129.23606,34.36521],[129.23266,34.36628],[129.22741,34.36262],[129.22964,34.35982],[129.22871,34.35793],[129.23176,34.3568],[129.23364,34.35513],[129.23357,34.35328],[129.23835,34.35223],[129.24025,34.35119],[129.2418,34.35235],[129.24407,34.35176],[129.24704,34.35264],[129.25053,34.35186],[129.25412,34.34982],[129.25516,34.35235],[129.26235,34.35507],[129.26407,34.35427],[129.26792,34.35613],[129.26829,34.35709],[129.27169,34.35691],[129.26927,34.35477],[129.27607,34.35473],[129.27814,34.35266],[129.27907,34.35009],[129.27851,34.34698],[129.28016,34.34482],[129.28368,34.34355],[129.28447,34.34776],[129.28683,34.34924],[129.28783,34.34692],[129.28663,34.34612],[129.28776,34.34397],[129.28805,34.33922],[129.29155,34.345],[129.29116,34.34693],[129.29206,34.34925],[129.2898,34.34994],[129.2875,34.35295],[129.28772,34.35551],[129.29063,34.35312],[129.29536,34.35311],[129.29612,34.35465],[129.29323,34.3563],[129.29233,34.35877],[129.28916,34.35904],[129.28658,34.36023],[129.28473,34.36019],[129.28414,34.36227],[129.28477,34.36354],[129.27955,34.36621],[129.28338,34.36719],[129.28684,34.3652],[129.28897,34.36605],[129.28897,34.36724],[129.29071,34.37155],[129.29234,34.37255],[129.28701,34.37714],[129.28494,34.37768],[129.28431,34.38401],[129.28752,34.38499],[129.28771,34.3861],[129.28529,34.38757],[129.28751,34.38873],[129.2892,34.38601],[129.28914,34.38487],[129.28644,34.38284],[129.2873,34.38081],[129.29002,34.37928],[129.28991,34.37746],[129.29344,34.37687],[129.29473,34.3755],[129.29943,34.37892],[129.30015,34.37996],[129.29681,34.38167],[129.29864,34.38291],[129.29964,34.38137],[129.30212,34.38053],[129.30535,34.38218],[129.30497,34.38452],[129.30912,34.38602],[129.31014,34.38492],[129.31329,34.38383],[129.31011,34.3804],[129.30897,34.37846],[129.30676,34.37684],[129.30338,34.37555],[129.30556,34.37393],[129.30515,34.3724],[129.30254,34.37322],[129.29928,34.37021],[129.29833,34.36768],[129.29969,34.36625],[129.30189,34.36846],[129.3035,34.36681],[129.3035,34.36315],[129.30254,34.36255],[129.30322,34.35931],[129.30505,34.35845],[129.30676,34.35553],[129.31006,34.35816],[129.31111,34.35649],[129.30797,34.35344],[129.30628,34.35271],[129.30458,34.35054],[129.30195,34.35158],[129.29977,34.34963],[129.30081,34.34688],[129.30034,34.34463],[129.30193,34.34353],[129.30196,34.34131],[129.30559,34.34242],[129.30758,34.34123],[129.30928,34.34467],[129.31057,34.34528],[129.31052,34.34018],[129.30871,34.33925],[129.30746,34.3369],[129.3106,34.33765],[129.31087,34.33973],[129.31397,34.34039],[129.3156,34.34839],[129.31784,34.34931],[129.31974,34.34707],[129.32024,34.35037],[129.3196,34.35152],[129.32057,34.35422],[129.32389,34.34945],[129.32584,34.35092],[129.32588,34.3562],[129.32162,34.36079],[129.32402,34.36111],[129.32482,34.35934],[129.32873,34.35979],[129.32527,34.364],[129.32386,34.3643],[129.32366,34.36731],[129.32024,34.36949],[129.32224,34.37025],[129.32501,34.36755],[129.32829,34.36689],[129.32969,34.36853],[129.32824,34.3701],[129.33045,34.37302],[129.33276,34.3745],[129.33658,34.37973],[129.33829,34.3805],[129.33882,34.37683],[129.33398,34.37285],[129.33234,34.36854],[129.33321,34.36674],[129.33247,34.36525],[129.33377,34.36332],[129.33685,34.36799],[129.33858,34.36933],[129.33923,34.36687],[129.34275,34.36694],[129.34358,34.36877],[129.34275,34.36977],[129.34382,34.37156],[129.34743,34.37465],[129.3478,34.37715],[129.34999,34.37567],[129.34955,34.37456],[129.35227,34.37374],[129.35199,34.37273],[129.34848,34.37167],[129.34768,34.36885],[129.34641,34.36759],[129.34825,34.36641],[129.3477,34.36521],[129.34934,34.36374],[129.34571,34.36158],[129.34281,34.36138],[129.34412,34.35928],[129.34127,34.35847],[129.34552,34.35449],[129.34532,34.35204],[129.349,34.35329],[129.34929,34.35052],[129.3476,34.34757],[129.35005,34.34806],[129.35233,34.34592],[129.34874,34.34515],[129.34682,34.34245],[129.34906,34.34215],[129.3505,34.34463],[129.35339,34.34505],[129.35027,34.34107],[129.35182,34.34023],[129.35303,34.34171],[129.35587,34.33904],[129.35602,34.33745],[129.35182,34.33811],[129.34848,34.33726],[129.34568,34.33835],[129.34331,34.33673],[129.34611,34.33525],[129.35007,34.33433],[129.3508,34.33071],[129.34646,34.33022],[129.34539,34.32768],[129.34684,34.32545],[129.34923,34.32429],[129.354,34.31897],[129.34847,34.32099],[129.34761,34.32085],[129.34317,34.32392],[129.34145,34.32344],[129.3386,34.32385],[129.33779,34.32294],[129.33934,34.32132],[129.33425,34.32008],[129.33321,34.31878],[129.33663,34.31564],[129.33481,34.31271],[129.33497,34.31083],[129.33425,34.30898],[129.33573,34.30788],[129.33629,34.31226],[129.33897,34.31613],[129.3389,34.31219],[129.33628,34.30677],[129.33798,34.30573],[129.34035,34.30565],[129.34293,34.30438],[129.34385,34.30238],[129.34652,34.30041],[129.34682,34.30299],[129.34951,34.30535],[129.35041,34.30745],[129.352,34.30701],[129.35313,34.30855],[129.35662,34.30815],[129.35476,34.30663],[129.35332,34.30697],[129.35,34.30364],[129.34913,34.30115],[129.35055,34.29733],[129.35265,34.29564],[129.35392,34.2958],[129.35632,34.2985],[129.35712,34.30083],[129.36013,34.30137],[129.36305,34.30355],[129.364,34.30548],[129.36579,34.30621],[129.3662,34.30829],[129.3645,34.30843],[129.36566,34.31102],[129.37026,34.31084],[129.37132,34.31191],[129.37055,34.31388],[129.36772,34.31588],[129.36762,34.31693],[129.36491,34.31841],[129.36611,34.31939],[129.3712,34.31588],[129.37494,34.3175],[129.37639,34.31607],[129.3737,34.31442],[129.37498,34.31174],[129.37886,34.31214],[129.37961,34.31291],[129.37872,34.31603],[129.37881,34.3179],[129.37621,34.3183],[129.37511,34.32003],[129.378,34.32421],[129.37656,34.32483],[129.37699,34.32722],[129.37444,34.32854],[129.37366,34.33124],[129.36713,34.33027],[129.3671,34.33136],[129.36912,34.33276],[129.36885,34.33522],[129.36508,34.33738],[129.36589,34.33849],[129.3697,34.33671],[129.37211,34.3374],[129.37512,34.33624],[129.37949,34.33551],[129.38195,34.33333],[129.38524,34.33486],[129.38505,34.33049],[129.38896,34.33189],[129.39056,34.33471],[129.39286,34.33664],[129.38813,34.34069],[129.38794,34.34276],[129.38861,34.34653],[129.3864,34.34646],[129.38427,34.34255],[129.38282,34.34421],[129.38021,34.34367],[129.37229,34.34413],[129.36911,34.34524],[129.3652,34.34514],[129.36568,34.3471],[129.36802,34.34615],[129.37056,34.34714],[129.37501,34.34562],[129.38139,34.34702],[129.38399,34.34819],[129.3857,34.35054],[129.38755,34.35042],[129.39026,34.35509],[129.38948,34.35685],[129.3935,34.35982],[129.39338,34.36241],[129.38566,34.36549],[129.3867,34.368],[129.38908,34.3689],[129.38894,34.37021],[129.38442,34.37181],[129.38328,34.36916],[129.38095,34.36755],[129.37556,34.37037],[129.37638,34.37234],[129.37819,34.37105],[129.37985,34.37185],[129.38154,34.37127],[129.38271,34.37323],[129.38004,34.37723],[129.37697,34.37839],[129.37589,34.38163],[129.37732,34.38196],[129.3775,34.38407],[129.37558,34.38558],[129.3754,34.38851],[129.37908,34.38694],[129.38072,34.38871],[129.3833,34.38514],[129.3869,34.38284],[129.39117,34.38372],[129.38903,34.38479],[129.38751,34.38752],[129.38779,34.39028],[129.39358,34.3923],[129.39281,34.39773],[129.39356,34.39958],[129.39503,34.40045],[129.39433,34.40311],[129.39672,34.40653],[129.39529,34.40788],[129.39711,34.40993],[129.39668,34.41188],[129.394,34.41018],[129.39012,34.40481],[129.38964,34.40095],[129.38742,34.40169],[129.38651,34.40367],[129.38384,34.40362],[129.38639,34.39979],[129.38786,34.39914],[129.38708,34.39738],[129.38478,34.39885],[129.38206,34.39879],[129.37871,34.39513],[129.37732,34.39626],[129.37875,34.39833],[129.37619,34.39839],[129.37103,34.39386],[129.36751,34.39176],[129.36486,34.39213],[129.36308,34.39092],[129.35616,34.38969],[129.35401,34.38644],[129.35171,34.3863],[129.35249,34.38903],[129.35596,34.3918],[129.35753,34.39513],[129.3601,34.39626],[129.36259,34.39821],[129.36344,34.39742],[129.36587,34.39823],[129.36722,34.40074],[129.36634,34.40202],[129.36915,34.40275],[129.36912,34.4065],[129.37134,34.40607],[129.37173,34.4076],[129.37602,34.40736],[129.37581,34.40946],[129.37717,34.4113],[129.37568,34.41358],[129.3786,34.4134],[129.37789,34.42007],[129.37674,34.42076],[129.37499,34.42622],[129.37075,34.42715],[129.37172,34.4239],[129.3693,34.42159],[129.36749,34.42112],[129.36745,34.41958],[129.36557,34.41888],[129.36471,34.42214],[129.36735,34.42435],[129.3649,34.42702],[129.36578,34.42749],[129.36581,34.43248],[129.36929,34.43259],[129.36809,34.43413],[129.37068,34.43482],[129.37506,34.4333],[129.37464,34.43084],[129.37763,34.42959],[129.38314,34.42493],[129.38503,34.42617],[129.38507,34.42913],[129.38248,34.43341],[129.38128,34.43367],[129.38051,34.43724],[129.38114,34.4384],[129.38342,34.43834],[129.38291,34.4403],[129.37981,34.43957],[129.37868,34.44079],[129.3762,34.44005],[129.37434,34.44296],[129.37526,34.44507],[129.36958,34.45193],[129.37094,34.45332],[129.3706,34.45478],[129.37208,34.45643],[129.3741,34.45667],[129.3756,34.45549],[129.37468,34.45391],[129.37545,34.45236],[129.3772,34.4528],[129.37944,34.45459],[129.38632,34.45731],[129.38666,34.4582],[129.38352,34.46063],[129.38556,34.46294],[129.38751,34.46356],[129.38963,34.4632],[129.39121,34.4642],[129.38917,34.46547],[129.38954,34.46684],[129.39449,34.47127],[129.39703,34.4725],[129.39704,34.47759],[129.3993,34.4768],[129.40728,34.48393],[129.40843,34.48605],[129.41129,34.48835],[129.40978,34.49068],[129.41167,34.49177],[129.41284,34.49005],[129.41648,34.49137],[129.41985,34.49407],[129.41986,34.49658],[129.42301,34.49679],[129.42694,34.49933],[129.42733,34.50115],[129.43358,34.50455],[129.43448,34.50459],[129.43713,34.50747],[129.43724,34.50939],[129.43556,34.51123],[129.43698,34.5138],[129.43507,34.51386],[129.43734,34.51656],[129.43844,34.51538],[129.44164,34.5143],[129.44344,34.51709],[129.44345,34.51921],[129.4463,34.52062],[129.45077,34.524],[129.45135,34.52611],[129.45068,34.5282],[129.44894,34.52796],[129.4448,34.52955],[129.44518,34.53059],[129.44989,34.52977],[129.45387,34.53163],[129.45595,34.53189],[129.45826,34.5359],[129.4605,34.53714],[129.46137,34.5397],[129.46079,34.54068],[129.46346,34.5422],[129.45949,34.54458],[129.46039,34.54595],[129.45925,34.54781],[129.45894,34.55252],[129.46211,34.55239],[129.46296,34.55367],[129.46542,34.55295],[129.46872,34.55027],[129.46978,34.55204],[129.47163,34.55303],[129.47205,34.55558],[129.4699,34.55597],[129.46961,34.55742],[129.47172,34.56088],[129.46978,34.56472],[129.47006,34.56741],[129.46934,34.5693],[129.47033,34.57033],[129.47256,34.56952],[129.47507,34.57091],[129.47557,34.57234],[129.47299,34.57352],[129.47132,34.57503],[129.47604,34.58479],[129.47408,34.58632],[129.47146,34.58737],[129.476,34.59134],[129.47798,34.59173],[129.47994,34.59313],[129.4794,34.59458],[129.47386,34.59478],[129.47248,34.5969],[129.47452,34.59744],[129.47321,34.60042],[129.4706,34.6008],[129.47125,34.6029],[129.46998,34.60474],[129.47128,34.60591],[129.47017,34.60746],[129.46245,34.60587],[129.45909,34.6077],[129.45326,34.60745],[129.45135,34.60687],[129.44964,34.60765],[129.45119,34.60975],[129.44994,34.61316],[129.44869,34.61477],[129.44675,34.61376],[129.44567,34.61462],[129.44119,34.61393],[129.44121,34.61279],[129.43833,34.61226],[129.43689,34.61322],[129.43845,34.61536],[129.4367,34.61648],[129.43442,34.61618],[129.43353,34.61782],[129.4363,34.61781],[129.4353,34.62081],[129.43543,34.62247],[129.43747,34.62422],[129.43912,34.62323],[129.43772,34.62168],[129.43833,34.6181],[129.44173,34.61876],[129.44405,34.61706],[129.44562,34.61857],[129.44958,34.6169],[129.45094,34.61499],[129.45275,34.61398],[129.45261,34.61216],[129.4572,34.61237],[129.4575,34.614],[129.45399,34.61637],[129.45152,34.61718],[129.45067,34.62262],[129.44655,34.6231],[129.4454,34.62577],[129.4477,34.62773],[129.44525,34.62859],[129.44719,34.63161],[129.44908,34.62863],[129.44961,34.62603],[129.45286,34.62691],[129.45379,34.6261],[129.45476,34.62088],[129.45707,34.61891],[129.45724,34.61592],[129.46015,34.61589],[129.46127,34.61372],[129.46411,34.61666],[129.46604,34.61619],[129.46897,34.61716],[129.47026,34.61895],[129.47261,34.61875],[129.4722,34.61653],[129.47927,34.61772],[129.48017,34.61963],[129.47599,34.62168],[129.47525,34.62338],[129.47228,34.62415],[129.47117,34.62538],[129.47113,34.62777],[129.4768,34.62935],[129.47939,34.62774],[129.48229,34.6285],[129.48385,34.63053],[129.48159,34.63224],[129.48411,34.63289],[129.48611,34.63494],[129.49057,34.6429],[129.48947,34.64453],[129.48683,34.64525],[129.48373,34.64406],[129.48175,34.64077],[129.48069,34.64135],[129.48259,34.64456],[129.47921,34.645],[129.4761,34.6442],[129.47455,34.64525],[129.47542,34.64728],[129.4775,34.64952],[129.47508,34.65123],[129.47523,34.65297],[129.46911,34.65553],[129.47044,34.65828],[129.47205,34.65672],[129.47393,34.65667],[129.48212,34.65372],[129.48377,34.65522],[129.4816,34.65751],[129.48353,34.65841],[129.48522,34.661],[129.4908,34.6638],[129.49276,34.66382],[129.4952,34.66605],[129.49732,34.66703],[129.49657,34.66911],[129.49439,34.66655],[129.49039,34.66483],[129.48844,34.66647],[129.48539,34.66671],[129.48438,34.67295],[129.48561,34.6747],[129.48755,34.67506],[129.4876,34.67786],[129.49366,34.67742],[129.49453,34.67819],[129.49169,34.6806],[129.49305,34.68325],[129.48905,34.68371],[129.48672,34.68247],[129.48741,34.6791],[129.48651,34.67569],[129.48292,34.67513],[129.47805,34.67767],[129.47445,34.6738],[129.47141,34.67791],[129.47459,34.67905],[129.47587,34.68061],[129.47455,34.68168],[129.4747,34.68536],[129.47205,34.68553],[129.47139,34.68682],[129.47317,34.68825],[129.47964,34.68881],[129.47985,34.69153],[129.47728,34.69307],[129.47479,34.69158],[129.47384,34.69317],[129.47158,34.69309],[129.47078,34.69558],[129.4657,34.69596],[129.46402,34.69784],[129.46149,34.69656],[129.45954,34.69772],[129.45795,34.69289],[129.4548,34.69639],[129.45395,34.69799],[129.45137,34.69885],[129.44809,34.6975],[129.4515,34.70168],[129.44886,34.70305],[129.44979,34.70644]]],[[[129.43474,34.70802],[129.43309,34.70604],[129.43311,34.70366],[129.43568,34.70465],[129.43652,34.70662],[129.43474,34.70802]]]]}},{"type":"Feature","properties":{"code":"42210","name":"壱岐市","pref":"長崎県","pref_code":"42","cx":129.71023,"cy":33.78391,"bbox":[129.62533,33.70428,129.7993,33.87102]},"geometry":{"type":"MultiPolygon","coordinates":[[[[129.62874,33.73058],[129.62533,33.72792],[129.62757,33.72714],[129.629,33.72455],[129.62847,33.72298],[129.63098,33.72279],[129.63289,33.72532],[129.63526,33.72629],[129.63703,33.72808],[129.63483,33.72963],[129.63086,33.72989],[129.62874,33.73058]]],[[[129.64818,33.73066],[129.64764,33.73001],[129.64872,33.72733],[129.64808,33.72593],[129.64409,33.72484],[129.64435,33.7229],[129.64683,33.72281],[129.6463,33.7195],[129.6472,33.718],[129.65046,33.71913],[129.65022,33.72064],[129.6538,33.72522],[129.64844,33.72852],[129.64818,33.73066]]],[[[129.75886,33.73677],[129.75521,33.734],[129.75502,33.7318],[129.75785,33.72961],[129.76128,33.73208],[129.76146,33.73518],[129.75886,33.73677]]],[[[129.63663,33.74536],[129.63649,33.74267],[129.63299,33.74214],[129.62957,33.74416],[129.62806,33.74188],[129.62879,33.73943],[129.63039,33.73675],[129.62944,33.73408],[129.63042,33.73303],[129.63362,33.73398],[129.63454,33.73314],[129.63756,33.73441],[129.63806,33.73621],[129.64083,33.73918],[129.64315,33.73854],[129.64381,33.74171],[129.63892,33.74164],[129.63878,33.74379],[129.63663,33.74536]]],[[[129.78052,33.78112],[129.77694,33.7817],[129.7761,33.77971],[129.77753,33.77806],[129.78052,33.78112]]],[[[129.70426,33.86352],[129.70238,33.86275],[129.70189,33.86086],[129.69775,33.85995],[129.69559,33.85736],[129.70233,33.85578],[129.69921,33.85503],[129.69608,33.85563],[129.69507,33.85303],[129.69315,33.85132],[129.69212,33.85386],[129.69212,33.85605],[129.68928,33.85603],[129.68588,33.85441],[129.68609,33.85193],[129.68338,33.85052],[129.67947,33.84743],[129.67965,33.84648],[129.68293,33.84571],[129.67931,33.84361],[129.67803,33.8414],[129.67638,33.8454],[129.67437,33.84102],[129.67142,33.83807],[129.67273,33.83584],[129.67327,33.83324],[129.67166,33.83195],[129.67177,33.82912],[129.67045,33.82644],[129.67522,33.82493],[129.67654,33.82204],[129.6727,33.81999],[129.67379,33.81792],[129.67556,33.81916],[129.67948,33.81357],[129.68093,33.81325],[129.68116,33.81113],[129.68386,33.81152],[129.68574,33.80855],[129.68817,33.80734],[129.68506,33.80632],[129.68372,33.80496],[129.68073,33.80561],[129.6772,33.80496],[129.67693,33.80283],[129.67366,33.80106],[129.67307,33.79981],[129.67687,33.79817],[129.67572,33.7969],[129.67296,33.79828],[129.67171,33.79963],[129.67101,33.8033],[129.67151,33.80504],[129.66941,33.80516],[129.6681,33.80288],[129.66686,33.8037],[129.66726,33.80851],[129.66538,33.81026],[129.66218,33.81079],[129.66158,33.81338],[129.65817,33.81213],[129.65757,33.81406],[129.65422,33.81268],[129.65354,33.81102],[129.64964,33.80689],[129.65285,33.80652],[129.65768,33.80421],[129.65868,33.80319],[129.66271,33.80224],[129.6645,33.80255],[129.66704,33.8],[129.6642,33.79862],[129.66177,33.79934],[129.65803,33.79915],[129.65555,33.79761],[129.65057,33.8],[129.65351,33.79661],[129.65765,33.79422],[129.65872,33.79149],[129.66065,33.79035],[129.66043,33.78808],[129.65724,33.78917],[129.65582,33.78325],[129.65572,33.7809],[129.66013,33.77568],[129.66072,33.77698],[129.66334,33.77732],[129.66622,33.77602],[129.67036,33.77642],[129.67295,33.77568],[129.6762,33.77753],[129.67826,33.7772],[129.67627,33.77426],[129.67396,33.77353],[129.67623,33.77201],[129.6782,33.77253],[129.68016,33.77197],[129.68036,33.76859],[129.68217,33.76809],[129.68107,33.76572],[129.68188,33.76094],[129.68517,33.76099],[129.68522,33.75957],[129.68144,33.75806],[129.67994,33.75938],[129.6787,33.76264],[129.67702,33.76475],[129.67392,33.76544],[129.67358,33.76806],[129.67113,33.76773],[129.66998,33.76604],[129.66834,33.76729],[129.66353,33.76591],[129.66349,33.76719],[129.66153,33.77064],[129.65834,33.76999],[129.65668,33.76792],[129.65456,33.76861],[129.65428,33.77106],[129.65224,33.77264],[129.64947,33.77381],[129.64488,33.77247],[129.64304,33.76911],[129.64407,33.76787],[129.64466,33.76471],[129.64895,33.76306],[129.65095,33.76176],[129.65415,33.76224],[129.65455,33.76068],[129.65001,33.76011],[129.65071,33.75697],[129.64949,33.75472],[129.64726,33.75308],[129.64756,33.7508],[129.64919,33.75093],[129.65125,33.74946],[129.65207,33.74773],[129.65372,33.74669],[129.65327,33.74407],[129.65442,33.73988],[129.65733,33.73862],[129.658,33.74132],[129.65724,33.74593],[129.65945,33.74696],[129.66184,33.7463],[129.66294,33.74772],[129.66729,33.74823],[129.66538,33.7509],[129.66808,33.75354],[129.66881,33.75709],[129.67237,33.75785],[129.67131,33.7545],[129.67407,33.75395],[129.67618,33.75258],[129.67636,33.75049],[129.67937,33.74892],[129.68048,33.74723],[129.68365,33.74606],[129.68267,33.74438],[129.68388,33.74236],[129.68292,33.74067],[129.68459,33.73833],[129.68065,33.7358],[129.6818,33.73394],[129.67947,33.73295],[129.67659,33.72829],[129.67899,33.72744],[129.6792,33.72631],[129.68349,33.72536],[129.68372,33.7237],[129.68558,33.72353],[129.68904,33.72131],[129.69106,33.72155],[129.69177,33.72431],[129.69475,33.72413],[129.69432,33.7265],[129.69555,33.72692],[129.69747,33.7256],[129.6962,33.72221],[129.69281,33.7206],[129.69152,33.71927],[129.68802,33.71822],[129.68911,33.71666],[129.69226,33.71649],[129.69344,33.71414],[129.69659,33.71225],[129.69625,33.71022],[129.69772,33.70977],[129.69985,33.71154],[129.70429,33.71099],[129.70677,33.70999],[129.70892,33.71062],[129.71517,33.70702],[129.71563,33.70428],[129.717,33.70454],[129.71634,33.70878],[129.71732,33.7113],[129.71934,33.71016],[129.71974,33.71371],[129.71829,33.71528],[129.71865,33.71656],[129.72103,33.71696],[129.7215,33.71901],[129.72368,33.71945],[129.72662,33.72134],[129.72789,33.72367],[129.7272,33.7247],[129.72863,33.72624],[129.73125,33.72612],[129.73377,33.72846],[129.73295,33.73008],[129.73402,33.7314],[129.73248,33.73283],[129.73362,33.73525],[129.7333,33.73726],[129.73445,33.7393],[129.73847,33.73803],[129.74726,33.73956],[129.74941,33.74082],[129.75118,33.73943],[129.75305,33.74021],[129.75387,33.74309],[129.75731,33.74343],[129.7624,33.73841],[129.7645,33.73967],[129.76917,33.74068],[129.77039,33.73989],[129.77374,33.73947],[129.77471,33.74075],[129.7787,33.74039],[129.78002,33.74235],[129.78155,33.74311],[129.78647,33.74233],[129.78609,33.7441],[129.78762,33.74916],[129.7879,33.75499],[129.79137,33.75662],[129.79401,33.75578],[129.79588,33.75369],[129.79725,33.75611],[129.79624,33.7566],[129.79685,33.75925],[129.79895,33.76091],[129.79652,33.76371],[129.79046,33.76295],[129.78917,33.76385],[129.78921,33.76566],[129.78708,33.7691],[129.77977,33.77251],[129.77621,33.7719],[129.77541,33.77334],[129.77209,33.77271],[129.77275,33.76985],[129.77202,33.76841],[129.76596,33.76731],[129.76433,33.77027],[129.76158,33.77194],[129.76144,33.77362],[129.75868,33.77388],[129.75793,33.77569],[129.75997,33.77737],[129.75877,33.77885],[129.76387,33.78195],[129.7647,33.78464],[129.7698,33.7844],[129.7728,33.78619],[129.77478,33.78414],[129.77698,33.78572],[129.77927,33.78554],[129.7814,33.78441],[129.7845,33.78595],[129.78765,33.78463],[129.78753,33.78369],[129.79348,33.78343],[129.79209,33.78188],[129.79608,33.77937],[129.79788,33.78098],[129.7993,33.78596],[129.79885,33.78869],[129.79629,33.78787],[129.79422,33.78844],[129.79293,33.78731],[129.79019,33.78794],[129.78628,33.78764],[129.78354,33.78892],[129.78096,33.79139],[129.7803,33.79357],[129.77826,33.79479],[129.77555,33.79459],[129.77038,33.79617],[129.76609,33.79886],[129.76415,33.80062],[129.76392,33.80312],[129.76007,33.80493],[129.75736,33.80382],[129.75561,33.80635],[129.74864,33.80667],[129.74864,33.80875],[129.75325,33.80868],[129.75463,33.81086],[129.75782,33.81191],[129.75981,33.80966],[129.76403,33.81093],[129.76363,33.81312],[129.76105,33.8141],[129.76016,33.81618],[129.76167,33.81898],[129.76422,33.81957],[129.76452,33.82202],[129.76375,33.82545],[129.7665,33.829],[129.76515,33.83114],[129.76489,33.8341],[129.76681,33.8345],[129.76859,33.83802],[129.77043,33.83921],[129.77308,33.84225],[129.76834,33.84646],[129.76425,33.84467],[129.76204,33.84478],[129.75937,33.84589],[129.75701,33.84554],[129.75364,33.84721],[129.75181,33.84686],[129.74768,33.84784],[129.74295,33.84744],[129.73221,33.84912],[129.73077,33.85006],[129.72684,33.84994],[129.72431,33.85054],[129.72289,33.85352],[129.72113,33.85569],[129.71903,33.85679],[129.71655,33.85691],[129.71137,33.85511],[129.70819,33.85702],[129.70679,33.85878],[129.70678,33.86056],[129.70903,33.86182],[129.70729,33.86305],[129.70426,33.86352]]],[[[129.70127,33.86877],[129.69871,33.86854],[129.69521,33.86691],[129.69815,33.86428],[129.69951,33.86504],[129.70375,33.86531],[129.70394,33.86755],[129.70127,33.86877]]],[[[129.68604,33.87101],[129.68277,33.87033],[129.68261,33.8679],[129.68448,33.86697],[129.68301,33.86504],[129.68415,33.86237],[129.687,33.86136],[129.68959,33.86126],[129.69085,33.86275],[129.68909,33.86422],[129.68879,33.86646],[129.69104,33.8686],[129.69089,33.87018],[129.68702,33.86989],[129.68604,33.87101]]],[[[129.68083,33.87075],[129.67945,33.87102],[129.67642,33.8698],[129.67572,33.8685],[129.67363,33.86873],[129.67505,33.86559],[129.67754,33.86551],[129.6788,33.86647],[129.68035,33.86456],[129.68183,33.86624],[129.68083,33.87075]]]]}},{"type":"Feature","properties":{"code":"42211","name":"五島市","pref":"長崎県","pref_code":"42","cx":128.75544,"cy":32.68632,"bbox":[128.34376,31.98874,129.00736,32.89691]},"geometry":{"type":"MultiPolygon","coordinates":[[[[128.90679,32.87912],[128.90485,32.87792],[128.90557,32.87628],[128.90729,32.87605],[128.90776,32.87852],[128.90679,32.87912]]],[[[128.94158,32.88468],[128.94036,32.8837],[128.94123,32.8807],[128.94665,32.87831],[128.94747,32.87545],[128.94918,32.87267],[128.947,32.8712],[128.94708,32.86896],[128.94609,32.86741],[128.94646,32.86575],[128.94449,32.86285],[128.94286,32.86191],[128.94204,32.85963],[128.94357,32.85728],[128.94281,32.85483],[128.94341,32.85331],[128.94273,32.8491],[128.93944,32.84898],[128.93949,32.85188],[128.93733,32.85458],[128.93584,32.85513],[128.93394,32.8592],[128.93524,32.8616],[128.93144,32.8648],[128.93103,32.86635],[128.92885,32.86843],[128.92865,32.87104],[128.92571,32.87327],[128.92259,32.87012],[128.92431,32.86607],[128.92772,32.86294],[128.93177,32.86061],[128.9311,32.85938],[128.93146,32.85702],[128.93416,32.8532],[128.93293,32.85128],[128.93585,32.85055],[128.93275,32.84607],[128.93325,32.84259],[128.93247,32.84163],[128.93248,32.83885],[128.92894,32.83903],[128.9289,32.84125],[128.9274,32.84274],[128.929,32.84498],[128.92737,32.8473],[128.92613,32.84669],[128.92446,32.84803],[128.92662,32.85025],[128.92674,32.85311],[128.9239,32.85468],[128.92336,32.85808],[128.92146,32.85955],[128.91978,32.85968],[128.92056,32.86352],[128.91631,32.87013],[128.91311,32.86921],[128.91155,32.86968],[128.91091,32.87227],[128.90535,32.87383],[128.90552,32.87202],[128.90261,32.87005],[128.89952,32.8708],[128.89825,32.8735],[128.89659,32.87515],[128.89596,32.87744],[128.89417,32.87849],[128.89051,32.87659],[128.88879,32.87739],[128.88739,32.8723],[128.88976,32.86989],[128.88998,32.86678],[128.8881,32.86559],[128.8795,32.86777],[128.87842,32.866],[128.87625,32.86561],[128.87408,32.86275],[128.87831,32.86217],[128.88062,32.85864],[128.87947,32.85572],[128.88154,32.85303],[128.88559,32.85435],[128.88912,32.85347],[128.88987,32.85195],[128.89239,32.85353],[128.88981,32.85613],[128.88797,32.85929],[128.8888,32.86052],[128.88852,32.8629],[128.89042,32.86413],[128.89194,32.86386],[128.89444,32.85932],[128.89602,32.85795],[128.89838,32.85783],[128.90041,32.85593],[128.90182,32.85692],[128.90324,32.85566],[128.90232,32.85272],[128.90279,32.8507],[128.90498,32.84926],[128.90639,32.84993],[128.90829,32.84825],[128.9106,32.84751],[128.90744,32.84531],[128.91168,32.84413],[128.91347,32.84439],[128.91369,32.84232],[128.91233,32.84095],[128.91447,32.83936],[128.91667,32.8426],[128.91872,32.84316],[128.92002,32.84204],[128.91986,32.84048],[128.92319,32.83599],[128.92317,32.83426],[128.92769,32.83217],[128.92755,32.83055],[128.92982,32.82752],[128.92695,32.82595],[128.92869,32.82472],[128.92833,32.82216],[128.92502,32.8219],[128.92362,32.8224],[128.92055,32.82177],[128.91875,32.82224],[128.91575,32.82459],[128.91431,32.82216],[128.91441,32.82066],[128.9201,32.82117],[128.92261,32.82041],[128.92369,32.81881],[128.92934,32.81761],[128.9323,32.81766],[128.93404,32.81923],[128.93517,32.82169],[128.93531,32.82497],[128.93926,32.82427],[128.93845,32.82286],[128.93979,32.82122],[128.93886,32.8203],[128.93884,32.81577],[128.93926,32.81444],[128.93888,32.81086],[128.93986,32.80782],[128.94245,32.80726],[128.94013,32.80533],[128.93955,32.80239],[128.94028,32.79967],[128.94318,32.79997],[128.94518,32.80247],[128.94567,32.8062],[128.94509,32.80806],[128.94709,32.81027],[128.94855,32.81374],[128.95159,32.81479],[128.95202,32.81675],[128.94978,32.81902],[128.94609,32.81772],[128.94384,32.82036],[128.94266,32.82357],[128.94115,32.82466],[128.9415,32.82734],[128.94503,32.83262],[128.94783,32.83375],[128.94917,32.83215],[128.95296,32.83045],[128.95451,32.82886],[128.95616,32.82873],[128.96074,32.83098],[128.96082,32.83237],[128.95754,32.83195],[128.95423,32.83386],[128.95512,32.83801],[128.95764,32.84239],[128.95595,32.8444],[128.95473,32.84384],[128.95377,32.84639],[128.95617,32.85065],[128.95798,32.851],[128.96021,32.84979],[128.963,32.84962],[128.96417,32.85168],[128.96262,32.85401],[128.96195,32.85702],[128.96211,32.86018],[128.95944,32.86314],[128.95937,32.86534],[128.95843,32.86679],[128.95837,32.86905],[128.95605,32.87226],[128.95299,32.8748],[128.95257,32.87723],[128.95014,32.87847],[128.94851,32.88131],[128.94158,32.88468]]],[[[128.39401,32.05427],[128.39289,32.05433],[128.3919,32.05191],[128.39325,32.04894],[128.39137,32.04547],[128.39145,32.04298],[128.38831,32.04297],[128.38364,32.04102],[128.38098,32.04077],[128.38199,32.03826],[128.38366,32.03979],[128.38597,32.0386],[128.3886,32.04025],[128.3921,32.03911],[128.39674,32.04072],[128.39874,32.04225],[128.4019,32.0415],[128.40527,32.03732],[128.40667,32.03923],[128.40926,32.04459],[128.41149,32.04553],[128.41389,32.05028],[128.41336,32.0525],[128.41195,32.05237],[128.41062,32.04971],[128.40678,32.04885],[128.40493,32.04966],[128.40154,32.04993],[128.39824,32.05212],[128.39624,32.05219],[128.39401,32.05427]]],[[[128.90553,32.57125],[128.90373,32.57027],[128.9004,32.57031],[128.89797,32.57112],[128.89625,32.56965],[128.89346,32.56919],[128.89154,32.56727],[128.89243,32.56342],[128.89631,32.56088],[128.90139,32.56049],[128.90562,32.56225],[128.90672,32.56348],[128.90755,32.5665],[128.90553,32.57125]]],[[[128.35656,32.00813],[128.3543,32.00784],[128.35229,32.00568],[128.34832,32.00461],[128.34693,32.00581],[128.34407,32.00576],[128.34376,32.0041],[128.35014,31.9972],[128.34894,31.99369],[128.34776,31.99327],[128.34901,31.98874],[128.35294,31.99247],[128.35189,31.99516],[128.35196,31.99768],[128.35504,32.00123],[128.35829,32.00339],[128.35732,32.00743],[128.35656,32.00813]]],[[[128.36459,32.01477],[128.36296,32.01298],[128.36063,32.0125],[128.35959,32.01101],[128.36081,32.00907],[128.36532,32.014],[128.36459,32.01477]]],[[[128.37287,32.03013],[128.37069,32.02963],[128.37063,32.02811],[128.36848,32.02607],[128.36902,32.02365],[128.37241,32.02469],[128.37302,32.02648],[128.37542,32.02803],[128.3748,32.02963],[128.37287,32.03013]]],[[[128.37914,32.03539],[128.37699,32.03426],[128.37804,32.0313],[128.38102,32.03071],[128.38007,32.03447],[128.37914,32.03539]]],[[[128.71805,32.58292],[128.71427,32.58211],[128.71261,32.58273],[128.70827,32.58006],[128.70994,32.57919],[128.71281,32.58053],[128.71467,32.58069],[128.72092,32.57923],[128.72028,32.58149],[128.71805,32.58292]]],[[[128.90375,32.5904],[128.90164,32.5905],[128.8979,32.58858],[128.89701,32.58642],[128.90046,32.58695],[128.90232,32.58577],[128.90408,32.58592],[128.90349,32.58793],[128.90375,32.5904]]],[[[128.90674,32.59486],[128.90444,32.59406],[128.90442,32.5923],[128.90736,32.59231],[128.90674,32.59486]]],[[[128.92554,32.59872],[128.92409,32.59778],[128.92229,32.59835],[128.92098,32.59625],[128.9181,32.59678],[128.91485,32.59547],[128.91772,32.59276],[128.92036,32.59151],[128.92201,32.59252],[128.92752,32.59182],[128.92784,32.59363],[128.92658,32.59517],[128.92554,32.59872]]],[[[128.8315,32.60562],[128.829,32.60203],[128.82635,32.60064],[128.82688,32.59861],[128.82856,32.59737],[128.8382,32.59536],[128.84086,32.59586],[128.84186,32.59856],[128.84131,32.60195],[128.83913,32.60481],[128.83559,32.60369],[128.8315,32.60562]]],[[[128.7775,32.62149],[128.7774,32.61915],[128.77943,32.61992],[128.7775,32.62149]]],[[[128.65,32.66518],[128.64787,32.66514],[128.64708,32.66209],[128.65073,32.66362],[128.65,32.66518]]],[[[128.63462,32.67982],[128.63241,32.67815],[128.6285,32.67661],[128.62803,32.674],[128.62659,32.67125],[128.62667,32.66982],[128.62409,32.66975],[128.62356,32.66685],[128.62053,32.66528],[128.62099,32.66392],[128.61787,32.66127],[128.6157,32.65786],[128.61751,32.65591],[128.61523,32.65509],[128.61715,32.65166],[128.61683,32.64647],[128.61863,32.6452],[128.61946,32.6428],[128.62123,32.64135],[128.62245,32.63761],[128.62485,32.63723],[128.6288,32.63754],[128.62955,32.63827],[128.62773,32.64093],[128.63083,32.64368],[128.63073,32.64659],[128.63375,32.64484],[128.63563,32.64679],[128.63296,32.64815],[128.63557,32.64935],[128.63439,32.65161],[128.63461,32.65434],[128.6309,32.65407],[128.62867,32.65476],[128.62969,32.65641],[128.63286,32.65716],[128.63327,32.6594],[128.63056,32.66029],[128.62802,32.66279],[128.62772,32.66433],[128.63368,32.66255],[128.63482,32.66371],[128.63973,32.66344],[128.63897,32.66612],[128.63405,32.66934],[128.63527,32.67127],[128.63885,32.67099],[128.64063,32.67272],[128.63956,32.67414],[128.6369,32.67521],[128.63462,32.67982]]],[[[128.89824,32.71185],[128.89492,32.71112],[128.89347,32.70818],[128.89353,32.70576],[128.89581,32.70049],[128.89519,32.69915],[128.8972,32.694],[128.90135,32.69593],[128.90072,32.69711],[128.8984,32.69794],[128.90131,32.70041],[128.90132,32.70182],[128.90342,32.70305],[128.90491,32.70286],[128.9057,32.70516],[128.90475,32.70748],[128.90359,32.70807],[128.89972,32.7056],[128.89869,32.70611],[128.90008,32.70927],[128.8979,32.71099],[128.89824,32.71185]]],[[[128.85335,32.7236],[128.85064,32.72061],[128.85442,32.71901],[128.85572,32.71996],[128.85552,32.72214],[128.85335,32.7236]]],[[[128.86288,32.73137],[128.86046,32.72875],[128.85762,32.72923],[128.85752,32.7272],[128.85987,32.72603],[128.85999,32.72471],[128.86293,32.7211],[128.86673,32.72177],[128.86807,32.72319],[128.86717,32.7264],[128.86502,32.72544],[128.86263,32.72636],[128.86288,32.73137]]],[[[128.60607,32.74049],[128.60104,32.73963],[128.60024,32.73675],[128.59821,32.73452],[128.59593,32.73335],[128.59511,32.73072],[128.59249,32.73013],[128.59053,32.72699],[128.59047,32.72386],[128.59105,32.72063],[128.58961,32.71963],[128.59151,32.71586],[128.59029,32.71495],[128.59079,32.7131],[128.5954,32.71209],[128.59843,32.71089],[128.60109,32.71252],[128.60129,32.71609],[128.60345,32.7184],[128.6034,32.72032],[128.60163,32.72322],[128.6015,32.72602],[128.60035,32.729],[128.60463,32.73117],[128.60725,32.73156],[128.60989,32.73537],[128.60995,32.7385],[128.60853,32.7402],[128.60607,32.74049]]],[[[128.77391,32.73706],[128.77555,32.7417],[128.77503,32.74395],[128.77377,32.74424],[128.77206,32.74267],[128.77173,32.74073],[128.77268,32.73979],[128.77192,32.73761],[128.77391,32.73706]]],[[[128.87963,32.75079],[128.87797,32.75075],[128.87567,32.74905],[128.8737,32.7488],[128.87425,32.74542],[128.8726,32.74323],[128.86989,32.7458],[128.86875,32.74088],[128.87031,32.73934],[128.87214,32.7397],[128.87603,32.73886],[128.87808,32.74021],[128.87828,32.74439],[128.88122,32.74892],[128.87963,32.75079]]],[[[128.95206,32.75745],[128.95025,32.75736],[128.94971,32.75557],[128.95143,32.75457],[128.95441,32.75555],[128.95206,32.75745]]],[[[128.95789,32.77703],[128.95715,32.77696],[128.95336,32.77256],[128.95545,32.76411],[128.95706,32.76264],[128.96262,32.76146],[128.96514,32.76155],[128.96782,32.76386],[128.96809,32.76611],[128.96727,32.76849],[128.96251,32.77105],[128.96072,32.77285],[128.95789,32.77703]]],[[[128.99295,32.791],[128.9892,32.7888],[128.98908,32.78637],[128.9912,32.78485],[128.99233,32.78292],[128.99121,32.78159],[128.98902,32.78226],[128.98703,32.78174],[128.98537,32.77825],[128.98576,32.77433],[128.9874,32.7734],[128.98884,32.77076],[128.99184,32.7698],[128.99108,32.76873],[128.98772,32.76743],[128.98754,32.76481],[128.98929,32.76011],[128.98872,32.75819],[128.98666,32.75775],[128.98397,32.75929],[128.98253,32.75828],[128.97922,32.76046],[128.97794,32.7572],[128.97491,32.75868],[128.97317,32.75575],[128.9693,32.75548],[128.96466,32.75279],[128.96286,32.75087],[128.96376,32.74762],[128.9665,32.74543],[128.9688,32.74712],[128.9716,32.74827],[128.97307,32.74537],[128.97282,32.74367],[128.97932,32.74609],[128.97979,32.74479],[128.98209,32.74392],[128.98289,32.74273],[128.98637,32.74183],[128.98757,32.74438],[128.98494,32.74873],[128.98651,32.74896],[128.98763,32.7512],[128.98816,32.75493],[128.99022,32.75532],[128.99208,32.75309],[128.99303,32.75036],[128.995,32.75175],[128.99634,32.75081],[129.0007,32.74994],[129.00426,32.7505],[129.00579,32.75298],[129.00474,32.75525],[129.00208,32.75512],[129.00334,32.75707],[129.0035,32.75948],[129.00476,32.76224],[129.0024,32.7665],[129.00416,32.76853],[129.00735,32.77008],[129.00736,32.77213],[129.00538,32.7736],[129.00264,32.77929],[129.00035,32.78247],[129.00033,32.78398],[128.99883,32.78658],[128.99295,32.791]]],[[[128.80881,32.7981],[128.80723,32.79702],[128.80498,32.79248],[128.80143,32.79271],[128.80041,32.79093],[128.79239,32.78909],[128.79049,32.78907],[128.79377,32.78544],[128.79451,32.786],[128.79743,32.78445],[128.79115,32.78238],[128.79139,32.77975],[128.79354,32.77939],[128.79252,32.77702],[128.79016,32.77671],[128.78801,32.7751],[128.78598,32.77492],[128.78347,32.77692],[128.78195,32.77573],[128.77936,32.77794],[128.77539,32.77781],[128.77644,32.77615],[128.77644,32.77237],[128.77371,32.77181],[128.77271,32.76848],[128.77306,32.76759],[128.77092,32.76514],[128.76947,32.76584],[128.76527,32.76047],[128.76858,32.75704],[128.77213,32.75721],[128.7757,32.75617],[128.77741,32.75768],[128.77938,32.75804],[128.78161,32.76217],[128.78507,32.76211],[128.78563,32.76345],[128.78943,32.76316],[128.79242,32.76521],[128.79463,32.7638],[128.79875,32.75523],[128.79705,32.75636],[128.79501,32.75974],[128.79282,32.76104],[128.78977,32.75938],[128.78443,32.7581],[128.78091,32.75643],[128.77512,32.75043],[128.77326,32.75047],[128.77552,32.74623],[128.77681,32.74494],[128.77686,32.7417],[128.77798,32.73914],[128.77605,32.7378],[128.77831,32.73633],[128.7764,32.73524],[128.77174,32.7343],[128.77004,32.73505],[128.77052,32.73767],[128.7699,32.74053],[128.76794,32.74152],[128.76921,32.74462],[128.7694,32.74857],[128.76692,32.74872],[128.76855,32.75316],[128.76689,32.75382],[128.76498,32.75605],[128.76236,32.75696],[128.7615,32.75941],[128.76091,32.76403],[128.75896,32.7657],[128.75971,32.76657],[128.75877,32.76864],[128.75436,32.76895],[128.75214,32.76846],[128.75328,32.76624],[128.75091,32.76286],[128.75182,32.75984],[128.75173,32.758],[128.74938,32.75899],[128.74745,32.7572],[128.74616,32.75736],[128.74455,32.75454],[128.7471,32.75374],[128.74819,32.75148],[128.74503,32.74987],[128.7451,32.74673],[128.74264,32.74595],[128.74049,32.74319],[128.73824,32.74314],[128.73777,32.74008],[128.73877,32.73849],[128.73555,32.73762],[128.73578,32.74098],[128.73523,32.74362],[128.73644,32.74639],[128.73873,32.7461],[128.73967,32.7479],[128.74177,32.74776],[128.74083,32.75081],[128.73534,32.74801],[128.7339,32.74865],[128.72904,32.7478],[128.72656,32.74802],[128.72936,32.75164],[128.73153,32.75245],[128.73464,32.7547],[128.73938,32.75481],[128.74084,32.75627],[128.73752,32.7575],[128.73205,32.75513],[128.72606,32.75568],[128.72453,32.75486],[128.72297,32.75251],[128.72163,32.75178],[128.71901,32.75296],[128.71776,32.75158],[128.71792,32.7487],[128.71566,32.74987],[128.71348,32.74859],[128.71311,32.74722],[128.71041,32.74727],[128.70928,32.74991],[128.70742,32.74828],[128.70812,32.74666],[128.70521,32.74501],[128.70552,32.74236],[128.70786,32.74003],[128.70682,32.73855],[128.70419,32.7387],[128.70235,32.73751],[128.70069,32.73896],[128.69792,32.73751],[128.69386,32.73999],[128.69205,32.74055],[128.69388,32.74528],[128.69677,32.74505],[128.69584,32.74709],[128.69841,32.74805],[128.69737,32.75276],[128.69655,32.75385],[128.69769,32.75701],[128.69817,32.76033],[128.69741,32.76145],[128.69732,32.76643],[128.695,32.76785],[128.69248,32.76854],[128.6897,32.76775],[128.68493,32.76923],[128.68271,32.77053],[128.68087,32.77274],[128.6808,32.77526],[128.68202,32.77621],[128.6817,32.77888],[128.67846,32.77859],[128.67385,32.78083],[128.66996,32.78085],[128.66914,32.78014],[128.66597,32.78095],[128.66653,32.78251],[128.66433,32.78475],[128.6636,32.7833],[128.6557,32.7795],[128.65407,32.77671],[128.651,32.77532],[128.65148,32.77368],[128.6487,32.76989],[128.64707,32.76907],[128.64619,32.76417],[128.64031,32.7612],[128.64149,32.75931],[128.6439,32.75759],[128.64666,32.7581],[128.64788,32.75735],[128.64654,32.75143],[128.6489,32.74736],[128.65209,32.74652],[128.65358,32.74229],[128.65302,32.73946],[128.64794,32.73694],[128.64691,32.73323],[128.64692,32.72809],[128.64512,32.72443],[128.64674,32.71987],[128.65038,32.71726],[128.65244,32.71494],[128.65479,32.71433],[128.65618,32.71312],[128.6557,32.70979],[128.66002,32.71079],[128.66193,32.70818],[128.65862,32.70604],[128.66011,32.70369],[128.66383,32.70087],[128.66086,32.70071],[128.65839,32.70134],[128.6575,32.7028],[128.6554,32.70345],[128.65126,32.70266],[128.64978,32.70075],[128.6481,32.70039],[128.64887,32.69673],[128.65002,32.69472],[128.65313,32.69129],[128.65286,32.68795],[128.65365,32.68479],[128.65088,32.68281],[128.6492,32.68092],[128.65006,32.67938],[128.65242,32.67779],[128.65886,32.67614],[128.6611,32.67178],[128.66544,32.67217],[128.66712,32.66992],[128.66925,32.66998],[128.67031,32.6725],[128.67329,32.67186],[128.67615,32.67212],[128.67356,32.66891],[128.67089,32.66798],[128.66892,32.66655],[128.66522,32.66678],[128.66408,32.66612],[128.66326,32.66343],[128.66444,32.66107],[128.66643,32.66007],[128.66741,32.65693],[128.67238,32.65247],[128.67119,32.65124],[128.66833,32.65302],[128.66283,32.65775],[128.66135,32.65739],[128.65862,32.65959],[128.65713,32.65718],[128.65569,32.65675],[128.65291,32.65809],[128.65377,32.65406],[128.65619,32.65249],[128.65899,32.65259],[128.65993,32.65344],[128.66315,32.65335],[128.66354,32.64958],[128.66505,32.6474],[128.66804,32.64623],[128.66561,32.64467],[128.66374,32.64453],[128.65995,32.64626],[128.65803,32.64832],[128.65659,32.64689],[128.65492,32.64733],[128.65272,32.64967],[128.64971,32.64984],[128.64688,32.65368],[128.64436,32.65416],[128.6438,32.65282],[128.64542,32.65117],[128.6462,32.64748],[128.64773,32.64773],[128.65013,32.64636],[128.6527,32.64351],[128.65338,32.64148],[128.65089,32.64121],[128.6452,32.64249],[128.64427,32.63978],[128.64147,32.64065],[128.63993,32.63879],[128.64386,32.6357],[128.64127,32.6357],[128.63931,32.63439],[128.63643,32.63455],[128.63583,32.6283],[128.63798,32.62806],[128.63952,32.62694],[128.63724,32.62559],[128.63782,32.62427],[128.6402,32.62458],[128.64335,32.62283],[128.64139,32.61947],[128.64276,32.61921],[128.64642,32.62033],[128.64764,32.62208],[128.64745,32.62467],[128.6499,32.62549],[128.65328,32.6295],[128.65856,32.63131],[128.66251,32.63144],[128.66488,32.63298],[128.66763,32.63003],[128.66609,32.62718],[128.66138,32.6269],[128.6574,32.62604],[128.65599,32.62506],[128.65349,32.62165],[128.6506,32.62011],[128.65293,32.61626],[128.65582,32.6128],[128.64747,32.6067],[128.64791,32.6055],[128.64588,32.6033],[128.6428,32.605],[128.64426,32.60704],[128.64572,32.60685],[128.64731,32.61088],[128.64451,32.61229],[128.64167,32.61188],[128.6398,32.60988],[128.63714,32.6121],[128.63569,32.61481],[128.63298,32.61506],[128.63313,32.61655],[128.63058,32.61976],[128.62535,32.61838],[128.62407,32.61951],[128.62881,32.62191],[128.62626,32.62285],[128.62339,32.62569],[128.62644,32.62634],[128.62626,32.6274],[128.62341,32.62767],[128.62107,32.62877],[128.61919,32.63074],[128.61671,32.62919],[128.61525,32.62549],[128.61519,32.62245],[128.61613,32.62019],[128.61433,32.61965],[128.61248,32.62113],[128.61127,32.6257],[128.61322,32.62962],[128.61515,32.6312],[128.62252,32.63403],[128.62207,32.63498],[128.61676,32.63508],[128.61575,32.63648],[128.6182,32.63707],[128.61921,32.63957],[128.61745,32.64121],[128.61512,32.64554],[128.6125,32.6469],[128.61105,32.64603],[128.61119,32.6413],[128.60848,32.63937],[128.60692,32.63672],[128.60906,32.63494],[128.60774,32.63274],[128.60925,32.62869],[128.60451,32.62473],[128.60326,32.62064],[128.60048,32.61936],[128.59825,32.61264],[128.60047,32.61225],[128.60146,32.61358],[128.60382,32.61453],[128.60469,32.61167],[128.61032,32.61119],[128.6131,32.60887],[128.6149,32.60844],[128.61837,32.61047],[128.62102,32.60907],[128.62146,32.60784],[128.62417,32.60875],[128.6302,32.60501],[128.6318,32.60326],[128.63231,32.6002],[128.63475,32.60001],[128.63457,32.59801],[128.63679,32.59578],[128.63568,32.59461],[128.63794,32.59286],[128.64074,32.59255],[128.64255,32.59428],[128.64565,32.59483],[128.65252,32.59202],[128.6531,32.59065],[128.6569,32.5909],[128.65733,32.59304],[128.6608,32.59461],[128.65927,32.59621],[128.65864,32.59815],[128.6552,32.59965],[128.65559,32.60187],[128.65849,32.6048],[128.66454,32.60685],[128.66564,32.6084],[128.66855,32.60826],[128.66927,32.60699],[128.67252,32.60699],[128.67403,32.60612],[128.6764,32.60736],[128.67842,32.60739],[128.6852,32.60461],[128.6884,32.60252],[128.69354,32.60361],[128.69523,32.60525],[128.69779,32.6043],[128.7037,32.60459],[128.70568,32.60526],[128.71292,32.60478],[128.7159,32.60408],[128.7182,32.60628],[128.72326,32.60552],[128.72704,32.60631],[128.72825,32.60748],[128.73144,32.60745],[128.73389,32.60661],[128.73678,32.60701],[128.73978,32.60363],[128.7404,32.60172],[128.74216,32.59968],[128.74733,32.59564],[128.74873,32.59319],[128.75157,32.59078],[128.75077,32.58829],[128.75211,32.58493],[128.7519,32.58307],[128.75432,32.58144],[128.7529,32.57946],[128.75642,32.57715],[128.759,32.57764],[128.76171,32.5766],[128.76345,32.57472],[128.76529,32.57565],[128.76975,32.57437],[128.77289,32.57446],[128.77531,32.57792],[128.77512,32.58003],[128.77683,32.58051],[128.7777,32.58263],[128.779,32.58322],[128.77961,32.5858],[128.78225,32.58749],[128.78318,32.59062],[128.78491,32.59026],[128.78699,32.58839],[128.78872,32.58803],[128.79073,32.58908],[128.79319,32.5914],[128.79264,32.5941],[128.79312,32.59659],[128.79276,32.59868],[128.79026,32.60022],[128.79113,32.60177],[128.7897,32.6028],[128.78884,32.60581],[128.78591,32.60914],[128.77903,32.61335],[128.77568,32.61287],[128.77391,32.61396],[128.77349,32.61576],[128.76929,32.61826],[128.77163,32.61988],[128.76798,32.62265],[128.76642,32.62148],[128.76856,32.61976],[128.76658,32.61654],[128.76294,32.61824],[128.76123,32.62147],[128.76159,32.62399],[128.76472,32.62557],[128.76629,32.62567],[128.76759,32.62914],[128.76661,32.6313],[128.76541,32.63177],[128.76496,32.63442],[128.76557,32.63566],[128.76814,32.63683],[128.76595,32.63856],[128.76767,32.64237],[128.7701,32.64475],[128.77672,32.64473],[128.77768,32.64522],[128.7816,32.64463],[128.78502,32.64718],[128.78637,32.64888],[128.78908,32.64794],[128.79098,32.6484],[128.79295,32.65046],[128.79413,32.65032],[128.79603,32.65204],[128.79972,32.65217],[128.80062,32.65122],[128.80276,32.65412],[128.80555,32.65459],[128.8064,32.65546],[128.80906,32.65531],[128.8115,32.65351],[128.81,32.64791],[128.81087,32.6466],[128.81571,32.64616],[128.81793,32.64529],[128.81617,32.64357],[128.81825,32.63861],[128.81807,32.63727],[128.82118,32.63613],[128.82198,32.63755],[128.82395,32.63798],[128.82593,32.63564],[128.82991,32.63679],[128.83281,32.63676],[128.83542,32.63823],[128.83885,32.63739],[128.84145,32.63937],[128.84489,32.64058],[128.84751,32.63965],[128.84888,32.64121],[128.85536,32.64238],[128.85919,32.64263],[128.86387,32.64222],[128.86717,32.64327],[128.86836,32.64459],[128.87072,32.6437],[128.87174,32.63916],[128.88251,32.63959],[128.88423,32.64195],[128.88552,32.64075],[128.88851,32.64182],[128.89015,32.64072],[128.89269,32.64074],[128.89333,32.64436],[128.89563,32.64727],[128.89541,32.64882],[128.89739,32.65084],[128.89672,32.6541],[128.89459,32.65565],[128.89177,32.65657],[128.88905,32.6558],[128.88666,32.65584],[128.88364,32.66174],[128.88588,32.66326],[128.88286,32.66961],[128.88067,32.6704],[128.8804,32.6721],[128.8787,32.67268],[128.87598,32.67551],[128.87064,32.67946],[128.86331,32.68388],[128.86204,32.6838],[128.86111,32.68649],[128.85937,32.68562],[128.85763,32.68615],[128.85706,32.69237],[128.85396,32.69175],[128.85342,32.68978],[128.85095,32.69387],[128.85208,32.69591],[128.84899,32.69567],[128.84725,32.69661],[128.85089,32.70073],[128.8465,32.70344],[128.84916,32.70461],[128.84695,32.70623],[128.84595,32.70487],[128.8437,32.70551],[128.84271,32.70831],[128.84083,32.7092],[128.84064,32.71166],[128.83928,32.71348],[128.83942,32.71493],[128.84199,32.71418],[128.8427,32.71625],[128.84168,32.71694],[128.84062,32.7208],[128.84102,32.72179],[128.83954,32.72476],[128.84132,32.7276],[128.8428,32.73117],[128.84294,32.73376],[128.84386,32.73514],[128.84414,32.73799],[128.84188,32.73883],[128.8425,32.74173],[128.84424,32.74376],[128.84608,32.74244],[128.85206,32.74276],[128.85534,32.74185],[128.85646,32.74311],[128.85469,32.74425],[128.85556,32.74601],[128.8533,32.74696],[128.85174,32.75031],[128.85022,32.74963],[128.84771,32.75047],[128.8478,32.75312],[128.84496,32.75121],[128.8441,32.74762],[128.84193,32.7487],[128.83945,32.74753],[128.83798,32.74577],[128.83585,32.74484],[128.83524,32.74627],[128.83603,32.74797],[128.83524,32.75064],[128.8329,32.75196],[128.83092,32.75129],[128.8286,32.74896],[128.8313,32.74358],[128.82798,32.74318],[128.82484,32.74205],[128.82492,32.74457],[128.82687,32.74941],[128.82963,32.75183],[128.83004,32.75454],[128.83214,32.75475],[128.83662,32.75755],[128.83514,32.76048],[128.83025,32.75914],[128.82633,32.7566],[128.82879,32.75414],[128.82079,32.75177],[128.82046,32.75087],[128.81696,32.75108],[128.81451,32.75068],[128.81272,32.74764],[128.81128,32.74938],[128.81018,32.75206],[128.80844,32.75138],[128.80454,32.75205],[128.80585,32.75361],[128.80892,32.75413],[128.80947,32.75665],[128.81385,32.75638],[128.8163,32.75824],[128.82179,32.75621],[128.82463,32.75664],[128.8262,32.76029],[128.82547,32.76143],[128.82274,32.76188],[128.82069,32.76405],[128.81941,32.7666],[128.81301,32.76959],[128.81171,32.77257],[128.80951,32.774],[128.80712,32.77374],[128.80461,32.77447],[128.80407,32.77671],[128.80593,32.77794],[128.80736,32.77735],[128.80917,32.77896],[128.80849,32.78107],[128.80908,32.78543],[128.81066,32.78808],[128.80938,32.79005],[128.80776,32.79085],[128.81092,32.7955],[128.81054,32.79807],[128.80881,32.7981]]],[[[128.93427,32.80766],[128.93243,32.80768],[128.92932,32.80661],[128.92977,32.80529],[128.93248,32.8038],[128.93238,32.80242],[128.93009,32.80242],[128.92904,32.80023],[128.932,32.79946],[128.93333,32.79836],[128.93591,32.79931],[128.93665,32.80061],[128.93613,32.80643],[128.93427,32.80766]]],[[[128.68051,32.81036],[128.67667,32.80938],[128.67503,32.8077],[128.67345,32.80827],[128.67205,32.80718],[128.67481,32.80574],[128.6775,32.80258],[128.68021,32.80262],[128.68265,32.80402],[128.68295,32.80662],[128.68051,32.81036]]],[[[128.86397,32.84476],[128.86178,32.84383],[128.86232,32.84161],[128.86449,32.83986],[128.86458,32.83649],[128.86628,32.83492],[128.86605,32.83229],[128.8678,32.83204],[128.86629,32.82889],[128.86609,32.82649],[128.86939,32.82442],[128.86784,32.82251],[128.86835,32.82085],[128.86996,32.81987],[128.87843,32.81785],[128.87802,32.81611],[128.87901,32.81478],[128.87805,32.81264],[128.87853,32.8109],[128.87319,32.80839],[128.8751,32.80658],[128.87592,32.80395],[128.87731,32.80226],[128.87751,32.79919],[128.87629,32.79767],[128.87236,32.7985],[128.87281,32.79965],[128.86929,32.80239],[128.86261,32.80184],[128.8617,32.80412],[128.86562,32.80547],[128.86786,32.80528],[128.87108,32.80623],[128.87092,32.80718],[128.86839,32.80828],[128.86612,32.80816],[128.86331,32.81261],[128.86365,32.81595],[128.862,32.81885],[128.86257,32.82183],[128.86509,32.82299],[128.86218,32.82635],[128.86179,32.82811],[128.86467,32.83037],[128.86118,32.83172],[128.863,32.83299],[128.86105,32.83503],[128.85913,32.83494],[128.85752,32.83649],[128.85568,32.83432],[128.85503,32.83238],[128.85292,32.83161],[128.85177,32.8296],[128.84906,32.83004],[128.84831,32.83227],[128.84879,32.83466],[128.84402,32.83348],[128.84071,32.83613],[128.84077,32.83798],[128.83782,32.83833],[128.83652,32.8363],[128.83507,32.83557],[128.8354,32.83335],[128.833,32.83152],[128.83301,32.8291],[128.83758,32.83002],[128.83948,32.82937],[128.8369,32.82589],[128.83728,32.82412],[128.83712,32.81723],[128.83591,32.81674],[128.83934,32.81388],[128.83967,32.81215],[128.83869,32.80875],[128.83993,32.80647],[128.838,32.80421],[128.83974,32.80285],[128.83963,32.80104],[128.83634,32.80015],[128.83571,32.79842],[128.8328,32.79739],[128.83485,32.79621],[128.83652,32.794],[128.83647,32.79271],[128.83811,32.78993],[128.83742,32.78748],[128.83707,32.78327],[128.83542,32.7823],[128.83617,32.77928],[128.83945,32.77772],[128.83928,32.77973],[128.84016,32.78393],[128.84124,32.78432],[128.84341,32.78261],[128.84173,32.78103],[128.84423,32.77859],[128.84686,32.77829],[128.84977,32.77892],[128.85251,32.77649],[128.8527,32.77525],[128.85477,32.77216],[128.85773,32.77166],[128.85931,32.77061],[128.86006,32.76658],[128.86177,32.76618],[128.86409,32.76389],[128.86607,32.76344],[128.86984,32.76506],[128.87321,32.76386],[128.87736,32.76477],[128.87945,32.76361],[128.88302,32.76474],[128.8853,32.77075],[128.88481,32.7721],[128.88601,32.77595],[128.88905,32.77862],[128.89025,32.7785],[128.89213,32.7832],[128.89365,32.78509],[128.89819,32.78723],[128.90086,32.78713],[128.90248,32.78845],[128.90253,32.79326],[128.90427,32.79627],[128.91039,32.79675],[128.91064,32.79843],[128.90569,32.80223],[128.90372,32.80238],[128.90332,32.80466],[128.90495,32.80595],[128.90321,32.80709],[128.90309,32.80932],[128.90541,32.81143],[128.90584,32.81339],[128.90032,32.81457],[128.8995,32.81653],[128.90064,32.82165],[128.89775,32.82255],[128.89576,32.82477],[128.89124,32.82523],[128.89057,32.82345],[128.88588,32.82501],[128.88334,32.83387],[128.87975,32.8347],[128.87771,32.83723],[128.87391,32.83797],[128.87134,32.84042],[128.87125,32.84135],[128.86628,32.84323],[128.86397,32.84476]]],[[[128.91711,32.89691],[128.91567,32.89483],[128.91214,32.8944],[128.91153,32.89185],[128.90918,32.8882],[128.90964,32.8859],[128.91433,32.88537],[128.91639,32.88653],[128.91751,32.89214],[128.919,32.89442],[128.91711,32.89691]]]]}},{"type":"Feature","properties":{"code":"42212","name":"西海市","pref":"長崎県","pref_code":"42","cx":129.69414,"cy":32.99721,"bbox":[129.22217,32.89548,129.82411,33.09974]},"geometry":{"type":"MultiPolygon","coordinates":[[[[129.59852,32.94769],[129.59704,32.94484],[129.59476,32.94517],[129.59351,32.94351],[129.5945,32.94106],[129.59276,32.93836],[129.59375,32.93547],[129.59309,32.93399],[129.59592,32.93182],[129.59592,32.92796],[129.59911,32.92273],[129.60315,32.9203],[129.6052,32.91819],[129.60936,32.91726],[129.61066,32.91621],[129.61246,32.91699],[129.61651,32.91723],[129.62275,32.9248],[129.62547,32.9263],[129.62577,32.92725],[129.62415,32.92961],[129.62466,32.931],[129.62353,32.93235],[129.62452,32.93397],[129.62387,32.93729],[129.61782,32.93953],[129.61533,32.93819],[129.61529,32.94134],[129.61282,32.94285],[129.60948,32.94223],[129.61141,32.93986],[129.60837,32.93999],[129.60506,32.93879],[129.6022,32.94006],[129.60077,32.94315],[129.59917,32.94357],[129.59852,32.94769]]],[[[129.81245,32.96376],[129.8107,32.96294],[129.8133,32.95886],[129.81597,32.95988],[129.81516,32.96239],[129.81245,32.96376]]],[[[129.81762,32.9964],[129.81671,32.99416],[129.8191,32.9918],[129.82036,32.99563],[129.81762,32.9964]]],[[[129.74743,32.99936],[129.7451,32.99849],[129.74574,32.9965],[129.74834,32.99806],[129.74743,32.99936]]],[[[129.74396,33.00009],[129.74157,32.99687],[129.73992,32.99557],[129.74297,32.99418],[129.74621,32.99592],[129.74446,32.99751],[129.74396,33.00009]]],[[[129.74693,33.0043],[129.74488,33.00271],[129.74692,33.0003],[129.74873,33.00073],[129.74806,33.0037],[129.74693,33.0043]]],[[[129.54495,33.00839],[129.5437,33.00832],[129.54312,33.00292],[129.54512,33.0033],[129.54937,33.00513],[129.55,33.00348],[129.5494,33.00156],[129.55313,33.00059],[129.55255,33.00273],[129.55439,33.00478],[129.55322,33.00705],[129.55083,33.00768],[129.54799,33.00714],[129.54495,33.00839]]],[[[129.65023,33.0096],[129.64829,33.00438],[129.6491,33.00325],[129.64761,32.99995],[129.64788,32.99725],[129.64726,32.99228],[129.64834,32.99088],[129.64663,32.9886],[129.64718,32.98738],[129.65001,32.98759],[129.6516,32.98702],[129.65282,32.99068],[129.65118,32.99694],[129.64975,32.99832],[129.64883,33.00068],[129.65116,33.00174],[129.65159,33.00454],[129.65023,33.0096]]],[[[129.53639,33.01034],[129.5357,33.00858],[129.53916,33.00763],[129.54211,33.00818],[129.54212,33.00914],[129.53913,33.01032],[129.53639,33.01034]]],[[[129.35313,33.02103],[129.35098,33.01895],[129.34528,33.01766],[129.3443,33.01584],[129.34275,33.01587],[129.34189,33.01333],[129.34327,33.01307],[129.34421,33.01055],[129.34103,33.00733],[129.34415,33.00578],[129.34572,33.00305],[129.34346,33.00085],[129.34473,32.99991],[129.34523,32.99789],[129.34795,32.99903],[129.34972,32.99762],[129.35145,32.99917],[129.35049,33.00064],[129.35132,33.00296],[129.35285,33.00286],[129.35724,33.0042],[129.36049,33.00295],[129.36217,33.00355],[129.35906,33.00728],[129.36064,33.0099],[129.35611,33.00975],[129.35468,33.01136],[129.35401,33.01379],[129.35512,33.01544],[129.35375,33.01685],[129.35474,33.01789],[129.35492,33.02042],[129.35313,33.02103]]],[[[129.43345,33.02185],[129.43098,33.02059],[129.43128,33.01855],[129.43282,33.01734],[129.43574,33.0171],[129.43704,33.01571],[129.43886,33.01773],[129.43819,33.01881],[129.43345,33.02185]]],[[[129.24732,33.0232],[129.24544,33.02035],[129.24146,33.01907],[129.23828,33.0158],[129.23677,33.01549],[129.23594,33.01364],[129.23297,33.01103],[129.23256,33.00868],[129.2308,33.0066],[129.22273,33.00204],[129.22217,32.99833],[129.22377,32.9983],[129.22757,33.00039],[129.23264,33.00075],[129.23634,32.99817],[129.23572,32.99725],[129.24021,32.99618],[129.23744,32.99211],[129.23309,32.98992],[129.23431,32.98877],[129.24003,32.99111],[129.24378,32.99335],[129.24598,32.99352],[129.24686,32.99722],[129.25076,32.99708],[129.25198,32.99961],[129.25457,32.99987],[129.25584,33.00158],[129.25421,33.00284],[129.25411,33.00514],[129.2531,33.00771],[129.25587,33.00941],[129.2573,33.01197],[129.25721,33.01499],[129.25873,33.0163],[129.26106,33.01981],[129.2581,33.02101],[129.25669,33.01904],[129.2542,33.01765],[129.25504,33.01599],[129.2545,33.01404],[129.2494,33.01333],[129.24753,33.01469],[129.24647,33.01695],[129.24862,33.02128],[129.24732,33.0232]]],[[[129.56187,33.03045],[129.56228,33.02784],[129.56,33.02643],[129.5606,33.02381],[129.5628,33.02373],[129.56401,33.02133],[129.56199,33.01983],[129.56406,33.01776],[129.56611,33.01859],[129.56519,33.02154],[129.56961,33.01909],[129.57043,33.01707],[129.56822,33.01689],[129.56749,33.01466],[129.56029,33.01001],[129.56442,33.0089],[129.5652,33.00779],[129.55942,33.00817],[129.5571,33.00881],[129.55626,33.00561],[129.55487,33.00334],[129.5564,33.00079],[129.5591,33.00139],[129.56249,33.00083],[129.56198,33.00333],[129.56523,33.00455],[129.56604,33.00651],[129.56781,33.00687],[129.57147,33.00945],[129.57726,33.0097],[129.57692,33.01143],[129.58003,33.01323],[129.58157,33.01228],[129.5836,33.01288],[129.58678,33.01872],[129.58794,33.01911],[129.59033,33.02185],[129.58994,33.02314],[129.58689,33.02411],[129.586,33.02573],[129.5835,33.02758],[129.57615,33.02828],[129.5743,33.02762],[129.56947,33.02885],[129.56781,33.0302],[129.56187,33.03045]]],[[[129.75563,33.03218],[129.75354,33.02924],[129.755,33.02896],[129.75563,33.03218]]],[[[129.63739,33.04486],[129.63514,33.04241],[129.63326,33.04122],[129.63348,33.03989],[129.63006,33.03815],[129.62822,33.03419],[129.62928,33.03153],[129.62815,33.02885],[129.62939,33.02753],[129.63356,33.02685],[129.63231,33.02991],[129.63428,33.03083],[129.63662,33.03301],[129.63648,33.0349],[129.63834,33.03531],[129.63736,33.03756],[129.63739,33.04486]]],[[[129.64274,33.06337],[129.64078,33.06285],[129.64081,33.06056],[129.64437,33.06233],[129.64274,33.06337]]],[[[129.56711,33.0653],[129.56642,33.06387],[129.57004,33.06339],[129.57035,33.06486],[129.56711,33.0653]]],[[[129.60878,33.0653],[129.60553,33.063],[129.60581,33.06097],[129.60449,33.05926],[129.60592,33.05777],[129.60854,33.0568],[129.60717,33.05458],[129.60562,33.05471],[129.60464,33.05681],[129.60328,33.0571],[129.60183,33.05561],[129.60209,33.05108],[129.59845,33.05237],[129.59701,33.04868],[129.5918,33.04661],[129.5917,33.04466],[129.58972,33.04106],[129.59051,33.03908],[129.58863,33.03809],[129.58714,33.03569],[129.58752,33.03165],[129.58679,33.0302],[129.5875,33.02784],[129.5938,33.02737],[129.59836,33.02354],[129.59989,33.02362],[129.60213,33.02846],[129.60368,33.02816],[129.60261,33.02573],[129.60439,33.02294],[129.60675,33.02359],[129.60832,33.02504],[129.61025,33.02805],[129.61008,33.03013],[129.61288,33.03121],[129.61294,33.03418],[129.61558,33.03454],[129.61787,33.03386],[129.61837,33.03186],[129.62056,33.03065],[129.62213,33.03228],[129.62487,33.03308],[129.6272,33.03673],[129.62587,33.03878],[129.62905,33.03985],[129.6296,33.04267],[129.62354,33.04268],[129.62485,33.04532],[129.62656,33.04582],[129.62895,33.04444],[129.63031,33.04452],[129.6319,33.0477],[129.63449,33.05087],[129.63015,33.05338],[129.6328,33.05697],[129.63058,33.05832],[129.63659,33.05858],[129.63838,33.06036],[129.63681,33.06223],[129.63291,33.06253],[129.6295,33.06395],[129.6276,33.06175],[129.62315,33.05979],[129.62134,33.06076],[129.6116,33.06146],[129.61015,33.06218],[129.61003,33.06423],[129.60878,33.0653]]],[[[129.80695,32.96193],[129.80849,32.96271],[129.80839,32.965],[129.81123,32.9696],[129.81459,32.97011],[129.8162,32.96872],[129.81842,32.96862],[129.8182,32.97144],[129.81889,32.97388],[129.82411,32.97268],[129.82409,32.97486],[129.82147,32.9778],[129.82275,32.98174],[129.82144,32.98409],[129.81942,32.9853],[129.81607,32.98547],[129.81319,32.9891],[129.81106,32.99277],[129.81431,32.99249],[129.81513,32.99512],[129.81224,32.9956],[129.81127,32.99965],[129.80719,32.99998],[129.80655,33.00191],[129.805,33.00258],[129.80393,33.00455],[129.80085,33.00645],[129.80101,33.00788],[129.79664,33.0092],[129.79068,33.00962],[129.78672,33.00628],[129.78341,33.00806],[129.78172,33.00759],[129.78023,33.01033],[129.77931,33.01339],[129.77783,33.01387],[129.7748,33.01324],[129.77045,33.01337],[129.76901,33.01739],[129.76652,33.0183],[129.76674,33.0196],[129.76413,33.02189],[129.76091,33.02072],[129.75981,33.01971],[129.76187,33.0161],[129.75881,33.01274],[129.75818,33.01004],[129.7561,33.01074],[129.7532,33.00845],[129.75316,33.00454],[129.75203,33.00334],[129.75433,33.002],[129.75508,33.00392],[129.75819,33.00212],[129.75969,33.00442],[129.76189,33.00381],[129.76488,33.00095],[129.76388,32.99958],[129.75737,32.99958],[129.75727,32.99762],[129.75862,32.99502],[129.75512,32.99596],[129.75455,32.99957],[129.75232,33.00064],[129.74936,32.99479],[129.74526,32.99392],[129.74324,32.99295],[129.74349,32.99148],[129.74196,32.98848],[129.73948,32.98825],[129.73959,32.99021],[129.74079,32.99182],[129.73843,32.99501],[129.73565,32.9968],[129.7355,32.99913],[129.73238,32.99944],[129.73285,33.00212],[129.73719,33.00101],[129.7406,33.00386],[129.7344,33.00547],[129.73143,33.00825],[129.73409,33.00931],[129.73555,33.01182],[129.73465,33.01439],[129.73344,33.01454],[129.73351,33.01723],[129.73633,33.01731],[129.73769,33.02237],[129.73989,33.02493],[129.74055,33.02762],[129.74312,33.02876],[129.74495,33.0326],[129.74477,33.03366],[129.74663,33.03833],[129.74924,33.03785],[129.75381,33.0398],[129.75428,33.04169],[129.75897,33.04374],[129.76159,33.04606],[129.76201,33.04921],[129.76011,33.05028],[129.76,33.05191],[129.75519,33.05274],[129.74912,33.05594],[129.74967,33.06027],[129.74788,33.05997],[129.74223,33.05711],[129.74034,33.05795],[129.73978,33.05586],[129.74167,33.05508],[129.74018,33.05359],[129.74248,33.0523],[129.74032,33.05039],[129.73867,33.05103],[129.73827,33.05355],[129.73604,33.05255],[129.73614,33.05035],[129.73503,33.04781],[129.73648,33.04662],[129.73125,33.04551],[129.72698,33.04722],[129.73023,33.05017],[129.72731,33.05078],[129.72919,33.05352],[129.73011,33.058],[129.7331,33.05872],[129.73534,33.06048],[129.73484,33.06218],[129.7359,33.06469],[129.73171,33.06598],[129.73372,33.06756],[129.72976,33.07535],[129.72605,33.07619],[129.72415,33.07369],[129.72231,33.07262],[129.72029,33.07264],[129.71798,33.07637],[129.72071,33.07679],[129.71919,33.0804],[129.71492,33.08354],[129.71424,33.08461],[129.71095,33.08666],[129.71037,33.08809],[129.70633,33.08711],[129.70617,33.08522],[129.70823,33.08235],[129.70668,33.08189],[129.70453,33.08358],[129.70395,33.08633],[129.70039,33.08884],[129.70097,33.09007],[129.69844,33.09065],[129.6979,33.08917],[129.69025,33.09436],[129.68814,33.09385],[129.68745,33.09586],[129.68318,33.09699],[129.68202,33.09924],[129.67978,33.09974],[129.67734,33.09929],[129.67637,33.09668],[129.67364,33.09459],[129.6731,33.09321],[129.67367,33.08903],[129.67521,33.08786],[129.67677,33.08879],[129.67894,33.08672],[129.67611,33.08554],[129.67404,33.08138],[129.67271,33.08045],[129.66887,33.08099],[129.66423,33.07956],[129.66161,33.07704],[129.66255,33.07543],[129.66536,33.07754],[129.66785,33.07708],[129.67082,33.0774],[129.67186,33.07973],[129.67526,33.0781],[129.67159,33.07407],[129.67151,33.07168],[129.66621,33.07248],[129.66468,33.07093],[129.66125,33.07118],[129.6614,33.06891],[129.66512,33.06786],[129.66965,33.06901],[129.66976,33.06742],[129.67242,33.06542],[129.67582,33.06447],[129.67451,33.06324],[129.66732,33.06419],[129.66226,33.06107],[129.66162,33.05858],[129.6636,33.05483],[129.66259,33.05222],[129.65987,33.05057],[129.65966,33.04823],[129.6613,33.04683],[129.65944,33.04383],[129.66029,33.04259],[129.65932,33.04006],[129.65014,33.0417],[129.64711,33.03808],[129.64707,33.0362],[129.64902,33.0314],[129.64916,33.02857],[129.64779,33.02593],[129.64741,33.02102],[129.64856,33.01729],[129.65055,33.01727],[129.65312,33.01034],[129.65414,33.00889],[129.65349,33.00715],[129.65425,33.00511],[129.65876,33.00378],[129.66187,33.00126],[129.65787,33.00074],[129.65524,33.00219],[129.65362,32.99909],[129.65201,32.99813],[129.65362,32.99584],[129.65332,32.99122],[129.65198,32.98672],[129.64994,32.98736],[129.64637,32.98678],[129.64564,32.99129],[129.6426,32.99235],[129.64045,32.98938],[129.63862,32.98849],[129.63314,32.98744],[129.63231,32.98482],[129.63054,32.98192],[129.63054,32.97933],[129.62772,32.97907],[129.6281,32.9735],[129.62705,32.97116],[129.6276,32.96788],[129.62978,32.96454],[129.62963,32.96104],[129.62704,32.95878],[129.62724,32.9564],[129.62928,32.95573],[129.63054,32.95354],[129.6259,32.95371],[129.62671,32.95082],[129.62915,32.9494],[129.63147,32.94983],[129.63543,32.94684],[129.63792,32.94644],[129.63772,32.94333],[129.63852,32.94156],[129.63886,32.9371],[129.63722,32.93727],[129.63625,32.93887],[129.6344,32.93631],[129.63579,32.92996],[129.63311,32.92872],[129.63359,32.92578],[129.6353,32.9265],[129.63968,32.92592],[129.63992,32.9246],[129.63746,32.92302],[129.63886,32.92085],[129.63777,32.9193],[129.63873,32.91826],[129.64117,32.92095],[129.64199,32.92628],[129.64291,32.92737],[129.64319,32.93233],[129.6482,32.93227],[129.65219,32.93104],[129.65229,32.92875],[129.65504,32.92096],[129.65628,32.91959],[129.65881,32.91976],[129.66097,32.91833],[129.66255,32.91636],[129.66123,32.91568],[129.65983,32.91032],[129.66076,32.90882],[129.66582,32.90564],[129.66658,32.90287],[129.66691,32.89838],[129.66854,32.89548],[129.67337,32.89724],[129.67607,32.89943],[129.67718,32.90187],[129.6829,32.90391],[129.68833,32.90335],[129.69077,32.90258],[129.69297,32.90344],[129.69862,32.90368],[129.70163,32.90653],[129.70589,32.90631],[129.70867,32.90955],[129.70906,32.91273],[129.71556,32.90985],[129.71893,32.91141],[129.72608,32.91109],[129.72763,32.91225],[129.72956,32.91129],[129.7333,32.91498],[129.73469,32.91502],[129.73763,32.91313],[129.74244,32.919],[129.74124,32.9221],[129.73962,32.92319],[129.73884,32.92755],[129.73731,32.93026],[129.7382,32.93281],[129.74109,32.93578],[129.74139,32.93682],[129.73969,32.93906],[129.74109,32.94425],[129.74086,32.94699],[129.74831,32.94831],[129.75641,32.95145],[129.76347,32.95484],[129.76587,32.95427],[129.76867,32.95589],[129.77198,32.9569],[129.77331,32.95634],[129.77812,32.95908],[129.78117,32.95977],[129.78147,32.96203],[129.78407,32.9614],[129.78563,32.96257],[129.7867,32.96569],[129.79183,32.96858],[129.79532,32.96641],[129.80251,32.96495],[129.80386,32.96315],[129.80695,32.96193]]]]}},{"type":"Feature","properties":{"code":"42213","name":"雲仙市","pref":"長崎県","pref_code":"42","cx":130.23113,"cy":32.76877,"bbox":[130.12695,32.65553,130.31971,32.88137]},"geometry":{"type":"Polygon","coordinates":[[[130.28571,32.75037],[130.28765,32.75312],[130.29075,32.7533],[130.2921,32.75257],[130.29522,32.75416],[130.29871,32.75378],[130.30668,32.75392],[130.30872,32.75516],[130.30862,32.75932],[130.30991,32.76354],[130.30657,32.76236],[130.30224,32.76216],[130.29772,32.76065],[130.29566,32.76216],[130.29379,32.76531],[130.28814,32.76373],[130.28699,32.76213],[130.28065,32.76461],[130.27755,32.76453],[130.27463,32.76534],[130.27306,32.76662],[130.27293,32.77376],[130.27509,32.78212],[130.27677,32.7843],[130.2804,32.7827],[130.28321,32.78459],[130.28472,32.7839],[130.28501,32.79108],[130.28952,32.7944],[130.29379,32.80139],[130.29301,32.80306],[130.29559,32.80912],[130.29708,32.81096],[130.2978,32.81477],[130.29937,32.81791],[130.29931,32.81971],[130.30038,32.8222],[130.30148,32.82692],[130.30229,32.82797],[130.30185,32.8305],[130.30282,32.83462],[130.30269,32.83739],[130.30062,32.84023],[130.3027,32.84412],[130.30398,32.84473],[130.3032,32.84699],[130.30439,32.84839],[130.30387,32.85015],[130.30516,32.8513],[130.30541,32.85479],[130.30778,32.85572],[130.30923,32.85895],[130.31161,32.8603],[130.31253,32.86326],[130.31488,32.86509],[130.31942,32.86677],[130.31971,32.86802],[130.31601,32.86824],[130.31133,32.87052],[130.30948,32.87246],[130.31105,32.87412],[130.30652,32.87664],[130.30436,32.8795],[130.29719,32.88137],[130.29603,32.87818],[130.29367,32.87875],[130.28904,32.87697],[130.28436,32.87692],[130.28208,32.87836],[130.27601,32.87591],[130.27554,32.87471],[130.26883,32.87427],[130.26742,32.87273],[130.26579,32.87291],[130.26112,32.87152],[130.25056,32.87276],[130.24779,32.87423],[130.2438,32.87556],[130.23534,32.87107],[130.23612,32.87009],[130.23342,32.86843],[130.23332,32.86685],[130.2301,32.86582],[130.22721,32.86363],[130.22664,32.86196],[130.22466,32.86034],[130.22012,32.85852],[130.21778,32.85838],[130.21212,32.85604],[130.20991,32.85569],[130.20889,32.85332],[130.2055,32.85193],[130.20093,32.85172],[130.19736,32.85086],[130.19524,32.84812],[130.1841,32.85766],[130.17424,32.87003],[130.17386,32.86981],[130.14823,32.84532],[130.15409,32.84081],[130.15704,32.84356],[130.15841,32.84076],[130.15645,32.82555],[130.15285,32.82333],[130.14991,32.81894],[130.14727,32.81171],[130.14554,32.80949],[130.14368,32.80989],[130.13748,32.80969],[130.13568,32.80794],[130.14114,32.80062],[130.13994,32.79733],[130.14303,32.79752],[130.14411,32.79603],[130.14655,32.79648],[130.15506,32.79365],[130.16589,32.79371],[130.1734,32.7945],[130.17906,32.79456],[130.1868,32.78906],[130.19167,32.78481],[130.19313,32.78296],[130.19178,32.78141],[130.19333,32.78048],[130.19044,32.77866],[130.18919,32.77705],[130.18614,32.77526],[130.18883,32.77056],[130.18965,32.76698],[130.18743,32.76452],[130.18561,32.76538],[130.18402,32.76341],[130.1865,32.76211],[130.18888,32.76275],[130.19318,32.76038],[130.19253,32.75882],[130.19499,32.75557],[130.19771,32.75527],[130.19909,32.75686],[130.20207,32.75685],[130.20407,32.75553],[130.20579,32.75552],[130.20785,32.75277],[130.20762,32.74854],[130.21006,32.74334],[130.20943,32.74131],[130.20999,32.73876],[130.20821,32.73334],[130.20611,32.73101],[130.20644,32.72749],[130.205,32.72769],[130.20314,32.72521],[130.2019,32.72474],[130.20083,32.72252],[130.20112,32.72037],[130.19897,32.71775],[130.19442,32.71641],[130.19161,32.7161],[130.18832,32.71335],[130.18773,32.71047],[130.18645,32.70774],[130.17245,32.70268],[130.16815,32.69717],[130.17117,32.69476],[130.17135,32.69224],[130.16491,32.694],[130.16291,32.6922],[130.16009,32.69407],[130.1588,32.69274],[130.15965,32.69052],[130.15815,32.68823],[130.15812,32.68541],[130.15442,32.6829],[130.14743,32.68175],[130.14472,32.68218],[130.14321,32.67928],[130.1408,32.68127],[130.13826,32.68101],[130.13257,32.68148],[130.1319,32.68511],[130.13097,32.68621],[130.12719,32.68732],[130.12695,32.68424],[130.13133,32.68131],[130.13313,32.6782],[130.13064,32.6753],[130.13061,32.67028],[130.12852,32.66371],[130.1291,32.66085],[130.12851,32.65833],[130.1289,32.65553],[130.14272,32.65874],[130.1452,32.65825],[130.14661,32.65929],[130.14955,32.6589],[130.15349,32.65965],[130.15912,32.66211],[130.17065,32.66252],[130.17348,32.66203],[130.17593,32.6664],[130.17883,32.66638],[130.17955,32.66869],[130.18186,32.67094],[130.1848,32.66917],[130.18715,32.6719],[130.19182,32.67404],[130.19424,32.67671],[130.19742,32.67819],[130.19866,32.67996],[130.20239,32.68336],[130.20547,32.68409],[130.21022,32.68695],[130.22151,32.69126],[130.22413,32.69338],[130.22554,32.69365],[130.22671,32.6958],[130.22903,32.69631],[130.2311,32.69833],[130.23503,32.69932],[130.23678,32.70154],[130.24259,32.70457],[130.24556,32.70789],[130.24801,32.70964],[130.24904,32.71145],[130.24823,32.71328],[130.24871,32.71844],[130.24781,32.72024],[130.25159,32.72438],[130.25718,32.72374],[130.27095,32.72349],[130.27166,32.72399],[130.27092,32.72789],[130.27156,32.73028],[130.27523,32.73108],[130.27707,32.73336],[130.28026,32.73393],[130.27987,32.73662],[130.2835,32.73976],[130.28723,32.73872],[130.28748,32.74328],[130.28545,32.74559],[130.28631,32.74784],[130.28571,32.75037]]]}},{"type":"Feature","properties":{"code":"42214","name":"南島原市","pref":"長崎県","pref_code":"42","cx":130.26426,"cy":32.67071,"bbox":[130.12745,32.5909,130.37289,32.75037]},"geometry":{"type":"Polygon","coordinates":[[[130.37289,32.73751],[130.36915,32.73901],[130.36827,32.74013],[130.36567,32.74062],[130.36012,32.74547],[130.35736,32.7465],[130.35604,32.74159],[130.35086,32.74264],[130.35107,32.74474],[130.34839,32.74528],[130.34877,32.74716],[130.3468,32.74781],[130.34273,32.74816],[130.33748,32.74745],[130.32912,32.74762],[130.32641,32.7469],[130.32227,32.74719],[130.32055,32.74625],[130.31601,32.74627],[130.31369,32.74682],[130.30898,32.74641],[130.30579,32.74767],[130.29963,32.747],[130.29041,32.74838],[130.28571,32.75037],[130.28631,32.74784],[130.28545,32.74559],[130.28748,32.74328],[130.28723,32.73872],[130.2835,32.73976],[130.27987,32.73662],[130.28026,32.73393],[130.27707,32.73336],[130.27523,32.73108],[130.27156,32.73028],[130.27092,32.72789],[130.27166,32.72399],[130.27095,32.72349],[130.25718,32.72374],[130.25159,32.72438],[130.24781,32.72024],[130.24871,32.71844],[130.24823,32.71328],[130.24904,32.71145],[130.24801,32.70964],[130.24556,32.70789],[130.24259,32.70457],[130.23678,32.70154],[130.23503,32.69932],[130.2311,32.69833],[130.22903,32.69631],[130.22671,32.6958],[130.22554,32.69365],[130.22413,32.69338],[130.22151,32.69126],[130.21022,32.68695],[130.20547,32.68409],[130.20239,32.68336],[130.19866,32.67996],[130.19742,32.67819],[130.19424,32.67671],[130.19182,32.67404],[130.18715,32.6719],[130.1848,32.66917],[130.18186,32.67094],[130.17955,32.66869],[130.17883,32.66638],[130.17593,32.6664],[130.17348,32.66203],[130.17065,32.66252],[130.15912,32.66211],[130.15349,32.65965],[130.14955,32.6589],[130.14661,32.65929],[130.1452,32.65825],[130.14272,32.65874],[130.1289,32.65553],[130.12811,32.65137],[130.12745,32.65029],[130.12902,32.64686],[130.12958,32.64085],[130.13386,32.63745],[130.13835,32.63561],[130.14308,32.63621],[130.14566,32.63559],[130.14893,32.63318],[130.15402,32.627],[130.1531,32.62484],[130.15394,32.62367],[130.15726,32.62365],[130.16162,32.62709],[130.16619,32.62261],[130.16862,32.62118],[130.16971,32.61933],[130.1713,32.61301],[130.17415,32.61078],[130.17513,32.60728],[130.17426,32.6061],[130.174,32.60285],[130.16986,32.60076],[130.16824,32.59866],[130.16574,32.59806],[130.16738,32.5938],[130.16709,32.59222],[130.16967,32.5909],[130.17691,32.59387],[130.18112,32.59274],[130.18424,32.59577],[130.18709,32.59662],[130.18788,32.59826],[130.18963,32.59861],[130.18919,32.60037],[130.19083,32.60076],[130.19275,32.59878],[130.19638,32.59985],[130.1979,32.60158],[130.1955,32.60415],[130.18963,32.60508],[130.18794,32.60583],[130.1859,32.60812],[130.18604,32.61065],[130.18751,32.61177],[130.19011,32.61108],[130.19037,32.60933],[130.19912,32.60811],[130.20182,32.60829],[130.20376,32.60425],[130.20796,32.60445],[130.21128,32.60631],[130.21809,32.60538],[130.22314,32.60754],[130.22619,32.61042],[130.22986,32.61063],[130.23275,32.61225],[130.23105,32.61354],[130.23131,32.61585],[130.23815,32.62655],[130.24486,32.62915],[130.24693,32.62784],[130.24769,32.62566],[130.2553,32.62869],[130.25614,32.63049],[130.2591,32.63291],[130.25949,32.63432],[130.25796,32.63723],[130.25779,32.63889],[130.25942,32.6422],[130.26571,32.64742],[130.26535,32.64886],[130.25939,32.65053],[130.25921,32.65271],[130.26177,32.65323],[130.26482,32.65226],[130.27349,32.65408],[130.27651,32.65398],[130.28275,32.65277],[130.28576,32.65188],[130.28648,32.65084],[130.29004,32.65261],[130.29592,32.65232],[130.3005,32.65135],[130.30258,32.65192],[130.30526,32.65417],[130.30786,32.65444],[130.3098,32.65575],[130.31465,32.65687],[130.31908,32.65933],[130.32154,32.66],[130.32104,32.6617],[130.32227,32.66527],[130.3257,32.66465],[130.32775,32.66365],[130.33343,32.66829],[130.3338,32.67013],[130.33613,32.67047],[130.33734,32.66701],[130.34327,32.66849],[130.34202,32.67163],[130.34505,32.67236],[130.34838,32.6743],[130.35082,32.67971],[130.35431,32.68271],[130.35295,32.68492],[130.35419,32.68781],[130.35756,32.6905],[130.35755,32.69511],[130.3548,32.6973],[130.35243,32.69806],[130.34877,32.70149],[130.34734,32.70386],[130.34576,32.7081],[130.34825,32.71066],[130.35029,32.71128],[130.35123,32.71465],[130.35719,32.7194],[130.36467,32.72737],[130.36965,32.73518],[130.37289,32.73751]]]}},{"type":"Feature","properties":{"code":"42307","name":"西彼杵郡長与町","pref":"長崎県","pref_code":"42","cx":129.88511,"cy":32.8398,"bbox":[129.84644,32.79708,129.92417,32.8822]},"geometry":{"type":"Polygon","coordinates":[[[129.92417,32.82087],[129.92294,32.82352],[129.92112,32.82553],[129.92149,32.82806],[129.91839,32.82976],[129.91589,32.83344],[129.91295,32.83361],[129.90985,32.83691],[129.90952,32.83888],[129.90734,32.84037],[129.90579,32.84241],[129.90245,32.84288],[129.89928,32.84441],[129.89532,32.85178],[129.89393,32.85183],[129.89408,32.85436],[129.89316,32.85566],[129.89018,32.85678],[129.89009,32.8598],[129.88912,32.86348],[129.88717,32.86565],[129.88544,32.86859],[129.88717,32.8715],[129.89034,32.87117],[129.88947,32.87431],[129.88843,32.87504],[129.88611,32.87386],[129.88333,32.87461],[129.88252,32.87671],[129.88404,32.87969],[129.88245,32.88165],[129.88078,32.8822],[129.87907,32.88001],[129.87867,32.87436],[129.88121,32.86944],[129.88049,32.86625],[129.88121,32.86483],[129.8795,32.86345],[129.87022,32.86096],[129.8706,32.85965],[129.87303,32.85854],[129.87262,32.85667],[129.87058,32.8551],[129.87236,32.85265],[129.86992,32.85067],[129.86736,32.85074],[129.86718,32.84644],[129.86901,32.84442],[129.86594,32.84411],[129.86365,32.84688],[129.86234,32.84623],[129.85862,32.84646],[129.85605,32.84888],[129.85568,32.85283],[129.85833,32.85388],[129.85851,32.85497],[129.85431,32.8568],[129.8525,32.8608],[129.85213,32.85828],[129.85274,32.85551],[129.85375,32.85438],[129.85322,32.85104],[129.85372,32.84864],[129.85512,32.84773],[129.85649,32.84532],[129.86143,32.84141],[129.86227,32.83923],[129.86707,32.83773],[129.86771,32.83403],[129.86673,32.83215],[129.8678,32.82813],[129.86629,32.82792],[129.86599,32.82583],[129.8633,32.82428],[129.86099,32.82451],[129.86018,32.82348],[129.8578,32.82362],[129.85636,32.82169],[129.85517,32.81789],[129.85325,32.81802],[129.85239,32.81542],[129.8506,32.81602],[129.84968,32.81436],[129.84644,32.8121],[129.84804,32.80883],[129.84956,32.80747],[129.85183,32.80738],[129.85105,32.80527],[129.85466,32.80213],[129.85614,32.80182],[129.85811,32.79923],[129.86084,32.79838],[129.86219,32.80032],[129.86415,32.80126],[129.86677,32.80848],[129.86952,32.8077],[129.87013,32.80571],[129.86731,32.80233],[129.86659,32.79754],[129.86924,32.79708],[129.87025,32.79967],[129.8699,32.8027],[129.87293,32.8045],[129.87506,32.80672],[129.87732,32.80595],[129.88067,32.8081],[129.88197,32.80726],[129.8821,32.80493],[129.88374,32.80396],[129.88462,32.80572],[129.8875,32.80641],[129.88813,32.80782],[129.89049,32.80835],[129.8912,32.80993],[129.89395,32.81169],[129.89666,32.81036],[129.89931,32.81037],[129.90366,32.80934],[129.90894,32.81044],[129.91058,32.81164],[129.91197,32.81096],[129.91748,32.81369],[129.9217,32.81882],[129.92417,32.82087]]]}},{"type":"Feature","properties":{"code":"42308","name":"西彼杵郡時津町","pref":"長崎県","pref_code":"42","cx":129.8233,"cy":32.84012,"bbox":[129.79123,32.81006,129.8678,32.87343]},"geometry":{"type":"MultiPolygon","coordinates":[[[[129.82557,32.86918],[129.82213,32.86739],[129.82357,32.86554],[129.82557,32.86918]]],[[[129.84644,32.8121],[129.84968,32.81436],[129.8506,32.81602],[129.85239,32.81542],[129.85325,32.81802],[129.85517,32.81789],[129.85636,32.82169],[129.8578,32.82362],[129.86018,32.82348],[129.86099,32.82451],[129.8633,32.82428],[129.86599,32.82583],[129.86629,32.82792],[129.8678,32.82813],[129.86673,32.83215],[129.86771,32.83403],[129.86707,32.83773],[129.86227,32.83923],[129.86143,32.84141],[129.85649,32.84532],[129.85512,32.84773],[129.85372,32.84864],[129.85322,32.85104],[129.85375,32.85438],[129.85274,32.85551],[129.85213,32.85828],[129.8525,32.8608],[129.85187,32.85906],[129.85096,32.85099],[129.85194,32.84724],[129.85345,32.84664],[129.85463,32.8448],[129.85245,32.843],[129.85256,32.84181],[129.84904,32.8417],[129.84721,32.83584],[129.8491,32.83599],[129.85022,32.83225],[129.84806,32.83237],[129.84526,32.83558],[129.84376,32.83561],[129.84076,32.841],[129.84383,32.84253],[129.82531,32.85548],[129.82108,32.85973],[129.81838,32.85967],[129.81639,32.86048],[129.81742,32.86277],[129.81546,32.8629],[129.8117,32.86485],[129.81029,32.86403],[129.80676,32.86406],[129.80431,32.86296],[129.79982,32.86374],[129.80003,32.8671],[129.79789,32.86783],[129.79657,32.86957],[129.7971,32.87097],[129.79523,32.86967],[129.7947,32.86646],[129.79123,32.86335],[129.79368,32.86238],[129.79371,32.85903],[129.79428,32.85728],[129.79658,32.85507],[129.80015,32.8537],[129.80028,32.85047],[129.80197,32.84865],[129.80139,32.84554],[129.80183,32.84319],[129.80717,32.83852],[129.80809,32.83669],[129.81323,32.83567],[129.81454,32.83495],[129.81521,32.83302],[129.81432,32.83103],[129.81611,32.82898],[129.82054,32.82593],[129.81915,32.81994],[129.81754,32.81891],[129.81696,32.81724],[129.8181,32.815],[129.82125,32.81488],[129.82555,32.81628],[129.82795,32.81772],[129.83216,32.81711],[129.83514,32.81587],[129.83955,32.81657],[129.84056,32.81594],[129.84018,32.81317],[129.83863,32.81006],[129.84205,32.81127],[129.84442,32.81124],[129.84644,32.8121]]],[[[129.8052,32.87343],[129.80421,32.87209],[129.8049,32.86872],[129.80783,32.86559],[129.81026,32.86626],[129.8131,32.8688],[129.80938,32.86986],[129.80721,32.87102],[129.8052,32.87343]]]]}},{"type":"Feature","properties":{"code":"42321","name":"東彼杵郡東彼杵町","pref":"長崎県","pref_code":"42","cx":129.95424,"cy":33.03629,"bbox":[129.87684,32.98305,130.04263,33.09049]},"geometry":{"type":"Polygon","coordinates":[[[130.04263,33.00392],[130.04108,33.00494],[130.03988,33.00736],[130.03792,33.00867],[130.03416,33.00918],[130.03138,33.01022],[130.02801,33.01245],[130.02925,33.01615],[130.02908,33.01843],[130.02738,33.02031],[130.02426,33.02123],[130.02192,33.01951],[130.01814,33.01903],[130.01495,33.01748],[130.01081,33.01959],[130.0082,33.01982],[130.00607,33.02465],[130.00536,33.02524],[130.0011,33.02569],[129.9992,33.02922],[129.9997,33.03176],[129.99739,33.03471],[129.9945,33.03713],[129.99347,33.03906],[129.99377,33.04159],[129.99639,33.04451],[129.99412,33.04798],[129.99285,33.04746],[129.99053,33.05054],[129.98759,33.05133],[129.98654,33.05333],[129.98329,33.0568],[129.97804,33.05742],[129.97473,33.05939],[129.97348,33.0609],[129.97186,33.06016],[129.96891,33.06258],[129.96802,33.0622],[129.96403,33.06435],[129.96237,33.064],[129.95783,33.06567],[129.95475,33.06597],[129.95012,33.0679],[129.9494,33.06929],[129.9471,33.0698],[129.94583,33.07182],[129.94257,33.07169],[129.93883,33.07416],[129.93967,33.07776],[129.93514,33.08114],[129.93564,33.08281],[129.93353,33.08505],[129.93307,33.08834],[129.928,33.09002],[129.92236,33.09049],[129.92269,33.08813],[129.92379,33.08662],[129.92141,33.08427],[129.92052,33.07989],[129.91929,33.07782],[129.91573,33.07736],[129.91497,33.07631],[129.91232,33.07543],[129.91208,33.07421],[129.9099,33.0727],[129.90601,33.07493],[129.90139,33.07474],[129.89211,33.07751],[129.88875,33.07719],[129.88444,33.07599],[129.88277,33.07492],[129.87898,33.07423],[129.88081,33.07116],[129.87996,33.06825],[129.87701,33.06772],[129.87789,33.06568],[129.87684,33.06437],[129.88728,33.05874],[129.88812,33.05675],[129.89004,33.05733],[129.8929,33.05677],[129.89442,33.05422],[129.89668,33.05231],[129.89697,33.05095],[129.89946,33.05046],[129.90191,33.04825],[129.90148,33.04682],[129.90429,33.03937],[129.90659,33.04043],[129.91137,33.03798],[129.91376,33.03544],[129.91646,33.03435],[129.91761,33.03247],[129.9207,33.03383],[129.92403,33.03318],[129.92687,33.02953],[129.92887,33.02773],[129.93237,33.02661],[129.93605,33.02178],[129.94445,33.01641],[129.94575,33.01512],[129.9444,33.01071],[129.9447,33.00897],[129.94636,33.0079],[129.94386,33.00661],[129.94398,33.00473],[129.94656,33.00288],[129.94439,33.0],[129.94443,32.99875],[129.94826,32.99586],[129.94817,32.99116],[129.95001,32.9901],[129.95448,32.99067],[129.95801,32.99224],[129.95942,32.99126],[129.95969,32.98853],[129.96164,32.98807],[129.96092,32.98629],[129.96354,32.98348],[129.96635,32.98305],[129.97009,32.98518],[129.9743,32.98649],[129.98097,32.987],[129.98303,32.98842],[129.9848,32.98706],[129.98969,32.9911],[129.99259,32.99197],[129.99319,32.99473],[129.99772,32.99535],[129.99873,32.99609],[130.00161,32.99516],[130.0035,32.99637],[130.00568,32.99607],[130.00979,32.99754],[130.01224,32.99687],[130.01484,32.99512],[130.01461,32.99373],[130.01623,32.9914],[130.01747,32.99392],[130.02291,32.99442],[130.02519,32.99793],[130.0278,32.99966],[130.03022,32.99862],[130.03243,33.00027],[130.03491,33.00032],[130.03797,33.00142],[130.03947,33.00362],[130.04263,33.00392]]]}},{"type":"Feature","properties":{"code":"42322","name":"東彼杵郡川棚町","pref":"長崎県","pref_code":"42","cx":129.84874,"cy":33.0732,"bbox":[129.80333,33.03655,129.92676,33.10959]},"geometry":{"type":"Polygon","coordinates":[[[129.80333,33.06782],[129.8092,33.06853],[129.81141,33.06829],[129.81445,33.06625],[129.81415,33.06389],[129.81781,33.06278],[129.81955,33.06097],[129.82131,33.06294],[129.82049,33.06442],[129.81734,33.06431],[129.8167,33.06571],[129.8205,33.06594],[129.82315,33.06776],[129.82585,33.06709],[129.8251,33.06538],[129.82804,33.06259],[129.83089,33.06381],[129.83226,33.06252],[129.83549,33.06192],[129.83754,33.05939],[129.83451,33.05621],[129.8325,33.0562],[129.82948,33.05485],[129.82809,33.05523],[129.82577,33.0543],[129.82488,33.05592],[129.82304,33.05685],[129.82007,33.05385],[129.8211,33.0528],[129.82424,33.05372],[129.82644,33.05346],[129.82232,33.04942],[129.82122,33.04438],[129.82002,33.04282],[129.82013,33.03899],[129.82247,33.03655],[129.82761,33.03674],[129.83086,33.03843],[129.83309,33.04114],[129.83265,33.04306],[129.83452,33.04567],[129.83286,33.04928],[129.83389,33.0502],[129.83638,33.04945],[129.83792,33.0513],[129.83701,33.05397],[129.83944,33.0564],[129.84171,33.05629],[129.84307,33.05429],[129.84207,33.05292],[129.84264,33.04798],[129.84511,33.0484],[129.84419,33.05003],[129.84513,33.05343],[129.84799,33.05385],[129.8512,33.05777],[129.85083,33.05905],[129.85406,33.06099],[129.85458,33.06241],[129.85797,33.06326],[129.86314,33.06271],[129.86387,33.05961],[129.8668,33.06013],[129.86911,33.06146],[129.87091,33.06486],[129.87491,33.06542],[129.87684,33.06437],[129.87789,33.06568],[129.87701,33.06772],[129.87996,33.06825],[129.88081,33.07116],[129.87898,33.07423],[129.88277,33.07492],[129.88444,33.07599],[129.88875,33.07719],[129.89211,33.07751],[129.90139,33.07474],[129.90601,33.07493],[129.9099,33.0727],[129.91208,33.07421],[129.91232,33.07543],[129.91497,33.07631],[129.91573,33.07736],[129.91929,33.07782],[129.92052,33.07989],[129.92141,33.08427],[129.92379,33.08662],[129.92269,33.08813],[129.92236,33.09049],[129.92414,33.09386],[129.92461,33.09642],[129.92633,33.09811],[129.92582,33.09994],[129.92676,33.10186],[129.92524,33.10572],[129.9219,33.10642],[129.91816,33.10887],[129.91398,33.1082],[129.91273,33.10949],[129.90959,33.10959],[129.90589,33.10809],[129.89772,33.10618],[129.89609,33.10648],[129.88811,33.10339],[129.88538,33.10316],[129.88136,33.10425],[129.87893,33.10309],[129.87674,33.10037],[129.87293,33.10215],[129.87061,33.10204],[129.86747,33.10374],[129.86549,33.10312],[129.86372,33.10489],[129.86449,33.10758],[129.85966,33.10596],[129.85429,33.10689],[129.85121,33.10582],[129.84769,33.10334],[129.84577,33.10276],[129.846,33.10051],[129.84275,33.09979],[129.84416,33.09656],[129.8446,33.09399],[129.84694,33.09225],[129.84697,33.09058],[129.84172,33.08666],[129.84145,33.0852],[129.83926,33.08396],[129.83994,33.08249],[129.8389,33.0786],[129.83679,33.07689],[129.83353,33.07625],[129.83034,33.07433],[129.82541,33.07607],[129.81991,33.07705],[129.81833,33.07369],[129.81647,33.07167],[129.81443,33.07239],[129.81128,33.07028],[129.80855,33.06993],[129.80621,33.07055],[129.80333,33.06782]]]}},{"type":"Feature","properties":{"code":"42323","name":"東彼杵郡波佐見町","pref":"長崎県","pref_code":"42","cx":129.89999,"cy":33.13334,"bbox":[129.8435,33.10037,129.95669,33.16537]},"geometry":{"type":"Polygon","coordinates":[[[129.84577,33.10276],[129.84769,33.10334],[129.85121,33.10582],[129.85429,33.10689],[129.85966,33.10596],[129.86449,33.10758],[129.86372,33.10489],[129.86549,33.10312],[129.86747,33.10374],[129.87061,33.10204],[129.87293,33.10215],[129.87674,33.10037],[129.87893,33.10309],[129.88136,33.10425],[129.88538,33.10316],[129.88811,33.10339],[129.89609,33.10648],[129.89772,33.10618],[129.90589,33.10809],[129.90959,33.10959],[129.91273,33.10949],[129.91398,33.1082],[129.91816,33.10887],[129.9219,33.10642],[129.92524,33.10572],[129.92676,33.10769],[129.92964,33.10757],[129.93016,33.10904],[129.93284,33.11108],[129.93473,33.11091],[129.93746,33.1125],[129.94073,33.11286],[129.94227,33.1119],[129.95129,33.10996],[129.95216,33.11202],[129.95445,33.11405],[129.95544,33.11678],[129.95669,33.11823],[129.95628,33.12863],[129.95343,33.1324],[129.95138,33.13196],[129.94885,33.13407],[129.94922,33.13691],[129.94789,33.13801],[129.94819,33.14064],[129.94741,33.14324],[129.94488,33.14626],[129.94505,33.14801],[129.94374,33.15062],[129.94334,33.1543],[129.94187,33.15677],[129.94145,33.15995],[129.94333,33.16427],[129.94094,33.16419],[129.93862,33.16537],[129.93365,33.16327],[129.92801,33.16402],[129.92398,33.16291],[129.92303,33.16168],[129.92009,33.16201],[129.91775,33.16004],[129.91408,33.16259],[129.91153,33.16217],[129.90594,33.1581],[129.90363,33.15846],[129.89874,33.15793],[129.89517,33.15973],[129.89367,33.15809],[129.891,33.15851],[129.89013,33.15648],[129.88812,33.15617],[129.88607,33.16146],[129.88159,33.1624],[129.87898,33.16204],[129.87716,33.16468],[129.87268,33.16521],[129.87034,33.16448],[129.86893,33.16159],[129.86806,33.15839],[129.86637,33.15868],[129.86403,33.15643],[129.85955,33.15584],[129.85785,33.153],[129.85617,33.15198],[129.85562,33.14864],[129.8561,33.14617],[129.85373,33.14599],[129.85285,33.14439],[129.85037,33.14363],[129.84923,33.1375],[129.8506,33.13447],[129.85004,33.1326],[129.84772,33.1302],[129.84785,33.12738],[129.84585,33.1247],[129.84612,33.12353],[129.84415,33.11887],[129.84472,33.11742],[129.8435,33.11154],[129.84596,33.10688],[129.84641,33.10428],[129.84577,33.10276]]]}},{"type":"Feature","properties":{"code":"42383","name":"北松浦郡小値賀町","pref":"長崎県","pref_code":"42","cx":129.05572,"cy":33.20164,"bbox":[128.89586,33.15292,129.14352,33.22809]},"geometry":{"type":"MultiPolygon","coordinates":[[[[128.90214,33.15559],[128.89657,33.15302],[128.90053,33.15292],[128.90388,33.15396],[128.90214,33.15559]]],[[[128.90243,33.17411],[128.90022,33.17328],[128.89952,33.16978],[128.89658,33.16844],[128.89586,33.16707],[128.90159,33.16692],[128.90276,33.16797],[128.90274,33.17128],[128.9035,33.17363],[128.90243,33.17411]]],[[[129.03421,33.17444],[129.03268,33.1727],[129.03444,33.17176],[129.03661,33.17328],[129.03805,33.17156],[129.04015,33.17285],[129.03804,33.17444],[129.03421,33.17444]]],[[[129.0243,33.1755],[129.02115,33.17401],[129.02032,33.17164],[129.01823,33.17135],[129.01722,33.1687],[129.01703,33.16627],[129.0182,33.16521],[129.02263,33.16419],[129.02246,33.16616],[129.02448,33.16825],[129.02655,33.16865],[129.02676,33.17166],[129.0243,33.1755]]],[[[129.05833,33.18437],[129.05611,33.18273],[129.05525,33.17956],[129.05303,33.17908],[129.05263,33.17763],[129.05471,33.17656],[129.05678,33.17719],[129.05587,33.17896],[129.05735,33.17988],[129.05975,33.17962],[129.05833,33.18437]]],[[[129.02164,33.18493],[129.01776,33.18431],[129.01589,33.18275],[129.01446,33.18029],[129.01568,33.17929],[129.01939,33.17997],[129.02332,33.17952],[129.0253,33.18129],[129.02164,33.18493]]],[[[129.03116,33.19009],[129.02776,33.18832],[129.02851,33.18626],[129.0315,33.1882],[129.03116,33.19009]]],[[[128.987,33.19362],[128.98338,33.19288],[128.98244,33.18962],[128.97958,33.18938],[128.97915,33.18778],[128.97984,33.18559],[128.98258,33.18562],[128.9829,33.18719],[128.98483,33.18702],[128.98664,33.18901],[128.98901,33.18865],[128.99163,33.18667],[128.99334,33.18832],[128.9928,33.19113],[128.99037,33.19341],[128.987,33.19362]]],[[[128.9266,33.19471],[128.92628,33.19074],[128.92905,33.19029],[128.92993,33.1942],[128.9266,33.19471]]],[[[129.02359,33.21311],[129.0219,33.21146],[129.01991,33.21119],[129.01808,33.2129],[129.01632,33.21229],[129.01431,33.20898],[129.012,33.20653],[129.01297,33.20494],[129.01176,33.20293],[129.01255,33.20076],[129.01796,33.20102],[129.02001,33.19943],[129.02399,33.20056],[129.02445,33.20277],[129.02612,33.20475],[129.02691,33.20825],[129.02554,33.21267],[129.02359,33.21311]]],[[[129.12276,33.21372],[129.1186,33.21202],[129.11492,33.20797],[129.11508,33.20512],[129.117,33.20071],[129.12228,33.19412],[129.12146,33.19259],[129.12439,33.18941],[129.12447,33.18776],[129.12207,33.18622],[129.12093,33.18437],[129.12079,33.18177],[129.11972,33.1797],[129.12017,33.177],[129.12201,33.17374],[129.12343,33.17285],[129.1238,33.16997],[129.12479,33.16747],[129.124,33.16406],[129.12429,33.16278],[129.13273,33.15875],[129.13297,33.16243],[129.13514,33.16633],[129.13402,33.16802],[129.13378,33.17167],[129.13457,33.17399],[129.13337,33.17835],[129.13118,33.18088],[129.13215,33.1835],[129.13136,33.1853],[129.1339,33.18775],[129.13688,33.18815],[129.13806,33.18941],[129.14159,33.18737],[129.14262,33.18835],[129.14352,33.19246],[129.14098,33.19452],[129.13882,33.19348],[129.13801,33.19519],[129.13633,33.1953],[129.1349,33.19673],[129.13407,33.2002],[129.13614,33.20194],[129.1355,33.20369],[129.1335,33.20271],[129.13049,33.2044],[129.12572,33.21212],[129.12276,33.21372]]],[[[129.05692,33.22001],[129.0533,33.21958],[129.05083,33.21677],[129.0488,33.21632],[129.04737,33.21895],[129.04584,33.21888],[129.0452,33.2156],[129.0473,33.21524],[129.04794,33.21349],[129.04244,33.20971],[129.04326,33.20522],[129.04135,33.205],[129.03922,33.20665],[129.04012,33.21087],[129.0385,33.21114],[129.03654,33.20815],[129.03459,33.20681],[129.03634,33.20522],[129.03634,33.20328],[129.03268,33.20492],[129.03039,33.2023],[129.02837,33.20098],[129.02989,33.19646],[129.03239,33.19514],[129.03453,33.19579],[129.03909,33.19594],[129.04254,33.19742],[129.04311,33.19597],[129.04686,33.1958],[129.04806,33.19437],[129.04657,33.19262],[129.04351,33.19118],[129.04616,33.18978],[129.04655,33.18731],[129.04608,33.18455],[129.04976,33.1828],[129.05102,33.18474],[129.0547,33.18466],[129.05788,33.1865],[129.06202,33.18506],[129.06045,33.18943],[129.06006,33.19249],[129.0612,33.19372],[129.06406,33.19491],[129.06827,33.19386],[129.07097,33.18925],[129.07336,33.18786],[129.07644,33.18988],[129.07937,33.19086],[129.08385,33.18974],[129.08898,33.18607],[129.09149,33.19188],[129.09389,33.19107],[129.09442,33.19247],[129.09263,33.19416],[129.09021,33.19314],[129.08746,33.19594],[129.08288,33.1956],[129.08165,33.19689],[129.0824,33.20077],[129.08068,33.20509],[129.08001,33.20827],[129.08316,33.20972],[129.08531,33.20911],[129.0913,33.21079],[129.09287,33.20952],[129.09345,33.20763],[129.09604,33.20688],[129.09765,33.20779],[129.09831,33.21147],[129.09793,33.21537],[129.09557,33.21474],[129.0925,33.21478],[129.0912,33.21396],[129.08795,33.21499],[129.08701,33.21356],[129.08449,33.21275],[129.08386,33.21169],[129.08015,33.20994],[129.07678,33.21167],[129.0735,33.21083],[129.06999,33.21169],[129.06862,33.2099],[129.06885,33.20742],[129.06619,33.20801],[129.06391,33.20966],[129.06175,33.20907],[129.0607,33.21025],[129.05642,33.21206],[129.05458,33.21195],[129.0536,33.21396],[129.05469,33.21609],[129.05802,33.21736],[129.05692,33.22001]]],[[[129.13439,33.22791],[129.13027,33.22633],[129.12992,33.22268],[129.13431,33.21979],[129.1361,33.21994],[129.14023,33.22222],[129.14084,33.22304],[129.13784,33.22682],[129.13439,33.22791]]],[[[129.06689,33.22809],[129.0618,33.226],[129.0625,33.2243],[129.0645,33.22316],[129.06626,33.21976],[129.06595,33.21801],[129.06952,33.21817],[129.07221,33.22125],[129.07461,33.22249],[129.07385,33.22406],[129.07132,33.22387],[129.07096,33.22579],[129.06933,33.22609],[129.06633,33.22533],[129.06689,33.22809]]]]}},{"type":"Feature","properties":{"code":"42391","name":"北松浦郡佐々町","pref":"長崎県","pref_code":"42","cx":129.65429,"cy":33.24327,"bbox":[129.62206,33.20742,129.69146,33.27899]},"geometry":{"type":"Polygon","coordinates":[[[129.63712,33.2247],[129.63961,33.22318],[129.63919,33.22006],[129.64461,33.20858],[129.64591,33.20742],[129.64785,33.20881],[129.64971,33.20784],[129.65262,33.20791],[129.65461,33.21019],[129.65756,33.2098],[129.65977,33.21077],[129.66,33.21225],[129.66357,33.21248],[129.66709,33.21476],[129.67042,33.21485],[129.67148,33.21779],[129.674,33.22037],[129.67517,33.22256],[129.67712,33.22333],[129.67927,33.22223],[129.68315,33.22527],[129.68495,33.22554],[129.6896,33.22784],[129.6903,33.229],[129.68979,33.23142],[129.69146,33.23268],[129.68836,33.23466],[129.6894,33.23594],[129.686,33.23828],[129.68485,33.24073],[129.68076,33.24185],[129.68061,33.2436],[129.68151,33.24709],[129.68263,33.24836],[129.68358,33.25206],[129.68861,33.25518],[129.68636,33.25688],[129.68542,33.25938],[129.68619,33.2605],[129.68507,33.26336],[129.68271,33.26637],[129.68024,33.26648],[129.67663,33.26485],[129.67377,33.2655],[129.67423,33.26693],[129.66984,33.26957],[129.66869,33.272],[129.66577,33.27226],[129.66336,33.27416],[129.65988,33.27428],[129.65996,33.27553],[129.65578,33.27693],[129.65305,33.27728],[129.6509,33.27899],[129.64894,33.27894],[129.6469,33.27688],[129.64323,33.27433],[129.64341,33.27254],[129.64171,33.27076],[129.64125,33.269],[129.63573,33.27228],[129.63312,33.27233],[129.62844,33.26781],[129.6272,33.26301],[129.62629,33.26211],[129.62467,33.25811],[129.62206,33.25542],[129.62296,33.25277],[129.62253,33.24901],[129.62386,33.24819],[129.62406,33.24581],[129.62745,33.24433],[129.62809,33.24294],[129.63036,33.24273],[129.63164,33.24101],[129.63159,33.23718],[129.63333,33.2335],[129.63581,33.2327],[129.63917,33.23079],[129.63779,33.22836],[129.63712,33.2247]]]}},{"type":"Feature","properties":{"code":"42411","name":"南松浦郡新上五島町","pref":"長崎県","pref_code":"42","cx":129.06721,"cy":32.99034,"bbox":[128.93018,32.81635,129.19741,33.16425]},"geometry":{"type":"MultiPolygon","coordinates":[[[[129.03792,32.8538],[129.03896,32.84348],[129.04071,32.84348],[129.0417,32.84966],[129.03792,32.8538]]],[[[129.00346,32.86284],[129.00073,32.85943],[129.00136,32.85583],[129.00519,32.85608],[129.00593,32.85759],[129.00401,32.85816],[129.00346,32.86021],[129.00467,32.86165],[129.00346,32.86284]]],[[[129.0419,32.86414],[129.04199,32.86291],[129.04444,32.86168],[129.04611,32.86286],[129.0419,32.86414]]],[[[129.03169,32.86903],[129.03144,32.86697],[129.03369,32.85989],[129.03555,32.86265],[129.03466,32.86492],[129.03466,32.86738],[129.03169,32.86903]]],[[[129.04123,32.87007],[129.04007,32.8688],[129.04137,32.86488],[129.04255,32.86557],[129.04572,32.86359],[129.04731,32.86429],[129.04262,32.86973],[129.04123,32.87007]]],[[[129.03461,32.88282],[129.03014,32.88194],[129.03121,32.87982],[129.03062,32.87575],[129.03124,32.87477],[129.02968,32.87289],[129.03062,32.87064],[129.032,32.87049],[129.03542,32.86798],[129.03676,32.86866],[129.03603,32.87166],[129.03451,32.87388],[129.03615,32.87735],[129.03461,32.88282]]],[[[129.03932,32.89273],[129.03819,32.89211],[129.0383,32.88835],[129.03912,32.88652],[129.04292,32.88749],[129.04275,32.8889],[129.04045,32.88899],[129.03903,32.89105],[129.03932,32.89273]]],[[[128.94325,32.90055],[128.94204,32.89841],[128.94442,32.89629],[128.94722,32.89611],[128.94736,32.89787],[128.94325,32.90055]]],[[[129.04581,32.9186],[129.0442,32.91792],[129.04456,32.91639],[129.04719,32.91615],[129.04581,32.9186]]],[[[129.11429,32.92378],[129.11155,32.92265],[129.11344,32.921],[129.11554,32.92241],[129.11429,32.92378]]],[[[129.18972,32.92466],[129.18589,32.92253],[129.18438,32.91849],[129.18692,32.9169],[129.18906,32.91817],[129.19105,32.91748],[129.1929,32.91944],[129.19654,32.92094],[129.19531,32.9235],[129.18972,32.92466]]],[[[128.96308,32.93248],[128.96019,32.93098],[128.95725,32.92624],[128.9583,32.92217],[128.95725,32.91938],[128.95709,32.91702],[128.95635,32.91605],[128.95414,32.91613],[128.9524,32.91874],[128.95034,32.91852],[128.94829,32.91933],[128.94694,32.92255],[128.94729,32.92487],[128.94179,32.92381],[128.93861,32.92495],[128.93638,32.92433],[128.93492,32.92284],[128.93485,32.92106],[128.93018,32.91952],[128.93072,32.91804],[128.93404,32.91608],[128.93303,32.91416],[128.93597,32.91078],[128.93861,32.90944],[128.94197,32.91005],[128.94736,32.90566],[128.95056,32.90736],[128.95098,32.90945],[128.95428,32.90976],[128.95659,32.90736],[128.96206,32.90445],[128.96234,32.90685],[128.9638,32.90819],[128.96753,32.90923],[128.967,32.91133],[128.9653,32.91404],[128.9642,32.91185],[128.95942,32.90974],[128.9569,32.90788],[128.95502,32.90958],[128.95417,32.91604],[128.95597,32.91597],[128.95698,32.91461],[128.95724,32.91636],[128.95981,32.91618],[128.96195,32.91809],[128.96495,32.91837],[128.96697,32.92145],[128.96565,32.92228],[128.96831,32.92548],[128.9691,32.92972],[128.9642,32.93162],[128.96308,32.93248]]],[[[128.98997,32.933],[128.98773,32.9311],[128.98289,32.93025],[128.98555,32.92917],[128.98688,32.92765],[128.9891,32.92729],[128.99057,32.92506],[128.98799,32.9251],[128.98684,32.92018],[128.98281,32.92015],[128.98224,32.92082],[128.9779,32.91874],[128.97807,32.91699],[128.98132,32.91722],[128.98138,32.91555],[128.98308,32.91425],[128.98499,32.91155],[128.98746,32.90971],[128.9881,32.90789],[128.98673,32.90678],[128.98335,32.90927],[128.98297,32.90681],[128.98058,32.90696],[128.98048,32.90404],[128.98288,32.9041],[128.98664,32.89919],[128.98934,32.89807],[128.99122,32.89948],[128.99269,32.89691],[128.99693,32.89988],[128.99865,32.9005],[129.00095,32.90269],[129.0015,32.90072],[128.99921,32.89694],[128.99684,32.89523],[128.99841,32.89302],[128.99928,32.88942],[128.99855,32.88756],[129.00074,32.88405],[129.00441,32.88154],[129.001,32.88014],[128.99944,32.87881],[128.99828,32.88005],[128.99999,32.88184],[128.99925,32.88413],[128.9963,32.88625],[128.996,32.88845],[128.99416,32.88833],[128.99391,32.89371],[128.99058,32.89432],[128.98976,32.89268],[128.98767,32.89149],[128.98578,32.88923],[128.98786,32.8835],[128.98715,32.88131],[128.98586,32.88068],[128.98522,32.88566],[128.98325,32.88899],[128.98434,32.89069],[128.9845,32.89278],[128.98328,32.89484],[128.97997,32.89583],[128.978,32.89565],[128.97502,32.89843],[128.97392,32.89788],[128.97389,32.89577],[128.97184,32.89573],[128.97057,32.89785],[128.97157,32.90162],[128.97153,32.90342],[128.96846,32.90376],[128.96612,32.90228],[128.96525,32.9034],[128.96165,32.90363],[128.96104,32.89924],[128.96448,32.89688],[128.96443,32.89427],[128.96748,32.88808],[128.96978,32.88506],[128.96961,32.88311],[128.97497,32.8783],[128.97392,32.87574],[128.97216,32.87453],[128.96883,32.87359],[128.96622,32.87426],[128.96653,32.87196],[128.96869,32.87006],[128.97092,32.87025],[128.97241,32.87197],[128.97723,32.87151],[128.98055,32.87183],[128.98202,32.87019],[128.98207,32.86851],[128.98097,32.86606],[128.97811,32.86471],[128.97728,32.86343],[128.97654,32.85986],[128.98057,32.85849],[128.98214,32.85919],[128.98364,32.86158],[128.98404,32.86396],[128.98581,32.8664],[128.99023,32.86686],[128.99272,32.86551],[128.99504,32.86685],[128.99479,32.86843],[128.9967,32.86954],[128.99781,32.86774],[128.9997,32.86852],[129.00161,32.8678],[129.00173,32.86486],[129.00531,32.8643],[129.00802,32.86204],[129.00936,32.86461],[129.01263,32.86603],[129.01504,32.86639],[129.01846,32.86541],[129.01778,32.86251],[129.0118,32.85956],[129.0112,32.85639],[129.01633,32.8582],[129.01659,32.85738],[129.01979,32.85688],[129.02332,32.85548],[129.01915,32.8543],[129.01683,32.85493],[129.01595,32.85377],[129.01847,32.85139],[129.01807,32.84834],[129.0201,32.8465],[129.02395,32.84812],[129.02568,32.84455],[129.02764,32.84668],[129.02775,32.84931],[129.02866,32.85175],[129.03026,32.85339],[129.03004,32.85476],[129.02799,32.85727],[129.02661,32.85701],[129.02568,32.8606],[129.02402,32.8623],[129.02408,32.86399],[129.02836,32.86251],[129.02881,32.86438],[129.02765,32.86711],[129.02912,32.86986],[129.02714,32.87332],[129.02242,32.87344],[129.0233,32.87494],[129.02577,32.87444],[129.02904,32.87752],[129.02711,32.88536],[129.03147,32.88638],[129.03137,32.89009],[129.0277,32.88909],[129.0259,32.8871],[129.02229,32.88759],[129.02234,32.88905],[129.02571,32.89052],[129.02512,32.89297],[129.02796,32.89231],[129.02893,32.89335],[129.03303,32.89501],[129.03297,32.89691],[129.0301,32.90001],[129.02795,32.901],[129.02835,32.90351],[129.0266,32.90383],[129.02551,32.90237],[129.02343,32.90371],[129.02442,32.90765],[129.02326,32.90967],[129.0238,32.91222],[129.02302,32.91433],[129.02141,32.91508],[129.02132,32.91714],[129.01849,32.91771],[129.01535,32.91636],[129.01335,32.91781],[129.01663,32.91948],[129.01561,32.92388],[129.01472,32.92375],[129.01097,32.92592],[129.00882,32.92507],[129.00573,32.92172],[129.00414,32.92199],[129.00211,32.91972],[129.00062,32.9202],[128.99969,32.92535],[128.99817,32.92757],[128.99302,32.93032],[128.99158,32.93226],[128.98997,32.933]]],[[[128.99006,32.9657],[128.98932,32.9655],[128.98722,32.96127],[128.98394,32.95939],[128.98323,32.96029],[128.98028,32.9607],[128.97771,32.95864],[128.97951,32.95618],[128.9788,32.95527],[128.98044,32.95214],[128.98025,32.94919],[128.97808,32.94892],[128.9789,32.94679],[128.98268,32.94497],[128.98313,32.94827],[128.98212,32.95064],[128.98572,32.95231],[128.98724,32.95045],[128.99028,32.95263],[128.993,32.95131],[128.99477,32.95241],[128.9935,32.95429],[128.99355,32.95595],[128.99522,32.9564],[128.99637,32.95797],[128.99696,32.96165],[128.99503,32.96353],[128.99176,32.96277],[128.99006,32.9657]]],[[[129.02484,32.99353],[129.02199,32.99129],[129.02137,32.98532],[129.02265,32.9841],[129.02471,32.98406],[129.02528,32.98045],[129.02448,32.97938],[129.02406,32.97596],[129.02563,32.97542],[129.02708,32.97683],[129.02573,32.9842],[129.02587,32.98604],[129.02419,32.98746],[129.02621,32.98866],[129.02708,32.99039],[129.02671,32.99288],[129.02484,32.99353]]],[[[129.0319,33.0149],[129.0294,33.01474],[129.02634,33.01306],[129.02226,33.01247],[129.0186,33.01403],[129.0158,33.01395],[129.01527,33.01108],[129.01041,33.00997],[129.0077,33.00777],[129.00638,33.00465],[129.00483,33.00285],[129.00784,33.00139],[129.00912,33.0015],[129.01177,33.00338],[129.01232,33.00487],[129.0141,33.00582],[129.01428,33.00762],[129.01657,33.0087],[129.01861,33.00742],[129.02125,33.00771],[129.0224,33.01123],[129.02394,33.01113],[129.02539,33.00794],[129.02931,33.00989],[129.03185,33.01367],[129.0319,33.0149]]],[[[129.18893,33.01995],[129.18905,33.01795],[129.18812,33.01618],[129.1818,33.01407],[129.18053,33.01509],[129.1742,33.01476],[129.1746,33.01165],[129.1762,33.00919],[129.17948,33.0073],[129.18228,33.00741],[129.1854,33.00895],[129.19057,33.00651],[129.19182,33.00733],[129.19613,33.00798],[129.19741,33.01058],[129.19622,33.01113],[129.19653,33.0145],[129.19437,33.01586],[129.19576,33.01815],[129.19259,33.01828],[129.19112,33.01973],[129.18893,33.01995]]],[[[129.18324,33.023],[129.17976,33.02181],[129.17803,33.01971],[129.18489,33.01998],[129.18593,33.02147],[129.18324,33.023]]],[[[129.15979,33.03434],[129.16011,33.03314],[129.16239,33.03228],[129.16319,33.03356],[129.15979,33.03434]]],[[[129.13534,33.13737],[129.13408,33.13716],[129.13303,33.13375],[129.13343,33.13164],[129.13531,33.1326],[129.13575,33.13528],[129.13534,33.13737]]],[[[129.113,33.16425],[129.11036,33.16343],[129.10956,33.16132],[129.10718,33.15828],[129.10705,33.15596],[129.10818,33.15462],[129.10679,33.14913],[129.10521,33.14729],[129.10397,33.14447],[129.10207,33.14264],[129.10008,33.1353],[129.10074,33.13314],[129.09722,33.13146],[129.09572,33.1299],[129.09909,33.12494],[129.09716,33.12313],[129.09493,33.12269],[129.09428,33.12141],[129.09602,33.11887],[129.10037,33.11499],[129.10166,33.11601],[129.10369,33.11491],[129.10439,33.11196],[129.1018,33.10756],[129.09828,33.10671],[129.09807,33.10446],[129.09919,33.1034],[129.10531,33.10221],[129.10799,33.10274],[129.10933,33.10155],[129.10992,33.09866],[129.10781,33.09666],[129.10553,33.09341],[129.10776,33.08835],[129.10568,33.0846],[129.1016,33.08005],[129.09675,33.07867],[129.08937,33.07863],[129.08921,33.07792],[129.08559,33.07543],[129.08401,33.07121],[129.0847,33.06849],[129.08408,33.06432],[129.08263,33.0617],[129.08243,33.05893],[129.08002,33.05809],[129.07719,33.05923],[129.07516,33.05722],[129.07609,33.05291],[129.07804,33.05295],[129.08114,33.052],[129.08053,33.05033],[129.08153,33.04618],[129.08348,33.04531],[129.08469,33.04342],[129.08227,33.04277],[129.08003,33.03988],[129.08165,33.03771],[129.07955,33.0357],[129.07927,33.03417],[129.08341,33.0311],[129.08391,33.02963],[129.0808,33.02965],[129.08483,33.02649],[129.08676,33.02692],[129.0885,33.02558],[129.08602,33.02256],[129.076,33.0217],[129.07324,33.01922],[129.07023,33.01929],[129.06935,33.02051],[129.06994,33.02231],[129.06832,33.02637],[129.0689,33.02781],[129.06851,33.0305],[129.06715,33.03235],[129.0668,33.03507],[129.06745,33.03667],[129.06596,33.03986],[129.06672,33.04065],[129.06686,33.04385],[129.06373,33.04276],[129.0619,33.04148],[129.0582,33.04069],[129.05591,33.04162],[129.05483,33.04072],[129.05165,33.04134],[129.05027,33.04048],[129.05431,33.03822],[129.05225,33.03533],[129.04997,33.03626],[129.04623,33.03484],[129.04764,33.03281],[129.04626,33.03041],[129.04457,33.03038],[129.0423,33.02772],[129.04435,33.02502],[129.04221,33.02314],[129.04156,33.02154],[129.04237,33.01678],[129.04534,33.01485],[129.04336,33.01316],[129.04348,33.01178],[129.04181,33.01082],[129.04306,33.00676],[129.0427,33.00506],[129.04121,33.0034],[129.04218,33.00085],[129.0447,32.99841],[129.04986,32.99559],[129.04815,32.99294],[129.04591,32.99196],[129.04405,32.99312],[129.04189,32.99243],[129.04286,32.99078],[129.04364,32.98678],[129.047,32.9837],[129.04972,32.98465],[129.05145,32.98417],[129.05618,32.9812],[129.05965,32.981],[129.05671,32.9771],[129.05466,32.97841],[129.05236,32.97891],[129.05203,32.97603],[129.05329,32.97502],[129.05162,32.97368],[129.05146,32.96931],[129.05203,32.96778],[129.05136,32.96552],[129.04888,32.96557],[129.04924,32.96887],[129.04781,32.97049],[129.04859,32.97455],[129.04627,32.97582],[129.04019,32.97658],[129.03783,32.97511],[129.03636,32.97128],[129.03498,32.97093],[129.03264,32.97218],[129.03213,32.96996],[129.03293,32.96724],[129.0309,32.9612],[129.02804,32.9612],[129.027,32.96391],[129.02479,32.9651],[129.02527,32.96775],[129.02303,32.96802],[129.02377,32.97341],[129.02156,32.97389],[129.01913,32.97664],[129.0167,32.974],[129.01636,32.96788],[129.0142,32.96943],[129.01373,32.97148],[129.01426,32.97615],[129.01138,32.97595],[129.00997,32.97318],[129.01027,32.97168],[129.0062,32.96913],[129.00336,32.96977],[129.0017,32.96937],[128.99766,32.96659],[128.9971,32.96438],[128.99837,32.96249],[129.00113,32.96064],[129.00325,32.95999],[129.00294,32.95853],[129.00032,32.95827],[129.0003,32.95653],[128.9986,32.95543],[128.99783,32.95329],[128.99936,32.95292],[129.00145,32.95387],[129.0037,32.95378],[129.00514,32.95087],[129.00479,32.949],[129.00181,32.95069],[128.99765,32.95004],[128.99833,32.94857],[129.00076,32.94715],[129.00275,32.94729],[129.00336,32.94577],[128.99952,32.94442],[128.99708,32.94558],[128.99319,32.94589],[128.99172,32.9434],[128.99383,32.94329],[128.99618,32.94127],[128.9993,32.94133],[129.00025,32.94037],[129.00328,32.93973],[129.00682,32.94037],[129.01253,32.94576],[129.01393,32.94928],[129.0151,32.94784],[129.0162,32.94409],[129.01775,32.94276],[129.01701,32.93938],[129.01382,32.9371],[129.01486,32.93655],[129.0177,32.93885],[129.01919,32.9385],[129.01931,32.93602],[129.02094,32.93506],[129.0211,32.93277],[129.02304,32.93223],[129.02366,32.93449],[129.02586,32.93424],[129.02601,32.93745],[129.02792,32.93962],[129.02991,32.93598],[129.03239,32.93711],[129.03403,32.94524],[129.03543,32.94527],[129.03578,32.94143],[129.03833,32.93992],[129.03838,32.93684],[129.03906,32.93406],[129.04079,32.93159],[129.03851,32.93037],[129.03798,32.92721],[129.03582,32.92971],[129.03207,32.93165],[129.03048,32.93047],[129.03008,32.92847],[129.03157,32.92702],[129.03076,32.92522],[129.02651,32.92234],[129.02596,32.92018],[129.02684,32.91904],[129.02955,32.91837],[129.03359,32.91845],[129.03601,32.92192],[129.03595,32.92488],[129.03775,32.92571],[129.03848,32.9237],[129.04089,32.92251],[129.04388,32.92257],[129.0509,32.92135],[129.05169,32.91917],[129.05009,32.91841],[129.0484,32.91568],[129.05069,32.91565],[129.05238,32.91049],[129.05416,32.90922],[129.06137,32.90862],[129.06335,32.90907],[129.06188,32.90581],[129.06342,32.90455],[129.06315,32.90173],[129.06514,32.89855],[129.06096,32.89639],[129.05961,32.90098],[129.05878,32.90186],[129.06146,32.90368],[129.05873,32.90672],[129.05718,32.90534],[129.05192,32.90537],[129.0542,32.90279],[129.05257,32.90121],[129.04917,32.90492],[129.04712,32.90252],[129.04449,32.90478],[129.04597,32.90611],[129.04574,32.9078],[129.04368,32.90794],[129.0421,32.90909],[129.04085,32.90762],[129.04184,32.9059],[129.04092,32.90386],[129.03945,32.9027],[129.04293,32.90134],[129.04226,32.89986],[129.03911,32.89964],[129.04027,32.89614],[129.04325,32.89273],[129.04805,32.89515],[129.049,32.89358],[129.05239,32.89278],[129.05006,32.88976],[129.05414,32.89027],[129.05415,32.89183],[129.05545,32.89446],[129.05671,32.8908],[129.05639,32.88694],[129.05748,32.88562],[129.05891,32.88171],[129.05647,32.88185],[129.05577,32.87945],[129.05171,32.8848],[129.04861,32.88446],[129.04624,32.88624],[129.04345,32.88579],[129.04435,32.88369],[129.04639,32.88391],[129.05239,32.87884],[129.04694,32.87721],[129.04485,32.87751],[129.04337,32.87906],[129.04045,32.87949],[129.04242,32.87565],[129.04053,32.87375],[129.0422,32.87221],[129.04372,32.87318],[129.0456,32.87229],[129.0455,32.86874],[129.04724,32.86839],[129.04764,32.86441],[129.04729,32.86206],[129.04429,32.85905],[129.04538,32.85692],[129.0467,32.85625],[129.04736,32.85298],[129.04649,32.85051],[129.04518,32.85057],[129.04534,32.84745],[129.04656,32.84531],[129.04538,32.84342],[129.04625,32.84026],[129.04575,32.8392],[129.05031,32.83934],[129.04968,32.83522],[129.04741,32.83233],[129.0456,32.83172],[129.04662,32.82911],[129.04953,32.82721],[129.05009,32.82399],[129.04804,32.82463],[129.04365,32.82385],[129.04325,32.82238],[129.04798,32.82099],[129.04924,32.81952],[129.05659,32.81958],[129.05857,32.81822],[129.05933,32.81635],[129.06344,32.81696],[129.06562,32.82068],[129.06631,32.82423],[129.06442,32.82708],[129.0655,32.82844],[129.06841,32.82766],[129.06796,32.83011],[129.06909,32.83166],[129.06792,32.83748],[129.06487,32.83785],[129.06455,32.84082],[129.06122,32.84486],[129.06026,32.84459],[129.05692,32.84741],[129.05814,32.84941],[129.06228,32.8486],[129.0626,32.85147],[129.06568,32.8558],[129.06472,32.85832],[129.06595,32.86011],[129.06608,32.86252],[129.06842,32.8629],[129.07147,32.85983],[129.07476,32.86036],[129.07768,32.86158],[129.08575,32.85735],[129.08752,32.85554],[129.09439,32.85488],[129.09579,32.85819],[129.10022,32.86017],[129.09795,32.86641],[129.09788,32.86965],[129.0969,32.87091],[129.09361,32.87073],[129.09295,32.8723],[129.09588,32.87258],[129.0975,32.87485],[129.09697,32.87635],[129.09433,32.87689],[129.0952,32.87978],[129.09429,32.88226],[129.0928,32.88133],[129.0931,32.87975],[129.08726,32.88028],[129.08501,32.88176],[129.08614,32.88351],[129.08815,32.8831],[129.09035,32.88475],[129.09012,32.88706],[129.09232,32.88884],[129.09147,32.89146],[129.08701,32.89078],[129.08539,32.89115],[129.08805,32.8938],[129.08636,32.8948],[129.08283,32.8942],[129.08118,32.89575],[129.08295,32.89714],[129.08463,32.90395],[129.08674,32.90429],[129.09041,32.90269],[129.09367,32.90385],[129.09307,32.90557],[129.09425,32.90774],[129.09165,32.90907],[129.08958,32.90911],[129.09109,32.91144],[129.09291,32.91057],[129.09596,32.91786],[129.09559,32.91925],[129.09307,32.91982],[129.09163,32.92199],[129.08948,32.92258],[129.08881,32.92118],[129.08616,32.92419],[129.08894,32.92459],[129.09224,32.92379],[129.09538,32.92436],[129.09724,32.92409],[129.10014,32.92562],[129.1012,32.92707],[129.10323,32.92787],[129.10668,32.92484],[129.10934,32.92663],[129.10887,32.92878],[129.10995,32.92931],[129.10937,32.9316],[129.10643,32.93198],[129.10626,32.93455],[129.1105,32.93675],[129.11144,32.94121],[129.10985,32.94359],[129.10695,32.9504],[129.10493,32.95169],[129.10155,32.95227],[129.1014,32.95623],[129.10086,32.9579],[129.10226,32.96221],[129.10459,32.95887],[129.10247,32.95733],[129.10326,32.95554],[129.10858,32.95417],[129.11037,32.95091],[129.11277,32.94988],[129.11331,32.94707],[129.11639,32.94218],[129.1181,32.94084],[129.11826,32.93848],[129.1207,32.93807],[129.12356,32.9396],[129.12475,32.93871],[129.12843,32.93954],[129.13088,32.94499],[129.13232,32.94358],[129.13336,32.94084],[129.13517,32.93973],[129.1365,32.93767],[129.13903,32.93711],[129.14198,32.93833],[129.14301,32.94682],[129.14503,32.95015],[129.14792,32.95274],[129.14843,32.95604],[129.15078,32.95746],[129.15466,32.9577],[129.15595,32.96013],[129.15925,32.96062],[129.1623,32.96187],[129.16738,32.96512],[129.16912,32.96451],[129.17038,32.96605],[129.17086,32.96912],[129.17368,32.97053],[129.17684,32.97021],[129.1823,32.97147],[129.18247,32.97763],[129.18363,32.97855],[129.18103,32.98141],[129.18083,32.98409],[129.17985,32.9862],[129.17663,32.9873],[129.17489,32.98876],[129.17477,32.99062],[129.1776,32.99149],[129.17768,32.99475],[129.17438,32.99686],[129.17486,32.99799],[129.17742,32.99775],[129.17829,32.99972],[129.18161,33.00048],[129.18328,33.00188],[129.17933,33.00555],[129.17603,33.00736],[129.17416,33.00555],[129.17191,33.00638],[129.17056,33.00317],[129.16856,33.00446],[129.1672,33.0069],[129.16478,33.00813],[129.16483,33.0057],[129.16256,33.00707],[129.16161,33.00485],[129.15964,33.00404],[129.16052,33.00215],[129.15823,33.00015],[129.15529,33.00114],[129.15339,32.99984],[129.1504,33.00127],[129.14943,33.00043],[129.14759,33.00289],[129.14438,33.00281],[129.14135,32.99922],[129.13974,32.99967],[129.13672,32.99909],[129.13633,33.0012],[129.13468,33.00072],[129.13431,32.99713],[129.13286,32.99568],[129.13373,32.9942],[129.13168,32.99068],[129.12899,32.99006],[129.12761,32.99135],[129.12639,32.9893],[129.12425,32.9874],[129.12171,32.98769],[129.123,32.98539],[129.12043,32.98425],[129.11822,32.98617],[129.11821,32.98961],[129.11471,32.98924],[129.11376,32.98784],[129.11062,32.9873],[129.11384,32.98547],[129.11093,32.98191],[129.10887,32.98121],[129.10662,32.98204],[129.10801,32.98378],[129.10613,32.98513],[129.10175,32.98495],[129.10219,32.98146],[129.09769,32.98026],[129.0947,32.98622],[129.09212,32.98364],[129.09157,32.98072],[129.08851,32.98259],[129.08788,32.98434],[129.08833,32.98691],[129.09116,32.98896],[129.09243,32.99462],[129.09431,32.99499],[129.094,32.99679],[129.09607,32.99927],[129.09596,33.00258],[129.09279,33.00297],[129.09357,33.00775],[129.09212,33.00868],[129.09149,33.01359],[129.08997,33.01474],[129.08949,33.01776],[129.09171,33.01886],[129.09494,33.02225],[129.0946,33.02312],[129.09764,33.02469],[129.09826,33.02771],[129.09691,33.0305],[129.09747,33.03226],[129.09327,33.03205],[129.09303,33.03592],[129.09183,33.03616],[129.09128,33.03855],[129.098,33.04147],[129.1001,33.04644],[129.10039,33.04852],[129.10216,33.04819],[129.10504,33.04893],[129.10466,33.05015],[129.10179,33.04957],[129.09976,33.04999],[129.09837,33.05245],[129.09949,33.05346],[129.09994,33.05597],[129.1015,33.0558],[129.10377,33.05826],[129.10435,33.06071],[129.10636,33.06243],[129.11189,33.06169],[129.10896,33.06374],[129.10864,33.06802],[129.11058,33.07209],[129.1111,33.07454],[129.11025,33.07617],[129.11242,33.07741],[129.11351,33.08164],[129.11234,33.08302],[129.11336,33.0848],[129.11714,33.0853],[129.1179,33.08693],[129.11699,33.08952],[129.11834,33.09062],[129.11889,33.09481],[129.11794,33.09514],[129.12083,33.10673],[129.11796,33.11117],[129.11814,33.11339],[129.11636,33.11521],[129.11399,33.11468],[129.11182,33.11515],[129.10943,33.11751],[129.10903,33.11909],[129.10726,33.12078],[129.10381,33.12237],[129.1032,33.12477],[129.10699,33.12689],[129.10695,33.12914],[129.10918,33.13063],[129.11114,33.13594],[129.11273,33.1383],[129.11401,33.14221],[129.11126,33.14426],[129.11072,33.1479],[129.11147,33.15014],[129.1177,33.15654],[129.11809,33.16135],[129.11573,33.16367],[129.113,33.16425]]]]}},{"type":"Feature","properties":{"code":"43101","name":"熊本市中央区","pref":"熊本県","pref_code":"43","cx":130.7226,"cy":32.79782,"bbox":[130.68912,32.76953,130.7619,32.82648]},"geometry":{"type":"Polygon","coordinates":[[[130.74744,32.8192],[130.73987,32.82634],[130.73493,32.82648],[130.7257,32.82263],[130.72159,32.82357],[130.70249,32.81946],[130.70263,32.81],[130.69411,32.81089],[130.68944,32.80225],[130.68912,32.79673],[130.69392,32.79325],[130.69397,32.78489],[130.69188,32.77913],[130.69901,32.77955],[130.70355,32.77739],[130.71868,32.7794],[130.7194,32.77434],[130.72692,32.773],[130.72858,32.76953],[130.73114,32.77825],[130.73862,32.77725],[130.74324,32.77994],[130.74922,32.78802],[130.75035,32.79304],[130.75731,32.79891],[130.7619,32.80584],[130.75922,32.80952],[130.75092,32.80709],[130.74127,32.8079],[130.73894,32.81206],[130.74381,32.81824],[130.74744,32.8192]]]}},{"type":"Feature","properties":{"code":"43102","name":"熊本市東区","pref":"熊本県","pref_code":"43","cx":130.76957,"cy":32.80209,"bbox":[130.72769,32.75028,130.82905,32.85333]},"geometry":{"type":"Polygon","coordinates":[[[130.72858,32.76953],[130.72769,32.76643],[130.72895,32.75028],[130.74653,32.75378],[130.75444,32.76221],[130.7612,32.76444],[130.76466,32.76029],[130.77082,32.76298],[130.77834,32.76339],[130.79551,32.7699],[130.79155,32.77789],[130.7876,32.7787],[130.78464,32.78454],[130.78346,32.79641],[130.77812,32.80454],[130.78301,32.80517],[130.78726,32.79964],[130.80617,32.80584],[130.80874,32.81232],[130.8157,32.81542],[130.82905,32.81539],[130.82778,32.82537],[130.8281,32.83117],[130.82066,32.8385],[130.80766,32.83743],[130.80481,32.85222],[130.79051,32.85333],[130.78592,32.84562],[130.78108,32.84809],[130.77224,32.84662],[130.76739,32.84192],[130.76244,32.82893],[130.75398,32.82715],[130.74744,32.8192],[130.74381,32.81824],[130.73894,32.81206],[130.74127,32.8079],[130.75092,32.80709],[130.75922,32.80952],[130.7619,32.80584],[130.75731,32.79891],[130.75035,32.79304],[130.74922,32.78802],[130.74324,32.77994],[130.73862,32.77725],[130.73114,32.77825],[130.72858,32.76953]]]}},{"type":"Feature","properties":{"code":"43103","name":"熊本市西区","pref":"熊本県","pref_code":"43","cx":130.64779,"cy":32.80787,"bbox":[130.57154,32.75429,130.71043,32.8634]},"geometry":{"type":"MultiPolygon","coordinates":[[[[130.59298,32.76867],[130.57407,32.76847],[130.57322,32.76287],[130.59098,32.76295],[130.59298,32.76867]]],[[[130.70953,32.82089],[130.71043,32.83089],[130.70484,32.83143],[130.69704,32.83723],[130.69172,32.83132],[130.68565,32.83754],[130.67558,32.83658],[130.67038,32.82992],[130.66187,32.82577],[130.65729,32.82669],[130.65609,32.83224],[130.66698,32.83963],[130.66938,32.84943],[130.67374,32.85634],[130.67031,32.86055],[130.663,32.8634],[130.65143,32.86272],[130.64313,32.85869],[130.63477,32.86094],[130.62624,32.86198],[130.63082,32.8538],[130.6252,32.85254],[130.62204,32.84472],[130.61317,32.84309],[130.60044,32.84749],[130.59629,32.84652],[130.57318,32.85272],[130.57154,32.84878],[130.57889,32.84148],[130.58179,32.83229],[130.58185,32.82657],[130.58777,32.82701],[130.59234,32.82395],[130.59577,32.81058],[130.60031,32.81115],[130.60492,32.80575],[130.60411,32.80117],[130.61438,32.79266],[130.60747,32.79],[130.60341,32.78448],[130.60318,32.77869],[130.59845,32.77816],[130.59941,32.76687],[130.60353,32.75668],[130.60609,32.75429],[130.61361,32.75575],[130.63225,32.76261],[130.64212,32.76093],[130.64754,32.76938],[130.65745,32.76915],[130.66425,32.77186],[130.67473,32.77285],[130.68903,32.76981],[130.69397,32.78489],[130.69392,32.79325],[130.68912,32.79673],[130.68944,32.80225],[130.69411,32.81089],[130.70263,32.81],[130.70249,32.81946],[130.70953,32.82089]]]]}},{"type":"Feature","properties":{"code":"43104","name":"熊本市南区","pref":"熊本県","pref_code":"43","cx":130.68344,"cy":32.71882,"bbox":[130.60368,32.66106,130.77686,32.77955]},"geometry":{"type":"Polygon","coordinates":[[[130.69188,32.77913],[130.68903,32.76981],[130.67473,32.77285],[130.66425,32.77186],[130.65745,32.76915],[130.64754,32.76938],[130.64212,32.76093],[130.63225,32.76261],[130.61361,32.75575],[130.60609,32.75429],[130.60421,32.75291],[130.60733,32.74256],[130.60368,32.73121],[130.60756,32.71579],[130.616,32.7142],[130.62733,32.70934],[130.63696,32.71121],[130.64398,32.71731],[130.65487,32.71071],[130.65938,32.70628],[130.66387,32.70707],[130.6688,32.70258],[130.67121,32.69564],[130.68159,32.69418],[130.68994,32.69107],[130.69702,32.69295],[130.69889,32.68976],[130.71002,32.68841],[130.716,32.68461],[130.71677,32.68113],[130.72527,32.67582],[130.72839,32.67064],[130.73374,32.66712],[130.7343,32.66106],[130.74204,32.66403],[130.75155,32.67274],[130.75272,32.66617],[130.76362,32.66799],[130.77686,32.66614],[130.77053,32.68311],[130.76431,32.6865],[130.76477,32.69265],[130.75377,32.69972],[130.75341,32.70868],[130.76184,32.71165],[130.75972,32.72033],[130.75705,32.72833],[130.74722,32.73493],[130.73822,32.73507],[130.72479,32.73714],[130.71395,32.73541],[130.6995,32.73586],[130.70677,32.74074],[130.71252,32.73827],[130.71975,32.74537],[130.72581,32.74345],[130.72895,32.75028],[130.72769,32.76643],[130.72858,32.76953],[130.72692,32.773],[130.7194,32.77434],[130.71868,32.7794],[130.70355,32.77739],[130.69901,32.77955],[130.69188,32.77913]]]}},{"type":"Feature","properties":{"code":"43105","name":"熊本市北区","pref":"熊本県","pref_code":"43","cx":130.68486,"cy":32.89872,"bbox":[130.63477,32.8192,130.79051,32.97702]},"geometry":{"type":"Polygon","coordinates":[[[130.74744,32.8192],[130.75398,32.82715],[130.76244,32.82893],[130.76739,32.84192],[130.77224,32.84662],[130.78108,32.84809],[130.78592,32.84562],[130.79051,32.85333],[130.78739,32.85831],[130.77965,32.85638],[130.77633,32.85794],[130.7601,32.85733],[130.75216,32.85542],[130.74856,32.85783],[130.74096,32.85385],[130.73175,32.85164],[130.72561,32.85369],[130.73093,32.86203],[130.73011,32.88816],[130.72424,32.88789],[130.71998,32.89695],[130.72295,32.90048],[130.72209,32.90695],[130.72504,32.9177],[130.72975,32.92753],[130.73076,32.93906],[130.7284,32.94424],[130.72994,32.95895],[130.72829,32.96586],[130.73361,32.97197],[130.72471,32.97698],[130.71859,32.97457],[130.70926,32.97702],[130.70935,32.97327],[130.70398,32.96807],[130.70117,32.9596],[130.69642,32.95489],[130.69155,32.95955],[130.67364,32.9523],[130.67076,32.94972],[130.66705,32.93694],[130.66196,32.93426],[130.65493,32.93526],[130.65161,32.93221],[130.64624,32.93155],[130.6372,32.91623],[130.64656,32.90802],[130.64937,32.89252],[130.65196,32.88794],[130.64485,32.88494],[130.6398,32.87338],[130.63846,32.86503],[130.63477,32.86094],[130.64313,32.85869],[130.65143,32.86272],[130.663,32.8634],[130.67031,32.86055],[130.67374,32.85634],[130.66938,32.84943],[130.66698,32.83963],[130.65609,32.83224],[130.65729,32.82669],[130.66187,32.82577],[130.67038,32.82992],[130.67558,32.83658],[130.68565,32.83754],[130.69172,32.83132],[130.69704,32.83723],[130.70484,32.83143],[130.71043,32.83089],[130.70953,32.82089],[130.72159,32.82357],[130.7257,32.82263],[130.73493,32.82648],[130.73987,32.82634],[130.74744,32.8192]]]}},{"type":"Feature","properties":{"code":"43202","name":"八代市","pref":"熊本県","pref_code":"43","cx":130.65146,"cy":32.47058,"bbox":[130.52797,32.3386,131.02488,32.60212]},"geometry":{"type":"Polygon","coordinates":[[[130.72377,32.55858],[130.71467,32.55726],[130.71121,32.54882],[130.70446,32.54368],[130.69649,32.54437],[130.70059,32.53563],[130.68665,32.52762],[130.67604,32.53972],[130.664,32.5449],[130.67023,32.55279],[130.67049,32.56105],[130.67668,32.56283],[130.67403,32.5681],[130.66713,32.57501],[130.6576,32.58154],[130.63278,32.60212],[130.61594,32.58838],[130.60866,32.59309],[130.58985,32.57624],[130.57593,32.5584],[130.56243,32.53797],[130.55597,32.54289],[130.54663,32.53615],[130.54384,32.53824],[130.53616,32.52586],[130.56326,32.51235],[130.56763,32.50674],[130.5329,32.52266],[130.53115,32.52003],[130.5527,32.50958],[130.56514,32.50544],[130.56274,32.49864],[130.55231,32.50089],[130.54683,32.5002],[130.54218,32.49361],[130.5425,32.48454],[130.54496,32.47911],[130.54923,32.47721],[130.56495,32.476],[130.56507,32.46811],[130.56922,32.46432],[130.56503,32.45602],[130.57307,32.44081],[130.56914,32.43426],[130.55629,32.42346],[130.54744,32.42235],[130.54108,32.41213],[130.53806,32.41028],[130.54342,32.40575],[130.53938,32.39955],[130.53474,32.39806],[130.53484,32.39311],[130.53049,32.38639],[130.53425,32.38335],[130.52797,32.37402],[130.53084,32.36715],[130.54114,32.36507],[130.54991,32.37313],[130.55312,32.38049],[130.56077,32.38237],[130.56725,32.37656],[130.57777,32.3717],[130.58836,32.37661],[130.60033,32.37315],[130.60656,32.37606],[130.61974,32.37397],[130.62522,32.36451],[130.631,32.36728],[130.64219,32.36489],[130.64508,32.37029],[130.65246,32.37353],[130.6573,32.37317],[130.65669,32.36771],[130.6592,32.36027],[130.66533,32.354],[130.67077,32.34013],[130.67871,32.34276],[130.68395,32.3386],[130.69384,32.34219],[130.70093,32.34703],[130.69725,32.35411],[130.70245,32.35671],[130.7019,32.36285],[130.70978,32.3681],[130.72133,32.38641],[130.73139,32.3921],[130.73923,32.39292],[130.74179,32.40092],[130.73577,32.40463],[130.72431,32.40556],[130.72431,32.41323],[130.72046,32.41907],[130.72934,32.42822],[130.72772,32.43557],[130.72295,32.44354],[130.72219,32.44933],[130.72858,32.45229],[130.74106,32.45336],[130.73801,32.46165],[130.73786,32.47178],[130.74247,32.46939],[130.75176,32.46864],[130.7513,32.47461],[130.75812,32.47843],[130.76843,32.47976],[130.7861,32.48469],[130.79469,32.49422],[130.80672,32.49436],[130.81638,32.49074],[130.83982,32.49897],[130.84419,32.49221],[130.8476,32.49306],[130.85219,32.48784],[130.85815,32.49337],[130.86255,32.49372],[130.8764,32.48512],[130.88032,32.4778],[130.88969,32.47737],[130.90113,32.46735],[130.90001,32.45617],[130.89808,32.45186],[130.90283,32.44267],[130.91236,32.44075],[130.92866,32.44161],[130.93574,32.43844],[130.94112,32.4385],[130.95338,32.4436],[130.9589,32.45035],[130.97782,32.45116],[130.98019,32.44782],[130.98706,32.44708],[130.99994,32.45235],[131.00817,32.46044],[131.01434,32.46275],[131.01635,32.47326],[131.01394,32.48002],[131.00696,32.49006],[131.00971,32.50919],[131.00941,32.51541],[131.0152,32.51584],[131.01842,32.51959],[131.02467,32.52025],[131.02488,32.53157],[131.01907,32.54154],[131.01947,32.54922],[131.00971,32.56103],[131.00022,32.57],[130.9962,32.56882],[130.98802,32.57134],[130.97855,32.57723],[130.96935,32.5804],[130.96338,32.57779],[130.95436,32.57712],[130.95057,32.57946],[130.94692,32.57664],[130.93897,32.57794],[130.92332,32.57457],[130.92212,32.57939],[130.91356,32.58478],[130.90729,32.58376],[130.90898,32.57593],[130.89223,32.57075],[130.88376,32.57411],[130.87054,32.57216],[130.86146,32.57423],[130.85225,32.57266],[130.84628,32.56946],[130.84221,32.57082],[130.82788,32.56184],[130.82102,32.56077],[130.81508,32.56692],[130.80386,32.56826],[130.79303,32.57859],[130.78876,32.59438],[130.78271,32.59536],[130.77551,32.58467],[130.76929,32.58072],[130.76539,32.57403],[130.75924,32.57416],[130.75364,32.56748],[130.75368,32.56375],[130.74217,32.55889],[130.73619,32.56158],[130.72377,32.55858]]]}},{"type":"Feature","properties":{"code":"43203","name":"人吉市","pref":"熊本県","pref_code":"43","cx":130.73169,"cy":32.19548,"bbox":[130.65164,32.09492,130.87838,32.29548]},"geometry":{"type":"Polygon","coordinates":[[[130.78729,32.23137],[130.78263,32.2378],[130.77765,32.2332],[130.76355,32.22927],[130.75854,32.23146],[130.75179,32.24801],[130.74127,32.24716],[130.74056,32.26965],[130.73797,32.27718],[130.73119,32.27954],[130.73062,32.28988],[130.71691,32.29548],[130.71089,32.28486],[130.7203,32.27618],[130.71969,32.26626],[130.73103,32.26254],[130.73432,32.25582],[130.73175,32.25056],[130.72609,32.2452],[130.72381,32.24013],[130.71883,32.24059],[130.71386,32.23025],[130.70083,32.22549],[130.68054,32.20516],[130.67986,32.19648],[130.67211,32.18524],[130.6652,32.18384],[130.66359,32.17439],[130.66675,32.1694],[130.65748,32.1685],[130.65552,32.15697],[130.65164,32.15127],[130.6554,32.14076],[130.65501,32.13568],[130.67044,32.12893],[130.69011,32.11503],[130.69907,32.107],[130.71406,32.10397],[130.7206,32.1008],[130.72768,32.10187],[130.7335,32.10837],[130.7399,32.10488],[130.73885,32.10129],[130.75358,32.10345],[130.75947,32.09682],[130.76695,32.10151],[130.77943,32.09947],[130.80791,32.09934],[130.8208,32.09492],[130.82291,32.09973],[130.83096,32.10478],[130.83901,32.10721],[130.84923,32.10424],[130.85707,32.0997],[130.86243,32.1018],[130.86941,32.11506],[130.87636,32.11672],[130.87838,32.12127],[130.87057,32.12866],[130.86874,32.13717],[130.85927,32.13369],[130.85626,32.12954],[130.85078,32.129],[130.84065,32.14156],[130.83433,32.14005],[130.82772,32.13518],[130.82526,32.14211],[130.81955,32.14884],[130.82151,32.15243],[130.81494,32.16055],[130.81855,32.16472],[130.81364,32.17025],[130.81467,32.17921],[130.81177,32.183],[130.80476,32.18228],[130.79696,32.19034],[130.78904,32.19447],[130.78481,32.19331],[130.78156,32.20518],[130.78181,32.21524],[130.78695,32.2144],[130.78496,32.22207],[130.78994,32.22556],[130.78729,32.23137]]]}},{"type":"Feature","properties":{"code":"43204","name":"荒尾市","pref":"熊本県","pref_code":"43","cx":130.47876,"cy":32.97067,"bbox":[130.41414,32.93668,130.53047,33.01202]},"geometry":{"type":"Polygon","coordinates":[[[130.52775,32.98835],[130.52041,32.99663],[130.52114,33.00083],[130.51587,33.01202],[130.50706,33.00389],[130.4991,33.00656],[130.48397,33.00161],[130.45066,33.0039],[130.44487,33.00247],[130.43625,33.00506],[130.4248,33.00517],[130.41414,33.00231],[130.41836,32.99335],[130.42564,32.99378],[130.42997,32.98708],[130.43192,32.95951],[130.43778,32.9419],[130.44373,32.94547],[130.45424,32.94559],[130.4585,32.93976],[130.4658,32.93952],[130.47556,32.9512],[130.48724,32.94884],[130.49523,32.9508],[130.49246,32.93937],[130.49702,32.93668],[130.49882,32.9409],[130.50526,32.94262],[130.51151,32.94738],[130.51253,32.95469],[130.52232,32.96362],[130.53047,32.97773],[130.52775,32.98835]]]}},{"type":"Feature","properties":{"code":"43205","name":"水俣市","pref":"熊本県","pref_code":"43","cx":130.47956,"cy":32.17619,"bbox":[130.36037,32.1139,130.59674,32.23816]},"geometry":{"type":"Polygon","coordinates":[[[130.43223,32.23109],[130.42255,32.23816],[130.41508,32.23285],[130.4074,32.23114],[130.40237,32.2354],[130.39865,32.22819],[130.39417,32.22744],[130.38672,32.21371],[130.37902,32.20562],[130.37184,32.20134],[130.38022,32.19209],[130.37463,32.18724],[130.3777,32.18234],[130.37802,32.17645],[130.37089,32.17707],[130.36778,32.18131],[130.36037,32.18229],[130.36319,32.17396],[130.36136,32.16719],[130.37201,32.15947],[130.38,32.15057],[130.38666,32.14739],[130.39203,32.13416],[130.40333,32.12437],[130.40267,32.1202],[130.42488,32.11698],[130.43042,32.11491],[130.44116,32.11398],[130.44946,32.11665],[130.45462,32.1139],[130.46331,32.11882],[130.46705,32.11566],[130.4735,32.11861],[130.47601,32.1225],[130.4769,32.13899],[130.48234,32.1396],[130.49237,32.1337],[130.49908,32.13547],[130.50921,32.14052],[130.51724,32.13588],[130.54024,32.13741],[130.5461,32.14935],[130.5575,32.15415],[130.58268,32.15491],[130.58899,32.16783],[130.59674,32.17592],[130.59517,32.1835],[130.5794,32.19438],[130.57456,32.19318],[130.54715,32.19627],[130.52991,32.18962],[130.52499,32.18616],[130.5199,32.18608],[130.51457,32.18253],[130.50313,32.18894],[130.4989,32.19543],[130.4928,32.19827],[130.48256,32.19931],[130.47163,32.20616],[130.46981,32.20976],[130.46573,32.20873],[130.44963,32.21022],[130.43822,32.21675],[130.43686,32.22594],[130.43223,32.23109]]]}},{"type":"Feature","properties":{"code":"43206","name":"玉名市","pref":"熊本県","pref_code":"43","cx":130.54671,"cy":32.91864,"bbox":[130.47648,32.84202,130.63082,32.99513]},"geometry":{"type":"Polygon","coordinates":[[[130.62624,32.86198],[130.61238,32.87532],[130.60749,32.88496],[130.60733,32.89117],[130.61745,32.89687],[130.61784,32.90395],[130.61527,32.915],[130.60618,32.91753],[130.60871,32.9242],[130.61258,32.92574],[130.62132,32.93373],[130.62639,32.94125],[130.61565,32.94949],[130.61172,32.94643],[130.60755,32.95224],[130.61067,32.95532],[130.60661,32.95991],[130.59931,32.96059],[130.59271,32.95729],[130.5905,32.96071],[130.59509,32.96419],[130.59684,32.97351],[130.60321,32.97722],[130.59977,32.98459],[130.59199,32.98919],[130.58272,32.98785],[130.58021,32.99103],[130.57143,32.99158],[130.55847,32.99513],[130.52775,32.98835],[130.53047,32.97773],[130.52232,32.96362],[130.51253,32.95469],[130.51151,32.94738],[130.50526,32.94262],[130.49882,32.9409],[130.49702,32.93668],[130.49656,32.93006],[130.49042,32.92516],[130.48766,32.91974],[130.47648,32.90499],[130.49477,32.89312],[130.4993,32.89308],[130.52322,32.8809],[130.52667,32.87714],[130.52288,32.86995],[130.52283,32.85335],[130.52873,32.85099],[130.56492,32.84202],[130.57154,32.84878],[130.57318,32.85272],[130.59629,32.84652],[130.60044,32.84749],[130.61317,32.84309],[130.62204,32.84472],[130.6252,32.85254],[130.63082,32.8538],[130.62624,32.86198]]]}},{"type":"Feature","properties":{"code":"43208","name":"山鹿市","pref":"熊本県","pref_code":"43","cx":130.73438,"cy":33.05043,"bbox":[130.62941,32.93221,130.84574,33.17131]},"geometry":{"type":"Polygon","coordinates":[[[130.73361,32.97197],[130.73707,32.97563],[130.74301,32.97487],[130.75456,32.98391],[130.76561,32.99594],[130.78086,32.99249],[130.78526,32.99835],[130.79496,33.0005],[130.79789,33.00897],[130.80597,33.01159],[130.80833,33.01491],[130.80661,33.02647],[130.80776,33.03494],[130.81483,33.0486],[130.82308,33.05402],[130.81595,33.06444],[130.82823,33.07273],[130.83616,33.07147],[130.83782,33.08459],[130.84504,33.08804],[130.84574,33.09218],[130.8366,33.10526],[130.82038,33.10657],[130.82097,33.11135],[130.81182,33.11664],[130.80728,33.11586],[130.79935,33.12035],[130.78918,33.12403],[130.77756,33.12322],[130.77089,33.12433],[130.75855,33.13155],[130.75387,33.13745],[130.73749,33.14637],[130.73453,33.15342],[130.72769,33.15433],[130.72301,33.15191],[130.71236,33.15533],[130.70432,33.15166],[130.69104,33.15495],[130.69309,33.15995],[130.68522,33.16908],[130.68002,33.17131],[130.67873,33.16424],[130.66754,33.15695],[130.66631,33.14338],[130.6689,33.13895],[130.66305,33.13457],[130.65995,33.12468],[130.66026,33.11811],[130.65469,33.1154],[130.65568,33.10862],[130.65122,33.10323],[130.65593,33.09662],[130.65535,33.08922],[130.65071,33.08358],[130.63947,33.08005],[130.6325,33.07349],[130.63277,33.06677],[130.63646,33.0609],[130.63534,33.05371],[130.64952,33.05226],[130.65311,33.04822],[130.65174,33.03581],[130.64842,33.02641],[130.63604,33.02297],[130.63211,33.01959],[130.63831,33.01387],[130.63737,33.00943],[130.64672,33.00615],[130.64598,32.99808],[130.64159,32.99442],[130.64792,32.98733],[130.64307,32.97621],[130.65074,32.97528],[130.65465,32.97189],[130.6508,32.96268],[130.63605,32.96613],[130.63198,32.96073],[130.62941,32.9447],[130.63516,32.94359],[130.64029,32.93846],[130.64432,32.93786],[130.65161,32.93221],[130.65493,32.93526],[130.66196,32.93426],[130.66705,32.93694],[130.67076,32.94972],[130.67364,32.9523],[130.69155,32.95955],[130.69642,32.95489],[130.70117,32.9596],[130.70398,32.96807],[130.70935,32.97327],[130.70926,32.97702],[130.71859,32.97457],[130.72471,32.97698],[130.73361,32.97197]]]}},{"type":"Feature","properties":{"code":"43210","name":"菊池市","pref":"熊本県","pref_code":"43","cx":130.87032,"cy":32.99715,"bbox":[130.72829,32.90156,130.97027,33.09499]},"geometry":{"type":"Polygon","coordinates":[[[130.72975,32.92753],[130.73547,32.92562],[130.75219,32.92701],[130.76568,32.92144],[130.77392,32.92003],[130.79051,32.91123],[130.79537,32.91423],[130.80844,32.91298],[130.81609,32.90922],[130.82649,32.90753],[130.83166,32.90156],[130.83786,32.9084],[130.83937,32.91523],[130.83689,32.91946],[130.84041,32.92439],[130.86539,32.91941],[130.86136,32.92747],[130.86287,32.93103],[130.8881,32.92987],[130.90908,32.93561],[130.92453,32.93454],[130.92966,32.94052],[130.93684,32.94498],[130.93813,32.94966],[130.9515,32.94941],[130.9562,32.95367],[130.94272,32.96369],[130.95339,32.97567],[130.95699,32.98874],[130.95568,33.00424],[130.97027,33.02377],[130.95921,33.03722],[130.95698,33.04714],[130.94682,33.05284],[130.93699,33.05244],[130.93515,33.05511],[130.92344,33.05194],[130.91654,33.05559],[130.90677,33.06493],[130.90002,33.06406],[130.89679,33.07292],[130.89064,33.07577],[130.88973,33.08359],[130.8862,33.08746],[130.87674,33.09193],[130.867,33.09066],[130.86394,33.09499],[130.84759,33.09376],[130.84574,33.09218],[130.84504,33.08804],[130.83782,33.08459],[130.83616,33.07147],[130.82823,33.07273],[130.81595,33.06444],[130.82308,33.05402],[130.81483,33.0486],[130.80776,33.03494],[130.80661,33.02647],[130.80833,33.01491],[130.80597,33.01159],[130.79789,33.00897],[130.79496,33.0005],[130.78526,32.99835],[130.78086,32.99249],[130.76561,32.99594],[130.75456,32.98391],[130.74301,32.97487],[130.73707,32.97563],[130.72829,32.96586],[130.72994,32.95895],[130.7284,32.94424],[130.73076,32.93906],[130.72975,32.92753]]]}},{"type":"Feature","properties":{"code":"43211","name":"宇土市","pref":"熊本県","pref_code":"43","cx":130.6335,"cy":32.68287,"bbox":[130.49947,32.64633,130.71677,32.71731]},"geometry":{"type":"Polygon","coordinates":[[[130.60756,32.71579],[130.60705,32.71299],[130.5969,32.71134],[130.58845,32.70436],[130.57471,32.70195],[130.56792,32.6993],[130.56446,32.69394],[130.55305,32.6867],[130.54154,32.66857],[130.53793,32.665],[130.52391,32.66352],[130.51014,32.6553],[130.49947,32.654],[130.501,32.64765],[130.51057,32.64633],[130.53234,32.64824],[130.54865,32.652],[130.55396,32.65547],[130.56712,32.65688],[130.5761,32.65313],[130.59448,32.65621],[130.60704,32.66104],[130.60822,32.665],[130.61516,32.67115],[130.62327,32.6702],[130.63385,32.66401],[130.63926,32.66412],[130.6449,32.66842],[130.65194,32.66299],[130.66077,32.66746],[130.66555,32.66098],[130.67096,32.66331],[130.67911,32.65802],[130.68542,32.66863],[130.69131,32.6711],[130.69551,32.67701],[130.70327,32.67484],[130.712,32.67484],[130.71677,32.68113],[130.716,32.68461],[130.71002,32.68841],[130.69889,32.68976],[130.69702,32.69295],[130.68994,32.69107],[130.68159,32.69418],[130.67121,32.69564],[130.6688,32.70258],[130.66387,32.70707],[130.65938,32.70628],[130.65487,32.71071],[130.64398,32.71731],[130.63696,32.71121],[130.62733,32.70934],[130.616,32.7142],[130.60756,32.71579]]]}},{"type":"Feature","properties":{"code":"43212","name":"上天草市","pref":"熊本県","pref_code":"43","cx":130.38264,"cy":32.45281,"bbox":[130.31891,32.37025,130.48739,32.62587]},"geometry":{"type":"MultiPolygon","coordinates":[[[[130.32447,32.38209],[130.31892,32.37757],[130.31891,32.37084],[130.3256,32.37274],[130.32447,32.38209]]],[[[130.41508,32.39943],[130.41226,32.39765],[130.40931,32.38376],[130.42144,32.37857],[130.41617,32.37025],[130.42259,32.37133],[130.43112,32.37713],[130.42386,32.3818],[130.4231,32.39379],[130.41508,32.39943]]],[[[130.34739,32.39819],[130.35619,32.37695],[130.36166,32.3807],[130.36263,32.386],[130.36687,32.38975],[130.37677,32.38944],[130.38196,32.38684],[130.38876,32.39264],[130.40029,32.39798],[130.40322,32.40484],[130.41105,32.41507],[130.40391,32.42169],[130.41589,32.42242],[130.41562,32.43024],[130.40813,32.43339],[130.41429,32.44037],[130.41894,32.45033],[130.4287,32.45528],[130.43148,32.46434],[130.436,32.46956],[130.43757,32.48633],[130.45229,32.50686],[130.45111,32.50978],[130.45621,32.51519],[130.45589,32.52405],[130.44711,32.52274],[130.44156,32.52862],[130.43614,32.52604],[130.43245,32.51926],[130.42443,32.5184],[130.4187,32.52295],[130.4111,32.51688],[130.40513,32.51484],[130.39468,32.50002],[130.39074,32.50161],[130.38115,32.49626],[130.38182,32.48459],[130.3791,32.4785],[130.37404,32.48027],[130.36623,32.47747],[130.35543,32.47834],[130.35083,32.48205],[130.34364,32.48211],[130.34088,32.47525],[130.34274,32.47105],[130.3374,32.46132],[130.33932,32.45537],[130.3476,32.44545],[130.36481,32.44004],[130.3686,32.4426],[130.38168,32.44547],[130.38256,32.43747],[130.37517,32.4181],[130.36652,32.41091],[130.36651,32.40464],[130.36191,32.40158],[130.35415,32.40515],[130.35107,32.40248],[130.34739,32.39819]]],[[[130.40364,32.54407],[130.39577,32.5395],[130.40405,32.53592],[130.40805,32.54235],[130.40364,32.54407]]],[[[130.4112,32.54764],[130.41502,32.53951],[130.4288,32.54089],[130.4112,32.54764]]],[[[130.38973,32.5868],[130.38024,32.58269],[130.38486,32.5794],[130.38973,32.5868]]],[[[130.4735,32.58781],[130.46787,32.58507],[130.46641,32.58006],[130.46065,32.57335],[130.46435,32.56515],[130.46209,32.5609],[130.46602,32.55563],[130.46268,32.54145],[130.46577,32.54059],[130.47058,32.54642],[130.47048,32.55054],[130.48739,32.57046],[130.4735,32.58781]]],[[[130.3369,32.60693],[130.3305,32.60507],[130.33337,32.6007],[130.34141,32.59869],[130.34374,32.60366],[130.3369,32.60693]]],[[[130.44315,32.62587],[130.43587,32.62218],[130.43136,32.61744],[130.4218,32.61734],[130.41397,32.61024],[130.40611,32.59835],[130.39548,32.59147],[130.39402,32.58598],[130.39977,32.58252],[130.40613,32.58421],[130.41692,32.58098],[130.41951,32.57506],[130.41488,32.5736],[130.4074,32.56541],[130.40718,32.56002],[130.40397,32.55482],[130.40496,32.5509],[130.4168,32.5505],[130.42291,32.55256],[130.42804,32.54838],[130.43893,32.54802],[130.44034,32.55325],[130.45044,32.56007],[130.45075,32.56662],[130.44735,32.57233],[130.45237,32.57645],[130.45834,32.5863],[130.45261,32.58726],[130.44843,32.59119],[130.44455,32.59923],[130.45556,32.60912],[130.45776,32.61463],[130.45137,32.61721],[130.44315,32.62587]]]]}},{"type":"Feature","properties":{"code":"43213","name":"宇城市","pref":"熊本県","pref_code":"43","cx":130.71771,"cy":32.62023,"bbox":[130.45273,32.55858,130.78271,32.68113]},"geometry":{"type":"MultiPolygon","coordinates":[[[[130.49347,32.60973],[130.48659,32.60861],[130.47402,32.60323],[130.48101,32.59679],[130.48011,32.59044],[130.4865,32.5921],[130.49258,32.58962],[130.48646,32.58261],[130.49212,32.5762],[130.50138,32.58637],[130.50933,32.59174],[130.51037,32.59895],[130.50914,32.60717],[130.49347,32.60973]]],[[[130.71677,32.68113],[130.712,32.67484],[130.70327,32.67484],[130.69551,32.67701],[130.69131,32.6711],[130.68542,32.66863],[130.67911,32.65802],[130.67096,32.66331],[130.66555,32.66098],[130.66077,32.66746],[130.65194,32.66299],[130.6449,32.66842],[130.63926,32.66412],[130.63385,32.66401],[130.62327,32.6702],[130.61516,32.67115],[130.60822,32.665],[130.60704,32.66104],[130.59448,32.65621],[130.5761,32.65313],[130.56712,32.65688],[130.55396,32.65547],[130.54865,32.652],[130.53234,32.64824],[130.51057,32.64633],[130.501,32.64765],[130.49947,32.654],[130.48859,32.64658],[130.48247,32.64469],[130.47755,32.63928],[130.46161,32.63417],[130.45273,32.6267],[130.46137,32.6173],[130.45935,32.60788],[130.46697,32.60464],[130.47308,32.60881],[130.47911,32.60846],[130.48601,32.61266],[130.50967,32.61156],[130.519,32.61315],[130.52144,32.61725],[130.53258,32.62141],[130.53618,32.61905],[130.54105,32.62449],[130.54479,32.62254],[130.5601,32.62465],[130.57889,32.62155],[130.59023,32.6258],[130.59806,32.62491],[130.61557,32.63175],[130.627,32.6325],[130.63669,32.63521],[130.65175,32.6425],[130.65475,32.63534],[130.66144,32.63193],[130.6534,32.62711],[130.65669,32.61836],[130.65372,32.61288],[130.64105,32.62342],[130.63047,32.62269],[130.64136,32.61416],[130.645,32.61604],[130.65211,32.6099],[130.67904,32.59765],[130.67821,32.59246],[130.69835,32.58048],[130.70551,32.58464],[130.71396,32.57828],[130.70689,32.57207],[130.71566,32.56341],[130.72377,32.55858],[130.73619,32.56158],[130.74217,32.55889],[130.75368,32.56375],[130.75364,32.56748],[130.75924,32.57416],[130.76539,32.57403],[130.76929,32.58072],[130.77551,32.58467],[130.78271,32.59536],[130.77857,32.60134],[130.77977,32.6277],[130.77704,32.6291],[130.77833,32.64006],[130.77421,32.65152],[130.77686,32.66614],[130.76362,32.66799],[130.75272,32.66617],[130.75155,32.67274],[130.74204,32.66403],[130.7343,32.66106],[130.73374,32.66712],[130.72839,32.67064],[130.72527,32.67582],[130.71677,32.68113]]]]}},{"type":"Feature","properties":{"code":"43214","name":"阿蘇市","pref":"熊本県","pref_code":"43","cx":131.08738,"cy":32.96029,"bbox":[130.94272,32.87457,131.2538,33.04567]},"geometry":{"type":"Polygon","coordinates":[[[130.9562,32.95367],[130.95891,32.9491],[130.96455,32.94684],[130.95818,32.94171],[130.9599,32.93513],[130.96635,32.9243],[130.95729,32.91378],[130.96675,32.90327],[130.97918,32.9],[130.98836,32.90275],[130.98456,32.90721],[130.98764,32.90987],[131.00033,32.90895],[131.0019,32.90717],[131.01995,32.90231],[131.01998,32.89726],[131.02604,32.89565],[131.03178,32.89818],[131.04159,32.89461],[131.05168,32.88898],[131.06117,32.88537],[131.06647,32.88034],[131.09022,32.8847],[131.09762,32.88333],[131.10294,32.88293],[131.10658,32.88629],[131.11592,32.8871],[131.13896,32.88479],[131.14265,32.8829],[131.15191,32.8868],[131.1617,32.88856],[131.17073,32.8838],[131.17761,32.87791],[131.17764,32.87457],[131.19661,32.88039],[131.20693,32.88468],[131.22883,32.8992],[131.23037,32.90215],[131.24932,32.90666],[131.2538,32.90865],[131.25298,32.92451],[131.2482,32.93148],[131.24599,32.94031],[131.25263,32.94646],[131.24841,32.94793],[131.24719,32.95325],[131.25177,32.9569],[131.24627,32.96076],[131.23731,32.96214],[131.22792,32.95982],[131.22437,32.96349],[131.21925,32.96233],[131.21664,32.97082],[131.21388,32.97271],[131.19823,32.97269],[131.19315,32.97094],[131.18681,32.97226],[131.18548,32.99065],[131.18115,32.99334],[131.18548,32.99912],[131.18105,33.00309],[131.17109,33.00646],[131.16717,33.01151],[131.15395,33.01261],[131.15123,33.0226],[131.16192,33.02662],[131.16532,33.03916],[131.16077,33.04137],[131.14276,33.04113],[131.12728,33.04567],[131.12165,33.04002],[131.11282,33.03806],[131.09432,33.03149],[131.08785,33.04283],[131.07449,33.03954],[131.06872,33.0396],[131.0625,33.03004],[131.00743,33.01933],[130.9982,33.0283],[130.99085,33.02382],[130.97705,33.02499],[130.97027,33.02377],[130.95568,33.00424],[130.95699,32.98874],[130.95339,32.97567],[130.94272,32.96369],[130.9562,32.95367]]]}},{"type":"Feature","properties":{"code":"43215","name":"天草市","pref":"熊本県","pref_code":"43","cx":130.10438,"cy":32.37214,"bbox":[129.96954,32.15894,130.39146,32.55069]},"geometry":{"type":"MultiPolygon","coordinates":[[[[130.02919,32.19082],[130.02117,32.18779],[130.02256,32.18229],[130.01903,32.17964],[130.01527,32.17167],[130.01786,32.1624],[130.02227,32.16134],[130.02402,32.17009],[130.03223,32.17517],[130.03762,32.16656],[130.0448,32.15894],[130.04861,32.16734],[130.03631,32.17623],[130.03993,32.18068],[130.03324,32.18539],[130.02919,32.19082]]],[[[130.07808,32.20167],[130.06995,32.19597],[130.07848,32.19516],[130.07808,32.20167]]],[[[130.14119,32.27765],[130.13366,32.27213],[130.13205,32.26609],[130.13483,32.26271],[130.14648,32.26514],[130.15067,32.26899],[130.14846,32.27447],[130.14119,32.27765]]],[[[130.35529,32.35213],[130.34462,32.34883],[130.33731,32.33756],[130.32977,32.33338],[130.3338,32.31748],[130.32171,32.31736],[130.31649,32.31131],[130.3087,32.31076],[130.30466,32.30623],[130.32187,32.30756],[130.33077,32.30618],[130.33608,32.31107],[130.34489,32.31233],[130.36013,32.32609],[130.36395,32.33513],[130.37408,32.34299],[130.37177,32.34989],[130.3642,32.34592],[130.35529,32.35213]]],[[[130.31461,32.36802],[130.31104,32.35777],[130.30383,32.36328],[130.2996,32.35919],[130.30192,32.35067],[130.30845,32.35128],[130.31612,32.34845],[130.31391,32.34423],[130.32137,32.34041],[130.32965,32.34787],[130.33924,32.34731],[130.34067,32.35181],[130.33322,32.35473],[130.33061,32.35847],[130.32015,32.36295],[130.32219,32.3672],[130.31461,32.36802]]],[[[130.35066,32.37186],[130.34197,32.37117],[130.34127,32.36653],[130.34915,32.36055],[130.35476,32.36372],[130.35066,32.37186]]],[[[130.23575,32.38063],[130.22997,32.37723],[130.22951,32.36651],[130.23594,32.36807],[130.23575,32.38063]]],[[[130.39074,32.50161],[130.39146,32.50758],[130.38945,32.51403],[130.36867,32.51805],[130.36957,32.52456],[130.35952,32.52732],[130.34329,32.52166],[130.33484,32.52185],[130.32596,32.51879],[130.31573,32.51759],[130.31112,32.51056],[130.29393,32.49794],[130.29455,32.49244],[130.28178,32.48408],[130.27299,32.48307],[130.26799,32.47966],[130.25903,32.479],[130.25096,32.47028],[130.24012,32.466],[130.2334,32.46051],[130.23016,32.46184],[130.21655,32.45717],[130.21044,32.45276],[130.2046,32.45144],[130.20551,32.44199],[130.20995,32.43685],[130.21042,32.43132],[130.21931,32.42301],[130.2251,32.41206],[130.23176,32.41513],[130.24081,32.41549],[130.24388,32.41241],[130.24394,32.40165],[130.24596,32.39688],[130.23416,32.3874],[130.24334,32.38449],[130.25244,32.38751],[130.25237,32.39322],[130.26062,32.40378],[130.26194,32.41053],[130.27485,32.41209],[130.27845,32.40282],[130.28626,32.39923],[130.28999,32.40113],[130.30084,32.3991],[130.30861,32.396],[130.3294,32.39924],[130.3342,32.40343],[130.3418,32.40632],[130.3509,32.41781],[130.35415,32.40515],[130.36191,32.40158],[130.36651,32.40464],[130.36652,32.41091],[130.37517,32.4181],[130.38256,32.43747],[130.38168,32.44547],[130.3686,32.4426],[130.36481,32.44004],[130.3476,32.44545],[130.33932,32.45537],[130.3374,32.46132],[130.34274,32.47105],[130.34088,32.47525],[130.34364,32.48211],[130.35083,32.48205],[130.35543,32.47834],[130.36623,32.47747],[130.37404,32.48027],[130.3791,32.4785],[130.38182,32.48459],[130.38115,32.49626],[130.39074,32.50161]]],[[[130.01807,32.43922],[130.00664,32.42796],[130.00272,32.41411],[130.00432,32.41066],[129.99817,32.40352],[129.99634,32.39123],[129.98836,32.38405],[129.99398,32.38267],[129.9939,32.37676],[129.98785,32.37545],[129.97963,32.36602],[129.9748,32.35584],[129.97774,32.34576],[129.98105,32.34184],[129.9795,32.33366],[129.98085,32.3251],[129.98731,32.32193],[129.99249,32.32322],[129.99526,32.31472],[129.99379,32.30739],[130.00525,32.30922],[130.00716,32.31173],[130.01782,32.31404],[130.01795,32.30972],[130.02841,32.30898],[130.0307,32.30318],[130.03686,32.30495],[130.03819,32.31294],[130.05419,32.30945],[130.05808,32.30328],[130.0657,32.30578],[130.07143,32.30046],[130.06668,32.29643],[130.0614,32.2963],[130.06715,32.28859],[130.06284,32.28469],[130.06279,32.27853],[130.05173,32.27876],[130.05147,32.28706],[130.04403,32.29813],[130.035,32.30236],[130.03033,32.29402],[130.03176,32.28961],[130.02619,32.28691],[130.02514,32.30134],[130.01094,32.29841],[130.00455,32.28886],[129.99379,32.28292],[129.98765,32.27662],[129.98718,32.27196],[129.98176,32.26872],[129.97055,32.2477],[129.96954,32.24295],[129.9751,32.24008],[129.98332,32.24624],[129.98981,32.23965],[130.01253,32.23527],[130.0147,32.22242],[130.00948,32.21918],[129.99989,32.21798],[129.99708,32.20438],[129.99211,32.20097],[130.00194,32.19322],[130.01261,32.19917],[130.01301,32.18954],[130.02294,32.18873],[130.03259,32.20001],[130.02948,32.20928],[130.0403,32.209],[130.0446,32.20175],[130.05553,32.20787],[130.05817,32.21124],[130.0734,32.2113],[130.08074,32.21839],[130.0724,32.22481],[130.08217,32.23013],[130.07863,32.23509],[130.08047,32.24308],[130.08948,32.24298],[130.0868,32.23779],[130.0896,32.22825],[130.10055,32.2317],[130.10287,32.24899],[130.09397,32.24687],[130.09283,32.25423],[130.10333,32.25552],[130.1069,32.25368],[130.11488,32.26794],[130.12274,32.27836],[130.13367,32.2882],[130.13782,32.28895],[130.14305,32.28377],[130.14931,32.28297],[130.16088,32.28967],[130.16647,32.29588],[130.16345,32.30155],[130.14805,32.30193],[130.14381,32.29671],[130.1401,32.29779],[130.14211,32.30586],[130.14781,32.31204],[130.1569,32.31368],[130.15187,32.32216],[130.15872,32.32406],[130.15584,32.33043],[130.15779,32.33433],[130.16452,32.32926],[130.17485,32.33937],[130.17707,32.33543],[130.16825,32.32609],[130.16812,32.31681],[130.17269,32.31048],[130.17917,32.31058],[130.18562,32.31388],[130.19516,32.32401],[130.19975,32.32265],[130.20337,32.33281],[130.20819,32.33487],[130.2072,32.34655],[130.21182,32.35541],[130.2185,32.3648],[130.22554,32.36884],[130.2213,32.3769],[130.21672,32.3802],[130.22315,32.38594],[130.21939,32.39255],[130.2091,32.39595],[130.20473,32.39496],[130.19942,32.38508],[130.19433,32.38725],[130.20142,32.39205],[130.20066,32.40161],[130.19783,32.40548],[130.20236,32.41101],[130.20985,32.41403],[130.2079,32.42198],[130.21615,32.4216],[130.20935,32.43052],[130.20808,32.43764],[130.20491,32.44137],[130.20204,32.44917],[130.20308,32.45377],[130.19696,32.4585],[130.20511,32.46421],[130.20856,32.47232],[130.20583,32.47863],[130.19685,32.48805],[130.19246,32.49613],[130.19797,32.50476],[130.19308,32.52522],[130.19504,32.53217],[130.18797,32.54855],[130.17065,32.55069],[130.14733,32.54959],[130.13832,32.5464],[130.12116,32.54668],[130.11795,32.54359],[130.11819,32.53961],[130.12649,32.53226],[130.12041,32.52108],[130.12174,32.51681],[130.11667,32.51287],[130.11519,32.50562],[130.11874,32.50373],[130.11802,32.49423],[130.10615,32.48169],[130.09746,32.48195],[130.08837,32.47108],[130.08256,32.45971],[130.09388,32.45089],[130.09539,32.43952],[130.09485,32.42944],[130.09079,32.42917],[130.08401,32.43616],[130.0775,32.43933],[130.05571,32.43927],[130.04133,32.4337],[130.0367,32.43529],[130.0205,32.43639],[130.01807,32.43922]]]]}},{"type":"Feature","properties":{"code":"43216","name":"合志市","pref":"熊本県","pref_code":"43","cx":130.77777,"cy":32.89007,"bbox":[130.71998,32.85164,130.84712,32.92753]},"geometry":{"type":"Polygon","coordinates":[[[130.74856,32.85783],[130.75628,32.86416],[130.76605,32.86556],[130.76849,32.86058],[130.78066,32.86828],[130.78775,32.87061],[130.78842,32.87562],[130.79417,32.87459],[130.80336,32.87673],[130.82493,32.8836],[130.82592,32.88663],[130.83588,32.89198],[130.84712,32.89332],[130.8401,32.89463],[130.83166,32.90156],[130.82649,32.90753],[130.81609,32.90922],[130.80844,32.91298],[130.79537,32.91423],[130.79051,32.91123],[130.77392,32.92003],[130.76568,32.92144],[130.75219,32.92701],[130.73547,32.92562],[130.72975,32.92753],[130.72504,32.9177],[130.72209,32.90695],[130.72295,32.90048],[130.71998,32.89695],[130.72424,32.88789],[130.73011,32.88816],[130.73093,32.86203],[130.72561,32.85369],[130.73175,32.85164],[130.74096,32.85385],[130.74856,32.85783]]]}},{"type":"Feature","properties":{"code":"43348","name":"下益城郡美里町","pref":"熊本県","pref_code":"43","cx":130.87194,"cy":32.60764,"bbox":[130.77421,32.56077,130.97721,32.66488]},"geometry":{"type":"Polygon","coordinates":[[[130.95057,32.57946],[130.94841,32.585],[130.95778,32.59496],[130.96623,32.59926],[130.96412,32.61395],[130.95676,32.62948],[130.94923,32.63453],[130.95336,32.63856],[130.96721,32.63828],[130.97721,32.6427],[130.97273,32.64655],[130.96201,32.64662],[130.95898,32.64896],[130.9477,32.64794],[130.94285,32.65055],[130.93919,32.65746],[130.92081,32.65683],[130.90325,32.66488],[130.89188,32.66193],[130.87612,32.66417],[130.87234,32.66209],[130.87378,32.65497],[130.86704,32.64659],[130.86168,32.64681],[130.84181,32.63804],[130.84258,32.6353],[130.83759,32.62816],[130.82528,32.62791],[130.82025,32.62628],[130.81562,32.6294],[130.80732,32.63898],[130.80808,32.64313],[130.80036,32.65259],[130.80026,32.65893],[130.79294,32.65772],[130.78492,32.66235],[130.77634,32.66333],[130.77421,32.65152],[130.77833,32.64006],[130.77704,32.6291],[130.77977,32.6277],[130.77857,32.60134],[130.78271,32.59536],[130.78876,32.59438],[130.79303,32.57859],[130.80386,32.56826],[130.81508,32.56692],[130.82102,32.56077],[130.82788,32.56184],[130.84221,32.57082],[130.84628,32.56946],[130.85225,32.57266],[130.86146,32.57423],[130.87054,32.57216],[130.88376,32.57411],[130.89223,32.57075],[130.90898,32.57593],[130.90729,32.58376],[130.91356,32.58478],[130.92212,32.57939],[130.92332,32.57457],[130.93897,32.57794],[130.94692,32.57664],[130.95057,32.57946]]]}},{"type":"Feature","properties":{"code":"43364","name":"玉名郡玉東町","pref":"熊本県","pref_code":"43","cx":130.63279,"cy":32.90041,"bbox":[130.60618,32.86094,130.65196,32.9447]},"geometry":{"type":"Polygon","coordinates":[[[130.63477,32.86094],[130.63846,32.86503],[130.6398,32.87338],[130.64485,32.88494],[130.65196,32.88794],[130.64937,32.89252],[130.64656,32.90802],[130.6372,32.91623],[130.64624,32.93155],[130.65161,32.93221],[130.64432,32.93786],[130.64029,32.93846],[130.63516,32.94359],[130.62941,32.9447],[130.62639,32.94125],[130.62132,32.93373],[130.61258,32.92574],[130.60871,32.9242],[130.60618,32.91753],[130.61527,32.915],[130.61784,32.90395],[130.61745,32.89687],[130.60733,32.89117],[130.60749,32.88496],[130.61238,32.87532],[130.62624,32.86198],[130.63477,32.86094]]]}},{"type":"Feature","properties":{"code":"43367","name":"玉名郡南関町","pref":"熊本県","pref_code":"43","cx":130.54982,"cy":33.03889,"bbox":[130.49504,32.98835,130.59881,33.08725]},"geometry":{"type":"Polygon","coordinates":[[[130.52775,32.98835],[130.55847,32.99513],[130.57143,32.99158],[130.58021,32.99103],[130.5889,32.99734],[130.5849,32.99999],[130.587,33.00598],[130.58531,33.01602],[130.59448,33.01618],[130.59881,33.02786],[130.59646,33.04099],[130.59103,33.0524],[130.58523,33.05098],[130.58199,33.05834],[130.57352,33.06764],[130.57629,33.07317],[130.57217,33.08387],[130.56572,33.08725],[130.55596,33.08609],[130.54663,33.08057],[130.54137,33.08201],[130.53537,33.07805],[130.53225,33.0655],[130.51687,33.06557],[130.51309,33.06152],[130.50406,33.05803],[130.49504,33.04868],[130.50447,33.03679],[130.50558,33.02607],[130.51095,33.02314],[130.52114,33.00083],[130.52041,32.99663],[130.52775,32.98835]]]}},{"type":"Feature","properties":{"code":"43368","name":"玉名郡長洲町","pref":"熊本県","pref_code":"43","cx":130.46731,"cy":32.92652,"bbox":[130.43778,32.90044,130.49702,32.9512]},"geometry":{"type":"Polygon","coordinates":[[[130.43778,32.9419],[130.44317,32.92788],[130.43974,32.92086],[130.44427,32.91477],[130.4516,32.9091],[130.45634,32.9139],[130.46341,32.91196],[130.45702,32.90543],[130.4626,32.90144],[130.47081,32.90044],[130.47648,32.90499],[130.48766,32.91974],[130.49042,32.92516],[130.49656,32.93006],[130.49702,32.93668],[130.49246,32.93937],[130.49523,32.9508],[130.48724,32.94884],[130.47556,32.9512],[130.4658,32.93952],[130.4585,32.93976],[130.45424,32.94559],[130.44373,32.94547],[130.43778,32.9419]]]}},{"type":"Feature","properties":{"code":"43369","name":"玉名郡和水町","pref":"熊本県","pref_code":"43","cx":130.62422,"cy":33.03184,"bbox":[130.5612,32.94125,130.65593,33.11602]},"geometry":{"type":"Polygon","coordinates":[[[130.62639,32.94125],[130.62941,32.9447],[130.63198,32.96073],[130.63605,32.96613],[130.6508,32.96268],[130.65465,32.97189],[130.65074,32.97528],[130.64307,32.97621],[130.64792,32.98733],[130.64159,32.99442],[130.64598,32.99808],[130.64672,33.00615],[130.63737,33.00943],[130.63831,33.01387],[130.63211,33.01959],[130.63604,33.02297],[130.64842,33.02641],[130.65174,33.03581],[130.65311,33.04822],[130.64952,33.05226],[130.63534,33.05371],[130.63646,33.0609],[130.63277,33.06677],[130.6325,33.07349],[130.63947,33.08005],[130.65071,33.08358],[130.65535,33.08922],[130.65593,33.09662],[130.65122,33.10323],[130.65568,33.10862],[130.64013,33.11339],[130.62134,33.11129],[130.61555,33.1086],[130.60701,33.11039],[130.60101,33.11479],[130.58976,33.11394],[130.5802,33.11602],[130.57316,33.11174],[130.5708,33.10674],[130.5618,33.10419],[130.5612,33.09591],[130.56543,33.09163],[130.56572,33.08725],[130.57217,33.08387],[130.57629,33.07317],[130.57352,33.06764],[130.58199,33.05834],[130.58523,33.05098],[130.59103,33.0524],[130.59646,33.04099],[130.59881,33.02786],[130.59448,33.01618],[130.58531,33.01602],[130.587,33.00598],[130.5849,32.99999],[130.5889,32.99734],[130.58021,32.99103],[130.58272,32.98785],[130.59199,32.98919],[130.59977,32.98459],[130.60321,32.97722],[130.59684,32.97351],[130.59509,32.96419],[130.5905,32.96071],[130.59271,32.95729],[130.59931,32.96059],[130.60661,32.95991],[130.61067,32.95532],[130.60755,32.95224],[130.61172,32.94643],[130.61565,32.94949],[130.62639,32.94125]]]}},{"type":"Feature","properties":{"code":"43403","name":"菊池郡大津町","pref":"熊本県","pref_code":"43","cx":130.89951,"cy":32.8981,"bbox":[130.83166,32.83681,130.98847,32.95367]},"geometry":{"type":"Polygon","coordinates":[[[130.83166,32.90156],[130.8401,32.89463],[130.84712,32.89332],[130.85399,32.8847],[130.85225,32.87117],[130.85325,32.85796],[130.85708,32.85451],[130.86449,32.85391],[130.86374,32.84471],[130.87373,32.84264],[130.87498,32.83681],[130.88175,32.83774],[130.88634,32.84482],[130.89331,32.84828],[130.90089,32.84846],[130.89826,32.85418],[130.90242,32.85751],[130.91102,32.85843],[130.92171,32.86147],[130.92618,32.86116],[130.94262,32.865],[130.94562,32.86686],[130.96189,32.86746],[130.97413,32.86264],[130.97809,32.86253],[130.98479,32.86776],[130.98847,32.87475],[130.978,32.87206],[130.97249,32.87552],[130.95743,32.87303],[130.94881,32.87754],[130.96675,32.90327],[130.95729,32.91378],[130.96635,32.9243],[130.9599,32.93513],[130.95818,32.94171],[130.96455,32.94684],[130.95891,32.9491],[130.9562,32.95367],[130.9515,32.94941],[130.93813,32.94966],[130.93684,32.94498],[130.92966,32.94052],[130.92453,32.93454],[130.90908,32.93561],[130.8881,32.92987],[130.86287,32.93103],[130.86136,32.92747],[130.86539,32.91941],[130.84041,32.92439],[130.83689,32.91946],[130.83937,32.91523],[130.83786,32.9084],[130.83166,32.90156]]]}},{"type":"Feature","properties":{"code":"43404","name":"菊池郡菊陽町","pref":"熊本県","pref_code":"43","cx":130.82076,"cy":32.85758,"bbox":[130.74856,32.82201,130.8744,32.89332]},"geometry":{"type":"Polygon","coordinates":[[[130.82778,32.82537],[130.8337,32.82201],[130.83757,32.82663],[130.84642,32.8319],[130.86017,32.83545],[130.86439,32.83526],[130.8744,32.84007],[130.87373,32.84264],[130.86374,32.84471],[130.86449,32.85391],[130.85708,32.85451],[130.85325,32.85796],[130.85225,32.87117],[130.85399,32.8847],[130.84712,32.89332],[130.83588,32.89198],[130.82592,32.88663],[130.82493,32.8836],[130.80336,32.87673],[130.79417,32.87459],[130.78842,32.87562],[130.78775,32.87061],[130.78066,32.86828],[130.76849,32.86058],[130.76605,32.86556],[130.75628,32.86416],[130.74856,32.85783],[130.75216,32.85542],[130.7601,32.85733],[130.77633,32.85794],[130.77965,32.85638],[130.78739,32.85831],[130.79051,32.85333],[130.80481,32.85222],[130.80766,32.83743],[130.82066,32.8385],[130.8281,32.83117],[130.82778,32.82537]]]}},{"type":"Feature","properties":{"code":"43423","name":"阿蘇郡南小国町","pref":"熊本県","pref_code":"43","cx":131.10219,"cy":33.06677,"bbox":[130.9982,33.01933,131.19662,33.11616]},"geometry":{"type":"Polygon","coordinates":[[[131.16532,33.03916],[131.17079,33.05158],[131.18346,33.06234],[131.19662,33.07106],[131.1933,33.07755],[131.18604,33.07383],[131.17455,33.08308],[131.17225,33.08971],[131.1748,33.09679],[131.17317,33.10464],[131.16477,33.10303],[131.14711,33.10646],[131.14185,33.10424],[131.13912,33.09932],[131.13446,33.09772],[131.12709,33.09985],[131.12263,33.09686],[131.11591,33.0982],[131.10488,33.09689],[131.09199,33.10025],[131.08819,33.09718],[131.08155,33.10465],[131.0802,33.11154],[131.07118,33.11616],[131.06438,33.10567],[131.05789,33.1036],[131.05411,33.10782],[131.05575,33.11316],[131.03611,33.10781],[131.03404,33.09822],[131.03125,33.09606],[131.01954,33.09645],[131.01829,33.09408],[131.02405,33.08754],[131.019,33.08076],[131.01445,33.07968],[131.01072,33.06985],[131.01774,33.06369],[131.01267,33.05245],[131.01454,33.04769],[131.01179,33.04312],[131.00486,33.03981],[131.00329,33.03282],[130.9982,33.0283],[131.00743,33.01933],[131.0625,33.03004],[131.06872,33.0396],[131.07449,33.03954],[131.08785,33.04283],[131.09432,33.03149],[131.11282,33.03806],[131.12165,33.04002],[131.12728,33.04567],[131.14276,33.04113],[131.16077,33.04137],[131.16532,33.03916]]]}},{"type":"Feature","properties":{"code":"43424","name":"阿蘇郡小国町","pref":"熊本県","pref_code":"43","cx":131.0666,"cy":33.14601,"bbox":[130.97852,33.09408,131.17317,33.19512]},"geometry":{"type":"Polygon","coordinates":[[[131.17317,33.10464],[131.16626,33.11106],[131.16359,33.11649],[131.16593,33.11963],[131.16693,33.12874],[131.16122,33.14077],[131.15765,33.14178],[131.14795,33.14978],[131.14784,33.15503],[131.13387,33.16006],[131.12894,33.16696],[131.12117,33.16775],[131.11838,33.17031],[131.11554,33.18027],[131.10558,33.18635],[131.0995,33.18789],[131.0954,33.18517],[131.082,33.18879],[131.06746,33.19143],[131.06035,33.19512],[131.03885,33.19413],[131.03594,33.18833],[131.02825,33.18642],[131.01657,33.17793],[131.00575,33.17774],[131.00311,33.18059],[130.99424,33.18384],[130.99294,33.1774],[130.98895,33.17602],[130.98549,33.16839],[130.98513,33.16107],[130.98193,33.15612],[130.98426,33.15234],[130.97852,33.14224],[130.98455,33.13461],[130.9916,33.12977],[130.99405,33.11942],[131.00031,33.11633],[131.00461,33.11019],[131.00898,33.10859],[131.01829,33.09408],[131.01954,33.09645],[131.03125,33.09606],[131.03404,33.09822],[131.03611,33.10781],[131.05575,33.11316],[131.05411,33.10782],[131.05789,33.1036],[131.06438,33.10567],[131.07118,33.11616],[131.0802,33.11154],[131.08155,33.10465],[131.08819,33.09718],[131.09199,33.10025],[131.10488,33.09689],[131.11591,33.0982],[131.12263,33.09686],[131.12709,33.09985],[131.13446,33.09772],[131.13912,33.09932],[131.14185,33.10424],[131.14711,33.10646],[131.16477,33.10303],[131.17317,33.10464]]]}},{"type":"Feature","properties":{"code":"43425","name":"阿蘇郡産山村","pref":"熊本県","pref_code":"43","cx":131.1895,"cy":33.01489,"bbox":[131.15123,32.95982,131.26321,33.07106]},"geometry":{"type":"Polygon","coordinates":[[[131.24627,32.96076],[131.24737,32.96331],[131.256,32.96344],[131.26091,32.96946],[131.26321,32.97715],[131.25671,32.98036],[131.24723,32.98244],[131.24616,32.98859],[131.24771,32.99524],[131.24051,33.00039],[131.23532,33.00852],[131.22843,33.01181],[131.22362,33.01716],[131.22557,33.02371],[131.22119,33.02995],[131.21599,33.05106],[131.19662,33.07106],[131.18346,33.06234],[131.17079,33.05158],[131.16532,33.03916],[131.16192,33.02662],[131.15123,33.0226],[131.15395,33.01261],[131.16717,33.01151],[131.17109,33.00646],[131.18105,33.00309],[131.18548,32.99912],[131.18115,32.99334],[131.18548,32.99065],[131.18681,32.97226],[131.19315,32.97094],[131.19823,32.97269],[131.21388,32.97271],[131.21664,32.97082],[131.21925,32.96233],[131.22437,32.96349],[131.22792,32.95982],[131.23731,32.96214],[131.24627,32.96076]]]}},{"type":"Feature","properties":{"code":"43428","name":"阿蘇郡高森町","pref":"熊本県","pref_code":"43","cx":131.1982,"cy":32.83049,"bbox":[131.09453,32.75344,131.32748,32.90865]},"geometry":{"type":"Polygon","coordinates":[[[131.09762,32.88333],[131.09899,32.87862],[131.09453,32.87372],[131.09789,32.86585],[131.10483,32.85646],[131.10576,32.84952],[131.11237,32.8413],[131.10628,32.84139],[131.10431,32.83604],[131.10702,32.83238],[131.11305,32.83312],[131.1143,32.82848],[131.11145,32.80712],[131.11522,32.79555],[131.12716,32.79481],[131.13616,32.79886],[131.14193,32.80493],[131.14319,32.81559],[131.14869,32.81966],[131.15905,32.81916],[131.16157,32.81623],[131.16992,32.81444],[131.17822,32.80457],[131.19224,32.80275],[131.19961,32.79573],[131.205,32.78735],[131.20388,32.78052],[131.20045,32.77473],[131.20165,32.76841],[131.20815,32.76586],[131.21252,32.75809],[131.23422,32.75344],[131.23715,32.75845],[131.24159,32.75997],[131.24646,32.7694],[131.23721,32.77705],[131.23735,32.78449],[131.24537,32.78655],[131.24661,32.79899],[131.25526,32.80467],[131.2549,32.80929],[131.25782,32.8181],[131.26256,32.81848],[131.26543,32.82648],[131.27264,32.82415],[131.27607,32.82875],[131.28608,32.8314],[131.29155,32.8278],[131.30154,32.82957],[131.30891,32.82817],[131.3229,32.82865],[131.32748,32.83672],[131.32245,32.84416],[131.31016,32.85283],[131.29451,32.857],[131.27945,32.86997],[131.27344,32.871],[131.27162,32.87693],[131.26384,32.8794],[131.25739,32.88743],[131.25322,32.89804],[131.2538,32.90865],[131.24932,32.90666],[131.23037,32.90215],[131.22883,32.8992],[131.20693,32.88468],[131.19661,32.88039],[131.17764,32.87457],[131.17761,32.87791],[131.17073,32.8838],[131.1617,32.88856],[131.15191,32.8868],[131.14265,32.8829],[131.13896,32.88479],[131.11592,32.8871],[131.10658,32.88629],[131.10294,32.88293],[131.09762,32.88333]]]}},{"type":"Feature","properties":{"code":"43432","name":"阿蘇郡西原村","pref":"熊本県","pref_code":"43","cx":130.92829,"cy":32.82426,"bbox":[130.87183,32.77952,130.99592,32.86746]},"geometry":{"type":"Polygon","coordinates":[[[130.87498,32.83681],[130.88048,32.82017],[130.87628,32.81677],[130.87613,32.81136],[130.87183,32.80694],[130.87446,32.80056],[130.87992,32.79863],[130.88997,32.78568],[130.89663,32.78276],[130.91215,32.78607],[130.92616,32.7838],[130.9332,32.77952],[130.94214,32.78459],[130.9485,32.79083],[130.955,32.78949],[130.96026,32.78437],[130.98272,32.79679],[130.9909,32.80383],[130.99592,32.80467],[130.98977,32.81356],[130.97655,32.81497],[130.97917,32.8231],[130.97575,32.82542],[130.97184,32.83442],[130.97495,32.83983],[130.98004,32.84059],[130.97936,32.84992],[130.97257,32.85664],[130.97809,32.86253],[130.97413,32.86264],[130.96189,32.86746],[130.94562,32.86686],[130.94262,32.865],[130.92618,32.86116],[130.92171,32.86147],[130.91102,32.85843],[130.90242,32.85751],[130.89826,32.85418],[130.90089,32.84846],[130.89331,32.84828],[130.88634,32.84482],[130.88175,32.83774],[130.87498,32.83681]]]}},{"type":"Feature","properties":{"code":"43433","name":"阿蘇郡南阿蘇村","pref":"熊本県","pref_code":"43","cx":131.04436,"cy":32.84546,"bbox":[130.94881,32.78365,131.11522,32.90987]},"geometry":{"type":"Polygon","coordinates":[[[130.96675,32.90327],[130.94881,32.87754],[130.95743,32.87303],[130.97249,32.87552],[130.978,32.87206],[130.98847,32.87475],[130.98479,32.86776],[130.97809,32.86253],[130.97257,32.85664],[130.97936,32.84992],[130.98004,32.84059],[130.97495,32.83983],[130.97184,32.83442],[130.97575,32.82542],[130.97917,32.8231],[130.97655,32.81497],[130.98977,32.81356],[130.99592,32.80467],[130.99499,32.79887],[130.99871,32.7917],[131.00286,32.78879],[131.01436,32.78576],[131.02406,32.78676],[131.03036,32.7893],[131.03846,32.78365],[131.04562,32.78508],[131.05003,32.7893],[131.06688,32.79286],[131.07338,32.79184],[131.08149,32.79495],[131.08524,32.79113],[131.09377,32.79513],[131.09648,32.79247],[131.10826,32.7919],[131.11522,32.79555],[131.11145,32.80712],[131.1143,32.82848],[131.11305,32.83312],[131.10702,32.83238],[131.10431,32.83604],[131.10628,32.84139],[131.11237,32.8413],[131.10576,32.84952],[131.10483,32.85646],[131.09789,32.86585],[131.09453,32.87372],[131.09899,32.87862],[131.09762,32.88333],[131.09022,32.8847],[131.06647,32.88034],[131.06117,32.88537],[131.05168,32.88898],[131.04159,32.89461],[131.03178,32.89818],[131.02604,32.89565],[131.01998,32.89726],[131.01995,32.90231],[131.0019,32.90717],[131.00033,32.90895],[130.98764,32.90987],[130.98456,32.90721],[130.98836,32.90275],[130.97918,32.9],[130.96675,32.90327]]]}},{"type":"Feature","properties":{"code":"43441","name":"上益城郡御船町","pref":"熊本県","pref_code":"43","cx":130.8239,"cy":32.72437,"bbox":[130.75705,32.66193,130.96026,32.79083]},"geometry":{"type":"Polygon","coordinates":[[[130.75972,32.72033],[130.76685,32.717],[130.78065,32.71383],[130.7902,32.70744],[130.78783,32.70235],[130.79006,32.69599],[130.79632,32.69347],[130.79938,32.70164],[130.80649,32.70133],[130.81634,32.69336],[130.82849,32.69245],[130.8412,32.69798],[130.84634,32.68956],[130.85664,32.68905],[130.85983,32.68444],[130.85954,32.67911],[130.86684,32.67993],[130.86839,32.67676],[130.8754,32.67385],[130.87612,32.66417],[130.89188,32.66193],[130.90325,32.66488],[130.89857,32.66571],[130.89087,32.67121],[130.89047,32.68086],[130.89541,32.68361],[130.89727,32.68905],[130.89393,32.69257],[130.89186,32.71757],[130.88788,32.72041],[130.89249,32.73224],[130.89133,32.74365],[130.89897,32.74508],[130.90826,32.75249],[130.91784,32.75583],[130.92833,32.76335],[130.94447,32.76991],[130.95861,32.77826],[130.96026,32.78437],[130.955,32.78949],[130.9485,32.79083],[130.94214,32.78459],[130.9332,32.77952],[130.92616,32.7838],[130.91215,32.78607],[130.89663,32.78276],[130.88997,32.78568],[130.88823,32.77695],[130.87562,32.7706],[130.83983,32.76722],[130.84013,32.75935],[130.83005,32.75291],[130.83451,32.73504],[130.829,32.73611],[130.82592,32.73295],[130.81659,32.73137],[130.8144,32.73842],[130.80789,32.74556],[130.7994,32.7469],[130.79727,32.74933],[130.7901,32.74189],[130.78493,32.74273],[130.77556,32.73804],[130.77134,32.73284],[130.76543,32.73278],[130.75705,32.72833],[130.75972,32.72033]]]}},{"type":"Feature","properties":{"code":"43442","name":"上益城郡嘉島町","pref":"熊本県","pref_code":"43","cx":130.76148,"cy":32.74735,"bbox":[130.6995,32.72833,130.79727,32.76444]},"geometry":{"type":"Polygon","coordinates":[[[130.72895,32.75028],[130.72581,32.74345],[130.71975,32.74537],[130.71252,32.73827],[130.70677,32.74074],[130.6995,32.73586],[130.71395,32.73541],[130.72479,32.73714],[130.73822,32.73507],[130.74722,32.73493],[130.75705,32.72833],[130.76543,32.73278],[130.77134,32.73284],[130.77556,32.73804],[130.78493,32.74273],[130.7901,32.74189],[130.79727,32.74933],[130.78841,32.75649],[130.784,32.75727],[130.77834,32.76339],[130.77082,32.76298],[130.76466,32.76029],[130.7612,32.76444],[130.75444,32.76221],[130.74653,32.75378],[130.72895,32.75028]]]}},{"type":"Feature","properties":{"code":"43443","name":"上益城郡益城町","pref":"熊本県","pref_code":"43","cx":130.8349,"cy":32.79105,"bbox":[130.77812,32.73137,130.88997,32.84007]},"geometry":{"type":"Polygon","coordinates":[[[130.77834,32.76339],[130.784,32.75727],[130.78841,32.75649],[130.79727,32.74933],[130.7994,32.7469],[130.80789,32.74556],[130.8144,32.73842],[130.81659,32.73137],[130.82592,32.73295],[130.829,32.73611],[130.83451,32.73504],[130.83005,32.75291],[130.84013,32.75935],[130.83983,32.76722],[130.87562,32.7706],[130.88823,32.77695],[130.88997,32.78568],[130.87992,32.79863],[130.87446,32.80056],[130.87183,32.80694],[130.87613,32.81136],[130.87628,32.81677],[130.88048,32.82017],[130.87498,32.83681],[130.8744,32.84007],[130.86439,32.83526],[130.86017,32.83545],[130.84642,32.8319],[130.83757,32.82663],[130.8337,32.82201],[130.82778,32.82537],[130.82905,32.81539],[130.8157,32.81542],[130.80874,32.81232],[130.80617,32.80584],[130.78726,32.79964],[130.78301,32.80517],[130.77812,32.80454],[130.78346,32.79641],[130.78464,32.78454],[130.7876,32.7787],[130.79155,32.77789],[130.79551,32.7699],[130.77834,32.76339]]]}},{"type":"Feature","properties":{"code":"43444","name":"上益城郡甲佐町","pref":"熊本県","pref_code":"43","cx":130.82555,"cy":32.66999,"bbox":[130.75341,32.62628,130.87612,32.72033]},"geometry":{"type":"Polygon","coordinates":[[[130.77686,32.66614],[130.77634,32.66333],[130.78492,32.66235],[130.79294,32.65772],[130.80026,32.65893],[130.80036,32.65259],[130.80808,32.64313],[130.80732,32.63898],[130.81562,32.6294],[130.82025,32.62628],[130.82528,32.62791],[130.83759,32.62816],[130.84258,32.6353],[130.84181,32.63804],[130.86168,32.64681],[130.86704,32.64659],[130.87378,32.65497],[130.87234,32.66209],[130.87612,32.66417],[130.8754,32.67385],[130.86839,32.67676],[130.86684,32.67993],[130.85954,32.67911],[130.85983,32.68444],[130.85664,32.68905],[130.84634,32.68956],[130.8412,32.69798],[130.82849,32.69245],[130.81634,32.69336],[130.80649,32.70133],[130.79938,32.70164],[130.79632,32.69347],[130.79006,32.69599],[130.78783,32.70235],[130.7902,32.70744],[130.78065,32.71383],[130.76685,32.717],[130.75972,32.72033],[130.76184,32.71165],[130.75341,32.70868],[130.75377,32.69972],[130.76477,32.69265],[130.76431,32.6865],[130.77053,32.68311],[130.77686,32.66614]]]}},{"type":"Feature","properties":{"code":"43447","name":"上益城郡山都町","pref":"熊本県","pref_code":"43","cx":131.03419,"cy":32.68418,"bbox":[130.88788,32.54922,131.23485,32.81966]},"geometry":{"type":"Polygon","coordinates":[[[131.01947,32.54922],[131.02395,32.55333],[131.03896,32.55443],[131.04044,32.56087],[131.03772,32.56473],[131.04238,32.57441],[131.04325,32.58234],[131.05219,32.58772],[131.06839,32.58402],[131.07446,32.58481],[131.0786,32.58178],[131.0879,32.57924],[131.09942,32.57845],[131.1082,32.58206],[131.10606,32.58916],[131.11348,32.59138],[131.11951,32.59885],[131.12051,32.60548],[131.11621,32.60949],[131.11594,32.62095],[131.11987,32.62915],[131.11558,32.63543],[131.11622,32.64266],[131.12365,32.64463],[131.12722,32.65421],[131.14019,32.66465],[131.14327,32.67006],[131.14322,32.67589],[131.15139,32.68006],[131.15812,32.6776],[131.16314,32.67169],[131.17478,32.67184],[131.17524,32.67937],[131.17247,32.68475],[131.17559,32.68711],[131.17508,32.69341],[131.18041,32.70013],[131.18193,32.70602],[131.17935,32.70975],[131.18995,32.72199],[131.20614,32.73016],[131.21193,32.72869],[131.2315,32.74403],[131.23485,32.74429],[131.23422,32.75344],[131.21252,32.75809],[131.20815,32.76586],[131.20165,32.76841],[131.20045,32.77473],[131.20388,32.78052],[131.205,32.78735],[131.19961,32.79573],[131.19224,32.80275],[131.17822,32.80457],[131.16992,32.81444],[131.16157,32.81623],[131.15905,32.81916],[131.14869,32.81966],[131.14319,32.81559],[131.14193,32.80493],[131.13616,32.79886],[131.12716,32.79481],[131.11522,32.79555],[131.10826,32.7919],[131.09648,32.79247],[131.09377,32.79513],[131.08524,32.79113],[131.08149,32.79495],[131.07338,32.79184],[131.06688,32.79286],[131.05003,32.7893],[131.04562,32.78508],[131.03846,32.78365],[131.03036,32.7893],[131.02406,32.78676],[131.01436,32.78576],[131.00286,32.78879],[130.99871,32.7917],[130.99499,32.79887],[130.99592,32.80467],[130.9909,32.80383],[130.98272,32.79679],[130.96026,32.78437],[130.95861,32.77826],[130.94447,32.76991],[130.92833,32.76335],[130.91784,32.75583],[130.90826,32.75249],[130.89897,32.74508],[130.89133,32.74365],[130.89249,32.73224],[130.88788,32.72041],[130.89186,32.71757],[130.89393,32.69257],[130.89727,32.68905],[130.89541,32.68361],[130.89047,32.68086],[130.89087,32.67121],[130.89857,32.66571],[130.90325,32.66488],[130.92081,32.65683],[130.93919,32.65746],[130.94285,32.65055],[130.9477,32.64794],[130.95898,32.64896],[130.96201,32.64662],[130.97273,32.64655],[130.97721,32.6427],[130.96721,32.63828],[130.95336,32.63856],[130.94923,32.63453],[130.95676,32.62948],[130.96412,32.61395],[130.96623,32.59926],[130.95778,32.59496],[130.94841,32.585],[130.95057,32.57946],[130.95436,32.57712],[130.96338,32.57779],[130.96935,32.5804],[130.97855,32.57723],[130.98802,32.57134],[130.9962,32.56882],[131.00022,32.57],[131.00971,32.56103],[131.01947,32.54922]]]}},{"type":"Feature","properties":{"code":"43468","name":"八代郡氷川町","pref":"熊本県","pref_code":"43","cx":130.68842,"cy":32.57664,"bbox":[130.61805,32.52762,130.72377,32.62269]},"geometry":{"type":"Polygon","coordinates":[[[130.72377,32.55858],[130.71566,32.56341],[130.70689,32.57207],[130.71396,32.57828],[130.70551,32.58464],[130.69835,32.58048],[130.67821,32.59246],[130.67904,32.59765],[130.65211,32.6099],[130.645,32.61604],[130.64136,32.61416],[130.63047,32.62269],[130.61805,32.61929],[130.61937,32.61504],[130.634,32.6034],[130.63278,32.60212],[130.6576,32.58154],[130.66713,32.57501],[130.67403,32.5681],[130.67668,32.56283],[130.67049,32.56105],[130.67023,32.55279],[130.664,32.5449],[130.67604,32.53972],[130.68665,32.52762],[130.70059,32.53563],[130.69649,32.54437],[130.70446,32.54368],[130.71121,32.54882],[130.71467,32.55726],[130.72377,32.55858]]]}},{"type":"Feature","properties":{"code":"43482","name":"葦北郡芦北町","pref":"熊本県","pref_code":"43","cx":130.54265,"cy":32.29561,"bbox":[130.46363,32.18253,130.64219,32.41028]},"geometry":{"type":"Polygon","coordinates":[[[130.53806,32.41028],[130.51957,32.39365],[130.51358,32.39218],[130.51164,32.38757],[130.4892,32.36635],[130.48847,32.36057],[130.49578,32.36239],[130.50761,32.35815],[130.50747,32.35479],[130.49383,32.35051],[130.4828,32.34201],[130.47983,32.33538],[130.48464,32.3338],[130.48027,32.32694],[130.4736,32.33152],[130.46624,32.32141],[130.47151,32.31589],[130.47217,32.30138],[130.49003,32.3],[130.4776,32.28696],[130.4656,32.29643],[130.46786,32.28554],[130.46687,32.27934],[130.46363,32.2768],[130.46856,32.26949],[130.46599,32.25948],[130.46863,32.25595],[130.48961,32.25],[130.48992,32.24504],[130.49515,32.24159],[130.49224,32.22628],[130.49232,32.21427],[130.46981,32.20976],[130.47163,32.20616],[130.48256,32.19931],[130.4928,32.19827],[130.4989,32.19543],[130.50313,32.18894],[130.51457,32.18253],[130.5199,32.18608],[130.52499,32.18616],[130.52991,32.18962],[130.54715,32.19627],[130.57456,32.19318],[130.5794,32.19438],[130.58696,32.20718],[130.58156,32.21095],[130.58248,32.21852],[130.58744,32.22919],[130.5846,32.2356],[130.58459,32.24248],[130.59158,32.24897],[130.59319,32.2579],[130.59051,32.26222],[130.59736,32.26921],[130.61388,32.27714],[130.60497,32.27939],[130.60379,32.29184],[130.59862,32.29478],[130.60937,32.30546],[130.61244,32.3106],[130.60092,32.32729],[130.60421,32.34284],[130.61021,32.34774],[130.61637,32.34748],[130.63587,32.3549],[130.64165,32.36014],[130.64219,32.36489],[130.631,32.36728],[130.62522,32.36451],[130.61974,32.37397],[130.60656,32.37606],[130.60033,32.37315],[130.58836,32.37661],[130.57777,32.3717],[130.56725,32.37656],[130.56077,32.38237],[130.55312,32.38049],[130.54991,32.37313],[130.54114,32.36507],[130.53084,32.36715],[130.52797,32.37402],[130.53425,32.38335],[130.53049,32.38639],[130.53484,32.39311],[130.53474,32.39806],[130.53938,32.39955],[130.54342,32.40575],[130.53806,32.41028]]]}},{"type":"Feature","properties":{"code":"43484","name":"葦北郡津奈木町","pref":"熊本県","pref_code":"43","cx":130.45792,"cy":32.2474,"bbox":[130.42413,32.20873,130.49515,32.29]},"geometry":{"type":"Polygon","coordinates":[[[130.46981,32.20976],[130.49232,32.21427],[130.49224,32.22628],[130.49515,32.24159],[130.48992,32.24504],[130.48961,32.25],[130.46863,32.25595],[130.46599,32.25948],[130.46856,32.26949],[130.46363,32.2768],[130.45845,32.29],[130.44876,32.28765],[130.4525,32.28115],[130.44825,32.27606],[130.4505,32.27253],[130.44271,32.26856],[130.43926,32.27084],[130.43283,32.26349],[130.43104,32.25295],[130.42413,32.24975],[130.43141,32.24087],[130.4355,32.24108],[130.43482,32.23313],[130.43223,32.23109],[130.43686,32.22594],[130.43822,32.21675],[130.44963,32.21022],[130.46573,32.20873],[130.46981,32.20976]]]}},{"type":"Feature","properties":{"code":"43501","name":"球磨郡錦町","pref":"熊本県","pref_code":"43","cx":130.84041,"cy":32.18721,"bbox":[130.78156,32.12127,130.91343,32.25151]},"geometry":{"type":"Polygon","coordinates":[[[130.87838,32.12127],[130.89731,32.12597],[130.90074,32.13238],[130.90601,32.13359],[130.91343,32.13045],[130.90761,32.13727],[130.90229,32.13647],[130.89492,32.14225],[130.89614,32.1473],[130.90289,32.15217],[130.90789,32.16116],[130.88992,32.17905],[130.88279,32.18407],[130.87871,32.19058],[130.8793,32.1967],[130.87427,32.20585],[130.86409,32.20446],[130.85507,32.20941],[130.86674,32.22122],[130.86068,32.23217],[130.86233,32.23534],[130.85883,32.24327],[130.84981,32.25151],[130.84233,32.24709],[130.82761,32.24069],[130.82062,32.23891],[130.81626,32.24186],[130.8113,32.2389],[130.8122,32.23367],[130.80783,32.23015],[130.80832,32.21682],[130.81626,32.21671],[130.8191,32.21035],[130.81201,32.20598],[130.80715,32.20718],[130.79963,32.20506],[130.78156,32.20518],[130.78481,32.19331],[130.78904,32.19447],[130.79696,32.19034],[130.80476,32.18228],[130.81177,32.183],[130.81467,32.17921],[130.81364,32.17025],[130.81855,32.16472],[130.81494,32.16055],[130.82151,32.15243],[130.81955,32.14884],[130.82526,32.14211],[130.82772,32.13518],[130.83433,32.14005],[130.84065,32.14156],[130.85078,32.129],[130.85626,32.12954],[130.85927,32.13369],[130.86874,32.13717],[130.87057,32.12866],[130.87838,32.12127]]]}},{"type":"Feature","properties":{"code":"43505","name":"球磨郡多良木町","pref":"熊本県","pref_code":"43","cx":130.94303,"cy":32.25698,"bbox":[130.88534,32.15237,131.10897,32.35872]},"geometry":{"type":"Polygon","coordinates":[[[130.94396,32.35602],[130.9353,32.35479],[130.93148,32.35872],[130.92566,32.35868],[130.91968,32.3544],[130.90599,32.35477],[130.89941,32.34987],[130.89231,32.33903],[130.89119,32.33196],[130.88534,32.32636],[130.891,32.32209],[130.89919,32.31251],[130.9044,32.30892],[130.90753,32.30058],[130.90436,32.29628],[130.90745,32.28794],[130.90717,32.2807],[130.91209,32.27313],[130.91998,32.2664],[130.91502,32.26162],[130.916,32.25373],[130.92514,32.24982],[130.92697,32.25252],[130.93564,32.2525],[130.93706,32.24671],[130.94656,32.23986],[130.95194,32.23287],[130.95497,32.2325],[130.96632,32.2247],[130.97089,32.22491],[130.98345,32.21121],[130.97967,32.20758],[130.97674,32.19049],[130.9841,32.18804],[130.98584,32.18191],[130.98219,32.173],[130.98474,32.16158],[130.99239,32.15792],[130.99802,32.16142],[131.00378,32.16952],[131.01318,32.17438],[131.01873,32.16985],[131.02636,32.17136],[131.03809,32.16989],[131.0453,32.16126],[131.05952,32.15605],[131.07017,32.15967],[131.08336,32.15464],[131.09624,32.15237],[131.10213,32.15793],[131.10897,32.16015],[131.10759,32.16601],[131.10144,32.17309],[131.10354,32.18199],[131.10219,32.1863],[131.10432,32.19201],[131.10008,32.19603],[131.10053,32.20154],[131.09448,32.20491],[131.08427,32.20619],[131.07374,32.22417],[131.06914,32.22531],[131.07092,32.23476],[131.05703,32.24594],[131.04712,32.2443],[131.04706,32.24044],[131.03709,32.23773],[131.02738,32.24353],[131.01745,32.23879],[131.0169,32.23135],[131.01084,32.22949],[131.006,32.23377],[131.0032,32.23999],[130.98215,32.24351],[130.97247,32.25292],[130.96886,32.26023],[130.97205,32.26468],[130.96849,32.26798],[130.97119,32.27442],[130.96365,32.28122],[130.97285,32.28472],[130.97428,32.29136],[130.98065,32.29949],[130.96689,32.3174],[130.95858,32.32176],[130.95512,32.32708],[130.9513,32.33765],[130.95206,32.3441],[130.94934,32.35023],[130.94396,32.35602]]]}},{"type":"Feature","properties":{"code":"43506","name":"球磨郡湯前町","pref":"熊本県","pref_code":"43","cx":131.0123,"cy":32.27306,"bbox":[130.96365,32.22949,131.05454,32.31421]},"geometry":{"type":"Polygon","coordinates":[[[131.04712,32.2443],[131.0427,32.24816],[131.04162,32.2579],[131.04451,32.26305],[131.05421,32.267],[131.05454,32.2717],[131.04977,32.28332],[131.05112,32.28636],[131.04719,32.28747],[131.04214,32.2937],[131.03944,32.30025],[131.03432,32.30409],[131.0287,32.30368],[131.02067,32.30655],[131.01748,32.31349],[131.01035,32.31421],[130.99998,32.3053],[130.99178,32.29261],[130.96365,32.28122],[130.97119,32.27442],[130.96849,32.26798],[130.97205,32.26468],[130.96886,32.26023],[130.97247,32.25292],[130.98215,32.24351],[131.0032,32.23999],[131.006,32.23377],[131.01084,32.22949],[131.0169,32.23135],[131.01745,32.23879],[131.02738,32.24353],[131.03709,32.23773],[131.04706,32.24044],[131.04712,32.2443]]]}},{"type":"Feature","properties":{"code":"43507","name":"球磨郡水上村","pref":"熊本県","pref_code":"43","cx":131.01208,"cy":32.37179,"bbox":[130.93874,32.28042,131.11188,32.46275]},"geometry":{"type":"Polygon","coordinates":[[[130.94112,32.4385],[130.93874,32.42546],[130.94532,32.42086],[130.94909,32.4139],[130.94852,32.41031],[130.95941,32.40513],[130.96094,32.39156],[130.95806,32.38492],[130.95128,32.38317],[130.94941,32.37591],[130.94402,32.36928],[130.94396,32.35602],[130.94934,32.35023],[130.95206,32.3441],[130.9513,32.33765],[130.95512,32.32708],[130.95858,32.32176],[130.96689,32.3174],[130.98065,32.29949],[130.97428,32.29136],[130.97285,32.28472],[130.99178,32.29261],[130.99998,32.3053],[131.01035,32.31421],[131.01748,32.31349],[131.02067,32.30655],[131.0287,32.30368],[131.03432,32.30409],[131.03944,32.30025],[131.04214,32.2937],[131.04719,32.28747],[131.05112,32.28636],[131.05883,32.28685],[131.07051,32.28042],[131.07859,32.28122],[131.07909,32.2847],[131.0905,32.29398],[131.09293,32.29999],[131.10605,32.32439],[131.11188,32.32979],[131.10721,32.3334],[131.09553,32.35081],[131.09089,32.34955],[131.07803,32.35511],[131.07434,32.36091],[131.07399,32.36591],[131.07986,32.37429],[131.07417,32.38287],[131.06931,32.38432],[131.07323,32.39124],[131.06797,32.4076],[131.05603,32.40698],[131.04379,32.40813],[131.04058,32.4148],[131.0329,32.4207],[131.03091,32.42653],[131.02222,32.43715],[131.01653,32.44769],[131.01664,32.46031],[131.01434,32.46275],[131.00817,32.46044],[130.99994,32.45235],[130.98706,32.44708],[130.98019,32.44782],[130.97782,32.45116],[130.9589,32.45035],[130.95338,32.4436],[130.94112,32.4385]]]}},{"type":"Feature","properties":{"code":"43510","name":"球磨郡相良村","pref":"熊本県","pref_code":"43","cx":130.84002,"cy":32.29223,"bbox":[130.77985,32.20506,130.89941,32.37918]},"geometry":{"type":"Polygon","coordinates":[[[130.78156,32.20518],[130.79963,32.20506],[130.80715,32.20718],[130.81201,32.20598],[130.8191,32.21035],[130.81626,32.21671],[130.80832,32.21682],[130.80783,32.23015],[130.8122,32.23367],[130.8113,32.2389],[130.81626,32.24186],[130.82062,32.23891],[130.82761,32.24069],[130.84233,32.24709],[130.84981,32.25151],[130.85096,32.25423],[130.84782,32.27221],[130.85148,32.27841],[130.85591,32.27846],[130.86524,32.28733],[130.87549,32.29419],[130.87035,32.29737],[130.87146,32.30788],[130.8696,32.31161],[130.87685,32.31978],[130.884,32.32237],[130.88534,32.32636],[130.89119,32.33196],[130.89231,32.33903],[130.89941,32.34987],[130.88655,32.35183],[130.86475,32.35286],[130.85853,32.35003],[130.85124,32.34268],[130.84096,32.34521],[130.836,32.35589],[130.82742,32.36045],[130.8231,32.36481],[130.81514,32.36589],[130.80877,32.3712],[130.80495,32.37918],[130.79327,32.37117],[130.77985,32.37396],[130.78044,32.36385],[130.78552,32.35614],[130.79281,32.35007],[130.78976,32.34031],[130.79359,32.33454],[130.79497,32.32204],[130.79294,32.31072],[130.80302,32.31563],[130.81015,32.31199],[130.81536,32.306],[130.81213,32.30029],[130.81288,32.29603],[130.8047,32.29027],[130.80673,32.2794],[130.80604,32.27185],[130.80128,32.2625],[130.80357,32.25854],[130.79787,32.25553],[130.79536,32.25079],[130.79595,32.24097],[130.78729,32.23137],[130.78994,32.22556],[130.78496,32.22207],[130.78695,32.2144],[130.78181,32.21524],[130.78156,32.20518]]]}},{"type":"Feature","properties":{"code":"43511","name":"球磨郡五木村","pref":"熊本県","pref_code":"43","cx":130.83356,"cy":32.41997,"bbox":[130.72046,32.34268,130.96094,32.49897]},"geometry":{"type":"Polygon","coordinates":[[[130.73923,32.39292],[130.74579,32.38511],[130.76568,32.38654],[130.77674,32.38307],[130.77985,32.37396],[130.79327,32.37117],[130.80495,32.37918],[130.80877,32.3712],[130.81514,32.36589],[130.8231,32.36481],[130.82742,32.36045],[130.836,32.35589],[130.84096,32.34521],[130.85124,32.34268],[130.85853,32.35003],[130.86475,32.35286],[130.88655,32.35183],[130.89941,32.34987],[130.90599,32.35477],[130.91968,32.3544],[130.92566,32.35868],[130.93148,32.35872],[130.9353,32.35479],[130.94396,32.35602],[130.94402,32.36928],[130.94941,32.37591],[130.95128,32.38317],[130.95806,32.38492],[130.96094,32.39156],[130.95941,32.40513],[130.94852,32.41031],[130.94909,32.4139],[130.94532,32.42086],[130.93874,32.42546],[130.94112,32.4385],[130.93574,32.43844],[130.92866,32.44161],[130.91236,32.44075],[130.90283,32.44267],[130.89808,32.45186],[130.90001,32.45617],[130.90113,32.46735],[130.88969,32.47737],[130.88032,32.4778],[130.8764,32.48512],[130.86255,32.49372],[130.85815,32.49337],[130.85219,32.48784],[130.8476,32.49306],[130.84419,32.49221],[130.83982,32.49897],[130.81638,32.49074],[130.80672,32.49436],[130.79469,32.49422],[130.7861,32.48469],[130.76843,32.47976],[130.75812,32.47843],[130.7513,32.47461],[130.75176,32.46864],[130.74247,32.46939],[130.73786,32.47178],[130.73801,32.46165],[130.74106,32.45336],[130.72858,32.45229],[130.72219,32.44933],[130.72295,32.44354],[130.72772,32.43557],[130.72934,32.42822],[130.72046,32.41907],[130.72431,32.41323],[130.72431,32.40556],[130.73577,32.40463],[130.74179,32.40092],[130.73923,32.39292]]]}},{"type":"Feature","properties":{"code":"43512","name":"球磨郡山江村","pref":"熊本県","pref_code":"43","cx":130.75369,"cy":32.31136,"bbox":[130.69384,32.22927,130.81536,32.39292]},"geometry":{"type":"Polygon","coordinates":[[[130.69384,32.34219],[130.7027,32.32693],[130.7151,32.31281],[130.71245,32.30784],[130.71691,32.29548],[130.73062,32.28988],[130.73119,32.27954],[130.73797,32.27718],[130.74056,32.26965],[130.74127,32.24716],[130.75179,32.24801],[130.75854,32.23146],[130.76355,32.22927],[130.77765,32.2332],[130.78263,32.2378],[130.78729,32.23137],[130.79595,32.24097],[130.79536,32.25079],[130.79787,32.25553],[130.80357,32.25854],[130.80128,32.2625],[130.80604,32.27185],[130.80673,32.2794],[130.8047,32.29027],[130.81288,32.29603],[130.81213,32.30029],[130.81536,32.306],[130.81015,32.31199],[130.80302,32.31563],[130.79294,32.31072],[130.79497,32.32204],[130.79359,32.33454],[130.78976,32.34031],[130.79281,32.35007],[130.78552,32.35614],[130.78044,32.36385],[130.77985,32.37396],[130.77674,32.38307],[130.76568,32.38654],[130.74579,32.38511],[130.73923,32.39292],[130.73139,32.3921],[130.72133,32.38641],[130.70978,32.3681],[130.7019,32.36285],[130.70245,32.35671],[130.69725,32.35411],[130.70093,32.34703],[130.69384,32.34219]]]}},{"type":"Feature","properties":{"code":"43513","name":"球磨郡球磨村","pref":"熊本県","pref_code":"43","cx":130.66088,"cy":32.26238,"bbox":[130.5794,32.15127,130.73432,32.37353]},"geometry":{"type":"Polygon","coordinates":[[[130.64219,32.36489],[130.64165,32.36014],[130.63587,32.3549],[130.61637,32.34748],[130.61021,32.34774],[130.60421,32.34284],[130.60092,32.32729],[130.61244,32.3106],[130.60937,32.30546],[130.59862,32.29478],[130.60379,32.29184],[130.60497,32.27939],[130.61388,32.27714],[130.59736,32.26921],[130.59051,32.26222],[130.59319,32.2579],[130.59158,32.24897],[130.58459,32.24248],[130.5846,32.2356],[130.58744,32.22919],[130.58248,32.21852],[130.58156,32.21095],[130.58696,32.20718],[130.5794,32.19438],[130.59172,32.18596],[130.61047,32.18666],[130.61532,32.17619],[130.61756,32.16302],[130.6227,32.15606],[130.63683,32.15493],[130.64125,32.15192],[130.65164,32.15127],[130.65552,32.15697],[130.65748,32.1685],[130.66675,32.1694],[130.66359,32.17439],[130.6652,32.18384],[130.67211,32.18524],[130.67986,32.19648],[130.68054,32.20516],[130.70083,32.22549],[130.71386,32.23025],[130.71883,32.24059],[130.72381,32.24013],[130.72609,32.2452],[130.73175,32.25056],[130.73432,32.25582],[130.73103,32.26254],[130.71969,32.26626],[130.7203,32.27618],[130.71089,32.28486],[130.71691,32.29548],[130.71245,32.30784],[130.7151,32.31281],[130.7027,32.32693],[130.69384,32.34219],[130.68395,32.3386],[130.67871,32.34276],[130.67077,32.34013],[130.66533,32.354],[130.6592,32.36027],[130.65669,32.36771],[130.6573,32.37317],[130.65246,32.37353],[130.64508,32.37029],[130.64219,32.36489]]]}},{"type":"Feature","properties":{"code":"43514","name":"球磨郡あさぎり町","pref":"熊本県","pref_code":"43","cx":130.92033,"cy":32.21622,"bbox":[130.84782,32.11536,130.99582,32.32636]},"geometry":{"type":"Polygon","coordinates":[[[130.91343,32.13045],[130.91634,32.12521],[130.92746,32.12248],[130.93258,32.11636],[130.94415,32.11964],[130.95513,32.11536],[130.96145,32.12005],[130.97452,32.12092],[130.97255,32.12811],[130.97466,32.13677],[130.98354,32.14323],[130.99264,32.14804],[130.99582,32.15593],[130.98474,32.16158],[130.98219,32.173],[130.98584,32.18191],[130.9841,32.18804],[130.97674,32.19049],[130.97967,32.20758],[130.98345,32.21121],[130.97089,32.22491],[130.96632,32.2247],[130.95497,32.2325],[130.95194,32.23287],[130.94656,32.23986],[130.93706,32.24671],[130.93564,32.2525],[130.92697,32.25252],[130.92514,32.24982],[130.916,32.25373],[130.91502,32.26162],[130.91998,32.2664],[130.91209,32.27313],[130.90717,32.2807],[130.90745,32.28794],[130.90436,32.29628],[130.90753,32.30058],[130.9044,32.30892],[130.89919,32.31251],[130.891,32.32209],[130.88534,32.32636],[130.884,32.32237],[130.87685,32.31978],[130.8696,32.31161],[130.87146,32.30788],[130.87035,32.29737],[130.87549,32.29419],[130.86524,32.28733],[130.85591,32.27846],[130.85148,32.27841],[130.84782,32.27221],[130.85096,32.25423],[130.84981,32.25151],[130.85883,32.24327],[130.86233,32.23534],[130.86068,32.23217],[130.86674,32.22122],[130.85507,32.20941],[130.86409,32.20446],[130.87427,32.20585],[130.8793,32.1967],[130.87871,32.19058],[130.88279,32.18407],[130.88992,32.17905],[130.90789,32.16116],[130.90289,32.15217],[130.89614,32.1473],[130.89492,32.14225],[130.90229,32.13647],[130.90761,32.13727],[130.91343,32.13045]]]}},{"type":"Feature","properties":{"code":"43531","name":"天草郡苓北町","pref":"熊本県","pref_code":"43","cx":130.07452,"cy":32.48588,"bbox":[130.01249,32.42917,130.12649,32.54359]},"geometry":{"type":"Polygon","coordinates":[[[130.11795,32.54359],[130.09708,32.53392],[130.09202,32.52914],[130.08223,32.5237],[130.07178,32.5208],[130.06602,32.51589],[130.04355,32.515],[130.03417,32.52179],[130.03276,32.52635],[130.03778,32.53594],[130.02564,32.53777],[130.01249,32.52938],[130.02714,32.5202],[130.0354,32.51742],[130.03563,32.51115],[130.04003,32.50955],[130.04523,32.49917],[130.04736,32.49104],[130.0405,32.48982],[130.03522,32.47665],[130.03844,32.47484],[130.03795,32.46649],[130.02813,32.45562],[130.01807,32.43922],[130.0205,32.43639],[130.0367,32.43529],[130.04133,32.4337],[130.05571,32.43927],[130.0775,32.43933],[130.08401,32.43616],[130.09079,32.42917],[130.09485,32.42944],[130.09539,32.43952],[130.09388,32.45089],[130.08256,32.45971],[130.08837,32.47108],[130.09746,32.48195],[130.10615,32.48169],[130.11802,32.49423],[130.11874,32.50373],[130.11519,32.50562],[130.11667,32.51287],[130.12174,32.51681],[130.12041,32.52108],[130.12649,32.53226],[130.11819,32.53961],[130.11795,32.54359]]]}},{"type":"Feature","properties":{"code":"44201","name":"大分市","pref":"大分県","pref_code":"44","cx":131.61958,"cy":33.1744,"bbox":[131.41873,33.07036,131.95647,33.27943]},"geometry":{"type":"MultiPolygon","coordinates":[[[[131.95647,33.2793],[131.93955,33.27736],[131.94523,33.27153],[131.9499,33.27413],[131.95589,33.27491],[131.95647,33.2793]]],[[[131.84911,33.18826],[131.84933,33.19029],[131.85761,33.19598],[131.86184,33.19495],[131.86907,33.20123],[131.86354,33.20194],[131.86071,33.20454],[131.86593,33.21301],[131.87171,33.216],[131.87306,33.22142],[131.87724,33.22584],[131.87126,33.23229],[131.87902,33.24421],[131.88923,33.244],[131.89933,33.25989],[131.90314,33.2618],[131.90304,33.26749],[131.89673,33.26779],[131.88352,33.26524],[131.87562,33.26276],[131.86721,33.2586],[131.87038,33.25289],[131.87082,33.24877],[131.86049,33.25249],[131.85654,33.25567],[131.8498,33.25202],[131.84218,33.25183],[131.84165,33.24879],[131.82336,33.24711],[131.80628,33.24206],[131.79674,33.24221],[131.78346,33.24481],[131.77868,33.24814],[131.76955,33.24498],[131.7696,33.25018],[131.76618,33.25228],[131.75459,33.25235],[131.7545,33.24151],[131.74677,33.24384],[131.75127,33.24829],[131.7416,33.24898],[131.73446,33.253],[131.73444,33.25669],[131.71855,33.26646],[131.7128,33.25981],[131.70979,33.26201],[131.71536,33.2683],[131.70523,33.27458],[131.69191,33.27943],[131.68069,33.27917],[131.68485,33.26624],[131.6796,33.2681],[131.67602,33.27795],[131.667,33.2748],[131.67238,33.26019],[131.66684,33.25794],[131.66088,33.27341],[131.65848,33.27318],[131.62466,33.26431],[131.61428,33.26209],[131.60016,33.25654],[131.60172,33.25309],[131.59331,33.25022],[131.59403,33.24706],[131.58927,33.24565],[131.57064,33.25142],[131.56099,33.25536],[131.55146,33.25767],[131.54771,33.25661],[131.53954,33.25749],[131.52409,33.26543],[131.51781,33.26535],[131.51608,33.26027],[131.51632,33.25419],[131.52108,33.24851],[131.52301,33.24941],[131.52864,33.24432],[131.53661,33.24499],[131.54061,33.24349],[131.54281,33.23716],[131.53759,33.23686],[131.53648,33.23063],[131.53787,33.22653],[131.53252,33.2158],[131.53768,33.20903],[131.53232,33.20413],[131.53608,33.19921],[131.52945,33.19505],[131.52017,33.19113],[131.51225,33.18193],[131.5082,33.17925],[131.50449,33.17247],[131.50411,33.16855],[131.48985,33.1659],[131.4897,33.16043],[131.48539,33.15998],[131.47332,33.15345],[131.46663,33.14592],[131.46021,33.14746],[131.45797,33.13891],[131.45308,33.14296],[131.44392,33.14262],[131.43864,33.13534],[131.42988,33.13157],[131.42747,33.12767],[131.42886,33.12341],[131.43469,33.11964],[131.43085,33.1133],[131.43365,33.10883],[131.42847,33.10091],[131.41885,33.09574],[131.41873,33.09206],[131.42175,33.0898],[131.41984,33.0811],[131.42362,33.07922],[131.44072,33.08802],[131.44403,33.09359],[131.45652,33.09432],[131.45447,33.09044],[131.45683,33.07982],[131.45971,33.07545],[131.46551,33.07219],[131.47489,33.07036],[131.48286,33.07386],[131.49482,33.07616],[131.50197,33.08711],[131.4965,33.09193],[131.50774,33.10005],[131.51514,33.10243],[131.52195,33.10267],[131.52561,33.10655],[131.53237,33.10988],[131.53939,33.11121],[131.54222,33.11658],[131.55446,33.11756],[131.55941,33.11115],[131.56828,33.11003],[131.57472,33.10203],[131.58158,33.10117],[131.58784,33.09754],[131.5939,33.10219],[131.59941,33.10332],[131.60495,33.10247],[131.61567,33.09574],[131.62506,33.09265],[131.6282,33.09011],[131.63777,33.08875],[131.64121,33.08714],[131.64296,33.08271],[131.64627,33.08221],[131.65416,33.0845],[131.66112,33.08869],[131.67847,33.08587],[131.68348,33.08182],[131.68659,33.08281],[131.6925,33.07669],[131.70658,33.07852],[131.70436,33.08475],[131.70521,33.09385],[131.71382,33.10205],[131.71021,33.10758],[131.71193,33.11313],[131.71983,33.12995],[131.71626,33.13591],[131.72074,33.13827],[131.72099,33.14224],[131.72417,33.14784],[131.72286,33.15154],[131.71807,33.15498],[131.72746,33.16635],[131.72867,33.17098],[131.73684,33.17663],[131.74323,33.17238],[131.75162,33.17633],[131.75587,33.18231],[131.75954,33.18148],[131.78091,33.18704],[131.78433,33.19046],[131.79086,33.19245],[131.79488,33.18989],[131.8054,33.19678],[131.81391,33.19972],[131.81997,33.19981],[131.8266,33.20499],[131.83375,33.20668],[131.8402,33.20607],[131.84529,33.19892],[131.84911,33.18826]]]]}},{"type":"Feature","properties":{"code":"44202","name":"別府市","pref":"大分県","pref_code":"44","cx":131.45976,"cy":33.2866,"bbox":[131.37847,33.22389,131.52108,33.35434]},"geometry":{"type":"Polygon","coordinates":[[[131.51781,33.26535],[131.51262,33.26749],[131.50841,33.27529],[131.50316,33.30129],[131.50424,33.31008],[131.49595,33.3298],[131.4974,33.33939],[131.49642,33.34635],[131.4865,33.35229],[131.48259,33.35208],[131.47136,33.35434],[131.46582,33.35184],[131.45609,33.35058],[131.44962,33.34849],[131.44191,33.34929],[131.44038,33.34506],[131.43302,33.34316],[131.42895,33.34548],[131.42291,33.34289],[131.41671,33.34559],[131.41628,33.34933],[131.41247,33.34856],[131.40708,33.35104],[131.40122,33.35004],[131.40272,33.34346],[131.39912,33.34051],[131.40049,33.3376],[131.39685,33.33366],[131.39929,33.32282],[131.41269,33.31935],[131.4205,33.32546],[131.42775,33.32602],[131.43419,33.32342],[131.43371,33.31783],[131.42289,33.3087],[131.41836,33.29584],[131.42049,33.29074],[131.40629,33.28247],[131.39492,33.28177],[131.3905,33.2803],[131.39018,33.27245],[131.39371,33.26951],[131.3937,33.26412],[131.38832,33.2568],[131.384,33.25511],[131.37847,33.24722],[131.38026,33.24284],[131.37893,33.2355],[131.38167,33.23296],[131.39178,33.23049],[131.39483,33.22852],[131.40383,33.22671],[131.40879,33.22811],[131.41551,33.23281],[131.42401,33.23538],[131.4302,33.23561],[131.43444,33.23862],[131.43897,33.23922],[131.44116,33.23418],[131.45135,33.23571],[131.45041,33.23929],[131.45569,33.24246],[131.46112,33.2424],[131.46357,33.23618],[131.46707,33.23501],[131.47606,33.22862],[131.48379,33.22622],[131.48792,33.23048],[131.49936,33.22793],[131.50313,33.22389],[131.50629,33.22828],[131.50612,33.23802],[131.50389,33.24954],[131.50981,33.25182],[131.51555,33.24776],[131.52108,33.24851],[131.51632,33.25419],[131.51608,33.26027],[131.51781,33.26535]]]}},{"type":"Feature","properties":{"code":"44203","name":"中津市","pref":"大分県","pref_code":"44","cx":131.10098,"cy":33.48324,"bbox":[130.92629,33.3484,131.27892,33.61754]},"geometry":{"type":"Polygon","coordinates":[[[131.27892,33.58083],[131.27337,33.58355],[131.27205,33.58768],[131.26706,33.58901],[131.26807,33.59264],[131.2558,33.59902],[131.25863,33.60337],[131.25444,33.60817],[131.25106,33.60692],[131.24535,33.61102],[131.23868,33.60139],[131.23048,33.60174],[131.22224,33.60477],[131.21386,33.60515],[131.21661,33.60886],[131.20995,33.61246],[131.20499,33.61692],[131.19127,33.61754],[131.1851,33.61577],[131.17792,33.60482],[131.17838,33.59682],[131.17333,33.59093],[131.17241,33.58221],[131.17602,33.57472],[131.18616,33.56786],[131.1894,33.56308],[131.19057,33.55803],[131.1869,33.54404],[131.17675,33.5344],[131.16671,33.52871],[131.16971,33.52116],[131.16806,33.51615],[131.17414,33.51262],[131.17595,33.50656],[131.16716,33.50559],[131.16316,33.50846],[131.1558,33.50787],[131.15466,33.50607],[131.14158,33.50464],[131.13363,33.50577],[131.13019,33.50242],[131.11897,33.50208],[131.10551,33.50776],[131.10053,33.50476],[131.0937,33.50737],[131.07965,33.50535],[131.06974,33.50679],[131.0631,33.5102],[131.05331,33.50789],[131.04235,33.51401],[131.03574,33.51907],[131.02984,33.51883],[131.02679,33.51392],[131.01938,33.5126],[131.01516,33.50907],[131.00144,33.51218],[130.99762,33.51011],[130.99007,33.50924],[130.98663,33.50733],[130.97677,33.5071],[130.97232,33.50515],[130.96969,33.50051],[130.96261,33.49769],[130.96159,33.49358],[130.9561,33.49198],[130.95026,33.48784],[130.94242,33.48564],[130.92982,33.4667],[130.92925,33.46063],[130.92629,33.45762],[130.92874,33.45221],[130.93624,33.45159],[130.94268,33.44606],[130.94209,33.44249],[130.94616,33.44117],[130.94626,33.43367],[130.95964,33.42985],[130.96574,33.42893],[130.96571,33.42303],[130.9773,33.4119],[130.98403,33.41039],[130.99425,33.39833],[131.00913,33.39238],[131.00846,33.38964],[131.01217,33.38632],[131.0098,33.38065],[131.01305,33.37593],[131.0213,33.37197],[131.02209,33.36521],[131.02512,33.35855],[131.03275,33.36045],[131.04075,33.35969],[131.05165,33.36108],[131.05706,33.36079],[131.06035,33.37246],[131.06824,33.38359],[131.08021,33.38382],[131.09041,33.38832],[131.09894,33.38845],[131.10791,33.38007],[131.11628,33.37558],[131.11517,33.37235],[131.12475,33.36821],[131.12825,33.3683],[131.13442,33.3778],[131.14556,33.37873],[131.14794,33.37311],[131.15141,33.37058],[131.15334,33.36581],[131.15783,33.3633],[131.16786,33.36997],[131.17487,33.36269],[131.17874,33.3539],[131.18466,33.35635],[131.18984,33.35639],[131.19237,33.3522],[131.19818,33.3484],[131.20481,33.35379],[131.20545,33.3582],[131.21577,33.36146],[131.21778,33.36467],[131.22563,33.36912],[131.22977,33.37897],[131.22609,33.38073],[131.22147,33.38696],[131.22266,33.39255],[131.22916,33.39772],[131.22906,33.40542],[131.22509,33.40923],[131.22743,33.41197],[131.23594,33.41132],[131.24278,33.41365],[131.25529,33.41294],[131.25532,33.41949],[131.25328,33.42662],[131.25423,33.42924],[131.25162,33.43553],[131.2465,33.44154],[131.24424,33.45041],[131.24717,33.4555],[131.24515,33.46173],[131.24099,33.46367],[131.24383,33.46919],[131.24199,33.47783],[131.24784,33.4764],[131.25985,33.48084],[131.26308,33.48689],[131.27312,33.49899],[131.27018,33.50239],[131.25689,33.525],[131.25647,33.52995],[131.25247,33.53689],[131.25384,33.54164],[131.26018,33.55369],[131.26362,33.55452],[131.27246,33.55319],[131.27255,33.55769],[131.27579,33.56579],[131.27709,33.57837],[131.27892,33.58083]]]}},{"type":"Feature","properties":{"code":"44204","name":"日田市","pref":"大分県","pref_code":"44","cx":130.957,"cy":33.23922,"bbox":[130.82475,33.02377,131.09069,33.45762]},"geometry":{"type":"Polygon","coordinates":[[[130.92629,33.45762],[130.91572,33.4548],[130.91053,33.44979],[130.89993,33.44901],[130.89492,33.44616],[130.89758,33.43855],[130.89527,33.43317],[130.89169,33.42995],[130.89253,33.41998],[130.88954,33.41518],[130.892,33.40645],[130.88761,33.40446],[130.88761,33.4005],[130.88458,33.38943],[130.88584,33.37923],[130.86243,33.37666],[130.85972,33.37296],[130.8618,33.3626],[130.8502,33.35377],[130.84226,33.35026],[130.84019,33.34579],[130.83535,33.34355],[130.84209,33.33666],[130.84503,33.3387],[130.8506,33.33666],[130.85478,33.32915],[130.85438,33.32466],[130.85631,33.31854],[130.86304,33.30503],[130.86158,33.30319],[130.86635,33.29211],[130.85713,33.28497],[130.85207,33.27747],[130.85649,33.27535],[130.85738,33.27043],[130.8607,33.26675],[130.86758,33.26798],[130.86805,33.26408],[130.86391,33.26117],[130.85535,33.26257],[130.84874,33.26103],[130.84526,33.25751],[130.83812,33.25824],[130.8287,33.25746],[130.82475,33.25105],[130.82748,33.24491],[130.82519,33.24101],[130.82626,33.23676],[130.83293,33.23417],[130.85254,33.23226],[130.85959,33.22913],[130.84936,33.22311],[130.84502,33.22291],[130.84446,33.21931],[130.83882,33.21693],[130.83649,33.2106],[130.84355,33.20724],[130.84719,33.20312],[130.85888,33.19805],[130.86368,33.19306],[130.8696,33.19387],[130.87487,33.18927],[130.88746,33.18627],[130.88572,33.17629],[130.87785,33.1742],[130.87353,33.16786],[130.87662,33.16465],[130.87696,33.15941],[130.87965,33.15299],[130.87133,33.14752],[130.87096,33.14244],[130.86706,33.13375],[130.86622,33.12685],[130.86301,33.12269],[130.86165,33.11753],[130.85565,33.11308],[130.85332,33.10914],[130.84412,33.10751],[130.83984,33.10485],[130.83981,33.10023],[130.84296,33.09409],[130.85595,33.09381],[130.86394,33.09499],[130.867,33.09066],[130.87674,33.09193],[130.8862,33.08746],[130.88973,33.08359],[130.89064,33.07577],[130.89679,33.07292],[130.90002,33.06406],[130.90677,33.06493],[130.91083,33.06219],[130.91654,33.05559],[130.92344,33.05194],[130.92864,33.05219],[130.93515,33.05511],[130.93699,33.05244],[130.94682,33.05284],[130.95698,33.04714],[130.95914,33.04382],[130.95921,33.03722],[130.97027,33.02377],[130.97705,33.02499],[130.99085,33.02382],[131.00329,33.03282],[131.00486,33.03981],[131.01179,33.04312],[131.01454,33.04769],[131.01267,33.05245],[131.01428,33.05899],[131.01774,33.06369],[131.01072,33.06985],[131.01445,33.07968],[131.019,33.08076],[131.02405,33.08754],[131.01929,33.09168],[131.01622,33.09839],[131.00898,33.10859],[131.00461,33.11019],[131.00031,33.11633],[130.99405,33.11942],[130.9916,33.12977],[130.98455,33.13461],[130.97852,33.14224],[130.98452,33.14395],[130.98159,33.14792],[130.98426,33.15234],[130.98193,33.15612],[130.98513,33.16107],[130.98549,33.16839],[130.98895,33.17602],[130.99294,33.1774],[130.99178,33.18224],[130.99424,33.18384],[131.00311,33.18059],[131.00575,33.17774],[131.01657,33.17793],[131.02825,33.18642],[131.03094,33.18536],[131.03594,33.18833],[131.03885,33.19413],[131.06035,33.19512],[131.06746,33.19143],[131.082,33.18879],[131.08471,33.19938],[131.08508,33.20827],[131.08846,33.21804],[131.08738,33.23458],[131.09069,33.23743],[131.07926,33.2462],[131.07443,33.24718],[131.07153,33.25048],[131.07067,33.25696],[131.06773,33.26514],[131.05981,33.2653],[131.05709,33.2598],[131.05167,33.26213],[131.04917,33.25919],[131.04139,33.2588],[131.04113,33.26354],[131.03797,33.26712],[131.03836,33.272],[131.04268,33.2721],[131.04399,33.27764],[131.03991,33.27726],[131.04018,33.28699],[131.04254,33.29359],[131.04982,33.29673],[131.05703,33.30724],[131.05559,33.31386],[131.06214,33.31794],[131.06576,33.32521],[131.07385,33.32349],[131.07423,33.32709],[131.0692,33.33155],[131.07171,33.3363],[131.0679,33.33723],[131.06218,33.33493],[131.0579,33.3362],[131.05933,33.34807],[131.0628,33.35333],[131.06329,33.35917],[131.05706,33.36079],[131.05165,33.36108],[131.04075,33.35969],[131.03275,33.36045],[131.02512,33.35855],[131.02209,33.36521],[131.0213,33.37197],[131.01305,33.37593],[131.0098,33.38065],[131.01217,33.38632],[131.00846,33.38964],[131.00913,33.39238],[130.99425,33.39833],[130.98403,33.41039],[130.9773,33.4119],[130.96571,33.42303],[130.96574,33.42893],[130.95964,33.42985],[130.94626,33.43367],[130.94616,33.44117],[130.94209,33.44249],[130.94268,33.44606],[130.93624,33.45159],[130.92874,33.45221],[130.92629,33.45762]]]}},{"type":"Feature","properties":{"code":"44205","name":"佐伯市","pref":"大分県","pref_code":"44","cx":131.79591,"cy":32.90262,"bbox":[131.47514,32.71447,132.08455,33.06992]},"geometry":{"type":"MultiPolygon","coordinates":[[[[131.92709,32.72697],[131.92324,32.7243],[131.92139,32.7198],[131.92588,32.71447],[131.92966,32.71708],[131.9312,32.72165],[131.92709,32.72697]]],[[[131.90879,32.78057],[131.91078,32.77457],[131.90792,32.7714],[131.91126,32.76907],[131.9234,32.7698],[131.92329,32.77524],[131.91579,32.77665],[131.90879,32.78057]]],[[[132.075,32.97748],[132.07627,32.97402],[132.07318,32.97154],[132.07355,32.96796],[132.0673,32.96442],[132.06718,32.95886],[132.07115,32.95516],[132.07688,32.9592],[132.07972,32.96363],[132.07811,32.9687],[132.08042,32.97017],[132.075,32.97748]]],[[[131.93535,33.01605],[131.92977,33.01631],[131.92351,33.0117],[131.9248,33.0],[131.91917,32.99485],[131.91306,32.99229],[131.91059,32.98949],[131.91194,32.98401],[131.91682,32.98139],[131.92487,32.98227],[131.93107,32.99031],[131.9347,32.9911],[131.94319,32.99673],[131.94064,32.99885],[131.93345,32.99844],[131.93121,33.00176],[131.93675,33.00754],[131.93813,33.01261],[131.94183,33.011],[131.94379,33.01544],[131.93535,33.01605]]],[[[131.47514,32.83723],[131.48378,32.82516],[131.49345,32.81585],[131.50325,32.81369],[131.50199,32.8105],[131.50776,32.80582],[131.51747,32.8008],[131.51352,32.79226],[131.51077,32.79011],[131.50824,32.78147],[131.5102,32.77773],[131.50852,32.77419],[131.51208,32.7697],[131.51834,32.76766],[131.5241,32.76384],[131.53261,32.76286],[131.53632,32.75886],[131.54717,32.75821],[131.5555,32.75538],[131.56537,32.75551],[131.56892,32.75416],[131.57921,32.76098],[131.58798,32.77045],[131.59007,32.77413],[131.59664,32.77513],[131.60076,32.77223],[131.60545,32.7739],[131.61792,32.77311],[131.62533,32.77452],[131.62975,32.7718],[131.64068,32.77034],[131.64829,32.77175],[131.66088,32.76915],[131.6763,32.76838],[131.67927,32.76999],[131.69101,32.77184],[131.69626,32.77465],[131.70688,32.77161],[131.71247,32.77354],[131.7154,32.78017],[131.71513,32.78534],[131.7183,32.79087],[131.72794,32.79737],[131.73109,32.81593],[131.73466,32.81804],[131.73654,32.82551],[131.73573,32.8311],[131.74133,32.83429],[131.74736,32.8331],[131.75407,32.83642],[131.76881,32.83693],[131.78727,32.83365],[131.7878,32.82793],[131.7939,32.82195],[131.79815,32.82489],[131.80666,32.82215],[131.81415,32.82637],[131.8245,32.82987],[131.82597,32.8263],[131.83162,32.82353],[131.8345,32.8197],[131.84093,32.81991],[131.84815,32.81785],[131.85509,32.82317],[131.8588,32.82144],[131.86008,32.80607],[131.85365,32.79824],[131.85445,32.79607],[131.84931,32.79043],[131.84852,32.78311],[131.84434,32.77692],[131.84607,32.77389],[131.8469,32.76628],[131.84899,32.7645],[131.84981,32.75596],[131.84412,32.74766],[131.84657,32.74219],[131.84701,32.73593],[131.85797,32.73766],[131.8615,32.74019],[131.87354,32.74045],[131.88235,32.74532],[131.88275,32.74977],[131.87384,32.74917],[131.87167,32.75183],[131.87627,32.75486],[131.87647,32.7589],[131.87971,32.76229],[131.87507,32.76849],[131.87169,32.76937],[131.86852,32.77483],[131.87613,32.77893],[131.87642,32.78235],[131.87301,32.78601],[131.8747,32.79042],[131.88027,32.79098],[131.88407,32.78065],[131.88892,32.77672],[131.89466,32.77887],[131.88539,32.79002],[131.88861,32.8033],[131.89958,32.80216],[131.90028,32.79479],[131.89476,32.78848],[131.90271,32.78493],[131.90646,32.79314],[131.91193,32.79183],[131.91281,32.78853],[131.91991,32.78553],[131.91992,32.79148],[131.9172,32.79551],[131.9206,32.80002],[131.92526,32.80107],[131.92347,32.79421],[131.92708,32.79132],[131.92921,32.78603],[131.93642,32.78444],[131.94364,32.78991],[131.94868,32.79688],[131.9462,32.80416],[131.9477,32.80654],[131.95417,32.80813],[131.96075,32.80681],[131.96622,32.80221],[131.9632,32.79431],[131.9715,32.79181],[131.97615,32.79474],[131.97645,32.79958],[131.97179,32.80259],[131.97645,32.80846],[131.98396,32.81227],[131.98609,32.81613],[131.9904,32.8185],[132.00198,32.82232],[132.00787,32.82676],[132.01057,32.83385],[132.00796,32.83685],[131.9978,32.83822],[131.98644,32.84613],[131.98013,32.84476],[131.97602,32.84128],[131.98329,32.83659],[131.9875,32.83132],[131.98197,32.825],[131.97775,32.82488],[131.97567,32.82843],[131.9702,32.83082],[131.96466,32.82034],[131.96161,32.82098],[131.95942,32.82869],[131.9599,32.83343],[131.95702,32.83677],[131.94901,32.83395],[131.9442,32.83466],[131.95326,32.8403],[131.95419,32.84524],[131.94949,32.85065],[131.94968,32.85501],[131.96173,32.84692],[131.97176,32.85672],[131.97537,32.85687],[131.97599,32.86354],[131.97885,32.86723],[131.98318,32.86263],[131.98657,32.8655],[131.98665,32.87028],[131.99153,32.87308],[131.99536,32.8778],[132.0007,32.87863],[132.00069,32.88543],[132.00549,32.88914],[132.01241,32.89086],[132.01192,32.89344],[132.00461,32.89128],[131.99867,32.8948],[131.99755,32.89799],[131.98891,32.89013],[131.98563,32.8909],[131.98796,32.89801],[131.98446,32.89955],[131.98537,32.90665],[131.9841,32.91349],[131.97925,32.92167],[131.99455,32.92103],[131.99345,32.91486],[131.99889,32.90978],[132.00402,32.90961],[132.0098,32.90583],[132.00847,32.92149],[132.01196,32.92476],[132.01558,32.92371],[132.01793,32.93108],[132.02368,32.93171],[132.02607,32.93541],[132.03506,32.93691],[132.04099,32.93385],[132.03956,32.92727],[132.04492,32.92618],[132.04952,32.93215],[132.04685,32.9363],[132.05841,32.93619],[132.06331,32.9345],[132.06796,32.93686],[132.07609,32.93145],[132.08455,32.93163],[132.08222,32.93654],[132.08204,32.94324],[132.07526,32.94412],[132.07113,32.948],[132.06757,32.94627],[132.05901,32.94548],[132.05415,32.94735],[132.04404,32.94711],[132.03368,32.95237],[132.03418,32.93984],[132.02602,32.93836],[132.02268,32.94031],[132.01683,32.93559],[132.01005,32.93274],[132.0067,32.93546],[131.99713,32.93773],[131.99997,32.94486],[131.99754,32.94932],[132.00368,32.95451],[132.00247,32.9592],[131.99717,32.95354],[131.99281,32.954],[131.99216,32.94554],[131.98573,32.94295],[131.9818,32.9394],[131.97718,32.94121],[131.97191,32.94639],[131.97361,32.95037],[131.96316,32.95383],[131.96477,32.94879],[131.95936,32.9464],[131.94608,32.95994],[131.94485,32.95534],[131.93665,32.95389],[131.93553,32.96176],[131.9238,32.96481],[131.92661,32.9729],[131.91817,32.97604],[131.91639,32.97007],[131.9122,32.97432],[131.90452,32.97839],[131.90163,32.98209],[131.89606,32.98307],[131.89816,32.98838],[131.89308,32.9885],[131.88962,32.99181],[131.89775,32.99884],[131.90349,32.99235],[131.90807,33.00009],[131.9011,33.01016],[131.9065,33.01432],[131.91297,33.0213],[131.91922,33.02558],[131.92156,33.03256],[131.92044,33.03835],[131.92154,33.04493],[131.9261,33.04768],[131.92779,33.05145],[131.93178,33.05316],[131.9368,33.04838],[131.94273,33.05377],[131.94978,33.04988],[131.95648,33.05143],[131.96409,33.04803],[131.97402,33.04644],[131.98032,33.04661],[131.9858,33.04879],[131.98801,33.05368],[131.99589,33.05645],[132.0023,33.05429],[132.01453,33.05719],[132.01476,33.06126],[132.00672,33.06076],[132.00257,33.06992],[131.99584,33.06592],[131.98789,33.0641],[131.98717,33.06032],[131.97265,33.0535],[131.96773,33.05453],[131.96418,33.05842],[131.95705,33.06165],[131.95073,33.05843],[131.94428,33.06231],[131.93773,33.06447],[131.9285,33.06195],[131.91833,33.05668],[131.90754,33.05648],[131.89947,33.05161],[131.88961,33.04164],[131.88343,33.04123],[131.86217,33.04226],[131.85104,33.04173],[131.84596,33.03907],[131.83991,33.03808],[131.83458,33.0395],[131.82201,33.02898],[131.81487,33.03307],[131.81296,33.03184],[131.80392,33.03245],[131.79998,33.03461],[131.79001,33.03444],[131.79253,33.02665],[131.78523,33.02244],[131.78132,33.01071],[131.77444,33.00338],[131.7774,32.99872],[131.77476,32.99216],[131.77736,32.9905],[131.78271,32.97908],[131.77624,32.97859],[131.77432,32.97606],[131.76083,32.9699],[131.75808,32.96735],[131.75128,32.97179],[131.74642,32.96899],[131.74191,32.96977],[131.73404,32.96797],[131.72657,32.96827],[131.72121,32.97037],[131.71393,32.96927],[131.70174,32.96529],[131.69725,32.9622],[131.69403,32.95751],[131.68953,32.95835],[131.68503,32.95607],[131.68116,32.95143],[131.67725,32.95227],[131.67057,32.9508],[131.66615,32.95206],[131.65917,32.96028],[131.64393,32.95165],[131.64443,32.94838],[131.63971,32.94336],[131.63895,32.93997],[131.63079,32.94162],[131.61906,32.9306],[131.61949,32.92657],[131.626,32.92827],[131.62939,32.91929],[131.62352,32.91695],[131.62191,32.92228],[131.61486,32.92402],[131.60914,32.9223],[131.61226,32.91105],[131.607,32.90569],[131.60692,32.89871],[131.60492,32.89547],[131.60012,32.89519],[131.59513,32.89065],[131.59059,32.89242],[131.58956,32.88478],[131.59054,32.88127],[131.58185,32.87901],[131.56428,32.88437],[131.55169,32.8785],[131.54901,32.87533],[131.54118,32.87123],[131.53843,32.86466],[131.52696,32.8597],[131.52247,32.85603],[131.51424,32.85381],[131.50278,32.85319],[131.49962,32.8506],[131.49414,32.85059],[131.49015,32.84545],[131.48427,32.84271],[131.48189,32.83893],[131.47514,32.83723]]]]}},{"type":"Feature","properties":{"code":"44206","name":"臼杵市","pref":"大分県","pref_code":"44","cx":131.74797,"cy":33.07869,"bbox":[131.63167,32.9508,131.91092,33.20668]},"geometry":{"type":"Polygon","coordinates":[[[131.67847,33.08587],[131.67223,33.08457],[131.6691,33.08148],[131.66094,33.07879],[131.65719,33.06947],[131.65349,33.06639],[131.65225,33.05843],[131.65373,33.05339],[131.65961,33.04985],[131.66094,33.04454],[131.65872,33.03709],[131.65013,33.03411],[131.64652,33.03099],[131.63731,33.03512],[131.63539,33.02885],[131.63234,33.02461],[131.63167,33.01857],[131.63523,33.00939],[131.63284,33.00538],[131.63865,33.00486],[131.64377,33.00156],[131.64527,32.99625],[131.64979,32.99006],[131.65088,32.98495],[131.65705,32.97933],[131.66128,32.96785],[131.662,32.96336],[131.65917,32.96028],[131.66615,32.95206],[131.67057,32.9508],[131.67725,32.95227],[131.68116,32.95143],[131.68503,32.95607],[131.68953,32.95835],[131.69403,32.95751],[131.69725,32.9622],[131.70174,32.96529],[131.71393,32.96927],[131.72121,32.97037],[131.72657,32.96827],[131.73404,32.96797],[131.74191,32.96977],[131.74642,32.96899],[131.75128,32.97179],[131.75808,32.96735],[131.76083,32.9699],[131.77432,32.97606],[131.77624,32.97859],[131.78271,32.97908],[131.77736,32.9905],[131.77476,32.99216],[131.7774,32.99872],[131.77444,33.00338],[131.78132,33.01071],[131.78523,33.02244],[131.79253,33.02665],[131.79001,33.03444],[131.79113,33.04105],[131.79767,33.04638],[131.79664,33.0498],[131.80006,33.05405],[131.80626,33.05643],[131.78793,33.05728],[131.78365,33.06459],[131.78238,33.07272],[131.78905,33.07858],[131.79917,33.08139],[131.80523,33.08641],[131.80783,33.0909],[131.8126,33.08986],[131.81952,33.09445],[131.82681,33.09461],[131.82692,33.1001],[131.831,33.10217],[131.83974,33.10372],[131.84999,33.10263],[131.8643,33.10762],[131.86823,33.11149],[131.87724,33.11606],[131.8802,33.11477],[131.89137,33.11648],[131.89883,33.12214],[131.90815,33.12276],[131.91092,33.12656],[131.89941,33.12909],[131.89283,33.12461],[131.88576,33.12378],[131.88301,33.12187],[131.87445,33.12372],[131.87797,33.13062],[131.86881,33.13092],[131.86168,33.12803],[131.85971,33.12341],[131.85192,33.11833],[131.84684,33.1181],[131.8458,33.11496],[131.83537,33.11909],[131.83892,33.12297],[131.83289,33.12514],[131.82777,33.12154],[131.81559,33.12264],[131.81079,33.12731],[131.80077,33.1258],[131.81016,33.13484],[131.8094,33.13814],[131.81909,33.14441],[131.81905,33.14673],[131.82856,33.15011],[131.82384,33.15594],[131.82179,33.16215],[131.82555,33.16915],[131.82865,33.16979],[131.82941,33.17446],[131.83353,33.17777],[131.83293,33.18128],[131.83802,33.18294],[131.83925,33.18651],[131.84911,33.18826],[131.84529,33.19892],[131.8402,33.20607],[131.83375,33.20668],[131.8266,33.20499],[131.81997,33.19981],[131.81391,33.19972],[131.8054,33.19678],[131.79488,33.18989],[131.79086,33.19245],[131.78433,33.19046],[131.78091,33.18704],[131.75954,33.18148],[131.75587,33.18231],[131.75162,33.17633],[131.74323,33.17238],[131.73684,33.17663],[131.72867,33.17098],[131.72746,33.16635],[131.71807,33.15498],[131.72286,33.15154],[131.72417,33.14784],[131.72099,33.14224],[131.72074,33.13827],[131.71626,33.13591],[131.71983,33.12995],[131.71193,33.11313],[131.71021,33.10758],[131.71382,33.10205],[131.70521,33.09385],[131.70436,33.08475],[131.70658,33.07852],[131.6925,33.07669],[131.68659,33.08281],[131.68348,33.08182],[131.67847,33.08587]]]}},{"type":"Feature","properties":{"code":"44207","name":"津久見市","pref":"大分県","pref_code":"44","cx":131.8247,"cy":33.07769,"bbox":[131.78238,33.02898,132.01668,33.17132]},"geometry":{"type":"MultiPolygon","coordinates":[[[[132.01098,33.11148],[132.00392,33.10752],[132.00644,33.10359],[132.01165,33.10132],[132.01668,33.10678],[132.0128,33.10782],[132.01098,33.11148]]],[[[132.00257,33.06992],[132.0007,33.07572],[131.99631,33.07845],[131.99612,33.0855],[131.99882,33.09088],[131.98888,33.09139],[131.98668,33.08916],[131.98908,33.08513],[131.98486,33.07942],[131.98894,33.07382],[131.98896,33.06835],[131.98096,33.06555],[131.97729,33.06737],[131.97466,33.06257],[131.96849,33.06244],[131.96593,33.06537],[131.96761,33.0715],[131.95539,33.07205],[131.95396,33.06636],[131.94804,33.06634],[131.94401,33.06886],[131.94358,33.07357],[131.93943,33.07642],[131.93725,33.08126],[131.93756,33.09302],[131.93167,33.09365],[131.9346,33.08185],[131.92936,33.07411],[131.92842,33.06783],[131.92156,33.06667],[131.91927,33.06985],[131.91205,33.06659],[131.90998,33.06826],[131.91341,33.07613],[131.9072,33.08143],[131.90204,33.07532],[131.89465,33.07673],[131.88608,33.0833],[131.88123,33.078],[131.87464,33.07861],[131.86809,33.07638],[131.86143,33.07739],[131.86055,33.08158],[131.85248,33.08878],[131.86406,33.08948],[131.86946,33.09292],[131.86843,33.09624],[131.87647,33.1],[131.87618,33.10611],[131.87949,33.1087],[131.88659,33.10869],[131.89347,33.10698],[131.89713,33.11001],[131.89721,33.11476],[131.90061,33.11794],[131.9146,33.12309],[131.91092,33.12656],[131.90815,33.12276],[131.89883,33.12214],[131.89137,33.11648],[131.8802,33.11477],[131.87724,33.11606],[131.86823,33.11149],[131.8643,33.10762],[131.84999,33.10263],[131.83974,33.10372],[131.831,33.10217],[131.82692,33.1001],[131.82681,33.09461],[131.81952,33.09445],[131.8126,33.08986],[131.80783,33.0909],[131.80523,33.08641],[131.79917,33.08139],[131.78905,33.07858],[131.78238,33.07272],[131.78365,33.06459],[131.78793,33.05728],[131.80626,33.05643],[131.80006,33.05405],[131.79664,33.0498],[131.79767,33.04638],[131.79113,33.04105],[131.79001,33.03444],[131.79998,33.03461],[131.80392,33.03245],[131.81296,33.03184],[131.81487,33.03307],[131.82201,33.02898],[131.83458,33.0395],[131.83991,33.03808],[131.84596,33.03907],[131.85104,33.04173],[131.86217,33.04226],[131.88343,33.04123],[131.88961,33.04164],[131.89947,33.05161],[131.90754,33.05648],[131.91833,33.05668],[131.9285,33.06195],[131.93773,33.06447],[131.94428,33.06231],[131.95073,33.05843],[131.95705,33.06165],[131.96418,33.05842],[131.96773,33.05453],[131.97265,33.0535],[131.98717,33.06032],[131.98789,33.0641],[131.99584,33.06592],[132.00257,33.06992]]],[[[131.99221,33.17132],[131.9828,33.16955],[131.98253,33.16429],[131.98818,33.16632],[131.99221,33.17132]]]]}},{"type":"Feature","properties":{"code":"44208","name":"竹田市","pref":"大分県","pref_code":"44","cx":131.33366,"cy":32.99196,"bbox":[131.19313,32.82797,131.45797,33.15395]},"geometry":{"type":"Polygon","coordinates":[[[131.45797,33.13891],[131.45358,33.14584],[131.44787,33.15003],[131.44101,33.15127],[131.4351,33.1491],[131.42877,33.1495],[131.42372,33.15333],[131.41689,33.15395],[131.40666,33.15309],[131.40038,33.15134],[131.39092,33.15194],[131.38792,33.14559],[131.3809,33.14398],[131.37664,33.13951],[131.37465,33.13246],[131.36998,33.12465],[131.36553,33.12342],[131.35895,33.11904],[131.35317,33.11944],[131.35176,33.11674],[131.35806,33.11136],[131.3524,33.1062],[131.34581,33.10542],[131.34245,33.10691],[131.33711,33.10486],[131.33231,33.10905],[131.31859,33.10712],[131.31088,33.10522],[131.29179,33.12066],[131.28051,33.11815],[131.27112,33.12514],[131.25699,33.12322],[131.25326,33.12201],[131.25362,33.11126],[131.24679,33.10582],[131.24164,33.09617],[131.23763,33.09323],[131.23675,33.08947],[131.22578,33.08647],[131.22247,33.08842],[131.20504,33.09046],[131.20011,33.08773],[131.19856,33.08344],[131.19313,33.07765],[131.19864,33.07337],[131.19655,33.07077],[131.20982,33.05785],[131.21672,33.05346],[131.21599,33.05106],[131.21965,33.03916],[131.22119,33.02995],[131.22557,33.02371],[131.22362,33.01716],[131.22843,33.01181],[131.23532,33.00852],[131.24051,33.00039],[131.24771,32.99524],[131.24616,32.98859],[131.24723,32.98244],[131.25671,32.98036],[131.26321,32.97715],[131.26091,32.96946],[131.256,32.96344],[131.24647,32.96193],[131.24608,32.95872],[131.25177,32.9569],[131.24719,32.95325],[131.24841,32.94793],[131.25263,32.94646],[131.24599,32.94031],[131.2482,32.93148],[131.25298,32.92451],[131.25304,32.91068],[131.25448,32.90743],[131.25322,32.89804],[131.25739,32.88743],[131.26384,32.8794],[131.27345,32.88161],[131.27162,32.87693],[131.27344,32.871],[131.27945,32.86997],[131.29451,32.857],[131.31016,32.85283],[131.32245,32.84416],[131.3231,32.84065],[131.32748,32.83672],[131.32866,32.83287],[131.34027,32.83344],[131.34706,32.82797],[131.34967,32.83214],[131.35571,32.83398],[131.36216,32.83403],[131.36903,32.83793],[131.37385,32.83851],[131.37699,32.8417],[131.38702,32.84713],[131.38733,32.84997],[131.39703,32.86132],[131.38806,32.86705],[131.389,32.8705],[131.39396,32.87378],[131.40078,32.88115],[131.40039,32.88901],[131.39823,32.89627],[131.39949,32.8983],[131.39686,32.90435],[131.39317,32.90851],[131.39743,32.91085],[131.40123,32.92191],[131.39867,32.9288],[131.40186,32.92985],[131.40821,32.93533],[131.40918,32.94828],[131.41117,32.95317],[131.41699,32.96031],[131.42034,32.96152],[131.42337,32.96813],[131.42004,32.97145],[131.42209,32.97866],[131.41706,32.98493],[131.42105,32.98869],[131.4181,33.00287],[131.41263,33.00397],[131.40706,33.00831],[131.39611,33.01013],[131.3949,33.01435],[131.39055,33.017],[131.38261,33.01608],[131.37856,33.02637],[131.37881,33.02959],[131.3903,33.03143],[131.39158,33.03789],[131.39732,33.03999],[131.39929,33.04503],[131.40628,33.04916],[131.40237,33.05119],[131.40664,33.05732],[131.39926,33.05695],[131.3959,33.06054],[131.40441,33.0654],[131.39936,33.07218],[131.40487,33.07831],[131.40555,33.08212],[131.41159,33.08519],[131.41263,33.08828],[131.41873,33.09206],[131.41885,33.09574],[131.42847,33.10091],[131.43365,33.10883],[131.43085,33.1133],[131.43469,33.11964],[131.42886,33.12341],[131.42747,33.12767],[131.42988,33.13157],[131.43864,33.13534],[131.44392,33.14262],[131.45308,33.14296],[131.45797,33.13891]]]}},{"type":"Feature","properties":{"code":"44209","name":"豊後高田市","pref":"大分県","pref_code":"44","cx":131.50959,"cy":33.58002,"bbox":[131.41234,33.4753,131.59629,33.68152]},"geometry":{"type":"Polygon","coordinates":[[[131.5445,33.67733],[131.53733,33.67989],[131.53566,33.6769],[131.52698,33.68152],[131.52979,33.67411],[131.5151,33.66933],[131.50757,33.67475],[131.50555,33.67133],[131.49993,33.67131],[131.49688,33.66379],[131.50498,33.65654],[131.49522,33.65458],[131.49779,33.64558],[131.49458,33.64368],[131.4869,33.64836],[131.4859,33.64413],[131.48211,33.64322],[131.48017,33.63922],[131.48431,33.63699],[131.47509,33.63056],[131.47376,33.62076],[131.4681,33.61353],[131.46225,33.61919],[131.42397,33.5919],[131.42439,33.58265],[131.4272,33.57707],[131.43014,33.57634],[131.43453,33.57035],[131.41599,33.56388],[131.41518,33.55804],[131.41234,33.5539],[131.41842,33.54996],[131.42314,33.54977],[131.42576,33.54692],[131.42331,33.54378],[131.42505,33.53819],[131.43367,33.53741],[131.43599,33.5401],[131.442,33.53242],[131.44848,33.52731],[131.45023,33.51919],[131.45752,33.50888],[131.46322,33.50819],[131.46508,33.50578],[131.47354,33.5045],[131.48349,33.49347],[131.49015,33.4931],[131.49398,33.48983],[131.49874,33.48883],[131.50612,33.48385],[131.50595,33.48078],[131.51475,33.48008],[131.523,33.4753],[131.5282,33.47767],[131.53549,33.47711],[131.5333,33.49132],[131.53054,33.49708],[131.53173,33.50186],[131.53721,33.50536],[131.54662,33.5197],[131.5541,33.53304],[131.55413,33.53681],[131.55894,33.54038],[131.56454,33.5477],[131.57028,33.54973],[131.57686,33.5563],[131.58634,33.55948],[131.58895,33.55868],[131.59166,33.5612],[131.59629,33.57747],[131.58893,33.58411],[131.58567,33.58257],[131.57976,33.58344],[131.57786,33.59114],[131.5739,33.59396],[131.57225,33.60396],[131.57509,33.60674],[131.57845,33.61379],[131.57599,33.61719],[131.56879,33.61852],[131.55622,33.62693],[131.55796,33.63068],[131.55772,33.63693],[131.55461,33.64231],[131.55682,33.64508],[131.55194,33.65018],[131.54905,33.66235],[131.5494,33.66722],[131.5445,33.67733]]]}},{"type":"Feature","properties":{"code":"44210","name":"杵築市","pref":"大分県","pref_code":"44","cx":131.52784,"cy":33.46022,"bbox":[131.40607,33.35671,131.71875,33.55948]},"geometry":{"type":"Polygon","coordinates":[[[131.44848,33.52731],[131.4443,33.52431],[131.43532,33.52231],[131.42847,33.51845],[131.4331,33.51507],[131.43383,33.51053],[131.43889,33.50972],[131.43855,33.50049],[131.42642,33.50458],[131.42221,33.5047],[131.41777,33.49881],[131.41167,33.49704],[131.40681,33.48502],[131.41195,33.48216],[131.41426,33.47684],[131.42094,33.47515],[131.42531,33.46891],[131.42382,33.463],[131.42895,33.45197],[131.42711,33.44804],[131.43173,33.44433],[131.43313,33.43512],[131.42806,33.43126],[131.42945,33.42444],[131.42458,33.41995],[131.42473,33.41572],[131.4174,33.41283],[131.41985,33.40135],[131.41355,33.39819],[131.41148,33.3906],[131.40607,33.38132],[131.40759,33.37587],[131.42525,33.37275],[131.43087,33.36491],[131.43295,33.3573],[131.43487,33.35671],[131.45276,33.37392],[131.44947,33.3786],[131.45336,33.38613],[131.45304,33.3927],[131.45838,33.39171],[131.47268,33.38594],[131.47703,33.38716],[131.48143,33.38431],[131.48431,33.38916],[131.49038,33.39046],[131.49462,33.38908],[131.4998,33.39142],[131.51028,33.39124],[131.51259,33.3968],[131.52508,33.39694],[131.52238,33.40441],[131.53108,33.4099],[131.53252,33.41381],[131.5374,33.41482],[131.5434,33.41882],[131.54443,33.42618],[131.55408,33.42773],[131.55715,33.42157],[131.56185,33.41559],[131.5569,33.41246],[131.5607,33.4077],[131.55786,33.39948],[131.56091,33.39713],[131.56787,33.39799],[131.57078,33.38919],[131.58049,33.39012],[131.5879,33.39606],[131.59689,33.39355],[131.60391,33.38904],[131.61092,33.39027],[131.61549,33.38594],[131.61505,33.37702],[131.61703,33.3721],[131.62287,33.37465],[131.63411,33.37354],[131.63664,33.3758],[131.64405,33.37533],[131.64635,33.38269],[131.64664,33.39232],[131.63814,33.39888],[131.63743,33.40646],[131.62712,33.41101],[131.62916,33.41407],[131.63462,33.41581],[131.63558,33.42339],[131.6409,33.42131],[131.65347,33.41982],[131.65592,33.42302],[131.66039,33.42262],[131.67159,33.41722],[131.67153,33.41269],[131.68112,33.40941],[131.68647,33.40618],[131.69164,33.40535],[131.70136,33.40595],[131.70374,33.40938],[131.70582,33.42433],[131.70983,33.43542],[131.71347,33.44204],[131.71875,33.44798],[131.70722,33.45165],[131.69483,33.45031],[131.6907,33.44618],[131.6847,33.44281],[131.68304,33.43774],[131.67583,33.43762],[131.66292,33.43413],[131.65034,33.4378],[131.65281,33.44178],[131.6526,33.44667],[131.65921,33.45409],[131.65649,33.45705],[131.65209,33.45579],[131.63572,33.45569],[131.63156,33.45744],[131.6286,33.46582],[131.61831,33.46665],[131.61815,33.47065],[131.60867,33.47054],[131.60389,33.48151],[131.60666,33.48461],[131.603,33.4882],[131.60364,33.49116],[131.60173,33.50441],[131.59665,33.5075],[131.59822,33.51252],[131.59015,33.52148],[131.58853,33.53049],[131.58539,33.53486],[131.58527,33.54385],[131.58907,33.55261],[131.58895,33.55868],[131.58634,33.55948],[131.57686,33.5563],[131.57028,33.54973],[131.56454,33.5477],[131.55894,33.54038],[131.55413,33.53681],[131.5541,33.53304],[131.54662,33.5197],[131.53721,33.50536],[131.53173,33.50186],[131.53054,33.49708],[131.5333,33.49132],[131.53549,33.47711],[131.5282,33.47767],[131.523,33.4753],[131.51475,33.48008],[131.50595,33.48078],[131.50612,33.48385],[131.49874,33.48883],[131.49398,33.48983],[131.49015,33.4931],[131.48349,33.49347],[131.47354,33.5045],[131.46508,33.50578],[131.46322,33.50819],[131.45752,33.50888],[131.45023,33.51919],[131.44848,33.52731]]]}},{"type":"Feature","properties":{"code":"44211","name":"宇佐市","pref":"大分県","pref_code":"44","cx":131.33737,"cy":33.44618,"bbox":[131.21577,33.31033,131.44848,33.58305]},"geometry":{"type":"Polygon","coordinates":[[[131.41628,33.34933],[131.41902,33.35201],[131.42727,33.35429],[131.43295,33.3573],[131.43087,33.36491],[131.42525,33.37275],[131.40759,33.37587],[131.40607,33.38132],[131.41148,33.3906],[131.41355,33.39819],[131.41985,33.40135],[131.4174,33.41283],[131.42473,33.41572],[131.42458,33.41995],[131.42945,33.42444],[131.42806,33.43126],[131.43313,33.43512],[131.43173,33.44433],[131.42711,33.44804],[131.42895,33.45197],[131.42382,33.463],[131.42531,33.46891],[131.42094,33.47515],[131.41426,33.47684],[131.41195,33.48216],[131.40681,33.48502],[131.41167,33.49704],[131.41777,33.49881],[131.42221,33.5047],[131.42642,33.50458],[131.43855,33.50049],[131.43889,33.50972],[131.43383,33.51053],[131.4331,33.51507],[131.42847,33.51845],[131.43532,33.52231],[131.4443,33.52431],[131.44848,33.52731],[131.442,33.53242],[131.43599,33.5401],[131.43367,33.53741],[131.42505,33.53819],[131.42331,33.54378],[131.42576,33.54692],[131.42314,33.54977],[131.41842,33.54996],[131.41234,33.5539],[131.41518,33.55804],[131.41599,33.56388],[131.42852,33.56794],[131.42115,33.56911],[131.42012,33.57323],[131.41274,33.57361],[131.4056,33.57222],[131.39374,33.57634],[131.38095,33.57614],[131.37429,33.5802],[131.37195,33.57671],[131.35811,33.57725],[131.34915,33.57296],[131.33922,33.57333],[131.3352,33.57615],[131.33482,33.58088],[131.32058,33.58305],[131.31733,33.58094],[131.31098,33.58211],[131.30353,33.5808],[131.2954,33.58114],[131.29086,33.57905],[131.27892,33.58083],[131.27709,33.57837],[131.27579,33.56579],[131.27255,33.55769],[131.27246,33.55319],[131.26362,33.55452],[131.26018,33.55369],[131.25384,33.54164],[131.25247,33.53689],[131.25647,33.52995],[131.25689,33.525],[131.27018,33.50239],[131.27312,33.49899],[131.26308,33.48689],[131.25985,33.48084],[131.24784,33.4764],[131.24199,33.47783],[131.24383,33.46919],[131.24099,33.46367],[131.24515,33.46173],[131.24717,33.4555],[131.24424,33.45041],[131.2465,33.44154],[131.25162,33.43553],[131.25423,33.42924],[131.25328,33.42662],[131.25532,33.41949],[131.25529,33.41294],[131.24278,33.41365],[131.23594,33.41132],[131.22743,33.41197],[131.22509,33.40923],[131.22906,33.40542],[131.22916,33.39772],[131.22266,33.39255],[131.22147,33.38696],[131.22609,33.38073],[131.22977,33.37897],[131.22563,33.36912],[131.21778,33.36467],[131.21577,33.36146],[131.22607,33.36158],[131.22939,33.35696],[131.24055,33.35721],[131.24171,33.36224],[131.24865,33.36086],[131.25265,33.3579],[131.25919,33.35631],[131.26096,33.3527],[131.26786,33.34983],[131.27181,33.34376],[131.27184,33.34098],[131.2789,33.33469],[131.28986,33.33626],[131.29858,33.33542],[131.30314,33.3371],[131.30814,33.33181],[131.30829,33.32758],[131.31267,33.32283],[131.32701,33.32049],[131.33622,33.31596],[131.35043,33.31347],[131.35518,33.31033],[131.35891,33.31547],[131.36801,33.3164],[131.37498,33.32143],[131.37468,33.3255],[131.38204,33.32709],[131.38781,33.32575],[131.39901,33.32539],[131.39685,33.33366],[131.40049,33.3376],[131.39912,33.34051],[131.40272,33.34346],[131.40122,33.35004],[131.40708,33.35104],[131.41247,33.34856],[131.41628,33.34933]]]}},{"type":"Feature","properties":{"code":"44212","name":"豊後大野市","pref":"大分県","pref_code":"44","cx":131.53921,"cy":32.96091,"bbox":[131.34706,32.80336,131.67847,33.11756]},"geometry":{"type":"Polygon","coordinates":[[[131.41873,33.09206],[131.41263,33.08828],[131.41159,33.08519],[131.40555,33.08212],[131.40487,33.07831],[131.39936,33.07218],[131.40441,33.0654],[131.3959,33.06054],[131.39926,33.05695],[131.40664,33.05732],[131.40237,33.05119],[131.40628,33.04916],[131.39929,33.04503],[131.39732,33.03999],[131.39158,33.03789],[131.3903,33.03143],[131.37881,33.02959],[131.37856,33.02637],[131.38261,33.01608],[131.39055,33.017],[131.3949,33.01435],[131.39611,33.01013],[131.40706,33.00831],[131.41263,33.00397],[131.4181,33.00287],[131.42105,32.98869],[131.41706,32.98493],[131.42209,32.97866],[131.42004,32.97145],[131.42337,32.96813],[131.42034,32.96152],[131.41699,32.96031],[131.41117,32.95317],[131.40918,32.94828],[131.40821,32.93533],[131.40186,32.92985],[131.39867,32.9288],[131.40123,32.92191],[131.39743,32.91085],[131.39317,32.90851],[131.39686,32.90435],[131.39949,32.8983],[131.39823,32.89627],[131.40039,32.88901],[131.40078,32.88115],[131.39396,32.87378],[131.389,32.8705],[131.38806,32.86705],[131.39703,32.86132],[131.38733,32.84997],[131.38702,32.84713],[131.37699,32.8417],[131.37385,32.83851],[131.36903,32.83793],[131.36216,32.83403],[131.35571,32.83398],[131.34967,32.83214],[131.34706,32.82797],[131.34978,32.82435],[131.35063,32.81691],[131.34864,32.81068],[131.35644,32.80503],[131.36391,32.80336],[131.37828,32.80947],[131.38393,32.80901],[131.3887,32.81178],[131.39482,32.81108],[131.40022,32.81349],[131.40566,32.81217],[131.41604,32.81326],[131.42121,32.81192],[131.42554,32.81636],[131.43127,32.81837],[131.43697,32.82863],[131.44357,32.83003],[131.45423,32.82902],[131.46317,32.83114],[131.47514,32.83723],[131.48189,32.83893],[131.48427,32.84271],[131.49015,32.84545],[131.49414,32.85059],[131.49962,32.8506],[131.50278,32.85319],[131.51424,32.85381],[131.52247,32.85603],[131.52696,32.8597],[131.53843,32.86466],[131.54118,32.87123],[131.54901,32.87533],[131.55169,32.8785],[131.56428,32.88437],[131.58185,32.87901],[131.59054,32.88127],[131.58956,32.88478],[131.59059,32.89242],[131.59513,32.89065],[131.60012,32.89519],[131.60492,32.89547],[131.60692,32.89871],[131.607,32.90569],[131.61226,32.91105],[131.60914,32.9223],[131.61486,32.92402],[131.62191,32.92228],[131.62352,32.91695],[131.62939,32.91929],[131.626,32.92827],[131.61949,32.92657],[131.61906,32.9306],[131.63079,32.94162],[131.63895,32.93997],[131.63971,32.94336],[131.64443,32.94838],[131.64393,32.95165],[131.65917,32.96028],[131.662,32.96336],[131.66128,32.96785],[131.65705,32.97933],[131.65088,32.98495],[131.64979,32.99006],[131.64527,32.99625],[131.64377,33.00156],[131.63865,33.00486],[131.63284,33.00538],[131.63523,33.00939],[131.63167,33.01857],[131.63234,33.02461],[131.63539,33.02885],[131.63731,33.03512],[131.64652,33.03099],[131.65013,33.03411],[131.65872,33.03709],[131.66094,33.04454],[131.65961,33.04985],[131.65373,33.05339],[131.65225,33.05843],[131.65349,33.06639],[131.65719,33.06947],[131.66094,33.07879],[131.6691,33.08148],[131.67223,33.08457],[131.67847,33.08587],[131.66112,33.08869],[131.65416,33.0845],[131.64627,33.08221],[131.64296,33.08271],[131.64121,33.08714],[131.63777,33.08875],[131.6282,33.09011],[131.62506,33.09265],[131.61567,33.09574],[131.60495,33.10247],[131.59941,33.10332],[131.5939,33.10219],[131.58784,33.09754],[131.58158,33.10117],[131.57472,33.10203],[131.56828,33.11003],[131.55941,33.11115],[131.55446,33.11756],[131.54222,33.11658],[131.53939,33.11121],[131.53237,33.10988],[131.52561,33.10655],[131.52195,33.10267],[131.51514,33.10243],[131.50774,33.10005],[131.4965,33.09193],[131.50197,33.08711],[131.49482,33.07616],[131.48286,33.07386],[131.47489,33.07036],[131.46551,33.07219],[131.45971,33.07545],[131.45683,33.07982],[131.45447,33.09044],[131.45652,33.09432],[131.44403,33.09359],[131.44072,33.08802],[131.42362,33.07922],[131.41984,33.0811],[131.42175,33.0898],[131.41873,33.09206]]]}},{"type":"Feature","properties":{"code":"44213","name":"由布市","pref":"大分県","pref_code":"44","cx":131.40594,"cy":33.21962,"bbox":[131.25699,33.10486,131.54281,33.32709]},"geometry":{"type":"Polygon","coordinates":[[[131.52108,33.24851],[131.51555,33.24776],[131.50981,33.25182],[131.50389,33.24954],[131.50612,33.23802],[131.50629,33.22828],[131.50313,33.22389],[131.49936,33.22793],[131.48792,33.23048],[131.48379,33.22622],[131.47606,33.22862],[131.46707,33.23501],[131.46357,33.23618],[131.46112,33.2424],[131.45569,33.24246],[131.45041,33.23929],[131.45135,33.23571],[131.44116,33.23418],[131.43897,33.23922],[131.43444,33.23862],[131.4302,33.23561],[131.42401,33.23538],[131.41551,33.23281],[131.40879,33.22811],[131.40383,33.22671],[131.39483,33.22852],[131.39178,33.23049],[131.38167,33.23296],[131.37893,33.2355],[131.38026,33.24284],[131.37847,33.24722],[131.384,33.25511],[131.38832,33.2568],[131.3937,33.26412],[131.39371,33.26951],[131.39018,33.27245],[131.3905,33.2803],[131.39492,33.28177],[131.40629,33.28247],[131.42049,33.29074],[131.41836,33.29584],[131.42289,33.3087],[131.43371,33.31783],[131.43419,33.32342],[131.42775,33.32602],[131.4205,33.32546],[131.41269,33.31935],[131.39929,33.32282],[131.39901,33.32539],[131.38781,33.32575],[131.38204,33.32709],[131.37468,33.3255],[131.37498,33.32143],[131.36801,33.3164],[131.35891,33.31547],[131.35518,33.31033],[131.35043,33.31347],[131.33622,33.31596],[131.33268,33.31751],[131.3306,33.31331],[131.32578,33.31131],[131.32494,33.30792],[131.31649,33.30598],[131.33249,33.29491],[131.3291,33.29008],[131.31137,33.27286],[131.29941,33.26509],[131.29593,33.25993],[131.29507,33.24985],[131.28718,33.24532],[131.28511,33.24099],[131.2799,33.23618],[131.26948,33.23139],[131.27369,33.22345],[131.28169,33.21533],[131.28403,33.20915],[131.28947,33.19947],[131.29064,33.19504],[131.29479,33.1963],[131.30873,33.18766],[131.30651,33.17897],[131.30198,33.18143],[131.29561,33.17956],[131.30839,33.17189],[131.31812,33.17779],[131.32372,33.1736],[131.31718,33.16848],[131.31492,33.16407],[131.30532,33.15875],[131.30037,33.16063],[131.28801,33.1567],[131.27488,33.14862],[131.26901,33.14319],[131.2593,33.13657],[131.25699,33.12322],[131.27112,33.12514],[131.28051,33.11815],[131.29179,33.12066],[131.31088,33.10522],[131.31859,33.10712],[131.33231,33.10905],[131.33711,33.10486],[131.34245,33.10691],[131.34581,33.10542],[131.3524,33.1062],[131.35806,33.11136],[131.35176,33.11674],[131.35317,33.11944],[131.35895,33.11904],[131.36553,33.12342],[131.36998,33.12465],[131.37465,33.13246],[131.37664,33.13951],[131.3809,33.14398],[131.38792,33.14559],[131.39092,33.15194],[131.40038,33.15134],[131.40666,33.15309],[131.41689,33.15395],[131.42372,33.15333],[131.42877,33.1495],[131.4351,33.1491],[131.44101,33.15127],[131.44787,33.15003],[131.45358,33.14584],[131.45797,33.13891],[131.46021,33.14746],[131.46663,33.14592],[131.47332,33.15345],[131.48539,33.15998],[131.4897,33.16043],[131.48985,33.1659],[131.50411,33.16855],[131.50449,33.17247],[131.5082,33.17925],[131.51225,33.18193],[131.52017,33.19113],[131.52945,33.19505],[131.53608,33.19921],[131.53232,33.20413],[131.53768,33.20903],[131.53252,33.2158],[131.53787,33.22653],[131.53648,33.23063],[131.53759,33.23686],[131.54281,33.23716],[131.54061,33.24349],[131.53661,33.24499],[131.52864,33.24432],[131.52301,33.24941],[131.52108,33.24851]]]}},{"type":"Feature","properties":{"code":"44214","name":"国東市","pref":"大分県","pref_code":"44","cx":131.66545,"cy":33.56476,"bbox":[131.5445,33.43413,131.74442,33.69223]},"geometry":{"type":"Polygon","coordinates":[[[131.58895,33.55868],[131.58907,33.55261],[131.58527,33.54385],[131.58539,33.53486],[131.58853,33.53049],[131.59015,33.52148],[131.59822,33.51252],[131.59665,33.5075],[131.60173,33.50441],[131.60364,33.49116],[131.603,33.4882],[131.60666,33.48461],[131.60389,33.48151],[131.60867,33.47054],[131.61815,33.47065],[131.61831,33.46665],[131.6286,33.46582],[131.63156,33.45744],[131.63572,33.45569],[131.65209,33.45579],[131.65649,33.45705],[131.65921,33.45409],[131.6526,33.44667],[131.65281,33.44178],[131.65034,33.4378],[131.66292,33.43413],[131.67583,33.43762],[131.68304,33.43774],[131.6847,33.44281],[131.6907,33.44618],[131.69483,33.45031],[131.70722,33.45165],[131.71875,33.44798],[131.72228,33.45089],[131.72273,33.45648],[131.72717,33.4661],[131.73864,33.46495],[131.73893,33.49394],[131.73052,33.4915],[131.72906,33.50092],[131.73234,33.51665],[131.73912,33.53496],[131.74261,33.53725],[131.74442,33.54322],[131.74085,33.5464],[131.74006,33.56278],[131.73639,33.56673],[131.73263,33.57472],[131.73365,33.58081],[131.72999,33.58759],[131.72539,33.58878],[131.7145,33.60453],[131.70731,33.60487],[131.70103,33.61388],[131.69739,33.62869],[131.69564,33.63069],[131.69311,33.63998],[131.68941,33.64159],[131.68403,33.63962],[131.67402,33.64981],[131.67124,33.6576],[131.66645,33.6602],[131.66728,33.66364],[131.6608,33.6698],[131.65423,33.66629],[131.65164,33.66059],[131.64704,33.66288],[131.64621,33.66714],[131.64817,33.67121],[131.64294,33.67274],[131.63571,33.68227],[131.63051,33.67938],[131.6302,33.67432],[131.62455,33.67435],[131.62026,33.68064],[131.61788,33.67674],[131.61253,33.67655],[131.60724,33.67863],[131.60752,33.6869],[131.60175,33.68558],[131.59387,33.68692],[131.5864,33.69223],[131.58182,33.69206],[131.57355,33.68675],[131.57335,33.68048],[131.57551,33.67507],[131.56634,33.67474],[131.56159,33.68645],[131.55534,33.68566],[131.54798,33.67862],[131.5445,33.67733],[131.5494,33.66722],[131.54905,33.66235],[131.55194,33.65018],[131.55682,33.64508],[131.55461,33.64231],[131.55772,33.63693],[131.55796,33.63068],[131.55622,33.62693],[131.56879,33.61852],[131.57599,33.61719],[131.57845,33.61379],[131.57509,33.60674],[131.57225,33.60396],[131.5739,33.59396],[131.57786,33.59114],[131.57976,33.58344],[131.58567,33.58257],[131.58893,33.58411],[131.59629,33.57747],[131.59166,33.5612],[131.58895,33.55868]]]}},{"type":"Feature","properties":{"code":"44322","name":"東国東郡姫島村","pref":"大分県","pref_code":"44","cx":131.66509,"cy":33.7292,"bbox":[131.6312,33.7168,131.69038,33.74021]},"geometry":{"type":"Polygon","coordinates":[[[131.67154,33.73879],[131.66747,33.74021],[131.66141,33.7367],[131.65493,33.73016],[131.64519,33.73046],[131.63809,33.72348],[131.6312,33.72074],[131.63319,33.7168],[131.64614,33.72167],[131.65814,33.72126],[131.66572,33.71683],[131.67074,33.71816],[131.67613,33.72543],[131.685,33.72823],[131.69038,33.73237],[131.68427,33.73419],[131.68322,33.73684],[131.67154,33.73879]]]}},{"type":"Feature","properties":{"code":"44341","name":"速見郡日出町","pref":"大分県","pref_code":"44","cx":131.54868,"cy":33.38512,"bbox":[131.41628,33.34289,131.61703,33.42773]},"geometry":{"type":"Polygon","coordinates":[[[131.49642,33.34635],[131.49852,33.35009],[131.49891,33.36031],[131.50598,33.36156],[131.52285,33.36744],[131.53895,33.36546],[131.54318,33.35804],[131.54333,33.3549],[131.5527,33.34976],[131.56202,33.35209],[131.5749,33.34834],[131.58496,33.34672],[131.59071,33.34728],[131.59686,33.34978],[131.5989,33.3596],[131.59585,33.36314],[131.59807,33.3701],[131.60226,33.37128],[131.61446,33.37108],[131.61703,33.3721],[131.61505,33.37702],[131.61549,33.38594],[131.61092,33.39027],[131.60391,33.38904],[131.59689,33.39355],[131.5879,33.39606],[131.58049,33.39012],[131.57078,33.38919],[131.56787,33.39799],[131.56091,33.39713],[131.55786,33.39948],[131.5607,33.4077],[131.5569,33.41246],[131.56185,33.41559],[131.55715,33.42157],[131.55408,33.42773],[131.54443,33.42618],[131.5434,33.41882],[131.5374,33.41482],[131.53252,33.41381],[131.53108,33.4099],[131.52238,33.40441],[131.52508,33.39694],[131.51259,33.3968],[131.51028,33.39124],[131.4998,33.39142],[131.49462,33.38908],[131.49038,33.39046],[131.48431,33.38916],[131.48143,33.38431],[131.47703,33.38716],[131.47268,33.38594],[131.45838,33.39171],[131.45304,33.3927],[131.45336,33.38613],[131.44947,33.3786],[131.45276,33.37392],[131.43487,33.35671],[131.43295,33.3573],[131.42727,33.35429],[131.41902,33.35201],[131.41628,33.34933],[131.41671,33.34559],[131.42291,33.34289],[131.42895,33.34548],[131.43302,33.34316],[131.44038,33.34506],[131.44191,33.34929],[131.44962,33.34849],[131.45609,33.35058],[131.46582,33.35184],[131.47136,33.35434],[131.48259,33.35208],[131.4865,33.35229],[131.49642,33.34635]]]}},{"type":"Feature","properties":{"code":"44461","name":"玖珠郡九重町","pref":"大分県","pref_code":"44","cx":131.20834,"cy":33.19135,"bbox":[131.11118,33.07383,131.32372,33.30408]},"geometry":{"type":"Polygon","coordinates":[[[131.25699,33.12322],[131.2593,33.13657],[131.26901,33.14319],[131.27488,33.14862],[131.28801,33.1567],[131.30037,33.16063],[131.30532,33.15875],[131.31492,33.16407],[131.31718,33.16848],[131.32372,33.1736],[131.31812,33.17779],[131.30839,33.17189],[131.29561,33.17956],[131.30198,33.18143],[131.30651,33.17897],[131.30873,33.18766],[131.29479,33.1963],[131.29064,33.19504],[131.28947,33.19947],[131.28403,33.20915],[131.28169,33.21533],[131.27369,33.22345],[131.26948,33.23139],[131.2799,33.23618],[131.28511,33.24099],[131.28718,33.24532],[131.29507,33.24985],[131.28686,33.26245],[131.27118,33.26314],[131.27407,33.26683],[131.27302,33.27273],[131.27014,33.27478],[131.26355,33.2716],[131.25707,33.27478],[131.26009,33.28056],[131.25358,33.29397],[131.24779,33.29918],[131.24772,33.30408],[131.23714,33.30145],[131.23221,33.29788],[131.22103,33.29904],[131.21461,33.29767],[131.20559,33.2918],[131.20475,33.2849],[131.20166,33.28199],[131.19803,33.28346],[131.18719,33.28013],[131.18575,33.27481],[131.1725,33.26829],[131.16771,33.25505],[131.16281,33.25533],[131.15692,33.25302],[131.15168,33.25294],[131.14527,33.24777],[131.1438,33.23671],[131.13125,33.22778],[131.13085,33.22501],[131.12438,33.21597],[131.12246,33.20726],[131.11651,33.19898],[131.11118,33.1833],[131.11554,33.18027],[131.11838,33.17031],[131.12117,33.16775],[131.12894,33.16696],[131.13283,33.16446],[131.13387,33.16006],[131.13789,33.15952],[131.14784,33.15503],[131.14795,33.14978],[131.15765,33.14178],[131.16122,33.14077],[131.16693,33.12874],[131.16593,33.11963],[131.16359,33.11649],[131.16626,33.11106],[131.17318,33.10484],[131.17258,33.09996],[131.1748,33.09679],[131.17225,33.08971],[131.17455,33.08308],[131.17824,33.07916],[131.18604,33.07383],[131.19313,33.07765],[131.19856,33.08344],[131.20011,33.08773],[131.20504,33.09046],[131.22247,33.08842],[131.22578,33.08647],[131.23675,33.08947],[131.23763,33.09323],[131.24164,33.09617],[131.24679,33.10582],[131.25362,33.11126],[131.25326,33.12201],[131.25699,33.12322]]]}},{"type":"Feature","properties":{"code":"44462","name":"玖珠郡玖珠町","pref":"大分県","pref_code":"44","cx":131.12251,"cy":33.28595,"bbox":[131.03797,33.1833,131.33268,33.38845]},"geometry":{"type":"Polygon","coordinates":[[[131.05706,33.36079],[131.06329,33.35917],[131.0628,33.35333],[131.05933,33.34807],[131.0579,33.3362],[131.06218,33.33493],[131.0679,33.33723],[131.07171,33.3363],[131.0692,33.33155],[131.07423,33.32709],[131.07385,33.32349],[131.06576,33.32521],[131.06214,33.31794],[131.05559,33.31386],[131.05703,33.30724],[131.04982,33.29673],[131.04254,33.29359],[131.04018,33.28699],[131.03991,33.27726],[131.04399,33.27764],[131.04268,33.2721],[131.03836,33.272],[131.03797,33.26712],[131.04113,33.26354],[131.04139,33.2588],[131.04917,33.25919],[131.05167,33.26213],[131.05709,33.2598],[131.05981,33.2653],[131.06773,33.26514],[131.07067,33.25696],[131.07153,33.25048],[131.07443,33.24718],[131.07926,33.2462],[131.09069,33.23743],[131.08738,33.23458],[131.08846,33.21804],[131.08508,33.20827],[131.08471,33.19938],[131.082,33.18879],[131.0954,33.18517],[131.0995,33.18789],[131.11118,33.1833],[131.11651,33.19898],[131.12246,33.20726],[131.12438,33.21597],[131.13085,33.22501],[131.13125,33.22778],[131.1438,33.23671],[131.14527,33.24777],[131.15168,33.25294],[131.15692,33.25302],[131.16281,33.25533],[131.16771,33.25505],[131.1725,33.26829],[131.18575,33.27481],[131.18719,33.28013],[131.19803,33.28346],[131.20166,33.28199],[131.20475,33.2849],[131.20559,33.2918],[131.21461,33.29767],[131.22103,33.29904],[131.23221,33.29788],[131.23714,33.30145],[131.24772,33.30408],[131.24779,33.29918],[131.25358,33.29397],[131.26009,33.28056],[131.25707,33.27478],[131.26355,33.2716],[131.27014,33.27478],[131.27302,33.27273],[131.27407,33.26683],[131.27118,33.26314],[131.28686,33.26245],[131.29507,33.24985],[131.29593,33.25993],[131.29941,33.26509],[131.31137,33.27286],[131.3291,33.29008],[131.33249,33.29491],[131.31649,33.30598],[131.32494,33.30792],[131.32578,33.31131],[131.3306,33.31331],[131.33268,33.31751],[131.32701,33.32049],[131.31267,33.32283],[131.30829,33.32758],[131.30814,33.33181],[131.30314,33.3371],[131.29858,33.33542],[131.28986,33.33626],[131.2789,33.33469],[131.27184,33.34098],[131.27181,33.34376],[131.26786,33.34983],[131.26096,33.3527],[131.25919,33.35631],[131.25265,33.3579],[131.24865,33.36086],[131.24171,33.36224],[131.24055,33.35721],[131.22939,33.35696],[131.22607,33.36158],[131.21577,33.36146],[131.20545,33.3582],[131.20481,33.35379],[131.19818,33.3484],[131.19237,33.3522],[131.18984,33.35639],[131.18466,33.35635],[131.17874,33.3539],[131.17487,33.36269],[131.16786,33.36997],[131.15783,33.3633],[131.15334,33.36581],[131.15141,33.37058],[131.14794,33.37311],[131.14556,33.37873],[131.13442,33.3778],[131.12825,33.3683],[131.12475,33.36821],[131.11517,33.37235],[131.11628,33.37558],[131.10791,33.38007],[131.09894,33.38845],[131.09041,33.38832],[131.08021,33.38382],[131.06824,33.38359],[131.06035,33.37246],[131.05706,33.36079]]]}},{"type":"Feature","properties":{"code":"45201","name":"宮崎市","pref":"宮崎県","pref_code":"45","cx":131.32579,"cy":31.89391,"bbox":[131.1893,31.72101,131.50754,32.06574]},"geometry":{"type":"Polygon","coordinates":[[[131.43312,32.05573],[131.4329,32.05346],[131.42535,32.0524],[131.42187,32.05494],[131.42116,32.05849],[131.41655,32.06153],[131.41076,32.06307],[131.40744,32.06574],[131.4027,32.06564],[131.40237,32.06127],[131.39764,32.05386],[131.39396,32.05161],[131.3955,32.04843],[131.39088,32.04151],[131.39228,32.03971],[131.39054,32.03533],[131.38764,32.03595],[131.38605,32.03329],[131.38733,32.02141],[131.38682,32.01834],[131.38901,32.0152],[131.38587,32.00812],[131.38013,32.00486],[131.3798,32.00146],[131.37649,31.99706],[131.37988,31.99217],[131.37725,31.99005],[131.37749,31.98689],[131.37457,31.98335],[131.37464,31.97688],[131.3714,31.9681],[131.36839,31.97077],[131.36546,31.97126],[131.36029,31.97688],[131.35604,31.97788],[131.35122,31.97718],[131.34812,31.98134],[131.34278,31.98053],[131.3394,31.97876],[131.33188,31.97834],[131.3307,31.97467],[131.32821,31.97323],[131.32876,31.97032],[131.3266,31.96545],[131.3223,31.96694],[131.31209,31.96635],[131.30382,31.97137],[131.2991,31.9752],[131.29913,31.97671],[131.29431,31.9792],[131.29283,31.98175],[131.28735,31.98217],[131.28321,31.98039],[131.2804,31.98277],[131.27656,31.98331],[131.27302,31.98094],[131.26556,31.98214],[131.25699,31.97834],[131.25329,31.98087],[131.24295,31.97584],[131.23704,31.97366],[131.23329,31.97475],[131.23006,31.97309],[131.2248,31.97251],[131.22399,31.97797],[131.22134,31.98289],[131.2179,31.98656],[131.21715,31.99222],[131.21381,31.99583],[131.19733,31.98847],[131.20074,31.98104],[131.20427,31.97975],[131.20753,31.98219],[131.20879,31.97842],[131.20436,31.97526],[131.20641,31.9727],[131.20504,31.96397],[131.20029,31.9637],[131.1929,31.95148],[131.19251,31.94898],[131.19485,31.94354],[131.19897,31.9397],[131.20163,31.93974],[131.20758,31.93675],[131.20606,31.93274],[131.20824,31.93119],[131.21442,31.93097],[131.21618,31.92858],[131.2204,31.91943],[131.20894,31.91263],[131.20316,31.91691],[131.19989,31.91823],[131.19705,31.9159],[131.19577,31.91226],[131.19089,31.90986],[131.1893,31.90047],[131.19171,31.89696],[131.1918,31.89168],[131.19049,31.88783],[131.1901,31.88091],[131.19322,31.87756],[131.19573,31.86986],[131.20085,31.86788],[131.20678,31.86342],[131.20815,31.86463],[131.21116,31.87233],[131.21427,31.87493],[131.21697,31.88057],[131.22905,31.88002],[131.23922,31.8768],[131.24302,31.87859],[131.24336,31.88468],[131.24765,31.88787],[131.24842,31.88412],[131.24688,31.87925],[131.24844,31.87555],[131.25417,31.87676],[131.25015,31.87206],[131.2498,31.86568],[131.2543,31.86087],[131.24938,31.85672],[131.23856,31.85799],[131.23709,31.85149],[131.24248,31.851],[131.24141,31.8414],[131.23676,31.84053],[131.22832,31.83562],[131.22619,31.83014],[131.22241,31.82904],[131.22963,31.82133],[131.23037,31.81626],[131.23434,31.81435],[131.23827,31.80835],[131.24003,31.79774],[131.24111,31.79547],[131.23786,31.78834],[131.23783,31.7826],[131.24128,31.778],[131.24513,31.77745],[131.25176,31.77923],[131.25403,31.7765],[131.26054,31.7803],[131.26365,31.78063],[131.26702,31.77847],[131.26533,31.77631],[131.26636,31.76949],[131.28227,31.76557],[131.28758,31.76363],[131.30091,31.76748],[131.30787,31.76597],[131.31016,31.77118],[131.30886,31.7808],[131.31394,31.77944],[131.31884,31.78199],[131.32609,31.78116],[131.33427,31.78114],[131.33687,31.78191],[131.33861,31.77855],[131.34486,31.7774],[131.348,31.77356],[131.35788,31.77125],[131.35866,31.77277],[131.37322,31.77253],[131.3745,31.77762],[131.37993,31.7791],[131.38349,31.77167],[131.38999,31.76824],[131.39609,31.76779],[131.39849,31.76227],[131.39695,31.75953],[131.398,31.75697],[131.39592,31.75237],[131.3969,31.75106],[131.40369,31.75068],[131.41018,31.74933],[131.41468,31.74492],[131.41601,31.73838],[131.42429,31.73446],[131.42747,31.73164],[131.43166,31.73003],[131.43525,31.73074],[131.44449,31.72954],[131.44796,31.72827],[131.45652,31.72774],[131.45981,31.7289],[131.46364,31.72643],[131.46367,31.72145],[131.46788,31.72101],[131.46615,31.72567],[131.46741,31.72827],[131.46407,31.7309],[131.46325,31.73399],[131.46525,31.73723],[131.46843,31.73836],[131.47312,31.73723],[131.47137,31.74376],[131.46791,31.7488],[131.46843,31.75269],[131.47136,31.75844],[131.47653,31.75771],[131.47659,31.76289],[131.4783,31.76727],[131.48067,31.76943],[131.48544,31.78034],[131.48861,31.7855],[131.48319,31.78568],[131.48021,31.78775],[131.47577,31.79408],[131.47292,31.79427],[131.46989,31.79786],[131.47167,31.80299],[131.46496,31.80509],[131.45772,31.81232],[131.45514,31.81681],[131.45178,31.83461],[131.45297,31.86144],[131.4541,31.86866],[131.45713,31.87415],[131.46238,31.87558],[131.46338,31.87919],[131.45895,31.87961],[131.45739,31.8834],[131.45786,31.89006],[131.46119,31.89657],[131.46459,31.89613],[131.46651,31.90546],[131.4678,31.90652],[131.46905,31.91259],[131.46409,31.91351],[131.46118,31.90097],[131.45867,31.90129],[131.45787,31.90615],[131.45986,31.91597],[131.46553,31.91891],[131.46704,31.9221],[131.47242,31.92257],[131.47291,31.92525],[131.46915,31.92844],[131.47245,31.94625],[131.48181,31.97535],[131.48212,31.97753],[131.50384,32.04078],[131.50345,32.04392],[131.50754,32.04628],[131.5033,32.04686],[131.50037,32.04395],[131.49162,32.04346],[131.48677,32.04137],[131.47858,32.04544],[131.47339,32.04692],[131.47215,32.04927],[131.46753,32.05036],[131.45991,32.05036],[131.45299,32.05216],[131.44917,32.05541],[131.44123,32.05705],[131.43843,32.05554],[131.43312,32.05573]]]}},{"type":"Feature","properties":{"code":"45202","name":"都城市","pref":"宮崎県","pref_code":"45","cx":131.09832,"cy":31.78201,"bbox":[130.87503,31.61992,131.2543,31.9448]},"geometry":{"type":"Polygon","coordinates":[[[131.19897,31.9397],[131.19479,31.93937],[131.18894,31.94155],[131.1811,31.94225],[131.17589,31.9448],[131.17385,31.94447],[131.17017,31.93895],[131.16383,31.94007],[131.1566,31.93952],[131.15285,31.94283],[131.1496,31.94394],[131.1421,31.94218],[131.13653,31.94272],[131.13239,31.94469],[131.11595,31.93847],[131.11252,31.93551],[131.10899,31.93551],[131.10915,31.93261],[131.10625,31.93117],[131.10123,31.93087],[131.09856,31.9375],[131.0943,31.93912],[131.08886,31.93805],[131.08751,31.93065],[131.09161,31.92966],[131.09322,31.92693],[131.10369,31.92066],[131.09736,31.91395],[131.09618,31.91019],[131.0878,31.91225],[131.08331,31.90936],[131.07852,31.91061],[131.0761,31.91397],[131.0722,31.91371],[131.06607,31.91669],[131.05662,31.91636],[131.04956,31.92198],[131.04664,31.92203],[131.04039,31.92995],[131.03564,31.93032],[131.03032,31.92894],[131.02287,31.91919],[131.02644,31.91455],[131.02005,31.9153],[131.01885,31.91249],[131.01228,31.90667],[131.00804,31.8985],[131.00169,31.89281],[130.9995,31.88897],[130.9999,31.88435],[130.9935,31.88329],[130.991,31.88115],[130.98445,31.88104],[130.9532,31.88792],[130.94899,31.89053],[130.93709,31.88604],[130.93171,31.88612],[130.92887,31.88489],[130.92521,31.88587],[130.91401,31.88577],[130.91174,31.88343],[130.90678,31.88533],[130.90245,31.88444],[130.89939,31.88105],[130.89457,31.87797],[130.89349,31.87209],[130.88775,31.86086],[130.88922,31.85173],[130.88819,31.84834],[130.88441,31.84551],[130.87622,31.84419],[130.87503,31.84266],[130.87905,31.8394],[130.8788,31.8368],[130.88174,31.83351],[130.88182,31.82969],[130.87826,31.82885],[130.87664,31.82134],[130.8769,31.81573],[130.8802,31.8149],[130.88278,31.80705],[130.89051,31.80648],[130.89498,31.8039],[130.898,31.80361],[130.90095,31.80105],[130.90939,31.80072],[130.91507,31.80489],[130.91793,31.80348],[130.91832,31.79931],[130.92119,31.79967],[130.92576,31.79427],[130.92528,31.79123],[130.92954,31.78636],[130.95743,31.78299],[130.9611,31.78163],[130.96669,31.78156],[130.9714,31.78459],[130.97675,31.78239],[130.98025,31.77854],[130.98698,31.78015],[130.99063,31.77677],[130.99169,31.77118],[130.98844,31.76546],[130.98278,31.76739],[130.98244,31.76322],[130.97919,31.76172],[130.9781,31.75886],[130.97852,31.75157],[130.98401,31.75163],[130.9869,31.74972],[130.99072,31.75116],[130.99454,31.74741],[130.99788,31.74592],[131.00225,31.74835],[131.00675,31.74923],[131.00899,31.74732],[131.0152,31.7488],[131.01784,31.74523],[131.01597,31.7416],[131.01707,31.7372],[131.01649,31.73391],[131.01764,31.72443],[131.01609,31.71718],[131.01306,31.71313],[131.01652,31.7099],[131.01848,31.70522],[131.02861,31.69748],[131.02367,31.69177],[131.02553,31.68846],[131.02376,31.68524],[131.02657,31.68241],[131.02424,31.67409],[131.02762,31.66853],[131.0256,31.6669],[131.03087,31.6629],[131.03684,31.66181],[131.04607,31.65246],[131.04824,31.64569],[131.04753,31.64207],[131.05217,31.64022],[131.05205,31.63732],[131.05426,31.63349],[131.05737,31.63419],[131.05799,31.63814],[131.06518,31.6474],[131.069,31.64987],[131.07255,31.65812],[131.07927,31.66021],[131.08325,31.65613],[131.08939,31.65364],[131.09273,31.64867],[131.09561,31.64636],[131.10105,31.64471],[131.10805,31.63763],[131.11344,31.63507],[131.11499,31.63071],[131.11785,31.62933],[131.1223,31.63049],[131.12781,31.62648],[131.13885,31.62769],[131.14225,31.63029],[131.14807,31.63066],[131.15112,31.63327],[131.15571,31.63413],[131.15889,31.63714],[131.16306,31.6365],[131.16442,31.63945],[131.16854,31.63731],[131.16992,31.6335],[131.17866,31.62991],[131.18019,31.62629],[131.18835,31.62463],[131.1894,31.62224],[131.19374,31.61992],[131.19737,31.62792],[131.19754,31.63258],[131.20246,31.63507],[131.20251,31.63697],[131.19979,31.63933],[131.19748,31.64449],[131.19103,31.64493],[131.18078,31.65083],[131.17998,31.65633],[131.17635,31.65868],[131.17041,31.66455],[131.16787,31.6688],[131.16034,31.6706],[131.15806,31.66904],[131.14525,31.66814],[131.13784,31.67322],[131.13441,31.67669],[131.13062,31.67486],[131.12656,31.67736],[131.12477,31.68582],[131.12176,31.69006],[131.11846,31.69185],[131.11934,31.69415],[131.11546,31.69883],[131.10876,31.7014],[131.10433,31.70406],[131.10183,31.70745],[131.09564,31.71055],[131.09724,31.71329],[131.10035,31.72729],[131.10404,31.72828],[131.10457,31.73134],[131.10116,31.73202],[131.10106,31.73481],[131.10288,31.7459],[131.10839,31.75139],[131.103,31.76132],[131.11143,31.77186],[131.12046,31.7706],[131.12655,31.77447],[131.12674,31.76988],[131.13645,31.76153],[131.13522,31.75964],[131.13695,31.75644],[131.14176,31.75535],[131.14706,31.75067],[131.14907,31.74047],[131.15723,31.73737],[131.16323,31.73816],[131.17096,31.73594],[131.17567,31.7392],[131.17699,31.74621],[131.18247,31.75105],[131.18361,31.75496],[131.1883,31.75628],[131.19069,31.75953],[131.19814,31.75945],[131.20513,31.76068],[131.20515,31.76616],[131.20752,31.77048],[131.21134,31.76938],[131.21438,31.77173],[131.21414,31.77538],[131.21882,31.77974],[131.22001,31.78348],[131.22399,31.78409],[131.22634,31.78246],[131.2288,31.78812],[131.23197,31.79252],[131.23396,31.7974],[131.24003,31.79774],[131.23827,31.80835],[131.23434,31.81435],[131.23037,31.81626],[131.22963,31.82133],[131.22241,31.82904],[131.22619,31.83014],[131.22832,31.83562],[131.23676,31.84053],[131.24141,31.8414],[131.24248,31.851],[131.23709,31.85149],[131.23856,31.85799],[131.24938,31.85672],[131.2543,31.86087],[131.2498,31.86568],[131.25015,31.87206],[131.25417,31.87676],[131.24844,31.87555],[131.24688,31.87925],[131.24842,31.88412],[131.24765,31.88787],[131.24336,31.88468],[131.24302,31.87859],[131.23922,31.8768],[131.22905,31.88002],[131.21697,31.88057],[131.21427,31.87493],[131.21116,31.87233],[131.20815,31.86463],[131.20678,31.86342],[131.20085,31.86788],[131.19573,31.86986],[131.19322,31.87756],[131.1901,31.88091],[131.19049,31.88783],[131.1918,31.89168],[131.19171,31.89696],[131.1893,31.90047],[131.19089,31.90986],[131.19577,31.91226],[131.19705,31.9159],[131.19989,31.91823],[131.20316,31.91691],[131.20894,31.91263],[131.2204,31.91943],[131.21618,31.92858],[131.21442,31.93097],[131.20824,31.93119],[131.20606,31.93274],[131.20758,31.93675],[131.20163,31.93974],[131.19897,31.9397]]]}},{"type":"Feature","properties":{"code":"45203","name":"延岡市","pref":"宮崎県","pref_code":"45","cx":131.60415,"cy":32.66279,"bbox":[131.42878,32.48987,131.87722,32.83693]},"geometry":{"type":"MultiPolygon","coordinates":[[[[131.8184,32.67425],[131.81667,32.67152],[131.81233,32.66973],[131.81111,32.66543],[131.81224,32.65827],[131.82373,32.65669],[131.82846,32.65746],[131.8292,32.66197],[131.83171,32.66472],[131.83655,32.6665],[131.83557,32.67092],[131.82863,32.66807],[131.82232,32.66877],[131.81854,32.67108],[131.8184,32.67425]]],[[[131.72812,32.49672],[131.72591,32.49979],[131.72119,32.50161],[131.71256,32.5011],[131.71005,32.5027],[131.71219,32.51016],[131.71168,32.51502],[131.70981,32.51644],[131.70496,32.5158],[131.7036,32.51865],[131.69783,32.51478],[131.70051,32.51122],[131.70064,32.50775],[131.697,32.50766],[131.69451,32.51038],[131.69232,32.50758],[131.68453,32.50918],[131.68296,32.51306],[131.68371,32.51636],[131.68628,32.51711],[131.6857,32.52173],[131.68803,32.52357],[131.68632,32.52804],[131.68255,32.53236],[131.68239,32.54039],[131.68545,32.55061],[131.68933,32.56005],[131.69476,32.5695],[131.703,32.58085],[131.70695,32.58541],[131.71311,32.59041],[131.71606,32.59138],[131.72032,32.58953],[131.73191,32.59152],[131.7341,32.59054],[131.74236,32.59198],[131.74401,32.59721],[131.74754,32.60139],[131.75405,32.60162],[131.75596,32.60388],[131.75318,32.60874],[131.75768,32.60963],[131.76446,32.61631],[131.76101,32.62029],[131.76475,32.6283],[131.76821,32.62892],[131.76874,32.6327],[131.77315,32.6342],[131.7735,32.64069],[131.7716,32.64307],[131.76627,32.64098],[131.76438,32.64175],[131.7592,32.63977],[131.75982,32.6357],[131.75756,32.63521],[131.75678,32.64446],[131.76257,32.64218],[131.7641,32.64527],[131.76725,32.647],[131.76289,32.65415],[131.76285,32.65867],[131.7675,32.66],[131.77155,32.65969],[131.772,32.66627],[131.77751,32.67135],[131.77717,32.67403],[131.78487,32.67453],[131.78554,32.66372],[131.78878,32.66175],[131.79109,32.6639],[131.79101,32.67234],[131.79294,32.67814],[131.79563,32.67813],[131.80177,32.68378],[131.81054,32.68722],[131.81548,32.68693],[131.81645,32.69259],[131.81523,32.69713],[131.82056,32.69727],[131.81684,32.70284],[131.82664,32.70656],[131.83166,32.69988],[131.83786,32.69763],[131.83903,32.69337],[131.84296,32.69047],[131.84932,32.69626],[131.85322,32.69724],[131.85363,32.70259],[131.84832,32.70374],[131.84582,32.70836],[131.84707,32.71445],[131.84988,32.71606],[131.85005,32.72189],[131.85535,32.72219],[131.85805,32.71896],[131.86428,32.71851],[131.86492,32.72301],[131.86143,32.72349],[131.85764,32.7294],[131.85937,32.73323],[131.86165,32.73461],[131.87005,32.73475],[131.87596,32.73354],[131.87722,32.73932],[131.87354,32.74045],[131.8615,32.74019],[131.85797,32.73766],[131.84701,32.73593],[131.84657,32.74219],[131.84412,32.74766],[131.84699,32.75071],[131.84981,32.75596],[131.84842,32.7605],[131.84899,32.7645],[131.8469,32.76628],[131.84607,32.77389],[131.84434,32.77692],[131.84852,32.78311],[131.85042,32.78896],[131.84931,32.79043],[131.85445,32.79607],[131.85365,32.79824],[131.86008,32.80607],[131.85868,32.81569],[131.8588,32.82144],[131.85509,32.82317],[131.84815,32.81785],[131.84093,32.81991],[131.8345,32.8197],[131.83162,32.82353],[131.82597,32.8263],[131.8245,32.82987],[131.82017,32.82778],[131.81415,32.82637],[131.80666,32.82215],[131.79815,32.82489],[131.7939,32.82195],[131.7878,32.82793],[131.78727,32.83364],[131.78298,32.8338],[131.77662,32.83594],[131.76881,32.83693],[131.75407,32.83642],[131.74736,32.8331],[131.74133,32.83429],[131.73573,32.8311],[131.73654,32.82551],[131.73466,32.81804],[131.73109,32.81593],[131.72923,32.80477],[131.73015,32.80335],[131.72794,32.79737],[131.7183,32.79087],[131.71513,32.78534],[131.7154,32.78017],[131.71247,32.77354],[131.70688,32.77161],[131.6995,32.77309],[131.69626,32.77465],[131.69101,32.77184],[131.67927,32.76999],[131.6763,32.76838],[131.66935,32.76833],[131.66886,32.76659],[131.66088,32.76915],[131.64829,32.77175],[131.64068,32.77034],[131.63264,32.77203],[131.62975,32.7718],[131.62533,32.77452],[131.61792,32.77311],[131.60545,32.7739],[131.60076,32.77223],[131.59664,32.77513],[131.59007,32.77413],[131.58798,32.77045],[131.58241,32.76527],[131.57921,32.76098],[131.56892,32.75416],[131.56537,32.75551],[131.5555,32.75538],[131.54717,32.75821],[131.54515,32.75734],[131.53632,32.75886],[131.53261,32.76286],[131.5241,32.76384],[131.51834,32.76766],[131.51208,32.7697],[131.50848,32.77424],[131.50432,32.77313],[131.49958,32.77408],[131.49627,32.77266],[131.49163,32.77403],[131.48803,32.77134],[131.48849,32.76696],[131.48263,32.76349],[131.48199,32.76006],[131.48853,32.75663],[131.48771,32.75085],[131.49003,32.7479],[131.48793,32.74241],[131.4814,32.73791],[131.48449,32.73023],[131.48444,32.72405],[131.48276,32.72293],[131.48308,32.7177],[131.47991,32.71366],[131.48012,32.7105],[131.47569,32.70464],[131.46611,32.70181],[131.46226,32.6968],[131.45725,32.69535],[131.45347,32.69203],[131.45196,32.68411],[131.4501,32.68317],[131.44686,32.67793],[131.44799,32.67192],[131.43982,32.66786],[131.44001,32.66426],[131.43434,32.66186],[131.44046,32.65498],[131.43946,32.65087],[131.437,32.64791],[131.43712,32.6431],[131.44055,32.64042],[131.43606,32.63768],[131.43497,32.63364],[131.44867,32.62662],[131.45047,32.62283],[131.44988,32.61882],[131.45214,32.61361],[131.44931,32.61072],[131.44864,32.60243],[131.45002,32.59777],[131.44604,32.59376],[131.44819,32.58749],[131.44331,32.57705],[131.44085,32.5767],[131.44024,32.56894],[131.43556,32.56561],[131.43263,32.56533],[131.42878,32.55989],[131.43036,32.55618],[131.4369,32.55674],[131.43859,32.55566],[131.44228,32.55879],[131.45657,32.55736],[131.46414,32.55939],[131.46665,32.5637],[131.47278,32.56686],[131.47833,32.56694],[131.48553,32.56494],[131.49593,32.5588],[131.49915,32.5593],[131.50486,32.55712],[131.50971,32.55092],[131.51303,32.5509],[131.51541,32.54632],[131.51885,32.54515],[131.5211,32.54234],[131.52672,32.54045],[131.5289,32.54343],[131.5333,32.54203],[131.53575,32.53973],[131.54477,32.53802],[131.54838,32.5358],[131.55159,32.5379],[131.556,32.53703],[131.56266,32.53908],[131.56593,32.54546],[131.57084,32.54427],[131.5746,32.54769],[131.57851,32.54576],[131.58209,32.54637],[131.58402,32.54324],[131.58136,32.5396],[131.58241,32.53572],[131.58504,32.53538],[131.58889,32.53157],[131.58864,32.52975],[131.5919,32.52572],[131.59678,32.52754],[131.60383,32.53189],[131.60469,32.53354],[131.61006,32.53131],[131.61338,32.52673],[131.61272,32.51999],[131.61503,32.51689],[131.62753,32.51958],[131.62997,32.52236],[131.63396,32.51971],[131.64253,32.51922],[131.64459,32.51591],[131.64898,32.51592],[131.65177,32.51145],[131.65679,32.51165],[131.66402,32.50769],[131.66585,32.50502],[131.6654,32.50167],[131.66868,32.499],[131.67829,32.49655],[131.67972,32.49305],[131.68395,32.48987],[131.69103,32.49433],[131.69645,32.49618],[131.70081,32.49478],[131.70765,32.49816],[131.71284,32.4978],[131.71582,32.49531],[131.72055,32.49725],[131.72812,32.49672]]]]}},{"type":"Feature","properties":{"code":"45204","name":"日南市","pref":"宮崎県","pref_code":"45","cx":131.33533,"cy":31.63478,"bbox":[131.16034,31.48976,131.46929,31.78199]},"geometry":{"type":"MultiPolygon","coordinates":[[[[131.41063,31.54226],[131.40849,31.5407],[131.40929,31.53778],[131.40645,31.5357],[131.40332,31.53039],[131.40658,31.52626],[131.41007,31.51949],[131.41598,31.51727],[131.41573,31.52293],[131.41318,31.52739],[131.41643,31.53173],[131.41236,31.53774],[131.41442,31.54132],[131.41063,31.54226]]],[[[131.2696,31.76855],[131.26747,31.76383],[131.26888,31.7553],[131.26348,31.74949],[131.26165,31.74502],[131.26015,31.73637],[131.25701,31.73453],[131.25152,31.73496],[131.2483,31.73322],[131.23954,31.73339],[131.23693,31.73096],[131.23819,31.72775],[131.2346,31.72591],[131.23539,31.72267],[131.23212,31.71619],[131.22938,31.71419],[131.21801,31.71354],[131.21438,31.71551],[131.2108,31.71492],[131.21352,31.7105],[131.2055,31.70629],[131.20331,31.70416],[131.19774,31.70419],[131.19109,31.69917],[131.1852,31.69927],[131.17547,31.69174],[131.17401,31.68867],[131.16912,31.68581],[131.1664,31.67906],[131.16162,31.67495],[131.16034,31.6706],[131.16787,31.6688],[131.17041,31.66455],[131.17635,31.65868],[131.17998,31.65633],[131.18078,31.65083],[131.19103,31.64493],[131.19748,31.64449],[131.19979,31.63933],[131.20251,31.63697],[131.20486,31.63678],[131.21372,31.63354],[131.21567,31.63076],[131.21616,31.62596],[131.2245,31.62172],[131.23354,31.6268],[131.23827,31.62588],[131.2417,31.62351],[131.24675,31.62277],[131.25044,31.61811],[131.25773,31.61267],[131.25652,31.61014],[131.25864,31.60777],[131.2579,31.60075],[131.2541,31.59512],[131.25634,31.59022],[131.25509,31.58648],[131.2587,31.58236],[131.2594,31.5787],[131.2616,31.57737],[131.26626,31.57816],[131.27052,31.57572],[131.27001,31.57121],[131.27449,31.568],[131.27103,31.56316],[131.26661,31.56098],[131.26598,31.55859],[131.27035,31.55324],[131.27315,31.55421],[131.27579,31.55118],[131.27871,31.55053],[131.27788,31.54601],[131.28157,31.54129],[131.27792,31.53795],[131.28229,31.53532],[131.28403,31.53119],[131.28964,31.53027],[131.29062,31.52785],[131.28769,31.52276],[131.28854,31.52015],[131.28777,31.51116],[131.29257,31.5094],[131.29689,31.50615],[131.29552,31.50157],[131.30029,31.49703],[131.30119,31.4937],[131.30739,31.4958],[131.31396,31.49605],[131.31695,31.49397],[131.32316,31.50107],[131.32704,31.50211],[131.33026,31.49846],[131.33023,31.49471],[131.33992,31.4939],[131.34931,31.48976],[131.35749,31.4906],[131.36357,31.49378],[131.36506,31.4922],[131.3709,31.49077],[131.3791,31.49107],[131.38312,31.49409],[131.38653,31.49848],[131.38497,31.50274],[131.37372,31.50576],[131.37327,31.50912],[131.37652,31.51209],[131.3725,31.51771],[131.37882,31.51922],[131.37889,31.51487],[131.38527,31.51919],[131.38401,31.52375],[131.38082,31.52621],[131.38191,31.53085],[131.3849,31.53243],[131.38533,31.54093],[131.38181,31.5451],[131.38124,31.55264],[131.38438,31.55837],[131.38819,31.56012],[131.39277,31.55734],[131.39763,31.55881],[131.3961,31.56181],[131.39198,31.56247],[131.39164,31.56467],[131.39686,31.56597],[131.39939,31.57287],[131.39947,31.5786],[131.4025,31.58171],[131.40669,31.58189],[131.4076,31.57715],[131.40974,31.57421],[131.40629,31.57275],[131.40664,31.56755],[131.4082,31.56672],[131.41235,31.57024],[131.41116,31.5776],[131.41233,31.58269],[131.40907,31.58752],[131.40948,31.59038],[131.41525,31.5997],[131.42263,31.60873],[131.42624,31.61049],[131.43186,31.61128],[131.43624,31.61462],[131.44107,31.61522],[131.4461,31.61723],[131.4495,31.6202],[131.45189,31.62441],[131.45698,31.62469],[131.45833,31.62963],[131.46218,31.63322],[131.45886,31.63602],[131.45345,31.63774],[131.45619,31.64128],[131.45815,31.64666],[131.4621,31.64669],[131.46361,31.64481],[131.46929,31.64531],[131.46688,31.64968],[131.46671,31.65251],[131.46337,31.65259],[131.46223,31.65749],[131.46338,31.66269],[131.46125,31.66906],[131.4573,31.66801],[131.45205,31.66962],[131.45184,31.67381],[131.45367,31.67703],[131.45036,31.67914],[131.45161,31.68148],[131.4566,31.68226],[131.46848,31.68706],[131.46605,31.69241],[131.45913,31.69337],[131.45622,31.69845],[131.46013,31.70086],[131.46243,31.70381],[131.45912,31.7069],[131.45842,31.70938],[131.46186,31.71549],[131.46003,31.71844],[131.46788,31.72101],[131.46367,31.72145],[131.46364,31.72643],[131.45981,31.7289],[131.45652,31.72774],[131.44796,31.72827],[131.44449,31.72954],[131.43525,31.73074],[131.43166,31.73003],[131.42747,31.73164],[131.42429,31.73446],[131.41601,31.73838],[131.41468,31.74492],[131.41018,31.74933],[131.40369,31.75068],[131.3969,31.75106],[131.39592,31.75237],[131.398,31.75697],[131.39695,31.75953],[131.39849,31.76227],[131.39609,31.76779],[131.38999,31.76824],[131.38349,31.77167],[131.37993,31.7791],[131.3745,31.77762],[131.37322,31.77253],[131.35866,31.77277],[131.35788,31.77125],[131.348,31.77356],[131.34486,31.7774],[131.33861,31.77855],[131.33687,31.78191],[131.33427,31.78114],[131.32609,31.78116],[131.31884,31.78199],[131.31394,31.77944],[131.30886,31.7808],[131.31016,31.77118],[131.30787,31.76597],[131.30091,31.76748],[131.28758,31.76363],[131.28227,31.76557],[131.2696,31.76855]]]]}},{"type":"Feature","properties":{"code":"45205","name":"小林市","pref":"宮崎県","pref_code":"45","cx":131.01995,"cy":32.02965,"bbox":[130.86137,31.88575,131.20879,32.17438]},"geometry":{"type":"Polygon","coordinates":[[[131.19733,31.98847],[131.19197,31.98818],[131.18733,31.99028],[131.18498,31.99286],[131.17947,31.99143],[131.17489,31.99475],[131.17441,31.99004],[131.17031,31.99121],[131.16605,31.99445],[131.16687,31.9962],[131.16425,32.0039],[131.16433,32.00816],[131.15917,32.01277],[131.15924,32.01431],[131.15316,32.01768],[131.15099,32.02544],[131.15753,32.02748],[131.15629,32.03488],[131.15828,32.03971],[131.15699,32.0431],[131.16662,32.05152],[131.16644,32.0649],[131.15967,32.07114],[131.16025,32.07363],[131.18427,32.08499],[131.18432,32.08938],[131.18157,32.09044],[131.1814,32.09412],[131.17726,32.09675],[131.17935,32.10265],[131.17789,32.10531],[131.17976,32.10907],[131.1765,32.11063],[131.17574,32.11647],[131.17263,32.1264],[131.17043,32.12942],[131.16717,32.13108],[131.16809,32.13554],[131.15979,32.13845],[131.15585,32.13666],[131.15406,32.1333],[131.15026,32.13247],[131.15001,32.13631],[131.14306,32.1384],[131.13431,32.13676],[131.13251,32.1427],[131.12983,32.14678],[131.12587,32.14476],[131.12142,32.1446],[131.11753,32.149],[131.11423,32.15117],[131.11171,32.1595],[131.10897,32.16015],[131.10213,32.15793],[131.09624,32.15237],[131.09409,32.15339],[131.08336,32.15464],[131.07737,32.15781],[131.07017,32.15967],[131.06774,32.15729],[131.05952,32.15605],[131.05854,32.15493],[131.05212,32.15836],[131.04925,32.16301],[131.0453,32.16126],[131.03809,32.16989],[131.02636,32.17136],[131.02328,32.16927],[131.01873,32.16985],[131.01318,32.17438],[131.00999,32.17347],[131.00378,32.16952],[130.99802,32.16142],[130.99442,32.15807],[130.99582,32.15593],[130.99558,32.15176],[130.99264,32.14804],[130.98582,32.14317],[130.98354,32.14323],[130.97466,32.13677],[130.97255,32.12811],[130.97452,32.12092],[130.96842,32.11976],[130.96145,32.12005],[130.95636,32.11564],[130.9535,32.1154],[130.95463,32.10919],[130.95619,32.10585],[130.96074,32.10092],[130.96018,32.09621],[130.96197,32.09386],[130.96381,32.08698],[130.97325,32.08298],[130.97107,32.08071],[130.96647,32.08117],[130.96448,32.07802],[130.95905,32.07396],[130.95429,32.07167],[130.95186,32.06883],[130.95151,32.06519],[130.94677,32.062],[130.94536,32.0584],[130.94525,32.05048],[130.94081,32.04798],[130.93336,32.04558],[130.93016,32.04076],[130.92203,32.03625],[130.9205,32.03416],[130.9144,32.03772],[130.90981,32.03827],[130.90655,32.03657],[130.90039,32.03805],[130.88863,32.0359],[130.8827,32.03078],[130.88276,32.02852],[130.87805,32.02494],[130.88375,32.01701],[130.88135,32.01152],[130.87875,31.99935],[130.87823,31.99189],[130.88338,31.99228],[130.88901,31.99061],[130.89282,31.98096],[130.89283,31.97483],[130.89067,31.97141],[130.88043,31.96786],[130.87545,31.96373],[130.87063,31.94713],[130.86538,31.94153],[130.86137,31.93394],[130.86563,31.93395],[130.86952,31.92982],[130.87268,31.92803],[130.8782,31.92218],[130.88228,31.92122],[130.88288,31.91504],[130.88641,31.91313],[130.88633,31.9095],[130.888,31.90574],[130.89064,31.90357],[130.89774,31.88853],[130.90083,31.88575],[130.90451,31.88701],[130.91117,31.88763],[130.91384,31.88598],[130.91203,31.89968],[130.91345,31.90423],[130.91276,31.90881],[130.91584,31.91041],[130.91666,31.91575],[130.92231,31.92133],[130.92848,31.92234],[130.92869,31.92397],[130.93865,31.9248],[130.93986,31.92685],[130.94372,31.92749],[130.94897,31.93488],[130.95569,31.93329],[130.96081,31.93436],[130.96267,31.93126],[130.96775,31.93168],[130.97088,31.93662],[130.96944,31.94529],[130.96637,31.94969],[130.96622,31.95505],[130.96875,31.95908],[130.97611,31.96666],[130.98114,31.97562],[130.98657,31.97259],[130.98859,31.9662],[130.99713,31.96242],[130.99817,31.9542],[131.00195,31.95333],[131.00484,31.94896],[131.00963,31.94712],[131.01156,31.94352],[131.01533,31.9483],[131.01595,31.95173],[131.02094,31.95024],[131.0225,31.95282],[131.02596,31.95183],[131.03171,31.95566],[131.03693,31.95423],[131.04533,31.95468],[131.04643,31.95773],[131.05192,31.95906],[131.057,31.95868],[131.0621,31.95359],[131.07053,31.95175],[131.07505,31.94865],[131.07642,31.94595],[131.08131,31.94251],[131.08242,31.93809],[131.08886,31.93805],[131.0943,31.93912],[131.09856,31.9375],[131.10123,31.93087],[131.10625,31.93117],[131.10915,31.93261],[131.10899,31.93551],[131.11252,31.93551],[131.11595,31.93847],[131.13239,31.94469],[131.13653,31.94272],[131.1421,31.94218],[131.1496,31.94394],[131.15285,31.94283],[131.1566,31.93952],[131.16383,31.94007],[131.17017,31.93895],[131.17385,31.94447],[131.17589,31.9448],[131.1811,31.94225],[131.18894,31.94155],[131.19479,31.93937],[131.19897,31.9397],[131.19485,31.94354],[131.19251,31.94898],[131.1929,31.95148],[131.20029,31.9637],[131.20504,31.96397],[131.20641,31.9727],[131.20436,31.97526],[131.20879,31.97842],[131.20753,31.98219],[131.20427,31.97975],[131.20074,31.98104],[131.19733,31.98847]]]}},{"type":"Feature","properties":{"code":"45206","name":"日向市","pref":"宮崎県","pref_code":"45","cx":131.51846,"cy":32.38414,"bbox":[131.33833,32.2956,131.68995,32.47589]},"geometry":{"type":"Polygon","coordinates":[[[131.6508,32.45767],[131.64279,32.45692],[131.63444,32.45847],[131.62995,32.45703],[131.62883,32.45983],[131.62094,32.46486],[131.61486,32.46235],[131.60945,32.46149],[131.60266,32.4667],[131.60295,32.47127],[131.59198,32.47448],[131.58954,32.47589],[131.58612,32.47172],[131.58533,32.46713],[131.58082,32.46707],[131.57807,32.46505],[131.57865,32.45921],[131.57591,32.45789],[131.57337,32.45291],[131.5688,32.45],[131.56534,32.44415],[131.55813,32.4462],[131.55127,32.44495],[131.54331,32.44207],[131.53772,32.43715],[131.53695,32.44144],[131.53476,32.44407],[131.52494,32.44394],[131.52033,32.44881],[131.51686,32.44987],[131.51275,32.44839],[131.50625,32.45623],[131.5019,32.45458],[131.4966,32.45521],[131.4893,32.45422],[131.48426,32.45191],[131.4797,32.45254],[131.47591,32.44962],[131.47541,32.44342],[131.48275,32.43953],[131.48015,32.43567],[131.48248,32.43326],[131.48311,32.42836],[131.48142,32.42375],[131.48351,32.41637],[131.47793,32.41253],[131.47663,32.40595],[131.47165,32.40184],[131.46195,32.39937],[131.4562,32.40069],[131.45213,32.3993],[131.4466,32.39289],[131.44029,32.39227],[131.43554,32.39292],[131.43335,32.39053],[131.42765,32.38924],[131.42055,32.39092],[131.41784,32.3893],[131.4116,32.39041],[131.40604,32.38971],[131.40312,32.3858],[131.4026,32.38248],[131.39722,32.37094],[131.39693,32.36521],[131.38854,32.36359],[131.38222,32.35985],[131.38118,32.35632],[131.37819,32.35482],[131.37089,32.3564],[131.36915,32.36026],[131.36243,32.36199],[131.35804,32.36584],[131.35068,32.36655],[131.34863,32.36199],[131.34422,32.35873],[131.34505,32.35511],[131.34181,32.35105],[131.34015,32.34356],[131.33974,32.33759],[131.33833,32.33621],[131.34151,32.32949],[131.34913,32.33219],[131.35045,32.33079],[131.35845,32.32759],[131.36231,32.32445],[131.36978,32.32181],[131.3692,32.3158],[131.36322,32.31482],[131.36282,32.30924],[131.37263,32.31341],[131.37835,32.31349],[131.38111,32.31604],[131.39303,32.31258],[131.39617,32.31358],[131.4054,32.31248],[131.40985,32.30879],[131.42534,32.3061],[131.43312,32.30953],[131.4424,32.31155],[131.44634,32.31356],[131.45921,32.3095],[131.46264,32.31069],[131.46558,32.31637],[131.47142,32.31894],[131.47543,32.31685],[131.48441,32.30873],[131.48502,32.30595],[131.48313,32.30237],[131.48628,32.29845],[131.48984,32.30032],[131.49342,32.2997],[131.49425,32.29584],[131.49932,32.2956],[131.51483,32.30604],[131.51829,32.30732],[131.52136,32.31086],[131.52676,32.31422],[131.52916,32.31932],[131.5377,32.31914],[131.5489,32.32332],[131.55547,32.32265],[131.5566,32.31719],[131.55986,32.31257],[131.55751,32.30481],[131.56126,32.30509],[131.5637,32.30032],[131.56581,32.30063],[131.57197,32.29623],[131.57497,32.3],[131.57686,32.30525],[131.57994,32.30899],[131.58847,32.30516],[131.59202,32.30605],[131.59823,32.31793],[131.60428,32.32599],[131.60968,32.32908],[131.61157,32.3341],[131.61519,32.33598],[131.61497,32.33991],[131.619,32.33813],[131.62266,32.34147],[131.62641,32.34053],[131.62761,32.34389],[131.62793,32.34982],[131.62249,32.35573],[131.6233,32.35919],[131.6273,32.3664],[131.62935,32.36853],[131.63592,32.37095],[131.63608,32.3738],[131.63235,32.3774],[131.63267,32.38072],[131.63651,32.39012],[131.63885,32.39395],[131.6384,32.39647],[131.64557,32.40911],[131.65026,32.41074],[131.65282,32.41365],[131.6582,32.41303],[131.66492,32.41096],[131.67278,32.41673],[131.68399,32.41849],[131.68215,32.42112],[131.68726,32.42151],[131.68995,32.42306],[131.68415,32.4268],[131.68296,32.42476],[131.67482,32.42205],[131.67082,32.42821],[131.66747,32.42717],[131.66364,32.42808],[131.655,32.42703],[131.65481,32.42898],[131.66319,32.43121],[131.66828,32.43162],[131.67664,32.43048],[131.68104,32.433],[131.68182,32.43572],[131.67998,32.44092],[131.67591,32.44314],[131.66224,32.43653],[131.6609,32.43851],[131.66625,32.44332],[131.66695,32.4479],[131.66373,32.44929],[131.65246,32.43965],[131.651,32.43475],[131.64382,32.43815],[131.64533,32.44084],[131.64992,32.44129],[131.65666,32.44727],[131.65245,32.45156],[131.65453,32.45611],[131.6508,32.45767]]]}},{"type":"Feature","properties":{"code":"45207","name":"串間市","pref":"宮崎県","pref_code":"45","cx":131.23409,"cy":31.49976,"bbox":[131.16004,31.36067,131.3921,31.63697]},"geometry":{"type":"MultiPolygon","coordinates":[[[[131.37868,31.45661],[131.37368,31.45454],[131.37238,31.45109],[131.37783,31.44851],[131.37941,31.45523],[131.37868,31.45661]]],[[[131.39003,31.47975],[131.38726,31.47741],[131.38912,31.47425],[131.39196,31.47329],[131.3921,31.47838],[131.39003,31.47975]]],[[[131.1894,31.62224],[131.18919,31.61853],[131.18525,31.61014],[131.18721,31.60358],[131.19232,31.59856],[131.19743,31.59526],[131.19845,31.59132],[131.20049,31.58981],[131.20545,31.57995],[131.20178,31.56721],[131.19966,31.5641],[131.19559,31.56281],[131.19396,31.56003],[131.18934,31.55719],[131.19542,31.5523],[131.19689,31.54948],[131.19587,31.54665],[131.19889,31.54136],[131.1973,31.53887],[131.20149,31.53112],[131.20004,31.52304],[131.20076,31.51774],[131.19685,31.51158],[131.19324,31.50976],[131.18438,31.507],[131.17904,31.50623],[131.17531,31.50249],[131.17208,31.50205],[131.16899,31.49668],[131.17104,31.49407],[131.1657,31.48895],[131.16319,31.48408],[131.16431,31.48106],[131.16434,31.47362],[131.16004,31.45968],[131.16224,31.46003],[131.168,31.45768],[131.17076,31.45477],[131.17047,31.45198],[131.17674,31.44975],[131.17745,31.45302],[131.18159,31.45646],[131.18734,31.45658],[131.19634,31.45557],[131.20658,31.45281],[131.20521,31.44797],[131.20985,31.44816],[131.2095,31.44447],[131.2185,31.4405],[131.22579,31.43224],[131.22861,31.42422],[131.23478,31.43041],[131.24024,31.42853],[131.24306,31.42624],[131.24508,31.42086],[131.24444,31.41915],[131.23959,31.41776],[131.23679,31.4151],[131.23694,31.40802],[131.23562,31.40515],[131.23926,31.40269],[131.23973,31.39731],[131.24295,31.38975],[131.24595,31.38628],[131.25019,31.38416],[131.2541,31.38081],[131.25988,31.38064],[131.26251,31.37953],[131.27622,31.38197],[131.28237,31.38144],[131.28863,31.38498],[131.29102,31.38918],[131.29467,31.38926],[131.29704,31.38517],[131.30082,31.38634],[131.30364,31.38882],[131.30934,31.39071],[131.31453,31.38598],[131.31611,31.37268],[131.31842,31.3687],[131.32322,31.36518],[131.32838,31.3642],[131.33554,31.36067],[131.34172,31.36136],[131.34649,31.36348],[131.34906,31.36616],[131.35,31.37121],[131.34453,31.37656],[131.33561,31.3802],[131.33391,31.38241],[131.33234,31.38936],[131.33368,31.39847],[131.34336,31.39906],[131.34583,31.40036],[131.34188,31.40345],[131.34241,31.41058],[131.34697,31.41463],[131.35316,31.41515],[131.35374,31.41758],[131.3572,31.4193],[131.36536,31.42054],[131.36643,31.4242],[131.37092,31.4281],[131.37258,31.43592],[131.37057,31.44484],[131.36994,31.45137],[131.36464,31.45548],[131.36192,31.46486],[131.36304,31.47175],[131.37441,31.47708],[131.37554,31.47848],[131.38459,31.48037],[131.3888,31.48572],[131.38818,31.49095],[131.38371,31.49044],[131.38312,31.49409],[131.3791,31.49107],[131.3709,31.49077],[131.36506,31.4922],[131.36357,31.49378],[131.35749,31.4906],[131.34931,31.48976],[131.33992,31.4939],[131.33023,31.49471],[131.33026,31.49846],[131.32704,31.50211],[131.32316,31.50107],[131.31695,31.49397],[131.31396,31.49605],[131.30739,31.4958],[131.30119,31.4937],[131.30029,31.49703],[131.29552,31.50157],[131.29689,31.50615],[131.29257,31.5094],[131.28777,31.51116],[131.28854,31.52015],[131.28769,31.52276],[131.29062,31.52785],[131.28964,31.53027],[131.28403,31.53119],[131.28229,31.53532],[131.27792,31.53795],[131.28157,31.54129],[131.27788,31.54601],[131.27871,31.55053],[131.27579,31.55118],[131.27315,31.55421],[131.27035,31.55324],[131.26598,31.55859],[131.26661,31.56098],[131.27103,31.56316],[131.27449,31.568],[131.27001,31.57121],[131.27052,31.57572],[131.26626,31.57816],[131.2616,31.57737],[131.2594,31.5787],[131.2587,31.58236],[131.25509,31.58648],[131.25634,31.59022],[131.2541,31.59512],[131.2579,31.60075],[131.25864,31.60777],[131.25652,31.61014],[131.25773,31.61267],[131.25044,31.61811],[131.24675,31.62277],[131.2417,31.62351],[131.23827,31.62588],[131.23354,31.6268],[131.2245,31.62172],[131.21616,31.62596],[131.21567,31.63076],[131.21372,31.63354],[131.20486,31.63678],[131.20251,31.63697],[131.20246,31.63507],[131.19754,31.63258],[131.19737,31.62792],[131.19374,31.61992],[131.1894,31.62224]]]]}},{"type":"Feature","properties":{"code":"45208","name":"西都市","pref":"宮崎県","pref_code":"45","cx":131.34376,"cy":32.17949,"bbox":[131.17506,32.01834,131.4501,32.34074]},"geometry":{"type":"Polygon","coordinates":[[[131.43312,32.05573],[131.42838,32.05889],[131.42167,32.06187],[131.4235,32.06501],[131.42047,32.06875],[131.41339,32.0711],[131.41363,32.07336],[131.41756,32.07641],[131.42204,32.08295],[131.41685,32.08901],[131.41278,32.08679],[131.40906,32.07969],[131.40653,32.08059],[131.41125,32.08773],[131.41319,32.08819],[131.41477,32.09419],[131.41987,32.09985],[131.4197,32.10203],[131.4254,32.10769],[131.43023,32.10959],[131.43219,32.11239],[131.43832,32.11797],[131.43825,32.12008],[131.44234,32.12234],[131.44457,32.13481],[131.44884,32.13777],[131.4501,32.14101],[131.43334,32.14581],[131.43236,32.14835],[131.42592,32.15176],[131.42098,32.16063],[131.41459,32.1635],[131.41478,32.16955],[131.41321,32.17734],[131.41016,32.17847],[131.4103,32.18163],[131.40536,32.18439],[131.40269,32.18839],[131.39903,32.19008],[131.3996,32.19558],[131.39528,32.20053],[131.39505,32.20657],[131.38718,32.2149],[131.38234,32.22158],[131.37685,32.2261],[131.37183,32.23192],[131.36718,32.23369],[131.36549,32.23743],[131.36141,32.23885],[131.35753,32.24323],[131.3579,32.24651],[131.35431,32.25517],[131.35023,32.25826],[131.35011,32.26305],[131.35466,32.26341],[131.35813,32.26561],[131.35588,32.27064],[131.34743,32.27663],[131.34084,32.27789],[131.3367,32.27961],[131.33471,32.27737],[131.3278,32.27554],[131.31837,32.28429],[131.31429,32.28441],[131.31149,32.28616],[131.30951,32.29269],[131.30546,32.29755],[131.30162,32.29752],[131.29685,32.30205],[131.29395,32.30264],[131.28739,32.30903],[131.27972,32.30961],[131.27334,32.31171],[131.27031,32.31476],[131.26305,32.31606],[131.26147,32.31868],[131.25626,32.32213],[131.25616,32.32552],[131.24923,32.32894],[131.24211,32.32734],[131.23502,32.32852],[131.22847,32.32392],[131.22374,32.32386],[131.2114,32.32991],[131.20433,32.33688],[131.19878,32.33986],[131.19726,32.33786],[131.19012,32.34074],[131.18502,32.33407],[131.18335,32.32919],[131.17647,32.3247],[131.1769,32.31853],[131.17506,32.30996],[131.18373,32.30942],[131.18719,32.30695],[131.19115,32.30857],[131.19655,32.30533],[131.1958,32.30282],[131.19908,32.2996],[131.2033,32.29751],[131.2022,32.29379],[131.21325,32.28391],[131.21842,32.282],[131.22014,32.2777],[131.22505,32.27401],[131.22371,32.26692],[131.2216,32.2645],[131.22125,32.25962],[131.22654,32.25304],[131.23037,32.25107],[131.23075,32.24676],[131.23726,32.24014],[131.23988,32.2342],[131.24016,32.22971],[131.24346,32.22663],[131.24799,32.21788],[131.2531,32.21323],[131.26108,32.21251],[131.26679,32.21087],[131.2694,32.2123],[131.27681,32.21318],[131.28027,32.20979],[131.27725,32.20396],[131.27302,32.20397],[131.26773,32.20085],[131.26916,32.19652],[131.2768,32.18985],[131.27826,32.18947],[131.28205,32.18217],[131.27709,32.17936],[131.27276,32.18098],[131.26832,32.17962],[131.26641,32.17352],[131.25559,32.16592],[131.24568,32.16925],[131.23889,32.16614],[131.23283,32.16764],[131.22572,32.17136],[131.22177,32.17149],[131.21924,32.1668],[131.21588,32.16724],[131.21423,32.15897],[131.21093,32.15576],[131.21088,32.15],[131.20311,32.14994],[131.1973,32.15111],[131.19378,32.14974],[131.19081,32.14638],[131.18915,32.14039],[131.19343,32.1321],[131.19762,32.13053],[131.19946,32.12468],[131.20464,32.12167],[131.21005,32.12483],[131.21782,32.12418],[131.22612,32.11613],[131.22868,32.11149],[131.23351,32.10641],[131.23446,32.10307],[131.24243,32.10039],[131.24596,32.09816],[131.26661,32.09875],[131.27266,32.09071],[131.27298,32.08598],[131.27555,32.08238],[131.28468,32.0745],[131.2852,32.07265],[131.28981,32.07222],[131.29276,32.06932],[131.29634,32.06917],[131.30672,32.06296],[131.31244,32.06071],[131.31503,32.06512],[131.31932,32.06136],[131.32189,32.05272],[131.32407,32.05216],[131.33012,32.04555],[131.32929,32.04405],[131.33332,32.03773],[131.33891,32.03263],[131.34484,32.02904],[131.34952,32.02743],[131.35935,32.02761],[131.3649,32.0253],[131.36547,32.02385],[131.37385,32.01929],[131.38214,32.01987],[131.38682,32.01834],[131.38733,32.02141],[131.38605,32.03329],[131.38764,32.03595],[131.39054,32.03533],[131.39228,32.03971],[131.39088,32.04151],[131.3955,32.04843],[131.39396,32.05161],[131.39764,32.05386],[131.40237,32.06127],[131.4027,32.06564],[131.40744,32.06574],[131.41076,32.06307],[131.41655,32.06153],[131.42116,32.05849],[131.42187,32.05494],[131.42535,32.0524],[131.4329,32.05346],[131.43312,32.05573]]]}},{"type":"Feature","properties":{"code":"45209","name":"えびの市","pref":"宮崎県","pref_code":"45","cx":130.81897,"cy":32.03374,"bbox":[130.70338,31.93394,130.97325,32.13359]},"geometry":{"type":"Polygon","coordinates":[[[130.9535,32.1154],[130.94939,32.11608],[130.94415,32.11964],[130.93896,32.11872],[130.93258,32.11636],[130.9283,32.11997],[130.92746,32.12248],[130.92127,32.12456],[130.91634,32.12521],[130.91343,32.13045],[130.91061,32.12945],[130.90601,32.13359],[130.90074,32.13238],[130.89731,32.12597],[130.88836,32.12314],[130.88619,32.12369],[130.87814,32.12109],[130.87636,32.11672],[130.86941,32.11506],[130.86696,32.11177],[130.86604,32.10802],[130.86243,32.1018],[130.85707,32.0997],[130.84923,32.10424],[130.8445,32.10401],[130.83901,32.10721],[130.8337,32.10483],[130.83096,32.10478],[130.82291,32.09973],[130.8208,32.09492],[130.80791,32.09934],[130.78881,32.09899],[130.78261,32.10016],[130.77943,32.09947],[130.77536,32.10188],[130.77281,32.10038],[130.76695,32.10151],[130.75947,32.09682],[130.75626,32.09856],[130.75358,32.10345],[130.75115,32.10408],[130.74542,32.10192],[130.74209,32.0979],[130.73885,32.10129],[130.7399,32.10488],[130.73681,32.10817],[130.7335,32.10837],[130.72768,32.10187],[130.7206,32.1008],[130.72124,32.09869],[130.71793,32.09475],[130.71599,32.08569],[130.71231,32.08168],[130.70573,32.07991],[130.70356,32.07718],[130.70338,32.05855],[130.70391,32.05771],[130.73789,32.04725],[130.74305,32.04177],[130.74628,32.04186],[130.74747,32.03627],[130.75254,32.03332],[130.75847,32.0333],[130.75887,32.03003],[130.76201,32.0275],[130.76145,32.02524],[130.76874,32.02017],[130.77687,32.01648],[130.77826,32.01364],[130.77869,31.99796],[130.78117,31.99221],[130.78196,31.98309],[130.78419,31.97907],[130.79062,31.97482],[130.79451,31.9733],[130.7959,31.96644],[130.80105,31.96084],[130.79965,31.95684],[130.79954,31.9502],[130.80529,31.94983],[130.81154,31.94474],[130.81805,31.941],[130.82578,31.94167],[130.83717,31.94172],[130.84051,31.94273],[130.84462,31.93989],[130.84683,31.94024],[130.85749,31.93807],[130.85848,31.93532],[130.86137,31.93394],[130.86538,31.94153],[130.87063,31.94713],[130.87545,31.96373],[130.88043,31.96786],[130.89067,31.97141],[130.89283,31.97483],[130.89282,31.98096],[130.88901,31.99061],[130.88338,31.99228],[130.87823,31.99189],[130.87875,31.99935],[130.88135,32.01152],[130.88375,32.01701],[130.87805,32.02494],[130.88276,32.02852],[130.8827,32.03078],[130.88863,32.0359],[130.90039,32.03805],[130.90655,32.03657],[130.90981,32.03827],[130.9144,32.03772],[130.9205,32.03416],[130.92203,32.03625],[130.93016,32.04076],[130.93336,32.04558],[130.94081,32.04798],[130.94525,32.05048],[130.94536,32.0584],[130.94677,32.062],[130.95151,32.06519],[130.95186,32.06883],[130.95429,32.07167],[130.95905,32.07396],[130.96448,32.07802],[130.96647,32.08117],[130.97107,32.08071],[130.97325,32.08298],[130.96381,32.08698],[130.96197,32.09386],[130.96018,32.09621],[130.96074,32.10092],[130.95619,32.10585],[130.95463,32.10919],[130.9535,32.1154]]]}},{"type":"Feature","properties":{"code":"45341","name":"北諸県郡三股町","pref":"宮崎県","pref_code":"45","cx":131.16993,"cy":31.73262,"bbox":[131.09564,31.66814,131.2696,31.79774]},"geometry":{"type":"Polygon","coordinates":[[[131.24003,31.79774],[131.23396,31.7974],[131.23197,31.79252],[131.2288,31.78812],[131.22634,31.78246],[131.22399,31.78409],[131.22001,31.78348],[131.21882,31.77974],[131.21414,31.77538],[131.21438,31.77173],[131.21134,31.76938],[131.20752,31.77048],[131.20515,31.76616],[131.20513,31.76068],[131.19814,31.75945],[131.19069,31.75953],[131.1883,31.75628],[131.18361,31.75496],[131.18247,31.75105],[131.17699,31.74621],[131.17567,31.7392],[131.17096,31.73594],[131.16323,31.73816],[131.15723,31.73737],[131.14907,31.74047],[131.14706,31.75067],[131.14176,31.75535],[131.13695,31.75644],[131.13522,31.75964],[131.13645,31.76153],[131.12674,31.76988],[131.12655,31.77447],[131.12046,31.7706],[131.11143,31.77186],[131.103,31.76132],[131.10839,31.75139],[131.10288,31.7459],[131.10106,31.73481],[131.10116,31.73202],[131.10457,31.73134],[131.10404,31.72828],[131.10035,31.72729],[131.09724,31.71329],[131.09564,31.71055],[131.10183,31.70745],[131.10433,31.70406],[131.10876,31.7014],[131.11546,31.69883],[131.11934,31.69415],[131.11846,31.69185],[131.12176,31.69006],[131.12477,31.68582],[131.12656,31.67736],[131.13062,31.67486],[131.13441,31.67669],[131.13784,31.67322],[131.14525,31.66814],[131.15806,31.66904],[131.16034,31.6706],[131.16162,31.67495],[131.1664,31.67906],[131.16912,31.68581],[131.17401,31.68867],[131.17547,31.69174],[131.1852,31.69927],[131.19109,31.69917],[131.19774,31.70419],[131.20331,31.70416],[131.2055,31.70629],[131.21352,31.7105],[131.2108,31.71492],[131.21438,31.71551],[131.21801,31.71354],[131.22938,31.71419],[131.23212,31.71619],[131.23539,31.72267],[131.2346,31.72591],[131.23819,31.72775],[131.23693,31.73096],[131.23954,31.73339],[131.2483,31.73322],[131.25152,31.73496],[131.25701,31.73453],[131.26015,31.73637],[131.26165,31.74502],[131.26348,31.74949],[131.26888,31.7553],[131.26747,31.76383],[131.2696,31.76855],[131.26636,31.76949],[131.26533,31.77631],[131.26702,31.77847],[131.26365,31.78063],[131.26054,31.7803],[131.25403,31.7765],[131.25176,31.77923],[131.24513,31.77745],[131.24128,31.778],[131.23783,31.7826],[131.23786,31.78834],[131.24111,31.79547],[131.24003,31.79774]]]}},{"type":"Feature","properties":{"code":"45361","name":"西諸県郡高原町","pref":"宮崎県","pref_code":"45","cx":130.987,"cy":31.92822,"bbox":[130.91203,31.88104,131.10369,31.97562]},"geometry":{"type":"Polygon","coordinates":[[[131.08886,31.93805],[131.08242,31.93809],[131.08131,31.94251],[131.07642,31.94595],[131.07505,31.94865],[131.07053,31.95175],[131.0621,31.95359],[131.057,31.95868],[131.05192,31.95906],[131.04643,31.95773],[131.04533,31.95468],[131.03693,31.95423],[131.03171,31.95566],[131.02596,31.95183],[131.0225,31.95282],[131.02094,31.95024],[131.01595,31.95173],[131.01533,31.9483],[131.01156,31.94352],[131.00963,31.94712],[131.00484,31.94896],[131.00195,31.95333],[130.99817,31.9542],[130.99713,31.96242],[130.98859,31.9662],[130.98657,31.97259],[130.98114,31.97562],[130.97611,31.96666],[130.96875,31.95908],[130.96622,31.95505],[130.96637,31.94969],[130.96944,31.94529],[130.97088,31.93662],[130.96775,31.93168],[130.96267,31.93126],[130.96081,31.93436],[130.95569,31.93329],[130.94897,31.93488],[130.94372,31.92749],[130.93986,31.92685],[130.93865,31.9248],[130.92869,31.92397],[130.92848,31.92234],[130.92231,31.92133],[130.91666,31.91575],[130.91584,31.91041],[130.91276,31.90881],[130.91345,31.90423],[130.91203,31.89968],[130.91384,31.88598],[130.92521,31.88587],[130.92887,31.88489],[130.93171,31.88612],[130.93709,31.88604],[130.94899,31.89053],[130.9532,31.88792],[130.98445,31.88104],[130.991,31.88115],[130.9935,31.88329],[130.9999,31.88435],[130.9995,31.88897],[131.00169,31.89281],[131.00804,31.8985],[131.01228,31.90667],[131.01885,31.91249],[131.02005,31.9153],[131.02644,31.91455],[131.02287,31.91919],[131.03032,31.92894],[131.03564,31.93032],[131.04039,31.92995],[131.04664,31.92203],[131.04956,31.92198],[131.05662,31.91636],[131.06607,31.91669],[131.0722,31.91371],[131.0761,31.91397],[131.07852,31.91061],[131.08331,31.90936],[131.0878,31.91225],[131.09618,31.91019],[131.09736,31.91395],[131.10369,31.92066],[131.09322,31.92693],[131.09161,31.92966],[131.08751,31.93065],[131.08886,31.93805]]]}},{"type":"Feature","properties":{"code":"45382","name":"東諸県郡国富町","pref":"宮崎県","pref_code":"45","cx":131.27717,"cy":32.04907,"bbox":[131.18884,31.96545,131.38901,32.1321]},"geometry":{"type":"Polygon","coordinates":[[[131.38682,32.01834],[131.38214,32.01987],[131.37385,32.01929],[131.36547,32.02385],[131.3649,32.0253],[131.35935,32.02761],[131.34952,32.02743],[131.34484,32.02904],[131.33891,32.03263],[131.33332,32.03773],[131.32929,32.04405],[131.33012,32.04555],[131.32407,32.05216],[131.32189,32.05272],[131.31932,32.06136],[131.31503,32.06512],[131.31244,32.06071],[131.30672,32.06296],[131.29634,32.06917],[131.29276,32.06932],[131.28981,32.07222],[131.2852,32.07265],[131.28468,32.0745],[131.27555,32.08238],[131.27298,32.08598],[131.27266,32.09071],[131.26661,32.09875],[131.24596,32.09816],[131.24243,32.10039],[131.23446,32.10307],[131.23351,32.10641],[131.22868,32.11149],[131.22612,32.11613],[131.21782,32.12418],[131.21005,32.12483],[131.20464,32.12167],[131.19946,32.12468],[131.19762,32.13053],[131.19343,32.1321],[131.18884,32.13147],[131.19198,32.12725],[131.19138,32.12185],[131.18965,32.11815],[131.19141,32.11487],[131.19202,32.10806],[131.19128,32.10431],[131.19796,32.09582],[131.20035,32.0915],[131.20513,32.09004],[131.20497,32.08509],[131.20614,32.07995],[131.21038,32.07615],[131.21364,32.06973],[131.21628,32.06651],[131.21878,32.05583],[131.22409,32.05229],[131.23066,32.04599],[131.23824,32.04214],[131.24219,32.03838],[131.24425,32.03433],[131.25439,32.03438],[131.25647,32.03011],[131.26077,32.03057],[131.26897,32.02116],[131.26716,32.01973],[131.2717,32.01462],[131.27711,32.01055],[131.27789,32.00346],[131.27531,31.99582],[131.27628,31.98963],[131.27047,31.9845],[131.26961,31.98146],[131.27302,31.98094],[131.27656,31.98331],[131.2804,31.98277],[131.28321,31.98039],[131.28735,31.98217],[131.29283,31.98175],[131.29431,31.9792],[131.29913,31.97671],[131.2991,31.9752],[131.30382,31.97137],[131.31209,31.96635],[131.3223,31.96694],[131.3266,31.96545],[131.32876,31.97032],[131.32821,31.97323],[131.3307,31.97467],[131.33188,31.97834],[131.3394,31.97876],[131.34278,31.98053],[131.34812,31.98134],[131.35122,31.97718],[131.35604,31.97788],[131.36029,31.97688],[131.36546,31.97126],[131.36839,31.97077],[131.3714,31.9681],[131.37464,31.97688],[131.37457,31.98335],[131.37749,31.98689],[131.37725,31.99005],[131.37988,31.99217],[131.37649,31.99706],[131.3798,32.00146],[131.38013,32.00486],[131.38587,32.00812],[131.38901,32.0152],[131.38682,32.01834]]]}},{"type":"Feature","properties":{"code":"45383","name":"東諸県郡綾町","pref":"宮崎県","pref_code":"45","cx":131.19556,"cy":32.05191,"bbox":[131.15099,31.97251,131.27789,32.13147]},"geometry":{"type":"Polygon","coordinates":[[[131.26961,31.98146],[131.27047,31.9845],[131.27628,31.98963],[131.27531,31.99582],[131.27789,32.00346],[131.27711,32.01055],[131.2717,32.01462],[131.26716,32.01973],[131.26897,32.02116],[131.26077,32.03057],[131.25647,32.03011],[131.25439,32.03438],[131.24425,32.03433],[131.24219,32.03838],[131.23824,32.04214],[131.23066,32.04599],[131.22409,32.05229],[131.21878,32.05583],[131.21628,32.06651],[131.21364,32.06973],[131.21038,32.07615],[131.20614,32.07995],[131.20497,32.08509],[131.20513,32.09004],[131.20035,32.0915],[131.19796,32.09582],[131.19128,32.10431],[131.19202,32.10806],[131.19141,32.11487],[131.18965,32.11815],[131.19138,32.12185],[131.19198,32.12725],[131.18884,32.13147],[131.17876,32.12795],[131.17043,32.12942],[131.17263,32.1264],[131.17574,32.11647],[131.1765,32.11063],[131.17976,32.10907],[131.17789,32.10531],[131.17935,32.10265],[131.17726,32.09675],[131.1814,32.09412],[131.18157,32.09044],[131.18432,32.08938],[131.18427,32.08499],[131.16025,32.07363],[131.15967,32.07114],[131.16644,32.0649],[131.16662,32.05152],[131.15699,32.0431],[131.15828,32.03971],[131.15629,32.03488],[131.15753,32.02748],[131.15099,32.02544],[131.15316,32.01768],[131.15924,32.01431],[131.15917,32.01277],[131.16433,32.00816],[131.16425,32.0039],[131.16687,31.9962],[131.16605,31.99445],[131.17031,31.99121],[131.17441,31.99004],[131.17489,31.99475],[131.17947,31.99143],[131.18498,31.99286],[131.18733,31.99028],[131.19197,31.98818],[131.19733,31.98847],[131.21381,31.99583],[131.21715,31.99222],[131.2179,31.98656],[131.22134,31.98289],[131.22399,31.97797],[131.2248,31.97251],[131.23006,31.97309],[131.23329,31.97475],[131.23704,31.97366],[131.24295,31.97584],[131.25329,31.98087],[131.25699,31.97834],[131.26556,31.98214],[131.26961,31.98146]]]}},{"type":"Feature","properties":{"code":"45401","name":"児湯郡高鍋町","pref":"宮崎県","pref_code":"45","cx":131.49126,"cy":32.13001,"bbox":[131.44306,32.08735,131.54345,32.17164]},"geometry":{"type":"Polygon","coordinates":[[[131.44306,32.12791],[131.45052,32.12727],[131.45975,32.12372],[131.46479,32.1171],[131.4644,32.11393],[131.46833,32.11252],[131.47239,32.1079],[131.48115,32.10522],[131.4848,32.10836],[131.48914,32.11016],[131.49312,32.10882],[131.49758,32.10964],[131.50408,32.10595],[131.50545,32.09693],[131.50796,32.09437],[131.51881,32.08919],[131.51999,32.08735],[131.52581,32.10166],[131.53005,32.10854],[131.5324,32.11528],[131.53492,32.11787],[131.53716,32.12379],[131.53693,32.1262],[131.54014,32.13211],[131.5392,32.13672],[131.54133,32.1494],[131.54345,32.15744],[131.53744,32.1565],[131.5308,32.16365],[131.52445,32.16537],[131.52565,32.16846],[131.51887,32.17164],[131.51293,32.15547],[131.50415,32.15878],[131.50034,32.16123],[131.49819,32.16017],[131.49265,32.16219],[131.49083,32.15921],[131.48503,32.15589],[131.48415,32.15344],[131.47795,32.15557],[131.47518,32.1477],[131.47019,32.14562],[131.46457,32.1393],[131.46064,32.13906],[131.45752,32.13231],[131.44457,32.13481],[131.44306,32.12791]]]}},{"type":"Feature","properties":{"code":"45402","name":"児湯郡新富町","pref":"宮崎県","pref_code":"45","cx":131.46977,"cy":32.08487,"bbox":[131.40653,32.04137,131.51999,32.12791]},"geometry":{"type":"Polygon","coordinates":[[[131.50754,32.04628],[131.5148,32.07216],[131.51999,32.08735],[131.51881,32.08919],[131.50796,32.09437],[131.50545,32.09693],[131.50408,32.10595],[131.49758,32.10964],[131.49312,32.10882],[131.48914,32.11016],[131.4848,32.10836],[131.48115,32.10522],[131.47239,32.1079],[131.46833,32.11252],[131.4644,32.11393],[131.46479,32.1171],[131.45975,32.12372],[131.45052,32.12727],[131.44306,32.12791],[131.44234,32.12234],[131.43825,32.12008],[131.43832,32.11797],[131.43219,32.11239],[131.43023,32.10959],[131.4254,32.10769],[131.4197,32.10203],[131.41987,32.09985],[131.41477,32.09419],[131.41319,32.08819],[131.41125,32.08773],[131.40653,32.08059],[131.40906,32.07969],[131.41278,32.08679],[131.41685,32.08901],[131.42204,32.08295],[131.41756,32.07641],[131.41363,32.07336],[131.41339,32.0711],[131.42047,32.06875],[131.4235,32.06501],[131.42167,32.06187],[131.42838,32.05889],[131.43312,32.05573],[131.43843,32.05554],[131.44123,32.05705],[131.44917,32.05541],[131.45299,32.05216],[131.45991,32.05036],[131.46753,32.05036],[131.47215,32.04927],[131.47339,32.04692],[131.47858,32.04544],[131.48677,32.04137],[131.49162,32.04346],[131.50037,32.04395],[131.5033,32.04686],[131.50754,32.04628]]]}},{"type":"Feature","properties":{"code":"45403","name":"児湯郡西米良村","pref":"宮崎県","pref_code":"45","cx":131.16096,"cy":32.2218,"bbox":[131.04162,32.12795,131.28205,32.31703]},"geometry":{"type":"Polygon","coordinates":[[[131.17043,32.12942],[131.17876,32.12795],[131.18884,32.13147],[131.19343,32.1321],[131.18915,32.14039],[131.19081,32.14638],[131.19378,32.14974],[131.1973,32.15111],[131.20311,32.14994],[131.21088,32.15],[131.21093,32.15576],[131.21423,32.15897],[131.21588,32.16724],[131.21924,32.1668],[131.22177,32.17149],[131.22572,32.17136],[131.23283,32.16764],[131.23889,32.16614],[131.24568,32.16925],[131.25559,32.16592],[131.26641,32.17352],[131.26832,32.17962],[131.27276,32.18098],[131.27709,32.17936],[131.28205,32.18217],[131.27826,32.18947],[131.2768,32.18985],[131.26916,32.19652],[131.26773,32.20085],[131.27302,32.20397],[131.27725,32.20396],[131.28027,32.20979],[131.27681,32.21318],[131.2694,32.2123],[131.26679,32.21087],[131.26108,32.21251],[131.2531,32.21323],[131.24799,32.21788],[131.24346,32.22663],[131.24016,32.22971],[131.23988,32.2342],[131.23726,32.24014],[131.23075,32.24676],[131.23037,32.25107],[131.22654,32.25304],[131.22125,32.25962],[131.2216,32.2645],[131.22371,32.26692],[131.22505,32.27401],[131.22014,32.2777],[131.21842,32.282],[131.21325,32.28391],[131.2022,32.29379],[131.2033,32.29751],[131.19908,32.2996],[131.1958,32.30282],[131.19655,32.30533],[131.19115,32.30857],[131.18719,32.30695],[131.18373,32.30942],[131.17506,32.30996],[131.17384,32.30729],[131.16905,32.30168],[131.16662,32.30202],[131.16252,32.30809],[131.15916,32.31142],[131.15586,32.31245],[131.14676,32.3123],[131.1439,32.31067],[131.13301,32.31014],[131.12846,32.30705],[131.12405,32.31203],[131.12055,32.31373],[131.11843,32.31703],[131.10932,32.31577],[131.10118,32.31172],[131.09611,32.30535],[131.09602,32.30308],[131.09293,32.29999],[131.0905,32.29398],[131.08713,32.29313],[131.08592,32.28955],[131.07909,32.2847],[131.07859,32.28122],[131.07051,32.28042],[131.06751,32.28325],[131.05883,32.28685],[131.05148,32.28661],[131.04977,32.28332],[131.05454,32.2717],[131.05421,32.267],[131.05078,32.26454],[131.04451,32.26305],[131.04162,32.2579],[131.0427,32.24816],[131.04699,32.2442],[131.04953,32.24559],[131.05703,32.24594],[131.06117,32.2437],[131.06662,32.2393],[131.07092,32.23476],[131.06885,32.22973],[131.06914,32.22531],[131.07374,32.22417],[131.07816,32.21944],[131.07844,32.21556],[131.08288,32.20988],[131.08427,32.20619],[131.09448,32.20491],[131.10053,32.20154],[131.10008,32.19603],[131.10432,32.19201],[131.10219,32.1863],[131.10354,32.18199],[131.10135,32.17823],[131.10144,32.17309],[131.1043,32.16854],[131.10759,32.16601],[131.10897,32.16015],[131.11171,32.1595],[131.11423,32.15117],[131.11753,32.149],[131.12142,32.1446],[131.12587,32.14476],[131.12983,32.14678],[131.13251,32.1427],[131.13431,32.13676],[131.14306,32.1384],[131.15001,32.13631],[131.15026,32.13247],[131.15406,32.1333],[131.15585,32.13666],[131.15979,32.13845],[131.16809,32.13554],[131.16717,32.13108],[131.17043,32.12942]]]}},{"type":"Feature","properties":{"code":"45404","name":"児湯郡木城町","pref":"宮崎県","pref_code":"45","cx":131.40615,"cy":32.23281,"bbox":[131.28739,32.13231,131.49265,32.33219]},"geometry":{"type":"Polygon","coordinates":[[[131.34151,32.32949],[131.33805,32.32904],[131.3345,32.3258],[131.32647,32.32529],[131.32272,32.32201],[131.31903,32.32291],[131.31202,32.32104],[131.30973,32.32179],[131.30533,32.3153],[131.30221,32.31518],[131.29355,32.31102],[131.28739,32.30903],[131.29395,32.30264],[131.29685,32.30205],[131.30162,32.29752],[131.30546,32.29755],[131.30951,32.29269],[131.31149,32.28616],[131.31429,32.28441],[131.31837,32.28429],[131.3278,32.27554],[131.33471,32.27737],[131.3367,32.27961],[131.34084,32.27789],[131.34743,32.27663],[131.35588,32.27064],[131.35813,32.26561],[131.35466,32.26341],[131.35011,32.26305],[131.35023,32.25826],[131.35431,32.25517],[131.3579,32.24651],[131.35753,32.24323],[131.36141,32.23885],[131.36549,32.23743],[131.36718,32.23369],[131.37183,32.23192],[131.37685,32.2261],[131.38234,32.22158],[131.38718,32.2149],[131.39505,32.20657],[131.39528,32.20053],[131.3996,32.19558],[131.39903,32.19008],[131.40269,32.18839],[131.40536,32.18439],[131.4103,32.18163],[131.41016,32.17847],[131.41321,32.17734],[131.41478,32.16955],[131.41459,32.1635],[131.42098,32.16063],[131.42592,32.15176],[131.43236,32.14835],[131.43334,32.14581],[131.4501,32.14101],[131.44884,32.13777],[131.44457,32.13481],[131.45752,32.13231],[131.46064,32.13906],[131.46457,32.1393],[131.47019,32.14562],[131.47518,32.1477],[131.47795,32.15557],[131.48415,32.15344],[131.48503,32.15589],[131.49083,32.15921],[131.49265,32.16219],[131.49072,32.16255],[131.48632,32.16697],[131.4806,32.16733],[131.47835,32.17012],[131.47765,32.1742],[131.47555,32.17626],[131.476,32.18125],[131.47166,32.18172],[131.46645,32.18673],[131.46359,32.19316],[131.45792,32.19665],[131.45576,32.19545],[131.44812,32.19609],[131.44871,32.1996],[131.44353,32.20682],[131.44474,32.20868],[131.44344,32.2123],[131.44527,32.21544],[131.44197,32.22022],[131.44166,32.22583],[131.44373,32.22682],[131.44439,32.23072],[131.44122,32.23488],[131.44297,32.23732],[131.43827,32.24256],[131.43339,32.24582],[131.43009,32.24931],[131.43043,32.25344],[131.43483,32.25577],[131.43271,32.25987],[131.43185,32.26715],[131.43301,32.27024],[131.42857,32.27717],[131.4304,32.28009],[131.42932,32.28357],[131.42527,32.28737],[131.42542,32.29105],[131.42384,32.29705],[131.42598,32.30474],[131.42534,32.3061],[131.40985,32.30879],[131.4054,32.31248],[131.39617,32.31358],[131.39303,32.31258],[131.38111,32.31604],[131.37835,32.31349],[131.37263,32.31341],[131.36282,32.30924],[131.36322,32.31482],[131.3692,32.3158],[131.36978,32.32181],[131.36231,32.32445],[131.35845,32.32759],[131.35045,32.33079],[131.34913,32.33219],[131.34151,32.32949]]]}},{"type":"Feature","properties":{"code":"45405","name":"児湯郡川南町","pref":"宮崎県","pref_code":"45","cx":131.5023,"cy":32.21049,"bbox":[131.43827,32.15547,131.57303,32.26392]},"geometry":{"type":"Polygon","coordinates":[[[131.54345,32.15744],[131.54614,32.16554],[131.54815,32.16729],[131.55264,32.17916],[131.55184,32.18231],[131.55301,32.1889],[131.55545,32.19415],[131.556,32.19783],[131.56299,32.21743],[131.56858,32.22954],[131.57288,32.23429],[131.57303,32.23796],[131.57269,32.23488],[131.56886,32.2331],[131.56606,32.23737],[131.56005,32.2363],[131.55567,32.2368],[131.54956,32.23986],[131.54992,32.2363],[131.5457,32.23436],[131.54389,32.23114],[131.53926,32.22865],[131.53314,32.23261],[131.53555,32.23633],[131.54169,32.23608],[131.54208,32.24089],[131.53691,32.24393],[131.52321,32.24479],[131.51965,32.24665],[131.5172,32.24547],[131.50444,32.2478],[131.50269,32.24689],[131.48703,32.25006],[131.48232,32.25053],[131.47958,32.25571],[131.47224,32.25865],[131.46787,32.26392],[131.4602,32.26216],[131.46692,32.25708],[131.46466,32.25595],[131.46651,32.25033],[131.46093,32.2463],[131.45692,32.24776],[131.4431,32.24498],[131.43827,32.24256],[131.44297,32.23732],[131.44122,32.23488],[131.44439,32.23072],[131.44373,32.22682],[131.44166,32.22583],[131.44197,32.22022],[131.44527,32.21544],[131.44344,32.2123],[131.44474,32.20868],[131.44353,32.20682],[131.44871,32.1996],[131.44812,32.19609],[131.45576,32.19545],[131.45792,32.19665],[131.46359,32.19316],[131.46645,32.18673],[131.47166,32.18172],[131.476,32.18125],[131.47555,32.17626],[131.47765,32.1742],[131.47835,32.17012],[131.4806,32.16733],[131.48632,32.16697],[131.49072,32.16255],[131.49819,32.16017],[131.50034,32.16123],[131.50415,32.15878],[131.51293,32.15547],[131.51887,32.17164],[131.52565,32.16846],[131.52445,32.16537],[131.5308,32.16365],[131.53744,32.1565],[131.54345,32.15744]]]}},{"type":"Feature","properties":{"code":"45406","name":"児湯郡都農町","pref":"宮崎県","pref_code":"45","cx":131.50449,"cy":32.27403,"bbox":[131.42384,32.22865,131.59202,32.32332]},"geometry":{"type":"Polygon","coordinates":[[[131.42534,32.3061],[131.42598,32.30474],[131.42384,32.29705],[131.42542,32.29105],[131.42527,32.28737],[131.42932,32.28357],[131.4304,32.28009],[131.42857,32.27717],[131.43301,32.27024],[131.43185,32.26715],[131.43271,32.25987],[131.43483,32.25577],[131.43043,32.25344],[131.43009,32.24931],[131.43339,32.24582],[131.43827,32.24256],[131.4431,32.24498],[131.45692,32.24776],[131.46093,32.2463],[131.46651,32.25033],[131.46466,32.25595],[131.46692,32.25708],[131.4602,32.26216],[131.46787,32.26392],[131.47224,32.25865],[131.47958,32.25571],[131.48232,32.25053],[131.48703,32.25006],[131.50269,32.24689],[131.50444,32.2478],[131.5172,32.24547],[131.51965,32.24665],[131.52321,32.24479],[131.53691,32.24393],[131.54208,32.24089],[131.54169,32.23608],[131.53555,32.23633],[131.53314,32.23261],[131.53926,32.22865],[131.54389,32.23114],[131.5457,32.23436],[131.54992,32.2363],[131.54956,32.23986],[131.55567,32.2368],[131.56005,32.2363],[131.56606,32.23737],[131.56886,32.2331],[131.57269,32.23488],[131.57303,32.23796],[131.57537,32.24114],[131.57553,32.24868],[131.57178,32.25306],[131.57262,32.25649],[131.57589,32.2586],[131.57593,32.26487],[131.5772,32.2709],[131.58505,32.29144],[131.59202,32.30605],[131.58847,32.30516],[131.57994,32.30899],[131.57686,32.30525],[131.57497,32.3],[131.57197,32.29623],[131.56581,32.30063],[131.5637,32.30032],[131.56126,32.30509],[131.55751,32.30481],[131.55986,32.31257],[131.5566,32.31719],[131.55547,32.32265],[131.5489,32.32332],[131.5377,32.31914],[131.52916,32.31932],[131.52676,32.31422],[131.52136,32.31086],[131.51829,32.30732],[131.51483,32.30604],[131.49932,32.2956],[131.49425,32.29584],[131.49342,32.2997],[131.48984,32.30032],[131.48628,32.29845],[131.48313,32.30237],[131.48502,32.30595],[131.48441,32.30873],[131.47543,32.31685],[131.47142,32.31894],[131.46558,32.31637],[131.46264,32.31069],[131.45921,32.3095],[131.44634,32.31356],[131.4424,32.31155],[131.43312,32.30953],[131.42534,32.3061]]]}},{"type":"Feature","properties":{"code":"45421","name":"東臼杵郡門川町","pref":"宮崎県","pref_code":"45","cx":131.60417,"cy":32.49198,"bbox":[131.50625,32.43715,131.72812,32.54769]},"geometry":{"type":"MultiPolygon","coordinates":[[[[131.66952,32.47032],[131.66607,32.46613],[131.67071,32.46533],[131.66952,32.47032]]],[[[131.52672,32.54045],[131.52273,32.53499],[131.52788,32.53084],[131.53116,32.52554],[131.53267,32.52043],[131.53148,32.51493],[131.5235,32.5055],[131.52619,32.50195],[131.52528,32.49865],[131.52843,32.49679],[131.52967,32.49408],[131.5259,32.4909],[131.51219,32.4868],[131.51,32.48388],[131.50945,32.47932],[131.51274,32.47163],[131.50911,32.46771],[131.51202,32.45946],[131.50625,32.45623],[131.51275,32.44839],[131.51686,32.44987],[131.52033,32.44881],[131.52494,32.44394],[131.53476,32.44407],[131.53695,32.44144],[131.53772,32.43715],[131.54331,32.44207],[131.55127,32.44495],[131.55813,32.4462],[131.56534,32.44415],[131.5688,32.45],[131.57337,32.45291],[131.57591,32.45789],[131.57865,32.45921],[131.57807,32.46505],[131.58082,32.46707],[131.58533,32.46713],[131.58612,32.47172],[131.58954,32.47589],[131.59198,32.47448],[131.60295,32.47127],[131.60266,32.4667],[131.60945,32.46149],[131.61486,32.46235],[131.62094,32.46486],[131.62883,32.45983],[131.62995,32.45703],[131.63444,32.45847],[131.64279,32.45692],[131.6508,32.45767],[131.65063,32.4626],[131.65198,32.46689],[131.65783,32.46929],[131.65605,32.47328],[131.6568,32.48019],[131.65988,32.48358],[131.67047,32.48073],[131.67441,32.48038],[131.67783,32.4835],[131.68022,32.48296],[131.68031,32.47935],[131.67719,32.47527],[131.68461,32.47139],[131.68773,32.46889],[131.69345,32.47],[131.69621,32.46948],[131.70422,32.47652],[131.70756,32.47741],[131.71052,32.48201],[131.7158,32.48161],[131.71749,32.48854],[131.72043,32.48632],[131.72426,32.48907],[131.72618,32.49531],[131.72812,32.49672],[131.72055,32.49725],[131.71582,32.49531],[131.71284,32.4978],[131.70765,32.49816],[131.70081,32.49478],[131.69645,32.49618],[131.69103,32.49433],[131.68395,32.48987],[131.67972,32.49305],[131.67829,32.49655],[131.66868,32.499],[131.6654,32.50167],[131.66585,32.50502],[131.66402,32.50769],[131.65679,32.51165],[131.65177,32.51145],[131.64898,32.51592],[131.64459,32.51591],[131.64253,32.51922],[131.63396,32.51971],[131.62997,32.52236],[131.62753,32.51958],[131.61503,32.51689],[131.61272,32.51999],[131.61338,32.52673],[131.61006,32.53131],[131.60469,32.53354],[131.60383,32.53189],[131.59678,32.52754],[131.5919,32.52572],[131.58864,32.52975],[131.58889,32.53157],[131.58504,32.53538],[131.58241,32.53572],[131.58136,32.5396],[131.58402,32.54324],[131.58209,32.54637],[131.57851,32.54576],[131.5746,32.54769],[131.57084,32.54427],[131.56593,32.54546],[131.56266,32.53908],[131.556,32.53703],[131.55159,32.5379],[131.54838,32.5358],[131.54477,32.53802],[131.53575,32.53973],[131.5333,32.54203],[131.5289,32.54343],[131.52672,32.54045]]]]}},{"type":"Feature","properties":{"code":"45429","name":"東臼杵郡諸塚村","pref":"宮崎県","pref_code":"45","cx":131.29243,"cy":32.55376,"bbox":[131.20607,32.46309,131.41317,32.64211]},"geometry":{"type":"Polygon","coordinates":[[[131.26752,32.64054],[131.26616,32.6396],[131.25589,32.64211],[131.25445,32.63655],[131.25791,32.63091],[131.25563,32.61897],[131.25274,32.61446],[131.25348,32.61072],[131.25147,32.60617],[131.24944,32.60539],[131.24361,32.59861],[131.2433,32.59627],[131.23735,32.59563],[131.23044,32.59112],[131.22446,32.59448],[131.21987,32.59216],[131.21629,32.59184],[131.20835,32.58858],[131.20607,32.58608],[131.20777,32.5811],[131.20761,32.57764],[131.2112,32.57704],[131.21552,32.5673],[131.21906,32.562],[131.21781,32.55716],[131.21357,32.54799],[131.21589,32.54113],[131.21468,32.53721],[131.21693,32.53436],[131.21735,32.52954],[131.21927,32.52667],[131.23061,32.52797],[131.2339,32.52699],[131.2444,32.52132],[131.25341,32.52195],[131.25632,32.52089],[131.2617,32.52558],[131.27373,32.52435],[131.275,32.52095],[131.27981,32.51648],[131.28045,32.51012],[131.27964,32.50671],[131.28548,32.50798],[131.29311,32.50378],[131.29442,32.50637],[131.29841,32.50781],[131.30257,32.501],[131.30645,32.49822],[131.31172,32.49994],[131.31665,32.49779],[131.31778,32.49399],[131.32408,32.49102],[131.32685,32.49441],[131.32336,32.49671],[131.32071,32.50145],[131.32225,32.50639],[131.32576,32.5071],[131.32801,32.51075],[131.33455,32.50671],[131.33855,32.50854],[131.3423,32.50841],[131.34048,32.50428],[131.34345,32.50211],[131.34947,32.50528],[131.35678,32.50421],[131.36106,32.49916],[131.36758,32.49833],[131.3716,32.49488],[131.36929,32.49043],[131.3731,32.48843],[131.37864,32.49177],[131.38346,32.48993],[131.38425,32.48734],[131.37815,32.47809],[131.37504,32.47635],[131.37681,32.46787],[131.37583,32.46438],[131.37786,32.46309],[131.3811,32.46582],[131.38585,32.47179],[131.3992,32.47608],[131.40571,32.4788],[131.40812,32.48409],[131.41317,32.48784],[131.41283,32.49627],[131.40785,32.50195],[131.40012,32.50659],[131.39865,32.51054],[131.39722,32.52549],[131.39332,32.5312],[131.38596,32.53421],[131.38174,32.53925],[131.37745,32.54102],[131.36888,32.54107],[131.36923,32.55036],[131.3679,32.5579],[131.36888,32.56095],[131.37395,32.56411],[131.37247,32.56569],[131.36745,32.57636],[131.36197,32.57771],[131.36168,32.58048],[131.36426,32.58406],[131.3622,32.58862],[131.35627,32.59519],[131.35821,32.5984],[131.35651,32.60171],[131.35829,32.60483],[131.35721,32.6085],[131.3502,32.61064],[131.34722,32.6124],[131.34085,32.61294],[131.33445,32.61203],[131.33221,32.61012],[131.32908,32.61165],[131.32119,32.61928],[131.32101,32.62082],[131.31621,32.6286],[131.31008,32.62945],[131.28959,32.63558],[131.28737,32.63461],[131.27829,32.63865],[131.26752,32.64054]]]}},{"type":"Feature","properties":{"code":"45430","name":"東臼杵郡椎葉村","pref":"宮崎県","pref_code":"45","cx":131.14148,"cy":32.45144,"bbox":[131.00696,32.30168,131.29832,32.60086]},"geometry":{"type":"Polygon","coordinates":[[[131.19878,32.33986],[131.20086,32.34574],[131.2038,32.34814],[131.20163,32.35065],[131.19702,32.35284],[131.19404,32.36106],[131.19596,32.36599],[131.19577,32.37377],[131.2036,32.37282],[131.20786,32.37092],[131.21153,32.37167],[131.21624,32.37082],[131.22246,32.38019],[131.23822,32.38271],[131.24298,32.3866],[131.24927,32.38925],[131.2521,32.39519],[131.25785,32.39903],[131.2589,32.40768],[131.2563,32.40789],[131.25244,32.41177],[131.25331,32.41644],[131.25093,32.41971],[131.25157,32.42287],[131.24834,32.43161],[131.24855,32.43726],[131.25108,32.44516],[131.25482,32.44384],[131.26055,32.4458],[131.26377,32.45014],[131.26959,32.45275],[131.27723,32.45386],[131.28725,32.45698],[131.29832,32.45969],[131.29617,32.47409],[131.29419,32.4779],[131.2864,32.48623],[131.28116,32.49488],[131.27689,32.49986],[131.27418,32.50517],[131.27356,32.50954],[131.27964,32.50671],[131.28045,32.51012],[131.27981,32.51648],[131.275,32.52095],[131.27373,32.52435],[131.2617,32.52558],[131.25632,32.52089],[131.25341,32.52195],[131.2444,32.52132],[131.2339,32.52699],[131.23061,32.52797],[131.21927,32.52667],[131.21735,32.52954],[131.21693,32.53436],[131.21468,32.53721],[131.21589,32.54113],[131.21357,32.54799],[131.21781,32.55716],[131.21906,32.562],[131.21552,32.5673],[131.2112,32.57704],[131.20761,32.57764],[131.20777,32.5811],[131.20607,32.58608],[131.20835,32.58858],[131.20532,32.59247],[131.20254,32.59331],[131.19693,32.60084],[131.19096,32.60009],[131.18614,32.60086],[131.17681,32.5994],[131.17724,32.59484],[131.17289,32.58978],[131.17596,32.58443],[131.17402,32.58298],[131.17108,32.57732],[131.1719,32.57397],[131.17036,32.57104],[131.16596,32.56977],[131.16213,32.5646],[131.15951,32.56373],[131.1484,32.56419],[131.14613,32.5631],[131.14173,32.56389],[131.13533,32.56315],[131.13094,32.55793],[131.12033,32.55831],[131.11138,32.56245],[131.10772,32.57535],[131.10499,32.57961],[131.09942,32.57845],[131.09261,32.57945],[131.0879,32.57924],[131.0786,32.58178],[131.07446,32.58481],[131.06839,32.58402],[131.06275,32.58627],[131.05855,32.58602],[131.05219,32.58772],[131.04878,32.58488],[131.04325,32.58234],[131.04163,32.57989],[131.04238,32.57441],[131.03953,32.57144],[131.03772,32.56473],[131.04044,32.56087],[131.03896,32.55443],[131.03543,32.55304],[131.03064,32.55398],[131.02395,32.55333],[131.01799,32.54637],[131.01907,32.54154],[131.02353,32.53614],[131.02488,32.53157],[131.02403,32.52757],[131.02549,32.52317],[131.02467,32.52025],[131.01842,32.51959],[131.0152,32.51584],[131.00941,32.51541],[131.00971,32.50919],[131.00696,32.49006],[131.01058,32.48298],[131.01394,32.48002],[131.01391,32.47697],[131.01635,32.47326],[131.01437,32.46367],[131.01664,32.46031],[131.016,32.45561],[131.01653,32.44769],[131.02013,32.44171],[131.01989,32.43867],[131.02222,32.43715],[131.03091,32.42653],[131.0329,32.4207],[131.04058,32.4148],[131.04379,32.40813],[131.04807,32.40731],[131.05408,32.40835],[131.05603,32.40698],[131.06456,32.40797],[131.06797,32.4076],[131.06981,32.39972],[131.07288,32.39613],[131.07323,32.39124],[131.06928,32.38851],[131.06931,32.38432],[131.07417,32.38287],[131.07655,32.37728],[131.07986,32.37429],[131.07641,32.37144],[131.07399,32.36591],[131.07434,32.36091],[131.07713,32.35999],[131.07803,32.35511],[131.08153,32.35438],[131.09089,32.34955],[131.09553,32.35081],[131.09672,32.34609],[131.09936,32.34156],[131.10161,32.34235],[131.10721,32.3334],[131.11188,32.32979],[131.11101,32.32707],[131.10605,32.32439],[131.10444,32.31862],[131.10162,32.31525],[131.10118,32.31172],[131.10932,32.31577],[131.11843,32.31703],[131.12055,32.31373],[131.12405,32.31203],[131.12846,32.30705],[131.13301,32.31014],[131.1439,32.31067],[131.14676,32.3123],[131.15586,32.31245],[131.15916,32.31142],[131.16252,32.30809],[131.16662,32.30202],[131.16905,32.30168],[131.17384,32.30729],[131.17506,32.30996],[131.1769,32.31853],[131.17647,32.3247],[131.18335,32.32919],[131.18502,32.33407],[131.19012,32.34074],[131.19726,32.33786],[131.19878,32.33986]]]}},{"type":"Feature","properties":{"code":"45431","name":"東臼杵郡美郷町","pref":"宮崎県","pref_code":"45","cx":131.36545,"cy":32.43839,"bbox":[131.19404,32.30903,131.53267,32.56879]},"geometry":{"type":"Polygon","coordinates":[[[131.42878,32.55989],[131.42125,32.56378],[131.41771,32.56383],[131.41391,32.5608],[131.40885,32.56092],[131.40504,32.56568],[131.39612,32.56879],[131.39234,32.56593],[131.38433,32.56478],[131.38068,32.56241],[131.37395,32.56411],[131.36888,32.56095],[131.3679,32.5579],[131.36923,32.55036],[131.36888,32.54107],[131.37745,32.54102],[131.38174,32.53925],[131.38596,32.53421],[131.39332,32.5312],[131.39722,32.52549],[131.39865,32.51054],[131.40012,32.50659],[131.40785,32.50195],[131.41283,32.49627],[131.41317,32.48784],[131.40812,32.48409],[131.40571,32.4788],[131.3992,32.47608],[131.38585,32.47179],[131.3811,32.46582],[131.37786,32.46309],[131.37583,32.46438],[131.37681,32.46787],[131.37504,32.47635],[131.37815,32.47809],[131.38425,32.48734],[131.38346,32.48993],[131.37864,32.49177],[131.3731,32.48843],[131.36929,32.49043],[131.3716,32.49488],[131.36758,32.49833],[131.36106,32.49916],[131.35678,32.50421],[131.34947,32.50528],[131.34345,32.50211],[131.34048,32.50428],[131.3423,32.50841],[131.33855,32.50854],[131.33455,32.50671],[131.32801,32.51075],[131.32576,32.5071],[131.32225,32.50639],[131.32071,32.50145],[131.32336,32.49671],[131.32685,32.49441],[131.32408,32.49102],[131.31778,32.49399],[131.31665,32.49779],[131.31172,32.49994],[131.30645,32.49822],[131.30257,32.501],[131.29841,32.50781],[131.29442,32.50637],[131.29311,32.50378],[131.28548,32.50798],[131.27964,32.50671],[131.27356,32.50954],[131.27418,32.50517],[131.27689,32.49986],[131.28116,32.49488],[131.2864,32.48623],[131.29419,32.4779],[131.29617,32.47409],[131.29832,32.45969],[131.28725,32.45698],[131.27723,32.45386],[131.26959,32.45275],[131.26377,32.45014],[131.26055,32.4458],[131.25482,32.44384],[131.25108,32.44516],[131.24855,32.43726],[131.24834,32.43161],[131.25157,32.42287],[131.25093,32.41971],[131.25331,32.41644],[131.25244,32.41177],[131.2563,32.40789],[131.2589,32.40768],[131.25785,32.39903],[131.2521,32.39519],[131.24927,32.38925],[131.24298,32.3866],[131.23822,32.38271],[131.22246,32.38019],[131.21624,32.37082],[131.21153,32.37167],[131.20786,32.37092],[131.2036,32.37282],[131.19577,32.37377],[131.19596,32.36599],[131.19404,32.36106],[131.19702,32.35284],[131.20163,32.35065],[131.2038,32.34814],[131.20086,32.34574],[131.19878,32.33986],[131.20433,32.33688],[131.2114,32.32991],[131.22374,32.32386],[131.22847,32.32392],[131.23502,32.32852],[131.24211,32.32734],[131.24923,32.32894],[131.25616,32.32552],[131.25626,32.32213],[131.26147,32.31868],[131.26305,32.31606],[131.27031,32.31476],[131.27334,32.31171],[131.27972,32.30961],[131.28739,32.30903],[131.29355,32.31102],[131.30221,32.31518],[131.30533,32.3153],[131.30973,32.32179],[131.31202,32.32104],[131.31903,32.32291],[131.32272,32.32201],[131.32647,32.32529],[131.3345,32.3258],[131.33805,32.32904],[131.34151,32.32949],[131.33833,32.33621],[131.33974,32.33759],[131.34015,32.34356],[131.34181,32.35105],[131.34505,32.35511],[131.34422,32.35873],[131.34863,32.36199],[131.35068,32.36655],[131.35804,32.36584],[131.36243,32.36199],[131.36915,32.36026],[131.37089,32.3564],[131.37819,32.35482],[131.38118,32.35632],[131.38222,32.35985],[131.38854,32.36359],[131.39693,32.36521],[131.39722,32.37094],[131.4026,32.38248],[131.40312,32.3858],[131.40604,32.38971],[131.4116,32.39041],[131.41784,32.3893],[131.42055,32.39092],[131.42765,32.38924],[131.43335,32.39053],[131.43554,32.39292],[131.44029,32.39227],[131.4466,32.39289],[131.45213,32.3993],[131.4562,32.40069],[131.46195,32.39937],[131.47165,32.40184],[131.47663,32.40595],[131.47793,32.41253],[131.48351,32.41637],[131.48142,32.42375],[131.48311,32.42836],[131.48248,32.43326],[131.48015,32.43567],[131.48275,32.43953],[131.47541,32.44342],[131.47591,32.44962],[131.4797,32.45254],[131.48426,32.45191],[131.4893,32.45422],[131.4966,32.45521],[131.5019,32.45458],[131.50625,32.45623],[131.51202,32.45946],[131.50911,32.46771],[131.51274,32.47163],[131.50945,32.47932],[131.51,32.48388],[131.51219,32.4868],[131.5259,32.4909],[131.52967,32.49408],[131.52843,32.49679],[131.52528,32.49865],[131.52619,32.50195],[131.5235,32.5055],[131.53148,32.51493],[131.53267,32.52043],[131.53116,32.52554],[131.52788,32.53084],[131.52273,32.53499],[131.52672,32.54045],[131.5211,32.54234],[131.51885,32.54515],[131.51541,32.54632],[131.51303,32.5509],[131.50971,32.55092],[131.50486,32.55712],[131.49915,32.5593],[131.49593,32.5588],[131.48553,32.56494],[131.47833,32.56694],[131.47278,32.56686],[131.46665,32.5637],[131.46414,32.55939],[131.45657,32.55736],[131.44228,32.55879],[131.43859,32.55566],[131.4369,32.55674],[131.43036,32.55618],[131.42878,32.55989]]]}},{"type":"Feature","properties":{"code":"45441","name":"西臼杵郡高千穂町","pref":"宮崎県","pref_code":"45","cx":131.32416,"cy":32.73247,"bbox":[131.228,32.62945,131.42155,32.83344]},"geometry":{"type":"Polygon","coordinates":[[[131.31008,32.62945],[131.31111,32.63829],[131.31507,32.64417],[131.31813,32.6607],[131.32323,32.66607],[131.3224,32.67088],[131.3263,32.67191],[131.32848,32.67694],[131.32814,32.6809],[131.32303,32.6835],[131.32315,32.68853],[131.31788,32.6945],[131.31931,32.70023],[131.32296,32.70648],[131.33454,32.69781],[131.35059,32.70003],[131.35775,32.69793],[131.36011,32.70353],[131.36539,32.70627],[131.36803,32.7126],[131.37061,32.71543],[131.37729,32.71686],[131.38012,32.71585],[131.38525,32.72488],[131.3886,32.72897],[131.39267,32.73015],[131.39512,32.7354],[131.40046,32.73897],[131.39994,32.74593],[131.40248,32.7487],[131.40102,32.75339],[131.40282,32.76012],[131.40738,32.76968],[131.40626,32.77197],[131.41055,32.78001],[131.40948,32.7828],[131.4155,32.78732],[131.41634,32.7951],[131.42003,32.79794],[131.4194,32.80271],[131.42155,32.80527],[131.42039,32.80899],[131.42121,32.81192],[131.41604,32.81326],[131.41001,32.8132],[131.40566,32.81217],[131.40022,32.81349],[131.39482,32.81108],[131.3887,32.81178],[131.38393,32.80901],[131.37828,32.80947],[131.36896,32.80599],[131.36391,32.80336],[131.35644,32.80503],[131.35252,32.80875],[131.34864,32.81068],[131.34833,32.81365],[131.35063,32.81691],[131.34978,32.82435],[131.34381,32.8311],[131.34027,32.83344],[131.33609,32.83278],[131.33022,32.83333],[131.3229,32.82865],[131.30891,32.82817],[131.30154,32.82957],[131.29155,32.8278],[131.28608,32.8314],[131.2811,32.82944],[131.27607,32.82875],[131.27264,32.82415],[131.26543,32.82648],[131.26256,32.81848],[131.25782,32.8181],[131.25498,32.81558],[131.25717,32.81382],[131.2549,32.80929],[131.25526,32.80467],[131.25183,32.80143],[131.24907,32.80155],[131.24661,32.79899],[131.24504,32.79413],[131.24601,32.79096],[131.24537,32.78655],[131.23735,32.78449],[131.23463,32.78096],[131.23721,32.77705],[131.24646,32.7694],[131.24548,32.766],[131.24159,32.75997],[131.23715,32.75845],[131.23386,32.74743],[131.23501,32.74433],[131.24301,32.74305],[131.24722,32.74359],[131.25547,32.73478],[131.25363,32.73004],[131.25414,32.72182],[131.25071,32.71689],[131.24609,32.71651],[131.23958,32.71101],[131.23337,32.70693],[131.23212,32.70497],[131.23627,32.70326],[131.24187,32.69892],[131.2417,32.69389],[131.2339,32.68851],[131.228,32.68827],[131.22875,32.68467],[131.23568,32.68014],[131.23744,32.67426],[131.23935,32.67256],[131.24646,32.67415],[131.25195,32.67663],[131.25751,32.67064],[131.26478,32.67058],[131.26774,32.66811],[131.26696,32.66268],[131.26858,32.65765],[131.26907,32.65081],[131.26779,32.64722],[131.26752,32.64054],[131.27829,32.63865],[131.28737,32.63461],[131.28959,32.63558],[131.31008,32.62945]]]}},{"type":"Feature","properties":{"code":"45442","name":"西臼杵郡日之影町","pref":"宮崎県","pref_code":"45","cx":131.41106,"cy":32.69898,"bbox":[131.31008,32.55989,131.51747,32.83615]},"geometry":{"type":"Polygon","coordinates":[[[131.50848,32.77424],[131.5102,32.77773],[131.50824,32.78147],[131.51077,32.79011],[131.51352,32.79226],[131.51747,32.8008],[131.51182,32.80449],[131.50776,32.80582],[131.50559,32.80885],[131.50199,32.8105],[131.50325,32.81369],[131.49896,32.8156],[131.49345,32.81585],[131.48378,32.82516],[131.47889,32.83094],[131.47636,32.83615],[131.47247,32.83584],[131.46317,32.83114],[131.45423,32.82902],[131.44357,32.83003],[131.43697,32.82863],[131.43604,32.82588],[131.43201,32.82148],[131.43127,32.81837],[131.42554,32.81636],[131.42426,32.81356],[131.42121,32.81192],[131.42039,32.80899],[131.42155,32.80527],[131.4194,32.80271],[131.42003,32.79794],[131.41634,32.7951],[131.4155,32.78732],[131.40948,32.7828],[131.41055,32.78001],[131.40626,32.77197],[131.40738,32.76968],[131.40282,32.76012],[131.40102,32.75339],[131.40248,32.7487],[131.39994,32.74593],[131.40046,32.73897],[131.39512,32.7354],[131.39267,32.73015],[131.3886,32.72897],[131.38525,32.72488],[131.38012,32.71585],[131.37729,32.71686],[131.37061,32.71543],[131.36803,32.7126],[131.36539,32.70627],[131.36011,32.70353],[131.35775,32.69793],[131.35059,32.70003],[131.33454,32.69781],[131.32296,32.70648],[131.31931,32.70023],[131.31788,32.6945],[131.32315,32.68853],[131.32303,32.6835],[131.32814,32.6809],[131.32848,32.67694],[131.3263,32.67191],[131.3224,32.67088],[131.32323,32.66607],[131.31813,32.6607],[131.31507,32.64417],[131.31111,32.63829],[131.31008,32.62945],[131.31621,32.6286],[131.32101,32.62082],[131.32119,32.61928],[131.32908,32.61165],[131.33221,32.61012],[131.33445,32.61203],[131.34085,32.61294],[131.34722,32.6124],[131.3502,32.61064],[131.35721,32.6085],[131.35829,32.60483],[131.35651,32.60171],[131.35821,32.5984],[131.35627,32.59519],[131.3622,32.58862],[131.36426,32.58406],[131.36168,32.58048],[131.36197,32.57771],[131.36745,32.57636],[131.37247,32.56569],[131.37395,32.56411],[131.38068,32.56241],[131.38433,32.56478],[131.39234,32.56593],[131.39612,32.56879],[131.40504,32.56568],[131.40885,32.56092],[131.41391,32.5608],[131.41771,32.56383],[131.42125,32.56378],[131.42878,32.55989],[131.43263,32.56533],[131.43556,32.56561],[131.44024,32.56894],[131.44085,32.5767],[131.44331,32.57705],[131.44819,32.58749],[131.44604,32.59376],[131.45002,32.59777],[131.44864,32.60243],[131.44931,32.61072],[131.45214,32.61361],[131.44988,32.61882],[131.45047,32.62283],[131.44867,32.62662],[131.43497,32.63364],[131.43606,32.63768],[131.44055,32.64042],[131.43712,32.6431],[131.437,32.64791],[131.43946,32.65087],[131.44046,32.65498],[131.43434,32.66186],[131.44001,32.66426],[131.43982,32.66786],[131.44799,32.67192],[131.44686,32.67793],[131.4501,32.68317],[131.45196,32.68411],[131.45347,32.69203],[131.45725,32.69535],[131.46226,32.6968],[131.46611,32.70181],[131.47569,32.70464],[131.48012,32.7105],[131.47991,32.71366],[131.48308,32.7177],[131.48276,32.72293],[131.48444,32.72405],[131.48449,32.73023],[131.4814,32.73791],[131.48793,32.74241],[131.49003,32.7479],[131.48771,32.75085],[131.48853,32.75663],[131.48199,32.76006],[131.48263,32.76349],[131.48849,32.76696],[131.48803,32.77134],[131.49163,32.77403],[131.49627,32.77266],[131.49958,32.77408],[131.50432,32.77313],[131.50848,32.77424]]]}},{"type":"Feature","properties":{"code":"45443","name":"西臼杵郡五ヶ瀬町","pref":"宮崎県","pref_code":"45","cx":131.19767,"cy":32.65251,"bbox":[131.10499,32.55793,131.26907,32.74433]},"geometry":{"type":"Polygon","coordinates":[[[131.26752,32.64054],[131.26779,32.64722],[131.26907,32.65081],[131.26858,32.65765],[131.26696,32.66268],[131.26774,32.66811],[131.26478,32.67058],[131.25751,32.67064],[131.25195,32.67663],[131.24646,32.67415],[131.23935,32.67256],[131.23744,32.67426],[131.23568,32.68014],[131.22875,32.68467],[131.228,32.68827],[131.2339,32.68851],[131.2417,32.69389],[131.24187,32.69892],[131.23627,32.70326],[131.23212,32.70497],[131.23337,32.70693],[131.23958,32.71101],[131.24609,32.71651],[131.25071,32.71689],[131.25414,32.72182],[131.25363,32.73004],[131.25547,32.73478],[131.24722,32.74359],[131.24301,32.74305],[131.23501,32.74433],[131.2315,32.74403],[131.2196,32.73532],[131.21521,32.73044],[131.21193,32.72869],[131.20614,32.73016],[131.19503,32.72531],[131.18995,32.72199],[131.18402,32.71481],[131.18075,32.71293],[131.17935,32.70975],[131.18193,32.70602],[131.17948,32.70361],[131.18041,32.70013],[131.17702,32.69712],[131.17508,32.69341],[131.17559,32.68711],[131.17247,32.68475],[131.17524,32.67937],[131.17478,32.67184],[131.17146,32.67236],[131.16314,32.67169],[131.15812,32.6776],[131.15139,32.68006],[131.14877,32.6777],[131.14322,32.67589],[131.14327,32.67006],[131.14019,32.66465],[131.13586,32.66224],[131.13054,32.65788],[131.12991,32.65475],[131.12722,32.65421],[131.12359,32.64668],[131.12365,32.64463],[131.11622,32.64266],[131.11481,32.63891],[131.11558,32.63543],[131.11909,32.63287],[131.11987,32.62915],[131.11594,32.62095],[131.11621,32.60949],[131.12051,32.60548],[131.11864,32.60219],[131.11951,32.59885],[131.11614,32.5968],[131.11348,32.59138],[131.10606,32.58916],[131.1056,32.5853],[131.1082,32.58206],[131.10499,32.57961],[131.10772,32.57535],[131.11138,32.56245],[131.12033,32.55831],[131.13094,32.55793],[131.13533,32.56315],[131.14173,32.56389],[131.14613,32.5631],[131.1484,32.56419],[131.15951,32.56373],[131.16213,32.5646],[131.16596,32.56977],[131.17036,32.57104],[131.1719,32.57397],[131.17108,32.57732],[131.17402,32.58298],[131.17596,32.58443],[131.17289,32.58978],[131.17724,32.59484],[131.17681,32.5994],[131.18614,32.60086],[131.19096,32.60009],[131.19693,32.60084],[131.20254,32.59331],[131.20532,32.59247],[131.20835,32.58858],[131.21629,32.59184],[131.21987,32.59216],[131.22446,32.59448],[131.23044,32.59112],[131.23735,32.59563],[131.2433,32.59627],[131.24361,32.59861],[131.24944,32.60539],[131.25147,32.60617],[131.25348,32.61072],[131.25274,32.61446],[131.25563,32.61897],[131.25791,32.63091],[131.25445,32.63655],[131.25589,32.64211],[131.26616,32.6396],[131.26752,32.64054]]]}},{"type":"Feature","properties":{"code":"46201","name":"鹿児島市","pref":"鹿児島県","pref_code":"46","cx":130.65417,"cy":31.58597,"bbox":[130.38786,31.29331,130.72496,31.75239]},"geometry":{"type":"MultiPolygon","coordinates":[[[[130.55623,31.53417],[130.55767,31.53725],[130.55136,31.53879],[130.55024,31.53641],[130.55623,31.53417]]],[[[130.56743,31.59759],[130.56431,31.59678],[130.56405,31.59425],[130.56755,31.59435],[130.56743,31.59759]]],[[[130.72496,31.6192],[130.72222,31.62023],[130.72112,31.61576],[130.72376,31.61668],[130.72496,31.6192]]],[[[130.70688,31.55728],[130.71049,31.55913],[130.71593,31.55974],[130.7211,31.56374],[130.72136,31.56579],[130.71614,31.56491],[130.71578,31.56728],[130.71097,31.56731],[130.7148,31.57123],[130.71607,31.57475],[130.71319,31.57743],[130.71145,31.57691],[130.71018,31.58016],[130.71798,31.58755],[130.71771,31.59231],[130.71435,31.5951],[130.71141,31.59594],[130.71352,31.60052],[130.71728,31.60251],[130.71391,31.60436],[130.71001,31.60535],[130.71002,31.60705],[130.70719,31.60885],[130.70895,31.61166],[130.70658,31.61309],[130.70396,31.61304],[130.7002,31.61661],[130.69957,31.62106],[130.69433,31.6229],[130.69214,31.62458],[130.68431,31.62161],[130.67976,31.62891],[130.67591,31.62779],[130.67517,31.6251],[130.66918,31.62741],[130.66454,31.62614],[130.66176,31.62676],[130.65334,31.62505],[130.65052,31.62283],[130.6425,31.6207],[130.63698,31.62043],[130.63272,31.62184],[130.62611,31.62039],[130.62123,31.61737],[130.61865,31.61358],[130.61486,31.61151],[130.6112,31.60847],[130.60806,31.59944],[130.60628,31.59739],[130.59858,31.59689],[130.59976,31.59275],[130.59823,31.59179],[130.59312,31.59159],[130.59109,31.58891],[130.59253,31.58439],[130.59205,31.58098],[130.59667,31.57913],[130.59839,31.57631],[130.60226,31.5734],[130.60711,31.57454],[130.6085,31.57359],[130.61271,31.56713],[130.61245,31.56232],[130.61861,31.56215],[130.62049,31.56129],[130.62037,31.55532],[130.62411,31.55224],[130.62767,31.55713],[130.62963,31.55611],[130.63296,31.55229],[130.63585,31.54644],[130.63914,31.54514],[130.6419,31.54715],[130.64483,31.54679],[130.64727,31.55013],[130.64953,31.54952],[130.65504,31.55131],[130.66173,31.55219],[130.66538,31.55343],[130.66968,31.55268],[130.67013,31.55125],[130.67464,31.551],[130.67666,31.54947],[130.67525,31.54783],[130.67681,31.54494],[130.68186,31.54456],[130.6858,31.54814],[130.68831,31.54908],[130.68845,31.55157],[130.69206,31.5528],[130.69439,31.55255],[130.69558,31.55461],[130.70114,31.55682],[130.70688,31.55728]]],[[[130.61127,31.67289],[130.60494,31.67372],[130.60247,31.67711],[130.5989,31.67781],[130.5996,31.6824],[130.60154,31.6853],[130.59891,31.68996],[130.59303,31.69145],[130.59203,31.69312],[130.5873,31.69412],[130.58462,31.69647],[130.58004,31.69716],[130.57775,31.70094],[130.57611,31.701],[130.57018,31.70394],[130.56825,31.70689],[130.56529,31.70838],[130.56508,31.71241],[130.56382,31.71421],[130.56298,31.71877],[130.56682,31.71844],[130.57262,31.72121],[130.5735,31.72496],[130.57226,31.72685],[130.57795,31.72929],[130.58191,31.72983],[130.58372,31.7277],[130.58605,31.72791],[130.58683,31.73057],[130.58513,31.73128],[130.58347,31.73711],[130.58494,31.74017],[130.58282,31.74219],[130.57703,31.74367],[130.57442,31.74699],[130.56642,31.74696],[130.56361,31.74919],[130.56015,31.7484],[130.55636,31.74982],[130.55216,31.74944],[130.54987,31.75126],[130.54686,31.74955],[130.53994,31.75239],[130.5381,31.75137],[130.53085,31.75214],[130.52655,31.74954],[130.52349,31.74909],[130.52031,31.74596],[130.51701,31.74668],[130.51484,31.74561],[130.50819,31.74562],[130.50151,31.74418],[130.50053,31.74044],[130.50173,31.73473],[130.50609,31.72944],[130.50059,31.72621],[130.49826,31.72301],[130.49626,31.72462],[130.49291,31.72534],[130.48901,31.72351],[130.48591,31.72732],[130.48337,31.72879],[130.48015,31.72791],[130.47614,31.72803],[130.47382,31.73014],[130.46944,31.72926],[130.46231,31.73457],[130.45483,31.73645],[130.44828,31.7344],[130.44513,31.73203],[130.43705,31.73298],[130.43287,31.73238],[130.43119,31.73021],[130.42824,31.72883],[130.42694,31.72637],[130.42501,31.72578],[130.42061,31.71893],[130.41503,31.71816],[130.41326,31.71699],[130.41395,31.71252],[130.42009,31.71057],[130.41939,31.70379],[130.42291,31.70013],[130.42601,31.69864],[130.42782,31.6996],[130.43495,31.69686],[130.43622,31.69358],[130.43572,31.6911],[130.43722,31.68568],[130.43717,31.68079],[130.44204,31.68112],[130.44179,31.67487],[130.44277,31.67348],[130.44235,31.67014],[130.43952,31.66382],[130.43995,31.66015],[130.44192,31.65783],[130.44228,31.6552],[130.4479,31.65721],[130.45149,31.65511],[130.45553,31.6544],[130.45854,31.65477],[130.46034,31.6507],[130.46429,31.64554],[130.4657,31.63958],[130.47096,31.63619],[130.46894,31.63232],[130.46749,31.62723],[130.46448,31.62938],[130.45981,31.6307],[130.45264,31.62911],[130.44423,31.63044],[130.44195,31.62978],[130.43754,31.63073],[130.4366,31.62597],[130.43198,31.62515],[130.4285,31.62362],[130.42429,31.623],[130.42265,31.62158],[130.4214,31.61706],[130.42766,31.61004],[130.42824,31.60533],[130.42514,31.60526],[130.42489,31.60238],[130.41775,31.59994],[130.41498,31.59977],[130.41407,31.59437],[130.40691,31.59641],[130.40178,31.59696],[130.40082,31.59485],[130.39707,31.59196],[130.39641,31.59016],[130.39116,31.58682],[130.38786,31.58229],[130.38989,31.58035],[130.39041,31.57592],[130.39249,31.57346],[130.39545,31.57175],[130.39892,31.56787],[130.40243,31.56695],[130.40367,31.56461],[130.41137,31.56469],[130.41261,31.56294],[130.41249,31.55875],[130.41545,31.55984],[130.41801,31.55822],[130.42006,31.55497],[130.42025,31.55159],[130.41898,31.54806],[130.42149,31.54659],[130.42414,31.54655],[130.42502,31.54226],[130.42721,31.54237],[130.42838,31.53899],[130.4349,31.53891],[130.43874,31.53679],[130.44688,31.53009],[130.44834,31.52636],[130.44632,31.52332],[130.44685,31.51966],[130.44933,31.51707],[130.4468,31.51486],[130.44635,31.51218],[130.44838,31.50981],[130.44024,31.50229],[130.43281,31.4965],[130.43489,31.4926],[130.4375,31.48979],[130.44043,31.48947],[130.44339,31.4837],[130.44519,31.48312],[130.44592,31.47577],[130.44835,31.47303],[130.44811,31.47161],[130.45145,31.46731],[130.45686,31.46573],[130.45785,31.46233],[130.46419,31.46325],[130.46643,31.46199],[130.46955,31.46218],[130.46924,31.4594],[130.47237,31.45813],[130.48394,31.46031],[130.48267,31.45612],[130.48367,31.45097],[130.48625,31.44573],[130.48369,31.43821],[130.4854,31.4329],[130.48555,31.42954],[130.4868,31.42852],[130.48797,31.42326],[130.49063,31.4195],[130.49351,31.41966],[130.49598,31.41792],[130.49726,31.41554],[130.49677,31.41251],[130.50243,31.40722],[130.50246,31.40558],[130.50734,31.40466],[130.50853,31.40249],[130.50716,31.39807],[130.51021,31.39528],[130.51051,31.39257],[130.50678,31.38425],[130.50741,31.38118],[130.50574,31.37823],[130.50744,31.37146],[130.50568,31.36821],[130.50533,31.36481],[130.5028,31.36444],[130.49773,31.36063],[130.49659,31.36063],[130.49038,31.35046],[130.48981,31.3474],[130.49154,31.34322],[130.49443,31.33921],[130.49704,31.33817],[130.50024,31.33864],[130.50176,31.33699],[130.50101,31.33371],[130.50542,31.33094],[130.50843,31.33003],[130.51621,31.33164],[130.51805,31.33134],[130.52158,31.32775],[130.52253,31.32379],[130.52801,31.32245],[130.52847,31.31635],[130.52744,31.31436],[130.52806,31.31111],[130.5322,31.30786],[130.53671,31.30089],[130.53967,31.29781],[130.53897,31.29479],[130.54191,31.29471],[130.54555,31.29331],[130.55864,31.2959],[130.56192,31.29562],[130.56287,31.29742],[130.56821,31.29784],[130.57142,31.29697],[130.57301,31.29916],[130.5755,31.29976],[130.57833,31.30206],[130.58146,31.30267],[130.58417,31.30436],[130.57538,31.30961],[130.57053,31.31454],[130.56467,31.3225],[130.55892,31.33943],[130.55716,31.34719],[130.55435,31.35157],[130.54732,31.36972],[130.54611,31.37456],[130.54905,31.37682],[130.54808,31.37969],[130.55808,31.38545],[130.55823,31.38609],[130.55008,31.39646],[130.54935,31.39657],[130.53903,31.3908],[130.53942,31.3938],[130.53693,31.39698],[130.53312,31.39807],[130.53121,31.40208],[130.53049,31.40585],[130.52758,31.40731],[130.52554,31.41197],[130.52387,31.41844],[130.52481,31.42482],[130.52247,31.42758],[130.52114,31.43171],[130.52116,31.43457],[130.51839,31.43798],[130.51774,31.44716],[130.51868,31.44887],[130.51614,31.45103],[130.51613,31.45264],[130.51358,31.45857],[130.51584,31.46138],[130.51549,31.46416],[130.5322,31.46234],[130.53281,31.47],[130.51924,31.4715],[130.51957,31.47373],[130.51696,31.47402],[130.51743,31.47723],[130.51331,31.47782],[130.51348,31.48079],[130.5148,31.48257],[130.51807,31.48394],[130.51469,31.48602],[130.51521,31.48786],[130.51979,31.48549],[130.51967,31.48765],[130.51365,31.49078],[130.51686,31.49123],[130.51911,31.49006],[130.52075,31.49237],[130.52426,31.49053],[130.5245,31.48621],[130.5257,31.48488],[130.53144,31.48426],[130.53283,31.49361],[130.53596,31.49326],[130.53648,31.49675],[130.53335,31.49709],[130.53396,31.50121],[130.53036,31.50058],[130.52743,31.50247],[130.52019,31.5044],[130.52141,31.50927],[130.52925,31.50718],[130.53313,31.50719],[130.53853,31.52217],[130.54394,31.53346],[130.54213,31.53433],[130.53908,31.52821],[130.53582,31.52922],[130.54062,31.53514],[130.53952,31.53643],[130.5425,31.5395],[130.54594,31.53749],[130.54774,31.53996],[130.54889,31.54377],[130.54476,31.54497],[130.54755,31.54933],[130.55042,31.54888],[130.55206,31.54553],[130.5537,31.54643],[130.55884,31.54647],[130.56089,31.55628],[130.5621,31.55653],[130.56882,31.57025],[130.5704,31.5753],[130.5695,31.57926],[130.56658,31.57964],[130.56483,31.58166],[130.56652,31.58472],[130.56983,31.58452],[130.56356,31.59106],[130.56462,31.59244],[130.56281,31.59717],[130.56873,31.60149],[130.57253,31.60336],[130.57497,31.6071],[130.57455,31.6086],[130.57597,31.61536],[130.5775,31.61711],[130.58104,31.61771],[130.58434,31.61971],[130.58617,31.62215],[130.59339,31.62525],[130.6,31.62947],[130.60231,31.63198],[130.60333,31.64513],[130.60632,31.65009],[130.61135,31.65536],[130.61421,31.65639],[130.61812,31.65611],[130.61958,31.65891],[130.61603,31.66081],[130.61318,31.66547],[130.61259,31.66968],[130.61127,31.67289]]]]}},{"type":"Feature","properties":{"code":"46203","name":"鹿屋市","pref":"鹿児島県","pref_code":"46","cx":130.85874,"cy":31.42322,"bbox":[130.75918,31.22779,130.97135,31.61644]},"geometry":{"type":"Polygon","coordinates":[[[130.92597,31.55346],[130.92684,31.55747],[130.92877,31.56031],[130.92732,31.56295],[130.92384,31.56685],[130.91968,31.56763],[130.91357,31.57033],[130.91224,31.57263],[130.90613,31.58036],[130.90406,31.58092],[130.90312,31.58448],[130.89761,31.58531],[130.89823,31.58756],[130.89448,31.59497],[130.89026,31.59876],[130.88741,31.59949],[130.88414,31.60282],[130.87505,31.607],[130.87338,31.60658],[130.86849,31.60776],[130.86454,31.61045],[130.86211,31.61084],[130.86139,31.61303],[130.85485,31.61644],[130.85149,31.61566],[130.84689,31.61264],[130.8473,31.60896],[130.83556,31.60757],[130.82982,31.60605],[130.82569,31.60638],[130.82344,31.60476],[130.82538,31.60397],[130.82702,31.60117],[130.82796,31.59722],[130.8275,31.59531],[130.82487,31.59305],[130.82568,31.59102],[130.82315,31.58923],[130.82399,31.58683],[130.82019,31.58576],[130.8181,31.58418],[130.82083,31.5755],[130.81646,31.57045],[130.8191,31.56501],[130.81689,31.56384],[130.81825,31.56184],[130.81338,31.55957],[130.81218,31.55564],[130.81502,31.55054],[130.81653,31.54615],[130.81535,31.54418],[130.81117,31.54074],[130.80411,31.54006],[130.80292,31.53858],[130.8017,31.53078],[130.80575,31.53142],[130.80737,31.52844],[130.80438,31.5246],[130.80124,31.5192],[130.80129,31.5176],[130.7976,31.51415],[130.79516,31.51414],[130.79412,31.51109],[130.80396,31.50069],[130.81242,31.49929],[130.81317,31.49632],[130.81729,31.49239],[130.81644,31.4891],[130.81881,31.48584],[130.81702,31.4807],[130.81843,31.47724],[130.81393,31.47096],[130.81411,31.4688],[130.80931,31.46587],[130.80816,31.4577],[130.80649,31.45578],[130.8071,31.44967],[130.80295,31.44349],[130.79811,31.44153],[130.79524,31.4392],[130.79534,31.43388],[130.79357,31.43145],[130.79039,31.43347],[130.78315,31.43124],[130.77973,31.43301],[130.77632,31.4298],[130.7731,31.43039],[130.76563,31.42562],[130.76584,31.42448],[130.76017,31.42197],[130.75918,31.41968],[130.76026,31.41405],[130.76117,31.41176],[130.76568,31.40765],[130.76839,31.40187],[130.76799,31.39964],[130.77109,31.39301],[130.7706,31.38878],[130.77414,31.38736],[130.7766,31.38493],[130.77826,31.37955],[130.78018,31.37786],[130.78109,31.37486],[130.77912,31.37321],[130.78203,31.36762],[130.78474,31.36557],[130.78492,31.36292],[130.78987,31.36065],[130.79157,31.35775],[130.79142,31.35404],[130.79372,31.34921],[130.79186,31.34723],[130.79775,31.34371],[130.80293,31.33692],[130.80351,31.33255],[130.80198,31.32717],[130.80005,31.32663],[130.80001,31.32215],[130.79626,31.31845],[130.79462,31.31538],[130.79588,31.31357],[130.79526,31.31104],[130.79112,31.3071],[130.79036,31.30544],[130.79193,31.29986],[130.79178,31.29616],[130.79303,31.29571],[130.79809,31.29956],[130.80449,31.29954],[130.80647,31.30615],[130.80953,31.30967],[130.81191,31.31019],[130.81446,31.30876],[130.8207,31.30698],[130.82344,31.30726],[130.82644,31.309],[130.83231,31.30805],[130.83475,31.30837],[130.84042,31.30583],[130.84541,31.30071],[130.85402,31.29957],[130.85521,31.30029],[130.86255,31.29837],[130.86485,31.29534],[130.86726,31.29426],[130.86788,31.2894],[130.86313,31.282],[130.86366,31.27792],[130.85967,31.27399],[130.86209,31.27107],[130.8667,31.26979],[130.8702,31.27086],[130.8753,31.26887],[130.87716,31.26456],[130.88035,31.2599],[130.88258,31.25875],[130.88535,31.25515],[130.88775,31.2506],[130.88982,31.24914],[130.89411,31.2499],[130.89944,31.25199],[130.90285,31.24715],[130.90355,31.24252],[130.90715,31.23991],[130.91092,31.23945],[130.91454,31.23535],[130.91693,31.23067],[130.92094,31.22946],[130.92468,31.22931],[130.9262,31.22779],[130.93234,31.2311],[130.93551,31.23371],[130.93864,31.24431],[130.93763,31.24815],[130.93464,31.25189],[130.93223,31.25337],[130.93131,31.25557],[130.933,31.25882],[130.93289,31.26134],[130.92965,31.26657],[130.92804,31.27371],[130.92682,31.27488],[130.92608,31.27959],[130.92498,31.28053],[130.92792,31.28465],[130.9308,31.28686],[130.92792,31.29453],[130.92489,31.29736],[130.92462,31.30229],[130.92519,31.30518],[130.92185,31.30875],[130.91742,31.31538],[130.91647,31.32227],[130.91737,31.32595],[130.9158,31.33136],[130.91558,31.3353],[130.91671,31.3379],[130.91523,31.34185],[130.91598,31.34959],[130.91455,31.35823],[130.91143,31.36069],[130.90621,31.36144],[130.90408,31.36406],[130.90402,31.36885],[130.90131,31.37127],[130.89736,31.37335],[130.89561,31.38139],[130.8948,31.38875],[130.89558,31.39623],[130.90219,31.394],[130.90245,31.39215],[130.90766,31.39057],[130.90824,31.38463],[130.90594,31.3802],[130.90564,31.3781],[130.90775,31.3728],[130.91427,31.36739],[130.92904,31.3615],[130.92931,31.35879],[130.93571,31.35915],[130.94089,31.3608],[130.94254,31.36301],[130.94573,31.36423],[130.94952,31.36265],[130.95255,31.36235],[130.95784,31.36477],[130.96082,31.36333],[130.9643,31.36336],[130.96727,31.36487],[130.96902,31.36805],[130.96809,31.3703],[130.96536,31.37302],[130.96567,31.37475],[130.96986,31.37644],[130.97135,31.37892],[130.96561,31.38082],[130.96358,31.37939],[130.96166,31.38103],[130.96071,31.38804],[130.96244,31.39486],[130.96203,31.39652],[130.95921,31.39909],[130.95846,31.40361],[130.95992,31.40718],[130.95869,31.40936],[130.95649,31.40997],[130.95453,31.4124],[130.95266,31.42018],[130.95543,31.42484],[130.95448,31.42984],[130.95501,31.43299],[130.95368,31.43512],[130.95651,31.43785],[130.95326,31.44544],[130.94958,31.45204],[130.94793,31.45748],[130.94549,31.46213],[130.9453,31.46433],[130.94017,31.4664],[130.93249,31.46774],[130.9284,31.46749],[130.92361,31.46906],[130.92019,31.46795],[130.91618,31.4679],[130.9152,31.47135],[130.91132,31.4738],[130.90772,31.48094],[130.90367,31.48227],[130.90153,31.48656],[130.90045,31.4928],[130.90032,31.49932],[130.90253,31.50234],[130.90569,31.50187],[130.91498,31.50219],[130.91928,31.50607],[130.92204,31.50995],[130.92255,31.51211],[130.91927,31.51516],[130.92005,31.51777],[130.91743,31.52149],[130.91916,31.52289],[130.92081,31.52953],[130.92008,31.5353],[130.91683,31.5379],[130.91655,31.54365],[130.91747,31.54661],[130.91984,31.5504],[130.92457,31.55184],[130.92597,31.55346]]]}},{"type":"Feature","properties":{"code":"46204","name":"枕崎市","pref":"鹿児島県","pref_code":"46","cx":130.31305,"cy":31.2943,"bbox":[130.24424,31.24904,130.37611,31.33948]},"geometry":{"type":"Polygon","coordinates":[[[130.31162,31.33511],[130.30898,31.33538],[130.30301,31.3394],[130.30076,31.33948],[130.29644,31.33782],[130.29374,31.33516],[130.29246,31.33136],[130.28675,31.33167],[130.28287,31.32875],[130.28234,31.3266],[130.27836,31.32405],[130.27506,31.32082],[130.27408,31.31861],[130.27103,31.31711],[130.26871,31.31443],[130.26342,31.31373],[130.26031,31.31118],[130.25221,31.31209],[130.25004,31.31118],[130.24614,31.31229],[130.24424,31.30517],[130.25183,31.30314],[130.2572,31.299],[130.25894,31.29569],[130.26682,31.2929],[130.26507,31.28944],[130.25786,31.28358],[130.25856,31.28088],[130.25149,31.27706],[130.25295,31.27206],[130.25533,31.26939],[130.26177,31.26471],[130.2637,31.25997],[130.26218,31.25615],[130.2752,31.24904],[130.2783,31.24952],[130.28237,31.25431],[130.2816,31.26118],[130.28239,31.26559],[130.28416,31.26742],[130.28826,31.2664],[130.29261,31.26617],[130.293,31.26799],[130.2968,31.26762],[130.2964,31.26427],[130.29846,31.26364],[130.30395,31.26492],[130.30693,31.2667],[130.31016,31.26522],[130.31339,31.25972],[130.31606,31.25727],[130.32303,31.25519],[130.32707,31.25708],[130.32994,31.25503],[130.33302,31.25612],[130.33421,31.25472],[130.34106,31.25574],[130.3452,31.25404],[130.34721,31.25214],[130.3507,31.25093],[130.35738,31.25065],[130.36362,31.2522],[130.36702,31.25072],[130.36858,31.25188],[130.36871,31.25398],[130.36672,31.25611],[130.36764,31.26016],[130.36785,31.26989],[130.3649,31.27816],[130.36453,31.28417],[130.36296,31.28599],[130.36547,31.29005],[130.36394,31.29156],[130.36271,31.2962],[130.3633,31.29981],[130.36572,31.30247],[130.36799,31.30317],[130.37611,31.30827],[130.37152,31.31431],[130.36974,31.31954],[130.36718,31.31844],[130.36282,31.31216],[130.35768,31.31432],[130.3548,31.31308],[130.35197,31.3102],[130.34753,31.30879],[130.34216,31.31056],[130.3374,31.30934],[130.33527,31.31036],[130.33307,31.3089],[130.33012,31.30996],[130.32666,31.31677],[130.32647,31.32],[130.32196,31.3225],[130.31162,31.33511]]]}},{"type":"Feature","properties":{"code":"46206","name":"阿久根市","pref":"鹿児島県","pref_code":"46","cx":130.21804,"cy":32.02829,"bbox":[130.16467,31.92814,130.31229,32.1288]},"geometry":{"type":"MultiPolygon","coordinates":[[[[130.16467,32.02895],[130.16672,32.02212],[130.17005,32.02181],[130.17223,32.0246],[130.17023,32.02618],[130.16752,32.02555],[130.16467,32.02895]]],[[[130.23331,32.12819],[130.22677,32.1288],[130.2216,32.12763],[130.21633,32.12456],[130.21133,32.12515],[130.2077,32.12391],[130.20003,32.11984],[130.19619,32.11681],[130.19149,32.11585],[130.18978,32.11084],[130.18682,32.11132],[130.18121,32.11056],[130.17913,32.1087],[130.17924,32.10656],[130.17592,32.1059],[130.17476,32.09711],[130.17559,32.09618],[130.17502,32.09095],[130.17127,32.08805],[130.17155,32.07818],[130.17376,32.07615],[130.17976,32.07385],[130.18379,32.07087],[130.1833,32.07724],[130.18256,32.07887],[130.18554,32.08146],[130.19209,32.08298],[130.19171,32.07777],[130.19534,32.07452],[130.19678,32.07693],[130.1992,32.07703],[130.2012,32.07487],[130.2045,32.0694],[130.20754,32.06071],[130.20756,32.05826],[130.20374,32.05335],[130.20486,32.05244],[130.20542,32.04699],[130.2032,32.03828],[130.19852,32.03659],[130.19487,32.03244],[130.19099,32.02962],[130.19107,32.02692],[130.19376,32.02696],[130.19401,32.02432],[130.19173,32.01787],[130.18631,32.01521],[130.18502,32.01634],[130.17938,32.01556],[130.17902,32.0126],[130.18081,32.00784],[130.17915,32.00641],[130.17894,32.00101],[130.18237,31.99787],[130.18375,31.99418],[130.1865,31.99363],[130.18867,31.98951],[130.19563,31.98929],[130.19851,31.98599],[130.20163,31.98443],[130.19985,31.98209],[130.20018,31.97777],[130.20392,31.97686],[130.20531,31.97405],[130.20868,31.97245],[130.21279,31.96279],[130.21598,31.95281],[130.21523,31.95105],[130.21654,31.94885],[130.21583,31.94056],[130.21735,31.93551],[130.21971,31.93276],[130.22003,31.92855],[130.22669,31.92816],[130.23077,31.93181],[130.23435,31.93275],[130.23838,31.93162],[130.24168,31.93346],[130.24736,31.9317],[130.24885,31.93204],[130.2609,31.92814],[130.26312,31.9283],[130.26417,31.93399],[130.26703,31.9345],[130.26718,31.93644],[130.26525,31.94112],[130.26862,31.94557],[130.26896,31.95133],[130.26719,31.95442],[130.26739,31.95638],[130.26509,31.96186],[130.26511,31.96411],[130.26682,31.96686],[130.26905,31.96546],[130.27207,31.96577],[130.27329,31.96295],[130.27855,31.95891],[130.28039,31.95949],[130.28696,31.95161],[130.29615,31.95235],[130.30038,31.95707],[130.30166,31.96031],[130.30266,31.967],[130.30695,31.96895],[130.30896,31.9718],[130.31134,31.97318],[130.31229,31.97725],[130.30945,31.98197],[130.30708,31.98457],[130.30603,31.98776],[130.30031,31.99014],[130.29801,31.99031],[130.29471,31.99659],[130.29596,32.00004],[130.29518,32.00215],[130.29173,32.00451],[130.28901,32.00744],[130.28254,32.00992],[130.27907,32.01052],[130.27638,32.01344],[130.27245,32.01508],[130.27136,32.01863],[130.26828,32.01826],[130.26426,32.0209],[130.25755,32.02094],[130.25491,32.02336],[130.25361,32.02633],[130.24636,32.02608],[130.24395,32.03016],[130.24631,32.03218],[130.2502,32.03286],[130.24913,32.03577],[130.24569,32.03873],[130.24969,32.03963],[130.24972,32.04152],[130.24628,32.04501],[130.25144,32.04961],[130.24857,32.05229],[130.25115,32.05778],[130.24607,32.06263],[130.24108,32.06638],[130.23694,32.0655],[130.23531,32.06831],[130.23306,32.0691],[130.23275,32.07562],[130.23395,32.07723],[130.23402,32.08269],[130.23643,32.08357],[130.23316,32.08707],[130.23389,32.09148],[130.23019,32.09588],[130.22853,32.10022],[130.22553,32.10159],[130.22814,32.10383],[130.22918,32.1086],[130.23193,32.11043],[130.22994,32.11542],[130.23027,32.12341],[130.23316,32.12527],[130.23331,32.12819]]]]}},{"type":"Feature","properties":{"code":"46208","name":"出水市","pref":"鹿児島県","pref_code":"46","cx":130.37293,"cy":32.06871,"bbox":[130.22553,31.97028,130.51351,32.16779]},"geometry":{"type":"Polygon","coordinates":[[[130.31229,31.97725],[130.31439,31.97839],[130.31895,31.9775],[130.3228,31.97347],[130.32556,31.9741],[130.32667,31.97228],[130.33408,31.97028],[130.34292,31.97046],[130.34967,31.97242],[130.35265,31.97475],[130.35306,31.97831],[130.3543,31.97962],[130.35388,31.98269],[130.35784,31.98389],[130.36765,31.98084],[130.36834,31.98559],[130.3676,31.98818],[130.37322,31.9888],[130.38012,31.99088],[130.39101,31.99159],[130.39267,31.99324],[130.39667,31.99466],[130.40162,31.99458],[130.40476,31.99531],[130.40817,31.99327],[130.41136,31.9972],[130.41398,31.99799],[130.41496,32.00245],[130.41376,32.00439],[130.41516,32.00766],[130.42784,32.01106],[130.43005,32.01242],[130.43423,32.01136],[130.43951,32.01188],[130.44239,32.01068],[130.44467,32.00723],[130.44702,32.00566],[130.44907,32.00755],[130.45144,32.00748],[130.45367,32.00928],[130.457,32.00952],[130.45601,32.01356],[130.45965,32.01387],[130.46162,32.01657],[130.46104,32.02026],[130.46336,32.02419],[130.46118,32.02938],[130.46532,32.03131],[130.46947,32.03092],[130.47243,32.03197],[130.47764,32.03159],[130.4799,32.03314],[130.47925,32.03561],[130.4834,32.03645],[130.49027,32.04218],[130.48961,32.04481],[130.49481,32.04838],[130.49424,32.05077],[130.49771,32.05112],[130.4979,32.05361],[130.50046,32.05456],[130.49819,32.05805],[130.5013,32.05825],[130.50247,32.06154],[130.50556,32.065],[130.5087,32.06563],[130.51351,32.06463],[130.51311,32.06697],[130.50974,32.07103],[130.51056,32.07396],[130.5074,32.07628],[130.5081,32.07767],[130.50677,32.08519],[130.49999,32.08829],[130.49956,32.09071],[130.49625,32.09501],[130.49301,32.09654],[130.49395,32.10466],[130.4895,32.10707],[130.4867,32.11012],[130.48245,32.11121],[130.48212,32.11339],[130.48473,32.11663],[130.48137,32.11949],[130.47956,32.11918],[130.47579,32.12238],[130.47364,32.1219],[130.4735,32.11861],[130.46705,32.11566],[130.46567,32.11803],[130.46331,32.11882],[130.45721,32.11673],[130.45717,32.11445],[130.45462,32.1139],[130.44946,32.11665],[130.44304,32.11538],[130.44116,32.11398],[130.43042,32.11491],[130.42903,32.11386],[130.42488,32.11698],[130.42223,32.1178],[130.41796,32.11772],[130.41319,32.11893],[130.41142,32.11836],[130.40267,32.1202],[130.40077,32.12284],[130.40333,32.12437],[130.39868,32.1281],[130.39763,32.1298],[130.39203,32.13416],[130.39069,32.13796],[130.38751,32.14299],[130.38666,32.14739],[130.38155,32.15042],[130.38,32.15057],[130.37751,32.15468],[130.37375,32.15655],[130.37201,32.15947],[130.36751,32.1627],[130.36591,32.16251],[130.3596,32.16779],[130.35848,32.16217],[130.36301,32.15417],[130.36294,32.15154],[130.35874,32.14822],[130.35693,32.14589],[130.35436,32.14498],[130.35241,32.13589],[130.3503,32.1335],[130.34694,32.13224],[130.34586,32.13023],[130.34092,32.12897],[130.33699,32.12492],[130.31571,32.11692],[130.31379,32.1156],[130.30939,32.10817],[130.28674,32.10928],[130.28352,32.11002],[130.27154,32.11672],[130.27292,32.1187],[130.27337,32.1262],[130.2706,32.12821],[130.2665,32.12866],[130.26197,32.12752],[130.26627,32.12372],[130.26602,32.12077],[130.26363,32.11912],[130.26087,32.12293],[130.25776,32.1259],[130.25084,32.12819],[130.24819,32.12769],[130.24341,32.1288],[130.23777,32.1277],[130.23331,32.12819],[130.23316,32.12527],[130.23027,32.12341],[130.22994,32.11542],[130.23193,32.11043],[130.22918,32.1086],[130.22814,32.10383],[130.22553,32.10159],[130.22853,32.10022],[130.23019,32.09588],[130.23389,32.09148],[130.23316,32.08707],[130.23643,32.08357],[130.23402,32.08269],[130.23395,32.07723],[130.23275,32.07562],[130.23306,32.0691],[130.23531,32.06831],[130.23694,32.0655],[130.24108,32.06638],[130.24607,32.06263],[130.25115,32.05778],[130.24857,32.05229],[130.25144,32.04961],[130.24628,32.04501],[130.24972,32.04152],[130.24969,32.03963],[130.24569,32.03873],[130.24913,32.03577],[130.2502,32.03286],[130.24631,32.03218],[130.24395,32.03016],[130.24636,32.02608],[130.25361,32.02633],[130.25491,32.02336],[130.25755,32.02094],[130.26426,32.0209],[130.26828,32.01826],[130.27136,32.01863],[130.27245,32.01508],[130.27638,32.01344],[130.27907,32.01052],[130.28254,32.00992],[130.28901,32.00744],[130.29173,32.00451],[130.29518,32.00215],[130.29596,32.00004],[130.29471,31.99659],[130.29801,31.99031],[130.30031,31.99014],[130.30603,31.98776],[130.30708,31.98457],[130.30945,31.98197],[130.31229,31.97725]]]}},{"type":"Feature","properties":{"code":"46210","name":"指宿市","pref":"鹿児島県","pref_code":"46","cx":130.59172,"cy":31.23171,"bbox":[130.50752,31.15781,130.68182,31.30436]},"geometry":{"type":"MultiPolygon","coordinates":[[[[130.67746,31.28052],[130.67263,31.27808],[130.67236,31.27525],[130.67395,31.27292],[130.67736,31.27257],[130.68143,31.27568],[130.68182,31.27755],[130.67746,31.28052]]],[[[130.53897,31.29479],[130.53699,31.29109],[130.53592,31.28678],[130.53736,31.28372],[130.54057,31.2805],[130.54105,31.27582],[130.54018,31.27471],[130.54193,31.27078],[130.54392,31.2687],[130.54415,31.26553],[130.53921,31.25903],[130.54001,31.25634],[130.53791,31.25287],[130.53604,31.24546],[130.53254,31.24184],[130.53105,31.23799],[130.53298,31.23336],[130.53134,31.23006],[130.5319,31.22759],[130.53004,31.22483],[130.52614,31.22166],[130.52115,31.21888],[130.5171,31.21827],[130.5109,31.21591],[130.50857,31.21339],[130.51214,31.20744],[130.51561,31.19842],[130.50825,31.19362],[130.50968,31.18994],[130.50968,31.18277],[130.50752,31.17778],[130.50861,31.1751],[130.51812,31.16586],[130.5302,31.16343],[130.53282,31.16534],[130.53618,31.16561],[130.54011,31.1671],[130.54451,31.16984],[130.54987,31.17433],[130.55268,31.17472],[130.55376,31.17834],[130.55711,31.17799],[130.56377,31.17609],[130.57308,31.17055],[130.57877,31.16546],[130.58068,31.16522],[130.58578,31.16066],[130.58758,31.15781],[130.58957,31.15953],[130.59016,31.16192],[130.59273,31.16287],[130.59234,31.16574],[130.58959,31.16594],[130.58786,31.16872],[130.58937,31.17374],[130.59244,31.17718],[130.59593,31.17975],[130.60137,31.1823],[130.60606,31.18313],[130.61355,31.18313],[130.62355,31.18188],[130.62609,31.18096],[130.63036,31.18478],[130.63477,31.18504],[130.6366,31.18747],[130.6404,31.1904],[130.6402,31.19455],[130.6441,31.1971],[130.64443,31.20072],[130.64581,31.2025],[130.64393,31.20627],[130.63726,31.20779],[130.63459,31.20504],[130.63407,31.20043],[130.62987,31.20176],[130.62818,31.20374],[130.62844,31.20675],[130.63085,31.20823],[130.6296,31.21069],[130.63432,31.21405],[130.64096,31.21692],[130.64582,31.21608],[130.65046,31.21751],[130.65465,31.21716],[130.65781,31.2204],[130.65649,31.22422],[130.65457,31.22575],[130.65026,31.23357],[130.64937,31.23641],[130.65,31.24466],[130.653,31.24705],[130.6537,31.25019],[130.65641,31.25347],[130.65707,31.2564],[130.6623,31.26146],[130.66655,31.26684],[130.6598,31.26673],[130.65817,31.268],[130.65886,31.27104],[130.64643,31.27135],[130.64335,31.27096],[130.63538,31.27176],[130.62791,31.27349],[130.62434,31.27569],[130.62118,31.27663],[130.61485,31.28514],[130.60786,31.29127],[130.6071,31.29342],[130.60328,31.29502],[130.60267,31.29365],[130.59926,31.2925],[130.59432,31.29526],[130.59015,31.30158],[130.59084,31.30278],[130.58417,31.30436],[130.58146,31.30267],[130.57833,31.30206],[130.5755,31.29976],[130.57301,31.29916],[130.57142,31.29697],[130.56821,31.29784],[130.56287,31.29742],[130.56192,31.29562],[130.55864,31.2959],[130.54555,31.29331],[130.54191,31.29471],[130.53897,31.29479]]]]}},{"type":"Feature","properties":{"code":"46213","name":"西之表市","pref":"鹿児島県","pref_code":"46","cx":131.0245,"cy":30.71322,"bbox":[130.83649,30.58752,131.08338,30.83892]},"geometry":{"type":"MultiPolygon","coordinates":[[[[130.85762,30.76579],[130.85287,30.76299],[130.84975,30.75692],[130.84627,30.75466],[130.84232,30.74893],[130.84306,30.74648],[130.84212,30.74335],[130.83964,30.73958],[130.83814,30.73038],[130.83649,30.72772],[130.83833,30.72698],[130.84463,30.72728],[130.84978,30.72593],[130.85088,30.72655],[130.8567,30.72537],[130.85998,30.72624],[130.86441,30.73079],[130.86657,30.73605],[130.86639,30.73934],[130.86797,30.74104],[130.86454,30.74877],[130.86204,30.74892],[130.86121,30.75098],[130.86144,30.75616],[130.85967,30.75706],[130.86065,30.76235],[130.85762,30.76579]]],[[[131.03292,30.58752],[131.03385,30.58895],[131.03728,30.58988],[131.0409,30.59323],[131.04772,30.59495],[131.04956,30.5983],[131.05207,30.60037],[131.05512,30.60488],[131.05429,30.60783],[131.05215,30.60902],[131.05207,30.61338],[131.05656,30.6151],[131.05451,30.61655],[131.05304,30.61974],[131.05287,30.62912],[131.05505,30.63162],[131.05517,30.63512],[131.05875,30.64036],[131.05596,30.64567],[131.05382,30.64722],[131.04977,30.64681],[131.05081,30.65157],[131.05107,30.65656],[131.05331,30.66202],[131.05394,30.66676],[131.05617,30.67085],[131.05865,30.67295],[131.06348,30.67543],[131.06352,30.68058],[131.06187,30.68318],[131.06583,30.68641],[131.0648,30.68958],[131.06857,30.69321],[131.07306,30.69215],[131.07776,30.69556],[131.07723,30.7042],[131.07507,30.70637],[131.07417,30.71033],[131.07493,30.71324],[131.07291,30.71735],[131.07393,30.72189],[131.07287,30.72826],[131.07377,30.73388],[131.0719,30.74037],[131.07182,30.74568],[131.07271,30.75697],[131.07432,30.75834],[131.07183,30.76255],[131.07224,30.76848],[131.07429,30.77325],[131.08131,30.77739],[131.08338,30.78271],[131.08212,30.78497],[131.08258,30.78896],[131.07957,30.79488],[131.07574,30.79479],[131.07154,30.79736],[131.07082,30.80039],[131.0713,30.80461],[131.07277,30.80913],[131.07171,30.81216],[131.07007,30.81288],[131.06696,30.81133],[131.06657,30.81545],[131.06374,30.8159],[131.06417,30.82384],[131.06165,30.82522],[131.06202,30.83484],[131.05526,30.83892],[131.05421,30.83691],[131.04646,30.82967],[131.0406,30.82197],[131.03747,30.823],[131.03596,30.82647],[131.03255,30.82424],[131.03305,30.82142],[131.03179,30.81484],[131.02935,30.81282],[131.02225,30.80366],[131.01619,30.79703],[131.0131,30.79476],[131.01062,30.78887],[131.00814,30.78676],[131.0044,30.78574],[131.00291,30.78238],[131.00757,30.77641],[131.00863,30.77329],[131.00824,30.76939],[131.0088,30.76614],[131.0072,30.76392],[131.00271,30.75509],[131.00312,30.75106],[130.99937,30.74563],[130.99631,30.74288],[130.99103,30.74165],[130.98917,30.73689],[130.9943,30.73384],[130.99068,30.73278],[130.98727,30.73294],[130.98719,30.73026],[130.99191,30.73223],[130.99218,30.72946],[130.99371,30.72724],[130.99152,30.72351],[130.98781,30.72319],[130.9864,30.72477],[130.98214,30.72671],[130.97851,30.72539],[130.97669,30.72162],[130.97407,30.7132],[130.97465,30.71023],[130.97073,30.70544],[130.96832,30.70147],[130.96581,30.69878],[130.96343,30.69399],[130.96062,30.69092],[130.95827,30.69072],[130.95537,30.6843],[130.95161,30.6824],[130.94697,30.6787],[130.94463,30.6752],[130.94158,30.67251],[130.94014,30.66933],[130.94081,30.6667],[130.94485,30.66759],[130.94768,30.66543],[130.94525,30.66006],[130.9449,30.65677],[130.9424,30.65275],[130.94182,30.64803],[130.94368,30.64503],[130.94616,30.64322],[130.94689,30.63724],[130.9492,30.63565],[130.9539,30.63805],[130.95839,30.63872],[130.9625,30.63851],[130.96874,30.63915],[130.96996,30.64061],[130.97574,30.64389],[130.98024,30.64227],[130.98041,30.63878],[130.97941,30.6374],[130.97933,30.62986],[130.98192,30.62491],[130.98791,30.62256],[130.98399,30.6179],[130.9852,30.615],[130.98876,30.61341],[130.98969,30.61178],[130.99355,30.61076],[130.99647,30.60837],[131.001,30.6081],[131.00331,30.60656],[131.00753,30.60527],[131.0086,30.60286],[131.01262,30.60052],[131.01752,30.59914],[131.02135,30.59726],[131.02378,30.59358],[131.02744,30.59117],[131.02881,30.58793],[131.03292,30.58752]]]]}},{"type":"Feature","properties":{"code":"46214","name":"垂水市","pref":"鹿児島県","pref_code":"46","cx":130.75061,"cy":31.5219,"bbox":[130.69117,31.41405,130.82796,31.63193]},"geometry":{"type":"Polygon","coordinates":[[[130.69831,31.5557],[130.70154,31.55053],[130.70409,31.54832],[130.70701,31.5412],[130.7066,31.53208],[130.70248,31.52934],[130.69817,31.52992],[130.69896,31.52548],[130.69752,31.516],[130.69592,31.51348],[130.69517,31.50993],[130.69644,31.50737],[130.69801,31.50077],[130.69651,31.49456],[130.69117,31.4892],[130.69283,31.48795],[130.69141,31.485],[130.69155,31.47843],[130.69578,31.47784],[130.69686,31.46872],[130.69933,31.46173],[130.70626,31.45821],[130.71632,31.45643],[130.72944,31.452],[130.73162,31.4508],[130.73537,31.44713],[130.73698,31.44258],[130.74433,31.43739],[130.75201,31.42785],[130.75538,31.4259],[130.75739,31.42237],[130.76026,31.41405],[130.75918,31.41968],[130.76017,31.42197],[130.76584,31.42448],[130.76563,31.42562],[130.7731,31.43039],[130.77632,31.4298],[130.77973,31.43301],[130.78315,31.43124],[130.79039,31.43347],[130.79357,31.43145],[130.79534,31.43388],[130.79524,31.4392],[130.79811,31.44153],[130.80295,31.44349],[130.8071,31.44967],[130.80649,31.45578],[130.80816,31.4577],[130.80931,31.46587],[130.81411,31.4688],[130.81393,31.47096],[130.81843,31.47724],[130.81702,31.4807],[130.81881,31.48584],[130.81644,31.4891],[130.81729,31.49239],[130.81317,31.49632],[130.81242,31.49929],[130.80396,31.50069],[130.79412,31.51109],[130.79516,31.51414],[130.7976,31.51415],[130.80129,31.5176],[130.80124,31.5192],[130.80438,31.5246],[130.80737,31.52844],[130.80575,31.53142],[130.8017,31.53078],[130.80292,31.53858],[130.80411,31.54006],[130.81117,31.54074],[130.81535,31.54418],[130.81653,31.54615],[130.81502,31.55054],[130.81218,31.55564],[130.81338,31.55957],[130.81825,31.56184],[130.81689,31.56384],[130.8191,31.56501],[130.81646,31.57045],[130.82083,31.5755],[130.8181,31.58418],[130.82019,31.58576],[130.82399,31.58683],[130.82315,31.58923],[130.82568,31.59102],[130.82487,31.59305],[130.8275,31.59531],[130.82796,31.59722],[130.82702,31.60117],[130.82538,31.60397],[130.82344,31.60476],[130.82159,31.60797],[130.81343,31.60888],[130.81398,31.61132],[130.81223,31.61439],[130.80936,31.61616],[130.80901,31.61807],[130.8149,31.61834],[130.81459,31.62565],[130.81271,31.6273],[130.80889,31.62869],[130.80644,31.63059],[130.80106,31.63193],[130.8,31.62841],[130.79702,31.62367],[130.79568,31.61806],[130.79601,31.61308],[130.79167,31.60692],[130.7873,31.60427],[130.78689,31.60062],[130.78751,31.59559],[130.78689,31.59312],[130.78779,31.58928],[130.78748,31.58598],[130.78316,31.5823],[130.782,31.57919],[130.77989,31.57725],[130.77729,31.57274],[130.76823,31.56743],[130.76696,31.56356],[130.76195,31.56132],[130.75842,31.56062],[130.75218,31.55834],[130.74613,31.55911],[130.74198,31.55853],[130.73485,31.55865],[130.73282,31.55753],[130.72547,31.5573],[130.71943,31.55827],[130.71524,31.55708],[130.70935,31.55795],[130.70688,31.55728],[130.70114,31.55682],[130.69831,31.5557]]]}},{"type":"Feature","properties":{"code":"46215","name":"薩摩川内市","pref":"鹿児島県","pref_code":"46","cx":130.30572,"cy":31.84764,"bbox":[129.6581,31.62199,130.59005,31.97839]},"geometry":{"type":"MultiPolygon","coordinates":[[[[129.78506,31.79109],[129.78157,31.78999],[129.78606,31.78593],[129.78504,31.78217],[129.7864,31.77891],[129.78314,31.77806],[129.78083,31.77532],[129.78187,31.77384],[129.78849,31.77117],[129.78913,31.76877],[129.78788,31.76558],[129.78556,31.76266],[129.7858,31.76099],[129.78273,31.75786],[129.77866,31.75876],[129.77537,31.75828],[129.77439,31.75594],[129.7798,31.7543],[129.78074,31.75187],[129.77892,31.74713],[129.7758,31.74585],[129.77617,31.74145],[129.7739,31.74029],[129.7695,31.74158],[129.76598,31.74352],[129.76336,31.73758],[129.76224,31.7371],[129.75732,31.73849],[129.75621,31.73469],[129.75389,31.73619],[129.75002,31.73504],[129.74918,31.7378],[129.74207,31.73577],[129.7396,31.7323],[129.73369,31.731],[129.73122,31.72922],[129.72713,31.72901],[129.72439,31.72747],[129.7207,31.72823],[129.71284,31.72596],[129.71177,31.72433],[129.70571,31.72254],[129.70689,31.72081],[129.70546,31.71857],[129.69711,31.71601],[129.70088,31.71285],[129.70204,31.71009],[129.70182,31.70641],[129.69514,31.70542],[129.69091,31.70182],[129.69155,31.69744],[129.69282,31.69601],[129.69336,31.69247],[129.68929,31.68845],[129.68388,31.68057],[129.68512,31.67787],[129.68171,31.67106],[129.67998,31.66883],[129.67761,31.66806],[129.67893,31.66537],[129.68205,31.66458],[129.68219,31.66263],[129.67808,31.66086],[129.67078,31.66015],[129.66922,31.66218],[129.66662,31.66273],[129.66232,31.66068],[129.65877,31.65998],[129.6581,31.65848],[129.65968,31.65579],[129.66042,31.65205],[129.65986,31.64982],[129.66209,31.64799],[129.66618,31.64105],[129.66684,31.63527],[129.67287,31.63697],[129.67767,31.63292],[129.67978,31.63366],[129.68277,31.6319],[129.68466,31.62956],[129.68376,31.62502],[129.68495,31.62295],[129.68923,31.62199],[129.69083,31.62313],[129.69658,31.62279],[129.69953,31.62553],[129.69883,31.63102],[129.69707,31.63264],[129.69896,31.63547],[129.70123,31.63672],[129.70623,31.63749],[129.71053,31.63482],[129.70999,31.62909],[129.7104,31.62637],[129.71245,31.62263],[129.71448,31.62285],[129.71659,31.62802],[129.71169,31.63342],[129.71799,31.63465],[129.72036,31.64022],[129.72407,31.64243],[129.72843,31.64342],[129.72628,31.6482],[129.73048,31.65024],[129.73781,31.65478],[129.73842,31.65631],[129.73081,31.66009],[129.72681,31.66079],[129.72547,31.66443],[129.72548,31.67112],[129.72845,31.67601],[129.73518,31.68064],[129.73815,31.68685],[129.74365,31.68716],[129.74299,31.68949],[129.74463,31.69455],[129.74412,31.69654],[129.73918,31.69801],[129.73946,31.70234],[129.73803,31.70341],[129.7395,31.70596],[129.74185,31.70662],[129.7427,31.70913],[129.74761,31.71515],[129.7482,31.71729],[129.75389,31.71805],[129.75674,31.717],[129.75803,31.71022],[129.76865,31.7128],[129.77132,31.71555],[129.77392,31.72318],[129.77362,31.7252],[129.77694,31.73019],[129.77601,31.73282],[129.77992,31.73609],[129.7779,31.74133],[129.77804,31.74364],[129.78195,31.74731],[129.78534,31.748],[129.78937,31.75096],[129.78925,31.75774],[129.79329,31.7616],[129.80035,31.76165],[129.80185,31.76407],[129.79961,31.76663],[129.79647,31.76762],[129.79598,31.76972],[129.7971,31.77263],[129.79595,31.77517],[129.79317,31.77682],[129.79668,31.78237],[129.79937,31.78207],[129.80273,31.78344],[129.802,31.78539],[129.79676,31.78438],[129.79204,31.78412],[129.78822,31.7864],[129.7886,31.78899],[129.78506,31.79109]]],[[[129.83959,31.81909],[129.83319,31.81672],[129.82753,31.81597],[129.82054,31.81265],[129.82069,31.80719],[129.81864,31.80164],[129.81356,31.79754],[129.81548,31.79295],[129.81615,31.78921],[129.81513,31.78497],[129.81803,31.78421],[129.81609,31.78038],[129.81698,31.77927],[129.82129,31.77937],[129.82293,31.77523],[129.82762,31.7745],[129.82966,31.7755],[129.83022,31.78107],[129.83266,31.78323],[129.82611,31.78537],[129.82453,31.78807],[129.82515,31.78996],[129.82827,31.79065],[129.83233,31.79413],[129.83314,31.79617],[129.83563,31.79753],[129.84188,31.79662],[129.84487,31.79851],[129.84376,31.80069],[129.83608,31.80542],[129.8376,31.80858],[129.83985,31.80898],[129.84292,31.8129],[129.84293,31.81467],[129.84014,31.817],[129.83959,31.81909]]],[[[129.84446,31.82994],[129.84198,31.82711],[129.83938,31.82723],[129.83565,31.82587],[129.84102,31.82194],[129.84523,31.82887],[129.84446,31.82994]]],[[[129.85206,31.88302],[129.84045,31.8815],[129.83797,31.88254],[129.83489,31.88161],[129.83224,31.87503],[129.82783,31.86799],[129.82324,31.86351],[129.82041,31.86329],[129.81714,31.86166],[129.81984,31.85248],[129.81839,31.8511],[129.82157,31.84831],[129.82143,31.84295],[129.82416,31.84223],[129.82678,31.84376],[129.83169,31.83858],[129.8352,31.8375],[129.83506,31.84315],[129.83347,31.84621],[129.83401,31.85366],[129.8383,31.85686],[129.83754,31.86071],[129.83955,31.86371],[129.84193,31.86963],[129.84295,31.86582],[129.84472,31.86286],[129.84245,31.8599],[129.84307,31.85723],[129.84667,31.85714],[129.84678,31.85542],[129.84979,31.85468],[129.85722,31.8563],[129.8632,31.85929],[129.8616,31.85544],[129.85275,31.85203],[129.8439,31.8517],[129.84323,31.84916],[129.84571,31.84544],[129.84881,31.84266],[129.84892,31.83728],[129.84772,31.83268],[129.85187,31.83307],[129.85736,31.83728],[129.86238,31.83583],[129.86378,31.83332],[129.86213,31.83141],[129.86061,31.82607],[129.85712,31.82398],[129.85715,31.82229],[129.86285,31.81954],[129.86492,31.81941],[129.86966,31.82234],[129.87352,31.82032],[129.87361,31.81663],[129.87119,31.81282],[129.87399,31.80938],[129.87206,31.80479],[129.87365,31.80332],[129.87786,31.80739],[129.88098,31.80803],[129.88337,31.81072],[129.88998,31.81123],[129.89554,31.81338],[129.89915,31.81375],[129.90169,31.81641],[129.90354,31.82012],[129.9023,31.82334],[129.90551,31.82489],[129.90767,31.82208],[129.91066,31.82084],[129.91259,31.82226],[129.91636,31.82118],[129.919,31.81691],[129.92505,31.81952],[129.92999,31.82437],[129.93061,31.82655],[129.92963,31.83116],[129.93129,31.83654],[129.92924,31.83863],[129.92066,31.83939],[129.92127,31.84173],[129.91954,31.84345],[129.92009,31.84627],[129.92237,31.84764],[129.93112,31.85044],[129.92941,31.85182],[129.92969,31.85417],[129.928,31.85617],[129.92963,31.85906],[129.92382,31.86156],[129.92403,31.86499],[129.92588,31.86666],[129.93078,31.86514],[129.93176,31.86666],[129.93567,31.86823],[129.93825,31.86781],[129.93835,31.87053],[129.93133,31.8676],[129.9286,31.86702],[129.92794,31.86904],[129.92092,31.8673],[129.91543,31.86721],[129.90803,31.87018],[129.905,31.86831],[129.90474,31.86659],[129.90984,31.86534],[129.9109,31.86235],[129.90796,31.85981],[129.90928,31.85594],[129.9123,31.85404],[129.91433,31.85404],[129.91701,31.85205],[129.91849,31.84948],[129.91725,31.84714],[129.91072,31.84295],[129.9058,31.84411],[129.89844,31.84728],[129.89655,31.8523],[129.89235,31.85464],[129.88631,31.85464],[129.88154,31.85732],[129.87362,31.86804],[129.8628,31.8773],[129.85206,31.88302]]],[[[130.47382,31.73014],[130.47294,31.7341],[130.47809,31.73806],[130.48086,31.73944],[130.48073,31.74248],[130.48235,31.747],[130.48991,31.75053],[130.49681,31.75783],[130.5019,31.75892],[130.50316,31.76068],[130.50244,31.76316],[130.50437,31.76853],[130.5061,31.77035],[130.50232,31.77395],[130.50446,31.77677],[130.50246,31.77989],[130.5019,31.78302],[130.50341,31.78511],[130.50125,31.78784],[130.50146,31.79128],[130.5073,31.79364],[130.5125,31.79696],[130.51489,31.79663],[130.5184,31.79995],[130.51763,31.80204],[130.51856,31.80483],[130.51493,31.80893],[130.5185,31.80946],[130.52122,31.81236],[130.52042,31.81585],[130.52204,31.81898],[130.52036,31.82443],[130.52268,31.82694],[130.52459,31.83134],[130.52732,31.82978],[130.53516,31.8346],[130.5333,31.83807],[130.53686,31.8429],[130.54031,31.84528],[130.54312,31.84473],[130.54327,31.84727],[130.54931,31.85273],[130.55345,31.85454],[130.55451,31.85635],[130.55728,31.85602],[130.56141,31.85916],[130.56295,31.85728],[130.56676,31.85638],[130.57472,31.85837],[130.57999,31.86432],[130.58292,31.87247],[130.58832,31.87526],[130.59005,31.87851],[130.58946,31.87989],[130.58393,31.88023],[130.57928,31.88289],[130.57688,31.88336],[130.5728,31.8911],[130.56891,31.89396],[130.56052,31.8942],[130.55793,31.895],[130.5529,31.89365],[130.54952,31.89397],[130.54707,31.89572],[130.53901,31.89353],[130.53372,31.89402],[130.52926,31.89586],[130.52635,31.89573],[130.52227,31.89741],[130.51839,31.89789],[130.51842,31.90183],[130.51029,31.90219],[130.50936,31.90352],[130.50558,31.90241],[130.507,31.899],[130.50707,31.89508],[130.50814,31.89272],[130.50744,31.8903],[130.50383,31.8906],[130.49772,31.88778],[130.49508,31.88786],[130.48819,31.89068],[130.48706,31.89486],[130.48589,31.89545],[130.48235,31.89299],[130.4755,31.89236],[130.47449,31.88481],[130.47534,31.88234],[130.47235,31.88031],[130.47239,31.87711],[130.46979,31.87133],[130.46581,31.86774],[130.46538,31.86323],[130.46884,31.85909],[130.46854,31.85623],[130.46093,31.85393],[130.4638,31.84973],[130.46326,31.84676],[130.46541,31.8458],[130.46647,31.84302],[130.46481,31.8421],[130.46552,31.83552],[130.46507,31.82754],[130.46324,31.82367],[130.46123,31.82264],[130.45821,31.81905],[130.45646,31.81973],[130.45646,31.82296],[130.45527,31.82454],[130.45402,31.83089],[130.45215,31.8357],[130.44904,31.83865],[130.44602,31.83999],[130.44032,31.84008],[130.43959,31.84087],[130.42941,31.84443],[130.42539,31.84375],[130.41898,31.84488],[130.41518,31.84385],[130.41477,31.84801],[130.41328,31.85076],[130.40998,31.85055],[130.40346,31.8568],[130.40322,31.85867],[130.40005,31.86094],[130.40154,31.86333],[130.4025,31.8682],[130.40013,31.87777],[130.40394,31.88353],[130.40245,31.88699],[130.40187,31.89161],[130.40324,31.89482],[130.40213,31.89864],[130.40289,31.89965],[130.40163,31.90369],[130.39834,31.90856],[130.39557,31.90864],[130.39066,31.91542],[130.38657,31.91727],[130.38582,31.91882],[130.37903,31.92285],[130.37792,31.92625],[130.37266,31.92697],[130.36963,31.92835],[130.36053,31.92941],[130.35709,31.93177],[130.34793,31.93541],[130.342,31.94657],[130.34632,31.94794],[130.34633,31.95206],[130.34174,31.95814],[130.33791,31.95919],[130.33802,31.96113],[130.34025,31.96253],[130.34484,31.96362],[130.34479,31.96719],[130.34292,31.97046],[130.33408,31.97028],[130.32667,31.97228],[130.32556,31.9741],[130.3228,31.97347],[130.31895,31.9775],[130.31439,31.97839],[130.31229,31.97725],[130.31134,31.97318],[130.30896,31.9718],[130.30695,31.96895],[130.30266,31.967],[130.30166,31.96031],[130.30038,31.95707],[130.29615,31.95235],[130.28696,31.95161],[130.28039,31.95949],[130.27855,31.95891],[130.27329,31.96295],[130.27207,31.96577],[130.26905,31.96546],[130.26682,31.96686],[130.26511,31.96411],[130.26509,31.96186],[130.26739,31.95638],[130.26719,31.95442],[130.26896,31.95133],[130.26862,31.94557],[130.26525,31.94112],[130.26718,31.93644],[130.26703,31.9345],[130.26417,31.93399],[130.26312,31.9283],[130.2609,31.92814],[130.24885,31.93204],[130.24736,31.9317],[130.24168,31.93346],[130.23838,31.93162],[130.23435,31.93275],[130.23077,31.93181],[130.22669,31.92816],[130.22003,31.92855],[130.22056,31.92615],[130.21986,31.92203],[130.2203,31.91864],[130.21934,31.91703],[130.22424,31.91072],[130.22319,31.90305],[130.22125,31.89563],[130.21693,31.89448],[130.21618,31.89313],[130.21739,31.88766],[130.21265,31.87659],[130.20954,31.87154],[130.20678,31.86933],[130.20304,31.86881],[130.20185,31.8649],[130.19858,31.86386],[130.19689,31.85907],[130.19273,31.86033],[130.19201,31.85864],[130.196,31.85742],[130.19609,31.85495],[130.1988,31.85357],[130.19526,31.8439],[130.19213,31.84212],[130.19052,31.83854],[130.18755,31.83643],[130.18455,31.82647],[130.1801,31.81822],[130.17696,31.81861],[130.1732,31.8149],[130.17492,31.81375],[130.17315,31.81122],[130.17439,31.80801],[130.17319,31.80097],[130.17099,31.80006],[130.16967,31.7969],[130.16668,31.79491],[130.16711,31.79174],[130.17042,31.78843],[130.172,31.78479],[130.1763,31.78116],[130.17919,31.78068],[130.1802,31.77882],[130.18433,31.78045],[130.18819,31.78049],[130.19113,31.78216],[130.1923,31.78416],[130.19175,31.78651],[130.19552,31.78973],[130.20118,31.79078],[130.2054,31.79066],[130.20766,31.78892],[130.21459,31.7857],[130.21923,31.7866],[130.22135,31.78788],[130.22758,31.78533],[130.232,31.78615],[130.23452,31.78786],[130.23837,31.78451],[130.23994,31.7774],[130.24465,31.77619],[130.24722,31.77747],[130.25118,31.77705],[130.25994,31.76716],[130.26485,31.76511],[130.26827,31.76516],[130.27314,31.76077],[130.2794,31.7596],[130.28273,31.7584],[130.28388,31.75537],[130.29136,31.7576],[130.29455,31.75738],[130.29742,31.76096],[130.30157,31.76158],[130.30369,31.76334],[130.31206,31.76365],[130.31708,31.75611],[130.31811,31.75146],[130.32404,31.74861],[130.32609,31.74947],[130.33441,31.74961],[130.33952,31.75229],[130.34146,31.75245],[130.34826,31.75518],[130.35098,31.75786],[130.35571,31.75734],[130.3589,31.75559],[130.35837,31.75181],[130.35963,31.74852],[130.36315,31.74238],[130.36789,31.7431],[130.37378,31.74201],[130.37761,31.74019],[130.37868,31.7381],[130.37832,31.73452],[130.37945,31.7334],[130.37803,31.73066],[130.38171,31.73191],[130.39178,31.73391],[130.39606,31.73392],[130.40233,31.73169],[130.40533,31.72846],[130.4071,31.7313],[130.41131,31.73202],[130.41446,31.72688],[130.41502,31.7245],[130.41328,31.72048],[130.41326,31.71699],[130.41503,31.71816],[130.42061,31.71893],[130.42501,31.72578],[130.42694,31.72637],[130.42824,31.72883],[130.43119,31.73021],[130.43287,31.73238],[130.43705,31.73298],[130.44513,31.73203],[130.44828,31.7344],[130.45483,31.73645],[130.46231,31.73457],[130.46944,31.72926],[130.47382,31.73014]]]]}},{"type":"Feature","properties":{"code":"46216","name":"日置市","pref":"鹿児島県","pref_code":"46","cx":130.37936,"cy":31.60382,"bbox":[130.31299,31.47506,130.47096,31.73392]},"geometry":{"type":"Polygon","coordinates":[[[130.41326,31.71699],[130.41328,31.72048],[130.41502,31.7245],[130.41446,31.72688],[130.41131,31.73202],[130.4071,31.7313],[130.40533,31.72846],[130.40233,31.73169],[130.39606,31.73392],[130.39178,31.73391],[130.38171,31.73191],[130.37803,31.73066],[130.37854,31.72422],[130.37697,31.7227],[130.37878,31.71347],[130.37822,31.71],[130.37584,31.7074],[130.37161,31.70543],[130.36372,31.70333],[130.36206,31.70172],[130.35816,31.70293],[130.35055,31.70097],[130.34942,31.69917],[130.33476,31.69684],[130.32999,31.69711],[130.32804,31.69195],[130.32845,31.68928],[130.33115,31.68686],[130.329,31.68274],[130.32514,31.67976],[130.32277,31.67894],[130.32348,31.67598],[130.3228,31.66923],[130.32417,31.66842],[130.31659,31.66069],[130.31561,31.65859],[130.31761,31.65442],[130.32037,31.65124],[130.3216,31.64558],[130.32402,31.64393],[130.32917,31.62903],[130.3321,31.6153],[130.33432,31.59947],[130.33486,31.57958],[130.3337,31.56279],[130.33231,31.5529],[130.33032,31.54166],[130.32647,31.52569],[130.31961,31.50486],[130.31299,31.49082],[130.31927,31.48939],[130.3221,31.48577],[130.32807,31.48633],[130.33785,31.48624],[130.3414,31.48478],[130.34337,31.48592],[130.34628,31.4841],[130.3518,31.47789],[130.35732,31.47589],[130.36079,31.47976],[130.36734,31.47867],[130.373,31.47853],[130.37805,31.47566],[130.3829,31.47717],[130.38642,31.47506],[130.39597,31.47666],[130.4002,31.47833],[130.40566,31.48243],[130.40765,31.4825],[130.41101,31.48676],[130.41894,31.48934],[130.42105,31.4888],[130.42404,31.49058],[130.42954,31.49106],[130.43289,31.49065],[130.43489,31.4926],[130.43281,31.4965],[130.44024,31.50229],[130.44838,31.50981],[130.44635,31.51218],[130.4468,31.51486],[130.44933,31.51707],[130.44685,31.51966],[130.44632,31.52332],[130.44834,31.52636],[130.44688,31.53009],[130.43874,31.53679],[130.4349,31.53891],[130.42838,31.53899],[130.42721,31.54237],[130.42502,31.54226],[130.42414,31.54655],[130.42149,31.54659],[130.41898,31.54806],[130.42025,31.55159],[130.42006,31.55497],[130.41801,31.55822],[130.41545,31.55984],[130.41249,31.55875],[130.41261,31.56294],[130.41137,31.56469],[130.40367,31.56461],[130.40243,31.56695],[130.39892,31.56787],[130.39545,31.57175],[130.39249,31.57346],[130.39041,31.57592],[130.38989,31.58035],[130.38786,31.58229],[130.39116,31.58682],[130.39641,31.59016],[130.39707,31.59196],[130.40082,31.59485],[130.40178,31.59696],[130.40691,31.59641],[130.41407,31.59437],[130.41498,31.59977],[130.41775,31.59994],[130.42489,31.60238],[130.42514,31.60526],[130.42824,31.60533],[130.42766,31.61004],[130.4214,31.61706],[130.42265,31.62158],[130.42429,31.623],[130.4285,31.62362],[130.43198,31.62515],[130.4366,31.62597],[130.43754,31.63073],[130.44195,31.62978],[130.44423,31.63044],[130.45264,31.62911],[130.45981,31.6307],[130.46448,31.62938],[130.46749,31.62723],[130.46894,31.63232],[130.47096,31.63619],[130.4657,31.63958],[130.46429,31.64554],[130.46034,31.6507],[130.45854,31.65477],[130.45553,31.6544],[130.45149,31.65511],[130.4479,31.65721],[130.44228,31.6552],[130.44192,31.65783],[130.43995,31.66015],[130.43952,31.66382],[130.44235,31.67014],[130.44277,31.67348],[130.44179,31.67487],[130.44204,31.68112],[130.43717,31.68079],[130.43722,31.68568],[130.43572,31.6911],[130.43622,31.69358],[130.43495,31.69686],[130.42782,31.6996],[130.42601,31.69864],[130.42291,31.70013],[130.41939,31.70379],[130.42009,31.71057],[130.41395,31.71252],[130.41326,31.71699]]]}},{"type":"Feature","properties":{"code":"46217","name":"曽於市","pref":"鹿児島県","pref_code":"46","cx":130.96856,"cy":31.66821,"bbox":[130.85485,31.52944,131.16992,31.80687]},"geometry":{"type":"Polygon","coordinates":[[[130.92597,31.55346],[130.92597,31.55109],[130.93115,31.54906],[130.93344,31.54535],[130.9387,31.54016],[130.94297,31.54098],[130.94614,31.53929],[130.94965,31.53526],[130.95228,31.53469],[130.95791,31.53885],[130.96275,31.54017],[130.96383,31.53837],[130.96317,31.53366],[130.96064,31.53071],[130.96315,31.53007],[130.96584,31.53285],[130.96848,31.53408],[130.96771,31.53936],[130.9716,31.54031],[130.97428,31.53959],[130.97549,31.53836],[130.9803,31.53884],[130.98296,31.54096],[130.985,31.54115],[130.98749,31.53852],[130.99242,31.53734],[130.99575,31.53538],[130.99912,31.53624],[131.002,31.52944],[131.00716,31.53092],[131.01053,31.53052],[131.01117,31.53304],[131.01761,31.53486],[131.01968,31.53672],[131.02384,31.53871],[131.02642,31.54286],[131.02344,31.54514],[131.01967,31.54528],[131.01864,31.54836],[131.01947,31.55092],[131.01891,31.55381],[131.02073,31.55584],[131.02405,31.55635],[131.02781,31.55539],[131.0298,31.55826],[131.03198,31.55902],[131.03207,31.56129],[131.03921,31.56494],[131.0392,31.57236],[131.03528,31.57329],[131.03354,31.57842],[131.03056,31.57901],[131.0295,31.58317],[131.02493,31.58423],[131.02197,31.58673],[131.02072,31.58988],[131.01824,31.59021],[131.01464,31.59265],[131.01566,31.59549],[131.02118,31.59587],[131.02385,31.59879],[131.0257,31.60472],[131.02987,31.60884],[131.03667,31.61113],[131.03653,31.60819],[131.039,31.60688],[131.04017,31.60432],[131.04905,31.60207],[131.05208,31.60493],[131.05573,31.5998],[131.06067,31.60082],[131.06285,31.60055],[131.07084,31.59738],[131.07888,31.59665],[131.08271,31.59348],[131.08958,31.59482],[131.09458,31.59352],[131.1001,31.59459],[131.10164,31.59305],[131.10697,31.5933],[131.1086,31.59034],[131.11196,31.59128],[131.11539,31.59508],[131.11867,31.59667],[131.1221,31.59657],[131.12267,31.60455],[131.12443,31.60636],[131.13399,31.6063],[131.13882,31.60499],[131.14338,31.60827],[131.14986,31.61124],[131.15163,31.6102],[131.15599,31.61235],[131.15532,31.61536],[131.15685,31.61922],[131.16577,31.62307],[131.16726,31.62465],[131.16859,31.63217],[131.16992,31.6335],[131.16854,31.63731],[131.16442,31.63945],[131.16306,31.6365],[131.15889,31.63714],[131.15689,31.63648],[131.15571,31.63413],[131.15112,31.63327],[131.15016,31.62999],[131.14807,31.63066],[131.14225,31.63029],[131.13885,31.62769],[131.13524,31.62775],[131.12781,31.62648],[131.12505,31.62937],[131.1223,31.63049],[131.11785,31.62933],[131.11499,31.63071],[131.11311,31.63318],[131.11344,31.63508],[131.10805,31.63763],[131.10594,31.64065],[131.10346,31.64158],[131.10105,31.64471],[131.09561,31.64636],[131.09273,31.64867],[131.08939,31.65364],[131.08642,31.65559],[131.08325,31.65613],[131.07927,31.66021],[131.07562,31.65976],[131.07255,31.65812],[131.069,31.64987],[131.06518,31.6474],[131.06028,31.64056],[131.05799,31.63814],[131.05737,31.63419],[131.05426,31.63349],[131.05205,31.63732],[131.05217,31.64022],[131.0488,31.64045],[131.04753,31.64207],[131.04824,31.64569],[131.04607,31.65246],[131.03684,31.66181],[131.03087,31.6629],[131.0256,31.6669],[131.02762,31.66853],[131.02607,31.67104],[131.02629,31.67344],[131.02424,31.6741],[131.02558,31.67729],[131.02657,31.68241],[131.02376,31.68524],[131.02553,31.68846],[131.02367,31.69177],[131.02861,31.69748],[131.02073,31.70294],[131.01848,31.70522],[131.01652,31.7099],[131.01423,31.7101],[131.01306,31.71313],[131.01609,31.71718],[131.01764,31.72443],[131.01649,31.73391],[131.01707,31.7372],[131.01597,31.7416],[131.01784,31.74523],[131.0152,31.7488],[131.00899,31.74732],[131.00675,31.74923],[131.00225,31.74835],[130.99788,31.74592],[130.99454,31.74741],[130.99072,31.75116],[130.9869,31.74972],[130.98401,31.75163],[130.97852,31.75157],[130.9781,31.75886],[130.97919,31.76172],[130.98244,31.76322],[130.98278,31.76739],[130.98844,31.76546],[130.99169,31.77118],[130.99063,31.77677],[130.98698,31.78015],[130.98025,31.77854],[130.97675,31.78239],[130.9714,31.78459],[130.96669,31.78156],[130.9611,31.78163],[130.95743,31.78299],[130.94952,31.78431],[130.94171,31.78511],[130.93834,31.78445],[130.93631,31.78573],[130.9315,31.78556],[130.92954,31.78636],[130.92528,31.79123],[130.92576,31.79427],[130.92119,31.79967],[130.91832,31.79931],[130.91722,31.80123],[130.91793,31.80348],[130.91507,31.80489],[130.90939,31.80072],[130.90095,31.80105],[130.898,31.80361],[130.89498,31.8039],[130.89051,31.80648],[130.88714,31.80687],[130.88454,31.80543],[130.88129,31.80276],[130.88012,31.79883],[130.88204,31.79614],[130.87658,31.79055],[130.87527,31.78669],[130.87884,31.78449],[130.87959,31.77614],[130.87865,31.77278],[130.87468,31.76891],[130.8784,31.767],[130.88753,31.76492],[130.88763,31.76048],[130.88949,31.75849],[130.89582,31.75567],[130.8996,31.75281],[130.89838,31.75046],[130.89602,31.75024],[130.89257,31.74691],[130.89002,31.74271],[130.89019,31.73934],[130.88739,31.73554],[130.89472,31.73095],[130.89876,31.73051],[130.90014,31.72606],[130.89887,31.72355],[130.89885,31.71814],[130.89769,31.71434],[130.89863,31.70974],[130.90007,31.70683],[130.89851,31.69884],[130.9041,31.69317],[130.90507,31.68745],[130.90351,31.6784],[130.9052,31.6769],[130.90438,31.67419],[130.90586,31.67135],[130.91032,31.66788],[130.91055,31.66321],[130.90709,31.66135],[130.90239,31.66023],[130.89994,31.66128],[130.88203,31.66421],[130.87765,31.66587],[130.86884,31.66559],[130.86575,31.65314],[130.86798,31.65131],[130.86771,31.64909],[130.87294,31.6461],[130.87713,31.64702],[130.87783,31.64105],[130.88078,31.64051],[130.8829,31.63838],[130.88341,31.63145],[130.882,31.62874],[130.88332,31.62216],[130.8809,31.62104],[130.87712,31.62231],[130.87124,31.62323],[130.86968,31.62413],[130.86716,31.6212],[130.86375,31.62122],[130.86147,31.62428],[130.85485,31.61644],[130.86139,31.61303],[130.86211,31.61084],[130.86454,31.61045],[130.86849,31.60776],[130.87338,31.60658],[130.87505,31.607],[130.88414,31.60282],[130.88741,31.59949],[130.89026,31.59876],[130.89448,31.59497],[130.89823,31.58756],[130.89761,31.58531],[130.90312,31.58448],[130.90406,31.58092],[130.90613,31.58036],[130.91224,31.57263],[130.91357,31.57033],[130.91968,31.56763],[130.92384,31.56685],[130.92732,31.56295],[130.92877,31.56031],[130.92684,31.55747],[130.92597,31.55346]]]}},{"type":"Feature","properties":{"code":"46218","name":"霧島市","pref":"鹿児島県","pref_code":"46","cx":130.78994,"cy":31.77396,"bbox":[130.58946,31.60476,130.91404,31.94273]},"geometry":{"type":"MultiPolygon","coordinates":[[[[130.72135,31.71199],[130.71951,31.71147],[130.71872,31.70853],[130.72339,31.71049],[130.72135,31.71199]]],[[[130.85485,31.61644],[130.86147,31.62428],[130.86375,31.62122],[130.86716,31.6212],[130.86968,31.62413],[130.87124,31.62323],[130.87712,31.62231],[130.8809,31.62104],[130.88332,31.62216],[130.882,31.62874],[130.88341,31.63145],[130.8829,31.63838],[130.88078,31.64051],[130.87783,31.64105],[130.87713,31.64702],[130.87294,31.6461],[130.86771,31.64909],[130.86798,31.65131],[130.86575,31.65314],[130.86884,31.66559],[130.87765,31.66587],[130.88203,31.66421],[130.89994,31.66128],[130.90239,31.66023],[130.90709,31.66135],[130.91055,31.66321],[130.91032,31.66788],[130.90586,31.67135],[130.90438,31.67419],[130.9052,31.6769],[130.90351,31.6784],[130.90507,31.68745],[130.9041,31.69317],[130.89851,31.69884],[130.90007,31.70683],[130.89863,31.70974],[130.89769,31.71434],[130.89885,31.71814],[130.89887,31.72355],[130.90014,31.72606],[130.89876,31.73051],[130.89472,31.73095],[130.88739,31.73554],[130.89019,31.73934],[130.89002,31.74271],[130.89257,31.74691],[130.89602,31.75024],[130.89838,31.75046],[130.8996,31.75281],[130.89582,31.75567],[130.88949,31.75849],[130.88763,31.76048],[130.88753,31.76492],[130.8784,31.767],[130.87468,31.76891],[130.87865,31.77278],[130.87959,31.77614],[130.87884,31.78449],[130.87527,31.78669],[130.87658,31.79055],[130.88204,31.79614],[130.88012,31.79883],[130.88129,31.80276],[130.88454,31.80543],[130.88278,31.80705],[130.8802,31.8149],[130.8769,31.81573],[130.87664,31.82134],[130.87826,31.82885],[130.88182,31.82969],[130.88174,31.83351],[130.8788,31.8368],[130.87905,31.8394],[130.87503,31.84266],[130.87622,31.84419],[130.88441,31.84551],[130.88819,31.84834],[130.88922,31.85173],[130.88782,31.85314],[130.8886,31.85599],[130.88775,31.86086],[130.89017,31.86488],[130.89349,31.87209],[130.89321,31.874],[130.89457,31.87797],[130.89939,31.88105],[130.90245,31.88445],[130.90678,31.88533],[130.91174,31.88343],[130.91404,31.8854],[130.91117,31.88763],[130.90451,31.88701],[130.90083,31.88575],[130.89774,31.88853],[130.89355,31.89681],[130.89288,31.89992],[130.89064,31.90357],[130.888,31.90574],[130.88633,31.9095],[130.88641,31.91313],[130.88288,31.91504],[130.88228,31.92122],[130.8782,31.92218],[130.87268,31.92803],[130.8697,31.9279],[130.86952,31.92982],[130.86563,31.93395],[130.86235,31.93375],[130.85848,31.93532],[130.85749,31.93807],[130.84683,31.94024],[130.84462,31.93989],[130.84051,31.94273],[130.83717,31.94172],[130.83344,31.9424],[130.83199,31.94153],[130.81645,31.94124],[130.8151,31.93978],[130.80959,31.93715],[130.80367,31.93685],[130.80309,31.93584],[130.7913,31.93046],[130.7857,31.93043],[130.78163,31.9296],[130.77888,31.92613],[130.77702,31.92569],[130.76773,31.91825],[130.76352,31.91747],[130.75814,31.91445],[130.75679,31.91524],[130.7524,31.91131],[130.74923,31.9114],[130.74331,31.90987],[130.73861,31.91132],[130.7363,31.911],[130.73385,31.90773],[130.73071,31.90805],[130.73109,31.90567],[130.72917,31.90384],[130.7255,31.90443],[130.72577,31.90761],[130.72399,31.91023],[130.7186,31.90854],[130.71449,31.91357],[130.70992,31.91546],[130.70457,31.91478],[130.70131,31.91602],[130.69915,31.91821],[130.69824,31.92078],[130.69595,31.92048],[130.69157,31.92288],[130.68432,31.92468],[130.68309,31.92411],[130.67611,31.92742],[130.67244,31.92526],[130.67034,31.92253],[130.6612,31.9196],[130.66092,31.92212],[130.65746,31.92324],[130.64969,31.92094],[130.64543,31.92024],[130.63904,31.92408],[130.63725,31.92595],[130.63332,31.92135],[130.62945,31.92022],[130.62685,31.92192],[130.62221,31.92149],[130.62008,31.91995],[130.61858,31.91618],[130.61916,31.91341],[130.61706,31.91062],[130.61349,31.90341],[130.60779,31.89991],[130.61822,31.89137],[130.61949,31.88975],[130.61586,31.88802],[130.61032,31.88726],[130.60692,31.88828],[130.60238,31.88773],[130.59633,31.88307],[130.59389,31.8798],[130.58946,31.87989],[130.59177,31.8775],[130.59811,31.87849],[130.60418,31.87854],[130.60679,31.87748],[130.60754,31.87421],[130.61397,31.86663],[130.61962,31.86687],[130.62192,31.86497],[130.62567,31.86617],[130.62683,31.86442],[130.6268,31.86048],[130.63083,31.85699],[130.63317,31.85379],[130.63289,31.84859],[130.63549,31.84509],[130.63418,31.84272],[130.63636,31.83988],[130.63679,31.8368],[130.636,31.83393],[130.63643,31.8288],[130.63778,31.82396],[130.64023,31.82236],[130.64147,31.81917],[130.64644,31.81808],[130.65091,31.81156],[130.65116,31.80847],[130.65473,31.80661],[130.65679,31.80244],[130.66226,31.80299],[130.666,31.80054],[130.67675,31.79907],[130.68052,31.79978],[130.68357,31.79867],[130.68314,31.79412],[130.68482,31.79315],[130.68851,31.79451],[130.69635,31.79259],[130.69766,31.79067],[130.69623,31.78756],[130.69362,31.78462],[130.69321,31.78251],[130.69515,31.7795],[130.69227,31.77808],[130.69126,31.77426],[130.69339,31.77366],[130.69343,31.7714],[130.70105,31.7743],[130.69937,31.7704],[130.69589,31.76835],[130.69416,31.76438],[130.69598,31.75928],[130.69901,31.7598],[130.70146,31.76282],[130.70643,31.76329],[130.70937,31.76129],[130.71335,31.76003],[130.71577,31.76173],[130.7198,31.76098],[130.72103,31.75903],[130.71525,31.75419],[130.71485,31.75151],[130.71279,31.74903],[130.71038,31.75035],[130.71218,31.75228],[130.71112,31.75487],[130.70874,31.75597],[130.70422,31.75188],[130.70006,31.74936],[130.69706,31.74919],[130.6957,31.75073],[130.69271,31.75094],[130.68971,31.75449],[130.68617,31.7517],[130.68569,31.74822],[130.68244,31.745],[130.68086,31.74074],[130.68145,31.73934],[130.67858,31.7357],[130.67845,31.73398],[130.67565,31.73266],[130.67221,31.72803],[130.67473,31.72845],[130.67875,31.7316],[130.6839,31.73345],[130.68601,31.73498],[130.68965,31.73469],[130.69375,31.73249],[130.69445,31.72942],[130.69708,31.72905],[130.70592,31.7253],[130.70794,31.72637],[130.71725,31.72788],[130.71649,31.72529],[130.71984,31.72051],[130.7246,31.71774],[130.72818,31.71793],[130.72858,31.71469],[130.73043,31.70992],[130.73409,31.70745],[130.73766,31.70682],[130.73893,31.71022],[130.74618,31.70854],[130.74951,31.70879],[130.75366,31.7065],[130.76624,31.70715],[130.77599,31.70375],[130.78174,31.70238],[130.78427,31.70451],[130.78632,31.70319],[130.79244,31.70302],[130.79755,31.69968],[130.80009,31.69526],[130.79624,31.68927],[130.79769,31.68782],[130.80284,31.68865],[130.81129,31.68361],[130.81343,31.67767],[130.81748,31.67442],[130.81994,31.66502],[130.82316,31.65972],[130.82281,31.65483],[130.82168,31.65018],[130.81935,31.64802],[130.81841,31.64506],[130.8136,31.64242],[130.80976,31.6413],[130.80649,31.6381],[130.80449,31.63464],[130.80106,31.63193],[130.80644,31.63059],[130.80889,31.62869],[130.81271,31.6273],[130.81459,31.62565],[130.8149,31.61834],[130.80901,31.61807],[130.80936,31.61616],[130.81223,31.61439],[130.81398,31.61132],[130.81343,31.60888],[130.82159,31.60797],[130.82344,31.60476],[130.82569,31.60638],[130.82982,31.60605],[130.83556,31.60757],[130.8473,31.60896],[130.84689,31.61264],[130.85149,31.61566],[130.85485,31.61644]]]]}},{"type":"Feature","properties":{"code":"46219","name":"いちき串木野市","pref":"鹿児島県","pref_code":"46","cx":130.31456,"cy":31.72512,"bbox":[130.1802,31.65858,130.37945,31.79078]},"geometry":{"type":"Polygon","coordinates":[[[130.1802,31.77882],[130.18051,31.77466],[130.18546,31.77047],[130.18543,31.76628],[130.18642,31.76457],[130.18618,31.76122],[130.18889,31.75704],[130.1883,31.75421],[130.18607,31.75172],[130.18606,31.74919],[130.1917,31.74652],[130.19548,31.7485],[130.19877,31.75445],[130.20242,31.75538],[130.21113,31.75614],[130.21781,31.75244],[130.22123,31.7493],[130.22614,31.74633],[130.23044,31.73999],[130.2349,31.73812],[130.23497,31.73629],[130.23947,31.73348],[130.24439,31.7334],[130.24844,31.73127],[130.25036,31.72792],[130.25013,31.72602],[130.25235,31.72218],[130.25517,31.72135],[130.26011,31.72174],[130.26072,31.71836],[130.25644,31.71794],[130.25625,31.71631],[130.26351,31.71496],[130.26238,31.70997],[130.25806,31.708],[130.26221,31.70687],[130.2689,31.70767],[130.26933,31.70581],[130.27305,31.70646],[130.27559,31.70508],[130.27964,31.69937],[130.28835,31.68916],[130.29495,31.6786],[130.29918,31.6699],[130.29952,31.66791],[130.2976,31.66533],[130.29765,31.66305],[130.30049,31.66185],[130.30294,31.6628],[130.30829,31.66208],[130.31214,31.66029],[130.31244,31.65858],[130.31561,31.65859],[130.31659,31.66069],[130.32417,31.66842],[130.3228,31.66923],[130.32348,31.67598],[130.32277,31.67894],[130.32514,31.67976],[130.329,31.68274],[130.33115,31.68686],[130.32845,31.68928],[130.32804,31.69195],[130.32999,31.69711],[130.33476,31.69684],[130.34942,31.69917],[130.35055,31.70097],[130.35816,31.70293],[130.36206,31.70172],[130.36372,31.70333],[130.37161,31.70543],[130.37584,31.7074],[130.37822,31.71],[130.37878,31.71347],[130.37697,31.7227],[130.37854,31.72422],[130.37803,31.73066],[130.37945,31.7334],[130.37832,31.73452],[130.37868,31.7381],[130.37761,31.74019],[130.37378,31.74201],[130.36789,31.7431],[130.36315,31.74238],[130.35963,31.74852],[130.35837,31.75181],[130.3589,31.75559],[130.35571,31.75734],[130.35098,31.75786],[130.34826,31.75518],[130.34146,31.75245],[130.33952,31.75229],[130.33441,31.74961],[130.32609,31.74947],[130.32404,31.74861],[130.31811,31.75146],[130.31708,31.75611],[130.31206,31.76365],[130.30369,31.76334],[130.30157,31.76158],[130.29742,31.76096],[130.29455,31.75738],[130.29136,31.7576],[130.28388,31.75537],[130.28273,31.7584],[130.2794,31.7596],[130.27314,31.76077],[130.26827,31.76516],[130.26485,31.76511],[130.25994,31.76716],[130.25118,31.77705],[130.24722,31.77747],[130.24465,31.77619],[130.23994,31.7774],[130.23837,31.78451],[130.23452,31.78786],[130.232,31.78615],[130.22758,31.78533],[130.22135,31.78788],[130.21923,31.7866],[130.21459,31.7857],[130.20766,31.78892],[130.2054,31.79066],[130.20118,31.79078],[130.19552,31.78973],[130.19175,31.78651],[130.1923,31.78416],[130.19113,31.78216],[130.18819,31.78049],[130.18433,31.78045],[130.1802,31.77882]]]}},{"type":"Feature","properties":{"code":"46220","name":"南さつま市","pref":"鹿児島県","pref_code":"46","cx":130.25504,"cy":31.37216,"bbox":[129.42911,30.84227,130.44592,31.4926]},"geometry":{"type":"MultiPolygon","coordinates":[[[[130.16932,31.36417],[130.16257,31.35966],[130.15976,31.35559],[130.16091,31.35249],[130.16522,31.35225],[130.16692,31.35478],[130.16571,31.35743],[130.16627,31.3602],[130.16892,31.36089],[130.16932,31.36417]]],[[[129.43426,30.84915],[129.43335,30.84746],[129.42911,30.84619],[129.42934,30.84227],[129.43277,30.84556],[129.4355,30.84685],[129.43426,30.84915]]],[[[129.46594,30.86307],[129.46321,30.86213],[129.46285,30.85926],[129.46774,30.85925],[129.4678,30.86172],[129.46594,30.86307]]],[[[129.44688,31.19986],[129.4456,31.19927],[129.44436,31.18789],[129.44282,31.18595],[129.43978,31.18693],[129.43672,31.18465],[129.43862,31.18282],[129.4364,31.17932],[129.43332,31.17855],[129.43512,31.17576],[129.43823,31.17859],[129.44146,31.18034],[129.4474,31.17804],[129.44811,31.18412],[129.44663,31.18621],[129.4477,31.19043],[129.45134,31.19192],[129.45383,31.1975],[129.4523,31.19952],[129.44688,31.19986]]],[[[129.47244,31.21157],[129.47197,31.20969],[129.47343,31.20735],[129.46918,31.20365],[129.47306,31.20161],[129.47344,31.197],[129.47648,31.19597],[129.47606,31.20522],[129.47519,31.20851],[129.47244,31.21157]]],[[[130.43489,31.4926],[130.43289,31.49065],[130.42954,31.49106],[130.42404,31.49058],[130.42105,31.4888],[130.41894,31.48934],[130.41101,31.48676],[130.40765,31.4825],[130.40566,31.48243],[130.4002,31.47833],[130.39597,31.47666],[130.38642,31.47506],[130.3829,31.47717],[130.37805,31.47566],[130.373,31.47853],[130.36734,31.47867],[130.36079,31.47976],[130.35732,31.47589],[130.3518,31.47789],[130.34628,31.4841],[130.34337,31.48592],[130.3414,31.48478],[130.33785,31.48624],[130.32807,31.48633],[130.3221,31.48577],[130.31927,31.48939],[130.31299,31.49082],[130.30725,31.47836],[130.29186,31.45311],[130.28923,31.44621],[130.28503,31.44375],[130.27689,31.43465],[130.27144,31.42676],[130.26975,31.42638],[130.26314,31.42225],[130.25908,31.42101],[130.25592,31.41805],[130.25278,31.41842],[130.23391,31.40979],[130.231,31.40763],[130.22779,31.40013],[130.22457,31.39923],[130.22523,31.40239],[130.20447,31.40587],[130.20186,31.40802],[130.19645,31.40807],[130.19261,31.40911],[130.1917,31.41457],[130.19287,31.41742],[130.19048,31.42443],[130.19324,31.42684],[130.193,31.42922],[130.18652,31.42567],[130.19008,31.42353],[130.19112,31.41975],[130.18961,31.41371],[130.18668,31.41032],[130.18538,31.4146],[130.18351,31.41442],[130.18352,31.41812],[130.18083,31.42051],[130.17768,31.42186],[130.17588,31.41937],[130.17319,31.41905],[130.17086,31.42052],[130.16912,31.43051],[130.16715,31.4323],[130.16703,31.43493],[130.16489,31.43711],[130.16291,31.43724],[130.15997,31.44003],[130.15805,31.43932],[130.154,31.43093],[130.15051,31.43088],[130.14781,31.42806],[130.14549,31.42739],[130.14211,31.42081],[130.13938,31.41811],[130.13461,31.41671],[130.13631,31.41355],[130.13324,31.41313],[130.13171,31.4164],[130.13259,31.41862],[130.13008,31.42012],[130.12549,31.42061],[130.12234,31.42341],[130.11915,31.42261],[130.11583,31.42399],[130.10966,31.42161],[130.10788,31.41793],[130.1066,31.41296],[130.10899,31.41049],[130.11115,31.4134],[130.11727,31.41629],[130.1212,31.41688],[130.12406,31.41609],[130.1324,31.41116],[130.13371,31.40847],[130.13796,31.40769],[130.14349,31.40228],[130.14461,31.398],[130.1484,31.39301],[130.14976,31.38955],[130.15252,31.38744],[130.15252,31.38508],[130.15565,31.38429],[130.16004,31.38144],[130.16103,31.37856],[130.16496,31.37428],[130.16972,31.37484],[130.17184,31.37351],[130.17471,31.36638],[130.17941,31.36517],[130.18475,31.36545],[130.18766,31.36829],[130.19051,31.36666],[130.191,31.36247],[130.19013,31.36036],[130.19006,31.35517],[130.19504,31.35787],[130.19759,31.35576],[130.2012,31.35776],[130.20035,31.35325],[130.20415,31.35233],[130.20302,31.34899],[130.20584,31.34941],[130.20923,31.34817],[130.20923,31.34304],[130.20577,31.34174],[130.2064,31.33692],[130.20399,31.33449],[130.20022,31.33427],[130.19586,31.32953],[130.19125,31.33212],[130.18395,31.32995],[130.17793,31.32957],[130.17366,31.32458],[130.1756,31.32174],[130.17982,31.32431],[130.18851,31.32171],[130.18962,31.31659],[130.19155,31.31583],[130.19653,31.31727],[130.19942,31.31593],[130.20388,31.3177],[130.20727,31.32194],[130.20877,31.32228],[130.21476,31.32092],[130.21639,31.31688],[130.21853,31.31575],[130.21954,31.31277],[130.22492,31.30953],[130.22632,31.30566],[130.2218,31.30076],[130.21843,31.30093],[130.21775,31.30245],[130.21305,31.29909],[130.20947,31.29835],[130.20302,31.29606],[130.20005,31.29732],[130.19896,31.29509],[130.19887,31.29154],[130.20198,31.28613],[130.20082,31.28323],[130.20666,31.28245],[130.21384,31.29003],[130.21639,31.28968],[130.21564,31.28725],[130.21671,31.28303],[130.22625,31.28312],[130.22944,31.28147],[130.22909,31.2789],[130.22411,31.27587],[130.21825,31.27667],[130.21447,31.27414],[130.21519,31.27174],[130.21832,31.27193],[130.22047,31.27346],[130.22824,31.27105],[130.22893,31.26757],[130.22508,31.26706],[130.22452,31.26924],[130.21916,31.26708],[130.22035,31.26318],[130.21706,31.26117],[130.21411,31.26116],[130.21296,31.25462],[130.21587,31.25213],[130.21692,31.24973],[130.22318,31.25397],[130.22413,31.25147],[130.22616,31.2503],[130.23168,31.25606],[130.23592,31.25687],[130.23563,31.25853],[130.23935,31.25938],[130.24188,31.25514],[130.24399,31.25313],[130.2467,31.25465],[130.24892,31.25338],[130.25329,31.25673],[130.26218,31.25615],[130.2637,31.25997],[130.26177,31.26471],[130.25533,31.26939],[130.25295,31.27206],[130.25149,31.27706],[130.25856,31.28088],[130.25786,31.28358],[130.26507,31.28944],[130.26682,31.2929],[130.25894,31.29569],[130.2572,31.299],[130.25183,31.30314],[130.24424,31.30517],[130.24614,31.31229],[130.25004,31.31118],[130.25221,31.31209],[130.26031,31.31118],[130.26342,31.31373],[130.26871,31.31443],[130.27103,31.31711],[130.27408,31.31861],[130.27506,31.32082],[130.27836,31.32405],[130.28234,31.3266],[130.28287,31.32875],[130.28675,31.33167],[130.29246,31.33136],[130.29374,31.33516],[130.29644,31.33782],[130.30076,31.33948],[130.30301,31.3394],[130.30898,31.33538],[130.31162,31.33511],[130.3162,31.34115],[130.31796,31.34113],[130.32101,31.34502],[130.32709,31.34533],[130.32798,31.34983],[130.32713,31.3537],[130.32828,31.35665],[130.33209,31.36022],[130.33501,31.36177],[130.33758,31.36472],[130.33887,31.36898],[130.33687,31.37081],[130.33896,31.37421],[130.34018,31.38029],[130.33608,31.38324],[130.33603,31.3868],[130.33996,31.38969],[130.34102,31.39368],[130.34619,31.39779],[130.35629,31.40396],[130.35913,31.40858],[130.36025,31.41205],[130.36572,31.41202],[130.36799,31.41379],[130.37455,31.4109],[130.38109,31.41223],[130.38288,31.4169],[130.38415,31.41822],[130.38347,31.42196],[130.38958,31.42529],[130.39083,31.4294],[130.39498,31.43274],[130.39661,31.43808],[130.40124,31.43918],[130.40518,31.44299],[130.40782,31.44299],[130.41229,31.44938],[130.41373,31.45017],[130.41551,31.4538],[130.41872,31.45644],[130.41965,31.46144],[130.42184,31.46619],[130.42463,31.46613],[130.42891,31.4685],[130.42953,31.47064],[130.43204,31.47058],[130.4333,31.4724],[130.43595,31.472],[130.44287,31.47577],[130.44592,31.47577],[130.44519,31.48312],[130.44339,31.4837],[130.44043,31.48947],[130.4375,31.48979],[130.43489,31.4926]]]]}},{"type":"Feature","properties":{"code":"46221","name":"志布志市","pref":"鹿児島県","pref_code":"46","cx":131.11085,"cy":31.53923,"bbox":[130.93004,31.42614,131.20545,31.6335]},"geometry":{"type":"MultiPolygon","coordinates":[[[[130.93884,31.51365],[130.9382,31.51574],[130.93476,31.51382],[130.93004,31.50881],[130.9301,31.50649],[130.93177,31.504],[130.93562,31.50444],[130.93779,31.50625],[130.93889,31.50993],[130.93884,31.51365]]],[[[130.96346,31.51777],[130.96131,31.51853],[130.95922,31.51631],[130.96486,31.51524],[130.96346,31.51777]]],[[[130.94914,31.53074],[130.94606,31.53273],[130.94556,31.53011],[130.94914,31.53074]]],[[[130.96064,31.53071],[130.96317,31.53366],[130.96383,31.53837],[130.96275,31.54017],[130.95791,31.53885],[130.95393,31.53619],[130.95673,31.53477],[130.96064,31.53071]]],[[[131.06042,31.44616],[131.06746,31.4517],[131.07377,31.4559],[131.07816,31.45822],[131.08484,31.44799],[131.08591,31.44769],[131.08963,31.45103],[131.08768,31.45404],[131.08587,31.45318],[131.08349,31.4568],[131.08428,31.45939],[131.08736,31.46143],[131.09204,31.45816],[131.09487,31.45701],[131.09914,31.4602],[131.09734,31.46495],[131.10011,31.46589],[131.10166,31.46441],[131.10542,31.46829],[131.1038,31.47051],[131.11065,31.47622],[131.11236,31.47359],[131.1179,31.47461],[131.12156,31.4745],[131.12424,31.47335],[131.12514,31.47114],[131.13026,31.47053],[131.13685,31.46722],[131.13813,31.46086],[131.13982,31.4609],[131.14052,31.4643],[131.14418,31.46811],[131.14903,31.46703],[131.15336,31.46745],[131.15614,31.46311],[131.15887,31.46298],[131.16288,31.46518],[131.16226,31.467],[131.16434,31.47362],[131.16431,31.48106],[131.16319,31.48408],[131.1657,31.48895],[131.17104,31.49407],[131.16899,31.49668],[131.16969,31.49934],[131.17208,31.50205],[131.17531,31.50249],[131.17904,31.50623],[131.18438,31.507],[131.19324,31.50976],[131.19685,31.51158],[131.19951,31.51467],[131.20076,31.51774],[131.20004,31.52304],[131.20102,31.52683],[131.20019,31.52954],[131.20149,31.53112],[131.1973,31.53887],[131.19889,31.54136],[131.19587,31.54666],[131.19689,31.54948],[131.19542,31.5523],[131.19174,31.55468],[131.18934,31.55719],[131.19396,31.56003],[131.19559,31.56281],[131.19966,31.5641],[131.20178,31.56721],[131.20007,31.56895],[131.20285,31.57125],[131.20545,31.57995],[131.20049,31.58981],[131.19845,31.59132],[131.19743,31.59526],[131.19232,31.59856],[131.19128,31.60043],[131.18721,31.60358],[131.18525,31.61014],[131.18919,31.61853],[131.1894,31.62224],[131.18835,31.62463],[131.18019,31.62629],[131.17866,31.62991],[131.17375,31.63255],[131.16992,31.6335],[131.16859,31.63217],[131.16726,31.62465],[131.16577,31.62307],[131.15685,31.61922],[131.15532,31.61536],[131.15599,31.61235],[131.15163,31.6102],[131.14986,31.61124],[131.14338,31.60827],[131.13882,31.60499],[131.13399,31.6063],[131.12443,31.60636],[131.12267,31.60455],[131.1221,31.59657],[131.11867,31.59667],[131.11539,31.59508],[131.11196,31.59128],[131.1086,31.59034],[131.10697,31.5933],[131.10164,31.59305],[131.1001,31.59459],[131.09458,31.59352],[131.08958,31.59482],[131.08271,31.59348],[131.07888,31.59665],[131.07084,31.59738],[131.06285,31.60055],[131.06067,31.60082],[131.05573,31.5998],[131.05208,31.60493],[131.04905,31.60207],[131.04017,31.60432],[131.039,31.60688],[131.03653,31.60819],[131.03667,31.61113],[131.02987,31.60884],[131.0257,31.60472],[131.02385,31.59879],[131.02118,31.59587],[131.01566,31.59549],[131.01464,31.59265],[131.01824,31.59021],[131.02072,31.58988],[131.02197,31.58673],[131.02493,31.58423],[131.0295,31.58317],[131.03056,31.57901],[131.03354,31.57842],[131.03528,31.57329],[131.0392,31.57236],[131.03921,31.56494],[131.03207,31.56129],[131.03198,31.55902],[131.0298,31.55826],[131.02781,31.55539],[131.02405,31.55635],[131.02073,31.55584],[131.01891,31.55381],[131.01947,31.55092],[131.01864,31.54836],[131.01967,31.54528],[131.02344,31.54514],[131.02642,31.54286],[131.02384,31.53871],[131.01968,31.53672],[131.01761,31.53486],[131.01117,31.53304],[131.01053,31.53052],[131.00716,31.53092],[131.002,31.52944],[130.99912,31.53624],[130.99575,31.53538],[130.99242,31.53734],[130.98749,31.53852],[130.985,31.54115],[130.98296,31.54096],[130.9803,31.53884],[130.97549,31.53836],[130.97428,31.53959],[130.9722,31.53447],[130.97229,31.53101],[130.97067,31.52939],[130.97216,31.52731],[130.97698,31.52492],[130.9724,31.52279],[130.97201,31.51598],[130.97648,31.51487],[130.97564,31.50985],[130.96909,31.51084],[130.96698,31.50669],[130.96227,31.50621],[130.95919,31.50357],[130.96139,31.50083],[130.96574,31.50284],[130.9695,31.5026],[130.97138,31.49729],[130.96867,31.49533],[130.96603,31.48444],[130.96312,31.48044],[130.96285,31.47524],[130.96766,31.47128],[130.97045,31.47079],[130.9745,31.46781],[130.97652,31.46424],[130.98232,31.46375],[130.98185,31.46194],[130.98368,31.45961],[130.99247,31.45447],[130.99863,31.45737],[131.00271,31.45606],[131.00447,31.45841],[131.00792,31.45904],[131.00812,31.46171],[131.01091,31.46737],[131.01499,31.4708],[131.01577,31.47249],[131.02025,31.47267],[131.02642,31.46714],[131.02735,31.46557],[131.03294,31.46075],[131.04171,31.46235],[131.04444,31.46198],[131.05216,31.45725],[131.04627,31.45684],[131.04837,31.45372],[131.05039,31.45476],[131.05248,31.44917],[131.04917,31.44616],[131.05075,31.4443],[131.05487,31.44692],[131.05605,31.44871],[131.06042,31.44616]],[[130.99405,31.48014],[130.99417,31.47805],[130.99052,31.47627],[130.99058,31.47289],[130.9935,31.47071],[130.99284,31.46875],[130.98875,31.46851],[130.98702,31.46725],[130.98405,31.46919],[130.98681,31.47086],[130.98517,31.47398],[130.98473,31.47751],[130.98638,31.47906],[130.99405,31.48014]]],[[[131.11623,31.43403],[131.11618,31.43096],[131.1141,31.43006],[131.11677,31.42614],[131.11876,31.42911],[131.11837,31.43136],[131.11623,31.43403]]]]}},{"type":"Feature","properties":{"code":"46222","name":"奄美市","pref":"鹿児島県","pref_code":"46","cx":129.47522,"cy":28.32651,"bbox":[129.34386,28.19345,129.72212,28.53077]},"geometry":{"type":"MultiPolygon","coordinates":[[[[129.57085,28.34535],[129.56697,28.34788],[129.5635,28.34672],[129.55878,28.34658],[129.55706,28.34737],[129.54708,28.34565],[129.54358,28.34364],[129.54023,28.34476],[129.53968,28.3478],[129.53603,28.3487],[129.53251,28.34729],[129.52981,28.34764],[129.52777,28.35056],[129.52529,28.35102],[129.52193,28.35391],[129.52427,28.35573],[129.52446,28.35962],[129.53079,28.36713],[129.53472,28.36557],[129.53708,28.36599],[129.54016,28.3693],[129.54179,28.37674],[129.54549,28.37899],[129.54859,28.37986],[129.55238,28.3823],[129.553,28.38813],[129.55102,28.39007],[129.5525,28.39287],[129.55552,28.39463],[129.55711,28.39949],[129.55562,28.4032],[129.55771,28.407],[129.55353,28.40781],[129.55136,28.40665],[129.54534,28.40623],[129.54566,28.40927],[129.54818,28.41218],[129.54882,28.41693],[129.54702,28.4225],[129.54526,28.42422],[129.54538,28.4273],[129.5466,28.43036],[129.5498,28.43478],[129.55008,28.44248],[129.54825,28.44471],[129.54778,28.44816],[129.54596,28.45323],[129.54373,28.45731],[129.5413,28.45954],[129.54006,28.45556],[129.53481,28.45419],[129.53413,28.45276],[129.53567,28.45001],[129.53141,28.44838],[129.52924,28.44582],[129.52566,28.44544],[129.52524,28.44778],[129.52142,28.44487],[129.52149,28.44255],[129.51881,28.4399],[129.51642,28.43522],[129.5188,28.43044],[129.51898,28.42618],[129.51643,28.42641],[129.51455,28.42415],[129.51367,28.41937],[129.51456,28.41781],[129.51097,28.41099],[129.51304,28.40612],[129.51556,28.40639],[129.51791,28.40373],[129.52292,28.40176],[129.52235,28.40027],[129.5175,28.40183],[129.51482,28.3985],[129.51032,28.39988],[129.50768,28.39912],[129.50325,28.39206],[129.50343,28.38825],[129.50116,28.38772],[129.49981,28.38289],[129.49734,28.3816],[129.49585,28.38402],[129.49538,28.3875],[129.49657,28.39358],[129.49683,28.40302],[129.49523,28.40312],[129.49391,28.40785],[129.49157,28.40961],[129.49006,28.41303],[129.4879,28.41113],[129.48594,28.40654],[129.48173,28.4034],[129.48139,28.40084],[129.47849,28.40018],[129.46791,28.40209],[129.46762,28.40359],[129.47108,28.40755],[129.46997,28.41032],[129.46813,28.41167],[129.46298,28.4126],[129.45643,28.41132],[129.45552,28.40935],[129.45416,28.40082],[129.45484,28.39944],[129.45266,28.39346],[129.44897,28.39077],[129.4474,28.38846],[129.4477,28.38618],[129.44999,28.38229],[129.44599,28.38001],[129.44274,28.38195],[129.4362,28.3815],[129.43106,28.38319],[129.42875,28.38835],[129.42576,28.38942],[129.42365,28.38896],[129.42079,28.38607],[129.41681,28.38549],[129.41256,28.38741],[129.41005,28.38383],[129.40496,28.38257],[129.40004,28.38425],[129.39766,28.38576],[129.39484,28.38507],[129.39913,28.3831],[129.39968,28.38152],[129.40267,28.38009],[129.40722,28.37966],[129.41162,28.37543],[129.41481,28.37386],[129.4181,28.37382],[129.42229,28.37205],[129.42325,28.37014],[129.42331,28.3654],[129.42639,28.36174],[129.42476,28.3568],[129.42446,28.35186],[129.42657,28.34854],[129.42629,28.34561],[129.43052,28.34022],[129.43166,28.33272],[129.433,28.33185],[129.43473,28.3273],[129.41906,28.32889],[129.41703,28.32614],[129.41478,28.32726],[129.40982,28.32688],[129.40797,28.32474],[129.40437,28.32353],[129.40415,28.32081],[129.40734,28.31493],[129.40521,28.31148],[129.4056,28.30818],[129.40312,28.30596],[129.39908,28.3076],[129.39453,28.30335],[129.39306,28.30417],[129.38662,28.30311],[129.384,28.30058],[129.3805,28.30051],[129.37301,28.29564],[129.37016,28.29697],[129.3675,28.29561],[129.36047,28.29334],[129.36061,28.28419],[129.36341,28.2839],[129.36375,28.28199],[129.36651,28.27862],[129.37274,28.2761],[129.37732,28.27292],[129.37714,28.27048],[129.36832,28.26611],[129.36658,28.26638],[129.36294,28.26214],[129.35928,28.26153],[129.35684,28.25645],[129.35324,28.25496],[129.35023,28.25237],[129.34858,28.24878],[129.34888,28.24661],[129.3467,28.2411],[129.34386,28.23829],[129.34818,28.22801],[129.35339,28.22648],[129.35962,28.2233],[129.36058,28.22034],[129.36333,28.21771],[129.36375,28.21482],[129.36144,28.2121],[129.36555,28.21039],[129.3695,28.20711],[129.37114,28.20407],[129.37463,28.20541],[129.37919,28.20973],[129.38093,28.21301],[129.38934,28.21201],[129.39569,28.21611],[129.40279,28.21809],[129.40425,28.21342],[129.40686,28.21193],[129.41067,28.21212],[129.41572,28.21349],[129.41627,28.21116],[129.42166,28.2074],[129.42377,28.20036],[129.42544,28.19657],[129.4301,28.19345],[129.43091,28.19611],[129.43325,28.19882],[129.43708,28.19886],[129.44109,28.19679],[129.44436,28.19898],[129.44957,28.19736],[129.45353,28.19953],[129.45203,28.20462],[129.45439,28.20447],[129.45586,28.2083],[129.45995,28.20946],[129.46218,28.21136],[129.46946,28.21225],[129.47065,28.20816],[129.4768,28.21063],[129.47504,28.21725],[129.47138,28.21865],[129.47164,28.22127],[129.46553,28.22544],[129.45822,28.22894],[129.45698,28.23198],[129.45277,28.23238],[129.4518,28.22986],[129.44889,28.22896],[129.44403,28.22961],[129.4398,28.23219],[129.43957,28.23449],[129.43667,28.23502],[129.43491,28.23752],[129.43289,28.23828],[129.42892,28.23708],[129.42641,28.24151],[129.42278,28.24241],[129.41766,28.24251],[129.41174,28.24655],[129.40847,28.24719],[129.40776,28.25044],[129.4116,28.24956],[129.4189,28.24892],[129.42171,28.24952],[129.4283,28.24883],[129.43069,28.24792],[129.43367,28.24838],[129.43614,28.24553],[129.43919,28.24495],[129.44278,28.24567],[129.44586,28.24861],[129.44317,28.25088],[129.44501,28.25305],[129.44512,28.25566],[129.44889,28.26129],[129.45266,28.26253],[129.45324,28.26434],[129.45841,28.26451],[129.45997,28.26808],[129.45787,28.27172],[129.4571,28.27489],[129.45452,28.27726],[129.4549,28.2817],[129.45751,28.28794],[129.45511,28.29179],[129.45783,28.29563],[129.46182,28.29736],[129.46293,28.29626],[129.46754,28.29618],[129.46809,28.29325],[129.47387,28.29498],[129.47613,28.29409],[129.48031,28.28923],[129.48629,28.28952],[129.48966,28.29205],[129.49199,28.29492],[129.49482,28.29654],[129.4964,28.29589],[129.49999,28.2983],[129.5071,28.29831],[129.50917,28.29968],[129.51528,28.3015],[129.51887,28.30073],[129.5225,28.30211],[129.52594,28.3052],[129.53026,28.30439],[129.53377,28.30664],[129.5377,28.30645],[129.54141,28.30856],[129.54487,28.31224],[129.54307,28.31597],[129.54115,28.3158],[129.53739,28.31953],[129.53511,28.31949],[129.53274,28.32406],[129.53319,28.32691],[129.53578,28.3279],[129.53677,28.33051],[129.53907,28.33107],[129.5459,28.33087],[129.54861,28.32992],[129.55051,28.33207],[129.55306,28.33218],[129.55552,28.33435],[129.55717,28.33223],[129.56242,28.33281],[129.56576,28.33576],[129.56555,28.33854],[129.56756,28.34151],[129.56962,28.34261],[129.57085,28.34535]]],[[[129.63382,28.40618],[129.63552,28.40518],[129.64221,28.40351],[129.65184,28.40233],[129.65462,28.40119],[129.65425,28.39843],[129.65697,28.39803],[129.66051,28.39881],[129.66384,28.39757],[129.66585,28.39899],[129.66556,28.40119],[129.66706,28.40284],[129.66662,28.40519],[129.66899,28.40876],[129.67318,28.41066],[129.67902,28.41118],[129.68244,28.41048],[129.6863,28.4134],[129.69221,28.41394],[129.69414,28.41345],[129.69728,28.41694],[129.70209,28.42052],[129.70381,28.42397],[129.70896,28.42118],[129.71897,28.43912],[129.71895,28.44052],[129.71425,28.44277],[129.71369,28.44684],[129.72057,28.45417],[129.72212,28.45803],[129.72102,28.46161],[129.71728,28.46342],[129.71724,28.47078],[129.71886,28.47232],[129.7181,28.47543],[129.71582,28.47392],[129.71301,28.47478],[129.71027,28.477],[129.70402,28.47726],[129.70232,28.48124],[129.69826,28.48409],[129.69832,28.48767],[129.69615,28.48848],[129.69587,28.49221],[129.69195,28.50045],[129.69026,28.50279],[129.69145,28.50874],[129.69367,28.51015],[129.69257,28.51815],[129.69035,28.52465],[129.69088,28.5269],[129.68996,28.53077],[129.68441,28.52825],[129.67692,28.52656],[129.66453,28.50991],[129.66517,28.50702],[129.65992,28.50588],[129.65984,28.50166],[129.65732,28.50003],[129.65343,28.50096],[129.64805,28.50357],[129.64561,28.5005],[129.64617,28.49723],[129.65034,28.49487],[129.65314,28.49034],[129.65559,28.48877],[129.65659,28.48146],[129.65808,28.48116],[129.66621,28.47502],[129.6687,28.47035],[129.67171,28.46797],[129.67109,28.46341],[129.67394,28.4622],[129.67345,28.45784],[129.67158,28.45596],[129.66756,28.4545],[129.66598,28.44741],[129.66987,28.44529],[129.67272,28.44244],[129.67124,28.44049],[129.66734,28.43881],[129.66446,28.44047],[129.66066,28.44634],[129.66149,28.44959],[129.65993,28.45308],[129.65806,28.45949],[129.65455,28.46108],[129.65496,28.46451],[129.65345,28.46825],[129.64921,28.46852],[129.65028,28.46378],[129.64936,28.45941],[129.65201,28.4569],[129.64975,28.45319],[129.65019,28.45184],[129.64829,28.44868],[129.65154,28.44706],[129.65223,28.44116],[129.65641,28.43717],[129.65812,28.4372],[129.65891,28.43207],[129.65724,28.42971],[129.65573,28.42459],[129.65175,28.4222],[129.65033,28.42528],[129.65073,28.42722],[129.64633,28.42808],[129.64629,28.43195],[129.64342,28.43243],[129.64467,28.43131],[129.64494,28.4266],[129.64595,28.4243],[129.6483,28.42238],[129.64866,28.41944],[129.64699,28.4134],[129.64738,28.40843],[129.6444,28.4069],[129.64023,28.40859],[129.63622,28.40648],[129.63382,28.40618]]]]}},{"type":"Feature","properties":{"code":"46223","name":"南九州市","pref":"鹿児島県","pref_code":"46","cx":130.40574,"cy":31.34412,"bbox":[130.31162,31.21339,130.54415,31.47577]},"geometry":{"type":"Polygon","coordinates":[[[130.44592,31.47577],[130.44287,31.47577],[130.43595,31.472],[130.4333,31.4724],[130.43204,31.47058],[130.42953,31.47064],[130.42891,31.4685],[130.42463,31.46613],[130.42184,31.46619],[130.41965,31.46144],[130.41872,31.45644],[130.41551,31.4538],[130.41373,31.45017],[130.41229,31.44938],[130.40782,31.44299],[130.40518,31.44299],[130.40124,31.43918],[130.39661,31.43808],[130.39498,31.43274],[130.39083,31.4294],[130.38958,31.42529],[130.38347,31.42196],[130.38415,31.41822],[130.38288,31.4169],[130.38109,31.41223],[130.37455,31.4109],[130.36799,31.41379],[130.36572,31.41202],[130.36025,31.41205],[130.35913,31.40858],[130.35629,31.40396],[130.34619,31.39779],[130.34102,31.39368],[130.33996,31.38969],[130.33603,31.3868],[130.33608,31.38324],[130.34018,31.38029],[130.33896,31.37421],[130.33687,31.37081],[130.33887,31.36898],[130.33758,31.36472],[130.33501,31.36177],[130.33209,31.36022],[130.32828,31.35665],[130.32713,31.3537],[130.32798,31.34983],[130.32709,31.34533],[130.32101,31.34502],[130.31796,31.34113],[130.3162,31.34115],[130.31162,31.33511],[130.32196,31.3225],[130.32647,31.32],[130.32666,31.31677],[130.33012,31.30996],[130.33307,31.3089],[130.33527,31.31036],[130.3374,31.30934],[130.34216,31.31056],[130.34753,31.30879],[130.35197,31.3102],[130.3548,31.31308],[130.35768,31.31432],[130.36282,31.31216],[130.36718,31.31844],[130.36974,31.31954],[130.37152,31.31431],[130.37611,31.30827],[130.36799,31.30317],[130.36572,31.30247],[130.3633,31.29981],[130.36271,31.2962],[130.36394,31.29156],[130.36547,31.29005],[130.36296,31.28599],[130.36453,31.28417],[130.3649,31.27816],[130.36785,31.26989],[130.36764,31.26016],[130.36672,31.25611],[130.36871,31.25398],[130.36858,31.25188],[130.37224,31.25073],[130.3738,31.25204],[130.38215,31.25275],[130.38664,31.25208],[130.38756,31.25087],[130.39464,31.25314],[130.39895,31.25086],[130.40235,31.25189],[130.40299,31.25355],[130.41338,31.24852],[130.41317,31.25029],[130.41796,31.25033],[130.41913,31.24778],[130.42253,31.24683],[130.42534,31.24748],[130.42572,31.24946],[130.43108,31.24658],[130.43805,31.25114],[130.44034,31.25167],[130.44337,31.25049],[130.4442,31.25262],[130.44881,31.25164],[130.45015,31.25219],[130.45442,31.25028],[130.45954,31.25127],[130.46844,31.24824],[130.47446,31.24525],[130.48626,31.23713],[130.50276,31.22116],[130.50857,31.21339],[130.5109,31.21591],[130.5171,31.21827],[130.52115,31.21888],[130.52614,31.22166],[130.53004,31.22483],[130.5319,31.22759],[130.53134,31.23006],[130.53298,31.23336],[130.53105,31.23799],[130.53254,31.24184],[130.53604,31.24546],[130.53791,31.25287],[130.54001,31.25634],[130.53921,31.25903],[130.54415,31.26553],[130.54392,31.2687],[130.54193,31.27078],[130.54018,31.27471],[130.54105,31.27582],[130.54057,31.2805],[130.53736,31.28372],[130.53592,31.28678],[130.53699,31.29109],[130.53897,31.29479],[130.53967,31.29781],[130.53671,31.30089],[130.5322,31.30786],[130.52806,31.31111],[130.52744,31.31436],[130.52847,31.31635],[130.52801,31.32245],[130.52253,31.32379],[130.52158,31.32775],[130.51805,31.33134],[130.51621,31.33164],[130.50843,31.33003],[130.50542,31.33094],[130.50101,31.33371],[130.50176,31.33699],[130.50024,31.33864],[130.49704,31.33817],[130.49443,31.33921],[130.49154,31.34322],[130.48981,31.3474],[130.49038,31.35046],[130.49659,31.36063],[130.49773,31.36063],[130.5028,31.36444],[130.50533,31.36481],[130.50568,31.36821],[130.50744,31.37146],[130.50574,31.37823],[130.50741,31.38118],[130.50678,31.38425],[130.51051,31.39257],[130.51021,31.39528],[130.50716,31.39807],[130.50853,31.40249],[130.50734,31.40466],[130.50246,31.40558],[130.50243,31.40722],[130.49677,31.41251],[130.49726,31.41554],[130.49598,31.41792],[130.49351,31.41966],[130.49063,31.4195],[130.48797,31.42326],[130.4868,31.42852],[130.48555,31.42954],[130.4854,31.4329],[130.48369,31.43821],[130.48625,31.44573],[130.48367,31.45097],[130.48267,31.45612],[130.48394,31.46031],[130.47237,31.45813],[130.46924,31.4594],[130.46955,31.46218],[130.46643,31.46199],[130.46419,31.46325],[130.45785,31.46233],[130.45686,31.46573],[130.45145,31.46731],[130.44811,31.47161],[130.44835,31.47303],[130.44592,31.47577]]]}},{"type":"Feature","properties":{"code":"46224","name":"伊佐市","pref":"鹿児島県","pref_code":"46","cx":130.60267,"cy":32.06004,"bbox":[130.47555,31.93487,130.72124,32.1875]},"geometry":{"type":"Polygon","coordinates":[[[130.47764,32.03159],[130.48233,32.02943],[130.48254,32.0265],[130.48533,32.02204],[130.48709,32.02145],[130.49166,32.01573],[130.49162,32.01351],[130.49665,32.00675],[130.4982,32.00292],[130.50022,32.00295],[130.50405,32.00646],[130.50688,32.00692],[130.51097,32.00483],[130.51676,32.00609],[130.52186,32.00958],[130.52859,32.01208],[130.53087,32.01157],[130.53325,32.00919],[130.53999,32.00616],[130.53523,32.00433],[130.53304,31.99801],[130.53409,31.99287],[130.5354,31.99105],[130.54136,31.98945],[130.54966,31.98269],[130.55243,31.97473],[130.55594,31.97248],[130.55912,31.97236],[130.56302,31.96969],[130.56447,31.96676],[130.56828,31.96331],[130.57256,31.95446],[130.5783,31.95307],[130.59002,31.95256],[130.59279,31.94731],[130.59436,31.94598],[130.59743,31.94708],[130.60306,31.94646],[130.60718,31.94866],[130.60659,31.95016],[130.61348,31.95334],[130.61465,31.95119],[130.61934,31.94897],[130.6201,31.94431],[130.62162,31.94219],[130.62453,31.94048],[130.62518,31.936],[130.62629,31.93487],[130.63318,31.93659],[130.63882,31.93879],[130.64089,31.93798],[130.64854,31.94001],[130.65556,31.94496],[130.65721,31.94774],[130.66037,31.94813],[130.66444,31.95159],[130.66582,31.95758],[130.66493,31.96044],[130.66803,31.96509],[130.66967,31.96978],[130.67277,31.97199],[130.6753,31.97661],[130.67888,31.97697],[130.68081,31.97867],[130.68138,31.98155],[130.6836,31.98169],[130.68527,31.98653],[130.69123,31.98987],[130.69014,31.99269],[130.69123,31.99417],[130.6967,31.99709],[130.70519,31.99881],[130.7053,32.00204],[130.70868,32.00653],[130.70483,32.0098],[130.70249,32.01511],[130.70399,32.01999],[130.7024,32.02331],[130.70178,32.02957],[130.70386,32.03453],[130.7024,32.03943],[130.70192,32.04456],[130.70502,32.0467],[130.70224,32.04998],[130.70389,32.05222],[130.70412,32.0553],[130.70229,32.05631],[130.70338,32.05855],[130.70356,32.07718],[130.70573,32.07991],[130.71231,32.08168],[130.71599,32.08569],[130.71793,32.09475],[130.72124,32.09869],[130.7206,32.1008],[130.71406,32.10397],[130.71126,32.10393],[130.70595,32.10618],[130.7023,32.10581],[130.69907,32.107],[130.69381,32.11096],[130.69011,32.11503],[130.68389,32.11865],[130.67684,32.12396],[130.6731,32.12568],[130.67044,32.12893],[130.66716,32.12802],[130.66462,32.12987],[130.66264,32.13278],[130.65882,32.13323],[130.65501,32.13568],[130.65438,32.13756],[130.6554,32.14076],[130.65406,32.14537],[130.65262,32.14625],[130.65164,32.15127],[130.64326,32.15242],[130.64125,32.15192],[130.63683,32.15493],[130.63436,32.15391],[130.63111,32.15605],[130.6227,32.15606],[130.62118,32.15918],[130.61756,32.16302],[130.61532,32.17619],[130.61363,32.17723],[130.61282,32.18228],[130.61047,32.18666],[130.60861,32.18739],[130.6054,32.18653],[130.60323,32.1875],[130.59967,32.18657],[130.59172,32.18596],[130.59517,32.1835],[130.59674,32.17592],[130.59345,32.17359],[130.58899,32.16783],[130.58661,32.16293],[130.58676,32.16099],[130.58406,32.15932],[130.58268,32.15491],[130.57309,32.15495],[130.56953,32.15411],[130.56278,32.15517],[130.5575,32.15415],[130.5461,32.14935],[130.54227,32.14956],[130.5412,32.14676],[130.5427,32.14432],[130.53968,32.13963],[130.54024,32.13741],[130.53375,32.13769],[130.53165,32.13668],[130.52725,32.13714],[130.5252,32.13585],[130.52074,32.13524],[130.51724,32.13588],[130.50921,32.14052],[130.50492,32.13951],[130.49908,32.13547],[130.49763,32.13588],[130.49237,32.1337],[130.48699,32.13528],[130.4866,32.1372],[130.48234,32.1396],[130.4769,32.13899],[130.47724,32.13459],[130.47555,32.12877],[130.47638,32.12709],[130.47579,32.12238],[130.47956,32.11918],[130.48137,32.11949],[130.48473,32.11663],[130.48212,32.11339],[130.48245,32.11121],[130.4867,32.11012],[130.4895,32.10707],[130.49395,32.10466],[130.49301,32.09654],[130.49625,32.09501],[130.49956,32.09071],[130.49999,32.08829],[130.50677,32.08519],[130.5081,32.07767],[130.5074,32.07628],[130.51056,32.07396],[130.50974,32.07103],[130.51311,32.06697],[130.51351,32.06463],[130.5087,32.06563],[130.50556,32.065],[130.50247,32.06154],[130.5013,32.05825],[130.49819,32.05805],[130.50046,32.05456],[130.4979,32.05361],[130.49771,32.05112],[130.49424,32.05077],[130.49481,32.04838],[130.48961,32.04481],[130.49027,32.04218],[130.4834,32.03645],[130.47925,32.03561],[130.4799,32.03314],[130.47764,32.03159]]]}},{"type":"Feature","properties":{"code":"46225","name":"姶良市","pref":"鹿児島県","pref_code":"46","cx":130.59756,"cy":31.77554,"bbox":[130.47294,31.67289,130.72103,31.87989]},"geometry":{"type":"Polygon","coordinates":[[[130.61127,31.67289],[130.61122,31.675],[130.60932,31.67989],[130.61116,31.68716],[130.61527,31.69212],[130.61417,31.69657],[130.61568,31.69982],[130.6189,31.70277],[130.61967,31.70558],[130.62763,31.71366],[130.63354,31.71111],[130.63975,31.71382],[130.64648,31.72052],[130.66026,31.72857],[130.6632,31.72846],[130.66572,31.73006],[130.66947,31.72989],[130.67221,31.72803],[130.67565,31.73266],[130.67845,31.73398],[130.67858,31.7357],[130.68145,31.73934],[130.68086,31.74074],[130.68244,31.745],[130.68569,31.74822],[130.68617,31.7517],[130.68971,31.75449],[130.69271,31.75094],[130.6957,31.75073],[130.69706,31.74919],[130.70006,31.74936],[130.70422,31.75188],[130.70874,31.75597],[130.71112,31.75487],[130.71218,31.75228],[130.71038,31.75035],[130.71279,31.74903],[130.71485,31.75151],[130.71525,31.75419],[130.72103,31.75903],[130.7198,31.76098],[130.71577,31.76173],[130.71335,31.76003],[130.70937,31.76129],[130.70643,31.76329],[130.70146,31.76282],[130.69901,31.7598],[130.69598,31.75928],[130.69416,31.76438],[130.69589,31.76835],[130.69937,31.7704],[130.70105,31.7743],[130.69343,31.7714],[130.69339,31.77366],[130.69126,31.77426],[130.69227,31.77808],[130.69515,31.7795],[130.69321,31.78251],[130.69362,31.78462],[130.69623,31.78756],[130.69766,31.79067],[130.69635,31.79259],[130.68851,31.79451],[130.68482,31.79315],[130.68314,31.79412],[130.68357,31.79867],[130.68052,31.79978],[130.67675,31.79907],[130.666,31.80054],[130.66226,31.80299],[130.65679,31.80244],[130.65473,31.80661],[130.65116,31.80847],[130.65091,31.81156],[130.64644,31.81808],[130.64147,31.81917],[130.64023,31.82236],[130.63778,31.82396],[130.63643,31.8288],[130.636,31.83393],[130.63679,31.8368],[130.63636,31.83988],[130.63418,31.84272],[130.63549,31.84509],[130.63289,31.84859],[130.63317,31.85379],[130.63083,31.85699],[130.6268,31.86048],[130.62683,31.86442],[130.62567,31.86617],[130.62192,31.86497],[130.61962,31.86687],[130.61397,31.86663],[130.60754,31.87421],[130.60679,31.87748],[130.60418,31.87854],[130.59811,31.87849],[130.59177,31.8775],[130.58946,31.87989],[130.59005,31.87851],[130.58832,31.87526],[130.58292,31.87247],[130.57999,31.86432],[130.57472,31.85837],[130.56676,31.85638],[130.56295,31.85728],[130.56141,31.85916],[130.55728,31.85602],[130.55451,31.85635],[130.55345,31.85454],[130.54931,31.85273],[130.54327,31.84727],[130.54312,31.84473],[130.54031,31.84528],[130.53686,31.8429],[130.5333,31.83807],[130.53516,31.8346],[130.52732,31.82978],[130.52459,31.83134],[130.52268,31.82694],[130.52036,31.82443],[130.52204,31.81898],[130.52042,31.81585],[130.52122,31.81236],[130.5185,31.80946],[130.51493,31.80893],[130.51856,31.80483],[130.51763,31.80204],[130.5184,31.79995],[130.51489,31.79663],[130.5125,31.79696],[130.5073,31.79364],[130.50146,31.79128],[130.50125,31.78784],[130.50341,31.78511],[130.5019,31.78302],[130.50246,31.77989],[130.50446,31.77677],[130.50232,31.77395],[130.5061,31.77035],[130.50437,31.76853],[130.50244,31.76316],[130.50316,31.76068],[130.5019,31.75892],[130.49681,31.75783],[130.48991,31.75053],[130.48235,31.747],[130.48073,31.74248],[130.48086,31.73944],[130.47809,31.73806],[130.47294,31.7341],[130.47382,31.73014],[130.47614,31.72803],[130.48015,31.72791],[130.48337,31.72879],[130.48591,31.72732],[130.48901,31.72351],[130.49291,31.72534],[130.49626,31.72462],[130.49826,31.72301],[130.50059,31.72621],[130.50609,31.72944],[130.50173,31.73473],[130.50053,31.74044],[130.50151,31.74418],[130.50819,31.74562],[130.51484,31.74561],[130.51701,31.74668],[130.52031,31.74596],[130.52349,31.74909],[130.52655,31.74954],[130.53085,31.75214],[130.5381,31.75137],[130.53994,31.75239],[130.54686,31.74955],[130.54987,31.75126],[130.55216,31.74944],[130.55636,31.74982],[130.56015,31.7484],[130.56361,31.74919],[130.56642,31.74696],[130.57442,31.74699],[130.57703,31.74367],[130.58282,31.74219],[130.58494,31.74017],[130.58347,31.73711],[130.58513,31.73128],[130.58683,31.73057],[130.58605,31.72791],[130.58372,31.7277],[130.58191,31.72983],[130.57795,31.72929],[130.57226,31.72685],[130.5735,31.72496],[130.57262,31.72121],[130.56682,31.71844],[130.56298,31.71877],[130.56382,31.71421],[130.56508,31.71241],[130.56529,31.70838],[130.56825,31.70689],[130.57018,31.70394],[130.57611,31.701],[130.57775,31.70094],[130.58004,31.69716],[130.58462,31.69647],[130.5873,31.69412],[130.59203,31.69312],[130.59303,31.69145],[130.59891,31.68996],[130.60154,31.6853],[130.5996,31.6824],[130.5989,31.67781],[130.60247,31.67711],[130.60494,31.67372],[130.61127,31.67289]]]}},{"type":"Feature","properties":{"code":"46303","name":"鹿児島郡三島村","pref":"鹿児島県","pref_code":"46","cx":129.93482,"cy":30.83182,"bbox":[129.90435,30.77301,130.44601,30.85147]},"geometry":{"type":"MultiPolygon","coordinates":[[[[130.30353,30.80842],[130.29562,30.80466],[130.29236,30.804],[130.2912,30.80253],[130.28434,30.79823],[130.2821,30.79734],[130.27934,30.79389],[130.2761,30.79171],[130.27201,30.79118],[130.26891,30.79328],[130.26511,30.7916],[130.26534,30.78557],[130.26161,30.78309],[130.26538,30.77905],[130.27167,30.77884],[130.27378,30.78019],[130.27548,30.77853],[130.27669,30.77323],[130.27932,30.77301],[130.27597,30.7804],[130.27956,30.78103],[130.28127,30.77826],[130.28404,30.77929],[130.28831,30.77884],[130.29253,30.7804],[130.29725,30.78124],[130.30047,30.78053],[130.30549,30.78215],[130.30897,30.78078],[130.31358,30.78093],[130.31955,30.78513],[130.32157,30.79143],[130.32063,30.79527],[130.31864,30.79833],[130.3133,30.80279],[130.30826,30.80348],[130.30396,30.80657],[130.30353,30.80842]]],[[[130.42772,30.81971],[130.426,30.81956],[130.42117,30.81502],[130.41519,30.81591],[130.41483,30.8177],[130.40993,30.81849],[130.40764,30.81664],[130.40669,30.81371],[130.40734,30.81117],[130.40524,30.80974],[130.39989,30.80987],[130.39759,30.81087],[130.39681,30.80745],[130.40638,30.80769],[130.41167,30.81026],[130.41676,30.80868],[130.42565,30.80498],[130.43035,30.80412],[130.43374,30.80431],[130.44178,30.80022],[130.44421,30.80318],[130.44601,30.80986],[130.44456,30.81079],[130.43799,30.81103],[130.43114,30.81552],[130.42772,30.81622],[130.42772,30.81971]]],[[[129.93919,30.85147],[129.93493,30.84946],[129.93188,30.84892],[129.92688,30.84978],[129.92493,30.84924],[129.92149,30.84468],[129.91903,30.84306],[129.91554,30.83927],[129.90791,30.83869],[129.90524,30.83906],[129.90435,30.83471],[129.9049,30.83127],[129.90853,30.83136],[129.91196,30.8277],[129.91114,30.82379],[129.91429,30.82178],[129.91724,30.81743],[129.92308,30.81573],[129.92963,30.81201],[129.93735,30.81216],[129.94065,30.81422],[129.94758,30.81603],[129.95305,30.81836],[129.95414,30.82043],[129.95864,30.82366],[129.96456,30.83007],[129.96489,30.83227],[129.96373,30.83549],[129.95609,30.83646],[129.95331,30.83886],[129.95185,30.84221],[129.94605,30.8434],[129.9426,30.84489],[129.93997,30.84768],[129.93919,30.85147]]]]}},{"type":"Feature","properties":{"code":"46304","name":"鹿児島郡十島村","pref":"鹿児島県","pref_code":"46","cx":129.86602,"cy":29.85071,"bbox":[128.9737,28.7922,129.94715,30.00739]},"geometry":{"type":"MultiPolygon","coordinates":[[[[128.99433,28.80718],[128.98681,28.80166],[128.98468,28.79826],[128.98107,28.7995],[128.98089,28.8008],[128.97424,28.80197],[128.9737,28.80033],[128.9782,28.79348],[128.98213,28.7941],[128.98438,28.79688],[128.98687,28.79666],[128.9949,28.7922],[129.00181,28.79373],[129.00354,28.79935],[129.00259,28.80235],[128.99934,28.8058],[128.99433,28.80718]]],[[[129.00271,28.83658],[128.99822,28.83523],[128.99767,28.83336],[128.9995,28.82854],[129.00414,28.82859],[129.00302,28.83232],[129.00271,28.83658]]],[[[129.2013,29.15904],[129.19527,29.15853],[129.18924,29.15588],[129.1867,29.15341],[129.20036,29.13872],[129.20359,29.13677],[129.21131,29.13369],[129.21304,29.13136],[129.22012,29.12674],[129.22205,29.12946],[129.21874,29.1357],[129.21957,29.1394],[129.21859,29.1454],[129.22168,29.14876],[129.22261,29.15181],[129.22153,29.15662],[129.21859,29.15857],[129.21139,29.15908],[129.20956,29.15681],[129.204,29.15611],[129.20385,29.15781],[129.2013,29.15904]]],[[[129.32703,29.22889],[129.32269,29.22759],[129.31908,29.22469],[129.31945,29.22237],[129.32251,29.2211],[129.32287,29.2196],[129.32694,29.21803],[129.32919,29.22001],[129.33157,29.22449],[129.33075,29.22791],[129.32844,29.22709],[129.32703,29.22889]]],[[[129.345,29.23084],[129.34316,29.22998],[129.34283,29.22597],[129.34371,29.22498],[129.34868,29.22709],[129.34855,29.23025],[129.345,29.23084]]],[[[129.59533,29.47708],[129.59371,29.47384],[129.58895,29.47012],[129.58667,29.46681],[129.58566,29.46347],[129.58678,29.45976],[129.59041,29.45767],[129.59577,29.4555],[129.59596,29.45382],[129.59374,29.44781],[129.59625,29.44529],[129.60447,29.44499],[129.60861,29.446],[129.61278,29.4452],[129.61814,29.44731],[129.62017,29.45015],[129.61871,29.45571],[129.61589,29.45781],[129.61328,29.46105],[129.61145,29.46486],[129.60948,29.47217],[129.60129,29.4745],[129.59533,29.47708]]],[[[129.74011,29.67182],[129.73894,29.67239],[129.73125,29.67042],[129.72944,29.66774],[129.72655,29.66907],[129.72144,29.67018],[129.71859,29.66856],[129.71313,29.6682],[129.70649,29.66606],[129.70386,29.66427],[129.69964,29.65865],[129.69314,29.66013],[129.69348,29.65781],[129.69192,29.6564],[129.68911,29.6569],[129.68362,29.65195],[129.6887,29.64855],[129.68404,29.64206],[129.68859,29.63815],[129.69032,29.6331],[129.68752,29.63067],[129.6892,29.62911],[129.68974,29.6219],[129.69284,29.61488],[129.69697,29.61119],[129.69614,29.60831],[129.69799,29.60325],[129.70653,29.60226],[129.71254,29.60613],[129.71107,29.61001],[129.71167,29.61264],[129.71749,29.61629],[129.7186,29.6192],[129.72362,29.62289],[129.72756,29.62424],[129.73353,29.6276],[129.73413,29.63205],[129.73716,29.63545],[129.73928,29.64024],[129.73932,29.64389],[129.7403,29.64618],[129.73811,29.64944],[129.73943,29.65901],[129.74242,29.66394],[129.743,29.66935],[129.74011,29.67182]]],[[[129.53452,29.69691],[129.53092,29.6961],[129.52792,29.69337],[129.52531,29.68735],[129.52629,29.68348],[129.53355,29.68003],[129.53315,29.67869],[129.53617,29.67631],[129.5374,29.67816],[129.53988,29.68642],[129.53819,29.68795],[129.53816,29.69129],[129.53919,29.6945],[129.53452,29.69691]]],[[[129.85176,29.88374],[129.8501,29.88154],[129.84574,29.8811],[129.84563,29.87887],[129.84058,29.87637],[129.83952,29.86872],[129.83601,29.86696],[129.83409,29.86003],[129.83562,29.85865],[129.83577,29.85526],[129.83841,29.85246],[129.83776,29.84897],[129.83977,29.84549],[129.84244,29.84284],[129.84505,29.84154],[129.84754,29.84216],[129.85209,29.83864],[129.85329,29.83633],[129.85271,29.83397],[129.86059,29.82196],[129.86777,29.81781],[129.87327,29.81639],[129.87909,29.81682],[129.88292,29.81988],[129.88832,29.82232],[129.89745,29.8222],[129.90306,29.82079],[129.90465,29.81821],[129.90859,29.82093],[129.91551,29.82087],[129.91839,29.8237],[129.91442,29.827],[129.91297,29.83005],[129.90522,29.83473],[129.90321,29.83707],[129.8953,29.84397],[129.89338,29.85364],[129.89417,29.85669],[129.89613,29.85762],[129.89709,29.86035],[129.89495,29.8633],[129.89112,29.86321],[129.89017,29.86482],[129.8924,29.86725],[129.89151,29.87015],[129.88914,29.86925],[129.8866,29.8706],[129.88628,29.87245],[129.88009,29.87466],[129.87522,29.87477],[129.87195,29.87636],[129.86809,29.87717],[129.86809,29.88141],[129.86592,29.88304],[129.86347,29.88161],[129.85912,29.88292],[129.85724,29.88178],[129.85176,29.88374]]],[[[129.62169,29.88421],[129.61892,29.88315],[129.61818,29.87837],[129.6201,29.87571],[129.62195,29.87689],[129.62266,29.88011],[129.62431,29.88237],[129.62169,29.88421]]],[[[129.53685,29.91638],[129.53486,29.91427],[129.53257,29.91509],[129.5302,29.91166],[129.53091,29.90478],[129.53192,29.9023],[129.53216,29.89583],[129.54014,29.89435],[129.54305,29.89253],[129.54418,29.89429],[129.54784,29.89299],[129.55233,29.89384],[129.55446,29.89779],[129.55262,29.8993],[129.5522,29.90382],[129.55006,29.90759],[129.54315,29.91256],[129.5394,29.91287],[129.53685,29.91638]]],[[[129.91673,30.00739],[129.91195,30.00574],[129.90939,30.0011],[129.91247,29.99652],[129.91388,29.99567],[129.91463,29.99145],[129.91215,29.99024],[129.90737,29.986],[129.90404,29.98552],[129.90517,29.98135],[129.90221,29.97791],[129.89949,29.9767],[129.90081,29.97409],[129.90645,29.97263],[129.90578,29.96888],[129.90717,29.96722],[129.90491,29.96533],[129.91368,29.95753],[129.91775,29.9554],[129.92029,29.95607],[129.92422,29.95437],[129.92855,29.95031],[129.93446,29.94896],[129.94192,29.95122],[129.94424,29.9526],[129.94715,29.9599],[129.94463,29.96311],[129.94521,29.96557],[129.94172,29.96974],[129.93659,29.97105],[129.93333,29.97407],[129.93063,29.98007],[129.92259,29.98901],[129.91973,29.99662],[129.91994,29.99858],[129.91714,30.00416],[129.91673,30.00739]]]]}},{"type":"Feature","properties":{"code":"46392","name":"薩摩郡さつま町","pref":"鹿児島県","pref_code":"46","cx":130.50049,"cy":31.92545,"bbox":[130.33791,31.81905,130.62781,32.03197]},"geometry":{"type":"Polygon","coordinates":[[[130.34292,31.97046],[130.34479,31.96719],[130.34484,31.96362],[130.34025,31.96253],[130.33802,31.96113],[130.33791,31.95919],[130.34174,31.95814],[130.34633,31.95206],[130.34632,31.94794],[130.342,31.94657],[130.34793,31.93541],[130.35709,31.93177],[130.36053,31.92941],[130.36963,31.92835],[130.37266,31.92697],[130.37792,31.92625],[130.37903,31.92285],[130.38582,31.91882],[130.38657,31.91727],[130.39066,31.91542],[130.39557,31.90864],[130.39834,31.90856],[130.40163,31.90369],[130.40289,31.89965],[130.40213,31.89864],[130.40324,31.89482],[130.40187,31.89161],[130.40245,31.88699],[130.40394,31.88353],[130.40013,31.87777],[130.4025,31.8682],[130.40154,31.86333],[130.40005,31.86094],[130.40322,31.85867],[130.40346,31.8568],[130.40998,31.85055],[130.41328,31.85076],[130.41477,31.84801],[130.41518,31.84385],[130.41898,31.84488],[130.42539,31.84375],[130.42941,31.84443],[130.43959,31.84087],[130.44032,31.84008],[130.44602,31.83999],[130.44904,31.83865],[130.45215,31.8357],[130.45402,31.83089],[130.45527,31.82454],[130.45646,31.82296],[130.45646,31.81973],[130.45821,31.81905],[130.46123,31.82264],[130.46324,31.82367],[130.46507,31.82754],[130.46552,31.83552],[130.46481,31.8421],[130.46647,31.84302],[130.46541,31.8458],[130.46326,31.84676],[130.4638,31.84973],[130.46093,31.85393],[130.46854,31.85623],[130.46884,31.85909],[130.46538,31.86323],[130.46581,31.86774],[130.46979,31.87133],[130.47239,31.87711],[130.47235,31.88031],[130.47534,31.88234],[130.47449,31.88481],[130.4755,31.89236],[130.48235,31.89299],[130.48589,31.89545],[130.48706,31.89486],[130.48819,31.89068],[130.49508,31.88786],[130.49772,31.88778],[130.50383,31.8906],[130.50744,31.8903],[130.50814,31.89272],[130.50707,31.89508],[130.507,31.899],[130.50558,31.90241],[130.50936,31.90352],[130.51029,31.90219],[130.51842,31.90183],[130.51839,31.89789],[130.52227,31.89741],[130.52635,31.89573],[130.52926,31.89586],[130.53372,31.89402],[130.53901,31.89353],[130.54707,31.89572],[130.54952,31.89397],[130.5529,31.89365],[130.55793,31.895],[130.56052,31.8942],[130.56891,31.89396],[130.5728,31.8911],[130.57688,31.88336],[130.57928,31.88289],[130.58393,31.88023],[130.59389,31.8798],[130.59633,31.88307],[130.60238,31.88773],[130.60692,31.88828],[130.61032,31.88726],[130.61586,31.88802],[130.61949,31.88975],[130.61822,31.89137],[130.60779,31.89991],[130.61349,31.90341],[130.61706,31.91062],[130.61916,31.91341],[130.61858,31.91618],[130.62008,31.91995],[130.62221,31.92149],[130.62034,31.92325],[130.62296,31.92464],[130.62185,31.92987],[130.62378,31.93029],[130.62781,31.93346],[130.62518,31.936],[130.62453,31.94048],[130.62162,31.94219],[130.6201,31.94431],[130.61934,31.94897],[130.61465,31.95119],[130.61348,31.95334],[130.60659,31.95016],[130.60718,31.94866],[130.60306,31.94646],[130.59743,31.94708],[130.59436,31.94598],[130.59279,31.94731],[130.59002,31.95256],[130.5783,31.95307],[130.57256,31.95446],[130.56828,31.96331],[130.56447,31.96676],[130.56302,31.96969],[130.55912,31.97236],[130.55594,31.97248],[130.55243,31.97473],[130.54966,31.98269],[130.54136,31.98945],[130.5354,31.99105],[130.53409,31.99287],[130.53304,31.99801],[130.53523,32.00433],[130.53999,32.00616],[130.53325,32.00919],[130.53087,32.01157],[130.52859,32.01208],[130.52186,32.00958],[130.51676,32.00609],[130.51097,32.00483],[130.50688,32.00692],[130.50405,32.00646],[130.50022,32.00295],[130.4982,32.00292],[130.49665,32.00675],[130.49162,32.01351],[130.49166,32.01573],[130.48709,32.02145],[130.48533,32.02204],[130.48254,32.0265],[130.48233,32.02943],[130.47764,32.03159],[130.47243,32.03197],[130.46947,32.03092],[130.46532,32.03131],[130.46118,32.02938],[130.46336,32.02419],[130.46104,32.02026],[130.46162,32.01657],[130.45965,32.01387],[130.45601,32.01356],[130.457,32.00952],[130.45367,32.00928],[130.45144,32.00748],[130.44907,32.00755],[130.44702,32.00566],[130.44467,32.00723],[130.44239,32.01068],[130.43951,32.01188],[130.43423,32.01136],[130.43005,32.01242],[130.42784,32.01106],[130.41516,32.00766],[130.41376,32.00439],[130.41496,32.00245],[130.41398,31.99799],[130.41136,31.9972],[130.40817,31.99327],[130.40476,31.99531],[130.40162,31.99458],[130.39667,31.99466],[130.39267,31.99324],[130.39101,31.99159],[130.38012,31.99088],[130.37322,31.9888],[130.3676,31.98818],[130.36834,31.98559],[130.36765,31.98084],[130.35784,31.98389],[130.35388,31.98269],[130.3543,31.97962],[130.35306,31.97831],[130.35265,31.97475],[130.34967,31.97242],[130.34292,31.97046]]]}},{"type":"Feature","properties":{"code":"46404","name":"出水郡長島町","pref":"鹿児島県","pref_code":"46","cx":130.15967,"cy":32.15957,"bbox":[130.09102,32.08952,130.26917,32.3064]},"geometry":{"type":"MultiPolygon","coordinates":[[[[130.25726,32.3064],[130.25427,32.30474],[130.24864,32.30362],[130.24773,32.30142],[130.24409,32.30066],[130.24071,32.30126],[130.23808,32.30008],[130.23334,32.29981],[130.23124,32.29609],[130.23339,32.29567],[130.23635,32.29171],[130.23423,32.29056],[130.23237,32.29203],[130.22938,32.28864],[130.22635,32.28965],[130.22305,32.29286],[130.21892,32.28876],[130.21411,32.28195],[130.21367,32.28004],[130.21761,32.27807],[130.21644,32.27548],[130.21344,32.27659],[130.21225,32.27488],[130.21503,32.273],[130.21366,32.26601],[130.21425,32.26343],[130.21252,32.26149],[130.21239,32.25909],[130.20951,32.25496],[130.21345,32.25243],[130.21554,32.25455],[130.21969,32.25656],[130.22049,32.25797],[130.22638,32.26198],[130.23544,32.25592],[130.24196,32.25626],[130.24032,32.25941],[130.2381,32.25958],[130.2354,32.26146],[130.23888,32.26502],[130.24709,32.2679],[130.24753,32.27122],[130.2505,32.27238],[130.25311,32.2746],[130.2578,32.27528],[130.25787,32.27981],[130.25981,32.28127],[130.2676,32.27954],[130.26917,32.28252],[130.26613,32.2884],[130.26507,32.29274],[130.26676,32.29635],[130.25745,32.29937],[130.25362,32.3029],[130.25726,32.3064]]],[[[130.21624,32.22392],[130.22042,32.22691],[130.21805,32.22757],[130.21624,32.22392]]],[[[130.18243,32.22834],[130.17849,32.22675],[130.17915,32.22479],[130.18189,32.22514],[130.18243,32.22834]]],[[[130.17427,32.22942],[130.1708,32.22534],[130.16746,32.22532],[130.1645,32.22203],[130.16448,32.22053],[130.16738,32.21868],[130.16426,32.21482],[130.16164,32.21431],[130.16154,32.21689],[130.15945,32.21958],[130.15918,32.22357],[130.15622,32.22601],[130.15222,32.21888],[130.15501,32.2176],[130.15411,32.21456],[130.14831,32.2167],[130.14836,32.20962],[130.14925,32.20798],[130.15658,32.2041],[130.15466,32.19775],[130.15246,32.20296],[130.14788,32.20442],[130.14116,32.21198],[130.13856,32.21353],[130.1345,32.21401],[130.13143,32.21642],[130.12582,32.21601],[130.12932,32.21089],[130.12424,32.2131],[130.12065,32.21234],[130.11784,32.21497],[130.11206,32.21638],[130.10942,32.21603],[130.10574,32.21352],[130.1058,32.20957],[130.11033,32.21007],[130.11147,32.20704],[130.10887,32.20696],[130.10533,32.20535],[130.10539,32.20381],[130.11841,32.20089],[130.11398,32.19892],[130.10869,32.19973],[130.10843,32.19678],[130.11286,32.19575],[130.11418,32.19386],[130.10651,32.19299],[130.10273,32.1938],[130.10148,32.19279],[130.10782,32.18986],[130.10758,32.18842],[130.09847,32.18919],[130.09643,32.18504],[130.09114,32.1817],[130.09102,32.18017],[130.09778,32.18069],[130.09955,32.17463],[130.10517,32.17391],[130.10874,32.17054],[130.10997,32.16083],[130.11237,32.1583],[130.1155,32.15734],[130.11438,32.15513],[130.11692,32.15034],[130.11389,32.1411],[130.11652,32.1386],[130.11307,32.13011],[130.11305,32.12544],[130.1174,32.1233],[130.11919,32.118],[130.12386,32.11779],[130.12852,32.11511],[130.13133,32.1117],[130.13166,32.10991],[130.13805,32.10516],[130.13994,32.1079],[130.14183,32.10851],[130.14585,32.10636],[130.14989,32.1024],[130.15075,32.09979],[130.14856,32.09388],[130.15075,32.09248],[130.15427,32.09284],[130.15424,32.09089],[130.15718,32.08952],[130.16007,32.09136],[130.16332,32.09027],[130.1675,32.09266],[130.16886,32.0952],[130.16685,32.09728],[130.16909,32.10085],[130.17003,32.1046],[130.17193,32.10614],[130.17643,32.11547],[130.17533,32.11775],[130.17793,32.12248],[130.1738,32.12647],[130.17337,32.1299],[130.17739,32.12798],[130.17937,32.13708],[130.18521,32.13981],[130.18658,32.14277],[130.19302,32.14749],[130.1964,32.14838],[130.20272,32.14818],[130.20525,32.14881],[130.20946,32.15368],[130.20948,32.15726],[130.20646,32.1626],[130.20261,32.16526],[130.20525,32.16914],[130.19705,32.168],[130.19744,32.17116],[130.19498,32.17144],[130.19403,32.1659],[130.1928,32.16384],[130.18725,32.16641],[130.18706,32.17061],[130.18608,32.1732],[130.18684,32.1768],[130.18382,32.17588],[130.18434,32.1793],[130.18861,32.18685],[130.18833,32.18908],[130.19411,32.19098],[130.19959,32.19533],[130.20045,32.19779],[130.19681,32.19763],[130.19387,32.19909],[130.19166,32.19754],[130.18954,32.20276],[130.18657,32.20385],[130.1881,32.20588],[130.18523,32.20941],[130.18667,32.21278],[130.18226,32.21821],[130.17581,32.2212],[130.1764,32.22273],[130.17604,32.2287],[130.17427,32.22942]]],[[[130.18579,32.24427],[130.18257,32.2431],[130.1823,32.2403],[130.18673,32.24272],[130.18579,32.24427]]],[[[130.19464,32.24446],[130.19291,32.24121],[130.19462,32.23828],[130.19486,32.23315],[130.19736,32.23051],[130.19644,32.22675],[130.19303,32.22472],[130.19213,32.22206],[130.18974,32.22261],[130.18777,32.22117],[130.19059,32.2181],[130.19317,32.21794],[130.19527,32.21583],[130.19484,32.21392],[130.19806,32.20985],[130.20133,32.20806],[130.20133,32.21138],[130.19753,32.21485],[130.2025,32.21504],[130.20821,32.21125],[130.20502,32.20924],[130.2049,32.20579],[130.21019,32.21012],[130.21173,32.21435],[130.21129,32.21999],[130.20729,32.21788],[130.20505,32.2194],[130.20917,32.2223],[130.2079,32.22582],[130.20356,32.22614],[130.20113,32.23007],[130.20294,32.23282],[130.20085,32.23557],[130.20156,32.2396],[130.19464,32.24446]]],[[[130.223,32.25474],[130.22328,32.25083],[130.22553,32.25068],[130.22708,32.24622],[130.23,32.24708],[130.22972,32.25054],[130.2257,32.25244],[130.223,32.25474]]],[[[130.18666,32.26896],[130.18588,32.26801],[130.18819,32.26442],[130.18343,32.26286],[130.18409,32.26039],[130.17965,32.2571],[130.17687,32.25399],[130.17424,32.25696],[130.17242,32.25732],[130.17134,32.25384],[130.16786,32.24972],[130.1679,32.24725],[130.16564,32.24484],[130.16643,32.24135],[130.16463,32.24051],[130.15951,32.2422],[130.15891,32.23932],[130.16016,32.23791],[130.16216,32.23281],[130.16635,32.22991],[130.16813,32.23014],[130.16915,32.22594],[130.17068,32.22641],[130.17098,32.22987],[130.17386,32.23528],[130.17661,32.23841],[130.17553,32.24279],[130.17687,32.24519],[130.17553,32.24754],[130.17814,32.24905],[130.17901,32.25126],[130.18392,32.25271],[130.18425,32.2574],[130.1897,32.26131],[130.1886,32.26858],[130.18666,32.26896]]]]}},{"type":"Feature","properties":{"code":"46452","name":"姶良郡湧水町","pref":"鹿児島県","pref_code":"46","cx":130.73232,"cy":31.98031,"bbox":[130.62034,31.90384,130.81645,32.05855]},"geometry":{"type":"Polygon","coordinates":[[[130.81645,31.94124],[130.81481,31.94347],[130.81154,31.94474],[130.80529,31.94983],[130.80109,31.94944],[130.79954,31.9502],[130.79965,31.95684],[130.80105,31.96084],[130.79776,31.96366],[130.7959,31.96644],[130.79451,31.9733],[130.79062,31.97482],[130.78598,31.97858],[130.78419,31.97907],[130.78196,31.98309],[130.78222,31.98566],[130.78117,31.99221],[130.77869,31.99796],[130.77826,32.01364],[130.77687,32.01648],[130.76874,32.02017],[130.76538,32.02317],[130.76145,32.02524],[130.76201,32.0275],[130.75887,32.03003],[130.75847,32.0333],[130.75254,32.03332],[130.74871,32.03473],[130.74747,32.03627],[130.74628,32.04186],[130.74305,32.04177],[130.73789,32.04725],[130.70391,32.05771],[130.70338,32.05855],[130.70229,32.05631],[130.70412,32.0553],[130.70389,32.05222],[130.70224,32.04998],[130.70502,32.0467],[130.70192,32.04456],[130.7024,32.03943],[130.70386,32.03453],[130.70178,32.02957],[130.7024,32.02331],[130.70399,32.01999],[130.70249,32.01511],[130.70483,32.0098],[130.70868,32.00653],[130.7053,32.00204],[130.70519,31.99881],[130.6967,31.99709],[130.69123,31.99417],[130.69014,31.99269],[130.69123,31.98987],[130.68527,31.98653],[130.6836,31.98169],[130.68138,31.98155],[130.68081,31.97867],[130.67888,31.97697],[130.6753,31.97661],[130.67277,31.97199],[130.66967,31.96978],[130.66803,31.96509],[130.66493,31.96044],[130.66582,31.95758],[130.66444,31.95159],[130.66037,31.94813],[130.65721,31.94774],[130.65556,31.94496],[130.64854,31.94001],[130.64089,31.93798],[130.63882,31.93879],[130.63318,31.93659],[130.62629,31.93487],[130.62781,31.93346],[130.62378,31.93029],[130.62185,31.92987],[130.62296,31.92464],[130.62034,31.92325],[130.62221,31.92149],[130.62685,31.92192],[130.62945,31.92022],[130.63332,31.92135],[130.63725,31.92595],[130.63904,31.92408],[130.64543,31.92024],[130.64969,31.92094],[130.65746,31.92324],[130.66092,31.92212],[130.6612,31.9196],[130.67034,31.92253],[130.67244,31.92526],[130.67611,31.92742],[130.68309,31.92411],[130.68432,31.92468],[130.69157,31.92288],[130.69595,31.92048],[130.69824,31.92078],[130.69915,31.91821],[130.70131,31.91602],[130.70457,31.91478],[130.70992,31.91546],[130.71449,31.91357],[130.7186,31.90854],[130.72399,31.91023],[130.72577,31.90761],[130.7255,31.90443],[130.72917,31.90384],[130.73109,31.90567],[130.73071,31.90805],[130.73385,31.90773],[130.7363,31.911],[130.73861,31.91132],[130.74331,31.90987],[130.74923,31.9114],[130.7524,31.91131],[130.75679,31.91524],[130.75814,31.91445],[130.76352,31.91747],[130.76773,31.91825],[130.77702,31.92569],[130.77888,31.92613],[130.78163,31.9296],[130.7857,31.93043],[130.7913,31.93046],[130.80309,31.93584],[130.80367,31.93685],[130.80959,31.93715],[130.8151,31.93978],[130.81645,31.94124]]]}},{"type":"Feature","properties":{"code":"46468","name":"曽於郡大崎町","pref":"鹿児島県","pref_code":"46","cx":130.93734,"cy":31.47452,"bbox":[130.90032,31.39481,131.06042,31.55346]},"geometry":{"type":"MultiPolygon","coordinates":[[[[130.99405,31.48014],[130.98638,31.47906],[130.98473,31.47751],[130.98517,31.47398],[130.98681,31.47086],[130.98405,31.46919],[130.98702,31.46725],[130.98875,31.46851],[130.99284,31.46875],[130.9935,31.47071],[130.99058,31.47289],[130.99052,31.47627],[130.99417,31.47805],[130.99405,31.48014]]],[[[130.95651,31.43785],[130.95959,31.43576],[130.96028,31.42901],[130.96169,31.42303],[130.96169,31.41843],[130.96469,31.41299],[130.9652,31.40995],[130.9749,31.40526],[130.97996,31.40159],[130.98393,31.3968],[131.00374,31.39931],[131.00928,31.3967],[131.01157,31.39669],[131.02118,31.39481],[131.0235,31.40009],[131.0294,31.41041],[131.04096,31.4265],[131.0477,31.43401],[131.06042,31.44616],[131.05605,31.44871],[131.05487,31.44692],[131.05075,31.4443],[131.04917,31.44616],[131.05248,31.44917],[131.05039,31.45476],[131.04837,31.45372],[131.04627,31.45684],[131.05216,31.45725],[131.04444,31.46198],[131.04171,31.46235],[131.03294,31.46075],[131.02735,31.46557],[131.02642,31.46714],[131.02025,31.47267],[131.01577,31.47249],[131.01499,31.4708],[131.01091,31.46737],[131.00812,31.46171],[131.00792,31.45904],[131.00447,31.45841],[131.00271,31.45606],[130.99863,31.45737],[130.99247,31.45447],[130.98368,31.45961],[130.98185,31.46194],[130.98232,31.46375],[130.97652,31.46424],[130.9745,31.46781],[130.97045,31.47079],[130.96766,31.47128],[130.96285,31.47524],[130.96312,31.48044],[130.96603,31.48444],[130.96867,31.49533],[130.97138,31.49729],[130.9695,31.5026],[130.96574,31.50284],[130.96139,31.50083],[130.95919,31.50357],[130.96227,31.50621],[130.96698,31.50669],[130.96909,31.51084],[130.97564,31.50985],[130.97648,31.51487],[130.97201,31.51598],[130.9724,31.52279],[130.97698,31.52492],[130.97216,31.52731],[130.97067,31.52939],[130.97229,31.53101],[130.9722,31.53447],[130.97428,31.53959],[130.9716,31.54031],[130.96771,31.53936],[130.96848,31.53408],[130.96584,31.53285],[130.96315,31.53007],[130.96064,31.53071],[130.95673,31.53477],[130.95393,31.53619],[130.95228,31.53469],[130.94965,31.53526],[130.94614,31.53929],[130.94297,31.54098],[130.9387,31.54016],[130.93344,31.54535],[130.93115,31.54906],[130.92597,31.55109],[130.92597,31.55346],[130.92457,31.55184],[130.91984,31.5504],[130.91747,31.54661],[130.91655,31.54365],[130.91683,31.5379],[130.92008,31.5353],[130.92081,31.52953],[130.91916,31.52289],[130.91743,31.52149],[130.92005,31.51777],[130.91927,31.51516],[130.92255,31.51211],[130.92204,31.50995],[130.91928,31.50607],[130.91498,31.50219],[130.90569,31.50187],[130.90253,31.50234],[130.90032,31.49932],[130.90045,31.4928],[130.90153,31.48656],[130.90367,31.48227],[130.90772,31.48094],[130.91132,31.4738],[130.9152,31.47135],[130.91618,31.4679],[130.92019,31.46795],[130.92361,31.46906],[130.9284,31.46749],[130.93249,31.46774],[130.94017,31.4664],[130.9453,31.46433],[130.94549,31.46213],[130.94793,31.45748],[130.94958,31.45204],[130.95326,31.44544],[130.95651,31.43785]],[[130.93884,31.51365],[130.93889,31.50993],[130.93779,31.50625],[130.93562,31.50444],[130.93177,31.504],[130.9301,31.50649],[130.93004,31.50881],[130.93476,31.51382],[130.9382,31.51574],[130.93884,31.51365]],[[130.96346,31.51777],[130.96486,31.51524],[130.95922,31.51631],[130.96131,31.51853],[130.96346,31.51777]],[[130.94914,31.53074],[130.94556,31.53011],[130.94606,31.53273],[130.94914,31.53074]]]]}},{"type":"Feature","properties":{"code":"46482","name":"肝属郡東串良町","pref":"鹿児島県","pref_code":"46","cx":130.99105,"cy":31.39278,"bbox":[130.95266,31.3502,131.03539,31.43785]},"geometry":{"type":"MultiPolygon","coordinates":[[[[131.03539,31.36789],[131.0347,31.3751],[131.03243,31.3778],[131.02242,31.37702],[131.02235,31.37206],[131.02079,31.3695],[131.02041,31.36456],[131.02536,31.36324],[131.02504,31.3658],[131.0284,31.3673],[131.03539,31.36789]]],[[[130.96902,31.36805],[130.97131,31.36666],[130.9731,31.3614],[130.97064,31.36075],[130.9705,31.35537],[130.97413,31.35325],[130.97548,31.35451],[130.97462,31.3575],[130.97562,31.36047],[130.97891,31.35838],[130.97668,31.35329],[130.97874,31.35034],[130.98134,31.3502],[130.98596,31.35291],[130.98499,31.35532],[130.98664,31.35735],[130.99828,31.35652],[131.0082,31.35951],[131.01066,31.36129],[131.01348,31.35863],[131.01574,31.35883],[131.01467,31.36069],[131.01566,31.36396],[131.01481,31.3652],[131.01576,31.37574],[131.01707,31.38327],[131.01918,31.39075],[131.02118,31.39481],[131.01157,31.39669],[131.00928,31.3967],[131.00374,31.39931],[130.98393,31.3968],[130.97996,31.40159],[130.9749,31.40526],[130.9652,31.40995],[130.96469,31.41299],[130.96169,31.41843],[130.96169,31.42303],[130.96028,31.42901],[130.95959,31.43576],[130.95651,31.43785],[130.95368,31.43512],[130.95501,31.43299],[130.95448,31.42984],[130.95543,31.42484],[130.95266,31.42018],[130.95453,31.4124],[130.95649,31.40997],[130.95869,31.40936],[130.95992,31.40718],[130.95846,31.40361],[130.95921,31.39909],[130.96203,31.39652],[130.96244,31.39486],[130.96071,31.38804],[130.96166,31.38103],[130.96358,31.37939],[130.96561,31.38082],[130.97135,31.37892],[130.96986,31.37644],[130.96567,31.37475],[130.96536,31.37302],[130.96809,31.3703],[130.96902,31.36805]]]]}},{"type":"Feature","properties":{"code":"46490","name":"肝属郡錦江町","pref":"鹿児島県","pref_code":"46","cx":130.88635,"cy":31.21603,"bbox":[130.76768,31.12175,130.94476,31.31019]},"geometry":{"type":"Polygon","coordinates":[[[130.79303,31.29571],[130.79497,31.29494],[130.79578,31.29167],[130.79461,31.2876],[130.79494,31.2851],[130.79233,31.28301],[130.79192,31.27929],[130.79307,31.27802],[130.79088,31.27269],[130.79118,31.26977],[130.78928,31.26659],[130.7883,31.26072],[130.78738,31.25943],[130.78878,31.25504],[130.79026,31.2539],[130.78812,31.24869],[130.78446,31.24584],[130.77288,31.23868],[130.77238,31.23543],[130.76883,31.2304],[130.76887,31.22718],[130.76768,31.22531],[130.77467,31.22446],[130.7771,31.22743],[130.78163,31.23002],[130.78692,31.22956],[130.78922,31.23257],[130.79143,31.22988],[130.79395,31.23123],[130.79774,31.23164],[130.79783,31.23302],[130.80157,31.23514],[130.80496,31.23499],[130.80991,31.23098],[130.81063,31.22615],[130.81434,31.223],[130.8185,31.22347],[130.82166,31.23801],[130.8281,31.24395],[130.83193,31.24192],[130.83786,31.24055],[130.83882,31.23544],[130.84278,31.23239],[130.84649,31.225],[130.84858,31.22402],[130.84796,31.21802],[130.84958,31.21534],[130.84707,31.21355],[130.84291,31.21314],[130.83877,31.21061],[130.83143,31.21264],[130.82907,31.20872],[130.82389,31.20362],[130.8158,31.20279],[130.81394,31.20491],[130.80795,31.20635],[130.80862,31.19993],[130.80749,31.19756],[130.81287,31.19554],[130.81553,31.19052],[130.81463,31.18861],[130.81617,31.18606],[130.82079,31.18713],[130.82472,31.18164],[130.82819,31.17507],[130.83328,31.17178],[130.83194,31.16774],[130.83307,31.1649],[130.83584,31.16173],[130.8431,31.15786],[130.8378,31.15638],[130.83981,31.15381],[130.8447,31.15645],[130.8463,31.15395],[130.84585,31.14771],[130.84324,31.14603],[130.83964,31.14542],[130.8345,31.14128],[130.83375,31.13806],[130.83202,31.13732],[130.83759,31.12969],[130.84291,31.12857],[130.8436,31.1266],[130.84946,31.12581],[130.85644,31.12612],[130.85937,31.12304],[130.86326,31.12175],[130.86852,31.12525],[130.87157,31.12544],[130.87271,31.12778],[130.87799,31.12957],[130.88225,31.12986],[130.88669,31.13188],[130.88687,31.1339],[130.89034,31.13505],[130.89254,31.13813],[130.89311,31.14082],[130.89722,31.14178],[130.8973,31.14316],[130.9096,31.14901],[130.9084,31.15145],[130.90775,31.15591],[130.91225,31.15809],[130.91673,31.1614],[130.91736,31.16489],[130.91958,31.16461],[130.92486,31.16795],[130.92841,31.17177],[130.93058,31.1727],[130.93157,31.17542],[130.93615,31.17633],[130.93798,31.17894],[130.94015,31.1799],[130.94204,31.18384],[130.94476,31.18502],[130.94155,31.18835],[130.93839,31.18874],[130.93842,31.19205],[130.93261,31.19391],[130.93173,31.19546],[130.92564,31.19511],[130.91851,31.19645],[130.91539,31.19484],[130.91047,31.19992],[130.91052,31.20367],[130.91287,31.2069],[130.91957,31.21343],[130.9246,31.21672],[130.92738,31.22087],[130.92547,31.22455],[130.9262,31.22779],[130.92468,31.22931],[130.92094,31.22946],[130.91693,31.23067],[130.91454,31.23535],[130.91092,31.23945],[130.90715,31.23991],[130.90355,31.24252],[130.90285,31.24715],[130.89944,31.25199],[130.89411,31.2499],[130.88982,31.24914],[130.88775,31.2506],[130.88535,31.25515],[130.88258,31.25875],[130.88035,31.2599],[130.87716,31.26456],[130.8753,31.26887],[130.8702,31.27086],[130.8667,31.26979],[130.86209,31.27107],[130.85967,31.27399],[130.86366,31.27792],[130.86313,31.282],[130.86788,31.2894],[130.86726,31.29426],[130.86485,31.29534],[130.86255,31.29837],[130.85521,31.30029],[130.85402,31.29957],[130.84541,31.30071],[130.84042,31.30583],[130.83475,31.30837],[130.83231,31.30805],[130.82644,31.309],[130.82344,31.30726],[130.8207,31.30698],[130.81446,31.30876],[130.81191,31.31019],[130.80953,31.30967],[130.80647,31.30615],[130.80449,31.29954],[130.79809,31.29956],[130.79303,31.29571]]]}},{"type":"Feature","properties":{"code":"46491","name":"肝属郡南大隅町","pref":"鹿児島県","pref_code":"46","cx":130.81509,"cy":31.11832,"bbox":[130.65321,30.99525,130.90113,31.24395]},"geometry":{"type":"Polygon","coordinates":[[[130.76768,31.22531],[130.76109,31.21691],[130.75689,31.21549],[130.75616,31.2135],[130.75367,31.21195],[130.75467,31.20663],[130.75321,31.20321],[130.75728,31.19653],[130.7622,31.19325],[130.76643,31.18522],[130.76676,31.18062],[130.76563,31.17784],[130.76228,31.17417],[130.76099,31.17068],[130.7587,31.16755],[130.75872,31.16448],[130.75654,31.16124],[130.75572,31.1561],[130.75413,31.15425],[130.75373,31.15104],[130.74746,31.13931],[130.74412,31.13145],[130.74134,31.13025],[130.73702,31.12478],[130.73498,31.12041],[130.73332,31.11983],[130.73099,31.11681],[130.7281,31.11675],[130.72265,31.11476],[130.71657,31.11539],[130.71408,31.11488],[130.70194,31.10208],[130.6986,31.09942],[130.69441,31.09872],[130.69159,31.09574],[130.68772,31.09704],[130.68531,31.09509],[130.68639,31.0932],[130.68566,31.0908],[130.68279,31.08892],[130.67538,31.08724],[130.67236,31.08713],[130.66788,31.08524],[130.66185,31.0783],[130.6585,31.07595],[130.65763,31.07382],[130.65321,31.07045],[130.65405,31.06953],[130.65804,31.07135],[130.66934,31.06846],[130.67417,31.06542],[130.67466,31.06281],[130.67813,31.06158],[130.67616,31.05782],[130.67352,31.05652],[130.67714,31.05239],[130.67566,31.05087],[130.67473,31.04452],[130.67688,31.04275],[130.67688,31.03405],[130.67551,31.03087],[130.67117,31.0262],[130.67216,31.0244],[130.66837,31.02273],[130.66772,31.01935],[130.66343,31.01523],[130.66493,31.01175],[130.66248,31.01063],[130.6607,31.0082],[130.65669,31.00694],[130.65632,31.00321],[130.66017,30.99525],[130.66193,30.99775],[130.66659,30.99722],[130.66777,31.00247],[130.66653,31.00472],[130.66838,31.00847],[130.67324,31.00942],[130.67734,31.0079],[130.67897,31.00562],[130.68286,31.00387],[130.68482,31.00731],[130.68431,31.00901],[130.68853,31.0146],[130.68789,31.01729],[130.68571,31.02107],[130.68353,31.02117],[130.68385,31.02511],[130.68555,31.02605],[130.68905,31.02543],[130.68906,31.02348],[130.69217,31.0225],[130.69721,31.02322],[130.69971,31.0283],[130.70391,31.02776],[130.70635,31.02924],[130.70724,31.03134],[130.71066,31.03113],[130.7146,31.02908],[130.71858,31.03177],[130.71876,31.03349],[130.71454,31.03632],[130.71646,31.03768],[130.71582,31.0423],[130.71929,31.04597],[130.72108,31.0447],[130.7266,31.04579],[130.73741,31.05125],[130.74322,31.0525],[130.74257,31.05497],[130.74476,31.05928],[130.7478,31.06092],[130.75176,31.06143],[130.75487,31.05977],[130.75481,31.05769],[130.75854,31.05708],[130.76067,31.05893],[130.76248,31.06223],[130.76731,31.06592],[130.77306,31.06706],[130.77793,31.06606],[130.78269,31.06914],[130.78338,31.07147],[130.78992,31.07422],[130.7923,31.0742],[130.79249,31.07888],[130.79436,31.08173],[130.79714,31.082],[130.79799,31.08376],[130.80215,31.08403],[130.80677,31.08091],[130.8068,31.08377],[130.80825,31.08726],[130.81289,31.0892],[130.81503,31.08807],[130.81945,31.08924],[130.82179,31.08736],[130.82843,31.08996],[130.82749,31.09138],[130.83046,31.09378],[130.83372,31.09341],[130.83686,31.09154],[130.84479,31.08974],[130.85104,31.09045],[130.85306,31.09204],[130.85563,31.09167],[130.85872,31.0936],[130.86161,31.09332],[130.8659,31.09526],[130.87385,31.09501],[130.87729,31.09883],[130.88368,31.10296],[130.88884,31.10576],[130.89253,31.10698],[130.89437,31.10868],[130.89877,31.1097],[130.90113,31.11315],[130.89922,31.11682],[130.89569,31.12123],[130.89236,31.12262],[130.88552,31.12345],[130.88575,31.1253],[130.88391,31.1288],[130.88225,31.12986],[130.87799,31.12957],[130.87271,31.12778],[130.87157,31.12544],[130.86852,31.12525],[130.86326,31.12175],[130.85937,31.12304],[130.85644,31.12612],[130.84946,31.12581],[130.8436,31.1266],[130.84291,31.12857],[130.83759,31.12969],[130.83202,31.13732],[130.83375,31.13806],[130.8345,31.14128],[130.83964,31.14542],[130.84324,31.14603],[130.84585,31.14771],[130.8463,31.15395],[130.8447,31.15645],[130.83981,31.15381],[130.8378,31.15638],[130.8431,31.15786],[130.83584,31.16173],[130.83307,31.1649],[130.83194,31.16774],[130.83328,31.17178],[130.82819,31.17507],[130.82472,31.18164],[130.82079,31.18713],[130.81617,31.18606],[130.81463,31.18861],[130.81553,31.19052],[130.81287,31.19554],[130.80749,31.19756],[130.80862,31.19993],[130.80795,31.20635],[130.81394,31.20491],[130.8158,31.20279],[130.82389,31.20362],[130.82907,31.20872],[130.83143,31.21264],[130.83877,31.21061],[130.84291,31.21314],[130.84707,31.21355],[130.84958,31.21534],[130.84796,31.21802],[130.84858,31.22402],[130.84649,31.225],[130.84278,31.23239],[130.83882,31.23544],[130.83786,31.24055],[130.83193,31.24192],[130.8281,31.24395],[130.82166,31.23801],[130.8185,31.22347],[130.81434,31.223],[130.81063,31.22615],[130.80991,31.23098],[130.80496,31.23499],[130.80157,31.23514],[130.79783,31.23302],[130.79774,31.23164],[130.79395,31.23123],[130.79143,31.22988],[130.78922,31.23257],[130.78692,31.22956],[130.78163,31.23002],[130.7771,31.22743],[130.77467,31.22446],[130.76768,31.22531]]]}},{"type":"Feature","properties":{"code":"46492","name":"肝属郡肝付町","pref":"鹿児島県","pref_code":"46","cx":131.01424,"cy":31.25473,"bbox":[130.88225,31.11247,131.13166,31.39623]},"geometry":{"type":"MultiPolygon","coordinates":[[[[131.02536,31.36324],[131.0329,31.36382],[131.03564,31.3645],[131.03539,31.36789],[131.0284,31.3673],[131.02504,31.3658],[131.02536,31.36324]]],[[[130.9262,31.22779],[130.92547,31.22455],[130.92738,31.22087],[130.9246,31.21672],[130.91957,31.21343],[130.91287,31.2069],[130.91052,31.20367],[130.91047,31.19992],[130.91539,31.19484],[130.91851,31.19645],[130.92564,31.19511],[130.93173,31.19546],[130.93261,31.19391],[130.93842,31.19205],[130.93839,31.18874],[130.94155,31.18835],[130.94476,31.18502],[130.94204,31.18384],[130.94015,31.1799],[130.93798,31.17894],[130.93615,31.17633],[130.93157,31.17542],[130.93058,31.1727],[130.92841,31.17177],[130.92486,31.16795],[130.91958,31.16461],[130.91736,31.16489],[130.91673,31.1614],[130.91225,31.15809],[130.90775,31.15591],[130.9084,31.15145],[130.9096,31.14901],[130.8973,31.14316],[130.89722,31.14178],[130.89311,31.14082],[130.89254,31.13813],[130.89034,31.13505],[130.88687,31.1339],[130.88669,31.13188],[130.88225,31.12986],[130.88391,31.1288],[130.88575,31.1253],[130.88552,31.12345],[130.89236,31.12262],[130.89569,31.12123],[130.89922,31.11682],[130.90113,31.11315],[130.90476,31.11344],[130.91075,31.11247],[130.91591,31.11345],[130.91848,31.11668],[130.92034,31.12124],[130.91914,31.12344],[130.92166,31.12518],[130.92872,31.12342],[130.92979,31.12506],[130.93563,31.12565],[130.93976,31.12745],[130.94751,31.13276],[130.95055,31.13303],[130.96271,31.13837],[130.96521,31.14139],[130.96904,31.14267],[130.97458,31.14661],[130.97546,31.14874],[130.9792,31.15191],[130.97867,31.15716],[130.97161,31.16016],[130.97258,31.16651],[130.97773,31.16887],[130.98229,31.16851],[130.98824,31.16913],[130.99336,31.16871],[130.9951,31.17082],[130.99135,31.17274],[130.98747,31.17313],[130.98743,31.17617],[130.98506,31.1786],[130.98607,31.1812],[130.98855,31.18174],[130.99239,31.18484],[130.99657,31.18553],[130.99865,31.18804],[131.00065,31.18755],[131.00328,31.1898],[131.00236,31.19357],[131.00506,31.19721],[131.00434,31.19844],[131.00805,31.2021],[131.00989,31.20497],[131.00851,31.20817],[131.0099,31.21079],[131.00648,31.21479],[131.00678,31.2171],[131.00923,31.2203],[131.01753,31.22814],[131.02825,31.22791],[131.03584,31.22604],[131.04207,31.22834],[131.04294,31.22722],[131.04998,31.22469],[131.05236,31.22615],[131.06281,31.22694],[131.06645,31.22792],[131.06822,31.23021],[131.07248,31.2336],[131.07706,31.23844],[131.07635,31.23986],[131.08003,31.24469],[131.0844,31.24533],[131.08375,31.24698],[131.08635,31.24971],[131.09597,31.25389],[131.09958,31.25742],[131.10809,31.25946],[131.11052,31.26285],[131.111,31.26575],[131.11302,31.26758],[131.11592,31.26794],[131.11841,31.27115],[131.12204,31.27103],[131.12615,31.27477],[131.12969,31.27689],[131.13166,31.28005],[131.13018,31.28476],[131.12683,31.28633],[131.12154,31.28665],[131.12041,31.28212],[131.11725,31.27973],[131.11231,31.27871],[131.11088,31.27686],[131.1072,31.27565],[131.10333,31.2774],[131.10148,31.2768],[131.09747,31.27748],[131.09556,31.27914],[131.09197,31.27907],[131.08848,31.27603],[131.08451,31.27649],[131.08357,31.27473],[131.07617,31.27981],[131.07391,31.28467],[131.07349,31.29149],[131.08431,31.29559],[131.08644,31.29723],[131.09091,31.30524],[131.09688,31.30709],[131.10099,31.31107],[131.10436,31.31285],[131.10734,31.3157],[131.10288,31.31806],[131.10545,31.32319],[131.10365,31.32628],[131.10464,31.32791],[131.10889,31.33017],[131.1061,31.33322],[131.10328,31.33382],[131.09923,31.33224],[131.0948,31.33441],[131.08994,31.33488],[131.08628,31.33667],[131.08268,31.33647],[131.07759,31.33844],[131.07541,31.34055],[131.06797,31.34041],[131.06721,31.34134],[131.06219,31.34139],[131.05833,31.3438],[131.05169,31.34568],[131.04789,31.34865],[131.04472,31.34885],[131.03694,31.35178],[131.03311,31.3517],[131.02915,31.35334],[131.02329,31.35436],[131.01699,31.35707],[131.01574,31.35883],[131.01348,31.35863],[131.01066,31.36129],[131.0082,31.35951],[130.99828,31.35652],[130.98664,31.35735],[130.98499,31.35532],[130.98596,31.35291],[130.98134,31.3502],[130.97874,31.35034],[130.97668,31.35329],[130.97891,31.35838],[130.97562,31.36047],[130.97462,31.3575],[130.97548,31.35451],[130.97413,31.35325],[130.9705,31.35537],[130.97064,31.36075],[130.9731,31.3614],[130.97131,31.36666],[130.96902,31.36805],[130.96727,31.36487],[130.9643,31.36336],[130.96082,31.36333],[130.95784,31.36477],[130.95255,31.36235],[130.94952,31.36265],[130.94573,31.36423],[130.94254,31.36301],[130.94089,31.3608],[130.93571,31.35915],[130.92931,31.35879],[130.92904,31.3615],[130.91427,31.36739],[130.90775,31.3728],[130.90564,31.3781],[130.90594,31.3802],[130.90824,31.38463],[130.90766,31.39057],[130.90245,31.39215],[130.90219,31.394],[130.89558,31.39623],[130.8948,31.38875],[130.89561,31.38139],[130.89736,31.37335],[130.90131,31.37127],[130.90402,31.36885],[130.90408,31.36406],[130.90621,31.36144],[130.91143,31.36069],[130.91455,31.35823],[130.91598,31.34959],[130.91523,31.34185],[130.91671,31.3379],[130.91558,31.3353],[130.9158,31.33136],[130.91737,31.32595],[130.91647,31.32227],[130.91742,31.31538],[130.92185,31.30875],[130.92519,31.30518],[130.92462,31.30229],[130.92489,31.29736],[130.92792,31.29453],[130.9308,31.28686],[130.92792,31.28465],[130.92498,31.28053],[130.92608,31.27959],[130.92682,31.27488],[130.92804,31.27371],[130.92965,31.26657],[130.93289,31.26134],[130.933,31.25882],[130.93131,31.25557],[130.93223,31.25337],[130.93464,31.25189],[130.93763,31.24815],[130.93864,31.24431],[130.93551,31.23371],[130.93234,31.2311],[130.9262,31.22779]]]]}},{"type":"Feature","properties":{"code":"46501","name":"熊毛郡中種子町","pref":"鹿児島県","pref_code":"46","cx":130.96391,"cy":30.54416,"bbox":[130.88138,30.44373,131.03517,30.64389]},"geometry":{"type":"Polygon","coordinates":[[[130.9492,30.63565],[130.95049,30.63246],[130.94977,30.62318],[130.95072,30.61258],[130.94925,30.61019],[130.94935,30.60601],[130.95135,30.59871],[130.95064,30.59728],[130.95341,30.59337],[130.952,30.5876],[130.94512,30.57118],[130.93461,30.55131],[130.91547,30.51986],[130.89755,30.49536],[130.89579,30.4938],[130.88801,30.49027],[130.88703,30.48869],[130.88236,30.4866],[130.88138,30.48163],[130.88295,30.47935],[130.88564,30.47851],[130.88771,30.4738],[130.89558,30.47024],[130.89723,30.47089],[130.90244,30.46656],[130.90355,30.46259],[130.90357,30.458],[130.90683,30.45098],[130.91674,30.44523],[130.92322,30.44373],[130.92826,30.44516],[130.93033,30.44686],[130.93614,30.44864],[130.94126,30.44562],[130.94324,30.44872],[130.94776,30.45125],[130.95282,30.44757],[130.9592,30.45001],[130.96013,30.4519],[130.96326,30.45262],[130.96139,30.45426],[130.96139,30.4569],[130.95925,30.45719],[130.95854,30.45974],[130.96059,30.46283],[130.96327,30.46469],[130.96569,30.46261],[130.9685,30.46266],[130.96909,30.47015],[130.96478,30.47471],[130.96262,30.4786],[130.96397,30.48261],[130.96878,30.4868],[130.97261,30.49201],[130.97386,30.49263],[130.97682,30.49755],[130.97652,30.49892],[130.97892,30.50183],[130.97747,30.50671],[130.97929,30.50905],[130.979,30.51506],[130.9816,30.51986],[130.98502,30.52449],[130.98945,30.52849],[130.99516,30.53093],[130.99581,30.53409],[130.99579,30.54021],[130.99935,30.54811],[131.00377,30.55037],[131.00837,30.55052],[131.01357,30.54842],[131.01526,30.5508],[131.02043,30.55349],[131.02239,30.55281],[131.0236,30.55637],[131.02902,30.55812],[131.0273,30.56103],[131.03198,30.56719],[131.03403,30.5711],[131.03266,30.57355],[131.03517,30.5751],[131.03394,30.58033],[131.03215,30.58397],[131.03292,30.58752],[131.02881,30.58793],[131.02744,30.59117],[131.02378,30.59358],[131.02135,30.59726],[131.01752,30.59914],[131.01262,30.60052],[131.0086,30.60286],[131.00753,30.60527],[131.00331,30.60656],[131.001,30.6081],[130.99647,30.60837],[130.99355,30.61076],[130.98969,30.61178],[130.98876,30.61341],[130.9852,30.615],[130.98399,30.6179],[130.98791,30.62256],[130.98192,30.62491],[130.97933,30.62986],[130.97941,30.6374],[130.98041,30.63878],[130.98024,30.64227],[130.97574,30.64389],[130.96996,30.64061],[130.96874,30.63915],[130.9625,30.63851],[130.95839,30.63872],[130.9539,30.63805],[130.9492,30.63565]]]}},{"type":"Feature","properties":{"code":"46502","name":"熊毛郡南種子町","pref":"鹿児島県","pref_code":"46","cx":130.91736,"cy":30.4148,"bbox":[130.84872,30.34373,130.9813,30.48163]},"geometry":{"type":"Polygon","coordinates":[[[130.88138,30.48163],[130.87833,30.47908],[130.87502,30.47231],[130.87444,30.46802],[130.86945,30.4638],[130.86505,30.46383],[130.8607,30.46635],[130.85101,30.46818],[130.84872,30.46499],[130.85097,30.46209],[130.85251,30.45773],[130.8532,30.4515],[130.85129,30.44839],[130.85271,30.44684],[130.85383,30.44158],[130.85919,30.43257],[130.86014,30.42765],[130.86307,30.42372],[130.86564,30.41706],[130.86632,30.4015],[130.86448,30.39546],[130.86577,30.39348],[130.86375,30.38912],[130.86331,30.38478],[130.85928,30.37929],[130.85755,30.37022],[130.85938,30.36726],[130.86117,30.36004],[130.86281,30.35753],[130.86818,30.3537],[130.8697,30.35089],[130.86997,30.34713],[130.87241,30.34472],[130.87575,30.3461],[130.88301,30.34373],[130.88654,30.3505],[130.89276,30.35683],[130.89636,30.35938],[130.90426,30.36381],[130.91071,30.36659],[130.9234,30.37124],[130.92887,30.37251],[130.93651,30.37532],[130.94407,30.37611],[130.94495,30.3738],[130.94848,30.37505],[130.95561,30.37337],[130.95851,30.37091],[130.96415,30.37339],[130.96775,30.37282],[130.96313,30.3803],[130.96284,30.38382],[130.96511,30.39204],[130.96707,30.39433],[130.97624,30.39986],[130.9813,30.39883],[130.97845,30.40289],[130.97258,30.40749],[130.96954,30.41254],[130.96829,30.41757],[130.96988,30.42087],[130.96789,30.42118],[130.96899,30.42486],[130.97272,30.42749],[130.97321,30.42953],[130.97773,30.433],[130.97728,30.43572],[130.97926,30.43824],[130.97592,30.43921],[130.972,30.44203],[130.97486,30.44546],[130.97299,30.44796],[130.97056,30.44743],[130.96861,30.44933],[130.96326,30.45262],[130.96013,30.4519],[130.9592,30.45001],[130.95282,30.44757],[130.94776,30.45125],[130.94324,30.44872],[130.94126,30.44562],[130.93614,30.44864],[130.93033,30.44686],[130.92826,30.44516],[130.92322,30.44373],[130.91674,30.44523],[130.90683,30.45098],[130.90357,30.458],[130.90355,30.46259],[130.90244,30.46656],[130.89723,30.47089],[130.89558,30.47024],[130.88771,30.4738],[130.88564,30.47851],[130.88295,30.47935],[130.88138,30.48163]]]}},{"type":"Feature","properties":{"code":"46505","name":"熊毛郡屋久島町","pref":"鹿児島県","pref_code":"46","cx":130.52463,"cy":30.34614,"bbox":[130.14558,30.22659,130.67155,30.4903]},"geometry":{"type":"MultiPolygon","coordinates":[[[[130.49798,30.46947],[130.49352,30.46676],[130.4933,30.46336],[130.49486,30.46213],[130.49656,30.45593],[130.49232,30.45407],[130.48813,30.45424],[130.48895,30.45837],[130.48435,30.45842],[130.4818,30.45979],[130.47921,30.45819],[130.476,30.46057],[130.4715,30.46145],[130.46893,30.45974],[130.46885,30.45736],[130.46432,30.45715],[130.46312,30.45412],[130.46596,30.45034],[130.46646,30.44646],[130.4643,30.43724],[130.46004,30.43221],[130.45629,30.43153],[130.45241,30.4327],[130.44719,30.42859],[130.44417,30.42318],[130.44027,30.42102],[130.4352,30.40979],[130.43069,30.40545],[130.42847,30.40516],[130.42398,30.39963],[130.41917,30.39611],[130.41243,30.39602],[130.40595,30.39756],[130.39605,30.39727],[130.39057,30.39666],[130.38764,30.39218],[130.38135,30.39356],[130.37834,30.39211],[130.38081,30.38907],[130.37868,30.38584],[130.37966,30.38362],[130.37738,30.38253],[130.37711,30.37981],[130.37837,30.37729],[130.37664,30.37569],[130.3771,30.3722],[130.37902,30.37044],[130.38002,30.36553],[130.37965,30.36077],[130.38277,30.35867],[130.38274,30.35374],[130.3809,30.35122],[130.38431,30.3434],[130.38641,30.34251],[130.38768,30.34007],[130.38676,30.33561],[130.38823,30.33391],[130.39203,30.32167],[130.39381,30.31876],[130.3964,30.31729],[130.40051,30.31716],[130.40307,30.31595],[130.40527,30.31262],[130.40692,30.30541],[130.40974,30.29826],[130.41303,30.29711],[130.41075,30.29386],[130.41376,30.28809],[130.41342,30.28422],[130.41201,30.28141],[130.41364,30.27568],[130.4142,30.27108],[130.41284,30.26983],[130.41316,30.26606],[130.41724,30.2673],[130.42104,30.26718],[130.42306,30.26479],[130.42398,30.26151],[130.42693,30.25675],[130.4306,30.2546],[130.43059,30.2512],[130.4354,30.24438],[130.43644,30.24064],[130.44283,30.23682],[130.44594,30.23772],[130.45124,30.2355],[130.46323,30.23447],[130.46544,30.23499],[130.47077,30.23318],[130.47674,30.23424],[130.48241,30.23167],[130.4831,30.23051],[130.48884,30.22745],[130.49541,30.22701],[130.49824,30.23077],[130.50285,30.2331],[130.50406,30.23093],[130.50865,30.23195],[130.51203,30.2318],[130.51479,30.23023],[130.51859,30.23048],[130.52091,30.22912],[130.52164,30.22659],[130.52522,30.22788],[130.52677,30.23052],[130.52906,30.22983],[130.53018,30.23375],[130.53237,30.23407],[130.53797,30.22984],[130.54142,30.23134],[130.54543,30.23012],[130.54827,30.23122],[130.55044,30.23398],[130.55414,30.23425],[130.55727,30.23205],[130.55923,30.23582],[130.56661,30.23687],[130.56949,30.23777],[130.57235,30.23642],[130.5767,30.23742],[130.58086,30.24027],[130.58211,30.23889],[130.58556,30.24035],[130.58692,30.24417],[130.58932,30.2456],[130.59155,30.24883],[130.59735,30.2488],[130.60472,30.25318],[130.60457,30.2581],[130.60697,30.26166],[130.61016,30.26306],[130.6116,30.26546],[130.6155,30.26655],[130.61864,30.2708],[130.62274,30.27249],[130.62407,30.27551],[130.62843,30.28053],[130.63406,30.28228],[130.63803,30.2874],[130.63918,30.28978],[130.64404,30.29283],[130.64503,30.29462],[130.65129,30.29757],[130.65366,30.29941],[130.65786,30.30591],[130.65652,30.31155],[130.65546,30.3132],[130.66028,30.31677],[130.66212,30.32273],[130.6632,30.33086],[130.66443,30.33292],[130.66306,30.3348],[130.66356,30.33934],[130.66719,30.34887],[130.66569,30.35139],[130.66614,30.35726],[130.67155,30.3718],[130.67019,30.37709],[130.66825,30.38061],[130.66574,30.38223],[130.66315,30.38595],[130.65749,30.38986],[130.65662,30.3916],[130.65357,30.39226],[130.6492,30.3946],[130.64434,30.3983],[130.6387,30.4012],[130.63585,30.40078],[130.62976,30.40118],[130.62544,30.40222],[130.62096,30.40448],[130.61116,30.40759],[130.60837,30.40676],[130.60409,30.40886],[130.59934,30.40978],[130.59688,30.41311],[130.5978,30.4174],[130.59587,30.41865],[130.59247,30.41808],[130.58978,30.42004],[130.5865,30.42072],[130.58354,30.42314],[130.58,30.42479],[130.57869,30.42347],[130.57325,30.42604],[130.57381,30.42805],[130.57083,30.4294],[130.57086,30.43227],[130.5673,30.43411],[130.56198,30.43567],[130.56081,30.43715],[130.55735,30.43788],[130.55237,30.44255],[130.54921,30.4432],[130.54714,30.44191],[130.54341,30.44713],[130.53873,30.44834],[130.5365,30.44714],[130.53307,30.4472],[130.53065,30.44886],[130.52792,30.44789],[130.52793,30.44445],[130.52175,30.44703],[130.51772,30.45132],[130.51849,30.45318],[130.51075,30.45595],[130.5087,30.45419],[130.50673,30.45528],[130.50384,30.45302],[130.49939,30.45272],[130.49815,30.45538],[130.50097,30.45776],[130.49897,30.46052],[130.49798,30.46947]]],[[[130.14693,30.4903],[130.14558,30.48563],[130.14943,30.48324],[130.14999,30.47892],[130.1548,30.47743],[130.15956,30.47363],[130.1662,30.4704],[130.17052,30.46144],[130.16879,30.45786],[130.17132,30.45629],[130.17345,30.45663],[130.17772,30.45558],[130.18248,30.4568],[130.18506,30.45952],[130.19153,30.46348],[130.19567,30.46135],[130.19599,30.45635],[130.18983,30.45357],[130.18934,30.44962],[130.19239,30.4441],[130.19142,30.4415],[130.19262,30.43906],[130.19796,30.43402],[130.20097,30.43323],[130.2032,30.42812],[130.20998,30.42536],[130.20975,30.42208],[130.21194,30.42192],[130.21582,30.42509],[130.2197,30.42524],[130.22613,30.42401],[130.2295,30.42479],[130.23017,30.42833],[130.23363,30.43067],[130.23453,30.43502],[130.23948,30.43663],[130.24483,30.43671],[130.24821,30.43821],[130.25352,30.43867],[130.25742,30.43658],[130.26087,30.43305],[130.26372,30.43388],[130.26588,30.43985],[130.26355,30.44151],[130.26504,30.44478],[130.26479,30.44829],[130.26288,30.4478],[130.25631,30.45131],[130.25332,30.45363],[130.25047,30.45375],[130.25006,30.45647],[130.24701,30.4596],[130.24303,30.45976],[130.24142,30.4626],[130.23903,30.46358],[130.23535,30.46998],[130.23316,30.46804],[130.22857,30.46835],[130.22453,30.47198],[130.22147,30.4736],[130.21332,30.473],[130.20738,30.47832],[130.20026,30.48127],[130.19868,30.48029],[130.19635,30.47589],[130.19622,30.47258],[130.19101,30.47187],[130.18603,30.47621],[130.18435,30.4812],[130.1814,30.48384],[130.17899,30.48327],[130.17655,30.48438],[130.17239,30.48407],[130.16922,30.48254],[130.16562,30.48236],[130.16597,30.48459],[130.16884,30.48856],[130.16525,30.48995],[130.16292,30.48769],[130.15888,30.48557],[130.15568,30.48505],[130.14893,30.48842],[130.14693,30.4903]]]]}},{"type":"Feature","properties":{"code":"46523","name":"大島郡大和村","pref":"鹿児島県","pref_code":"46","cx":129.37152,"cy":28.33438,"bbox":[129.25904,28.28325,129.43473,28.38507]},"geometry":{"type":"Polygon","coordinates":[[[129.39484,28.38507],[129.39732,28.38361],[129.39948,28.38033],[129.40442,28.37781],[129.40514,28.37396],[129.40647,28.37337],[129.40543,28.36852],[129.40879,28.36626],[129.40539,28.36318],[129.40562,28.35982],[129.40363,28.35754],[129.39984,28.35564],[129.39744,28.35971],[129.39853,28.36233],[129.39622,28.36602],[129.39591,28.36819],[129.39174,28.37173],[129.38772,28.37374],[129.38508,28.37133],[129.38518,28.36977],[129.37919,28.3661],[129.37647,28.36689],[129.37627,28.36385],[129.37286,28.35849],[129.37002,28.35561],[129.36656,28.35462],[129.35813,28.35763],[129.35813,28.35913],[129.35253,28.36069],[129.35075,28.36244],[129.35186,28.36453],[129.34825,28.36796],[129.34551,28.36932],[129.34201,28.36816],[129.33914,28.36851],[129.33688,28.36571],[129.33588,28.36235],[129.32918,28.35791],[129.32751,28.35445],[129.32646,28.35005],[129.31661,28.34789],[129.31366,28.34825],[129.31461,28.3452],[129.31126,28.34235],[129.31134,28.33881],[129.31354,28.33583],[129.30971,28.33294],[129.30802,28.33273],[129.30506,28.33009],[129.30181,28.32988],[129.30079,28.32858],[129.29756,28.32874],[129.29354,28.32734],[129.28842,28.32812],[129.28838,28.33172],[129.28557,28.33198],[129.28534,28.32953],[129.28302,28.3276],[129.27549,28.3258],[129.27268,28.32722],[129.26762,28.32646],[129.26508,28.32759],[129.26406,28.32392],[129.25904,28.32342],[129.26095,28.32281],[129.26285,28.31969],[129.2652,28.31772],[129.26562,28.3153],[129.26183,28.31382],[129.26003,28.3104],[129.26276,28.30994],[129.26533,28.30689],[129.27349,28.3077],[129.27889,28.30592],[129.28088,28.30687],[129.28311,28.30509],[129.28808,28.3041],[129.2895,28.30551],[129.29403,28.30557],[129.29996,28.30769],[129.30333,28.31016],[129.30708,28.30917],[129.30875,28.3073],[129.30957,28.30422],[129.31155,28.30096],[129.3141,28.29985],[129.31744,28.2961],[129.32686,28.29584],[129.33103,28.29635],[129.33781,28.29503],[129.34005,28.29398],[129.34229,28.29531],[129.34834,28.29043],[129.34988,28.28611],[129.35394,28.28325],[129.35979,28.28475],[129.36061,28.28419],[129.36047,28.29334],[129.3675,28.29561],[129.37016,28.29697],[129.37301,28.29564],[129.3805,28.30051],[129.384,28.30058],[129.38662,28.30311],[129.39306,28.30417],[129.39453,28.30335],[129.39908,28.3076],[129.40312,28.30596],[129.4056,28.30818],[129.40521,28.31148],[129.40734,28.31493],[129.40415,28.32081],[129.40437,28.32353],[129.40797,28.32474],[129.40982,28.32688],[129.41478,28.32726],[129.41703,28.32614],[129.41906,28.32889],[129.43473,28.3273],[129.433,28.33185],[129.43166,28.33272],[129.43052,28.34022],[129.42629,28.34561],[129.42657,28.34854],[129.42446,28.35186],[129.42476,28.3568],[129.42639,28.36174],[129.42331,28.3654],[129.42325,28.37014],[129.42229,28.37205],[129.4181,28.37382],[129.41481,28.37386],[129.41162,28.37543],[129.40722,28.37966],[129.40267,28.38009],[129.39968,28.38152],[129.39913,28.3831],[129.39484,28.38507]]]}},{"type":"Feature","properties":{"code":"46524","name":"大島郡宇検村","pref":"鹿児島県","pref_code":"46","cx":129.3317,"cy":28.27834,"bbox":[129.13489,28.23317,129.37732,28.32342]},"geometry":{"type":"MultiPolygon","coordinates":[[[[129.18439,28.30578],[129.17847,28.29742],[129.17956,28.29581],[129.18644,28.29178],[129.18903,28.29099],[129.19012,28.28775],[129.18942,28.28626],[129.19753,28.28534],[129.19941,28.28647],[129.20415,28.28349],[129.20744,28.28225],[129.2091,28.28465],[129.21276,28.28623],[129.22071,28.28514],[129.21882,28.28795],[129.21889,28.29012],[129.21736,28.29295],[129.2125,28.29835],[129.20837,28.29894],[129.20454,28.30138],[129.20193,28.30013],[129.19874,28.30029],[129.19759,28.30173],[129.1887,28.30372],[129.18738,28.30648],[129.18439,28.30578]]],[[[129.36061,28.28419],[129.35979,28.28475],[129.35394,28.28325],[129.34988,28.28611],[129.34834,28.29043],[129.34229,28.29531],[129.34005,28.29398],[129.33781,28.29503],[129.33103,28.29635],[129.32686,28.29584],[129.31744,28.2961],[129.3141,28.29985],[129.31155,28.30096],[129.30957,28.30422],[129.30875,28.3073],[129.30708,28.30917],[129.30333,28.31016],[129.29996,28.30769],[129.29403,28.30557],[129.2895,28.30551],[129.28808,28.3041],[129.28311,28.30509],[129.28088,28.30687],[129.27889,28.30592],[129.27349,28.3077],[129.26533,28.30689],[129.26276,28.30994],[129.26003,28.3104],[129.26183,28.31382],[129.26562,28.3153],[129.2652,28.31772],[129.26285,28.31969],[129.26095,28.32281],[129.25904,28.32342],[129.2594,28.3205],[129.25651,28.31759],[129.25343,28.31789],[129.25075,28.31544],[129.24555,28.31302],[129.24243,28.31413],[129.23935,28.31258],[129.23764,28.30898],[129.23498,28.30829],[129.22833,28.31013],[129.22291,28.30628],[129.21569,28.30316],[129.21171,28.30687],[129.2126,28.3026],[129.21616,28.29849],[129.21812,28.29808],[129.22182,28.29382],[129.22716,28.29614],[129.22947,28.29449],[129.22664,28.2902],[129.23083,28.28667],[129.233,28.28645],[129.23337,28.28395],[129.23559,28.28222],[129.23958,28.28495],[129.24377,28.28437],[129.24299,28.28188],[129.25112,28.27492],[129.25629,28.27454],[129.26012,28.27268],[129.26541,28.27527],[129.26448,28.27727],[129.2661,28.27877],[129.2632,28.28214],[129.26452,28.28449],[129.2641,28.28662],[129.26753,28.28856],[129.27011,28.28483],[129.27301,28.28279],[129.27835,28.28397],[129.28515,28.28297],[129.29078,28.28501],[129.29348,28.28463],[129.29344,28.28022],[129.29661,28.27805],[129.29499,28.27315],[129.28868,28.2776],[129.27841,28.27627],[129.27795,28.27277],[129.27608,28.27103],[129.27639,28.26764],[129.2738,28.26131],[129.27155,28.26211],[129.26994,28.26454],[129.27026,28.26669],[129.26693,28.26638],[129.26467,28.26737],[129.26292,28.26141],[129.26076,28.26185],[129.2591,28.26471],[129.25514,28.26535],[129.25192,28.26052],[129.25222,28.25772],[129.24923,28.25662],[129.25187,28.25442],[129.24952,28.25277],[129.24519,28.25696],[129.24473,28.2598],[129.24776,28.26175],[129.24742,28.26326],[129.2434,28.26709],[129.23904,28.26641],[129.23641,28.26349],[129.23533,28.26525],[129.2362,28.26938],[129.23148,28.27304],[129.22727,28.27357],[129.2192,28.2684],[129.21357,28.2687],[129.21493,28.26617],[129.21379,28.26284],[129.21562,28.25877],[129.21198,28.2527],[129.20889,28.25377],[129.20452,28.2542],[129.20208,28.25598],[129.19937,28.26216],[129.19515,28.26178],[129.19263,28.26301],[129.18589,28.26265],[129.18304,28.26486],[129.18236,28.26968],[129.17861,28.26924],[129.17238,28.26465],[129.16792,28.26274],[129.16596,28.25609],[129.16078,28.25516],[129.15887,28.25654],[129.15428,28.25637],[129.15027,28.25736],[129.14172,28.25743],[129.13489,28.25519],[129.14009,28.25422],[129.14621,28.25467],[129.14862,28.2516],[129.15149,28.25038],[129.15707,28.25187],[129.16344,28.24918],[129.16541,28.25019],[129.17089,28.2495],[129.17539,28.25071],[129.18302,28.25022],[129.18749,28.2462],[129.18715,28.24444],[129.18921,28.24158],[129.19441,28.24132],[129.2004,28.24274],[129.20206,28.24233],[129.20628,28.23794],[129.21047,28.23841],[129.21176,28.2397],[129.21529,28.23904],[129.22043,28.23969],[129.22625,28.24199],[129.23216,28.23457],[129.23739,28.23515],[129.24133,28.23694],[129.24598,28.23714],[129.25082,28.23997],[129.25219,28.24166],[129.25694,28.243],[129.25954,28.24534],[129.26594,28.24502],[129.27002,28.24584],[129.2768,28.24902],[129.27903,28.24839],[129.28296,28.24972],[129.28518,28.24954],[129.28616,28.24743],[129.28892,28.24549],[129.29201,28.24073],[129.29502,28.23936],[129.29849,28.24093],[129.30489,28.24045],[129.30897,28.23429],[129.31058,28.23317],[129.31407,28.23364],[129.31558,28.23583],[129.32087,28.23848],[129.32352,28.23704],[129.32688,28.2334],[129.3305,28.23589],[129.33487,28.23742],[129.33681,28.2398],[129.34386,28.23829],[129.3467,28.2411],[129.34888,28.24661],[129.34858,28.24878],[129.35023,28.25237],[129.35324,28.25496],[129.35684,28.25645],[129.35928,28.26153],[129.36294,28.26214],[129.36658,28.26638],[129.36832,28.26611],[129.37714,28.27048],[129.37732,28.27292],[129.37274,28.2761],[129.36651,28.27862],[129.36375,28.28199],[129.36341,28.2839],[129.36061,28.28419]]]]}},{"type":"Feature","properties":{"code":"46525","name":"大島郡瀬戸内町","pref":"鹿児島県","pref_code":"46","cx":129.34656,"cy":28.18313,"bbox":[129.13489,28.00513,129.4301,28.25519]},"geometry":{"type":"MultiPolygon","coordinates":[[[[129.34386,28.23829],[129.33681,28.2398],[129.33487,28.23742],[129.3305,28.23589],[129.32688,28.2334],[129.32352,28.23704],[129.32087,28.23848],[129.31558,28.23583],[129.31407,28.23364],[129.31058,28.23317],[129.30897,28.23429],[129.30489,28.24045],[129.29849,28.24093],[129.29502,28.23936],[129.29201,28.24073],[129.28892,28.24549],[129.28616,28.24743],[129.28518,28.24954],[129.28296,28.24972],[129.27903,28.24839],[129.2768,28.24902],[129.27002,28.24584],[129.26594,28.24502],[129.25954,28.24534],[129.25694,28.243],[129.25219,28.24166],[129.25082,28.23997],[129.24598,28.23714],[129.24133,28.23694],[129.23739,28.23515],[129.23216,28.23457],[129.22625,28.24199],[129.22043,28.23969],[129.21529,28.23904],[129.21176,28.2397],[129.21047,28.23841],[129.20628,28.23794],[129.20206,28.24233],[129.2004,28.24274],[129.19441,28.24132],[129.18921,28.24158],[129.18715,28.24444],[129.18749,28.2462],[129.18302,28.25022],[129.17539,28.25071],[129.17089,28.2495],[129.16541,28.25019],[129.16344,28.24918],[129.15707,28.25187],[129.15149,28.25038],[129.14862,28.2516],[129.14621,28.25467],[129.14009,28.25422],[129.13489,28.25519],[129.13575,28.25293],[129.13817,28.25198],[129.14367,28.25166],[129.14467,28.25012],[129.14331,28.24767],[129.1457,28.24629],[129.14839,28.24695],[129.15031,28.24589],[129.15226,28.23681],[129.15831,28.23813],[129.16038,28.237],[129.16285,28.23818],[129.16137,28.2409],[129.16306,28.24305],[129.16981,28.24278],[129.17113,28.24036],[129.17332,28.23929],[129.17332,28.23596],[129.17569,28.23114],[129.17598,28.22717],[129.17751,28.22399],[129.18144,28.22392],[129.18575,28.22178],[129.18992,28.22318],[129.19136,28.22681],[129.19462,28.22774],[129.20003,28.22537],[129.20127,28.22278],[129.20532,28.21858],[129.2094,28.21972],[129.21299,28.21912],[129.21265,28.22122],[129.21406,28.2243],[129.21397,28.22723],[129.21682,28.22925],[129.21906,28.22866],[129.22,28.22462],[129.22183,28.22218],[129.2243,28.2222],[129.22982,28.21897],[129.23163,28.22089],[129.23708,28.2192],[129.23905,28.21926],[129.24189,28.21677],[129.24252,28.21359],[129.24225,28.20904],[129.24567,28.20435],[129.25113,28.20355],[129.25441,28.20505],[129.25709,28.20508],[129.25688,28.21011],[129.25271,28.21233],[129.24932,28.21213],[129.24873,28.2157],[129.25137,28.21604],[129.25419,28.21936],[129.25242,28.22105],[129.25412,28.22424],[129.25183,28.22794],[129.25309,28.23224],[129.25458,28.23348],[129.25763,28.23147],[129.26208,28.23207],[129.26378,28.226],[129.26633,28.23206],[129.2686,28.22819],[129.27197,28.22968],[129.27318,28.23157],[129.27637,28.23246],[129.27753,28.22792],[129.27447,28.22628],[129.27625,28.22491],[129.26942,28.22213],[129.26869,28.21862],[129.26243,28.21805],[129.26167,28.21546],[129.26701,28.21456],[129.27118,28.21643],[129.27359,28.21601],[129.27733,28.21857],[129.2798,28.21892],[129.2803,28.22127],[129.28795,28.22164],[129.28993,28.22251],[129.29526,28.21954],[129.29036,28.21605],[129.28745,28.21165],[129.28455,28.21299],[129.28213,28.2113],[129.28014,28.20823],[129.27505,28.20856],[129.27284,28.20727],[129.2728,28.19943],[129.27133,28.19698],[129.26865,28.19718],[129.26446,28.19327],[129.26616,28.19133],[129.26574,28.18944],[129.26254,28.1862],[129.26314,28.18306],[129.26639,28.1832],[129.26838,28.18163],[129.27388,28.18171],[129.27512,28.18355],[129.27446,28.18633],[129.27982,28.18739],[129.27976,28.18953],[129.28197,28.19055],[129.28049,28.19397],[129.28117,28.19739],[129.2833,28.19744],[129.28318,28.19447],[129.28488,28.19322],[129.28527,28.19066],[129.28943,28.18961],[129.28742,28.18516],[129.28318,28.18217],[129.28474,28.17915],[129.28758,28.17952],[129.28949,28.18147],[129.29223,28.18226],[129.29447,28.17812],[129.2923,28.17503],[129.29208,28.17252],[129.29478,28.17283],[129.29741,28.17158],[129.29679,28.16791],[129.29205,28.16611],[129.28866,28.16843],[129.28689,28.16745],[129.28722,28.16304],[129.29209,28.16214],[129.2974,28.15959],[129.2947,28.15539],[129.29146,28.15344],[129.29586,28.151],[129.29567,28.14847],[129.2995,28.15022],[129.30211,28.15005],[129.30385,28.14802],[129.30937,28.14677],[129.30844,28.14491],[129.31593,28.14309],[129.32029,28.13667],[129.32158,28.13595],[129.32193,28.13247],[129.32613,28.13545],[129.33089,28.1345],[129.33309,28.12914],[129.33787,28.13227],[129.33794,28.13668],[129.34142,28.13864],[129.34494,28.1386],[129.34836,28.1311],[129.35112,28.13215],[129.35436,28.13579],[129.35604,28.13647],[129.36035,28.13492],[129.36039,28.13161],[129.36705,28.13032],[129.36508,28.12781],[129.36034,28.12676],[129.36386,28.12308],[129.36197,28.12012],[129.36367,28.1187],[129.36796,28.11763],[129.36907,28.11617],[129.36643,28.11224],[129.37029,28.11098],[129.37315,28.11279],[129.37684,28.11127],[129.38031,28.11298],[129.37874,28.11473],[129.37891,28.11703],[129.37727,28.11855],[129.37833,28.12581],[129.37175,28.12973],[129.36992,28.13514],[129.36929,28.14051],[129.36342,28.14882],[129.36011,28.14877],[129.35735,28.14979],[129.35552,28.15225],[129.35623,28.15358],[129.3547,28.15643],[129.35253,28.15654],[129.3485,28.15905],[129.34667,28.16148],[129.34357,28.16205],[129.33701,28.16707],[129.338,28.17018],[129.34272,28.16971],[129.34793,28.17322],[129.35077,28.17405],[129.35624,28.17167],[129.35886,28.16929],[129.36184,28.16981],[129.36332,28.16849],[129.36381,28.16556],[129.36307,28.16297],[129.36815,28.16545],[129.37204,28.16516],[129.37618,28.16356],[129.37796,28.16544],[129.38161,28.16572],[129.38348,28.16485],[129.38384,28.16084],[129.38676,28.16238],[129.39513,28.1587],[129.39674,28.15889],[129.40173,28.15614],[129.40443,28.15714],[129.4056,28.16696],[129.40366,28.16924],[129.40738,28.17078],[129.40796,28.1741],[129.40781,28.18012],[129.40925,28.18231],[129.40769,28.18421],[129.40398,28.18481],[129.40259,28.1865],[129.40336,28.1914],[129.40627,28.19362],[129.41062,28.19237],[129.4131,28.18938],[129.41494,28.19029],[129.41853,28.18738],[129.42102,28.18992],[129.4301,28.19345],[129.42544,28.19657],[129.42377,28.20036],[129.42166,28.2074],[129.41627,28.21116],[129.41572,28.21349],[129.41067,28.21212],[129.40686,28.21193],[129.40425,28.21342],[129.40279,28.21809],[129.39569,28.21611],[129.38934,28.21201],[129.38093,28.21301],[129.37919,28.20973],[129.37463,28.20541],[129.37114,28.20407],[129.3695,28.20711],[129.36555,28.21039],[129.36144,28.2121],[129.36375,28.21482],[129.36333,28.21771],[129.36058,28.22034],[129.35962,28.2233],[129.35339,28.22648],[129.34818,28.22801],[129.34386,28.23829]]],[[[129.27409,28.02698],[129.27137,28.02413],[129.272,28.02027],[129.27955,28.02006],[129.27812,28.02343],[129.27667,28.02321],[129.27409,28.02698]]],[[[129.18961,28.04788],[129.18478,28.04478],[129.18843,28.04435],[129.19091,28.04626],[129.18961,28.04788]]],[[[129.21393,28.05498],[129.21269,28.05309],[129.21327,28.0482],[129.21184,28.04546],[129.20591,28.04142],[129.20497,28.03884],[129.20556,28.0343],[129.21035,28.02989],[129.21154,28.02283],[129.21437,28.021],[129.2171,28.02331],[129.22574,28.02523],[129.23502,28.02324],[129.23784,28.02145],[129.23978,28.01857],[129.24288,28.01935],[129.24795,28.01691],[129.24916,28.01725],[129.25332,28.0141],[129.25576,28.01007],[129.25532,28.00854],[129.25727,28.00513],[129.26091,28.00682],[129.26093,28.00915],[129.26476,28.01069],[129.2694,28.01732],[129.26735,28.0179],[129.26616,28.02035],[129.26701,28.02276],[129.26975,28.02599],[129.2679,28.02808],[129.2677,28.03049],[129.26934,28.03243],[129.26766,28.03552],[129.2657,28.03648],[129.2622,28.03556],[129.25945,28.03147],[129.25431,28.03041],[129.25292,28.03237],[129.25421,28.03419],[129.25288,28.03683],[129.2498,28.03909],[129.24777,28.03945],[129.24303,28.03313],[129.23934,28.03085],[129.23577,28.03103],[129.23056,28.03408],[129.23169,28.0371],[129.22595,28.04454],[129.21851,28.05084],[129.21669,28.05465],[129.21393,28.05498]]],[[[129.17252,28.06886],[129.16615,28.0679],[129.16441,28.06576],[129.16413,28.06168],[129.16184,28.05972],[129.15879,28.05976],[129.15805,28.05417],[129.15663,28.05196],[129.15188,28.0497],[129.15052,28.04742],[129.14921,28.03609],[129.14724,28.03556],[129.14616,28.0328],[129.14711,28.0303],[129.14466,28.02829],[129.14507,28.02532],[129.14395,28.02332],[129.14444,28.01895],[129.14597,28.0186],[129.14769,28.01394],[129.14982,28.01375],[129.15376,28.01835],[129.15937,28.01744],[129.16111,28.01977],[129.16551,28.02142],[129.16383,28.02432],[129.16483,28.03048],[129.16703,28.03457],[129.16886,28.03478],[129.17007,28.03739],[129.16849,28.04033],[129.16536,28.04267],[129.16611,28.04622],[129.17205,28.04868],[129.177,28.0477],[129.17613,28.05059],[129.17401,28.05319],[129.17259,28.05732],[129.17062,28.05806],[129.16978,28.06222],[129.1731,28.06562],[129.17252,28.06886]]],[[[129.16467,28.12289],[129.16051,28.12253],[129.15939,28.12095],[129.16199,28.11849],[129.16262,28.11596],[129.16701,28.11683],[129.17104,28.11485],[129.17379,28.10925],[129.17687,28.11093],[129.17542,28.1154],[129.17252,28.11717],[129.17109,28.11969],[129.16631,28.12119],[129.16467,28.12289]]],[[[129.15076,28.13225],[129.14752,28.13196],[129.14677,28.129],[129.14779,28.12723],[129.15026,28.12727],[129.15076,28.13225]]],[[[129.16992,28.19858],[129.16774,28.19566],[129.16446,28.19336],[129.17009,28.19172],[129.1706,28.19394],[129.17283,28.19658],[129.16992,28.19858]]],[[[129.2094,28.20123],[129.20651,28.19915],[129.20434,28.19955],[129.19593,28.19667],[129.19239,28.19418],[129.18998,28.1876],[129.18664,28.18668],[129.18272,28.18747],[129.18152,28.1907],[129.17566,28.18766],[129.17585,28.18347],[129.17837,28.18007],[129.17819,28.1782],[129.18292,28.17563],[129.1851,28.17373],[129.18516,28.16852],[129.18698,28.16712],[129.18721,28.15902],[129.18827,28.15678],[129.1923,28.15491],[129.19541,28.15479],[129.19858,28.15112],[129.19804,28.14815],[129.19512,28.14565],[129.1991,28.14515],[129.20311,28.14338],[129.20777,28.14676],[129.20986,28.14647],[129.21418,28.14177],[129.21989,28.13888],[129.21552,28.13457],[129.21579,28.13249],[129.21432,28.12621],[129.21646,28.12305],[129.21689,28.11997],[129.21456,28.11529],[129.21569,28.11256],[129.22113,28.11063],[129.2224,28.10829],[129.22209,28.10604],[129.22406,28.10285],[129.2244,28.09874],[129.22183,28.09489],[129.22208,28.09179],[129.22015,28.08808],[129.21522,28.08611],[129.21329,28.08755],[129.2106,28.08514],[129.21379,28.08431],[129.21525,28.08249],[129.21558,28.07684],[129.21768,28.07603],[129.222,28.07781],[129.22526,28.08246],[129.22922,28.08547],[129.22894,28.08917],[129.2311,28.09014],[129.23323,28.09316],[129.23711,28.09403],[129.23691,28.09628],[129.24069,28.10007],[129.24447,28.10042],[129.24874,28.09986],[129.24942,28.10189],[129.24655,28.10491],[129.24318,28.10649],[129.24478,28.1084],[129.25022,28.11126],[129.25251,28.11115],[129.25537,28.1078],[129.25882,28.10682],[129.26172,28.09999],[129.2618,28.09513],[129.26049,28.09349],[129.26148,28.09071],[129.26474,28.08967],[129.26605,28.08681],[129.2652,28.08313],[129.2615,28.08108],[129.26131,28.07826],[129.2677,28.07292],[129.26879,28.07002],[129.27274,28.06956],[129.27417,28.0669],[129.27916,28.06509],[129.28355,28.06278],[129.28854,28.06474],[129.28608,28.06684],[129.28431,28.07133],[129.28465,28.07397],[129.28812,28.07562],[129.28666,28.08058],[129.28476,28.08349],[129.28622,28.0852],[129.29059,28.08516],[129.29166,28.08718],[129.29151,28.09054],[129.29489,28.09132],[129.29678,28.08921],[129.30127,28.08929],[129.30385,28.0867],[129.30688,28.08745],[129.30948,28.09055],[129.31386,28.09248],[129.31463,28.09634],[129.32058,28.09675],[129.32388,28.09444],[129.32539,28.0897],[129.32086,28.08723],[129.31888,28.08301],[129.31782,28.07843],[129.31588,28.07374],[129.31616,28.06994],[129.31962,28.07074],[129.32123,28.06823],[129.31816,28.06576],[129.31767,28.06329],[129.31935,28.06238],[129.32335,28.06843],[129.32753,28.07241],[129.33296,28.07462],[129.34023,28.07639],[129.34187,28.07911],[129.34159,28.08487],[129.34272,28.08771],[129.34504,28.0887],[129.34599,28.09226],[129.34863,28.09516],[129.34784,28.09834],[129.34943,28.10018],[129.35186,28.10049],[129.35391,28.10605],[129.35354,28.10891],[129.34816,28.10808],[129.34415,28.11184],[129.34538,28.11579],[129.34283,28.1185],[129.34109,28.11849],[129.34114,28.11383],[129.33727,28.11029],[129.33036,28.11042],[129.32832,28.11279],[129.32502,28.11389],[129.32379,28.11119],[129.32592,28.11038],[129.32591,28.10741],[129.32454,28.10513],[129.3224,28.10459],[129.32214,28.10129],[129.31886,28.10173],[129.31755,28.10617],[129.31152,28.1111],[129.30667,28.11176],[129.3069,28.11529],[129.30475,28.1167],[129.30468,28.12013],[129.30246,28.12215],[129.30008,28.11633],[129.29815,28.11495],[129.29822,28.11055],[129.29475,28.10755],[129.29064,28.10847],[129.29029,28.11031],[129.28762,28.11226],[129.28607,28.11679],[129.2891,28.12274],[129.28781,28.12559],[129.28235,28.12246],[129.28001,28.11889],[129.27869,28.11527],[129.2764,28.11549],[129.27494,28.11309],[129.27122,28.11512],[129.27259,28.11927],[129.2721,28.12092],[129.27383,28.12418],[129.27093,28.12543],[129.26641,28.12465],[129.26641,28.12054],[129.26453,28.11849],[129.26227,28.11906],[129.26469,28.12353],[129.26326,28.12618],[129.26545,28.12871],[129.26693,28.12815],[129.27094,28.13028],[129.27542,28.1342],[129.27492,28.13657],[129.27645,28.14039],[129.27502,28.14204],[129.26718,28.13561],[129.26668,28.13339],[129.26461,28.13214],[129.26181,28.13378],[129.25906,28.13061],[129.25611,28.13001],[129.25336,28.12379],[129.24532,28.1221],[129.2459,28.12797],[129.24978,28.13066],[129.24898,28.13408],[129.24327,28.13387],[129.24217,28.13759],[129.24562,28.14045],[129.24829,28.13985],[129.25478,28.13985],[129.25699,28.14218],[129.25923,28.14206],[129.26145,28.14449],[129.2602,28.14561],[129.2558,28.14504],[129.25046,28.14236],[129.24918,28.14516],[129.2557,28.14806],[129.25221,28.14905],[129.24785,28.14771],[129.24639,28.14989],[129.24963,28.15071],[129.25063,28.15314],[129.25384,28.15371],[129.25677,28.15162],[129.26169,28.15287],[129.26812,28.1527],[129.26968,28.15052],[129.27488,28.15112],[129.27397,28.15483],[129.27446,28.15801],[129.2707,28.16114],[129.27137,28.16394],[129.26794,28.16737],[129.26573,28.16826],[129.26442,28.17091],[129.26262,28.17061],[129.26153,28.16555],[129.26337,28.16374],[129.25959,28.16278],[129.25716,28.16335],[129.25752,28.17221],[129.25587,28.17405],[129.25362,28.17232],[129.25528,28.1672],[129.25449,28.16587],[129.25663,28.16264],[129.25548,28.15903],[129.25206,28.1575],[129.25053,28.15466],[129.24643,28.15326],[129.24538,28.15173],[129.24044,28.15052],[129.23645,28.1536],[129.23456,28.15926],[129.23332,28.15387],[129.22969,28.15559],[129.22699,28.15534],[129.22351,28.15963],[129.22153,28.15825],[129.21988,28.16139],[129.22339,28.16585],[129.21508,28.16462],[129.21292,28.16338],[129.2101,28.1672],[129.21326,28.17295],[129.21105,28.1748],[129.20923,28.1781],[129.20613,28.17815],[129.20352,28.17952],[129.20324,28.18141],[129.20517,28.18343],[129.2107,28.1839],[129.21382,28.18724],[129.21671,28.18672],[129.21855,28.189],[129.22379,28.19099],[129.22635,28.19076],[129.23014,28.19201],[129.23296,28.19063],[129.23311,28.18854],[129.23927,28.18495],[129.24288,28.18791],[129.23988,28.18998],[129.23631,28.18906],[129.2359,28.19103],[129.23747,28.19363],[129.23593,28.19492],[129.22905,28.19664],[129.22835,28.19464],[129.22318,28.19359],[129.22102,28.19113],[129.21223,28.1925],[129.21035,28.19403],[129.20906,28.19719],[129.2094,28.20123]]]]}},{"type":"Feature","properties":{"code":"46527","name":"大島郡龍郷町","pref":"鹿児島県","pref_code":"46","cx":129.59706,"cy":28.41072,"bbox":[129.52193,28.34364,129.64866,28.47752]},"geometry":{"type":"Polygon","coordinates":[[[129.57085,28.34535],[129.57478,28.34801],[129.57652,28.35439],[129.58119,28.35872],[129.58362,28.35964],[129.58361,28.36338],[129.58543,28.36546],[129.5897,28.36421],[129.59313,28.36671],[129.59458,28.37546],[129.59628,28.3768],[129.5977,28.38091],[129.60352,28.38661],[129.60805,28.38845],[129.61052,28.3924],[129.61175,28.39908],[129.61368,28.40096],[129.6213,28.40443],[129.62326,28.40409],[129.62851,28.40691],[129.63382,28.40618],[129.63622,28.40648],[129.64023,28.40859],[129.6444,28.4069],[129.64738,28.40843],[129.64699,28.4134],[129.64866,28.41944],[129.6483,28.42238],[129.64595,28.4243],[129.64494,28.4266],[129.64467,28.43131],[129.64342,28.43243],[129.64372,28.43001],[129.64226,28.42738],[129.64336,28.42549],[129.64151,28.42164],[129.6417,28.41889],[129.6397,28.41672],[129.63224,28.41466],[129.62907,28.4145],[129.62399,28.41599],[129.62027,28.41825],[129.62083,28.42014],[129.61839,28.42432],[129.61855,28.42715],[129.62044,28.42963],[129.6264,28.43317],[129.62913,28.43558],[129.62726,28.43937],[129.62653,28.44634],[129.62498,28.44944],[129.62089,28.44998],[129.61713,28.44844],[129.61519,28.44647],[129.61963,28.4392],[129.6198,28.43648],[129.61814,28.43492],[129.61797,28.43253],[129.61207,28.43193],[129.61439,28.43561],[129.61102,28.43521],[129.60304,28.43174],[129.60368,28.42785],[129.60147,28.42373],[129.6023,28.42214],[129.60197,28.41527],[129.59836,28.4154],[129.59374,28.4126],[129.58962,28.41372],[129.59065,28.41723],[129.59441,28.42178],[129.59253,28.42617],[129.59453,28.42839],[129.59698,28.42882],[129.59742,28.43264],[129.59648,28.43574],[129.60646,28.43565],[129.60741,28.43959],[129.60652,28.44368],[129.605,28.44583],[129.60497,28.45135],[129.60637,28.45444],[129.60942,28.4558],[129.61164,28.46066],[129.61503,28.4656],[129.62156,28.46778],[129.61899,28.47255],[129.62218,28.47547],[129.62003,28.47668],[129.61557,28.47752],[129.61303,28.47612],[129.6083,28.47579],[129.60043,28.47439],[129.59518,28.47491],[129.58954,28.4697],[129.58836,28.46693],[129.58597,28.46659],[129.58156,28.46807],[129.5766,28.46676],[129.5729,28.46363],[129.56999,28.45749],[129.56606,28.45637],[129.56262,28.45869],[129.56122,28.45342],[129.56281,28.45082],[129.56081,28.44852],[129.55839,28.44793],[129.55583,28.45109],[129.55386,28.45548],[129.54653,28.46147],[129.54432,28.46248],[129.54313,28.46002],[129.5413,28.45954],[129.54373,28.45731],[129.54596,28.45323],[129.54778,28.44816],[129.54825,28.44471],[129.55008,28.44248],[129.5498,28.43478],[129.5466,28.43036],[129.54538,28.4273],[129.54526,28.42422],[129.54702,28.4225],[129.54882,28.41693],[129.54818,28.41218],[129.54566,28.40927],[129.54534,28.40623],[129.55136,28.40665],[129.55353,28.40781],[129.55771,28.407],[129.55562,28.4032],[129.55711,28.39949],[129.55552,28.39463],[129.5525,28.39287],[129.55102,28.39007],[129.553,28.38813],[129.55238,28.3823],[129.54859,28.37986],[129.54549,28.37899],[129.54179,28.37674],[129.54016,28.3693],[129.53708,28.36599],[129.53472,28.36557],[129.53079,28.36713],[129.52446,28.35962],[129.52427,28.35573],[129.52193,28.35391],[129.52529,28.35102],[129.52777,28.35056],[129.52981,28.34764],[129.53251,28.34729],[129.53603,28.3487],[129.53968,28.3478],[129.54023,28.34476],[129.54358,28.34364],[129.54708,28.34565],[129.55706,28.34737],[129.55878,28.34658],[129.5635,28.34672],[129.56697,28.34788],[129.57085,28.34535]]]}},{"type":"Feature","properties":{"code":"46529","name":"大島郡喜界町","pref":"鹿児島県","pref_code":"46","cx":129.96992,"cy":28.32678,"bbox":[129.91318,28.2744,130.03518,28.37852]},"geometry":{"type":"Polygon","coordinates":[[[130.01915,28.37852],[130.01384,28.378],[130.00868,28.37571],[130.00558,28.37285],[130.00268,28.36818],[129.99824,28.36643],[129.9941,28.36381],[129.99049,28.35947],[129.98866,28.35587],[129.9862,28.35454],[129.98343,28.35074],[129.97902,28.34882],[129.97434,28.34266],[129.96757,28.34092],[129.96313,28.3384],[129.96311,28.33696],[129.95379,28.33135],[129.95284,28.32735],[129.9494,28.32827],[129.94307,28.32812],[129.93814,28.32743],[129.93682,28.32567],[129.93186,28.3262],[129.9231,28.32383],[129.92222,28.32106],[129.91904,28.3199],[129.91766,28.31711],[129.91557,28.31586],[129.91318,28.31186],[129.91431,28.31023],[129.91362,28.30534],[129.91525,28.29649],[129.91764,28.29482],[129.91974,28.29052],[129.92258,28.28994],[129.92453,28.29223],[129.92669,28.29085],[129.93012,28.29222],[129.93201,28.28768],[129.93512,28.28377],[129.93775,28.27808],[129.94098,28.27545],[129.94376,28.2744],[129.94726,28.27554],[129.95401,28.27577],[129.95771,28.27749],[129.95939,28.27975],[129.96197,28.27932],[129.96458,28.28027],[129.96369,28.28329],[129.96627,28.28468],[129.96859,28.28274],[129.97299,28.28384],[129.9753,28.28772],[129.97781,28.28801],[129.98084,28.2917],[129.98355,28.29609],[129.98444,28.29895],[129.98743,28.30257],[129.98683,28.30467],[129.98874,28.3083],[129.9927,28.31322],[129.99956,28.31919],[130.0016,28.32386],[130.00231,28.32747],[130.00473,28.33074],[130.0029,28.33177],[130.00083,28.33696],[130.00264,28.33829],[130.00545,28.33413],[130.00905,28.33593],[130.01522,28.33653],[130.0177,28.33784],[130.02198,28.34312],[130.02298,28.34861],[130.02663,28.34922],[130.03012,28.35198],[130.03518,28.36163],[130.03386,28.36508],[130.0338,28.36821],[130.03171,28.37111],[130.02745,28.37458],[130.01915,28.37852]]]}},{"type":"Feature","properties":{"code":"46530","name":"大島郡徳之島町","pref":"鹿児島県","pref_code":"46","cx":128.98425,"cy":27.79449,"bbox":[128.90625,27.69578,129.03786,27.89288]},"geometry":{"type":"Polygon","coordinates":[[[128.99819,27.69578],[128.99897,27.69723],[129.00525,27.70055],[129.00316,27.70227],[129.00324,27.70457],[129.00509,27.70627],[129.00587,27.70906],[129.00791,27.71102],[129.01405,27.71399],[129.01737,27.71404],[129.018,27.71565],[129.02166,27.7183],[129.02122,27.72106],[129.01915,27.72442],[129.02312,27.73645],[129.0232,27.73824],[129.02095,27.74202],[129.02268,27.7427],[129.026,27.7415],[129.02878,27.74458],[129.03224,27.74657],[129.0341,27.75458],[129.03669,27.75704],[129.03786,27.76239],[129.03769,27.76824],[129.03575,27.77241],[129.03274,27.77521],[129.02276,27.77632],[129.02073,27.77798],[129.01487,27.7809],[129.01478,27.78644],[129.00954,27.7931],[129.00525,27.79602],[129.00154,27.79992],[128.99789,27.80218],[128.99705,27.80575],[128.99057,27.80411],[128.98602,27.80433],[128.98115,27.81221],[128.97494,27.81442],[128.97363,27.81625],[128.9708,27.81599],[128.96858,27.81816],[128.96905,27.82042],[128.96642,27.82373],[128.9664,27.82701],[128.9682,27.83035],[128.97118,27.8314],[128.96988,27.83763],[128.96774,27.83786],[128.96556,27.84101],[128.96727,27.84507],[128.9699,27.84516],[128.97167,27.85027],[128.97165,27.85515],[128.96847,27.85855],[128.96139,27.85802],[128.95672,27.85939],[128.956,27.86281],[128.95872,27.86583],[128.96317,27.86858],[128.96523,27.87111],[128.96801,27.87212],[128.9708,27.87138],[128.97591,27.8726],[128.9747,27.87631],[128.97513,27.87819],[128.97272,27.87926],[128.97034,27.88467],[128.96881,27.88634],[128.96914,27.88938],[128.9723,27.89197],[128.96954,27.89288],[128.95616,27.89031],[128.94932,27.88981],[128.94755,27.89043],[128.94122,27.89063],[128.93654,27.89178],[128.93308,27.8897],[128.92919,27.8898],[128.92761,27.88863],[128.91875,27.89042],[128.91254,27.89251],[128.90806,27.89258],[128.90696,27.88785],[128.90845,27.88404],[128.90767,27.88042],[128.90833,27.87841],[128.90625,27.87481],[128.9076,27.87201],[128.91151,27.87254],[128.91373,27.87393],[128.92046,27.87276],[128.92146,27.87079],[128.92662,27.86995],[128.92682,27.86574],[128.93003,27.86199],[128.93301,27.85416],[128.93031,27.85291],[128.92928,27.84989],[128.92641,27.84808],[128.9177,27.84422],[128.91685,27.84331],[128.91889,27.83799],[128.9219,27.83294],[128.92077,27.83164],[128.92393,27.82886],[128.92758,27.82842],[128.92737,27.82381],[128.92608,27.82308],[128.92366,27.81874],[128.92384,27.81511],[128.92645,27.81525],[128.92979,27.81798],[128.93251,27.81663],[128.93203,27.81303],[128.9356,27.81002],[128.93786,27.80958],[128.93721,27.80675],[128.94304,27.80007],[128.95013,27.8],[128.96103,27.79588],[128.96095,27.79139],[128.96744,27.78802],[128.96847,27.78642],[128.97119,27.78621],[128.97337,27.7834],[128.9751,27.78403],[128.97923,27.78261],[128.98223,27.78312],[128.98488,27.78082],[128.97683,27.77195],[128.97688,27.76788],[128.978,27.76529],[128.97444,27.76355],[128.9731,27.76159],[128.97359,27.75742],[128.9703,27.75491],[128.97045,27.75194],[128.96872,27.75027],[128.96396,27.7487],[128.95938,27.7489],[128.95471,27.74654],[128.95248,27.74106],[128.95311,27.73916],[128.9561,27.7377],[128.95319,27.73427],[128.95088,27.72672],[128.9519,27.72224],[128.9542,27.72164],[128.95689,27.72268],[128.96022,27.72252],[128.96287,27.71975],[128.96787,27.72049],[128.96997,27.71894],[128.9715,27.72217],[128.97372,27.71793],[128.97654,27.71443],[128.98316,27.71137],[128.9877,27.70683],[128.99192,27.70125],[128.99261,27.69825],[128.99819,27.69578]]]}},{"type":"Feature","properties":{"code":"46531","name":"大島郡天城町","pref":"鹿児島県","pref_code":"46","cx":128.90757,"cy":27.81594,"bbox":[128.87912,27.73908,128.98488,27.89396]},"geometry":{"type":"Polygon","coordinates":[[[128.90806,27.89258],[128.90527,27.89396],[128.90118,27.8933],[128.89694,27.89085],[128.8958,27.88823],[128.89188,27.88288],[128.8888,27.87696],[128.89019,27.87338],[128.88817,27.86877],[128.8883,27.8651],[128.89319,27.86136],[128.89327,27.85818],[128.89094,27.85638],[128.89194,27.85258],[128.88987,27.85091],[128.88935,27.84853],[128.887,27.84569],[128.88744,27.84262],[128.88632,27.84038],[128.88399,27.83954],[128.88321,27.84634],[128.88153,27.84648],[128.87912,27.82651],[128.88042,27.82451],[128.88752,27.81968],[128.89157,27.81942],[128.89126,27.81475],[128.88879,27.81286],[128.89063,27.81122],[128.88734,27.80705],[128.88834,27.80142],[128.88999,27.80147],[128.89012,27.79637],[128.88817,27.7947],[128.88836,27.79068],[128.88989,27.78676],[128.89382,27.78584],[128.89544,27.78344],[128.89503,27.7776],[128.89647,27.77559],[128.8969,27.7719],[128.90026,27.7701],[128.90144,27.76828],[128.90618,27.76549],[128.90721,27.76333],[128.90636,27.7603],[128.90347,27.75717],[128.90316,27.75316],[128.90557,27.74981],[128.91163,27.74841],[128.91209,27.74753],[128.91787,27.74435],[128.92112,27.74514],[128.92322,27.74076],[128.93368,27.74197],[128.93777,27.74044],[128.94125,27.74175],[128.94901,27.73908],[128.95311,27.73916],[128.95248,27.74106],[128.95471,27.74654],[128.95938,27.7489],[128.96396,27.7487],[128.96872,27.75027],[128.97045,27.75194],[128.9703,27.75491],[128.97359,27.75742],[128.9731,27.76159],[128.97444,27.76355],[128.978,27.76529],[128.97688,27.76788],[128.97683,27.77195],[128.98488,27.78082],[128.98223,27.78312],[128.97923,27.78261],[128.9751,27.78403],[128.97337,27.7834],[128.97119,27.78621],[128.96847,27.78642],[128.96744,27.78802],[128.96095,27.79139],[128.96103,27.79588],[128.95013,27.8],[128.94304,27.80007],[128.93721,27.80675],[128.93786,27.80958],[128.9356,27.81002],[128.93203,27.81303],[128.93251,27.81663],[128.92979,27.81798],[128.92645,27.81525],[128.92384,27.81511],[128.92366,27.81874],[128.92608,27.82308],[128.92737,27.82381],[128.92758,27.82842],[128.92393,27.82886],[128.92077,27.83164],[128.9219,27.83294],[128.91889,27.83799],[128.91685,27.84331],[128.9177,27.84422],[128.92641,27.84808],[128.92928,27.84989],[128.93031,27.85291],[128.93301,27.85416],[128.93003,27.86199],[128.92682,27.86574],[128.92662,27.86995],[128.92146,27.87079],[128.92046,27.87276],[128.91373,27.87393],[128.91151,27.87254],[128.9076,27.87201],[128.90625,27.87481],[128.90833,27.87841],[128.90767,27.88042],[128.90845,27.88404],[128.90696,27.88785],[128.90806,27.89258]]]}},{"type":"Feature","properties":{"code":"46532","name":"大島郡伊仙町","pref":"鹿児島県","pref_code":"46","cx":128.944,"cy":27.70709,"bbox":[128.88102,27.661,129.0001,27.75316]},"geometry":{"type":"Polygon","coordinates":[[[128.95311,27.73916],[128.94901,27.73908],[128.94125,27.74175],[128.93777,27.74044],[128.93368,27.74197],[128.92322,27.74076],[128.92112,27.74514],[128.91787,27.74435],[128.91209,27.74753],[128.91163,27.74841],[128.90557,27.74981],[128.90316,27.75316],[128.90099,27.75051],[128.90221,27.74715],[128.89978,27.74489],[128.89974,27.73602],[128.89169,27.73101],[128.88911,27.72757],[128.88536,27.72452],[128.88112,27.72446],[128.88102,27.72226],[128.88625,27.71687],[128.88825,27.71358],[128.89349,27.70799],[128.89575,27.70735],[128.89829,27.70836],[128.90238,27.70607],[128.90516,27.70288],[128.91076,27.70111],[128.91369,27.69798],[128.91656,27.69625],[128.9198,27.6883],[128.92009,27.68269],[128.92123,27.67994],[128.92035,27.67827],[128.92052,27.67423],[128.9258,27.66597],[128.93621,27.661],[128.9399,27.66206],[128.94556,27.66278],[128.94774,27.66371],[128.95261,27.66356],[128.95759,27.66584],[128.96043,27.66632],[128.96254,27.66924],[128.96575,27.67097],[128.97476,27.66847],[128.98216,27.66844],[128.98788,27.67115],[128.98903,27.67441],[128.99178,27.67677],[128.99506,27.68195],[128.9976,27.68449],[129.0001,27.69061],[128.99853,27.69196],[128.99819,27.69578],[128.99261,27.69825],[128.99192,27.70125],[128.9877,27.70683],[128.98316,27.71137],[128.97654,27.71443],[128.97372,27.71793],[128.9715,27.72217],[128.96997,27.71894],[128.96787,27.72049],[128.96287,27.71975],[128.96022,27.72252],[128.95689,27.72268],[128.9542,27.72164],[128.9519,27.72224],[128.95088,27.72672],[128.95319,27.73427],[128.9561,27.7377],[128.95311,27.73916]]]}},{"type":"Feature","properties":{"code":"46533","name":"大島郡和泊町","pref":"鹿児島県","pref_code":"46","cx":128.63212,"cy":27.40204,"bbox":[128.57461,27.3622,128.71374,27.44079]},"geometry":{"type":"Polygon","coordinates":[[[128.62398,27.3622],[128.62647,27.36363],[128.63161,27.36525],[128.63609,27.36524],[128.63843,27.36738],[128.64174,27.372],[128.64399,27.37309],[128.64473,27.37612],[128.64765,27.37879],[128.64833,27.38065],[128.6519,27.38358],[128.65657,27.38965],[128.65932,27.39549],[128.66288,27.39561],[128.66314,27.39903],[128.66494,27.40294],[128.66792,27.40363],[128.67427,27.41193],[128.67725,27.41412],[128.68712,27.41595],[128.69059,27.41882],[128.69515,27.4194],[128.69601,27.4215],[128.69839,27.42324],[128.70124,27.42386],[128.70575,27.42844],[128.70803,27.42855],[128.70859,27.43064],[128.71374,27.43479],[128.71124,27.43887],[128.70387,27.4406],[128.69146,27.44079],[128.68886,27.43784],[128.68425,27.43694],[128.68351,27.43362],[128.67872,27.43011],[128.67621,27.43029],[128.67141,27.42699],[128.66667,27.42634],[128.66098,27.42324],[128.65495,27.42351],[128.65174,27.42107],[128.65104,27.4184],[128.64808,27.41878],[128.64195,27.41462],[128.63885,27.41367],[128.63494,27.40932],[128.63099,27.40814],[128.62655,27.40826],[128.62123,27.40489],[128.61801,27.40536],[128.61312,27.4091],[128.60904,27.40473],[128.60365,27.40442],[128.59748,27.4007],[128.59642,27.39784],[128.5933,27.39726],[128.59105,27.3995],[128.58425,27.40064],[128.57765,27.40114],[128.5776,27.39808],[128.57951,27.39401],[128.58007,27.39077],[128.57765,27.3882],[128.57461,27.38142],[128.58073,27.37646],[128.58273,27.37737],[128.58439,27.37571],[128.59198,27.37495],[128.5949,27.37607],[128.59945,27.37999],[128.59881,27.38229],[128.60218,27.38478],[128.6044,27.38283],[128.60472,27.38071],[128.60863,27.37908],[128.614,27.37237],[128.61674,27.37105],[128.61902,27.3675],[128.62,27.36419],[128.62331,27.36357],[128.62398,27.3622]]]}},{"type":"Feature","properties":{"code":"46534","name":"大島郡知名町","pref":"鹿児島県","pref_code":"46","cx":128.57168,"cy":27.36585,"bbox":[128.52005,27.32905,128.62398,27.40524]},"geometry":{"type":"Polygon","coordinates":[[[128.57765,27.40114],[128.56681,27.39778],[128.56534,27.3989],[128.56204,27.39649],[128.55886,27.39575],[128.55325,27.39644],[128.55206,27.39747],[128.54848,27.39743],[128.54277,27.40018],[128.54111,27.40006],[128.53697,27.40514],[128.53312,27.40524],[128.52955,27.40199],[128.52832,27.39783],[128.52678,27.39675],[128.52361,27.39097],[128.5231,27.38523],[128.52121,27.38007],[128.52005,27.37317],[128.52333,27.36791],[128.5247,27.36244],[128.52623,27.36073],[128.52965,27.3541],[128.53148,27.3486],[128.54332,27.33722],[128.54902,27.33374],[128.55021,27.33242],[128.55521,27.32995],[128.55975,27.32905],[128.56634,27.33065],[128.56815,27.32986],[128.57702,27.33216],[128.57892,27.33127],[128.58265,27.33357],[128.58801,27.33572],[128.5925,27.33682],[128.5961,27.33974],[128.59897,27.33995],[128.60184,27.34285],[128.60693,27.34467],[128.60895,27.34909],[128.61265,27.34939],[128.61517,27.35168],[128.61698,27.35618],[128.62193,27.3592],[128.62398,27.3622],[128.62331,27.36357],[128.62,27.36419],[128.61902,27.3675],[128.61674,27.37105],[128.614,27.37237],[128.60863,27.37908],[128.60472,27.38071],[128.6044,27.38283],[128.60218,27.38478],[128.59881,27.38229],[128.59945,27.37999],[128.5949,27.37607],[128.59198,27.37495],[128.58439,27.37571],[128.58273,27.37737],[128.58073,27.37646],[128.57461,27.38142],[128.57765,27.3882],[128.58007,27.39077],[128.57951,27.39401],[128.5776,27.39808],[128.57765,27.40114]]]}},{"type":"Feature","properties":{"code":"46535","name":"大島郡与論町","pref":"鹿児島県","pref_code":"46","cx":128.42518,"cy":27.04359,"bbox":[128.39553,27.01902,128.45767,27.06811]},"geometry":{"type":"Polygon","coordinates":[[[128.432,27.06811],[128.42808,27.06796],[128.42127,27.06591],[128.41521,27.05989],[128.41571,27.0576],[128.41368,27.05119],[128.41439,27.04909],[128.41149,27.04755],[128.40738,27.0473],[128.40339,27.0502],[128.39911,27.05127],[128.39553,27.04802],[128.3959,27.04492],[128.39771,27.04225],[128.39737,27.03903],[128.39832,27.03705],[128.40099,27.03863],[128.40561,27.03829],[128.40942,27.03456],[128.40955,27.03166],[128.41248,27.02832],[128.41666,27.02845],[128.41799,27.02944],[128.42106,27.02798],[128.4202,27.02652],[128.42298,27.02329],[128.42486,27.02267],[128.43089,27.02283],[128.43404,27.02138],[128.43776,27.02198],[128.4421,27.02133],[128.44529,27.01902],[128.44992,27.02034],[128.4574,27.02362],[128.45767,27.02737],[128.45636,27.02829],[128.455,27.03214],[128.45346,27.04043],[128.45359,27.04522],[128.45511,27.0477],[128.45357,27.05168],[128.44936,27.05479],[128.44667,27.05992],[128.44046,27.06582],[128.432,27.06811]]]}},{"type":"Feature","properties":{"code":"47201","name":"那覇市","pref":"沖縄県","pref_code":"47","cx":127.69538,"cy":26.21139,"bbox":[127.63046,26.17643,127.7386,26.2461]},"geometry":{"type":"Polygon","coordinates":[[[127.67668,26.24549],[127.67497,26.2461],[127.66863,26.2461],[127.66929,26.24245],[127.67053,26.24109],[127.67218,26.24108],[127.67226,26.23862],[127.66907,26.23861],[127.66709,26.23771],[127.66708,26.23228],[127.67367,26.23228],[127.67508,26.23614],[127.67509,26.2402],[127.67709,26.2402],[127.67709,26.23652],[127.67809,26.2365],[127.67809,26.2402],[127.6794,26.2402],[127.67939,26.2364],[127.68003,26.23615],[127.68002,26.23188],[127.68089,26.22947],[127.68105,26.22656],[127.67674,26.22425],[127.67392,26.22351],[127.67092,26.22095],[127.66511,26.22155],[127.66172,26.21733],[127.66479,26.21469],[127.66649,26.21126],[127.67433,26.20918],[127.67392,26.2073],[127.67117,26.20523],[127.66983,26.20767],[127.66579,26.20955],[127.66316,26.21324],[127.65759,26.21352],[127.65548,26.2146],[127.65423,26.21669],[127.65206,26.21777],[127.64889,26.21668],[127.64678,26.21468],[127.64536,26.21158],[127.64425,26.21152],[127.64177,26.20753],[127.64252,26.20709],[127.64187,26.20388],[127.63495,26.20361],[127.63388,26.20632],[127.63046,26.20618],[127.63179,26.18195],[127.63118,26.17875],[127.63613,26.17835],[127.63509,26.20039],[127.63579,26.2016],[127.64106,26.2018],[127.6365,26.19871],[127.63796,26.19717],[127.63959,26.19296],[127.64366,26.18872],[127.64421,26.17808],[127.64383,26.17742],[127.65324,26.17643],[127.65525,26.17667],[127.6602,26.17905],[127.66134,26.18084],[127.66448,26.18294],[127.66565,26.18191],[127.66735,26.18329],[127.66893,26.1819],[127.67085,26.18216],[127.67364,26.18507],[127.67777,26.18656],[127.68056,26.18911],[127.68208,26.19646],[127.68324,26.19843],[127.68974,26.19435],[127.69354,26.19447],[127.69659,26.19606],[127.69932,26.19553],[127.7011,26.1943],[127.70388,26.19132],[127.70774,26.19032],[127.71182,26.19362],[127.71318,26.1959],[127.71623,26.19632],[127.71823,26.19582],[127.72161,26.19843],[127.72279,26.20319],[127.72252,26.2097],[127.72616,26.2131],[127.72748,26.21509],[127.7317,26.2166],[127.73356,26.21817],[127.73593,26.21781],[127.73621,26.22467],[127.73319,26.2265],[127.73568,26.23012],[127.73812,26.2316],[127.7386,26.23374],[127.73836,26.23634],[127.73491,26.23611],[127.73281,26.23728],[127.73009,26.23566],[127.72729,26.23468],[127.72586,26.23344],[127.71666,26.23329],[127.7153,26.23392],[127.70869,26.23339],[127.70635,26.23461],[127.70404,26.23349],[127.70158,26.23509],[127.70093,26.23712],[127.69781,26.23675],[127.69605,26.23977],[127.69076,26.24107],[127.68882,26.24232],[127.68508,26.24258],[127.67668,26.24549]]]}},{"type":"Feature","properties":{"code":"47205","name":"宜野湾市","pref":"沖縄県","pref_code":"47","cx":127.75124,"cy":26.27335,"bbox":[127.72429,26.24986,127.78708,26.29787]},"geometry":{"type":"Polygon","coordinates":[[[127.77935,26.29619],[127.77387,26.29739],[127.77084,26.29657],[127.76717,26.29787],[127.76459,26.29601],[127.76192,26.29319],[127.757,26.29503],[127.75612,26.29409],[127.75301,26.29577],[127.75138,26.2935],[127.75258,26.29184],[127.75049,26.28998],[127.74766,26.2897],[127.7441,26.28742],[127.74311,26.28477],[127.74073,26.28353],[127.74106,26.28129],[127.73883,26.28095],[127.73785,26.28322],[127.73282,26.28216],[127.73077,26.28037],[127.73163,26.27857],[127.72848,26.27615],[127.72609,26.27702],[127.7268,26.27389],[127.72429,26.27281],[127.72686,26.26889],[127.7271,26.26689],[127.72936,26.26756],[127.73057,26.26422],[127.72815,26.26163],[127.73195,26.25913],[127.73104,26.25629],[127.73186,26.25507],[127.73529,26.25361],[127.73882,26.2534],[127.73995,26.25574],[127.73952,26.25742],[127.74225,26.25797],[127.74492,26.25568],[127.74813,26.25403],[127.74943,26.25236],[127.75165,26.25292],[127.75296,26.25133],[127.7538,26.25191],[127.75674,26.25131],[127.75749,26.24986],[127.75972,26.25162],[127.76156,26.2517],[127.76338,26.25293],[127.76457,26.25567],[127.76674,26.25452],[127.76926,26.25409],[127.7673,26.25866],[127.76889,26.2608],[127.77093,26.26185],[127.77237,26.26541],[127.77373,26.26733],[127.77393,26.26939],[127.7766,26.27234],[127.7772,26.27418],[127.78282,26.2805],[127.78339,26.2833],[127.78708,26.28751],[127.78418,26.28945],[127.78367,26.29337],[127.78199,26.29475],[127.77973,26.29416],[127.77935,26.29619]]]}},{"type":"Feature","properties":{"code":"47207","name":"石垣市","pref":"沖縄県","pref_code":"47","cx":124.23869,"cy":24.47127,"bbox":[123.45792,24.32743,124.34052,25.92878]},"geometry":{"type":"MultiPolygon","coordinates":[[[[124.15655,24.33309],[124.15329,24.33452],[124.14067,24.33233],[124.1416,24.32743],[124.14743,24.32836],[124.15444,24.32848],[124.15538,24.32941],[124.15586,24.33025],[124.16033,24.33143],[124.15655,24.33309]],[[124.15056,24.33105],[124.15273,24.33093],[124.15529,24.32948],[124.1544,24.3286],[124.14741,24.32848],[124.147,24.33059],[124.15056,24.33105]]],[[[124.14844,24.46213],[124.14615,24.45769],[124.14799,24.4562],[124.14899,24.45412],[124.15043,24.4537],[124.15269,24.45543],[124.15203,24.45812],[124.14844,24.46213]]],[[[124.31647,24.61212],[124.31216,24.61053],[124.31163,24.60872],[124.31182,24.60323],[124.31115,24.5996],[124.31158,24.59466],[124.30903,24.59007],[124.30836,24.58732],[124.30653,24.58498],[124.30428,24.58341],[124.30183,24.58062],[124.30155,24.57834],[124.29754,24.57004],[124.29384,24.56811],[124.29245,24.56793],[124.28457,24.56196],[124.28305,24.5617],[124.28258,24.55879],[124.28429,24.55577],[124.28728,24.55498],[124.28913,24.55158],[124.29054,24.55049],[124.29208,24.55094],[124.29385,24.54825],[124.29396,24.54456],[124.29474,24.54124],[124.29293,24.53936],[124.28875,24.53939],[124.2867,24.53769],[124.28558,24.53494],[124.28614,24.5313],[124.2842,24.52757],[124.28274,24.52645],[124.28101,24.52169],[124.27993,24.52074],[124.27951,24.5177],[124.27839,24.51551],[124.27723,24.5092],[124.27891,24.50731],[124.27717,24.50549],[124.27499,24.50472],[124.27364,24.50748],[124.27119,24.50814],[124.27013,24.51067],[124.26881,24.51117],[124.26744,24.51443],[124.26249,24.51738],[124.25954,24.51848],[124.25849,24.51971],[124.25625,24.51845],[124.25147,24.51302],[124.24642,24.50831],[124.24493,24.50403],[124.23887,24.49876],[124.22929,24.49789],[124.23044,24.49514],[124.22939,24.49032],[124.23098,24.48916],[124.23057,24.48715],[124.22876,24.48737],[124.22679,24.48569],[124.22437,24.48199],[124.22238,24.47399],[124.22075,24.47173],[124.22082,24.46857],[124.22477,24.46795],[124.22638,24.46442],[124.2258,24.46092],[124.22607,24.4592],[124.22289,24.45536],[124.21876,24.45422],[124.21684,24.45583],[124.2121,24.45575],[124.21081,24.45503],[124.20563,24.4579],[124.2026,24.45814],[124.20076,24.4568],[124.19628,24.45762],[124.19269,24.45763],[124.18798,24.45589],[124.18597,24.45424],[124.18404,24.45142],[124.17873,24.44875],[124.1771,24.44937],[124.17443,24.44866],[124.1725,24.44977],[124.16971,24.44949],[124.16442,24.45106],[124.16242,24.45217],[124.15739,24.45296],[124.15657,24.45367],[124.15259,24.45449],[124.15003,24.45216],[124.14961,24.45051],[124.1464,24.44904],[124.14373,24.44695],[124.14231,24.4452],[124.14199,24.44305],[124.13975,24.4425],[124.13645,24.44488],[124.1344,24.44775],[124.13519,24.44902],[124.1377,24.45018],[124.14074,24.45006],[124.14122,24.45143],[124.13921,24.45322],[124.13932,24.45649],[124.14094,24.45734],[124.14174,24.45958],[124.14286,24.45995],[124.1442,24.46363],[124.14355,24.46609],[124.14036,24.47064],[124.13363,24.47588],[124.12588,24.47827],[124.1205,24.48163],[124.11761,24.48237],[124.11265,24.47941],[124.11353,24.47741],[124.11562,24.47645],[124.11778,24.47728],[124.12046,24.47608],[124.12205,24.4744],[124.12327,24.47444],[124.12487,24.47223],[124.12549,24.46877],[124.12446,24.46633],[124.12272,24.46491],[124.1214,24.46497],[124.11669,24.4626],[124.11793,24.46136],[124.11721,24.45885],[124.11797,24.45831],[124.11834,24.45514],[124.11663,24.45496],[124.1174,24.45197],[124.11737,24.44887],[124.12023,24.44866],[124.11845,24.44608],[124.11562,24.44505],[124.1137,24.44579],[124.11062,24.44419],[124.10592,24.44507],[124.10591,24.44839],[124.10355,24.44882],[124.10238,24.45097],[124.10052,24.45118],[124.09966,24.45339],[124.09811,24.45294],[124.09466,24.45405],[124.09291,24.45383],[124.09083,24.45243],[124.08825,24.45186],[124.08598,24.45233],[124.08207,24.45215],[124.0794,24.45397],[124.07665,24.45333],[124.07782,24.44979],[124.08058,24.44916],[124.07793,24.44371],[124.077,24.44056],[124.07532,24.43938],[124.07223,24.43845],[124.07237,24.43667],[124.07129,24.43548],[124.07196,24.43361],[124.07024,24.43067],[124.06993,24.42882],[124.07245,24.42694],[124.07705,24.42619],[124.07929,24.42395],[124.08119,24.42038],[124.08213,24.41994],[124.08427,24.41637],[124.08524,24.41607],[124.08564,24.41999],[124.08729,24.42144],[124.08777,24.42322],[124.09347,24.4277],[124.09779,24.42997],[124.09922,24.43168],[124.10296,24.4334],[124.10784,24.43349],[124.11153,24.43216],[124.11205,24.42993],[124.11458,24.43151],[124.11436,24.43339],[124.11628,24.43448],[124.12055,24.43452],[124.12354,24.4331],[124.12483,24.43101],[124.12418,24.42837],[124.12841,24.42525],[124.13023,24.42309],[124.13267,24.42159],[124.13395,24.41943],[124.13421,24.41546],[124.13697,24.41441],[124.14129,24.41456],[124.14309,24.41376],[124.14426,24.4107],[124.1433,24.40595],[124.1413,24.40364],[124.13974,24.40087],[124.14077,24.39653],[124.14109,24.39233],[124.13995,24.38938],[124.13723,24.38546],[124.13183,24.38052],[124.12702,24.37785],[124.12328,24.37886],[124.12023,24.37782],[124.11631,24.37434],[124.11147,24.3671],[124.11151,24.36554],[124.11514,24.36398],[124.11804,24.36049],[124.12055,24.35937],[124.12353,24.35694],[124.12561,24.35616],[124.13188,24.35556],[124.13679,24.35391],[124.13981,24.3523],[124.14461,24.35111],[124.14416,24.34944],[124.14948,24.34327],[124.14704,24.34092],[124.14733,24.33899],[124.14518,24.33872],[124.14539,24.33711],[124.15345,24.33812],[124.15373,24.33664],[124.15748,24.33779],[124.15892,24.3357],[124.15684,24.33446],[124.1596,24.33325],[124.16279,24.33409],[124.16534,24.332],[124.1664,24.33017],[124.16782,24.33078],[124.16978,24.32989],[124.17127,24.33107],[124.18118,24.33052],[124.19238,24.33511],[124.19733,24.34121],[124.20085,24.34319],[124.20174,24.34467],[124.20092,24.34669],[124.19838,24.34834],[124.19971,24.35056],[124.19919,24.35281],[124.20282,24.35469],[124.20545,24.35462],[124.20865,24.35555],[124.21118,24.35505],[124.21511,24.35531],[124.21781,24.35438],[124.21831,24.35187],[124.22097,24.34941],[124.22898,24.34558],[124.23606,24.3451],[124.23965,24.34682],[124.24256,24.34941],[124.24604,24.35493],[124.24858,24.35735],[124.24975,24.35944],[124.24955,24.36554],[124.24992,24.36773],[124.25279,24.37508],[124.25405,24.38024],[124.252,24.38263],[124.2522,24.39533],[124.25809,24.41236],[124.25767,24.41554],[124.25658,24.41722],[124.25515,24.42242],[124.25159,24.42634],[124.24999,24.43029],[124.25065,24.43513],[124.25242,24.43919],[124.25514,24.43915],[124.25792,24.44381],[124.2575,24.44647],[124.25539,24.44744],[124.25156,24.45103],[124.25047,24.4556],[124.25107,24.45652],[124.25074,24.45957],[124.25102,24.46268],[124.25244,24.46684],[124.2544,24.46971],[124.25632,24.47081],[124.26028,24.47707],[124.26282,24.47997],[124.2653,24.48158],[124.27,24.48276],[124.2704,24.48452],[124.27218,24.48599],[124.27844,24.48826],[124.28235,24.48914],[124.28145,24.49037],[124.28093,24.49502],[124.28154,24.49802],[124.28164,24.50331],[124.28219,24.50545],[124.28377,24.50831],[124.28585,24.50988],[124.28729,24.50926],[124.28915,24.51036],[124.29098,24.51295],[124.29555,24.51466],[124.29797,24.51867],[124.30341,24.52467],[124.30607,24.52606],[124.30726,24.52934],[124.30892,24.53149],[124.3061,24.53511],[124.30418,24.53574],[124.30321,24.53803],[124.30324,24.54173],[124.30449,24.54652],[124.30908,24.55044],[124.31026,24.5531],[124.31217,24.55554],[124.31519,24.55731],[124.31714,24.5576],[124.3187,24.55875],[124.32151,24.55923],[124.3241,24.56355],[124.32562,24.56478],[124.32997,24.56635],[124.33222,24.57013],[124.33443,24.5711],[124.33715,24.57874],[124.33644,24.58042],[124.33701,24.58235],[124.34052,24.58734],[124.33942,24.58839],[124.33694,24.59397],[124.33688,24.59803],[124.33845,24.59878],[124.33874,24.60331],[124.3381,24.60498],[124.33484,24.60535],[124.33202,24.6063],[124.32929,24.60604],[124.32201,24.60762],[124.31983,24.60868],[124.31647,24.61212]]],[[[123.55037,25.72558],[123.54617,25.72506],[123.54507,25.72289],[123.55246,25.72047],[123.5552,25.72076],[123.55459,25.72329],[123.55037,25.72558]]],[[[123.54145,25.7345],[123.53877,25.73242],[123.54134,25.72792],[123.54153,25.72598],[123.54457,25.7261],[123.54479,25.72789],[123.54158,25.7335],[123.54145,25.7345]]],[[[123.47647,25.7518],[123.46979,25.74999],[123.46427,25.74723],[123.46017,25.74397],[123.45841,25.74129],[123.45792,25.73932],[123.45953,25.73522],[123.46416,25.73463],[123.46582,25.73579],[123.47025,25.73713],[123.47143,25.73832],[123.47395,25.7386],[123.47441,25.73977],[123.47864,25.74136],[123.4824,25.74048],[123.48475,25.74104],[123.48849,25.74052],[123.49166,25.7414],[123.49356,25.74307],[123.49306,25.74452],[123.49099,25.74663],[123.48774,25.74844],[123.48684,25.74949],[123.48042,25.75003],[123.47647,25.7518]]],[[[123.68259,25.92878],[123.68045,25.92867],[123.67762,25.92634],[123.676,25.92347],[123.67922,25.91989],[123.68136,25.91928],[123.68596,25.91966],[123.6885,25.92202],[123.68745,25.92451],[123.68259,25.92878]]]]}},{"type":"Feature","properties":{"code":"47208","name":"浦添市","pref":"沖縄県","pref_code":"47","cx":127.70924,"cy":26.25382,"bbox":[127.65406,26.23329,127.75296,26.2746]},"geometry":{"type":"MultiPolygon","coordinates":[[[[127.67497,26.2461],[127.67494,26.25038],[127.66893,26.25063],[127.66863,26.2461],[127.67497,26.2461]]],[[[127.66938,26.2625],[127.65406,26.25778],[127.65414,26.25758],[127.66938,26.2625]]],[[[127.73836,26.23634],[127.73972,26.23947],[127.74165,26.23995],[127.74357,26.24341],[127.74733,26.24472],[127.75071,26.24898],[127.75128,26.25131],[127.75296,26.25133],[127.75165,26.25292],[127.74943,26.25236],[127.74813,26.25403],[127.74492,26.25568],[127.74225,26.25797],[127.73952,26.25742],[127.73995,26.25574],[127.73882,26.2534],[127.73529,26.25361],[127.73186,26.25507],[127.73104,26.25629],[127.73195,26.25913],[127.72815,26.26163],[127.73057,26.26422],[127.72936,26.26756],[127.7271,26.26689],[127.72686,26.26889],[127.72429,26.27281],[127.72346,26.27148],[127.71992,26.27078],[127.71953,26.2746],[127.71263,26.2745],[127.71104,26.27182],[127.7093,26.27213],[127.70824,26.27366],[127.70661,26.27313],[127.70528,26.26899],[127.70413,26.26729],[127.70172,26.26583],[127.70021,26.26569],[127.6917,26.25655],[127.69087,26.25513],[127.68667,26.25683],[127.67816,26.25676],[127.67835,26.2558],[127.68366,26.25579],[127.68371,26.24839],[127.68532,26.24839],[127.68533,26.24613],[127.68367,26.24541],[127.68508,26.24258],[127.68882,26.24232],[127.69076,26.24107],[127.69605,26.23977],[127.69781,26.23675],[127.70093,26.23712],[127.70158,26.23509],[127.70404,26.23349],[127.70635,26.23461],[127.70869,26.23339],[127.7153,26.23392],[127.71666,26.23329],[127.72586,26.23344],[127.72729,26.23468],[127.73009,26.23566],[127.73281,26.23728],[127.73491,26.23611],[127.73836,26.23634]]]]}},{"type":"Feature","properties":{"code":"47209","name":"名護市","pref":"沖縄県","pref_code":"47","cx":128.06234,"cy":26.57737,"bbox":[127.8985,26.50526,128.14896,26.68064]},"geometry":{"type":"MultiPolygon","coordinates":[[[[128.03365,26.64137],[128.03189,26.64271],[128.03088,26.64027],[128.03235,26.63686],[128.0347,26.63712],[128.03542,26.64098],[128.03365,26.64137]]],[[[128.08039,26.64587],[128.0787,26.64433],[128.07187,26.64441],[128.07002,26.64325],[128.06724,26.64262],[128.06338,26.64083],[128.0594,26.63782],[128.05631,26.63692],[128.05219,26.63496],[128.04896,26.63437],[128.0395,26.63661],[128.03741,26.63577],[128.03382,26.63625],[128.0344,26.63417],[128.03106,26.63174],[128.03113,26.63109],[128.02456,26.62739],[128.02374,26.62815],[128.01242,26.6319],[128.00852,26.63023],[128.00668,26.63063],[128.00298,26.63315],[128.0023,26.63443],[128.0038,26.63649],[128.00372,26.63784],[128.00166,26.64071],[127.99905,26.64318],[127.99004,26.64701],[127.98862,26.64659],[127.98694,26.64179],[127.98558,26.63958],[127.98279,26.6386],[127.98119,26.63894],[127.97751,26.63707],[127.97614,26.63822],[127.97512,26.64141],[127.97325,26.64005],[127.96988,26.63593],[127.96777,26.63826],[127.9666,26.6383],[127.96506,26.64019],[127.96368,26.64039],[127.96219,26.639],[127.9568,26.63922],[127.95351,26.63749],[127.95121,26.6372],[127.94982,26.63458],[127.94534,26.63063],[127.94318,26.63188],[127.93788,26.63098],[127.93395,26.63453],[127.93181,26.63356],[127.93088,26.63433],[127.92275,26.63435],[127.92048,26.63397],[127.9167,26.63088],[127.91687,26.6285],[127.91234,26.62813],[127.91169,26.62642],[127.90855,26.62282],[127.90934,26.61983],[127.90851,26.61894],[127.90592,26.61881],[127.90387,26.61682],[127.90227,26.61659],[127.90027,26.61459],[127.8985,26.61027],[127.90079,26.60787],[127.90017,26.60562],[127.9023,26.60398],[127.91181,26.60115],[127.91434,26.60153],[127.91713,26.60388],[127.91871,26.60787],[127.92073,26.60932],[127.92678,26.60869],[127.9291,26.60811],[127.93371,26.60404],[127.93688,26.60273],[127.93783,26.60309],[127.94021,26.60156],[127.94358,26.60281],[127.9473,26.60098],[127.95231,26.59662],[127.95888,26.59439],[127.96502,26.59086],[127.96686,26.59159],[127.96843,26.59082],[127.97017,26.5912],[127.97815,26.58816],[127.97993,26.58834],[127.983,26.58496],[127.98341,26.57478],[127.98123,26.57228],[127.98027,26.56646],[127.97597,26.55897],[127.9729,26.55644],[127.97067,26.55337],[127.96772,26.55184],[127.96487,26.54498],[127.9643,26.54156],[127.96229,26.54071],[127.95988,26.54142],[127.96027,26.54436],[127.95813,26.54662],[127.956,26.54624],[127.95249,26.54465],[127.95141,26.54265],[127.94837,26.53922],[127.94581,26.53714],[127.9417,26.53579],[127.9394,26.53625],[127.93661,26.5382],[127.93716,26.54171],[127.93399,26.54348],[127.93203,26.54245],[127.93415,26.54115],[127.93435,26.53859],[127.92926,26.53145],[127.93146,26.52968],[127.93378,26.52891],[127.93474,26.52613],[127.93594,26.5255],[127.93767,26.5226],[127.93748,26.52073],[127.93629,26.5193],[127.94097,26.51019],[127.94521,26.51183],[127.94693,26.51109],[127.94797,26.51222],[127.94988,26.51229],[127.95374,26.5109],[127.95681,26.51234],[127.95925,26.51411],[127.95842,26.5173],[127.96027,26.51862],[127.96241,26.51857],[127.96373,26.52107],[127.96656,26.52316],[127.96882,26.52336],[127.97101,26.52263],[127.97354,26.52289],[127.97369,26.5279],[127.97599,26.52822],[127.97853,26.52761],[127.97866,26.52517],[127.97707,26.52398],[127.97972,26.52043],[127.98373,26.51894],[127.98928,26.51778],[127.99215,26.51847],[127.99377,26.5153],[127.99538,26.51578],[127.99633,26.51358],[127.99649,26.51129],[127.99768,26.5096],[128.00001,26.50985],[128.00211,26.50609],[128.00362,26.50526],[128.00664,26.5064],[128.00633,26.50855],[128.00502,26.50952],[128.00517,26.51103],[128.00771,26.51362],[128.01083,26.51488],[128.01212,26.51305],[128.01511,26.51295],[128.01654,26.51195],[128.02077,26.51105],[128.02277,26.51146],[128.02569,26.51047],[128.02789,26.51175],[128.03096,26.51216],[128.03276,26.51419],[128.03269,26.51606],[128.0311,26.51831],[128.03927,26.52078],[128.05089,26.52108],[128.05302,26.52037],[128.05112,26.52512],[128.04944,26.52542],[128.04611,26.52993],[128.04607,26.53206],[128.04513,26.53551],[128.04411,26.53731],[128.04187,26.53864],[128.04175,26.54094],[128.03898,26.54341],[128.03744,26.54624],[128.03573,26.54819],[128.03522,26.55178],[128.03902,26.55225],[128.042,26.55558],[128.04141,26.55878],[128.04271,26.55916],[128.04352,26.55661],[128.04179,26.55383],[128.04147,26.55151],[128.04232,26.54959],[128.04457,26.54791],[128.04928,26.54903],[128.0511,26.54734],[128.05268,26.54806],[128.05601,26.55107],[128.0579,26.5506],[128.06422,26.55167],[128.06683,26.55049],[128.06868,26.54889],[128.07085,26.54932],[128.07677,26.54641],[128.0798,26.54343],[128.08134,26.54077],[128.08705,26.538],[128.08766,26.53657],[128.09082,26.53631],[128.09312,26.53453],[128.09483,26.53546],[128.09235,26.53749],[128.09295,26.54006],[128.09583,26.54156],[128.09856,26.54004],[128.10173,26.539],[128.10193,26.54045],[128.10024,26.5431],[128.10331,26.54623],[128.10602,26.54765],[128.10743,26.54929],[128.11082,26.55104],[128.11639,26.55155],[128.12117,26.55378],[128.12602,26.55521],[128.1274,26.55469],[128.13447,26.55555],[128.13778,26.55427],[128.13974,26.55586],[128.13879,26.5625],[128.13756,26.56534],[128.138,26.56639],[128.14199,26.56826],[128.14782,26.56871],[128.14896,26.56954],[128.14457,26.57214],[128.13977,26.57996],[128.13667,26.58701],[128.13471,26.58914],[128.1311,26.59025],[128.12864,26.59269],[128.12681,26.59111],[128.12439,26.59015],[128.12027,26.58949],[128.11748,26.59071],[128.11683,26.59354],[128.11293,26.59508],[128.11246,26.59679],[128.11283,26.59922],[128.11143,26.60031],[128.10891,26.59974],[128.1046,26.60271],[128.10306,26.60214],[128.10225,26.60423],[128.10049,26.60657],[128.09567,26.60925],[128.09568,26.6104],[128.09944,26.61226],[128.09968,26.61363],[128.09834,26.61519],[128.09634,26.61908],[128.09626,26.62017],[128.09158,26.62339],[128.08961,26.62655],[128.0867,26.62735],[128.08569,26.62898],[128.08458,26.63303],[128.08497,26.63638],[128.08301,26.6393],[128.08323,26.64198],[128.08189,26.64309],[128.08039,26.64587]]],[[[128.0201,26.68064],[128.01978,26.67924],[128.01739,26.67836],[128.01374,26.679],[128.00934,26.67854],[128.00839,26.6768],[128.00498,26.67473],[128.00362,26.6758],[128.00079,26.67459],[127.99824,26.67087],[127.99558,26.67139],[127.99617,26.66841],[127.99439,26.66577],[127.99554,26.66439],[127.99368,26.66008],[127.99621,26.65858],[127.99713,26.65624],[128.00086,26.6559],[128.00209,26.65697],[128.00364,26.65641],[128.00388,26.65359],[128.00734,26.6514],[128.01026,26.65092],[128.00953,26.65428],[128.0122,26.65686],[128.01491,26.65748],[128.02825,26.65037],[128.03024,26.65021],[128.03281,26.64815],[128.03478,26.6504],[128.03486,26.65191],[128.03356,26.65596],[128.03187,26.65899],[128.02876,26.6609],[128.0266,26.66304],[128.02378,26.6671],[128.02162,26.67179],[128.02102,26.67456],[128.02135,26.67728],[128.0201,26.68064]]]]}},{"type":"Feature","properties":{"code":"47210","name":"糸満市","pref":"沖縄県","pref_code":"47","cx":127.68801,"cy":26.1223,"bbox":[127.64796,26.07456,127.73158,26.1696]},"geometry":{"type":"Polygon","coordinates":[[[127.70411,26.1696],[127.7016,26.16901],[127.7007,26.16745],[127.70256,26.16655],[127.70069,26.16392],[127.69718,26.16562],[127.69072,26.16579],[127.68837,26.15892],[127.68514,26.15704],[127.68361,26.15558],[127.67989,26.15926],[127.67617,26.15772],[127.67415,26.15635],[127.6719,26.15342],[127.66927,26.15216],[127.66479,26.15127],[127.66499,26.15049],[127.65941,26.14925],[127.65729,26.14747],[127.64796,26.1453],[127.65077,26.13533],[127.64989,26.1344],[127.65023,26.1322],[127.65143,26.13083],[127.65287,26.12606],[127.65578,26.12728],[127.6536,26.13285],[127.65348,26.13527],[127.66018,26.13684],[127.66092,26.1342],[127.65856,26.13365],[127.65894,26.13207],[127.66764,26.13396],[127.66714,26.13197],[127.66263,26.13003],[127.66341,26.12649],[127.66468,26.12635],[127.6647,26.12398],[127.66241,26.1212],[127.66274,26.11994],[127.6615,26.11638],[127.66445,26.11459],[127.66385,26.11194],[127.66198,26.11029],[127.66131,26.10719],[127.65982,26.10545],[127.65895,26.10257],[127.65864,26.09785],[127.65898,26.09417],[127.65849,26.09195],[127.65647,26.09128],[127.65791,26.08862],[127.65681,26.08673],[127.65655,26.08439],[127.65767,26.08169],[127.65886,26.08065],[127.6619,26.08153],[127.66364,26.08027],[127.66725,26.07881],[127.67346,26.07841],[127.67469,26.0777],[127.6774,26.07456],[127.68036,26.07493],[127.68234,26.07668],[127.68462,26.07995],[127.68663,26.08152],[127.69686,26.0868],[127.70693,26.09005],[127.70879,26.09015],[127.71342,26.08755],[127.71704,26.08807],[127.7206,26.08989],[127.7241,26.08997],[127.72559,26.09091],[127.72674,26.09374],[127.72654,26.09525],[127.72815,26.09735],[127.73158,26.09822],[127.73032,26.09995],[127.72579,26.10377],[127.72429,26.1063],[127.72072,26.10555],[127.72047,26.10773],[127.71761,26.11187],[127.71787,26.11326],[127.7118,26.11844],[127.7129,26.1213],[127.7125,26.1233],[127.71075,26.12572],[127.70826,26.12674],[127.70579,26.13314],[127.70982,26.13466],[127.7107,26.13774],[127.71209,26.13939],[127.7126,26.14444],[127.71043,26.14795],[127.70682,26.14834],[127.70471,26.1477],[127.70256,26.14572],[127.70146,26.14701],[127.69961,26.14715],[127.69899,26.14918],[127.69763,26.14947],[127.69653,26.15156],[127.69926,26.15603],[127.70231,26.15833],[127.70298,26.162],[127.70646,26.16461],[127.70527,26.16624],[127.7055,26.16792],[127.70411,26.1696]]]}},{"type":"Feature","properties":{"code":"47211","name":"沖縄市","pref":"沖縄県","pref_code":"47","cx":127.80059,"cy":26.36158,"bbox":[127.77216,26.3004,127.85562,26.42175]},"geometry":{"type":"MultiPolygon","coordinates":[[[[127.84316,26.33436],[127.84066,26.33288],[127.83725,26.32943],[127.83964,26.32753],[127.84168,26.32915],[127.84382,26.32698],[127.85351,26.32454],[127.85562,26.32618],[127.84316,26.33436]]],[[[127.84256,26.33462],[127.84066,26.33725],[127.8362,26.34108],[127.8327,26.34158],[127.83281,26.34281],[127.82965,26.34447],[127.82817,26.34816],[127.82691,26.34819],[127.82477,26.35186],[127.82472,26.35377],[127.82653,26.35744],[127.82514,26.35806],[127.82217,26.35757],[127.82124,26.35918],[127.82277,26.36311],[127.82451,26.36211],[127.82683,26.36383],[127.82884,26.36708],[127.83015,26.36736],[127.82985,26.36974],[127.83055,26.37252],[127.82962,26.37357],[127.82996,26.37636],[127.83276,26.37821],[127.83697,26.38204],[127.83607,26.38303],[127.83273,26.38351],[127.8311,26.38638],[127.83093,26.38921],[127.82851,26.39133],[127.82524,26.3929],[127.82431,26.39116],[127.82088,26.38891],[127.81863,26.39202],[127.81698,26.39332],[127.81544,26.39581],[127.81137,26.39967],[127.81014,26.39832],[127.80968,26.39531],[127.80822,26.39331],[127.80424,26.39099],[127.80178,26.393],[127.79785,26.39963],[127.79594,26.4011],[127.79382,26.4052],[127.79382,26.40995],[127.79179,26.41396],[127.79147,26.41615],[127.7881,26.42057],[127.78834,26.42175],[127.7859,26.41747],[127.78603,26.41587],[127.78501,26.41405],[127.78431,26.41053],[127.78511,26.40796],[127.78821,26.4074],[127.78863,26.40449],[127.78835,26.40154],[127.78725,26.40022],[127.78664,26.39778],[127.78706,26.39509],[127.7862,26.38833],[127.78553,26.38579],[127.78283,26.38491],[127.78132,26.38203],[127.78242,26.38104],[127.78324,26.37749],[127.78195,26.37707],[127.78279,26.37294],[127.78032,26.36799],[127.77901,26.36793],[127.77808,26.36622],[127.7791,26.36106],[127.7793,26.3509],[127.78151,26.35095],[127.78264,26.35227],[127.78452,26.34874],[127.78406,26.34688],[127.78085,26.34393],[127.78088,26.34173],[127.77986,26.3409],[127.77785,26.34297],[127.77216,26.33928],[127.77702,26.33332],[127.77861,26.32947],[127.7775,26.3258],[127.7796,26.32426],[127.78013,26.32262],[127.78206,26.32136],[127.78165,26.31968],[127.779,26.31907],[127.77868,26.31752],[127.78084,26.31723],[127.78479,26.31777],[127.78859,26.31718],[127.78955,26.31585],[127.79218,26.31633],[127.79567,26.31851],[127.79459,26.31995],[127.79523,26.32225],[127.79736,26.32107],[127.79895,26.32284],[127.79923,26.32441],[127.80142,26.32606],[127.80373,26.3248],[127.80575,26.32607],[127.80852,26.32295],[127.80746,26.31859],[127.80651,26.31805],[127.80763,26.31565],[127.80695,26.3139],[127.80746,26.31071],[127.80873,26.30907],[127.80972,26.30626],[127.81088,26.30504],[127.81337,26.3051],[127.81931,26.30642],[127.82539,26.30661],[127.82873,26.30413],[127.82797,26.30588],[127.82876,26.30768],[127.8285,26.31074],[127.8311,26.30938],[127.83358,26.30447],[127.83733,26.3004],[127.84033,26.30146],[127.84315,26.30161],[127.84631,26.30075],[127.84706,26.30203],[127.84671,26.30397],[127.84426,26.30398],[127.84409,26.30528],[127.84161,26.30756],[127.83609,26.30733],[127.83345,26.30539],[127.83116,26.30943],[127.82854,26.31081],[127.82927,26.31318],[127.83371,26.31292],[127.83697,26.31473],[127.83906,26.31418],[127.8475,26.31439],[127.84789,26.31709],[127.84649,26.31974],[127.84209,26.32004],[127.84002,26.32105],[127.8402,26.3221],[127.83717,26.32329],[127.83482,26.32278],[127.83597,26.32538],[127.8347,26.32595],[127.83602,26.3286],[127.83808,26.33124],[127.84256,26.33462]]]]}},{"type":"Feature","properties":{"code":"47212","name":"豊見城市","pref":"沖縄県","pref_code":"47","cx":127.67398,"cy":26.17528,"bbox":[127.63118,26.15166,127.71388,26.19843]},"geometry":{"type":"MultiPolygon","coordinates":[[[[127.65423,26.16143],[127.65028,26.15986],[127.64926,26.1578],[127.65018,26.1546],[127.64986,26.15299],[127.65964,26.15166],[127.66763,26.15376],[127.66474,26.15831],[127.66008,26.16085],[127.65611,26.15999],[127.65423,26.16143]]],[[[127.63118,26.17875],[127.63189,26.1757],[127.6353,26.17583],[127.63602,26.17824],[127.63118,26.17875]]],[[[127.64383,26.17742],[127.64298,26.17668],[127.64075,26.17738],[127.64004,26.17533],[127.64283,26.17336],[127.64593,26.17478],[127.64826,26.17383],[127.64855,26.16902],[127.65234,26.16914],[127.65265,26.16693],[127.65043,26.16586],[127.65168,26.16424],[127.65358,26.16536],[127.65389,26.16333],[127.64867,26.16037],[127.64678,26.16006],[127.64683,26.15643],[127.64797,26.15451],[127.64953,26.15464],[127.64873,26.15748],[127.64947,26.1603],[127.6541,26.162],[127.65922,26.16146],[127.66037,26.16199],[127.66189,26.16],[127.66417,26.15891],[127.66592,26.15727],[127.66927,26.15216],[127.6719,26.15342],[127.67415,26.15635],[127.67617,26.15772],[127.67989,26.15926],[127.68361,26.15558],[127.68514,26.15704],[127.68837,26.15892],[127.69072,26.16579],[127.69718,26.16562],[127.70069,26.16392],[127.70256,26.16655],[127.7007,26.16745],[127.7016,26.16901],[127.70411,26.1696],[127.70421,26.17228],[127.70767,26.17522],[127.71056,26.17619],[127.71173,26.17927],[127.71388,26.18017],[127.71227,26.18363],[127.70947,26.18492],[127.70774,26.19032],[127.70388,26.19132],[127.7011,26.1943],[127.69932,26.19553],[127.69659,26.19606],[127.69354,26.19447],[127.68974,26.19435],[127.68324,26.19843],[127.68208,26.19646],[127.68056,26.18911],[127.67777,26.18656],[127.67364,26.18507],[127.67085,26.18216],[127.66893,26.1819],[127.66735,26.18329],[127.66565,26.18191],[127.66448,26.18294],[127.66134,26.18084],[127.6602,26.17905],[127.65525,26.17667],[127.65324,26.17643],[127.64383,26.17742]]]]}},{"type":"Feature","properties":{"code":"47213","name":"うるま市","pref":"沖縄県","pref_code":"47","cx":127.85271,"cy":26.37193,"bbox":[127.7881,26.24173,128.00397,26.45021]},"geometry":{"type":"MultiPolygon","coordinates":[[[[127.94456,26.26224],[127.93751,26.26237],[127.93866,26.25886],[127.93847,26.25299],[127.93672,26.25038],[127.93518,26.24992],[127.93347,26.24748],[127.93413,26.24651],[127.93785,26.24444],[127.93775,26.24329],[127.94041,26.24173],[127.94212,26.24186],[127.94306,26.24481],[127.94254,26.24604],[127.9466,26.2481],[127.94621,26.25372],[127.94688,26.25642],[127.94825,26.25801],[127.94456,26.26224]]],[[[127.97913,26.29221],[127.98,26.28809],[127.98128,26.29024],[127.97913,26.29221]]],[[[127.99282,26.30408],[127.98957,26.3029],[127.98836,26.30183],[127.98988,26.29873],[127.99282,26.29879],[127.99527,26.30044],[127.99533,26.30206],[127.99277,26.30318],[127.99282,26.30408]]],[[[127.92466,26.32323],[127.92093,26.32329],[127.91734,26.3219],[127.91886,26.31829],[127.92009,26.31735],[127.92282,26.3175],[127.9291,26.314],[127.92994,26.3155],[127.92833,26.3169],[127.92699,26.3197],[127.9259,26.32023],[127.92466,26.32323]]],[[[127.95269,26.32912],[127.9554,26.32869],[127.95386,26.32698],[127.95044,26.3271],[127.95137,26.32465],[127.95059,26.32201],[127.95188,26.32065],[127.95284,26.31448],[127.95503,26.31307],[127.95546,26.3111],[127.95995,26.3092],[127.96117,26.31181],[127.96027,26.31327],[127.96091,26.31679],[127.96639,26.31878],[127.96743,26.32276],[127.96614,26.32402],[127.95951,26.32655],[127.95711,26.32893],[127.95269,26.32912]]],[[[127.85562,26.32618],[127.85798,26.32814],[127.85518,26.33097],[127.8584,26.33355],[127.85998,26.33203],[127.86177,26.332],[127.86631,26.32735],[127.86995,26.32996],[127.86838,26.33601],[127.86488,26.34059],[127.86172,26.34368],[127.85521,26.34151],[127.84929,26.33675],[127.84316,26.33436],[127.85562,26.32618]]],[[[127.96568,26.36509],[127.9675,26.3624],[127.95542,26.35641],[127.95146,26.35768],[127.94319,26.35564],[127.9432,26.35396],[127.94622,26.3506],[127.94314,26.34503],[127.9465,26.34176],[127.94423,26.33885],[127.94874,26.33997],[127.9544,26.33995],[127.95943,26.33826],[127.96274,26.34001],[127.97431,26.35013],[127.97454,26.35398],[127.97003,26.35499],[127.96933,26.36161],[127.96568,26.36509]]],[[[127.98799,26.38508],[127.98722,26.38378],[127.98441,26.38198],[127.98379,26.37996],[127.98092,26.37891],[127.97832,26.37945],[127.97369,26.37649],[127.97208,26.37105],[127.96912,26.36793],[127.96949,26.36745],[127.96894,26.36273],[127.96964,26.36201],[127.97064,26.35535],[127.97522,26.35447],[127.97688,26.35323],[127.97804,26.35484],[127.98093,26.3555],[127.98289,26.35796],[127.98754,26.35988],[127.99159,26.35906],[127.99374,26.36162],[127.99481,26.36511],[127.99343,26.36682],[127.99565,26.36822],[127.99363,26.36993],[127.99294,26.3741],[127.99227,26.37469],[127.98597,26.37425],[127.98662,26.37682],[127.98781,26.37813],[127.99016,26.37862],[127.99026,26.38074],[127.98904,26.38182],[127.98799,26.38508]]],[[[127.99989,26.40085],[127.99982,26.40004],[127.99547,26.39947],[127.99551,26.39788],[127.99352,26.39549],[127.98975,26.39319],[127.98944,26.39096],[127.99145,26.38897],[127.98848,26.38679],[127.99006,26.38508],[127.99194,26.38722],[127.99285,26.38335],[127.99473,26.38373],[127.99797,26.38205],[127.99898,26.38751],[128.00119,26.39096],[128.00328,26.39784],[128.00397,26.3985],[127.99989,26.40085]]],[[[127.84256,26.33462],[127.84514,26.33639],[127.84665,26.33625],[127.84922,26.33725],[127.85638,26.34283],[127.85772,26.34267],[127.86263,26.34446],[127.86446,26.34268],[127.86509,26.34076],[127.86892,26.33605],[127.87035,26.33046],[127.8714,26.33121],[127.87658,26.32736],[127.87724,26.32594],[127.8797,26.32361],[127.88074,26.32166],[127.88467,26.31915],[127.88752,26.31592],[127.88978,26.31208],[127.89352,26.30961],[127.89922,26.30452],[127.90411,26.30327],[127.90509,26.30236],[127.90753,26.30238],[127.90917,26.30102],[127.91292,26.29944],[127.91251,26.29807],[127.91578,26.29432],[127.91815,26.29578],[127.92133,26.29487],[127.92177,26.29759],[127.92359,26.30206],[127.92181,26.30255],[127.92126,26.3059],[127.92223,26.30698],[127.92045,26.31007],[127.91779,26.31667],[127.91825,26.31867],[127.91618,26.31924],[127.91552,26.32195],[127.91412,26.32261],[127.91194,26.32601],[127.90573,26.3308],[127.9002,26.33223],[127.89686,26.33413],[127.8941,26.33667],[127.89361,26.33797],[127.88802,26.34085],[127.88604,26.34337],[127.88548,26.34497],[127.88199,26.34834],[127.8796,26.35277],[127.87502,26.35683],[127.87343,26.35986],[127.87293,26.36201],[127.87327,26.36598],[127.87531,26.36718],[127.87567,26.36841],[127.8749,26.37134],[127.87548,26.37428],[127.88124,26.37641],[127.88026,26.37866],[127.87876,26.37856],[127.87709,26.38122],[127.87126,26.38811],[127.86667,26.3892],[127.86402,26.39253],[127.86227,26.39274],[127.85935,26.39643],[127.85677,26.39876],[127.85321,26.40009],[127.84971,26.40272],[127.84768,26.40225],[127.84415,26.40613],[127.84191,26.40538],[127.84067,26.40648],[127.83826,26.41063],[127.83809,26.41216],[127.83653,26.41409],[127.83727,26.41551],[127.83952,26.41633],[127.83808,26.41834],[127.83301,26.41782],[127.83022,26.41865],[127.82671,26.42281],[127.82796,26.42493],[127.83028,26.42415],[127.83143,26.42597],[127.82943,26.42803],[127.83082,26.43193],[127.83479,26.43034],[127.84039,26.42701],[127.84382,26.43167],[127.84063,26.43356],[127.84164,26.43531],[127.84058,26.43722],[127.84093,26.44181],[127.83899,26.44353],[127.83813,26.44871],[127.83538,26.44964],[127.83439,26.44929],[127.83094,26.45021],[127.82822,26.44959],[127.82738,26.44831],[127.8238,26.44851],[127.82156,26.44755],[127.82049,26.44591],[127.81715,26.44511],[127.81627,26.4429],[127.81372,26.44028],[127.81105,26.44056],[127.80962,26.43876],[127.80925,26.43667],[127.80761,26.43555],[127.80777,26.43373],[127.80431,26.43238],[127.80264,26.43075],[127.80144,26.43085],[127.79569,26.42695],[127.79366,26.42429],[127.79177,26.42387],[127.78834,26.42175],[127.7881,26.42057],[127.79147,26.41615],[127.79179,26.41396],[127.79382,26.40995],[127.79382,26.4052],[127.79594,26.4011],[127.79785,26.39963],[127.80178,26.393],[127.80424,26.39099],[127.80822,26.39331],[127.80968,26.39531],[127.81014,26.39832],[127.81137,26.39967],[127.81544,26.39581],[127.81698,26.39332],[127.81863,26.39202],[127.82088,26.38891],[127.82431,26.39116],[127.82524,26.3929],[127.82851,26.39133],[127.83093,26.38921],[127.8311,26.38638],[127.83273,26.38351],[127.83607,26.38303],[127.83697,26.38204],[127.83276,26.37821],[127.82996,26.37636],[127.82962,26.37357],[127.83055,26.37252],[127.82985,26.36974],[127.83015,26.36736],[127.82884,26.36708],[127.82683,26.36383],[127.82451,26.36211],[127.82277,26.36311],[127.82124,26.35918],[127.82217,26.35757],[127.82514,26.35806],[127.82653,26.35744],[127.82472,26.35377],[127.82477,26.35186],[127.82691,26.34819],[127.82817,26.34816],[127.82965,26.34447],[127.83281,26.34281],[127.8327,26.34158],[127.8362,26.34108],[127.84066,26.33725],[127.84256,26.33462]]]]}},{"type":"Feature","properties":{"code":"47214","name":"宮古島市","pref":"沖縄県","pref_code":"47","cx":125.18659,"cy":24.83422,"bbox":[125.13536,24.71157,125.46931,24.93896]},"geometry":{"type":"MultiPolygon","coordinates":[[[[125.24189,24.73165],[125.24074,24.73118],[125.24064,24.72902],[125.23867,24.72181],[125.23929,24.71844],[125.2424,24.71524],[125.24608,24.71354],[125.25027,24.71315],[125.25674,24.71557],[125.25718,24.71777],[125.25833,24.71937],[125.2557,24.72401],[125.25204,24.72756],[125.24629,24.73054],[125.24189,24.73165]]],[[[125.26604,24.80405],[125.26508,24.8042],[125.26047,24.80254],[125.25656,24.80352],[125.25751,24.80111],[125.25747,24.7977],[125.25901,24.79578],[125.26145,24.79904],[125.26149,24.80129],[125.26304,24.80277],[125.26604,24.80405]]],[[[125.14169,24.84257],[125.13981,24.84223],[125.13894,24.83916],[125.13996,24.83714],[125.13745,24.83639],[125.13536,24.83491],[125.13629,24.83198],[125.13673,24.8281],[125.13542,24.82494],[125.1363,24.82172],[125.13776,24.82334],[125.1398,24.82233],[125.13951,24.81952],[125.13825,24.81681],[125.13935,24.81505],[125.14283,24.81458],[125.14532,24.81328],[125.14366,24.81174],[125.14492,24.80926],[125.14718,24.80654],[125.14868,24.8066],[125.15261,24.80522],[125.15496,24.80537],[125.15725,24.80468],[125.15877,24.80338],[125.16182,24.8025],[125.16696,24.80334],[125.16849,24.80303],[125.17146,24.80454],[125.17447,24.80725],[125.17522,24.81069],[125.17679,24.81136],[125.17548,24.81396],[125.16878,24.81847],[125.16824,24.82099],[125.16589,24.82201],[125.16497,24.82425],[125.16231,24.82665],[125.16063,24.82939],[125.1587,24.82982],[125.15794,24.83232],[125.15623,24.83295],[125.15456,24.83155],[125.14781,24.83242],[125.14542,24.83507],[125.14373,24.84128],[125.14169,24.84257]]],[[[125.16327,24.86542],[125.16018,24.86203],[125.15893,24.8617],[125.15806,24.85905],[125.15663,24.85671],[125.1573,24.85585],[125.15777,24.85198],[125.15928,24.84767],[125.15854,24.84423],[125.15985,24.83994],[125.15825,24.83852],[125.15534,24.83719],[125.15593,24.83498],[125.15824,24.83399],[125.15902,24.83077],[125.16182,24.82947],[125.16311,24.82635],[125.16462,24.8261],[125.16455,24.8248],[125.16573,24.82391],[125.16623,24.82248],[125.1695,24.82103],[125.17198,24.81696],[125.17612,24.81464],[125.1775,24.81182],[125.18239,24.81188],[125.18415,24.81143],[125.18748,24.80891],[125.19131,24.80796],[125.19529,24.80606],[125.19901,24.80544],[125.20117,24.80319],[125.20185,24.80547],[125.2054,24.80397],[125.20791,24.80494],[125.2162,24.80673],[125.21879,24.80893],[125.22133,24.81381],[125.22061,24.81728],[125.22132,24.82059],[125.22049,24.82486],[125.21836,24.82934],[125.217,24.83079],[125.21538,24.83445],[125.21469,24.83794],[125.21315,24.83919],[125.21218,24.84378],[125.20908,24.84708],[125.2058,24.84713],[125.20136,24.85056],[125.19965,24.85073],[125.18898,24.8546],[125.17889,24.86157],[125.17473,24.8617],[125.17185,24.86325],[125.16327,24.86542]]],[[[125.267,24.9148],[125.26971,24.91024],[125.27073,24.90632],[125.27036,24.90468],[125.26868,24.90308],[125.26456,24.90258],[125.26235,24.90438],[125.25938,24.90853],[125.25723,24.9078],[125.26072,24.90574],[125.26259,24.90146],[125.26461,24.89893],[125.27165,24.89221],[125.27177,24.88922],[125.27057,24.88742],[125.27106,24.88544],[125.27251,24.88319],[125.27272,24.88065],[125.27512,24.88015],[125.27605,24.87754],[125.27882,24.87561],[125.27788,24.87313],[125.27992,24.87037],[125.28094,24.87046],[125.28243,24.8676],[125.28358,24.86671],[125.28472,24.8639],[125.28441,24.86178],[125.28563,24.85853],[125.2895,24.85769],[125.2906,24.85525],[125.29255,24.85305],[125.29254,24.85203],[125.2953,24.84953],[125.29646,24.84548],[125.29405,24.84229],[125.29603,24.83839],[125.29349,24.8386],[125.29101,24.83803],[125.28951,24.84116],[125.28785,24.84321],[125.28575,24.84149],[125.28666,24.84023],[125.28465,24.8394],[125.2838,24.84137],[125.28192,24.84144],[125.28082,24.83989],[125.27824,24.83838],[125.27714,24.83683],[125.2768,24.83337],[125.27996,24.82744],[125.28055,24.82415],[125.27814,24.82248],[125.27995,24.8196],[125.27991,24.81616],[125.2813,24.81598],[125.28072,24.8133],[125.27829,24.81346],[125.27685,24.812],[125.27916,24.81009],[125.27846,24.80871],[125.27632,24.81049],[125.27439,24.8098],[125.27271,24.80814],[125.27508,24.80663],[125.27168,24.80312],[125.2677,24.80171],[125.26643,24.79904],[125.26174,24.79873],[125.25891,24.79552],[125.2561,24.79441],[125.25667,24.79243],[125.25666,24.78856],[125.25951,24.78395],[125.26199,24.78253],[125.26315,24.78417],[125.26626,24.78254],[125.26754,24.78358],[125.26926,24.78237],[125.27079,24.77974],[125.27318,24.77854],[125.2745,24.77575],[125.27699,24.77314],[125.27955,24.76779],[125.28181,24.76527],[125.283,24.76067],[125.28308,24.75658],[125.28201,24.7563],[125.28426,24.75342],[125.28411,24.75146],[125.28132,24.75027],[125.27746,24.74953],[125.27627,24.75182],[125.27243,24.75403],[125.26793,24.75089],[125.26395,24.75583],[125.2605,24.75924],[125.26045,24.76179],[125.26235,24.76385],[125.26251,24.76797],[125.26083,24.76811],[125.2597,24.76329],[125.2567,24.76118],[125.25671,24.75944],[125.25395,24.75662],[125.2526,24.75656],[125.2536,24.75327],[125.25811,24.74713],[125.25988,24.74276],[125.26079,24.7388],[125.26083,24.73572],[125.26188,24.73492],[125.26823,24.73316],[125.27119,24.72946],[125.27303,24.72825],[125.2765,24.72771],[125.27887,24.72616],[125.28064,24.72618],[125.28897,24.72333],[125.28936,24.72242],[125.29241,24.71976],[125.29557,24.71892],[125.2961,24.72207],[125.29737,24.7237],[125.29472,24.72841],[125.29387,24.73105],[125.29446,24.73409],[125.29842,24.73279],[125.29761,24.73188],[125.29874,24.72847],[125.29845,24.72582],[125.29636,24.72083],[125.29791,24.71834],[125.3001,24.7164],[125.30572,24.71265],[125.30888,24.71157],[125.31135,24.7126],[125.31419,24.71234],[125.3174,24.71306],[125.32226,24.71875],[125.32553,24.71869],[125.32811,24.71961],[125.3382,24.71875],[125.33996,24.71748],[125.34117,24.71893],[125.34358,24.72023],[125.34639,24.71952],[125.35137,24.72201],[125.35298,24.7216],[125.3603,24.72498],[125.36168,24.72453],[125.36338,24.72604],[125.36794,24.72702],[125.36886,24.72865],[125.37101,24.72935],[125.37268,24.72873],[125.37742,24.72521],[125.37836,24.72554],[125.38349,24.72516],[125.3864,24.72773],[125.39257,24.72898],[125.39807,24.72895],[125.3994,24.72959],[125.40246,24.72937],[125.40317,24.72847],[125.40697,24.72983],[125.40907,24.7285],[125.41163,24.72897],[125.41861,24.72821],[125.4197,24.72729],[125.42329,24.72738],[125.42458,24.72621],[125.43249,24.7297],[125.43692,24.72812],[125.43895,24.72944],[125.44242,24.72839],[125.4453,24.72538],[125.44967,24.72562],[125.44977,24.72852],[125.45088,24.72997],[125.45342,24.73067],[125.45524,24.73031],[125.45768,24.72766],[125.4583,24.72626],[125.46622,24.71938],[125.46847,24.71859],[125.46931,24.71934],[125.46423,24.72403],[125.46187,24.72461],[125.45813,24.72959],[125.45472,24.73269],[125.45432,24.73517],[125.44653,24.74263],[125.44546,24.74504],[125.44314,24.74652],[125.44086,24.75476],[125.43331,24.76101],[125.43139,24.76116],[125.42918,24.76007],[125.42601,24.76002],[125.41885,24.76291],[125.41791,24.76445],[125.41509,24.7636],[125.41219,24.7636],[125.4076,24.76678],[125.40606,24.76711],[125.40264,24.76618],[125.39886,24.76856],[125.39709,24.77086],[125.39298,24.77293],[125.39085,24.77559],[125.39062,24.77793],[125.38908,24.78323],[125.38636,24.78562],[125.38284,24.78778],[125.38126,24.78777],[125.36961,24.79244],[125.3644,24.78911],[125.35784,24.78866],[125.35502,24.78897],[125.35243,24.79012],[125.34987,24.79384],[125.34736,24.79557],[125.3442,24.79592],[125.33912,24.79769],[125.33747,24.7976],[125.3352,24.79892],[125.33678,24.79993],[125.33536,24.80264],[125.33332,24.80236],[125.33163,24.80505],[125.3309,24.81059],[125.33122,24.81607],[125.33195,24.81793],[125.33433,24.81937],[125.33553,24.82085],[125.33242,24.82433],[125.32823,24.8266],[125.3261,24.82838],[125.32507,24.83056],[125.32268,24.83035],[125.32041,24.83194],[125.31815,24.83258],[125.31652,24.83461],[125.3132,24.83696],[125.31317,24.83868],[125.31205,24.84085],[125.30986,24.84218],[125.30934,24.84573],[125.30782,24.84834],[125.30632,24.849],[125.30529,24.85336],[125.30532,24.85585],[125.30629,24.86046],[125.30462,24.86561],[125.30313,24.86715],[125.29944,24.87367],[125.2985,24.87724],[125.29645,24.87806],[125.29572,24.87704],[125.29376,24.87765],[125.29135,24.87948],[125.28859,24.88032],[125.28502,24.88287],[125.28349,24.88631],[125.2834,24.88868],[125.28254,24.89003],[125.28295,24.89194],[125.28209,24.89355],[125.27833,24.89632],[125.27713,24.89827],[125.27558,24.89907],[125.2722,24.90206],[125.27115,24.90622],[125.27117,24.90842],[125.2693,24.9123],[125.267,24.9148]]],[[[125.30686,24.91993],[125.30507,24.91587],[125.30678,24.91363],[125.30915,24.91361],[125.31085,24.91526],[125.30976,24.91754],[125.30686,24.91993]]],[[[125.23991,24.93827],[125.23891,24.93896],[125.23133,24.93537],[125.23177,24.93306],[125.23301,24.93198],[125.23301,24.92974],[125.23507,24.9276],[125.24145,24.92465],[125.24269,24.92236],[125.24509,24.92272],[125.2473,24.92082],[125.2493,24.92368],[125.2468,24.92506],[125.24698,24.92638],[125.25025,24.92589],[125.25102,24.92448],[125.25595,24.92473],[125.25477,24.92739],[125.25275,24.93021],[125.25212,24.93208],[125.24937,24.93476],[125.24444,24.93835],[125.23991,24.93827]]]]}},{"type":"Feature","properties":{"code":"47215","name":"南城市","pref":"沖縄県","pref_code":"47","cx":127.77706,"cy":26.16341,"bbox":[127.72954,26.12595,127.90949,26.19858]},"geometry":{"type":"MultiPolygon","coordinates":[[[[127.77537,26.13201],[127.7729,26.13215],[127.771,26.1315],[127.76925,26.1286],[127.77083,26.12744],[127.77364,26.12674],[127.77591,26.12926],[127.77633,26.13103],[127.77537,26.13201]]],[[[127.90949,26.17184],[127.90498,26.1682],[127.90094,26.16813],[127.89792,26.1673],[127.89707,26.16531],[127.88881,26.1624],[127.88498,26.15873],[127.88378,26.15488],[127.88585,26.15487],[127.88765,26.15386],[127.89218,26.15775],[127.89533,26.15994],[127.89949,26.16198],[127.90934,26.16945],[127.90949,26.17184]]],[[[127.77607,26.18862],[127.77409,26.18682],[127.77272,26.18735],[127.76966,26.18619],[127.76549,26.18626],[127.76442,26.1882],[127.76411,26.1906],[127.76244,26.19473],[127.75852,26.19453],[127.75727,26.19619],[127.74987,26.1968],[127.74863,26.19765],[127.74713,26.19606],[127.74628,26.19858],[127.74078,26.19739],[127.74125,26.19482],[127.73916,26.1938],[127.74014,26.19157],[127.73971,26.18932],[127.73427,26.1827],[127.73302,26.1776],[127.7344,26.1728],[127.73148,26.16866],[127.72954,26.16858],[127.73167,26.16618],[127.72997,26.16178],[127.73093,26.15222],[127.73383,26.15112],[127.73635,26.15239],[127.73938,26.15179],[127.74073,26.14787],[127.74219,26.14613],[127.74201,26.14459],[127.74387,26.14346],[127.74558,26.14112],[127.74908,26.13886],[127.75075,26.13587],[127.75305,26.1334],[127.7571,26.1316],[127.75928,26.13285],[127.76079,26.12849],[127.76223,26.12595],[127.76732,26.12614],[127.76821,26.1276],[127.76734,26.13042],[127.76971,26.13241],[127.771,26.13239],[127.77535,26.135],[127.78116,26.13485],[127.78367,26.13413],[127.78491,26.13262],[127.78728,26.13283],[127.7929,26.13495],[127.79814,26.14096],[127.79848,26.14258],[127.80019,26.14338],[127.8028,26.14682],[127.80458,26.14714],[127.80666,26.1494],[127.80855,26.14764],[127.81033,26.14875],[127.80823,26.15148],[127.81071,26.15349],[127.81189,26.15529],[127.81824,26.15739],[127.82156,26.16049],[127.82463,26.16504],[127.82713,26.16661],[127.82977,26.1654],[127.83113,26.16688],[127.83022,26.16873],[127.83014,26.17145],[127.83077,26.17355],[127.83,26.17548],[127.83114,26.17629],[127.82802,26.1794],[127.82559,26.17918],[127.82297,26.17994],[127.8213,26.1822],[127.82247,26.18863],[127.8211,26.19165],[127.81549,26.1914],[127.8154,26.19064],[127.80804,26.18972],[127.80476,26.18819],[127.80266,26.1882],[127.7983,26.18706],[127.79502,26.18559],[127.79367,26.18419],[127.79315,26.18211],[127.79115,26.18099],[127.79051,26.17123],[127.78725,26.17062],[127.78532,26.1723],[127.78225,26.17205],[127.77781,26.1725],[127.7795,26.1758],[127.77605,26.18002],[127.77711,26.18249],[127.77876,26.18308],[127.77811,26.18728],[127.77607,26.18862]]]]}},{"type":"Feature","properties":{"code":"47301","name":"国頭郡国頭村","pref":"沖縄県","pref_code":"47","cx":128.26368,"cy":26.77165,"bbox":[128.15048,26.66773,128.33463,26.87551]},"geometry":{"type":"MultiPolygon","coordinates":[[[[128.33039,26.74801],[128.3304,26.74732],[128.33463,26.74523],[128.33429,26.74763],[128.33039,26.74801]]],[[[128.26477,26.66773],[128.26821,26.66878],[128.27067,26.6707],[128.27404,26.67073],[128.27463,26.6723],[128.27695,26.67474],[128.27832,26.67503],[128.27941,26.67776],[128.27922,26.67963],[128.27792,26.68107],[128.27939,26.6837],[128.27871,26.68551],[128.28008,26.68764],[128.2799,26.69188],[128.28366,26.69404],[128.2815,26.6967],[128.28341,26.69783],[128.28621,26.69633],[128.28806,26.697],[128.28772,26.69842],[128.29123,26.69968],[128.29153,26.70131],[128.29402,26.70194],[128.29062,26.7059],[128.29111,26.70855],[128.29576,26.71074],[128.29727,26.71036],[128.29897,26.7114],[128.29938,26.71281],[128.29726,26.71597],[128.2954,26.71525],[128.29366,26.71742],[128.29574,26.71965],[128.29887,26.721],[128.30324,26.7208],[128.30332,26.72239],[128.30456,26.72485],[128.30641,26.72626],[128.30613,26.72988],[128.31169,26.73282],[128.31709,26.73456],[128.31888,26.73559],[128.31799,26.73718],[128.31889,26.74052],[128.31798,26.74231],[128.31994,26.74608],[128.32363,26.74881],[128.32524,26.7484],[128.32695,26.74932],[128.32657,26.75264],[128.32546,26.7542],[128.32347,26.75447],[128.32118,26.75696],[128.32325,26.7597],[128.32267,26.76124],[128.32446,26.76533],[128.32561,26.76625],[128.32456,26.76865],[128.32232,26.77038],[128.32273,26.77291],[128.32422,26.77341],[128.32491,26.77595],[128.32647,26.7785],[128.32578,26.7807],[128.3261,26.78247],[128.32331,26.78567],[128.32258,26.78898],[128.32056,26.78864],[128.31699,26.79316],[128.31769,26.79453],[128.31967,26.79473],[128.32147,26.79665],[128.32063,26.7988],[128.31925,26.7999],[128.31782,26.80599],[128.31849,26.81026],[128.32069,26.81218],[128.31725,26.81535],[128.31575,26.81957],[128.31456,26.82134],[128.30933,26.82415],[128.30768,26.82725],[128.30569,26.82852],[128.30466,26.83096],[128.30517,26.83334],[128.30663,26.8355],[128.30659,26.83852],[128.30547,26.84143],[128.3065,26.84346],[128.30366,26.84588],[128.30166,26.84562],[128.29788,26.84631],[128.29526,26.84422],[128.29546,26.84268],[128.29256,26.84135],[128.29019,26.84162],[128.28975,26.84634],[128.2855,26.84732],[128.28264,26.8504],[128.2803,26.85162],[128.28114,26.85418],[128.28008,26.85633],[128.27815,26.85592],[128.27048,26.85886],[128.26891,26.85996],[128.26759,26.86219],[128.26195,26.86646],[128.26221,26.87023],[128.26521,26.87291],[128.26364,26.87416],[128.25745,26.87551],[128.25183,26.87131],[128.24908,26.87048],[128.24667,26.86796],[128.24509,26.86408],[128.24414,26.85899],[128.2446,26.85736],[128.24649,26.85452],[128.24991,26.85364],[128.25312,26.85108],[128.25361,26.84817],[128.25348,26.84358],[128.2525,26.83983],[128.25052,26.83776],[128.24875,26.83707],[128.2481,26.83446],[128.24625,26.83147],[128.2444,26.83098],[128.24392,26.82782],[128.24411,26.82535],[128.24251,26.82269],[128.23959,26.82055],[128.23796,26.81833],[128.23752,26.81628],[128.23389,26.81168],[128.23414,26.80941],[128.23345,26.80786],[128.23071,26.80503],[128.2306,26.80184],[128.23225,26.80013],[128.23121,26.79728],[128.22727,26.79757],[128.22512,26.79543],[128.22397,26.7897],[128.22133,26.78793],[128.21881,26.78443],[128.21403,26.78158],[128.20965,26.77718],[128.20437,26.77442],[128.20521,26.7693],[128.20246,26.76603],[128.19917,26.76616],[128.19801,26.76745],[128.19561,26.76451],[128.19238,26.76296],[128.18942,26.76047],[128.18909,26.75746],[128.18787,26.75416],[128.18451,26.75021],[128.18194,26.74881],[128.17802,26.74819],[128.17676,26.74849],[128.17173,26.74701],[128.1661,26.74388],[128.16346,26.74307],[128.15733,26.74273],[128.15648,26.74545],[128.15293,26.7453],[128.15048,26.74115],[128.15318,26.74115],[128.15543,26.74027],[128.15768,26.7374],[128.15954,26.73373],[128.16053,26.72986],[128.16069,26.72611],[128.15985,26.72313],[128.15814,26.72158],[128.15623,26.71871],[128.15468,26.71769],[128.15716,26.71683],[128.15941,26.71457],[128.16161,26.71328],[128.16452,26.71344],[128.16516,26.71262],[128.16843,26.71177],[128.17287,26.70615],[128.17441,26.70634],[128.17661,26.70459],[128.17982,26.70452],[128.18366,26.70311],[128.18856,26.70021],[128.19029,26.6999],[128.19137,26.69805],[128.19391,26.69543],[128.19542,26.69456],[128.19752,26.69183],[128.2001,26.68963],[128.20287,26.68931],[128.20611,26.68968],[128.20612,26.69384],[128.20731,26.69562],[128.20889,26.69603],[128.20842,26.69866],[128.21283,26.70103],[128.21415,26.7002],[128.21531,26.70257],[128.21878,26.70423],[128.22118,26.70479],[128.22067,26.70611],[128.22197,26.7083],[128.22777,26.70684],[128.22861,26.70577],[128.23381,26.70357],[128.23589,26.70452],[128.24252,26.70306],[128.24263,26.70121],[128.24171,26.6982],[128.2431,26.69725],[128.24394,26.68978],[128.24624,26.68744],[128.24859,26.68744],[128.25008,26.6863],[128.251,26.68208],[128.25103,26.67969],[128.25578,26.67571],[128.25597,26.6744],[128.26058,26.6685],[128.26477,26.66773]]]]}},{"type":"Feature","properties":{"code":"47302","name":"国頭郡大宜味村","pref":"沖縄県","pref_code":"47","cx":128.15074,"cy":26.66641,"bbox":[128.08039,26.61519,128.2001,26.71769]},"geometry":{"type":"MultiPolygon","coordinates":[[[[128.10166,26.66991],[128.10056,26.66953],[128.09802,26.66679],[128.10025,26.66656],[128.10285,26.66524],[128.1042,26.66676],[128.10357,26.66882],[128.10166,26.66991]]],[[[128.09834,26.61519],[128.10068,26.61692],[128.10333,26.61741],[128.10333,26.619],[128.10608,26.62107],[128.10791,26.62346],[128.10739,26.62729],[128.10941,26.63043],[128.11324,26.63206],[128.11483,26.63135],[128.11542,26.62984],[128.117,26.62963],[128.11835,26.63322],[128.11821,26.63478],[128.11932,26.63626],[128.12261,26.6374],[128.12512,26.6411],[128.12755,26.64037],[128.12868,26.63846],[128.13009,26.6414],[128.13273,26.64416],[128.13216,26.64496],[128.13335,26.64773],[128.13616,26.64868],[128.13864,26.64821],[128.13958,26.64696],[128.14475,26.64627],[128.14741,26.64401],[128.14913,26.6433],[128.15028,26.64437],[128.15244,26.64369],[128.15414,26.64431],[128.15655,26.64196],[128.15745,26.64209],[128.15852,26.64571],[128.16078,26.64632],[128.16282,26.64806],[128.16323,26.65048],[128.16486,26.6516],[128.16674,26.65141],[128.16914,26.65248],[128.16977,26.65469],[128.17168,26.65776],[128.172,26.65943],[128.17363,26.66058],[128.17435,26.66274],[128.17606,26.66535],[128.17855,26.66551],[128.18052,26.66894],[128.18342,26.66933],[128.18788,26.6719],[128.18815,26.67474],[128.18938,26.67625],[128.19228,26.67768],[128.19327,26.68243],[128.19296,26.68351],[128.19589,26.6851],[128.19949,26.6884],[128.2001,26.68963],[128.19752,26.69183],[128.19542,26.69456],[128.19391,26.69543],[128.19137,26.69805],[128.19029,26.6999],[128.18856,26.70021],[128.18366,26.70311],[128.17982,26.70452],[128.17661,26.70459],[128.17441,26.70634],[128.17287,26.70615],[128.16843,26.71177],[128.16516,26.71262],[128.16452,26.71344],[128.16161,26.71328],[128.15941,26.71457],[128.15716,26.71683],[128.15468,26.71769],[128.1469,26.71364],[128.14496,26.70966],[128.14404,26.70877],[128.13471,26.70514],[128.1291,26.7042],[128.12635,26.7031],[128.1181,26.70327],[128.11465,26.69952],[128.11452,26.69809],[128.11279,26.69525],[128.10733,26.6904],[128.10615,26.68844],[128.09887,26.68091],[128.09829,26.67973],[128.09977,26.6766],[128.10222,26.67583],[128.10413,26.67426],[128.10492,26.67006],[128.10766,26.66968],[128.1082,26.67222],[128.11007,26.67224],[128.11159,26.67107],[128.11432,26.67132],[128.11455,26.67022],[128.11934,26.66891],[128.12316,26.66581],[128.12196,26.66383],[128.12458,26.66175],[128.12329,26.66023],[128.12006,26.65918],[128.11734,26.6591],[128.1167,26.66078],[128.11487,26.66108],[128.11123,26.65933],[128.11063,26.66053],[128.11322,26.66219],[128.11341,26.66477],[128.11292,26.66743],[128.11099,26.66701],[128.10889,26.66473],[128.10877,26.6628],[128.10744,26.6624],[128.1028,26.66394],[128.10146,26.66165],[128.10014,26.66092],[128.09686,26.6618],[128.09246,26.65664],[128.09094,26.65369],[128.0885,26.65209],[128.0873,26.65029],[128.0842,26.64968],[128.08395,26.64754],[128.08039,26.64587],[128.08189,26.64309],[128.08323,26.64198],[128.08301,26.6393],[128.08497,26.63638],[128.08458,26.63303],[128.08569,26.62898],[128.0867,26.62735],[128.08961,26.62655],[128.09158,26.62339],[128.09626,26.62017],[128.09634,26.61908],[128.09834,26.61519]]]]}},{"type":"Feature","properties":{"code":"47303","name":"国頭郡東村","pref":"沖縄県","pref_code":"47","cx":128.20737,"cy":26.64958,"bbox":[128.09567,26.58949,128.26531,26.7083]},"geometry":{"type":"Polygon","coordinates":[[[128.12864,26.59269],[128.12364,26.60269],[128.12658,26.60294],[128.13001,26.60113],[128.13607,26.60069],[128.13737,26.59934],[128.1392,26.60089],[128.1411,26.60039],[128.14207,26.59891],[128.14604,26.59798],[128.15156,26.59776],[128.151,26.59932],[128.15145,26.60169],[128.15284,26.60405],[128.1549,26.6054],[128.15513,26.60876],[128.15359,26.61112],[128.15326,26.61318],[128.15069,26.61366],[128.149,26.61537],[128.14885,26.618],[128.14798,26.61877],[128.14557,26.62322],[128.14689,26.6271],[128.14877,26.62944],[128.15212,26.63031],[128.15573,26.63022],[128.15943,26.63083],[128.16305,26.62861],[128.16946,26.62835],[128.17432,26.6273],[128.17455,26.62658],[128.17853,26.6256],[128.18203,26.62396],[128.19084,26.62502],[128.19412,26.62462],[128.19834,26.62567],[128.20417,26.62585],[128.20534,26.62527],[128.20933,26.62638],[128.21292,26.62625],[128.21681,26.62917],[128.2189,26.62882],[128.22105,26.62952],[128.22318,26.62861],[128.22434,26.63035],[128.22574,26.62992],[128.2286,26.63119],[128.23168,26.63172],[128.2346,26.63038],[128.23855,26.63194],[128.23899,26.63459],[128.24055,26.63487],[128.24462,26.63767],[128.24337,26.63927],[128.24562,26.64048],[128.24645,26.6428],[128.24762,26.64375],[128.25019,26.64334],[128.25257,26.64602],[128.25264,26.64811],[128.25088,26.65076],[128.25238,26.6533],[128.25569,26.65486],[128.25629,26.65861],[128.25865,26.65854],[128.26058,26.65764],[128.26151,26.6594],[128.26371,26.65914],[128.26358,26.66231],[128.26531,26.66456],[128.26477,26.66773],[128.26058,26.6685],[128.25597,26.6744],[128.25578,26.67571],[128.25103,26.67969],[128.251,26.68208],[128.25008,26.6863],[128.24859,26.68744],[128.24624,26.68744],[128.24394,26.68978],[128.2431,26.69725],[128.24171,26.6982],[128.24263,26.70121],[128.24252,26.70306],[128.23589,26.70452],[128.23381,26.70357],[128.22861,26.70577],[128.22777,26.70684],[128.22197,26.7083],[128.22067,26.70611],[128.22118,26.70479],[128.21878,26.70423],[128.21531,26.70257],[128.21415,26.7002],[128.21283,26.70103],[128.20842,26.69866],[128.20889,26.69603],[128.20731,26.69562],[128.20612,26.69384],[128.20611,26.68968],[128.20287,26.68931],[128.2001,26.68963],[128.19949,26.6884],[128.19589,26.6851],[128.19296,26.68351],[128.19327,26.68243],[128.19228,26.67768],[128.18938,26.67625],[128.18815,26.67474],[128.18788,26.6719],[128.18342,26.66933],[128.18052,26.66894],[128.17855,26.66551],[128.17606,26.66535],[128.17435,26.66274],[128.17363,26.66058],[128.172,26.65943],[128.17168,26.65776],[128.16977,26.65469],[128.16914,26.65248],[128.16674,26.65141],[128.16486,26.6516],[128.16323,26.65048],[128.16282,26.64806],[128.16078,26.64632],[128.15852,26.64571],[128.15745,26.64209],[128.15655,26.64196],[128.15414,26.64431],[128.15244,26.64369],[128.15028,26.64437],[128.14913,26.6433],[128.14741,26.64401],[128.14475,26.64627],[128.13958,26.64696],[128.13864,26.64821],[128.13616,26.64868],[128.13335,26.64773],[128.13216,26.64496],[128.13273,26.64416],[128.13009,26.6414],[128.12868,26.63846],[128.12755,26.64037],[128.12512,26.6411],[128.12261,26.6374],[128.11932,26.63626],[128.11821,26.63478],[128.11835,26.63322],[128.117,26.62963],[128.11542,26.62984],[128.11483,26.63135],[128.11324,26.63206],[128.10941,26.63043],[128.10739,26.62729],[128.10791,26.62346],[128.10608,26.62107],[128.10333,26.619],[128.10333,26.61741],[128.10068,26.61692],[128.09834,26.61519],[128.09968,26.61363],[128.09944,26.61226],[128.09568,26.6104],[128.09567,26.60925],[128.10049,26.60657],[128.10225,26.60423],[128.10306,26.60214],[128.1046,26.60271],[128.10891,26.59974],[128.11143,26.60031],[128.11283,26.59922],[128.11246,26.59679],[128.11293,26.59508],[128.11683,26.59354],[128.11748,26.59071],[128.12027,26.58949],[128.12439,26.59015],[128.12681,26.59111],[128.12864,26.59269]]]}},{"type":"Feature","properties":{"code":"47306","name":"国頭郡今帰仁村","pref":"沖縄県","pref_code":"47","cx":127.96161,"cy":26.67218,"bbox":[127.91736,26.63593,128.02773,26.71449]},"geometry":{"type":"MultiPolygon","coordinates":[[[[127.98862,26.64659],[127.98517,26.64728],[127.98367,26.64814],[127.98232,26.65127],[127.98454,26.65077],[127.99093,26.65176],[127.9888,26.65536],[127.99125,26.65988],[127.9909,26.66186],[127.99325,26.66349],[127.99251,26.66641],[127.99427,26.66769],[127.99291,26.67039],[127.99323,26.67208],[127.99623,26.67497],[127.99636,26.67694],[128.00004,26.6783],[128.00433,26.68135],[128.00575,26.68146],[128.00821,26.68314],[128.0084,26.68548],[128.00576,26.68791],[127.9999,26.68982],[127.9969,26.69132],[127.99194,26.69177],[127.9885,26.69248],[127.98751,26.69341],[127.98448,26.69355],[127.97893,26.69564],[127.97851,26.69755],[127.97537,26.69703],[127.97196,26.69739],[127.9728,26.69461],[127.97045,26.69374],[127.96988,26.69482],[127.96702,26.69603],[127.96578,26.69761],[127.9676,26.69977],[127.96937,26.7005],[127.97024,26.70276],[127.96627,26.70329],[127.96557,26.7042],[127.96201,26.70524],[127.95892,26.70724],[127.95286,26.70823],[127.94849,26.70801],[127.94755,26.70602],[127.94317,26.70641],[127.93468,26.7028],[127.93193,26.70324],[127.93142,26.70447],[127.92561,26.70395],[127.92492,26.70246],[127.91825,26.70207],[127.91898,26.69917],[127.91859,26.69749],[127.91915,26.69523],[127.91895,26.69038],[127.91998,26.68895],[127.91941,26.68674],[127.91783,26.68498],[127.91736,26.68304],[127.923,26.68228],[127.92355,26.68042],[127.92527,26.67804],[127.92514,26.67701],[127.92776,26.67472],[127.92942,26.67432],[127.92965,26.67228],[127.93161,26.67142],[127.9347,26.67137],[127.9358,26.66981],[127.93887,26.67117],[127.94283,26.6708],[127.94508,26.67137],[127.94637,26.66932],[127.94916,26.66769],[127.94954,26.66649],[127.95203,26.66705],[127.95428,26.66962],[127.95691,26.67042],[127.95868,26.66804],[127.95833,26.66543],[127.95891,26.66176],[127.95852,26.65997],[127.96033,26.6557],[127.95957,26.65379],[127.96161,26.65116],[127.96285,26.6468],[127.96102,26.64532],[127.95902,26.63925],[127.96219,26.639],[127.96368,26.64039],[127.96506,26.64019],[127.9666,26.6383],[127.96777,26.63826],[127.96988,26.63593],[127.97325,26.64005],[127.97512,26.64141],[127.97614,26.63822],[127.97751,26.63707],[127.98119,26.63894],[127.98279,26.6386],[127.98558,26.63958],[127.98694,26.64179],[127.98862,26.64659]]],[[[128.01667,26.71449],[128.01467,26.71366],[128.01261,26.7138],[128.00992,26.71168],[128.00834,26.70853],[128.009,26.70405],[128.01149,26.6993],[128.0132,26.69847],[128.01402,26.69688],[128.01636,26.69568],[128.01834,26.69624],[128.02124,26.69454],[128.02347,26.6953],[128.02644,26.69978],[128.02739,26.7001],[128.02683,26.70875],[128.02773,26.71032],[128.01667,26.71449]]]]}},{"type":"Feature","properties":{"code":"47308","name":"国頭郡本部町","pref":"沖縄県","pref_code":"47","cx":127.92131,"cy":26.65731,"bbox":[127.81032,26.60508,127.96285,26.7099]},"geometry":{"type":"MultiPolygon","coordinates":[[[[127.81523,26.6512],[127.81273,26.65061],[127.81032,26.64823],[127.81146,26.64654],[127.81293,26.6484],[127.8158,26.64745],[127.81476,26.64589],[127.81553,26.64443],[127.81745,26.64397],[127.82108,26.64468],[127.82058,26.6473],[127.81755,26.65025],[127.81523,26.6512]]],[[[127.86655,26.65392],[127.86266,26.65337],[127.85795,26.65132],[127.85481,26.64831],[127.85695,26.64149],[127.85932,26.63869],[127.85944,26.63556],[127.85847,26.63157],[127.85994,26.62903],[127.86232,26.62954],[127.86439,26.63538],[127.86651,26.63755],[127.87074,26.64068],[127.87286,26.64685],[127.87442,26.64896],[127.87303,26.64976],[127.87089,26.6526],[127.86655,26.65392]]],[[[127.95902,26.63925],[127.96102,26.64532],[127.96285,26.6468],[127.96161,26.65116],[127.95957,26.65379],[127.96033,26.6557],[127.95852,26.65997],[127.95891,26.66176],[127.95833,26.66543],[127.95868,26.66804],[127.95691,26.67042],[127.95428,26.66962],[127.95203,26.66705],[127.94954,26.66649],[127.94916,26.66769],[127.94637,26.66932],[127.94508,26.67137],[127.94283,26.6708],[127.93887,26.67117],[127.9358,26.66981],[127.9347,26.67137],[127.93161,26.67142],[127.92965,26.67228],[127.92942,26.67432],[127.92776,26.67472],[127.92514,26.67701],[127.92527,26.67804],[127.92355,26.68042],[127.923,26.68228],[127.91736,26.68304],[127.91783,26.68498],[127.91941,26.68674],[127.91998,26.68895],[127.91895,26.69038],[127.91915,26.69523],[127.91859,26.69749],[127.91898,26.69917],[127.91825,26.70207],[127.91527,26.70318],[127.91119,26.70233],[127.90878,26.69943],[127.9038,26.699],[127.90266,26.70051],[127.89991,26.70189],[127.89663,26.70161],[127.89363,26.70269],[127.89242,26.704],[127.88949,26.70409],[127.88687,26.70597],[127.88563,26.70778],[127.88021,26.7099],[127.88019,26.70357],[127.87889,26.70027],[127.87702,26.69869],[127.87805,26.69778],[127.87703,26.69531],[127.87505,26.6935],[127.874,26.69114],[127.87369,26.68777],[127.87426,26.68463],[127.87678,26.6835],[127.88391,26.67885],[127.88593,26.6761],[127.88796,26.67464],[127.88904,26.67245],[127.89096,26.66077],[127.89453,26.66085],[127.89321,26.65927],[127.88968,26.65892],[127.88843,26.65962],[127.88573,26.65953],[127.87897,26.65409],[127.8806,26.6507],[127.8788,26.64666],[127.87988,26.64529],[127.88013,26.64116],[127.87894,26.64089],[127.88028,26.63627],[127.88269,26.63679],[127.88511,26.6336],[127.88682,26.62974],[127.88698,26.62536],[127.88877,26.62349],[127.89012,26.61945],[127.89449,26.61468],[127.89501,26.6135],[127.89387,26.61194],[127.89432,26.60791],[127.89492,26.60655],[127.89892,26.60508],[127.90017,26.60562],[127.90079,26.60787],[127.8985,26.61027],[127.90027,26.61459],[127.90227,26.61659],[127.90387,26.61682],[127.90592,26.61881],[127.90851,26.61894],[127.90934,26.61983],[127.90855,26.62282],[127.91169,26.62642],[127.91234,26.62813],[127.91687,26.6285],[127.9167,26.63088],[127.92048,26.63397],[127.92275,26.63435],[127.93088,26.63433],[127.93181,26.63356],[127.93395,26.63453],[127.93788,26.63098],[127.94318,26.63188],[127.94534,26.63063],[127.94982,26.63458],[127.95121,26.6372],[127.95351,26.63749],[127.9568,26.63922],[127.95902,26.63925]]]]}},{"type":"Feature","properties":{"code":"47311","name":"国頭郡恩納村","pref":"沖縄県","pref_code":"47","cx":127.84631,"cy":26.47305,"bbox":[127.74189,26.41521,127.94097,26.53145]},"geometry":{"type":"Polygon","coordinates":[[[127.92926,26.53145],[127.92697,26.52794],[127.92476,26.52723],[127.92224,26.52883],[127.92114,26.52848],[127.92144,26.52415],[127.92071,26.52088],[127.91906,26.51779],[127.91627,26.5159],[127.91521,26.51657],[127.91251,26.51641],[127.91039,26.51693],[127.90904,26.51841],[127.90605,26.51752],[127.9032,26.51495],[127.90066,26.5146],[127.89861,26.51294],[127.89672,26.51245],[127.89412,26.51279],[127.89216,26.51231],[127.89183,26.50995],[127.88941,26.50437],[127.88718,26.5031],[127.8838,26.5026],[127.87967,26.50477],[127.8797,26.5067],[127.87505,26.50794],[127.87308,26.50957],[127.8727,26.51201],[127.87044,26.51024],[127.8667,26.51043],[127.86537,26.50721],[127.86384,26.5066],[127.8626,26.50449],[127.86105,26.5048],[127.85947,26.50788],[127.85932,26.50945],[127.85743,26.50962],[127.85674,26.50773],[127.85905,26.50706],[127.85909,26.50428],[127.85731,26.50049],[127.85559,26.50014],[127.85435,26.50179],[127.85025,26.50539],[127.84385,26.5038],[127.84338,26.50025],[127.84021,26.4956],[127.84333,26.49167],[127.84535,26.48674],[127.84579,26.48269],[127.84485,26.48061],[127.83994,26.47817],[127.83554,26.47944],[127.83331,26.47618],[127.83116,26.47128],[127.82682,26.46819],[127.82431,26.46728],[127.82133,26.4676],[127.81963,26.46551],[127.81447,26.46228],[127.81193,26.46308],[127.8113,26.45982],[127.80991,26.45724],[127.80585,26.45426],[127.80382,26.45491],[127.80189,26.4523],[127.80092,26.45],[127.8022,26.4491],[127.8026,26.44507],[127.80392,26.44472],[127.80171,26.44027],[127.79959,26.43783],[127.79562,26.43609],[127.79254,26.4374],[127.78998,26.43609],[127.78752,26.43626],[127.78705,26.43481],[127.78253,26.43535],[127.78116,26.43892],[127.77755,26.44008],[127.77368,26.44237],[127.77153,26.44607],[127.76549,26.438],[127.76401,26.43746],[127.7592,26.4339],[127.75675,26.43151],[127.75282,26.43046],[127.74784,26.42756],[127.74393,26.42407],[127.74437,26.42284],[127.74189,26.42227],[127.74204,26.42057],[127.74446,26.4179],[127.74723,26.41735],[127.74908,26.41561],[127.75212,26.41521],[127.75273,26.41813],[127.75655,26.42087],[127.75911,26.42032],[127.76448,26.42251],[127.77205,26.42078],[127.7746,26.41907],[127.77595,26.4171],[127.77929,26.41612],[127.78002,26.41698],[127.78603,26.41587],[127.7859,26.41747],[127.78834,26.42175],[127.79177,26.42387],[127.79366,26.42429],[127.79569,26.42695],[127.80144,26.43085],[127.80264,26.43075],[127.80431,26.43238],[127.80777,26.43373],[127.80761,26.43555],[127.80925,26.43667],[127.80962,26.43876],[127.81105,26.44056],[127.81372,26.44028],[127.81627,26.4429],[127.81715,26.44511],[127.82049,26.44591],[127.82156,26.44755],[127.8238,26.44851],[127.82738,26.44831],[127.82822,26.44959],[127.83094,26.45021],[127.83439,26.44929],[127.83538,26.44964],[127.83706,26.45233],[127.83606,26.4536],[127.8355,26.45721],[127.83736,26.4583],[127.84006,26.46093],[127.84055,26.46221],[127.84432,26.46321],[127.85291,26.4693],[127.85454,26.46975],[127.8578,26.4694],[127.85955,26.47098],[127.86084,26.47336],[127.86263,26.4741],[127.86395,26.47275],[127.866,26.4734],[127.86809,26.47661],[127.87042,26.47723],[127.87321,26.47898],[127.87468,26.47903],[127.87508,26.47706],[127.87976,26.47684],[127.88485,26.47529],[127.88613,26.47636],[127.89128,26.47675],[127.89335,26.47804],[127.89151,26.48281],[127.89309,26.48594],[127.89431,26.48611],[127.89786,26.48972],[127.90112,26.49031],[127.90387,26.49184],[127.90489,26.49146],[127.90553,26.48846],[127.90769,26.48521],[127.91092,26.48332],[127.91267,26.48309],[127.91587,26.48504],[127.91567,26.48643],[127.91706,26.48884],[127.91934,26.49036],[127.919,26.4944],[127.91772,26.49612],[127.92026,26.49664],[127.9212,26.49767],[127.91975,26.50065],[127.92288,26.50205],[127.92602,26.50164],[127.92806,26.50011],[127.92986,26.50223],[127.93508,26.50483],[127.93573,26.50793],[127.94097,26.51019],[127.93629,26.5193],[127.93748,26.52073],[127.93767,26.5226],[127.93594,26.5255],[127.93474,26.52613],[127.93378,26.52891],[127.93146,26.52968],[127.92926,26.53145]]]}},{"type":"Feature","properties":{"code":"47313","name":"国頭郡宜野座村","pref":"沖縄県","pref_code":"47","cx":127.96247,"cy":26.49668,"bbox":[127.92711,26.4646,128.00261,26.52822]},"geometry":{"type":"Polygon","coordinates":[[[127.94097,26.51019],[127.93573,26.50793],[127.93508,26.50483],[127.92986,26.50223],[127.92806,26.50011],[127.92711,26.49632],[127.92789,26.49431],[127.93049,26.49306],[127.93316,26.4906],[127.9341,26.48758],[127.93732,26.48538],[127.93971,26.47911],[127.94024,26.47566],[127.94135,26.47393],[127.94128,26.4709],[127.94403,26.46697],[127.94683,26.4646],[127.94863,26.46494],[127.95128,26.46648],[127.95009,26.47018],[127.95087,26.47243],[127.95379,26.47386],[127.95615,26.47313],[127.96055,26.47355],[127.96206,26.47316],[127.96298,26.47093],[127.9654,26.46832],[127.96756,26.46818],[127.97515,26.47021],[127.97859,26.4721],[127.98045,26.47138],[127.98601,26.47399],[127.99106,26.47508],[127.99057,26.47682],[127.99252,26.47811],[127.98931,26.48008],[127.99156,26.4815],[127.99446,26.48015],[127.99826,26.48115],[128.00067,26.48312],[128.00214,26.48598],[128.00261,26.48935],[128.00094,26.49069],[128.00116,26.49347],[127.99854,26.4952],[127.99748,26.49718],[127.99602,26.49704],[127.99399,26.49919],[127.99359,26.50251],[127.99157,26.50423],[127.99605,26.50887],[127.99768,26.5096],[127.99649,26.51129],[127.99633,26.51358],[127.99538,26.51578],[127.99377,26.5153],[127.99215,26.51847],[127.98928,26.51778],[127.98373,26.51894],[127.97972,26.52043],[127.97707,26.52398],[127.97866,26.52517],[127.97853,26.52761],[127.97599,26.52822],[127.97369,26.5279],[127.97354,26.52289],[127.97101,26.52263],[127.96882,26.52336],[127.96656,26.52316],[127.96373,26.52107],[127.96241,26.51857],[127.96027,26.51862],[127.95842,26.5173],[127.95925,26.51411],[127.95374,26.5109],[127.94988,26.51229],[127.94797,26.51222],[127.94693,26.51109],[127.94521,26.51183],[127.94097,26.51019]]]}},{"type":"Feature","properties":{"code":"47314","name":"国頭郡金武町","pref":"沖縄県","pref_code":"47","cx":127.89724,"cy":26.46813,"bbox":[127.83538,26.43531,127.95049,26.50205]},"geometry":{"type":"Polygon","coordinates":[[[127.84164,26.43531],[127.84468,26.43974],[127.84629,26.4405],[127.84842,26.44266],[127.8483,26.44448],[127.85017,26.44835],[127.85233,26.45059],[127.85559,26.45239],[127.85867,26.45245],[127.8609,26.45441],[127.86356,26.45589],[127.87077,26.45761],[127.87312,26.45648],[127.87446,26.45493],[127.88517,26.45728],[127.88703,26.45529],[127.89086,26.45553],[127.89652,26.45057],[127.89928,26.44943],[127.90294,26.44875],[127.9055,26.44938],[127.90975,26.4484],[127.91158,26.44753],[127.91645,26.44699],[127.91767,26.44515],[127.91706,26.44264],[127.92407,26.43898],[127.92569,26.4416],[127.92727,26.43956],[127.93107,26.43988],[127.93852,26.44164],[127.94158,26.44164],[127.94653,26.43996],[127.94835,26.43772],[127.94958,26.43884],[127.94921,26.44057],[127.94755,26.44197],[127.94445,26.44224],[127.94357,26.44328],[127.94299,26.44695],[127.94313,26.45069],[127.94409,26.45444],[127.94779,26.45437],[127.95049,26.45629],[127.94765,26.45854],[127.94658,26.46217],[127.94683,26.4646],[127.94403,26.46697],[127.94128,26.4709],[127.94135,26.47393],[127.94024,26.47566],[127.93971,26.47911],[127.93732,26.48538],[127.9341,26.48758],[127.93316,26.4906],[127.93049,26.49306],[127.92789,26.49431],[127.92711,26.49632],[127.92806,26.50011],[127.92602,26.50164],[127.92288,26.50205],[127.91975,26.50065],[127.9212,26.49767],[127.92026,26.49664],[127.91772,26.49612],[127.919,26.4944],[127.91934,26.49036],[127.91706,26.48884],[127.91567,26.48643],[127.91587,26.48504],[127.91267,26.48309],[127.91092,26.48332],[127.90769,26.48521],[127.90553,26.48846],[127.90489,26.49146],[127.90387,26.49184],[127.90112,26.49031],[127.89786,26.48972],[127.89431,26.48611],[127.89309,26.48594],[127.89151,26.48281],[127.89335,26.47804],[127.89128,26.47675],[127.88613,26.47636],[127.88485,26.47529],[127.87976,26.47684],[127.87508,26.47706],[127.87468,26.47903],[127.87321,26.47898],[127.87042,26.47723],[127.86809,26.47661],[127.866,26.4734],[127.86395,26.47275],[127.86263,26.4741],[127.86084,26.47336],[127.85955,26.47098],[127.8578,26.4694],[127.85454,26.46975],[127.85291,26.4693],[127.84432,26.46321],[127.84055,26.46221],[127.84006,26.46093],[127.83736,26.4583],[127.8355,26.45721],[127.83606,26.4536],[127.83706,26.45233],[127.83538,26.44964],[127.83813,26.44871],[127.83899,26.44353],[127.84093,26.44181],[127.84058,26.43722],[127.84164,26.43531]]]}},{"type":"Feature","properties":{"code":"47315","name":"国頭郡伊江村","pref":"沖縄県","pref_code":"47","cx":127.78974,"cy":26.72156,"bbox":[127.74892,26.70504,127.83133,26.73912]},"geometry":{"type":"Polygon","coordinates":[[[127.8079,26.73912],[127.79819,26.73671],[127.79477,26.73447],[127.79187,26.73357],[127.78819,26.73336],[127.78647,26.73412],[127.78303,26.73331],[127.77981,26.7347],[127.77784,26.73498],[127.77633,26.73396],[127.76857,26.73713],[127.76041,26.73778],[127.75467,26.73535],[127.75239,26.73292],[127.75223,26.72948],[127.74997,26.72532],[127.74892,26.72225],[127.74953,26.71808],[127.7518,26.71388],[127.75584,26.7098],[127.7608,26.70853],[127.77723,26.7084],[127.78051,26.70939],[127.78633,26.70994],[127.79264,26.70975],[127.7952,26.70932],[127.79711,26.70798],[127.80326,26.70704],[127.80372,26.70504],[127.80602,26.70575],[127.80993,26.70593],[127.81094,26.70686],[127.82866,26.70995],[127.82868,26.71156],[127.83133,26.71719],[127.83086,26.72088],[127.82902,26.72401],[127.82502,26.72709],[127.82145,26.72836],[127.81884,26.73276],[127.81583,26.73415],[127.81119,26.73805],[127.8079,26.73912]]]}},{"type":"Feature","properties":{"code":"47324","name":"中頭郡読谷村","pref":"沖縄県","pref_code":"47","cx":127.74895,"cy":26.39939,"bbox":[127.7119,26.36127,127.78603,26.44098]},"geometry":{"type":"Polygon","coordinates":[[[127.78603,26.41587],[127.78002,26.41698],[127.77929,26.41612],[127.77595,26.4171],[127.7746,26.41907],[127.77205,26.42078],[127.76448,26.42251],[127.75911,26.42032],[127.75655,26.42087],[127.75273,26.41813],[127.75212,26.41521],[127.74908,26.41561],[127.74723,26.41735],[127.74446,26.4179],[127.74204,26.42057],[127.74189,26.42227],[127.73627,26.42238],[127.73335,26.42502],[127.73173,26.42993],[127.72886,26.43316],[127.7279,26.4352],[127.72554,26.43824],[127.72497,26.44003],[127.72094,26.43955],[127.71446,26.4409],[127.71193,26.44098],[127.7119,26.43922],[127.71393,26.43822],[127.71567,26.43478],[127.71681,26.43362],[127.71528,26.43041],[127.71529,26.4286],[127.71423,26.42501],[127.71353,26.41711],[127.71386,26.41462],[127.71497,26.41283],[127.71348,26.41129],[127.71522,26.40925],[127.71621,26.40617],[127.71593,26.4038],[127.71651,26.40189],[127.71964,26.39737],[127.72332,26.39061],[127.72399,26.38816],[127.72556,26.38704],[127.72595,26.38495],[127.72763,26.38405],[127.72727,26.38273],[127.72901,26.38191],[127.73013,26.38026],[127.73135,26.37474],[127.7335,26.37152],[127.73589,26.36657],[127.73797,26.36415],[127.73835,26.36187],[127.7419,26.36274],[127.74649,26.36127],[127.74625,26.36336],[127.74926,26.36416],[127.75107,26.36578],[127.75504,26.36806],[127.757,26.36776],[127.76118,26.3687],[127.7637,26.36798],[127.76458,26.37005],[127.76764,26.36926],[127.76909,26.37153],[127.76808,26.37284],[127.76902,26.37495],[127.76888,26.37947],[127.77185,26.38309],[127.7715,26.38515],[127.77259,26.38663],[127.77306,26.39106],[127.7759,26.39636],[127.7775,26.39634],[127.78109,26.4014],[127.78222,26.40472],[127.78469,26.40394],[127.78548,26.4057],[127.78431,26.41053],[127.78501,26.41405],[127.78603,26.41587]]]}},{"type":"Feature","properties":{"code":"47325","name":"中頭郡嘉手納町","pref":"沖縄県","pref_code":"47","cx":127.77558,"cy":26.37394,"bbox":[127.73835,26.34017,127.78863,26.40796]},"geometry":{"type":"Polygon","coordinates":[[[127.78511,26.40796],[127.78548,26.4057],[127.78469,26.40394],[127.78222,26.40472],[127.78109,26.4014],[127.7775,26.39634],[127.7759,26.39636],[127.77306,26.39106],[127.77259,26.38663],[127.7715,26.38515],[127.77185,26.38309],[127.76888,26.37947],[127.76902,26.37495],[127.76808,26.37284],[127.76909,26.37153],[127.76764,26.36926],[127.76458,26.37005],[127.7637,26.36798],[127.76118,26.3687],[127.757,26.36776],[127.75504,26.36806],[127.75107,26.36578],[127.74926,26.36416],[127.74625,26.36336],[127.74649,26.36127],[127.7419,26.36274],[127.73835,26.36187],[127.73928,26.35799],[127.74014,26.35706],[127.74137,26.3503],[127.74516,26.35146],[127.74488,26.34796],[127.74591,26.34472],[127.74586,26.34263],[127.75031,26.34362],[127.75744,26.34017],[127.75956,26.34026],[127.76172,26.34198],[127.76438,26.34226],[127.76948,26.34118],[127.77338,26.34593],[127.77581,26.34539],[127.77663,26.34302],[127.77785,26.34297],[127.77986,26.3409],[127.78088,26.34173],[127.78085,26.34393],[127.78406,26.34688],[127.78452,26.34874],[127.78264,26.35227],[127.78151,26.35095],[127.7793,26.3509],[127.7791,26.36106],[127.77808,26.36622],[127.77901,26.36793],[127.78032,26.36799],[127.78279,26.37294],[127.78195,26.37707],[127.78324,26.37749],[127.78242,26.38104],[127.78132,26.38203],[127.78283,26.38491],[127.78553,26.38579],[127.7862,26.38833],[127.78706,26.39509],[127.78664,26.39778],[127.78725,26.40022],[127.78835,26.40154],[127.78863,26.40449],[127.78821,26.4074],[127.78511,26.40796]]]}},{"type":"Feature","properties":{"code":"47326","name":"中頭郡北谷町","pref":"沖縄県","pref_code":"47","cx":127.7666,"cy":26.31938,"bbox":[127.74276,26.29319,127.78589,26.34593]},"geometry":{"type":"Polygon","coordinates":[[[127.77935,26.29619],[127.77884,26.30041],[127.77706,26.30125],[127.77582,26.30391],[127.77657,26.30617],[127.77588,26.3085],[127.77734,26.30975],[127.7792,26.3092],[127.7806,26.31097],[127.78443,26.31315],[127.78589,26.31494],[127.78479,26.31777],[127.78084,26.31723],[127.77868,26.31752],[127.779,26.31907],[127.78165,26.31968],[127.78206,26.32136],[127.78013,26.32262],[127.7796,26.32426],[127.7775,26.3258],[127.77861,26.32947],[127.77702,26.33332],[127.77216,26.33928],[127.77785,26.34297],[127.77663,26.34302],[127.77581,26.34539],[127.77338,26.34593],[127.76948,26.34118],[127.76438,26.34226],[127.76172,26.34198],[127.75956,26.34026],[127.75744,26.34017],[127.75031,26.34362],[127.74586,26.34263],[127.74723,26.33972],[127.74562,26.33794],[127.74528,26.33486],[127.74278,26.33434],[127.74276,26.33096],[127.74519,26.32683],[127.74611,26.32273],[127.74815,26.32189],[127.74935,26.3203],[127.75249,26.32184],[127.75198,26.32316],[127.75368,26.32412],[127.75505,26.3219],[127.75311,26.32093],[127.75272,26.3184],[127.75368,26.31686],[127.75386,26.31419],[127.75511,26.31395],[127.75546,26.31078],[127.76008,26.30987],[127.75876,26.3071],[127.75854,26.30464],[127.75724,26.30171],[127.75813,26.30009],[127.757,26.29503],[127.76192,26.29319],[127.76459,26.29601],[127.76717,26.29787],[127.77084,26.29657],[127.77387,26.29739],[127.77935,26.29619]]]}},{"type":"Feature","properties":{"code":"47327","name":"中頭郡北中城村","pref":"沖縄県","pref_code":"47","cx":127.79334,"cy":26.30566,"bbox":[127.77582,26.28489,127.82873,26.32607]},"geometry":{"type":"Polygon","coordinates":[[[127.78708,26.28751],[127.78949,26.28867],[127.79157,26.28738],[127.79549,26.28697],[127.79889,26.28489],[127.80417,26.28502],[127.81442,26.29008],[127.81238,26.29124],[127.81049,26.29379],[127.81321,26.29482],[127.81294,26.29753],[127.81125,26.29851],[127.81278,26.30105],[127.8141,26.30158],[127.81623,26.30515],[127.82017,26.30483],[127.82269,26.30305],[127.82733,26.3032],[127.82873,26.30413],[127.82539,26.30661],[127.81931,26.30642],[127.81337,26.3051],[127.81088,26.30504],[127.80972,26.30626],[127.80873,26.30907],[127.80746,26.31071],[127.80695,26.3139],[127.80763,26.31565],[127.80651,26.31805],[127.80746,26.31859],[127.80852,26.32295],[127.80575,26.32607],[127.80373,26.3248],[127.80142,26.32606],[127.79923,26.32441],[127.79895,26.32284],[127.79736,26.32107],[127.79523,26.32225],[127.79459,26.31995],[127.79567,26.31851],[127.79218,26.31633],[127.78955,26.31585],[127.78859,26.31718],[127.78479,26.31777],[127.78589,26.31494],[127.78443,26.31315],[127.7806,26.31097],[127.7792,26.3092],[127.77734,26.30975],[127.77588,26.3085],[127.77657,26.30617],[127.77582,26.30391],[127.77706,26.30125],[127.77884,26.30041],[127.77973,26.29416],[127.78199,26.29475],[127.78367,26.29337],[127.78418,26.28945],[127.78708,26.28751]]]}},{"type":"Feature","properties":{"code":"47328","name":"中頭郡中城村","pref":"沖縄県","pref_code":"47","cx":127.78361,"cy":26.26142,"bbox":[127.76488,26.23192,127.81692,26.29008]},"geometry":{"type":"Polygon","coordinates":[[[127.76926,26.25409],[127.76843,26.25124],[127.76597,26.25051],[127.76518,26.24834],[127.76586,26.24661],[127.76488,26.24361],[127.76811,26.24104],[127.76632,26.24021],[127.76712,26.23858],[127.77172,26.23717],[127.77511,26.23783],[127.77702,26.23617],[127.77795,26.23694],[127.78235,26.23422],[127.78751,26.23192],[127.78929,26.23597],[127.78933,26.23914],[127.78857,26.2408],[127.78952,26.24854],[127.79207,26.25213],[127.79329,26.25233],[127.79354,26.25539],[127.79442,26.25742],[127.79609,26.25885],[127.79702,26.26099],[127.79799,26.26546],[127.80084,26.26885],[127.80324,26.26939],[127.80709,26.27341],[127.80944,26.2752],[127.81145,26.27365],[127.8162,26.27737],[127.81494,26.2788],[127.81619,26.28044],[127.81692,26.28343],[127.81597,26.28853],[127.81442,26.29008],[127.80417,26.28502],[127.79889,26.28489],[127.79549,26.28697],[127.79157,26.28738],[127.78949,26.28867],[127.78708,26.28751],[127.78339,26.2833],[127.78282,26.2805],[127.7772,26.27418],[127.7766,26.27234],[127.77393,26.26939],[127.77373,26.26733],[127.77237,26.26541],[127.77093,26.26185],[127.76889,26.2608],[127.7673,26.25866],[127.76926,26.25409]]]}},{"type":"Feature","properties":{"code":"47329","name":"中頭郡西原町","pref":"沖縄県","pref_code":"47","cx":127.76288,"cy":26.23086,"bbox":[127.73319,26.20749,127.78995,26.25567]},"geometry":{"type":"Polygon","coordinates":[[[127.73593,26.21781],[127.73948,26.21686],[127.7446,26.21289],[127.74833,26.21252],[127.75085,26.21337],[127.75772,26.21285],[127.7609,26.21212],[127.76275,26.21074],[127.77003,26.20749],[127.76873,26.21006],[127.77182,26.21214],[127.77349,26.21186],[127.77397,26.2146],[127.77763,26.21673],[127.78279,26.2249],[127.78447,26.22606],[127.78735,26.22607],[127.78995,26.23],[127.78751,26.23192],[127.78235,26.23422],[127.77795,26.23694],[127.77702,26.23617],[127.77511,26.23783],[127.77172,26.23717],[127.76712,26.23858],[127.76632,26.24021],[127.76811,26.24104],[127.76488,26.24361],[127.76586,26.24661],[127.76518,26.24834],[127.76597,26.25051],[127.76843,26.25124],[127.76926,26.25409],[127.76674,26.25452],[127.76457,26.25567],[127.76338,26.25293],[127.76156,26.2517],[127.75972,26.25162],[127.75749,26.24986],[127.75674,26.25131],[127.7538,26.25191],[127.75296,26.25133],[127.75128,26.25131],[127.75071,26.24898],[127.74733,26.24472],[127.74357,26.24341],[127.74165,26.23995],[127.73972,26.23947],[127.73836,26.23634],[127.7386,26.23374],[127.73812,26.2316],[127.73568,26.23012],[127.73319,26.2265],[127.73621,26.22467],[127.73593,26.21781]]]}},{"type":"Feature","properties":{"code":"47348","name":"島尻郡与那原町","pref":"沖縄県","pref_code":"47","cx":127.75888,"cy":26.20086,"bbox":[127.73925,26.18619,127.77607,26.21488]},"geometry":{"type":"Polygon","coordinates":[[[127.77607,26.18862],[127.77429,26.18953],[127.77385,26.1912],[127.77055,26.1928],[127.7691,26.19802],[127.7691,26.20032],[127.77097,26.20236],[127.76568,26.20475],[127.7672,26.20749],[127.77003,26.20749],[127.76275,26.21074],[127.7609,26.21212],[127.75772,26.21285],[127.75085,26.21337],[127.74833,26.21252],[127.7446,26.21289],[127.74161,26.21488],[127.73925,26.21044],[127.74468,26.20727],[127.74662,26.2032],[127.7486,26.2014],[127.74628,26.19858],[127.74713,26.19606],[127.74863,26.19765],[127.74987,26.1968],[127.75727,26.19619],[127.75852,26.19453],[127.76244,26.19473],[127.76411,26.1906],[127.76442,26.1882],[127.76549,26.18626],[127.76966,26.18619],[127.77272,26.18735],[127.77409,26.18682],[127.77607,26.18862]]]}},{"type":"Feature","properties":{"code":"47350","name":"島尻郡南風原町","pref":"沖縄県","pref_code":"47","cx":127.72512,"cy":26.19259,"bbox":[127.70774,26.16866,127.7486,26.21817]},"geometry":{"type":"Polygon","coordinates":[[[127.70774,26.19032],[127.70947,26.18492],[127.71227,26.18363],[127.71388,26.18017],[127.71645,26.1801],[127.71839,26.17851],[127.71971,26.17644],[127.72122,26.17564],[127.72442,26.17648],[127.72634,26.17481],[127.72529,26.17253],[127.7239,26.17128],[127.72486,26.16977],[127.72677,26.1689],[127.73148,26.16866],[127.7344,26.1728],[127.73302,26.1776],[127.73427,26.1827],[127.73971,26.18932],[127.74014,26.19157],[127.73916,26.1938],[127.74125,26.19482],[127.74078,26.19739],[127.74628,26.19858],[127.7486,26.2014],[127.74662,26.2032],[127.74468,26.20727],[127.73925,26.21044],[127.74161,26.21488],[127.73948,26.21686],[127.73356,26.21817],[127.7317,26.2166],[127.72748,26.21509],[127.72616,26.2131],[127.72252,26.2097],[127.72279,26.20319],[127.72161,26.19843],[127.71823,26.19582],[127.71623,26.19632],[127.71318,26.1959],[127.71182,26.19362],[127.70774,26.19032]]]}},{"type":"Feature","properties":{"code":"47353","name":"島尻郡渡嘉敷村","pref":"沖縄県","pref_code":"47","cx":127.35702,"cy":26.18693,"bbox":[127.33719,26.13878,127.58508,26.267]},"geometry":{"type":"MultiPolygon","coordinates":[[[[127.34491,26.1465],[127.34279,26.14571],[127.34262,26.14395],[127.34082,26.14181],[127.34105,26.13932],[127.34322,26.13878],[127.34355,26.14099],[127.34562,26.14276],[127.34656,26.1451],[127.34491,26.1465]]],[[[127.34057,26.16429],[127.33743,26.16358],[127.33719,26.16076],[127.33973,26.16115],[127.33961,26.16337],[127.34057,26.16429]]],[[[127.3759,26.1999],[127.37643,26.19726],[127.37797,26.19677],[127.38024,26.19803],[127.38028,26.19908],[127.3759,26.1999]]],[[[127.45275,26.22458],[127.44976,26.22068],[127.44827,26.22032],[127.44721,26.21856],[127.44517,26.2129],[127.44037,26.20391],[127.43883,26.20342],[127.43854,26.20156],[127.43951,26.20038],[127.44272,26.2014],[127.44418,26.2005],[127.44689,26.20303],[127.44775,26.20882],[127.44961,26.21221],[127.45157,26.21303],[127.45218,26.21479],[127.45516,26.21807],[127.45655,26.221],[127.45518,26.22135],[127.45275,26.22458]]],[[[127.35717,26.22647],[127.35545,26.22501],[127.35282,26.22546],[127.35281,26.22262],[127.35449,26.22146],[127.35464,26.21647],[127.35165,26.21442],[127.35092,26.21245],[127.34825,26.21063],[127.35007,26.20758],[127.34916,26.20492],[127.34544,26.20178],[127.34595,26.19371],[127.34482,26.19031],[127.34702,26.18796],[127.3478,26.18589],[127.34583,26.18403],[127.34368,26.18343],[127.34115,26.18516],[127.33928,26.18233],[127.34124,26.17855],[127.34209,26.17362],[127.34163,26.17108],[127.3446,26.17046],[127.34721,26.16899],[127.34827,26.16705],[127.34495,26.15978],[127.34676,26.15883],[127.34638,26.15604],[127.34477,26.15418],[127.3456,26.15273],[127.34665,26.14835],[127.34571,26.14636],[127.3489,26.14583],[127.34928,26.1504],[127.35183,26.15562],[127.35439,26.15696],[127.35776,26.15711],[127.35858,26.15572],[127.36169,26.15567],[127.36328,26.1567],[127.36172,26.1644],[127.36234,26.16518],[127.36078,26.16961],[127.36157,26.17228],[127.3597,26.17512],[127.35973,26.17941],[127.35841,26.18062],[127.36045,26.18317],[127.36432,26.18452],[127.36926,26.18968],[127.37142,26.18911],[127.36985,26.19325],[127.37123,26.19475],[127.37059,26.19793],[127.3676,26.19785],[127.36807,26.20022],[127.36969,26.20129],[127.37388,26.20214],[127.37377,26.20812],[127.37192,26.20889],[127.37117,26.21153],[127.37211,26.21533],[127.3698,26.21872],[127.36794,26.21995],[127.3666,26.22226],[127.36228,26.22438],[127.3576,26.22522],[127.35717,26.22647]]],[[[127.45141,26.23432],[127.44919,26.23277],[127.44951,26.22982],[127.4521,26.22708],[127.45288,26.229],[127.45186,26.23035],[127.45236,26.23403],[127.45141,26.23432]]],[[[127.36889,26.23685],[127.36709,26.23427],[127.36614,26.23184],[127.36776,26.2303],[127.36825,26.22823],[127.36719,26.22395],[127.36895,26.22349],[127.36935,26.22526],[127.37211,26.22766],[127.37303,26.23022],[127.37029,26.23341],[127.36995,26.23615],[127.36889,26.23685]]],[[[127.45749,26.24233],[127.45592,26.24158],[127.45512,26.23973],[127.45537,26.23768],[127.45876,26.23892],[127.45897,26.24139],[127.45749,26.24233]]],[[[127.40315,26.2566],[127.40108,26.25548],[127.40227,26.25351],[127.40274,26.25106],[127.40427,26.24885],[127.40731,26.24917],[127.40632,26.25184],[127.40488,26.25347],[127.40541,26.25447],[127.40315,26.2566]]],[[[127.58508,26.26306],[127.58433,26.26361],[127.57947,26.26255],[127.58019,26.26083],[127.58454,26.26211],[127.58508,26.26306]]],[[[127.57814,26.25914],[127.5794,26.26031],[127.57857,26.2623],[127.5795,26.26415],[127.57832,26.2648],[127.57702,26.2627],[127.57473,26.26123],[127.57518,26.25861],[127.57814,26.25914]]],[[[127.55421,26.26559],[127.54663,26.267],[127.54121,26.26633],[127.54109,26.26456],[127.54258,26.26388],[127.54547,26.26544],[127.55383,26.2639],[127.55421,26.26559]]]]}},{"type":"Feature","properties":{"code":"47354","name":"島尻郡座間味村","pref":"沖縄県","pref_code":"47","cx":127.27752,"cy":26.19941,"bbox":[127.23232,26.16216,127.33485,26.25196]},"geometry":{"type":"MultiPolygon","coordinates":[[[[127.2931,26.17506],[127.29202,26.17301],[127.29053,26.17254],[127.28948,26.16962],[127.28761,26.16659],[127.28983,26.16579],[127.2897,26.16287],[127.29274,26.16216],[127.29516,26.16443],[127.29549,26.16668],[127.29669,26.16711],[127.29622,26.17251],[127.2931,26.17506]]],[[[127.23677,26.18281],[127.23745,26.18022],[127.23445,26.1764],[127.23302,26.17599],[127.23394,26.17005],[127.23232,26.16868],[127.23438,26.16311],[127.23602,26.1645],[127.23881,26.16304],[127.24092,26.1626],[127.24244,26.16363],[127.24095,26.16562],[127.24186,26.16964],[127.24199,26.17345],[127.24424,26.17541],[127.2414,26.17847],[127.23775,26.18064],[127.23677,26.18281]]],[[[127.28904,26.18762],[127.28609,26.18711],[127.28248,26.18308],[127.28572,26.17803],[127.28632,26.17605],[127.28939,26.17589],[127.29084,26.17706],[127.29337,26.17587],[127.29455,26.179],[127.29366,26.18047],[127.29372,26.18434],[127.29293,26.18599],[127.28904,26.18762]]],[[[127.28092,26.21151],[127.2799,26.21187],[127.27461,26.20842],[127.27127,26.20829],[127.26939,26.20224],[127.2656,26.19958],[127.26567,26.19696],[127.26772,26.1967],[127.26832,26.19386],[127.27165,26.19706],[127.27392,26.19678],[127.27623,26.19505],[127.2744,26.19179],[127.27553,26.18895],[127.2758,26.18671],[127.27736,26.18704],[127.27906,26.18914],[127.28124,26.18964],[127.28554,26.18941],[127.28476,26.19069],[127.28714,26.19328],[127.28915,26.1941],[127.29081,26.19353],[127.29338,26.19437],[127.29155,26.19691],[127.29151,26.19845],[127.28955,26.19924],[127.2859,26.20424],[127.28397,26.20792],[127.28159,26.20912],[127.28092,26.21151]]],[[[127.30936,26.21576],[127.30858,26.21074],[127.30983,26.20886],[127.3096,26.20669],[127.3104,26.20467],[127.31035,26.20198],[127.30954,26.20046],[127.31108,26.19868],[127.31343,26.19783],[127.31418,26.20021],[127.31696,26.20278],[127.31711,26.20464],[127.31515,26.20643],[127.3132,26.20689],[127.31109,26.20878],[127.31048,26.21356],[127.30936,26.21576]]],[[[127.29546,26.213],[127.29599,26.21719],[127.29412,26.21675],[127.29392,26.21333],[127.29546,26.213]]],[[[127.28454,26.22029],[127.28331,26.21955],[127.28504,26.21714],[127.28695,26.21639],[127.28846,26.21898],[127.28454,26.22029]]],[[[127.24943,26.22305],[127.24793,26.22318],[127.24656,26.22148],[127.24494,26.22091],[127.24096,26.22128],[127.23934,26.21978],[127.24039,26.21845],[127.23892,26.21438],[127.23921,26.21127],[127.24312,26.20829],[127.24434,26.20891],[127.2458,26.21116],[127.2481,26.21252],[127.24975,26.21583],[127.25028,26.22215],[127.24943,26.22305]]],[[[127.33468,26.2275],[127.3324,26.22681],[127.33485,26.22507],[127.33468,26.2275]]],[[[127.31006,26.25196],[127.31017,26.25045],[127.30854,26.2487],[127.30691,26.24894],[127.30626,26.24672],[127.30794,26.24551],[127.3082,26.24337],[127.30709,26.24042],[127.30222,26.23781],[127.30056,26.23811],[127.29871,26.24118],[127.29619,26.24208],[127.29352,26.23981],[127.29349,26.23561],[127.2906,26.23357],[127.28863,26.23397],[127.28684,26.23302],[127.28233,26.2337],[127.28096,26.23103],[127.28245,26.22948],[127.28284,26.22754],[127.287,26.22778],[127.29146,26.22712],[127.29422,26.22569],[127.29596,26.22357],[127.29797,26.2257],[127.29921,26.2249],[127.30037,26.2271],[127.30226,26.22729],[127.30371,26.22639],[127.30351,26.22426],[127.30208,26.22373],[127.30395,26.22109],[127.30336,26.21976],[127.30768,26.21853],[127.30859,26.22128],[127.30811,26.22226],[127.31023,26.22501],[127.31332,26.2259],[127.31423,26.2274],[127.31347,26.23001],[127.31429,26.23181],[127.31258,26.23234],[127.31272,26.23453],[127.3113,26.23497],[127.31095,26.23736],[127.31262,26.23875],[127.31621,26.23997],[127.32009,26.23994],[127.32244,26.23508],[127.32135,26.2341],[127.3217,26.2317],[127.32746,26.23205],[127.33285,26.22959],[127.33249,26.23308],[127.32903,26.23247],[127.32747,26.23553],[127.32968,26.237],[127.33053,26.23875],[127.33252,26.24013],[127.32934,26.24113],[127.32634,26.24451],[127.32419,26.24437],[127.31757,26.24655],[127.31421,26.24536],[127.31215,26.24624],[127.31106,26.2476],[127.31121,26.25105],[127.31006,26.25196]]]]}},{"type":"Feature","properties":{"code":"47355","name":"島尻郡粟国村","pref":"沖縄県","pref_code":"47","cx":127.23061,"cy":26.58771,"bbox":[127.20813,26.57485,127.24821,26.60207]},"geometry":{"type":"Polygon","coordinates":[[[127.23129,26.60207],[127.22728,26.60105],[127.22553,26.59859],[127.22331,26.59673],[127.22065,26.59594],[127.21657,26.59266],[127.21508,26.5891],[127.21139,26.58581],[127.20998,26.58223],[127.21057,26.58047],[127.20899,26.57851],[127.20813,26.57598],[127.20926,26.57485],[127.2121,26.57496],[127.21748,26.57741],[127.22428,26.5778],[127.23287,26.5791],[127.23467,26.57995],[127.23725,26.57662],[127.24152,26.57743],[127.24328,26.58001],[127.2459,26.58251],[127.24821,26.58632],[127.2459,26.59251],[127.24349,26.59467],[127.24083,26.5981],[127.24008,26.60002],[127.23691,26.60174],[127.23129,26.60207]]]}},{"type":"Feature","properties":{"code":"47356","name":"島尻郡渡名喜村","pref":"沖縄県","pref_code":"47","cx":127.1434,"cy":26.36485,"bbox":[127.10021,26.34926,127.16154,26.38776]},"geometry":{"type":"MultiPolygon","coordinates":[[[[127.14685,26.38199],[127.14611,26.38196],[127.14457,26.37748],[127.14197,26.37626],[127.13885,26.37701],[127.13811,26.3747],[127.1408,26.37428],[127.14015,26.37066],[127.13774,26.36968],[127.13791,26.36698],[127.13707,26.36582],[127.13822,26.36344],[127.14185,26.35963],[127.14239,26.35806],[127.14096,26.35588],[127.14465,26.35325],[127.14553,26.35202],[127.1444,26.34983],[127.14601,26.34926],[127.14654,26.35187],[127.14819,26.35212],[127.14913,26.35361],[127.15172,26.35503],[127.15312,26.35433],[127.15449,26.35562],[127.15651,26.35596],[127.16005,26.35869],[127.16154,26.36388],[127.15894,26.36352],[127.15351,26.36113],[127.14967,26.36311],[127.1489,26.36633],[127.14654,26.37047],[127.14634,26.3717],[127.14849,26.37363],[127.1488,26.37612],[127.15093,26.37768],[127.15117,26.3799],[127.14685,26.38199]]],[[[127.10383,26.38776],[127.10021,26.38761],[127.10103,26.38196],[127.10423,26.38331],[127.10509,26.38503],[127.10507,26.38704],[127.10383,26.38776]]]]}},{"type":"Feature","properties":{"code":"47357","name":"島尻郡南大東村","pref":"沖縄県","pref_code":"47","cx":131.24324,"cy":25.8439,"bbox":[131.21347,25.81282,131.2733,25.87242]},"geometry":{"type":"Polygon","coordinates":[[[131.24073,25.87242],[131.23908,25.87186],[131.23561,25.87213],[131.22628,25.87033],[131.2206,25.86656],[131.21979,25.86445],[131.22103,25.8587],[131.21727,25.84796],[131.217,25.84054],[131.21768,25.83493],[131.21729,25.83111],[131.21347,25.82289],[131.22073,25.81754],[131.22466,25.81528],[131.23146,25.81282],[131.23947,25.81307],[131.24388,25.81378],[131.25124,25.81603],[131.25527,25.8166],[131.25711,25.8175],[131.2636,25.82348],[131.26587,25.82642],[131.26744,25.83007],[131.2676,25.83166],[131.26679,25.83454],[131.26741,25.83866],[131.2706,25.84726],[131.2733,25.85256],[131.27322,25.85467],[131.27145,25.85848],[131.26521,25.86691],[131.26269,25.86864],[131.25816,25.87048],[131.25173,25.87204],[131.24073,25.87242]]]}},{"type":"Feature","properties":{"code":"47358","name":"島尻郡北大東村","pref":"沖縄県","pref_code":"47","cx":131.30779,"cy":25.94623,"bbox":[131.18084,24.46148,131.33211,25.961]},"geometry":{"type":"MultiPolygon","coordinates":[[[[131.18187,24.47232],[131.18084,24.47095],[131.18439,24.46372],[131.18636,24.46189],[131.18927,24.46148],[131.19215,24.46319],[131.19511,24.46831],[131.19453,24.47019],[131.19139,24.47129],[131.18643,24.47142],[131.18187,24.47232]]],[[[131.2859,25.961],[131.28512,25.96078],[131.28399,25.95781],[131.28507,25.94838],[131.28658,25.94407],[131.28827,25.94104],[131.29424,25.93369],[131.29516,25.93418],[131.29911,25.93037],[131.30535,25.92841],[131.31129,25.92801],[131.31891,25.92903],[131.32213,25.93068],[131.32315,25.9319],[131.3238,25.93532],[131.32545,25.93917],[131.32805,25.94269],[131.33211,25.95109],[131.33087,25.95319],[131.32401,25.95576],[131.31932,25.95638],[131.31205,25.95557],[131.30629,25.95563],[131.29274,25.95872],[131.2859,25.961]]]]}},{"type":"Feature","properties":{"code":"47359","name":"島尻郡伊平屋村","pref":"沖縄県","pref_code":"47","cx":127.97132,"cy":27.04462,"bbox":[127.91274,26.98925,128.02228,27.0945]},"geometry":{"type":"MultiPolygon","coordinates":[[[[127.9242,27.00082],[127.92064,26.99976],[127.91896,26.99832],[127.91444,26.99652],[127.91274,26.99524],[127.91429,26.99251],[127.91587,26.99131],[127.9207,26.98925],[127.92476,26.99302],[127.9272,26.99889],[127.9242,27.00082]]],[[[128.02075,27.0945],[128.01544,27.09232],[128.01449,27.0926],[128.00851,27.09016],[128.00625,27.09022],[128.00431,27.08928],[127.99568,27.08887],[127.99384,27.08379],[127.99055,27.08092],[127.98916,27.07725],[127.98732,27.07476],[127.98226,27.0705],[127.97522,27.06662],[127.9699,27.06296],[127.96703,27.05717],[127.95997,27.05022],[127.95442,27.04594],[127.95128,27.04501],[127.94682,27.0369],[127.94705,27.03547],[127.94572,27.03341],[127.93765,27.02528],[127.93308,27.02194],[127.93223,27.0193],[127.93243,27.01414],[127.93411,27.01077],[127.9378,27.00731],[127.93773,27.00246],[127.93609,26.99878],[127.93453,26.99794],[127.93257,26.99821],[127.93458,26.99489],[127.93584,26.99496],[127.94044,27.00517],[127.94059,27.00932],[127.94177,27.0154],[127.94339,27.0162],[127.94699,27.02014],[127.95604,27.02238],[127.95877,27.02121],[127.96165,27.02209],[127.96329,27.02187],[127.96672,27.02532],[127.9667,27.02909],[127.96351,27.02999],[127.96315,27.03147],[127.96474,27.03488],[127.96736,27.03714],[127.96847,27.03648],[127.97254,27.04029],[127.97824,27.04145],[127.98032,27.04011],[127.98348,27.04023],[127.98657,27.04222],[127.99136,27.04423],[127.99575,27.05207],[127.99698,27.0571],[127.9988,27.06145],[127.99738,27.06191],[127.9967,27.06381],[127.99741,27.06756],[127.99936,27.06864],[128.00118,27.07475],[128.00283,27.07722],[128.0056,27.07991],[128.00737,27.08047],[128.00892,27.08258],[128.01585,27.08902],[128.01837,27.08978],[128.02015,27.08923],[128.0219,27.0902],[128.02228,27.09272],[128.02075,27.0945]]]]}},{"type":"Feature","properties":{"code":"47360","name":"島尻郡伊是名村","pref":"沖縄県","pref_code":"47","cx":127.93817,"cy":26.93259,"bbox":[127.91195,26.89153,127.95778,26.97798]},"geometry":{"type":"MultiPolygon","coordinates":[[[[127.93761,26.9557],[127.93518,26.95279],[127.93102,26.95121],[127.92464,26.94978],[127.92301,26.94807],[127.91969,26.9479],[127.91697,26.94575],[127.91673,26.94428],[127.91385,26.93919],[127.91195,26.93676],[127.91382,26.93458],[127.9179,26.9351],[127.92048,26.93623],[127.92049,26.93397],[127.92212,26.93121],[127.92111,26.92993],[127.9208,26.92691],[127.91995,26.92644],[127.91974,26.92244],[127.92146,26.91907],[127.92347,26.91797],[127.92515,26.9182],[127.92748,26.917],[127.93014,26.9138],[127.93466,26.91443],[127.93664,26.91399],[127.93892,26.91189],[127.94241,26.91209],[127.94458,26.91337],[127.94743,26.91301],[127.9487,26.91367],[127.95192,26.91352],[127.95399,26.91441],[127.95318,26.91636],[127.95175,26.91735],[127.95021,26.92398],[127.95141,26.92575],[127.95035,26.92757],[127.95088,26.92874],[127.95319,26.92867],[127.95437,26.92988],[127.95541,26.93413],[127.95716,26.93507],[127.95671,26.94313],[127.95534,26.94577],[127.95069,26.94792],[127.94746,26.95106],[127.94227,26.9527],[127.93761,26.9557]]],[[[127.94779,26.97798],[127.94495,26.97788],[127.94457,26.97664],[127.94845,26.97341],[127.95745,26.97372],[127.95778,26.97573],[127.95489,26.97573],[127.94779,26.97798]]],[[[127.9222,26.90249],[127.9204,26.90204],[127.92193,26.89694],[127.9212,26.89578],[127.92209,26.89408],[127.92642,26.89312],[127.929,26.89153],[127.9308,26.89176],[127.93378,26.89427],[127.93249,26.89494],[127.92783,26.89532],[127.92621,26.89842],[127.92773,26.90139],[127.92576,26.90245],[127.9222,26.90249]]]]}},{"type":"Feature","properties":{"code":"47361","name":"島尻郡久米島町","pref":"沖縄県","pref_code":"47","cx":126.78798,"cy":26.34106,"bbox":[126.70827,26.29099,128.23641,27.88528]},"geometry":{"type":"MultiPolygon","coordinates":[[[[126.82845,26.34278],[126.82416,26.34003],[126.82251,26.33724],[126.82488,26.33572],[126.83086,26.33643],[126.83415,26.33573],[126.83485,26.33665],[126.83161,26.33901],[126.83176,26.34106],[126.83085,26.34223],[126.82845,26.34278]]],[[[126.83894,26.34365],[126.83788,26.34368],[126.83675,26.34097],[126.83722,26.33645],[126.84237,26.33841],[126.8426,26.34138],[126.84053,26.34331],[126.83894,26.34365]]],[[[126.89796,26.35034],[126.89365,26.35019],[126.89188,26.35087],[126.88762,26.34809],[126.88628,26.34618],[126.88357,26.34528],[126.88739,26.3441],[126.88798,26.34663],[126.89156,26.34929],[126.89408,26.34978],[126.89596,26.34942],[126.89796,26.35034]]],[[[126.77613,26.39134],[126.77039,26.39127],[126.7689,26.39044],[126.76587,26.39021],[126.76391,26.38933],[126.7589,26.38921],[126.75728,26.38746],[126.75448,26.38721],[126.75211,26.38537],[126.7461,26.38233],[126.74021,26.37834],[126.7357,26.37701],[126.73349,26.37584],[126.72734,26.37453],[126.71721,26.3746],[126.7128,26.37222],[126.70941,26.36742],[126.70827,26.36306],[126.71153,26.36437],[126.71206,26.36163],[126.70911,26.35476],[126.71071,26.35408],[126.71314,26.35969],[126.71404,26.35967],[126.71489,26.35591],[126.71732,26.35327],[126.72539,26.34874],[126.72726,26.34922],[126.72871,26.34846],[126.73294,26.34762],[126.73884,26.34724],[126.74211,26.34619],[126.74617,26.3458],[126.75108,26.34308],[126.75324,26.34088],[126.75622,26.34061],[126.75815,26.34213],[126.76016,26.34142],[126.75521,26.33859],[126.75753,26.33697],[126.75904,26.33762],[126.76343,26.33442],[126.7624,26.33298],[126.76476,26.33075],[126.76594,26.33118],[126.7682,26.32933],[126.77003,26.32637],[126.76977,26.32432],[126.76822,26.32194],[126.77055,26.3205],[126.77095,26.31865],[126.77615,26.31437],[126.77579,26.31198],[126.77683,26.30858],[126.78063,26.30485],[126.78242,26.3049],[126.7848,26.30379],[126.78635,26.30198],[126.78837,26.30188],[126.79201,26.29984],[126.79355,26.29978],[126.79545,26.29741],[126.7971,26.29667],[126.79986,26.29355],[126.80148,26.29262],[126.80345,26.29297],[126.80709,26.29233],[126.81005,26.29099],[126.81263,26.29185],[126.81355,26.2936],[126.81035,26.29793],[126.81016,26.3025],[126.80771,26.30349],[126.80397,26.30726],[126.80528,26.31035],[126.80704,26.31999],[126.80541,26.32383],[126.80754,26.32889],[126.80974,26.33146],[126.81554,26.33529],[126.8162,26.33629],[126.81404,26.33767],[126.81417,26.33928],[126.81666,26.34124],[126.81737,26.34068],[126.82618,26.34603],[126.82391,26.34638],[126.82246,26.34877],[126.82303,26.35019],[126.82148,26.35117],[126.81758,26.351],[126.81749,26.3527],[126.81241,26.35849],[126.81013,26.36025],[126.80807,26.36082],[126.80897,26.36274],[126.81063,26.36336],[126.80959,26.36539],[126.80701,26.36734],[126.8069,26.36886],[126.80471,26.3705],[126.80051,26.36797],[126.79797,26.36856],[126.79561,26.37111],[126.79491,26.37356],[126.79339,26.37473],[126.79125,26.3797],[126.78993,26.38027],[126.78921,26.3821],[126.78635,26.38581],[126.77903,26.39106],[126.77613,26.39134]]],[[[128.22271,27.88528],[128.2216,27.88526],[128.21956,27.8815],[128.21805,27.87982],[128.2175,27.87779],[128.21833,27.87636],[128.2213,27.87344],[128.22294,27.8687],[128.22289,27.86712],[128.22631,27.86431],[128.22947,27.86327],[128.23402,27.86036],[128.2357,27.86252],[128.23514,27.86366],[128.23641,27.86641],[128.23305,27.87111],[128.23342,27.87278],[128.23236,27.87421],[128.22942,27.87616],[128.22757,27.87802],[128.22769,27.88059],[128.22677,27.88338],[128.22525,27.885],[128.22271,27.88528]]]]}},{"type":"Feature","properties":{"code":"47362","name":"島尻郡八重瀬町","pref":"沖縄県","pref_code":"47","cx":127.73027,"cy":26.13912,"bbox":[127.69653,26.09822,127.76223,26.18017]},"geometry":{"type":"Polygon","coordinates":[[[127.73158,26.09822],[127.73431,26.09929],[127.73546,26.10228],[127.73774,26.10456],[127.73844,26.10796],[127.73941,26.10953],[127.743,26.11134],[127.74304,26.1133],[127.74475,26.11485],[127.74718,26.11826],[127.75015,26.11995],[127.75584,26.11979],[127.75837,26.12379],[127.76221,26.12473],[127.76223,26.12595],[127.76079,26.12849],[127.75928,26.13285],[127.7571,26.1316],[127.75305,26.1334],[127.75075,26.13587],[127.74908,26.13886],[127.74558,26.14112],[127.74387,26.14346],[127.74201,26.14459],[127.74219,26.14613],[127.74073,26.14787],[127.73938,26.15179],[127.73635,26.15239],[127.73383,26.15112],[127.73093,26.15222],[127.72997,26.16178],[127.73167,26.16618],[127.72954,26.16858],[127.72677,26.1689],[127.72486,26.16977],[127.7239,26.17128],[127.72529,26.17253],[127.72634,26.17481],[127.72442,26.17648],[127.72122,26.17564],[127.71971,26.17644],[127.71839,26.17851],[127.71645,26.1801],[127.71388,26.18017],[127.71173,26.17927],[127.71056,26.17619],[127.70767,26.17522],[127.70421,26.17228],[127.70411,26.1696],[127.7055,26.16792],[127.70527,26.16624],[127.70646,26.16461],[127.70298,26.162],[127.70231,26.15833],[127.69926,26.15603],[127.69653,26.15156],[127.69763,26.14947],[127.69899,26.14918],[127.69961,26.14715],[127.70146,26.14701],[127.70256,26.14572],[127.70471,26.1477],[127.70682,26.14834],[127.71043,26.14795],[127.7126,26.14444],[127.71209,26.13939],[127.7107,26.13774],[127.70982,26.13466],[127.70579,26.13314],[127.70826,26.12674],[127.71075,26.12572],[127.7125,26.1233],[127.7129,26.1213],[127.7118,26.11844],[127.71787,26.11326],[127.71761,26.11187],[127.72047,26.10773],[127.72072,26.10555],[127.72429,26.1063],[127.72579,26.10377],[127.73032,26.09995],[127.73158,26.09822]]]}},{"type":"Feature","properties":{"code":"47375","name":"宮古郡多良間村","pref":"沖縄県","pref_code":"47","cx":124.69971,"cy":24.65883,"bbox":[124.67081,24.6381,124.72836,24.76219]},"geometry":{"type":"MultiPolygon","coordinates":[[[[124.71079,24.67735],[124.70857,24.67478],[124.70649,24.67568],[124.6969,24.677],[124.68856,24.67462],[124.68602,24.67445],[124.68252,24.67327],[124.67691,24.669],[124.6729,24.66521],[124.67148,24.66209],[124.67081,24.65605],[124.67296,24.64801],[124.67539,24.6433],[124.67732,24.64169],[124.68052,24.64054],[124.69027,24.63917],[124.69291,24.6381],[124.70818,24.63814],[124.71553,24.64179],[124.72602,24.65047],[124.72789,24.65377],[124.72836,24.65731],[124.72825,24.66035],[124.72652,24.66678],[124.72003,24.67133],[124.7095,24.67427],[124.71079,24.67735]]],[[[124.695,24.76192],[124.69397,24.76219],[124.68861,24.76149],[124.68307,24.75899],[124.68376,24.75704],[124.69507,24.74927],[124.69724,24.74864],[124.70347,24.74523],[124.70594,24.74471],[124.70642,24.74632],[124.70468,24.75071],[124.70407,24.75433],[124.70108,24.75453],[124.695,24.76192]]]]}},{"type":"Feature","properties":{"code":"47381","name":"八重山郡竹富町","pref":"沖縄県","pref_code":"47","cx":123.83877,"cy":24.34609,"bbox":[123.56096,24.04562,124.10202,24.47715]},"geometry":{"type":"MultiPolygon","coordinates":[[[[123.78712,24.07175],[123.77668,24.07143],[123.76965,24.06814],[123.76877,24.0684],[123.76492,24.06645],[123.76348,24.06494],[123.75927,24.06348],[123.75423,24.06286],[123.75384,24.06112],[123.75478,24.05884],[123.75336,24.05717],[123.75308,24.05311],[123.7551,24.0507],[123.75715,24.04944],[123.76044,24.04851],[123.76499,24.04858],[123.76686,24.0477],[123.77243,24.04758],[123.77489,24.04683],[123.78196,24.04782],[123.78471,24.04593],[123.78828,24.04562],[123.79535,24.04587],[123.79601,24.04761],[123.79893,24.04899],[123.80304,24.04886],[123.805,24.05029],[123.80577,24.05322],[123.80988,24.05861],[123.8106,24.06078],[123.8102,24.06329],[123.80899,24.06511],[123.80705,24.06645],[123.79622,24.07023],[123.79044,24.07151],[123.78712,24.07175]]],[[[123.56438,24.19639],[123.56096,24.19527],[123.56112,24.19241],[123.5632,24.19409],[123.56672,24.19523],[123.56896,24.1953],[123.56944,24.19638],[123.56494,24.19575],[123.56438,24.19639]]],[[[123.9345,24.22139],[123.92921,24.22048],[123.92514,24.2208],[123.92079,24.21745],[123.92217,24.21633],[123.92256,24.21455],[123.92564,24.21121],[123.9299,24.20905],[123.93226,24.20888],[123.93589,24.21191],[123.9366,24.21438],[123.93662,24.21732],[123.93478,24.21918],[123.9345,24.22139]]],[[[123.95062,24.24282],[123.94847,24.24243],[123.94599,24.23999],[123.93896,24.23466],[123.93902,24.23217],[123.93641,24.22835],[123.93608,24.22578],[123.93824,24.2248],[123.94169,24.2258],[123.94625,24.23069],[123.94909,24.23226],[123.95438,24.23739],[123.95447,24.23964],[123.95243,24.24215],[123.95062,24.24282]]],[[[124.00424,24.25386],[124.00364,24.25229],[124.00057,24.2542],[123.99834,24.25395],[123.99318,24.2505],[123.99101,24.24726],[123.99117,24.24129],[123.99244,24.23793],[123.99469,24.23647],[123.99609,24.233],[123.99848,24.23039],[124.00133,24.22415],[124.00412,24.22137],[124.00773,24.22036],[124.01091,24.22061],[124.0138,24.22146],[124.02686,24.23027],[124.02915,24.23324],[124.03025,24.23783],[124.02987,24.24193],[124.02869,24.24541],[124.02568,24.2494],[124.02428,24.25004],[124.02169,24.24774],[124.01624,24.24705],[124.00371,24.25225],[124.00424,24.25386]]],[[[124.08687,24.34049],[124.0834,24.33937],[124.08059,24.33606],[124.0792,24.32802],[124.07819,24.32592],[124.076,24.32529],[124.07701,24.3218],[124.07662,24.32061],[124.07859,24.31583],[124.08023,24.31344],[124.08201,24.31229],[124.08472,24.31176],[124.08885,24.31226],[124.09256,24.31366],[124.09775,24.31872],[124.10202,24.32088],[124.10032,24.32409],[124.09901,24.32892],[124.09551,24.33321],[124.09531,24.33442],[124.09292,24.33685],[124.08687,24.34049]]],[[[123.93567,24.34672],[123.93443,24.34609],[123.93465,24.34393],[123.93289,24.3439],[123.93056,24.34251],[123.93132,24.34116],[123.93385,24.34175],[123.9355,24.34327],[123.93617,24.34569],[123.93567,24.34672]]],[[[123.97439,24.3548],[123.97258,24.35476],[123.96474,24.35133],[123.96351,24.3484],[123.96739,24.34532],[123.96919,24.34316],[123.96929,24.33976],[123.96869,24.33841],[123.9626,24.33688],[123.96146,24.33578],[123.95877,24.33559],[123.95386,24.33658],[123.95252,24.33522],[123.95169,24.33296],[123.95436,24.33192],[123.95512,24.33296],[123.96073,24.3342],[123.963,24.3327],[123.9707,24.33258],[123.97159,24.33171],[123.97537,24.3318],[123.98617,24.33042],[123.98844,24.32892],[123.9883,24.32595],[123.98893,24.32452],[123.99161,24.32354],[123.99364,24.32352],[123.99666,24.32535],[124.00265,24.32684],[124.0037,24.32948],[124.00243,24.33273],[123.99954,24.33499],[123.99494,24.33613],[123.99223,24.33779],[123.98967,24.34092],[123.98933,24.3429],[123.99118,24.34391],[123.99231,24.34677],[123.98364,24.35213],[123.97957,24.35362],[123.97439,24.3548]]],[[[123.73125,24.36301],[123.73337,24.3646],[123.73089,24.36545],[123.72987,24.363],[123.72838,24.36293],[123.72421,24.3645],[123.7245,24.36156],[123.72411,24.35918],[123.72694,24.35722],[123.7303,24.35279],[123.73324,24.35145],[123.73484,24.34964],[123.74082,24.34586],[123.74194,24.34579],[123.7446,24.34808],[123.74349,24.35087],[123.74386,24.35404],[123.74161,24.35549],[123.74135,24.35712],[123.73944,24.35834],[123.73577,24.35891],[123.73174,24.36121],[123.73125,24.36301]]],[[[123.99947,24.36685],[123.99649,24.36533],[123.99569,24.36425],[123.99642,24.36231],[124.00111,24.36023],[124.0044,24.36191],[124.00135,24.36569],[123.99947,24.36685]]],[[[123.7251,24.38012],[123.71818,24.37804],[123.71447,24.37792],[123.71285,24.37697],[123.71109,24.37397],[123.71151,24.37063],[123.71856,24.36516],[123.71978,24.36724],[123.72044,24.37271],[123.7222,24.37563],[123.72344,24.37651],[123.7267,24.37673],[123.72841,24.37793],[123.7251,24.38012]]],[[[123.78199,24.43732],[123.77026,24.4369],[123.76702,24.43513],[123.76595,24.43282],[123.76408,24.43036],[123.76453,24.4267],[123.76672,24.42554],[123.76788,24.42828],[123.77013,24.42824],[123.77244,24.42663],[123.77376,24.42467],[123.77427,24.42232],[123.77273,24.41761],[123.76825,24.41645],[123.76742,24.41716],[123.76115,24.41436],[123.76078,24.41122],[123.75851,24.40828],[123.75318,24.40507],[123.75119,24.40304],[123.75121,24.40132],[123.75384,24.3978],[123.75371,24.39321],[123.75256,24.3914],[123.75099,24.39171],[123.74683,24.39123],[123.74603,24.39373],[123.74306,24.39373],[123.74239,24.39003],[123.74326,24.38828],[123.74602,24.3888],[123.7474,24.384],[123.74859,24.38155],[123.75061,24.38033],[123.75299,24.37697],[123.75283,24.37397],[123.75019,24.37113],[123.74504,24.36872],[123.74304,24.36842],[123.74375,24.36537],[123.74606,24.36209],[123.74523,24.36059],[123.74654,24.35931],[123.75096,24.35992],[123.75203,24.35927],[123.75259,24.3554],[123.7535,24.35323],[123.75053,24.35028],[123.74763,24.34629],[123.74656,24.34588],[123.74465,24.34268],[123.74702,24.34008],[123.75015,24.33839],[123.75037,24.33649],[123.74754,24.33148],[123.74714,24.32936],[123.74746,24.32543],[123.74659,24.32367],[123.74806,24.32228],[123.7502,24.31651],[123.75044,24.31439],[123.75158,24.31269],[123.74854,24.31145],[123.74641,24.31398],[123.74533,24.3185],[123.74262,24.31987],[123.74025,24.3152],[123.73938,24.3185],[123.74021,24.31958],[123.73953,24.3215],[123.73742,24.3245],[123.73704,24.32718],[123.73771,24.32942],[123.73669,24.33088],[123.73476,24.33179],[123.73135,24.33059],[123.72937,24.33115],[123.72833,24.33388],[123.72975,24.33948],[123.7294,24.34169],[123.72676,24.3434],[123.72486,24.34349],[123.72465,24.34086],[123.72265,24.33913],[123.72014,24.33818],[123.71931,24.33655],[123.7171,24.33482],[123.71485,24.33474],[123.71397,24.33259],[123.71427,24.32943],[123.71071,24.33206],[123.7113,24.33316],[123.70951,24.33744],[123.70602,24.33994],[123.70567,24.3426],[123.70376,24.34528],[123.70564,24.34687],[123.70601,24.3482],[123.70436,24.34973],[123.70098,24.34793],[123.70022,24.34632],[123.70124,24.34537],[123.70067,24.34001],[123.7028,24.33347],[123.70429,24.33254],[123.70596,24.32986],[123.70673,24.32617],[123.7086,24.32369],[123.70801,24.3204],[123.70889,24.31873],[123.71147,24.31795],[123.71024,24.31487],[123.70617,24.31542],[123.70443,24.31492],[123.70357,24.31623],[123.70466,24.31867],[123.7024,24.32358],[123.70074,24.32581],[123.69871,24.32663],[123.69596,24.32686],[123.69211,24.32832],[123.68657,24.33272],[123.68314,24.33085],[123.68062,24.3253],[123.68,24.32221],[123.68305,24.32202],[123.684,24.32028],[123.68312,24.31723],[123.68473,24.31292],[123.68704,24.31052],[123.68452,24.30851],[123.68186,24.30776],[123.67878,24.31289],[123.67683,24.31174],[123.67424,24.31141],[123.67379,24.31259],[123.67061,24.314],[123.66526,24.31],[123.66357,24.31065],[123.66166,24.3084],[123.66373,24.30631],[123.66363,24.30511],[123.66777,24.30144],[123.66971,24.29664],[123.67365,24.29193],[123.67466,24.28983],[123.68024,24.28328],[123.68625,24.28207],[123.69087,24.28182],[123.69366,24.28357],[123.6964,24.28359],[123.69996,24.2817],[123.7032,24.27925],[123.70687,24.27822],[123.71596,24.27762],[123.71903,24.27833],[123.71971,24.2825],[123.7216,24.28676],[123.72005,24.28966],[123.72021,24.29199],[123.72162,24.29652],[123.72075,24.29818],[123.72305,24.29961],[123.73318,24.29622],[123.73695,24.29423],[123.74091,24.29046],[123.7406,24.28875],[123.74935,24.28406],[123.75267,24.28082],[123.75488,24.27968],[123.77349,24.27623],[123.77614,24.27462],[123.77811,24.27469],[123.78129,24.27642],[123.78423,24.27632],[123.78642,24.27512],[123.78974,24.27515],[123.79517,24.27352],[123.80568,24.2696],[123.81148,24.2711],[123.81917,24.27042],[123.82322,24.27157],[123.82997,24.27222],[123.83328,24.27202],[123.84478,24.26761],[123.84969,24.26433],[123.85191,24.26198],[123.86255,24.2563],[123.86447,24.25574],[123.86954,24.25607],[123.87406,24.25517],[123.87801,24.25538],[123.88058,24.25624],[123.88255,24.26122],[123.88119,24.26453],[123.88424,24.26982],[123.88293,24.27147],[123.88337,24.27553],[123.88043,24.27555],[123.87888,24.27628],[123.87938,24.27893],[123.88101,24.28042],[123.88441,24.28079],[123.88552,24.28],[123.89094,24.28048],[123.8919,24.27823],[123.89621,24.27786],[123.89848,24.27495],[123.90074,24.27382],[123.90278,24.27407],[123.90449,24.27525],[123.90307,24.27901],[123.90263,24.28295],[123.90349,24.28367],[123.90346,24.28852],[123.90231,24.29076],[123.90198,24.29531],[123.89968,24.29877],[123.89907,24.30101],[123.90206,24.30433],[123.90124,24.30598],[123.90214,24.30833],[123.90447,24.30948],[123.90714,24.31207],[123.90618,24.31305],[123.90792,24.31522],[123.90885,24.31789],[123.91035,24.31947],[123.91269,24.31999],[123.91065,24.3223],[123.91097,24.32401],[123.91423,24.32538],[123.9159,24.3243],[123.91859,24.32402],[123.92171,24.32136],[123.92298,24.31813],[123.92481,24.31774],[123.92805,24.31588],[123.92822,24.31984],[123.9258,24.32154],[123.92466,24.3244],[123.92511,24.32637],[123.92788,24.32787],[123.92972,24.32805],[123.92879,24.33022],[123.92728,24.33166],[123.92673,24.33387],[123.92841,24.3379],[123.9273,24.33958],[123.92678,24.34265],[123.92796,24.34457],[123.93616,24.34958],[123.93744,24.35334],[123.93814,24.35863],[123.94062,24.36048],[123.93962,24.36504],[123.93851,24.36562],[123.92726,24.36574],[123.92256,24.36657],[123.9215,24.36858],[123.91826,24.37168],[123.91844,24.37455],[123.91695,24.37843],[123.90857,24.38262],[123.90607,24.38462],[123.90284,24.3856],[123.89973,24.38379],[123.89681,24.38454],[123.89475,24.38682],[123.8914,24.38752],[123.88991,24.38488],[123.88687,24.38478],[123.88234,24.38862],[123.88081,24.39264],[123.88138,24.39449],[123.88086,24.39627],[123.88111,24.39944],[123.87951,24.40105],[123.87002,24.40457],[123.86843,24.40432],[123.86812,24.40153],[123.86703,24.39939],[123.86738,24.39808],[123.86405,24.39498],[123.86167,24.3948],[123.85583,24.39787],[123.85461,24.39902],[123.85483,24.40258],[123.84848,24.40449],[123.8452,24.40324],[123.84435,24.40234],[123.83912,24.40359],[123.83249,24.40753],[123.83174,24.40562],[123.83007,24.40478],[123.82951,24.39915],[123.82655,24.39714],[123.82407,24.39736],[123.82246,24.396],[123.8214,24.39167],[123.81966,24.39212],[123.81697,24.39106],[123.8157,24.3941],[123.81443,24.39405],[123.80954,24.39991],[123.81034,24.40136],[123.81041,24.40419],[123.81189,24.40512],[123.81319,24.40836],[123.81187,24.41126],[123.80505,24.41314],[123.80114,24.41562],[123.79994,24.41871],[123.79976,24.4224],[123.79567,24.42547],[123.79233,24.42713],[123.78199,24.43732]]],[[[123.81736,24.47715],[123.81524,24.47689],[123.81373,24.47471],[123.81387,24.47333],[123.8169,24.46922],[123.81975,24.46791],[123.82445,24.46799],[123.82537,24.46882],[123.82638,24.47172],[123.82505,24.47421],[123.82333,24.47591],[123.81736,24.47715]]]]}},{"type":"Feature","properties":{"code":"47382","name":"八重山郡与那国町","pref":"沖縄県","pref_code":"47","cx":122.98781,"cy":24.45514,"bbox":[122.93389,24.43671,123.04372,24.47437]},"geometry":{"type":"Polygon","coordinates":[[[123.00657,24.47437],[123.00478,24.47418],[123.00143,24.47026],[122.99911,24.47],[122.99506,24.47314],[122.9903,24.47181],[122.98925,24.47083],[122.97968,24.46851],[122.97705,24.46857],[122.9744,24.46731],[122.97335,24.46842],[122.97071,24.46797],[122.97047,24.46943],[122.96769,24.46973],[122.96431,24.47221],[122.96257,24.47256],[122.96004,24.47094],[122.95526,24.46674],[122.95467,24.46453],[122.95498,24.46201],[122.95062,24.45979],[122.94343,24.45816],[122.94111,24.45598],[122.9413,24.45387],[122.94267,24.45185],[122.93935,24.44808],[122.93671,24.4505],[122.93493,24.45087],[122.93389,24.44866],[122.93571,24.44717],[122.939,24.44637],[122.94016,24.44414],[122.94402,24.44381],[122.94807,24.4443],[122.95131,24.44227],[122.95198,24.44105],[122.95485,24.442],[122.95823,24.44084],[122.96332,24.44004],[122.96661,24.43763],[122.97122,24.43772],[122.97379,24.43709],[122.97492,24.43859],[122.982,24.43814],[122.98169,24.44055],[122.98261,24.4421],[122.98453,24.44297],[122.98857,24.44081],[122.99001,24.44144],[122.99717,24.43972],[123.00229,24.44126],[123.00435,24.44049],[123.00689,24.43827],[123.00922,24.43828],[123.01055,24.43671],[123.01197,24.43738],[123.01434,24.44061],[123.01677,24.4413],[123.01785,24.44308],[123.01942,24.44371],[123.02026,24.44563],[123.02312,24.44671],[123.02402,24.44782],[123.02788,24.44964],[123.02949,24.44994],[123.03457,24.4543],[123.03423,24.45636],[123.03501,24.45734],[123.03726,24.45775],[123.04028,24.45987],[123.0429,24.46038],[123.04372,24.46265],[123.04203,24.46399],[123.03855,24.46293],[123.03354,24.46525],[123.02833,24.46698],[123.02487,24.46914],[123.01998,24.47113],[123.01612,24.47088],[123.01566,24.47215],[123.01266,24.4737],[123.00748,24.47335],[123.00657,24.47437]]]}}]}