{"type":"FeatureCollection","features":[{"type":"Feature","properties":{"code":"36201","name":"徳島市","pref":"徳島県","pref_code":"36","cx":134.50462,"cy":34.04369,"bbox":[134.42256,33.9553,134.60743,34.13036]},"geometry":{"type":"MultiPolygon","coordinates":[[[[134.59024,34.05092],[134.59192,34.04877],[134.59067,34.04525],[134.59377,34.04449],[134.59611,34.04932],[134.59024,34.05092]]],[[[134.6,34.06831],[134.5971,34.06687],[134.59113,34.05569],[134.59761,34.05343],[134.59959,34.05708],[134.60324,34.05578],[134.6066,34.06203],[134.60308,34.06337],[134.60381,34.06471],[134.59899,34.06654],[134.6,34.06831]]],[[[134.60743,34.10092],[134.60151,34.10265],[134.5988,34.10739],[134.59622,34.11486],[134.59039,34.12304],[134.58571,34.12715],[134.57933,34.13014],[134.57469,34.13036],[134.57005,34.12858],[134.56548,34.12471],[134.56189,34.12421],[134.56192,34.12241],[134.56016,34.12087],[134.55774,34.12197],[134.55597,34.11758],[134.55583,34.11512],[134.5585,34.11341],[134.55812,34.1107],[134.55653,34.10828],[134.55248,34.10874],[134.55241,34.11026],[134.53972,34.11281],[134.53934,34.11444],[134.53598,34.11805],[134.53621,34.12063],[134.5336,34.12526],[134.52244,34.1243],[134.51832,34.12328],[134.51574,34.12425],[134.51351,34.12073],[134.50923,34.12069],[134.50642,34.1184],[134.50509,34.11433],[134.50506,34.10899],[134.49267,34.10662],[134.48799,34.10663],[134.4845,34.10732],[134.48012,34.10907],[134.47573,34.11202],[134.46988,34.11348],[134.46587,34.11302],[134.45868,34.11095],[134.45931,34.10717],[134.45926,34.1014],[134.45649,34.09781],[134.45429,34.09915],[134.45365,34.0944],[134.45263,34.09207],[134.45468,34.08867],[134.45876,34.08936],[134.4639,34.08898],[134.46245,34.08673],[134.46368,34.07983],[134.46342,34.07801],[134.465,34.07314],[134.46732,34.07143],[134.46872,34.0664],[134.46914,34.06208],[134.46747,34.06183],[134.46451,34.05939],[134.46113,34.06002],[134.45773,34.05788],[134.45544,34.05775],[134.45004,34.05481],[134.44418,34.05329],[134.43779,34.05433],[134.43179,34.05308],[134.42637,34.05302],[134.42598,34.05055],[134.42256,34.04815],[134.42371,34.04481],[134.42929,34.03978],[134.42901,34.03138],[134.4268,34.02744],[134.42746,34.0255],[134.43105,34.02397],[134.43504,34.02071],[134.43585,34.01796],[134.4419,34.01762],[134.44437,34.02093],[134.44724,34.02026],[134.45028,34.02083],[134.45296,34.01694],[134.45332,34.01448],[134.44958,34.00845],[134.4516,34.00765],[134.45403,34.00843],[134.45918,34.00618],[134.46119,34.00635],[134.46637,34.00985],[134.46652,34.0138],[134.46748,34.01568],[134.47235,34.01648],[134.47244,34.01832],[134.47585,34.02081],[134.48013,34.02097],[134.48222,34.02238],[134.48714,34.02142],[134.48948,34.0203],[134.49125,34.01664],[134.49478,34.01375],[134.49916,34.01318],[134.49536,34.01073],[134.49427,34.00833],[134.49558,34.0068],[134.49661,34.00229],[134.49586,33.99931],[134.49716,33.99517],[134.49629,33.99336],[134.49253,33.99252],[134.48686,33.98917],[134.48714,33.98784],[134.48498,33.98425],[134.48184,33.98286],[134.48115,33.9802],[134.48216,33.97767],[134.4854,33.97555],[134.48521,33.97382],[134.48671,33.9708],[134.48657,33.96795],[134.48805,33.9675],[134.4911,33.96876],[134.49329,33.96815],[134.49513,33.96989],[134.50025,33.96955],[134.50279,33.96659],[134.50653,33.96519],[134.5103,33.96207],[134.51522,33.96229],[134.51866,33.96316],[134.52194,33.9622],[134.52397,33.96016],[134.52952,33.96075],[134.5326,33.95971],[134.53531,33.9553],[134.53788,33.95531],[134.54503,33.95861],[134.54713,33.95831],[134.55287,33.96137],[134.55532,33.9596],[134.56103,33.96067],[134.56467,33.96227],[134.56695,33.96224],[134.5702,33.96413],[134.57278,33.96299],[134.57429,33.96436],[134.57192,33.96804],[134.57225,33.97287],[134.56856,33.97485],[134.56887,33.97829],[134.57233,33.97904],[134.57086,33.9824],[134.56887,33.98288],[134.56752,33.98524],[134.56859,33.98666],[134.56716,33.98911],[134.56456,33.9902],[134.56376,33.99183],[134.55931,33.9905],[134.55665,33.99051],[134.5541,33.98829],[134.55087,33.98709],[134.54696,33.98749],[134.54996,34.00246],[134.55509,34.00699],[134.55722,34.00964],[134.55805,34.01306],[134.55583,34.02038],[134.55961,34.0212],[134.5613,34.02335],[134.5609,34.0254],[134.56356,34.02717],[134.56356,34.02311],[134.5649,34.02071],[134.56902,34.02031],[134.56988,34.02145],[134.57634,34.02129],[134.58092,34.02304],[134.58285,34.02245],[134.58849,34.02284],[134.59172,34.0211],[134.59559,34.01751],[134.59814,34.01727],[134.60053,34.01872],[134.59791,34.0198],[134.59828,34.02308],[134.59352,34.02424],[134.59099,34.02718],[134.58882,34.02798],[134.58881,34.03145],[134.59536,34.03285],[134.59512,34.0352],[134.59136,34.03418],[134.5869,34.0352],[134.58881,34.03843],[134.59099,34.04455],[134.58785,34.04515],[134.58574,34.04238],[134.58398,34.04282],[134.58524,34.04639],[134.588,34.04558],[134.58976,34.05054],[134.58562,34.05232],[134.58821,34.05517],[134.59691,34.068],[134.59809,34.07112],[134.59737,34.07274],[134.60299,34.08371],[134.60512,34.09069],[134.60494,34.09394],[134.60743,34.10092]]]]}},{"type":"Feature","properties":{"code":"36202","name":"鳴門市","pref":"徳島県","pref_code":"36","cx":134.5367,"cy":34.18615,"bbox":[134.43791,34.13095,134.64366,34.25165]},"geometry":{"type":"MultiPolygon","coordinates":[[[[134.64366,34.23954],[134.63929,34.23802],[134.63631,34.23567],[134.63643,34.23365],[134.62958,34.23123],[134.62697,34.23238],[134.62461,34.23091],[134.61768,34.23015],[134.61374,34.22465],[134.61332,34.22302],[134.61463,34.21958],[134.61716,34.21822],[134.6213,34.21757],[134.62463,34.218],[134.62226,34.21151],[134.61483,34.21108],[134.61524,34.21434],[134.61076,34.21564],[134.60807,34.21528],[134.60412,34.21239],[134.60082,34.21095],[134.59632,34.2117],[134.59248,34.21067],[134.58894,34.21087],[134.58772,34.20731],[134.59108,34.20141],[134.5951,34.19948],[134.60193,34.19746],[134.60287,34.19862],[134.61041,34.1946],[134.61514,34.19437],[134.62029,34.19034],[134.6207,34.18813],[134.62314,34.18543],[134.62581,34.1873],[134.62578,34.1924],[134.62684,34.19441],[134.62638,34.19858],[134.62673,34.20542],[134.62735,34.20785],[134.631,34.21367],[134.63108,34.21733],[134.63786,34.22474],[134.63646,34.22591],[134.63734,34.22934],[134.64145,34.23477],[134.64318,34.23591],[134.64366,34.23954]]],[[[134.61947,34.14089],[134.61624,34.14443],[134.6192,34.14696],[134.62239,34.15173],[134.62976,34.15976],[134.63106,34.16247],[134.63408,34.1652],[134.63456,34.16686],[134.63776,34.17086],[134.64061,34.17789],[134.64191,34.18],[134.63778,34.18155],[134.63264,34.18159],[134.62952,34.18075],[134.62437,34.18075],[134.61938,34.18509],[134.61113,34.19082],[134.60008,34.19338],[134.59545,34.1953],[134.58645,34.20133],[134.58236,34.21035],[134.58889,34.21972],[134.58815,34.22128],[134.59049,34.2241],[134.58721,34.22803],[134.58621,34.23237],[134.5889,34.23707],[134.58891,34.23902],[134.5861,34.23985],[134.58199,34.23894],[134.57735,34.2387],[134.57076,34.23736],[134.5684,34.23571],[134.56602,34.23269],[134.56579,34.23069],[134.5685,34.22788],[134.57288,34.22687],[134.57371,34.22482],[134.57227,34.22263],[134.56768,34.22467],[134.56398,34.22468],[134.55941,34.22159],[134.54705,34.22369],[134.54142,34.22636],[134.53668,34.22602],[134.53012,34.22655],[134.52617,34.22536],[134.52039,34.22553],[134.51773,34.22626],[134.5056,34.22572],[134.49654,34.2244],[134.49029,34.22099],[134.48381,34.21879],[134.47867,34.21233],[134.47531,34.21014],[134.47179,34.20877],[134.46668,34.20825],[134.46395,34.20732],[134.45805,34.20734],[134.45322,34.20555],[134.44875,34.20587],[134.44311,34.20739],[134.44024,34.20728],[134.4407,34.19981],[134.43886,34.1978],[134.4394,34.19559],[134.43791,34.19391],[134.43889,34.19083],[134.4425,34.19239],[134.44401,34.19203],[134.45469,34.19252],[134.45618,34.19086],[134.45479,34.1872],[134.45932,34.18086],[134.4625,34.17738],[134.47018,34.17738],[134.47852,34.17862],[134.48016,34.17642],[134.48056,34.16986],[134.48344,34.16654],[134.48431,34.16358],[134.48382,34.15997],[134.48413,34.15588],[134.48631,34.15466],[134.48574,34.14854],[134.48675,34.14795],[134.49157,34.14806],[134.49551,34.14604],[134.49905,34.143],[134.5024,34.14186],[134.50313,34.1441],[134.51037,34.14294],[134.51407,34.14149],[134.51371,34.14004],[134.51709,34.13889],[134.51705,34.13768],[134.5213,34.13491],[134.53,34.13095],[134.53149,34.13308],[134.53783,34.13529],[134.54087,34.1399],[134.54711,34.1399],[134.5525,34.14133],[134.55663,34.14058],[134.5597,34.14378],[134.56171,34.14768],[134.56425,34.15116],[134.56843,34.14933],[134.57006,34.15014],[134.56931,34.15346],[134.56995,34.15493],[134.57299,34.1542],[134.57685,34.15538],[134.58394,34.15223],[134.58513,34.14888],[134.591,34.14639],[134.5941,34.14612],[134.59911,34.14713],[134.60083,34.14855],[134.61947,34.14089]]],[[[134.60724,34.25165],[134.60503,34.25153],[134.60053,34.2463],[134.59633,34.24461],[134.59331,34.24221],[134.59203,34.23944],[134.59171,34.2365],[134.58959,34.23509],[134.58796,34.23036],[134.59027,34.2267],[134.5932,34.22586],[134.59318,34.22276],[134.59041,34.22236],[134.59119,34.22003],[134.59026,34.21703],[134.59107,34.21402],[134.59821,34.22134],[134.60097,34.22656],[134.60532,34.22981],[134.60927,34.23358],[134.61022,34.23295],[134.60831,34.22933],[134.61105,34.22954],[134.61257,34.23258],[134.61463,34.2316],[134.6174,34.23422],[134.61662,34.23763],[134.61498,34.2411],[134.61793,34.24398],[134.61632,34.24554],[134.61594,34.24819],[134.61371,34.25052],[134.60856,34.2506],[134.60724,34.25165]]]]}},{"type":"Feature","properties":{"code":"36203","name":"小松島市","pref":"徳島県","pref_code":"36","cx":134.60829,"cy":33.98406,"bbox":[134.54696,33.93863,134.65208,34.02717]},"geometry":{"type":"Polygon","coordinates":[[[134.56695,33.96224],[134.56883,33.95735],[134.56804,33.95524],[134.57004,33.95279],[134.5689,33.94987],[134.56986,33.94805],[134.56976,33.94493],[134.56824,33.94288],[134.56439,33.94178],[134.5606,33.93966],[134.56584,33.93863],[134.56784,33.93901],[134.57006,33.94097],[134.57265,33.9417],[134.5751,33.94422],[134.58072,33.9451],[134.58487,33.94655],[134.58802,33.94617],[134.59073,33.94778],[134.59407,33.94794],[134.59824,33.94946],[134.60866,33.94938],[134.61187,33.95062],[134.61133,33.95683],[134.61334,33.95746],[134.61372,33.96146],[134.61544,33.9635],[134.61997,33.96519],[134.62202,33.9684],[134.6253,33.96862],[134.62796,33.9669],[134.63524,33.96368],[134.63534,33.96734],[134.63881,33.96934],[134.63978,33.97394],[134.64143,33.97481],[134.64161,33.9778],[134.64454,33.98223],[134.65208,33.98582],[134.65078,33.99074],[134.64542,34.00044],[134.64089,34.00634],[134.63742,34.00877],[134.63265,34.01068],[134.62797,34.01023],[134.62611,34.009],[134.62487,34.00403],[134.6296,34.00336],[134.63131,33.99972],[134.62981,33.99591],[134.62571,33.99677],[134.6245,33.99617],[134.62752,33.99139],[134.62195,33.98903],[134.62042,33.9912],[134.62357,33.99347],[134.62238,33.99515],[134.61697,33.99175],[134.61191,33.99169],[134.60937,33.99288],[134.61426,33.99681],[134.6127,33.998],[134.60922,33.99613],[134.6054,33.99643],[134.59992,33.99895],[134.59711,34.00165],[134.59929,34.0037],[134.59175,34.00795],[134.59219,34.01229],[134.59181,34.01602],[134.59586,34.01574],[134.59836,34.01631],[134.60053,34.01872],[134.59814,34.01727],[134.59559,34.01751],[134.59172,34.0211],[134.58849,34.02284],[134.58285,34.02245],[134.58092,34.02304],[134.57634,34.02129],[134.56988,34.02145],[134.56902,34.02031],[134.5649,34.02071],[134.56356,34.02311],[134.56356,34.02717],[134.5609,34.0254],[134.5613,34.02335],[134.55961,34.0212],[134.55583,34.02038],[134.55805,34.01306],[134.55722,34.00964],[134.55509,34.00699],[134.54996,34.00246],[134.54696,33.98749],[134.55087,33.98709],[134.5541,33.98829],[134.55665,33.99051],[134.55931,33.9905],[134.56376,33.99183],[134.56456,33.9902],[134.56716,33.98911],[134.56859,33.98666],[134.56752,33.98524],[134.56887,33.98288],[134.57086,33.9824],[134.57233,33.97904],[134.56887,33.97829],[134.56856,33.97485],[134.57225,33.97287],[134.57192,33.96804],[134.57429,33.96436],[134.57278,33.96299],[134.5702,33.96413],[134.56695,33.96224]]]}},{"type":"Feature","properties":{"code":"36204","name":"阿南市","pref":"徳島県","pref_code":"36","cx":134.56976,"cy":33.88553,"bbox":[134.46726,33.78562,134.82138,33.98582]},"geometry":{"type":"MultiPolygon","coordinates":[[[[134.80251,33.84363],[134.80315,33.83931],[134.80503,33.84007],[134.8044,33.84352],[134.80251,33.84363]]],[[[134.79702,33.84864],[134.79317,33.84763],[134.79247,33.8462],[134.79734,33.84578],[134.79887,33.84258],[134.80126,33.84414],[134.79702,33.84864]]],[[[134.74029,33.85289],[134.73673,33.84989],[134.73305,33.85045],[134.7325,33.8486],[134.73687,33.84835],[134.74151,33.85031],[134.74029,33.85289]]],[[[134.81969,33.85771],[134.81802,33.857],[134.81176,33.85089],[134.80905,33.851],[134.80861,33.84763],[134.80634,33.8463],[134.80615,33.843],[134.81001,33.84043],[134.81182,33.84037],[134.81859,33.84412],[134.81619,33.84608],[134.82048,33.84899],[134.8198,33.85032],[134.82043,33.8546],[134.82138,33.85627],[134.81969,33.85771]]],[[[134.71034,33.85778],[134.70884,33.85544],[134.70972,33.85281],[134.71456,33.85588],[134.71034,33.85778]]],[[[134.65673,33.86751],[134.65312,33.86763],[134.65284,33.86471],[134.64819,33.86388],[134.64575,33.85879],[134.64939,33.85625],[134.64937,33.85403],[134.65447,33.85368],[134.65715,33.85606],[134.65942,33.86097],[134.66197,33.86001],[134.66397,33.86134],[134.66153,33.86316],[134.65817,33.86793],[134.65673,33.86751]]],[[[134.67976,33.86968],[134.6785,33.86965],[134.67585,33.86562],[134.67212,33.86491],[134.67243,33.86258],[134.67536,33.86022],[134.67728,33.86161],[134.67833,33.86619],[134.67976,33.86968]]],[[[134.5606,33.93966],[134.55771,33.93547],[134.55786,33.93346],[134.54871,33.93137],[134.54331,33.93115],[134.53866,33.92881],[134.53627,33.92823],[134.53455,33.9241],[134.5317,33.92394],[134.53064,33.92037],[134.53083,33.91798],[134.5213,33.9158],[134.51876,33.91835],[134.51651,33.91762],[134.51473,33.91397],[134.5111,33.9115],[134.50548,33.90944],[134.504,33.90793],[134.49855,33.91086],[134.49255,33.91087],[134.48733,33.90755],[134.48416,33.90619],[134.48023,33.90218],[134.47521,33.90124],[134.47406,33.89697],[134.47256,33.89516],[134.46857,33.89243],[134.46781,33.8894],[134.469,33.88581],[134.47353,33.88157],[134.47214,33.87841],[134.46864,33.87401],[134.46726,33.87147],[134.46787,33.86986],[134.47214,33.86769],[134.47343,33.86937],[134.47864,33.87096],[134.48263,33.87058],[134.48885,33.86871],[134.49052,33.87135],[134.49237,33.87205],[134.49711,33.8714],[134.4973,33.86567],[134.49865,33.86547],[134.50176,33.86745],[134.50576,33.86829],[134.51279,33.87098],[134.51513,33.87095],[134.52112,33.8742],[134.52247,33.87298],[134.52649,33.87275],[134.52978,33.87373],[134.5406,33.87323],[134.54312,33.8701],[134.54496,33.86904],[134.54887,33.86847],[134.5545,33.86934],[134.55621,33.86892],[134.55546,33.86591],[134.55654,33.86382],[134.55559,33.86076],[134.55628,33.85443],[134.55115,33.85459],[134.54611,33.85228],[134.53954,33.85238],[134.53714,33.84987],[134.53508,33.84962],[134.53067,33.84713],[134.52881,33.84374],[134.52505,33.84228],[134.52519,33.83909],[134.52362,33.83412],[134.52029,33.83166],[134.51907,33.82964],[134.51497,33.82893],[134.51008,33.82294],[134.51095,33.81945],[134.50842,33.81706],[134.50782,33.81299],[134.51179,33.80648],[134.5181,33.80671],[134.52225,33.80795],[134.52454,33.80585],[134.53144,33.80301],[134.53793,33.80416],[134.54048,33.80407],[134.54252,33.80565],[134.54874,33.80605],[134.5489,33.80486],[134.55308,33.80184],[134.55691,33.8011],[134.55767,33.79839],[134.5599,33.79666],[134.56197,33.79354],[134.57077,33.79315],[134.57209,33.78946],[134.57563,33.78976],[134.57735,33.78841],[134.57738,33.7863],[134.58226,33.78562],[134.58819,33.78588],[134.58923,33.78704],[134.59643,33.7896],[134.59868,33.78729],[134.60172,33.78951],[134.60559,33.78828],[134.61017,33.78925],[134.61128,33.79178],[134.6151,33.79514],[134.61901,33.79683],[134.61966,33.79809],[134.62303,33.79977],[134.62683,33.7992],[134.63072,33.80008],[134.63322,33.80144],[134.64472,33.80498],[134.64616,33.80604],[134.65086,33.8054],[134.65481,33.80833],[134.6598,33.80962],[134.66225,33.80949],[134.66461,33.8136],[134.66657,33.8146],[134.66979,33.81379],[134.67223,33.81587],[134.67477,33.8164],[134.67779,33.81088],[134.67748,33.80955],[134.67995,33.8067],[134.67894,33.80448],[134.6825,33.80606],[134.68478,33.80534],[134.68897,33.80551],[134.69105,33.80874],[134.69536,33.8125],[134.70046,33.81311],[134.70427,33.81419],[134.70676,33.8161],[134.71915,33.82024],[134.72169,33.82385],[134.72892,33.82359],[134.7322,33.82579],[134.73386,33.82588],[134.73723,33.8294],[134.74356,33.83059],[134.74822,33.8323],[134.74972,33.83456],[134.74413,33.83692],[134.74307,33.83796],[134.7436,33.84062],[134.74197,33.84212],[134.73788,33.8398],[134.73608,33.84019],[134.73026,33.83855],[134.72594,33.83458],[134.72232,33.83483],[134.72115,33.83226],[134.71923,33.8313],[134.7168,33.83229],[134.71672,33.83566],[134.71249,33.83432],[134.7083,33.83546],[134.70735,33.83471],[134.70082,33.83619],[134.69758,33.83473],[134.69816,33.83332],[134.6931,33.83201],[134.69154,33.83323],[134.68729,33.83246],[134.68387,33.83045],[134.67975,33.83049],[134.67842,33.83201],[134.67939,33.83436],[134.68479,33.83399],[134.68424,33.83574],[134.68802,33.83895],[134.6924,33.83937],[134.6929,33.8409],[134.69765,33.84202],[134.70016,33.84129],[134.70246,33.84234],[134.70834,33.84235],[134.71488,33.84432],[134.71825,33.84414],[134.71857,33.84755],[134.71156,33.85032],[134.7078,33.85057],[134.70391,33.84813],[134.70029,33.84968],[134.69249,33.8482],[134.69034,33.85164],[134.68542,33.85002],[134.68369,33.85114],[134.68175,33.84956],[134.67927,33.84945],[134.67775,33.84725],[134.67481,33.84673],[134.67441,33.85018],[134.67178,33.84908],[134.67052,33.84513],[134.66831,33.84396],[134.6677,33.84795],[134.66594,33.84845],[134.663,33.84731],[134.66345,33.84474],[134.66017,33.84455],[134.66002,33.84765],[134.65778,33.84873],[134.6561,33.84629],[134.65368,33.84463],[134.64916,33.84496],[134.64751,33.84313],[134.64285,33.84302],[134.63932,33.8455],[134.64244,33.84878],[134.64616,33.85016],[134.64689,33.85314],[134.64349,33.85213],[134.64269,33.8533],[134.64524,33.85522],[134.64407,33.85735],[134.64496,33.86535],[134.64111,33.86456],[134.63854,33.85918],[134.63564,33.85917],[134.63119,33.85673],[134.62879,33.85695],[134.62972,33.8608],[134.63574,33.86874],[134.63999,33.86951],[134.64351,33.8709],[134.6441,33.87369],[134.64754,33.87399],[134.65004,33.87073],[134.6562,33.8724],[134.66077,33.87584],[134.65929,33.87732],[134.65343,33.88085],[134.65643,33.88158],[134.66123,33.88152],[134.6622,33.87971],[134.66737,33.87926],[134.66928,33.88526],[134.67269,33.88623],[134.6756,33.88594],[134.68187,33.89012],[134.6841,33.89215],[134.68355,33.89383],[134.68608,33.89845],[134.68847,33.90103],[134.69259,33.90324],[134.69589,33.90355],[134.69705,33.90527],[134.69784,33.9099],[134.70067,33.91323],[134.69957,33.91808],[134.70163,33.92211],[134.70563,33.92594],[134.70132,33.93846],[134.69598,33.95172],[134.69313,33.9517],[134.68988,33.9536],[134.68615,33.95729],[134.68117,33.95936],[134.67073,33.96108],[134.6683,33.96209],[134.66494,33.96508],[134.65768,33.97538],[134.65465,33.98034],[134.65208,33.98582],[134.64454,33.98223],[134.64161,33.9778],[134.64143,33.97481],[134.63978,33.97394],[134.63881,33.96934],[134.63534,33.96734],[134.63524,33.96368],[134.62796,33.9669],[134.6253,33.96862],[134.62202,33.9684],[134.61997,33.96519],[134.61544,33.9635],[134.61372,33.96146],[134.61334,33.95746],[134.61133,33.95683],[134.61187,33.95062],[134.60866,33.94938],[134.59824,33.94946],[134.59407,33.94794],[134.59073,33.94778],[134.58802,33.94617],[134.58487,33.94655],[134.58072,33.9451],[134.5751,33.94422],[134.57265,33.9417],[134.57006,33.94097],[134.56784,33.93901],[134.56584,33.93863],[134.5606,33.93966]]]]}},{"type":"Feature","properties":{"code":"36205","name":"吉野川市","pref":"徳島県","pref_code":"36","cx":134.2734,"cy":34.03565,"bbox":[134.18277,33.97882,134.40404,34.09246]},"geometry":{"type":"Polygon","coordinates":[[[134.39738,34.08723],[134.39585,34.09246],[134.38182,34.088],[134.37502,34.08907],[134.37626,34.08713],[134.33376,34.08417],[134.33434,34.08052],[134.33189,34.07915],[134.33371,34.07681],[134.33409,34.07423],[134.32276,34.06939],[134.313,34.06832],[134.31063,34.0709],[134.2952,34.06863],[134.28764,34.06833],[134.28758,34.06982],[134.23739,34.06933],[134.22541,34.06626],[134.1939,34.06486],[134.18632,34.06355],[134.18841,34.06212],[134.1913,34.05842],[134.1922,34.05496],[134.1899,34.05219],[134.18964,34.04927],[134.1916,34.04884],[134.19504,34.04439],[134.19697,34.04389],[134.19842,34.03999],[134.19727,34.03644],[134.19843,34.03559],[134.19784,34.02973],[134.18277,34.01616],[134.18534,34.0154],[134.18933,34.01271],[134.18934,34.01118],[134.18677,34.00664],[134.18971,34.00379],[134.19312,34.00257],[134.1978,33.99933],[134.19814,33.99521],[134.1996,33.99356],[134.19579,33.98912],[134.19935,33.98847],[134.20195,33.98605],[134.20416,33.98267],[134.21715,33.98032],[134.21893,33.97928],[134.22489,33.97882],[134.2291,33.98027],[134.23806,33.97971],[134.24041,33.98059],[134.24255,33.97981],[134.24825,33.9806],[134.25142,33.98052],[134.25353,33.98247],[134.25393,33.98468],[134.25635,33.98618],[134.26121,33.98638],[134.26278,33.98763],[134.26913,33.98907],[134.2748,33.99284],[134.28268,33.99129],[134.28671,33.99421],[134.28864,34.00029],[134.29125,34.00254],[134.29559,34.00247],[134.29893,34.00648],[134.30192,34.00506],[134.30876,34.00538],[134.3108,34.00729],[134.31725,34.0064],[134.32514,34.00289],[134.32326,34.0087],[134.33001,34.0134],[134.33072,34.01817],[134.33422,34.02052],[134.3353,34.02423],[134.33492,34.03005],[134.3382,34.03171],[134.34293,34.0314],[134.34853,34.03572],[134.34978,34.03877],[134.35452,34.0395],[134.35573,34.03711],[134.35884,34.03544],[134.36086,34.03261],[134.36679,34.02909],[134.37049,34.03201],[134.37231,34.03472],[134.3725,34.03915],[134.37936,34.04231],[134.37981,34.04361],[134.38513,34.04469],[134.38767,34.04746],[134.3916,34.04955],[134.39435,34.05289],[134.3964,34.05256],[134.39962,34.05058],[134.40327,34.05],[134.40404,34.05235],[134.40274,34.06596],[134.40193,34.06916],[134.40189,34.0763],[134.40047,34.07504],[134.39738,34.08723]]]}},{"type":"Feature","properties":{"code":"36206","name":"阿波市","pref":"徳島県","pref_code":"36","cx":134.29475,"cy":34.12586,"bbox":[134.17879,34.06355,134.40161,34.18532]},"geometry":{"type":"Polygon","coordinates":[[[134.39585,34.09246],[134.39443,34.09752],[134.39415,34.10416],[134.39706,34.10475],[134.39813,34.1037],[134.4015,34.10596],[134.40161,34.10897],[134.39892,34.11629],[134.38634,34.1138],[134.38458,34.11831],[134.38269,34.11933],[134.37952,34.12364],[134.37788,34.12995],[134.38313,34.13853],[134.37953,34.1434],[134.37759,34.14415],[134.3753,34.14817],[134.37135,34.15101],[134.36915,34.15146],[134.36786,34.15562],[134.37114,34.1633],[134.3705,34.16445],[134.37287,34.16851],[134.37566,34.17179],[134.37498,34.17335],[134.37014,34.17596],[134.36869,34.17826],[134.36319,34.18179],[134.36026,34.18209],[134.35799,34.18465],[134.35553,34.18529],[134.34984,34.18532],[134.34806,34.18387],[134.34652,34.17846],[134.34641,34.17574],[134.34419,34.17238],[134.33634,34.17446],[134.33407,34.17554],[134.33074,34.1747],[134.32831,34.17317],[134.32158,34.17518],[134.31882,34.1753],[134.31445,34.17722],[134.31061,34.17471],[134.30807,34.17076],[134.30525,34.17019],[134.30024,34.17028],[134.29757,34.16868],[134.29609,34.17276],[134.29223,34.17914],[134.28774,34.17926],[134.28716,34.18007],[134.2825,34.17871],[134.28162,34.1774],[134.27715,34.17648],[134.27437,34.17876],[134.27344,34.18113],[134.26026,34.18356],[134.25658,34.18095],[134.25084,34.18051],[134.24743,34.17873],[134.24449,34.17968],[134.23703,34.18045],[134.235,34.17971],[134.23242,34.18055],[134.22797,34.18048],[134.22713,34.17782],[134.2237,34.17984],[134.22065,34.17986],[134.21601,34.17638],[134.20873,34.17473],[134.20997,34.17254],[134.2127,34.1713],[134.22079,34.16396],[134.22075,34.16125],[134.22186,34.15688],[134.22139,34.15488],[134.21718,34.15163],[134.21823,34.14628],[134.21746,34.14038],[134.2156,34.13762],[134.21112,34.13333],[134.2117,34.13099],[134.21071,34.12808],[134.21019,34.1211],[134.20853,34.11722],[134.2092,34.1154],[134.20529,34.11227],[134.20237,34.10832],[134.19807,34.10606],[134.19625,34.10092],[134.1963,34.09939],[134.19254,34.09683],[134.19125,34.09377],[134.1884,34.09324],[134.18481,34.09042],[134.18296,34.09011],[134.18007,34.08726],[134.17879,34.08218],[134.18193,34.07177],[134.18483,34.06961],[134.18632,34.06355],[134.1939,34.06486],[134.22541,34.06626],[134.23739,34.06933],[134.24732,34.06972],[134.26264,34.06938],[134.28758,34.06982],[134.28764,34.06833],[134.2952,34.06863],[134.31063,34.0709],[134.313,34.06832],[134.32276,34.06939],[134.33409,34.07423],[134.33371,34.07681],[134.33189,34.07915],[134.33434,34.08052],[134.33376,34.08417],[134.37626,34.08713],[134.37502,34.08907],[134.38182,34.088],[134.39585,34.09246]]]}},{"type":"Feature","properties":{"code":"36207","name":"美馬市","pref":"徳島県","pref_code":"36","cx":134.15274,"cy":34.01405,"bbox":[133.99853,33.85275,134.25644,34.17579]},"geometry":{"type":"Polygon","coordinates":[[[134.18632,34.06355],[134.18483,34.06961],[134.18193,34.07177],[134.17879,34.08218],[134.18007,34.08726],[134.18296,34.09011],[134.18481,34.09042],[134.1884,34.09324],[134.19125,34.09377],[134.19254,34.09683],[134.1963,34.09939],[134.19625,34.10092],[134.19807,34.10606],[134.20237,34.10832],[134.20529,34.11227],[134.2092,34.1154],[134.20853,34.11722],[134.21019,34.1211],[134.21071,34.12808],[134.2117,34.13099],[134.21112,34.13333],[134.2156,34.13762],[134.21746,34.14038],[134.21823,34.14628],[134.21718,34.15163],[134.22139,34.15488],[134.22186,34.15688],[134.22075,34.16125],[134.22079,34.16396],[134.2127,34.1713],[134.20997,34.17254],[134.20873,34.17473],[134.2043,34.17269],[134.19829,34.17535],[134.19669,34.17268],[134.19506,34.17187],[134.18858,34.17308],[134.18623,34.17249],[134.18531,34.17426],[134.18271,34.17397],[134.17563,34.17494],[134.1731,34.17579],[134.16851,34.17447],[134.16638,34.17183],[134.16324,34.16978],[134.15931,34.16967],[134.15814,34.16756],[134.15258,34.16573],[134.15062,34.16631],[134.14719,34.16571],[134.14574,34.16453],[134.1438,34.15865],[134.1407,34.15516],[134.13718,34.15473],[134.13534,34.15194],[134.13751,34.14728],[134.13782,34.14259],[134.13851,34.1415],[134.13771,34.13803],[134.13931,34.13408],[134.13802,34.13242],[134.13268,34.12956],[134.13117,34.12537],[134.12966,34.12365],[134.12706,34.12316],[134.12233,34.11879],[134.11926,34.12027],[134.11612,34.11815],[134.10597,34.11713],[134.10298,34.11501],[134.09448,34.11459],[134.09198,34.11494],[134.09054,34.11659],[134.0865,34.11896],[134.08454,34.11925],[134.08157,34.12129],[134.07956,34.12114],[134.07542,34.11752],[134.07193,34.11548],[134.07092,34.11271],[134.06688,34.11279],[134.06135,34.11103],[134.05833,34.1152],[134.0534,34.118],[134.04975,34.11732],[134.04774,34.11492],[134.04458,34.11376],[134.04223,34.11032],[134.0418,34.1056],[134.04004,34.10086],[134.03707,34.09877],[134.03125,34.09739],[134.02822,34.09305],[134.02561,34.09189],[134.02575,34.08987],[134.02779,34.08743],[134.02626,34.08509],[134.02178,34.08447],[134.01613,34.08638],[134.01043,34.08677],[134.00705,34.08483],[134.00219,34.08087],[134.00274,34.07851],[134.0015,34.07523],[133.99963,34.07479],[134.00053,34.07173],[133.99854,34.06846],[133.99853,34.06682],[134.00064,34.06515],[134.00103,34.05815],[133.99892,34.04501],[134.00006,34.03732],[134.00868,34.03753],[134.01555,34.03922],[134.02132,34.0442],[134.02884,34.04467],[134.04315,34.04296],[134.07098,34.04725],[134.0735,34.04917],[134.0743,34.052],[134.08812,34.05803],[134.08629,34.05348],[134.09299,34.05374],[134.09531,34.0511],[134.09447,34.04718],[134.09309,34.04507],[134.09896,34.03769],[134.10338,34.03503],[134.10536,34.0313],[134.10712,34.03199],[134.11203,34.03053],[134.11195,34.02601],[134.1135,34.0243],[134.11443,34.01859],[134.11682,34.01851],[134.11889,34.01689],[134.11732,34.011],[134.11781,34.00756],[134.1164,34.00365],[134.11184,33.99872],[134.10929,33.99734],[134.10864,33.99245],[134.10994,33.98862],[134.11195,33.98702],[134.10795,33.97967],[134.10861,33.97674],[134.10893,33.97104],[134.10832,33.96636],[134.10508,33.9626],[134.10153,33.96107],[134.0986,33.95829],[134.09807,33.95635],[134.09889,33.9494],[134.1014,33.94798],[134.10247,33.94365],[134.10504,33.94244],[134.10484,33.93648],[134.10281,33.93382],[134.10304,33.9311],[134.10058,33.9287],[134.10018,33.92384],[134.10573,33.9225],[134.10766,33.92096],[134.11384,33.92141],[134.11649,33.92077],[134.12044,33.92127],[134.12559,33.9207],[134.12707,33.91339],[134.12407,33.91108],[134.12518,33.90787],[134.12563,33.90045],[134.12395,33.89425],[134.1217,33.8895],[134.11631,33.88684],[134.11018,33.8867],[134.10384,33.88282],[134.10245,33.8799],[134.09907,33.87837],[134.09426,33.87997],[134.09181,33.8786],[134.08896,33.87826],[134.08993,33.87423],[134.09124,33.87293],[134.09138,33.86861],[134.09071,33.86548],[134.09322,33.86014],[134.0954,33.85808],[134.09598,33.85498],[134.11052,33.85275],[134.11201,33.85549],[134.11806,33.85599],[134.12519,33.85748],[134.12735,33.86007],[134.13158,33.86199],[134.1352,33.86555],[134.13986,33.86566],[134.14344,33.86874],[134.14809,33.8694],[134.15056,33.86764],[134.15504,33.8658],[134.16474,33.86567],[134.16929,33.86725],[134.17276,33.87002],[134.17219,33.87207],[134.17723,33.87764],[134.18044,33.87829],[134.18332,33.88134],[134.18743,33.88244],[134.19046,33.88539],[134.19372,33.88597],[134.19781,33.885],[134.20622,33.88085],[134.20913,33.88118],[134.2114,33.88525],[134.21652,33.88644],[134.2181,33.88786],[134.22177,33.88906],[134.22485,33.88913],[134.22648,33.888],[134.23146,33.88871],[134.23484,33.89072],[134.23904,33.89169],[134.23851,33.89788],[134.23658,33.89963],[134.23677,33.90179],[134.23263,33.9043],[134.23144,33.90794],[134.22793,33.90679],[134.22126,33.90932],[134.22133,33.91478],[134.22064,33.91808],[134.22476,33.92738],[134.23059,33.93339],[134.22885,33.94184],[134.22922,33.94529],[134.227,33.94709],[134.22697,33.94972],[134.22983,33.95183],[134.23146,33.9518],[134.23415,33.95515],[134.24461,33.95785],[134.24535,33.95892],[134.24702,33.96727],[134.2506,33.96895],[134.25644,33.97512],[134.25571,33.97708],[134.25142,33.98052],[134.24825,33.9806],[134.24255,33.97981],[134.24041,33.98059],[134.23806,33.97971],[134.2291,33.98027],[134.22489,33.97882],[134.21893,33.97928],[134.21715,33.98032],[134.20416,33.98267],[134.20195,33.98605],[134.19935,33.98847],[134.19579,33.98912],[134.1996,33.99356],[134.19814,33.99521],[134.1978,33.99933],[134.19312,34.00257],[134.18971,34.00379],[134.18677,34.00664],[134.18934,34.01118],[134.18933,34.01271],[134.18534,34.0154],[134.18277,34.01616],[134.19784,34.02973],[134.19843,34.03559],[134.19727,34.03644],[134.19842,34.03999],[134.19697,34.04389],[134.19504,34.04439],[134.1916,34.04884],[134.18964,34.04927],[134.1899,34.05219],[134.1922,34.05496],[134.1913,34.05842],[134.18841,34.06212],[134.18632,34.06355]]]}},{"type":"Feature","properties":{"code":"36208","name":"三好市","pref":"徳島県","pref_code":"36","cx":133.82398,"cy":33.9351,"bbox":[133.66075,33.7914,134.09598,34.11601]},"geometry":{"type":"MultiPolygon","coordinates":[[[[134.08993,33.87423],[134.07678,33.87123],[134.07184,33.87222],[134.06534,33.87191],[134.0626,33.86989],[134.05803,33.87065],[134.05334,33.87221],[134.04866,33.87094],[134.04823,33.87529],[134.04381,33.88105],[134.04329,33.88431],[134.04157,33.8871],[134.04745,33.89506],[134.0449,33.89709],[134.0404,33.89739],[134.03754,33.89941],[134.03416,33.90068],[134.03029,33.90067],[134.02688,33.89838],[134.02455,33.89929],[134.02055,33.89952],[134.01869,33.9008],[134.01598,33.90076],[134.0103,33.90543],[134.00773,33.90642],[134.00281,33.90649],[134.00173,33.90779],[134.00149,33.9143],[134.00382,33.91755],[134.00277,33.91947],[133.99905,33.92025],[133.99271,33.92325],[133.98746,33.9237],[133.98225,33.92351],[133.97496,33.9252],[133.9739,33.92853],[133.97168,33.92911],[133.96952,33.93133],[133.96719,33.93582],[133.96644,33.93901],[133.96947,33.94165],[133.97705,33.94592],[133.97688,33.94916],[133.97452,33.95206],[133.9726,33.95238],[133.97315,33.95564],[133.97223,33.96024],[133.96812,33.96066],[133.9664,33.96165],[133.95906,33.96098],[133.95687,33.96374],[133.95445,33.96389],[133.95526,33.97092],[133.95249,33.97139],[133.95027,33.97413],[133.94435,33.97568],[133.94273,33.9747],[133.93803,33.97456],[133.9371,33.97349],[133.93401,33.97513],[133.92889,33.97372],[133.92778,33.97444],[133.92122,33.97464],[133.91807,33.97692],[133.91847,33.98376],[133.91752,33.98761],[133.91742,33.99308],[133.91426,33.99496],[133.91387,33.99759],[133.91205,34.00027],[133.91205,34.00235],[133.90931,34.00237],[133.9079,34.00482],[133.90622,34.00506],[133.90608,34.01018],[133.90336,34.01369],[133.90195,34.01412],[133.90035,34.01926],[133.89629,34.02255],[133.89426,34.02728],[133.8952,34.02946],[133.89177,34.03541],[133.88541,34.03247],[133.88145,34.03148],[133.87796,34.03333],[133.87376,34.03426],[133.86642,34.0342],[133.85728,34.03635],[133.85384,34.03522],[133.85311,34.04052],[133.85391,34.0452],[133.85079,34.04699],[133.84921,34.04908],[133.84508,34.04919],[133.84507,34.05204],[133.84339,34.05589],[133.83902,34.05505],[133.83808,34.05827],[133.83277,34.06136],[133.83235,34.06417],[133.82606,34.07151],[133.82372,34.07236],[133.82262,34.07419],[133.82015,34.07402],[133.81769,34.07224],[133.81505,34.07331],[133.81033,34.07259],[133.80005,34.06955],[133.79585,34.07036],[133.79041,34.0753],[133.78879,34.07779],[133.7853,34.07981],[133.78202,34.08014],[133.77796,34.07893],[133.778,34.07729],[133.77504,34.07426],[133.76778,34.07232],[133.7634,34.06984],[133.76338,34.06681],[133.7603,34.06455],[133.75878,34.06129],[133.75648,34.05929],[133.7543,34.05874],[133.751,34.05659],[133.7495,34.05427],[133.74444,34.05232],[133.74045,34.05019],[133.73853,34.04831],[133.73299,34.0449],[133.72899,34.04416],[133.72775,34.04106],[133.72521,34.03777],[133.72307,34.03646],[133.72181,34.02981],[133.72298,34.02545],[133.72132,34.02229],[133.71866,34.02148],[133.71473,34.01904],[133.7137,34.01745],[133.71066,34.01697],[133.70876,34.01535],[133.70367,34.01629],[133.70027,34.0178],[133.6974,34.01568],[133.69356,34.01499],[133.69193,34.0135],[133.68851,34.01238],[133.68547,34.01315],[133.67955,34.01252],[133.68333,34.00741],[133.68496,34.00723],[133.68574,34.00366],[133.68301,34.00183],[133.68069,33.9963],[133.67772,33.99483],[133.67648,33.99249],[133.67646,33.9884],[133.67509,33.98368],[133.68063,33.98417],[133.68138,33.97879],[133.68413,33.97639],[133.68146,33.97389],[133.68032,33.97022],[133.68294,33.96889],[133.68298,33.96459],[133.68495,33.96389],[133.68665,33.96538],[133.69236,33.96246],[133.69184,33.9605],[133.68713,33.95533],[133.68913,33.9534],[133.69263,33.94784],[133.69257,33.94399],[133.68644,33.93898],[133.68176,33.93808],[133.68006,33.93437],[133.67648,33.93294],[133.67654,33.9281],[133.67568,33.92638],[133.68563,33.92572],[133.68851,33.92163],[133.69052,33.91629],[133.68795,33.91626],[133.68564,33.91336],[133.68214,33.91044],[133.67758,33.90955],[133.67655,33.90508],[133.67451,33.90319],[133.67747,33.89879],[133.67795,33.89308],[133.67298,33.8902],[133.67065,33.88943],[133.66889,33.88751],[133.66626,33.88804],[133.66192,33.88578],[133.66075,33.88181],[133.66205,33.87943],[133.66129,33.87675],[133.66291,33.87035],[133.6658,33.86846],[133.66641,33.86601],[133.67177,33.86499],[133.67448,33.86296],[133.67434,33.86085],[133.67769,33.85854],[133.68081,33.85951],[133.6873,33.85653],[133.69018,33.85707],[133.69486,33.85628],[133.69762,33.85205],[133.70174,33.84979],[133.7076,33.85168],[133.71528,33.85094],[133.71947,33.84928],[133.72372,33.85006],[133.72651,33.84989],[133.72895,33.85108],[133.73501,33.84955],[133.73832,33.84973],[133.74018,33.84778],[133.74082,33.84287],[133.74378,33.84086],[133.74824,33.83677],[133.75337,33.83715],[133.75623,33.83643],[133.76684,33.84028],[133.7704,33.8395],[133.77328,33.83988],[133.77577,33.8423],[133.78091,33.84198],[133.78671,33.84084],[133.78858,33.83624],[133.79068,33.83679],[133.79695,33.83635],[133.79927,33.83749],[133.80721,33.83675],[133.80902,33.83803],[133.81777,33.83732],[133.82544,33.84225],[133.82849,33.84475],[133.8326,33.84406],[133.83869,33.84517],[133.84132,33.84264],[133.84391,33.83813],[133.84816,33.83542],[133.85352,33.8346],[133.85687,33.82791],[133.85968,33.82613],[133.86364,33.82153],[133.86637,33.81922],[133.86885,33.81448],[133.8725,33.81016],[133.87236,33.80619],[133.87999,33.80507],[133.88267,33.80535],[133.88494,33.80341],[133.887,33.80299],[133.89114,33.80356],[133.89338,33.80494],[133.89597,33.80238],[133.90106,33.79438],[133.90288,33.79368],[133.908,33.79523],[133.91157,33.79318],[133.91278,33.7914],[133.91631,33.79389],[133.9193,33.79763],[133.9243,33.79872],[133.92488,33.80061],[133.92843,33.79978],[133.93138,33.8],[133.93606,33.79901],[133.93813,33.80009],[133.94126,33.79916],[133.94747,33.80374],[133.95116,33.81054],[133.95078,33.81198],[133.95273,33.81549],[133.95307,33.81832],[133.95212,33.82037],[133.95307,33.82366],[133.9511,33.82869],[133.95709,33.83201],[133.95978,33.83466],[133.96743,33.83559],[133.96997,33.83647],[133.97425,33.83637],[133.97909,33.83749],[133.98312,33.8408],[133.98749,33.83946],[133.98715,33.83667],[133.98852,33.83302],[133.99022,33.83102],[133.98995,33.82858],[133.99593,33.82193],[133.99885,33.8211],[134.00194,33.82204],[134.00562,33.82141],[134.01233,33.82179],[134.02035,33.82438],[134.02341,33.82469],[134.02671,33.82744],[134.03283,33.8284],[134.0357,33.8304],[134.03768,33.83379],[134.03977,33.83503],[134.04498,33.83388],[134.04949,33.83428],[134.05418,33.837],[134.06122,33.83803],[134.0646,33.83976],[134.06504,33.84097],[134.07848,33.84598],[134.08537,33.84397],[134.08859,33.84878],[134.09043,33.84979],[134.09218,33.85247],[134.09598,33.85498],[134.0954,33.85808],[134.09322,33.86014],[134.09071,33.86548],[134.09138,33.86861],[134.09124,33.87293],[134.08993,33.87423]]],[[[133.99963,34.07479],[133.99393,34.07262],[133.99105,34.07318],[133.98875,34.07487],[133.98572,34.07346],[133.98402,34.07444],[133.97694,34.07576],[133.97305,34.07302],[133.97148,34.07783],[133.96905,34.08125],[133.96684,34.08198],[133.96278,34.08117],[133.95912,34.08249],[133.95923,34.08592],[133.95648,34.0881],[133.95241,34.08956],[133.94865,34.09201],[133.94608,34.09193],[133.94389,34.0945],[133.94432,34.09611],[133.94342,34.09995],[133.94443,34.10175],[133.94189,34.1041],[133.93957,34.10466],[133.93764,34.10818],[133.93886,34.11048],[133.93977,34.11489],[133.93197,34.11601],[133.92998,34.1152],[133.9223,34.11441],[133.9194,34.11225],[133.91555,34.1079],[133.91156,34.10441],[133.90309,34.10007],[133.8989,34.09665],[133.90337,34.08664],[133.90783,34.08347],[133.90779,34.08258],[133.91221,34.07955],[133.91268,34.07674],[133.91658,34.07367],[133.92132,34.06832],[133.92396,34.06292],[133.92348,34.05914],[133.92497,34.05341],[133.92362,34.05004],[133.92955,34.04995],[133.93505,34.04874],[133.94845,34.0431],[133.95951,34.04112],[133.9627,34.03947],[133.96913,34.03735],[133.97945,34.04118],[133.98284,34.04123],[133.987,34.04029],[133.99397,34.03695],[133.99596,34.03643],[134.00006,34.03732],[133.99892,34.04501],[134.00103,34.05815],[134.00064,34.06515],[133.99853,34.06682],[133.99854,34.06846],[134.00053,34.07173],[133.99963,34.07479]]]]}},{"type":"Feature","properties":{"code":"36301","name":"勝浦郡勝浦町","pref":"徳島県","pref_code":"36","cx":134.48273,"cy":33.91273,"bbox":[134.42913,33.85583,134.57004,33.96989]},"geometry":{"type":"Polygon","coordinates":[[[134.48657,33.96795],[134.48329,33.96722],[134.4821,33.96474],[134.47961,33.96439],[134.47704,33.96591],[134.47436,33.96189],[134.47336,33.95905],[134.46999,33.95593],[134.4697,33.95372],[134.46808,33.95211],[134.46436,33.95128],[134.46088,33.95232],[134.45718,33.95193],[134.45225,33.9531],[134.4464,33.9556],[134.44414,33.95441],[134.43769,33.95381],[134.43294,33.9556],[134.43159,33.95726],[134.43021,33.95278],[134.43011,33.94632],[134.43219,33.94085],[134.42949,33.9348],[134.43328,33.93427],[134.43142,33.93141],[134.43222,33.92953],[134.43518,33.92981],[134.43667,33.92831],[134.44244,33.92834],[134.44528,33.92686],[134.45527,33.92592],[134.45679,33.92507],[134.45512,33.92246],[134.45286,33.92216],[134.45215,33.91999],[134.45356,33.91706],[134.45184,33.91572],[134.45341,33.90908],[134.45162,33.90477],[134.45262,33.90153],[134.4524,33.89887],[134.44977,33.89726],[134.44756,33.89302],[134.44403,33.88977],[134.44386,33.88832],[134.44654,33.88503],[134.44838,33.88123],[134.44382,33.87806],[134.44264,33.87553],[134.43564,33.87247],[134.43604,33.86678],[134.43502,33.86464],[134.43096,33.86145],[134.42913,33.85883],[134.43209,33.85583],[134.4361,33.85772],[134.43789,33.85975],[134.45064,33.86233],[134.45511,33.86475],[134.46261,33.86617],[134.46289,33.86767],[134.46787,33.86986],[134.46726,33.87147],[134.46864,33.87401],[134.47214,33.87841],[134.47353,33.88157],[134.469,33.88581],[134.46781,33.8894],[134.46857,33.89243],[134.47256,33.89516],[134.47406,33.89697],[134.47521,33.90124],[134.48023,33.90218],[134.48416,33.90619],[134.48733,33.90755],[134.49255,33.91087],[134.49855,33.91086],[134.504,33.90793],[134.50548,33.90944],[134.5111,33.9115],[134.51473,33.91397],[134.51651,33.91762],[134.51876,33.91835],[134.5213,33.9158],[134.53083,33.91798],[134.53064,33.92037],[134.5317,33.92394],[134.53455,33.9241],[134.53627,33.92823],[134.53866,33.92881],[134.54331,33.93115],[134.54871,33.93137],[134.55786,33.93346],[134.55771,33.93547],[134.5606,33.93966],[134.56439,33.94178],[134.56824,33.94288],[134.56976,33.94493],[134.56986,33.94805],[134.5689,33.94987],[134.57004,33.95279],[134.56804,33.95524],[134.56883,33.95735],[134.56695,33.96224],[134.56467,33.96227],[134.56103,33.96067],[134.55532,33.9596],[134.55287,33.96137],[134.54713,33.95831],[134.54503,33.95861],[134.53788,33.95531],[134.53531,33.9553],[134.5326,33.95971],[134.52952,33.96075],[134.52397,33.96016],[134.52194,33.9622],[134.51866,33.96316],[134.51522,33.96229],[134.5103,33.96207],[134.50653,33.96519],[134.50279,33.96659],[134.50025,33.96955],[134.49513,33.96989],[134.49329,33.96815],[134.4911,33.96876],[134.48805,33.9675],[134.48657,33.96795]]]}},{"type":"Feature","properties":{"code":"36302","name":"勝浦郡上勝町","pref":"徳島県","pref_code":"36","cx":134.38174,"cy":33.90285,"bbox":[134.29848,33.84857,134.45679,33.95726]},"geometry":{"type":"Polygon","coordinates":[[[134.43159,33.95726],[134.42896,33.95588],[134.42445,33.95582],[134.42306,33.9545],[134.41901,33.95508],[134.40085,33.9513],[134.40029,33.94949],[134.40106,33.94545],[134.39511,33.94338],[134.39101,33.94372],[134.38916,33.94081],[134.38646,33.94096],[134.3835,33.94235],[134.37787,33.9405],[134.37755,33.93919],[134.37362,33.93643],[134.36821,33.93692],[134.36555,33.93344],[134.36114,33.93275],[134.35271,33.93243],[134.34967,33.93097],[134.34572,33.92721],[134.34069,33.92498],[134.33881,33.92549],[134.33645,33.92828],[134.32907,33.93346],[134.32649,33.93446],[134.32361,33.93295],[134.31413,33.92611],[134.30938,33.92628],[134.30659,33.92809],[134.30364,33.92597],[134.30213,33.9206],[134.29848,33.91299],[134.29873,33.91038],[134.3011,33.91],[134.3039,33.90767],[134.30803,33.9064],[134.31078,33.90417],[134.31255,33.89945],[134.3164,33.89762],[134.31652,33.89458],[134.31834,33.89397],[134.32229,33.88957],[134.32298,33.88755],[134.32527,33.88674],[134.32599,33.88265],[134.32208,33.87779],[134.3262,33.87453],[134.32605,33.86976],[134.32742,33.86679],[134.32701,33.86381],[134.33577,33.86469],[134.33719,33.86231],[134.34183,33.85953],[134.34622,33.85947],[134.35054,33.8582],[134.35231,33.85673],[134.35087,33.85175],[134.35696,33.85104],[134.36061,33.84857],[134.3652,33.85011],[134.37349,33.85528],[134.37797,33.85612],[134.37848,33.85442],[134.38079,33.85269],[134.38706,33.8512],[134.38952,33.85154],[134.39307,33.85422],[134.39536,33.85357],[134.40173,33.85603],[134.40314,33.85516],[134.40673,33.85521],[134.4102,33.85767],[134.4147,33.86001],[134.41659,33.86006],[134.42101,33.85763],[134.42913,33.85883],[134.43096,33.86145],[134.43502,33.86464],[134.43604,33.86678],[134.43564,33.87247],[134.44264,33.87553],[134.44382,33.87806],[134.44838,33.88123],[134.44654,33.88503],[134.44386,33.88832],[134.44403,33.88977],[134.44756,33.89302],[134.44977,33.89726],[134.4524,33.89887],[134.45262,33.90153],[134.45162,33.90477],[134.45341,33.90908],[134.45184,33.91572],[134.45356,33.91706],[134.45215,33.91999],[134.45286,33.92216],[134.45512,33.92246],[134.45679,33.92507],[134.45527,33.92592],[134.44528,33.92686],[134.44244,33.92834],[134.43667,33.92831],[134.43518,33.92981],[134.43222,33.92953],[134.43142,33.93141],[134.43328,33.93427],[134.42949,33.9348],[134.43219,33.94085],[134.43011,33.94632],[134.43021,33.95278],[134.43159,33.95726]]]}},{"type":"Feature","properties":{"code":"36321","name":"名東郡佐那河内村","pref":"徳島県","pref_code":"36","cx":134.4501,"cy":33.986,"bbox":[134.39917,33.95128,134.49916,34.02238]},"geometry":{"type":"Polygon","coordinates":[[[134.44958,34.00845],[134.44743,34.00981],[134.44227,34.00992],[134.43717,34.00714],[134.43842,34.00082],[134.43748,33.99817],[134.43427,33.99586],[134.43027,33.99437],[134.42703,33.99651],[134.42339,33.99534],[134.42348,33.99327],[134.41805,33.99065],[134.41701,33.9869],[134.41134,33.98509],[134.41064,33.98064],[134.41122,33.97658],[134.40974,33.97467],[134.40623,33.97354],[134.40491,33.9617],[134.40057,33.95999],[134.39917,33.95508],[134.40085,33.9513],[134.41901,33.95508],[134.42306,33.9545],[134.42445,33.95582],[134.42896,33.95588],[134.43159,33.95726],[134.43294,33.9556],[134.43769,33.95381],[134.44414,33.95441],[134.4464,33.9556],[134.45225,33.9531],[134.45718,33.95193],[134.46088,33.95232],[134.46436,33.95128],[134.46808,33.95211],[134.4697,33.95372],[134.46999,33.95593],[134.47336,33.95905],[134.47436,33.96189],[134.47704,33.96591],[134.47961,33.96439],[134.4821,33.96474],[134.48329,33.96722],[134.48657,33.96795],[134.48671,33.9708],[134.48521,33.97382],[134.4854,33.97555],[134.48216,33.97767],[134.48115,33.9802],[134.48184,33.98286],[134.48498,33.98425],[134.48714,33.98784],[134.48686,33.98917],[134.49253,33.99252],[134.49629,33.99336],[134.49716,33.99517],[134.49586,33.99931],[134.49661,34.00229],[134.49558,34.0068],[134.49427,34.00833],[134.49536,34.01073],[134.49916,34.01318],[134.49478,34.01375],[134.49125,34.01664],[134.48948,34.0203],[134.48714,34.02142],[134.48222,34.02238],[134.48013,34.02097],[134.47585,34.02081],[134.47244,34.01832],[134.47235,34.01648],[134.46748,34.01568],[134.46652,34.0138],[134.46637,34.00985],[134.46119,34.00635],[134.45918,34.00618],[134.45403,34.00843],[134.4516,34.00765],[134.44958,34.00845]]]}},{"type":"Feature","properties":{"code":"36341","name":"名西郡石井町","pref":"徳島県","pref_code":"36","cx":134.43073,"cy":34.08328,"bbox":[134.39738,34.05235,134.46914,34.11243]},"geometry":{"type":"Polygon","coordinates":[[[134.45868,34.11095],[134.45846,34.11243],[134.45287,34.10638],[134.44965,34.10415],[134.4466,34.10559],[134.42399,34.10225],[134.41127,34.09454],[134.39738,34.08723],[134.40047,34.07504],[134.40189,34.0763],[134.40193,34.06916],[134.40274,34.06596],[134.40404,34.05235],[134.40685,34.05339],[134.41082,34.05689],[134.4185,34.05595],[134.42199,34.0563],[134.42637,34.05302],[134.43179,34.05308],[134.43779,34.05433],[134.44418,34.05329],[134.45004,34.05481],[134.45544,34.05775],[134.45773,34.05788],[134.46113,34.06002],[134.46451,34.05939],[134.46747,34.06183],[134.46914,34.06208],[134.46872,34.0664],[134.46732,34.07143],[134.465,34.07314],[134.46342,34.07801],[134.46368,34.07983],[134.46245,34.08673],[134.4639,34.08898],[134.45876,34.08936],[134.45468,34.08867],[134.45263,34.09207],[134.45365,34.0944],[134.45429,34.09915],[134.45649,34.09781],[134.45926,34.1014],[134.45931,34.10717],[134.45868,34.11095]]]}},{"type":"Feature","properties":{"code":"36342","name":"名西郡神山町","pref":"徳島県","pref_code":"36","cx":134.33167,"cy":33.98156,"bbox":[134.22064,33.90666,134.45332,34.05689]},"geometry":{"type":"Polygon","coordinates":[[[134.42637,34.05302],[134.42199,34.0563],[134.4185,34.05595],[134.41082,34.05689],[134.40685,34.05339],[134.40404,34.05235],[134.40327,34.05],[134.39962,34.05058],[134.3964,34.05256],[134.39435,34.05289],[134.3916,34.04955],[134.38767,34.04746],[134.38513,34.04469],[134.37981,34.04361],[134.37936,34.04231],[134.3725,34.03915],[134.37231,34.03472],[134.37049,34.03201],[134.36679,34.02909],[134.36086,34.03261],[134.35884,34.03544],[134.35573,34.03711],[134.35452,34.0395],[134.34978,34.03877],[134.34853,34.03572],[134.34293,34.0314],[134.3382,34.03171],[134.33492,34.03005],[134.3353,34.02423],[134.33422,34.02052],[134.33072,34.01817],[134.33001,34.0134],[134.32326,34.0087],[134.32514,34.00289],[134.31725,34.0064],[134.3108,34.00729],[134.30876,34.00538],[134.30192,34.00506],[134.29893,34.00648],[134.29559,34.00247],[134.29125,34.00254],[134.28864,34.00029],[134.28671,33.99421],[134.28268,33.99129],[134.2748,33.99284],[134.26913,33.98907],[134.26278,33.98763],[134.26121,33.98638],[134.25635,33.98618],[134.25393,33.98468],[134.25353,33.98247],[134.25142,33.98052],[134.25571,33.97708],[134.25644,33.97512],[134.2506,33.96895],[134.24702,33.96727],[134.24535,33.95892],[134.24461,33.95785],[134.23415,33.95515],[134.23146,33.9518],[134.22983,33.95183],[134.22697,33.94972],[134.227,33.94709],[134.22922,33.94529],[134.22885,33.94184],[134.23059,33.93339],[134.22476,33.92738],[134.22064,33.91808],[134.22133,33.91478],[134.22126,33.90932],[134.22793,33.90679],[134.2356,33.90982],[134.23784,33.91],[134.24896,33.91535],[134.24995,33.91696],[134.25371,33.91616],[134.25762,33.91628],[134.26213,33.91766],[134.2667,33.91703],[134.27257,33.91723],[134.27488,33.91571],[134.27798,33.91504],[134.28224,33.9158],[134.2863,33.91516],[134.29039,33.90679],[134.29435,33.90666],[134.29623,33.90945],[134.29873,33.91038],[134.29848,33.91299],[134.30213,33.9206],[134.30364,33.92597],[134.30659,33.92809],[134.30938,33.92628],[134.31413,33.92611],[134.32361,33.93295],[134.32649,33.93446],[134.32907,33.93346],[134.33645,33.92828],[134.33881,33.92549],[134.34069,33.92498],[134.34572,33.92721],[134.34967,33.93097],[134.35271,33.93243],[134.36114,33.93275],[134.36555,33.93344],[134.36821,33.93692],[134.37362,33.93643],[134.37755,33.93919],[134.37787,33.9405],[134.3835,33.94235],[134.38646,33.94096],[134.38916,33.94081],[134.39101,33.94372],[134.39511,33.94338],[134.40106,33.94545],[134.40029,33.94949],[134.40085,33.9513],[134.39917,33.95508],[134.40057,33.95999],[134.40491,33.9617],[134.40623,33.97354],[134.40974,33.97467],[134.41122,33.97658],[134.41064,33.98064],[134.41134,33.98509],[134.41701,33.9869],[134.41805,33.99065],[134.42348,33.99327],[134.42339,33.99534],[134.42703,33.99651],[134.43027,33.99437],[134.43427,33.99586],[134.43748,33.99817],[134.43842,34.00082],[134.43717,34.00714],[134.44227,34.00992],[134.44743,34.00981],[134.44958,34.00845],[134.45332,34.01448],[134.45296,34.01694],[134.45028,34.02083],[134.44724,34.02026],[134.44437,34.02093],[134.4419,34.01762],[134.43585,34.01796],[134.43504,34.02071],[134.43105,34.02397],[134.42746,34.0255],[134.4268,34.02744],[134.42901,34.03138],[134.42929,34.03978],[134.42371,34.04481],[134.42256,34.04815],[134.42598,34.05055],[134.42637,34.05302]]]}},{"type":"Feature","properties":{"code":"36368","name":"那賀郡那賀町","pref":"徳島県","pref_code":"36","cx":134.28431,"cy":33.8014,"bbox":[134.03283,33.68571,134.55654,33.91766]},"geometry":{"type":"Polygon","coordinates":[[[134.46787,33.86986],[134.46289,33.86767],[134.46261,33.86617],[134.45511,33.86475],[134.45064,33.86233],[134.43789,33.85975],[134.4361,33.85772],[134.43209,33.85583],[134.42913,33.85883],[134.42101,33.85763],[134.41659,33.86006],[134.4147,33.86001],[134.4102,33.85767],[134.40673,33.85521],[134.40314,33.85516],[134.40173,33.85603],[134.39536,33.85357],[134.39307,33.85422],[134.38952,33.85154],[134.38706,33.8512],[134.38079,33.85269],[134.37848,33.85442],[134.37797,33.85612],[134.37349,33.85528],[134.3652,33.85011],[134.36061,33.84857],[134.35696,33.85104],[134.35087,33.85175],[134.35231,33.85673],[134.35054,33.8582],[134.34622,33.85947],[134.34183,33.85953],[134.33719,33.86231],[134.33577,33.86469],[134.32701,33.86381],[134.32742,33.86679],[134.32605,33.86976],[134.3262,33.87453],[134.32208,33.87779],[134.32599,33.88265],[134.32527,33.88674],[134.32298,33.88755],[134.32229,33.88957],[134.31834,33.89397],[134.31652,33.89458],[134.3164,33.89762],[134.31255,33.89945],[134.31078,33.90417],[134.30803,33.9064],[134.3039,33.90767],[134.3011,33.91],[134.29873,33.91038],[134.29623,33.90945],[134.29435,33.90666],[134.29039,33.90679],[134.2863,33.91516],[134.28224,33.9158],[134.27798,33.91504],[134.27488,33.91571],[134.27257,33.91723],[134.2667,33.91703],[134.26213,33.91766],[134.25762,33.91628],[134.25371,33.91616],[134.24995,33.91696],[134.24896,33.91535],[134.23784,33.91],[134.2356,33.90982],[134.23144,33.90794],[134.23263,33.9043],[134.23677,33.90179],[134.23658,33.89963],[134.23851,33.89788],[134.23904,33.89169],[134.23484,33.89072],[134.23146,33.88871],[134.22648,33.888],[134.22485,33.88913],[134.22177,33.88906],[134.2181,33.88786],[134.21652,33.88644],[134.2114,33.88525],[134.20913,33.88118],[134.20622,33.88085],[134.19781,33.885],[134.19372,33.88597],[134.19046,33.88539],[134.18743,33.88244],[134.18332,33.88134],[134.18044,33.87829],[134.17723,33.87764],[134.17219,33.87207],[134.17276,33.87002],[134.16929,33.86725],[134.16474,33.86567],[134.15504,33.8658],[134.15056,33.86764],[134.14809,33.8694],[134.14344,33.86874],[134.13986,33.86566],[134.1352,33.86555],[134.13158,33.86199],[134.12735,33.86007],[134.12519,33.85748],[134.11806,33.85599],[134.11201,33.85549],[134.11052,33.85275],[134.09598,33.85498],[134.09218,33.85247],[134.09043,33.84979],[134.08859,33.84878],[134.08537,33.84397],[134.07848,33.84598],[134.06504,33.84097],[134.0646,33.83976],[134.06122,33.83803],[134.05418,33.837],[134.04949,33.83428],[134.04498,33.83388],[134.03977,33.83503],[134.03768,33.83379],[134.0357,33.8304],[134.03283,33.8284],[134.03517,33.82457],[134.03688,33.82034],[134.03698,33.81498],[134.03388,33.81212],[134.03331,33.80928],[134.0392,33.80458],[134.04074,33.80189],[134.04658,33.79907],[134.04682,33.79611],[134.04577,33.79464],[134.04587,33.79],[134.04942,33.7873],[134.05027,33.78564],[134.05532,33.78469],[134.05879,33.77667],[134.05835,33.77212],[134.05892,33.76625],[134.05777,33.76472],[134.05895,33.761],[134.0569,33.75785],[134.0561,33.75195],[134.05779,33.75053],[134.05949,33.74592],[134.05905,33.74322],[134.06149,33.74044],[134.06178,33.73522],[134.06619,33.73407],[134.06842,33.72835],[134.06756,33.72508],[134.06628,33.72424],[134.06504,33.71945],[134.06701,33.71551],[134.0696,33.71387],[134.0701,33.7112],[134.06642,33.70951],[134.06471,33.70655],[134.06471,33.70367],[134.06352,33.70014],[134.06477,33.69854],[134.06159,33.69615],[134.05819,33.69532],[134.0566,33.69391],[134.05806,33.69103],[134.06633,33.68862],[134.07313,33.68961],[134.0764,33.69061],[134.0814,33.69047],[134.09044,33.69307],[134.09509,33.69242],[134.0999,33.69462],[134.10602,33.69359],[134.11199,33.69566],[134.11694,33.69594],[134.11991,33.69495],[134.12233,33.69602],[134.12626,33.69589],[134.13176,33.69386],[134.13338,33.69396],[134.13578,33.69093],[134.14014,33.68951],[134.14259,33.68747],[134.14855,33.68571],[134.16097,33.68684],[134.16385,33.68812],[134.16441,33.69095],[134.16274,33.69663],[134.17067,33.69933],[134.17379,33.70341],[134.17623,33.70375],[134.18327,33.70744],[134.18634,33.7078],[134.19028,33.71081],[134.1936,33.71095],[134.19762,33.71263],[134.20165,33.71631],[134.20558,33.71661],[134.2089,33.71823],[134.21106,33.7217],[134.21987,33.72178],[134.223,33.72239],[134.22485,33.72107],[134.23016,33.72145],[134.23349,33.71931],[134.23671,33.71989],[134.24707,33.724],[134.24889,33.72086],[134.25314,33.71898],[134.25671,33.71882],[134.25871,33.72049],[134.26361,33.7207],[134.26612,33.72395],[134.26842,33.72463],[134.27122,33.7276],[134.27601,33.72811],[134.28226,33.73102],[134.28391,33.72885],[134.28838,33.7275],[134.2946,33.73051],[134.3054,33.73224],[134.31025,33.7308],[134.31301,33.732],[134.31626,33.73129],[134.32034,33.73251],[134.32248,33.73028],[134.32743,33.72964],[134.32954,33.7277],[134.33435,33.72752],[134.33654,33.73043],[134.33894,33.72983],[134.34136,33.72754],[134.34756,33.72862],[134.34908,33.73018],[134.35197,33.72869],[134.35564,33.7284],[134.35834,33.73129],[134.3624,33.73093],[134.36574,33.72729],[134.36842,33.7264],[134.37472,33.72757],[134.37764,33.72594],[134.3819,33.72534],[134.38385,33.72583],[134.38973,33.72538],[134.39458,33.72437],[134.39988,33.72909],[134.39972,33.7311],[134.40189,33.73492],[134.40194,33.73983],[134.40468,33.74142],[134.40918,33.74207],[134.41305,33.74162],[134.41464,33.74408],[134.41951,33.74833],[134.41972,33.74999],[134.42246,33.75275],[134.42096,33.75714],[134.42728,33.76194],[134.42999,33.76331],[134.43294,33.76363],[134.43794,33.76241],[134.4394,33.76326],[134.44391,33.7636],[134.44973,33.76629],[134.44767,33.76866],[134.4464,33.7724],[134.44738,33.77389],[134.45056,33.77395],[134.45317,33.77509],[134.45982,33.77529],[134.46328,33.77667],[134.46563,33.77945],[134.47516,33.77787],[134.47917,33.78006],[134.48059,33.78211],[134.48031,33.7866],[134.48339,33.78849],[134.48562,33.79103],[134.49077,33.79419],[134.4993,33.79236],[134.50523,33.79379],[134.50658,33.79501],[134.51673,33.79799],[134.51942,33.79942],[134.52665,33.80092],[134.52815,33.80408],[134.52454,33.80585],[134.52225,33.80795],[134.5181,33.80671],[134.51179,33.80648],[134.50782,33.81299],[134.50842,33.81706],[134.51095,33.81945],[134.51008,33.82294],[134.51497,33.82893],[134.51907,33.82964],[134.52029,33.83166],[134.52362,33.83412],[134.52519,33.83909],[134.52505,33.84228],[134.52881,33.84374],[134.53067,33.84713],[134.53508,33.84962],[134.53714,33.84987],[134.53954,33.85238],[134.54611,33.85228],[134.55115,33.85459],[134.55628,33.85443],[134.55559,33.86076],[134.55654,33.86382],[134.55546,33.86591],[134.55621,33.86892],[134.5545,33.86934],[134.54887,33.86847],[134.54496,33.86904],[134.54312,33.8701],[134.5406,33.87323],[134.52978,33.87373],[134.52649,33.87275],[134.52247,33.87298],[134.52112,33.8742],[134.51513,33.87095],[134.51279,33.87098],[134.50576,33.86829],[134.50176,33.86745],[134.49865,33.86547],[134.4973,33.86567],[134.49711,33.8714],[134.49237,33.87205],[134.49052,33.87135],[134.48885,33.86871],[134.48263,33.87058],[134.47864,33.87096],[134.47343,33.86937],[134.47214,33.86769],[134.46787,33.86986]]]}},{"type":"Feature","properties":{"code":"36383","name":"海部郡牟岐町","pref":"徳島県","pref_code":"36","cx":134.4202,"cy":33.68648,"bbox":[134.36056,33.62885,134.50471,33.72345]},"geometry":{"type":"MultiPolygon","coordinates":[[[[134.4222,33.63725],[134.42083,33.63414],[134.42199,33.63022],[134.42413,33.62885],[134.42618,33.62996],[134.42662,33.63544],[134.4222,33.63725]]],[[[134.48587,33.64537],[134.48391,33.64006],[134.48657,33.63681],[134.48203,33.63567],[134.48326,33.63306],[134.48627,33.63366],[134.49024,33.63211],[134.49723,33.63141],[134.50118,33.63373],[134.50134,33.63651],[134.5036,33.63808],[134.50471,33.64103],[134.50015,33.64004],[134.49903,33.63862],[134.49649,33.63845],[134.49337,33.64149],[134.49016,33.64232],[134.48879,33.64463],[134.48587,33.64537]]],[[[134.47241,33.6818],[134.47545,33.68538],[134.47594,33.6906],[134.47446,33.69433],[134.47109,33.69472],[134.46478,33.69416],[134.46241,33.69732],[134.46005,33.69811],[134.45766,33.70127],[134.45641,33.70489],[134.45801,33.70736],[134.45749,33.71022],[134.45483,33.7132],[134.45516,33.7188],[134.44865,33.72345],[134.44291,33.72067],[134.43965,33.72056],[134.43468,33.71937],[134.4272,33.71532],[134.42478,33.71561],[134.42114,33.71861],[134.41233,33.71971],[134.40462,33.71871],[134.40225,33.71799],[134.3971,33.71788],[134.39272,33.71837],[134.3937,33.71331],[134.38964,33.71152],[134.38577,33.71208],[134.38109,33.71036],[134.38105,33.70838],[134.37541,33.70814],[134.36524,33.70429],[134.36495,33.6989],[134.36401,33.69756],[134.36056,33.69599],[134.36197,33.69317],[134.36216,33.68942],[134.36459,33.68757],[134.36573,33.68258],[134.36474,33.67981],[134.36234,33.67815],[134.366,33.67475],[134.37024,33.67473],[134.37312,33.67228],[134.36953,33.66895],[134.37092,33.66619],[134.37442,33.66557],[134.37655,33.6631],[134.37739,33.6606],[134.37995,33.65778],[134.38296,33.65658],[134.38466,33.65439],[134.38723,33.65393],[134.38988,33.65061],[134.39658,33.65046],[134.39688,33.65262],[134.39518,33.65458],[134.39586,33.65609],[134.4005,33.65762],[134.402,33.65957],[134.40442,33.65985],[134.40705,33.65745],[134.40971,33.65618],[134.41007,33.65433],[134.41368,33.6548],[134.41761,33.65707],[134.41615,33.65971],[134.41837,33.66248],[134.41879,33.66537],[134.42324,33.66588],[134.42473,33.66366],[134.42503,33.66075],[134.42794,33.66199],[134.42945,33.6638],[134.43196,33.66336],[134.4359,33.66416],[134.43881,33.66313],[134.43979,33.66521],[134.44413,33.66649],[134.44523,33.66919],[134.45516,33.67329],[134.45722,33.67532],[134.46042,33.67561],[134.46366,33.67755],[134.46554,33.67993],[134.47241,33.6818]]]]}},{"type":"Feature","properties":{"code":"36387","name":"海部郡美波町","pref":"徳島県","pref_code":"36","cx":134.49583,"cy":33.74916,"bbox":[134.39191,33.6818,134.67995,33.8164]},"geometry":{"type":"MultiPolygon","coordinates":[[[[134.52815,33.80408],[134.52665,33.80092],[134.51942,33.79942],[134.51673,33.79799],[134.50658,33.79501],[134.50523,33.79379],[134.4993,33.79236],[134.49077,33.79419],[134.48562,33.79103],[134.48339,33.78849],[134.48031,33.7866],[134.48059,33.78211],[134.47917,33.78006],[134.47516,33.77787],[134.46563,33.77945],[134.46328,33.77667],[134.45982,33.77529],[134.45317,33.77509],[134.45056,33.77395],[134.44738,33.77389],[134.4464,33.7724],[134.44767,33.76866],[134.44973,33.76629],[134.44391,33.7636],[134.4394,33.76326],[134.43794,33.76241],[134.43294,33.76363],[134.42999,33.76331],[134.42728,33.76194],[134.42096,33.75714],[134.42246,33.75275],[134.41972,33.74999],[134.41951,33.74833],[134.41464,33.74408],[134.41305,33.74162],[134.40918,33.74207],[134.40468,33.74142],[134.40194,33.73983],[134.40189,33.73492],[134.39972,33.7311],[134.39988,33.72909],[134.39191,33.72171],[134.39272,33.71837],[134.3971,33.71788],[134.40225,33.71799],[134.40462,33.71871],[134.41233,33.71971],[134.42114,33.71861],[134.42478,33.71561],[134.4272,33.71532],[134.43468,33.71937],[134.43965,33.72056],[134.44291,33.72067],[134.44865,33.72345],[134.45516,33.7188],[134.45483,33.7132],[134.45749,33.71022],[134.45801,33.70736],[134.45641,33.70489],[134.45766,33.70127],[134.46005,33.69811],[134.46241,33.69732],[134.46478,33.69416],[134.47109,33.69472],[134.47446,33.69433],[134.47594,33.6906],[134.47545,33.68538],[134.47241,33.6818],[134.47773,33.68406],[134.47837,33.68519],[134.48234,33.68659],[134.48487,33.68622],[134.4866,33.68773],[134.48818,33.69132],[134.49136,33.69097],[134.49512,33.69374],[134.50108,33.69411],[134.50355,33.69593],[134.5047,33.69926],[134.50701,33.69963],[134.51012,33.69843],[134.5142,33.70243],[134.51568,33.70159],[134.51828,33.70485],[134.53092,33.71135],[134.53474,33.71513],[134.539,33.71644],[134.54316,33.72013],[134.54196,33.72255],[134.54264,33.72559],[134.54067,33.72742],[134.54144,33.72866],[134.54173,33.73434],[134.54354,33.73676],[134.54677,33.73795],[134.55083,33.7363],[134.55378,33.74195],[134.55584,33.74166],[134.55598,33.73936],[134.55775,33.73733],[134.55554,33.73457],[134.55826,33.73354],[134.56186,33.73425],[134.5657,33.73243],[134.56808,33.73704],[134.56645,33.73881],[134.56858,33.74337],[134.57105,33.74362],[134.57236,33.75091],[134.57485,33.75335],[134.5742,33.75588],[134.57254,33.75642],[134.57042,33.75941],[134.56994,33.76173],[134.57279,33.7657],[134.57428,33.76339],[134.57764,33.76148],[134.5815,33.76333],[134.5803,33.76591],[134.58039,33.77008],[134.58176,33.77152],[134.58545,33.77179],[134.58702,33.76901],[134.59034,33.76902],[134.59133,33.77282],[134.59466,33.77249],[134.59373,33.77025],[134.59589,33.76477],[134.60011,33.76371],[134.60228,33.76432],[134.60207,33.7679],[134.60088,33.76935],[134.60184,33.77206],[134.60531,33.77289],[134.60801,33.77599],[134.60895,33.77967],[134.61241,33.78095],[134.61394,33.78249],[134.61651,33.78131],[134.62023,33.78666],[134.62682,33.78618],[134.63024,33.78649],[134.63314,33.78516],[134.63572,33.7866],[134.6388,33.78471],[134.63961,33.78169],[134.64247,33.7817],[134.64077,33.78524],[134.64227,33.78938],[134.64488,33.79021],[134.64809,33.78909],[134.652,33.79022],[134.65314,33.79211],[134.66969,33.80201],[134.67584,33.80212],[134.67894,33.80448],[134.67995,33.8067],[134.67748,33.80955],[134.67779,33.81088],[134.67477,33.8164],[134.67223,33.81587],[134.66979,33.81379],[134.66657,33.8146],[134.66461,33.8136],[134.66225,33.80949],[134.6598,33.80962],[134.65481,33.80833],[134.65086,33.8054],[134.64616,33.80604],[134.64472,33.80498],[134.63322,33.80144],[134.63072,33.80008],[134.62683,33.7992],[134.62303,33.79977],[134.61966,33.79809],[134.61901,33.79683],[134.6151,33.79514],[134.61128,33.79178],[134.61017,33.78925],[134.60559,33.78828],[134.60172,33.78951],[134.59868,33.78729],[134.59643,33.7896],[134.58923,33.78704],[134.58819,33.78588],[134.58226,33.78562],[134.57738,33.7863],[134.57735,33.78841],[134.57563,33.78976],[134.57209,33.78946],[134.57077,33.79315],[134.56197,33.79354],[134.5599,33.79666],[134.55767,33.79839],[134.55691,33.8011],[134.55308,33.80184],[134.5489,33.80486],[134.54874,33.80605],[134.54252,33.80565],[134.54048,33.80407],[134.53793,33.80416],[134.53144,33.80301],[134.52815,33.80408]]],[[[134.59313,33.7635],[134.5904,33.76159],[134.59032,33.75919],[134.5936,33.75932],[134.59313,33.7635]]]]}},{"type":"Feature","properties":{"code":"36388","name":"海部郡海陽町","pref":"徳島県","pref_code":"36","cx":134.2721,"cy":33.63809,"bbox":[134.14925,33.54022,134.39458,33.73251]},"geometry":{"type":"MultiPolygon","coordinates":[[[[134.31846,33.54813],[134.31617,33.54505],[134.3169,33.54155],[134.31871,33.54026],[134.32385,33.54022],[134.32193,33.54248],[134.32255,33.54404],[134.31846,33.54813]]],[[[134.16385,33.68812],[134.16776,33.68628],[134.17087,33.68598],[134.17478,33.68399],[134.1748,33.67963],[134.17546,33.67593],[134.17264,33.67508],[134.16896,33.67077],[134.17159,33.6653],[134.17535,33.66159],[134.17133,33.65769],[134.17637,33.65348],[134.17817,33.65365],[134.18312,33.65064],[134.18417,33.64902],[134.17482,33.64329],[134.17055,33.64196],[134.16399,33.63545],[134.16151,33.63503],[134.15841,33.63265],[134.15621,33.63343],[134.15022,33.63055],[134.14925,33.62714],[134.1527,33.62584],[134.15489,33.62299],[134.15214,33.61818],[134.15337,33.61498],[134.15596,33.61179],[134.16061,33.61281],[134.16479,33.61049],[134.17252,33.6096],[134.17596,33.6071],[134.17024,33.60211],[134.17167,33.59885],[134.17058,33.59697],[134.17602,33.59406],[134.17878,33.59415],[134.18137,33.59099],[134.18472,33.58869],[134.18575,33.58515],[134.18854,33.58106],[134.18691,33.57905],[134.18777,33.57577],[134.19247,33.57398],[134.19536,33.56873],[134.19529,33.56581],[134.19407,33.56512],[134.19317,33.56163],[134.19591,33.56082],[134.20227,33.56248],[134.20718,33.56549],[134.21068,33.5659],[134.2117,33.56696],[134.21871,33.56754],[134.22472,33.56319],[134.22657,33.56302],[134.22872,33.56101],[134.22954,33.55791],[134.23223,33.55565],[134.23851,33.55292],[134.24035,33.55364],[134.2412,33.55583],[134.24335,33.55592],[134.24918,33.5529],[134.25821,33.55327],[134.2629,33.55642],[134.26724,33.55601],[134.27001,33.55486],[134.27101,33.55783],[134.27375,33.56062],[134.27874,33.55952],[134.28171,33.56102],[134.28315,33.55983],[134.28724,33.5598],[134.28933,33.55832],[134.29568,33.55773],[134.29692,33.55651],[134.297,33.55342],[134.30369,33.55391],[134.30553,33.55021],[134.30844,33.5496],[134.3075,33.54673],[134.31404,33.54561],[134.31549,33.54804],[134.31363,33.54915],[134.31614,33.55145],[134.31592,33.55387],[134.31985,33.55498],[134.31694,33.55773],[134.31373,33.55821],[134.31294,33.56156],[134.31061,33.56157],[134.30865,33.56372],[134.30826,33.56651],[134.30881,33.57186],[134.31141,33.57665],[134.31598,33.57646],[134.31932,33.57749],[134.31696,33.57983],[134.31784,33.58183],[134.32242,33.58256],[134.32374,33.58063],[134.32937,33.58213],[134.33366,33.57929],[134.33883,33.57814],[134.34554,33.57865],[134.35519,33.57847],[134.36284,33.57988],[134.36268,33.58079],[134.35768,33.58203],[134.35422,33.58348],[134.34949,33.58376],[134.34169,33.5835],[134.33662,33.58277],[134.33379,33.58136],[134.33217,33.58233],[134.33231,33.58445],[134.33867,33.58574],[134.33981,33.58519],[134.34586,33.58503],[134.35294,33.58617],[134.35452,33.58715],[134.36085,33.58752],[134.36329,33.58874],[134.36425,33.5909],[134.36247,33.59246],[134.36165,33.59609],[134.3643,33.60201],[134.37147,33.60959],[134.37765,33.61337],[134.37882,33.61281],[134.38291,33.61427],[134.38322,33.61882],[134.38835,33.61955],[134.38945,33.62294],[134.38808,33.62442],[134.3796,33.62533],[134.37595,33.62389],[134.37142,33.62397],[134.36922,33.62507],[134.36457,33.6243],[134.36263,33.62503],[134.36249,33.62806],[134.36689,33.62931],[134.36849,33.63268],[134.37051,33.63467],[134.37717,33.6328],[134.3759,33.63489],[134.37646,33.63696],[134.37864,33.63921],[134.38483,33.64144],[134.38664,33.64624],[134.38947,33.64803],[134.38988,33.65061],[134.38723,33.65393],[134.38466,33.65439],[134.38296,33.65658],[134.37995,33.65778],[134.37739,33.6606],[134.37655,33.6631],[134.37442,33.66557],[134.37092,33.66619],[134.36953,33.66895],[134.37312,33.67228],[134.37024,33.67473],[134.366,33.67475],[134.36234,33.67815],[134.36474,33.67981],[134.36573,33.68258],[134.36459,33.68757],[134.36216,33.68942],[134.36197,33.69317],[134.36056,33.69599],[134.36401,33.69756],[134.36495,33.6989],[134.36524,33.70429],[134.37541,33.70814],[134.38105,33.70838],[134.38109,33.71036],[134.38577,33.71208],[134.38964,33.71152],[134.3937,33.71331],[134.39191,33.72171],[134.39458,33.72437],[134.38973,33.72538],[134.38385,33.72583],[134.3819,33.72534],[134.37764,33.72594],[134.37472,33.72757],[134.36842,33.7264],[134.36574,33.72729],[134.3624,33.73093],[134.35834,33.73129],[134.35564,33.7284],[134.35197,33.72869],[134.34908,33.73018],[134.34756,33.72862],[134.34136,33.72754],[134.33894,33.72983],[134.33654,33.73043],[134.33435,33.72752],[134.32954,33.7277],[134.32743,33.72964],[134.32248,33.73028],[134.32034,33.73251],[134.31626,33.73129],[134.31301,33.732],[134.31025,33.7308],[134.3054,33.73224],[134.2946,33.73051],[134.28838,33.7275],[134.28391,33.72885],[134.28226,33.73102],[134.27601,33.72811],[134.27122,33.7276],[134.26842,33.72463],[134.26612,33.72395],[134.26361,33.7207],[134.25871,33.72049],[134.25671,33.71882],[134.25314,33.71898],[134.24889,33.72086],[134.24707,33.724],[134.23671,33.71989],[134.23349,33.71931],[134.23016,33.72145],[134.22485,33.72107],[134.223,33.72239],[134.21987,33.72178],[134.21106,33.7217],[134.2089,33.71823],[134.20558,33.71661],[134.20165,33.71631],[134.19762,33.71263],[134.1936,33.71095],[134.19028,33.71081],[134.18634,33.7078],[134.18327,33.70744],[134.17623,33.70375],[134.17379,33.70341],[134.17067,33.69933],[134.16274,33.69663],[134.16441,33.69095],[134.16385,33.68812]]]]}},{"type":"Feature","properties":{"code":"36401","name":"板野郡松茂町","pref":"徳島県","pref_code":"36","cx":134.6,"cy":34.12795,"bbox":[134.5597,34.10092,134.62554,34.15538]},"geometry":{"type":"Polygon","coordinates":[[[134.60743,34.10092],[134.60144,34.10729],[134.60338,34.11277],[134.60334,34.11632],[134.60433,34.11931],[134.6076,34.1255],[134.61118,34.12389],[134.61314,34.12667],[134.61553,34.12659],[134.61625,34.12873],[134.62151,34.12773],[134.6234,34.12816],[134.62554,34.13654],[134.61847,34.13782],[134.61947,34.14089],[134.60083,34.14855],[134.59911,34.14713],[134.5941,34.14612],[134.591,34.14639],[134.58513,34.14888],[134.58394,34.15223],[134.57685,34.15538],[134.57299,34.1542],[134.56995,34.15493],[134.56931,34.15346],[134.57006,34.15014],[134.56843,34.14933],[134.56425,34.15116],[134.56171,34.14768],[134.5597,34.14378],[134.56092,34.1429],[134.56873,34.14015],[134.56774,34.13724],[134.56484,34.1338],[134.56563,34.1322],[134.56852,34.13091],[134.57933,34.13014],[134.58571,34.12715],[134.59039,34.12304],[134.59622,34.11486],[134.5988,34.10739],[134.60151,34.10265],[134.60743,34.10092]]]}},{"type":"Feature","properties":{"code":"36402","name":"板野郡北島町","pref":"徳島県","pref_code":"36","cx":134.54747,"cy":34.12578,"bbox":[134.52761,34.10828,134.57469,34.14378]},"geometry":{"type":"Polygon","coordinates":[[[134.57469,34.13036],[134.56852,34.13091],[134.56563,34.1322],[134.56484,34.1338],[134.56774,34.13724],[134.56873,34.14015],[134.56092,34.1429],[134.5597,34.14378],[134.55663,34.14058],[134.5525,34.14133],[134.54711,34.1399],[134.54087,34.1399],[134.53783,34.13529],[134.53149,34.13308],[134.53,34.13095],[134.52992,34.12911],[134.52761,34.12631],[134.5294,34.12467],[134.5336,34.12526],[134.53621,34.12063],[134.53598,34.11805],[134.53934,34.11444],[134.53972,34.11281],[134.55241,34.11026],[134.55248,34.10874],[134.55653,34.10828],[134.55812,34.1107],[134.5585,34.11341],[134.55583,34.11512],[134.55597,34.11758],[134.55774,34.12197],[134.56016,34.12087],[134.56192,34.12241],[134.56189,34.12421],[134.56548,34.12471],[134.57005,34.12858],[134.57469,34.13036]]]}},{"type":"Feature","properties":{"code":"36403","name":"板野郡藍住町","pref":"徳島県","pref_code":"36","cx":134.49959,"cy":34.12771,"bbox":[134.45783,34.10662,134.53,34.14806]},"geometry":{"type":"Polygon","coordinates":[[[134.5294,34.12467],[134.52761,34.12631],[134.52992,34.12911],[134.53,34.13095],[134.5213,34.13491],[134.51705,34.13768],[134.51709,34.13889],[134.51371,34.14004],[134.51407,34.14149],[134.51037,34.14294],[134.50313,34.1441],[134.5024,34.14186],[134.49905,34.143],[134.49551,34.14604],[134.49157,34.14806],[134.48675,34.14795],[134.48109,34.14258],[134.47753,34.1399],[134.4779,34.13727],[134.47705,34.13065],[134.47317,34.12945],[134.47031,34.12943],[134.47101,34.11886],[134.45783,34.11651],[134.45868,34.11095],[134.46587,34.11302],[134.46988,34.11348],[134.47573,34.11202],[134.48012,34.10907],[134.4845,34.10732],[134.48799,34.10663],[134.49267,34.10662],[134.50506,34.10899],[134.50509,34.11433],[134.50642,34.1184],[134.50923,34.12069],[134.51351,34.12073],[134.51574,34.12425],[134.51832,34.12328],[134.52244,34.1243],[134.5294,34.12467]]]}},{"type":"Feature","properties":{"code":"36404","name":"板野郡板野町","pref":"徳島県","pref_code":"36","cx":134.45163,"cy":34.15278,"bbox":[134.41293,34.11431,134.48675,34.19252]},"geometry":{"type":"Polygon","coordinates":[[[134.43889,34.19083],[134.43796,34.18945],[134.43162,34.18623],[134.42926,34.18335],[134.43063,34.17896],[134.43364,34.17878],[134.43416,34.17478],[134.43292,34.1734],[134.43387,34.16951],[134.43281,34.16805],[134.42846,34.16744],[134.42519,34.16571],[134.41998,34.15916],[134.4196,34.15794],[134.41293,34.15688],[134.41604,34.1546],[134.41819,34.15097],[134.41796,34.14989],[134.42042,34.14684],[134.42514,34.14514],[134.42688,34.1435],[134.42694,34.14087],[134.42579,34.13863],[134.42804,34.13583],[134.42839,34.13115],[134.4298,34.12691],[134.43287,34.12532],[134.43355,34.12346],[134.43633,34.12351],[134.43695,34.1203],[134.44051,34.11975],[134.44167,34.11431],[134.45783,34.11651],[134.47101,34.11886],[134.47031,34.12943],[134.47317,34.12945],[134.47705,34.13065],[134.4779,34.13727],[134.47753,34.1399],[134.48109,34.14258],[134.48675,34.14795],[134.48574,34.14854],[134.48631,34.15466],[134.48413,34.15588],[134.48382,34.15997],[134.48431,34.16358],[134.48344,34.16654],[134.48056,34.16986],[134.48016,34.17642],[134.47852,34.17862],[134.47018,34.17738],[134.4625,34.17738],[134.45932,34.18086],[134.45479,34.1872],[134.45618,34.19086],[134.45469,34.19252],[134.44401,34.19203],[134.4425,34.19239],[134.43889,34.19083]]]}},{"type":"Feature","properties":{"code":"36405","name":"板野郡上板町","pref":"徳島県","pref_code":"36","cx":134.40378,"cy":34.12843,"bbox":[134.36786,34.08723,134.45846,34.17236]},"geometry":{"type":"Polygon","coordinates":[[[134.39738,34.08723],[134.41127,34.09454],[134.42399,34.10225],[134.4466,34.10559],[134.44965,34.10415],[134.45287,34.10638],[134.45846,34.11243],[134.45783,34.11651],[134.44167,34.11431],[134.44051,34.11975],[134.43695,34.1203],[134.43633,34.12351],[134.43355,34.12346],[134.43287,34.12532],[134.4298,34.12691],[134.42839,34.13115],[134.42804,34.13583],[134.42579,34.13863],[134.42694,34.14087],[134.42688,34.1435],[134.42514,34.14514],[134.42042,34.14684],[134.41796,34.14989],[134.41819,34.15097],[134.41604,34.1546],[134.41293,34.15688],[134.41149,34.15927],[134.41144,34.1615],[134.40742,34.16255],[134.40418,34.16705],[134.40005,34.16776],[134.39709,34.16478],[134.39365,34.16355],[134.38857,34.16516],[134.38549,34.1651],[134.38507,34.16802],[134.38311,34.17214],[134.37965,34.17236],[134.37566,34.17179],[134.37287,34.16851],[134.3705,34.16445],[134.37114,34.1633],[134.36786,34.15562],[134.36915,34.15146],[134.37135,34.15101],[134.3753,34.14817],[134.37759,34.14415],[134.37953,34.1434],[134.38313,34.13853],[134.37788,34.12995],[134.37952,34.12364],[134.38269,34.11933],[134.38458,34.11831],[134.38634,34.1138],[134.39892,34.11629],[134.40161,34.10897],[134.4015,34.10596],[134.39813,34.1037],[134.39706,34.10475],[134.39415,34.10416],[134.39443,34.09752],[134.39738,34.08723]]]}},{"type":"Feature","properties":{"code":"36468","name":"美馬郡つるぎ町","pref":"徳島県","pref_code":"36","cx":134.04195,"cy":33.96451,"bbox":[133.96644,33.86989,134.12707,34.05803]},"geometry":{"type":"Polygon","coordinates":[[[134.00006,34.03732],[133.9994,34.03718],[133.99897,34.03516],[134.00128,34.03286],[134.00296,34.02979],[134.00389,34.02611],[134.00263,34.024],[134.00203,34.01819],[134.00066,34.01637],[134.00075,34.0114],[133.9987,34.01054],[133.9981,34.00463],[133.99901,34.00293],[134.00194,34.00133],[134.001,33.99743],[134.00167,33.99653],[134.00169,33.99049],[133.99866,33.98791],[133.99791,33.98347],[133.99611,33.98227],[133.99565,33.97862],[133.98873,33.97355],[133.98425,33.97312],[133.98149,33.96861],[133.97899,33.96735],[133.97599,33.96267],[133.97223,33.96024],[133.97315,33.95564],[133.9726,33.95238],[133.97452,33.95206],[133.97688,33.94916],[133.97705,33.94592],[133.96947,33.94165],[133.96644,33.93901],[133.96719,33.93582],[133.96952,33.93133],[133.97168,33.92911],[133.9739,33.92853],[133.97496,33.9252],[133.98225,33.92351],[133.98746,33.9237],[133.99271,33.92325],[133.99905,33.92025],[134.00277,33.91947],[134.00382,33.91755],[134.00149,33.9143],[134.00173,33.90779],[134.00281,33.90649],[134.00773,33.90642],[134.0103,33.90543],[134.01598,33.90076],[134.01869,33.9008],[134.02055,33.89952],[134.02455,33.89929],[134.02688,33.89838],[134.03029,33.90067],[134.03416,33.90068],[134.03754,33.89941],[134.0404,33.89739],[134.0449,33.89709],[134.04745,33.89506],[134.04157,33.8871],[134.04329,33.88431],[134.04381,33.88105],[134.04823,33.87529],[134.04866,33.87094],[134.05334,33.87221],[134.05803,33.87065],[134.0626,33.86989],[134.06534,33.87191],[134.07184,33.87222],[134.07678,33.87123],[134.08993,33.87423],[134.08896,33.87826],[134.09181,33.8786],[134.09426,33.87997],[134.09907,33.87837],[134.10245,33.8799],[134.10384,33.88282],[134.11018,33.8867],[134.11631,33.88684],[134.1217,33.8895],[134.12395,33.89425],[134.12563,33.90045],[134.12518,33.90787],[134.12407,33.91108],[134.12707,33.91339],[134.12559,33.9207],[134.12044,33.92127],[134.11649,33.92077],[134.11384,33.92141],[134.10766,33.92096],[134.10573,33.9225],[134.10018,33.92384],[134.10058,33.9287],[134.10304,33.9311],[134.10281,33.93382],[134.10484,33.93648],[134.10504,33.94244],[134.10247,33.94365],[134.1014,33.94798],[134.09889,33.9494],[134.09807,33.95635],[134.0986,33.95829],[134.10153,33.96107],[134.10508,33.9626],[134.10832,33.96636],[134.10893,33.97104],[134.10861,33.97674],[134.10795,33.97967],[134.11195,33.98702],[134.10994,33.98862],[134.10864,33.99245],[134.10929,33.99734],[134.11184,33.99872],[134.1164,34.00365],[134.11781,34.00756],[134.11732,34.011],[134.11889,34.01689],[134.11682,34.01851],[134.11443,34.01859],[134.1135,34.0243],[134.11195,34.02601],[134.11203,34.03053],[134.10712,34.03199],[134.10536,34.0313],[134.10338,34.03503],[134.09896,34.03769],[134.09309,34.04507],[134.09447,34.04718],[134.09531,34.0511],[134.09299,34.05374],[134.08629,34.05348],[134.08812,34.05803],[134.0743,34.052],[134.0735,34.04917],[134.07098,34.04725],[134.04315,34.04296],[134.02884,34.04467],[134.02132,34.0442],[134.01555,34.03922],[134.00868,34.03753],[134.00006,34.03732]]]}},{"type":"Feature","properties":{"code":"36489","name":"三好郡東みよし町","pref":"徳島県","pref_code":"36","cx":133.94617,"cy":34.03423,"bbox":[133.81853,33.96024,134.00389,34.1082]},"geometry":{"type":"Polygon","coordinates":[[[133.97223,33.96024],[133.97599,33.96267],[133.97899,33.96735],[133.98149,33.96861],[133.98425,33.97312],[133.98873,33.97355],[133.99565,33.97862],[133.99611,33.98227],[133.99791,33.98347],[133.99866,33.98791],[134.00169,33.99049],[134.00167,33.99653],[134.001,33.99743],[134.00194,34.00133],[133.99901,34.00293],[133.9981,34.00463],[133.9987,34.01054],[134.00075,34.0114],[134.00066,34.01637],[134.00203,34.01819],[134.00263,34.024],[134.00389,34.02611],[134.00296,34.02979],[134.00128,34.03286],[133.99897,34.03516],[133.9994,34.03718],[133.99596,34.03643],[133.99397,34.03695],[133.987,34.04029],[133.98284,34.04123],[133.97945,34.04118],[133.96913,34.03735],[133.9627,34.03947],[133.95951,34.04112],[133.94845,34.0431],[133.93505,34.04874],[133.92955,34.04995],[133.92362,34.05004],[133.92497,34.05341],[133.92348,34.05914],[133.92396,34.06292],[133.92132,34.06832],[133.91658,34.07367],[133.91268,34.07674],[133.91221,34.07955],[133.90779,34.08258],[133.90783,34.08347],[133.90337,34.08664],[133.8989,34.09665],[133.90309,34.10007],[133.90134,34.10007],[133.89705,34.10399],[133.89427,34.10749],[133.89285,34.1082],[133.8849,34.10463],[133.88012,34.10409],[133.87392,34.10114],[133.87058,34.10143],[133.86708,34.10015],[133.86522,34.1039],[133.86302,34.10534],[133.85872,34.10526],[133.85484,34.10416],[133.84949,34.09915],[133.84531,34.09637],[133.84215,34.09497],[133.83834,34.09521],[133.83413,34.09774],[133.83065,34.09557],[133.82602,34.09443],[133.82177,34.09171],[133.82299,34.08481],[133.81853,34.0797],[133.81906,34.07523],[133.82015,34.07402],[133.82262,34.07419],[133.82372,34.07236],[133.82606,34.07151],[133.83235,34.06417],[133.83277,34.06136],[133.83808,34.05827],[133.83902,34.05505],[133.84339,34.05589],[133.84507,34.05204],[133.84508,34.04919],[133.84921,34.04908],[133.85079,34.04699],[133.85391,34.0452],[133.85311,34.04052],[133.85384,34.03522],[133.85728,34.03635],[133.86642,34.0342],[133.87376,34.03426],[133.87796,34.03333],[133.88145,34.03148],[133.88541,34.03247],[133.89177,34.03541],[133.8952,34.02946],[133.89426,34.02728],[133.89629,34.02255],[133.90035,34.01926],[133.90195,34.01412],[133.90336,34.01369],[133.90608,34.01018],[133.90622,34.00506],[133.9079,34.00482],[133.90931,34.00237],[133.91205,34.00235],[133.91205,34.00027],[133.91387,33.99759],[133.91426,33.99496],[133.91742,33.99308],[133.91752,33.98761],[133.91847,33.98376],[133.91807,33.97692],[133.92122,33.97464],[133.92778,33.97444],[133.92889,33.97372],[133.93401,33.97513],[133.9371,33.97349],[133.93803,33.97456],[133.94273,33.9747],[133.94435,33.97568],[133.95027,33.97413],[133.95249,33.97139],[133.95526,33.97092],[133.95445,33.96389],[133.95687,33.96374],[133.95906,33.96098],[133.9664,33.96165],[133.96812,33.96066],[133.97223,33.96024]]]}},{"type":"Feature","properties":{"code":"37201","name":"高松市","pref":"香川県","pref_code":"37","cx":134.05191,"cy":34.25734,"bbox":[133.92536,34.11103,134.17616,34.43322]},"geometry":{"type":"MultiPolygon","coordinates":[[[[133.99991,34.35833],[134.00023,34.35979],[133.99451,34.36322],[133.9931,34.36277],[133.993,34.35807],[133.99611,34.35623],[133.99991,34.35833]]],[[[134.17545,34.39574],[134.17242,34.39292],[134.17616,34.3904],[134.17545,34.39574]]],[[[134.16572,34.32606],[134.16005,34.33066],[134.15899,34.33492],[134.15622,34.33712],[134.15573,34.34272],[134.15781,34.34755],[134.15784,34.35068],[134.15992,34.35437],[134.15814,34.35722],[134.15878,34.35932],[134.15722,34.3637],[134.1582,34.36792],[134.16083,34.36941],[134.16052,34.3729],[134.16344,34.37784],[134.16369,34.38255],[134.15955,34.38908],[134.15182,34.39195],[134.14586,34.39506],[134.14293,34.39762],[134.13634,34.40033],[134.12662,34.39598],[134.12113,34.39835],[134.11974,34.39482],[134.12185,34.39261],[134.1224,34.38953],[134.1261,34.39178],[134.12825,34.38909],[134.12881,34.38606],[134.12494,34.38503],[134.12287,34.37908],[134.12,34.37658],[134.11642,34.37627],[134.11643,34.37231],[134.12057,34.35947],[134.11529,34.3589],[134.11301,34.36427],[134.10782,34.37203],[134.09923,34.38009],[134.09559,34.38171],[134.0923,34.38458],[134.09113,34.37224],[134.09213,34.36903],[134.09072,34.36265],[134.08529,34.35309],[134.08566,34.35174],[134.07867,34.35],[134.07956,34.35925],[134.07761,34.36155],[134.075,34.36178],[134.07466,34.35126],[134.06951,34.35204],[134.06931,34.36216],[134.06334,34.36258],[134.06417,34.35763],[134.05517,34.35624],[134.05587,34.35464],[134.06017,34.35406],[134.06032,34.35086],[134.04984,34.35246],[134.04729,34.35551],[134.03789,34.35232],[134.0282,34.35377],[134.02504,34.35498],[134.01945,34.35468],[134.01918,34.35293],[134.00924,34.35465],[134.00958,34.35613],[134.01562,34.35505],[134.01591,34.35639],[134.00732,34.35775],[134.0032,34.35923],[134.00232,34.35521],[133.99881,34.35461],[133.99276,34.35661],[133.98963,34.35959],[133.99094,34.36074],[133.98254,34.3652],[133.9805,34.36694],[133.97811,34.37246],[133.97567,34.3731],[133.97026,34.36943],[133.97134,34.3681],[133.96361,34.36497],[133.9605,34.36876],[133.96317,34.37027],[133.95919,34.37764],[133.94745,34.38089],[133.9432,34.37554],[133.93846,34.37568],[133.93883,34.38068],[133.9338,34.38455],[133.93182,34.38832],[133.92761,34.38965],[133.92972,34.38591],[133.92883,34.37736],[133.93238,34.37666],[133.93356,34.37255],[133.93553,34.37051],[133.93574,34.36376],[133.93667,34.36095],[133.9349,34.35533],[133.93778,34.35324],[133.93749,34.34824],[133.94339,34.34641],[133.94541,34.34383],[133.94642,34.33838],[133.95233,34.33519],[133.95357,34.33204],[133.9513,34.32715],[133.95385,34.32534],[133.95135,34.32331],[133.94929,34.32473],[133.94224,34.3251],[133.94148,34.32224],[133.93053,34.32071],[133.92958,34.31841],[133.92536,34.3158],[133.92892,34.3125],[133.93203,34.30638],[133.93497,34.30519],[133.93861,34.30067],[133.9395,34.29745],[133.93858,34.29466],[133.94185,34.29216],[133.94278,34.28798],[133.94095,34.28269],[133.94398,34.27849],[133.94395,34.27198],[133.94515,34.27025],[133.95015,34.27123],[133.95339,34.26902],[133.96226,34.26617],[133.96578,34.26574],[133.97046,34.26323],[133.97893,34.26399],[133.98386,34.26613],[133.98773,34.26197],[133.98868,34.26681],[133.99234,34.26328],[133.99344,34.26025],[133.99014,34.25403],[133.98836,34.253],[133.98631,34.24766],[133.98515,34.24203],[133.9885,34.23837],[133.98914,34.23583],[133.993,34.23546],[133.99396,34.23019],[134.00437,34.21856],[134.00889,34.21685],[134.01016,34.21278],[134.01294,34.21159],[134.01341,34.20655],[134.01539,34.20466],[134.0152,34.20148],[134.01709,34.18986],[134.02343,34.18989],[134.02539,34.18778],[134.025,34.18299],[134.02331,34.18025],[134.02416,34.17439],[134.02773,34.17189],[134.02823,34.16794],[134.02555,34.16573],[134.02563,34.16106],[134.02192,34.16004],[134.02088,34.15812],[134.02331,34.15524],[134.0224,34.15217],[134.02458,34.13966],[134.02962,34.13982],[134.0343,34.13475],[134.03607,34.12895],[134.04988,34.11742],[134.0534,34.118],[134.05833,34.1152],[134.06135,34.11103],[134.06688,34.11279],[134.07092,34.11271],[134.07193,34.11548],[134.07956,34.12114],[134.08157,34.12129],[134.09448,34.11459],[134.10298,34.11501],[134.10597,34.11713],[134.11612,34.11815],[134.11926,34.12027],[134.12233,34.11879],[134.12706,34.12316],[134.13117,34.12537],[134.13268,34.12956],[134.13802,34.13242],[134.13931,34.13408],[134.13771,34.13803],[134.13851,34.1415],[134.13751,34.14728],[134.13526,34.15154],[134.13096,34.15091],[134.12821,34.15269],[134.12544,34.16025],[134.12367,34.16192],[134.12233,34.16745],[134.11815,34.17321],[134.11235,34.17814],[134.11428,34.18077],[134.10969,34.18338],[134.11042,34.19303],[134.10932,34.19827],[134.10523,34.20164],[134.1054,34.20947],[134.10693,34.21051],[134.10561,34.2146],[134.10867,34.21972],[134.11208,34.22175],[134.11214,34.22515],[134.11438,34.22649],[134.11309,34.2301],[134.11113,34.23183],[134.1112,34.23483],[134.11337,34.23541],[134.11462,34.23825],[134.11224,34.24003],[134.11044,34.24472],[134.11147,34.24897],[134.10947,34.25216],[134.11162,34.25444],[134.11246,34.26227],[134.11453,34.2685],[134.11921,34.28764],[134.11914,34.29032],[134.12223,34.29184],[134.12109,34.29408],[134.12197,34.29745],[134.12548,34.29862],[134.12652,34.30399],[134.12499,34.30997],[134.13021,34.31731],[134.13353,34.31434],[134.13711,34.31311],[134.13976,34.31423],[134.14933,34.31349],[134.15543,34.31062],[134.15912,34.31408],[134.16056,34.31753],[134.16479,34.32226],[134.16572,34.32606]]],[[[134.05384,34.40922],[134.05113,34.40826],[134.05032,34.40476],[134.04409,34.39607],[134.04275,34.39266],[134.0373,34.38692],[134.03563,34.38321],[134.03817,34.37934],[134.04247,34.38109],[134.04875,34.38955],[134.05199,34.38899],[134.05417,34.39043],[134.05695,34.39747],[134.05556,34.40443],[134.05647,34.40583],[134.05384,34.40922]]],[[[134.1054,34.4146],[134.10371,34.4134],[134.10603,34.40737],[134.10497,34.40475],[134.10083,34.40379],[134.10095,34.40055],[134.10779,34.40134],[134.11168,34.40456],[134.10742,34.40974],[134.1054,34.4146]]],[[[134.12624,34.42115],[134.12287,34.41898],[134.12257,34.41627],[134.12684,34.41651],[134.12786,34.41923],[134.12624,34.42115]]],[[[134.0626,34.43322],[134.05766,34.43177],[134.05424,34.42416],[134.05516,34.41716],[134.05909,34.41989],[134.06262,34.42015],[134.06473,34.42227],[134.06577,34.42919],[134.0626,34.43322]]]]}},{"type":"Feature","properties":{"code":"37202","name":"丸亀市","pref":"香川県","pref_code":"37","cx":133.84914,"cy":34.25551,"bbox":[133.64291,34.2009,133.90508,34.41082]},"geometry":{"type":"MultiPolygon","coordinates":[[[[133.8063,34.31063],[133.79697,34.30599],[133.79251,34.30996],[133.7913,34.30873],[133.79668,34.30171],[133.79201,34.29941],[133.79341,34.29642],[133.78882,34.29501],[133.78744,34.29716],[133.78974,34.29867],[133.78274,34.31066],[133.77214,34.30598],[133.77641,34.3039],[133.77873,34.30026],[133.78191,34.30167],[133.78331,34.30001],[133.77534,34.2965],[133.77811,34.29205],[133.77622,34.29147],[133.76838,34.3038],[133.76188,34.29992],[133.76705,34.29208],[133.77094,34.28827],[133.7681,34.28778],[133.76423,34.28439],[133.77265,34.2722],[133.77383,34.26808],[133.77246,34.26741],[133.77595,34.26313],[133.77413,34.26035],[133.77578,34.25666],[133.78126,34.25905],[133.78256,34.25501],[133.7862,34.25444],[133.79549,34.25885],[133.80816,34.2397],[133.80835,34.23769],[133.8166,34.24126],[133.81918,34.23715],[133.81813,34.23321],[133.82284,34.22638],[133.8218,34.2257],[133.8257,34.22052],[133.82816,34.22148],[133.83027,34.2191],[133.83248,34.22045],[133.84208,34.21583],[133.84594,34.21496],[133.84552,34.21246],[133.85104,34.20723],[133.85026,34.20475],[133.85377,34.2009],[133.85607,34.20368],[133.86866,34.20263],[133.8767,34.20404],[133.88275,34.20447],[133.89009,34.20635],[133.89323,34.2082],[133.89794,34.20646],[133.90068,34.20904],[133.89553,34.21353],[133.89874,34.22163],[133.89845,34.23136],[133.89897,34.23447],[133.89753,34.23714],[133.90062,34.2405],[133.89737,34.24503],[133.89326,34.24462],[133.89442,34.2486],[133.89785,34.24956],[133.90004,34.25262],[133.90069,34.25602],[133.90288,34.25729],[133.90227,34.26234],[133.90367,34.26406],[133.90508,34.26879],[133.90382,34.27163],[133.89494,34.27387],[133.8948,34.27797],[133.89315,34.28036],[133.89164,34.28621],[133.88987,34.2898],[133.88682,34.28832],[133.88102,34.2879],[133.87065,34.2828],[133.86456,34.28288],[133.85713,34.28022],[133.85446,34.28035],[133.84446,34.27491],[133.84076,34.28434],[133.83833,34.28401],[133.83639,34.28793],[133.83297,34.28708],[133.83162,34.29069],[133.8265,34.29531],[133.82351,34.29689],[133.82223,34.30095],[133.81566,34.30471],[133.81053,34.30086],[133.8074,34.30392],[133.8063,34.31063]]],[[[133.77967,34.3655],[133.77607,34.36429],[133.77506,34.36196],[133.77579,34.35651],[133.78007,34.35621],[133.787,34.35992],[133.78542,34.36408],[133.78234,34.36328],[133.77967,34.3655]]],[[[133.64946,34.38328],[133.64291,34.37694],[133.64692,34.37734],[133.64799,34.37414],[133.65245,34.37339],[133.65283,34.37588],[133.64946,34.38328]]],[[[133.7105,34.3991],[133.70842,34.39375],[133.70914,34.38726],[133.70553,34.38539],[133.69949,34.38675],[133.69793,34.38376],[133.69734,34.37866],[133.69044,34.37773],[133.69073,34.37569],[133.68821,34.36954],[133.68877,34.36575],[133.68507,34.36361],[133.68452,34.36125],[133.68734,34.35871],[133.6954,34.35506],[133.69885,34.35201],[133.70886,34.35325],[133.70875,34.35737],[133.71193,34.36335],[133.71562,34.36442],[133.71881,34.36237],[133.7226,34.36246],[133.72758,34.36802],[133.73051,34.37029],[133.73041,34.3742],[133.7269,34.37941],[133.7249,34.38442],[133.71783,34.39243],[133.71889,34.3964],[133.71243,34.40057],[133.7105,34.3991]]],[[[133.77766,34.401],[133.77417,34.39712],[133.76768,34.39226],[133.76146,34.38999],[133.75842,34.39114],[133.75672,34.39717],[133.75271,34.39861],[133.75164,34.39462],[133.75454,34.39313],[133.75291,34.38801],[133.75688,34.38491],[133.76019,34.37902],[133.75942,34.37621],[133.75723,34.37511],[133.75653,34.3719],[133.75763,34.3698],[133.76321,34.36872],[133.76995,34.37221],[133.772,34.37722],[133.7775,34.38067],[133.78195,34.3807],[133.78543,34.38335],[133.78887,34.38412],[133.78839,34.38673],[133.79091,34.38809],[133.79448,34.38735],[133.79434,34.39022],[133.78998,34.39194],[133.79055,34.3953],[133.78269,34.39742],[133.77766,34.401]]],[[[133.78397,34.40723],[133.78027,34.4046],[133.78329,34.40293],[133.78934,34.4035],[133.78397,34.40723]]],[[[133.67175,34.41082],[133.66795,34.40899],[133.65884,34.40647],[133.65274,34.40913],[133.65118,34.40673],[133.6569,34.4035],[133.65922,34.39972],[133.66201,34.39779],[133.66127,34.39114],[133.66336,34.39099],[133.66547,34.38301],[133.66804,34.38668],[133.67208,34.38869],[133.67378,34.39163],[133.67695,34.39283],[133.67756,34.39897],[133.67378,34.3985],[133.67176,34.40083],[133.67542,34.40715],[133.6758,34.40992],[133.67175,34.41082]]]]}},{"type":"Feature","properties":{"code":"37203","name":"坂出市","pref":"香川県","pref_code":"37","cx":133.90324,"cy":34.32654,"bbox":[133.79561,34.26333,133.95385,34.42737]},"geometry":{"type":"MultiPolygon","coordinates":[[[[133.92761,34.38965],[133.92532,34.38396],[133.9209,34.37772],[133.91756,34.37685],[133.90974,34.38203],[133.90743,34.37832],[133.90046,34.3777],[133.89872,34.38139],[133.89395,34.38242],[133.88913,34.37775],[133.88805,34.37516],[133.8901,34.36897],[133.89271,34.36447],[133.89099,34.35892],[133.89495,34.35459],[133.89054,34.35169],[133.88206,34.34406],[133.87838,34.34476],[133.87141,34.33973],[133.86199,34.33189],[133.85696,34.33068],[133.8578,34.32667],[133.8508,34.3264],[133.85045,34.33011],[133.84643,34.328],[133.83726,34.32523],[133.83433,34.3249],[133.83322,34.32963],[133.83044,34.33331],[133.83905,34.3346],[133.83845,34.33865],[133.84459,34.33952],[133.84778,34.33891],[133.85762,34.3458],[133.85898,34.35309],[133.85788,34.35743],[133.84955,34.35995],[133.84864,34.35622],[133.8362,34.34577],[133.82892,34.34215],[133.82939,34.34764],[133.83276,34.34932],[133.84069,34.35604],[133.84054,34.36067],[133.82435,34.3526],[133.82071,34.3513],[133.82217,34.34596],[133.82094,34.33794],[133.82585,34.33751],[133.82768,34.32613],[133.83154,34.31964],[133.83706,34.31566],[133.83917,34.31109],[133.8434,34.30659],[133.84015,34.30285],[133.8393,34.29978],[133.84132,34.29338],[133.83724,34.29037],[133.83639,34.28793],[133.83833,34.28401],[133.84076,34.28434],[133.84446,34.27491],[133.85446,34.28035],[133.85713,34.28022],[133.86456,34.28288],[133.87065,34.2828],[133.88102,34.2879],[133.88682,34.28832],[133.88987,34.2898],[133.89164,34.28621],[133.89315,34.28036],[133.8948,34.27797],[133.89494,34.27387],[133.90382,34.27163],[133.90508,34.26879],[133.90367,34.26406],[133.90541,34.26333],[133.91348,34.26564],[133.91489,34.26453],[133.91914,34.26567],[133.92327,34.26548],[133.93047,34.26985],[133.93283,34.26648],[133.93783,34.26892],[133.94095,34.27283],[133.94255,34.27786],[133.94398,34.27849],[133.94095,34.28269],[133.94278,34.28798],[133.94185,34.29216],[133.93858,34.29466],[133.9395,34.29745],[133.93861,34.30067],[133.93497,34.30519],[133.93203,34.30638],[133.92892,34.3125],[133.92536,34.3158],[133.92958,34.31841],[133.93053,34.32071],[133.94148,34.32224],[133.94224,34.3251],[133.94929,34.32473],[133.95135,34.32331],[133.95385,34.32534],[133.9513,34.32715],[133.95357,34.33204],[133.95233,34.33519],[133.94642,34.33838],[133.94541,34.34383],[133.94339,34.34641],[133.93749,34.34824],[133.93778,34.35324],[133.9349,34.35533],[133.93667,34.36095],[133.93574,34.36376],[133.93553,34.37051],[133.93356,34.37255],[133.93238,34.37666],[133.92883,34.37736],[133.92972,34.38591],[133.92761,34.38965]]],[[[133.82946,34.39496],[133.82739,34.3922],[133.82802,34.39038],[133.83279,34.38914],[133.83134,34.39416],[133.82946,34.39496]]],[[[133.82048,34.39537],[133.81509,34.3942],[133.81234,34.39192],[133.81505,34.3845],[133.82237,34.38284],[133.82456,34.39019],[133.82048,34.39537]]],[[[133.81207,34.40868],[133.80883,34.40819],[133.80751,34.40533],[133.81129,34.40427],[133.81207,34.40868]]],[[[133.8046,34.42737],[133.79561,34.42527],[133.80015,34.42183],[133.79999,34.41787],[133.80442,34.41508],[133.80642,34.41898],[133.80914,34.42082],[133.8046,34.42737]]]]}},{"type":"Feature","properties":{"code":"37204","name":"善通寺市","pref":"香川県","pref_code":"37","cx":133.77233,"cy":34.22419,"bbox":[133.72661,34.18799,133.82284,34.25905]},"geometry":{"type":"Polygon","coordinates":[[[133.77578,34.25666],[133.77388,34.25555],[133.77654,34.24918],[133.77244,34.24873],[133.76891,34.24691],[133.76452,34.2507],[133.75349,34.24611],[133.75558,34.24277],[133.75533,34.24048],[133.75041,34.23747],[133.74703,34.24248],[133.74089,34.24363],[133.7368,34.23945],[133.73543,34.23514],[133.72861,34.23281],[133.72661,34.22893],[133.72706,34.22649],[133.7335,34.21928],[133.73754,34.21393],[133.74032,34.21266],[133.74405,34.21309],[133.75002,34.21144],[133.74965,34.20941],[133.75272,34.20495],[133.75541,34.20377],[133.75594,34.19813],[133.77303,34.19908],[133.77788,34.1962],[133.78493,34.1985],[133.78872,34.19636],[133.79289,34.19123],[133.79602,34.18887],[133.80013,34.18799],[133.80858,34.19364],[133.8123,34.19479],[133.81474,34.19753],[133.81307,34.19956],[133.8098,34.20795],[133.80757,34.21162],[133.80522,34.21989],[133.81406,34.22269],[133.81757,34.22622],[133.8218,34.2257],[133.82284,34.22638],[133.81813,34.23321],[133.81918,34.23715],[133.8166,34.24126],[133.80835,34.23769],[133.80816,34.2397],[133.79549,34.25885],[133.7862,34.25444],[133.78256,34.25501],[133.78126,34.25905],[133.77578,34.25666]]]}},{"type":"Feature","properties":{"code":"37205","name":"観音寺市","pref":"香川県","pref_code":"37","cx":133.67709,"cy":34.08876,"bbox":[133.52593,34.01238,133.74045,34.16551]},"geometry":{"type":"MultiPolygon","coordinates":[[[[133.52717,34.13661],[133.52593,34.13335],[133.52854,34.1321],[133.53083,34.12757],[133.53314,34.12597],[133.53846,34.12583],[133.54191,34.12886],[133.53962,34.1329],[133.53682,34.1312],[133.53331,34.13267],[133.53101,34.13633],[133.52717,34.13661]]],[[[133.74045,34.05019],[133.73844,34.05764],[133.73434,34.06157],[133.73351,34.0658],[133.73374,34.07493],[133.73117,34.08068],[133.73244,34.08307],[133.72911,34.08443],[133.72679,34.08813],[133.72176,34.0894],[133.71725,34.08774],[133.71764,34.09144],[133.71578,34.09324],[133.71518,34.09909],[133.71669,34.10184],[133.71297,34.10372],[133.71169,34.10981],[133.71303,34.11216],[133.70982,34.11619],[133.7126,34.12111],[133.71248,34.12416],[133.7102,34.12516],[133.7122,34.12876],[133.70866,34.1295],[133.70123,34.1346],[133.69244,34.13764],[133.68771,34.13584],[133.67612,34.14117],[133.66909,34.14344],[133.66732,34.14613],[133.66731,34.15076],[133.66571,34.15524],[133.66817,34.15782],[133.66733,34.16041],[133.66184,34.16551],[133.65596,34.16191],[133.65134,34.16378],[133.64601,34.16435],[133.64542,34.15891],[133.64313,34.15555],[133.64004,34.15408],[133.64029,34.15051],[133.64267,34.14892],[133.63973,34.13084],[133.63807,34.13043],[133.63916,34.12479],[133.63521,34.1227],[133.63251,34.12311],[133.63294,34.11935],[133.62797,34.11895],[133.62988,34.1152],[133.63451,34.11329],[133.63693,34.11388],[133.63576,34.09502],[133.63806,34.09233],[133.6352,34.0841],[133.63331,34.08368],[133.63161,34.08019],[133.63247,34.0764],[133.6315,34.07225],[133.63378,34.0702],[133.6312,34.06015],[133.62953,34.05856],[133.6277,34.05318],[133.62275,34.04939],[133.61356,34.04634],[133.61129,34.04468],[133.60125,34.04323],[133.60081,34.04111],[133.60417,34.0359],[133.60751,34.03679],[133.60866,34.03435],[133.61331,34.03232],[133.61631,34.03281],[133.61891,34.03507],[133.62114,34.0346],[133.62688,34.03777],[133.62955,34.03588],[133.63294,34.03116],[133.63624,34.02954],[133.63946,34.02593],[133.64444,34.02774],[133.64925,34.02714],[133.65599,34.02908],[133.65861,34.02768],[133.66543,34.02711],[133.67037,34.02409],[133.67189,34.02075],[133.67823,34.01819],[133.67746,34.01579],[133.67955,34.01252],[133.68547,34.01315],[133.68851,34.01238],[133.69356,34.01499],[133.6974,34.01568],[133.70027,34.0178],[133.70876,34.01535],[133.71066,34.01697],[133.72132,34.02229],[133.72298,34.02545],[133.72181,34.02981],[133.72307,34.03646],[133.72775,34.04106],[133.72899,34.04416],[133.73299,34.0449],[133.74045,34.05019]]]]}},{"type":"Feature","properties":{"code":"37206","name":"さぬき市","pref":"香川県","pref_code":"37","cx":134.22429,"cy":34.26677,"bbox":[134.15472,34.16675,134.2881,34.36963]},"geometry":{"type":"Polygon","coordinates":[[[134.15543,34.31062],[134.15887,34.30803],[134.15899,34.30466],[134.16075,34.30322],[134.15867,34.29832],[134.15472,34.29393],[134.15669,34.28943],[134.15664,34.2838],[134.16224,34.27862],[134.16379,34.27951],[134.16893,34.27872],[134.16882,34.27581],[134.16687,34.27448],[134.16534,34.26849],[134.16274,34.26379],[134.16703,34.25533],[134.16383,34.253],[134.16313,34.24857],[134.16443,34.24597],[134.16788,34.24474],[134.1693,34.24225],[134.16792,34.24043],[134.16959,34.2377],[134.16563,34.23592],[134.16508,34.23281],[134.16896,34.22779],[134.16859,34.22365],[134.16708,34.21957],[134.16384,34.21612],[134.16474,34.21165],[134.1632,34.21079],[134.16282,34.20371],[134.16482,34.20273],[134.16602,34.1983],[134.16414,34.19483],[134.16369,34.19033],[134.16505,34.18865],[134.16437,34.18327],[134.16089,34.18268],[134.16149,34.17939],[134.15858,34.17652],[134.15805,34.17204],[134.15612,34.17186],[134.15544,34.16675],[134.15931,34.16967],[134.16324,34.16978],[134.16851,34.17447],[134.1731,34.17579],[134.18271,34.17397],[134.18531,34.17426],[134.19506,34.17187],[134.19829,34.17535],[134.2043,34.17269],[134.20873,34.17473],[134.21315,34.17795],[134.21437,34.1821],[134.21241,34.18494],[134.21603,34.19082],[134.21357,34.19112],[134.21061,34.19401],[134.20694,34.19987],[134.20875,34.20303],[134.21698,34.20365],[134.21716,34.20927],[134.23022,34.20954],[134.23797,34.21311],[134.24073,34.21585],[134.24641,34.21676],[134.25312,34.22136],[134.25516,34.21987],[134.25943,34.21947],[134.26406,34.22062],[134.26909,34.21805],[134.27197,34.21562],[134.27598,34.21498],[134.27458,34.21992],[134.27417,34.227],[134.27514,34.22847],[134.27346,34.23803],[134.27613,34.23826],[134.27783,34.2422],[134.28099,34.24317],[134.27807,34.24783],[134.27933,34.24883],[134.27494,34.25201],[134.27439,34.25657],[134.27712,34.26113],[134.27672,34.26385],[134.2806,34.26323],[134.28296,34.26505],[134.28671,34.27031],[134.2881,34.2753],[134.28226,34.27906],[134.28051,34.279],[134.27626,34.28253],[134.27479,34.28486],[134.2761,34.28673],[134.27173,34.28915],[134.26818,34.28789],[134.26824,34.28403],[134.26491,34.28475],[134.26236,34.28283],[134.25572,34.28706],[134.25046,34.29522],[134.25021,34.29761],[134.2467,34.30391],[134.24832,34.30776],[134.25132,34.31138],[134.25915,34.31428],[134.25999,34.31797],[134.26484,34.31909],[134.26183,34.3294],[134.26275,34.33158],[134.26639,34.33276],[134.26584,34.33661],[134.25847,34.33661],[134.25654,34.33964],[134.25743,34.3453],[134.25012,34.35159],[134.2466,34.34921],[134.24456,34.34565],[134.24239,34.34426],[134.24075,34.34037],[134.23628,34.33947],[134.23377,34.33717],[134.23199,34.33923],[134.22621,34.34202],[134.22431,34.3467],[134.22052,34.3474],[134.2183,34.34974],[134.21864,34.35337],[134.21743,34.35572],[134.21659,34.36201],[134.2153,34.36484],[134.21168,34.36563],[134.21132,34.36913],[134.20699,34.36963],[134.20433,34.36681],[134.20632,34.36039],[134.20982,34.35797],[134.21008,34.35475],[134.21336,34.34988],[134.20878,34.34523],[134.20471,34.34323],[134.19749,34.34548],[134.19232,34.34387],[134.19007,34.34973],[134.18807,34.35135],[134.18311,34.35167],[134.18375,34.34652],[134.1869,34.34603],[134.18702,34.33949],[134.18498,34.33357],[134.17823,34.33224],[134.17864,34.32671],[134.174,34.32425],[134.16572,34.32606],[134.16479,34.32226],[134.16056,34.31753],[134.15912,34.31408],[134.15543,34.31062]]]}},{"type":"Feature","properties":{"code":"37207","name":"東かがわ市","pref":"香川県","pref_code":"37","cx":134.34683,"cy":34.21741,"bbox":[134.20694,34.15711,134.4407,34.27849]},"geometry":{"type":"Polygon","coordinates":[[[134.20873,34.17473],[134.21601,34.17638],[134.22065,34.17986],[134.2237,34.17984],[134.22713,34.17782],[134.22797,34.18048],[134.23703,34.18045],[134.24449,34.17968],[134.24743,34.17873],[134.25084,34.18051],[134.25658,34.18095],[134.26026,34.18356],[134.27344,34.18113],[134.27715,34.17648],[134.28716,34.18007],[134.29223,34.17914],[134.29609,34.17276],[134.29757,34.16868],[134.30024,34.17028],[134.30807,34.17076],[134.31061,34.17471],[134.31445,34.17722],[134.32831,34.17317],[134.33407,34.17554],[134.34419,34.17238],[134.34641,34.17574],[134.34806,34.18387],[134.34984,34.18532],[134.35799,34.18465],[134.36026,34.18209],[134.36319,34.18179],[134.36869,34.17826],[134.37014,34.17596],[134.37498,34.17335],[134.37566,34.17179],[134.38311,34.17214],[134.38549,34.1651],[134.38857,34.16516],[134.39365,34.16355],[134.39709,34.16478],[134.40005,34.16776],[134.40418,34.16705],[134.40742,34.16255],[134.41144,34.1615],[134.4128,34.15711],[134.4196,34.15794],[134.42519,34.16571],[134.42846,34.16744],[134.43281,34.16805],[134.43387,34.16951],[134.43292,34.1734],[134.43416,34.17478],[134.43364,34.17878],[134.43063,34.17896],[134.42926,34.18335],[134.43162,34.18623],[134.43796,34.18945],[134.43886,34.1978],[134.4407,34.19981],[134.44024,34.20728],[134.43778,34.20704],[134.42829,34.21117],[134.4152,34.21939],[134.41449,34.22156],[134.4099,34.22304],[134.40642,34.22642],[134.40682,34.23112],[134.41194,34.23248],[134.41212,34.23496],[134.40712,34.23801],[134.40201,34.23841],[134.3992,34.2365],[134.39639,34.23878],[134.39858,34.2415],[134.39747,34.24471],[134.39374,34.2511],[134.39005,34.25484],[134.38308,34.2574],[134.37751,34.26055],[134.37543,34.25947],[134.37689,34.25374],[134.37476,34.2522],[134.3684,34.2498],[134.36222,34.24994],[134.35681,34.25355],[134.35187,34.25211],[134.34683,34.2525],[134.34053,34.25505],[134.33854,34.25875],[134.33417,34.25864],[134.32831,34.262],[134.32349,34.26556],[134.31782,34.27107],[134.31301,34.27468],[134.30887,34.2755],[134.30592,34.27849],[134.30202,34.27575],[134.29759,34.27564],[134.29607,34.27402],[134.2881,34.2753],[134.28671,34.27031],[134.28296,34.26505],[134.2806,34.26323],[134.27672,34.26385],[134.27712,34.26113],[134.27439,34.25657],[134.27494,34.25201],[134.27933,34.24883],[134.27807,34.24783],[134.28099,34.24317],[134.27783,34.2422],[134.27613,34.23826],[134.27346,34.23803],[134.27514,34.22847],[134.27417,34.227],[134.27458,34.21992],[134.27598,34.21498],[134.27197,34.21562],[134.26909,34.21805],[134.26406,34.22062],[134.25943,34.21947],[134.25516,34.21987],[134.25312,34.22136],[134.24641,34.21676],[134.24073,34.21585],[134.23797,34.21311],[134.23022,34.20954],[134.21716,34.20927],[134.21698,34.20365],[134.20875,34.20303],[134.20694,34.19987],[134.21061,34.19401],[134.21357,34.19112],[134.21603,34.19082],[134.21241,34.18494],[134.21437,34.1821],[134.21315,34.17795],[134.20873,34.17473]]]}},{"type":"Feature","properties":{"code":"37208","name":"三豊市","pref":"香川県","pref_code":"37","cx":133.73473,"cy":34.15771,"bbox":[133.55777,34.05019,133.82299,34.28711]},"geometry":{"type":"MultiPolygon","coordinates":[[[[133.62529,34.20353],[133.62226,34.202],[133.62395,34.19959],[133.62771,34.19807],[133.62807,34.20074],[133.62529,34.20353]]],[[[133.72861,34.23281],[133.7251,34.23323],[133.72362,34.23102],[133.71977,34.22997],[133.71529,34.23548],[133.7128,34.23558],[133.70889,34.24087],[133.7042,34.23921],[133.70189,34.23603],[133.69822,34.23431],[133.69465,34.23702],[133.68812,34.23712],[133.68802,34.23334],[133.6816,34.23396],[133.67963,34.23259],[133.67731,34.22464],[133.674,34.22201],[133.67158,34.2238],[133.67585,34.22719],[133.67849,34.23632],[133.67524,34.23688],[133.67237,34.22695],[133.66814,34.23298],[133.67029,34.24057],[133.67431,34.24266],[133.67426,34.24506],[133.67163,34.24655],[133.66662,34.24055],[133.65952,34.23978],[133.6557,34.23535],[133.64905,34.23276],[133.6339,34.23888],[133.62717,34.23772],[133.6229,34.23558],[133.61924,34.23686],[133.61634,34.24005],[133.61649,34.24345],[133.61229,34.25061],[133.60904,34.25236],[133.60604,34.25199],[133.6029,34.25331],[133.59142,34.25531],[133.58928,34.25698],[133.58778,34.26089],[133.5831,34.26042],[133.57515,34.26266],[133.57405,34.26512],[133.56838,34.26502],[133.56534,34.26358],[133.55777,34.26254],[133.56041,34.26023],[133.56945,34.25998],[133.57566,34.25651],[133.57359,34.25203],[133.57932,34.25071],[133.5783,34.24708],[133.57511,34.24429],[133.58347,34.24354],[133.5888,34.24052],[133.59065,34.23806],[133.59681,34.23591],[133.60078,34.23376],[133.60379,34.23443],[133.60839,34.2306],[133.61025,34.2257],[133.60944,34.22336],[133.61423,34.22001],[133.61715,34.22099],[133.62081,34.21797],[133.62231,34.21477],[133.6321,34.2118],[133.63491,34.20993],[133.63502,34.20623],[133.63716,34.20339],[133.63739,34.20073],[133.64352,34.19149],[133.64816,34.19175],[133.649,34.18565],[133.64599,34.18349],[133.64511,34.18061],[133.6472,34.17841],[133.64757,34.17098],[133.64601,34.16435],[133.65134,34.16378],[133.65596,34.16191],[133.66184,34.16551],[133.66733,34.16041],[133.66817,34.15782],[133.66571,34.15524],[133.66731,34.15076],[133.66732,34.14613],[133.66909,34.14344],[133.67612,34.14117],[133.68771,34.13584],[133.69244,34.13764],[133.70123,34.1346],[133.70866,34.1295],[133.7122,34.12876],[133.7102,34.12516],[133.71248,34.12416],[133.7126,34.12111],[133.70982,34.11619],[133.71303,34.11216],[133.71169,34.10981],[133.71297,34.10372],[133.71669,34.10184],[133.71518,34.09909],[133.71578,34.09324],[133.71764,34.09144],[133.71725,34.08774],[133.72176,34.0894],[133.72679,34.08813],[133.72911,34.08443],[133.73244,34.08307],[133.73117,34.08068],[133.73374,34.07493],[133.73351,34.0658],[133.73434,34.06157],[133.73844,34.05764],[133.74045,34.05019],[133.7495,34.05427],[133.751,34.05659],[133.75648,34.05929],[133.7603,34.06455],[133.76338,34.06681],[133.7634,34.06984],[133.76778,34.07232],[133.77504,34.07426],[133.77796,34.07893],[133.78202,34.08014],[133.7853,34.07981],[133.78879,34.07779],[133.79041,34.0753],[133.79585,34.07036],[133.80005,34.06955],[133.81033,34.07259],[133.81505,34.07331],[133.81769,34.07224],[133.81906,34.07523],[133.81853,34.0797],[133.82299,34.08481],[133.82223,34.09219],[133.82117,34.09684],[133.81837,34.10284],[133.82013,34.10904],[133.81718,34.11463],[133.81748,34.11853],[133.81574,34.12221],[133.81831,34.12827],[133.81685,34.13175],[133.81737,34.13788],[133.81633,34.13877],[133.81605,34.14453],[133.81709,34.14543],[133.81238,34.14998],[133.81104,34.15307],[133.81218,34.1576],[133.8085,34.15724],[133.80586,34.15414],[133.80254,34.15293],[133.80072,34.15618],[133.80387,34.16331],[133.80279,34.16996],[133.80353,34.17333],[133.80623,34.17524],[133.80705,34.18225],[133.80013,34.18799],[133.79602,34.18887],[133.79289,34.19123],[133.78872,34.19636],[133.78493,34.1985],[133.77788,34.1962],[133.77303,34.19908],[133.75594,34.19813],[133.75541,34.20377],[133.75272,34.20495],[133.74965,34.20941],[133.75002,34.21144],[133.74405,34.21309],[133.74032,34.21266],[133.73754,34.21393],[133.7335,34.21928],[133.72706,34.22649],[133.72661,34.22893],[133.72861,34.23281]]],[[[133.67465,34.27455],[133.67019,34.27217],[133.67369,34.26977],[133.68094,34.26734],[133.68174,34.27289],[133.67465,34.27455]]],[[[133.62644,34.28711],[133.62368,34.28674],[133.62176,34.28408],[133.62145,34.28093],[133.62474,34.27817],[133.62759,34.27799],[133.62693,34.27141],[133.6225,34.2697],[133.61767,34.26583],[133.61942,34.26325],[133.61719,34.25909],[133.62284,34.25614],[133.62468,34.26071],[133.62858,34.26128],[133.63026,34.26337],[133.63233,34.2688],[133.63917,34.26974],[133.64209,34.27168],[133.65075,34.26788],[133.65499,34.27066],[133.65242,34.27481],[133.65633,34.28123],[133.64965,34.27936],[133.64742,34.28106],[133.64432,34.27749],[133.64446,34.27492],[133.63922,34.27231],[133.63248,34.27411],[133.62876,34.27793],[133.62999,34.28117],[133.63195,34.282],[133.63093,34.28562],[133.62644,34.28711]]]]}},{"type":"Feature","properties":{"code":"37322","name":"小豆郡土庄町","pref":"香川県","pref_code":"37","cx":134.20935,"cy":34.51228,"bbox":[134.03613,34.45917,134.33246,34.56392]},"geometry":{"type":"MultiPolygon","coordinates":[[[[134.18947,34.47282],[134.18459,34.47013],[134.18553,34.46767],[134.19039,34.47078],[134.18947,34.47282]]],[[[134.12707,34.48222],[134.1225,34.47978],[134.12007,34.481],[134.11575,34.4804],[134.11368,34.47866],[134.11044,34.47956],[134.10813,34.47506],[134.1135,34.47303],[134.11781,34.47296],[134.12549,34.47614],[134.12791,34.47943],[134.12707,34.48222]]],[[[134.08554,34.49944],[134.08019,34.49922],[134.07693,34.49682],[134.06947,34.49702],[134.06648,34.49412],[134.06341,34.49324],[134.06309,34.49092],[134.05879,34.48809],[134.05232,34.48735],[134.04185,34.48839],[134.0413,34.48327],[134.03613,34.48145],[134.03825,34.47899],[134.04369,34.47866],[134.04507,34.47652],[134.05179,34.47226],[134.06234,34.47006],[134.06556,34.47053],[134.07052,34.46745],[134.07574,34.46218],[134.08132,34.45917],[134.08436,34.46041],[134.08933,34.46575],[134.09001,34.4694],[134.09355,34.47295],[134.1027,34.47909],[134.10376,34.48173],[134.10295,34.48456],[134.10458,34.48701],[134.1026,34.48974],[134.09353,34.49045],[134.08706,34.49472],[134.08776,34.49733],[134.08554,34.49944]]],[[[134.15119,34.52071],[134.14479,34.52031],[134.14483,34.51745],[134.14957,34.51612],[134.15263,34.51823],[134.15119,34.52071]]],[[[134.33246,34.5632],[134.32909,34.56392],[134.32347,34.56215],[134.31944,34.5598],[134.31477,34.55909],[134.3084,34.55457],[134.30471,34.54917],[134.29522,34.54672],[134.28024,34.54733],[134.27766,34.54884],[134.27293,34.54759],[134.26879,34.54948],[134.26992,34.55234],[134.26801,34.55352],[134.26266,34.55209],[134.26181,34.54875],[134.25896,34.54993],[134.25699,34.548],[134.25643,34.54318],[134.25465,34.54304],[134.24868,34.53974],[134.24198,34.53513],[134.23961,34.53008],[134.23317,34.5285],[134.22995,34.52699],[134.22408,34.52947],[134.21752,34.52592],[134.21377,34.52294],[134.20299,34.52004],[134.19834,34.51976],[134.19184,34.52068],[134.18546,34.51576],[134.17865,34.51766],[134.17048,34.52629],[134.16514,34.51879],[134.16682,34.51664],[134.16449,34.51169],[134.16085,34.50985],[134.15816,34.50499],[134.16396,34.5077],[134.16655,34.50539],[134.16546,34.50001],[134.16819,34.4989],[134.17136,34.49441],[134.17645,34.49154],[134.17285,34.48903],[134.16704,34.49345],[134.16255,34.49224],[134.15644,34.49204],[134.15062,34.48501],[134.14802,34.4835],[134.14469,34.4788],[134.14371,34.47281],[134.14132,34.47021],[134.14453,34.46798],[134.14747,34.46836],[134.15173,34.4613],[134.15606,34.4614],[134.1594,34.46357],[134.16281,34.46234],[134.16827,34.46475],[134.16992,34.4695],[134.17184,34.47122],[134.17106,34.47361],[134.17578,34.47663],[134.18147,34.47561],[134.18478,34.4794],[134.18724,34.4794],[134.1922,34.48139],[134.19444,34.48476],[134.1998,34.48271],[134.20166,34.48835],[134.20675,34.48876],[134.21017,34.49054],[134.22348,34.49488],[134.22753,34.50035],[134.22726,34.50278],[134.23129,34.50365],[134.2328,34.50812],[134.23706,34.51073],[134.24067,34.51169],[134.24525,34.50887],[134.25051,34.50931],[134.25319,34.50656],[134.25753,34.50686],[134.25838,34.51012],[134.25337,34.51125],[134.25706,34.51813],[134.26076,34.51779],[134.26113,34.51568],[134.25917,34.51265],[134.26609,34.51192],[134.27471,34.51547],[134.27884,34.51415],[134.27926,34.51945],[134.2873,34.51773],[134.29995,34.51771],[134.30246,34.51809],[134.30569,34.52301],[134.31188,34.52284],[134.31751,34.53873],[134.31994,34.5429],[134.31932,34.54779],[134.32187,34.54946],[134.32286,34.55316],[134.32889,34.55599],[134.33246,34.5632]]]]}},{"type":"Feature","properties":{"code":"37324","name":"小豆郡小豆島町","pref":"香川県","pref_code":"37","cx":134.27714,"cy":34.48965,"bbox":[134.1998,34.4147,134.3635,34.56457]},"geometry":{"type":"MultiPolygon","coordinates":[[[[134.30103,34.47417],[134.30258,34.47588],[134.3009,34.47652],[134.29899,34.47787],[134.29758,34.47536],[134.30103,34.47417]]],[[[134.1998,34.48271],[134.20416,34.4809],[134.20732,34.48318],[134.21208,34.48152],[134.21539,34.47827],[134.21421,34.47686],[134.21812,34.47428],[134.22182,34.47862],[134.22839,34.48065],[134.23346,34.47645],[134.23254,34.47426],[134.22948,34.47242],[134.22958,34.46889],[134.23612,34.47055],[134.23836,34.46713],[134.23841,34.46371],[134.24079,34.46327],[134.24199,34.45836],[134.23813,34.45615],[134.2389,34.45061],[134.23582,34.44743],[134.23449,34.44396],[134.22774,34.44263],[134.22348,34.43836],[134.22685,34.43659],[134.23619,34.43836],[134.23865,34.43251],[134.23782,34.43068],[134.23287,34.42826],[134.22634,34.42694],[134.22456,34.42505],[134.22898,34.42109],[134.23107,34.4156],[134.23291,34.4147],[134.23929,34.41545],[134.24566,34.41878],[134.24711,34.42116],[134.25127,34.42441],[134.24674,34.42726],[134.24864,34.43346],[134.25167,34.43627],[134.25131,34.43901],[134.25551,34.44172],[134.26006,34.44805],[134.26264,34.44969],[134.25955,34.45444],[134.265,34.46036],[134.26687,34.46365],[134.26763,34.46788],[134.26948,34.4687],[134.27604,34.46899],[134.27878,34.47094],[134.28305,34.47136],[134.28529,34.47323],[134.28889,34.47359],[134.29267,34.47583],[134.29634,34.47975],[134.30097,34.4766],[134.30195,34.47827],[134.30391,34.47686],[134.31021,34.47746],[134.31189,34.4768],[134.313,34.47296],[134.316,34.47101],[134.31747,34.46479],[134.31666,34.45964],[134.31216,34.46024],[134.30736,34.46295],[134.30451,34.46064],[134.30077,34.45978],[134.2972,34.46242],[134.29499,34.46087],[134.28987,34.46239],[134.28423,34.46079],[134.28296,34.45912],[134.28461,34.45235],[134.28717,34.44984],[134.28436,34.44565],[134.28115,34.44816],[134.27822,34.44806],[134.28065,34.44394],[134.28443,34.44216],[134.28667,34.44578],[134.29226,34.4468],[134.29984,34.45266],[134.30016,34.4563],[134.3044,34.45778],[134.30787,34.4559],[134.31204,34.45556],[134.31963,34.45801],[134.3253,34.45094],[134.32483,34.44952],[134.32996,34.44585],[134.32977,34.4407],[134.33327,34.43507],[134.33779,34.4329],[134.34038,34.43782],[134.33671,34.44343],[134.33538,34.44729],[134.33721,34.45095],[134.34015,34.45099],[134.34942,34.46121],[134.34934,34.46419],[134.35275,34.47013],[134.35125,34.47275],[134.3536,34.47766],[134.34792,34.47912],[134.34302,34.4845],[134.3428,34.48793],[134.35126,34.49273],[134.3506,34.49825],[134.3473,34.50039],[134.35001,34.5061],[134.35418,34.50785],[134.35638,34.51168],[134.35646,34.51663],[134.35539,34.52413],[134.36005,34.52902],[134.35836,34.53367],[134.35499,34.53877],[134.35163,34.53833],[134.3452,34.54084],[134.34427,34.544],[134.3476,34.54654],[134.34791,34.55106],[134.3552,34.55775],[134.35733,34.55686],[134.36315,34.55773],[134.3635,34.56052],[134.35642,34.56085],[134.35398,34.55747],[134.34609,34.55775],[134.34743,34.561],[134.34995,34.56068],[134.35112,34.56395],[134.34476,34.56457],[134.33683,34.56237],[134.33246,34.5632],[134.32889,34.55599],[134.32286,34.55316],[134.32187,34.54946],[134.31932,34.54779],[134.31994,34.5429],[134.31751,34.53873],[134.31188,34.52284],[134.30569,34.52301],[134.30246,34.51809],[134.29995,34.51771],[134.2873,34.51773],[134.27926,34.51945],[134.27884,34.51415],[134.27471,34.51547],[134.26609,34.51192],[134.25917,34.51265],[134.26113,34.51568],[134.26076,34.51779],[134.25706,34.51813],[134.25337,34.51125],[134.25838,34.51012],[134.25753,34.50686],[134.25319,34.50656],[134.25051,34.50931],[134.24525,34.50887],[134.24067,34.51169],[134.23706,34.51073],[134.2328,34.50812],[134.23129,34.50365],[134.22726,34.50278],[134.22753,34.50035],[134.22348,34.49488],[134.21017,34.49054],[134.20675,34.48876],[134.20166,34.48835],[134.1998,34.48271]]]]}},{"type":"Feature","properties":{"code":"37341","name":"木田郡三木町","pref":"香川県","pref_code":"37","cx":134.13822,"cy":34.23382,"bbox":[134.10523,34.15091,134.16959,34.31731]},"geometry":{"type":"Polygon","coordinates":[[[134.13526,34.15154],[134.13718,34.15473],[134.1407,34.15516],[134.1438,34.15865],[134.14574,34.16453],[134.15062,34.16631],[134.15544,34.16675],[134.15612,34.17186],[134.15805,34.17204],[134.15858,34.17652],[134.16149,34.17939],[134.16089,34.18268],[134.16437,34.18327],[134.16505,34.18865],[134.16369,34.19033],[134.16414,34.19483],[134.16602,34.1983],[134.16482,34.20273],[134.16282,34.20371],[134.1632,34.21079],[134.16474,34.21165],[134.16384,34.21612],[134.16708,34.21957],[134.16859,34.22365],[134.16896,34.22779],[134.16508,34.23281],[134.16563,34.23592],[134.16959,34.2377],[134.16792,34.24043],[134.1693,34.24225],[134.16788,34.24474],[134.16443,34.24597],[134.16313,34.24857],[134.16383,34.253],[134.16703,34.25533],[134.16274,34.26379],[134.16534,34.26849],[134.16687,34.27448],[134.16882,34.27581],[134.16893,34.27872],[134.16379,34.27951],[134.16224,34.27862],[134.15664,34.2838],[134.15669,34.28943],[134.15472,34.29393],[134.15867,34.29832],[134.16075,34.30322],[134.15899,34.30466],[134.15887,34.30803],[134.15543,34.31062],[134.14933,34.31349],[134.13976,34.31423],[134.13711,34.31311],[134.13353,34.31434],[134.13021,34.31731],[134.12499,34.30997],[134.12652,34.30399],[134.12548,34.29862],[134.12197,34.29745],[134.12109,34.29408],[134.12223,34.29184],[134.11914,34.29032],[134.11921,34.28764],[134.11453,34.2685],[134.11246,34.26227],[134.11162,34.25444],[134.10947,34.25216],[134.11147,34.24897],[134.11044,34.24472],[134.11224,34.24003],[134.11462,34.23825],[134.11337,34.23541],[134.1112,34.23483],[134.11113,34.23183],[134.11309,34.2301],[134.11438,34.22649],[134.11214,34.22515],[134.11208,34.22175],[134.10867,34.21972],[134.10561,34.2146],[134.10693,34.21051],[134.1054,34.20947],[134.10523,34.20164],[134.10932,34.19827],[134.11042,34.19303],[134.10969,34.18338],[134.11428,34.18077],[134.11235,34.17814],[134.11815,34.17321],[134.12233,34.16745],[134.12367,34.16192],[134.12544,34.16025],[134.12821,34.15269],[134.13096,34.15091],[134.13526,34.15154]]]}},{"type":"Feature","properties":{"code":"37364","name":"香川郡直島町","pref":"香川県","pref_code":"37","cx":133.98464,"cy":34.46068,"bbox":[133.95071,34.43556,134.02384,34.51252]},"geometry":{"type":"MultiPolygon","coordinates":[[[[134.01363,34.44229],[134.00957,34.4411],[134.00781,34.44212],[134.00377,34.44014],[134.00712,34.43556],[134.01035,34.43609],[134.01427,34.4399],[134.01363,34.44229]]],[[[133.96547,34.46184],[133.96091,34.45874],[133.95885,34.46083],[133.95638,34.46056],[133.95594,34.45775],[133.95867,34.45448],[133.96133,34.45511],[133.96495,34.454],[133.96695,34.45565],[133.96547,34.46184]]],[[[134.00435,34.47318],[134.00137,34.47255],[133.99877,34.47007],[133.99985,34.46247],[134.00436,34.46203],[134.00677,34.46653],[134.00935,34.46809],[134.00874,34.47129],[134.00416,34.46918],[134.00435,34.47318]]],[[[133.9537,34.47782],[133.95071,34.47548],[133.95073,34.47346],[133.95487,34.47109],[133.95489,34.46825],[133.95884,34.46857],[133.95839,34.47166],[133.9537,34.47782]]],[[[133.99594,34.47776],[133.99263,34.47573],[133.99652,34.47265],[133.99594,34.47776]]],[[[133.96981,34.47799],[133.96577,34.47701],[133.96625,34.47164],[133.96765,34.46887],[133.9669,34.46647],[133.96992,34.46036],[133.97454,34.45739],[133.97543,34.45427],[133.97329,34.4531],[133.97628,34.44902],[133.97957,34.44941],[133.9843,34.44628],[133.98768,34.44655],[133.99112,34.4431],[133.99313,34.44622],[134.00255,34.44518],[134.00896,34.44757],[134.01174,34.45423],[134.00505,34.4528],[134.00304,34.45067],[133.99974,34.45489],[134.00095,34.45652],[133.99941,34.46101],[133.98864,34.46769],[133.98313,34.47197],[133.98233,34.47562],[133.97785,34.47535],[133.97192,34.47312],[133.96981,34.47799]]],[[[133.97234,34.48051],[133.97163,34.47477],[133.97596,34.47516],[133.97754,34.47831],[133.97371,34.47807],[133.97234,34.48051]]],[[[133.99408,34.48682],[133.98968,34.48437],[133.99018,34.4815],[133.99404,34.48282],[133.99408,34.48682]]],[[[133.97906,34.4951],[133.97719,34.49325],[133.97998,34.48819],[133.98354,34.48891],[133.98432,34.49262],[133.98107,34.49204],[133.97906,34.4951]]],[[[134.02384,34.50633],[134.01944,34.50337],[134.01899,34.49821],[134.01685,34.49651],[134.01196,34.49617],[134.01055,34.49418],[134.01106,34.48716],[134.01373,34.48668],[134.01537,34.48128],[134.01911,34.48008],[134.02071,34.48637],[134.02028,34.48922],[134.02192,34.49169],[134.02384,34.50633]]],[[[133.97363,34.51252],[133.97043,34.50912],[133.97063,34.50574],[133.9756,34.50527],[133.97394,34.50881],[133.97363,34.51252]]]]}},{"type":"Feature","properties":{"code":"37386","name":"綾歌郡宇多津町","pref":"香川県","pref_code":"37","cx":133.82485,"cy":34.30565,"bbox":[133.8063,34.28708,133.8434,34.33794]},"geometry":{"type":"MultiPolygon","coordinates":[[[[133.83639,34.28793],[133.83724,34.29037],[133.84132,34.29338],[133.8393,34.29978],[133.84015,34.30285],[133.8434,34.30659],[133.83917,34.31109],[133.83706,34.31566],[133.83154,34.31964],[133.82929,34.32347],[133.82472,34.32336],[133.81926,34.32102],[133.82069,34.31875],[133.81525,34.31732],[133.80729,34.31344],[133.8063,34.31063],[133.8074,34.30392],[133.81053,34.30086],[133.81566,34.30471],[133.82223,34.30095],[133.82351,34.29689],[133.8265,34.29531],[133.83162,34.29069],[133.83297,34.28708],[133.83639,34.28793]]],[[[133.82094,34.33794],[133.82047,34.33534],[133.8227,34.32557],[133.82768,34.32613],[133.82585,34.33751],[133.82094,34.33794]]]]}},{"type":"Feature","properties":{"code":"37387","name":"綾歌郡綾川町","pref":"香川県","pref_code":"37","cx":133.95721,"cy":34.2078,"bbox":[133.89326,34.13821,134.02823,34.27849]},"geometry":{"type":"Polygon","coordinates":[[[133.94398,34.27849],[133.94255,34.27786],[133.94095,34.27283],[133.93783,34.26892],[133.93283,34.26648],[133.93047,34.26985],[133.92327,34.26548],[133.91914,34.26567],[133.91489,34.26453],[133.91348,34.26564],[133.90541,34.26333],[133.90367,34.26406],[133.90227,34.26234],[133.90288,34.25729],[133.90069,34.25602],[133.90004,34.25262],[133.89785,34.24956],[133.89442,34.2486],[133.89326,34.24462],[133.89737,34.24503],[133.90062,34.2405],[133.89753,34.23714],[133.89897,34.23447],[133.89845,34.23136],[133.89874,34.22163],[133.89553,34.21353],[133.90068,34.20904],[133.90233,34.20445],[133.90731,34.20201],[133.90958,34.20251],[133.91213,34.20036],[133.9169,34.19989],[133.91801,34.19681],[133.92272,34.19593],[133.92437,34.19406],[133.92858,34.19274],[133.92711,34.19019],[133.93333,34.18628],[133.934,34.18123],[133.93895,34.17974],[133.9423,34.17462],[133.94694,34.17057],[133.9475,34.16179],[133.95051,34.15726],[133.95315,34.1585],[133.96171,34.15878],[133.96796,34.15695],[133.97244,34.15788],[133.97557,34.15693],[133.97816,34.15369],[133.98229,34.15488],[133.98831,34.14789],[133.98906,34.14542],[133.99377,34.14453],[133.99833,34.14654],[134.00373,34.14432],[134.00607,34.1452],[134.01007,34.14375],[134.01114,34.14062],[134.01659,34.13821],[134.01882,34.13941],[134.02458,34.13966],[134.0224,34.15217],[134.02331,34.15524],[134.02088,34.15812],[134.02192,34.16004],[134.02563,34.16106],[134.02555,34.16573],[134.02823,34.16794],[134.02773,34.17189],[134.02416,34.17439],[134.02331,34.18025],[134.025,34.18299],[134.02539,34.18778],[134.02343,34.18989],[134.01709,34.18986],[134.0152,34.20148],[134.01539,34.20466],[134.01341,34.20655],[134.01294,34.21159],[134.01016,34.21278],[134.00889,34.21685],[134.00437,34.21856],[133.99396,34.23019],[133.993,34.23546],[133.98914,34.23583],[133.9885,34.23837],[133.98515,34.24203],[133.98631,34.24766],[133.98836,34.253],[133.99014,34.25403],[133.99344,34.26025],[133.99234,34.26328],[133.98868,34.26681],[133.98773,34.26197],[133.98386,34.26613],[133.97893,34.26399],[133.97046,34.26323],[133.96578,34.26574],[133.96226,34.26617],[133.95339,34.26902],[133.95015,34.27123],[133.94515,34.27025],[133.94395,34.27198],[133.94398,34.27849]]]}},{"type":"Feature","properties":{"code":"37403","name":"仲多度郡琴平町","pref":"香川県","pref_code":"37","cx":133.82165,"cy":34.19855,"bbox":[133.80013,34.17516,133.83604,34.22269]},"geometry":{"type":"Polygon","coordinates":[[[133.80013,34.18799],[133.80705,34.18225],[133.80941,34.17846],[133.81257,34.17765],[133.81532,34.17534],[133.82226,34.17516],[133.82717,34.18212],[133.83078,34.18131],[133.83604,34.1856],[133.83319,34.18984],[133.82863,34.20032],[133.83131,34.20263],[133.82754,34.20595],[133.82274,34.20558],[133.82006,34.20775],[133.81874,34.21178],[133.82011,34.21362],[133.81406,34.22269],[133.80522,34.21989],[133.80757,34.21162],[133.8098,34.20795],[133.81307,34.19956],[133.81474,34.19753],[133.8123,34.19479],[133.80858,34.19364],[133.80013,34.18799]]]}},{"type":"Feature","properties":{"code":"37404","name":"仲多度郡多度津町","pref":"香川県","pref_code":"37","cx":133.75203,"cy":34.25862,"bbox":[133.61737,34.22997,133.77654,34.35462]},"geometry":{"type":"MultiPolygon","coordinates":[[[[133.76423,34.28439],[133.76081,34.28707],[133.75699,34.28513],[133.75828,34.28209],[133.75171,34.27873],[133.7468,34.28537],[133.7404,34.28194],[133.74381,34.27741],[133.74705,34.27725],[133.74388,34.27181],[133.74115,34.27166],[133.74008,34.27558],[133.73591,34.28105],[133.73131,34.27869],[133.73015,34.27466],[133.73107,34.27133],[133.73699,34.2652],[133.73562,34.26144],[133.73133,34.25997],[133.72699,34.25727],[133.72471,34.25458],[133.72008,34.25317],[133.71593,34.24888],[133.71319,34.24717],[133.70889,34.24087],[133.7128,34.23558],[133.71529,34.23548],[133.71977,34.22997],[133.72362,34.23102],[133.7251,34.23323],[133.72861,34.23281],[133.73543,34.23514],[133.7368,34.23945],[133.74089,34.24363],[133.74703,34.24248],[133.75041,34.23747],[133.75533,34.24048],[133.75558,34.24277],[133.75349,34.24611],[133.76452,34.2507],[133.76891,34.24691],[133.77244,34.24873],[133.77654,34.24918],[133.77388,34.25555],[133.77578,34.25666],[133.77413,34.26035],[133.77595,34.26313],[133.77246,34.26741],[133.77383,34.26808],[133.77265,34.2722],[133.76423,34.28439]]],[[[133.66433,34.32554],[133.66167,34.32403],[133.66445,34.31676],[133.67052,34.30792],[133.67323,34.30629],[133.68013,34.30582],[133.68267,34.31023],[133.68179,34.31466],[133.68013,34.31711],[133.67333,34.32046],[133.6681,34.32442],[133.66433,34.32554]]],[[[133.64658,34.33428],[133.64523,34.3368],[133.64012,34.33751],[133.63838,34.33511],[133.64098,34.33348],[133.64658,34.33428]]],[[[133.62132,34.35439],[133.61929,34.35462],[133.61737,34.35109],[133.61902,34.34518],[133.62077,34.342],[133.61996,34.33354],[133.62259,34.33092],[133.62741,34.33137],[133.62999,34.33755],[133.63172,34.33898],[133.6296,34.34265],[133.62328,34.34966],[133.62132,34.35439]]]]}},{"type":"Feature","properties":{"code":"37406","name":"仲多度郡まんのう町","pref":"香川県","pref_code":"37","cx":133.90044,"cy":34.14894,"bbox":[133.80072,34.07262,134.04988,34.22622]},"geometry":{"type":"Polygon","coordinates":[[[134.02458,34.13966],[134.01882,34.13941],[134.01659,34.13821],[134.01114,34.14062],[134.01007,34.14375],[134.00607,34.1452],[134.00373,34.14432],[133.99833,34.14654],[133.99377,34.14453],[133.98906,34.14542],[133.98831,34.14789],[133.98229,34.15488],[133.97816,34.15369],[133.97557,34.15693],[133.97244,34.15788],[133.96796,34.15695],[133.96171,34.15878],[133.95315,34.1585],[133.95051,34.15726],[133.9475,34.16179],[133.94694,34.17057],[133.9423,34.17462],[133.93895,34.17974],[133.934,34.18123],[133.93333,34.18628],[133.92711,34.19019],[133.92858,34.19274],[133.92437,34.19406],[133.92272,34.19593],[133.91801,34.19681],[133.9169,34.19989],[133.91213,34.20036],[133.90958,34.20251],[133.90731,34.20201],[133.90233,34.20445],[133.90068,34.20904],[133.89794,34.20646],[133.89323,34.2082],[133.89009,34.20635],[133.88275,34.20447],[133.8767,34.20404],[133.86866,34.20263],[133.85607,34.20368],[133.85377,34.2009],[133.85026,34.20475],[133.85104,34.20723],[133.84552,34.21246],[133.84594,34.21496],[133.84208,34.21583],[133.83248,34.22045],[133.83027,34.2191],[133.82816,34.22148],[133.8257,34.22052],[133.8218,34.2257],[133.81757,34.22622],[133.81406,34.22269],[133.82011,34.21362],[133.81874,34.21178],[133.82006,34.20775],[133.82274,34.20558],[133.82754,34.20595],[133.83131,34.20263],[133.82863,34.20032],[133.83319,34.18984],[133.83604,34.1856],[133.83078,34.18131],[133.82717,34.18212],[133.82226,34.17516],[133.81532,34.17534],[133.81257,34.17765],[133.80941,34.17846],[133.80705,34.18225],[133.80623,34.17524],[133.80353,34.17333],[133.80279,34.16996],[133.80387,34.16331],[133.80072,34.15618],[133.80254,34.15293],[133.80586,34.15414],[133.8085,34.15724],[133.81218,34.1576],[133.81104,34.15307],[133.81238,34.14998],[133.81709,34.14543],[133.81605,34.14453],[133.81633,34.13877],[133.81737,34.13788],[133.81685,34.13175],[133.81831,34.12827],[133.81574,34.12221],[133.81748,34.11853],[133.81718,34.11463],[133.82013,34.10904],[133.81837,34.10284],[133.82117,34.09684],[133.82223,34.09219],[133.82602,34.09443],[133.83065,34.09557],[133.83413,34.09774],[133.83834,34.09521],[133.84215,34.09497],[133.84949,34.09915],[133.85484,34.10416],[133.86302,34.10534],[133.86522,34.1039],[133.86708,34.10015],[133.87058,34.10143],[133.87392,34.10114],[133.88012,34.10409],[133.8849,34.10463],[133.89285,34.1082],[133.90134,34.10007],[133.9078,34.10234],[133.91156,34.10441],[133.9194,34.11225],[133.9223,34.11441],[133.93197,34.11601],[133.93977,34.11489],[133.93764,34.10818],[133.93957,34.10466],[133.94443,34.10175],[133.94342,34.09995],[133.94389,34.0945],[133.94608,34.09193],[133.94865,34.09201],[133.95648,34.0881],[133.95923,34.08592],[133.95912,34.08249],[133.96278,34.08117],[133.96905,34.08125],[133.97148,34.07783],[133.97305,34.07302],[133.97694,34.07576],[133.98402,34.07444],[133.98875,34.07487],[133.99393,34.07262],[134.0015,34.07523],[134.00219,34.08087],[134.01043,34.08677],[134.01613,34.08638],[134.02178,34.08447],[134.02626,34.08509],[134.02779,34.08743],[134.02561,34.09189],[134.02822,34.09305],[134.03125,34.09739],[134.03707,34.09877],[134.04004,34.10086],[134.0418,34.1056],[134.04223,34.11032],[134.04458,34.11376],[134.04801,34.11512],[134.04988,34.11742],[134.03607,34.12895],[134.0343,34.13475],[134.02962,34.13982],[134.02458,34.13966]]]}},{"type":"Feature","properties":{"code":"38201","name":"松山市","pref":"愛媛県","pref_code":"38","cx":132.79523,"cy":33.85331,"bbox":[132.49606,33.68736,132.9268,34.07252]},"geometry":{"type":"MultiPolygon","coordinates":[[[[132.53398,33.85275],[132.52963,33.85567],[132.52321,33.85246],[132.51816,33.85431],[132.5166,33.8512],[132.52581,33.85183],[132.52929,33.84789],[132.53005,33.84447],[132.53234,33.84454],[132.53443,33.85128],[132.53398,33.85275]]],[[[132.6389,33.89472],[132.63741,33.89251],[132.64043,33.88718],[132.64306,33.88626],[132.64584,33.88816],[132.64612,33.89077],[132.64355,33.89284],[132.6389,33.89472]]],[[[132.69121,33.92651],[132.69011,33.92296],[132.68778,33.92143],[132.6795,33.92106],[132.67963,33.9157],[132.68048,33.91366],[132.67874,33.91049],[132.67377,33.90924],[132.66898,33.9101],[132.65985,33.91031],[132.65833,33.9048],[132.6532,33.90058],[132.65723,33.89989],[132.65883,33.90244],[132.66146,33.90327],[132.66601,33.90092],[132.66888,33.89627],[132.66879,33.8941],[132.66559,33.89083],[132.66682,33.88821],[132.66487,33.88077],[132.66223,33.87688],[132.66246,33.87397],[132.6686,33.87033],[132.67048,33.87075],[132.67009,33.87429],[132.67443,33.87535],[132.67915,33.87557],[132.68261,33.87404],[132.68975,33.87584],[132.68846,33.87753],[132.68195,33.87983],[132.68009,33.88333],[132.68122,33.88485],[132.6774,33.88708],[132.67256,33.89282],[132.67404,33.90092],[132.6793,33.90332],[132.68336,33.90236],[132.68748,33.90382],[132.69294,33.90386],[132.69361,33.90553],[132.69057,33.91328],[132.69358,33.91464],[132.69512,33.91758],[132.69476,33.92109],[132.69665,33.9234],[132.70002,33.92361],[132.69867,33.9267],[132.6955,33.92528],[132.69121,33.92651]]],[[[132.54978,33.9382],[132.54768,33.93564],[132.54133,33.93542],[132.53808,33.93335],[132.53262,33.93469],[132.52592,33.93414],[132.5233,33.93676],[132.51769,33.93259],[132.51786,33.92738],[132.5211,33.92935],[132.52681,33.92626],[132.52983,33.92607],[132.53211,33.92749],[132.53572,33.92685],[132.53954,33.93051],[132.54309,33.93239],[132.55294,33.93313],[132.55446,33.93633],[132.54978,33.9382]]],[[[132.66179,33.97383],[132.6584,33.96938],[132.65228,33.96744],[132.64858,33.96098],[132.6495,33.95734],[132.65466,33.95327],[132.65668,33.95083],[132.65902,33.95234],[132.66183,33.95223],[132.66386,33.95602],[132.66758,33.95714],[132.67505,33.95318],[132.67313,33.95801],[132.67179,33.96595],[132.6725,33.97009],[132.66755,33.9711],[132.66179,33.97383]]],[[[132.76557,33.97645],[132.76259,33.97538],[132.76228,33.97282],[132.76697,33.9728],[132.76557,33.97645]]],[[[132.68958,33.97743],[132.69017,33.9743],[132.68864,33.97195],[132.68376,33.97253],[132.68325,33.96986],[132.68637,33.96793],[132.6863,33.96549],[132.69274,33.96618],[132.69774,33.96572],[132.6942,33.97091],[132.69278,33.97608],[132.68958,33.97743]]],[[[132.51252,33.99037],[132.51109,33.98822],[132.50766,33.98736],[132.50364,33.98822],[132.50032,33.98301],[132.49606,33.97932],[132.49919,33.97762],[132.50062,33.975],[132.49781,33.96996],[132.50526,33.97062],[132.50551,33.97407],[132.51323,33.97559],[132.513,33.98143],[132.51761,33.98316],[132.52015,33.9827],[132.52291,33.98634],[132.52295,33.98944],[132.51696,33.98861],[132.51252,33.99037]]],[[[132.56173,33.99419],[132.55934,33.9955],[132.55356,33.99356],[132.55079,33.98994],[132.54465,33.99187],[132.54274,33.9901],[132.53713,33.98829],[132.53416,33.98659],[132.53717,33.98324],[132.53568,33.97985],[132.53777,33.97948],[132.54064,33.97395],[132.53743,33.97054],[132.53357,33.96886],[132.53832,33.96296],[132.54122,33.96098],[132.54411,33.96869],[132.54995,33.97045],[132.54943,33.97332],[132.55416,33.97852],[132.55564,33.97855],[132.55673,33.98546],[132.56302,33.99006],[132.56471,33.99362],[132.56173,33.99419]]],[[[132.64565,34.01828],[132.64405,34.01784],[132.64558,34.01204],[132.64516,34.01034],[132.63295,34.00588],[132.63321,34.00331],[132.63056,34.00045],[132.62669,33.99989],[132.62678,33.99732],[132.62257,33.99321],[132.61903,33.99203],[132.61523,33.99197],[132.61024,33.99333],[132.60478,33.99109],[132.6069,33.98885],[132.60474,33.98401],[132.59626,33.97822],[132.59511,33.9763],[132.58727,33.9698],[132.57925,33.97014],[132.57794,33.96842],[132.58649,33.96248],[132.59119,33.9579],[132.5923,33.95554],[132.59038,33.95228],[132.60066,33.94275],[132.60374,33.94392],[132.60357,33.94819],[132.60493,33.95067],[132.60909,33.95157],[132.6099,33.95404],[132.6132,33.95654],[132.61688,33.95763],[132.6217,33.95652],[132.62449,33.9577],[132.63298,33.95383],[132.63607,33.95677],[132.64166,33.95657],[132.64167,33.95908],[132.64422,33.96092],[132.64246,33.96293],[132.64076,33.97046],[132.63443,33.97069],[132.63212,33.96958],[132.62999,33.97361],[132.63136,33.97703],[132.63597,33.97881],[132.64244,33.97889],[132.64479,33.98165],[132.64319,33.98878],[132.64064,33.99328],[132.64007,33.99813],[132.64211,34.00011],[132.64083,34.00312],[132.64196,34.00667],[132.64472,34.00622],[132.64857,34.00795],[132.64851,34.00928],[132.65193,34.01328],[132.64813,34.01507],[132.64565,34.01828]]],[[[132.92559,33.90554],[132.92395,33.9082],[132.9268,33.91398],[132.92503,33.91997],[132.92523,33.92486],[132.9244,33.93004],[132.92039,33.93346],[132.92042,33.93651],[132.91628,33.93703],[132.91406,33.93919],[132.91016,33.93963],[132.90431,33.94255],[132.90208,33.94501],[132.89574,33.94665],[132.89147,33.94965],[132.88727,33.95091],[132.88581,33.95455],[132.88678,33.95779],[132.88502,33.96111],[132.88699,33.96453],[132.88609,33.96595],[132.8883,33.97662],[132.88737,33.98021],[132.88982,33.9884],[132.88524,33.99305],[132.88067,33.99606],[132.87718,33.99643],[132.87451,33.99547],[132.86947,33.99564],[132.86534,33.99449],[132.86083,33.99624],[132.85811,33.99569],[132.85077,33.99895],[132.85013,34.00056],[132.84615,34.0032],[132.84189,34.00472],[132.83615,34.00085],[132.83414,33.99858],[132.82778,34.00199],[132.82241,34.0032],[132.82091,34.00709],[132.81773,34.01176],[132.81504,34.01259],[132.81284,34.01545],[132.80861,34.01721],[132.80849,34.01862],[132.80383,34.01298],[132.80068,34.01048],[132.79589,34.00923],[132.79196,34.00998],[132.78605,34.009],[132.78356,34.00692],[132.77719,34.00364],[132.7737,34.00022],[132.77031,33.99906],[132.76824,34.00035],[132.76559,33.99844],[132.77063,33.9966],[132.77431,33.99232],[132.7749,33.98971],[132.77401,33.98652],[132.77094,33.98244],[132.77175,33.9787],[132.76975,33.97618],[132.77163,33.96475],[132.77153,33.96115],[132.76933,33.95758],[132.76834,33.94833],[132.76567,33.94248],[132.76215,33.9367],[132.76119,33.93011],[132.75668,33.92386],[132.75771,33.91768],[132.75545,33.91402],[132.75523,33.91132],[132.74724,33.90568],[132.74017,33.90369],[132.73199,33.90284],[132.72978,33.90369],[132.72366,33.9041],[132.71072,33.90668],[132.70938,33.90338],[132.70954,33.89992],[132.70704,33.89568],[132.70476,33.88909],[132.70059,33.88595],[132.70108,33.88074],[132.69847,33.87875],[132.69995,33.87671],[132.70466,33.87625],[132.70755,33.87447],[132.70973,33.87055],[132.71082,33.8656],[132.70868,33.86547],[132.70987,33.86173],[132.71253,33.85881],[132.71026,33.85652],[132.7104,33.85408],[132.70576,33.85253],[132.69616,33.85201],[132.69549,33.84836],[132.69991,33.84608],[132.70096,33.84245],[132.70079,33.83881],[132.69474,33.83973],[132.69426,33.83397],[132.69018,33.83689],[132.68733,33.83412],[132.69209,33.82978],[132.69014,33.82616],[132.69289,33.8242],[132.68904,33.81795],[132.69297,33.81688],[132.69262,33.81384],[132.69513,33.81294],[132.69398,33.81027],[132.69123,33.81147],[132.68965,33.80916],[132.68463,33.81343],[132.68344,33.80847],[132.68573,33.80752],[132.68578,33.80499],[132.70569,33.80552],[132.71115,33.80757],[132.71945,33.80828],[132.72754,33.80528],[132.74913,33.80545],[132.75344,33.80452],[132.75991,33.80189],[132.77065,33.79568],[132.78234,33.78996],[132.78591,33.78762],[132.79006,33.78651],[132.79912,33.78604],[132.8027,33.7821],[132.79657,33.77818],[132.79699,33.7697],[132.7945,33.76803],[132.79455,33.76489],[132.79741,33.76242],[132.79878,33.75568],[132.80499,33.75332],[132.80718,33.74874],[132.80674,33.74208],[132.81192,33.73786],[132.8136,33.73529],[132.81745,33.73256],[132.81833,33.72511],[132.82306,33.72242],[132.82561,33.71547],[132.82229,33.71239],[132.82141,33.70783],[132.82447,33.7036],[132.82359,33.7006],[132.82464,33.69849],[132.82392,33.69471],[132.82653,33.69346],[132.83195,33.68736],[132.83639,33.68879],[132.8487,33.68875],[132.85329,33.6917],[132.85369,33.6947],[132.85245,33.69821],[132.8564,33.70409],[132.86154,33.70659],[132.8616,33.70882],[132.86508,33.71121],[132.8715,33.71311],[132.87093,33.71732],[132.87305,33.72633],[132.87578,33.72907],[132.8736,33.73258],[132.871,33.73372],[132.86544,33.73927],[132.86579,33.74153],[132.8624,33.74526],[132.86107,33.74902],[132.85549,33.75048],[132.853,33.7564],[132.84721,33.758],[132.84835,33.76321],[132.84299,33.77143],[132.83947,33.77456],[132.8373,33.77517],[132.83642,33.77854],[132.84045,33.78046],[132.84045,33.78258],[132.82837,33.78501],[132.82478,33.78516],[132.82479,33.78905],[132.82999,33.79184],[132.83005,33.79523],[132.8224,33.79669],[132.82381,33.7992],[132.83129,33.79877],[132.83245,33.79619],[132.84122,33.79673],[132.84749,33.7985],[132.84731,33.80006],[132.86005,33.80546],[132.86511,33.80653],[132.86634,33.81338],[132.86911,33.81513],[132.86985,33.81901],[132.86852,33.82391],[132.87276,33.82586],[132.87508,33.83398],[132.88031,33.84084],[132.88294,33.84607],[132.88447,33.84735],[132.88197,33.85444],[132.8798,33.85585],[132.87594,33.86369],[132.87715,33.86472],[132.87893,33.86998],[132.88161,33.87174],[132.88029,33.87506],[132.88513,33.88128],[132.88709,33.88153],[132.89128,33.88494],[132.89415,33.88583],[132.89738,33.88847],[132.90102,33.89001],[132.9063,33.88916],[132.90812,33.89114],[132.91045,33.8908],[132.91444,33.89377],[132.91775,33.894],[132.9209,33.8974],[132.92003,33.9001],[132.92559,33.90554]]],[[[132.59587,34.03142],[132.59022,34.02898],[132.58702,34.02614],[132.58903,34.02476],[132.59425,34.02646],[132.59587,34.03142]]],[[[132.71027,34.07252],[132.70522,34.07236],[132.70249,34.06819],[132.70793,34.07014],[132.71027,34.07252]]]]}},{"type":"Feature","properties":{"code":"38202","name":"今治市","pref":"愛媛県","pref_code":"38","cx":132.93034,"cy":34.02239,"bbox":[132.80849,33.90191,133.19139,34.29968]},"geometry":{"type":"MultiPolygon","coordinates":[[[[133.09892,34.02425],[133.09694,34.02438],[133.09098,34.02226],[133.09419,34.01957],[133.09635,34.02003],[133.09892,34.02425]]],[[[133.0967,34.06124],[133.09653,34.05786],[133.10213,34.05865],[133.0967,34.06124]]],[[[133.1813,34.11191],[133.17942,34.11087],[133.17868,34.10681],[133.18258,34.10343],[133.18788,34.10276],[133.18815,34.10556],[133.19139,34.10669],[133.18962,34.10942],[133.18735,34.10797],[133.1851,34.10928],[133.18467,34.11167],[133.1813,34.11191]]],[[[132.99362,34.12202],[132.99023,34.1186],[132.99154,34.11296],[132.99489,34.11406],[132.99587,34.11847],[132.99362,34.12202]]],[[[133.19136,34.12336],[133.1866,34.12312],[133.1835,34.12194],[133.18136,34.11942],[133.18114,34.11582],[133.18607,34.11591],[133.18774,34.11708],[133.18618,34.11985],[133.19136,34.12336]]],[[[133.00671,34.12346],[133.00977,34.12044],[133.01139,34.12198],[133.00671,34.12346]]],[[[133.15946,34.12418],[133.15609,34.12409],[133.15553,34.12138],[133.15872,34.11911],[133.16081,34.12263],[133.15946,34.12418]]],[[[132.98181,34.12891],[132.97605,34.12722],[132.97546,34.12509],[132.97755,34.12291],[132.9806,34.12313],[132.98336,34.12548],[132.98398,34.1284],[132.98181,34.12891]]],[[[132.92559,33.90554],[132.92771,33.90594],[132.93278,33.90254],[132.93691,33.90191],[132.93878,33.90527],[132.94152,33.90684],[132.94994,33.90804],[132.95186,33.90608],[132.95746,33.9059],[132.96006,33.90266],[132.96541,33.90677],[132.9706,33.90516],[132.97327,33.90652],[132.97365,33.91012],[132.97562,33.91106],[132.97508,33.9196],[132.9735,33.92304],[132.97553,33.92565],[132.97588,33.92978],[132.97499,33.93542],[132.97709,33.93603],[132.97882,33.94067],[132.97731,33.94507],[132.97863,33.94836],[132.9838,33.95102],[132.98701,33.95388],[132.98681,33.95527],[132.99094,33.95695],[132.99688,33.95557],[133.00548,33.95793],[133.00776,33.95475],[133.01301,33.9577],[133.01563,33.95742],[133.01773,33.9616],[133.02313,33.96081],[133.02387,33.96256],[133.02954,33.96074],[133.03383,33.96051],[133.03768,33.96648],[133.04079,33.96781],[133.03889,33.97131],[133.03952,33.97563],[133.04136,33.9776],[133.05047,33.98006],[133.05202,33.98144],[133.06659,33.98267],[133.06181,33.98926],[133.05896,33.99478],[133.05999,33.99648],[133.05196,34.00696],[133.04971,34.01056],[133.04783,34.0159],[133.0434,34.02363],[133.04305,34.02537],[133.03808,34.03248],[133.0367,34.03563],[133.0373,34.03812],[133.03142,34.04376],[133.02995,34.04611],[133.03427,34.04904],[133.03151,34.05296],[133.02529,34.04996],[133.0228,34.06259],[133.01943,34.06114],[133.01869,34.06383],[133.01272,34.06724],[133.00875,34.06718],[133.00679,34.06591],[133.00398,34.07131],[133.00134,34.07345],[132.99538,34.08162],[132.99185,34.09097],[132.98807,34.09564],[132.98469,34.09761],[132.98238,34.10293],[132.9803,34.1036],[132.98152,34.10768],[132.9787,34.11241],[132.97736,34.11639],[132.973,34.11521],[132.97245,34.11164],[132.96921,34.10958],[132.96771,34.11439],[132.96535,34.11878],[132.96093,34.1214],[132.95739,34.12146],[132.95313,34.12387],[132.95329,34.12687],[132.94922,34.12908],[132.94791,34.13427],[132.94574,34.136],[132.94637,34.13792],[132.94302,34.13962],[132.94159,34.14204],[132.93907,34.13774],[132.93805,34.13168],[132.93534,34.12549],[132.93266,34.12557],[132.93065,34.12313],[132.92829,34.12334],[132.92579,34.11982],[132.9259,34.11762],[132.92369,34.11605],[132.91925,34.11667],[132.9171,34.11795],[132.91618,34.12059],[132.90977,34.11904],[132.90655,34.12072],[132.90374,34.11954],[132.90014,34.12118],[132.89656,34.12068],[132.89465,34.11817],[132.89686,34.11476],[132.8953,34.11152],[132.89926,34.10988],[132.90312,34.11326],[132.90687,34.11343],[132.90965,34.11195],[132.91343,34.11284],[132.91628,34.11103],[132.92033,34.11188],[132.92624,34.10942],[132.92954,34.09984],[132.9285,34.09821],[132.93144,34.09429],[132.93024,34.08837],[132.92763,34.08719],[132.9203,34.08712],[132.92304,34.08066],[132.92219,34.07457],[132.91874,34.06633],[132.91637,34.06356],[132.91176,34.06248],[132.90901,34.06422],[132.89884,34.06666],[132.89231,34.06187],[132.88973,34.06165],[132.88577,34.05862],[132.87994,34.05848],[132.87529,34.05698],[132.86869,34.05648],[132.86872,34.05837],[132.86509,34.05922],[132.8574,34.0547],[132.85542,34.04602],[132.84998,34.04613],[132.84875,34.04428],[132.84364,34.0433],[132.84029,34.04012],[132.83739,34.03353],[132.83318,34.03255],[132.83052,34.03355],[132.82839,34.02971],[132.82429,34.0267],[132.81844,34.02501],[132.81567,34.02116],[132.81097,34.01885],[132.80849,34.01862],[132.80861,34.01721],[132.81284,34.01545],[132.81504,34.01259],[132.81773,34.01176],[132.82091,34.00709],[132.82241,34.0032],[132.82778,34.00199],[132.83414,33.99858],[132.83615,34.00085],[132.84189,34.00472],[132.84615,34.0032],[132.85013,34.00056],[132.85077,33.99895],[132.85811,33.99569],[132.86083,33.99624],[132.86534,33.99449],[132.86947,33.99564],[132.87451,33.99547],[132.87718,33.99643],[132.88067,33.99606],[132.88524,33.99305],[132.88982,33.9884],[132.88737,33.98021],[132.8883,33.97662],[132.88609,33.96595],[132.88699,33.96453],[132.88502,33.96111],[132.88678,33.95779],[132.88581,33.95455],[132.88727,33.95091],[132.89147,33.94965],[132.89574,33.94665],[132.90208,33.94501],[132.90431,33.94255],[132.91016,33.93963],[132.91406,33.93919],[132.91628,33.93703],[132.92042,33.93651],[132.92039,33.93346],[132.9244,33.93004],[132.92523,33.92486],[132.92503,33.91997],[132.9268,33.91398],[132.92395,33.9082],[132.92559,33.90554]]],[[[132.99788,34.15864],[132.99534,34.15657],[132.99224,34.15631],[132.99001,34.15421],[132.98998,34.15125],[132.99195,34.14953],[132.99646,34.14989],[133.00051,34.1482],[133.00297,34.14869],[133.00647,34.1469],[133.00941,34.14807],[133.01094,34.15286],[133.00857,34.15421],[133.00362,34.15396],[133.0018,34.15663],[132.99788,34.15864]]],[[[132.94262,34.19086],[132.93739,34.18979],[132.93843,34.18784],[132.94196,34.18856],[132.94262,34.19086]]],[[[132.90511,34.19425],[132.90161,34.19342],[132.89993,34.1913],[132.89599,34.18937],[132.89609,34.18729],[132.89849,34.18547],[132.90324,34.18648],[132.90714,34.18896],[132.90807,34.19227],[132.90511,34.19425]]],[[[133.08834,34.19487],[133.08708,34.19141],[133.08399,34.18844],[133.08253,34.18562],[133.0854,34.18161],[133.08874,34.183],[133.08977,34.18564],[133.09343,34.18777],[133.09429,34.19189],[133.09069,34.19188],[133.08834,34.19487]]],[[[133.03703,34.19529],[133.03205,34.19317],[133.03024,34.19336],[133.02757,34.18529],[133.02329,34.18436],[133.02186,34.18304],[133.02081,34.17819],[133.02282,34.17529],[133.02514,34.17503],[133.02635,34.17256],[133.03374,34.17187],[133.03555,34.16954],[133.03582,34.16448],[133.04005,34.15974],[133.04068,34.15724],[133.03963,34.15335],[133.04104,34.14996],[133.03901,34.14885],[133.03693,34.15238],[133.03348,34.15103],[133.03111,34.1564],[133.02639,34.15785],[133.02453,34.15411],[133.02424,34.14917],[133.02065,34.14518],[133.01515,34.14181],[133.01874,34.1392],[133.01928,34.1354],[133.01765,34.12695],[133.02068,34.12818],[133.02243,34.12664],[133.02157,34.12056],[133.02007,34.11842],[133.01539,34.11695],[133.013,34.11391],[133.01273,34.11082],[133.02416,34.10873],[133.02955,34.11013],[133.03297,34.10786],[133.0351,34.10772],[133.03745,34.11296],[133.04275,34.11317],[133.04558,34.12046],[133.04844,34.12198],[133.05372,34.12301],[133.05553,34.12455],[133.05644,34.12775],[133.0587,34.12946],[133.06105,34.13445],[133.06833,34.13679],[133.07364,34.14208],[133.07506,34.14207],[133.07904,34.14525],[133.08054,34.15043],[133.08279,34.15379],[133.08472,34.15393],[133.08681,34.15726],[133.09101,34.15741],[133.0968,34.15906],[133.10147,34.1591],[133.10227,34.16268],[133.1058,34.1636],[133.10791,34.1659],[133.10797,34.16897],[133.11059,34.16955],[133.11013,34.17194],[133.11109,34.17696],[133.10689,34.17442],[133.10404,34.17397],[133.09898,34.17498],[133.09266,34.17354],[133.09049,34.17023],[133.08329,34.16942],[133.07865,34.17257],[133.07614,34.17695],[133.07691,34.18121],[133.07572,34.18622],[133.06855,34.19173],[133.06505,34.1913],[133.05711,34.19204],[133.05458,34.19176],[133.05092,34.19308],[133.04023,34.19413],[133.03703,34.19529]]],[[[132.87318,34.19737],[132.86979,34.19388],[132.86345,34.19451],[132.86142,34.19325],[132.86387,34.19025],[132.87004,34.18612],[132.87103,34.18363],[132.87464,34.18087],[132.87549,34.17878],[132.87931,34.17698],[132.88351,34.18149],[132.88456,34.18481],[132.89199,34.18381],[132.89402,34.19051],[132.89045,34.19257],[132.88221,34.19108],[132.87551,34.19447],[132.87318,34.19737]]],[[[132.92385,34.20207],[132.92083,34.20099],[132.91919,34.1987],[132.91941,34.19356],[132.92161,34.19122],[132.92226,34.18782],[132.91822,34.18686],[132.9218,34.18412],[132.9263,34.18441],[132.92978,34.18268],[132.93359,34.18308],[132.93426,34.18495],[132.93064,34.18894],[132.92886,34.19535],[132.92385,34.20207]]],[[[132.93649,34.20558],[132.93491,34.2026],[132.93067,34.20092],[132.93234,34.199],[132.9372,34.20032],[132.93834,34.20342],[132.93649,34.20558]]],[[[133.10782,34.24167],[133.10159,34.23547],[133.09348,34.23816],[133.08764,34.23316],[133.08207,34.23062],[133.0788,34.23004],[133.07347,34.23125],[133.06899,34.23592],[133.06458,34.23522],[133.06151,34.23264],[133.05916,34.22853],[133.05928,34.22664],[133.06252,34.22209],[133.06645,34.22085],[133.06587,34.21686],[133.06107,34.21547],[133.05727,34.2154],[133.05401,34.21222],[133.05573,34.20937],[133.05978,34.20646],[133.06341,34.20836],[133.07007,34.20883],[133.07522,34.20198],[133.07754,34.19558],[133.08128,34.19293],[133.08316,34.19365],[133.08975,34.19941],[133.09102,34.20139],[133.09532,34.20441],[133.09845,34.20439],[133.10121,34.2027],[133.10163,34.19971],[133.10415,34.19932],[133.10505,34.19456],[133.11106,34.19124],[133.11387,34.19438],[133.11842,34.19528],[133.12368,34.19408],[133.12617,34.19546],[133.12564,34.19929],[133.12306,34.20073],[133.12235,34.20298],[133.11912,34.20295],[133.11978,34.20642],[133.12434,34.20731],[133.12552,34.2096],[133.13141,34.21261],[133.13855,34.21188],[133.13733,34.21503],[133.12778,34.21638],[133.11829,34.2165],[133.11813,34.21851],[133.11344,34.21827],[133.10874,34.22245],[133.10833,34.2259],[133.11011,34.22736],[133.1068,34.22996],[133.1068,34.23181],[133.11091,34.23387],[133.10828,34.23783],[133.10782,34.24167]]],[[[132.94982,34.24942],[132.94779,34.24413],[132.94908,34.24185],[132.95272,34.24338],[132.9553,34.24245],[132.95747,34.24419],[132.9551,34.24747],[132.95107,34.24802],[132.94982,34.24942]]],[[[133.01152,34.29968],[133.01102,34.29853],[133.00607,34.29712],[132.99926,34.29054],[132.99519,34.28911],[132.98606,34.29114],[132.9841,34.29049],[132.98073,34.28666],[132.98201,34.28217],[132.98381,34.2819],[132.98645,34.27482],[132.98472,34.26972],[132.98114,34.26874],[132.97823,34.27137],[132.97578,34.27039],[132.97046,34.27036],[132.96699,34.26571],[132.96492,34.26413],[132.96513,34.26176],[132.96717,34.25942],[132.97155,34.25799],[132.975,34.25866],[132.97817,34.26112],[132.98157,34.26112],[132.9868,34.26339],[132.98988,34.26204],[132.99254,34.25727],[132.98907,34.25261],[132.99205,34.25149],[132.99532,34.24712],[132.98716,34.24803],[132.98776,34.24625],[132.99357,34.24533],[132.99436,34.24283],[132.99144,34.23907],[132.99234,34.23692],[132.99058,34.22498],[132.98936,34.22333],[132.98506,34.22439],[132.98195,34.2242],[132.98035,34.227],[132.97451,34.22622],[132.96939,34.22796],[132.96485,34.2271],[132.96287,34.22273],[132.95683,34.22408],[132.953,34.22108],[132.95246,34.21707],[132.94994,34.2158],[132.94663,34.20944],[132.94369,34.2088],[132.94173,34.2038],[132.94404,34.20344],[132.94768,34.20536],[132.95022,34.20465],[132.94892,34.20157],[132.95133,34.19761],[132.94861,34.19426],[132.95149,34.19294],[132.95463,34.19406],[132.95866,34.19216],[132.96926,34.19378],[132.97049,34.19474],[132.97916,34.19776],[132.98229,34.20002],[132.98815,34.20018],[132.99283,34.20189],[132.9957,34.20474],[132.99614,34.20686],[133.00047,34.20933],[133.00786,34.21057],[133.02026,34.21115],[133.02996,34.20851],[133.03247,34.2085],[133.04112,34.21115],[133.04546,34.21478],[133.05013,34.21415],[133.05729,34.21853],[133.05854,34.22067],[133.05238,34.22722],[133.05382,34.23295],[133.05327,34.2369],[133.05178,34.23982],[133.05473,34.24799],[133.05393,34.25314],[133.05728,34.25826],[133.04817,34.25903],[133.04921,34.26053],[133.04484,34.26229],[133.0417,34.26932],[133.04016,34.27014],[133.03618,34.27692],[133.03639,34.27884],[133.03414,34.28278],[133.03532,34.28502],[133.03425,34.28743],[133.03177,34.28879],[133.02937,34.29283],[133.02595,34.29506],[133.01971,34.29645],[133.01152,34.29968]]]]}},{"type":"Feature","properties":{"code":"38203","name":"宇和島市","pref":"愛媛県","pref_code":"38","cx":132.56432,"cy":33.17999,"bbox":[132.26305,33.02266,132.67342,33.33777]},"geometry":{"type":"MultiPolygon","coordinates":[[[[132.33247,33.10961],[132.32763,33.10907],[132.32375,33.10738],[132.32075,33.10819],[132.3187,33.10699],[132.31806,33.10208],[132.32512,33.1025],[132.33099,33.1053],[132.333,33.1046],[132.33693,33.10638],[132.33557,33.10911],[132.33247,33.10961]]],[[[132.42217,33.1138],[132.4116,33.1104],[132.41024,33.10735],[132.40817,33.10629],[132.41348,33.10261],[132.41644,33.10531],[132.41568,33.10797],[132.41674,33.11135],[132.42056,33.11152],[132.42217,33.1138]]],[[[132.3389,33.16152],[132.32943,33.15694],[132.33125,33.15518],[132.3352,33.15817],[132.34197,33.15966],[132.3389,33.16152]]],[[[132.30895,33.16385],[132.30482,33.15958],[132.29705,33.16005],[132.29556,33.15815],[132.28956,33.16151],[132.29039,33.15693],[132.2929,33.15432],[132.2987,33.15414],[132.30163,33.15252],[132.30334,33.14976],[132.3117,33.14842],[132.31477,33.15099],[132.30705,33.15156],[132.30545,33.15286],[132.30489,33.15658],[132.30734,33.1604],[132.31058,33.16185],[132.30895,33.16385]]],[[[132.39709,33.16758],[132.39376,33.16565],[132.39566,33.16209],[132.39823,33.16553],[132.39709,33.16758]]],[[[132.40337,33.18343],[132.39894,33.18232],[132.40015,33.18019],[132.40422,33.1816],[132.40337,33.18343]]],[[[132.26339,33.18467],[132.26433,33.17989],[132.26305,33.1734],[132.26451,33.17268],[132.26613,33.16832],[132.27398,33.16982],[132.27903,33.17],[132.28236,33.1693],[132.28991,33.1629],[132.28923,33.16628],[132.29307,33.16958],[132.29403,33.17562],[132.2955,33.1784],[132.28971,33.17754],[132.28977,33.17594],[132.28426,33.17366],[132.28192,33.1765],[132.27982,33.17509],[132.27973,33.17271],[132.27702,33.17127],[132.27171,33.17724],[132.2698,33.1773],[132.26855,33.17302],[132.26567,33.17406],[132.26699,33.18007],[132.26604,33.18369],[132.26339,33.18467]]],[[[132.36841,33.18732],[132.36626,33.18607],[132.3693,33.18334],[132.37446,33.1838],[132.3726,33.18599],[132.36841,33.18732]]],[[[132.37506,33.22163],[132.37777,33.21882],[132.37703,33.2172],[132.36841,33.21371],[132.36511,33.21112],[132.36525,33.20764],[132.35938,33.20542],[132.3557,33.20474],[132.35246,33.20772],[132.3471,33.20659],[132.35405,33.20399],[132.35754,33.19973],[132.35668,33.19435],[132.35885,33.19318],[132.35766,33.18915],[132.36373,33.18783],[132.36524,33.18948],[132.36067,33.19392],[132.3603,33.19639],[132.36272,33.19894],[132.36093,33.20218],[132.36358,33.2038],[132.36822,33.20442],[132.37561,33.20833],[132.38035,33.20823],[132.38267,33.20938],[132.38273,33.21164],[132.37999,33.21507],[132.38017,33.2181],[132.37506,33.22163]]],[[[132.3619,33.23202],[132.3601,33.23162],[132.35982,33.22794],[132.36087,33.22513],[132.36419,33.22383],[132.3619,33.23202]]],[[[132.51775,33.24116],[132.51477,33.23571],[132.51148,33.23194],[132.50827,33.23075],[132.50748,33.22905],[132.51116,33.22747],[132.5108,33.22546],[132.51427,33.2247],[132.52017,33.2179],[132.52267,33.21961],[132.52246,33.22141],[132.52547,33.22269],[132.52956,33.22274],[132.53389,33.22448],[132.53439,33.2277],[132.52973,33.23336],[132.52814,33.23415],[132.52624,33.23848],[132.52293,33.23793],[132.51775,33.24116]]],[[[132.65693,33.33234],[132.64825,33.32977],[132.64376,33.32728],[132.63432,33.32879],[132.6323,33.33056],[132.62806,33.33104],[132.62186,33.3301],[132.61325,33.33052],[132.6096,33.33175],[132.60375,33.33061],[132.60114,33.32669],[132.58278,33.32712],[132.57602,33.32952],[132.57109,33.32854],[132.56949,33.32633],[132.56336,33.32651],[132.55373,33.32436],[132.54622,33.32696],[132.54234,33.32693],[132.53568,33.3283],[132.53363,33.33057],[132.52702,33.33427],[132.5257,33.33585],[132.52172,33.33622],[132.5197,33.33777],[132.51353,33.3348],[132.50716,33.33483],[132.50713,33.32998],[132.50281,33.32801],[132.50155,33.32634],[132.50042,33.31856],[132.49784,33.31521],[132.49824,33.31183],[132.5041,33.31465],[132.50464,33.31666],[132.51211,33.3189],[132.5205,33.31536],[132.52237,33.31584],[132.52651,33.31278],[132.52791,33.31054],[132.52816,33.30658],[132.52416,33.30419],[132.51677,33.30492],[132.51234,33.30437],[132.50839,33.30608],[132.50592,33.30412],[132.50544,33.30099],[132.49829,33.29861],[132.49329,33.29579],[132.48941,33.29459],[132.48824,33.29192],[132.48308,33.28963],[132.48172,33.28619],[132.4838,33.2822],[132.47959,33.27997],[132.47747,33.27524],[132.47486,33.27511],[132.47281,33.27218],[132.47521,33.26815],[132.47445,33.2653],[132.47091,33.26101],[132.46969,33.2572],[132.47356,33.25492],[132.47513,33.2566],[132.47469,33.26077],[132.47694,33.26329],[132.48054,33.26342],[132.48401,33.26628],[132.48336,33.26774],[132.47935,33.26754],[132.47574,33.26984],[132.47884,33.27226],[132.48138,33.27271],[132.48292,33.27487],[132.487,33.27405],[132.4889,33.26935],[132.49104,33.26889],[132.49374,33.27108],[132.50095,33.27014],[132.50377,33.26803],[132.50332,33.26251],[132.50667,33.25966],[132.50937,33.25918],[132.51541,33.26005],[132.51365,33.26391],[132.51678,33.26558],[132.5192,33.26168],[132.52186,33.2615],[132.52653,33.26357],[132.52997,33.26355],[132.53478,33.26504],[132.53881,33.26761],[132.53815,33.27074],[132.54287,33.27037],[132.54121,33.26395],[132.5428,33.2621],[132.5409,33.25866],[132.53694,33.25615],[132.53292,33.25477],[132.52328,33.25291],[132.52001,33.24974],[132.52313,33.24507],[132.53071,33.24565],[132.53412,33.24215],[132.53881,33.23511],[132.55005,33.23391],[132.55135,33.23026],[132.55128,33.22574],[132.5544,33.2223],[132.55754,33.22224],[132.55769,33.22019],[132.55331,33.21906],[132.55133,33.22187],[132.54621,33.22236],[132.54328,33.22627],[132.53948,33.22693],[132.53868,33.22266],[132.54158,33.21965],[132.54118,33.21658],[132.53927,33.21607],[132.53416,33.21723],[132.52723,33.21391],[132.5222,33.21454],[132.51794,33.21306],[132.51189,33.21325],[132.509,33.20678],[132.50583,33.20532],[132.50358,33.20272],[132.49996,33.20437],[132.49926,33.20253],[132.50469,33.20128],[132.50551,33.19665],[132.49036,33.19508],[132.49261,33.19321],[132.50026,33.19055],[132.50678,33.19456],[132.50824,33.19178],[132.50495,33.19103],[132.50428,33.18799],[132.50801,33.18879],[132.51063,33.18554],[132.50906,33.17944],[132.50976,33.17598],[132.5149,33.17245],[132.50129,33.17013],[132.50451,33.1752],[132.50255,33.17733],[132.5047,33.17973],[132.50277,33.18102],[132.49885,33.18025],[132.4987,33.1837],[132.49472,33.18256],[132.49676,33.17745],[132.49515,33.17382],[132.49674,33.17129],[132.49141,33.16851],[132.48947,33.16495],[132.48675,33.16443],[132.48127,33.16699],[132.47716,33.1698],[132.48384,33.17478],[132.48032,33.17539],[132.4835,33.18088],[132.48272,33.18587],[132.47943,33.18261],[132.47592,33.18369],[132.47598,33.18074],[132.4702,33.17642],[132.46932,33.17959],[132.4657,33.17748],[132.46514,33.18215],[132.46248,33.18154],[132.45823,33.18435],[132.4575,33.19073],[132.45593,33.19175],[132.45533,33.19535],[132.4573,33.19688],[132.45872,33.20243],[132.45633,33.2016],[132.45458,33.20368],[132.45629,33.20611],[132.45957,33.20787],[132.45856,33.21071],[132.4553,33.20938],[132.45345,33.20548],[132.45096,33.20517],[132.45111,33.20238],[132.44422,33.20109],[132.4443,33.20396],[132.43984,33.20414],[132.43651,33.20585],[132.43372,33.20974],[132.43071,33.20832],[132.42729,33.20887],[132.42269,33.21097],[132.42187,33.21401],[132.4179,33.20944],[132.4117,33.20652],[132.40151,33.2064],[132.40017,33.20547],[132.39523,33.20629],[132.39307,33.20491],[132.39411,33.20232],[132.38946,33.19805],[132.39097,33.19721],[132.39591,33.19754],[132.39871,33.19502],[132.39684,33.18871],[132.39562,33.18718],[132.40101,33.18469],[132.40357,33.18744],[132.40732,33.18946],[132.41515,33.19041],[132.41778,33.19728],[132.41357,33.19708],[132.41022,33.19575],[132.40667,33.19637],[132.40759,33.19867],[132.40485,33.19983],[132.4036,33.20537],[132.41023,33.20504],[132.41464,33.20402],[132.42014,33.20845],[132.42259,33.20855],[132.42505,33.20542],[132.42939,33.20457],[132.43113,33.20312],[132.43091,33.20024],[132.43479,33.19825],[132.43872,33.19331],[132.4371,33.19031],[132.43912,33.18797],[132.44792,33.1919],[132.44698,33.18869],[132.4471,33.18467],[132.45079,33.18353],[132.45764,33.17905],[132.45819,33.17569],[132.46411,33.17037],[132.45678,33.16839],[132.45602,33.17131],[132.45027,33.17183],[132.44596,33.1706],[132.44215,33.16795],[132.43653,33.16966],[132.43488,33.16802],[132.4356,33.16575],[132.43337,33.16454],[132.434,33.1584],[132.43083,33.15714],[132.42635,33.15845],[132.42526,33.15528],[132.43604,33.15158],[132.44299,33.14864],[132.44414,33.14674],[132.44315,33.14024],[132.44207,33.1379],[132.44688,33.1348],[132.44887,33.13494],[132.45189,33.13176],[132.45524,33.13502],[132.45497,33.13862],[132.45275,33.14015],[132.45361,33.14251],[132.45818,33.14033],[132.45935,33.13771],[132.46339,33.13831],[132.46727,33.14115],[132.47135,33.13948],[132.4735,33.13568],[132.47635,33.13493],[132.47775,33.13679],[132.47812,33.14192],[132.48216,33.13841],[132.48675,33.13679],[132.49327,33.13796],[132.50031,33.13711],[132.50076,33.13543],[132.49756,33.13191],[132.4977,33.12847],[132.49984,33.1272],[132.49916,33.12038],[132.49613,33.1218],[132.49148,33.12023],[132.48935,33.12142],[132.48853,33.12421],[132.48366,33.1247],[132.48331,33.12049],[132.48082,33.11968],[132.47395,33.12106],[132.46989,33.12266],[132.46903,33.12621],[132.46612,33.12585],[132.46245,33.12695],[132.4591,33.12493],[132.45492,33.12439],[132.4576,33.12138],[132.45988,33.1227],[132.46224,33.12151],[132.46413,33.11834],[132.46747,33.11745],[132.4679,33.11425],[132.4662,33.11199],[132.47514,33.10706],[132.47451,33.1034],[132.47212,33.10263],[132.47092,33.09938],[132.47419,33.0972],[132.47965,33.09881],[132.4799,33.09565],[132.47601,33.09309],[132.47354,33.09292],[132.46842,33.08973],[132.46444,33.09087],[132.46394,33.08855],[132.46124,33.08621],[132.46468,33.08502],[132.46711,33.08631],[132.47035,33.0836],[132.47039,33.08045],[132.46528,33.07718],[132.47,33.07606],[132.47105,33.0713],[132.47473,33.0732],[132.47248,33.07596],[132.47507,33.07878],[132.47285,33.08222],[132.47651,33.08313],[132.47828,33.08154],[132.47854,33.07813],[132.48132,33.07651],[132.48621,33.07609],[132.4817,33.07281],[132.48161,33.06996],[132.48395,33.06743],[132.48677,33.06744],[132.48844,33.06467],[132.48368,33.06423],[132.48235,33.06102],[132.4842,33.05688],[132.47961,33.05656],[132.47807,33.06482],[132.47239,33.06021],[132.46929,33.06152],[132.4664,33.06101],[132.4621,33.06265],[132.45722,33.05847],[132.45655,33.05685],[132.44868,33.05544],[132.44724,33.05862],[132.44916,33.06103],[132.44738,33.06246],[132.44714,33.06548],[132.44444,33.06507],[132.44286,33.06059],[132.44395,33.05718],[132.43754,33.05488],[132.43218,33.05427],[132.4326,33.05625],[132.42822,33.05675],[132.42589,33.05843],[132.42834,33.06111],[132.42762,33.06488],[132.42492,33.06729],[132.41936,33.06465],[132.41288,33.06312],[132.41275,33.06719],[132.41581,33.07194],[132.41357,33.07232],[132.40591,33.06955],[132.40534,33.0608],[132.40238,33.05877],[132.39719,33.05729],[132.39795,33.0543],[132.40352,33.05142],[132.40493,33.04739],[132.40299,33.03982],[132.40129,33.03878],[132.39812,33.04078],[132.39519,33.03877],[132.39838,33.03623],[132.39807,33.03286],[132.39612,33.02835],[132.39193,33.02597],[132.38615,33.02586],[132.37859,33.02288],[132.39334,33.02266],[132.39713,33.02527],[132.39945,33.02896],[132.4005,33.03515],[132.40517,33.03943],[132.40612,33.04423],[132.40526,33.05125],[132.40395,33.05248],[132.40334,33.05628],[132.41005,33.06016],[132.41513,33.0608],[132.42227,33.05988],[132.42335,33.05716],[132.43403,33.05215],[132.44066,33.05378],[132.45154,33.05152],[132.45771,33.05287],[132.45965,33.05257],[132.46286,33.05544],[132.47016,33.0555],[132.47433,33.05315],[132.47844,33.05231],[132.48122,33.05302],[132.48863,33.04842],[132.49391,33.04444],[132.49879,33.0441],[132.50347,33.04237],[132.50662,33.03898],[132.51275,33.04111],[132.51542,33.04055],[132.51916,33.04146],[132.52411,33.03833],[132.52866,33.03889],[132.53351,33.03559],[132.5407,33.03982],[132.54249,33.04238],[132.54509,33.04328],[132.551,33.042],[132.55683,33.04183],[132.56328,33.04001],[132.56675,33.0402],[132.57648,33.04281],[132.57681,33.04544],[132.57878,33.04758],[132.58256,33.04654],[132.58645,33.04759],[132.5904,33.05056],[132.59521,33.05136],[132.59771,33.05472],[132.60363,33.0538],[132.60713,33.0542],[132.61134,33.05167],[132.61874,33.05098],[132.62771,33.05678],[132.6313,33.06032],[132.63736,33.06345],[132.65164,33.05694],[132.65767,33.05706],[132.66233,33.06347],[132.66664,33.06623],[132.6695,33.07118],[132.66668,33.08048],[132.67005,33.08551],[132.66931,33.09239],[132.66595,33.09948],[132.66538,33.10404],[132.66352,33.10899],[132.65389,33.11041],[132.64664,33.11557],[132.64444,33.12023],[132.6444,33.12219],[132.63828,33.12791],[132.63748,33.13239],[132.62982,33.13229],[132.62822,33.13476],[132.62962,33.1386],[132.63229,33.14924],[132.62757,33.15345],[132.62479,33.15935],[132.61933,33.16268],[132.61486,33.16929],[132.61949,33.17347],[132.61944,33.18088],[132.626,33.18386],[132.63566,33.1864],[132.63709,33.18476],[132.64216,33.1868],[132.64925,33.19109],[132.65137,33.19423],[132.65702,33.19473],[132.66013,33.19817],[132.6686,33.2048],[132.65865,33.21374],[132.65345,33.21421],[132.64431,33.21275],[132.6421,33.21342],[132.63641,33.21232],[132.63465,33.20758],[132.62956,33.20544],[132.62566,33.20271],[132.61655,33.20089],[132.61227,33.20304],[132.61216,33.20586],[132.61419,33.2104],[132.6133,33.21273],[132.61346,33.21744],[132.61488,33.21952],[132.61284,33.22923],[132.61264,33.23601],[132.61034,33.2378],[132.60809,33.24212],[132.60924,33.24612],[132.60495,33.24753],[132.60175,33.25185],[132.6073,33.25839],[132.60815,33.26143],[132.61615,33.26085],[132.61933,33.26451],[132.61971,33.27124],[132.62064,33.27402],[132.62027,33.2782],[132.62513,33.27695],[132.63052,33.27779],[132.63632,33.27777],[132.63762,33.27534],[132.64271,33.27468],[132.64942,33.27512],[132.65106,33.27617],[132.65395,33.2748],[132.65514,33.27985],[132.65972,33.28337],[132.66595,33.2805],[132.66604,33.27741],[132.67083,33.27493],[132.67304,33.27785],[132.67342,33.28364],[132.67105,33.29029],[132.66909,33.29064],[132.66877,33.29658],[132.66651,33.30217],[132.66623,33.3116],[132.66784,33.31626],[132.66809,33.32309],[132.66462,33.32533],[132.66256,33.32905],[132.65693,33.33234]]]]}},{"type":"Feature","properties":{"code":"38204","name":"八幡浜市","pref":"愛媛県","pref_code":"38","cx":132.4501,"cy":33.4681,"bbox":[132.33551,33.36952,132.50225,33.55161]},"geometry":{"type":"MultiPolygon","coordinates":[[[[132.34374,33.38083],[132.3439,33.3778],[132.34853,33.37267],[132.35339,33.37431],[132.35721,33.3723],[132.35773,33.36952],[132.3632,33.37319],[132.36399,33.37622],[132.35772,33.37838],[132.35035,33.37777],[132.34455,33.37877],[132.34374,33.38083]]],[[[132.34216,33.396],[132.33869,33.39557],[132.33551,33.39129],[132.33797,33.3888],[132.34191,33.38736],[132.3435,33.39185],[132.34632,33.39523],[132.34216,33.396]]],[[[132.36881,33.44036],[132.36345,33.43925],[132.36493,33.43765],[132.36881,33.44036]]],[[[132.37197,33.4698],[132.37425,33.46717],[132.37292,33.46307],[132.37422,33.46059],[132.37759,33.46182],[132.37987,33.46559],[132.38021,33.46965],[132.38283,33.4744],[132.38794,33.47436],[132.39035,33.47698],[132.39625,33.4734],[132.402,33.47108],[132.40163,33.46781],[132.40001,33.46563],[132.3965,33.46603],[132.39477,33.46761],[132.39037,33.46834],[132.38996,33.46522],[132.38744,33.46119],[132.38768,33.45939],[132.3943,33.45786],[132.39805,33.4579],[132.40231,33.45952],[132.4082,33.45768],[132.41039,33.45938],[132.41705,33.46177],[132.41763,33.45588],[132.41471,33.45282],[132.4088,33.45059],[132.40983,33.44872],[132.40806,33.4465],[132.40096,33.44452],[132.39553,33.4437],[132.39442,33.44546],[132.38865,33.44231],[132.39717,33.44072],[132.39904,33.44239],[132.40388,33.44253],[132.40739,33.4444],[132.41127,33.44327],[132.41527,33.44434],[132.41621,33.44291],[132.41221,33.4391],[132.40838,33.43667],[132.40408,33.43061],[132.40538,33.42981],[132.40669,33.42551],[132.40022,33.42569],[132.39907,33.43001],[132.39549,33.42938],[132.38857,33.42336],[132.38626,33.41982],[132.3828,33.41855],[132.39001,33.41654],[132.39395,33.41323],[132.39384,33.40709],[132.38955,33.40443],[132.39196,33.40166],[132.3963,33.39964],[132.39653,33.39714],[132.38949,33.39235],[132.38617,33.39244],[132.37941,33.38781],[132.37884,33.38481],[132.38169,33.38688],[132.38663,33.38766],[132.38843,33.38534],[132.39249,33.38716],[132.39801,33.38769],[132.39912,33.39098],[132.40937,33.3989],[132.41056,33.40431],[132.4107,33.40856],[132.41504,33.41044],[132.42347,33.41761],[132.42689,33.41616],[132.4311,33.40801],[132.43682,33.40979],[132.44708,33.40781],[132.45053,33.4081],[132.4493,33.40509],[132.45152,33.40109],[132.45969,33.40278],[132.4621,33.40248],[132.46485,33.40516],[132.46895,33.40423],[132.47273,33.40538],[132.47406,33.40756],[132.47911,33.4071],[132.4827,33.40849],[132.48181,33.41192],[132.47888,33.41523],[132.47832,33.41754],[132.47573,33.41771],[132.47642,33.42069],[132.48271,33.42591],[132.48227,33.43089],[132.48632,33.43427],[132.48812,33.4394],[132.48824,33.44256],[132.49465,33.44618],[132.49901,33.44679],[132.50225,33.45006],[132.49851,33.45444],[132.49919,33.45612],[132.4961,33.46186],[132.49874,33.46787],[132.49497,33.47251],[132.49094,33.47301],[132.48647,33.476],[132.48759,33.4815],[132.48236,33.48339],[132.47774,33.48291],[132.47341,33.48373],[132.46946,33.48192],[132.46513,33.48682],[132.4618,33.48849],[132.46193,33.49019],[132.46491,33.49364],[132.46693,33.50199],[132.46936,33.50199],[132.4713,33.50528],[132.47854,33.50575],[132.47981,33.51106],[132.48007,33.51751],[132.48231,33.51997],[132.47908,33.52354],[132.47321,33.52456],[132.47009,33.52597],[132.46929,33.53175],[132.46576,33.53495],[132.45914,33.53358],[132.45497,33.53127],[132.4507,33.53336],[132.44929,33.53569],[132.44658,33.53571],[132.43734,33.53381],[132.42811,33.53996],[132.42936,33.55099],[132.42533,33.55161],[132.4243,33.54919],[132.41952,33.54652],[132.41827,33.5447],[132.41246,33.54447],[132.40791,33.54158],[132.39532,33.53616],[132.39402,33.5339],[132.39039,33.53188],[132.39095,33.52922],[132.38646,33.52834],[132.38505,33.53063],[132.38192,33.52728],[132.37824,33.52615],[132.37683,33.52324],[132.3737,33.52161],[132.37085,33.52157],[132.36692,33.51827],[132.36184,33.51588],[132.35748,33.51595],[132.35923,33.51445],[132.35951,33.51123],[132.36689,33.5073],[132.36588,33.50523],[132.36965,33.50274],[132.36967,33.49871],[132.37441,33.49735],[132.37702,33.4911],[132.3747,33.48898],[132.37658,33.48484],[132.37713,33.4772],[132.37546,33.4758],[132.37469,33.47235],[132.37197,33.4698]]]]}},{"type":"Feature","properties":{"code":"38205","name":"新居浜市","pref":"愛媛県","pref_code":"38","cx":133.30504,"cy":33.9034,"bbox":[133.23366,33.81476,133.45501,34.00781]},"geometry":{"type":"MultiPolygon","coordinates":[[[[133.3888,33.98583],[133.38231,33.9837],[133.37842,33.98363],[133.37267,33.98197],[133.37103,33.98075],[133.36547,33.98064],[133.36149,33.97936],[133.35636,33.97919],[133.35406,33.98249],[133.35097,33.98366],[133.34859,33.98785],[133.34609,33.99046],[133.33691,33.99206],[133.33735,33.98378],[133.33992,33.98123],[133.33626,33.98032],[133.33299,33.98374],[133.33315,33.99068],[133.32786,33.99138],[133.32588,33.99383],[133.3205,33.99423],[133.31726,33.98897],[133.30995,33.98407],[133.30586,33.98278],[133.29525,33.9813],[133.28982,33.98297],[133.28889,33.98111],[133.28574,33.98027],[133.28064,33.98959],[133.28012,33.98643],[133.27682,33.98516],[133.27875,33.98144],[133.27685,33.98072],[133.2703,33.98363],[133.26703,33.98024],[133.27265,33.97784],[133.2746,33.97534],[133.27012,33.97517],[133.26674,33.97252],[133.26776,33.96995],[133.26383,33.96989],[133.26374,33.96122],[133.26115,33.96326],[133.25921,33.97692],[133.26087,33.97979],[133.25571,33.98072],[133.25257,33.97751],[133.2485,33.97493],[133.24983,33.9643],[133.24909,33.96067],[133.2553,33.95687],[133.25424,33.95591],[133.247,33.95982],[133.24547,33.95651],[133.24793,33.95503],[133.24624,33.95293],[133.24363,33.95277],[133.24304,33.95687],[133.23543,33.95612],[133.23416,33.95205],[133.23602,33.94688],[133.23366,33.93997],[133.23388,33.93774],[133.24057,33.9383],[133.24171,33.9345],[133.24414,33.93202],[133.24595,33.92466],[133.24515,33.92326],[133.24734,33.91913],[133.2449,33.91671],[133.24167,33.91585],[133.2397,33.91026],[133.24246,33.90859],[133.24483,33.90482],[133.24602,33.89955],[133.24804,33.89843],[133.25102,33.89389],[133.25034,33.88903],[133.25204,33.88437],[133.25468,33.88371],[133.25522,33.88147],[133.25378,33.87685],[133.25006,33.87665],[133.24596,33.87444],[133.25076,33.86648],[133.25332,33.86389],[133.25783,33.86354],[133.26145,33.85987],[133.26674,33.85873],[133.26955,33.85385],[133.26897,33.85093],[133.27277,33.84792],[133.27253,33.8449],[133.27427,33.8417],[133.27479,33.83557],[133.27736,33.83092],[133.28425,33.83179],[133.28865,33.82937],[133.29377,33.8287],[133.30229,33.82313],[133.31028,33.81588],[133.31915,33.81606],[133.32633,33.81476],[133.3284,33.81602],[133.33331,33.8213],[133.33618,33.82178],[133.34101,33.82415],[133.34561,33.82482],[133.35049,33.82872],[133.35245,33.83263],[133.3558,33.83436],[133.36185,33.83317],[133.36902,33.82933],[133.37571,33.82868],[133.38365,33.82622],[133.3867,33.82613],[133.39167,33.82443],[133.39297,33.82767],[133.39681,33.83062],[133.40083,33.83624],[133.40596,33.83626],[133.41205,33.83914],[133.41964,33.83973],[133.42186,33.8385],[133.42489,33.83926],[133.4276,33.83666],[133.43249,33.83494],[133.44115,33.83374],[133.44469,33.83475],[133.44806,33.83405],[133.45501,33.83693],[133.45441,33.84878],[133.45284,33.85168],[133.45282,33.85435],[133.44944,33.86101],[133.44656,33.86427],[133.4471,33.86613],[133.45183,33.86871],[133.45067,33.87167],[133.44656,33.87819],[133.44827,33.88194],[133.44753,33.8853],[133.44526,33.88757],[133.44029,33.88944],[133.43866,33.89209],[133.4344,33.89055],[133.42986,33.89126],[133.42283,33.88831],[133.41794,33.88954],[133.41388,33.88744],[133.40626,33.88659],[133.39913,33.88734],[133.39729,33.88632],[133.39527,33.88237],[133.39153,33.87935],[133.3863,33.8794],[133.3841,33.87648],[133.37504,33.8752],[133.37207,33.87528],[133.3649,33.87731],[133.36238,33.8768],[133.35339,33.88116],[133.3511,33.88409],[133.3507,33.88921],[133.35431,33.89359],[133.35685,33.89411],[133.35945,33.8968],[133.35944,33.89916],[133.36245,33.89972],[133.36482,33.90198],[133.36515,33.9062],[133.36797,33.91045],[133.36757,33.91561],[133.36944,33.91842],[133.36923,33.92144],[133.36668,33.92652],[133.36626,33.93143],[133.36665,33.93692],[133.36898,33.942],[133.36809,33.94478],[133.36991,33.94829],[133.36992,33.95217],[133.3711,33.95532],[133.37558,33.95981],[133.37605,33.9636],[133.37968,33.9702],[133.38408,33.97151],[133.38773,33.97869],[133.39171,33.9814],[133.3888,33.98583]]],[[[133.36727,34.00781],[133.36615,34.00574],[133.36039,34.00371],[133.35867,34.00525],[133.35522,34.00548],[133.35083,34.00189],[133.35055,33.99644],[133.35557,33.99463],[133.35846,33.9946],[133.36065,33.9899],[133.36495,33.99182],[133.36456,33.99364],[133.36887,33.99405],[133.37025,33.99818],[133.36903,33.99954],[133.36987,34.00505],[133.36727,34.00781]]]]}},{"type":"Feature","properties":{"code":"38206","name":"西条市","pref":"愛媛県","pref_code":"38","cx":133.10961,"cy":33.86766,"bbox":[132.95678,33.75029,133.27736,33.98267]},"geometry":{"type":"Polygon","coordinates":[[[132.96006,33.90266],[132.95859,33.89974],[132.96053,33.89501],[132.95869,33.89106],[132.95922,33.88797],[132.95678,33.88443],[132.96071,33.87834],[132.96014,33.87431],[132.96187,33.87165],[132.96528,33.86958],[132.96852,33.86885],[132.97088,33.86452],[132.9706,33.86117],[132.97374,33.85881],[132.97449,33.85519],[132.97202,33.8513],[132.9678,33.84647],[132.96991,33.84093],[132.97277,33.83835],[132.97321,33.83006],[132.97636,33.82894],[132.9795,33.82589],[132.98265,33.8167],[132.98609,33.81195],[132.98799,33.8118],[132.992,33.81553],[132.99501,33.81711],[132.99683,33.81586],[133.00105,33.81671],[133.00707,33.81399],[133.00957,33.81495],[133.01295,33.81292],[133.0118,33.81054],[133.01326,33.80833],[133.01306,33.80366],[133.01753,33.79901],[133.01919,33.79298],[133.02212,33.78966],[133.02093,33.78756],[133.02325,33.78555],[133.02338,33.78312],[133.01874,33.7813],[133.01689,33.77956],[133.01774,33.77446],[133.01909,33.77331],[133.01807,33.76818],[133.01943,33.76593],[133.02412,33.76289],[133.02867,33.76221],[133.0317,33.76339],[133.04195,33.76019],[133.04414,33.7589],[133.04857,33.75956],[133.05305,33.75885],[133.05589,33.75583],[133.05893,33.75521],[133.06143,33.7562],[133.06673,33.75598],[133.07329,33.75884],[133.07702,33.75834],[133.08168,33.75648],[133.08536,33.75671],[133.09375,33.75852],[133.09825,33.76186],[133.10056,33.76225],[133.10277,33.76939],[133.10509,33.77194],[133.10918,33.77282],[133.11708,33.76643],[133.12115,33.76621],[133.12408,33.76711],[133.13404,33.764],[133.13436,33.76182],[133.13947,33.75852],[133.14547,33.75715],[133.14988,33.75345],[133.15784,33.75029],[133.16355,33.75421],[133.16465,33.75636],[133.17092,33.75754],[133.17574,33.76075],[133.17679,33.7638],[133.17997,33.76405],[133.18374,33.76814],[133.18237,33.77148],[133.18726,33.77737],[133.18714,33.77945],[133.19047,33.78363],[133.19023,33.78684],[133.19274,33.79378],[133.19977,33.79392],[133.2037,33.79474],[133.21554,33.78561],[133.21716,33.78265],[133.21984,33.78043],[133.22346,33.78083],[133.22531,33.78251],[133.23161,33.78396],[133.23692,33.78272],[133.24594,33.78895],[133.24988,33.78833],[133.25718,33.79386],[133.25863,33.79838],[133.26075,33.80061],[133.26245,33.80483],[133.26106,33.80698],[133.26077,33.81108],[133.26394,33.81477],[133.26539,33.81882],[133.26754,33.82083],[133.2674,33.82343],[133.26921,33.82562],[133.27451,33.82806],[133.27736,33.83092],[133.27479,33.83557],[133.27427,33.8417],[133.27253,33.8449],[133.27277,33.84792],[133.26897,33.85093],[133.26955,33.85385],[133.26674,33.85873],[133.26145,33.85987],[133.25783,33.86354],[133.25332,33.86389],[133.25076,33.86648],[133.24596,33.87444],[133.25006,33.87665],[133.25378,33.87685],[133.25522,33.88147],[133.25468,33.88371],[133.25204,33.88437],[133.25034,33.88903],[133.25102,33.89389],[133.24804,33.89843],[133.24602,33.89955],[133.24483,33.90482],[133.24246,33.90859],[133.2397,33.91026],[133.24167,33.91585],[133.2449,33.91671],[133.24734,33.91913],[133.24515,33.92326],[133.24595,33.92466],[133.24414,33.93202],[133.24171,33.9345],[133.24057,33.9383],[133.23388,33.93774],[133.23366,33.93997],[133.23602,33.94688],[133.23416,33.95205],[133.19931,33.94621],[133.20061,33.93744],[133.19797,33.9359],[133.19576,33.94601],[133.18866,33.94428],[133.18591,33.94945],[133.17825,33.94759],[133.18039,33.9419],[133.17189,33.93994],[133.17682,33.93075],[133.17164,33.92788],[133.16997,33.93021],[133.17168,33.93182],[133.1679,33.93817],[133.14002,33.9279],[133.13718,33.92843],[133.13296,33.92735],[133.1259,33.93171],[133.1275,33.9413],[133.1258,33.9415],[133.12006,33.93675],[133.11962,33.93296],[133.11782,33.93088],[133.11684,33.92581],[133.11234,33.93052],[133.11664,33.93417],[133.1158,33.93685],[133.11932,33.94108],[133.10776,33.94776],[133.10119,33.94068],[133.09738,33.94321],[133.09703,33.94539],[133.09392,33.94837],[133.08828,33.94542],[133.08621,33.94836],[133.08892,33.95039],[133.08672,33.95258],[133.08504,33.95749],[133.08038,33.96095],[133.07389,33.96745],[133.07379,33.96944],[133.06792,33.97534],[133.0647,33.97356],[133.06321,33.97467],[133.06111,33.97907],[133.06257,33.98084],[133.06659,33.98267],[133.05202,33.98144],[133.05047,33.98006],[133.04136,33.9776],[133.03952,33.97563],[133.03889,33.97131],[133.04079,33.96781],[133.03768,33.96648],[133.03383,33.96051],[133.02954,33.96074],[133.02387,33.96256],[133.02313,33.96081],[133.01773,33.9616],[133.01563,33.95742],[133.01301,33.9577],[133.00776,33.95475],[133.00548,33.95793],[132.99688,33.95557],[132.99094,33.95695],[132.98681,33.95527],[132.98701,33.95388],[132.9838,33.95102],[132.97863,33.94836],[132.97731,33.94507],[132.97882,33.94067],[132.97709,33.93603],[132.97499,33.93542],[132.97588,33.92978],[132.97553,33.92565],[132.9735,33.92304],[132.97508,33.9196],[132.97562,33.91106],[132.97365,33.91012],[132.97327,33.90652],[132.9706,33.90516],[132.96541,33.90677],[132.96006,33.90266]]]}},{"type":"Feature","properties":{"code":"38207","name":"大洲市","pref":"愛媛県","pref_code":"38","cx":132.55051,"cy":33.5282,"bbox":[132.42533,33.41861,132.83947,33.73905]},"geometry":{"type":"MultiPolygon","coordinates":[[[[132.60314,33.62295],[132.59941,33.62222],[132.5899,33.62334],[132.58541,33.62593],[132.58111,33.62631],[132.57955,33.62332],[132.57598,33.621],[132.57558,33.61775],[132.56874,33.61359],[132.56815,33.60958],[132.56046,33.60196],[132.55646,33.60515],[132.554,33.60573],[132.55225,33.61198],[132.55364,33.61469],[132.54887,33.61866],[132.54927,33.6209],[132.54404,33.62252],[132.54297,33.62549],[132.53779,33.62873],[132.53708,33.63042],[132.53126,33.63766],[132.52323,33.63356],[132.5157,33.629],[132.51066,33.62743],[132.50805,33.63032],[132.49193,33.62022],[132.4901,33.61752],[132.48388,33.61602],[132.47846,33.61678],[132.47783,33.61281],[132.47562,33.61138],[132.47464,33.60706],[132.47118,33.60389],[132.46277,33.60007],[132.4619,33.59758],[132.45696,33.59507],[132.45755,33.59068],[132.45597,33.58848],[132.44853,33.58305],[132.44525,33.57831],[132.44197,33.57646],[132.44221,33.57351],[132.43691,33.5717],[132.43354,33.56855],[132.43293,33.56391],[132.43454,33.56257],[132.43369,33.55963],[132.43037,33.55803],[132.42684,33.5547],[132.42533,33.55161],[132.42936,33.55099],[132.42811,33.53996],[132.43734,33.53381],[132.44658,33.53571],[132.44929,33.53569],[132.4507,33.53336],[132.45497,33.53127],[132.45914,33.53358],[132.46576,33.53495],[132.46929,33.53175],[132.47009,33.52597],[132.47321,33.52456],[132.47908,33.52354],[132.48231,33.51997],[132.48007,33.51751],[132.47981,33.51106],[132.47854,33.50575],[132.4713,33.50528],[132.46936,33.50199],[132.46693,33.50199],[132.46491,33.49364],[132.46193,33.49019],[132.4618,33.48849],[132.46513,33.48682],[132.46946,33.48192],[132.47341,33.48373],[132.47774,33.48291],[132.48236,33.48339],[132.48759,33.4815],[132.48647,33.476],[132.49094,33.47301],[132.49497,33.47251],[132.49874,33.46787],[132.4961,33.46186],[132.49919,33.45612],[132.49851,33.45444],[132.50225,33.45006],[132.50756,33.45135],[132.51557,33.45241],[132.51958,33.45038],[132.52496,33.45185],[132.52874,33.4501],[132.5302,33.44528],[132.53358,33.44418],[132.53959,33.43861],[132.55005,33.43959],[132.55325,33.43687],[132.55978,33.44035],[132.56151,33.44252],[132.56417,33.44325],[132.56351,33.44592],[132.57097,33.45247],[132.57328,33.45369],[132.57661,33.44927],[132.58218,33.44582],[132.58204,33.44317],[132.58655,33.43958],[132.59023,33.43462],[132.59376,33.43467],[132.59773,33.43819],[132.60063,33.43858],[132.61054,33.43592],[132.61087,33.43844],[132.61551,33.43963],[132.62291,33.43917],[132.62815,33.44084],[132.63279,33.43974],[132.63427,33.43521],[132.64202,33.4327],[132.65023,33.42742],[132.65102,33.42558],[132.65423,33.42407],[132.66568,33.42216],[132.67072,33.41967],[132.67426,33.41987],[132.67654,33.4247],[132.68119,33.42712],[132.68494,33.42453],[132.68993,33.42609],[132.69005,33.42003],[132.69264,33.41861],[132.69792,33.42195],[132.70036,33.4225],[132.70214,33.41996],[132.70503,33.41973],[132.70809,33.42554],[132.71157,33.42662],[132.71294,33.431],[132.7118,33.43356],[132.71453,33.4367],[132.71417,33.44131],[132.71514,33.44306],[132.71353,33.44598],[132.7131,33.45041],[132.71156,33.45391],[132.71586,33.45564],[132.7213,33.45586],[132.72892,33.45504],[132.73171,33.44898],[132.7335,33.4473],[132.73999,33.44941],[132.74112,33.45314],[132.7443,33.45173],[132.74648,33.45376],[132.74925,33.45933],[132.74856,33.46008],[132.75146,33.46813],[132.7519,33.47413],[132.75357,33.47571],[132.75229,33.47912],[132.75437,33.48584],[132.75762,33.48484],[132.75992,33.48662],[132.76533,33.48888],[132.77032,33.4865],[132.77371,33.48642],[132.77455,33.48482],[132.78364,33.48789],[132.78987,33.48808],[132.79106,33.49134],[132.79538,33.49534],[132.8032,33.49784],[132.80549,33.50407],[132.81136,33.5066],[132.81479,33.5066],[132.81563,33.50175],[132.81762,33.50216],[132.82043,33.50015],[132.82507,33.50302],[132.82829,33.504],[132.82917,33.50709],[132.83312,33.51232],[132.8338,33.5192],[132.83947,33.52186],[132.83466,33.52925],[132.83378,33.53202],[132.82977,33.53636],[132.8254,33.53754],[132.8275,33.54064],[132.82344,33.54609],[132.81977,33.54957],[132.81711,33.54911],[132.8156,33.54537],[132.80939,33.54433],[132.80726,33.54297],[132.80447,33.54367],[132.80112,33.54156],[132.80088,33.53642],[132.79761,33.53409],[132.79177,33.53155],[132.79052,33.52891],[132.78426,33.52992],[132.78073,33.53467],[132.7796,33.53797],[132.77665,33.54008],[132.76972,33.54055],[132.76653,33.53955],[132.76504,33.53541],[132.76241,33.53274],[132.75598,33.53236],[132.75372,33.52923],[132.74973,33.52748],[132.74658,33.52995],[132.74259,33.5308],[132.74005,33.52968],[132.74079,33.52594],[132.73758,33.52436],[132.73655,33.52089],[132.72891,33.52073],[132.72594,33.51722],[132.72271,33.51741],[132.72221,33.51494],[132.71416,33.50978],[132.71166,33.51007],[132.70725,33.50872],[132.70418,33.51003],[132.69795,33.50948],[132.69464,33.50812],[132.69186,33.50853],[132.68705,33.50742],[132.68646,33.50371],[132.68137,33.50119],[132.67751,33.50084],[132.67697,33.498],[132.67397,33.49832],[132.67153,33.49641],[132.66853,33.49129],[132.6662,33.49075],[132.6659,33.4969],[132.66195,33.50251],[132.65814,33.5056],[132.65515,33.50551],[132.64778,33.50211],[132.64467,33.50252],[132.64299,33.50655],[132.64556,33.51014],[132.64361,33.51441],[132.63658,33.51569],[132.63248,33.5178],[132.63075,33.51997],[132.63191,33.52622],[132.63065,33.5299],[132.63143,33.53315],[132.62957,33.53563],[132.6307,33.53811],[132.63389,33.53817],[132.63833,33.54158],[132.6369,33.54452],[132.63917,33.5491],[132.63917,33.55284],[132.63672,33.55321],[132.63446,33.55637],[132.6341,33.56274],[132.63274,33.56734],[132.62593,33.56678],[132.62426,33.57162],[132.62704,33.57239],[132.63191,33.57661],[132.62967,33.58343],[132.62542,33.58552],[132.62326,33.5897],[132.62324,33.59395],[132.61725,33.59731],[132.61579,33.60388],[132.61456,33.60489],[132.61367,33.60932],[132.61387,33.61307],[132.60526,33.61913],[132.60521,33.62173],[132.60314,33.62295]]],[[[132.48425,33.73905],[132.47658,33.73701],[132.4792,33.73486],[132.4825,33.73458],[132.48746,33.73668],[132.48425,33.73905]]]]}},{"type":"Feature","properties":{"code":"38210","name":"伊予市","pref":"愛媛県","pref_code":"38","cx":132.71417,"cy":33.69467,"bbox":[132.53126,33.60196,132.78215,33.79054]},"geometry":{"type":"Polygon","coordinates":[[[132.69846,33.77637],[132.70025,33.76713],[132.6969,33.76711],[132.6976,33.76242],[132.7,33.76099],[132.69674,33.7564],[132.69466,33.75706],[132.69286,33.75229],[132.6896,33.75092],[132.68153,33.74548],[132.67993,33.74578],[132.67686,33.73829],[132.67617,33.73392],[132.67435,33.73034],[132.67009,33.72535],[132.66546,33.71837],[132.66321,33.71381],[132.66252,33.70934],[132.65936,33.70352],[132.65261,33.69697],[132.64647,33.69217],[132.63966,33.69015],[132.62924,33.68264],[132.62653,33.67942],[132.61791,33.67703],[132.61161,33.67239],[132.60956,33.66893],[132.60598,33.66583],[132.60048,33.66235],[132.5914,33.65768],[132.58596,33.65358],[132.58249,33.65239],[132.57372,33.65088],[132.57153,33.64939],[132.56717,33.64868],[132.54874,33.64305],[132.54715,33.64214],[132.53126,33.63766],[132.53708,33.63042],[132.53779,33.62873],[132.54297,33.62549],[132.54404,33.62252],[132.54927,33.6209],[132.54887,33.61866],[132.55364,33.61469],[132.55225,33.61198],[132.554,33.60573],[132.55646,33.60515],[132.56046,33.60196],[132.56815,33.60958],[132.56874,33.61359],[132.57558,33.61775],[132.57598,33.621],[132.57955,33.62332],[132.58111,33.62631],[132.58541,33.62593],[132.5899,33.62334],[132.59941,33.62222],[132.60314,33.62295],[132.60222,33.62641],[132.60579,33.63231],[132.60744,33.63372],[132.60925,33.63804],[132.61322,33.64015],[132.61867,33.6465],[132.61848,33.64951],[132.62263,33.65046],[132.62695,33.64906],[132.63165,33.6499],[132.63351,33.65311],[132.63903,33.65471],[132.64361,33.6551],[132.64597,33.65421],[132.64897,33.65504],[132.65187,33.65211],[132.65284,33.64587],[132.6519,33.6436],[132.65455,33.63888],[132.65337,33.63526],[132.65395,33.62868],[132.65092,33.62315],[132.65411,33.62014],[132.65716,33.62099],[132.65929,33.61954],[132.66112,33.61619],[132.66751,33.62021],[132.67111,33.61989],[132.67627,33.62103],[132.67831,33.61593],[132.67997,33.61801],[132.68299,33.61839],[132.68755,33.61604],[132.69466,33.61391],[132.70052,33.61017],[132.7097,33.60845],[132.71655,33.61153],[132.72213,33.61319],[132.72476,33.61824],[132.72768,33.62134],[132.72832,33.6249],[132.73402,33.62694],[132.73591,33.62666],[132.73744,33.62381],[132.74035,33.62456],[132.74271,33.62726],[132.74562,33.62767],[132.74698,33.63049],[132.74958,33.63225],[132.74959,33.63416],[132.7525,33.63758],[132.75424,33.64144],[132.75362,33.64392],[132.75618,33.64566],[132.76255,33.64556],[132.76455,33.64762],[132.76397,33.65104],[132.76615,33.6564],[132.76566,33.6608],[132.76924,33.66558],[132.77321,33.66924],[132.77146,33.6718],[132.77504,33.67598],[132.78215,33.67958],[132.78122,33.68212],[132.77639,33.67889],[132.77475,33.68136],[132.77409,33.68559],[132.7762,33.68942],[132.77971,33.69238],[132.77652,33.69943],[132.77286,33.6993],[132.76789,33.70258],[132.76371,33.70795],[132.76278,33.71253],[132.75948,33.71635],[132.75907,33.72217],[132.75353,33.72563],[132.74488,33.72517],[132.74239,33.73099],[132.74362,33.73329],[132.73639,33.7367],[132.73811,33.74049],[132.74212,33.74246],[132.74615,33.74629],[132.74676,33.74837],[132.74551,33.75188],[132.74379,33.75332],[132.74173,33.75749],[132.74469,33.75942],[132.7482,33.75856],[132.75696,33.76075],[132.76172,33.76391],[132.76279,33.76789],[132.76241,33.77099],[132.76575,33.77207],[132.76702,33.77397],[132.77224,33.77783],[132.77428,33.78364],[132.77434,33.78844],[132.77078,33.79054],[132.76473,33.79032],[132.76114,33.78755],[132.76131,33.786],[132.7543,33.78626],[132.75435,33.7844],[132.75101,33.78375],[132.74801,33.78457],[132.74542,33.78284],[132.74548,33.77783],[132.73269,33.77768],[132.73228,33.77144],[132.72545,33.77259],[132.72534,33.77795],[132.71586,33.77788],[132.71585,33.77249],[132.71334,33.77075],[132.70985,33.77025],[132.70959,33.77425],[132.7072,33.77387],[132.70395,33.77681],[132.69846,33.77637]]]}},{"type":"Feature","properties":{"code":"38213","name":"四国中央市","pref":"愛媛県","pref_code":"38","cx":133.5236,"cy":33.93564,"bbox":[133.3507,33.82924,133.69263,34.0434]},"geometry":{"type":"Polygon","coordinates":[[[133.45501,33.83693],[133.45692,33.83564],[133.4643,33.83452],[133.4705,33.83679],[133.47347,33.8337],[133.47762,33.83386],[133.48321,33.83299],[133.48729,33.83016],[133.49187,33.83238],[133.4995,33.82924],[133.50143,33.83139],[133.50793,33.83587],[133.50653,33.8399],[133.50969,33.84826],[133.51409,33.84726],[133.51811,33.84733],[133.52252,33.85223],[133.52635,33.85366],[133.52639,33.86211],[133.52993,33.86301],[133.53624,33.8661],[133.53592,33.87148],[133.53955,33.87455],[133.5402,33.87868],[133.54393,33.87882],[133.54991,33.88199],[133.55711,33.88216],[133.5588,33.87864],[133.56218,33.87534],[133.5657,33.87503],[133.57153,33.87182],[133.57111,33.87028],[133.57814,33.86809],[133.58312,33.86765],[133.58549,33.87098],[133.5888,33.8735],[133.59289,33.87536],[133.59623,33.87982],[133.60322,33.87993],[133.60695,33.88151],[133.61109,33.88075],[133.61736,33.8766],[133.62731,33.87203],[133.62954,33.87274],[133.63525,33.8802],[133.63904,33.88069],[133.64407,33.88303],[133.65172,33.88277],[133.654,33.8816],[133.66075,33.88181],[133.66192,33.88578],[133.66626,33.88804],[133.66889,33.88751],[133.67065,33.88943],[133.67795,33.89308],[133.67747,33.89879],[133.67451,33.90319],[133.67655,33.90508],[133.67758,33.90955],[133.68214,33.91044],[133.68795,33.91626],[133.69052,33.91629],[133.68851,33.92163],[133.68563,33.92572],[133.67568,33.92638],[133.67654,33.9281],[133.67648,33.93294],[133.68006,33.93437],[133.68176,33.93808],[133.68644,33.93898],[133.69257,33.94399],[133.69263,33.94784],[133.68913,33.9534],[133.68713,33.95533],[133.69184,33.9605],[133.69236,33.96245],[133.68665,33.96538],[133.68298,33.96459],[133.68294,33.96889],[133.68032,33.97022],[133.68146,33.97389],[133.68413,33.97639],[133.68138,33.97879],[133.68063,33.98417],[133.67509,33.98368],[133.67646,33.9884],[133.67648,33.99249],[133.67772,33.99482],[133.68069,33.9963],[133.68301,34.00183],[133.68574,34.00366],[133.68496,34.00723],[133.68333,34.00741],[133.67746,34.01579],[133.67823,34.01819],[133.67189,34.02075],[133.67037,34.02409],[133.66543,34.02711],[133.65861,34.02768],[133.65599,34.02908],[133.64925,34.02714],[133.64444,34.02774],[133.63946,34.02593],[133.63624,34.02954],[133.63294,34.03116],[133.62955,34.03588],[133.62688,34.03777],[133.62114,34.0346],[133.61891,34.03507],[133.61631,34.03281],[133.61331,34.03232],[133.60866,34.03435],[133.60751,34.03679],[133.60417,34.0359],[133.60081,34.04111],[133.59817,34.0434],[133.5954,34.03789],[133.59064,34.0335],[133.58619,34.0345],[133.58312,34.02956],[133.57853,34.03133],[133.57635,34.02758],[133.57992,34.02393],[133.57798,34.02239],[133.57169,34.01977],[133.56799,34.02025],[133.56456,34.01854],[133.56799,34.01632],[133.56555,34.01317],[133.56246,34.01522],[133.56021,34.01186],[133.56128,34.00901],[133.55165,34.01301],[133.54902,34.01055],[133.5553,34.00478],[133.55559,34.001],[133.54606,34.00784],[133.54112,34.00334],[133.55195,33.99558],[133.54688,33.98902],[133.54295,33.98779],[133.53974,33.99014],[133.54187,33.99224],[133.53935,33.99409],[133.5336,33.98838],[133.53738,33.9882],[133.53985,33.98624],[133.53791,33.98332],[133.53264,33.98697],[133.52748,33.98208],[133.52307,33.97974],[133.52474,33.97725],[133.52283,33.97536],[133.52078,33.97798],[133.51607,33.97548],[133.51841,33.97256],[133.5123,33.97171],[133.50944,33.97349],[133.50237,33.97283],[133.50211,33.97017],[133.49712,33.9705],[133.49052,33.96925],[133.48556,33.97242],[133.482,33.97191],[133.4755,33.97301],[133.47366,33.97459],[133.46658,33.97457],[133.46477,33.97669],[133.45346,33.98414],[133.45151,33.98135],[133.44356,33.98348],[133.44242,33.98518],[133.4374,33.98529],[133.42998,33.9868],[133.42562,33.98586],[133.41436,33.98591],[133.41061,33.99057],[133.4055,33.9887],[133.40166,33.98849],[133.3978,33.99081],[133.39328,33.99045],[133.3888,33.98583],[133.39171,33.9814],[133.38773,33.97869],[133.38408,33.97151],[133.37968,33.9702],[133.37605,33.9636],[133.37558,33.95981],[133.3711,33.95532],[133.36992,33.95217],[133.36991,33.94829],[133.36809,33.94478],[133.36898,33.942],[133.36665,33.93692],[133.36626,33.93143],[133.36668,33.92652],[133.36923,33.92144],[133.36944,33.91842],[133.36757,33.91561],[133.36797,33.91045],[133.36515,33.9062],[133.36482,33.90198],[133.36245,33.89972],[133.35944,33.89916],[133.35945,33.8968],[133.35685,33.89411],[133.35431,33.89359],[133.3507,33.88921],[133.3511,33.88409],[133.35339,33.88116],[133.36238,33.8768],[133.3649,33.87731],[133.37207,33.87528],[133.37504,33.8752],[133.3841,33.87648],[133.3863,33.8794],[133.39153,33.87935],[133.39527,33.88237],[133.39729,33.88632],[133.39913,33.88734],[133.40626,33.88659],[133.41388,33.88744],[133.41794,33.88954],[133.42283,33.88831],[133.42986,33.89126],[133.4344,33.89055],[133.43866,33.89209],[133.44029,33.88944],[133.44526,33.88757],[133.44753,33.8853],[133.44827,33.88194],[133.44656,33.87819],[133.45067,33.87167],[133.45183,33.86871],[133.4471,33.86613],[133.44656,33.86427],[133.44944,33.86101],[133.45282,33.85435],[133.45284,33.85168],[133.45441,33.84878],[133.45501,33.83693]]]}},{"type":"Feature","properties":{"code":"38214","name":"西予市","pref":"愛媛県","pref_code":"38","cx":132.65689,"cy":33.41359,"bbox":[132.36954,33.30341,132.90098,33.52192]},"geometry":{"type":"Polygon","coordinates":[[[132.65693,33.33234],[132.65763,33.3362],[132.66042,33.33906],[132.66135,33.34774],[132.66237,33.34895],[132.67829,33.35005],[132.67932,33.34835],[132.6875,33.34936],[132.69585,33.34893],[132.69999,33.3473],[132.70338,33.34798],[132.70572,33.34598],[132.70826,33.34656],[132.71401,33.34492],[132.71812,33.34772],[132.71999,33.35079],[132.72317,33.35053],[132.72491,33.34859],[132.72539,33.3456],[132.72711,33.34454],[132.73075,33.34601],[132.73449,33.343],[132.74169,33.345],[132.74924,33.34577],[132.75387,33.34394],[132.75672,33.34406],[132.75882,33.34647],[132.76581,33.34835],[132.76917,33.35006],[132.77368,33.35086],[132.77624,33.35344],[132.78064,33.35596],[132.78278,33.35448],[132.78442,33.35094],[132.78456,33.34665],[132.78823,33.34633],[132.791,33.34359],[132.79823,33.34387],[132.80336,33.34317],[132.80817,33.34653],[132.8089,33.34829],[132.8124,33.34985],[132.81471,33.35305],[132.81937,33.35678],[132.82137,33.3571],[132.82208,33.36141],[132.82517,33.3667],[132.82605,33.3699],[132.82552,33.37303],[132.83373,33.37583],[132.83753,33.37872],[132.84022,33.37764],[132.84619,33.38102],[132.85187,33.38607],[132.85305,33.38822],[132.85556,33.39006],[132.85594,33.39494],[132.85451,33.3983],[132.84987,33.39857],[132.84677,33.39756],[132.84105,33.39789],[132.83703,33.39905],[132.83543,33.40064],[132.83162,33.40885],[132.8333,33.41195],[132.83401,33.42015],[132.82492,33.42293],[132.82537,33.4248],[132.82339,33.42984],[132.82452,33.43467],[132.82777,33.43832],[132.82656,33.4456],[132.82195,33.44862],[132.81327,33.45115],[132.80813,33.45385],[132.80687,33.45645],[132.80699,33.46078],[132.81106,33.46606],[132.81482,33.46433],[132.81893,33.46655],[132.82297,33.47294],[132.82716,33.47241],[132.83171,33.47591],[132.83413,33.4742],[132.84042,33.47473],[132.84316,33.4773],[132.84753,33.47919],[132.85233,33.47815],[132.86242,33.47453],[132.86453,33.47234],[132.87369,33.47098],[132.8775,33.47178],[132.88106,33.47095],[132.88413,33.47302],[132.8883,33.47337],[132.89387,33.47248],[132.8953,33.47115],[132.90067,33.47035],[132.89596,33.47604],[132.8965,33.47786],[132.90068,33.48086],[132.90098,33.48631],[132.89709,33.49117],[132.89596,33.49779],[132.89102,33.49842],[132.88674,33.49763],[132.88321,33.498],[132.88133,33.49948],[132.87517,33.49924],[132.8736,33.49782],[132.86967,33.50005],[132.86567,33.5005],[132.86586,33.5039],[132.86176,33.50525],[132.85542,33.50907],[132.85021,33.50989],[132.8464,33.51203],[132.84663,33.51507],[132.84483,33.52],[132.84312,33.52192],[132.83947,33.52186],[132.8338,33.5192],[132.83312,33.51232],[132.82917,33.50709],[132.82829,33.504],[132.82507,33.50302],[132.82043,33.50015],[132.81762,33.50216],[132.81563,33.50175],[132.81479,33.5066],[132.81136,33.5066],[132.80549,33.50407],[132.8032,33.49784],[132.79538,33.49534],[132.79106,33.49134],[132.78987,33.48808],[132.78364,33.48789],[132.77455,33.48482],[132.77371,33.48642],[132.77032,33.4865],[132.76533,33.48888],[132.75992,33.48662],[132.75762,33.48484],[132.75437,33.48584],[132.75229,33.47912],[132.75357,33.47571],[132.7519,33.47413],[132.75146,33.46813],[132.74856,33.46008],[132.74925,33.45933],[132.74648,33.45376],[132.7443,33.45173],[132.74112,33.45314],[132.73999,33.44941],[132.7335,33.4473],[132.73171,33.44898],[132.72892,33.45504],[132.7213,33.45586],[132.71586,33.45564],[132.71156,33.45391],[132.7131,33.45041],[132.71353,33.44598],[132.71514,33.44306],[132.71417,33.44131],[132.71453,33.4367],[132.7118,33.43356],[132.71294,33.431],[132.71157,33.42662],[132.70809,33.42554],[132.70503,33.41973],[132.70214,33.41996],[132.70036,33.4225],[132.69792,33.42195],[132.69264,33.41861],[132.69005,33.42003],[132.68993,33.42609],[132.68494,33.42453],[132.68119,33.42712],[132.67654,33.4247],[132.67426,33.41987],[132.67072,33.41967],[132.66568,33.42216],[132.65423,33.42407],[132.65102,33.42558],[132.65023,33.42742],[132.64202,33.4327],[132.63427,33.43521],[132.63279,33.43974],[132.62815,33.44084],[132.62291,33.43917],[132.61551,33.43963],[132.61087,33.43844],[132.61054,33.43592],[132.60063,33.43858],[132.59773,33.43819],[132.59376,33.43467],[132.59023,33.43462],[132.58655,33.43958],[132.58204,33.44317],[132.58218,33.44582],[132.57661,33.44927],[132.57328,33.45369],[132.57097,33.45247],[132.56351,33.44592],[132.56417,33.44325],[132.56151,33.44252],[132.55978,33.44035],[132.55325,33.43687],[132.55005,33.43959],[132.53959,33.43861],[132.53358,33.44418],[132.5302,33.44528],[132.52874,33.4501],[132.52496,33.45185],[132.51958,33.45038],[132.51557,33.45241],[132.50756,33.45135],[132.50225,33.45006],[132.49901,33.44679],[132.49465,33.44618],[132.48824,33.44256],[132.48812,33.4394],[132.48632,33.43427],[132.48227,33.43089],[132.48271,33.42591],[132.47642,33.42069],[132.47573,33.41771],[132.47832,33.41754],[132.47888,33.41523],[132.48181,33.41192],[132.4827,33.40849],[132.47911,33.4071],[132.47406,33.40756],[132.47273,33.40538],[132.46895,33.40423],[132.46485,33.40516],[132.4621,33.40248],[132.45969,33.40278],[132.45152,33.40109],[132.4493,33.40509],[132.45053,33.4081],[132.44708,33.40781],[132.43682,33.40979],[132.4311,33.40801],[132.42689,33.41616],[132.42347,33.41761],[132.41504,33.41044],[132.4107,33.40856],[132.41056,33.40431],[132.40937,33.3989],[132.39912,33.39098],[132.39801,33.38769],[132.39249,33.38716],[132.38843,33.38534],[132.38663,33.38766],[132.38169,33.38688],[132.37884,33.38481],[132.38217,33.3836],[132.38391,33.38144],[132.38424,33.37862],[132.38732,33.37565],[132.38907,33.37193],[132.38924,33.36697],[132.38396,33.36316],[132.38505,33.36227],[132.39009,33.3652],[132.39439,33.36896],[132.39897,33.37092],[132.40351,33.37088],[132.40263,33.37459],[132.4075,33.37693],[132.40993,33.37913],[132.41061,33.38397],[132.41312,33.38451],[132.415,33.38192],[132.41938,33.38305],[132.42012,33.38008],[132.41629,33.37909],[132.41199,33.37269],[132.41267,33.37042],[132.41024,33.36406],[132.40844,33.36299],[132.40751,33.35977],[132.41175,33.3614],[132.41591,33.36193],[132.42042,33.35665],[132.41934,33.35429],[132.41238,33.35309],[132.40919,33.35321],[132.41163,33.3463],[132.4095,33.34316],[132.40654,33.3463],[132.40022,33.34711],[132.39239,33.34352],[132.3921,33.33973],[132.38884,33.33767],[132.38569,33.3391],[132.37643,33.33714],[132.3746,33.32957],[132.37161,33.32858],[132.36954,33.32268],[132.37059,33.31862],[132.37289,33.31786],[132.37472,33.31994],[132.37883,33.32114],[132.38248,33.32119],[132.38561,33.31974],[132.38784,33.31739],[132.39229,33.31954],[132.39663,33.31674],[132.39896,33.31652],[132.40059,33.30925],[132.40622,33.30665],[132.41127,33.30722],[132.41396,33.30627],[132.41669,33.30367],[132.42125,33.30341],[132.42311,33.30423],[132.42304,33.30831],[132.42661,33.31065],[132.42488,33.31343],[132.42883,33.31664],[132.42972,33.31922],[132.43364,33.31975],[132.43451,33.31589],[132.44053,33.31126],[132.44329,33.31182],[132.44514,33.31026],[132.45198,33.30901],[132.45778,33.31046],[132.46253,33.31062],[132.46496,33.31285],[132.46527,33.31689],[132.46708,33.31868],[132.47615,33.31814],[132.48016,33.31708],[132.48158,33.31952],[132.4866,33.31758],[132.48894,33.31915],[132.48673,33.32105],[132.49082,33.32519],[132.49575,33.32202],[132.49489,33.3192],[132.49663,33.31812],[132.49696,33.31272],[132.49825,33.31193],[132.49784,33.31521],[132.50042,33.31856],[132.50155,33.32634],[132.50281,33.32801],[132.50713,33.32998],[132.50716,33.33483],[132.51353,33.3348],[132.5197,33.33777],[132.52172,33.33622],[132.5257,33.33585],[132.52702,33.33427],[132.53363,33.33057],[132.53568,33.3283],[132.54234,33.32693],[132.54622,33.32696],[132.55373,33.32436],[132.56336,33.32651],[132.56949,33.32633],[132.57109,33.32854],[132.57602,33.32952],[132.58278,33.32712],[132.60114,33.32669],[132.60375,33.33061],[132.6096,33.33175],[132.61325,33.33052],[132.62186,33.3301],[132.62806,33.33104],[132.6323,33.33056],[132.63432,33.32879],[132.64376,33.32728],[132.64825,33.32977],[132.65693,33.33234]]]}},{"type":"Feature","properties":{"code":"38215","name":"東温市","pref":"愛媛県","pref_code":"38","cx":132.92583,"cy":33.81368,"bbox":[132.8224,33.71962,133.02412,33.90804]},"geometry":{"type":"Polygon","coordinates":[[[132.87508,33.72795],[132.87465,33.72622],[132.878,33.72257],[132.88617,33.71998],[132.89339,33.71962],[132.89575,33.72393],[132.9,33.725],[132.90439,33.72475],[132.90799,33.72795],[132.9137,33.72651],[132.91603,33.72779],[132.92111,33.72877],[132.92502,33.73119],[132.9304,33.73026],[132.93259,33.73316],[132.94217,33.73297],[132.94407,33.73248],[132.949,33.73444],[132.95313,33.7337],[132.95371,33.73796],[132.95315,33.74134],[132.95724,33.74468],[132.96161,33.74631],[132.96223,33.74774],[132.96654,33.74709],[132.96735,33.74565],[132.97264,33.74526],[132.97647,33.7434],[132.9804,33.73979],[132.98603,33.74686],[132.98951,33.74862],[132.99267,33.75438],[132.99156,33.75605],[132.99252,33.75911],[132.99744,33.75743],[133.00566,33.75605],[133.00991,33.75623],[133.02065,33.75898],[133.02412,33.76289],[133.01943,33.76593],[133.01807,33.76818],[133.01909,33.77331],[133.01774,33.77446],[133.01689,33.77956],[133.01874,33.7813],[133.02338,33.78312],[133.02325,33.78555],[133.02093,33.78756],[133.02212,33.78966],[133.01919,33.79298],[133.01753,33.79901],[133.01306,33.80366],[133.01326,33.80833],[133.0118,33.81054],[133.01295,33.81292],[133.00957,33.81495],[133.00707,33.81399],[133.00105,33.81671],[132.99683,33.81586],[132.99501,33.81711],[132.992,33.81553],[132.98799,33.8118],[132.98609,33.81195],[132.98265,33.8167],[132.9795,33.82589],[132.97636,33.82894],[132.97321,33.83006],[132.97277,33.83835],[132.96991,33.84093],[132.9678,33.84647],[132.97202,33.8513],[132.97449,33.85519],[132.97374,33.85881],[132.9706,33.86117],[132.97088,33.86452],[132.96852,33.86885],[132.96528,33.86958],[132.96187,33.87165],[132.96014,33.87431],[132.96071,33.87834],[132.95678,33.88443],[132.95922,33.88797],[132.95869,33.89106],[132.96053,33.89501],[132.95859,33.89974],[132.96006,33.90266],[132.95746,33.9059],[132.95186,33.90608],[132.94994,33.90804],[132.94152,33.90684],[132.93878,33.90527],[132.93691,33.90191],[132.93278,33.90254],[132.92771,33.90594],[132.92559,33.90554],[132.92003,33.9001],[132.9209,33.8974],[132.91775,33.894],[132.91444,33.89377],[132.91045,33.8908],[132.90812,33.89114],[132.9063,33.88916],[132.90102,33.89001],[132.89738,33.88847],[132.89415,33.88583],[132.89128,33.88494],[132.88709,33.88153],[132.88513,33.88128],[132.88029,33.87506],[132.88161,33.87174],[132.87893,33.86998],[132.87715,33.86472],[132.87594,33.86369],[132.8798,33.85585],[132.88197,33.85444],[132.88447,33.84735],[132.88294,33.84607],[132.88031,33.84084],[132.87508,33.83398],[132.87276,33.82586],[132.86852,33.82391],[132.86985,33.81901],[132.86911,33.81513],[132.86634,33.81338],[132.86511,33.80653],[132.86005,33.80546],[132.84731,33.80006],[132.84749,33.7985],[132.84122,33.79673],[132.83245,33.79619],[132.83129,33.79877],[132.82381,33.7992],[132.8224,33.79669],[132.83005,33.79523],[132.82999,33.79184],[132.82479,33.78905],[132.82478,33.78516],[132.82837,33.78501],[132.84045,33.78258],[132.84045,33.78046],[132.83642,33.77854],[132.8373,33.77517],[132.83947,33.77456],[132.84299,33.77143],[132.84835,33.76321],[132.84721,33.758],[132.853,33.7564],[132.85549,33.75048],[132.86107,33.74902],[132.8624,33.74526],[132.86579,33.74153],[132.86544,33.73927],[132.871,33.73372],[132.8736,33.73258],[132.87578,33.72907],[132.87508,33.72795]]]}},{"type":"Feature","properties":{"code":"38356","name":"越智郡上島町","pref":"愛媛県","pref_code":"38","cx":133.1482,"cy":34.26286,"bbox":[133.13081,34.16296,133.36621,34.29181]},"geometry":{"type":"MultiPolygon","coordinates":[[[[133.15791,34.23067],[133.15434,34.22956],[133.15294,34.22489],[133.1507,34.22466],[133.14988,34.22182],[133.14784,34.22162],[133.14796,34.21724],[133.1509,34.21646],[133.15276,34.21847],[133.15362,34.22341],[133.15653,34.22456],[133.15627,34.22863],[133.15791,34.23067]]],[[[133.25967,34.23577],[133.25925,34.23316],[133.25681,34.23143],[133.25626,34.22883],[133.26006,34.22923],[133.2633,34.23092],[133.26369,34.23372],[133.25967,34.23577]]],[[[133.16375,34.24639],[133.15859,34.24457],[133.15361,34.2438],[133.15041,34.23979],[133.15191,34.23323],[133.15763,34.23463],[133.16246,34.23313],[133.16719,34.23417],[133.16828,34.2375],[133.17207,34.24142],[133.16829,34.24543],[133.16375,34.24639]]],[[[133.19316,34.25728],[133.18972,34.25668],[133.18462,34.2501],[133.18464,34.24399],[133.18216,34.24132],[133.18164,34.23649],[133.18296,34.23208],[133.17936,34.22834],[133.182,34.22761],[133.1867,34.2293],[133.19181,34.23468],[133.18942,34.238],[133.19111,34.24113],[133.19146,34.24423],[133.196,34.2457],[133.19564,34.24883],[133.19696,34.25053],[133.19707,34.25433],[133.19316,34.25728]]],[[[133.1525,34.28041],[133.14825,34.2802],[133.14318,34.27794],[133.14173,34.27528],[133.13772,34.2721],[133.1383,34.27039],[133.13598,34.26648],[133.13247,34.2651],[133.13222,34.25909],[133.13081,34.25644],[133.13281,34.24935],[133.13157,34.24516],[133.13379,34.24103],[133.14023,34.24429],[133.1436,34.24416],[133.15246,34.24604],[133.15316,34.24784],[133.15724,34.24958],[133.15898,34.25189],[133.16557,34.25528],[133.16557,34.26062],[133.15798,34.2716],[133.15246,34.27761],[133.1525,34.28041]]],[[[133.17191,34.28562],[133.16832,34.28489],[133.16595,34.28106],[133.16709,34.27767],[133.16938,34.27552],[133.1668,34.27298],[133.17156,34.26998],[133.17009,34.26555],[133.17279,34.25803],[133.17843,34.25581],[133.18047,34.25766],[133.18609,34.25851],[133.18691,34.26003],[133.1856,34.26484],[133.1859,34.2692],[133.18384,34.27026],[133.18202,34.27598],[133.17841,34.27723],[133.17617,34.28211],[133.17191,34.28562]]],[[[133.22905,34.29181],[133.22631,34.29022],[133.22375,34.29036],[133.22328,34.28781],[133.21673,34.28417],[133.21218,34.28398],[133.21011,34.27689],[133.20403,34.27126],[133.19884,34.2688],[133.20015,34.26596],[133.19967,34.25963],[133.20415,34.25813],[133.20115,34.25287],[133.20189,34.25071],[133.20005,34.24917],[133.20122,34.24211],[133.20056,34.24006],[133.20429,34.23904],[133.20762,34.2393],[133.20862,34.24132],[133.214,34.244],[133.21505,34.24778],[133.21916,34.24927],[133.21559,34.25133],[133.21231,34.25013],[133.2097,34.25262],[133.20854,34.25747],[133.21136,34.26044],[133.22051,34.26577],[133.22696,34.2666],[133.22914,34.26896],[133.2309,34.2735],[133.23362,34.27593],[133.23683,34.27713],[133.23745,34.28074],[133.23348,34.28378],[133.23251,34.28787],[133.22905,34.29181]]],[[[133.35954,34.17404],[133.35891,34.17168],[133.36056,34.1656],[133.36346,34.16296],[133.36621,34.16705],[133.365,34.16956],[133.36152,34.17163],[133.35954,34.17404]]],[[[133.30936,34.18382],[133.30735,34.17964],[133.31096,34.17838],[133.31736,34.1715],[133.32172,34.17291],[133.32647,34.17266],[133.32819,34.17355],[133.328,34.1791],[133.32571,34.18063],[133.32125,34.17895],[133.31693,34.18104],[133.31296,34.18072],[133.30936,34.18382]]],[[[133.27228,34.20006],[133.26971,34.19738],[133.26603,34.19723],[133.2653,34.19268],[133.26566,34.18607],[133.26832,34.1825],[133.27645,34.18427],[133.27662,34.18755],[133.27305,34.19289],[133.27228,34.20006]]]]}},{"type":"Feature","properties":{"code":"38386","name":"上浮穴郡久万高原町","pref":"愛媛県","pref_code":"38","cx":132.96382,"cy":33.61844,"bbox":[132.82161,33.46631,133.1612,33.77282]},"geometry":{"type":"Polygon","coordinates":[[[132.83195,33.68736],[132.83153,33.68523],[132.82185,33.68051],[132.82161,33.67686],[132.82456,33.67368],[132.82524,33.67095],[132.82954,33.66928],[132.83136,33.67049],[132.83543,33.66694],[132.83288,33.6628],[132.83198,33.65561],[132.8356,33.65352],[132.83406,33.64877],[132.83082,33.645],[132.83097,33.64135],[132.83694,33.64071],[132.84299,33.63804],[132.84828,33.63393],[132.85124,33.63264],[132.85393,33.62954],[132.85701,33.6216],[132.8569,33.61719],[132.85374,33.61608],[132.8525,33.61164],[132.84942,33.6085],[132.8443,33.60747],[132.84661,33.5946],[132.84861,33.59254],[132.85327,33.59257],[132.85637,33.59438],[132.86607,33.595],[132.86253,33.59086],[132.86729,33.58874],[132.87291,33.59018],[132.88112,33.59134],[132.88662,33.59079],[132.89546,33.5879],[132.89748,33.58668],[132.89971,33.58183],[132.89841,33.58022],[132.9031,33.57886],[132.90533,33.57583],[132.90924,33.57499],[132.91093,33.57634],[132.91477,33.57073],[132.9152,33.56817],[132.9226,33.56455],[132.92634,33.56049],[132.92449,33.55643],[132.92162,33.5552],[132.92037,33.5492],[132.92078,33.54663],[132.91715,33.54149],[132.91966,33.53805],[132.92144,33.53373],[132.91649,33.5321],[132.91408,33.53034],[132.91612,33.52738],[132.914,33.52343],[132.91147,33.52267],[132.90976,33.51778],[132.90584,33.51702],[132.90047,33.51446],[132.90026,33.50361],[132.89758,33.50169],[132.89596,33.49779],[132.89709,33.49117],[132.90098,33.48631],[132.90068,33.48086],[132.8965,33.47786],[132.89596,33.47604],[132.90067,33.47035],[132.90776,33.46848],[132.90988,33.4688],[132.91521,33.46765],[132.92279,33.46859],[132.929,33.46857],[132.931,33.47007],[132.93852,33.47208],[132.94422,33.47195],[132.94684,33.46859],[132.95167,33.46658],[132.95964,33.46631],[132.97267,33.46979],[132.97884,33.47292],[132.98687,33.47291],[132.99273,33.47583],[132.99536,33.47498],[132.99903,33.47575],[133.01538,33.48094],[133.01368,33.48623],[133.0134,33.49058],[133.0207,33.49611],[133.02544,33.5022],[133.02616,33.50519],[133.03062,33.50784],[133.03426,33.51183],[133.03825,33.51932],[133.03721,33.52447],[133.03794,33.52641],[133.04629,33.53029],[133.05388,33.53535],[133.05625,33.53774],[133.05916,33.53871],[133.06126,33.54193],[133.06414,33.54251],[133.06262,33.54537],[133.06196,33.55083],[133.06025,33.55409],[133.0606,33.55832],[133.06231,33.56145],[133.05548,33.56745],[133.054,33.57042],[133.05039,33.57217],[133.04676,33.57522],[133.04757,33.58185],[133.04921,33.58496],[133.0552,33.58995],[133.05462,33.59352],[133.05742,33.59636],[133.06297,33.59731],[133.06402,33.59948],[133.06995,33.60114],[133.07962,33.6087],[133.07898,33.61167],[133.0732,33.61436],[133.06994,33.6197],[133.06723,33.62255],[133.06889,33.62614],[133.06834,33.62836],[133.07006,33.6309],[133.07017,33.63593],[133.07236,33.63839],[133.07418,33.64421],[133.07502,33.65062],[133.07751,33.65355],[133.08478,33.65492],[133.09076,33.65781],[133.09741,33.65824],[133.10666,33.65665],[133.10991,33.65823],[133.11469,33.65894],[133.11653,33.66015],[133.11843,33.66782],[133.1215,33.67404],[133.11978,33.67649],[133.11948,33.67946],[133.12148,33.68628],[133.11923,33.6886],[133.12243,33.69252],[133.12532,33.69833],[133.13417,33.69985],[133.14458,33.70465],[133.14467,33.70739],[133.14129,33.71037],[133.13982,33.71569],[133.14583,33.71952],[133.14584,33.72194],[133.15171,33.7247],[133.1612,33.73169],[133.1593,33.73394],[133.15899,33.74323],[133.15784,33.75029],[133.14988,33.75345],[133.14547,33.75715],[133.13947,33.75852],[133.13436,33.76182],[133.13404,33.764],[133.12408,33.76711],[133.12115,33.76621],[133.11708,33.76643],[133.10918,33.77282],[133.10509,33.77194],[133.10277,33.76939],[133.10056,33.76225],[133.09825,33.76186],[133.09375,33.75852],[133.08536,33.75671],[133.08168,33.75648],[133.07702,33.75834],[133.07329,33.75884],[133.06673,33.75598],[133.06143,33.7562],[133.05893,33.75521],[133.05589,33.75583],[133.05305,33.75885],[133.04857,33.75956],[133.04414,33.7589],[133.04195,33.76019],[133.0317,33.76339],[133.02867,33.76221],[133.02412,33.76289],[133.02065,33.75898],[133.00991,33.75623],[133.00566,33.75605],[132.99744,33.75743],[132.99252,33.75911],[132.99156,33.75605],[132.99267,33.75438],[132.98951,33.74862],[132.98603,33.74686],[132.9804,33.73979],[132.97647,33.7434],[132.97264,33.74526],[132.96735,33.74565],[132.96654,33.74709],[132.96223,33.74774],[132.96161,33.74631],[132.95724,33.74468],[132.95315,33.74134],[132.95371,33.73796],[132.95313,33.7337],[132.949,33.73444],[132.94407,33.73248],[132.94217,33.73297],[132.93259,33.73316],[132.9304,33.73026],[132.92502,33.73119],[132.92111,33.72877],[132.91603,33.72779],[132.9137,33.72651],[132.90799,33.72795],[132.90439,33.72475],[132.9,33.725],[132.89575,33.72393],[132.89339,33.71962],[132.88617,33.71998],[132.878,33.72257],[132.87465,33.72622],[132.87508,33.72795],[132.87305,33.72633],[132.87093,33.71732],[132.8715,33.71311],[132.86508,33.71121],[132.8616,33.70882],[132.86154,33.70659],[132.8564,33.70409],[132.85245,33.69821],[132.85369,33.6947],[132.85329,33.6917],[132.8487,33.68875],[132.83639,33.68879],[132.83195,33.68736]]]}},{"type":"Feature","properties":{"code":"38401","name":"伊予郡松前町","pref":"愛媛県","pref_code":"38","cx":132.72647,"cy":33.78932,"bbox":[132.68578,33.77025,132.77078,33.80828]},"geometry":{"type":"Polygon","coordinates":[[[132.68578,33.80499],[132.68909,33.80336],[132.69245,33.79483],[132.68811,33.79319],[132.68987,33.78832],[132.69361,33.78813],[132.69437,33.7861],[132.69919,33.78669],[132.69943,33.78428],[132.69341,33.78488],[132.69386,33.7826],[132.69691,33.7822],[132.69846,33.77637],[132.70395,33.77681],[132.7072,33.77387],[132.70959,33.77425],[132.70985,33.77025],[132.71334,33.77075],[132.71585,33.77249],[132.71586,33.77788],[132.72534,33.77795],[132.72545,33.77259],[132.73228,33.77144],[132.73269,33.77768],[132.74548,33.77783],[132.74542,33.78284],[132.74801,33.78457],[132.75101,33.78375],[132.75435,33.7844],[132.7543,33.78626],[132.76131,33.786],[132.76114,33.78755],[132.76473,33.79032],[132.77078,33.79054],[132.76943,33.79373],[132.77065,33.79568],[132.75991,33.80189],[132.75344,33.80452],[132.74913,33.80545],[132.72754,33.80528],[132.71945,33.80828],[132.71115,33.80757],[132.70569,33.80552],[132.68578,33.80499]]]}},{"type":"Feature","properties":{"code":"38402","name":"伊予郡砥部町","pref":"愛媛県","pref_code":"38","cx":132.79663,"cy":33.70159,"bbox":[132.73639,33.60724,132.83788,33.79568]},"geometry":{"type":"Polygon","coordinates":[[[132.77065,33.79568],[132.76943,33.79373],[132.77078,33.79054],[132.77434,33.78844],[132.77428,33.78364],[132.77224,33.77783],[132.76702,33.77397],[132.76575,33.77207],[132.76241,33.77099],[132.76279,33.76789],[132.76172,33.76391],[132.75696,33.76075],[132.7482,33.75856],[132.74469,33.75942],[132.74173,33.75749],[132.74379,33.75332],[132.74551,33.75188],[132.74676,33.74837],[132.74615,33.74629],[132.74212,33.74246],[132.73811,33.74049],[132.73639,33.7367],[132.74362,33.73329],[132.74239,33.73099],[132.74488,33.72517],[132.75353,33.72563],[132.75907,33.72217],[132.75948,33.71635],[132.76278,33.71253],[132.76371,33.70795],[132.76789,33.70258],[132.77286,33.6993],[132.77652,33.69943],[132.77971,33.69238],[132.7762,33.68942],[132.77409,33.68559],[132.77475,33.68136],[132.77639,33.67889],[132.78122,33.68212],[132.78215,33.67958],[132.77504,33.67598],[132.77146,33.6718],[132.77321,33.66924],[132.76924,33.66558],[132.76566,33.6608],[132.76615,33.6564],[132.76397,33.65104],[132.76455,33.64762],[132.76255,33.64556],[132.75618,33.64566],[132.75362,33.64392],[132.75424,33.64144],[132.7525,33.63758],[132.74959,33.63416],[132.74958,33.63225],[132.74698,33.63049],[132.74562,33.62767],[132.75,33.6276],[132.75495,33.6229],[132.75937,33.62069],[132.76061,33.61574],[132.76219,33.61452],[132.76392,33.61041],[132.76631,33.60724],[132.76989,33.60755],[132.7728,33.61076],[132.77836,33.61246],[132.78163,33.6166],[132.78568,33.6185],[132.78481,33.62242],[132.78595,33.62422],[132.78917,33.62037],[132.79296,33.62048],[132.79643,33.61873],[132.79998,33.62074],[132.80313,33.6211],[132.80482,33.62431],[132.80929,33.62468],[132.81382,33.62378],[132.8128,33.62836],[132.82462,33.62964],[132.83572,33.63515],[132.83788,33.63781],[132.83694,33.64071],[132.83097,33.64135],[132.83082,33.645],[132.83406,33.64877],[132.8356,33.65352],[132.83198,33.65561],[132.83288,33.6628],[132.83543,33.66694],[132.83136,33.67049],[132.82954,33.66928],[132.82524,33.67095],[132.82456,33.67368],[132.82161,33.67686],[132.82185,33.68051],[132.83153,33.68523],[132.83195,33.68736],[132.82653,33.69346],[132.82392,33.69471],[132.82464,33.69849],[132.82359,33.7006],[132.82447,33.7036],[132.82141,33.70783],[132.82229,33.71239],[132.82561,33.71547],[132.82306,33.72242],[132.81833,33.72511],[132.81745,33.73256],[132.8136,33.73529],[132.81192,33.73786],[132.80674,33.74208],[132.80718,33.74874],[132.80499,33.75332],[132.79878,33.75568],[132.79741,33.76242],[132.79455,33.76489],[132.7945,33.76803],[132.79699,33.7697],[132.79657,33.77818],[132.8027,33.7821],[132.79912,33.78604],[132.79006,33.78651],[132.78591,33.78762],[132.78234,33.78996],[132.77065,33.79568]]]}},{"type":"Feature","properties":{"code":"38422","name":"喜多郡内子町","pref":"愛媛県","pref_code":"38","cx":132.77064,"cy":33.57369,"bbox":[132.60222,33.49075,132.92634,33.6551]},"geometry":{"type":"Polygon","coordinates":[[[132.83694,33.64071],[132.83788,33.63781],[132.83572,33.63515],[132.82462,33.62964],[132.8128,33.62836],[132.81382,33.62378],[132.80929,33.62468],[132.80482,33.62431],[132.80313,33.6211],[132.79998,33.62074],[132.79643,33.61873],[132.79296,33.62048],[132.78917,33.62037],[132.78595,33.62422],[132.78481,33.62242],[132.78568,33.6185],[132.78163,33.6166],[132.77836,33.61246],[132.7728,33.61076],[132.76989,33.60755],[132.76631,33.60724],[132.76392,33.61041],[132.76219,33.61452],[132.76061,33.61574],[132.75937,33.62069],[132.75495,33.6229],[132.75,33.6276],[132.74562,33.62767],[132.74271,33.62726],[132.74035,33.62456],[132.73744,33.62381],[132.73591,33.62666],[132.73402,33.62694],[132.72832,33.6249],[132.72768,33.62134],[132.72476,33.61824],[132.72213,33.61319],[132.71655,33.61153],[132.7097,33.60845],[132.70052,33.61017],[132.69466,33.61391],[132.68755,33.61604],[132.68299,33.61839],[132.67997,33.61801],[132.67831,33.61593],[132.67627,33.62103],[132.67111,33.61989],[132.66751,33.62021],[132.66112,33.61619],[132.65929,33.61954],[132.65716,33.62099],[132.65411,33.62014],[132.65092,33.62315],[132.65395,33.62868],[132.65337,33.63526],[132.65455,33.63888],[132.6519,33.6436],[132.65284,33.64587],[132.65187,33.65211],[132.64897,33.65504],[132.64597,33.65421],[132.64361,33.6551],[132.63903,33.65471],[132.63351,33.65311],[132.63165,33.6499],[132.62695,33.64906],[132.62263,33.65046],[132.61848,33.64951],[132.61867,33.6465],[132.61322,33.64015],[132.60925,33.63804],[132.60744,33.63372],[132.60579,33.63231],[132.60222,33.62641],[132.60314,33.62295],[132.60521,33.62173],[132.60526,33.61913],[132.61387,33.61307],[132.61367,33.60932],[132.61456,33.60489],[132.61579,33.60388],[132.61725,33.59731],[132.62324,33.59395],[132.62326,33.5897],[132.62542,33.58552],[132.62967,33.58343],[132.63191,33.57661],[132.62704,33.57239],[132.62426,33.57162],[132.62593,33.56678],[132.63274,33.56734],[132.6341,33.56274],[132.63446,33.55637],[132.63672,33.55321],[132.63917,33.55284],[132.63917,33.5491],[132.6369,33.54452],[132.63833,33.54158],[132.63389,33.53817],[132.6307,33.53811],[132.62957,33.53563],[132.63143,33.53315],[132.63065,33.5299],[132.63191,33.52622],[132.63075,33.51997],[132.63248,33.5178],[132.63658,33.51569],[132.64361,33.51441],[132.64556,33.51014],[132.64299,33.50655],[132.64467,33.50252],[132.64778,33.50211],[132.65515,33.50551],[132.65814,33.5056],[132.66195,33.50251],[132.6659,33.4969],[132.6662,33.49075],[132.66853,33.49129],[132.67153,33.49641],[132.67397,33.49832],[132.67697,33.498],[132.67751,33.50084],[132.68137,33.50119],[132.68646,33.50371],[132.68705,33.50742],[132.69186,33.50853],[132.69464,33.50812],[132.69795,33.50948],[132.70418,33.51003],[132.70725,33.50872],[132.71166,33.51007],[132.71416,33.50978],[132.72221,33.51494],[132.72271,33.51741],[132.72594,33.51722],[132.72891,33.52073],[132.73655,33.52089],[132.73758,33.52436],[132.74079,33.52594],[132.74005,33.52968],[132.74259,33.5308],[132.74658,33.52995],[132.74973,33.52748],[132.75372,33.52923],[132.75598,33.53236],[132.76241,33.53274],[132.76504,33.53541],[132.76653,33.53955],[132.76972,33.54055],[132.77665,33.54008],[132.7796,33.53797],[132.78073,33.53467],[132.78426,33.52992],[132.79052,33.52891],[132.79177,33.53155],[132.79761,33.53409],[132.80088,33.53642],[132.80112,33.54156],[132.80447,33.54367],[132.80726,33.54297],[132.80939,33.54433],[132.8156,33.54537],[132.81711,33.54911],[132.81977,33.54957],[132.82344,33.54609],[132.8275,33.54064],[132.8254,33.53754],[132.82977,33.53636],[132.83378,33.53202],[132.83466,33.52925],[132.83947,33.52186],[132.84312,33.52192],[132.84483,33.52],[132.84663,33.51507],[132.8464,33.51203],[132.85021,33.50989],[132.85542,33.50907],[132.86176,33.50525],[132.86586,33.5039],[132.86567,33.5005],[132.86967,33.50005],[132.8736,33.49782],[132.87517,33.49924],[132.88133,33.49948],[132.88321,33.498],[132.88674,33.49763],[132.89102,33.49842],[132.89596,33.49779],[132.89758,33.50169],[132.90026,33.50361],[132.90047,33.51446],[132.90584,33.51702],[132.90976,33.51778],[132.91147,33.52267],[132.914,33.52343],[132.91612,33.52738],[132.91408,33.53034],[132.91649,33.5321],[132.92144,33.53373],[132.91966,33.53805],[132.91715,33.54149],[132.92078,33.54663],[132.92037,33.5492],[132.92162,33.5552],[132.92449,33.55643],[132.92634,33.56049],[132.9226,33.56455],[132.9152,33.56817],[132.91477,33.57073],[132.91093,33.57634],[132.90924,33.57499],[132.90533,33.57583],[132.9031,33.57886],[132.89841,33.58022],[132.89971,33.58183],[132.89748,33.58668],[132.89546,33.5879],[132.88662,33.59079],[132.88112,33.59134],[132.87291,33.59018],[132.86729,33.58874],[132.86253,33.59086],[132.86607,33.595],[132.85637,33.59438],[132.85327,33.59257],[132.84861,33.59254],[132.84661,33.5946],[132.8443,33.60747],[132.84942,33.6085],[132.8525,33.61164],[132.85374,33.61608],[132.8569,33.61719],[132.85701,33.6216],[132.85393,33.62954],[132.85124,33.63264],[132.84828,33.63393],[132.84299,33.63804],[132.83694,33.64071]]]}},{"type":"Feature","properties":{"code":"38442","name":"西宇和郡伊方町","pref":"愛媛県","pref_code":"38","cx":132.2083,"cy":33.42953,"bbox":[132.01776,33.34444,132.37713,33.51595]},"geometry":{"type":"MultiPolygon","coordinates":[[[[132.35244,33.45824],[132.3492,33.45759],[132.34644,33.45862],[132.34439,33.4573],[132.34458,33.4531],[132.34858,33.45328],[132.3521,33.45503],[132.35244,33.45824]]],[[[132.35748,33.51595],[132.35273,33.5103],[132.34243,33.50718],[132.34168,33.5037],[132.33871,33.5027],[132.33426,33.50401],[132.32936,33.50146],[132.3274,33.49855],[132.32181,33.49928],[132.32121,33.49588],[132.31821,33.49319],[132.30798,33.49265],[132.30707,33.48739],[132.30481,33.48614],[132.3017,33.48754],[132.29533,33.48734],[132.28874,33.48352],[132.28908,33.48132],[132.28434,33.4783],[132.28222,33.48157],[132.2795,33.47793],[132.27955,33.47499],[132.27514,33.47366],[132.27269,33.47754],[132.27013,33.47636],[132.26686,33.47294],[132.26533,33.47416],[132.25862,33.47255],[132.26505,33.46857],[132.26438,33.45988],[132.26479,33.45643],[132.26072,33.45361],[132.26209,33.45156],[132.25971,33.44993],[132.25379,33.45144],[132.25374,33.45449],[132.25082,33.45743],[132.24629,33.45642],[132.24341,33.45896],[132.2473,33.46208],[132.24688,33.46508],[132.24345,33.46574],[132.24019,33.46489],[132.23971,33.46003],[132.2363,33.45977],[132.23297,33.46208],[132.23015,33.45984],[132.22575,33.45913],[132.22666,33.45591],[132.22388,33.45154],[132.22608,33.44964],[132.22659,33.44569],[132.22461,33.44451],[132.21794,33.44755],[132.2162,33.44499],[132.21091,33.44539],[132.20842,33.44833],[132.20423,33.45078],[132.19959,33.45609],[132.19576,33.45431],[132.19441,33.45098],[132.19804,33.4445],[132.19415,33.44201],[132.19069,33.44431],[132.18594,33.44547],[132.18278,33.44846],[132.17391,33.44682],[132.17185,33.44494],[132.17523,33.43829],[132.17625,33.43504],[132.17534,33.43349],[132.17662,33.42798],[132.1738,33.42635],[132.16961,33.42703],[132.16612,33.43063],[132.16413,33.43031],[132.16073,33.43425],[132.15629,33.43774],[132.15284,33.4367],[132.14802,33.43396],[132.15126,33.43055],[132.15707,33.42855],[132.15951,33.42598],[132.16464,33.42389],[132.16966,33.41872],[132.16647,33.4156],[132.16667,33.41223],[132.16519,33.41103],[132.16014,33.41121],[132.15645,33.40784],[132.15332,33.40712],[132.15167,33.40999],[132.14953,33.41002],[132.1476,33.41602],[132.13835,33.42107],[132.13705,33.4194],[132.13751,33.41428],[132.13618,33.4131],[132.13704,33.4092],[132.13619,33.40651],[132.13165,33.40379],[132.13105,33.40538],[132.12753,33.40665],[132.12763,33.41157],[132.12912,33.41236],[132.12704,33.41632],[132.12524,33.41691],[132.12406,33.42022],[132.12013,33.41986],[132.11914,33.41731],[132.11544,33.41731],[132.11212,33.41509],[132.11102,33.41198],[132.10792,33.4085],[132.1055,33.40795],[132.10211,33.40523],[132.09662,33.40429],[132.09335,33.40031],[132.09031,33.40141],[132.08443,33.39813],[132.08019,33.39213],[132.07951,33.38864],[132.06943,33.38434],[132.06706,33.3822],[132.06407,33.38214],[132.05729,33.37721],[132.05293,33.37583],[132.04938,33.37142],[132.04494,33.36788],[132.04164,33.36818],[132.03915,33.36653],[132.03712,33.36123],[132.0301,33.35672],[132.02799,33.35079],[132.02495,33.34872],[132.01824,33.34782],[132.01776,33.34467],[132.02585,33.34444],[132.02816,33.34708],[132.03123,33.34745],[132.03428,33.35017],[132.0406,33.35243],[132.04625,33.35663],[132.04969,33.3581],[132.05151,33.36055],[132.04748,33.3644],[132.05387,33.36818],[132.05801,33.36837],[132.06042,33.37141],[132.06365,33.37173],[132.06511,33.37454],[132.06836,33.37651],[132.07451,33.37603],[132.07675,33.38015],[132.08143,33.38098],[132.08412,33.38023],[132.08776,33.38217],[132.09391,33.38739],[132.09656,33.38726],[132.11072,33.38936],[132.11406,33.39104],[132.11871,33.39089],[132.12079,33.38835],[132.11979,33.38558],[132.12037,33.38123],[132.11556,33.38181],[132.11202,33.37934],[132.11255,33.37578],[132.11541,33.37577],[132.11758,33.37269],[132.10389,33.3734],[132.10162,33.36988],[132.10334,33.36191],[132.11082,33.36405],[132.11779,33.36503],[132.12528,33.36543],[132.12915,33.36359],[132.13472,33.37037],[132.139,33.37169],[132.14484,33.37566],[132.15217,33.37585],[132.15317,33.38886],[132.15691,33.39268],[132.16305,33.39607],[132.1663,33.39706],[132.16794,33.39995],[132.17255,33.40277],[132.17537,33.40639],[132.18056,33.40929],[132.18369,33.41258],[132.19008,33.41378],[132.19388,33.41373],[132.20289,33.41488],[132.20799,33.41875],[132.21036,33.41927],[132.21387,33.42208],[132.21959,33.42326],[132.22032,33.4249],[132.22606,33.42557],[132.23711,33.42547],[132.23932,33.42874],[132.24301,33.43161],[132.2456,33.43236],[132.24806,33.43611],[132.25424,33.43916],[132.25532,33.44131],[132.26581,33.44335],[132.26892,33.44618],[132.27592,33.44723],[132.28056,33.44711],[132.28293,33.45043],[132.28214,33.45395],[132.28747,33.45751],[132.2863,33.46203],[132.2885,33.46426],[132.29509,33.46491],[132.2966,33.47188],[132.29975,33.47468],[132.30472,33.47432],[132.3065,33.47332],[132.30695,33.46932],[132.31199,33.46418],[132.31155,33.46222],[132.31736,33.45695],[132.31928,33.45815],[132.32055,33.46242],[132.32332,33.46568],[132.32277,33.46858],[132.32429,33.47301],[132.32998,33.47377],[132.334,33.4724],[132.33688,33.47508],[132.34363,33.47408],[132.34554,33.47288],[132.34972,33.47257],[132.35311,33.47369],[132.34948,33.47898],[132.3494,33.48098],[132.34264,33.48595],[132.34936,33.48748],[132.35265,33.48394],[132.35559,33.48228],[132.35915,33.48176],[132.36097,33.4801],[132.36409,33.47991],[132.37014,33.47431],[132.37197,33.4698],[132.37469,33.47235],[132.37546,33.4758],[132.37713,33.4772],[132.37658,33.48484],[132.3747,33.48898],[132.37702,33.4911],[132.37441,33.49735],[132.36967,33.49871],[132.36965,33.50274],[132.36588,33.50523],[132.36689,33.5073],[132.35951,33.51123],[132.35923,33.51445],[132.35748,33.51595]]]]}},{"type":"Feature","properties":{"code":"38484","name":"北宇和郡松野町","pref":"愛媛県","pref_code":"38","cx":132.72084,"cy":33.20712,"bbox":[132.63442,33.13485,132.78734,33.27708]},"geometry":{"type":"Polygon","coordinates":[[[132.63709,33.18476],[132.63713,33.18277],[132.63442,33.17879],[132.63873,33.17361],[132.64423,33.17292],[132.64668,33.17186],[132.64878,33.16794],[132.65117,33.16707],[132.65966,33.16001],[132.66238,33.15442],[132.66777,33.15166],[132.67356,33.14998],[132.68036,33.1442],[132.68347,33.13913],[132.68689,33.13485],[132.69584,33.13759],[132.69585,33.14261],[132.6986,33.14641],[132.70682,33.15062],[132.71056,33.15316],[132.71196,33.15606],[132.71423,33.15658],[132.71718,33.15988],[132.71955,33.16679],[132.72581,33.16828],[132.73131,33.17395],[132.73159,33.1764],[132.73465,33.18022],[132.73784,33.18216],[132.73722,33.18633],[132.74191,33.18974],[132.73925,33.19242],[132.73842,33.19584],[132.74064,33.20128],[132.74292,33.20104],[132.74848,33.20349],[132.75075,33.20248],[132.75944,33.2017],[132.76546,33.20423],[132.76796,33.20328],[132.77185,33.20554],[132.77535,33.20582],[132.77594,33.20841],[132.77316,33.21244],[132.77359,33.21797],[132.77086,33.22104],[132.77114,33.22631],[132.7746,33.22835],[132.77491,33.23399],[132.77217,33.23857],[132.77192,33.24106],[132.77761,33.24614],[132.77773,33.25153],[132.77961,33.25617],[132.78217,33.25696],[132.78734,33.26258],[132.78714,33.26704],[132.78354,33.26781],[132.78106,33.27002],[132.78002,33.27435],[132.77563,33.2769],[132.77232,33.27708],[132.77007,33.2723],[132.76768,33.26927],[132.76573,33.26864],[132.76386,33.26506],[132.76098,33.26175],[132.75612,33.25937],[132.74996,33.25894],[132.74679,33.26115],[132.74279,33.26148],[132.73846,33.25627],[132.73441,33.25392],[132.73183,33.2468],[132.72809,33.24351],[132.72282,33.24433],[132.71908,33.24626],[132.71763,33.24256],[132.71346,33.24196],[132.70842,33.2462],[132.70436,33.24315],[132.70227,33.24573],[132.6959,33.24431],[132.69313,33.24229],[132.68946,33.24343],[132.68545,33.24252],[132.67948,33.23907],[132.67929,33.23378],[132.68066,33.23293],[132.67961,33.22911],[132.67474,33.2263],[132.67285,33.22438],[132.66819,33.22216],[132.66514,33.21706],[132.65865,33.21374],[132.6686,33.2048],[132.66013,33.19817],[132.65702,33.19473],[132.65137,33.19423],[132.64925,33.19109],[132.64216,33.1868],[132.63709,33.18476]]]}},{"type":"Feature","properties":{"code":"38488","name":"北宇和郡鬼北町","pref":"愛媛県","pref_code":"38","cx":132.76427,"cy":33.29488,"bbox":[132.60175,33.20089,132.90334,33.38822]},"geometry":{"type":"Polygon","coordinates":[[[132.65865,33.21374],[132.66514,33.21706],[132.66819,33.22216],[132.67285,33.22438],[132.67474,33.2263],[132.67961,33.22911],[132.68066,33.23293],[132.67929,33.23378],[132.67948,33.23907],[132.68545,33.24252],[132.68946,33.24343],[132.69313,33.24229],[132.6959,33.24431],[132.70227,33.24573],[132.70436,33.24315],[132.70842,33.2462],[132.71346,33.24196],[132.71763,33.24256],[132.71908,33.24626],[132.72282,33.24433],[132.72809,33.24351],[132.73183,33.2468],[132.73441,33.25392],[132.73846,33.25627],[132.74279,33.26148],[132.74679,33.26115],[132.74996,33.25894],[132.75612,33.25937],[132.76098,33.26175],[132.76386,33.26506],[132.76573,33.26864],[132.76768,33.26927],[132.77007,33.2723],[132.77232,33.27708],[132.77563,33.2769],[132.78002,33.27435],[132.78106,33.27002],[132.78354,33.26781],[132.78714,33.26704],[132.78914,33.27047],[132.79312,33.27484],[132.79591,33.27416],[132.80051,33.2755],[132.80359,33.27749],[132.80994,33.28017],[132.81454,33.28066],[132.81756,33.28383],[132.8244,33.28223],[132.83263,33.2854],[132.83485,33.28802],[132.83763,33.2894],[132.83955,33.28786],[132.84972,33.28964],[132.85137,33.29155],[132.8577,33.29319],[132.86306,33.29777],[132.87165,33.3031],[132.87246,33.30493],[132.87589,33.3052],[132.88495,33.3071],[132.89314,33.31189],[132.89552,33.312],[132.89855,33.3147],[132.90067,33.32062],[132.89898,33.32445],[132.90334,33.33014],[132.90177,33.33576],[132.90288,33.33804],[132.90044,33.34374],[132.89473,33.34953],[132.89379,33.35252],[132.89114,33.35471],[132.89013,33.35751],[132.88706,33.35871],[132.8838,33.36235],[132.87937,33.36254],[132.87413,33.36396],[132.87198,33.3659],[132.86674,33.3681],[132.86504,33.36741],[132.86002,33.36846],[132.85907,33.37391],[132.85658,33.37811],[132.8565,33.38259],[132.85305,33.38822],[132.85187,33.38607],[132.84619,33.38102],[132.84022,33.37764],[132.83753,33.37872],[132.83373,33.37583],[132.82552,33.37303],[132.82605,33.3699],[132.82517,33.3667],[132.82208,33.36141],[132.82137,33.3571],[132.81937,33.35678],[132.81471,33.35305],[132.8124,33.34985],[132.8089,33.34829],[132.80817,33.34653],[132.80336,33.34317],[132.79823,33.34387],[132.791,33.34359],[132.78823,33.34633],[132.78456,33.34665],[132.78442,33.35094],[132.78278,33.35448],[132.78064,33.35596],[132.77624,33.35344],[132.77368,33.35086],[132.76917,33.35006],[132.76581,33.34835],[132.75882,33.34647],[132.75672,33.34406],[132.75387,33.34394],[132.74924,33.34577],[132.74169,33.345],[132.73449,33.343],[132.73075,33.34601],[132.72711,33.34454],[132.72539,33.3456],[132.72491,33.34859],[132.72317,33.35053],[132.71999,33.35079],[132.71812,33.34772],[132.71401,33.34492],[132.70826,33.34656],[132.70572,33.34598],[132.70338,33.34798],[132.69999,33.3473],[132.69585,33.34893],[132.6875,33.34936],[132.67932,33.34835],[132.67829,33.35005],[132.66237,33.34895],[132.66135,33.34774],[132.66042,33.33906],[132.65763,33.3362],[132.65693,33.33234],[132.66256,33.32905],[132.66462,33.32533],[132.66809,33.32309],[132.66784,33.31626],[132.66623,33.3116],[132.66651,33.30217],[132.66877,33.29658],[132.66909,33.29064],[132.67105,33.29029],[132.67342,33.28364],[132.67304,33.27785],[132.67083,33.27493],[132.66604,33.27741],[132.66595,33.2805],[132.65972,33.28337],[132.65514,33.27985],[132.65395,33.2748],[132.65106,33.27617],[132.64942,33.27512],[132.64271,33.27468],[132.63762,33.27534],[132.63632,33.27777],[132.63052,33.27779],[132.62513,33.27695],[132.62027,33.2782],[132.62064,33.27402],[132.61971,33.27124],[132.61933,33.26451],[132.61615,33.26085],[132.60815,33.26143],[132.6073,33.25839],[132.60175,33.25185],[132.60495,33.24753],[132.60924,33.24612],[132.60809,33.24212],[132.61034,33.2378],[132.61264,33.23601],[132.61284,33.22923],[132.61488,33.21952],[132.61346,33.21744],[132.6133,33.21273],[132.61419,33.2104],[132.61216,33.20586],[132.61227,33.20304],[132.61655,33.20089],[132.62566,33.20271],[132.62956,33.20544],[132.63465,33.20758],[132.63641,33.21232],[132.6421,33.21342],[132.64431,33.21275],[132.65345,33.21421],[132.65865,33.21374]]]}},{"type":"Feature","properties":{"code":"38506","name":"南宇和郡愛南町","pref":"愛媛県","pref_code":"38","cx":132.59814,"cy":32.98267,"bbox":[132.37859,32.90218,132.69152,33.06345]},"geometry":{"type":"MultiPolygon","coordinates":[[[[132.40537,32.94616],[132.40358,32.94437],[132.40394,32.93798],[132.40259,32.93433],[132.40705,32.9358],[132.4051,32.93735],[132.4057,32.94104],[132.40537,32.94616]]],[[[132.45518,32.9521],[132.45342,32.9488],[132.45029,32.94714],[132.44704,32.94811],[132.44188,32.94375],[132.43562,32.94303],[132.43695,32.9407],[132.4447,32.94053],[132.44699,32.94323],[132.45031,32.94384],[132.45547,32.94284],[132.45862,32.94637],[132.45831,32.95007],[132.45518,32.9521]]],[[[132.37859,33.02288],[132.38325,33.01829],[132.38672,33.02072],[132.39363,33.01995],[132.39439,33.01412],[132.39701,33.01439],[132.39542,33.0179],[132.39697,33.02245],[132.39968,33.02306],[132.39912,33.02575],[132.40133,33.02788],[132.40477,33.02911],[132.40709,33.02739],[132.41056,33.02683],[132.40413,33.03464],[132.40863,33.0402],[132.40975,33.04591],[132.40744,33.04803],[132.4086,33.05039],[132.40754,33.0549],[132.41199,33.05655],[132.41433,33.05494],[132.41805,33.05807],[132.4229,33.05448],[132.42498,33.05522],[132.42928,33.05277],[132.42868,33.04952],[132.43169,33.04763],[132.43215,33.05099],[132.43745,33.05165],[132.44297,33.04811],[132.44289,33.04191],[132.44556,33.04223],[132.45043,33.03933],[132.45225,33.03518],[132.4555,33.03887],[132.45087,33.04139],[132.44939,33.04416],[132.44964,33.04796],[132.45361,33.04752],[132.45608,33.0492],[132.46006,33.04623],[132.46137,33.04781],[132.46597,33.04975],[132.4708,33.04927],[132.46892,33.04526],[132.4689,33.04071],[132.47456,33.04209],[132.47479,33.04644],[132.48044,33.04948],[132.48519,33.04642],[132.48588,33.04218],[132.48347,33.03287],[132.48144,33.03052],[132.48147,33.02795],[132.48427,33.02434],[132.48495,33.01067],[132.4905,33.01089],[132.49047,33.01494],[132.49498,33.0184],[132.49602,33.01212],[132.50226,33.0086],[132.50605,33.00495],[132.5061,33.00275],[132.50318,33.00186],[132.50251,32.99966],[132.50359,32.99562],[132.5006,32.9938],[132.50413,32.98774],[132.50771,32.98379],[132.50941,32.98314],[132.51123,32.97674],[132.5142,32.97574],[132.52103,32.9762],[132.52472,32.97747],[132.52366,32.97363],[132.52502,32.97161],[132.52948,32.97178],[132.53253,32.97364],[132.53728,32.9686],[132.53992,32.97073],[132.5422,32.97009],[132.54526,32.96532],[132.55118,32.9636],[132.55389,32.96025],[132.55267,32.95743],[132.55033,32.95686],[132.54766,32.95902],[132.54449,32.95995],[132.5418,32.96221],[132.53738,32.96418],[132.53105,32.96575],[132.52797,32.9622],[132.52785,32.95989],[132.52351,32.96143],[132.52237,32.96476],[132.51932,32.96149],[132.51647,32.96089],[132.5152,32.96643],[132.51372,32.96732],[132.50811,32.96763],[132.50534,32.96653],[132.506,32.96369],[132.49964,32.96509],[132.50117,32.96867],[132.50153,32.97318],[132.49632,32.97534],[132.49619,32.97721],[132.50087,32.97948],[132.49573,32.98571],[132.493,32.98474],[132.48827,32.98067],[132.48491,32.98065],[132.4867,32.97341],[132.4788,32.97176],[132.47346,32.97203],[132.47167,32.96856],[132.47754,32.96936],[132.48099,32.96779],[132.48291,32.96437],[132.48164,32.96152],[132.48634,32.96135],[132.48985,32.95941],[132.49532,32.9584],[132.50279,32.95605],[132.50092,32.95357],[132.49982,32.94852],[132.49434,32.94792],[132.49584,32.94379],[132.49376,32.94071],[132.49071,32.93996],[132.48732,32.94179],[132.48163,32.93817],[132.47743,32.93789],[132.47672,32.94016],[132.46875,32.93985],[132.46556,32.94249],[132.46259,32.94148],[132.46053,32.93815],[132.46272,32.93613],[132.4684,32.93632],[132.47123,32.93448],[132.47236,32.9313],[132.47347,32.92338],[132.4775,32.92228],[132.47778,32.91878],[132.47493,32.91519],[132.47682,32.91308],[132.47729,32.90955],[132.47224,32.90754],[132.47641,32.90464],[132.48472,32.90456],[132.48923,32.90218],[132.49645,32.90341],[132.49926,32.9055],[132.50493,32.90486],[132.50672,32.90354],[132.51246,32.90285],[132.51527,32.90322],[132.51744,32.90594],[132.52164,32.90831],[132.51888,32.91034],[132.52152,32.9135],[132.52587,32.91368],[132.52708,32.91983],[132.52033,32.91974],[132.51521,32.91852],[132.5119,32.91644],[132.50495,32.91467],[132.50077,32.91494],[132.49723,32.91944],[132.50636,32.92593],[132.5105,32.9269],[132.51614,32.93215],[132.52177,32.9317],[132.52434,32.93375],[132.51756,32.93691],[132.51511,32.94149],[132.51286,32.93987],[132.50921,32.9402],[132.50436,32.94304],[132.50482,32.947],[132.50744,32.94705],[132.51267,32.95013],[132.51633,32.94843],[132.51859,32.94972],[132.52525,32.94871],[132.52534,32.94552],[132.52803,32.94554],[132.53103,32.94856],[132.53615,32.94837],[132.53784,32.94712],[132.53697,32.9422],[132.53548,32.94066],[132.54021,32.93908],[132.53992,32.93617],[132.54604,32.93474],[132.54972,32.93276],[132.5533,32.93395],[132.55637,32.93345],[132.56158,32.93076],[132.56595,32.93026],[132.56694,32.93232],[132.56261,32.93346],[132.5591,32.93696],[132.55509,32.93768],[132.55436,32.93925],[132.5499,32.93885],[132.54973,32.94238],[132.5481,32.94486],[132.55134,32.9471],[132.55459,32.94446],[132.55707,32.94675],[132.56241,32.94438],[132.56402,32.9472],[132.57185,32.94615],[132.57507,32.94477],[132.57429,32.94238],[132.57761,32.93915],[132.57985,32.94179],[132.5882,32.94247],[132.59312,32.94581],[132.59928,32.94508],[132.59683,32.94329],[132.59157,32.9412],[132.58984,32.9392],[132.58721,32.93881],[132.58607,32.93456],[132.58811,32.9293],[132.59047,32.92812],[132.59035,32.9257],[132.59233,32.92392],[132.59544,32.92483],[132.59868,32.92291],[132.59899,32.91998],[132.59604,32.91705],[132.5971,32.91363],[132.59903,32.91262],[132.60607,32.91578],[132.60878,32.91563],[132.61431,32.91828],[132.62077,32.92027],[132.62791,32.92395],[132.63086,32.92398],[132.64728,32.92811],[132.65128,32.92766],[132.65481,32.9258],[132.65627,32.93231],[132.65247,32.93915],[132.65528,32.94096],[132.65868,32.94013],[132.66067,32.94248],[132.66567,32.94176],[132.66811,32.94299],[132.67099,32.94231],[132.67588,32.94394],[132.67825,32.94296],[132.68339,32.94683],[132.68451,32.94957],[132.68205,32.95586],[132.68347,32.96314],[132.68694,32.96459],[132.68621,32.96786],[132.69152,32.97357],[132.6909,32.97557],[132.68744,32.97581],[132.68707,32.9822],[132.68418,32.98622],[132.68415,32.98943],[132.68138,32.99382],[132.68672,32.99735],[132.6839,33.00405],[132.68026,33.0086],[132.67701,33.01106],[132.67861,33.01355],[132.6757,33.01674],[132.67552,33.02239],[132.67743,33.02504],[132.67867,33.0294],[132.67796,33.038],[132.6746,33.04068],[132.67122,33.04591],[132.66619,33.04871],[132.66107,33.05534],[132.65767,33.05706],[132.65164,33.05694],[132.63736,33.06345],[132.6313,33.06032],[132.62771,33.05678],[132.61874,33.05098],[132.61134,33.05167],[132.60713,33.0542],[132.60363,33.0538],[132.59771,33.05472],[132.59521,33.05136],[132.5904,33.05056],[132.58645,33.04759],[132.58256,33.04654],[132.57878,33.04758],[132.57681,33.04544],[132.57648,33.04281],[132.56675,33.0402],[132.56328,33.04001],[132.55683,33.04183],[132.551,33.042],[132.54509,33.04328],[132.54249,33.04238],[132.5407,33.03982],[132.53351,33.03559],[132.52866,33.03889],[132.52411,33.03833],[132.51916,33.04146],[132.51542,33.04055],[132.51275,33.04111],[132.50662,33.03898],[132.50347,33.04237],[132.49879,33.0441],[132.49391,33.04444],[132.48863,33.04842],[132.48122,33.05302],[132.47844,33.05231],[132.47433,33.05315],[132.47016,33.0555],[132.46286,33.05544],[132.45965,33.05257],[132.45771,33.05287],[132.45154,33.05152],[132.44066,33.05378],[132.43403,33.05215],[132.42335,33.05716],[132.42227,33.05988],[132.41513,33.0608],[132.41005,33.06016],[132.40334,33.05628],[132.40395,33.05248],[132.40526,33.05125],[132.40612,33.04423],[132.40517,33.03943],[132.4005,33.03515],[132.39945,33.02896],[132.39713,33.02527],[132.39334,33.02266],[132.37859,33.02288]]]]}},{"type":"Feature","properties":{"code":"39201","name":"高知市","pref":"高知県","pref_code":"39","cx":133.53929,"cy":33.57056,"bbox":[133.39501,33.45793,133.62535,33.68189]},"geometry":{"type":"Polygon","coordinates":[[[133.56339,33.66601],[133.55474,33.66631],[133.55025,33.66318],[133.54044,33.66492],[133.53857,33.67349],[133.53561,33.67792],[133.53051,33.67804],[133.51553,33.68189],[133.51538,33.67917],[133.5058,33.66982],[133.4993,33.66886],[133.49459,33.67103],[133.4878,33.66965],[133.48084,33.67091],[133.47342,33.67119],[133.46962,33.66593],[133.46469,33.66164],[133.46045,33.66291],[133.45577,33.66632],[133.45334,33.67043],[133.44943,33.67227],[133.43649,33.67051],[133.43385,33.66794],[133.42766,33.66491],[133.41268,33.66053],[133.40064,33.65069],[133.39955,33.64303],[133.39501,33.63989],[133.39575,33.62913],[133.39898,33.61966],[133.4062,33.61748],[133.40928,33.61874],[133.4128,33.61474],[133.41574,33.60826],[133.409,33.60492],[133.40613,33.59936],[133.40137,33.59536],[133.40196,33.59209],[133.41315,33.58703],[133.41291,33.58173],[133.41824,33.57616],[133.42914,33.5747],[133.43346,33.57582],[133.43847,33.57211],[133.44263,33.57143],[133.44659,33.56726],[133.45247,33.57207],[133.45814,33.57398],[133.46311,33.57326],[133.46902,33.56601],[133.47205,33.56616],[133.4745,33.56273],[133.47147,33.55687],[133.46786,33.55392],[133.46574,33.54527],[133.46314,33.54433],[133.46485,33.53853],[133.46311,33.53561],[133.45829,33.53501],[133.45598,33.53264],[133.45827,33.52691],[133.45801,33.5237],[133.44907,33.51439],[133.44167,33.51358],[133.43657,33.51006],[133.44216,33.49938],[133.44473,33.49655],[133.45672,33.49083],[133.4616,33.48356],[133.46095,33.47563],[133.47076,33.46796],[133.47951,33.45793],[133.48454,33.46127],[133.4987,33.46671],[133.50474,33.46797],[133.51042,33.4736],[133.51433,33.47557],[133.54462,33.48708],[133.57275,33.49546],[133.57656,33.49828],[133.57724,33.50084],[133.56796,33.49915],[133.563,33.49651],[133.55697,33.50517],[133.55967,33.50848],[133.55355,33.51001],[133.54762,33.51756],[133.54847,33.52052],[133.54619,33.52294],[133.5482,33.52523],[133.56101,33.53018],[133.56118,33.53545],[133.55901,33.53875],[133.56053,33.54213],[133.56604,33.54342],[133.5694,33.54273],[133.57144,33.53906],[133.56685,33.53559],[133.56538,33.53115],[133.56478,33.51463],[133.56948,33.51535],[133.56919,33.51182],[133.5626,33.50411],[133.56433,33.50117],[133.57052,33.50186],[133.57722,33.51015],[133.58413,33.51296],[133.58576,33.50868],[133.58823,33.50887],[133.59236,33.51337],[133.5908,33.51595],[133.60143,33.51957],[133.60263,33.53256],[133.60688,33.53598],[133.60647,33.54189],[133.6094,33.54591],[133.61673,33.54808],[133.61585,33.55232],[133.62329,33.5581],[133.62535,33.56792],[133.6195,33.56968],[133.61454,33.56799],[133.61203,33.57304],[133.61853,33.5744],[133.62329,33.57301],[133.62437,33.57677],[133.60841,33.58048],[133.61005,33.5887],[133.60829,33.59095],[133.60444,33.58911],[133.60258,33.5909],[133.59594,33.59045],[133.59232,33.59351],[133.58857,33.59385],[133.58629,33.59624],[133.58546,33.60044],[133.58222,33.60188],[133.57603,33.60964],[133.57747,33.6152],[133.57199,33.6253],[133.57387,33.63038],[133.57826,33.6303],[133.58492,33.63538],[133.58192,33.64232],[133.57943,33.64472],[133.58132,33.64731],[133.57836,33.65297],[133.57292,33.65834],[133.56844,33.66045],[133.56339,33.66601]]]}},{"type":"Feature","properties":{"code":"39202","name":"室戸市","pref":"高知県","pref_code":"39","cx":134.131,"cy":33.36569,"bbox":[134.03377,33.24315,134.23531,33.48769]},"geometry":{"type":"Polygon","coordinates":[[[134.23531,33.44211],[134.22777,33.45086],[134.22926,33.45535],[134.22669,33.46092],[134.22159,33.46115],[134.22016,33.46298],[134.20898,33.47171],[134.20685,33.4792],[134.20322,33.48066],[134.20193,33.48423],[134.19506,33.48769],[134.1921,33.48589],[134.17572,33.48447],[134.16948,33.47942],[134.16463,33.47812],[134.16148,33.47885],[134.15542,33.47737],[134.1442,33.46828],[134.13758,33.47077],[134.13708,33.47279],[134.13187,33.47462],[134.12573,33.46599],[134.11844,33.46074],[134.11272,33.45777],[134.11236,33.4546],[134.10937,33.45097],[134.10724,33.44309],[134.09571,33.44008],[134.09568,33.43273],[134.08722,33.42745],[134.08841,33.42255],[134.08684,33.41662],[134.07589,33.4136],[134.06857,33.40761],[134.07061,33.40475],[134.06758,33.40288],[134.06855,33.40025],[134.06602,33.39614],[134.05613,33.3922],[134.05255,33.3917],[134.04763,33.38617],[134.03759,33.38215],[134.03377,33.37841],[134.03904,33.37061],[134.04134,33.3721],[134.04893,33.37069],[134.05366,33.36845],[134.0591,33.36343],[134.06174,33.36249],[134.06669,33.35765],[134.07061,33.35103],[134.07349,33.348],[134.07579,33.34265],[134.08083,33.33713],[134.08327,33.33673],[134.09945,33.32973],[134.10549,33.32291],[134.10735,33.31312],[134.10912,33.30962],[134.10933,33.30347],[134.10728,33.29865],[134.11159,33.29393],[134.11853,33.29595],[134.12058,33.29906],[134.12958,33.29898],[134.13605,33.29717],[134.13829,33.29306],[134.14341,33.29066],[134.14479,33.28684],[134.1501,33.284],[134.15447,33.27687],[134.16137,33.26823],[134.16442,33.26613],[134.16759,33.26039],[134.17272,33.24629],[134.17635,33.24315],[134.18146,33.24922],[134.18502,33.26407],[134.1856,33.27425],[134.18744,33.28216],[134.18653,33.29235],[134.18881,33.29829],[134.18869,33.30122],[134.19245,33.30715],[134.19239,33.31256],[134.19406,33.32037],[134.19575,33.32161],[134.1985,33.32969],[134.19866,33.34338],[134.20011,33.35018],[134.20326,33.353],[134.20165,33.35559],[134.20525,33.36212],[134.20542,33.36796],[134.21191,33.37733],[134.21406,33.38852],[134.2108,33.39277],[134.2119,33.4006],[134.2174,33.4101],[134.2236,33.42218],[134.23465,33.43769],[134.23531,33.44211]]]}},{"type":"Feature","properties":{"code":"39203","name":"安芸市","pref":"高知県","pref_code":"39","cx":133.93963,"cy":33.58173,"bbox":[133.82006,33.4462,134.07051,33.7203]},"geometry":{"type":"Polygon","coordinates":[[[134.05806,33.69103],[134.0566,33.69391],[134.06477,33.69854],[134.06352,33.70014],[134.06471,33.70655],[134.06642,33.70951],[134.0701,33.7112],[134.06504,33.71945],[134.06163,33.7203],[134.05257,33.71523],[134.04184,33.71412],[134.03528,33.71199],[134.02719,33.71878],[134.01955,33.71241],[134.01474,33.71387],[134.0074,33.71236],[134.00184,33.71248],[133.99605,33.70845],[133.9946,33.69918],[133.99059,33.69353],[133.98101,33.68815],[133.97762,33.68864],[133.97372,33.68225],[133.96799,33.67909],[133.97058,33.67718],[133.96812,33.67378],[133.9638,33.67354],[133.96016,33.66609],[133.94465,33.66019],[133.94446,33.65581],[133.94199,33.6554],[133.93477,33.65076],[133.93193,33.6519],[133.92577,33.64779],[133.91621,33.64417],[133.90914,33.64871],[133.90537,33.64708],[133.90097,33.64724],[133.90081,33.65271],[133.89829,33.65816],[133.89388,33.65422],[133.88645,33.65301],[133.88474,33.64895],[133.88205,33.64754],[133.88071,33.6434],[133.87649,33.64156],[133.87977,33.63422],[133.87824,33.63178],[133.87994,33.62799],[133.87441,33.62407],[133.87259,33.618],[133.87604,33.61621],[133.87597,33.61218],[133.87082,33.60785],[133.86571,33.60602],[133.86117,33.60654],[133.85692,33.6038],[133.8565,33.60087],[133.86653,33.59201],[133.86814,33.58566],[133.8698,33.58447],[133.86958,33.57884],[133.8721,33.57273],[133.8694,33.57094],[133.8687,33.56409],[133.86534,33.56298],[133.85934,33.55789],[133.85898,33.55354],[133.85601,33.54445],[133.85653,33.53642],[133.85116,33.52842],[133.84646,33.52771],[133.84384,33.52519],[133.83712,33.52148],[133.836,33.52846],[133.82776,33.52404],[133.82512,33.52544],[133.82063,33.51809],[133.82006,33.5153],[133.82984,33.51406],[133.83565,33.51246],[133.83798,33.508],[133.84358,33.50619],[133.85682,33.50584],[133.88064,33.50262],[133.89147,33.49909],[133.90474,33.49659],[133.92255,33.49191],[133.9319,33.48862],[133.93667,33.48564],[133.9443,33.47525],[133.94427,33.47105],[133.94225,33.46884],[133.94163,33.46341],[133.94677,33.45629],[133.94969,33.45031],[133.95587,33.4462],[133.9596,33.45101],[133.95992,33.4574],[133.96425,33.4623],[133.96827,33.46903],[133.97303,33.47095],[133.97647,33.47048],[133.97754,33.4742],[133.98161,33.47819],[133.97867,33.48307],[133.98427,33.48773],[133.98285,33.48956],[133.9857,33.49551],[133.98967,33.49798],[133.98765,33.50435],[133.99078,33.5118],[133.99701,33.51695],[134.00167,33.51771],[134.00802,33.52812],[134.00858,33.53078],[134.01418,33.53859],[134.01741,33.53879],[134.01916,33.54211],[134.02567,33.54707],[134.02808,33.5495],[134.03043,33.55517],[134.02711,33.55972],[134.02745,33.56306],[134.02084,33.57004],[134.01231,33.56811],[134.00849,33.57258],[134.00693,33.57697],[134.00932,33.57899],[134.00999,33.58654],[134.0138,33.58896],[134.0192,33.58783],[134.02123,33.59098],[134.01987,33.59709],[134.02261,33.60288],[134.01884,33.60531],[134.01443,33.60547],[134.01301,33.60791],[134.01721,33.61175],[134.0191,33.62071],[134.02276,33.62467],[134.02269,33.62804],[134.02649,33.63229],[134.02677,33.63572],[134.03102,33.64036],[134.03467,33.63816],[134.04488,33.64561],[134.05096,33.64433],[134.05566,33.64648],[134.05487,33.65183],[134.06098,33.6551],[134.06356,33.65828],[134.06801,33.6606],[134.07051,33.66358],[134.06881,33.66813],[134.06287,33.67182],[134.05229,33.67285],[134.04719,33.67793],[134.04717,33.6796],[134.05263,33.68337],[134.05442,33.6879],[134.05806,33.69103]]]}},{"type":"Feature","properties":{"code":"39204","name":"南国市","pref":"高知県","pref_code":"39","cx":133.61984,"cy":33.61277,"bbox":[133.55987,33.51957,133.68528,33.70616]},"geometry":{"type":"Polygon","coordinates":[[[133.60143,33.51957],[133.63194,33.52576],[133.64223,33.52728],[133.65766,33.53075],[133.68188,33.534],[133.68026,33.53754],[133.68078,33.54152],[133.68528,33.54099],[133.68521,33.54435],[133.68041,33.55819],[133.6797,33.56581],[133.68205,33.57072],[133.68247,33.5766],[133.68445,33.57968],[133.68381,33.58507],[133.67627,33.58476],[133.6768,33.58783],[133.67089,33.5889],[133.67234,33.5926],[133.66799,33.60825],[133.66237,33.61033],[133.66496,33.62358],[133.66297,33.62931],[133.66664,33.63422],[133.66479,33.6548],[133.66485,33.65914],[133.66034,33.65856],[133.65077,33.65479],[133.64274,33.65679],[133.63947,33.66364],[133.63466,33.66471],[133.61971,33.66132],[133.6179,33.6632],[133.61736,33.67069],[133.61499,33.67757],[133.60991,33.68359],[133.60684,33.68859],[133.6012,33.69119],[133.59669,33.70181],[133.59378,33.70224],[133.58914,33.70616],[133.58338,33.70564],[133.58044,33.70379],[133.57859,33.69968],[133.56812,33.69423],[133.55987,33.69254],[133.56593,33.68194],[133.56395,33.67904],[133.56537,33.6744],[133.5653,33.66971],[133.56339,33.66601],[133.56844,33.66045],[133.57292,33.65834],[133.57836,33.65297],[133.58132,33.64731],[133.57943,33.64472],[133.58192,33.64232],[133.58492,33.63538],[133.57826,33.6303],[133.57387,33.63038],[133.57199,33.6253],[133.57747,33.6152],[133.57603,33.60964],[133.58222,33.60188],[133.58546,33.60044],[133.58629,33.59624],[133.58857,33.59385],[133.59232,33.59351],[133.59594,33.59045],[133.60258,33.5909],[133.60444,33.58911],[133.60829,33.59095],[133.61005,33.5887],[133.60841,33.58048],[133.62437,33.57677],[133.62329,33.57301],[133.61853,33.5744],[133.61203,33.57304],[133.61454,33.56799],[133.6195,33.56968],[133.62535,33.56792],[133.62329,33.5581],[133.61585,33.55232],[133.61673,33.54808],[133.6094,33.54591],[133.60647,33.54189],[133.60688,33.53598],[133.60263,33.53256],[133.60143,33.51957]]]}},{"type":"Feature","properties":{"code":"39205","name":"土佐市","pref":"高知県","pref_code":"39","cx":133.39332,"cy":33.47945,"bbox":[133.30559,33.41959,133.47951,33.52282]},"geometry":{"type":"MultiPolygon","coordinates":[[[[133.44294,33.41959],[133.44565,33.42122],[133.45698,33.41984],[133.45826,33.42766],[133.46239,33.42944],[133.45754,33.43337],[133.45498,33.43149],[133.44874,33.43466],[133.44483,33.43924],[133.44164,33.43936],[133.43946,33.43318],[133.43543,33.4334],[133.43439,33.42821],[133.43749,33.42373],[133.44294,33.41959]]],[[[133.43657,33.51006],[133.43164,33.51807],[133.43013,33.52282],[133.41074,33.52037],[133.40811,33.52109],[133.39385,33.51896],[133.39216,33.51599],[133.39566,33.51123],[133.38543,33.5097],[133.38045,33.5109],[133.37661,33.50877],[133.37157,33.50811],[133.36334,33.50514],[133.3582,33.50215],[133.34412,33.49788],[133.33714,33.49871],[133.33598,33.5016],[133.32987,33.49823],[133.32563,33.49408],[133.32293,33.4896],[133.32717,33.48176],[133.32358,33.47714],[133.31953,33.47457],[133.3084,33.47004],[133.30706,33.46242],[133.30559,33.45915],[133.30613,33.45184],[133.30819,33.44987],[133.31168,33.43811],[133.31035,33.43559],[133.31436,33.43214],[133.32418,33.43335],[133.32474,33.4352],[133.33055,33.43997],[133.34513,33.44039],[133.3499,33.44121],[133.35484,33.44588],[133.35468,33.45042],[133.36016,33.45308],[133.36518,33.45234],[133.37315,33.44515],[133.37612,33.44583],[133.37778,33.44953],[133.38408,33.45373],[133.38627,33.45684],[133.39267,33.45643],[133.39923,33.45955],[133.40071,33.46518],[133.40418,33.4675],[133.40822,33.46806],[133.41463,33.46682],[133.42281,33.46339],[133.42948,33.46373],[133.43121,33.45806],[133.42891,33.45466],[133.43189,33.44831],[133.42933,33.44553],[133.42906,33.44226],[133.43224,33.43721],[133.43729,33.43929],[133.4386,33.4455],[133.44121,33.44915],[133.4472,33.45172],[133.45128,33.44928],[133.45922,33.44855],[133.46709,33.45371],[133.47815,33.45859],[133.47951,33.45793],[133.47076,33.46796],[133.46095,33.47563],[133.4616,33.48356],[133.45672,33.49083],[133.44473,33.49655],[133.44216,33.49938],[133.43657,33.51006]]]]}},{"type":"Feature","properties":{"code":"39206","name":"須崎市","pref":"高知県","pref_code":"39","cx":133.33952,"cy":33.40437,"bbox":[133.17523,33.34057,133.44294,33.46806]},"geometry":{"type":"MultiPolygon","coordinates":[[[[133.30175,33.36422],[133.29813,33.36205],[133.29986,33.35884],[133.30372,33.36239],[133.30175,33.36422]]],[[[133.43439,33.42821],[133.43029,33.42973],[133.42425,33.42899],[133.4214,33.43631],[133.4164,33.43908],[133.41303,33.43344],[133.40854,33.42795],[133.40751,33.4237],[133.40413,33.42559],[133.39972,33.41944],[133.39821,33.42358],[133.39463,33.42119],[133.39181,33.41731],[133.38614,33.42142],[133.38482,33.41303],[133.37948,33.41355],[133.38027,33.41767],[133.36929,33.42335],[133.36869,33.41996],[133.3707,33.41679],[133.36866,33.41443],[133.36894,33.40961],[133.36633,33.40714],[133.3597,33.40772],[133.3594,33.40945],[133.36477,33.4114],[133.36197,33.4153],[133.35108,33.41606],[133.3555,33.42023],[133.36061,33.42126],[133.3641,33.42601],[133.36985,33.43048],[133.37685,33.42862],[133.38746,33.4318],[133.38723,33.42761],[133.39698,33.42963],[133.39739,33.4314],[133.40681,33.43361],[133.40613,33.4367],[133.39785,33.44528],[133.4018,33.4451],[133.40573,33.44758],[133.41089,33.44311],[133.41514,33.44429],[133.42144,33.44999],[133.42418,33.44779],[133.42298,33.44378],[133.42382,33.43999],[133.43224,33.43721],[133.42906,33.44226],[133.42933,33.44553],[133.43189,33.44831],[133.42891,33.45466],[133.43121,33.45806],[133.42948,33.46373],[133.42281,33.46339],[133.41463,33.46682],[133.40822,33.46806],[133.40418,33.4675],[133.40071,33.46518],[133.39923,33.45955],[133.39267,33.45643],[133.38627,33.45684],[133.38408,33.45373],[133.37778,33.44953],[133.37612,33.44583],[133.37315,33.44515],[133.36518,33.45234],[133.36016,33.45308],[133.35468,33.45042],[133.35484,33.44588],[133.3499,33.44121],[133.34513,33.44039],[133.33055,33.43997],[133.32474,33.4352],[133.32418,33.43335],[133.31436,33.43214],[133.31035,33.43559],[133.31168,33.43811],[133.30819,33.44987],[133.30613,33.45184],[133.30559,33.45915],[133.29381,33.45203],[133.28708,33.44661],[133.28316,33.44671],[133.2804,33.44354],[133.27502,33.44069],[133.27142,33.44029],[133.25824,33.4414],[133.25622,33.43759],[133.2512,33.43326],[133.2454,33.43107],[133.24283,33.43265],[133.23633,33.43135],[133.23198,33.42877],[133.22714,33.42987],[133.22445,33.4289],[133.21715,33.43058],[133.20807,33.42869],[133.20803,33.41811],[133.20652,33.41039],[133.20959,33.40471],[133.20322,33.40286],[133.19551,33.39782],[133.18372,33.39994],[133.17548,33.39865],[133.17523,33.39366],[133.17913,33.38313],[133.17599,33.37935],[133.17716,33.37636],[133.18371,33.37829],[133.19525,33.37777],[133.20066,33.38087],[133.20906,33.38219],[133.21423,33.37848],[133.22522,33.38007],[133.22801,33.37913],[133.22865,33.3736],[133.23122,33.36941],[133.23523,33.3666],[133.24099,33.36479],[133.24375,33.35798],[133.24956,33.35391],[133.25066,33.35072],[133.25409,33.34773],[133.26253,33.3426],[133.26383,33.34057],[133.26022,33.34764],[133.26369,33.35075],[133.26202,33.35284],[133.26469,33.35914],[133.25883,33.36329],[133.26159,33.36918],[133.2656,33.36983],[133.27388,33.37521],[133.28104,33.37664],[133.27931,33.3835],[133.28267,33.38626],[133.29245,33.38733],[133.29563,33.3896],[133.29567,33.39311],[133.2882,33.40248],[133.29108,33.40512],[133.29414,33.40332],[133.2985,33.39639],[133.3038,33.39046],[133.30046,33.39037],[133.29577,33.38556],[133.29002,33.38313],[133.2915,33.38103],[133.29614,33.38086],[133.29949,33.37882],[133.29909,33.37497],[133.3037,33.37545],[133.30415,33.37991],[133.30917,33.38007],[133.31042,33.37601],[133.31579,33.3785],[133.31458,33.38085],[133.32023,33.38302],[133.32447,33.37917],[133.32154,33.36865],[133.32424,33.36556],[133.32015,33.36277],[133.31588,33.36496],[133.31846,33.35578],[133.32214,33.36206],[133.32789,33.36533],[133.32803,33.37152],[133.33208,33.37161],[133.33017,33.38073],[133.3296,33.38736],[133.33161,33.39036],[133.33859,33.3924],[133.34039,33.39632],[133.34571,33.40091],[133.35395,33.40001],[133.35888,33.40263],[133.36556,33.40063],[133.3763,33.40138],[133.37994,33.40366],[133.38354,33.40267],[133.389,33.40562],[133.39339,33.4019],[133.39739,33.40417],[133.40148,33.40457],[133.40799,33.39845],[133.40795,33.40486],[133.41248,33.40606],[133.41096,33.40964],[133.41486,33.40995],[133.42102,33.41275],[133.4343,33.41535],[133.44149,33.41389],[133.44294,33.41959],[133.43749,33.42373],[133.43439,33.42821]]]]}},{"type":"Feature","properties":{"code":"39208","name":"宿毛市","pref":"高知県","pref_code":"39","cx":132.75646,"cy":32.97072,"bbox":[132.48003,32.70251,132.8311,33.10914]},"geometry":{"type":"MultiPolygon","coordinates":[[[[132.48982,32.74355],[132.4864,32.7374],[132.49277,32.73743],[132.49415,32.73977],[132.48982,32.74355]]],[[[132.54564,32.75515],[132.54422,32.75005],[132.54724,32.74667],[132.54406,32.74264],[132.54532,32.7401],[132.5425,32.73558],[132.54312,32.73248],[132.5383,32.72754],[132.54321,32.72237],[132.5485,32.71932],[132.55058,32.71382],[132.54503,32.71136],[132.54018,32.70577],[132.54309,32.70251],[132.55396,32.70767],[132.57011,32.7137],[132.57188,32.71743],[132.56701,32.7252],[132.56713,32.72969],[132.57013,32.73628],[132.5676,32.74039],[132.55754,32.74357],[132.55834,32.748],[132.5527,32.74714],[132.55031,32.75233],[132.54564,32.75515]]],[[[132.48747,32.80763],[132.48569,32.80322],[132.48003,32.7999],[132.48081,32.79656],[132.49387,32.79774],[132.49492,32.80519],[132.48747,32.80763]]],[[[132.69585,32.91873],[132.68799,32.91851],[132.6893,32.91279],[132.69277,32.91292],[132.69518,32.9103],[132.70147,32.91193],[132.70515,32.91631],[132.69585,32.91873]]],[[[132.65756,32.91864],[132.65461,32.91711],[132.65628,32.91361],[132.66052,32.91635],[132.65756,32.91864]]],[[[132.78384,32.86744],[132.77961,32.87013],[132.78148,32.87272],[132.78036,32.8762],[132.77634,32.87989],[132.77665,32.88197],[132.77222,32.88798],[132.76891,32.88959],[132.76618,32.8948],[132.76726,32.899],[132.77268,32.90018],[132.77634,32.90532],[132.78014,32.90781],[132.78285,32.90353],[132.7872,32.90338],[132.79445,32.90123],[132.7969,32.89887],[132.80484,32.8995],[132.80633,32.9013],[132.80485,32.90566],[132.79982,32.91037],[132.80005,32.91338],[132.80417,32.92077],[132.8063,32.91809],[132.8165,32.92306],[132.82038,32.9215],[132.82259,32.92414],[132.82407,32.93058],[132.82567,32.93207],[132.82464,32.93646],[132.82978,32.94025],[132.82748,32.94348],[132.8267,32.95263],[132.82149,32.95764],[132.82386,32.96157],[132.82342,32.96551],[132.82481,32.97697],[132.82401,32.98095],[132.82149,32.98475],[132.82199,32.99821],[132.81748,33.00311],[132.82354,33.0117],[132.82824,33.01076],[132.8311,33.01254],[132.82953,33.0155],[132.82191,33.01576],[132.81483,33.02181],[132.81137,33.02293],[132.80629,33.02741],[132.80726,33.03506],[132.80406,33.03681],[132.79832,33.04349],[132.79254,33.04293],[132.78749,33.03869],[132.78117,33.04021],[132.77955,33.04297],[132.77409,33.04269],[132.76827,33.04389],[132.7608,33.04053],[132.75859,33.03666],[132.7511,33.04158],[132.74728,33.0425],[132.74204,33.04742],[132.74562,33.0515],[132.74665,33.05657],[132.75197,33.06539],[132.74425,33.07018],[132.73549,33.07049],[132.72993,33.07485],[132.72135,33.07525],[132.71812,33.08059],[132.71768,33.08587],[132.71138,33.0874],[132.70993,33.08949],[132.70401,33.0889],[132.69644,33.09213],[132.69484,33.09469],[132.68575,33.0961],[132.67313,33.10385],[132.66924,33.10719],[132.66327,33.10914],[132.66595,33.09948],[132.66931,33.09239],[132.67005,33.08551],[132.66668,33.08048],[132.6695,33.07118],[132.66664,33.06623],[132.66233,33.06347],[132.65767,33.05706],[132.66107,33.05534],[132.66619,33.04871],[132.67122,33.04591],[132.6746,33.04068],[132.67796,33.038],[132.67867,33.0294],[132.67552,33.0224],[132.6757,33.01674],[132.67861,33.01355],[132.67701,33.01106],[132.6839,33.00405],[132.68672,32.99735],[132.68138,32.99382],[132.68415,32.98943],[132.68418,32.98622],[132.68707,32.9822],[132.68744,32.97581],[132.69152,32.97357],[132.68621,32.96786],[132.68694,32.96459],[132.68347,32.96314],[132.68205,32.95586],[132.68451,32.94957],[132.68339,32.94683],[132.67825,32.94296],[132.67588,32.94394],[132.66567,32.94176],[132.66067,32.94249],[132.65868,32.94013],[132.65528,32.94096],[132.65247,32.93915],[132.65627,32.93231],[132.6551,32.92687],[132.65679,32.92411],[132.66392,32.92211],[132.66668,32.91914],[132.67853,32.9199],[132.6837,32.92304],[132.68615,32.91975],[132.69079,32.92277],[132.68945,32.92658],[132.69681,32.92662],[132.69427,32.92147],[132.69823,32.91838],[132.70249,32.91861],[132.70176,32.92224],[132.70826,32.92596],[132.71089,32.92396],[132.71162,32.9182],[132.71563,32.91341],[132.7171,32.90861],[132.71294,32.90759],[132.714,32.90288],[132.71651,32.90065],[132.72191,32.89906],[132.71966,32.89403],[132.71193,32.893],[132.70632,32.89691],[132.70588,32.89347],[132.71142,32.89045],[132.71243,32.88845],[132.71819,32.88439],[132.71892,32.87999],[132.72097,32.87758],[132.71364,32.87529],[132.71592,32.8797],[132.71347,32.8821],[132.70943,32.8822],[132.7048,32.88813],[132.70488,32.88454],[132.70256,32.88221],[132.69673,32.87336],[132.70481,32.86772],[132.70996,32.86289],[132.71611,32.86703],[132.71988,32.86526],[132.72109,32.87162],[132.72363,32.86997],[132.72887,32.86151],[132.73091,32.85281],[132.73822,32.85411],[132.74027,32.8519],[132.73872,32.84755],[132.74047,32.84623],[132.73856,32.83879],[132.74366,32.83775],[132.74798,32.83917],[132.75357,32.83386],[132.75725,32.83364],[132.76287,32.83029],[132.76904,32.8353],[132.77402,32.83512],[132.77755,32.83802],[132.78505,32.83929],[132.77904,32.85058],[132.78231,32.85523],[132.78384,32.86744]]]]}},{"type":"Feature","properties":{"code":"39209","name":"土佐清水市","pref":"高知県","pref_code":"39","cx":132.86161,"cy":32.82955,"bbox":[132.76112,32.72171,133.02211,32.93652]},"geometry":{"type":"Polygon","coordinates":[[[132.78638,32.75697],[132.78864,32.75466],[132.78931,32.74965],[132.80189,32.74789],[132.80372,32.75257],[132.80841,32.75375],[132.81555,32.75334],[132.81647,32.76193],[132.82377,32.76074],[132.83544,32.76899],[132.83681,32.77655],[132.83972,32.78148],[132.84478,32.78057],[132.8494,32.78333],[132.85268,32.78677],[132.8561,32.78655],[132.86453,32.78947],[132.8715,32.78571],[132.87121,32.7765],[132.86601,32.77342],[132.86886,32.77107],[132.86958,32.76765],[132.8782,32.76909],[132.87922,32.77052],[132.87592,32.77508],[132.88036,32.78299],[132.87504,32.78753],[132.87946,32.78967],[132.8837,32.78783],[132.88737,32.79075],[132.8961,32.78915],[132.89793,32.78708],[132.91206,32.7879],[132.9199,32.7854],[132.92049,32.78116],[132.92605,32.78296],[132.93091,32.78147],[132.9346,32.78671],[132.93846,32.78653],[132.94275,32.78112],[132.93945,32.77598],[132.94168,32.77097],[132.9455,32.76593],[132.94799,32.7656],[132.95176,32.77078],[132.95474,32.77198],[132.9589,32.77818],[132.96555,32.77508],[132.95972,32.7735],[132.9573,32.76837],[132.95296,32.76565],[132.95391,32.75923],[132.95806,32.75716],[132.96392,32.75794],[132.96291,32.75335],[132.96919,32.75147],[132.9713,32.7449],[132.96566,32.73837],[132.96469,32.7316],[132.966,32.72928],[132.97344,32.73262],[132.97973,32.73079],[132.98876,32.73166],[132.99353,32.73129],[133.00044,32.72271],[133.00522,32.72171],[133.00828,32.72386],[133.01957,32.72357],[133.02211,32.729],[133.01815,32.74173],[133.01909,32.7446],[133.01501,32.75007],[133.01421,32.75482],[133.01545,32.75933],[133.01792,32.76152],[133.01586,32.76438],[133.01025,32.76748],[133.0077,32.77398],[133.00204,32.78189],[133.0027,32.78715],[132.99594,32.78731],[132.99421,32.79015],[132.97973,32.79369],[132.97533,32.79812],[132.9655,32.79903],[132.96294,32.8036],[132.95734,32.8058],[132.95356,32.81281],[132.95187,32.81296],[132.95036,32.8206],[132.95184,32.82533],[132.95898,32.8265],[132.96068,32.82882],[132.95799,32.83339],[132.95434,32.83427],[132.95726,32.84029],[132.95477,32.84539],[132.95605,32.85001],[132.94937,32.85748],[132.9518,32.86052],[132.95923,32.86007],[132.961,32.86471],[132.96757,32.86568],[132.97624,32.86437],[132.98327,32.86467],[132.98718,32.86804],[132.99337,32.86233],[132.99672,32.86431],[132.99411,32.86862],[132.99685,32.87075],[133.002,32.87975],[133.00555,32.87942],[133.00937,32.88121],[133.00863,32.88987],[133.0063,32.8959],[133.00622,32.90546],[133.00884,32.91195],[132.99864,32.91248],[132.99322,32.91191],[132.99035,32.91655],[132.98526,32.9172],[132.98168,32.91929],[132.97284,32.91679],[132.96662,32.91749],[132.96277,32.91546],[132.963,32.90945],[132.9534,32.90942],[132.95292,32.91177],[132.94874,32.9141],[132.9453,32.91153],[132.94401,32.91639],[132.94033,32.92162],[132.93704,32.9219],[132.93406,32.92668],[132.93175,32.92778],[132.92941,32.93578],[132.92068,32.93652],[132.9179,32.93527],[132.91699,32.92983],[132.91826,32.92716],[132.9129,32.91984],[132.90911,32.91742],[132.90958,32.91385],[132.91292,32.90958],[132.90613,32.90759],[132.90317,32.9034],[132.90654,32.89784],[132.91143,32.89565],[132.91361,32.89164],[132.91439,32.88401],[132.91345,32.87951],[132.90274,32.88063],[132.89929,32.87535],[132.89251,32.87377],[132.8904,32.87099],[132.88359,32.87343],[132.87551,32.8726],[132.86929,32.86679],[132.85912,32.86823],[132.85647,32.8652],[132.85196,32.86679],[132.84911,32.86563],[132.84525,32.85927],[132.84103,32.85949],[132.83972,32.86187],[132.83485,32.86301],[132.83026,32.86214],[132.8267,32.86508],[132.81719,32.86492],[132.80966,32.87542],[132.79952,32.88092],[132.79499,32.87775],[132.79442,32.87461],[132.78589,32.87713],[132.78384,32.86744],[132.78231,32.85523],[132.77904,32.85058],[132.78505,32.83929],[132.77755,32.83802],[132.77402,32.83512],[132.76904,32.8353],[132.76287,32.83029],[132.76369,32.82318],[132.76734,32.82137],[132.77019,32.81733],[132.76958,32.81446],[132.76112,32.80107],[132.7657,32.79746],[132.77223,32.79565],[132.77428,32.79327],[132.7734,32.78679],[132.7775,32.78352],[132.78098,32.78293],[132.78417,32.77816],[132.7837,32.77516],[132.78645,32.77209],[132.78464,32.76861],[132.78638,32.75697]]]}},{"type":"Feature","properties":{"code":"39210","name":"四万十市","pref":"高知県","pref_code":"39","cx":132.84451,"cy":33.08426,"bbox":[132.61486,32.90942,133.05685,33.26224]},"geometry":{"type":"Polygon","coordinates":[[[133.00884,32.91195],[133.00257,32.92072],[132.99788,32.92254],[132.99722,32.92865],[132.99469,32.9317],[132.99585,32.93965],[132.99996,32.94608],[132.99465,32.94872],[132.99301,32.95233],[132.99527,32.96242],[132.99772,32.96517],[132.99972,32.97162],[133.00391,32.97644],[132.9993,32.9803],[132.99447,32.97983],[132.99097,32.97706],[132.98546,32.98191],[132.98025,32.98196],[132.97643,32.9851],[132.98,32.9889],[132.97758,32.99228],[132.97564,32.99964],[132.96922,33.00324],[132.96182,33.00385],[132.95668,33.01503],[132.9541,33.01565],[132.95339,33.01967],[132.9585,33.02429],[132.96042,33.0278],[132.96422,33.03027],[132.96472,33.0336],[132.96101,33.04101],[132.96279,33.04364],[132.96163,33.04688],[132.96558,33.05376],[132.96394,33.05634],[132.97014,33.06686],[132.97052,33.07316],[132.974,33.07675],[132.97105,33.08265],[132.97141,33.08628],[132.97394,33.08764],[132.9831,33.08833],[132.9848,33.09392],[132.98872,33.09876],[132.99244,33.09789],[132.99688,33.09918],[133.00471,33.10728],[133.00653,33.11042],[133.01122,33.11023],[133.01278,33.11238],[133.02189,33.1139],[133.02984,33.11017],[133.0342,33.10988],[133.03927,33.11165],[133.04364,33.11067],[133.05134,33.12267],[133.05341,33.12334],[133.05685,33.12977],[133.05684,33.13344],[133.04781,33.13561],[133.04298,33.13816],[133.03446,33.14048],[133.03058,33.14477],[133.02735,33.14509],[133.02219,33.1502],[133.01695,33.14993],[133.01089,33.14608],[133.00344,33.14724],[133.0004,33.15107],[133.00253,33.15591],[132.99404,33.16014],[132.98938,33.15742],[132.98467,33.15734],[132.97897,33.16012],[132.97275,33.16091],[132.96923,33.15588],[132.9657,33.15468],[132.96318,33.14797],[132.95854,33.14658],[132.95144,33.14926],[132.94635,33.14629],[132.94028,33.14529],[132.93545,33.13755],[132.92385,33.13897],[132.91807,33.1419],[132.91164,33.14382],[132.90169,33.14516],[132.89918,33.14418],[132.89315,33.14857],[132.89051,33.15271],[132.88415,33.15359],[132.87974,33.15867],[132.87603,33.16092],[132.88008,33.16701],[132.88086,33.17085],[132.87827,33.17373],[132.87762,33.17956],[132.86778,33.17999],[132.8612,33.17726],[132.84552,33.18453],[132.83889,33.18867],[132.8337,33.18744],[132.82645,33.19089],[132.8188,33.19205],[132.82453,33.20193],[132.82451,33.20658],[132.81765,33.21389],[132.81907,33.22294],[132.823,33.22271],[132.82576,33.22932],[132.82746,33.23776],[132.82241,33.2396],[132.81505,33.23847],[132.80467,33.23579],[132.80031,33.24384],[132.79995,33.24757],[132.79482,33.25174],[132.79389,33.25593],[132.7913,33.25697],[132.78689,33.26224],[132.78217,33.25696],[132.77961,33.25617],[132.77773,33.25153],[132.77761,33.24614],[132.77192,33.24106],[132.77491,33.23399],[132.7746,33.22835],[132.77114,33.22631],[132.77086,33.22104],[132.77359,33.21797],[132.77316,33.21244],[132.77594,33.20841],[132.76796,33.20328],[132.76546,33.20423],[132.75944,33.2017],[132.75075,33.20248],[132.74848,33.20349],[132.74064,33.20128],[132.73842,33.19584],[132.74191,33.18974],[132.73722,33.18633],[132.73784,33.18216],[132.73159,33.1764],[132.73131,33.17395],[132.72581,33.16828],[132.71955,33.16679],[132.71718,33.15988],[132.71056,33.15316],[132.6986,33.14641],[132.69585,33.14261],[132.69584,33.13759],[132.68689,33.13485],[132.68036,33.1442],[132.67356,33.14998],[132.66777,33.15166],[132.66238,33.15442],[132.65966,33.16001],[132.65117,33.16707],[132.64668,33.17186],[132.63873,33.17361],[132.63442,33.17879],[132.63725,33.1846],[132.63566,33.1864],[132.626,33.18386],[132.61944,33.18088],[132.61949,33.17347],[132.61486,33.16929],[132.61933,33.16268],[132.62479,33.15935],[132.62757,33.15345],[132.63229,33.14924],[132.62822,33.13476],[132.62982,33.13229],[132.63748,33.13239],[132.63828,33.12791],[132.6444,33.12219],[132.64664,33.11557],[132.65389,33.11041],[132.66327,33.10914],[132.66924,33.10719],[132.67313,33.10385],[132.68575,33.0961],[132.69484,33.09469],[132.69644,33.09213],[132.70401,33.0889],[132.70993,33.08949],[132.71138,33.0874],[132.71768,33.08587],[132.71812,33.08059],[132.72135,33.07525],[132.72993,33.07485],[132.73549,33.07049],[132.74425,33.07018],[132.75197,33.06539],[132.74665,33.05657],[132.74562,33.0515],[132.74204,33.04742],[132.74728,33.0425],[132.7511,33.04158],[132.75859,33.03666],[132.7608,33.04053],[132.76827,33.04389],[132.77409,33.04269],[132.77955,33.04297],[132.78117,33.04021],[132.78749,33.03869],[132.79254,33.04293],[132.79832,33.04349],[132.80406,33.03681],[132.80726,33.03506],[132.80629,33.02741],[132.81137,33.02293],[132.81483,33.02181],[132.82191,33.01576],[132.82953,33.0155],[132.8311,33.01254],[132.82824,33.01076],[132.82354,33.0117],[132.81748,33.00311],[132.82199,32.99821],[132.82149,32.98475],[132.82401,32.98095],[132.82481,32.97697],[132.82342,32.96551],[132.82386,32.96157],[132.82149,32.95764],[132.8267,32.95263],[132.82748,32.94348],[132.82978,32.94025],[132.8373,32.94066],[132.84005,32.93901],[132.84325,32.94042],[132.84602,32.93859],[132.85361,32.93993],[132.85382,32.94229],[132.86072,32.9452],[132.86872,32.9435],[132.87649,32.93974],[132.88324,32.94264],[132.88617,32.94218],[132.89278,32.94497],[132.90094,32.9406],[132.90558,32.94156],[132.90689,32.9382],[132.91251,32.93502],[132.9179,32.93527],[132.92068,32.93652],[132.92941,32.93578],[132.93175,32.92778],[132.93406,32.92668],[132.93704,32.9219],[132.94033,32.92162],[132.94401,32.91639],[132.9453,32.91153],[132.94874,32.9141],[132.95292,32.91177],[132.9534,32.90942],[132.963,32.90945],[132.96277,32.91546],[132.96662,32.91749],[132.97284,32.91679],[132.98168,32.91929],[132.98526,32.9172],[132.99035,32.91655],[132.99322,32.91191],[132.99864,32.91248],[133.00884,32.91195]]]}},{"type":"Feature","properties":{"code":"39211","name":"香南市","pref":"高知県","pref_code":"39","cx":133.77487,"cy":33.58916,"bbox":[133.6797,33.51577,133.88645,33.66266]},"geometry":{"type":"Polygon","coordinates":[[[133.88645,33.65301],[133.87993,33.6586],[133.87916,33.66151],[133.87566,33.66266],[133.86532,33.66139],[133.86254,33.65909],[133.85696,33.65824],[133.85108,33.65405],[133.84945,33.65085],[133.84422,33.64661],[133.83722,33.64532],[133.83546,33.64046],[133.83831,33.63505],[133.83272,33.62998],[133.82747,33.63028],[133.81791,33.62215],[133.81412,33.61467],[133.80866,33.61057],[133.80586,33.61032],[133.79403,33.60084],[133.79029,33.60847],[133.79023,33.611],[133.78608,33.61676],[133.77623,33.61266],[133.76819,33.6107],[133.76693,33.60565],[133.75895,33.60541],[133.74598,33.59689],[133.74138,33.59756],[133.73747,33.59423],[133.731,33.59315],[133.72538,33.59678],[133.72495,33.59992],[133.72086,33.5996],[133.71583,33.59709],[133.71255,33.59848],[133.70219,33.59405],[133.70516,33.59823],[133.70362,33.60032],[133.69427,33.59416],[133.69164,33.5876],[133.68445,33.57968],[133.68247,33.5766],[133.68205,33.57072],[133.6797,33.56581],[133.68041,33.55819],[133.68521,33.54435],[133.68528,33.54099],[133.68078,33.54152],[133.68026,33.53754],[133.68188,33.534],[133.6996,33.53671],[133.71344,33.53793],[133.72509,33.53834],[133.73819,33.53813],[133.74904,33.53609],[133.74937,33.53467],[133.75591,33.5315],[133.75641,33.52832],[133.75387,33.52616],[133.75436,33.5205],[133.7586,33.52031],[133.77,33.51577],[133.77038,33.51819],[133.77834,33.52473],[133.78094,33.5291],[133.78189,33.5346],[133.78685,33.54122],[133.79408,33.54945],[133.80188,33.55017],[133.80822,33.55555],[133.81318,33.55709],[133.82019,33.56693],[133.82181,33.56735],[133.81726,33.57479],[133.82054,33.57999],[133.82702,33.58049],[133.82943,33.58352],[133.83502,33.57995],[133.84346,33.57678],[133.84814,33.58175],[133.85943,33.59072],[133.86458,33.59341],[133.8565,33.60087],[133.85692,33.6038],[133.86117,33.60654],[133.86571,33.60602],[133.87082,33.60785],[133.87597,33.61218],[133.87604,33.61621],[133.87259,33.618],[133.87441,33.62407],[133.87994,33.62799],[133.87824,33.63178],[133.87977,33.63422],[133.87649,33.64156],[133.88071,33.6434],[133.88205,33.64754],[133.88474,33.64895],[133.88645,33.65301]]]}},{"type":"Feature","properties":{"code":"39212","name":"香美市","pref":"高知県","pref_code":"39","cx":133.86476,"cy":33.70993,"bbox":[133.59669,33.57968,134.06842,33.8408]},"geometry":{"type":"Polygon","coordinates":[[[134.06504,33.71945],[134.06842,33.72835],[134.06619,33.73407],[134.06178,33.73522],[134.06149,33.74044],[134.05905,33.74322],[134.05949,33.74592],[134.0561,33.75195],[134.0569,33.75785],[134.05895,33.761],[134.05879,33.77667],[134.05532,33.78469],[134.05027,33.78564],[134.04587,33.79],[134.04658,33.79907],[134.04074,33.80189],[134.0392,33.80458],[134.03331,33.80928],[134.03698,33.81498],[134.03688,33.82034],[134.03268,33.82844],[134.02671,33.82744],[134.02341,33.82469],[134.01233,33.82179],[134.00562,33.82141],[133.99593,33.82193],[133.98995,33.82858],[133.99022,33.83102],[133.98715,33.83667],[133.98749,33.83946],[133.98312,33.8408],[133.97909,33.83749],[133.97425,33.83637],[133.95978,33.83466],[133.9511,33.82869],[133.95307,33.82366],[133.95273,33.81549],[133.95116,33.81054],[133.94747,33.80374],[133.94126,33.79916],[133.93606,33.79901],[133.92488,33.80061],[133.9243,33.79872],[133.9193,33.79763],[133.91278,33.7914],[133.908,33.79523],[133.90106,33.79438],[133.89597,33.80238],[133.89114,33.80356],[133.88494,33.80341],[133.88267,33.80535],[133.87351,33.80592],[133.87056,33.80403],[133.8691,33.79693],[133.86098,33.78691],[133.85799,33.78726],[133.85376,33.78434],[133.85444,33.77509],[133.8426,33.77368],[133.83852,33.76856],[133.83155,33.76246],[133.83217,33.75563],[133.82358,33.75428],[133.82092,33.74941],[133.81595,33.74417],[133.81058,33.74926],[133.80533,33.74697],[133.7988,33.74266],[133.79112,33.73361],[133.78656,33.73159],[133.78443,33.7244],[133.77608,33.72532],[133.77129,33.73339],[133.76393,33.73329],[133.75907,33.73152],[133.75469,33.73229],[133.74414,33.72548],[133.74013,33.72449],[133.73665,33.72181],[133.73499,33.71516],[133.73565,33.71203],[133.7303,33.70943],[133.7223,33.70243],[133.71242,33.69692],[133.70874,33.69724],[133.70355,33.69457],[133.7019,33.69043],[133.697,33.6866],[133.69108,33.68375],[133.68568,33.68441],[133.67959,33.69253],[133.67667,33.69345],[133.67443,33.69727],[133.66547,33.70103],[133.65697,33.70696],[133.65349,33.71247],[133.64917,33.71311],[133.64633,33.71691],[133.64072,33.71952],[133.6396,33.7214],[133.63438,33.71698],[133.62904,33.71487],[133.62149,33.71441],[133.61865,33.71044],[133.6123,33.70798],[133.60434,33.70303],[133.59669,33.70181],[133.6012,33.69119],[133.60684,33.68859],[133.60991,33.68359],[133.61499,33.67757],[133.61736,33.67069],[133.6179,33.6632],[133.61971,33.66132],[133.63466,33.66471],[133.63947,33.66364],[133.64274,33.65679],[133.65077,33.65479],[133.66034,33.65856],[133.66485,33.65914],[133.66479,33.6548],[133.66664,33.63422],[133.66297,33.62931],[133.66496,33.62358],[133.66237,33.61033],[133.66799,33.60825],[133.67234,33.5926],[133.67089,33.5889],[133.6768,33.58783],[133.67627,33.58476],[133.68381,33.58507],[133.68445,33.57968],[133.69164,33.5876],[133.69427,33.59416],[133.70362,33.60032],[133.70516,33.59823],[133.70219,33.59405],[133.71255,33.59848],[133.71583,33.59709],[133.72086,33.5996],[133.72495,33.59992],[133.72538,33.59678],[133.731,33.59315],[133.73747,33.59423],[133.74138,33.59756],[133.74598,33.59689],[133.75895,33.60541],[133.76693,33.60565],[133.76819,33.6107],[133.77623,33.61266],[133.78608,33.61676],[133.79023,33.611],[133.79029,33.60847],[133.79403,33.60084],[133.80586,33.61032],[133.80866,33.61057],[133.81412,33.61467],[133.81791,33.62215],[133.82747,33.63028],[133.83272,33.62998],[133.83831,33.63505],[133.83546,33.64046],[133.83722,33.64532],[133.84422,33.64661],[133.84945,33.65085],[133.85108,33.65405],[133.85696,33.65824],[133.86254,33.65909],[133.86532,33.66139],[133.87566,33.66266],[133.87916,33.66151],[133.87993,33.6586],[133.88645,33.65301],[133.89388,33.65422],[133.89829,33.65816],[133.90081,33.65271],[133.90097,33.64724],[133.90537,33.64708],[133.90914,33.64871],[133.91621,33.64417],[133.92577,33.64779],[133.93193,33.6519],[133.93477,33.65076],[133.94199,33.6554],[133.94446,33.65581],[133.94465,33.66019],[133.96016,33.66609],[133.9638,33.67354],[133.96812,33.67378],[133.97058,33.67718],[133.96799,33.67909],[133.97372,33.68225],[133.97762,33.68864],[133.98101,33.68815],[133.99059,33.69353],[133.9946,33.69918],[133.99605,33.70845],[134.00184,33.71248],[134.0074,33.71236],[134.01474,33.71387],[134.01955,33.71241],[134.02719,33.71878],[134.03528,33.71199],[134.04184,33.71412],[134.05257,33.71523],[134.06163,33.7203],[134.06504,33.71945]]]}},{"type":"Feature","properties":{"code":"39301","name":"安芸郡東洋町","pref":"高知県","pref_code":"39","cx":134.24132,"cy":33.50425,"bbox":[134.19313,33.44211,134.30553,33.56754]},"geometry":{"type":"Polygon","coordinates":[[[134.23531,33.44211],[134.2416,33.45074],[134.24055,33.45935],[134.24208,33.46392],[134.24732,33.47143],[134.25017,33.47388],[134.25226,33.47874],[134.2612,33.48998],[134.26785,33.49578],[134.27036,33.50285],[134.27904,33.51177],[134.28631,33.51671],[134.28988,33.52042],[134.28368,33.52139],[134.28335,33.52542],[134.28558,33.53098],[134.29066,33.53289],[134.29572,33.54171],[134.29984,33.53776],[134.30069,33.5467],[134.30417,33.54736],[134.30553,33.55021],[134.30369,33.55391],[134.297,33.55342],[134.29568,33.55773],[134.28933,33.55832],[134.28724,33.5598],[134.27874,33.55952],[134.27375,33.56062],[134.27001,33.55486],[134.2629,33.55642],[134.25821,33.55327],[134.24918,33.5529],[134.24335,33.55592],[134.23851,33.55292],[134.23223,33.55565],[134.22872,33.56101],[134.21871,33.56754],[134.2117,33.56696],[134.20227,33.56248],[134.19579,33.56082],[134.19644,33.55509],[134.19844,33.55186],[134.19476,33.54689],[134.19313,33.53726],[134.20112,33.53397],[134.20128,33.52549],[134.20501,33.52244],[134.20494,33.52034],[134.21295,33.51599],[134.21587,33.51279],[134.21433,33.50671],[134.21108,33.50566],[134.21007,33.49694],[134.20523,33.49661],[134.1976,33.50203],[134.19386,33.4989],[134.19902,33.49286],[134.19506,33.48769],[134.20193,33.48423],[134.20322,33.48066],[134.20685,33.4792],[134.20898,33.47171],[134.22016,33.46298],[134.22159,33.46115],[134.22669,33.46092],[134.22926,33.45535],[134.22777,33.45086],[134.23531,33.44211]]]}},{"type":"Feature","properties":{"code":"39302","name":"安芸郡奈半利町","pref":"高知県","pref_code":"39","cx":134.05316,"cy":33.41398,"bbox":[134.01116,33.37841,134.1084,33.44884]},"geometry":{"type":"Polygon","coordinates":[[[134.1084,33.44679],[134.10516,33.44791],[134.09963,33.44752],[134.09704,33.44884],[134.08996,33.44838],[134.08605,33.44617],[134.08355,33.4477],[134.07957,33.44593],[134.07734,33.44181],[134.06968,33.44122],[134.0688,33.43859],[134.06409,33.4355],[134.04957,33.43582],[134.03356,33.4383],[134.02991,33.44064],[134.02423,33.43488],[134.01581,33.42835],[134.01116,33.42241],[134.01528,33.42395],[134.01958,33.42206],[134.01707,33.41913],[134.02195,33.41774],[134.02867,33.41436],[134.03188,33.41106],[134.03192,33.40837],[134.03783,33.39251],[134.03585,33.38603],[134.03726,33.38403],[134.03377,33.37841],[134.03759,33.38215],[134.04763,33.38617],[134.05255,33.3917],[134.05613,33.3922],[134.06602,33.39614],[134.06855,33.40025],[134.06758,33.40288],[134.07061,33.40475],[134.06857,33.40761],[134.07589,33.4136],[134.08684,33.41662],[134.08841,33.42255],[134.08722,33.42745],[134.09568,33.43273],[134.09571,33.44008],[134.10724,33.44309],[134.1084,33.44679]]]}},{"type":"Feature","properties":{"code":"39303","name":"安芸郡田野町","pref":"高知県","pref_code":"39","cx":134.0188,"cy":33.44151,"bbox":[133.99211,33.42241,134.03017,33.4595]},"geometry":{"type":"Polygon","coordinates":[[[134.02991,33.44064],[134.03017,33.44583],[134.02607,33.44701],[134.02185,33.44609],[134.018,33.44955],[134.01883,33.45238],[134.0242,33.45638],[134.02465,33.4595],[134.0222,33.45819],[134.01429,33.45781],[134.01159,33.45577],[134.00988,33.4487],[134.00581,33.44599],[134.00802,33.44238],[134.00587,33.43735],[133.99363,33.43551],[133.99211,33.43072],[133.99298,33.42793],[133.99748,33.42721],[134.01116,33.42241],[134.01581,33.42835],[134.02423,33.43488],[134.02991,33.44064]]]}},{"type":"Feature","properties":{"code":"39304","name":"安芸郡安田町","pref":"高知県","pref_code":"39","cx":134.0052,"cy":33.48737,"bbox":[133.95587,33.42793,134.06912,33.54707]},"geometry":{"type":"Polygon","coordinates":[[[133.95587,33.4462],[133.95859,33.44255],[133.96277,33.44212],[133.97316,33.43888],[133.97657,33.43658],[133.9828,33.43469],[133.98654,33.43097],[133.99298,33.42793],[133.99211,33.43072],[133.99363,33.43551],[134.00587,33.43735],[134.00802,33.44238],[134.00581,33.44599],[134.00988,33.4487],[134.01159,33.45577],[134.01429,33.45781],[134.0222,33.45819],[134.02465,33.4595],[134.0231,33.46717],[134.02556,33.47419],[134.02398,33.48138],[134.02657,33.48701],[134.0265,33.49635],[134.02862,33.50358],[134.03572,33.51008],[134.04075,33.51267],[134.04578,33.51175],[134.0481,33.51451],[134.05643,33.52046],[134.0668,33.52258],[134.06912,33.52689],[134.06444,33.53134],[134.06013,33.53133],[134.05311,33.53541],[134.04104,33.53886],[134.03687,33.5379],[134.03419,33.5394],[134.03079,33.54457],[134.02567,33.54707],[134.01916,33.54211],[134.01741,33.53879],[134.01418,33.53859],[134.00858,33.53078],[134.00802,33.52812],[134.00167,33.51771],[133.99701,33.51695],[133.99078,33.5118],[133.98765,33.50435],[133.98967,33.49798],[133.9857,33.49551],[133.98285,33.48956],[133.98427,33.48773],[133.97867,33.48307],[133.98161,33.47819],[133.97754,33.4742],[133.97647,33.47048],[133.97303,33.47095],[133.96827,33.46903],[133.96425,33.4623],[133.95992,33.4574],[133.9596,33.45101],[133.95587,33.4462]]]}},{"type":"Feature","properties":{"code":"39305","name":"安芸郡北川村","pref":"高知県","pref_code":"39","cx":134.13532,"cy":33.52404,"bbox":[134.018,33.4355,134.21587,33.61281]},"geometry":{"type":"Polygon","coordinates":[[[134.19506,33.48769],[134.19902,33.49286],[134.19386,33.4989],[134.1976,33.50203],[134.20523,33.49661],[134.21007,33.49694],[134.21108,33.50566],[134.21433,33.50671],[134.21587,33.51279],[134.21295,33.51599],[134.20494,33.52034],[134.20501,33.52244],[134.20128,33.52549],[134.20112,33.53397],[134.19313,33.53726],[134.19476,33.54689],[134.19844,33.55186],[134.19644,33.55509],[134.19579,33.56082],[134.19317,33.56163],[134.19536,33.56873],[134.19247,33.57398],[134.18777,33.57577],[134.18854,33.58106],[134.18472,33.58869],[134.17878,33.59415],[134.17602,33.59406],[134.17058,33.59697],[134.17024,33.60211],[134.17596,33.6071],[134.17252,33.6096],[134.16479,33.61049],[134.16061,33.61281],[134.15614,33.6117],[134.15488,33.60507],[134.15096,33.60367],[134.14593,33.59233],[134.14436,33.59084],[134.13785,33.58945],[134.12625,33.5929],[134.1211,33.59591],[134.11158,33.59817],[134.106,33.59808],[134.10201,33.59309],[134.09803,33.59294],[134.09383,33.59055],[134.0958,33.58421],[134.09365,33.57664],[134.09505,33.5746],[134.09221,33.57147],[134.08415,33.56758],[134.08322,33.56101],[134.09008,33.55127],[134.08528,33.54968],[134.08207,33.54689],[134.07787,33.53928],[134.07828,33.53493],[134.07687,33.53182],[134.06912,33.52689],[134.0668,33.52258],[134.05643,33.52046],[134.0481,33.51451],[134.04578,33.51175],[134.04075,33.51267],[134.03572,33.51008],[134.02862,33.50358],[134.0265,33.49635],[134.02657,33.48701],[134.02398,33.48138],[134.02556,33.47419],[134.0231,33.46717],[134.02465,33.4595],[134.0242,33.45638],[134.01883,33.45238],[134.018,33.44955],[134.02185,33.44609],[134.02607,33.44701],[134.03017,33.44583],[134.02991,33.44064],[134.03356,33.4383],[134.04957,33.43582],[134.06409,33.4355],[134.0688,33.43859],[134.06968,33.44122],[134.07734,33.44181],[134.07957,33.44593],[134.08355,33.4477],[134.08605,33.44617],[134.08996,33.44838],[134.09704,33.44884],[134.09963,33.44752],[134.10516,33.44791],[134.1084,33.44679],[134.10937,33.45097],[134.11236,33.4546],[134.11272,33.45777],[134.11844,33.46074],[134.12573,33.46599],[134.13187,33.47462],[134.13708,33.47279],[134.13758,33.47077],[134.1442,33.46828],[134.15542,33.47737],[134.16148,33.47885],[134.16463,33.47812],[134.16948,33.47942],[134.17572,33.48447],[134.1921,33.48589],[134.19506,33.48769]]]}},{"type":"Feature","properties":{"code":"39306","name":"安芸郡馬路村","pref":"高知県","pref_code":"39","cx":134.08543,"cy":33.60981,"bbox":[134.00693,33.52689,134.18417,33.69589]},"geometry":{"type":"Polygon","coordinates":[[[134.02567,33.54707],[134.03079,33.54457],[134.03419,33.5394],[134.03687,33.5379],[134.04104,33.53886],[134.05311,33.53541],[134.06013,33.53133],[134.06444,33.53134],[134.06912,33.52689],[134.07687,33.53182],[134.07828,33.53493],[134.07787,33.53928],[134.08207,33.54689],[134.08528,33.54968],[134.09008,33.55127],[134.08322,33.56101],[134.08415,33.56758],[134.09221,33.57147],[134.09505,33.5746],[134.09365,33.57664],[134.0958,33.58421],[134.09383,33.59055],[134.09803,33.59294],[134.10201,33.59309],[134.106,33.59808],[134.11158,33.59817],[134.1211,33.59591],[134.12625,33.5929],[134.13785,33.58945],[134.14436,33.59084],[134.14593,33.59233],[134.15096,33.60367],[134.15488,33.60507],[134.15614,33.6117],[134.15214,33.61818],[134.15489,33.62299],[134.14925,33.62714],[134.15022,33.63055],[134.15621,33.63343],[134.15841,33.63265],[134.16399,33.63545],[134.17055,33.64196],[134.17482,33.64329],[134.18417,33.64902],[134.17817,33.65365],[134.17637,33.65348],[134.17133,33.65769],[134.17535,33.66159],[134.17159,33.6653],[134.16896,33.67077],[134.17264,33.67508],[134.17546,33.67593],[134.17478,33.68399],[134.16385,33.68812],[134.16097,33.68684],[134.14855,33.68571],[134.14259,33.68747],[134.13578,33.69093],[134.13338,33.69396],[134.12626,33.69589],[134.11991,33.69495],[134.11199,33.69566],[134.10602,33.69359],[134.0999,33.69462],[134.09509,33.69242],[134.09044,33.69307],[134.0814,33.69047],[134.0764,33.69061],[134.06633,33.68862],[134.05806,33.69103],[134.05442,33.6879],[134.05263,33.68337],[134.04717,33.6796],[134.04719,33.67793],[134.05229,33.67285],[134.06287,33.67182],[134.06881,33.66813],[134.07051,33.66358],[134.06801,33.6606],[134.06356,33.65828],[134.06098,33.6551],[134.05487,33.65183],[134.05566,33.64648],[134.05096,33.64433],[134.04488,33.64561],[134.03467,33.63816],[134.03102,33.64036],[134.02677,33.63572],[134.02649,33.63229],[134.02269,33.62804],[134.02276,33.62467],[134.0191,33.62071],[134.01721,33.61175],[134.01301,33.60791],[134.01443,33.60547],[134.01884,33.60531],[134.02261,33.60288],[134.01987,33.59709],[134.02123,33.59098],[134.0192,33.58783],[134.0138,33.58896],[134.00999,33.58654],[134.00932,33.57899],[134.00693,33.57697],[134.00849,33.57258],[134.01231,33.56811],[134.02084,33.57004],[134.02745,33.56306],[134.02711,33.55972],[134.03043,33.55517],[134.02808,33.5495],[134.02567,33.54707]]]}},{"type":"Feature","properties":{"code":"39307","name":"安芸郡芸西村","pref":"高知県","pref_code":"39","cx":133.83305,"cy":33.55455,"bbox":[133.77,33.5153,133.8721,33.59341]},"geometry":{"type":"Polygon","coordinates":[[[133.86458,33.59341],[133.85943,33.59072],[133.84814,33.58175],[133.84346,33.57678],[133.83502,33.57995],[133.82943,33.58352],[133.82702,33.58049],[133.82054,33.57999],[133.81726,33.57479],[133.82181,33.56735],[133.82019,33.56693],[133.81318,33.55709],[133.80822,33.55555],[133.80188,33.55017],[133.79408,33.54945],[133.78685,33.54122],[133.78189,33.5346],[133.78094,33.5291],[133.77834,33.52473],[133.77038,33.51819],[133.77,33.51577],[133.77983,33.51698],[133.82006,33.5153],[133.82063,33.51809],[133.82512,33.52544],[133.82776,33.52404],[133.836,33.52846],[133.83712,33.52148],[133.84384,33.52519],[133.84646,33.52771],[133.85116,33.52842],[133.85653,33.53642],[133.85601,33.54445],[133.85898,33.55354],[133.85934,33.55789],[133.86534,33.56298],[133.8687,33.56409],[133.8694,33.57094],[133.8721,33.57273],[133.86958,33.57884],[133.8698,33.58447],[133.86814,33.58566],[133.86653,33.59201],[133.86458,33.59341]]]}},{"type":"Feature","properties":{"code":"39341","name":"長岡郡本山町","pref":"高知県","pref_code":"39","cx":133.585,"cy":33.79181,"bbox":[133.50653,33.70181,133.64323,33.88216]},"geometry":{"type":"Polygon","coordinates":[[[133.59669,33.70181],[133.60434,33.70303],[133.6123,33.70798],[133.61865,33.71044],[133.62149,33.71441],[133.62904,33.71487],[133.63438,33.71698],[133.6396,33.7214],[133.63715,33.72672],[133.63753,33.73132],[133.64253,33.73608],[133.64278,33.73975],[133.63822,33.74441],[133.63969,33.74987],[133.64323,33.7564],[133.64042,33.75924],[133.64149,33.7645],[133.63594,33.77034],[133.63629,33.77345],[133.63147,33.77563],[133.63029,33.78266],[133.62717,33.78734],[133.62905,33.79092],[133.63327,33.79223],[133.63689,33.79978],[133.63447,33.80464],[133.6356,33.80905],[133.63341,33.81396],[133.62598,33.81647],[133.62328,33.82261],[133.6133,33.82908],[133.60788,33.83038],[133.59971,33.82893],[133.59534,33.83088],[133.59251,33.83384],[133.58622,33.83705],[133.58195,33.84407],[133.58375,33.85187],[133.58004,33.85593],[133.58303,33.86765],[133.57814,33.86809],[133.57111,33.87028],[133.57153,33.87182],[133.5657,33.87503],[133.56218,33.87534],[133.55711,33.88216],[133.54991,33.88199],[133.54393,33.87882],[133.5402,33.87868],[133.53955,33.87455],[133.53592,33.87148],[133.53624,33.8661],[133.52639,33.86211],[133.52635,33.85366],[133.52252,33.85224],[133.51811,33.84733],[133.50969,33.84826],[133.50653,33.8399],[133.50793,33.83587],[133.51074,33.83106],[133.51499,33.82787],[133.51552,33.82565],[133.52274,33.82304],[133.52377,33.81935],[133.52976,33.81385],[133.52914,33.80854],[133.53298,33.80662],[133.53436,33.79408],[133.5388,33.79138],[133.53993,33.78758],[133.54274,33.78635],[133.54582,33.78129],[133.5491,33.77281],[133.54678,33.77089],[133.54678,33.76666],[133.54453,33.76282],[133.54656,33.75937],[133.56289,33.74852],[133.56873,33.74841],[133.57631,33.73787],[133.57243,33.73461],[133.57229,33.72695],[133.5772,33.72607],[133.57698,33.72317],[133.58041,33.71831],[133.58116,33.7148],[133.58393,33.71196],[133.58338,33.70564],[133.58914,33.70616],[133.59378,33.70224],[133.59669,33.70181]]]}},{"type":"Feature","properties":{"code":"39344","name":"長岡郡大豊町","pref":"高知県","pref_code":"39","cx":133.74178,"cy":33.7835,"bbox":[133.58004,33.68375,133.87351,33.88303]},"geometry":{"type":"Polygon","coordinates":[[[133.87351,33.80592],[133.8725,33.81016],[133.86637,33.81922],[133.85968,33.82613],[133.85687,33.82791],[133.85352,33.8346],[133.84816,33.83542],[133.84391,33.83813],[133.83869,33.84517],[133.8326,33.84406],[133.82849,33.84475],[133.81777,33.83732],[133.80902,33.83803],[133.80721,33.83675],[133.79927,33.83749],[133.79695,33.83635],[133.78858,33.83624],[133.78671,33.84084],[133.77577,33.8423],[133.77328,33.83988],[133.76684,33.84028],[133.75623,33.83643],[133.74824,33.83677],[133.74082,33.84287],[133.74018,33.84778],[133.72895,33.85108],[133.71947,33.84928],[133.71528,33.85094],[133.7076,33.85168],[133.70174,33.84979],[133.69762,33.85205],[133.69486,33.85628],[133.6873,33.85653],[133.68081,33.85951],[133.67769,33.85854],[133.67434,33.86085],[133.67177,33.86499],[133.66641,33.86601],[133.66291,33.87035],[133.66129,33.87675],[133.66139,33.88125],[133.654,33.8816],[133.65172,33.88277],[133.64407,33.88303],[133.63525,33.8802],[133.62954,33.87274],[133.62731,33.87203],[133.61736,33.8766],[133.61109,33.88075],[133.60695,33.88151],[133.60322,33.87993],[133.59623,33.87982],[133.59289,33.87536],[133.58549,33.87098],[133.58303,33.86765],[133.58004,33.85593],[133.58375,33.85187],[133.58195,33.84407],[133.58622,33.83705],[133.59251,33.83384],[133.59534,33.83088],[133.59971,33.82893],[133.60788,33.83038],[133.6133,33.82908],[133.62328,33.82261],[133.62598,33.81647],[133.63341,33.81396],[133.6356,33.80905],[133.63447,33.80464],[133.63689,33.79978],[133.63327,33.79223],[133.62905,33.79092],[133.62717,33.78734],[133.63029,33.78266],[133.63147,33.77563],[133.63629,33.77345],[133.63594,33.77034],[133.64149,33.7645],[133.64042,33.75924],[133.64323,33.7564],[133.63969,33.74987],[133.63822,33.74441],[133.64278,33.73975],[133.64253,33.73608],[133.63753,33.73132],[133.63715,33.72672],[133.64072,33.71952],[133.64633,33.71691],[133.64917,33.71311],[133.65349,33.71247],[133.65697,33.70696],[133.66547,33.70103],[133.67443,33.69727],[133.67667,33.69345],[133.67959,33.69253],[133.68568,33.68441],[133.69108,33.68375],[133.697,33.6866],[133.7019,33.69043],[133.70355,33.69457],[133.70874,33.69724],[133.71242,33.69692],[133.7223,33.70243],[133.7303,33.70943],[133.73565,33.71203],[133.73499,33.71516],[133.73665,33.72181],[133.74013,33.72449],[133.74414,33.72548],[133.75469,33.73229],[133.75907,33.73152],[133.76393,33.73329],[133.77129,33.73339],[133.77608,33.72532],[133.78443,33.7244],[133.78656,33.73159],[133.79112,33.73361],[133.7988,33.74266],[133.80533,33.74697],[133.81058,33.74926],[133.81595,33.74417],[133.82092,33.74941],[133.82358,33.75428],[133.83217,33.75563],[133.83155,33.76246],[133.83852,33.76856],[133.8426,33.77368],[133.85444,33.77509],[133.85376,33.78434],[133.85799,33.78726],[133.86098,33.78691],[133.8691,33.79693],[133.87056,33.80403],[133.87351,33.80592]]]}},{"type":"Feature","properties":{"code":"39363","name":"土佐郡土佐町","pref":"高知県","pref_code":"39","cx":133.46103,"cy":33.75023,"bbox":[133.35953,33.66164,133.58393,33.83587]},"geometry":{"type":"Polygon","coordinates":[[[133.56339,33.66601],[133.5653,33.66971],[133.56537,33.6744],[133.56395,33.67904],[133.56593,33.68194],[133.55987,33.69254],[133.56812,33.69423],[133.57859,33.69968],[133.58044,33.70379],[133.58338,33.70564],[133.58393,33.71196],[133.58116,33.7148],[133.58041,33.71831],[133.57698,33.72317],[133.5772,33.72607],[133.57229,33.72695],[133.57243,33.73461],[133.57631,33.73787],[133.56873,33.74841],[133.56289,33.74852],[133.54656,33.75937],[133.54453,33.76282],[133.54678,33.76666],[133.54678,33.77089],[133.5491,33.77281],[133.54582,33.78129],[133.54274,33.78635],[133.53993,33.78758],[133.5388,33.79138],[133.53436,33.79408],[133.53298,33.80662],[133.52914,33.80854],[133.52976,33.81385],[133.52377,33.81935],[133.52274,33.82304],[133.51552,33.82565],[133.51499,33.82787],[133.51074,33.83106],[133.50793,33.83587],[133.4995,33.82924],[133.49339,33.83216],[133.48662,33.82971],[133.48269,33.82651],[133.48179,33.81696],[133.48013,33.81106],[133.4818,33.80944],[133.48409,33.80191],[133.49016,33.79897],[133.49317,33.79561],[133.49121,33.79251],[133.48473,33.789],[133.48111,33.78206],[133.47818,33.78006],[133.47201,33.77827],[133.46493,33.77474],[133.46172,33.77461],[133.45765,33.77078],[133.45269,33.77081],[133.44901,33.76826],[133.43991,33.76747],[133.43444,33.7657],[133.42881,33.76661],[133.42304,33.76511],[133.41685,33.76819],[133.4128,33.76495],[133.40571,33.76118],[133.40234,33.76219],[133.39401,33.76072],[133.39179,33.75487],[133.38884,33.75654],[133.38174,33.75703],[133.37834,33.75563],[133.36831,33.75504],[133.36288,33.75194],[133.35953,33.74691],[133.36289,33.74578],[133.36342,33.74194],[133.35989,33.73395],[133.3619,33.72813],[133.36909,33.72634],[133.36893,33.71905],[133.38058,33.71379],[133.38167,33.70936],[133.38546,33.70756],[133.38285,33.70318],[133.39648,33.7001],[133.4008,33.6944],[133.39908,33.69103],[133.39612,33.68068],[133.39851,33.68021],[133.40475,33.68473],[133.40685,33.68386],[133.41408,33.68566],[133.42661,33.69132],[133.43023,33.69126],[133.43522,33.6939],[133.44578,33.68486],[133.44952,33.67826],[133.44943,33.67227],[133.45334,33.67043],[133.45577,33.66632],[133.46045,33.66291],[133.46469,33.66164],[133.46962,33.66593],[133.47342,33.67119],[133.48084,33.67091],[133.4878,33.66965],[133.49459,33.67103],[133.4993,33.66886],[133.5058,33.66982],[133.51538,33.67917],[133.51553,33.68189],[133.53051,33.67804],[133.53561,33.67792],[133.53857,33.67349],[133.54044,33.66492],[133.55025,33.66318],[133.55474,33.66631],[133.56339,33.66601]]]}},{"type":"Feature","properties":{"code":"39364","name":"土佐郡大川村","pref":"高知県","pref_code":"39","cx":133.42138,"cy":33.79678,"bbox":[133.32633,33.75487,133.49317,33.83926]},"geometry":{"type":"Polygon","coordinates":[[[133.48662,33.82971],[133.48321,33.83299],[133.47347,33.8337],[133.4705,33.83679],[133.4643,33.83452],[133.45365,33.83666],[133.44806,33.83405],[133.44115,33.83374],[133.43249,33.83494],[133.4276,33.83666],[133.42489,33.83926],[133.41205,33.83914],[133.40596,33.83626],[133.40083,33.83624],[133.39681,33.83062],[133.39297,33.82767],[133.39167,33.82443],[133.37571,33.82868],[133.36902,33.82933],[133.36185,33.83317],[133.3558,33.83436],[133.35245,33.83263],[133.35049,33.82872],[133.34561,33.82482],[133.34101,33.82415],[133.33331,33.8213],[133.32633,33.81476],[133.32849,33.80954],[133.33552,33.80363],[133.34007,33.80275],[133.34599,33.79794],[133.34945,33.79813],[133.35381,33.79315],[133.35907,33.78951],[133.35304,33.78592],[133.35095,33.78276],[133.35307,33.78029],[133.3606,33.77705],[133.36456,33.77338],[133.36378,33.76867],[133.36831,33.75504],[133.37834,33.75563],[133.38174,33.75703],[133.38884,33.75654],[133.39179,33.75487],[133.39401,33.76072],[133.40234,33.76219],[133.40571,33.76118],[133.4128,33.76495],[133.41685,33.76819],[133.42304,33.76511],[133.42881,33.76661],[133.43444,33.7657],[133.43991,33.76747],[133.44901,33.76826],[133.45269,33.77081],[133.45765,33.77078],[133.46172,33.77461],[133.46493,33.77474],[133.47201,33.77827],[133.47818,33.78006],[133.48111,33.78206],[133.48473,33.789],[133.49121,33.79251],[133.49317,33.79561],[133.49016,33.79897],[133.48409,33.80191],[133.4818,33.80944],[133.48013,33.81106],[133.48179,33.81696],[133.48269,33.82651],[133.48662,33.82971]]]}},{"type":"Feature","properties":{"code":"39386","name":"吾川郡いの町","pref":"高知県","pref_code":"39","cx":133.33582,"cy":33.67139,"bbox":[133.15784,33.51006,133.4745,33.83179]},"geometry":{"type":"Polygon","coordinates":[[[133.44943,33.67227],[133.44952,33.67826],[133.44578,33.68486],[133.43522,33.6939],[133.43023,33.69126],[133.42661,33.69132],[133.41408,33.68566],[133.40685,33.68386],[133.40475,33.68473],[133.39851,33.68021],[133.39612,33.68068],[133.39908,33.69103],[133.4008,33.6944],[133.39648,33.7001],[133.38285,33.70318],[133.38546,33.70756],[133.38167,33.70936],[133.38058,33.71379],[133.36893,33.71905],[133.36909,33.72634],[133.3619,33.72813],[133.35989,33.73395],[133.36342,33.74194],[133.36289,33.74578],[133.35953,33.74691],[133.36288,33.75194],[133.36831,33.75504],[133.36378,33.76867],[133.36456,33.77338],[133.3606,33.77705],[133.35307,33.78029],[133.35095,33.78276],[133.35304,33.78592],[133.35907,33.78951],[133.35381,33.79315],[133.34945,33.79813],[133.34599,33.79794],[133.34007,33.80275],[133.33552,33.80363],[133.32849,33.80954],[133.32633,33.81476],[133.31915,33.81606],[133.31028,33.81588],[133.30229,33.82313],[133.29377,33.8287],[133.28865,33.82937],[133.28425,33.83179],[133.27718,33.83081],[133.27451,33.82806],[133.26921,33.82562],[133.26754,33.82083],[133.26077,33.81108],[133.26245,33.80483],[133.25863,33.79838],[133.25718,33.79386],[133.24988,33.78833],[133.24594,33.78895],[133.23692,33.78273],[133.23161,33.78396],[133.21984,33.78043],[133.21554,33.78561],[133.2037,33.79474],[133.19274,33.79378],[133.19023,33.78684],[133.19047,33.78363],[133.18726,33.77737],[133.18237,33.77148],[133.18374,33.76814],[133.17997,33.76405],[133.17679,33.7638],[133.17574,33.76075],[133.17092,33.75754],[133.16465,33.75636],[133.16355,33.75421],[133.15784,33.7503],[133.15899,33.74323],[133.1593,33.73394],[133.16121,33.73153],[133.16717,33.7285],[133.16798,33.72491],[133.1663,33.72085],[133.17177,33.71362],[133.17414,33.70774],[133.18653,33.7013],[133.19268,33.70087],[133.19776,33.69738],[133.19948,33.69458],[133.20676,33.69318],[133.21209,33.68629],[133.22012,33.68599],[133.22596,33.68303],[133.22977,33.67573],[133.22803,33.66879],[133.22578,33.66596],[133.22574,33.66181],[133.22974,33.65782],[133.23072,33.65346],[133.23351,33.64907],[133.23287,33.64241],[133.23475,33.63871],[133.22845,33.63425],[133.22294,33.63173],[133.22294,33.62567],[133.22468,33.6177],[133.22418,33.61309],[133.22643,33.61058],[133.22827,33.60505],[133.23218,33.6051],[133.23396,33.60281],[133.23793,33.60214],[133.24312,33.60441],[133.24548,33.60809],[133.25245,33.61065],[133.25577,33.60963],[133.25946,33.61347],[133.26577,33.61292],[133.26868,33.60856],[133.27438,33.60763],[133.28063,33.60196],[133.27788,33.59516],[133.28055,33.59302],[133.28572,33.59159],[133.28597,33.58885],[133.2892,33.58567],[133.29441,33.58733],[133.30368,33.59189],[133.30454,33.58647],[133.31055,33.57884],[133.31301,33.57382],[133.32373,33.57079],[133.32557,33.56904],[133.33059,33.5595],[133.33291,33.55834],[133.33906,33.56203],[133.34183,33.56504],[133.34724,33.564],[133.34853,33.55906],[133.35295,33.5587],[133.35725,33.56147],[133.35614,33.57542],[133.35943,33.57973],[133.36324,33.5798],[133.36488,33.57754],[133.36326,33.57269],[133.365,33.5661],[133.37241,33.56121],[133.37642,33.5574],[133.3834,33.55455],[133.39679,33.54529],[133.40104,33.54313],[133.40346,33.53674],[133.39938,33.53274],[133.39781,33.52728],[133.39412,33.52285],[133.39385,33.51896],[133.40811,33.52109],[133.41074,33.52037],[133.43013,33.52282],[133.43164,33.51807],[133.43657,33.51006],[133.44167,33.51358],[133.44907,33.51439],[133.45801,33.5237],[133.45827,33.52691],[133.45598,33.53264],[133.45829,33.53501],[133.46311,33.53561],[133.46485,33.53853],[133.46314,33.54433],[133.46574,33.54527],[133.46786,33.55392],[133.47147,33.55687],[133.4745,33.56273],[133.47205,33.56616],[133.46902,33.56601],[133.46311,33.57326],[133.45814,33.57398],[133.45247,33.57207],[133.44659,33.56726],[133.44263,33.57143],[133.43847,33.57211],[133.43346,33.57582],[133.42914,33.5747],[133.41824,33.57616],[133.41291,33.58173],[133.41315,33.58703],[133.40196,33.59209],[133.40137,33.59536],[133.40613,33.59936],[133.409,33.60492],[133.41574,33.60826],[133.4128,33.61474],[133.40928,33.61874],[133.4062,33.61748],[133.39898,33.61966],[133.39575,33.62913],[133.39501,33.63989],[133.39955,33.64303],[133.40064,33.65069],[133.41268,33.66053],[133.42766,33.66491],[133.43385,33.66794],[133.43649,33.67051],[133.44943,33.67227]]]}},{"type":"Feature","properties":{"code":"39387","name":"吾川郡仁淀川町","pref":"高知県","pref_code":"39","cx":133.134,"cy":33.58806,"bbox":[133.0134,33.44303,133.23475,33.73153]},"geometry":{"type":"Polygon","coordinates":[[[133.16121,33.73153],[133.15171,33.7247],[133.14584,33.72194],[133.14583,33.71952],[133.13982,33.71569],[133.14129,33.71037],[133.14467,33.70739],[133.14458,33.70465],[133.13417,33.69985],[133.12532,33.69833],[133.12243,33.69252],[133.11923,33.6886],[133.12148,33.68628],[133.11948,33.67946],[133.1215,33.67404],[133.11843,33.66782],[133.11653,33.66015],[133.10666,33.65665],[133.09741,33.65824],[133.09076,33.65781],[133.08478,33.65492],[133.07751,33.65355],[133.07502,33.65062],[133.07236,33.63839],[133.07017,33.63593],[133.07006,33.6309],[133.06723,33.62255],[133.0732,33.61436],[133.07898,33.61167],[133.07962,33.6087],[133.06995,33.60114],[133.06402,33.59948],[133.06297,33.59731],[133.05742,33.59636],[133.05462,33.59352],[133.0552,33.58995],[133.04921,33.58496],[133.04757,33.58185],[133.04676,33.57522],[133.054,33.57042],[133.05548,33.56745],[133.06231,33.56145],[133.06025,33.55409],[133.06196,33.55083],[133.06262,33.54537],[133.05916,33.53871],[133.04629,33.53029],[133.03794,33.52641],[133.03825,33.51932],[133.03426,33.51183],[133.03062,33.50784],[133.02616,33.50519],[133.02544,33.5022],[133.0207,33.49611],[133.0134,33.49058],[133.01536,33.48101],[133.02407,33.48155],[133.02715,33.48021],[133.03443,33.47932],[133.04474,33.4746],[133.05191,33.47658],[133.05557,33.47972],[133.0588,33.47974],[133.05897,33.4756],[133.06114,33.46902],[133.06828,33.46578],[133.06913,33.4592],[133.07364,33.45566],[133.07338,33.45259],[133.09064,33.45171],[133.09275,33.44779],[133.10232,33.44303],[133.11169,33.4504],[133.11677,33.45025],[133.11927,33.45322],[133.12579,33.45632],[133.13748,33.45674],[133.14033,33.45846],[133.15124,33.46101],[133.15541,33.46516],[133.15943,33.46699],[133.15818,33.47856],[133.15315,33.4793],[133.14633,33.48482],[133.14767,33.49163],[133.15083,33.49568],[133.14688,33.50063],[133.15174,33.50462],[133.15115,33.51317],[133.1483,33.51855],[133.15082,33.52068],[133.15841,33.52427],[133.16218,33.52995],[133.16695,33.53306],[133.17507,33.53586],[133.18111,33.54572],[133.18125,33.55148],[133.18523,33.55475],[133.18078,33.56303],[133.18394,33.56594],[133.19457,33.56631],[133.196,33.57334],[133.19898,33.57447],[133.20365,33.57007],[133.20971,33.5686],[133.21398,33.5703],[133.21254,33.5746],[133.21539,33.58617],[133.21352,33.59733],[133.21978,33.60193],[133.22399,33.60124],[133.22827,33.60505],[133.22643,33.61058],[133.22418,33.61309],[133.22468,33.6177],[133.22294,33.62567],[133.22294,33.63173],[133.22845,33.63425],[133.23475,33.63871],[133.23287,33.64241],[133.23351,33.64907],[133.23072,33.65346],[133.22974,33.65782],[133.22574,33.66181],[133.22578,33.66596],[133.22803,33.66879],[133.22977,33.67573],[133.22596,33.68303],[133.22012,33.68599],[133.21209,33.68629],[133.20676,33.69318],[133.19948,33.69458],[133.19776,33.69738],[133.19268,33.70087],[133.18653,33.7013],[133.17414,33.70774],[133.17177,33.71362],[133.1663,33.72085],[133.16798,33.72491],[133.16717,33.7285],[133.16121,33.73153]]]}},{"type":"Feature","properties":{"code":"39401","name":"高岡郡中土佐町","pref":"高知県","pref_code":"39","cx":133.15589,"cy":33.3262,"bbox":[133.04983,33.23485,133.26422,33.42173]},"geometry":{"type":"Polygon","coordinates":[[[133.17548,33.39865],[133.16891,33.408],[133.16835,33.41423],[133.16975,33.41748],[133.15825,33.42083],[133.15211,33.41901],[133.14996,33.41548],[133.14095,33.41581],[133.14025,33.41789],[133.13155,33.42102],[133.1257,33.41983],[133.12008,33.42018],[133.11565,33.42173],[133.111,33.42004],[133.11091,33.41452],[133.10655,33.41125],[133.10903,33.40754],[133.10839,33.40293],[133.10977,33.40112],[133.10618,33.39532],[133.10796,33.3915],[133.10552,33.38686],[133.09999,33.38505],[133.09876,33.38323],[133.09867,33.37531],[133.09408,33.37173],[133.09112,33.37543],[133.08838,33.38135],[133.08247,33.38451],[133.07618,33.38923],[133.07124,33.38803],[133.06994,33.38379],[133.06699,33.38282],[133.06301,33.37864],[133.058,33.3764],[133.05693,33.37172],[133.05306,33.36929],[133.04983,33.36147],[133.05095,33.3564],[133.06267,33.35533],[133.0637,33.35307],[133.07158,33.34877],[133.07105,33.34423],[133.06818,33.34136],[133.06278,33.34471],[133.0567,33.34272],[133.0583,33.33627],[133.05785,33.33335],[133.06733,33.33466],[133.07205,33.33788],[133.07587,33.33531],[133.07658,33.32868],[133.08768,33.32035],[133.08893,33.31716],[133.09404,33.31434],[133.0976,33.31012],[133.10635,33.31202],[133.10532,33.31854],[133.11297,33.31719],[133.11744,33.31348],[133.12164,33.30666],[133.12528,33.30474],[133.13175,33.30323],[133.1365,33.30424],[133.14035,33.30335],[133.14931,33.30698],[133.16288,33.30953],[133.16419,33.31563],[133.16908,33.3173],[133.17199,33.32109],[133.17684,33.31955],[133.17854,33.3217],[133.1849,33.31953],[133.18232,33.31715],[133.17922,33.30853],[133.18224,33.30518],[133.18804,33.3024],[133.18831,33.29787],[133.19031,33.29468],[133.19512,33.29521],[133.19748,33.29372],[133.19839,33.28967],[133.19479,33.28646],[133.19503,33.2731],[133.19687,33.27059],[133.19357,33.26526],[133.19183,33.26014],[133.19308,33.25659],[133.19807,33.25386],[133.206,33.25403],[133.21157,33.251],[133.21595,33.25055],[133.22014,33.24615],[133.2227,33.2405],[133.22854,33.23568],[133.23464,33.23485],[133.24149,33.23652],[133.24949,33.23701],[133.25051,33.23895],[133.25609,33.23781],[133.2531,33.24096],[133.24773,33.24396],[133.24773,33.24965],[133.24953,33.25083],[133.25548,33.24974],[133.25622,33.25341],[133.26422,33.25731],[133.25836,33.26115],[133.25794,33.26496],[133.25563,33.26666],[133.25548,33.27042],[133.25754,33.27514],[133.26025,33.27731],[133.25763,33.28071],[133.25161,33.27991],[133.24967,33.27527],[133.24529,33.27445],[133.24213,33.27634],[133.24162,33.28025],[133.24386,33.28235],[133.24289,33.28975],[133.2459,33.29204],[133.23939,33.29443],[133.23852,33.29708],[133.24145,33.30033],[133.24457,33.30131],[133.24846,33.29994],[133.24861,33.30532],[133.25319,33.30806],[133.26049,33.30989],[133.25746,33.31327],[133.25504,33.31303],[133.24423,33.31844],[133.24126,33.31864],[133.23716,33.32256],[133.23157,33.32409],[133.23221,33.32832],[133.23761,33.3296],[133.23814,33.3324],[133.24285,33.33349],[133.24823,33.33105],[133.24964,33.33385],[133.25608,33.33284],[133.25687,33.3374],[133.26,33.34144],[133.26383,33.34057],[133.26253,33.3426],[133.25409,33.34773],[133.25066,33.35072],[133.24956,33.35391],[133.24375,33.35798],[133.24099,33.36479],[133.23523,33.3666],[133.23122,33.36941],[133.22865,33.3736],[133.22801,33.37913],[133.22522,33.38007],[133.21423,33.37848],[133.20906,33.38219],[133.20066,33.38087],[133.19525,33.37777],[133.18371,33.37829],[133.17716,33.37636],[133.17599,33.37935],[133.17913,33.38313],[133.17523,33.39366],[133.17548,33.39865]]]}},{"type":"Feature","properties":{"code":"39402","name":"高岡郡佐川町","pref":"高知県","pref_code":"39","cx":133.26578,"cy":33.49888,"bbox":[133.19456,33.44029,133.34153,33.55856]},"geometry":{"type":"Polygon","coordinates":[[[133.33598,33.5016],[133.33704,33.50476],[133.34109,33.50632],[133.34153,33.51592],[133.33769,33.51826],[133.33218,33.51798],[133.32825,33.52277],[133.32897,33.52966],[133.3281,33.53475],[133.32546,33.53908],[133.32308,33.54006],[133.32148,33.54418],[133.31665,33.54845],[133.31442,33.55738],[133.3107,33.55856],[133.3081,33.55611],[133.3022,33.55381],[133.28056,33.5579],[133.27411,33.55744],[133.26215,33.5519],[133.26147,33.54722],[133.26501,33.54065],[133.26439,33.53557],[133.26694,33.529],[133.26701,33.52414],[133.2605,33.52402],[133.25714,33.52285],[133.25472,33.51983],[133.24842,33.51553],[133.24943,33.50384],[133.24407,33.50191],[133.23522,33.5058],[133.23287,33.50538],[133.22642,33.50765],[133.22426,33.50973],[133.21188,33.51314],[133.2085,33.51225],[133.214,33.5082],[133.21268,33.50633],[133.20236,33.50787],[133.20143,33.50482],[133.20431,33.50268],[133.20063,33.49953],[133.19957,33.49296],[133.19617,33.48842],[133.19456,33.48246],[133.19677,33.47893],[133.19682,33.47428],[133.20249,33.47215],[133.20505,33.46713],[133.21455,33.46682],[133.22092,33.46201],[133.23333,33.46145],[133.24586,33.45514],[133.24967,33.45445],[133.25128,33.45203],[133.25187,33.44538],[133.25824,33.4414],[133.27142,33.44029],[133.27502,33.44069],[133.2804,33.44354],[133.28316,33.44671],[133.28708,33.44661],[133.29381,33.45203],[133.30559,33.45915],[133.30706,33.46242],[133.3084,33.47004],[133.31953,33.47457],[133.32358,33.47714],[133.32717,33.48176],[133.32293,33.4896],[133.32563,33.49408],[133.32987,33.49823],[133.33598,33.5016]]]}},{"type":"Feature","properties":{"code":"39403","name":"高岡郡越知町","pref":"高知県","pref_code":"39","cx":133.22063,"cy":33.53825,"bbox":[133.14633,33.46392,133.31055,33.61347]},"geometry":{"type":"Polygon","coordinates":[[[133.22827,33.60505],[133.22399,33.60124],[133.21978,33.60193],[133.21352,33.59733],[133.21539,33.58617],[133.21254,33.5746],[133.21398,33.5703],[133.20971,33.5686],[133.20365,33.57007],[133.19898,33.57447],[133.196,33.57334],[133.19457,33.56631],[133.18394,33.56594],[133.18078,33.56303],[133.18523,33.55475],[133.18125,33.55148],[133.18111,33.54572],[133.17507,33.53586],[133.16695,33.53306],[133.16218,33.52995],[133.15841,33.52427],[133.15082,33.52068],[133.1483,33.51855],[133.15115,33.51317],[133.15174,33.50462],[133.14688,33.50063],[133.15083,33.49568],[133.14767,33.49163],[133.14633,33.48482],[133.15315,33.4793],[133.15818,33.47856],[133.15943,33.46699],[133.16698,33.46392],[133.17841,33.46522],[133.18329,33.47255],[133.18939,33.4708],[133.19682,33.47428],[133.19677,33.47893],[133.19456,33.48246],[133.19617,33.48842],[133.19957,33.49296],[133.20063,33.49953],[133.20431,33.50268],[133.20143,33.50482],[133.20236,33.50787],[133.21268,33.50633],[133.214,33.5082],[133.2085,33.51225],[133.21188,33.51314],[133.22426,33.50973],[133.22642,33.50765],[133.23287,33.50538],[133.23522,33.5058],[133.24407,33.50191],[133.24943,33.50384],[133.24842,33.51553],[133.25472,33.51983],[133.25714,33.52285],[133.2605,33.52402],[133.26701,33.52414],[133.26694,33.529],[133.26439,33.53557],[133.26501,33.54065],[133.26147,33.54722],[133.26215,33.5519],[133.27411,33.55744],[133.28056,33.5579],[133.3022,33.55381],[133.30203,33.55867],[133.30039,33.56406],[133.29678,33.56547],[133.29916,33.56839],[133.30139,33.5744],[133.30002,33.57932],[133.3066,33.58096],[133.31055,33.57884],[133.30454,33.58647],[133.30368,33.59189],[133.29441,33.58733],[133.2892,33.58567],[133.28597,33.58885],[133.28572,33.59159],[133.28055,33.59302],[133.27788,33.59516],[133.28063,33.60196],[133.27438,33.60763],[133.26868,33.60856],[133.26577,33.61292],[133.25946,33.61347],[133.25577,33.60963],[133.25245,33.61065],[133.24548,33.60809],[133.24312,33.60441],[133.23793,33.60214],[133.23396,33.60281],[133.23218,33.6051],[133.22827,33.60505]]]}},{"type":"Feature","properties":{"code":"39405","name":"高岡郡梼原町","pref":"高知県","pref_code":"39","cx":132.92624,"cy":33.38189,"bbox":[132.80699,33.28381,133.03552,33.47919]},"geometry":{"type":"Polygon","coordinates":[[[132.98926,33.47387],[132.98687,33.47291],[132.97884,33.47292],[132.97267,33.46979],[132.95964,33.46631],[132.95167,33.46658],[132.94684,33.46859],[132.94422,33.47195],[132.93852,33.47208],[132.931,33.47007],[132.929,33.46857],[132.91521,33.46765],[132.89963,33.47007],[132.89387,33.47248],[132.88413,33.47302],[132.88106,33.47095],[132.87369,33.47098],[132.86453,33.47234],[132.86242,33.47453],[132.85233,33.47815],[132.84753,33.47919],[132.84042,33.47473],[132.83413,33.4742],[132.83171,33.47591],[132.82716,33.47241],[132.82297,33.47294],[132.81893,33.46655],[132.81482,33.46433],[132.81106,33.46606],[132.80699,33.46078],[132.80813,33.45386],[132.81327,33.45115],[132.82195,33.44862],[132.82656,33.4456],[132.82777,33.43832],[132.82452,33.43467],[132.82339,33.42984],[132.82492,33.42293],[132.83401,33.42015],[132.8333,33.41195],[132.83162,33.40885],[132.83543,33.40064],[132.84105,33.39789],[132.85451,33.3983],[132.85594,33.39494],[132.85556,33.39006],[132.85306,33.38848],[132.8565,33.38259],[132.85658,33.37811],[132.85907,33.37391],[132.86002,33.36846],[132.86674,33.3681],[132.87413,33.36396],[132.8838,33.36235],[132.88706,33.35871],[132.89013,33.35751],[132.89473,33.34953],[132.90044,33.34374],[132.90288,33.33804],[132.90177,33.33576],[132.9035,33.33105],[132.90175,33.32731],[132.91123,33.32737],[132.91589,33.32506],[132.919,33.32589],[132.92894,33.32307],[132.93304,33.31917],[132.94063,33.31471],[132.95225,33.31349],[132.95613,33.30905],[132.95977,33.30002],[132.9591,33.29606],[132.96355,33.29279],[132.96775,33.29248],[132.97116,33.28626],[132.98043,33.28381],[132.97992,33.28806],[132.9816,33.29076],[132.99412,33.29807],[132.99777,33.3063],[133.00034,33.30876],[133.00721,33.30837],[133.01449,33.31018],[133.01918,33.30735],[133.02583,33.30639],[133.02825,33.30944],[133.0287,33.31422],[133.03082,33.31922],[133.03552,33.32124],[133.0319,33.32848],[133.03325,33.33043],[133.03052,33.33444],[133.02847,33.34297],[133.01792,33.34584],[133.01292,33.35122],[133.00776,33.3543],[133.00229,33.35502],[132.99232,33.36081],[132.99402,33.36214],[132.99431,33.37398],[132.99689,33.37611],[132.99698,33.38119],[132.9887,33.38694],[132.98552,33.39152],[132.97962,33.39083],[132.97829,33.38711],[132.9694,33.38262],[132.96607,33.3884],[132.9627,33.39191],[132.95849,33.39365],[132.95609,33.40054],[132.95952,33.40864],[132.96307,33.41308],[132.96654,33.41415],[132.97074,33.41237],[132.97563,33.41492],[132.98277,33.41421],[132.98537,33.41529],[132.98381,33.42487],[132.98922,33.42599],[132.9937,33.43043],[132.98656,33.4347],[132.98854,33.4405],[132.99377,33.44301],[132.9969,33.44718],[132.99567,33.4534],[132.99282,33.45589],[132.99384,33.46142],[132.99219,33.4642],[132.99267,33.46861],[132.98926,33.47387]]]}},{"type":"Feature","properties":{"code":"39410","name":"高岡郡日高村","pref":"高知県","pref_code":"39","cx":133.36333,"cy":33.53957,"bbox":[133.29678,33.49788,133.40346,33.58096]},"geometry":{"type":"Polygon","coordinates":[[[133.39385,33.51896],[133.39412,33.52285],[133.39781,33.52728],[133.39938,33.53274],[133.40346,33.53674],[133.40104,33.54313],[133.39679,33.54529],[133.3834,33.55455],[133.37642,33.5574],[133.37241,33.56121],[133.365,33.5661],[133.36326,33.57269],[133.36488,33.57754],[133.36324,33.5798],[133.35943,33.57973],[133.35614,33.57542],[133.35725,33.56147],[133.35295,33.5587],[133.34853,33.55906],[133.34724,33.564],[133.34183,33.56504],[133.33906,33.56203],[133.33291,33.55834],[133.33059,33.5595],[133.32557,33.56904],[133.32373,33.57079],[133.31301,33.57382],[133.31055,33.57884],[133.3066,33.58096],[133.30002,33.57932],[133.30139,33.5744],[133.29916,33.56839],[133.29678,33.56547],[133.30039,33.56406],[133.30203,33.55867],[133.3022,33.55381],[133.3081,33.55611],[133.3107,33.55856],[133.31442,33.55738],[133.31665,33.54845],[133.32148,33.54418],[133.32308,33.54006],[133.32546,33.53908],[133.3281,33.53475],[133.32897,33.52966],[133.32825,33.52277],[133.33218,33.51798],[133.33769,33.51826],[133.34153,33.51592],[133.34109,33.50632],[133.33704,33.50476],[133.33598,33.5016],[133.33714,33.49871],[133.34412,33.49788],[133.3582,33.50215],[133.36334,33.50514],[133.37157,33.50811],[133.37661,33.50877],[133.38045,33.5109],[133.38543,33.5097],[133.39566,33.51123],[133.39216,33.51599],[133.39385,33.51896]]]}},{"type":"Feature","properties":{"code":"39411","name":"高岡郡津野町","pref":"高知県","pref_code":"39","cx":133.03468,"cy":33.41181,"bbox":[132.95609,33.34297,133.25824,33.48155]},"geometry":{"type":"Polygon","coordinates":[[[133.25824,33.4414],[133.25187,33.44538],[133.25128,33.45203],[133.24967,33.45445],[133.24586,33.45514],[133.23333,33.46145],[133.22092,33.46201],[133.21455,33.46682],[133.20505,33.46713],[133.20249,33.47215],[133.19682,33.47428],[133.18939,33.4708],[133.18329,33.47255],[133.17841,33.46522],[133.16698,33.46392],[133.15943,33.46699],[133.15541,33.46516],[133.15124,33.46101],[133.14033,33.45846],[133.13748,33.45674],[133.12579,33.45632],[133.11927,33.45322],[133.11677,33.45025],[133.11169,33.4504],[133.10232,33.44303],[133.09275,33.44779],[133.09064,33.45171],[133.07338,33.45259],[133.07364,33.45566],[133.06913,33.4592],[133.06828,33.46578],[133.06114,33.46902],[133.05897,33.4756],[133.0588,33.47974],[133.05557,33.47972],[133.05191,33.47658],[133.04474,33.4746],[133.03443,33.47932],[133.02715,33.48021],[133.02407,33.48155],[133.01536,33.48101],[132.99903,33.47575],[132.99273,33.47583],[132.98926,33.47387],[132.99267,33.46861],[132.99219,33.4642],[132.99384,33.46142],[132.99282,33.45589],[132.99567,33.4534],[132.9969,33.44718],[132.99377,33.44301],[132.98854,33.4405],[132.98656,33.4347],[132.9937,33.43043],[132.98922,33.42599],[132.98381,33.42487],[132.98537,33.41529],[132.98277,33.41421],[132.97563,33.41492],[132.97074,33.41237],[132.96654,33.41415],[132.96307,33.41308],[132.95952,33.40864],[132.95609,33.40054],[132.95849,33.39365],[132.9627,33.39191],[132.96607,33.3884],[132.9694,33.38262],[132.97829,33.38711],[132.97962,33.39083],[132.98552,33.39152],[132.9887,33.38694],[132.99698,33.38119],[132.99689,33.37611],[132.99431,33.37398],[132.99402,33.36214],[132.99232,33.36081],[133.00229,33.35502],[133.00776,33.3543],[133.01292,33.35122],[133.01792,33.34584],[133.02847,33.34297],[133.03569,33.34454],[133.04108,33.34716],[133.04245,33.35226],[133.04943,33.35436],[133.05095,33.3564],[133.04983,33.36147],[133.05306,33.36929],[133.05693,33.37172],[133.058,33.3764],[133.06301,33.37864],[133.06699,33.38282],[133.06994,33.38379],[133.07124,33.38803],[133.07618,33.38923],[133.08247,33.38451],[133.08838,33.38135],[133.09112,33.37543],[133.09408,33.37173],[133.09867,33.37531],[133.09876,33.38323],[133.09999,33.38505],[133.10552,33.38686],[133.10796,33.3915],[133.10618,33.39532],[133.10977,33.40112],[133.10839,33.40293],[133.10903,33.40754],[133.10655,33.41125],[133.11091,33.41452],[133.111,33.42004],[133.11565,33.42173],[133.12008,33.42018],[133.1257,33.41983],[133.13155,33.42102],[133.14025,33.41789],[133.14095,33.41581],[133.14996,33.41548],[133.15211,33.41901],[133.15825,33.42083],[133.16975,33.41748],[133.16835,33.41423],[133.16891,33.408],[133.17548,33.39865],[133.18372,33.39994],[133.19551,33.39782],[133.20322,33.40286],[133.20959,33.40471],[133.20652,33.41039],[133.20803,33.41811],[133.20807,33.42869],[133.21715,33.43058],[133.22445,33.4289],[133.22714,33.42987],[133.23198,33.42877],[133.23633,33.43135],[133.24283,33.43265],[133.2454,33.43107],[133.2512,33.43326],[133.25622,33.43759],[133.25824,33.4414]]]}},{"type":"Feature","properties":{"code":"39412","name":"高岡郡四万十町","pref":"高知県","pref_code":"39","cx":133.02693,"cy":33.23738,"bbox":[132.78689,33.1178,133.25609,33.3564]},"geometry":{"type":"Polygon","coordinates":[[[133.164,33.13529],[133.16592,33.13849],[133.16743,33.1459],[133.17062,33.15042],[133.1829,33.16026],[133.18462,33.16351],[133.19192,33.16742],[133.19871,33.16747],[133.20699,33.16502],[133.20846,33.16297],[133.20542,33.15927],[133.20812,33.15718],[133.21208,33.14811],[133.21456,33.15139],[133.223,33.1533],[133.22027,33.15654],[133.21899,33.16693],[133.2216,33.17394],[133.21564,33.1761],[133.21479,33.17987],[133.21108,33.18062],[133.21053,33.18369],[133.21525,33.19232],[133.2194,33.19423],[133.22699,33.1956],[133.23145,33.19787],[133.23581,33.19816],[133.23965,33.20053],[133.23531,33.2023],[133.23498,33.20518],[133.23873,33.20915],[133.23916,33.21666],[133.24443,33.21852],[133.24776,33.22161],[133.25607,33.22519],[133.2551,33.22933],[133.24949,33.23293],[133.2508,33.23517],[133.25609,33.23781],[133.25051,33.23895],[133.24949,33.23701],[133.24149,33.23652],[133.23464,33.23485],[133.22854,33.23568],[133.2227,33.2405],[133.22014,33.24615],[133.21595,33.25055],[133.21157,33.251],[133.206,33.25403],[133.19807,33.25386],[133.19308,33.25659],[133.19183,33.26014],[133.19357,33.26526],[133.19687,33.27059],[133.19503,33.2731],[133.19479,33.28646],[133.19839,33.28967],[133.19748,33.29372],[133.19512,33.29521],[133.19031,33.29468],[133.18831,33.29787],[133.18804,33.3024],[133.18224,33.30518],[133.17922,33.30853],[133.18232,33.31715],[133.1849,33.31953],[133.17854,33.3217],[133.17684,33.31955],[133.17199,33.32109],[133.16908,33.3173],[133.16419,33.31563],[133.16288,33.30953],[133.14931,33.30698],[133.14035,33.30335],[133.1365,33.30424],[133.13175,33.30323],[133.12528,33.30474],[133.12164,33.30666],[133.11744,33.31348],[133.11297,33.31719],[133.10532,33.31854],[133.10635,33.31202],[133.0976,33.31012],[133.09404,33.31434],[133.08893,33.31716],[133.08768,33.32035],[133.07658,33.32868],[133.07587,33.33531],[133.07205,33.33788],[133.06733,33.33466],[133.05785,33.33335],[133.0583,33.33627],[133.0567,33.34272],[133.06278,33.34471],[133.06818,33.34136],[133.07105,33.34423],[133.07158,33.34877],[133.0637,33.35307],[133.06267,33.35533],[133.05095,33.3564],[133.04943,33.35436],[133.04245,33.35226],[133.04108,33.34716],[133.03569,33.34454],[133.02847,33.34297],[133.03052,33.33444],[133.03325,33.33043],[133.0319,33.32848],[133.03552,33.32124],[133.03082,33.31922],[133.0287,33.31422],[133.02825,33.30944],[133.02583,33.30639],[133.01918,33.30735],[133.01449,33.31018],[133.00721,33.30837],[133.00034,33.30876],[132.99777,33.3063],[132.99412,33.29807],[132.9816,33.29076],[132.97992,33.28806],[132.98043,33.28381],[132.97116,33.28626],[132.96775,33.29248],[132.96355,33.29279],[132.9591,33.29606],[132.95977,33.30002],[132.95613,33.30905],[132.95225,33.31349],[132.94063,33.31471],[132.93304,33.31917],[132.92894,33.32307],[132.919,33.32589],[132.91589,33.32506],[132.91123,33.32737],[132.90175,33.32731],[132.89898,33.32445],[132.90067,33.32062],[132.89855,33.3147],[132.88495,33.3071],[132.87246,33.30493],[132.87165,33.3031],[132.86306,33.29777],[132.8577,33.29319],[132.85137,33.29155],[132.84972,33.28964],[132.83955,33.28786],[132.83763,33.2894],[132.83263,33.2854],[132.8244,33.28223],[132.81756,33.28383],[132.81454,33.28066],[132.80994,33.28017],[132.80051,33.2755],[132.79312,33.27484],[132.78914,33.27047],[132.78689,33.26224],[132.7913,33.25697],[132.79389,33.25593],[132.79482,33.25174],[132.79995,33.24757],[132.80031,33.24384],[132.80467,33.23579],[132.81505,33.23847],[132.82241,33.2396],[132.82746,33.23776],[132.82576,33.22932],[132.823,33.22271],[132.81907,33.22294],[132.81765,33.21389],[132.82451,33.20658],[132.82453,33.20193],[132.8188,33.19205],[132.82645,33.19089],[132.8337,33.18744],[132.83889,33.18867],[132.84552,33.18453],[132.8612,33.17726],[132.86778,33.17999],[132.87762,33.17956],[132.87827,33.17373],[132.88086,33.17085],[132.88008,33.16701],[132.87603,33.16092],[132.87974,33.15867],[132.88415,33.15359],[132.89051,33.15271],[132.89315,33.14857],[132.89918,33.14418],[132.90169,33.14516],[132.91164,33.14382],[132.91807,33.1419],[132.92385,33.13897],[132.93545,33.13755],[132.94028,33.14529],[132.94635,33.14629],[132.95144,33.14926],[132.95854,33.14658],[132.96318,33.14797],[132.9657,33.15468],[132.96923,33.15588],[132.97275,33.16091],[132.97897,33.16012],[132.98467,33.15734],[132.98938,33.15742],[132.99404,33.16014],[133.00253,33.15591],[133.0004,33.15107],[133.00344,33.14724],[133.01089,33.14608],[133.01695,33.14993],[133.02219,33.1502],[133.02735,33.14509],[133.03058,33.14477],[133.03446,33.14048],[133.04298,33.13816],[133.04781,33.13561],[133.05684,33.13344],[133.05685,33.12977],[133.05341,33.12334],[133.05134,33.12267],[133.05891,33.1178],[133.06489,33.12206],[133.07105,33.1232],[133.07192,33.12962],[133.07456,33.13229],[133.07279,33.13591],[133.0731,33.14191],[133.07576,33.1474],[133.07874,33.14802],[133.08868,33.14577],[133.09239,33.14325],[133.09549,33.14414],[133.09387,33.15099],[133.08941,33.15408],[133.09085,33.15837],[133.0986,33.16486],[133.10473,33.16316],[133.1114,33.16357],[133.11447,33.15886],[133.12083,33.16177],[133.1248,33.16192],[133.13076,33.16972],[133.13208,33.16799],[133.13873,33.16721],[133.14617,33.17191],[133.15155,33.17881],[133.15619,33.18214],[133.16036,33.1835],[133.16447,33.18826],[133.17322,33.18974],[133.17719,33.18856],[133.18321,33.18237],[133.18259,33.17784],[133.17575,33.17306],[133.17379,33.16863],[133.17107,33.16668],[133.1661,33.16001],[133.16084,33.15492],[133.15615,33.15209],[133.15318,33.14667],[133.15801,33.13815],[133.164,33.13529]]]}},{"type":"Feature","properties":{"code":"39424","name":"幡多郡大月町","pref":"高知県","pref_code":"39","cx":132.70909,"cy":32.82091,"bbox":[132.61799,32.753,132.78645,32.88813]},"geometry":{"type":"MultiPolygon","coordinates":[[[[132.76287,32.83029],[132.75725,32.83364],[132.75357,32.83386],[132.74798,32.83917],[132.74366,32.83775],[132.73856,32.83879],[132.74047,32.84623],[132.73872,32.84755],[132.74027,32.8519],[132.73822,32.85411],[132.73091,32.85281],[132.72887,32.86151],[132.72363,32.86997],[132.72109,32.87162],[132.71988,32.86526],[132.71611,32.86703],[132.70996,32.86289],[132.70481,32.86772],[132.69673,32.87336],[132.70256,32.88221],[132.70488,32.88454],[132.7048,32.88813],[132.69926,32.88482],[132.69243,32.88402],[132.6905,32.8749],[132.68145,32.8713],[132.67458,32.86507],[132.66482,32.86009],[132.66508,32.85838],[132.66088,32.85336],[132.66308,32.84929],[132.66805,32.84544],[132.66856,32.84145],[132.66255,32.84103],[132.65878,32.83798],[132.66462,32.8326],[132.6592,32.82918],[132.65997,32.82683],[132.65627,32.82378],[132.6534,32.82832],[132.65038,32.82596],[132.65053,32.82046],[132.64403,32.81978],[132.64444,32.814],[132.65247,32.80639],[132.64952,32.80093],[132.64661,32.80048],[132.63957,32.80182],[132.638,32.79895],[132.63202,32.80153],[132.62922,32.80103],[132.62972,32.79701],[132.63471,32.78996],[132.63963,32.78793],[132.64394,32.78782],[132.64337,32.78389],[132.63405,32.78374],[132.63883,32.77547],[132.64039,32.76948],[132.63258,32.76839],[132.62876,32.76605],[132.63037,32.76187],[132.63799,32.76687],[132.64758,32.7653],[132.6514,32.7683],[132.64849,32.77026],[132.64775,32.77388],[132.64917,32.77741],[132.65445,32.77839],[132.65456,32.78113],[132.65824,32.78184],[132.66306,32.78054],[132.66792,32.78429],[132.6767,32.78341],[132.68199,32.78127],[132.68747,32.78659],[132.69078,32.78827],[132.69491,32.78532],[132.69655,32.78931],[132.68722,32.79154],[132.69192,32.7939],[132.70733,32.79522],[132.71045,32.79899],[132.71409,32.79425],[132.71871,32.79712],[132.72203,32.79317],[132.72297,32.78881],[132.72647,32.7859],[132.72645,32.78286],[132.72929,32.77884],[132.73283,32.77908],[132.73842,32.77294],[132.74344,32.77289],[132.74775,32.76725],[132.74966,32.76074],[132.75799,32.753],[132.767,32.7612],[132.77262,32.76105],[132.77923,32.75423],[132.78638,32.75697],[132.78464,32.76861],[132.78645,32.77209],[132.7837,32.77516],[132.78417,32.77816],[132.78098,32.78293],[132.7775,32.78352],[132.7734,32.78679],[132.77428,32.79327],[132.77223,32.79565],[132.7657,32.79746],[132.76112,32.80107],[132.76958,32.81446],[132.77019,32.81733],[132.76734,32.82137],[132.76369,32.82318],[132.76287,32.83029]]],[[[132.62936,32.77246],[132.62052,32.77146],[132.61799,32.76786],[132.61983,32.76592],[132.62526,32.76729],[132.62936,32.77246]]]]}},{"type":"Feature","properties":{"code":"39427","name":"幡多郡三原村","pref":"高知県","pref_code":"39","cx":132.8549,"cy":32.90234,"bbox":[132.76618,32.85927,132.91826,32.9452]},"geometry":{"type":"Polygon","coordinates":[[[132.9179,32.93527],[132.91251,32.93502],[132.90689,32.9382],[132.90558,32.94156],[132.90094,32.9406],[132.89278,32.94497],[132.88617,32.94218],[132.88324,32.94264],[132.87649,32.93974],[132.86872,32.9435],[132.86072,32.9452],[132.85382,32.94229],[132.85361,32.93993],[132.84602,32.93859],[132.84325,32.94042],[132.84005,32.93901],[132.8373,32.94066],[132.82978,32.94025],[132.82464,32.93646],[132.82567,32.93207],[132.82407,32.93058],[132.82259,32.92414],[132.82038,32.9215],[132.8165,32.92306],[132.8063,32.91809],[132.80417,32.92077],[132.80005,32.91338],[132.79982,32.91037],[132.80485,32.90566],[132.80633,32.9013],[132.80484,32.8995],[132.7969,32.89887],[132.79445,32.90123],[132.7872,32.90338],[132.78285,32.90353],[132.78014,32.90781],[132.77634,32.90532],[132.77268,32.90018],[132.76726,32.899],[132.76618,32.8948],[132.76891,32.88959],[132.77222,32.88798],[132.77665,32.88197],[132.77634,32.87989],[132.78036,32.8762],[132.78148,32.87272],[132.77961,32.87013],[132.78384,32.86744],[132.78589,32.87713],[132.79442,32.87461],[132.79499,32.87775],[132.79952,32.88092],[132.80966,32.87542],[132.81719,32.86492],[132.8267,32.86508],[132.83026,32.86214],[132.83485,32.86301],[132.83972,32.86187],[132.84103,32.85949],[132.84525,32.85927],[132.84911,32.86563],[132.85196,32.86679],[132.85647,32.8652],[132.85912,32.86823],[132.86929,32.86679],[132.87551,32.8726],[132.88359,32.87343],[132.8904,32.87099],[132.89251,32.87377],[132.89929,32.87535],[132.90274,32.88063],[132.91345,32.87951],[132.91439,32.88401],[132.91361,32.89164],[132.91143,32.89565],[132.90654,32.89784],[132.90317,32.9034],[132.90613,32.90759],[132.91292,32.90958],[132.90958,32.91385],[132.90911,32.91742],[132.9129,32.91984],[132.91826,32.92716],[132.91699,32.92983],[132.9179,32.93527]]]}},{"type":"Feature","properties":{"code":"39428","name":"幡多郡黒潮町","pref":"高知県","pref_code":"39","cx":133.04389,"cy":33.08446,"bbox":[132.95339,32.97706,133.18321,33.18974]},"geometry":{"type":"Polygon","coordinates":[[[132.9993,32.9803],[133.00292,32.99273],[133.00693,32.99536],[133.00562,33.00134],[133.00842,33.00616],[133.00833,33.00933],[133.01128,33.01415],[133.01862,33.02322],[133.02794,33.03148],[133.0349,33.03639],[133.04074,33.03702],[133.04446,33.0389],[133.05035,33.03795],[133.05621,33.0391],[133.06042,33.03694],[133.0649,33.03797],[133.07252,33.03747],[133.07557,33.03313],[133.07982,33.0316],[133.08118,33.02761],[133.08517,33.02557],[133.08928,33.02624],[133.09447,33.02357],[133.09722,33.02592],[133.0971,33.02898],[133.09305,33.03405],[133.09614,33.04178],[133.09614,33.0489],[133.09932,33.05813],[133.10885,33.06264],[133.108,33.06964],[133.10515,33.07307],[133.10802,33.07577],[133.11095,33.07563],[133.11253,33.07947],[133.11811,33.08639],[133.12032,33.08667],[133.12848,33.09134],[133.13068,33.09008],[133.13836,33.09408],[133.13995,33.09733],[133.14832,33.10832],[133.14746,33.11043],[133.15386,33.11857],[133.15312,33.12089],[133.15484,33.12543],[133.15821,33.12629],[133.15928,33.1303],[133.164,33.13529],[133.15801,33.13815],[133.15318,33.14667],[133.15615,33.15209],[133.16084,33.15492],[133.1661,33.16001],[133.17107,33.16668],[133.17379,33.16863],[133.17575,33.17306],[133.18259,33.17784],[133.18321,33.18237],[133.17719,33.18856],[133.17322,33.18974],[133.16447,33.18826],[133.16036,33.1835],[133.15619,33.18214],[133.15155,33.17881],[133.14617,33.17191],[133.13873,33.16721],[133.13208,33.16799],[133.13076,33.16972],[133.1248,33.16192],[133.12083,33.16177],[133.11447,33.15886],[133.1114,33.16357],[133.10473,33.16316],[133.0986,33.16486],[133.09085,33.15837],[133.08941,33.15408],[133.09387,33.15099],[133.09549,33.14414],[133.09239,33.14325],[133.08868,33.14577],[133.07874,33.14802],[133.07576,33.1474],[133.0731,33.14191],[133.07279,33.13591],[133.07456,33.13229],[133.07192,33.12962],[133.07105,33.1232],[133.06489,33.12206],[133.05891,33.1178],[133.05134,33.12267],[133.04364,33.11067],[133.03927,33.11165],[133.0342,33.10988],[133.02984,33.11017],[133.02189,33.1139],[133.01278,33.11238],[133.01122,33.11023],[133.00653,33.11042],[133.00471,33.10728],[132.99688,33.09918],[132.99244,33.09789],[132.98872,33.09876],[132.9848,33.09392],[132.9831,33.08833],[132.97394,33.08764],[132.97141,33.08628],[132.97105,33.08265],[132.974,33.07675],[132.97052,33.07316],[132.97014,33.06686],[132.96394,33.05634],[132.96558,33.05376],[132.96163,33.04688],[132.96279,33.04364],[132.96101,33.04101],[132.96472,33.0336],[132.96422,33.03027],[132.96042,33.0278],[132.9585,33.02429],[132.95339,33.01967],[132.9541,33.01565],[132.95668,33.01503],[132.96182,33.00385],[132.96922,33.00324],[132.97564,32.99964],[132.97758,32.99228],[132.98,32.9889],[132.97643,32.9851],[132.98025,32.98196],[132.98546,32.98191],[132.99097,32.97706],[132.99447,32.97983],[132.9993,32.9803]]]}}]}