{"type":"FeatureCollection","features":[{"type":"Feature","properties":{"code":"02201","name":"青森市","pref":"青森県","pref_code":"02","cx":140.77427,"cy":40.78943,"bbox":[140.52024,40.60592,140.98061,40.97022]},"geometry":{"type":"Polygon","coordinates":[[[140.66079,40.94845],[140.65191,40.95026],[140.61604,40.95179],[140.60887,40.95043],[140.60525,40.95987],[140.60074,40.96244],[140.58747,40.96548],[140.58151,40.96275],[140.56309,40.97022],[140.5536,40.96926],[140.55277,40.96136],[140.55569,40.95538],[140.56219,40.95324],[140.56672,40.94455],[140.57612,40.93946],[140.57993,40.94032],[140.58773,40.93421],[140.58276,40.92597],[140.58605,40.92261],[140.57871,40.91177],[140.57947,40.90708],[140.575,40.9043],[140.57526,40.89705],[140.58394,40.89437],[140.58776,40.88],[140.5921,40.8686],[140.59003,40.85319],[140.5851,40.84355],[140.57991,40.84096],[140.58199,40.83289],[140.5772,40.82897],[140.57751,40.81498],[140.57356,40.80986],[140.57448,40.80139],[140.57287,40.79362],[140.57661,40.78722],[140.5721,40.78004],[140.57801,40.76709],[140.57344,40.76056],[140.5636,40.76062],[140.55822,40.7575],[140.55568,40.7484],[140.54361,40.74601],[140.53868,40.73923],[140.52991,40.73666],[140.52728,40.731],[140.52024,40.72969],[140.52113,40.72196],[140.52514,40.7199],[140.53692,40.70599],[140.54706,40.70028],[140.54875,40.69548],[140.54073,40.68766],[140.54427,40.67712],[140.5489,40.67408],[140.55622,40.67861],[140.55576,40.68486],[140.55918,40.68806],[140.5719,40.68943],[140.57825,40.68732],[140.59852,40.6921],[140.61538,40.68743],[140.6344,40.68985],[140.63605,40.68367],[140.64084,40.67707],[140.65222,40.67014],[140.6586,40.66217],[140.6682,40.65667],[140.69546,40.66052],[140.70139,40.65688],[140.70554,40.66176],[140.71624,40.66219],[140.72325,40.66584],[140.72969,40.66628],[140.7334,40.66234],[140.74051,40.66105],[140.75173,40.66303],[140.76095,40.66093],[140.7664,40.66594],[140.77551,40.65593],[140.78434,40.65051],[140.80587,40.64525],[140.81158,40.641],[140.82606,40.62428],[140.83816,40.61369],[140.84431,40.61051],[140.84427,40.60592],[140.8528,40.60941],[140.86292,40.60964],[140.87669,40.61389],[140.87622,40.62382],[140.88369,40.63556],[140.88379,40.64067],[140.87629,40.64654],[140.88012,40.65707],[140.88693,40.65317],[140.90483,40.65424],[140.91142,40.65275],[140.92101,40.64543],[140.93894,40.6429],[140.955,40.64699],[140.95621,40.65598],[140.96109,40.6594],[140.95974,40.66525],[140.96824,40.67417],[140.96757,40.682],[140.97105,40.69332],[140.97897,40.69762],[140.97002,40.70583],[140.95317,40.7187],[140.93918,40.72153],[140.92917,40.72161],[140.92632,40.72666],[140.91995,40.72629],[140.91564,40.72969],[140.90984,40.72917],[140.90123,40.73836],[140.90191,40.74347],[140.91053,40.75706],[140.91642,40.75675],[140.92026,40.7617],[140.93954,40.7595],[140.94492,40.76338],[140.95342,40.76557],[140.96111,40.77274],[140.95811,40.78003],[140.97023,40.78665],[140.97562,40.79165],[140.97675,40.80079],[140.98061,40.80618],[140.96827,40.81451],[140.96023,40.8152],[140.95457,40.82095],[140.95614,40.83041],[140.95011,40.837],[140.94196,40.83874],[140.93829,40.84251],[140.93005,40.84548],[140.93333,40.8507],[140.93129,40.8562],[140.92405,40.8585],[140.91907,40.8632],[140.91299,40.86481],[140.91026,40.87147],[140.89685,40.87919],[140.88828,40.88943],[140.88916,40.89619],[140.883,40.89707],[140.88143,40.90234],[140.87247,40.90084],[140.85892,40.90395],[140.8604,40.88908],[140.84996,40.8833],[140.84966,40.87794],[140.84482,40.87276],[140.83489,40.87212],[140.83488,40.86653],[140.82233,40.86089],[140.82053,40.85416],[140.80173,40.83935],[140.78907,40.83381],[140.78039,40.83188],[140.75957,40.83467],[140.75374,40.83168],[140.73809,40.82999],[140.72759,40.83687],[140.72044,40.84335],[140.70806,40.8504],[140.70212,40.8513],[140.69191,40.86041],[140.68489,40.8712],[140.67693,40.88946],[140.67446,40.90588],[140.6681,40.92738],[140.66247,40.94074],[140.66079,40.94845]]]}},{"type":"Feature","properties":{"code":"02202","name":"弘前市","pref":"青森県","pref_code":"02","cx":140.39619,"cy":40.61457,"bbox":[140.15505,40.46755,140.59869,40.76137]},"geometry":{"type":"Polygon","coordinates":[[[140.33962,40.75922],[140.33285,40.76137],[140.32946,40.7571],[140.32245,40.75363],[140.3156,40.74669],[140.30707,40.74235],[140.30145,40.73325],[140.29607,40.73258],[140.2882,40.72694],[140.28682,40.72038],[140.28832,40.7086],[140.29476,40.6941],[140.30894,40.70386],[140.31503,40.70159],[140.33713,40.69944],[140.33217,40.6929],[140.32214,40.68753],[140.31472,40.68066],[140.30319,40.67774],[140.28874,40.66928],[140.29034,40.66693],[140.27818,40.66236],[140.27955,40.65458],[140.26883,40.65334],[140.25617,40.64887],[140.24637,40.64891],[140.24009,40.64504],[140.23289,40.64504],[140.2201,40.64087],[140.21659,40.63124],[140.21895,40.62449],[140.20837,40.61959],[140.20484,40.60922],[140.18939,40.60567],[140.19305,40.60135],[140.19081,40.59354],[140.18358,40.59582],[140.17547,40.59372],[140.16489,40.58738],[140.15711,40.58752],[140.15505,40.57144],[140.16207,40.56525],[140.16321,40.55695],[140.16616,40.56065],[140.17811,40.56678],[140.18349,40.55991],[140.19014,40.55577],[140.19805,40.55659],[140.20249,40.56636],[140.2074,40.5671],[140.21119,40.57196],[140.21093,40.58169],[140.2199,40.58576],[140.22198,40.58931],[140.2308,40.59049],[140.2353,40.59674],[140.2372,40.6043],[140.24766,40.6028],[140.24866,40.60748],[140.25926,40.61391],[140.2689,40.61601],[140.28595,40.61094],[140.28782,40.60717],[140.29763,40.60594],[140.29622,40.60044],[140.30148,40.59421],[140.30787,40.59393],[140.31047,40.58839],[140.30642,40.58532],[140.30882,40.57884],[140.30392,40.57369],[140.31026,40.56758],[140.31013,40.55249],[140.30264,40.54684],[140.30203,40.52757],[140.30595,40.52136],[140.31118,40.52045],[140.31425,40.51548],[140.31982,40.51511],[140.32328,40.50947],[140.32014,40.50644],[140.32013,40.49974],[140.33032,40.49095],[140.32829,40.48289],[140.33646,40.47944],[140.33759,40.47464],[140.34534,40.47179],[140.34781,40.46755],[140.3613,40.47839],[140.37795,40.47654],[140.38696,40.48706],[140.39567,40.48204],[140.39672,40.47823],[140.40612,40.47464],[140.4175,40.47995],[140.42708,40.48259],[140.43721,40.47826],[140.44438,40.48025],[140.44856,40.4779],[140.45436,40.48123],[140.45926,40.48023],[140.46465,40.48688],[140.45873,40.49282],[140.46293,40.50322],[140.47714,40.50429],[140.48392,40.50835],[140.48187,40.51461],[140.48429,40.5185],[140.49386,40.52191],[140.51042,40.52424],[140.52008,40.52287],[140.53536,40.53001],[140.54141,40.54538],[140.55439,40.53925],[140.55354,40.54922],[140.5593,40.54875],[140.56407,40.54292],[140.56925,40.5442],[140.57601,40.53771],[140.59815,40.54284],[140.59869,40.54814],[140.59317,40.55078],[140.59208,40.55526],[140.58358,40.55858],[140.57949,40.56351],[140.56953,40.56269],[140.55963,40.56396],[140.55271,40.56076],[140.54821,40.55494],[140.54019,40.5577],[140.53508,40.5632],[140.52629,40.57787],[140.52819,40.58809],[140.52582,40.59807],[140.52636,40.60853],[140.5236,40.61388],[140.51384,40.61524],[140.51144,40.62102],[140.50444,40.6245],[140.49847,40.6355],[140.49706,40.64262],[140.49352,40.65076],[140.48289,40.6515],[140.48045,40.64577],[140.46724,40.65535],[140.46566,40.66069],[140.46078,40.66138],[140.46169,40.66748],[140.46547,40.67051],[140.46122,40.68538],[140.45608,40.68757],[140.45363,40.69464],[140.44562,40.69831],[140.44169,40.70552],[140.43577,40.70807],[140.42793,40.71704],[140.42655,40.72201],[140.41979,40.72413],[140.42044,40.73665],[140.4017,40.7385],[140.39936,40.74668],[140.389,40.74262],[140.38173,40.74782],[140.35684,40.74874],[140.35552,40.75506],[140.33962,40.75922]]]}},{"type":"Feature","properties":{"code":"02203","name":"八戸市","pref":"青森県","pref_code":"02","cx":141.47927,"cy":40.47536,"bbox":[141.35476,40.34797,141.64652,40.60347]},"geometry":{"type":"Polygon","coordinates":[[[141.64652,40.4747],[141.63356,40.48423],[141.63157,40.49375],[141.62176,40.49866],[141.62016,40.50359],[141.61114,40.5063],[141.60861,40.51396],[141.59174,40.51898],[141.58776,40.52218],[141.58008,40.53481],[141.58182,40.53782],[141.57599,40.54292],[141.56609,40.543],[141.55344,40.53063],[141.54366,40.52762],[141.53456,40.52718],[141.52432,40.52959],[141.51508,40.53889],[141.51435,40.54308],[141.50528,40.54012],[141.50285,40.54294],[141.50013,40.55677],[141.48749,40.55679],[141.48512,40.56092],[141.49199,40.56474],[141.48894,40.57121],[141.48236,40.56887],[141.47717,40.57861],[141.47578,40.58549],[141.47011,40.58936],[141.4656,40.60143],[141.46299,40.60347],[141.46133,40.60022],[141.45163,40.59987],[141.44714,40.59672],[141.43574,40.59466],[141.4113,40.58105],[141.40771,40.57456],[141.42029,40.57299],[141.42351,40.56231],[141.41985,40.55409],[141.41044,40.54669],[141.41852,40.53945],[141.40266,40.53719],[141.39277,40.53251],[141.38464,40.52388],[141.37704,40.52419],[141.36888,40.52043],[141.35476,40.51707],[141.35837,40.51086],[141.35674,40.50589],[141.36641,40.4967],[141.36362,40.49476],[141.38107,40.50295],[141.38129,40.49347],[141.38503,40.48938],[141.3916,40.48764],[141.39314,40.48016],[141.40124,40.47333],[141.41497,40.47128],[141.42263,40.4725],[141.42794,40.45901],[141.43524,40.4575],[141.44139,40.45275],[141.4535,40.44835],[141.44396,40.43884],[141.44012,40.4294],[141.41604,40.42532],[141.40814,40.4253],[141.40148,40.42274],[141.40123,40.41494],[141.39397,40.40844],[141.38729,40.40568],[141.38468,40.39953],[141.38394,40.39069],[141.38702,40.38735],[141.38446,40.38034],[141.38322,40.36929],[141.3931,40.36069],[141.39749,40.36732],[141.40121,40.36667],[141.40698,40.35716],[141.41924,40.36352],[141.42742,40.365],[141.43409,40.37237],[141.4416,40.37604],[141.45431,40.373],[141.46608,40.37738],[141.48047,40.37613],[141.49643,40.36741],[141.49936,40.36197],[141.50721,40.36293],[141.51515,40.3535],[141.52635,40.34996],[141.53168,40.35145],[141.53903,40.34797],[141.54512,40.35104],[141.5537,40.35866],[141.5421,40.3786],[141.5292,40.3934],[141.52363,40.39711],[141.52005,40.40444],[141.51922,40.41647],[141.52214,40.42561],[141.51877,40.45684],[141.52598,40.45975],[141.53347,40.45992],[141.53824,40.45257],[141.5518,40.45639],[141.55291,40.46448],[141.55851,40.46587],[141.55688,40.47425],[141.57039,40.47957],[141.58486,40.47603],[141.59472,40.47732],[141.59333,40.46787],[141.60564,40.46311],[141.62341,40.46742],[141.63229,40.47462],[141.64652,40.4747]]]}},{"type":"Feature","properties":{"code":"02204","name":"黒石市","pref":"青森県","pref_code":"02","cx":140.72287,"cy":40.613,"bbox":[140.56677,40.53475,140.84431,40.6921]},"geometry":{"type":"Polygon","coordinates":[[[140.57825,40.68732],[140.57662,40.67989],[140.56824,40.66874],[140.57439,40.663],[140.57317,40.65845],[140.56677,40.65425],[140.57476,40.64934],[140.57356,40.63762],[140.58172,40.63497],[140.58208,40.63095],[140.58914,40.62983],[140.59187,40.62247],[140.59853,40.62218],[140.60681,40.61231],[140.61834,40.61112],[140.62639,40.60322],[140.63803,40.60179],[140.65024,40.59374],[140.65578,40.5867],[140.65947,40.57848],[140.65655,40.57139],[140.6512,40.56573],[140.65616,40.55805],[140.66958,40.56057],[140.67317,40.56617],[140.68166,40.57042],[140.6859,40.56662],[140.6857,40.56013],[140.69256,40.5566],[140.69295,40.54854],[140.70992,40.53749],[140.73287,40.53475],[140.74656,40.53727],[140.74972,40.54582],[140.75395,40.54683],[140.75646,40.55404],[140.75254,40.5597],[140.75964,40.56587],[140.76755,40.57014],[140.77573,40.56652],[140.78908,40.56627],[140.8027,40.56878],[140.81152,40.5725],[140.82092,40.58845],[140.82534,40.59804],[140.84265,40.60338],[140.84427,40.60592],[140.84431,40.61051],[140.83816,40.61369],[140.82606,40.62428],[140.81158,40.641],[140.80587,40.64525],[140.78434,40.65051],[140.77551,40.65593],[140.7664,40.66594],[140.76095,40.66093],[140.75173,40.66303],[140.74051,40.66105],[140.7334,40.66234],[140.72969,40.66628],[140.72325,40.66584],[140.71624,40.66219],[140.70554,40.66176],[140.70139,40.65688],[140.69546,40.66052],[140.6682,40.65667],[140.6586,40.66217],[140.65222,40.67014],[140.64084,40.67707],[140.63605,40.68367],[140.6344,40.68985],[140.61538,40.68743],[140.59852,40.6921],[140.57825,40.68732]]]}},{"type":"Feature","properties":{"code":"02205","name":"五所川原市","pref":"青森県","pref_code":"02","cx":140.49545,"cy":40.85975,"bbox":[140.30587,40.72969,140.5921,41.12761]},"geometry":{"type":"MultiPolygon","coordinates":[[[[140.5536,40.96926],[140.54777,40.97056],[140.55104,40.97778],[140.54578,40.98304],[140.5385,40.98412],[140.52166,40.99569],[140.51708,40.99168],[140.51778,40.98329],[140.51217,40.97571],[140.51507,40.97056],[140.51373,40.96468],[140.50671,40.95248],[140.50215,40.94834],[140.49029,40.94641],[140.48742,40.94242],[140.47905,40.94335],[140.46341,40.93509],[140.44716,40.9361],[140.43199,40.92994],[140.43504,40.92259],[140.43081,40.92005],[140.42174,40.91934],[140.41901,40.92187],[140.41659,40.91286],[140.42759,40.91063],[140.42833,40.90684],[140.42279,40.89939],[140.42535,40.89366],[140.41931,40.89228],[140.42134,40.88726],[140.41368,40.88278],[140.40436,40.88145],[140.40668,40.87146],[140.39971,40.8663],[140.40041,40.84957],[140.40744,40.84638],[140.41076,40.83599],[140.42508,40.82102],[140.41871,40.81523],[140.4229,40.8065],[140.43724,40.80958],[140.43597,40.79772],[140.43895,40.78134],[140.44414,40.78028],[140.44459,40.77146],[140.455,40.77198],[140.45896,40.76949],[140.46225,40.76128],[140.4755,40.75668],[140.47839,40.76323],[140.48587,40.7649],[140.49427,40.75602],[140.49899,40.75695],[140.50104,40.76005],[140.51373,40.7571],[140.51242,40.73701],[140.52024,40.72969],[140.52728,40.731],[140.52991,40.73666],[140.53868,40.73923],[140.54361,40.74601],[140.55568,40.7484],[140.55822,40.7575],[140.5636,40.76062],[140.57344,40.76056],[140.57801,40.76709],[140.5721,40.78004],[140.57661,40.78722],[140.57287,40.79362],[140.57448,40.80139],[140.57356,40.80986],[140.57751,40.81498],[140.5772,40.82897],[140.58199,40.83289],[140.57991,40.84096],[140.5851,40.84355],[140.59003,40.85319],[140.5921,40.8686],[140.58776,40.88],[140.58394,40.89437],[140.57526,40.89705],[140.575,40.9043],[140.57947,40.90708],[140.57871,40.91177],[140.58605,40.92261],[140.58276,40.92597],[140.58773,40.93421],[140.57993,40.94032],[140.57612,40.93946],[140.56672,40.94455],[140.56219,40.95324],[140.55569,40.95538],[140.55277,40.96136],[140.5536,40.96926]]],[[[140.39125,41.12705],[140.37404,41.12761],[140.35918,41.12121],[140.35148,41.10974],[140.34319,41.1104],[140.33619,41.10675],[140.32966,41.10615],[140.32465,41.10937],[140.31354,41.10617],[140.30587,41.10663],[140.3116,41.09732],[140.31946,41.09271],[140.32322,41.0796],[140.32411,41.05572],[140.32254,41.0316],[140.31895,40.99981],[140.32217,41.00049],[140.32977,41.00839],[140.3383,41.00809],[140.34744,40.99942],[140.35945,40.99377],[140.36603,40.99876],[140.35974,41.00513],[140.36701,41.01206],[140.37756,41.01931],[140.39195,41.02291],[140.40481,41.02275],[140.40821,41.01775],[140.41338,41.02028],[140.41542,41.02686],[140.40755,41.03224],[140.40307,41.03924],[140.38627,41.04002],[140.38883,41.044],[140.39879,41.04509],[140.40657,41.04327],[140.41538,41.04473],[140.42101,41.05737],[140.43285,41.06527],[140.43762,41.07254],[140.44522,41.07736],[140.45245,41.0788],[140.45319,41.08319],[140.44925,41.08951],[140.4486,41.09705],[140.45083,41.10408],[140.45673,41.10415],[140.46452,41.11177],[140.46146,41.11732],[140.44335,41.1159],[140.42679,41.1214],[140.41925,41.11943],[140.39924,41.12215],[140.39125,41.12705]]]]}},{"type":"Feature","properties":{"code":"02206","name":"十和田市","pref":"青森県","pref_code":"02","cx":141.08267,"cy":40.56321,"bbox":[140.85145,40.42111,141.30367,40.70167]},"geometry":{"type":"Polygon","coordinates":[[[140.86292,40.60964],[140.85835,40.60383],[140.86303,40.59754],[140.85892,40.58837],[140.86632,40.58517],[140.86668,40.57404],[140.86209,40.55422],[140.85145,40.54495],[140.86074,40.5397],[140.8682,40.52989],[140.87148,40.52233],[140.88006,40.51025],[140.87811,40.49842],[140.86132,40.44063],[140.89233,40.42335],[140.90672,40.42527],[140.91095,40.4233],[140.91922,40.42732],[140.92677,40.42111],[140.93296,40.42127],[140.94195,40.4302],[140.95126,40.42631],[140.96188,40.42693],[140.97221,40.43085],[140.98517,40.42708],[140.99426,40.43354],[141.00091,40.44488],[141.00116,40.45471],[141.00574,40.45842],[141.03109,40.47451],[141.05536,40.47712],[141.05837,40.4795],[141.08625,40.49074],[141.08786,40.49358],[141.10413,40.49262],[141.11188,40.49867],[141.1192,40.49579],[141.12792,40.49644],[141.13853,40.49473],[141.15716,40.49548],[141.17283,40.49304],[141.18496,40.49585],[141.19481,40.49984],[141.2017,40.50874],[141.20796,40.5109],[141.21915,40.51877],[141.21964,40.52761],[141.22559,40.53114],[141.24093,40.53423],[141.24453,40.53647],[141.26324,40.54006],[141.2754,40.53759],[141.28124,40.54386],[141.29115,40.55804],[141.29868,40.55837],[141.30367,40.56806],[141.30191,40.57541],[141.29612,40.57771],[141.2855,40.58828],[141.28748,40.59903],[141.27875,40.60075],[141.27508,40.60686],[141.27437,40.6156],[141.25838,40.61633],[141.25705,40.61911],[141.25918,40.63039],[141.27784,40.6404],[141.27876,40.6474],[141.2692,40.6462],[141.26315,40.65132],[141.26544,40.659],[141.26993,40.66449],[141.26709,40.67123],[141.26697,40.67893],[141.26361,40.68516],[141.26626,40.69162],[141.26549,40.6978],[141.26039,40.70112],[141.25145,40.70167],[141.24421,40.69661],[141.23992,40.6985],[141.2315,40.69477],[141.23088,40.69168],[141.20345,40.68831],[141.19493,40.68933],[141.1889,40.68584],[141.17283,40.68313],[141.16969,40.67928],[141.1711,40.67239],[141.16138,40.67249],[141.15701,40.66322],[141.14552,40.65682],[141.14864,40.64566],[141.14428,40.6392],[141.12652,40.64277],[141.10835,40.63557],[141.08541,40.63469],[141.07673,40.63635],[141.07319,40.64046],[141.06259,40.64319],[141.05528,40.65047],[141.05084,40.66117],[141.04595,40.66465],[141.03613,40.66585],[141.02749,40.66439],[141.00374,40.67069],[140.99894,40.68122],[140.99176,40.689],[140.99059,40.69349],[140.97897,40.69762],[140.97105,40.69332],[140.96757,40.682],[140.96824,40.67417],[140.95974,40.66525],[140.96109,40.6594],[140.95621,40.65598],[140.955,40.64699],[140.93894,40.6429],[140.92101,40.64543],[140.91142,40.65275],[140.90483,40.65424],[140.88693,40.65317],[140.88012,40.65707],[140.87629,40.64654],[140.88379,40.64067],[140.88369,40.63556],[140.87622,40.62382],[140.87669,40.61389],[140.86292,40.60964]]]}},{"type":"Feature","properties":{"code":"02207","name":"三沢市","pref":"青森県","pref_code":"02","cx":141.38402,"cy":40.77145,"bbox":[141.3101,40.66099,141.43878,40.88662]},"geometry":{"type":"Polygon","coordinates":[[[141.43878,40.67051],[141.42812,40.69525],[141.41699,40.7425],[141.40654,40.79609],[141.40088,40.82976],[141.39926,40.84454],[141.39758,40.84785],[141.39293,40.88662],[141.37976,40.8828],[141.3741,40.86355],[141.37821,40.85193],[141.37879,40.84496],[141.36773,40.83865],[141.36608,40.82746],[141.35899,40.8161],[141.34975,40.81016],[141.34774,40.80406],[141.34881,40.77793],[141.35544,40.77451],[141.35795,40.76839],[141.35965,40.74574],[141.35842,40.73615],[141.35142,40.72344],[141.34628,40.72058],[141.3377,40.72425],[141.32185,40.72451],[141.3101,40.71655],[141.31099,40.71031],[141.3184,40.71309],[141.33063,40.71324],[141.33604,40.72074],[141.34302,40.72022],[141.34232,40.71533],[141.33418,40.70807],[141.32825,40.70644],[141.32248,40.69626],[141.34067,40.68836],[141.33598,40.68476],[141.33255,40.67487],[141.33425,40.66978],[141.34467,40.66099],[141.35182,40.665],[141.35584,40.66382],[141.36821,40.66693],[141.38785,40.66534],[141.41826,40.66925],[141.42897,40.66801],[141.43878,40.67051]]]}},{"type":"Feature","properties":{"code":"02208","name":"むつ市","pref":"青森県","pref_code":"02","cx":141.05044,"cy":41.28963,"bbox":[140.7642,41.12765,141.33897,41.45566]},"geometry":{"type":"Polygon","coordinates":[[[141.24658,41.36116],[141.23135,41.36657],[141.21016,41.37636],[141.1932,41.38669],[141.17975,41.39806],[141.17667,41.40376],[141.16466,41.41425],[141.15995,41.41541],[141.15116,41.42275],[141.14636,41.43065],[141.13653,41.43422],[141.12743,41.44212],[141.11569,41.45566],[141.10497,41.45136],[141.08299,41.45131],[141.07193,41.44686],[141.0633,41.44685],[141.06036,41.44406],[141.05113,41.44637],[141.05071,41.43407],[141.039,41.42636],[141.03102,41.42498],[141.02783,41.42075],[141.01251,41.42153],[141.00751,41.42365],[141.00287,41.43491],[140.99524,41.43991],[140.98658,41.43698],[140.97549,41.43903],[140.96759,41.43515],[140.95671,41.42397],[140.94515,41.42688],[140.94037,41.42106],[140.93722,41.4077],[140.92879,41.40028],[140.93322,41.39306],[140.92468,41.38167],[140.91496,41.38053],[140.91162,41.37451],[140.91845,41.36945],[140.91451,41.36556],[140.90248,41.36454],[140.88412,41.34754],[140.8741,41.33541],[140.87597,41.33305],[140.86871,41.32102],[140.86109,41.32145],[140.85929,41.31525],[140.84946,41.31454],[140.8458,41.30689],[140.84049,41.30674],[140.83471,41.29863],[140.85198,41.28717],[140.85,41.28249],[140.85338,41.27086],[140.85997,41.26715],[140.86348,41.26028],[140.85242,41.26158],[140.84695,41.2661],[140.83169,41.27119],[140.82576,41.26887],[140.81592,41.25619],[140.8236,41.24757],[140.82282,41.23945],[140.818,41.23275],[140.8104,41.23084],[140.79828,41.22284],[140.79271,41.22284],[140.79257,41.21698],[140.78854,41.21358],[140.77828,41.21014],[140.77894,41.20752],[140.76889,41.20131],[140.7642,41.19523],[140.76703,41.18372],[140.76878,41.16483],[140.76829,41.15861],[140.76426,41.14784],[140.76956,41.14061],[140.78316,41.13128],[140.79395,41.13268],[140.79866,41.1289],[140.80565,41.12981],[140.81149,41.12765],[140.82698,41.14473],[140.83275,41.14972],[140.84586,41.15495],[140.84861,41.15863],[140.87671,41.16694],[140.88995,41.1634],[140.90318,41.16791],[140.90931,41.17407],[140.91659,41.17609],[140.92977,41.17331],[140.93493,41.17562],[140.94519,41.17386],[140.95614,41.18242],[140.96397,41.19128],[140.97762,41.1985],[140.98256,41.19924],[140.99693,41.19515],[141.00871,41.1977],[141.01432,41.19608],[141.0347,41.185],[141.0485,41.18328],[141.05816,41.18344],[141.06061,41.18768],[141.07448,41.2006],[141.1015,41.21352],[141.11335,41.21335],[141.12405,41.21997],[141.13645,41.2305],[141.1441,41.23423],[141.15518,41.24497],[141.14652,41.24486],[141.14457,41.2411],[141.1345,41.24001],[141.13846,41.24693],[141.1557,41.26944],[141.16004,41.27819],[141.17111,41.27962],[141.18103,41.27643],[141.18789,41.27699],[141.19827,41.27204],[141.2194,41.25535],[141.23384,41.24137],[141.24766,41.22418],[141.25969,41.20566],[141.27385,41.17493],[141.27906,41.15834],[141.27633,41.1507],[141.28564,41.15685],[141.31057,41.15169],[141.32295,41.15411],[141.3185,41.1624],[141.31933,41.16749],[141.33021,41.1821],[141.33011,41.19084],[141.33714,41.20001],[141.33473,41.20551],[141.33897,41.21525],[141.32536,41.23939],[141.32669,41.24425],[141.31526,41.24737],[141.31049,41.24325],[141.30347,41.24931],[141.2899,41.24727],[141.28274,41.24989],[141.26604,41.24339],[141.25506,41.24482],[141.24651,41.2492],[141.24752,41.2586],[141.25114,41.267],[141.24754,41.28186],[141.2542,41.29209],[141.25296,41.30166],[141.24555,41.31063],[141.23492,41.30878],[141.22605,41.31238],[141.22881,41.31956],[141.23403,41.3259],[141.24493,41.33145],[141.23697,41.33377],[141.24541,41.34403],[141.25,41.35211],[141.24658,41.36116]]]}},{"type":"Feature","properties":{"code":"02209","name":"つがる市","pref":"青森県","pref_code":"02","cx":140.35468,"cy":40.88502,"bbox":[140.24993,40.7571,140.43749,41.01206]},"geometry":{"type":"Polygon","coordinates":[[[140.33962,40.75922],[140.34246,40.76182],[140.35345,40.76501],[140.36111,40.76933],[140.37051,40.77126],[140.37513,40.77711],[140.37099,40.78551],[140.37793,40.78982],[140.38708,40.78521],[140.39418,40.77824],[140.40736,40.7724],[140.41423,40.7626],[140.42135,40.76582],[140.42028,40.77203],[140.41464,40.77648],[140.42398,40.78749],[140.43749,40.78964],[140.43597,40.79772],[140.43724,40.80958],[140.4229,40.8065],[140.41871,40.81523],[140.42508,40.82102],[140.41076,40.83599],[140.40744,40.84638],[140.40041,40.84957],[140.39971,40.8663],[140.40668,40.87146],[140.40436,40.88145],[140.41368,40.88278],[140.42134,40.88726],[140.41931,40.89228],[140.42535,40.89366],[140.42279,40.89939],[140.42833,40.90684],[140.42759,40.91063],[140.41659,40.91286],[140.41901,40.92187],[140.41732,40.92851],[140.41143,40.93619],[140.40566,40.93696],[140.40005,40.94143],[140.39439,40.94192],[140.3858,40.93842],[140.38034,40.9416],[140.37999,40.94818],[140.37566,40.95129],[140.38018,40.96366],[140.39067,40.9761],[140.39246,40.98062],[140.39044,40.98766],[140.38292,40.99522],[140.38194,41.00181],[140.37296,41.01051],[140.36701,41.01206],[140.35974,41.00513],[140.36603,40.99876],[140.35945,40.99377],[140.34744,40.99942],[140.3383,41.00809],[140.32977,41.00839],[140.32217,41.00049],[140.31895,40.99981],[140.31322,40.96501],[140.30511,40.92848],[140.29883,40.90581],[140.28475,40.86387],[140.26908,40.82958],[140.25791,40.81081],[140.24993,40.80047],[140.27031,40.8002],[140.27334,40.79422],[140.28444,40.78556],[140.29177,40.77278],[140.31081,40.76989],[140.32946,40.7571],[140.33285,40.76137],[140.33962,40.75922]]]}},{"type":"Feature","properties":{"code":"02210","name":"平川市","pref":"青森県","pref_code":"02","cx":140.77707,"cy":40.51593,"bbox":[140.51384,40.40309,140.88006,40.63095]},"geometry":{"type":"Polygon","coordinates":[[[140.84427,40.60592],[140.84265,40.60338],[140.82534,40.59804],[140.82092,40.58845],[140.81152,40.5725],[140.8027,40.56878],[140.78908,40.56627],[140.77573,40.56652],[140.76755,40.57014],[140.75964,40.56587],[140.75254,40.5597],[140.75646,40.55404],[140.75395,40.54683],[140.74972,40.54582],[140.74656,40.53727],[140.73287,40.53475],[140.70992,40.53749],[140.69295,40.54854],[140.69256,40.5566],[140.6857,40.56013],[140.6859,40.56662],[140.68166,40.57042],[140.67317,40.56617],[140.66958,40.56057],[140.65616,40.55805],[140.6512,40.56573],[140.65655,40.57139],[140.65947,40.57848],[140.65578,40.5867],[140.65024,40.59374],[140.63803,40.60179],[140.62639,40.60322],[140.61834,40.61112],[140.60681,40.61231],[140.59853,40.62218],[140.59187,40.62247],[140.58914,40.62983],[140.58208,40.63095],[140.57061,40.6301],[140.56621,40.62567],[140.55704,40.62343],[140.54402,40.62462],[140.53637,40.62992],[140.51838,40.62388],[140.51384,40.61524],[140.5236,40.61388],[140.52636,40.60853],[140.52582,40.59807],[140.52819,40.58809],[140.52629,40.57787],[140.53508,40.5632],[140.54019,40.5577],[140.54821,40.55494],[140.55271,40.56076],[140.55963,40.56396],[140.56953,40.56269],[140.57949,40.56351],[140.58358,40.55858],[140.59208,40.55526],[140.59317,40.55078],[140.59869,40.54814],[140.59815,40.54284],[140.60231,40.53905],[140.61561,40.53551],[140.62753,40.54052],[140.63309,40.53512],[140.63996,40.537],[140.64847,40.53167],[140.66336,40.53044],[140.67732,40.52082],[140.67892,40.51104],[140.66618,40.50258],[140.64841,40.49385],[140.63042,40.49433],[140.62119,40.49793],[140.61732,40.49133],[140.61408,40.48072],[140.6072,40.47974],[140.60601,40.48894],[140.59448,40.49392],[140.58895,40.48772],[140.58341,40.48518],[140.59864,40.47561],[140.59747,40.46948],[140.60126,40.45287],[140.59915,40.44265],[140.58973,40.43611],[140.60359,40.42992],[140.61204,40.42368],[140.62361,40.42452],[140.63293,40.41771],[140.63629,40.40948],[140.64523,40.40309],[140.65369,40.4036],[140.66429,40.40687],[140.66645,40.41159],[140.67324,40.41149],[140.67861,40.41549],[140.68726,40.41842],[140.68752,40.42702],[140.69923,40.42942],[140.70265,40.42713],[140.71607,40.42756],[140.71747,40.42111],[140.72302,40.41661],[140.73357,40.4158],[140.73586,40.42786],[140.73162,40.4305],[140.73409,40.43968],[140.74129,40.43794],[140.7527,40.43917],[140.76271,40.45125],[140.77241,40.45123],[140.78685,40.45723],[140.79354,40.44935],[140.8034,40.44859],[140.80772,40.45781],[140.80856,40.46979],[140.81149,40.47856],[140.81063,40.48713],[140.81468,40.48844],[140.82003,40.49533],[140.82639,40.49592],[140.83654,40.50412],[140.84502,40.50736],[140.8523,40.50526],[140.88006,40.51025],[140.87148,40.52233],[140.8682,40.52989],[140.86074,40.5397],[140.85145,40.54495],[140.86209,40.55422],[140.86668,40.57404],[140.86632,40.58517],[140.85892,40.58837],[140.86303,40.59754],[140.85835,40.60383],[140.86292,40.60964],[140.8528,40.60941],[140.84427,40.60592]]]}},{"type":"Feature","properties":{"code":"02301","name":"東津軽郡平内町","pref":"青森県","pref_code":"02","cx":140.96718,"cy":40.90864,"bbox":[140.83946,40.80618,141.08412,41.0108]},"geometry":{"type":"Polygon","coordinates":[[[140.98061,40.80618],[140.99611,40.815],[141.0067,40.81661],[141.01673,40.81985],[141.02014,40.82596],[141.01807,40.83716],[141.02245,40.83678],[141.0394,40.84039],[141.03945,40.84677],[141.0462,40.85196],[141.04163,40.8649],[141.04371,40.87421],[141.04702,40.87707],[141.07675,40.88598],[141.08412,40.8862],[141.07887,40.89638],[141.07048,40.90365],[141.06425,40.91334],[141.05477,40.91706],[141.04334,40.91483],[141.03454,40.91752],[141.02327,40.92466],[141.0206,40.92985],[141.0068,40.93213],[140.99753,40.93696],[140.99128,40.93447],[140.97855,40.93312],[140.97075,40.93605],[140.97254,40.94052],[140.98023,40.9441],[140.97837,40.94974],[140.98232,40.95526],[140.98211,40.96138],[140.96118,40.97342],[140.95022,40.98574],[140.94871,40.99235],[140.93916,40.99514],[140.93388,40.99307],[140.92355,40.99281],[140.91525,40.99783],[140.90316,41.00791],[140.88967,41.0108],[140.88011,41.00811],[140.88075,41.00441],[140.87602,40.99234],[140.86969,40.98387],[140.86934,40.97744],[140.85997,40.97165],[140.85898,40.95603],[140.83946,40.95237],[140.85686,40.94404],[140.86176,40.94736],[140.87177,40.94371],[140.86692,40.9409],[140.86622,40.93196],[140.86878,40.92561],[140.86515,40.9204],[140.86985,40.9153],[140.86512,40.90391],[140.85892,40.90395],[140.87247,40.90084],[140.88143,40.90234],[140.883,40.89707],[140.88916,40.89619],[140.88828,40.88943],[140.89685,40.87919],[140.91026,40.87147],[140.91299,40.86481],[140.91907,40.8632],[140.92405,40.8585],[140.93129,40.8562],[140.93333,40.8507],[140.93005,40.84548],[140.93829,40.84251],[140.94196,40.83874],[140.95011,40.837],[140.95614,40.83041],[140.95457,40.82095],[140.96023,40.8152],[140.96827,40.81451],[140.98061,40.80618]]]}},{"type":"Feature","properties":{"code":"02303","name":"東津軽郡今別町","pref":"青森県","pref_code":"02","cx":140.50922,"cy":41.16724,"bbox":[140.40686,41.10326,140.60338,41.22759]},"geometry":{"type":"Polygon","coordinates":[[[140.46452,41.11177],[140.47968,41.10602],[140.48443,41.10938],[140.49148,41.10823],[140.4978,41.10326],[140.5131,41.1048],[140.52547,41.10875],[140.53224,41.10802],[140.53658,41.10341],[140.54411,41.10418],[140.55411,41.11151],[140.55055,41.11872],[140.55613,41.12204],[140.56584,41.13264],[140.57342,41.15132],[140.57911,41.1565],[140.58037,41.16505],[140.57874,41.16961],[140.58203,41.1755],[140.59157,41.18331],[140.59777,41.18194],[140.59861,41.1894],[140.60338,41.19113],[140.59384,41.2077],[140.59402,41.21639],[140.58785,41.21728],[140.57903,41.2224],[140.555,41.22436],[140.54973,41.22759],[140.53863,41.21786],[140.53453,41.22158],[140.52692,41.22119],[140.52142,41.2162],[140.51945,41.20535],[140.50756,41.19577],[140.49099,41.18609],[140.48218,41.18327],[140.46804,41.18178],[140.46205,41.1829],[140.45927,41.18774],[140.44883,41.18872],[140.4492,41.18241],[140.43842,41.16943],[140.44187,41.15158],[140.43366,41.142],[140.4353,41.13673],[140.42854,41.13136],[140.41958,41.13138],[140.41004,41.12619],[140.40686,41.12097],[140.41925,41.11943],[140.42679,41.1214],[140.44335,41.1159],[140.46146,41.11732],[140.46452,41.11177]]]}},{"type":"Feature","properties":{"code":"02304","name":"東津軽郡蓬田村","pref":"青森県","pref_code":"02","cx":140.59119,"cy":40.99134,"bbox":[140.51577,40.94845,140.66079,41.03668]},"geometry":{"type":"Polygon","coordinates":[[[140.66079,40.94845],[140.65877,40.95644],[140.65563,40.98699],[140.65198,40.99973],[140.64675,41.02932],[140.63433,41.03142],[140.62789,41.03668],[140.61178,41.0315],[140.59835,41.03294],[140.5777,41.02822],[140.57041,41.03095],[140.54912,41.02623],[140.54555,41.0222],[140.53262,41.02409],[140.51889,41.02293],[140.51577,41.01471],[140.51614,41.00914],[140.52203,41.00713],[140.52166,40.99569],[140.5385,40.98412],[140.54578,40.98304],[140.55104,40.97778],[140.54777,40.97056],[140.5536,40.96926],[140.56309,40.97022],[140.58151,40.96275],[140.58747,40.96548],[140.60074,40.96244],[140.60525,40.95987],[140.60887,40.95043],[140.61604,40.95179],[140.65191,40.95026],[140.66079,40.94845]]]}},{"type":"Feature","properties":{"code":"02307","name":"東津軽郡外ヶ浜町","pref":"青森県","pref_code":"02","cx":140.59318,"cy":41.12038,"bbox":[140.33936,41.0222,140.64675,41.25888]},"geometry":{"type":"MultiPolygon","coordinates":[[[[140.45673,41.10415],[140.45519,41.09936],[140.46264,41.08796],[140.47348,41.08367],[140.48521,41.07677],[140.48975,41.0711],[140.49536,41.06854],[140.49767,41.06202],[140.49435,41.05309],[140.50171,41.04328],[140.51067,41.03742],[140.51432,41.02993],[140.51931,41.02898],[140.51889,41.02293],[140.53262,41.02409],[140.54555,41.0222],[140.54912,41.02623],[140.57041,41.03095],[140.5777,41.02822],[140.59835,41.03294],[140.61178,41.0315],[140.62789,41.03668],[140.63433,41.03142],[140.64675,41.02932],[140.64554,41.04891],[140.63875,41.06194],[140.63738,41.07282],[140.63458,41.07842],[140.63165,41.10143],[140.63209,41.1168],[140.63421,41.12494],[140.63387,41.13323],[140.63949,41.14803],[140.63847,41.15295],[140.64374,41.1724],[140.64175,41.17905],[140.6323,41.1916],[140.61785,41.19697],[140.61257,41.20253],[140.60666,41.21226],[140.59402,41.21639],[140.59384,41.2077],[140.60338,41.19113],[140.59861,41.1894],[140.59777,41.18194],[140.59157,41.18331],[140.58203,41.1755],[140.57874,41.16961],[140.58037,41.16505],[140.57911,41.1565],[140.57342,41.15132],[140.56584,41.13264],[140.55613,41.12204],[140.55055,41.11872],[140.55411,41.11151],[140.54411,41.10418],[140.53658,41.10341],[140.53224,41.10802],[140.52547,41.10875],[140.5131,41.1048],[140.4978,41.10326],[140.49148,41.10823],[140.48443,41.10938],[140.47968,41.10602],[140.46452,41.11177],[140.45673,41.10415]]],[[[140.40686,41.12097],[140.41004,41.12619],[140.41958,41.13138],[140.42854,41.13136],[140.4353,41.13673],[140.43366,41.142],[140.44187,41.15158],[140.43842,41.16943],[140.4492,41.18241],[140.44883,41.18872],[140.43251,41.19588],[140.4264,41.20765],[140.40662,41.21898],[140.40217,41.22301],[140.39667,41.23451],[140.38621,41.23914],[140.37508,41.24745],[140.36172,41.25003],[140.35958,41.2532],[140.34643,41.25888],[140.33936,41.25482],[140.34218,41.24899],[140.34907,41.2489],[140.35422,41.2412],[140.36202,41.23501],[140.36326,41.22992],[140.36191,41.21986],[140.37246,41.21015],[140.37137,41.20305],[140.37553,41.19604],[140.37149,41.19324],[140.36851,41.17973],[140.37058,41.17337],[140.36803,41.16213],[140.36319,41.1528],[140.37031,41.15004],[140.37847,41.13952],[140.38581,41.13487],[140.39125,41.12705],[140.39924,41.12215],[140.40686,41.12097]]]]}},{"type":"Feature","properties":{"code":"02321","name":"西津軽郡鰺ヶ沢町","pref":"青森県","pref_code":"02","cx":140.1523,"cy":40.61677,"bbox":[140.06835,40.4359,140.33713,40.80047]},"geometry":{"type":"Polygon","coordinates":[[[140.32946,40.7571],[140.31081,40.76989],[140.29177,40.77278],[140.28444,40.78556],[140.27334,40.79422],[140.27031,40.8002],[140.24993,40.80047],[140.2394,40.78933],[140.22755,40.78154],[140.2138,40.77901],[140.20344,40.7855],[140.19154,40.78265],[140.18287,40.77477],[140.16882,40.76958],[140.15791,40.76015],[140.14438,40.75196],[140.16074,40.748],[140.15955,40.73854],[140.16506,40.73464],[140.16636,40.72857],[140.15038,40.71231],[140.14973,40.7065],[140.13679,40.70275],[140.12949,40.69406],[140.12626,40.67986],[140.10634,40.66821],[140.10106,40.64793],[140.10272,40.63884],[140.09603,40.63586],[140.09388,40.63022],[140.09763,40.62762],[140.0963,40.62194],[140.09769,40.61395],[140.09494,40.60903],[140.09973,40.60436],[140.10188,40.59408],[140.09999,40.59101],[140.10139,40.57621],[140.09855,40.5707],[140.10389,40.55847],[140.10221,40.55063],[140.09216,40.5408],[140.09474,40.53571],[140.09139,40.52753],[140.0862,40.52213],[140.08689,40.51584],[140.08424,40.506],[140.07538,40.4974],[140.07308,40.49229],[140.07647,40.48199],[140.06835,40.46886],[140.07413,40.46462],[140.07845,40.4669],[140.09358,40.45892],[140.0995,40.45296],[140.09917,40.44397],[140.10509,40.4408],[140.10762,40.4359],[140.13325,40.43796],[140.13673,40.43962],[140.14724,40.43813],[140.15148,40.44213],[140.14998,40.45166],[140.15305,40.46239],[140.14956,40.47427],[140.14364,40.47582],[140.13379,40.48571],[140.1257,40.50159],[140.12086,40.50377],[140.11955,40.51218],[140.12915,40.51373],[140.13648,40.51892],[140.13515,40.52934],[140.13766,40.53957],[140.14617,40.5441],[140.1602,40.54411],[140.16362,40.55028],[140.16207,40.56525],[140.15505,40.57144],[140.15711,40.58752],[140.16489,40.58738],[140.17547,40.59372],[140.18358,40.59582],[140.19081,40.59354],[140.19305,40.60135],[140.18939,40.60567],[140.20484,40.60922],[140.20837,40.61959],[140.21895,40.62449],[140.21659,40.63124],[140.2201,40.64087],[140.23289,40.64504],[140.24009,40.64504],[140.24637,40.64891],[140.25617,40.64887],[140.26883,40.65334],[140.27955,40.65458],[140.27818,40.66236],[140.29034,40.66693],[140.28874,40.66928],[140.30319,40.67774],[140.31472,40.68066],[140.32214,40.68753],[140.33217,40.6929],[140.33713,40.69944],[140.31503,40.70159],[140.30894,40.70386],[140.29476,40.6941],[140.28832,40.7086],[140.28682,40.72038],[140.2882,40.72694],[140.29607,40.73258],[140.30145,40.73325],[140.30707,40.74235],[140.3156,40.74669],[140.32245,40.75363],[140.32946,40.7571]]]}},{"type":"Feature","properties":{"code":"02323","name":"西津軽郡深浦町","pref":"青森県","pref_code":"02","cx":139.9822,"cy":40.5965,"bbox":[139.86078,40.42596,140.16636,40.76922]},"geometry":{"type":"Polygon","coordinates":[[[140.14438,40.75196],[140.1302,40.74527],[140.11596,40.74125],[140.09561,40.74721],[140.08485,40.75837],[140.07621,40.7596],[140.06531,40.76683],[140.05289,40.76922],[140.05028,40.76607],[140.03927,40.76385],[140.03403,40.76046],[140.02711,40.75094],[140.01853,40.74973],[140.00678,40.74447],[139.99741,40.74289],[139.99953,40.73682],[139.99418,40.73239],[139.98645,40.71864],[139.98768,40.71594],[139.97912,40.70278],[139.96782,40.69888],[139.96923,40.69608],[139.96615,40.68678],[139.95084,40.67045],[139.93903,40.66822],[139.9362,40.65453],[139.9295,40.65271],[139.92261,40.64436],[139.91154,40.64224],[139.90176,40.64543],[139.89199,40.63446],[139.88536,40.62923],[139.86095,40.61598],[139.86078,40.60742],[139.86403,40.59805],[139.86204,40.59496],[139.86857,40.58444],[139.87665,40.58168],[139.88477,40.58449],[139.89927,40.58245],[139.90731,40.58638],[139.91843,40.58579],[139.92719,40.57672],[139.93349,40.56528],[139.93006,40.55906],[139.94018,40.5527],[139.945,40.53788],[139.94751,40.52405],[139.94704,40.51162],[139.94858,40.50934],[139.9499,40.49377],[139.94703,40.48435],[139.94503,40.46435],[139.94201,40.45783],[139.94208,40.44914],[139.9389,40.44605],[139.94212,40.43],[139.95087,40.43092],[139.95977,40.43483],[139.96411,40.43028],[139.97352,40.4266],[139.9852,40.42791],[139.99373,40.43254],[140.00103,40.43289],[140.00642,40.42735],[140.01126,40.42596],[140.02163,40.42947],[140.02534,40.43958],[140.02021,40.44655],[140.02485,40.45309],[140.03836,40.46078],[140.04735,40.46072],[140.05924,40.46723],[140.06835,40.46886],[140.07647,40.48199],[140.07308,40.49229],[140.07538,40.4974],[140.08424,40.506],[140.08689,40.51584],[140.0862,40.52213],[140.09139,40.52753],[140.09474,40.53571],[140.09216,40.5408],[140.10221,40.55063],[140.10389,40.55847],[140.09855,40.5707],[140.10139,40.57621],[140.09999,40.59101],[140.10188,40.59408],[140.09973,40.60436],[140.09494,40.60903],[140.09769,40.61395],[140.0963,40.62194],[140.09763,40.62762],[140.09388,40.63022],[140.09603,40.63586],[140.10272,40.63884],[140.10106,40.64793],[140.10634,40.66821],[140.12626,40.67986],[140.12949,40.69406],[140.13679,40.70275],[140.14973,40.7065],[140.15038,40.71231],[140.16636,40.72857],[140.16506,40.73464],[140.15955,40.73854],[140.16074,40.748],[140.14438,40.75196]]]}},{"type":"Feature","properties":{"code":"02343","name":"中津軽郡西目屋村","pref":"青森県","pref_code":"02","cx":140.21988,"cy":40.52447,"bbox":[140.11955,40.43115,140.34781,40.61601]},"geometry":{"type":"Polygon","coordinates":[[[140.16321,40.55695],[140.16362,40.55028],[140.1602,40.54411],[140.14617,40.5441],[140.13766,40.53957],[140.13515,40.52934],[140.13648,40.51892],[140.12915,40.51373],[140.11955,40.51218],[140.12086,40.50377],[140.1257,40.50159],[140.13379,40.48571],[140.14364,40.47582],[140.14956,40.47427],[140.15305,40.46239],[140.14998,40.45166],[140.15148,40.44213],[140.14724,40.43813],[140.15141,40.43502],[140.16242,40.43936],[140.18038,40.44115],[140.18748,40.43957],[140.19696,40.43462],[140.2101,40.43843],[140.22017,40.43115],[140.2425,40.43728],[140.2515,40.44191],[140.26687,40.44074],[140.27934,40.44605],[140.28814,40.44489],[140.29887,40.44625],[140.30763,40.44189],[140.30954,40.43657],[140.32097,40.4386],[140.33522,40.43938],[140.33915,40.44114],[140.34378,40.4522],[140.34337,40.46166],[140.34781,40.46755],[140.34534,40.47179],[140.33759,40.47464],[140.33646,40.47944],[140.32829,40.48289],[140.33032,40.49095],[140.32013,40.49974],[140.32014,40.50644],[140.32328,40.50947],[140.31982,40.51511],[140.31425,40.51548],[140.31118,40.52045],[140.30595,40.52136],[140.30203,40.52757],[140.30264,40.54684],[140.31013,40.55249],[140.31026,40.56758],[140.30392,40.57369],[140.30882,40.57884],[140.30642,40.58532],[140.31047,40.58839],[140.30787,40.59393],[140.30148,40.59421],[140.29622,40.60044],[140.29763,40.60594],[140.28782,40.60717],[140.28595,40.61094],[140.2689,40.61601],[140.25926,40.61391],[140.24866,40.60748],[140.24766,40.6028],[140.2372,40.6043],[140.2353,40.59674],[140.2308,40.59049],[140.22198,40.58931],[140.2199,40.58576],[140.21093,40.58169],[140.21119,40.57196],[140.2074,40.5671],[140.20249,40.56636],[140.19805,40.55659],[140.19014,40.55577],[140.18349,40.55991],[140.17811,40.56678],[140.16616,40.56065],[140.16321,40.55695]]]}},{"type":"Feature","properties":{"code":"02361","name":"南津軽郡藤崎町","pref":"青森県","pref_code":"02","cx":140.51314,"cy":40.68253,"bbox":[140.46078,40.64262,140.57825,40.72196]},"geometry":{"type":"Polygon","coordinates":[[[140.52113,40.72196],[140.52825,40.70189],[140.5273,40.69781],[140.52041,40.69435],[140.50625,40.70482],[140.49302,40.69949],[140.49142,40.69588],[140.49275,40.68559],[140.47704,40.6802],[140.47914,40.67112],[140.47216,40.66617],[140.46547,40.67051],[140.46169,40.66748],[140.46078,40.66138],[140.46566,40.66069],[140.46724,40.65535],[140.48045,40.64577],[140.48289,40.6515],[140.49352,40.65076],[140.49706,40.64262],[140.50938,40.6431],[140.51989,40.65073],[140.52298,40.65707],[140.53054,40.65925],[140.54769,40.65916],[140.54973,40.66242],[140.5579,40.663],[140.56747,40.67443],[140.57133,40.67259],[140.57662,40.67989],[140.57825,40.68732],[140.5719,40.68943],[140.55918,40.68806],[140.55576,40.68486],[140.55622,40.67861],[140.5489,40.67408],[140.54427,40.67712],[140.54073,40.68766],[140.54875,40.69548],[140.54706,40.70028],[140.53692,40.70599],[140.52514,40.7199],[140.52113,40.72196]]]}},{"type":"Feature","properties":{"code":"02362","name":"南津軽郡大鰐町","pref":"青森県","pref_code":"02","cx":140.51662,"cy":40.47254,"bbox":[140.43346,40.39706,140.67892,40.54922]},"geometry":{"type":"Polygon","coordinates":[[[140.43721,40.47826],[140.43346,40.4677],[140.43702,40.46547],[140.43755,40.45527],[140.44382,40.45063],[140.45941,40.45645],[140.46589,40.45398],[140.47765,40.45307],[140.48432,40.44622],[140.48516,40.44087],[140.49801,40.43645],[140.50845,40.42853],[140.52788,40.43133],[140.53081,40.42671],[140.52981,40.42026],[140.52439,40.41895],[140.52381,40.41021],[140.53218,40.41128],[140.54078,40.40268],[140.54735,40.40391],[140.55915,40.39706],[140.56707,40.39864],[140.56597,40.40647],[140.55936,40.41134],[140.55321,40.41998],[140.55764,40.42569],[140.5741,40.42614],[140.57561,40.42892],[140.58871,40.4302],[140.58973,40.43611],[140.59915,40.44265],[140.60126,40.45287],[140.59747,40.46948],[140.59864,40.47561],[140.58341,40.48518],[140.58895,40.48772],[140.59448,40.49392],[140.60601,40.48894],[140.6072,40.47974],[140.61408,40.48072],[140.61732,40.49133],[140.62119,40.49793],[140.63042,40.49433],[140.64841,40.49385],[140.66618,40.50258],[140.67892,40.51104],[140.67732,40.52082],[140.66336,40.53044],[140.64847,40.53167],[140.63996,40.537],[140.63309,40.53512],[140.62753,40.54052],[140.61561,40.53551],[140.60231,40.53905],[140.59815,40.54284],[140.57601,40.53771],[140.56925,40.5442],[140.56407,40.54292],[140.5593,40.54875],[140.55354,40.54922],[140.55439,40.53925],[140.54141,40.54538],[140.53536,40.53001],[140.52008,40.52287],[140.51042,40.52424],[140.49386,40.52191],[140.48429,40.5185],[140.48187,40.51461],[140.48392,40.50835],[140.47714,40.50429],[140.46293,40.50322],[140.45873,40.49282],[140.46465,40.48688],[140.45926,40.48023],[140.45436,40.48123],[140.44856,40.4779],[140.44438,40.48025],[140.43721,40.47826]]]}},{"type":"Feature","properties":{"code":"02367","name":"南津軽郡田舎館村","pref":"青森県","pref_code":"02","cx":140.54406,"cy":40.64622,"bbox":[140.49706,40.61524,140.58208,40.67443]},"geometry":{"type":"Polygon","coordinates":[[[140.51384,40.61524],[140.51838,40.62388],[140.53637,40.62992],[140.54402,40.62462],[140.55704,40.62343],[140.56621,40.62567],[140.57061,40.6301],[140.58208,40.63095],[140.58172,40.63497],[140.57356,40.63762],[140.57476,40.64934],[140.56677,40.65425],[140.57317,40.65845],[140.57439,40.663],[140.56824,40.66874],[140.57133,40.67259],[140.56747,40.67443],[140.5579,40.663],[140.54973,40.66242],[140.54769,40.65916],[140.53054,40.65925],[140.52298,40.65707],[140.51989,40.65073],[140.50938,40.6431],[140.49706,40.64262],[140.49847,40.6355],[140.50444,40.6245],[140.51144,40.62102],[140.51384,40.61524]]]}},{"type":"Feature","properties":{"code":"02381","name":"北津軽郡板柳町","pref":"青森県","pref_code":"02","cx":140.47815,"cy":40.71256,"bbox":[140.42655,40.66617,140.52825,40.76005]},"geometry":{"type":"Polygon","coordinates":[[[140.52024,40.72969],[140.51242,40.73701],[140.51373,40.7571],[140.50104,40.76005],[140.49899,40.75695],[140.50116,40.74864],[140.49891,40.74408],[140.48889,40.74886],[140.47259,40.75213],[140.4721,40.74438],[140.46744,40.73896],[140.46675,40.72764],[140.45986,40.73108],[140.44685,40.72816],[140.43738,40.72944],[140.4339,40.72388],[140.42655,40.72201],[140.42793,40.71704],[140.43577,40.70807],[140.44169,40.70552],[140.44562,40.69831],[140.45363,40.69464],[140.45608,40.68757],[140.46122,40.68538],[140.46547,40.67051],[140.47216,40.66617],[140.47914,40.67112],[140.47704,40.6802],[140.49275,40.68559],[140.49142,40.69588],[140.49302,40.69949],[140.50625,40.70482],[140.52041,40.69435],[140.5273,40.69781],[140.52825,40.70189],[140.52113,40.72196],[140.52024,40.72969]]]}},{"type":"Feature","properties":{"code":"02384","name":"北津軽郡鶴田町","pref":"青森県","pref_code":"02","cx":140.42652,"cy":40.75554,"bbox":[140.33962,40.72201,140.50116,40.78982]},"geometry":{"type":"Polygon","coordinates":[[[140.42655,40.72201],[140.4339,40.72388],[140.43738,40.72944],[140.44685,40.72816],[140.45986,40.73108],[140.46675,40.72764],[140.46744,40.73896],[140.4721,40.74438],[140.47259,40.75213],[140.48889,40.74886],[140.49891,40.74408],[140.50116,40.74864],[140.49899,40.75695],[140.49427,40.75602],[140.48587,40.7649],[140.47839,40.76323],[140.4755,40.75668],[140.46225,40.76128],[140.45896,40.76949],[140.455,40.77198],[140.44459,40.77146],[140.44414,40.78028],[140.43895,40.78134],[140.43749,40.78964],[140.42398,40.78749],[140.41464,40.77648],[140.42028,40.77203],[140.42135,40.76582],[140.41423,40.7626],[140.40736,40.7724],[140.39418,40.77824],[140.38708,40.78521],[140.37793,40.78982],[140.37099,40.78551],[140.37513,40.77711],[140.37051,40.77126],[140.36111,40.76933],[140.35345,40.76501],[140.34246,40.76182],[140.33962,40.75922],[140.35552,40.75506],[140.35684,40.74874],[140.38173,40.74782],[140.389,40.74262],[140.39936,40.74668],[140.4017,40.7385],[140.42044,40.73665],[140.41979,40.72413],[140.42655,40.72201]]]}},{"type":"Feature","properties":{"code":"02387","name":"北津軽郡中泊町","pref":"青森県","pref_code":"02","cx":140.44299,"cy":41.01129,"bbox":[140.25006,40.91934,140.52203,41.24899]},"geometry":{"type":"MultiPolygon","coordinates":[[[[140.52166,40.99569],[140.52203,41.00713],[140.51614,41.00914],[140.51577,41.01471],[140.51889,41.02293],[140.51931,41.02898],[140.51432,41.02993],[140.51067,41.03742],[140.50171,41.04328],[140.49435,41.05309],[140.49767,41.06202],[140.49536,41.06854],[140.48975,41.0711],[140.48521,41.07677],[140.47348,41.08367],[140.46264,41.08796],[140.45519,41.09936],[140.45673,41.10415],[140.45083,41.10408],[140.4486,41.09705],[140.44925,41.08951],[140.45319,41.08319],[140.45245,41.0788],[140.44522,41.07736],[140.43762,41.07254],[140.43285,41.06527],[140.42101,41.05737],[140.41538,41.04473],[140.40657,41.04327],[140.39879,41.04509],[140.38883,41.044],[140.38627,41.04002],[140.40307,41.03924],[140.40755,41.03224],[140.41542,41.02686],[140.41338,41.02028],[140.40821,41.01775],[140.40481,41.02275],[140.39195,41.02291],[140.37756,41.01931],[140.36701,41.01206],[140.37296,41.01051],[140.38194,41.00181],[140.38292,40.99522],[140.39044,40.98766],[140.39246,40.98062],[140.39067,40.9761],[140.38018,40.96366],[140.37566,40.95129],[140.37999,40.94818],[140.38034,40.9416],[140.3858,40.93842],[140.39439,40.94192],[140.40005,40.94143],[140.40566,40.93696],[140.41143,40.93619],[140.41732,40.92851],[140.41901,40.92187],[140.42174,40.91934],[140.43081,40.92005],[140.43504,40.92259],[140.43199,40.92994],[140.44716,40.9361],[140.46341,40.93509],[140.47905,40.94335],[140.48742,40.94242],[140.49029,40.94641],[140.50215,40.94834],[140.50671,40.95248],[140.51373,40.96468],[140.51507,40.97056],[140.51217,40.97571],[140.51778,40.98329],[140.51708,40.99168],[140.52166,40.99569]]],[[[140.39125,41.12705],[140.38581,41.13487],[140.37847,41.13952],[140.37031,41.15004],[140.36319,41.1528],[140.36803,41.16213],[140.37058,41.17337],[140.36851,41.17973],[140.37149,41.19324],[140.37553,41.19604],[140.37137,41.20305],[140.37246,41.21015],[140.36191,41.21986],[140.36326,41.22992],[140.36202,41.23501],[140.35422,41.2412],[140.34907,41.2489],[140.34218,41.24899],[140.34008,41.23905],[140.33211,41.23606],[140.32897,41.21914],[140.33203,41.21525],[140.33452,41.20498],[140.33145,41.19712],[140.33557,41.19315],[140.33241,41.18393],[140.33376,41.17998],[140.32887,41.1678],[140.32803,41.16003],[140.32159,41.14783],[140.3121,41.14573],[140.3125,41.13801],[140.30336,41.13131],[140.29572,41.13113],[140.2889,41.13646],[140.27755,41.13925],[140.26467,41.1356],[140.25701,41.14067],[140.25047,41.13107],[140.25006,41.12372],[140.25686,41.12112],[140.2802,41.12126],[140.28839,41.11945],[140.2964,41.11471],[140.30587,41.10663],[140.31354,41.10617],[140.32465,41.10937],[140.32966,41.10615],[140.33619,41.10675],[140.34319,41.1104],[140.35148,41.10974],[140.35918,41.12121],[140.37404,41.12761],[140.39125,41.12705]]]]}},{"type":"Feature","properties":{"code":"02401","name":"上北郡野辺地町","pref":"青森県","pref_code":"02","cx":141.19723,"cy":40.89974,"bbox":[141.0394,40.83028,141.2582,40.97201]},"geometry":{"type":"Polygon","coordinates":[[[141.0394,40.84039],[141.04328,40.83452],[141.05941,40.83531],[141.07674,40.83028],[141.08376,40.8309],[141.11516,40.84063],[141.1277,40.84086],[141.1353,40.83934],[141.13231,40.84897],[141.13799,40.85045],[141.14665,40.84712],[141.15275,40.84961],[141.17374,40.86402],[141.19528,40.86965],[141.20339,40.8865],[141.21751,40.89643],[141.22496,40.90306],[141.22702,40.9147],[141.23439,40.9249],[141.23245,40.93161],[141.23278,40.94053],[141.24504,40.95267],[141.24643,40.96025],[141.2582,40.96663],[141.25534,40.96936],[141.23986,40.97201],[141.22099,40.97141],[141.21135,40.95165],[141.20283,40.93718],[141.18957,40.91787],[141.17685,40.90317],[141.16101,40.88817],[141.14884,40.87927],[141.13209,40.87261],[141.12569,40.87323],[141.11641,40.87111],[141.10333,40.87246],[141.09106,40.88017],[141.08412,40.8862],[141.07675,40.88598],[141.04702,40.87707],[141.04371,40.87421],[141.04163,40.8649],[141.0462,40.85196],[141.03945,40.84677],[141.0394,40.84039]]]}},{"type":"Feature","properties":{"code":"02402","name":"上北郡七戸町","pref":"青森県","pref_code":"02","cx":141.06988,"cy":40.7237,"bbox":[140.90123,40.63469,141.27152,40.81661]},"geometry":{"type":"Polygon","coordinates":[[[140.97897,40.69762],[140.99059,40.69349],[140.99176,40.689],[140.99894,40.68122],[141.00374,40.67069],[141.02749,40.66439],[141.03613,40.66585],[141.04595,40.66465],[141.05084,40.66117],[141.05528,40.65047],[141.06259,40.64319],[141.07319,40.64046],[141.07673,40.63635],[141.08541,40.63469],[141.10835,40.63557],[141.12652,40.64277],[141.14428,40.6392],[141.14864,40.64566],[141.14552,40.65682],[141.15701,40.66322],[141.16138,40.67249],[141.1711,40.67239],[141.16969,40.67928],[141.17283,40.68313],[141.17595,40.68958],[141.17258,40.69794],[141.18002,40.7036],[141.17916,40.7068],[141.18554,40.71117],[141.20508,40.71842],[141.21441,40.72578],[141.22403,40.72614],[141.23838,40.73183],[141.24407,40.73745],[141.24874,40.7457],[141.24615,40.75066],[141.25186,40.75367],[141.25808,40.75065],[141.27086,40.74978],[141.27152,40.75347],[141.25369,40.75489],[141.25538,40.77281],[141.24809,40.77594],[141.23659,40.77452],[141.23821,40.76943],[141.231,40.76735],[141.2267,40.76129],[141.2187,40.75664],[141.20897,40.76327],[141.19205,40.76478],[141.18544,40.76832],[141.18901,40.77843],[141.18763,40.78331],[141.18014,40.78605],[141.16892,40.7853],[141.16262,40.78683],[141.16171,40.79425],[141.14771,40.79676],[141.1354,40.80402],[141.11912,40.80216],[141.0997,40.80554],[141.08827,40.80064],[141.07935,40.80291],[141.07003,40.80257],[141.0533,40.7987],[141.04508,40.79979],[141.04073,40.80376],[141.03035,40.79921],[141.01618,40.80256],[141.0067,40.81661],[140.99611,40.815],[140.98061,40.80618],[140.97675,40.80079],[140.97562,40.79165],[140.97023,40.78665],[140.95811,40.78003],[140.96111,40.77274],[140.95342,40.76557],[140.94492,40.76338],[140.93954,40.7595],[140.92026,40.7617],[140.91642,40.75675],[140.91053,40.75706],[140.90191,40.74347],[140.90123,40.73836],[140.90984,40.72917],[140.91564,40.72969],[140.91995,40.72629],[140.92632,40.72666],[140.92917,40.72161],[140.93918,40.72153],[140.95317,40.7187],[140.97002,40.70583],[140.97897,40.69762]]]}},{"type":"Feature","properties":{"code":"02405","name":"上北郡六戸町","pref":"青森県","pref_code":"02","cx":141.30915,"cy":40.63439,"bbox":[141.25705,40.56272,141.38053,40.70066]},"geometry":{"type":"Polygon","coordinates":[[[141.30367,40.56806],[141.32258,40.56272],[141.33694,40.568],[141.33377,40.5789],[141.34051,40.58202],[141.346,40.58124],[141.35247,40.58581],[141.35873,40.57817],[141.36527,40.56621],[141.37644,40.57217],[141.38053,40.57973],[141.38037,40.58555],[141.36616,40.58926],[141.35453,40.58941],[141.36306,40.59978],[141.35303,40.60232],[141.34725,40.60125],[141.34382,40.61096],[141.34572,40.62529],[141.35429,40.63838],[141.36309,40.64251],[141.36035,40.64745],[141.35936,40.65804],[141.35584,40.66382],[141.35182,40.665],[141.34467,40.66099],[141.33425,40.66978],[141.33255,40.67487],[141.33598,40.68476],[141.34067,40.68836],[141.32248,40.69626],[141.3247,40.70066],[141.31792,40.69907],[141.31551,40.69053],[141.30757,40.68857],[141.3006,40.68276],[141.2902,40.68101],[141.28748,40.67621],[141.27834,40.67138],[141.26993,40.66449],[141.26544,40.659],[141.26315,40.65132],[141.2692,40.6462],[141.27876,40.6474],[141.27784,40.6404],[141.25918,40.63039],[141.25705,40.61911],[141.25838,40.61633],[141.27437,40.6156],[141.27508,40.60686],[141.27875,40.60075],[141.28748,40.59903],[141.2855,40.58828],[141.29612,40.57771],[141.30191,40.57541],[141.30367,40.56806]]]}},{"type":"Feature","properties":{"code":"02406","name":"上北郡横浜町","pref":"青森県","pref_code":"02","cx":141.29331,"cy":41.06336,"bbox":[141.22099,40.96936,141.35198,41.15685]},"geometry":{"type":"Polygon","coordinates":[[[141.27633,41.1507],[141.27227,41.1348],[141.26334,41.12592],[141.2549,41.12066],[141.25436,41.11561],[141.24842,41.11019],[141.24647,41.10464],[141.24724,41.08933],[141.24208,41.08327],[141.24279,41.0617],[141.24088,41.0417],[141.23743,41.02192],[141.229,40.99153],[141.22099,40.97141],[141.23986,40.97201],[141.25534,40.96936],[141.26467,40.97392],[141.26363,40.98193],[141.27012,40.98824],[141.27311,40.99431],[141.28375,40.99467],[141.28826,41.00365],[141.29781,41.00489],[141.30149,41.01628],[141.31224,41.02079],[141.32111,41.02854],[141.31783,41.04186],[141.32424,41.04487],[141.32888,41.05898],[141.33803,41.05712],[141.34315,41.05978],[141.34425,41.06502],[141.33879,41.07194],[141.34578,41.07496],[141.34334,41.08309],[141.34595,41.09291],[141.35069,41.09389],[141.35198,41.10184],[141.34758,41.10644],[141.33503,41.10873],[141.32524,41.11675],[141.32826,41.1224],[141.33391,41.12343],[141.33066,41.13293],[141.32747,41.13555],[141.32549,41.14792],[141.32295,41.15411],[141.31057,41.15169],[141.28564,41.15685],[141.27633,41.1507]]]}},{"type":"Feature","properties":{"code":"02408","name":"上北郡東北町","pref":"青森県","pref_code":"02","cx":141.24703,"cy":40.79773,"bbox":[141.0067,40.66449,141.36773,40.93161]},"geometry":{"type":"Polygon","coordinates":[[[141.26993,40.66449],[141.27834,40.67138],[141.28748,40.67621],[141.2902,40.68101],[141.3006,40.68276],[141.30757,40.68857],[141.31551,40.69053],[141.31792,40.69907],[141.3247,40.70066],[141.32825,40.70644],[141.33418,40.70807],[141.34232,40.71533],[141.34302,40.72022],[141.33604,40.72074],[141.33063,40.71324],[141.3184,40.71309],[141.31099,40.71031],[141.3101,40.71655],[141.32185,40.72451],[141.3377,40.72425],[141.34628,40.72058],[141.35142,40.72344],[141.35842,40.73615],[141.35965,40.74574],[141.35795,40.76839],[141.35544,40.77451],[141.34881,40.77793],[141.34774,40.80406],[141.34975,40.81016],[141.35899,40.8161],[141.36608,40.82746],[141.36773,40.83865],[141.35945,40.84451],[141.3508,40.8428],[141.33774,40.84268],[141.32663,40.84689],[141.32432,40.85025],[141.31544,40.84732],[141.30798,40.83158],[141.29661,40.83601],[141.28178,40.83981],[141.26981,40.84571],[141.26828,40.86374],[141.26653,40.86988],[141.26932,40.88501],[141.26265,40.8914],[141.26074,40.89971],[141.25609,40.90837],[141.26169,40.92009],[141.26092,40.92612],[141.24972,40.92391],[141.23245,40.93161],[141.23439,40.9249],[141.22702,40.9147],[141.22496,40.90306],[141.21751,40.89643],[141.20339,40.8865],[141.19528,40.86965],[141.17374,40.86402],[141.15275,40.84961],[141.14665,40.84712],[141.13799,40.85045],[141.13231,40.84897],[141.1353,40.83934],[141.1277,40.84086],[141.11516,40.84063],[141.08376,40.8309],[141.07674,40.83028],[141.05941,40.83531],[141.04328,40.83452],[141.0394,40.84039],[141.02245,40.83678],[141.01807,40.83716],[141.02014,40.82596],[141.01673,40.81985],[141.0067,40.81661],[141.01618,40.80256],[141.03035,40.79921],[141.04073,40.80376],[141.04508,40.79979],[141.0533,40.7987],[141.07003,40.80257],[141.07935,40.80291],[141.08827,40.80064],[141.0997,40.80554],[141.11912,40.80216],[141.1354,40.80402],[141.14771,40.79676],[141.16171,40.79425],[141.16262,40.78683],[141.16892,40.7853],[141.18014,40.78605],[141.18763,40.78331],[141.18901,40.77843],[141.18544,40.76832],[141.19205,40.76478],[141.20897,40.76327],[141.2187,40.75664],[141.2267,40.76129],[141.231,40.76735],[141.23821,40.76943],[141.23659,40.77452],[141.24809,40.77594],[141.25538,40.77281],[141.25369,40.75489],[141.27152,40.75347],[141.27086,40.74978],[141.25808,40.75065],[141.25186,40.75367],[141.24615,40.75066],[141.24874,40.7457],[141.24407,40.73745],[141.23838,40.73183],[141.22403,40.72614],[141.21441,40.72578],[141.20508,40.71842],[141.18554,40.71117],[141.17916,40.7068],[141.18002,40.7036],[141.17258,40.69794],[141.17595,40.68958],[141.17283,40.68313],[141.1889,40.68584],[141.19493,40.68933],[141.20345,40.68831],[141.23088,40.69168],[141.2315,40.69477],[141.23992,40.6985],[141.24421,40.69661],[141.25145,40.70167],[141.26039,40.70112],[141.26549,40.6978],[141.26626,40.69162],[141.26361,40.68516],[141.26697,40.67893],[141.26709,40.67123],[141.26993,40.66449]]]}},{"type":"Feature","properties":{"code":"02411","name":"上北郡六ヶ所村","pref":"青森県","pref_code":"02","cx":141.32565,"cy":40.98508,"bbox":[141.23245,40.83158,141.39841,41.13236]},"geometry":{"type":"Polygon","coordinates":[[[141.39293,40.88662],[141.39063,40.90502],[141.3908,40.91903],[141.38694,40.92423],[141.38566,40.9352],[141.38771,40.94006],[141.38613,40.95064],[141.38629,40.9755],[141.38424,40.98065],[141.38575,41.01593],[141.39087,41.06954],[141.39281,41.08114],[141.3967,41.09117],[141.39841,41.10043],[141.39471,41.10095],[141.39281,41.1142],[141.39598,41.12594],[141.39582,41.13236],[141.38566,41.12965],[141.37754,41.12482],[141.36845,41.11206],[141.36155,41.10806],[141.35422,41.10902],[141.34758,41.10644],[141.35198,41.10184],[141.35069,41.09389],[141.34595,41.09291],[141.34334,41.08309],[141.34578,41.07496],[141.33879,41.07194],[141.34425,41.06502],[141.34315,41.05978],[141.33803,41.05712],[141.32888,41.05898],[141.32424,41.04487],[141.31783,41.04186],[141.32111,41.02854],[141.31224,41.02079],[141.30149,41.01628],[141.29781,41.00489],[141.28826,41.00365],[141.28375,40.99467],[141.27311,40.99431],[141.27012,40.98824],[141.26363,40.98193],[141.26467,40.97392],[141.25534,40.96936],[141.2582,40.96663],[141.24643,40.96025],[141.24504,40.95267],[141.23278,40.94053],[141.23245,40.93161],[141.24972,40.92391],[141.26092,40.92612],[141.26169,40.92009],[141.25609,40.90837],[141.26074,40.89971],[141.26265,40.8914],[141.26932,40.88501],[141.26653,40.86988],[141.26828,40.86374],[141.26981,40.84571],[141.28178,40.83981],[141.29661,40.83601],[141.30798,40.83158],[141.31544,40.84732],[141.32432,40.85025],[141.32663,40.84689],[141.33774,40.84268],[141.3508,40.8428],[141.35945,40.84451],[141.36773,40.83865],[141.37879,40.84496],[141.37821,40.85193],[141.3741,40.86355],[141.37976,40.8828],[141.39293,40.88662]]]}},{"type":"Feature","properties":{"code":"02412","name":"上北郡おいらせ町","pref":"青森県","pref_code":"02","cx":141.40043,"cy":40.63183,"bbox":[141.34382,40.58105,141.46299,40.67051]},"geometry":{"type":"Polygon","coordinates":[[[141.46299,40.60347],[141.46241,40.60773],[141.45446,40.62333],[141.44789,40.63882],[141.43878,40.67051],[141.42897,40.66801],[141.41826,40.66925],[141.38785,40.66534],[141.36821,40.66693],[141.35584,40.66382],[141.35936,40.65804],[141.36035,40.64745],[141.36309,40.64251],[141.35429,40.63838],[141.34572,40.62529],[141.34382,40.61096],[141.34725,40.60125],[141.35303,40.60232],[141.36306,40.59978],[141.35453,40.58941],[141.36616,40.58926],[141.38037,40.58555],[141.38979,40.58735],[141.39622,40.58452],[141.40639,40.58478],[141.4113,40.58105],[141.43574,40.59466],[141.44714,40.59672],[141.45163,40.59987],[141.46133,40.60022],[141.46299,40.60347]]]}},{"type":"Feature","properties":{"code":"02423","name":"下北郡大間町","pref":"青森県","pref_code":"02","cx":140.92834,"cy":41.48416,"bbox":[140.88216,41.42106,140.96759,41.5465]},"geometry":{"type":"Polygon","coordinates":[[[140.96759,41.43515],[140.96259,41.43564],[140.95198,41.44538],[140.9508,41.44887],[140.95658,41.45254],[140.95521,41.45705],[140.95854,41.46207],[140.9576,41.46676],[140.9608,41.47269],[140.95797,41.48038],[140.95237,41.48793],[140.95908,41.49505],[140.95736,41.50148],[140.94749,41.50664],[140.93389,41.52137],[140.93708,41.52896],[140.92415,41.53461],[140.91693,41.54506],[140.91358,41.5465],[140.90815,41.53864],[140.90808,41.52983],[140.89745,41.52596],[140.90361,41.51839],[140.90954,41.50371],[140.89842,41.47663],[140.889,41.47022],[140.88216,41.4682],[140.88807,41.46867],[140.89809,41.45731],[140.89648,41.4519],[140.9018,41.44012],[140.9081,41.43341],[140.91667,41.43201],[140.91852,41.42553],[140.92279,41.42364],[140.92839,41.42736],[140.94037,41.42106],[140.94515,41.42688],[140.95671,41.42397],[140.96759,41.43515]]]}},{"type":"Feature","properties":{"code":"02424","name":"下北郡東通村","pref":"青森県","pref_code":"02","cx":141.33162,"cy":41.26395,"bbox":[141.22605,41.10644,141.46854,41.42498]},"geometry":{"type":"Polygon","coordinates":[[[141.32295,41.15411],[141.32549,41.14792],[141.32747,41.13555],[141.33066,41.13293],[141.33391,41.12343],[141.32826,41.1224],[141.32524,41.11675],[141.33503,41.10873],[141.34758,41.10644],[141.35422,41.10902],[141.36155,41.10806],[141.36845,41.11206],[141.37754,41.12482],[141.38566,41.12965],[141.39582,41.13236],[141.39171,41.13338],[141.38845,41.15392],[141.39091,41.17846],[141.39494,41.19501],[141.39948,41.20577],[141.3992,41.20941],[141.40354,41.22274],[141.40494,41.23853],[141.4127,41.2609],[141.41505,41.27084],[141.42265,41.29206],[141.43394,41.33087],[141.44239,41.35734],[141.45005,41.37323],[141.45922,41.37918],[141.46064,41.38938],[141.45322,41.39442],[141.45519,41.40137],[141.46334,41.4033],[141.46005,41.41173],[141.46153,41.4162],[141.46854,41.4192],[141.46385,41.42377],[141.45654,41.42498],[141.4389,41.41298],[141.43429,41.40687],[141.41106,41.39067],[141.40411,41.38415],[141.38785,41.37574],[141.35747,41.36388],[141.33429,41.35624],[141.31064,41.35126],[141.29686,41.35045],[141.27461,41.35368],[141.24658,41.36116],[141.25,41.35211],[141.24541,41.34403],[141.23697,41.33377],[141.24493,41.33145],[141.23403,41.3259],[141.22881,41.31956],[141.22605,41.31238],[141.23492,41.30878],[141.24555,41.31063],[141.25296,41.30166],[141.2542,41.29209],[141.24754,41.28186],[141.25114,41.267],[141.24752,41.2586],[141.24651,41.2492],[141.25506,41.24482],[141.26604,41.24339],[141.28274,41.24989],[141.2899,41.24727],[141.30347,41.24931],[141.31049,41.24325],[141.31526,41.24737],[141.32669,41.24425],[141.32536,41.23939],[141.33897,41.21525],[141.33473,41.20551],[141.33714,41.20001],[141.33011,41.19084],[141.33021,41.1821],[141.31933,41.16749],[141.3185,41.1624],[141.32295,41.15411]]]}},{"type":"Feature","properties":{"code":"02425","name":"下北郡風間浦村","pref":"青森県","pref_code":"02","cx":141.0186,"cy":41.47587,"bbox":[140.93389,41.42075,141.11569,41.52896]},"geometry":{"type":"Polygon","coordinates":[[[141.11569,41.45566],[141.11266,41.46295],[141.09461,41.46735],[141.08477,41.47294],[141.07038,41.4788],[141.06687,41.48226],[141.05838,41.48314],[141.02853,41.48302],[141.0106,41.48551],[141.00274,41.48553],[140.99392,41.49096],[140.9734,41.49886],[140.96361,41.51303],[140.95738,41.51581],[140.95258,41.52198],[140.946,41.52304],[140.93708,41.52896],[140.93389,41.52137],[140.94749,41.50664],[140.95736,41.50148],[140.95908,41.49505],[140.95237,41.48793],[140.95797,41.48038],[140.9608,41.47269],[140.9576,41.46676],[140.95854,41.46207],[140.95521,41.45705],[140.95658,41.45254],[140.9508,41.44887],[140.95198,41.44538],[140.96259,41.43564],[140.96759,41.43515],[140.97549,41.43903],[140.98658,41.43698],[140.99524,41.43991],[141.00287,41.43491],[141.00751,41.42365],[141.01251,41.42153],[141.02783,41.42075],[141.03102,41.42498],[141.039,41.42636],[141.05071,41.43407],[141.05113,41.44637],[141.06036,41.44406],[141.0633,41.44685],[141.07193,41.44686],[141.08299,41.45131],[141.10497,41.45136],[141.11569,41.45566]]]}},{"type":"Feature","properties":{"code":"02426","name":"下北郡佐井村","pref":"青森県","pref_code":"02","cx":140.84907,"cy":41.34224,"bbox":[140.77828,41.21014,140.94037,41.46867]},"geometry":{"type":"Polygon","coordinates":[[[140.94037,41.42106],[140.92839,41.42736],[140.92279,41.42364],[140.91852,41.42553],[140.91667,41.43201],[140.9081,41.43341],[140.9018,41.44012],[140.89648,41.4519],[140.89809,41.45731],[140.88807,41.46867],[140.88216,41.4682],[140.88495,41.46712],[140.87751,41.45654],[140.87785,41.45229],[140.8661,41.44643],[140.86652,41.43636],[140.85379,41.43152],[140.84887,41.42188],[140.83522,41.41573],[140.83875,41.41286],[140.83359,41.40543],[140.83336,41.40049],[140.82783,41.39012],[140.82762,41.37089],[140.82472,41.36405],[140.82035,41.34614],[140.81646,41.33834],[140.80599,41.33287],[140.80713,41.32717],[140.79885,41.3208],[140.80625,41.31415],[140.79886,41.30135],[140.79794,41.28667],[140.79574,41.27887],[140.78953,41.27442],[140.79148,41.27153],[140.78578,41.2616],[140.78538,41.25637],[140.7799,41.25336],[140.78183,41.24238],[140.78472,41.23948],[140.78502,41.23011],[140.77965,41.21726],[140.77828,41.21014],[140.78854,41.21358],[140.79257,41.21698],[140.79271,41.22284],[140.79828,41.22284],[140.8104,41.23084],[140.818,41.23275],[140.82282,41.23945],[140.8236,41.24757],[140.81592,41.25619],[140.82576,41.26887],[140.83169,41.27119],[140.84695,41.2661],[140.85242,41.26158],[140.86348,41.26028],[140.85997,41.26715],[140.85338,41.27086],[140.85,41.28249],[140.85198,41.28717],[140.83471,41.29863],[140.84049,41.30674],[140.8458,41.30689],[140.84946,41.31454],[140.85929,41.31525],[140.86109,41.32145],[140.86871,41.32102],[140.87597,41.33305],[140.8741,41.33541],[140.88412,41.34754],[140.90248,41.36454],[140.91451,41.36556],[140.91845,41.36945],[140.91162,41.37451],[140.91496,41.38053],[140.92468,41.38167],[140.93322,41.39306],[140.92879,41.40028],[140.93722,41.4077],[140.94037,41.42106]]]}},{"type":"Feature","properties":{"code":"02441","name":"三戸郡三戸町","pref":"青森県","pref_code":"02","cx":141.23057,"cy":40.36266,"bbox":[140.9814,40.30479,141.3171,40.4217]},"geometry":{"type":"Polygon","coordinates":[[[141.21102,40.41406],[141.18953,40.41736],[141.17597,40.41604],[141.17325,40.42004],[141.15506,40.4217],[141.14334,40.42024],[141.1316,40.41486],[141.12097,40.41676],[141.11277,40.41451],[141.10143,40.40712],[141.09348,40.40584],[141.08458,40.41241],[141.07371,40.41197],[141.06121,40.40881],[141.05008,40.40748],[141.04603,40.40292],[141.03835,40.40164],[141.0335,40.40614],[141.02354,40.40828],[141.01529,40.40647],[141.00637,40.40998],[140.99603,40.4068],[140.9908,40.40251],[140.98254,40.41204],[140.9814,40.40565],[140.98576,40.40319],[140.98728,40.39503],[140.99734,40.39637],[141.00271,40.38712],[141.00927,40.38706],[141.01192,40.38336],[141.03386,40.38705],[141.0419,40.38485],[141.04273,40.38104],[141.05258,40.37592],[141.06038,40.37677],[141.06828,40.3752],[141.08043,40.3756],[141.09186,40.37364],[141.10125,40.37698],[141.11022,40.37643],[141.11762,40.37182],[141.13892,40.36884],[141.14295,40.36477],[141.1542,40.36719],[141.16566,40.36657],[141.16464,40.36056],[141.17898,40.35581],[141.18336,40.35159],[141.177,40.34586],[141.18246,40.33297],[141.17261,40.32846],[141.16985,40.32413],[141.17249,40.31937],[141.16312,40.31507],[141.15885,40.30994],[141.15919,40.30479],[141.16851,40.30665],[141.17195,40.30976],[141.18561,40.30766],[141.19767,40.3077],[141.2186,40.31805],[141.22632,40.32795],[141.2318,40.32812],[141.23792,40.33405],[141.24838,40.341],[141.26013,40.34187],[141.26243,40.34948],[141.26745,40.34909],[141.27509,40.34467],[141.29232,40.35167],[141.29195,40.35788],[141.29893,40.36584],[141.31037,40.36683],[141.3171,40.37266],[141.31339,40.37737],[141.31462,40.38251],[141.31075,40.38739],[141.3023,40.38558],[141.29808,40.38722],[141.28675,40.39676],[141.27861,40.39363],[141.26989,40.39319],[141.26417,40.40187],[141.25869,40.40111],[141.24804,40.40378],[141.22463,40.39986],[141.21102,40.41406]]]}},{"type":"Feature","properties":{"code":"02442","name":"三戸郡五戸町","pref":"青森県","pref_code":"02","cx":141.27854,"cy":40.50286,"bbox":[141.17545,40.41913,141.42351,40.58735]},"geometry":{"type":"Polygon","coordinates":[[[141.4113,40.58105],[141.40639,40.58478],[141.39622,40.58452],[141.38979,40.58735],[141.38037,40.58555],[141.38053,40.57973],[141.37644,40.57217],[141.36527,40.56621],[141.35873,40.57817],[141.35247,40.58581],[141.346,40.58124],[141.34051,40.58202],[141.33377,40.5789],[141.33694,40.568],[141.32258,40.56272],[141.30367,40.56806],[141.29868,40.55837],[141.29115,40.55804],[141.28124,40.54386],[141.2754,40.53759],[141.26324,40.54006],[141.24453,40.53647],[141.24093,40.53423],[141.22559,40.53114],[141.21964,40.52761],[141.21915,40.51877],[141.20796,40.5109],[141.2017,40.50874],[141.19481,40.49984],[141.18496,40.49585],[141.17545,40.48882],[141.18388,40.48284],[141.18413,40.47814],[141.18989,40.47661],[141.19445,40.47031],[141.19637,40.45545],[141.2163,40.46029],[141.22184,40.45949],[141.23106,40.45397],[141.23332,40.44464],[141.23839,40.44402],[141.22966,40.43414],[141.22227,40.43044],[141.22623,40.424],[141.23407,40.41913],[141.24242,40.42037],[141.25178,40.4272],[141.26415,40.42812],[141.27253,40.436],[141.28209,40.42973],[141.28358,40.42677],[141.29342,40.42589],[141.29601,40.42954],[141.29371,40.43493],[141.2857,40.44314],[141.29492,40.44761],[141.30278,40.45846],[141.3112,40.46059],[141.31921,40.46814],[141.31985,40.47599],[141.34304,40.48419],[141.36362,40.49476],[141.36641,40.4967],[141.35674,40.50589],[141.35837,40.51086],[141.35476,40.51707],[141.36888,40.52043],[141.37704,40.52419],[141.38464,40.52388],[141.39277,40.53251],[141.40266,40.53719],[141.41852,40.53945],[141.41044,40.54669],[141.41985,40.55409],[141.42351,40.56231],[141.42029,40.57299],[141.40771,40.57456],[141.4113,40.58105]]]}},{"type":"Feature","properties":{"code":"02443","name":"三戸郡田子町","pref":"青森県","pref_code":"02","cx":141.05835,"cy":40.30822,"bbox":[140.94397,40.21792,141.18336,40.39637]},"geometry":{"type":"Polygon","coordinates":[[[140.98728,40.39503],[140.98441,40.38843],[140.99501,40.37017],[140.99117,40.36734],[140.99524,40.35524],[140.98122,40.34337],[140.97393,40.34414],[140.96539,40.35029],[140.96295,40.34669],[140.96856,40.33749],[140.95891,40.32162],[140.95758,40.30651],[140.95342,40.30105],[140.94397,40.29626],[140.9446,40.28814],[140.95239,40.28742],[140.95758,40.28204],[140.95428,40.27974],[140.95278,40.27125],[140.94727,40.26445],[140.94571,40.25807],[140.95424,40.25055],[140.95493,40.24511],[140.96537,40.23972],[140.96943,40.22825],[140.97596,40.22576],[140.98006,40.21963],[140.9914,40.22275],[140.99649,40.21915],[141.00603,40.21792],[141.02237,40.22027],[141.02684,40.22657],[141.04655,40.23715],[141.05995,40.23831],[141.06918,40.2488],[141.07641,40.25264],[141.09019,40.25217],[141.09451,40.25488],[141.10406,40.25573],[141.11005,40.26105],[141.0998,40.28018],[141.11559,40.28636],[141.11994,40.28999],[141.13439,40.29474],[141.13837,40.3005],[141.14521,40.29968],[141.15419,40.30143],[141.15919,40.30479],[141.15885,40.30994],[141.16312,40.31507],[141.17249,40.31937],[141.16985,40.32413],[141.17261,40.32846],[141.18246,40.33297],[141.177,40.34586],[141.18336,40.35159],[141.17898,40.35581],[141.16464,40.36056],[141.16566,40.36657],[141.1542,40.36719],[141.14295,40.36477],[141.13892,40.36884],[141.11762,40.37182],[141.11022,40.37643],[141.10125,40.37698],[141.09186,40.37364],[141.08043,40.3756],[141.06828,40.3752],[141.06038,40.37677],[141.05258,40.37592],[141.04273,40.38104],[141.0419,40.38485],[141.03386,40.38705],[141.01192,40.38336],[141.00927,40.38706],[141.00271,40.38712],[140.99734,40.39637],[140.98728,40.39503]]]}},{"type":"Feature","properties":{"code":"02445","name":"三戸郡南部町","pref":"青森県","pref_code":"02","cx":141.31219,"cy":40.41621,"bbox":[141.21102,40.33101,141.4535,40.50295]},"geometry":{"type":"Polygon","coordinates":[[[141.36362,40.49476],[141.34304,40.48419],[141.31985,40.47599],[141.31921,40.46814],[141.3112,40.46059],[141.30278,40.45846],[141.29492,40.44761],[141.2857,40.44314],[141.29371,40.43493],[141.29601,40.42954],[141.29342,40.42589],[141.28358,40.42677],[141.28209,40.42973],[141.27253,40.436],[141.26415,40.42812],[141.25178,40.4272],[141.24242,40.42037],[141.23407,40.41913],[141.23026,40.41748],[141.21102,40.41406],[141.22463,40.39986],[141.24804,40.40378],[141.25869,40.40111],[141.26417,40.40187],[141.26989,40.39319],[141.27861,40.39363],[141.28675,40.39676],[141.29808,40.38722],[141.3023,40.38558],[141.31075,40.38739],[141.31462,40.38251],[141.31339,40.37737],[141.3171,40.37266],[141.32439,40.36986],[141.33045,40.36169],[141.33634,40.3602],[141.33727,40.35493],[141.334,40.3456],[141.34837,40.33871],[141.35313,40.33101],[141.36979,40.33839],[141.37311,40.34309],[141.38217,40.3452],[141.38979,40.35304],[141.38912,40.35922],[141.3931,40.36069],[141.38322,40.36929],[141.38446,40.38034],[141.38702,40.38735],[141.38394,40.39069],[141.38468,40.39953],[141.38729,40.40568],[141.39397,40.40844],[141.40123,40.41494],[141.40148,40.42274],[141.40814,40.4253],[141.41604,40.42532],[141.44012,40.4294],[141.44396,40.43884],[141.4535,40.44835],[141.44139,40.45275],[141.43524,40.4575],[141.42794,40.45901],[141.42263,40.4725],[141.41497,40.47128],[141.40124,40.47333],[141.39314,40.48016],[141.3916,40.48764],[141.38503,40.48938],[141.38129,40.49347],[141.38107,40.50295],[141.36362,40.49476]]]}},{"type":"Feature","properties":{"code":"02446","name":"三戸郡階上町","pref":"青森県","pref_code":"02","cx":141.56804,"cy":40.41836,"bbox":[141.51877,40.35866,141.67603,40.47957]},"geometry":{"type":"Polygon","coordinates":[[[141.5537,40.35866],[141.56395,40.36157],[141.57188,40.36586],[141.57271,40.36961],[141.58139,40.37387],[141.58676,40.38071],[141.58274,40.38514],[141.58124,40.39843],[141.59512,40.41213],[141.61255,40.41544],[141.61935,40.4208],[141.63134,40.42025],[141.63935,40.42287],[141.6471,40.42829],[141.65236,40.42765],[141.66102,40.43365],[141.66995,40.43724],[141.67603,40.44854],[141.67559,40.45382],[141.66603,40.45868],[141.65994,40.46611],[141.64918,40.47021],[141.64652,40.4747],[141.63229,40.47462],[141.62341,40.46742],[141.60564,40.46311],[141.59333,40.46787],[141.59472,40.47732],[141.58486,40.47603],[141.57039,40.47957],[141.55688,40.47425],[141.55851,40.46587],[141.55291,40.46448],[141.5518,40.45639],[141.53824,40.45257],[141.53347,40.45992],[141.52598,40.45975],[141.51877,40.45684],[141.52214,40.42561],[141.51922,40.41647],[141.52005,40.40444],[141.52363,40.39711],[141.5292,40.3934],[141.5421,40.3786],[141.5537,40.35866]]]}},{"type":"Feature","properties":{"code":"02450","name":"三戸郡新郷村","pref":"青森県","pref_code":"02","cx":141.1166,"cy":40.44942,"bbox":[140.9797,40.40164,141.23839,40.49867]},"geometry":{"type":"Polygon","coordinates":[[[140.98517,40.42708],[140.98555,40.42171],[140.9797,40.41771],[140.98254,40.41204],[140.9908,40.40251],[140.99603,40.4068],[141.00637,40.40998],[141.01529,40.40647],[141.02354,40.40828],[141.0335,40.40614],[141.03835,40.40164],[141.04603,40.40292],[141.05008,40.40748],[141.06121,40.40881],[141.07371,40.41197],[141.08458,40.41241],[141.09348,40.40584],[141.10143,40.40712],[141.11277,40.41451],[141.12097,40.41676],[141.1316,40.41486],[141.14334,40.42024],[141.15506,40.4217],[141.17325,40.42004],[141.17597,40.41604],[141.18953,40.41736],[141.21102,40.41406],[141.23026,40.41748],[141.23407,40.41913],[141.22623,40.424],[141.22227,40.43044],[141.22966,40.43414],[141.23839,40.44402],[141.23332,40.44464],[141.23106,40.45397],[141.22184,40.45949],[141.2163,40.46029],[141.19637,40.45545],[141.19445,40.47031],[141.18989,40.47661],[141.18413,40.47814],[141.18388,40.48284],[141.17545,40.48882],[141.18496,40.49585],[141.17283,40.49304],[141.15716,40.49548],[141.13853,40.49473],[141.12792,40.49644],[141.1192,40.49579],[141.11188,40.49867],[141.10413,40.49262],[141.08786,40.49358],[141.08625,40.49074],[141.05837,40.4795],[141.05536,40.47712],[141.03109,40.47451],[141.00574,40.45842],[141.00116,40.45471],[141.00091,40.44488],[140.99426,40.43354],[140.98517,40.42708]]]}},{"type":"Feature","properties":{"code":"03201","name":"盛岡市","pref":"岩手県","pref_code":"03","cx":141.2563,"cy":39.74621,"bbox":[140.99575,39.56373,141.52739,39.93018]},"geometry":{"type":"Polygon","coordinates":[[[141.43425,39.88144],[141.43422,39.87755],[141.43221,39.86903],[141.43244,39.86662],[141.43097,39.86374],[141.43255,39.85658],[141.432,39.85521],[141.42755,39.85017],[141.42551,39.84982],[141.42317,39.84804],[141.42108,39.84904],[141.42018,39.85075],[141.41466,39.85235],[141.41253,39.85359],[141.40786,39.85285],[141.40712,39.85136],[141.40479,39.85068],[141.40344,39.84961],[141.40014,39.84969],[141.39724,39.84891],[141.39463,39.84902],[141.39218,39.84793],[141.39057,39.84816],[141.38899,39.84727],[141.38562,39.84865],[141.3829,39.84843],[141.37751,39.84969],[141.37535,39.84943],[141.37459,39.85089],[141.3717,39.85203],[141.36864,39.85115],[141.36746,39.85218],[141.36476,39.85311],[141.36177,39.85234],[141.359,39.84972],[141.3581,39.84814],[141.35555,39.84895],[141.35191,39.84869],[141.34983,39.84762],[141.34474,39.84749],[141.34235,39.84613],[141.34055,39.8478],[141.34033,39.84985],[141.3379,39.8488],[141.33546,39.84903],[141.33232,39.84414],[141.33152,39.84084],[141.32475,39.83509],[141.32023,39.83497],[141.31649,39.8341],[141.31499,39.83515],[141.31082,39.8358],[141.30927,39.83701],[141.30921,39.84053],[141.30978,39.84285],[141.30469,39.84435],[141.30346,39.84627],[141.29993,39.84555],[141.29541,39.84547],[141.29297,39.84185],[141.29215,39.84144],[141.28811,39.84127],[141.287,39.84418],[141.28632,39.84826],[141.28724,39.84898],[141.28697,39.85293],[141.28889,39.85513],[141.2935,39.85677],[141.29526,39.85896],[141.29424,39.86089],[141.29258,39.86225],[141.28923,39.86179],[141.28595,39.8637],[141.28397,39.86392],[141.27957,39.8674],[141.2779,39.86774],[141.27761,39.87151],[141.27664,39.8733],[141.27736,39.87694],[141.27619,39.87893],[141.27668,39.8808],[141.27564,39.88157],[141.27664,39.88319],[141.27611,39.88503],[141.27462,39.88577],[141.27467,39.88878],[141.2754,39.88997],[141.2754,39.89305],[141.27254,39.89349],[141.27031,39.89321],[141.26847,39.89571],[141.26977,39.89842],[141.26923,39.90233],[141.26774,39.9033],[141.26341,39.90322],[141.26182,39.90456],[141.25843,39.90355],[141.25661,39.90397],[141.25405,39.90353],[141.25114,39.90149],[141.24902,39.90279],[141.24573,39.90367],[141.24449,39.90225],[141.24543,39.89991],[141.24262,39.9003],[141.24243,39.90209],[141.24077,39.90323],[141.23682,39.90319],[141.23331,39.90129],[141.23095,39.90261],[141.22972,39.90509],[141.2284,39.90642],[141.22488,39.90636],[141.22122,39.90277],[141.21831,39.9014],[141.21728,39.90432],[141.21593,39.90558],[141.21167,39.90644],[141.21061,39.9074],[141.20596,39.9082],[141.19889,39.90779],[141.19531,39.90647],[141.19476,39.90834],[141.19685,39.91004],[141.19599,39.91305],[141.19384,39.91435],[141.19178,39.91408],[141.19219,39.91609],[141.19119,39.91723],[141.19172,39.91898],[141.18831,39.9256],[141.1854,39.9263],[141.18361,39.92832],[141.18087,39.92738],[141.17309,39.92859],[141.17057,39.92983],[141.16472,39.93018],[141.16318,39.92871],[141.1609,39.92855],[141.15774,39.92693],[141.15585,39.92681],[141.15762,39.92392],[141.15769,39.92183],[141.15897,39.91787],[141.16093,39.91609],[141.16213,39.91379],[141.16687,39.91047],[141.16902,39.90828],[141.16865,39.90315],[141.16787,39.90286],[141.16496,39.90495],[141.16304,39.90465],[141.16069,39.90252],[141.15779,39.90112],[141.15606,39.89913],[141.15367,39.90015],[141.15139,39.8979],[141.15012,39.89903],[141.14862,39.89763],[141.14619,39.89351],[141.14293,39.89008],[141.14076,39.88996],[141.13732,39.88733],[141.13468,39.88488],[141.13346,39.88247],[141.12986,39.88324],[141.12097,39.88393],[141.11808,39.8829],[141.11605,39.8834],[141.11246,39.88163],[141.11055,39.88127],[141.10788,39.8791],[141.10565,39.8789],[141.1031,39.87975],[141.10009,39.87871],[141.09863,39.87924],[141.10013,39.87744],[141.10437,39.86823],[141.10746,39.86427],[141.10956,39.86037],[141.11092,39.85388],[141.11064,39.85246],[141.11159,39.84264],[141.12724,39.84274],[141.13365,39.83005],[141.13242,39.82772],[141.13458,39.82666],[141.13408,39.82474],[141.13568,39.82395],[141.13727,39.82537],[141.14242,39.82411],[141.147,39.82669],[141.14896,39.82639],[141.15031,39.8253],[141.1505,39.82331],[141.15463,39.8223],[141.15565,39.82114],[141.1531,39.81977],[141.15177,39.81679],[141.15441,39.81426],[141.15421,39.81163],[141.1491,39.81047],[141.14793,39.80967],[141.14818,39.80776],[141.1516,39.80704],[141.15567,39.80829],[141.15793,39.80782],[141.16221,39.8081],[141.16197,39.80554],[141.16051,39.80334],[141.16181,39.80222],[141.16502,39.80173],[141.166,39.80071],[141.16252,39.79768],[141.16232,39.79648],[141.16479,39.789],[141.16582,39.78736],[141.1681,39.77956],[141.16741,39.77836],[141.16486,39.7767],[141.1642,39.77476],[141.16638,39.77174],[141.16585,39.76882],[141.16361,39.76717],[141.15978,39.76655],[141.15529,39.76693],[141.15053,39.76591],[141.1481,39.76891],[141.14794,39.77072],[141.14678,39.77165],[141.14129,39.77115],[141.14066,39.76998],[141.13129,39.76794],[141.1288,39.76793],[141.12622,39.76548],[141.12552,39.76349],[141.12206,39.76021],[141.12167,39.75601],[141.11783,39.75439],[141.11635,39.75196],[141.11807,39.75026],[141.12313,39.74952],[141.12187,39.74768],[141.11925,39.74856],[141.1171,39.74713],[141.11106,39.74529],[141.11055,39.74272],[141.10678,39.74078],[141.10528,39.74249],[141.10533,39.73836],[141.10609,39.73559],[141.10477,39.73362],[141.10157,39.73119],[141.09971,39.73098],[141.09829,39.72819],[141.09928,39.72698],[141.09865,39.72558],[141.09879,39.72316],[141.08931,39.7249],[141.08846,39.72186],[141.0809,39.72321],[141.08146,39.72526],[141.07822,39.72581],[141.07848,39.72687],[141.07448,39.72764],[141.07335,39.72937],[141.07142,39.73005],[141.07017,39.72958],[141.06812,39.72681],[141.07317,39.72518],[141.07621,39.72506],[141.07766,39.72396],[141.0774,39.72293],[141.08076,39.72172],[141.07871,39.71601],[141.07861,39.71174],[141.08047,39.71177],[141.08076,39.71046],[141.07838,39.7101],[141.07897,39.70773],[141.08054,39.70653],[141.08359,39.7058],[141.08357,39.70409],[141.07849,39.7036],[141.07686,39.70208],[141.07571,39.70009],[141.07351,39.69865],[141.06997,39.69757],[141.06424,39.6973],[141.05819,39.69516],[141.05322,39.69283],[141.05133,39.69098],[141.0481,39.68997],[141.04589,39.69057],[141.04472,39.69211],[141.03886,39.69496],[141.03565,39.70002],[141.03344,39.70058],[141.03141,39.7002],[141.02985,39.70181],[141.0237,39.69877],[141.01366,39.69226],[141.01272,39.6885],[141.01602,39.68801],[141.01552,39.68514],[141.01394,39.6873],[141.01144,39.68799],[141.01255,39.68542],[141.0125,39.68363],[141.01486,39.68332],[141.01843,39.68188],[141.0151,39.67936],[141.00921,39.67739],[141.00726,39.67579],[141.00511,39.67101],[141.00378,39.66992],[140.99575,39.66627],[141.00126,39.66288],[141.00419,39.66336],[141.00541,39.66252],[141.00863,39.66216],[141.01008,39.65971],[141.01205,39.65851],[141.01161,39.65491],[141.01328,39.65375],[141.0137,39.65148],[141.01623,39.6511],[141.0188,39.64872],[141.0229,39.64869],[141.03134,39.65085],[141.03129,39.65321],[141.03337,39.65361],[141.03579,39.65312],[141.03781,39.65553],[141.03958,39.65525],[141.04056,39.65631],[141.03843,39.65898],[141.03764,39.66198],[141.04048,39.66151],[141.04356,39.65982],[141.04421,39.65812],[141.04624,39.656],[141.04999,39.65411],[141.05016,39.6524],[141.04906,39.65139],[141.04884,39.64952],[141.0468,39.64828],[141.04695,39.64656],[141.04898,39.64507],[141.05496,39.6421],[141.05841,39.64203],[141.06245,39.64015],[141.06444,39.63566],[141.06792,39.63432],[141.07147,39.63497],[141.07449,39.63446],[141.07802,39.63665],[141.08557,39.63507],[141.09467,39.63493],[141.0983,39.63411],[141.1012,39.63413],[141.10739,39.63705],[141.10829,39.64089],[141.11567,39.64161],[141.11543,39.6434],[141.12389,39.64941],[141.12797,39.65067],[141.13258,39.6506],[141.13612,39.64344],[141.13962,39.64377],[141.14348,39.64137],[141.14632,39.64096],[141.14776,39.63794],[141.14968,39.63584],[141.15337,39.63569],[141.15148,39.63407],[141.15635,39.63271],[141.17701,39.63169],[141.17847,39.63115],[141.1801,39.6293],[141.1813,39.62603],[141.18086,39.61993],[141.18389,39.61699],[141.18579,39.61399],[141.19344,39.61134],[141.19262,39.60965],[141.1933,39.6072],[141.19433,39.60594],[141.19444,39.60405],[141.19688,39.59926],[141.19717,39.59721],[141.19907,39.59904],[141.19871,39.60094],[141.20097,39.60196],[141.2036,39.60123],[141.22059,39.60564],[141.22495,39.60615],[141.2295,39.60557],[141.2315,39.60575],[141.23984,39.60295],[141.2433,39.59869],[141.24926,39.5959],[141.24903,39.59512],[141.25098,39.5935],[141.25167,39.59119],[141.25481,39.58973],[141.25522,39.58872],[141.26163,39.58527],[141.26357,39.58592],[141.27003,39.58144],[141.27288,39.58189],[141.27233,39.58374],[141.27307,39.58637],[141.2744,39.58697],[141.27692,39.59001],[141.27993,39.59177],[141.27984,39.59321],[141.27793,39.59583],[141.27814,39.60361],[141.28078,39.60342],[141.2824,39.60479],[141.28281,39.6068],[141.28399,39.60765],[141.2866,39.60679],[141.28918,39.60471],[141.29139,39.60013],[141.29324,39.59768],[141.2935,39.59563],[141.29709,39.59334],[141.29843,39.59171],[141.29775,39.59084],[141.29817,39.58867],[141.30342,39.58731],[141.30529,39.58627],[141.3049,39.58425],[141.30627,39.58264],[141.30666,39.5809],[141.30854,39.58073],[141.30929,39.57955],[141.30838,39.57704],[141.30592,39.57511],[141.30505,39.57219],[141.30927,39.57154],[141.31367,39.57169],[141.31456,39.57284],[141.31635,39.57337],[141.31862,39.57499],[141.32161,39.57481],[141.32183,39.57313],[141.32486,39.57108],[141.33167,39.56895],[141.33293,39.56705],[141.33692,39.56672],[141.34267,39.56831],[141.34412,39.56924],[141.34679,39.56796],[141.3497,39.56825],[141.35242,39.56747],[141.35481,39.56958],[141.35843,39.57074],[141.36188,39.57362],[141.36397,39.57271],[141.36873,39.57411],[141.37109,39.5758],[141.37546,39.57429],[141.37975,39.57447],[141.38274,39.57384],[141.3857,39.57442],[141.38915,39.57589],[141.39039,39.57561],[141.39671,39.57608],[141.40024,39.57702],[141.40342,39.57697],[141.40969,39.57509],[141.41369,39.5725],[141.41424,39.57058],[141.41717,39.56642],[141.41959,39.5646],[141.41988,39.56373],[141.42266,39.56524],[141.42474,39.56525],[141.42761,39.56604],[141.42991,39.56591],[141.43203,39.56678],[141.43558,39.56985],[141.43399,39.57477],[141.43307,39.5761],[141.43157,39.58305],[141.43037,39.58437],[141.42748,39.58517],[141.41899,39.58964],[141.41653,39.58977],[141.41639,39.59111],[141.41267,39.59659],[141.40884,39.59933],[141.40761,39.60152],[141.40606,39.6026],[141.40009,39.60476],[141.39344,39.60976],[141.38539,39.61158],[141.38115,39.61317],[141.37909,39.6148],[141.37545,39.61556],[141.3705,39.61743],[141.36883,39.61856],[141.36192,39.62],[141.35724,39.6218],[141.35596,39.62401],[141.35357,39.6247],[141.35113,39.62476],[141.3467,39.62718],[141.3434,39.63006],[141.34143,39.63042],[141.34226,39.63302],[141.34124,39.63468],[141.33901,39.63637],[141.3387,39.6373],[141.34049,39.63966],[141.33691,39.64217],[141.33934,39.64482],[141.34181,39.64495],[141.34477,39.64656],[141.34578,39.64796],[141.34492,39.65027],[141.34521,39.65149],[141.35007,39.65363],[141.34875,39.6544],[141.35105,39.65805],[141.35235,39.65941],[141.35719,39.66116],[141.3614,39.66582],[141.36523,39.66811],[141.36724,39.66826],[141.37278,39.67027],[141.37521,39.6701],[141.37839,39.67165],[141.3843,39.67191],[141.38674,39.67315],[141.38689,39.67471],[141.38976,39.67637],[141.39289,39.67983],[141.39619,39.6815],[141.39626,39.68279],[141.39775,39.68467],[141.40186,39.68552],[141.4056,39.68825],[141.40866,39.69171],[141.40831,39.69305],[141.40918,39.70293],[141.40527,39.70293],[141.39637,39.70738],[141.39518,39.70936],[141.39512,39.71295],[141.39573,39.71354],[141.39623,39.71682],[141.39964,39.71975],[141.39743,39.72313],[141.39773,39.72584],[141.39485,39.72933],[141.39659,39.73491],[141.39897,39.73662],[141.40103,39.73652],[141.40177,39.74188],[141.40155,39.74295],[141.39741,39.74741],[141.40184,39.75088],[141.40438,39.7547],[141.40767,39.75668],[141.40893,39.75898],[141.41049,39.7598],[141.41621,39.75873],[141.41829,39.75723],[141.42073,39.75718],[141.42219,39.75616],[141.42537,39.75754],[141.43006,39.75727],[141.43456,39.7581],[141.43885,39.75969],[141.44587,39.76477],[141.45042,39.76568],[141.452,39.76653],[141.45619,39.76634],[141.4596,39.76695],[141.46834,39.76351],[141.47054,39.76455],[141.47435,39.7649],[141.47769,39.76921],[141.47812,39.77197],[141.47776,39.77512],[141.47841,39.77577],[141.48493,39.77699],[141.48585,39.77785],[141.48672,39.78029],[141.48796,39.78206],[141.48761,39.78433],[141.4898,39.79107],[141.49548,39.79346],[141.49919,39.79411],[141.5015,39.8011],[141.50005,39.80308],[141.50026,39.80475],[141.49831,39.80781],[141.50292,39.81017],[141.5045,39.81019],[141.50725,39.80805],[141.51202,39.80768],[141.51649,39.80902],[141.52218,39.80666],[141.52364,39.80778],[141.52526,39.8111],[141.52739,39.81271],[141.5257,39.81553],[141.5203,39.81916],[141.52111,39.82195],[141.51836,39.82653],[141.51894,39.82844],[141.51772,39.83067],[141.51658,39.83565],[141.51384,39.83859],[141.51433,39.83968],[141.51165,39.8464],[141.5092,39.849],[141.50717,39.84997],[141.50529,39.85504],[141.50387,39.85567],[141.50442,39.86112],[141.50674,39.86407],[141.50741,39.8711],[141.50635,39.87545],[141.50711,39.8769],[141.50611,39.87918],[141.50018,39.87775],[141.4986,39.87793],[141.49183,39.88167],[141.48418,39.88278],[141.48119,39.87997],[141.48005,39.87657],[141.47916,39.87529],[141.47394,39.87516],[141.47257,39.87448],[141.46981,39.87431],[141.46777,39.87532],[141.46389,39.87603],[141.4619,39.87815],[141.45877,39.88038],[141.45591,39.8811],[141.45394,39.88085],[141.45005,39.88282],[141.4465,39.8827],[141.44247,39.88406],[141.44084,39.88277],[141.43425,39.88144]]]}},{"type":"Feature","properties":{"code":"03202","name":"宮古市","pref":"岩手県","pref_code":"03","cx":141.65345,"cy":39.63495,"bbox":[141.33691,39.4389,142.07239,39.83109]},"geometry":{"type":"MultiPolygon","coordinates":[[[[141.98751,39.67207],[141.98575,39.66941],[141.98781,39.66817],[141.98856,39.66943],[141.98844,39.67144],[141.98751,39.67207]]],[[[141.41988,39.56373],[141.42155,39.5632],[141.42432,39.56088],[141.42665,39.55732],[141.42834,39.55618],[141.42883,39.55463],[141.43212,39.55409],[141.43731,39.555],[141.43993,39.55648],[141.44498,39.55646],[141.44863,39.55725],[141.45057,39.55837],[141.45264,39.5588],[141.45869,39.55769],[141.46219,39.55832],[141.47086,39.55853],[141.47323,39.55929],[141.48314,39.55768],[141.48895,39.55835],[141.49123,39.55814],[141.49304,39.55731],[141.49266,39.55576],[141.49299,39.55268],[141.49427,39.55051],[141.49417,39.54837],[141.49588,39.54712],[141.49718,39.54449],[141.49618,39.5424],[141.49648,39.54137],[141.49914,39.53912],[141.50054,39.5362],[141.51119,39.5321],[141.5172,39.52888],[141.51871,39.52616],[141.52151,39.52661],[141.52313,39.52549],[141.52586,39.52486],[141.52858,39.52353],[141.53229,39.52518],[141.53808,39.52392],[141.54364,39.52499],[141.54873,39.52469],[141.55181,39.52558],[141.5523,39.52251],[141.55944,39.52077],[141.56484,39.5167],[141.5656,39.51478],[141.56719,39.51388],[141.57013,39.51339],[141.57216,39.5143],[141.57539,39.51256],[141.57698,39.50909],[141.58,39.50608],[141.58258,39.50543],[141.5838,39.50394],[141.58973,39.50092],[141.58991,39.4985],[141.59334,39.49818],[141.5954,39.49403],[141.59679,39.49321],[141.59849,39.49034],[141.59767,39.48848],[141.60139,39.48778],[141.60675,39.48881],[141.61054,39.48861],[141.61043,39.48375],[141.60914,39.48214],[141.60915,39.48077],[141.61125,39.47813],[141.61365,39.47653],[141.61531,39.47456],[141.61734,39.47319],[141.62157,39.47248],[141.62324,39.47131],[141.6246,39.46862],[141.6264,39.46743],[141.62884,39.46695],[141.6289,39.4638],[141.62992,39.46233],[141.63017,39.46034],[141.63208,39.45859],[141.63244,39.45747],[141.63657,39.45506],[141.64295,39.45504],[141.6469,39.45275],[141.65118,39.4515],[141.65241,39.45444],[141.65521,39.45643],[141.65937,39.45614],[141.66117,39.45164],[141.6631,39.4502],[141.66864,39.44822],[141.66896,39.44618],[141.67476,39.44378],[141.6771,39.44179],[141.67812,39.44166],[141.67928,39.43958],[141.68143,39.4389],[141.68541,39.43899],[141.68823,39.43996],[141.69122,39.44332],[141.69799,39.44347],[141.70183,39.44445],[141.70436,39.44428],[141.7143,39.44514],[141.71748,39.44623],[141.72084,39.44627],[141.72178,39.44733],[141.71951,39.4491],[141.71638,39.45296],[141.71633,39.45437],[141.71479,39.45798],[141.71486,39.46252],[141.71159,39.46428],[141.70853,39.4692],[141.70823,39.47221],[141.70507,39.47628],[141.70218,39.47864],[141.70426,39.48244],[141.70524,39.48311],[141.70437,39.48526],[141.70494,39.48659],[141.70329,39.48842],[141.7038,39.49153],[141.7066,39.49878],[141.70871,39.50074],[141.71032,39.50372],[141.71207,39.50518],[141.71514,39.50679],[141.71979,39.50792],[141.72168,39.50727],[141.72825,39.50744],[141.72957,39.50854],[141.73285,39.5093],[141.7365,39.51087],[141.73778,39.51438],[141.73738,39.51696],[141.73884,39.51768],[141.73982,39.51962],[141.73864,39.52115],[141.73851,39.52275],[141.74003,39.52474],[141.7402,39.52604],[141.74195,39.52788],[141.74382,39.5288],[141.74561,39.52864],[141.74832,39.52934],[141.7481,39.53258],[141.75005,39.53603],[141.75143,39.53686],[141.75359,39.54029],[141.75841,39.54068],[141.76274,39.54245],[141.76734,39.54157],[141.77006,39.542],[141.77236,39.54322],[141.77409,39.54342],[141.77748,39.54483],[141.778,39.54574],[141.7863,39.5482],[141.79551,39.54835],[141.79875,39.55004],[141.80085,39.55012],[141.80402,39.55115],[141.80618,39.55115],[141.80757,39.55197],[141.80936,39.5518],[141.81403,39.55301],[141.81709,39.55434],[141.81971,39.55355],[141.8218,39.55391],[141.82452,39.55177],[141.8278,39.55029],[141.83474,39.54971],[141.83655,39.55099],[141.83918,39.55156],[141.84,39.55323],[141.84192,39.55419],[141.84731,39.55447],[141.84849,39.55605],[141.85221,39.55675],[141.85472,39.55847],[141.86008,39.55868],[141.86169,39.55941],[141.86364,39.5592],[141.86543,39.56059],[141.86938,39.56199],[141.87093,39.56352],[141.87384,39.56234],[141.87636,39.56323],[141.8783,39.56327],[141.88262,39.55787],[141.88544,39.55662],[141.88668,39.55469],[141.89185,39.55328],[141.89238,39.55155],[141.89519,39.54997],[141.897,39.54989],[141.90017,39.54772],[141.90356,39.54784],[141.90555,39.54893],[141.90824,39.54786],[141.91408,39.54828],[141.91681,39.54796],[141.91802,39.54964],[141.91936,39.54896],[141.92117,39.551],[141.92761,39.55213],[141.93093,39.55081],[141.93791,39.55198],[141.9439,39.55155],[141.94645,39.54989],[141.94956,39.55009],[141.95164,39.54954],[141.95278,39.54711],[141.95591,39.54469],[141.96264,39.54502],[141.96499,39.54431],[141.96734,39.54478],[141.97069,39.54443],[141.97097,39.54177],[141.9725,39.53944],[141.97485,39.53859],[141.97511,39.53656],[141.97681,39.53308],[141.9769,39.53046],[141.97995,39.52763],[141.9822,39.52382],[141.98139,39.52046],[141.98469,39.51972],[141.98635,39.51815],[141.98996,39.51829],[141.9918,39.51895],[141.99232,39.51675],[141.99164,39.51496],[141.9936,39.51317],[141.99652,39.5121],[141.99948,39.51003],[142.00346,39.50638],[142.00595,39.50529],[142.00669,39.50186],[142.009,39.50155],[142.01055,39.49988],[142.01158,39.50173],[142.01293,39.50196],[142.01478,39.50103],[142.01829,39.50085],[142.02225,39.50289],[142.02338,39.50276],[142.02624,39.5058],[142.02539,39.50751],[142.02879,39.50877],[142.02757,39.50992],[142.02931,39.51202],[142.02994,39.51454],[142.02968,39.51678],[142.03113,39.51916],[142.02913,39.52209],[142.02998,39.52459],[142.03194,39.52538],[142.03344,39.52936],[142.03766,39.53159],[142.04096,39.53057],[142.04478,39.53138],[142.0479,39.52922],[142.05063,39.52609],[142.05187,39.52591],[142.05455,39.52411],[142.05493,39.5224],[142.05625,39.52195],[142.05816,39.52257],[142.06035,39.52451],[142.05808,39.52778],[142.05582,39.529],[142.05349,39.52878],[142.05249,39.53217],[142.05594,39.53285],[142.05783,39.5327],[142.05962,39.53415],[142.06106,39.53363],[142.06586,39.53436],[142.06486,39.53636],[142.06651,39.53876],[142.06962,39.54187],[142.06988,39.54351],[142.07188,39.54521],[142.07239,39.54809],[142.06953,39.54967],[142.06871,39.55287],[142.06893,39.5547],[142.06813,39.55631],[142.06991,39.55896],[142.06816,39.56065],[142.06745,39.56272],[142.06471,39.56215],[142.06283,39.56254],[142.06063,39.56209],[142.05934,39.56081],[142.05773,39.5606],[142.05693,39.56217],[142.05873,39.56406],[142.05811,39.56567],[142.05631,39.56588],[142.05569,39.56812],[142.05748,39.56922],[142.0558,39.57073],[142.05809,39.57188],[142.05756,39.57432],[142.05381,39.5747],[142.05015,39.57303],[142.04864,39.57442],[142.0438,39.57294],[142.03972,39.57378],[142.0387,39.57282],[142.03637,39.57249],[142.03782,39.57597],[142.03545,39.57537],[142.03368,39.5739],[142.03126,39.57508],[142.02889,39.5756],[142.02656,39.5795],[142.02961,39.58306],[142.02889,39.58455],[142.0296,39.58666],[142.03208,39.58873],[142.02981,39.58976],[142.02963,39.59213],[142.03088,39.59295],[142.02972,39.59439],[142.03135,39.59786],[142.02754,39.59981],[142.02529,39.60398],[142.02606,39.60568],[142.02575,39.60715],[142.02817,39.60891],[142.03182,39.60998],[142.03059,39.6126],[142.02633,39.6127],[142.02345,39.61356],[142.02255,39.61621],[142.02333,39.61668],[142.02435,39.61933],[142.02365,39.62116],[142.02412,39.62228],[142.02303,39.62515],[142.02478,39.62689],[142.02322,39.62813],[142.02278,39.62978],[142.02641,39.63017],[142.02824,39.63115],[142.02557,39.63292],[142.02327,39.63528],[142.02478,39.63688],[142.02729,39.63675],[142.0263,39.63933],[142.02615,39.64167],[142.02714,39.64281],[142.02636,39.64394],[142.02796,39.64569],[142.02781,39.64707],[142.02399,39.64867],[142.02479,39.64985],[142.02324,39.65273],[142.0262,39.65398],[142.02479,39.65508],[142.02118,39.65589],[142.01633,39.65409],[142.01551,39.6524],[142.01263,39.65079],[142.01318,39.64974],[142.01223,39.648],[142.00979,39.64761],[142.00891,39.64529],[142.00714,39.64496],[142.00627,39.64308],[142.0071,39.6417],[142.00459,39.64096],[142.00479,39.63834],[142.00287,39.63787],[142.00201,39.63583],[141.99955,39.6341],[141.99416,39.62749],[141.99334,39.62711],[141.98743,39.61792],[141.98323,39.61435],[141.98063,39.61419],[141.98005,39.61334],[141.97655,39.61174],[141.97828,39.61111],[141.9739,39.60669],[141.97187,39.60583],[141.97084,39.60268],[141.96846,39.60163],[141.96752,39.59946],[141.96781,39.59811],[141.96509,39.59597],[141.96446,39.59381],[141.96264,39.59301],[141.96308,39.59187],[141.96106,39.59087],[141.96118,39.58949],[141.95941,39.58801],[141.95914,39.58659],[141.95783,39.58575],[141.95437,39.58586],[141.94807,39.58766],[141.94831,39.59198],[141.94643,39.5937],[141.9452,39.59595],[141.94529,39.59863],[141.9473,39.59998],[141.95044,39.59785],[141.95115,39.59856],[141.94816,39.6006],[141.94997,39.60232],[141.95422,39.60391],[141.95589,39.60278],[141.95749,39.60409],[141.95611,39.6057],[141.95824,39.6082],[141.96362,39.61114],[141.96205,39.61409],[141.96347,39.61763],[141.96552,39.61813],[141.96501,39.62088],[141.96395,39.62067],[141.96342,39.62331],[141.96966,39.62332],[141.96959,39.62557],[141.97154,39.62591],[141.96869,39.6307],[141.96863,39.63264],[141.96585,39.63356],[141.96608,39.63544],[141.97157,39.63363],[141.97119,39.63523],[141.96376,39.63726],[141.964,39.63897],[141.96731,39.63945],[141.97092,39.63833],[141.97264,39.63996],[141.96838,39.64127],[141.9682,39.64246],[141.96951,39.64643],[141.97142,39.64667],[141.9722,39.64495],[141.97425,39.64349],[141.97586,39.64317],[141.98085,39.64493],[141.98242,39.64709],[141.98003,39.6468],[141.98004,39.65057],[141.97777,39.65323],[141.97608,39.65289],[141.97329,39.65128],[141.97132,39.65104],[141.96981,39.6526],[141.97009,39.65419],[141.97249,39.65499],[141.97439,39.657],[141.97306,39.65822],[141.97145,39.66167],[141.97449,39.66323],[141.97482,39.66811],[141.97651,39.67062],[141.97967,39.67185],[141.98081,39.67609],[141.9826,39.67718],[141.98226,39.67855],[141.9839,39.6791],[141.98316,39.68038],[141.98638,39.68293],[141.98526,39.68688],[141.9834,39.68725],[141.97523,39.68659],[141.97358,39.68791],[141.97156,39.68861],[141.96957,39.68713],[141.96794,39.6881],[141.96731,39.69103],[141.96961,39.69183],[141.97235,39.69389],[141.97217,39.69499],[141.97307,39.69796],[141.97192,39.69923],[141.97195,39.70075],[141.97482,39.70324],[141.9755,39.70609],[141.97689,39.70686],[141.97918,39.70561],[141.98014,39.70681],[141.9844,39.70998],[141.98623,39.71342],[141.98261,39.71624],[141.98255,39.71856],[141.98437,39.72259],[141.98455,39.72436],[141.98326,39.72621],[141.98132,39.72699],[141.97724,39.72615],[141.97179,39.72882],[141.97094,39.73099],[141.97317,39.73352],[141.97506,39.73333],[141.97479,39.73534],[141.97738,39.73536],[141.9779,39.73279],[141.97951,39.73253],[141.98099,39.7342],[141.98478,39.73448],[141.98349,39.73562],[141.98343,39.73718],[141.98606,39.73784],[141.98649,39.742],[141.98913,39.74608],[141.99169,39.74767],[141.99467,39.74752],[141.99594,39.74877],[141.99955,39.74936],[142.00159,39.75144],[141.99758,39.75294],[141.99545,39.75095],[141.99218,39.75265],[141.98894,39.75663],[141.98816,39.76223],[141.98907,39.76374],[141.98974,39.76709],[141.99172,39.76928],[141.99604,39.77173],[141.99739,39.77299],[142.00305,39.77435],[142.00419,39.775],[142.00318,39.77699],[142.00033,39.77842],[141.99652,39.77787],[141.99507,39.77901],[141.99448,39.78062],[141.99278,39.78134],[141.98876,39.787],[141.98701,39.78798],[141.9841,39.78835],[141.98493,39.79053],[141.98431,39.79135],[141.98684,39.79259],[141.98598,39.79541],[141.98864,39.79771],[141.98727,39.79957],[141.98322,39.80335],[141.98428,39.80486],[141.98326,39.80676],[141.98397,39.80948],[141.98558,39.81098],[141.9838,39.81186],[141.98369,39.81408],[141.98783,39.81444],[141.98766,39.81629],[141.98912,39.817],[141.99056,39.82003],[141.98937,39.82265],[141.98709,39.82505],[141.98839,39.82691],[141.98668,39.82801],[141.98586,39.83029],[141.98021,39.82818],[141.97881,39.82891],[141.97851,39.83069],[141.97694,39.83109],[141.97511,39.82934],[141.97584,39.82804],[141.97421,39.82659],[141.97413,39.82485],[141.9682,39.82491],[141.96463,39.82219],[141.9621,39.82098],[141.96065,39.82241],[141.95641,39.82291],[141.95364,39.82157],[141.94907,39.82127],[141.94863,39.82196],[141.94192,39.8209],[141.93954,39.81977],[141.93937,39.81568],[141.93748,39.81191],[141.93589,39.81142],[141.93461,39.80948],[141.92831,39.80874],[141.9266,39.80894],[141.92321,39.8082],[141.92198,39.80725],[141.92005,39.80753],[141.91809,39.80867],[141.91545,39.80756],[141.91178,39.80917],[141.90953,39.80745],[141.90986,39.80437],[141.90888,39.80181],[141.90937,39.79998],[141.90813,39.7984],[141.90545,39.79882],[141.90428,39.7973],[141.9004,39.79831],[141.89956,39.79666],[141.8962,39.79612],[141.89492,39.79493],[141.8931,39.79548],[141.89087,39.79494],[141.88904,39.79298],[141.88842,39.79117],[141.88877,39.78921],[141.893,39.78959],[141.89475,39.78881],[141.89747,39.78934],[141.89939,39.78887],[141.90277,39.78687],[141.90302,39.78507],[141.90611,39.78246],[141.90607,39.78065],[141.90398,39.77823],[141.90507,39.7754],[141.90484,39.77204],[141.90296,39.77078],[141.89959,39.77038],[141.89876,39.76937],[141.9002,39.76833],[141.89922,39.76661],[141.89774,39.76588],[141.89746,39.76422],[141.89471,39.76281],[141.8926,39.76067],[141.89212,39.75904],[141.8894,39.75801],[141.88907,39.7561],[141.88745,39.75526],[141.88721,39.75382],[141.88412,39.7537],[141.88277,39.75253],[141.88048,39.75168],[141.87952,39.75021],[141.87649,39.74995],[141.87323,39.74873],[141.86824,39.74826],[141.86665,39.74883],[141.86096,39.74842],[141.85712,39.74782],[141.85457,39.74684],[141.84966,39.74684],[141.84774,39.7447],[141.84821,39.74264],[141.84964,39.74196],[141.85014,39.73915],[141.84929,39.73741],[141.84625,39.73554],[141.84263,39.7373],[141.84212,39.73903],[141.83763,39.73937],[141.83724,39.73835],[141.83523,39.73713],[141.83573,39.73529],[141.83054,39.73387],[141.82824,39.7312],[141.82611,39.73035],[141.8211,39.73143],[141.81768,39.73148],[141.81514,39.72957],[141.81204,39.72911],[141.81064,39.72751],[141.80666,39.7252],[141.80456,39.72472],[141.80281,39.72334],[141.80257,39.72154],[141.8034,39.71968],[141.80145,39.71819],[141.79555,39.7242],[141.79377,39.72398],[141.79059,39.72486],[141.78614,39.72784],[141.78128,39.72691],[141.78106,39.72796],[141.77896,39.73012],[141.77898,39.73142],[141.77142,39.73605],[141.76924,39.73503],[141.76039,39.73327],[141.75688,39.73168],[141.75458,39.73464],[141.75184,39.73542],[141.75022,39.73668],[141.74831,39.73636],[141.747,39.73826],[141.7413,39.74087],[141.74073,39.74207],[141.73868,39.7435],[141.7371,39.74681],[141.73755,39.74885],[141.7372,39.75056],[141.73572,39.7514],[141.73444,39.75057],[141.72972,39.74921],[141.72744,39.74912],[141.72309,39.7469],[141.72257,39.74533],[141.7205,39.74536],[141.71727,39.74726],[141.71449,39.7501],[141.71167,39.74999],[141.71,39.7506],[141.7068,39.75328],[141.70149,39.75341],[141.6978,39.75231],[141.69461,39.74967],[141.68983,39.74733],[141.68769,39.74372],[141.68146,39.74218],[141.67851,39.74376],[141.67489,39.74464],[141.66975,39.75031],[141.66626,39.751],[141.6636,39.75209],[141.66102,39.75207],[141.656,39.75529],[141.64882,39.75449],[141.64552,39.75607],[141.64213,39.75467],[141.6328,39.75562],[141.62669,39.75507],[141.6258,39.75313],[141.62641,39.75011],[141.62596,39.74642],[141.62439,39.74392],[141.62356,39.74084],[141.62379,39.73805],[141.62206,39.73471],[141.62111,39.73386],[141.61895,39.7345],[141.61593,39.73424],[141.61292,39.73161],[141.60987,39.73016],[141.60651,39.72929],[141.60845,39.72696],[141.60715,39.7225],[141.60766,39.72054],[141.60306,39.71487],[141.60444,39.71153],[141.60301,39.70981],[141.6013,39.7089],[141.59817,39.70891],[141.59355,39.71067],[141.58909,39.71011],[141.58552,39.7105],[141.58285,39.70969],[141.58072,39.70978],[141.57942,39.71326],[141.57809,39.71472],[141.57546,39.71397],[141.57301,39.71613],[141.57068,39.71713],[141.56885,39.7187],[141.56599,39.71923],[141.56317,39.71775],[141.56315,39.71532],[141.56218,39.71365],[141.55693,39.71103],[141.55569,39.70848],[141.55271,39.70522],[141.54978,39.70402],[141.53765,39.70386],[141.53331,39.70517],[141.53281,39.70403],[141.52759,39.70278],[141.52569,39.70277],[141.52143,39.70391],[141.51564,39.70462],[141.51203,39.70414],[141.51046,39.70462],[141.50451,39.70481],[141.49682,39.70667],[141.49284,39.7047],[141.49034,39.70428],[141.48732,39.703],[141.4866,39.69952],[141.48515,39.69776],[141.47978,39.69608],[141.47825,39.69375],[141.46961,39.68643],[141.4698,39.68428],[141.4683,39.68075],[141.46523,39.68044],[141.45871,39.68128],[141.4558,39.6797],[141.45167,39.67904],[141.44866,39.67975],[141.44536,39.67912],[141.44162,39.67914],[141.43871,39.67833],[141.43551,39.67654],[141.42632,39.67678],[141.42263,39.67915],[141.42229,39.68239],[141.4213,39.68482],[141.4193,39.6865],[141.41562,39.68689],[141.41137,39.69073],[141.40866,39.69171],[141.4056,39.68825],[141.40186,39.68552],[141.39775,39.68467],[141.39626,39.68279],[141.39619,39.6815],[141.39289,39.67983],[141.38976,39.67637],[141.38689,39.67471],[141.38674,39.67315],[141.3843,39.67191],[141.37839,39.67165],[141.37521,39.6701],[141.37278,39.67027],[141.36724,39.66826],[141.36523,39.66811],[141.3614,39.66582],[141.35719,39.66116],[141.35235,39.65941],[141.35105,39.65805],[141.34875,39.6544],[141.35007,39.65363],[141.34521,39.65149],[141.34492,39.65027],[141.34578,39.64796],[141.34477,39.64656],[141.34181,39.64495],[141.33934,39.64482],[141.33691,39.64217],[141.34049,39.63966],[141.3387,39.6373],[141.33901,39.63637],[141.34124,39.63468],[141.34226,39.63302],[141.34143,39.63042],[141.3434,39.63006],[141.3467,39.62718],[141.35113,39.62476],[141.35357,39.6247],[141.35596,39.62401],[141.35724,39.6218],[141.36192,39.62],[141.36883,39.61856],[141.3705,39.61743],[141.37545,39.61556],[141.37909,39.6148],[141.38115,39.61317],[141.38539,39.61158],[141.39344,39.60976],[141.40009,39.60476],[141.40606,39.6026],[141.40761,39.60152],[141.40884,39.59933],[141.41267,39.59659],[141.41639,39.59111],[141.41653,39.58977],[141.41899,39.58964],[141.42748,39.58517],[141.43037,39.58437],[141.43157,39.58305],[141.43307,39.5761],[141.43399,39.57477],[141.43558,39.56985],[141.43203,39.56678],[141.42991,39.56591],[141.42761,39.56604],[141.42474,39.56525],[141.42266,39.56524],[141.41988,39.56373]]]]}},{"type":"Feature","properties":{"code":"03203","name":"大船渡市","pref":"岩手県","pref_code":"03","cx":141.72142,"cy":39.09494,"bbox":[141.61669,38.98576,141.92152,39.20325]},"geometry":{"type":"MultiPolygon","coordinates":[[[[141.72707,39.03534],[141.72826,39.03776],[141.72681,39.03775],[141.72707,39.03534]]],[[[141.72826,39.20325],[141.72556,39.2018],[141.72255,39.20155],[141.71792,39.19986],[141.71289,39.19457],[141.71257,39.19323],[141.70975,39.19035],[141.70753,39.18919],[141.70082,39.1871],[141.69547,39.1833],[141.68952,39.18481],[141.68333,39.1818],[141.68274,39.17953],[141.68054,39.1774],[141.67833,39.17639],[141.6635,39.17414],[141.66275,39.17579],[141.6607,39.17699],[141.6582,39.17728],[141.65389,39.1767],[141.64886,39.17787],[141.64781,39.17653],[141.64826,39.17449],[141.64718,39.17329],[141.64528,39.17265],[141.6425,39.17264],[141.63983,39.17114],[141.63841,39.16776],[141.63908,39.16661],[141.64134,39.1671],[141.64338,39.16516],[141.64466,39.16247],[141.643,39.16126],[141.63937,39.15686],[141.63691,39.15544],[141.63332,39.1544],[141.63203,39.15198],[141.63205,39.14858],[141.63022,39.1477],[141.6313,39.14511],[141.63072,39.13807],[141.62913,39.13665],[141.62503,39.13618],[141.62288,39.13365],[141.62308,39.13177],[141.61927,39.12871],[141.62004,39.1257],[141.61875,39.12303],[141.61669,39.12074],[141.61776,39.1182],[141.61742,39.11476],[141.62022,39.11366],[141.62326,39.1137],[141.62557,39.11241],[141.62643,39.10769],[141.62477,39.10549],[141.62507,39.10343],[141.62303,39.1015],[141.62277,39.10047],[141.62395,39.09793],[141.62603,39.09723],[141.62755,39.09554],[141.63087,39.09354],[141.63013,39.09046],[141.6292,39.08931],[141.63016,39.08687],[141.62892,39.08393],[141.63016,39.08275],[141.63297,39.08126],[141.63335,39.07858],[141.63799,39.07672],[141.63834,39.07462],[141.64111,39.07306],[141.64231,39.07163],[141.64678,39.06124],[141.65186,39.05617],[141.65457,39.0551],[141.65758,39.056],[141.66091,39.05936],[141.66079,39.06095],[141.6639,39.06451],[141.66628,39.06625],[141.67005,39.0679],[141.67306,39.0684],[141.6824,39.06724],[141.68398,39.06594],[141.68495,39.06334],[141.68337,39.06162],[141.68001,39.06017],[141.6796,39.05845],[141.67757,39.05738],[141.67878,39.05639],[141.68057,39.05323],[141.67963,39.04971],[141.67996,39.04751],[141.68235,39.0438],[141.68096,39.04216],[141.68259,39.03994],[141.68549,39.03379],[141.68789,39.03174],[141.68768,39.0286],[141.68833,39.02445],[141.68916,39.02309],[141.68863,39.02175],[141.68914,39.01899],[141.69071,39.0167],[141.69259,39.01512],[141.69432,39.01505],[141.69711,39.01058],[141.69901,39.00607],[141.70157,39.00383],[141.70235,39.00012],[141.70519,38.99769],[141.70526,38.99586],[141.7066,38.99465],[141.70764,38.9926],[141.71145,38.98968],[141.71378,38.9866],[141.71399,38.98939],[141.71249,38.99085],[141.71239,38.99276],[141.71084,38.99367],[141.71127,38.99644],[141.71237,38.99747],[141.71667,38.99805],[141.71667,38.99644],[141.72008,38.99686],[141.72137,38.996],[141.72392,38.99133],[141.72529,38.98973],[141.72668,38.98939],[141.72741,38.99109],[141.72914,38.99018],[141.73129,38.9903],[141.73307,38.98853],[141.73529,38.98787],[141.7371,38.98903],[141.73914,38.98854],[141.74192,38.98576],[141.74323,38.98935],[141.74414,38.98994],[141.74386,38.99191],[141.74174,38.99402],[141.74195,38.99519],[141.74413,38.99628],[141.74143,38.99935],[141.73923,38.9997],[141.73779,39.00077],[141.73835,39.0039],[141.73648,39.00475],[141.73141,39.01171],[141.73191,39.01349],[141.73099,39.01438],[141.72838,39.0139],[141.72252,39.01917],[141.72069,39.01858],[141.72185,39.01655],[141.72139,39.01558],[141.71823,39.01725],[141.71819,39.01962],[141.71478,39.01697],[141.71654,39.02048],[141.7145,39.02158],[141.71194,39.02221],[141.71004,39.02342],[141.70988,39.02542],[141.71286,39.02828],[141.71411,39.02834],[141.71459,39.03065],[141.71646,39.03169],[141.71719,39.03392],[141.72226,39.03686],[141.7249,39.04073],[141.7243,39.04497],[141.72216,39.05171],[141.72273,39.05569],[141.72468,39.05616],[141.72627,39.06107],[141.72248,39.06483],[141.72512,39.06425],[141.72842,39.06669],[141.72692,39.06808],[141.72969,39.07092],[141.73404,39.06801],[141.73427,39.0665],[141.73578,39.06517],[141.73783,39.06464],[141.73846,39.06285],[141.73608,39.06222],[141.73702,39.06051],[141.73598,39.05757],[141.73453,39.05788],[141.7333,39.05322],[141.73426,39.05091],[141.7355,39.05104],[141.73862,39.05464],[141.74098,39.05238],[141.74078,39.05094],[141.73799,39.04928],[141.73594,39.04906],[141.73687,39.04745],[141.73357,39.04543],[141.73408,39.04275],[141.73562,39.04335],[141.73624,39.04079],[141.73848,39.03858],[141.7372,39.03543],[141.73153,39.03434],[141.73132,39.03234],[141.73748,39.032],[141.73776,39.02997],[141.73564,39.03062],[141.73182,39.02823],[141.72789,39.02842],[141.72912,39.02494],[141.73263,39.02298],[141.73853,39.02265],[141.74134,39.02307],[141.74254,39.02451],[141.7451,39.0249],[141.74649,39.02397],[141.7475,39.02212],[141.74882,39.02147],[141.74952,39.01979],[141.75333,39.02054],[141.75423,39.01868],[141.75585,39.01976],[141.76054,39.01879],[141.76002,39.02004],[141.76384,39.02195],[141.76197,39.02442],[141.76406,39.02516],[141.76447,39.02812],[141.76606,39.0289],[141.76545,39.03016],[141.76714,39.03154],[141.76817,39.03417],[141.76982,39.03492],[141.7744,39.03147],[141.77477,39.03026],[141.77971,39.02809],[141.7829,39.02878],[141.78411,39.03241],[141.7869,39.03304],[141.78744,39.03422],[141.79006,39.03374],[141.79112,39.03595],[141.79155,39.03828],[141.79346,39.0386],[141.79433,39.04085],[141.79622,39.04325],[141.79824,39.04105],[141.79784,39.03843],[141.79502,39.03474],[141.79573,39.034],[141.79419,39.03162],[141.79551,39.02957],[141.79564,39.02768],[141.79691,39.02549],[141.79839,39.02598],[141.80039,39.02437],[141.80186,39.02443],[141.80288,39.02638],[141.80517,39.02705],[141.80773,39.02611],[141.80997,39.02642],[141.81274,39.02469],[141.81567,39.02391],[141.8175,39.02279],[141.82526,39.02722],[141.82851,39.02538],[141.83675,39.02475],[141.83884,39.0263],[141.8418,39.02559],[141.84373,39.02611],[141.84732,39.02619],[141.84978,39.02801],[141.85301,39.02909],[141.84991,39.03139],[141.85038,39.03246],[141.84895,39.03587],[141.84911,39.03734],[141.84578,39.03812],[141.84471,39.03979],[141.84184,39.03998],[141.83688,39.04171],[141.83511,39.04292],[141.82894,39.04489],[141.82769,39.04449],[141.82303,39.04656],[141.81939,39.04894],[141.81783,39.04928],[141.81633,39.052],[141.81762,39.0537],[141.81432,39.05494],[141.81381,39.05743],[141.81543,39.05921],[141.8189,39.0596],[141.82236,39.05918],[141.82361,39.05792],[141.82627,39.0596],[141.82879,39.05843],[141.83878,39.06086],[141.84212,39.05959],[141.84607,39.05988],[141.84896,39.05832],[141.85093,39.05854],[141.85587,39.06117],[141.85947,39.06174],[141.861,39.0602],[141.86402,39.0607],[141.86382,39.05921],[141.86631,39.05981],[141.86715,39.06182],[141.86937,39.06326],[141.87119,39.06256],[141.87462,39.06349],[141.87572,39.06454],[141.87126,39.06613],[141.87249,39.06897],[141.87146,39.06919],[141.87036,39.07192],[141.86819,39.07222],[141.86602,39.07052],[141.86296,39.07149],[141.86222,39.07084],[141.85988,39.07181],[141.8583,39.0708],[141.85587,39.07177],[141.85634,39.07301],[141.85347,39.07362],[141.85049,39.07298],[141.84823,39.07343],[141.84426,39.07641],[141.84121,39.07602],[141.84123,39.07474],[141.83849,39.07373],[141.83725,39.0742],[141.83505,39.07323],[141.83454,39.07474],[141.83174,39.07476],[141.82938,39.07535],[141.82525,39.07458],[141.82347,39.07514],[141.82131,39.07743],[141.82283,39.07861],[141.82091,39.08076],[141.8204,39.08296],[141.82299,39.08406],[141.82425,39.0854],[141.82301,39.08642],[141.82049,39.08539],[141.8184,39.08677],[141.81661,39.08568],[141.81269,39.08644],[141.80888,39.09002],[141.80886,39.09207],[141.80987,39.09337],[141.81269,39.09349],[141.8149,39.09549],[141.81432,39.097],[141.8123,39.09924],[141.81268,39.10072],[141.80953,39.10217],[141.81079,39.10387],[141.81276,39.10412],[141.81391,39.1052],[141.8144,39.10751],[141.81156,39.10747],[141.81131,39.1119],[141.81335,39.11441],[141.8158,39.11461],[141.82077,39.11376],[141.82086,39.11269],[141.8239,39.11208],[141.82539,39.11061],[141.82976,39.1091],[141.83037,39.1066],[141.83341,39.1055],[141.83394,39.10424],[141.83625,39.10458],[141.83875,39.10369],[141.84183,39.10358],[141.84777,39.10431],[141.84932,39.10364],[141.85222,39.10495],[141.85464,39.10437],[141.85762,39.10476],[141.86001,39.104],[141.86263,39.09657],[141.86728,39.09719],[141.87038,39.09661],[141.87388,39.09439],[141.87575,39.09236],[141.87805,39.09286],[141.87893,39.09029],[141.87838,39.08828],[141.8785,39.08598],[141.87998,39.08439],[141.88247,39.08501],[141.88281,39.08763],[141.88194,39.08855],[141.88311,39.09001],[141.88682,39.09049],[141.88954,39.08926],[141.89166,39.0934],[141.89178,39.0958],[141.89369,39.0967],[141.89629,39.09651],[141.89907,39.09816],[141.90117,39.09841],[141.90173,39.10081],[141.91008,39.10287],[141.91297,39.10436],[141.9152,39.10447],[141.91827,39.10545],[141.91937,39.10745],[141.9164,39.10665],[141.91272,39.10755],[141.91095,39.10941],[141.90849,39.10945],[141.90887,39.1109],[141.90576,39.11309],[141.905,39.11497],[141.90535,39.11698],[141.90348,39.11803],[141.90158,39.11735],[141.90036,39.12008],[141.89782,39.11953],[141.89706,39.11835],[141.89294,39.11797],[141.89147,39.11642],[141.88994,39.11694],[141.88555,39.11543],[141.88346,39.11608],[141.87571,39.11655],[141.87449,39.11528],[141.8721,39.11841],[141.87309,39.12096],[141.86995,39.12168],[141.87015,39.12454],[141.87147,39.12486],[141.87206,39.12711],[141.87335,39.12783],[141.8717,39.13047],[141.86995,39.13166],[141.86447,39.13346],[141.85239,39.13589],[141.85039,39.13752],[141.84843,39.14061],[141.84581,39.14234],[141.84069,39.14368],[141.83997,39.14491],[141.837,39.14454],[141.83596,39.14541],[141.83611,39.14711],[141.83966,39.14893],[141.84154,39.15256],[141.84553,39.15532],[141.8504,39.15702],[141.85162,39.15652],[141.85534,39.15753],[141.85808,39.15601],[141.86057,39.1566],[141.86339,39.15388],[141.8656,39.15349],[141.86871,39.15382],[141.87322,39.1535],[141.87845,39.15568],[141.8829,39.155],[141.88735,39.15576],[141.89223,39.15905],[141.89309,39.16051],[141.89655,39.16106],[141.89553,39.16216],[141.89794,39.16432],[141.90082,39.16475],[141.90774,39.16971],[141.91503,39.17222],[141.91596,39.1741],[141.92152,39.17743],[141.9207,39.1786],[141.92139,39.18143],[141.92088,39.18221],[141.91642,39.17851],[141.91032,39.17854],[141.9056,39.17667],[141.90527,39.1756],[141.90279,39.17373],[141.89951,39.17312],[141.89782,39.17154],[141.89547,39.17065],[141.89383,39.16941],[141.88438,39.16768],[141.88203,39.16864],[141.8804,39.16828],[141.87577,39.16995],[141.87321,39.16835],[141.87097,39.16954],[141.86583,39.17019],[141.86513,39.17162],[141.85737,39.17585],[141.85553,39.17576],[141.85366,39.17454],[141.84772,39.17509],[141.84555,39.1759],[141.83418,39.17739],[141.82956,39.18003],[141.82751,39.17854],[141.82495,39.17823],[141.82384,39.17637],[141.81982,39.17577],[141.81144,39.17632],[141.80822,39.17874],[141.80475,39.17729],[141.79934,39.17837],[141.79463,39.17702],[141.79291,39.17745],[141.79074,39.17965],[141.78505,39.18143],[141.77793,39.17925],[141.77352,39.1795],[141.76996,39.17888],[141.76359,39.17875],[141.76069,39.17769],[141.75926,39.17801],[141.75412,39.17617],[141.75127,39.17432],[141.74649,39.17441],[141.74457,39.17489],[141.73924,39.1826],[141.73561,39.1836],[141.73431,39.18604],[141.73066,39.18806],[141.73052,39.18965],[141.72906,39.19232],[141.72979,39.19572],[141.72749,39.19928],[141.72826,39.20325]]]]}},{"type":"Feature","properties":{"code":"03205","name":"花巻市","pref":"岩手県","pref_code":"03","cx":141.11888,"cy":39.4187,"bbox":[140.87877,39.26036,141.49575,39.57702]},"geometry":{"type":"Polygon","coordinates":[[[141.30505,39.57219],[141.30175,39.5713],[141.29973,39.569],[141.29486,39.56725],[141.29357,39.56566],[141.29473,39.56361],[141.29763,39.56262],[141.29812,39.56014],[141.2954,39.55952],[141.29349,39.55977],[141.29103,39.55841],[141.28752,39.55384],[141.28723,39.55067],[141.28562,39.54807],[141.2869,39.54123],[141.28898,39.53952],[141.28772,39.53568],[141.28838,39.53415],[141.29018,39.53268],[141.28866,39.53014],[141.28867,39.52891],[141.28445,39.52459],[141.28544,39.52141],[141.28493,39.51895],[141.28683,39.51657],[141.2915,39.51558],[141.2957,39.50924],[141.2947,39.50756],[141.29191,39.50705],[141.28957,39.50586],[141.28752,39.50358],[141.2876,39.50068],[141.28651,39.49936],[141.28786,39.49858],[141.28772,39.49455],[141.2872,39.49358],[141.2832,39.49128],[141.28268,39.4902],[141.28239,39.48553],[141.27775,39.48336],[141.27413,39.48347],[141.27168,39.48451],[141.27034,39.48368],[141.26768,39.48412],[141.2647,39.4834],[141.26316,39.48573],[141.26075,39.48714],[141.25987,39.49042],[141.25673,39.49014],[141.25399,39.48793],[141.25191,39.48815],[141.24856,39.48669],[141.2465,39.48749],[141.24348,39.48773],[141.24125,39.48712],[141.23732,39.48694],[141.23363,39.48738],[141.23132,39.48565],[141.22968,39.48626],[141.22461,39.4866],[141.22033,39.48815],[141.2181,39.49071],[141.21568,39.48979],[141.2124,39.49018],[141.21173,39.48956],[141.20894,39.49235],[141.20529,39.49328],[141.19639,39.49893],[141.19181,39.50009],[141.18592,39.50256],[141.18339,39.50258],[141.17991,39.50474],[141.17413,39.50461],[141.17086,39.50537],[141.16875,39.50516],[141.1677,39.50586],[141.17005,39.50818],[141.16942,39.50948],[141.15649,39.50837],[141.1508,39.50878],[141.14907,39.50995],[141.14663,39.51072],[141.14281,39.51123],[141.13602,39.51109],[141.11798,39.50871],[141.11559,39.5076],[141.11018,39.50629],[141.10654,39.50701],[141.10283,39.50827],[141.10072,39.50977],[141.09796,39.50999],[141.09818,39.51143],[141.09508,39.51394],[141.0946,39.51483],[141.09225,39.51452],[141.09053,39.5156],[141.08826,39.51445],[141.08607,39.51491],[141.08325,39.51397],[141.08379,39.51779],[141.08154,39.5207],[141.08184,39.52363],[141.07833,39.52521],[141.08172,39.52795],[141.07745,39.52923],[141.07378,39.52735],[141.07091,39.52504],[141.07109,39.52374],[141.06831,39.52246],[141.06622,39.52296],[141.06364,39.52448],[141.06002,39.5249],[141.05521,39.5279],[141.05195,39.52711],[141.04576,39.52729],[141.04211,39.5267],[141.04017,39.52553],[141.0371,39.52592],[141.03258,39.52771],[141.03079,39.52616],[141.02647,39.52453],[141.02342,39.52646],[141.02056,39.5255],[141.01927,39.52658],[141.01689,39.52612],[141.01498,39.52892],[141.01129,39.5294],[141.00998,39.53185],[141.00967,39.53385],[141.00806,39.5359],[141.00612,39.5372],[140.9995,39.53813],[140.99881,39.53911],[140.99433,39.53997],[140.99121,39.53903],[140.98977,39.5393],[140.98939,39.54109],[140.98788,39.54346],[140.98586,39.54352],[140.98197,39.54233],[140.97873,39.54223],[140.97573,39.54412],[140.9749,39.54523],[140.97232,39.54635],[140.96865,39.54494],[140.96798,39.54189],[140.96438,39.5413],[140.96263,39.53981],[140.96098,39.53663],[140.9589,39.53486],[140.95882,39.53256],[140.95569,39.53179],[140.95225,39.53245],[140.95102,39.53202],[140.94645,39.53236],[140.94329,39.53515],[140.9412,39.53523],[140.93545,39.537],[140.93463,39.53834],[140.92727,39.5386],[140.92618,39.53955],[140.92617,39.54206],[140.92316,39.54353],[140.9202,39.54334],[140.9181,39.54257],[140.91506,39.54067],[140.91389,39.53915],[140.91048,39.54015],[140.90797,39.53831],[140.90384,39.5366],[140.90222,39.53417],[140.90048,39.53276],[140.89561,39.53363],[140.89479,39.53434],[140.8925,39.53332],[140.89222,39.52936],[140.88961,39.52719],[140.88867,39.52731],[140.88617,39.52293],[140.88312,39.51992],[140.88307,39.51772],[140.88624,39.51432],[140.88729,39.51119],[140.88888,39.50978],[140.88812,39.50852],[140.88576,39.50789],[140.88313,39.50496],[140.88077,39.50433],[140.87877,39.50099],[140.88015,39.4987],[140.881,39.49853],[140.88308,39.49584],[140.88297,39.49335],[140.87985,39.49193],[140.87996,39.49029],[140.88427,39.48946],[140.88521,39.48874],[140.88525,39.48628],[140.8837,39.4841],[140.88467,39.48213],[140.88436,39.48015],[140.88792,39.47824],[140.88819,39.47617],[140.88723,39.47453],[140.8881,39.47247],[140.89036,39.47348],[140.8921,39.47296],[140.89293,39.47174],[140.89503,39.47113],[140.89754,39.46912],[140.90094,39.46843],[140.90383,39.46861],[140.905,39.46668],[140.90677,39.46587],[140.90663,39.46412],[140.90478,39.46264],[140.90192,39.46166],[140.90125,39.45867],[140.89933,39.45504],[140.89782,39.45413],[140.89777,39.45269],[140.90083,39.45088],[140.9018,39.44871],[140.90109,39.44615],[140.90231,39.44505],[140.90288,39.44204],[140.90397,39.44087],[140.90369,39.4391],[140.90493,39.43844],[140.90503,39.43686],[140.90641,39.43484],[140.90831,39.43428],[140.91012,39.43171],[140.9084,39.42932],[140.90906,39.4267],[140.90879,39.42391],[140.91083,39.41993],[140.90938,39.4195],[140.90785,39.41773],[140.9063,39.41724],[140.90463,39.41427],[140.90304,39.4142],[140.90241,39.41044],[140.9031,39.40881],[140.90249,39.40567],[140.90574,39.40098],[140.90736,39.4001],[140.90672,39.39868],[140.90803,39.39755],[140.90806,39.3957],[140.90986,39.39451],[140.90934,39.39265],[140.90784,39.39131],[140.90649,39.38888],[140.90711,39.38646],[140.90976,39.38364],[140.91158,39.38282],[140.90888,39.38082],[140.91076,39.37795],[140.91108,39.3751],[140.91209,39.37335],[140.91253,39.37013],[140.91456,39.36664],[140.91634,39.36509],[140.9207,39.36471],[140.92335,39.36524],[140.92721,39.36314],[140.92935,39.36002],[140.93456,39.35892],[140.93888,39.35914],[140.93997,39.36152],[140.94888,39.36179],[140.95565,39.35955],[140.95877,39.35992],[140.96034,39.35793],[140.9655,39.35636],[140.96753,39.35653],[140.96961,39.35581],[140.97287,39.35855],[140.97659,39.35627],[140.97916,39.35539],[140.98071,39.35201],[140.98923,39.34935],[140.99482,39.34638],[141.00411,39.34472],[141.00901,39.34226],[141.0124,39.34168],[141.01725,39.34253],[141.02124,39.3418],[141.02874,39.33777],[141.03599,39.33911],[141.03766,39.33755],[141.04115,39.3364],[141.0418,39.3376],[141.04645,39.33495],[141.04818,39.33269],[141.05175,39.33035],[141.05436,39.32929],[141.05646,39.3276],[141.05828,39.32769],[141.06079,39.32585],[141.06239,39.32808],[141.06032,39.33041],[141.06104,39.33185],[141.05941,39.33474],[141.05525,39.33792],[141.05454,39.33979],[141.0566,39.34023],[141.05771,39.34269],[141.0572,39.34462],[141.06072,39.34459],[141.0629,39.34577],[141.06991,39.34671],[141.07028,39.35111],[141.0743,39.35044],[141.07573,39.35079],[141.07627,39.3546],[141.08104,39.35384],[141.08109,39.35839],[141.08228,39.36056],[141.08678,39.35911],[141.08849,39.36209],[141.09213,39.36291],[141.09313,39.36127],[141.09841,39.35808],[141.09926,39.35882],[141.1032,39.35829],[141.11139,39.35517],[141.11189,39.3533],[141.11564,39.3512],[141.12228,39.35061],[141.12595,39.35107],[141.12847,39.35039],[141.14176,39.34991],[141.14247,39.35194],[141.14434,39.35321],[141.14865,39.35306],[141.15115,39.35397],[141.15195,39.35335],[141.15578,39.3533],[141.15531,39.35104],[141.15728,39.35068],[141.15793,39.35455],[141.16574,39.35414],[141.16739,39.35544],[141.16666,39.35653],[141.16703,39.35838],[141.166,39.36037],[141.1653,39.36484],[141.16284,39.36831],[141.1615,39.37132],[141.16372,39.3725],[141.16769,39.37295],[141.16936,39.37029],[141.16979,39.36831],[141.16899,39.36219],[141.1695,39.36028],[141.17097,39.36032],[141.17632,39.36323],[141.17634,39.36412],[141.1782,39.36644],[141.18202,39.36664],[141.18282,39.36589],[141.18137,39.36393],[141.17778,39.36177],[141.17762,39.36084],[141.18065,39.35843],[141.18094,39.35561],[141.18232,39.35396],[141.185,39.35315],[141.18663,39.34739],[141.18879,39.34672],[141.19054,39.34532],[141.19116,39.34377],[141.19015,39.34028],[141.18867,39.3383],[141.18847,39.33665],[141.18636,39.33549],[141.18551,39.33382],[141.18608,39.33243],[141.1879,39.33115],[141.18697,39.32959],[141.18882,39.32734],[141.18904,39.32611],[141.18349,39.32331],[141.18155,39.32314],[141.18055,39.31939],[141.18056,39.31727],[141.18242,39.31627],[141.18489,39.3163],[141.18616,39.31728],[141.18886,39.31765],[141.1922,39.31989],[141.19443,39.31874],[141.19825,39.31774],[141.19968,39.31645],[141.20398,39.31632],[141.20538,39.31578],[141.20594,39.31337],[141.20925,39.31043],[141.213,39.3096],[141.21294,39.30763],[141.21536,39.30692],[141.21913,39.30896],[141.22068,39.30891],[141.22251,39.31148],[141.22457,39.31236],[141.23053,39.31111],[141.23391,39.31089],[141.23398,39.30962],[141.23553,39.30834],[141.23548,39.30655],[141.23738,39.30648],[141.23938,39.3086],[141.23904,39.30947],[141.24088,39.31107],[141.24747,39.31254],[141.24915,39.31476],[141.25727,39.31363],[141.25832,39.31467],[141.26238,39.31308],[141.26486,39.3144],[141.26781,39.31506],[141.27046,39.31418],[141.27742,39.31623],[141.27857,39.31704],[141.28635,39.3171],[141.28838,39.31862],[141.2935,39.31824],[141.29881,39.3119],[141.29784,39.30912],[141.2978,39.30716],[141.30069,39.30586],[141.30122,39.30389],[141.3033,39.30139],[141.30125,39.29945],[141.3016,39.29635],[141.30461,39.29545],[141.30634,39.29412],[141.30636,39.29312],[141.30829,39.2915],[141.30909,39.28915],[141.30419,39.28577],[141.30322,39.28437],[141.3031,39.28038],[141.30243,39.27863],[141.30302,39.27679],[141.30415,39.27658],[141.3083,39.27797],[141.31978,39.28253],[141.32592,39.2825],[141.32893,39.27913],[141.33094,39.27762],[141.33395,39.27683],[141.33412,39.27503],[141.33349,39.27196],[141.33491,39.26918],[141.33694,39.26682],[141.33905,39.26646],[141.34099,39.26428],[141.35161,39.26237],[141.353,39.26293],[141.35723,39.26036],[141.36131,39.26273],[141.36134,39.26473],[141.36226,39.26629],[141.36185,39.26757],[141.3672,39.26884],[141.3668,39.27028],[141.3682,39.27097],[141.3698,39.27615],[141.37098,39.27793],[141.37001,39.28024],[141.36963,39.28285],[141.36819,39.28339],[141.36639,39.28545],[141.36464,39.28655],[141.3624,39.28644],[141.36056,39.28807],[141.35801,39.28824],[141.35232,39.29134],[141.35224,39.29277],[141.35073,39.29366],[141.3488,39.29732],[141.34665,39.29784],[141.34654,39.30559],[141.34876,39.30963],[141.35101,39.31205],[141.35055,39.31416],[141.347,39.31401],[141.34353,39.31737],[141.34338,39.31975],[141.33898,39.3216],[141.33658,39.32419],[141.33232,39.32736],[141.33172,39.32996],[141.32981,39.33358],[141.32824,39.3351],[141.32548,39.33541],[141.32389,39.33663],[141.32377,39.34283],[141.32511,39.34469],[141.32859,39.34439],[141.33205,39.34595],[141.33227,39.34717],[141.33049,39.34826],[141.32871,39.34816],[141.3265,39.34905],[141.32622,39.35036],[141.32834,39.35238],[141.32759,39.35588],[141.32602,39.3569],[141.32324,39.3572],[141.31989,39.35402],[141.3185,39.35356],[141.31404,39.35446],[141.30984,39.35324],[141.30783,39.35443],[141.30778,39.35785],[141.30671,39.35912],[141.29965,39.36189],[141.29985,39.36626],[141.30118,39.36943],[141.30017,39.37152],[141.30111,39.37308],[141.30031,39.37551],[141.30064,39.37723],[141.30235,39.3802],[141.30186,39.38343],[141.30232,39.38438],[141.30485,39.38362],[141.3075,39.38542],[141.30661,39.38829],[141.30658,39.3903],[141.31001,39.39115],[141.31416,39.39463],[141.31181,39.39796],[141.31156,39.4009],[141.31037,39.40203],[141.31534,39.40378],[141.31728,39.40623],[141.31739,39.40947],[141.32172,39.41277],[141.32238,39.41564],[141.32708,39.41719],[141.32806,39.41833],[141.33106,39.41941],[141.33378,39.41862],[141.33539,39.41878],[141.33809,39.41726],[141.34224,39.41708],[141.34656,39.41821],[141.34989,39.4198],[141.35114,39.42104],[141.3572,39.42293],[141.36113,39.42718],[141.36745,39.43049],[141.37412,39.43031],[141.37751,39.4312],[141.38076,39.43051],[141.3852,39.43232],[141.38551,39.43417],[141.38718,39.4357],[141.38824,39.43794],[141.38868,39.44225],[141.3884,39.44354],[141.39209,39.44628],[141.39581,39.44829],[141.39914,39.44862],[141.40227,39.44714],[141.40599,39.45106],[141.40956,39.45352],[141.41126,39.45384],[141.41469,39.45316],[141.41716,39.45423],[141.42022,39.45764],[141.42017,39.46012],[141.4245,39.46308],[141.42474,39.46408],[141.43186,39.46596],[141.43581,39.46495],[141.43942,39.46679],[141.44,39.46818],[141.43748,39.47298],[141.43659,39.47871],[141.43426,39.48087],[141.43566,39.48282],[141.43732,39.48382],[141.43787,39.48763],[141.43565,39.49073],[141.43761,39.4928],[141.43676,39.49534],[141.43701,39.49763],[141.43896,39.49985],[141.44456,39.50249],[141.44604,39.50477],[141.44462,39.50831],[141.44646,39.5117],[141.4452,39.51264],[141.44857,39.51858],[141.45528,39.52341],[141.45708,39.52374],[141.45882,39.5251],[141.462,39.5262],[141.46475,39.52792],[141.46774,39.52889],[141.47292,39.53161],[141.47612,39.53152],[141.48141,39.53278],[141.48671,39.5329],[141.48923,39.53165],[141.49255,39.5314],[141.49575,39.53032],[141.48895,39.55835],[141.48314,39.55768],[141.47323,39.55929],[141.47086,39.55853],[141.46219,39.55832],[141.45869,39.55769],[141.45264,39.5588],[141.45057,39.55837],[141.44863,39.55725],[141.44498,39.55646],[141.43993,39.55648],[141.43731,39.555],[141.43212,39.55409],[141.42883,39.55463],[141.42834,39.55618],[141.42665,39.55732],[141.42432,39.56088],[141.42155,39.5632],[141.41988,39.56373],[141.41959,39.5646],[141.41717,39.56642],[141.41424,39.57058],[141.41369,39.5725],[141.40969,39.57509],[141.40342,39.57697],[141.40024,39.57702],[141.39671,39.57608],[141.39039,39.57561],[141.38915,39.57589],[141.3857,39.57442],[141.38274,39.57384],[141.37975,39.57447],[141.37546,39.57429],[141.37109,39.5758],[141.36873,39.57411],[141.36397,39.57271],[141.36188,39.57362],[141.35843,39.57074],[141.35481,39.56958],[141.35242,39.56747],[141.3497,39.56825],[141.34679,39.56796],[141.34412,39.56924],[141.34267,39.56831],[141.33692,39.56672],[141.33293,39.56705],[141.33167,39.56895],[141.32486,39.57108],[141.32183,39.57313],[141.32161,39.57481],[141.31862,39.57499],[141.31635,39.57337],[141.31456,39.57284],[141.31367,39.57169],[141.30927,39.57154],[141.30505,39.57219]]]}},{"type":"Feature","properties":{"code":"03206","name":"北上市","pref":"岩手県","pref_code":"03","cx":140.972,"cy":39.32781,"bbox":[140.81701,39.17441,141.25412,39.48122]},"geometry":{"type":"Polygon","coordinates":[[[140.88436,39.48015],[140.88164,39.48034],[140.88032,39.48122],[140.87915,39.47978],[140.8796,39.47858],[140.87704,39.4769],[140.87691,39.47518],[140.87305,39.47053],[140.87126,39.46421],[140.87182,39.46219],[140.87007,39.46034],[140.86692,39.45922],[140.86587,39.45835],[140.86669,39.45685],[140.86571,39.45545],[140.86657,39.45354],[140.86785,39.45347],[140.8692,39.45169],[140.86842,39.45005],[140.86656,39.44929],[140.86605,39.4479],[140.86305,39.44676],[140.86187,39.44423],[140.8604,39.44333],[140.86205,39.44124],[140.85557,39.43903],[140.85421,39.43551],[140.84964,39.43222],[140.84763,39.43309],[140.84813,39.43456],[140.84523,39.43607],[140.84405,39.43933],[140.84248,39.43944],[140.83958,39.4373],[140.83755,39.43763],[140.83568,39.43526],[140.83297,39.43405],[140.83285,39.43314],[140.82963,39.43287],[140.82918,39.43149],[140.82667,39.43111],[140.82478,39.43158],[140.82379,39.43007],[140.82812,39.42761],[140.82797,39.42546],[140.82588,39.42457],[140.82423,39.42196],[140.82388,39.42005],[140.81702,39.41822],[140.81788,39.4147],[140.81701,39.41315],[140.81883,39.4129],[140.8194,39.41119],[140.82087,39.41134],[140.82311,39.40973],[140.8227,39.40788],[140.8258,39.40364],[140.82885,39.40232],[140.83184,39.40294],[140.83699,39.4026],[140.83826,39.40214],[140.83932,39.40022],[140.84081,39.39948],[140.84199,39.39677],[140.84454,39.39505],[140.84771,39.39445],[140.84458,39.39087],[140.84437,39.38927],[140.84318,39.38791],[140.84389,39.38603],[140.84546,39.38445],[140.84544,39.38179],[140.84851,39.38098],[140.8515,39.3779],[140.8545,39.37904],[140.85684,39.37686],[140.85905,39.37572],[140.85893,39.37318],[140.85772,39.37136],[140.85875,39.37023],[140.8591,39.36816],[140.85815,39.36614],[140.86064,39.36421],[140.86292,39.36319],[140.86548,39.36288],[140.86976,39.35983],[140.87236,39.3573],[140.87324,39.35384],[140.8735,39.34997],[140.87293,39.34793],[140.87442,39.3453],[140.87275,39.34249],[140.87443,39.33734],[140.87948,39.33488],[140.88289,39.33242],[140.88601,39.32828],[140.88779,39.32794],[140.88835,39.32442],[140.88744,39.32354],[140.89024,39.32073],[140.89213,39.31713],[140.89452,39.3154],[140.89519,39.31316],[140.89472,39.30994],[140.89571,39.30419],[140.89124,39.30359],[140.88868,39.30202],[140.89279,39.29459],[140.89336,39.29101],[140.89463,39.29001],[140.89719,39.28655],[140.89778,39.28441],[140.8972,39.28333],[140.89298,39.28189],[140.89266,39.27917],[140.8909,39.27799],[140.88855,39.27525],[140.8883,39.27406],[140.88609,39.27195],[140.88541,39.27041],[140.8856,39.26801],[140.88737,39.26598],[140.8851,39.26498],[140.88165,39.26489],[140.8792,39.26243],[140.87696,39.26237],[140.87691,39.261],[140.87914,39.25911],[140.87832,39.25714],[140.87895,39.25604],[140.87684,39.25344],[140.87702,39.25262],[140.88109,39.2502],[140.88298,39.25049],[140.88509,39.24834],[140.88557,39.24503],[140.88778,39.24393],[140.89002,39.24163],[140.88906,39.23925],[140.88973,39.23773],[140.88741,39.23195],[140.88666,39.23136],[140.88214,39.23021],[140.87981,39.22685],[140.87465,39.22338],[140.87282,39.22132],[140.86585,39.21853],[140.86436,39.21505],[140.86127,39.21329],[140.85798,39.21293],[140.8546,39.21032],[140.85465,39.20796],[140.85586,39.20316],[140.85922,39.20237],[140.85984,39.19995],[140.85568,39.19684],[140.85585,39.19582],[140.85424,39.19196],[140.85533,39.1907],[140.85581,39.18589],[140.85649,39.18538],[140.85615,39.18253],[140.85661,39.17886],[140.85826,39.17635],[140.86318,39.1763],[140.86555,39.17536],[140.87176,39.17528],[140.87353,39.17441],[140.87866,39.17562],[140.88044,39.1756],[140.88131,39.17837],[140.88308,39.17944],[140.88635,39.18001],[140.88686,39.18076],[140.89069,39.18169],[140.89253,39.18332],[140.89293,39.18614],[140.89664,39.1873],[140.89772,39.18973],[140.90174,39.19178],[140.90207,39.19309],[140.9073,39.19252],[140.90827,39.19486],[140.91118,39.1946],[140.91892,39.19512],[140.91989,39.19583],[140.91949,39.20062],[140.92181,39.20111],[140.92363,39.20304],[140.92395,39.20483],[140.92556,39.20612],[140.92577,39.20761],[140.9271,39.20911],[140.9269,39.21091],[140.9279,39.21402],[140.93008,39.21732],[140.93452,39.22045],[140.93327,39.22349],[140.9335,39.22426],[140.94046,39.22519],[140.94163,39.22633],[140.94278,39.23025],[140.94448,39.23196],[140.95095,39.23119],[140.95179,39.23335],[140.95385,39.23426],[140.9571,39.23343],[140.96035,39.23069],[140.96113,39.23278],[140.96341,39.2328],[140.96609,39.23451],[140.97527,39.23544],[140.97648,39.23601],[140.98475,39.23578],[140.9884,39.23733],[140.99762,39.23792],[141.00545,39.24162],[141.01112,39.2428],[141.01402,39.24515],[141.0319,39.25495],[141.03225,39.25243],[141.03621,39.25201],[141.03624,39.24979],[141.04014,39.2498],[141.04001,39.25536],[141.04331,39.25635],[141.04657,39.25636],[141.04654,39.25723],[141.05034,39.25811],[141.05189,39.25915],[141.05686,39.2569],[141.05485,39.25539],[141.052,39.25533],[141.05244,39.25228],[141.05195,39.25055],[141.05522,39.25016],[141.06028,39.25084],[141.06076,39.24952],[141.0709,39.24951],[141.07448,39.24894],[141.07696,39.2473],[141.07543,39.24571],[141.07403,39.24209],[141.07725,39.24232],[141.07762,39.2398],[141.08282,39.23754],[141.08507,39.23355],[141.08542,39.23154],[141.09153,39.23052],[141.09281,39.22866],[141.0965,39.22935],[141.09959,39.23059],[141.10064,39.22999],[141.10365,39.22986],[141.10382,39.23119],[141.11149,39.23565],[141.11933,39.23707],[141.11963,39.23633],[141.12755,39.23867],[141.12818,39.23748],[141.13349,39.23896],[141.1343,39.24017],[141.14346,39.24185],[141.14497,39.24372],[141.1425,39.24806],[141.14179,39.2503],[141.145,39.25185],[141.14803,39.25188],[141.14987,39.25348],[141.14942,39.25489],[141.15082,39.25578],[141.154,39.25483],[141.15623,39.25489],[141.16001,39.25347],[141.16153,39.25168],[141.16617,39.25488],[141.1666,39.25828],[141.16616,39.25894],[141.16787,39.26066],[141.16753,39.26189],[141.16945,39.267],[141.17166,39.26899],[141.17278,39.26862],[141.17485,39.27021],[141.17767,39.26981],[141.18007,39.2715],[141.18191,39.27142],[141.18488,39.27216],[141.18784,39.27186],[141.18751,39.27334],[141.18921,39.27569],[141.19131,39.27607],[141.19358,39.2756],[141.19552,39.27412],[141.19697,39.27441],[141.20039,39.27305],[141.20168,39.27097],[141.20681,39.26856],[141.20783,39.267],[141.2113,39.26535],[141.21218,39.26434],[141.22362,39.2617],[141.22578,39.26257],[141.22646,39.26473],[141.22979,39.26654],[141.2329,39.26614],[141.23726,39.26668],[141.24423,39.26917],[141.2484,39.2699],[141.25399,39.27185],[141.25412,39.27331],[141.24911,39.2793],[141.25021,39.28144],[141.24757,39.28398],[141.24667,39.2857],[141.2449,39.28579],[141.2442,39.28929],[141.24261,39.29127],[141.24084,39.2914],[141.23756,39.29354],[141.23869,39.29606],[141.24053,39.29759],[141.24052,39.29873],[141.23826,39.29937],[141.23676,39.3008],[141.23572,39.30299],[141.23738,39.30648],[141.23548,39.30655],[141.23553,39.30834],[141.23398,39.30962],[141.23391,39.31089],[141.23053,39.31111],[141.22457,39.31236],[141.22251,39.31148],[141.22068,39.30891],[141.21913,39.30896],[141.21536,39.30692],[141.21294,39.30763],[141.213,39.3096],[141.20925,39.31043],[141.20594,39.31337],[141.20538,39.31578],[141.20398,39.31632],[141.19968,39.31645],[141.19825,39.31774],[141.19443,39.31874],[141.1922,39.31989],[141.18886,39.31765],[141.18616,39.31728],[141.18489,39.3163],[141.18242,39.31627],[141.18056,39.31727],[141.18055,39.31939],[141.18155,39.32314],[141.18349,39.32331],[141.18904,39.32611],[141.18882,39.32734],[141.18697,39.32959],[141.1879,39.33115],[141.18608,39.33243],[141.18551,39.33382],[141.18636,39.33549],[141.18847,39.33665],[141.18867,39.3383],[141.19015,39.34028],[141.19116,39.34377],[141.19054,39.34532],[141.18879,39.34672],[141.18663,39.34739],[141.185,39.35315],[141.18232,39.35396],[141.18094,39.35561],[141.18065,39.35843],[141.17762,39.36084],[141.17778,39.36177],[141.18137,39.36393],[141.18282,39.36589],[141.18202,39.36664],[141.1782,39.36644],[141.17634,39.36412],[141.17632,39.36323],[141.17097,39.36032],[141.1695,39.36028],[141.16899,39.36219],[141.16979,39.36831],[141.16936,39.37029],[141.16769,39.37295],[141.16372,39.3725],[141.1615,39.37132],[141.16284,39.36831],[141.1653,39.36484],[141.166,39.36037],[141.16703,39.35838],[141.16666,39.35653],[141.16739,39.35544],[141.16574,39.35414],[141.15793,39.35455],[141.15728,39.35068],[141.15531,39.35104],[141.15578,39.3533],[141.15195,39.35335],[141.15115,39.35397],[141.14865,39.35306],[141.14434,39.35321],[141.14247,39.35194],[141.14176,39.34991],[141.12847,39.35039],[141.12595,39.35107],[141.12228,39.35061],[141.11564,39.3512],[141.11189,39.3533],[141.11139,39.35517],[141.1032,39.35829],[141.09926,39.35882],[141.09841,39.35808],[141.09313,39.36127],[141.09213,39.36291],[141.08849,39.36209],[141.08678,39.35911],[141.08228,39.36056],[141.08109,39.35839],[141.08104,39.35384],[141.07627,39.3546],[141.07573,39.35079],[141.0743,39.35044],[141.07028,39.35111],[141.06991,39.34671],[141.0629,39.34577],[141.06072,39.34459],[141.0572,39.34462],[141.05771,39.34269],[141.0566,39.34023],[141.05454,39.33979],[141.05525,39.33792],[141.05941,39.33474],[141.06104,39.33185],[141.06032,39.33041],[141.06239,39.32808],[141.06079,39.32585],[141.05828,39.32769],[141.05646,39.3276],[141.05436,39.32929],[141.05175,39.33035],[141.04818,39.33269],[141.04645,39.33495],[141.0418,39.3376],[141.04115,39.3364],[141.03766,39.33755],[141.03599,39.33911],[141.02874,39.33777],[141.02124,39.3418],[141.01725,39.34253],[141.0124,39.34168],[141.00901,39.34226],[141.00411,39.34472],[140.99482,39.34638],[140.98923,39.34935],[140.98071,39.35201],[140.97916,39.35539],[140.97659,39.35627],[140.97287,39.35855],[140.96961,39.35581],[140.96753,39.35653],[140.9655,39.35636],[140.96034,39.35793],[140.95877,39.35992],[140.95565,39.35955],[140.94888,39.36179],[140.93997,39.36152],[140.93888,39.35914],[140.93456,39.35892],[140.92935,39.36002],[140.92721,39.36314],[140.92335,39.36524],[140.9207,39.36471],[140.91634,39.36509],[140.91456,39.36664],[140.91253,39.37013],[140.91209,39.37335],[140.91108,39.3751],[140.91076,39.37795],[140.90888,39.38082],[140.91158,39.38282],[140.90976,39.38364],[140.90711,39.38646],[140.90649,39.38888],[140.90784,39.39131],[140.90934,39.39265],[140.90986,39.39451],[140.90806,39.3957],[140.90803,39.39755],[140.90672,39.39868],[140.90736,39.4001],[140.90574,39.40098],[140.90249,39.40567],[140.9031,39.40881],[140.90241,39.41044],[140.90304,39.4142],[140.90463,39.41427],[140.9063,39.41724],[140.90785,39.41773],[140.90938,39.4195],[140.91083,39.41993],[140.90879,39.42391],[140.90906,39.4267],[140.9084,39.42932],[140.91012,39.43171],[140.90831,39.43428],[140.90641,39.43484],[140.90503,39.43686],[140.90493,39.43844],[140.90369,39.4391],[140.90397,39.44087],[140.90288,39.44204],[140.90231,39.44505],[140.90109,39.44615],[140.9018,39.44871],[140.90083,39.45088],[140.89777,39.45269],[140.89782,39.45413],[140.89933,39.45504],[140.90125,39.45867],[140.90192,39.46166],[140.90478,39.46264],[140.90663,39.46412],[140.90677,39.46587],[140.905,39.46668],[140.90383,39.46861],[140.90094,39.46843],[140.89754,39.46912],[140.89503,39.47113],[140.89293,39.47174],[140.8921,39.47296],[140.89036,39.47348],[140.8881,39.47247],[140.88723,39.47453],[140.88819,39.47617],[140.88792,39.47824],[140.88436,39.48015]]]}},{"type":"Feature","properties":{"code":"03207","name":"久慈市","pref":"岩手県","pref_code":"03","cx":141.67266,"cy":40.15128,"bbox":[141.45643,40.00815,141.87585,40.29586]},"geometry":{"type":"Polygon","coordinates":[[[141.7571,40.03177],[141.75589,40.03441],[141.75766,40.03583],[141.75769,40.03725],[141.75885,40.03919],[141.7566,40.04003],[141.75832,40.04164],[141.7597,40.04544],[141.75768,40.04831],[141.75383,40.04882],[141.74979,40.0506],[141.74769,40.05209],[141.74563,40.05613],[141.746,40.05775],[141.74219,40.05873],[141.74103,40.05966],[141.73868,40.06302],[141.73769,40.06581],[141.73881,40.0687],[141.73881,40.07007],[141.73695,40.07034],[141.73471,40.07393],[141.73425,40.07854],[141.73365,40.08035],[141.73697,40.0849],[141.73855,40.08924],[141.74045,40.09085],[141.74036,40.09264],[141.74271,40.09317],[141.74484,40.09552],[141.74934,40.09888],[141.75163,40.09896],[141.75326,40.10081],[141.75527,40.10035],[141.75847,40.10229],[141.75948,40.1035],[141.75937,40.10498],[141.76083,40.10689],[141.76311,40.10673],[141.76418,40.10917],[141.76571,40.10956],[141.76733,40.11163],[141.76842,40.11184],[141.77101,40.11392],[141.77194,40.11298],[141.77196,40.11075],[141.7776,40.10973],[141.78116,40.10999],[141.78394,40.11135],[141.78582,40.11427],[141.78561,40.11666],[141.78981,40.11875],[141.7904,40.11976],[141.79397,40.11938],[141.79504,40.11822],[141.80009,40.11749],[141.80177,40.11875],[141.80979,40.11649],[141.81267,40.11847],[141.8139,40.11721],[141.81694,40.11568],[141.81595,40.11877],[141.81621,40.12177],[141.81555,40.12366],[141.81579,40.12588],[141.81734,40.12898],[141.81744,40.13039],[141.82092,40.13405],[141.82086,40.13558],[141.82347,40.13628],[141.82787,40.13512],[141.83132,40.13575],[141.83274,40.1339],[141.83768,40.13329],[141.83826,40.13251],[141.84187,40.13141],[141.84267,40.13066],[141.84535,40.1331],[141.8487,40.13478],[141.84936,40.13398],[141.85173,40.13433],[141.85643,40.13289],[141.85714,40.13202],[141.86279,40.13202],[141.86721,40.1344],[141.87047,40.13462],[141.87187,40.13564],[141.87585,40.14346],[141.87328,40.14458],[141.87059,40.14846],[141.86941,40.15213],[141.86804,40.15233],[141.86457,40.15507],[141.86464,40.15669],[141.86226,40.15816],[141.86234,40.16075],[141.86009,40.16155],[141.86013,40.164],[141.85508,40.16658],[141.85256,40.16864],[141.84663,40.1685],[141.84625,40.17033],[141.84084,40.1725],[141.83605,40.17569],[141.83465,40.17756],[141.83262,40.17788],[141.83129,40.17902],[141.82866,40.17869],[141.82335,40.18035],[141.81863,40.17929],[141.81485,40.18154],[141.81534,40.18256],[141.81038,40.18313],[141.80731,40.18281],[141.80669,40.1835],[141.80368,40.18299],[141.80165,40.18422],[141.79851,40.18978],[141.7944,40.19026],[141.7936,40.19503],[141.79571,40.19515],[141.79588,40.1934],[141.79719,40.19154],[141.80046,40.19054],[141.80323,40.19382],[141.80159,40.19452],[141.80164,40.19722],[141.80569,40.19717],[141.80572,40.19898],[141.79972,40.19871],[141.79866,40.2017],[141.79927,40.20468],[141.80114,40.20898],[141.80452,40.21122],[141.80745,40.21537],[141.81257,40.21224],[141.81441,40.214],[141.8112,40.21597],[141.81413,40.21878],[141.81551,40.21793],[141.81957,40.22142],[141.82722,40.22025],[141.83081,40.22087],[141.83297,40.2197],[141.83362,40.22108],[141.83153,40.22174],[141.83139,40.22463],[141.83019,40.22796],[141.83134,40.22915],[141.83065,40.23078],[141.83211,40.23379],[141.82971,40.23809],[141.82949,40.23943],[141.82728,40.24072],[141.8265,40.24341],[141.8247,40.2452],[141.8227,40.24609],[141.82421,40.25041],[141.82111,40.25353],[141.81871,40.25957],[141.8203,40.26269],[141.81728,40.26518],[141.81593,40.26937],[141.81613,40.2718],[141.81198,40.27495],[141.81064,40.27775],[141.80911,40.2784],[141.80808,40.28129],[141.80546,40.28363],[141.80614,40.28421],[141.8045,40.28607],[141.80263,40.28668],[141.80154,40.28823],[141.79888,40.29022],[141.79921,40.29141],[141.79779,40.29366],[141.79433,40.29583],[141.79305,40.29514],[141.78943,40.29586],[141.78988,40.29465],[141.78796,40.29302],[141.78948,40.29189],[141.78627,40.29141],[141.78426,40.29028],[141.78286,40.29069],[141.78051,40.29006],[141.78012,40.28774],[141.77882,40.28512],[141.77986,40.28257],[141.7786,40.28115],[141.77483,40.27995],[141.77624,40.27762],[141.76982,40.27729],[141.76977,40.27459],[141.76433,40.27542],[141.76418,40.27367],[141.76726,40.27243],[141.76643,40.27133],[141.76405,40.27269],[141.76111,40.27295],[141.75824,40.27416],[141.75367,40.2742],[141.74901,40.27273],[141.74215,40.27519],[141.74141,40.27368],[141.73905,40.27326],[141.73839,40.27455],[141.73644,40.2742],[141.73236,40.27035],[141.73437,40.26896],[141.73393,40.26706],[141.73078,40.2642],[141.7298,40.26402],[141.72786,40.2577],[141.72672,40.25694],[141.72663,40.25492],[141.72752,40.25302],[141.72909,40.25231],[141.72754,40.25035],[141.72559,40.24962],[141.72295,40.24758],[141.72774,40.24454],[141.72914,40.24297],[141.72381,40.24367],[141.71786,40.24289],[141.71509,40.24195],[141.70801,40.2422],[141.69877,40.24115],[141.6935,40.24115],[141.68835,40.24223],[141.68117,40.24014],[141.67678,40.2398],[141.67706,40.23589],[141.67667,40.23377],[141.68236,40.22895],[141.68263,40.2276],[141.68141,40.22495],[141.68206,40.22305],[141.68655,40.21845],[141.68238,40.21894],[141.67072,40.21735],[141.6689,40.21765],[141.66438,40.21614],[141.65955,40.21637],[141.65655,40.21467],[141.65356,40.21477],[141.65138,40.21392],[141.64843,40.21475],[141.64651,40.21394],[141.64525,40.21488],[141.64248,40.21483],[141.63968,40.21626],[141.63835,40.21578],[141.63194,40.21626],[141.62972,40.21837],[141.62588,40.21809],[141.62143,40.21843],[141.61973,40.21758],[141.61714,40.21866],[141.61606,40.22063],[141.61743,40.22216],[141.61344,40.22377],[141.6123,40.22319],[141.60638,40.22485],[141.6061,40.22563],[141.60329,40.22543],[141.6006,40.2239],[141.5999,40.22565],[141.59654,40.22746],[141.59376,40.22778],[141.5912,40.22927],[141.58869,40.23179],[141.5857,40.23167],[141.58426,40.23295],[141.58145,40.23222],[141.57846,40.23284],[141.57537,40.22854],[141.57294,40.22848],[141.57,40.23099],[141.56634,40.23161],[141.56463,40.23006],[141.56246,40.23021],[141.55861,40.23128],[141.55669,40.2334],[141.55272,40.23266],[141.55111,40.23364],[141.54719,40.23285],[141.5465,40.23109],[141.5445,40.23062],[141.54301,40.22947],[141.53913,40.22984],[141.53671,40.228],[141.53355,40.22748],[141.53233,40.22868],[141.52793,40.23127],[141.52635,40.23332],[141.52393,40.23363],[141.52273,40.2347],[141.52101,40.23359],[141.52077,40.23188],[141.51919,40.23037],[141.51812,40.228],[141.51862,40.22568],[141.51719,40.22345],[141.5164,40.22083],[141.51242,40.22211],[141.50708,40.22123],[141.50693,40.21944],[141.50248,40.21635],[141.50453,40.21504],[141.50221,40.21105],[141.50233,40.20968],[141.4995,40.20922],[141.49169,40.2062],[141.49266,40.2038],[141.49184,40.20195],[141.49311,40.20148],[141.49433,40.19772],[141.49516,40.19669],[141.49292,40.19475],[141.49314,40.19306],[141.49042,40.19305],[141.48835,40.1913],[141.48564,40.19132],[141.48234,40.18919],[141.4851,40.18615],[141.48499,40.18468],[141.48631,40.18359],[141.48617,40.18204],[141.48757,40.17903],[141.48427,40.17484],[141.48253,40.17404],[141.48151,40.17137],[141.47971,40.1705],[141.47903,40.16813],[141.48012,40.16631],[141.4809,40.16322],[141.4784,40.16144],[141.47734,40.16007],[141.47839,40.15829],[141.47802,40.15709],[141.47577,40.15494],[141.47513,40.15336],[141.47584,40.15043],[141.47041,40.14257],[141.46907,40.14323],[141.46592,40.14303],[141.46407,40.14138],[141.46344,40.13801],[141.46094,40.13465],[141.45726,40.13608],[141.45643,40.13428],[141.457,40.13207],[141.45869,40.1292],[141.46064,40.12308],[141.46065,40.12185],[141.46223,40.11907],[141.46214,40.11688],[141.46537,40.1087],[141.46712,40.10625],[141.46932,40.1057],[141.47359,40.10638],[141.47605,40.10623],[141.48029,40.10383],[141.48374,40.10257],[141.48364,40.09899],[141.48308,40.09686],[141.48597,40.09304],[141.48643,40.09125],[141.48564,40.0893],[141.48647,40.08725],[141.49027,40.08693],[141.49341,40.08395],[141.49645,40.08281],[141.49659,40.07948],[141.49802,40.07792],[141.50222,40.07761],[141.50446,40.07939],[141.50635,40.07991],[141.50839,40.07889],[141.51299,40.07973],[141.51552,40.08131],[141.51771,40.0794],[141.51986,40.07616],[141.52154,40.07525],[141.52316,40.07547],[141.52517,40.07425],[141.52543,40.07083],[141.52622,40.06878],[141.52465,40.06786],[141.52596,40.0648],[141.52558,40.06176],[141.52621,40.06028],[141.525,40.05891],[141.52514,40.05627],[141.52779,40.05457],[141.5289,40.05059],[141.53064,40.04806],[141.53255,40.04656],[141.53577,40.04655],[141.54006,40.04811],[141.54469,40.04827],[141.54967,40.04732],[141.55323,40.04541],[141.55734,40.04548],[141.5614,40.04403],[141.56341,40.04497],[141.56417,40.0461],[141.56763,40.04686],[141.56891,40.04664],[141.57003,40.04479],[141.57889,40.04106],[141.58083,40.04122],[141.58316,40.03945],[141.58744,40.03455],[141.58926,40.03195],[141.58956,40.03036],[141.59213,40.02927],[141.59361,40.02757],[141.59729,40.02585],[141.59813,40.02464],[141.60275,40.02582],[141.60527,40.02594],[141.60897,40.02832],[141.61214,40.02884],[141.61651,40.02626],[141.61884,40.02626],[141.6229,40.02752],[141.62296,40.02519],[141.62523,40.02318],[141.62696,40.02278],[141.62955,40.02097],[141.63226,40.02033],[141.63462,40.01878],[141.63727,40.01834],[141.64081,40.01965],[141.64412,40.01988],[141.64617,40.01691],[141.64942,40.01434],[141.649,40.0111],[141.65452,40.00891],[141.65851,40.00815],[141.66084,40.00856],[141.66349,40.01055],[141.6706,40.01024],[141.67169,40.01071],[141.67618,40.01488],[141.68092,40.01491],[141.68398,40.01729],[141.69145,40.01815],[141.69472,40.01678],[141.69711,40.01212],[141.70331,40.01141],[141.70527,40.00884],[141.70994,40.0123],[141.71194,40.01461],[141.7146,40.0138],[141.71608,40.01439],[141.71714,40.01226],[141.71953,40.01215],[141.72075,40.01069],[141.72294,40.00995],[141.72663,40.01171],[141.72831,40.01167],[141.72851,40.0159],[141.73054,40.01587],[141.73377,40.01716],[141.73751,40.01622],[141.73912,40.01643],[141.7387,40.02166],[141.73942,40.02297],[141.74278,40.02421],[141.74368,40.02641],[141.7462,40.02767],[141.74673,40.0288],[141.74961,40.02883],[141.752,40.03044],[141.75373,40.03065],[141.75561,40.03184],[141.7571,40.03177]]]}},{"type":"Feature","properties":{"code":"03208","name":"遠野市","pref":"岩手県","pref_code":"03","cx":141.47871,"cy":39.37462,"bbox":[141.29965,39.19219,141.74642,39.55835]},"geometry":{"type":"Polygon","coordinates":[[[141.48895,39.55835],[141.49575,39.53032],[141.49255,39.5314],[141.48923,39.53165],[141.48671,39.5329],[141.48141,39.53278],[141.47612,39.53152],[141.47292,39.53161],[141.46774,39.52889],[141.46475,39.52792],[141.462,39.5262],[141.45882,39.5251],[141.45708,39.52374],[141.45528,39.52341],[141.44857,39.51858],[141.4452,39.51264],[141.44646,39.5117],[141.44462,39.50831],[141.44604,39.50477],[141.44456,39.50249],[141.43896,39.49985],[141.43701,39.49763],[141.43676,39.49534],[141.43761,39.4928],[141.43565,39.49073],[141.43787,39.48763],[141.43732,39.48382],[141.43566,39.48282],[141.43426,39.48087],[141.43659,39.47871],[141.43748,39.47298],[141.44,39.46818],[141.43942,39.46679],[141.43581,39.46495],[141.43186,39.46596],[141.42474,39.46408],[141.4245,39.46308],[141.42017,39.46012],[141.42022,39.45764],[141.41716,39.45423],[141.41469,39.45316],[141.41126,39.45384],[141.40956,39.45352],[141.40599,39.45106],[141.40227,39.44714],[141.39914,39.44862],[141.39581,39.44829],[141.39209,39.44628],[141.3884,39.44354],[141.38868,39.44225],[141.38824,39.43794],[141.38718,39.4357],[141.38551,39.43417],[141.3852,39.43232],[141.38076,39.43051],[141.37751,39.4312],[141.37412,39.43031],[141.36745,39.43049],[141.36113,39.42718],[141.3572,39.42293],[141.35114,39.42104],[141.34989,39.4198],[141.34656,39.41821],[141.34224,39.41708],[141.33809,39.41726],[141.33539,39.41878],[141.33378,39.41862],[141.33106,39.41941],[141.32806,39.41833],[141.32708,39.41719],[141.32238,39.41564],[141.32172,39.41277],[141.31739,39.40947],[141.31728,39.40623],[141.31534,39.40378],[141.31037,39.40203],[141.31156,39.4009],[141.31181,39.39796],[141.31416,39.39463],[141.31001,39.39115],[141.30658,39.3903],[141.30661,39.38829],[141.3075,39.38542],[141.30485,39.38362],[141.30232,39.38438],[141.30186,39.38343],[141.30235,39.3802],[141.30064,39.37723],[141.30031,39.37551],[141.30111,39.37308],[141.30017,39.37152],[141.30118,39.36943],[141.29985,39.36626],[141.29965,39.36189],[141.30671,39.35912],[141.30778,39.35785],[141.30783,39.35443],[141.30984,39.35324],[141.31404,39.35446],[141.3185,39.35356],[141.31989,39.35402],[141.32324,39.3572],[141.32602,39.3569],[141.32759,39.35588],[141.32834,39.35238],[141.32622,39.35036],[141.3265,39.34905],[141.32871,39.34816],[141.33049,39.34826],[141.33227,39.34717],[141.33205,39.34595],[141.32859,39.34439],[141.32511,39.34469],[141.32377,39.34283],[141.32389,39.33663],[141.32548,39.33541],[141.32824,39.3351],[141.32981,39.33358],[141.33172,39.32996],[141.33232,39.32736],[141.33658,39.32419],[141.33898,39.3216],[141.34338,39.31975],[141.34353,39.31737],[141.347,39.31401],[141.35055,39.31416],[141.35101,39.31205],[141.34876,39.30963],[141.34654,39.30559],[141.34665,39.29784],[141.3488,39.29732],[141.35073,39.29366],[141.35224,39.29277],[141.35232,39.29134],[141.35801,39.28824],[141.36056,39.28807],[141.3624,39.28644],[141.36464,39.28655],[141.36639,39.28545],[141.36819,39.28339],[141.36963,39.28285],[141.37001,39.28024],[141.37098,39.27793],[141.3698,39.27615],[141.3682,39.27097],[141.3668,39.27028],[141.3672,39.26884],[141.36185,39.26757],[141.36226,39.26629],[141.36134,39.26473],[141.36131,39.26273],[141.35723,39.26036],[141.35847,39.25876],[141.36326,39.25718],[141.36646,39.25531],[141.37026,39.2543],[141.37091,39.25313],[141.37353,39.25257],[141.37755,39.24972],[141.37914,39.24965],[141.38259,39.24665],[141.3823,39.24497],[141.38036,39.24331],[141.3803,39.24181],[141.382,39.2393],[141.38135,39.23636],[141.38306,39.235],[141.38558,39.23414],[141.38599,39.23137],[141.38814,39.22883],[141.38788,39.22772],[141.3899,39.22715],[141.39783,39.21585],[141.40299,39.20966],[141.40537,39.2044],[141.40662,39.20359],[141.4017,39.20116],[141.40699,39.20164],[141.4119,39.20043],[141.41398,39.19869],[141.42476,39.195],[141.42663,39.19546],[141.4337,39.19483],[141.43689,39.19383],[141.43888,39.1923],[141.44096,39.19219],[141.44409,39.20104],[141.44698,39.20111],[141.45238,39.19918],[141.4564,39.20003],[141.46152,39.20521],[141.46777,39.20842],[141.47217,39.20904],[141.47297,39.21051],[141.47917,39.20968],[141.47897,39.21205],[141.47579,39.215],[141.47697,39.21611],[141.47761,39.21816],[141.48066,39.22069],[141.48008,39.22321],[141.4806,39.22429],[141.48002,39.22665],[141.48203,39.2278],[141.47964,39.23081],[141.4778,39.23429],[141.4863,39.23613],[141.4875,39.23769],[141.49257,39.23956],[141.4965,39.23974],[141.50261,39.234],[141.50638,39.23685],[141.51038,39.23709],[141.512,39.23929],[141.51395,39.24084],[141.51639,39.24552],[141.51939,39.24653],[141.51951,39.24775],[141.52218,39.24825],[141.52389,39.24528],[141.52906,39.24519],[141.53169,39.24595],[141.53306,39.24461],[141.53649,39.24457],[141.541,39.24329],[141.54193,39.24565],[141.54431,39.24658],[141.54552,39.24899],[141.54696,39.25021],[141.55053,39.25106],[141.55237,39.25048],[141.5567,39.25274],[141.55707,39.25412],[141.55943,39.25669],[141.55977,39.2578],[141.56216,39.25983],[141.56572,39.25993],[141.56699,39.25916],[141.57044,39.2604],[141.57198,39.26045],[141.5745,39.25861],[141.5773,39.25807],[141.57724,39.25602],[141.57992,39.25409],[141.57919,39.25221],[141.58103,39.25043],[141.58281,39.25009],[141.58582,39.25046],[141.58579,39.24892],[141.58812,39.2466],[141.58992,39.24685],[141.59164,39.24511],[141.59427,39.24345],[141.59653,39.24462],[141.59718,39.24593],[141.59919,39.24621],[141.60094,39.24846],[141.60358,39.25054],[141.60339,39.2518],[141.60607,39.25214],[141.61096,39.25179],[141.61252,39.24945],[141.61537,39.24914],[141.61869,39.24973],[141.62097,39.2509],[141.62261,39.24878],[141.62778,39.24708],[141.62935,39.24749],[141.62968,39.24888],[141.63218,39.25077],[141.63521,39.25216],[141.63739,39.25069],[141.63901,39.25116],[141.64037,39.25014],[141.64302,39.24953],[141.64458,39.24755],[141.65461,39.24483],[141.65857,39.24312],[141.6618,39.24572],[141.66255,39.24839],[141.66217,39.25126],[141.66627,39.25313],[141.66896,39.25345],[141.67249,39.25272],[141.67837,39.2573],[141.67945,39.25996],[141.68375,39.25946],[141.68596,39.2607],[141.68751,39.26343],[141.6911,39.26626],[141.69354,39.26675],[141.69484,39.26625],[141.69745,39.26671],[141.69927,39.27129],[141.6993,39.27305],[141.69811,39.27434],[141.697,39.2774],[141.69409,39.27882],[141.69332,39.28083],[141.69144,39.28304],[141.69243,39.28621],[141.69012,39.28835],[141.6891,39.29156],[141.68381,39.2935],[141.68264,39.29525],[141.68352,39.29852],[141.68529,39.30164],[141.6874,39.30445],[141.68996,39.30589],[141.69146,39.30756],[141.69127,39.30909],[141.69521,39.31459],[141.69276,39.31622],[141.68914,39.31607],[141.68395,39.31682],[141.68107,39.31551],[141.67342,39.31656],[141.67063,39.31762],[141.66642,39.31773],[141.66388,39.32012],[141.66094,39.32149],[141.66358,39.3241],[141.66647,39.32503],[141.66644,39.32902],[141.66537,39.33238],[141.66261,39.33502],[141.66004,39.33963],[141.66092,39.34206],[141.66015,39.34631],[141.66076,39.34808],[141.66024,39.35025],[141.6608,39.35151],[141.65821,39.35203],[141.65775,39.35298],[141.6545,39.35471],[141.65439,39.35879],[141.65618,39.36223],[141.65687,39.36503],[141.65576,39.36599],[141.65537,39.36921],[141.65656,39.37053],[141.65582,39.37372],[141.65826,39.3759],[141.66101,39.37643],[141.66254,39.37745],[141.66203,39.38057],[141.66356,39.38287],[141.66348,39.38419],[141.66198,39.38674],[141.66395,39.38883],[141.66146,39.39102],[141.66345,39.39206],[141.66567,39.39439],[141.66897,39.3957],[141.6714,39.39833],[141.6706,39.39993],[141.6669,39.40116],[141.67009,39.405],[141.67256,39.40416],[141.67822,39.40588],[141.68149,39.40605],[141.68544,39.40693],[141.68796,39.40828],[141.68753,39.40971],[141.68943,39.41148],[141.69209,39.41248],[141.69905,39.41099],[141.70076,39.40976],[141.70436,39.41014],[141.70595,39.40742],[141.70816,39.40701],[141.71095,39.4091],[141.71537,39.40722],[141.71985,39.40628],[141.72306,39.40774],[141.72421,39.40902],[141.72825,39.40907],[141.73244,39.40797],[141.7337,39.4088],[141.73827,39.40954],[141.74157,39.41118],[141.74235,39.4133],[141.74446,39.41483],[141.74642,39.41715],[141.74256,39.41975],[141.7419,39.42285],[141.73635,39.42417],[141.7329,39.42648],[141.72925,39.42709],[141.72357,39.42636],[141.72054,39.42758],[141.71997,39.42916],[141.72344,39.4315],[141.72382,39.43396],[141.72055,39.43948],[141.72042,39.44405],[141.72084,39.44627],[141.71748,39.44623],[141.7143,39.44514],[141.70436,39.44428],[141.70183,39.44445],[141.69799,39.44347],[141.69122,39.44332],[141.68823,39.43996],[141.68541,39.43899],[141.68143,39.4389],[141.67928,39.43958],[141.67812,39.44166],[141.6771,39.44179],[141.67476,39.44378],[141.66896,39.44618],[141.66864,39.44822],[141.6631,39.4502],[141.66117,39.45164],[141.65937,39.45614],[141.65521,39.45643],[141.65241,39.45444],[141.65118,39.4515],[141.6469,39.45275],[141.64295,39.45504],[141.63657,39.45506],[141.63244,39.45747],[141.63208,39.45859],[141.63017,39.46034],[141.62992,39.46233],[141.6289,39.4638],[141.62884,39.46695],[141.6264,39.46743],[141.6246,39.46862],[141.62324,39.47131],[141.62157,39.47248],[141.61734,39.47319],[141.61531,39.47456],[141.61365,39.47653],[141.61125,39.47813],[141.60915,39.48077],[141.60914,39.48214],[141.61043,39.48375],[141.61054,39.48861],[141.60675,39.48881],[141.60139,39.48778],[141.59767,39.48848],[141.59849,39.49034],[141.59679,39.49321],[141.5954,39.49403],[141.59334,39.49818],[141.58991,39.4985],[141.58973,39.50092],[141.5838,39.50394],[141.58258,39.50543],[141.58,39.50608],[141.57698,39.50909],[141.57539,39.51256],[141.57216,39.5143],[141.57013,39.51339],[141.56719,39.51388],[141.5656,39.51478],[141.56484,39.5167],[141.55944,39.52077],[141.5523,39.52251],[141.55181,39.52558],[141.54873,39.52469],[141.54364,39.52499],[141.53808,39.52392],[141.53229,39.52518],[141.52858,39.52353],[141.52586,39.52486],[141.52313,39.52549],[141.52151,39.52661],[141.51871,39.52616],[141.5172,39.52888],[141.51119,39.5321],[141.50054,39.5362],[141.49914,39.53912],[141.49648,39.54137],[141.49618,39.5424],[141.49718,39.54449],[141.49588,39.54712],[141.49417,39.54837],[141.49427,39.55051],[141.49299,39.55268],[141.49266,39.55576],[141.49304,39.55731],[141.49123,39.55814],[141.48895,39.55835]]]}},{"type":"Feature","properties":{"code":"03209","name":"一関市","pref":"岩手県","pref_code":"03","cx":141.30532,"cy":38.95453,"bbox":[140.7639,38.74765,141.49396,39.16212]},"geometry":{"type":"Polygon","coordinates":[[[141.46273,39.10157],[141.45466,39.10371],[141.45125,39.10694],[141.44955,39.1062],[141.44673,39.10624],[141.44485,39.10748],[141.44302,39.10774],[141.43933,39.11045],[141.43406,39.11097],[141.43202,39.11073],[141.42547,39.10858],[141.42089,39.10948],[141.41882,39.10924],[141.41802,39.1081],[141.41413,39.1073],[141.41186,39.1094],[141.41024,39.11167],[141.40992,39.11319],[141.40804,39.11603],[141.40599,39.11693],[141.40572,39.11941],[141.40926,39.12176],[141.40996,39.12546],[141.40998,39.12881],[141.40853,39.12981],[141.40671,39.13394],[141.40674,39.13575],[141.40247,39.13866],[141.39727,39.13807],[141.39319,39.14072],[141.39039,39.145],[141.39023,39.1481],[141.39384,39.15186],[141.39422,39.15534],[141.39213,39.15842],[141.38931,39.16044],[141.38485,39.16212],[141.38336,39.1618],[141.38266,39.16016],[141.38336,39.15839],[141.38134,39.15677],[141.37998,39.15486],[141.38019,39.15268],[141.37816,39.15153],[141.37587,39.15155],[141.37479,39.14979],[141.37276,39.14952],[141.37151,39.14857],[141.36782,39.1494],[141.36684,39.15049],[141.36473,39.15128],[141.36072,39.14861],[141.3564,39.14747],[141.35623,39.14619],[141.35306,39.14077],[141.35328,39.13926],[141.35668,39.13481],[141.35559,39.13148],[141.35489,39.13098],[141.35051,39.13098],[141.34439,39.13446],[141.34047,39.1388],[141.33544,39.1379],[141.33145,39.13617],[141.33029,39.134],[141.32698,39.13206],[141.32428,39.13171],[141.31947,39.13217],[141.31576,39.1315],[141.3122,39.13255],[141.3099,39.1327],[141.30465,39.13174],[141.30244,39.13208],[141.30339,39.1259],[141.30263,39.12425],[141.30382,39.12219],[141.30386,39.12047],[141.30161,39.12033],[141.30208,39.11884],[141.30509,39.11687],[141.30611,39.11439],[141.30549,39.11272],[141.30268,39.10986],[141.30447,39.10825],[141.3032,39.10629],[141.30309,39.10217],[141.30573,39.0999],[141.30672,39.09568],[141.30881,39.09228],[141.30998,39.09177],[141.31329,39.08683],[141.31409,39.08322],[141.31038,39.08258],[141.30882,39.08312],[141.30443,39.08268],[141.29658,39.084],[141.29372,39.08637],[141.29093,39.08643],[141.28885,39.08723],[141.28866,39.08915],[141.28724,39.08999],[141.2836,39.08998],[141.28198,39.08924],[141.2779,39.08984],[141.27521,39.0923],[141.27296,39.09141],[141.26939,39.09091],[141.2675,39.08881],[141.26741,39.08759],[141.26515,39.08678],[141.26221,39.08485],[141.26002,39.0808],[141.25717,39.08132],[141.25638,39.08218],[141.25378,39.0824],[141.25283,39.08155],[141.25242,39.0768],[141.25118,39.07453],[141.24953,39.07427],[141.25059,39.07135],[141.24923,39.07051],[141.24327,39.07068],[141.24149,39.06612],[141.23995,39.06526],[141.23988,39.06361],[141.23751,39.06286],[141.23666,39.06193],[141.2286,39.06231],[141.22659,39.06121],[141.22659,39.0598],[141.22449,39.05803],[141.22203,39.05931],[141.21819,39.05871],[141.21489,39.05686],[141.21528,39.0556],[141.21298,39.05285],[141.2097,39.05313],[141.20784,39.05206],[141.20681,39.05055],[141.20715,39.04944],[141.20491,39.04459],[141.20546,39.04233],[141.2066,39.0405],[141.20581,39.03984],[141.20363,39.04078],[141.2003,39.04035],[141.19846,39.03913],[141.19932,39.03765],[141.20205,39.03623],[141.20466,39.03367],[141.20404,39.03207],[141.2012,39.03237],[141.20024,39.03114],[141.19782,39.02968],[141.1948,39.02968],[141.18421,39.02702],[141.18428,39.02391],[141.18171,39.02011],[141.17899,39.01987],[141.17752,39.01843],[141.18132,39.01543],[141.18421,39.01209],[141.18405,39.01042],[141.18622,39.00873],[141.18847,39.00428],[141.19048,39.00326],[141.19211,39.00018],[141.1907,38.99841],[141.18901,38.99787],[141.18811,38.99593],[141.18571,38.99503],[141.18497,38.99385],[141.18605,38.99277],[141.18354,38.98647],[141.17894,38.98719],[141.17399,38.98515],[141.16256,38.98387],[141.1628,38.98159],[141.16141,38.98145],[141.15849,38.97995],[141.15461,38.97588],[141.15148,38.97702],[141.14869,38.98006],[141.14734,38.98007],[141.13953,38.97771],[141.14055,38.97566],[141.13832,38.9741],[141.1351,38.97329],[141.13595,38.97113],[141.13138,38.97002],[141.13179,38.96894],[141.12736,38.96791],[141.12824,38.96428],[141.12914,38.96333],[141.13062,38.95933],[141.12781,38.95736],[141.12281,38.9566],[141.12116,38.95708],[141.10981,38.94969],[141.1072,38.95088],[141.10759,38.95372],[141.1086,38.95683],[141.11224,38.95862],[141.11295,38.96035],[141.11297,38.96277],[141.11135,38.96373],[141.11214,38.9675],[141.10965,38.96881],[141.10652,38.96833],[141.10481,38.96591],[141.10262,38.96464],[141.10126,38.96503],[141.09807,38.96768],[141.09531,38.96832],[141.09218,38.96691],[141.09095,38.96539],[141.08847,38.96493],[141.08531,38.96291],[141.08296,38.96377],[141.07942,38.96285],[141.07817,38.96199],[141.07626,38.96207],[141.07271,38.96068],[141.07037,38.96118],[141.06949,38.96337],[141.06779,38.96455],[141.06492,38.96416],[141.06343,38.96263],[141.06225,38.95934],[141.06068,38.96127],[141.05728,38.96303],[141.0567,38.96537],[141.05197,38.9665],[141.05029,38.96589],[141.0458,38.96773],[141.04316,38.9674],[141.04143,38.96787],[141.03983,38.96734],[141.03628,38.96823],[141.02926,38.96777],[141.02831,38.96921],[141.0269,38.9695],[141.02328,38.97248],[141.02077,38.9733],[141.01595,38.97307],[141.01487,38.97538],[141.01369,38.97623],[141.01415,38.97785],[141.01329,38.97962],[141.01107,38.97938],[141.00939,38.98072],[141.01024,38.9821],[141.00832,38.9829],[141.00646,38.98528],[141.00225,38.98752],[140.99732,38.98737],[140.99403,38.98847],[140.99264,38.98945],[140.99069,38.98778],[140.98811,38.98851],[140.9878,38.99083],[140.98535,38.99229],[140.98695,38.99354],[140.98368,38.99689],[140.9828,38.99662],[140.97964,38.9976],[140.97836,38.99723],[140.97734,38.99468],[140.9718,38.99515],[140.96319,38.99721],[140.96165,38.99649],[140.95763,38.99669],[140.95516,38.99476],[140.95193,38.99422],[140.95021,38.99482],[140.94818,38.99342],[140.94459,38.99264],[140.94293,38.99302],[140.93982,38.99273],[140.93206,38.99078],[140.93035,38.99249],[140.92755,38.99243],[140.92371,38.99357],[140.92049,38.99538],[140.92019,38.99768],[140.91939,38.99864],[140.91967,39.00132],[140.91691,39.0047],[140.91594,39.00757],[140.91749,39.01004],[140.9173,39.0139],[140.91779,39.01501],[140.91155,39.02202],[140.90848,39.02404],[140.90758,39.02623],[140.9076,39.02821],[140.90877,39.02872],[140.90818,39.03083],[140.90651,39.03246],[140.90561,39.03454],[140.90655,39.0369],[140.90587,39.03813],[140.90113,39.04193],[140.9009,39.04599],[140.89727,39.04729],[140.89686,39.04934],[140.89509,39.04976],[140.89294,39.04929],[140.89073,39.04697],[140.88878,39.04723],[140.88669,39.04589],[140.8844,39.04523],[140.88302,39.04413],[140.87852,39.04522],[140.87697,39.04488],[140.87572,39.04289],[140.87033,39.04341],[140.86493,39.04652],[140.86346,39.04485],[140.86089,39.04402],[140.86206,39.04132],[140.86225,39.03937],[140.85549,39.0383],[140.85378,39.03626],[140.85095,39.03575],[140.84847,39.02932],[140.84576,39.02848],[140.84301,39.02609],[140.84251,39.02115],[140.83933,39.02104],[140.8348,39.02168],[140.8312,39.0234],[140.82493,39.01996],[140.82276,39.0204],[140.81835,39.01884],[140.81696,39.0176],[140.81506,39.01703],[140.81305,39.01519],[140.80931,39.01432],[140.80606,39.01426],[140.80444,39.0152],[140.80182,39.01563],[140.79883,39.01546],[140.79704,39.01605],[140.79239,39.01516],[140.78785,39.01738],[140.78493,39.01971],[140.78346,39.01638],[140.77998,39.01441],[140.78037,39.01291],[140.77885,39.00839],[140.7742,39.00518],[140.7687,39.00347],[140.76848,39.00112],[140.76441,39.00037],[140.7645,38.99696],[140.76691,38.99585],[140.7679,38.99471],[140.76701,38.99178],[140.7639,38.9894],[140.76479,38.98752],[140.76449,38.98565],[140.76589,38.98408],[140.76806,38.98293],[140.76911,38.98145],[140.77015,38.9762],[140.7737,38.9727],[140.77496,38.97042],[140.77475,38.96899],[140.77231,38.96704],[140.77225,38.9635],[140.77463,38.96116],[140.77359,38.95808],[140.77627,38.95898],[140.78217,38.95821],[140.78659,38.96054],[140.79066,38.96181],[140.79404,38.964],[140.79899,38.96293],[140.80029,38.96194],[140.80506,38.96332],[140.80748,38.96292],[140.80987,38.96338],[140.81132,38.96459],[140.81879,38.96366],[140.82406,38.96412],[140.82894,38.96171],[140.83436,38.9582],[140.83708,38.9578],[140.84069,38.95058],[140.84368,38.94884],[140.84872,38.94738],[140.85552,38.9432],[140.85791,38.94306],[140.86173,38.94164],[140.86441,38.94141],[140.86633,38.93953],[140.86915,38.93822],[140.87199,38.93539],[140.87297,38.93495],[140.874,38.93231],[140.87573,38.93099],[140.88145,38.92955],[140.8817,38.92787],[140.88543,38.92703],[140.88666,38.92888],[140.8877,38.92897],[140.89319,38.92743],[140.89819,38.92801],[140.90011,38.92891],[140.90265,38.92927],[140.90542,38.9286],[140.90655,38.92756],[140.91037,38.92744],[140.91279,38.92504],[140.91235,38.92395],[140.91345,38.92243],[140.91294,38.92051],[140.9151,38.92041],[140.9144,38.91758],[140.91634,38.91622],[140.92039,38.91622],[140.92216,38.91434],[140.92237,38.91833],[140.92469,38.92089],[140.92654,38.92141],[140.92822,38.92066],[140.93139,38.92041],[140.93074,38.91781],[140.93421,38.91626],[140.93438,38.9153],[140.93784,38.91488],[140.93905,38.91615],[140.94343,38.91502],[140.94559,38.91162],[140.94719,38.91007],[140.94925,38.91107],[140.9519,38.90927],[140.95479,38.90935],[140.96152,38.90573],[140.96176,38.90249],[140.96445,38.90216],[140.96653,38.90041],[140.9661,38.89867],[140.96961,38.8951],[140.97084,38.89491],[140.97136,38.89219],[140.97254,38.89047],[140.97062,38.88801],[140.97177,38.88738],[140.97449,38.88725],[140.97538,38.88595],[140.97728,38.88565],[140.97767,38.88394],[140.97996,38.8837],[140.98077,38.88141],[140.98446,38.87993],[140.98266,38.8792],[140.9843,38.87619],[140.98548,38.87528],[140.98733,38.87525],[140.98981,38.87432],[140.99388,38.87681],[140.99505,38.88009],[140.99634,38.88069],[140.99889,38.8806],[141.00073,38.88155],[141.0025,38.88092],[141.00463,38.8787],[141.00587,38.87875],[141.00791,38.88084],[141.00989,38.88153],[141.01142,38.88068],[141.01345,38.88102],[141.01635,38.88439],[141.0207,38.8864],[141.02157,38.88613],[141.02167,38.88276],[141.02249,38.88107],[141.02373,38.88082],[141.0251,38.88297],[141.02684,38.88283],[141.02961,38.88347],[141.03153,38.88079],[141.0327,38.88041],[141.03253,38.87792],[141.03685,38.87673],[141.04011,38.87738],[141.04351,38.87657],[141.04762,38.88114],[141.05193,38.88327],[141.05382,38.88173],[141.05777,38.88211],[141.06148,38.88388],[141.0693,38.88138],[141.0713,38.88199],[141.07277,38.88048],[141.07477,38.87947],[141.07928,38.88131],[141.08115,38.8813],[141.08187,38.88264],[141.08504,38.88377],[141.08875,38.88354],[141.0917,38.88743],[141.09335,38.88786],[141.09507,38.88634],[141.09869,38.88475],[141.10226,38.8845],[141.10274,38.88338],[141.10245,38.88071],[141.10798,38.87766],[141.11104,38.87856],[141.11403,38.87802],[141.11622,38.87913],[141.11683,38.88048],[141.11951,38.88007],[141.12379,38.88047],[141.1253,38.87947],[141.12828,38.87956],[141.13315,38.87823],[141.13566,38.8768],[141.13948,38.87749],[141.14048,38.87674],[141.14149,38.874],[141.14292,38.87262],[141.1436,38.87044],[141.14613,38.86927],[141.14619,38.86655],[141.14562,38.86561],[141.14666,38.86293],[141.14712,38.85981],[141.14581,38.85794],[141.14678,38.85627],[141.13979,38.85051],[141.13802,38.84752],[141.1325,38.84501],[141.13017,38.84208],[141.13017,38.84],[141.12534,38.83686],[141.12045,38.83509],[141.11892,38.83589],[141.11658,38.83598],[141.11416,38.83702],[141.11335,38.83801],[141.10937,38.8373],[141.10608,38.83792],[141.10482,38.83735],[141.10471,38.83497],[141.10342,38.83328],[141.10278,38.83063],[141.10356,38.82835],[141.10503,38.82803],[141.10452,38.82327],[141.10869,38.8252],[141.11154,38.82377],[141.1139,38.82345],[141.1161,38.82238],[141.11778,38.82468],[141.12044,38.82607],[141.12374,38.82546],[141.12607,38.82185],[141.12398,38.81976],[141.12362,38.81655],[141.12549,38.81663],[141.12837,38.81592],[141.12992,38.81282],[141.13561,38.81271],[141.13749,38.81392],[141.13992,38.8143],[141.1425,38.8119],[141.14112,38.80888],[141.14115,38.8001],[141.14059,38.79575],[141.13967,38.79439],[141.13858,38.79081],[141.14056,38.78981],[141.14015,38.78864],[141.14807,38.78426],[141.14741,38.78584],[141.15164,38.78526],[141.15275,38.78449],[141.15926,38.78253],[141.16091,38.78133],[141.16359,38.78196],[141.16749,38.77846],[141.16956,38.77767],[141.1712,38.77899],[141.17281,38.77822],[141.17368,38.78104],[141.17636,38.78108],[141.17905,38.78213],[141.18097,38.78453],[141.18609,38.77991],[141.19181,38.77722],[141.1956,38.77681],[141.19718,38.77556],[141.19775,38.7739],[141.20078,38.77144],[141.20347,38.7699],[141.20606,38.76948],[141.20753,38.76538],[141.20716,38.76205],[141.20823,38.76139],[141.20712,38.75809],[141.20727,38.75681],[141.20918,38.7541],[141.21122,38.75368],[141.21455,38.75065],[141.21584,38.74847],[141.22294,38.74862],[141.23255,38.74765],[141.23711,38.74914],[141.23688,38.75202],[141.229,38.75152],[141.22884,38.75257],[141.23523,38.75614],[141.23654,38.75533],[141.24161,38.75575],[141.24138,38.75783],[141.24793,38.75837],[141.24766,38.76045],[141.25281,38.76085],[141.25476,38.75968],[141.25681,38.76094],[141.25734,38.76239],[141.25693,38.76466],[141.25591,38.76673],[141.25595,38.77062],[141.25824,38.77396],[141.25817,38.7764],[141.26095,38.77799],[141.26326,38.7803],[141.26273,38.78209],[141.26341,38.78631],[141.26441,38.78818],[141.26684,38.78735],[141.2692,38.78862],[141.26907,38.79345],[141.27135,38.79498],[141.27248,38.79697],[141.27524,38.79568],[141.27472,38.7943],[141.27845,38.79363],[141.27976,38.79271],[141.28234,38.79373],[141.28205,38.7953],[141.28385,38.79711],[141.28518,38.79762],[141.2927,38.79539],[141.29755,38.79341],[141.30236,38.79305],[141.30455,38.79346],[141.30413,38.79752],[141.30229,38.7986],[141.30235,38.80023],[141.30358,38.80185],[141.30244,38.80334],[141.303,38.80488],[141.30727,38.80871],[141.30632,38.81052],[141.30767,38.81377],[141.30768,38.81661],[141.30659,38.81896],[141.30914,38.82086],[141.30896,38.82216],[141.31222,38.82246],[141.31382,38.82212],[141.31685,38.82327],[141.32045,38.8185],[141.32382,38.81697],[141.32411,38.81564],[141.32826,38.81433],[141.33106,38.81271],[141.33252,38.81121],[141.33229,38.80956],[141.3336,38.80874],[141.33466,38.80691],[141.33706,38.80702],[141.33868,38.8062],[141.34156,38.80684],[141.34095,38.80836],[141.34424,38.80877],[141.34773,38.80994],[141.34963,38.81229],[141.35307,38.8124],[141.35557,38.81085],[141.35823,38.81114],[141.35972,38.81061],[141.35966,38.80915],[141.36176,38.80833],[141.3646,38.80843],[141.36595,38.80948],[141.36861,38.80795],[141.37138,38.80743],[141.3724,38.80419],[141.3753,38.80244],[141.37582,38.80062],[141.37796,38.79712],[141.38032,38.79612],[141.38272,38.79813],[141.38536,38.79889],[141.38664,38.79984],[141.38855,38.79982],[141.38934,38.79843],[141.39381,38.79984],[141.39567,38.79816],[141.39739,38.79528],[141.39808,38.79237],[141.39652,38.79063],[141.39811,38.7895],[141.40433,38.78889],[141.4105,38.78565],[141.41283,38.78643],[141.41486,38.7862],[141.41564,38.78447],[141.41562,38.77966],[141.41452,38.77846],[141.41269,38.77493],[141.40983,38.77253],[141.41096,38.77093],[141.40974,38.76787],[141.41462,38.76834],[141.41746,38.77089],[141.42074,38.77085],[141.42306,38.77184],[141.42291,38.7746],[141.42114,38.77786],[141.42139,38.77954],[141.42531,38.78132],[141.42954,38.78102],[141.42971,38.78234],[141.4315,38.78329],[141.43499,38.78253],[141.43796,38.78308],[141.4398,38.78562],[141.43869,38.78698],[141.43578,38.78675],[141.43399,38.79001],[141.43253,38.79159],[141.43268,38.79401],[141.43413,38.79656],[141.43464,38.79856],[141.43671,38.80143],[141.43616,38.80578],[141.43324,38.80761],[141.43145,38.80656],[141.42942,38.8106],[141.43186,38.81219],[141.43299,38.81114],[141.43547,38.81159],[141.43735,38.81284],[141.44096,38.81133],[141.44285,38.81139],[141.44643,38.81047],[141.4515,38.81187],[141.45434,38.8109],[141.45704,38.81242],[141.45909,38.81524],[141.4554,38.81604],[141.45403,38.8168],[141.45308,38.81874],[141.45455,38.8214],[141.45383,38.82466],[141.45206,38.82797],[141.45192,38.8312],[141.45011,38.8327],[141.44983,38.83739],[141.45302,38.84319],[141.4546,38.84725],[141.457,38.84978],[141.45926,38.85107],[141.46163,38.85156],[141.46389,38.85301],[141.46602,38.85597],[141.46574,38.85739],[141.46378,38.85844],[141.45571,38.8603],[141.45267,38.86255],[141.45408,38.86555],[141.45288,38.86677],[141.45201,38.87019],[141.45127,38.87109],[141.45069,38.87514],[141.45111,38.87632],[141.45368,38.87894],[141.45903,38.88153],[141.46099,38.88358],[141.46604,38.88544],[141.4673,38.88822],[141.46548,38.89104],[141.46619,38.89366],[141.46738,38.8945],[141.47054,38.89494],[141.47271,38.89751],[141.47828,38.89985],[141.4803,38.90183],[141.48278,38.90232],[141.48503,38.90464],[141.48909,38.90703],[141.49039,38.91088],[141.49191,38.91304],[141.49213,38.91479],[141.48938,38.91745],[141.49146,38.91945],[141.49211,38.92162],[141.48992,38.92402],[141.48985,38.92535],[141.48833,38.92676],[141.48806,38.92812],[141.48556,38.93228],[141.48557,38.93573],[141.48711,38.93864],[141.49046,38.94316],[141.49153,38.94873],[141.49018,38.94998],[141.49396,38.95535],[141.49192,38.95691],[141.49035,38.95709],[141.48929,38.96058],[141.49024,38.96245],[141.48888,38.96831],[141.48813,38.96988],[141.48649,38.97123],[141.48519,38.976],[141.48353,38.97817],[141.48167,38.97906],[141.48095,38.98069],[141.47941,38.98183],[141.47929,38.98345],[141.47608,38.98447],[141.47404,38.98373],[141.47036,38.98563],[141.47007,38.98777],[141.46652,38.98742],[141.46461,38.99073],[141.46426,38.99219],[141.46599,38.99314],[141.4689,38.99339],[141.47108,38.99721],[141.46762,39.00087],[141.46823,39.00266],[141.46798,39.00459],[141.47153,39.00663],[141.47237,39.0077],[141.47267,39.01004],[141.47381,39.01168],[141.47339,39.01326],[141.47141,39.01578],[141.47101,39.01851],[141.4662,39.0236],[141.46618,39.02594],[141.46285,39.02885],[141.46155,39.03072],[141.46166,39.0347],[141.46006,39.03828],[141.46058,39.04319],[141.46538,39.04487],[141.46682,39.04794],[141.46675,39.05001],[141.46927,39.05222],[141.47133,39.05208],[141.47186,39.05304],[141.47553,39.05304],[141.47804,39.05439],[141.47973,39.05617],[141.48011,39.0595],[141.47826,39.0621],[141.47805,39.06427],[141.47975,39.06695],[141.47864,39.06974],[141.48046,39.07473],[141.48275,39.07608],[141.4807,39.08126],[141.47918,39.08312],[141.47465,39.0868],[141.46636,39.0917],[141.46425,39.09425],[141.4628,39.09519],[141.46307,39.0977],[141.46437,39.09944],[141.46273,39.10157]]]}},{"type":"Feature","properties":{"code":"03210","name":"陸前高田市","pref":"岩手県","pref_code":"03","cx":141.57415,"cy":39.03276,"bbox":[141.46006,38.93819,141.72824,39.12629]},"geometry":{"type":"Polygon","coordinates":[[[141.62557,39.11241],[141.6215,39.1116],[141.61853,39.10963],[141.61511,39.1097],[141.61299,39.1081],[141.60849,39.10639],[141.60595,39.10447],[141.6032,39.10417],[141.59906,39.10158],[141.59713,39.10111],[141.594,39.10254],[141.59061,39.10213],[141.58983,39.1011],[141.5857,39.10403],[141.58226,39.10781],[141.58315,39.10884],[141.57982,39.11124],[141.57851,39.11151],[141.57377,39.11008],[141.55903,39.11184],[141.5589,39.10791],[141.55683,39.10458],[141.55702,39.10318],[141.55411,39.10088],[141.55339,39.09895],[141.5476,39.09629],[141.54421,39.09724],[141.53926,39.10066],[141.53638,39.10155],[141.53373,39.10302],[141.53135,39.10517],[141.52796,39.10307],[141.52818,39.09978],[141.52486,39.09547],[141.51906,39.0993],[141.51916,39.10197],[141.51648,39.10612],[141.5172,39.10685],[141.51655,39.10928],[141.51513,39.11126],[141.50881,39.11396],[141.50635,39.11379],[141.50398,39.11251],[141.50222,39.11304],[141.49947,39.11078],[141.49758,39.11072],[141.49651,39.10971],[141.49374,39.11015],[141.4903,39.11282],[141.48972,39.11398],[141.4875,39.11499],[141.48392,39.11474],[141.4801,39.11956],[141.47972,39.12145],[141.47721,39.12184],[141.47586,39.12487],[141.47325,39.12629],[141.46664,39.12516],[141.46579,39.1229],[141.46582,39.12075],[141.46654,39.11891],[141.46825,39.11667],[141.46817,39.11466],[141.4671,39.11322],[141.46791,39.10901],[141.46767,39.10769],[141.46431,39.10553],[141.46321,39.10393],[141.46273,39.10157],[141.46437,39.09944],[141.46307,39.0977],[141.4628,39.09519],[141.46425,39.09425],[141.46636,39.0917],[141.47465,39.0868],[141.47918,39.08312],[141.4807,39.08126],[141.48275,39.07608],[141.48046,39.07473],[141.47864,39.06974],[141.47975,39.06695],[141.47805,39.06427],[141.47826,39.0621],[141.48011,39.0595],[141.47973,39.05617],[141.47804,39.05439],[141.47553,39.05304],[141.47186,39.05304],[141.47133,39.05208],[141.46927,39.05222],[141.46675,39.05001],[141.46682,39.04794],[141.46538,39.04487],[141.46058,39.04319],[141.46006,39.03828],[141.46166,39.0347],[141.46155,39.03072],[141.46285,39.02885],[141.46618,39.02594],[141.4662,39.0236],[141.47101,39.01851],[141.47141,39.01578],[141.47339,39.01326],[141.47381,39.01168],[141.47267,39.01004],[141.47237,39.0077],[141.47153,39.00663],[141.46798,39.00459],[141.46823,39.00266],[141.46762,39.00087],[141.47108,38.99721],[141.4689,38.99339],[141.46599,38.99314],[141.46426,38.99219],[141.46461,38.99073],[141.46652,38.98742],[141.47007,38.98777],[141.47036,38.98563],[141.47404,38.98373],[141.47608,38.98447],[141.47929,38.98345],[141.47941,38.98183],[141.48095,38.98069],[141.48167,38.97906],[141.48353,38.97817],[141.48539,38.9827],[141.48416,38.98477],[141.48434,38.98578],[141.48633,38.9883],[141.48588,38.98993],[141.48695,38.99104],[141.48728,38.99353],[141.48889,38.99477],[141.48978,38.99735],[141.49238,38.99896],[141.49652,38.99857],[141.50035,38.9992],[141.5026,39.00019],[141.50684,38.99982],[141.50855,39.00272],[141.51788,39.00166],[141.51844,39.00074],[141.51662,38.99823],[141.52313,38.99135],[141.53248,38.99454],[141.53691,38.99539],[141.5407,38.99475],[141.54294,38.99569],[141.54385,38.99523],[141.54817,38.99631],[141.54984,38.99545],[141.5529,38.99484],[141.55535,38.99503],[141.55713,38.99579],[141.56028,38.99382],[141.56331,38.99441],[141.56699,38.99598],[141.56884,38.99487],[141.57114,38.99105],[141.57454,38.98729],[141.57619,38.98679],[141.58022,38.98678],[141.58404,38.9887],[141.58694,38.98869],[141.59227,38.98686],[141.60139,38.98628],[141.60505,38.98514],[141.60598,38.98387],[141.61416,38.97803],[141.6169,38.97686],[141.61923,38.97411],[141.62449,38.97145],[141.62921,38.97025],[141.63137,38.97072],[141.63337,38.97226],[141.63339,38.9739],[141.63073,38.97513],[141.63051,38.97622],[141.62769,38.97812],[141.62701,38.98171],[141.62543,38.98162],[141.62481,38.98564],[141.62681,38.98797],[141.62911,38.98962],[141.62807,38.99183],[141.62469,38.9914],[141.62391,38.99302],[141.6221,38.99391],[141.62822,38.9951],[141.62448,38.9988],[141.62671,39.0002],[141.62722,39.00232],[141.63104,39.00427],[141.64026,39.00698],[141.64516,39.00711],[141.6457,39.00571],[141.64807,39.00533],[141.64814,39.0066],[141.65155,39.00577],[141.65609,39.00576],[141.65863,39.00485],[141.65813,39.00343],[141.65899,39.00247],[141.66216,39.00238],[141.66335,39.00414],[141.66728,39.00545],[141.67006,39.00513],[141.67334,39.00359],[141.6779,39.00052],[141.68271,38.99658],[141.68181,38.99497],[141.67925,38.99453],[141.67649,38.99314],[141.6738,38.9934],[141.67164,38.98952],[141.66778,38.98901],[141.66711,38.98669],[141.66867,38.98499],[141.6681,38.98305],[141.66612,38.98175],[141.66829,38.98037],[141.66873,38.9785],[141.66803,38.9769],[141.66896,38.9757],[141.67076,38.97571],[141.67242,38.97433],[141.67221,38.97312],[141.6762,38.97256],[141.67759,38.97176],[141.67635,38.96901],[141.68279,38.96935],[141.68535,38.96809],[141.68496,38.96591],[141.68851,38.96496],[141.68923,38.96393],[141.68789,38.96261],[141.68819,38.96],[141.68892,38.95864],[141.68849,38.95649],[141.69115,38.95684],[141.69195,38.9556],[141.69133,38.95314],[141.69242,38.95171],[141.68921,38.94993],[141.68905,38.94745],[141.69179,38.94633],[141.69584,38.94749],[141.69852,38.94543],[141.6985,38.94393],[141.6962,38.94314],[141.69708,38.94153],[141.70052,38.94195],[141.70151,38.94136],[141.70005,38.93892],[141.70209,38.93819],[141.70528,38.93891],[141.70598,38.94227],[141.7037,38.94362],[141.70434,38.94504],[141.70639,38.94456],[141.71454,38.94657],[141.71444,38.94908],[141.7122,38.94999],[141.7123,38.95086],[141.7154,38.95182],[141.71726,38.95134],[141.71838,38.95252],[141.72081,38.95254],[141.72275,38.95023],[141.72361,38.95186],[141.72552,38.95243],[141.72759,38.95152],[141.72824,38.95279],[141.72586,38.95311],[141.72637,38.95533],[141.7235,38.95713],[141.72441,38.95816],[141.72301,38.96341],[141.7208,38.96437],[141.71776,38.9645],[141.71762,38.96564],[141.71597,38.96673],[141.7121,38.9679],[141.71046,38.96716],[141.70795,38.96753],[141.70697,38.96557],[141.70205,38.96452],[141.69906,38.96716],[141.69774,38.96755],[141.69617,38.97066],[141.69738,38.97206],[141.69826,38.97599],[141.70071,38.97658],[141.70162,38.97752],[141.70812,38.97943],[141.70875,38.98164],[141.70837,38.98311],[141.70994,38.98469],[141.71226,38.98334],[141.71356,38.98346],[141.71545,38.98115],[141.7171,38.98184],[141.71623,38.98448],[141.71398,38.98536],[141.71378,38.9866],[141.71145,38.98968],[141.70764,38.9926],[141.7066,38.99465],[141.70526,38.99586],[141.70519,38.99769],[141.70235,39.00012],[141.70157,39.00383],[141.69901,39.00607],[141.69711,39.01058],[141.69432,39.01505],[141.69259,39.01512],[141.69071,39.0167],[141.68914,39.01899],[141.68863,39.02175],[141.68916,39.02309],[141.68833,39.02445],[141.68768,39.0286],[141.68789,39.03174],[141.68549,39.03379],[141.68259,39.03994],[141.68096,39.04216],[141.68235,39.0438],[141.67996,39.04751],[141.67963,39.04971],[141.68057,39.05323],[141.67878,39.05639],[141.67757,39.05738],[141.6796,39.05845],[141.68001,39.06017],[141.68337,39.06162],[141.68495,39.06334],[141.68398,39.06594],[141.6824,39.06724],[141.67306,39.0684],[141.67005,39.0679],[141.66628,39.06625],[141.6639,39.06451],[141.66079,39.06095],[141.66091,39.05936],[141.65758,39.056],[141.65457,39.0551],[141.65186,39.05617],[141.64678,39.06124],[141.64231,39.07163],[141.64111,39.07306],[141.63834,39.07462],[141.63799,39.07672],[141.63335,39.07858],[141.63297,39.08126],[141.63016,39.08275],[141.62892,39.08393],[141.63016,39.08687],[141.6292,39.08931],[141.63013,39.09046],[141.63087,39.09354],[141.62755,39.09554],[141.62603,39.09723],[141.62395,39.09793],[141.62277,39.10047],[141.62303,39.1015],[141.62507,39.10343],[141.62477,39.10549],[141.62643,39.10769],[141.62557,39.11241]]]}},{"type":"Feature","properties":{"code":"03211","name":"釜石市","pref":"岩手県","pref_code":"03","cx":141.79905,"cy":39.29031,"bbox":[141.65439,39.16768,141.99634,39.41248]},"geometry":{"type":"MultiPolygon","coordinates":[[[[141.98161,39.30893],[141.97908,39.30716],[141.97761,39.30779],[141.97638,39.30642],[141.97875,39.30467],[141.98138,39.30546],[141.98414,39.30294],[141.98454,39.30467],[141.98747,39.30516],[141.98622,39.3072],[141.9838,39.30748],[141.98161,39.30893]]],[[[141.92088,39.18221],[141.92248,39.18359],[141.9223,39.18465],[141.92014,39.18586],[141.91782,39.18553],[141.91519,39.18649],[141.91414,39.18521],[141.91116,39.18614],[141.9076,39.18581],[141.90692,39.18505],[141.90204,39.18347],[141.90053,39.18448],[141.89771,39.18504],[141.89659,39.18425],[141.89453,39.18454],[141.89505,39.18278],[141.89343,39.18152],[141.88978,39.18181],[141.88926,39.18393],[141.88644,39.18532],[141.88305,39.18508],[141.88133,39.18595],[141.88136,39.18769],[141.88044,39.19106],[141.87875,39.19081],[141.87775,39.19198],[141.87354,39.19211],[141.87178,39.19126],[141.86812,39.19116],[141.86634,39.19177],[141.86546,39.19372],[141.86916,39.19664],[141.87218,39.19695],[141.86966,39.20032],[141.86596,39.19988],[141.86488,39.20183],[141.86512,39.20382],[141.86682,39.20635],[141.87066,39.20703],[141.87518,39.20572],[141.88408,39.20186],[141.88546,39.20224],[141.88819,39.19866],[141.89009,39.19776],[141.89346,39.19982],[141.89174,39.20198],[141.89356,39.20414],[141.89138,39.20502],[141.88902,39.20871],[141.89345,39.20842],[141.8953,39.2092],[141.8971,39.20756],[141.89865,39.20767],[141.89871,39.20587],[141.90083,39.20663],[141.90234,39.20479],[141.90447,39.20505],[141.90489,39.20706],[141.90937,39.20792],[141.90923,39.209],[141.913,39.21041],[141.91365,39.21203],[141.91618,39.21366],[141.92066,39.21547],[141.9275,39.21549],[141.92815,39.21774],[141.92559,39.21988],[141.92322,39.22056],[141.9251,39.22266],[141.92721,39.22165],[141.93398,39.22297],[141.93553,39.22198],[141.93688,39.22375],[141.93887,39.22322],[141.94259,39.21828],[141.94635,39.21762],[141.94851,39.21781],[141.94893,39.21931],[141.95441,39.22235],[141.95412,39.22448],[141.95115,39.22491],[141.94934,39.22766],[141.94957,39.23582],[141.94554,39.2371],[141.94383,39.23841],[141.94518,39.24022],[141.94492,39.24245],[141.94754,39.24258],[141.94881,39.24168],[141.95075,39.244],[141.95411,39.24477],[141.955,39.24421],[141.95872,39.24464],[141.95878,39.24586],[141.96052,39.24742],[141.96188,39.24624],[141.96426,39.24719],[141.96565,39.24549],[141.96698,39.24582],[141.96758,39.24764],[141.97082,39.24752],[141.97075,39.25058],[141.96934,39.25147],[141.9676,39.25058],[141.96002,39.25104],[141.9568,39.24886],[141.95426,39.24924],[141.94789,39.24804],[141.94611,39.24701],[141.94449,39.2476],[141.94217,39.24639],[141.94059,39.24817],[141.93824,39.24819],[141.93905,39.24552],[141.9387,39.244],[141.93621,39.24437],[141.93348,39.24197],[141.93158,39.24264],[141.93083,39.24545],[141.92836,39.24622],[141.92539,39.24276],[141.9244,39.23871],[141.92025,39.23792],[141.91698,39.24059],[141.9156,39.23955],[141.91331,39.24077],[141.91364,39.24521],[141.91505,39.24641],[141.91276,39.24802],[141.90787,39.24677],[141.9066,39.24751],[141.90666,39.24936],[141.9022,39.24946],[141.90143,39.24812],[141.89929,39.24796],[141.89761,39.24876],[141.89448,39.24762],[141.89258,39.24636],[141.88927,39.24851],[141.89401,39.24888],[141.90271,39.25287],[141.90076,39.25564],[141.90308,39.25669],[141.90139,39.25797],[141.89894,39.25816],[141.89964,39.26],[141.89936,39.26171],[141.89655,39.26331],[141.89618,39.26543],[141.8976,39.2663],[141.89212,39.26804],[141.89066,39.26771],[141.8868,39.26861],[141.88618,39.26987],[141.8882,39.27319],[141.89111,39.27412],[141.89496,39.27177],[141.89735,39.27164],[141.9012,39.27243],[141.90343,39.27172],[141.90626,39.27154],[141.9104,39.26863],[141.91132,39.26703],[141.91366,39.26736],[141.91416,39.27062],[141.91618,39.27124],[141.91633,39.26922],[141.91722,39.26738],[141.91941,39.26771],[141.92043,39.26875],[141.92446,39.26636],[141.92772,39.26699],[141.92933,39.27007],[141.92934,39.27146],[141.92692,39.2718],[141.92575,39.27425],[141.92565,39.277],[141.92147,39.28],[141.92685,39.28181],[141.92583,39.2835],[141.92579,39.28544],[141.92099,39.28625],[141.91693,39.28565],[141.91498,39.28934],[141.91232,39.28993],[141.91064,39.28889],[141.90805,39.29069],[141.90506,39.29096],[141.90434,39.29271],[141.90629,39.29318],[141.90798,39.29494],[141.90598,39.29739],[141.89779,39.29956],[141.89712,39.29891],[141.89469,39.29941],[141.89331,39.30097],[141.88882,39.30057],[141.88688,39.30205],[141.88721,39.30323],[141.88966,39.30493],[141.89066,39.30776],[141.89457,39.30574],[141.89661,39.30524],[141.90085,39.30757],[141.90241,39.30738],[141.90349,39.30882],[141.90575,39.30933],[141.90825,39.30867],[141.90765,39.30727],[141.90853,39.30543],[141.91155,39.30565],[141.91343,39.30471],[141.91535,39.30608],[141.91681,39.3037],[141.92223,39.31002],[141.929,39.30949],[141.93127,39.31016],[141.93397,39.30987],[141.93615,39.30812],[141.94065,39.30956],[141.94091,39.31218],[141.94169,39.31305],[141.94528,39.31395],[141.94538,39.31593],[141.95285,39.31342],[141.95614,39.31408],[141.95623,39.31614],[141.95888,39.31665],[141.96405,39.31494],[141.96443,39.31432],[141.97024,39.31299],[141.9715,39.31563],[141.97137,39.31748],[141.97446,39.31902],[141.97654,39.31891],[141.97709,39.32076],[141.97659,39.32233],[141.97385,39.32455],[141.97502,39.32576],[141.97495,39.32727],[141.97808,39.32944],[141.98006,39.33199],[141.979,39.33335],[141.98061,39.33434],[141.98255,39.339],[141.98567,39.33986],[141.98965,39.34322],[141.98995,39.34461],[141.99219,39.34668],[141.99331,39.34651],[141.99634,39.34926],[141.99486,39.35079],[141.99043,39.34889],[141.98888,39.34923],[141.98711,39.34782],[141.98426,39.34774],[141.98197,39.34616],[141.97951,39.34378],[141.97968,39.34305],[141.97793,39.34026],[141.97801,39.33945],[141.9759,39.33743],[141.97185,39.33757],[141.96971,39.33575],[141.9682,39.33721],[141.96606,39.33684],[141.96249,39.33713],[141.95949,39.33637],[141.95801,39.33743],[141.95978,39.33977],[141.95578,39.34036],[141.95208,39.33759],[141.95184,39.33561],[141.95039,39.33513],[141.94846,39.33636],[141.94708,39.3344],[141.94487,39.33289],[141.94545,39.33033],[141.94447,39.32961],[141.93941,39.32887],[141.93662,39.33013],[141.93472,39.33012],[141.93337,39.33221],[141.93055,39.33166],[141.92514,39.333],[141.92331,39.33277],[141.92105,39.33091],[141.919,39.32992],[141.91905,39.32844],[141.91648,39.32665],[141.91636,39.32428],[141.91227,39.32435],[141.91245,39.32559],[141.911,39.32866],[141.90848,39.32706],[141.90641,39.32729],[141.90504,39.32593],[141.90258,39.32709],[141.89987,39.33112],[141.89611,39.33213],[141.8971,39.33324],[141.89686,39.33554],[141.89774,39.33832],[141.89966,39.33848],[141.9001,39.33951],[141.90239,39.34035],[141.90643,39.34072],[141.90898,39.34382],[141.91532,39.34562],[141.9135,39.3465],[141.91017,39.34606],[141.90749,39.34771],[141.90382,39.34884],[141.89939,39.34948],[141.89635,39.34855],[141.89482,39.34707],[141.8911,39.34706],[141.88927,39.34572],[141.88359,39.34385],[141.87772,39.34546],[141.87208,39.34937],[141.87146,39.35052],[141.8694,39.35131],[141.86551,39.35433],[141.86312,39.35493],[141.85897,39.35735],[141.85171,39.35703],[141.84813,39.35911],[141.84582,39.36155],[141.84591,39.36372],[141.84405,39.36436],[141.84331,39.3662],[141.84134,39.36724],[141.83495,39.36844],[141.8322,39.3668],[141.82905,39.36642],[141.82565,39.36767],[141.82336,39.37016],[141.81964,39.3709],[141.81812,39.37191],[141.81454,39.37285],[141.81075,39.37323],[141.80292,39.37274],[141.80111,39.3713],[141.79296,39.37145],[141.7902,39.37059],[141.78834,39.37505],[141.78905,39.37657],[141.79105,39.3779],[141.79058,39.37952],[141.78443,39.38233],[141.78261,39.38367],[141.77914,39.38457],[141.77907,39.38625],[141.77543,39.38965],[141.77377,39.38925],[141.77123,39.38968],[141.76928,39.38767],[141.76499,39.38723],[141.76282,39.38926],[141.76093,39.38856],[141.75524,39.39161],[141.74961,39.3924],[141.74706,39.39106],[141.74504,39.39368],[141.7451,39.3954],[141.74669,39.39707],[141.74422,39.39867],[141.74356,39.40028],[141.74435,39.40223],[141.74348,39.40382],[141.74366,39.40577],[141.74224,39.40806],[141.74157,39.41118],[141.73827,39.40954],[141.7337,39.4088],[141.73244,39.40797],[141.72825,39.40907],[141.72421,39.40902],[141.72306,39.40774],[141.71985,39.40628],[141.71537,39.40722],[141.71095,39.4091],[141.70816,39.40701],[141.70595,39.40742],[141.70436,39.41014],[141.70076,39.40976],[141.69905,39.41099],[141.69209,39.41248],[141.68943,39.41148],[141.68753,39.40971],[141.68796,39.40828],[141.68544,39.40693],[141.68149,39.40605],[141.67822,39.40588],[141.67256,39.40416],[141.67009,39.405],[141.6669,39.40116],[141.6706,39.39993],[141.6714,39.39833],[141.66897,39.3957],[141.66567,39.39439],[141.66345,39.39206],[141.66146,39.39102],[141.66395,39.38883],[141.66198,39.38674],[141.66348,39.38419],[141.66356,39.38287],[141.66203,39.38057],[141.66254,39.37745],[141.66101,39.37643],[141.65826,39.3759],[141.65582,39.37372],[141.65656,39.37053],[141.65537,39.36921],[141.65576,39.36599],[141.65687,39.36503],[141.65618,39.36223],[141.65439,39.35879],[141.6545,39.35471],[141.65775,39.35298],[141.65821,39.35203],[141.6608,39.35151],[141.66024,39.35025],[141.66076,39.34808],[141.66015,39.34631],[141.66092,39.34206],[141.66004,39.33963],[141.66261,39.33502],[141.66537,39.33238],[141.66644,39.32902],[141.66647,39.32503],[141.66358,39.3241],[141.66094,39.32149],[141.66388,39.32012],[141.66642,39.31773],[141.67063,39.31762],[141.67342,39.31656],[141.68107,39.31551],[141.68395,39.31682],[141.68914,39.31607],[141.69276,39.31622],[141.69521,39.31459],[141.69127,39.30909],[141.69146,39.30756],[141.68996,39.30589],[141.6874,39.30445],[141.68529,39.30164],[141.68352,39.29852],[141.68264,39.29525],[141.68381,39.2935],[141.6891,39.29156],[141.69012,39.28835],[141.69243,39.28621],[141.69144,39.28304],[141.69332,39.28083],[141.69409,39.27882],[141.697,39.2774],[141.69811,39.27434],[141.6993,39.27305],[141.69927,39.27129],[141.69745,39.26671],[141.70028,39.26514],[141.70183,39.26529],[141.70646,39.26446],[141.7052,39.25225],[141.70461,39.25095],[141.70548,39.2482],[141.70567,39.24381],[141.70803,39.2407],[141.70878,39.2388],[141.71049,39.23702],[141.71137,39.23339],[141.70919,39.23068],[141.70576,39.22869],[141.70382,39.2256],[141.70233,39.22145],[141.70113,39.21965],[141.70182,39.21833],[141.70439,39.21824],[141.70634,39.21705],[141.71195,39.21732],[141.71457,39.2183],[141.71626,39.21622],[141.71708,39.21409],[141.71851,39.21337],[141.72527,39.20576],[141.72768,39.20423],[141.72826,39.20325],[141.72749,39.19928],[141.72979,39.19572],[141.72906,39.19232],[141.73052,39.18965],[141.73066,39.18806],[141.73431,39.18604],[141.73561,39.1836],[141.73924,39.1826],[141.74457,39.17489],[141.74649,39.17441],[141.75127,39.17432],[141.75412,39.17617],[141.75926,39.17801],[141.76069,39.17769],[141.76359,39.17875],[141.76996,39.17888],[141.77352,39.1795],[141.77793,39.17925],[141.78505,39.18143],[141.79074,39.17965],[141.79291,39.17745],[141.79463,39.17702],[141.79934,39.17837],[141.80475,39.17729],[141.80822,39.17874],[141.81144,39.17632],[141.81982,39.17577],[141.82384,39.17637],[141.82495,39.17823],[141.82751,39.17854],[141.82956,39.18003],[141.83418,39.17739],[141.84555,39.1759],[141.84772,39.17509],[141.85366,39.17454],[141.85553,39.17576],[141.85737,39.17585],[141.86513,39.17162],[141.86583,39.17019],[141.87097,39.16954],[141.87321,39.16835],[141.87577,39.16995],[141.8804,39.16828],[141.88203,39.16864],[141.88438,39.16768],[141.89383,39.16941],[141.89547,39.17065],[141.89782,39.17154],[141.89951,39.17312],[141.90279,39.17373],[141.90527,39.1756],[141.9056,39.17667],[141.91032,39.17854],[141.91642,39.17851],[141.92088,39.18221]]]]}},{"type":"Feature","properties":{"code":"03213","name":"二戸市","pref":"岩手県","pref_code":"03","cx":141.14895,"cy":40.23078,"bbox":[141.02577,40.0888,141.38566,40.37256]},"geometry":{"type":"Polygon","coordinates":[[[141.351,40.33107],[141.35086,40.33474],[141.34777,40.33481],[141.34619,40.33607],[141.34837,40.33871],[141.34688,40.34015],[141.34354,40.34157],[141.3382,40.34246],[141.33683,40.34444],[141.334,40.3456],[141.33446,40.34837],[141.3365,40.35037],[141.33727,40.35493],[141.33644,40.35731],[141.33634,40.3602],[141.33296,40.36149],[141.33045,40.36169],[141.32832,40.36301],[141.32834,40.36427],[141.32433,40.36677],[141.32439,40.36986],[141.32128,40.37023],[141.31585,40.37256],[141.31434,40.37085],[141.31436,40.36984],[141.31037,40.36683],[141.30755,40.36645],[141.30587,40.36561],[141.30394,40.36606],[141.29893,40.36584],[141.29734,40.3654],[141.29546,40.3638],[141.29349,40.36323],[141.29583,40.36135],[141.29515,40.35948],[141.29195,40.35788],[141.29289,40.3538],[141.29232,40.35167],[141.28883,40.3492],[141.28113,40.34635],[141.27953,40.34475],[141.27718,40.34418],[141.27509,40.34467],[141.26745,40.34909],[141.2646,40.34997],[141.26243,40.34948],[141.26064,40.3476],[141.25981,40.34562],[141.26094,40.34355],[141.26013,40.34187],[141.25686,40.34155],[141.25417,40.34205],[141.24838,40.341],[141.24518,40.33749],[141.24298,40.33607],[141.24025,40.33533],[141.23792,40.33405],[141.23564,40.33107],[141.23299,40.33012],[141.2318,40.32812],[141.22632,40.32795],[141.22392,40.32486],[141.22338,40.32266],[141.2186,40.31805],[141.21866,40.31532],[141.2164,40.31468],[141.20924,40.31402],[141.20687,40.31241],[141.20415,40.31215],[141.19767,40.3077],[141.19077,40.30767],[141.1889,40.30718],[141.18561,40.30766],[141.18261,40.3089],[141.18051,40.30887],[141.17896,40.30961],[141.17195,40.30976],[141.16851,40.30665],[141.1618,40.30606],[141.1577,40.30417],[141.15419,40.30143],[141.15101,40.3007],[141.14613,40.30039],[141.14521,40.29968],[141.13837,40.3005],[141.13663,40.29924],[141.13439,40.29474],[141.12741,40.29306],[141.1244,40.29149],[141.11994,40.28999],[141.11871,40.28836],[141.11559,40.28636],[141.11376,40.28613],[141.11111,40.28378],[141.10704,40.28169],[141.10357,40.28053],[141.0998,40.28018],[141.11005,40.26105],[141.10805,40.26044],[141.10406,40.25573],[141.0972,40.25474],[141.09451,40.25488],[141.09289,40.25425],[141.09019,40.25217],[141.08829,40.25175],[141.08527,40.25207],[141.08315,40.25332],[141.079,40.25225],[141.07641,40.25264],[141.07204,40.24957],[141.06918,40.2488],[141.0679,40.24708],[141.06536,40.24506],[141.06375,40.24183],[141.06051,40.23954],[141.05995,40.23831],[141.05564,40.23695],[141.04963,40.23649],[141.04655,40.23715],[141.04158,40.23641],[141.04165,40.23432],[141.03704,40.23252],[141.03325,40.22951],[141.03113,40.22912],[141.02998,40.22766],[141.02684,40.22657],[141.02577,40.22394],[141.02598,40.22168],[141.02849,40.21964],[141.03002,40.21711],[141.0279,40.21476],[141.0302,40.21296],[141.03079,40.21146],[141.02976,40.21025],[141.03169,40.20734],[141.02678,40.20511],[141.02865,40.20301],[141.02845,40.20025],[141.02906,40.19852],[141.02772,40.19564],[141.02963,40.19002],[141.03062,40.18868],[141.02906,40.18747],[141.02982,40.18354],[141.0315,40.18167],[141.02936,40.18],[141.02589,40.17507],[141.02579,40.17291],[141.02766,40.17089],[141.02607,40.16776],[141.02879,40.16743],[141.03216,40.16435],[141.03492,40.15883],[141.03516,40.15734],[141.03776,40.15472],[141.04219,40.1537],[141.04411,40.15235],[141.04781,40.15202],[141.05306,40.14998],[141.05629,40.14606],[141.05818,40.14476],[141.06139,40.14435],[141.06183,40.143],[141.06109,40.14117],[141.06205,40.14037],[141.06789,40.13967],[141.06947,40.13835],[141.07697,40.1376],[141.07848,40.13978],[141.08029,40.14094],[141.08285,40.13844],[141.08557,40.13787],[141.08765,40.13831],[141.08934,40.13782],[141.09314,40.13791],[141.09471,40.13698],[141.09694,40.13711],[141.0988,40.13641],[141.10372,40.13693],[141.10622,40.13664],[141.10907,40.1311],[141.1088,40.12296],[141.10982,40.12199],[141.11425,40.11969],[141.11538,40.1183],[141.11873,40.11775],[141.1226,40.11465],[141.12384,40.11111],[141.12458,40.11041],[141.12529,40.10374],[141.12748,40.10216],[141.12955,40.09944],[141.12829,40.09731],[141.12822,40.09588],[141.1325,40.09462],[141.13783,40.09569],[141.1396,40.09531],[141.14303,40.09603],[141.14682,40.09534],[141.14827,40.09307],[141.15242,40.09307],[141.15345,40.09112],[141.15555,40.08935],[141.15786,40.0888],[141.15985,40.08923],[141.16022,40.09107],[141.16418,40.09153],[141.16411,40.0944],[141.16581,40.09665],[141.16294,40.09921],[141.16189,40.10117],[141.16399,40.1033],[141.16408,40.10547],[141.16593,40.10554],[141.16801,40.10717],[141.17352,40.1097],[141.17606,40.11272],[141.17987,40.11432],[141.18178,40.1157],[141.18276,40.11814],[141.18551,40.1205],[141.18777,40.12597],[141.19042,40.12948],[141.19089,40.1317],[141.19047,40.13329],[141.18753,40.13867],[141.18742,40.14081],[141.18554,40.14385],[141.18656,40.14925],[141.18603,40.15158],[141.18644,40.15286],[141.18518,40.15482],[141.18487,40.15921],[141.18355,40.1605],[141.18297,40.16233],[141.18477,40.16888],[141.18814,40.17377],[141.19086,40.17491],[141.19243,40.17666],[141.19348,40.17881],[141.19323,40.18155],[141.19205,40.18453],[141.19272,40.18719],[141.19164,40.18894],[141.19161,40.19066],[141.19273,40.19184],[141.19761,40.19385],[141.20023,40.19425],[141.20036,40.19583],[141.20508,40.19469],[141.20777,40.19583],[141.20597,40.19791],[141.21029,40.19892],[141.21287,40.20198],[141.21375,40.20457],[141.21582,40.20654],[141.21737,40.20592],[141.22209,40.19987],[141.2252,40.20012],[141.22626,40.20086],[141.22589,40.20403],[141.22677,40.20495],[141.22963,40.20594],[141.23341,40.20593],[141.23689,40.20713],[141.23987,40.20955],[141.24253,40.21342],[141.2437,40.21711],[141.2454,40.21863],[141.24886,40.21944],[141.25312,40.222],[141.25984,40.2224],[141.26135,40.22385],[141.2611,40.22617],[141.26304,40.2286],[141.2629,40.2305],[141.26393,40.23256],[141.26175,40.2372],[141.26339,40.23995],[141.26593,40.24047],[141.26698,40.24161],[141.26883,40.24653],[141.26808,40.2499],[141.26958,40.25132],[141.27091,40.24907],[141.27237,40.24818],[141.27358,40.24631],[141.27759,40.24357],[141.28129,40.24537],[141.28561,40.24844],[141.28944,40.24895],[141.29295,40.25002],[141.29393,40.25131],[141.2955,40.25147],[141.29811,40.24911],[141.2993,40.24869],[141.30053,40.2464],[141.30093,40.24435],[141.30014,40.24285],[141.30311,40.24183],[141.3096,40.24085],[141.31186,40.24149],[141.31513,40.23935],[141.3179,40.23947],[141.32041,40.23685],[141.32434,40.23842],[141.32725,40.23586],[141.32874,40.23568],[141.33021,40.23345],[141.33209,40.23331],[141.33382,40.23007],[141.3359,40.22909],[141.33954,40.23018],[141.3442,40.22975],[141.35233,40.22411],[141.35661,40.22433],[141.36151,40.23003],[141.36468,40.22925],[141.36819,40.23041],[141.36945,40.23004],[141.37173,40.23107],[141.37346,40.23272],[141.3755,40.23281],[141.3774,40.23371],[141.38251,40.23464],[141.38566,40.23475],[141.38393,40.24104],[141.38424,40.24333],[141.38302,40.24812],[141.38315,40.25153],[141.38238,40.25713],[141.38019,40.25886],[141.38006,40.26084],[141.3768,40.26171],[141.37645,40.26437],[141.37475,40.26742],[141.37471,40.26944],[141.37269,40.27201],[141.37269,40.27368],[141.371,40.27562],[141.37004,40.27832],[141.37023,40.28046],[141.36766,40.28415],[141.36755,40.28824],[141.3661,40.28984],[141.36624,40.29193],[141.36466,40.29407],[141.36464,40.29567],[141.36339,40.29775],[141.364,40.29894],[141.36267,40.30064],[141.35949,40.3003],[141.35672,40.2989],[141.35522,40.30003],[141.3549,40.30305],[141.35406,40.30411],[141.35347,40.30675],[141.35424,40.30835],[141.35379,40.3109],[141.35591,40.31361],[141.35475,40.31486],[141.35629,40.31694],[141.35375,40.32006],[141.3545,40.32163],[141.35314,40.3238],[141.3534,40.32526],[141.35033,40.32881],[141.351,40.33107]]]}},{"type":"Feature","properties":{"code":"03214","name":"八幡平市","pref":"岩手県","pref_code":"03","cx":140.99439,"cy":40.04311,"bbox":[140.84441,39.83992,141.16902,40.24763]},"geometry":{"type":"Polygon","coordinates":[[[141.15585,39.92681],[141.15176,39.9304],[141.14818,39.93517],[141.14634,39.93686],[141.14542,39.93904],[141.1412,39.94346],[141.13938,39.94474],[141.13393,39.94715],[141.1331,39.94654],[141.12915,39.9455],[141.12856,39.94682],[141.13066,39.94904],[141.12842,39.94997],[141.12783,39.95138],[141.12823,39.95357],[141.12977,39.95426],[141.13238,39.95836],[141.13466,39.95993],[141.13966,39.96168],[141.14173,39.96328],[141.14866,39.96674],[141.14748,39.96818],[141.14998,39.96857],[141.14895,39.97143],[141.14697,39.97327],[141.14081,39.97593],[141.14018,39.97925],[141.14148,39.98083],[141.13836,39.98124],[141.13744,39.98307],[141.13614,39.984],[141.13385,39.9889],[141.13228,39.98994],[141.13137,39.99162],[141.12934,39.99376],[141.12879,39.99514],[141.12971,39.99819],[141.13069,39.99885],[141.13054,40.00102],[141.12758,40.0068],[141.12485,40.00921],[141.12687,40.01046],[141.12675,40.01327],[141.12789,40.01578],[141.12734,40.017],[141.1255,40.01807],[141.12515,40.0207],[141.12397,40.02332],[141.12263,40.02499],[141.12384,40.02689],[141.12446,40.02935],[141.12402,40.03051],[141.12492,40.03222],[141.12649,40.03882],[141.12774,40.04043],[141.13099,40.03967],[141.13263,40.04225],[141.13603,40.04481],[141.14615,40.04878],[141.14853,40.05037],[141.14941,40.05161],[141.14837,40.05455],[141.14877,40.05618],[141.14729,40.05868],[141.14783,40.0623],[141.14973,40.06521],[141.15238,40.06697],[141.15118,40.068],[141.15013,40.07109],[141.15486,40.07275],[141.15567,40.07415],[141.15665,40.07888],[141.16182,40.08379],[141.16146,40.08529],[141.15917,40.08645],[141.15786,40.0888],[141.15555,40.08935],[141.15345,40.09112],[141.15242,40.09307],[141.14827,40.09307],[141.14682,40.09534],[141.14303,40.09603],[141.1396,40.09531],[141.13783,40.09569],[141.1325,40.09462],[141.12822,40.09588],[141.12829,40.09731],[141.12955,40.09944],[141.12748,40.10216],[141.12529,40.10374],[141.12458,40.11041],[141.12384,40.11111],[141.1226,40.11465],[141.11873,40.11775],[141.11538,40.1183],[141.11425,40.11969],[141.10982,40.12199],[141.1088,40.12296],[141.10907,40.1311],[141.10622,40.13664],[141.10372,40.13693],[141.0988,40.13641],[141.09694,40.13711],[141.09471,40.13698],[141.09314,40.13791],[141.08934,40.13782],[141.08765,40.13831],[141.08557,40.13787],[141.08285,40.13844],[141.08029,40.14094],[141.07848,40.13978],[141.07697,40.1376],[141.06947,40.13835],[141.06789,40.13967],[141.06205,40.14037],[141.06109,40.14117],[141.06183,40.143],[141.06139,40.14435],[141.05818,40.14476],[141.05629,40.14606],[141.05306,40.14998],[141.04781,40.15202],[141.04411,40.15235],[141.04219,40.1537],[141.03776,40.15472],[141.03516,40.15734],[141.03492,40.15883],[141.03216,40.16435],[141.02879,40.16743],[141.02607,40.16776],[141.02766,40.17089],[141.02579,40.17291],[141.02589,40.17507],[141.02936,40.18],[141.0315,40.18167],[141.02982,40.18354],[141.02906,40.18747],[141.03062,40.18868],[141.02963,40.19002],[141.02772,40.19564],[141.02906,40.19852],[141.02845,40.20025],[141.02865,40.20301],[141.02678,40.20511],[141.03169,40.20734],[141.02976,40.21025],[141.03079,40.21146],[141.0302,40.21296],[141.0279,40.21476],[141.03002,40.21711],[141.02849,40.21964],[141.02598,40.22168],[141.02381,40.22126],[141.02237,40.22027],[141.01618,40.21967],[141.01584,40.21804],[141.01293,40.21775],[141.01046,40.21891],[141.00603,40.21792],[141.00177,40.2206],[140.99649,40.21915],[140.993,40.22106],[140.9914,40.22275],[140.98835,40.22216],[140.98619,40.221],[140.98397,40.22094],[140.98006,40.21963],[140.97914,40.21992],[140.97818,40.22227],[140.97592,40.22356],[140.97596,40.22576],[140.97213,40.22681],[140.96853,40.22654],[140.96943,40.22825],[140.96861,40.23083],[140.96865,40.23292],[140.96628,40.23482],[140.96717,40.23578],[140.96721,40.23768],[140.96537,40.23972],[140.96311,40.24078],[140.95919,40.24149],[140.95493,40.24511],[140.95507,40.24763],[140.95173,40.24695],[140.94677,40.24695],[140.94449,40.24616],[140.94344,40.24352],[140.94009,40.24024],[140.94129,40.23709],[140.94085,40.23234],[140.94212,40.23042],[140.94221,40.22869],[140.94096,40.2269],[140.93797,40.22733],[140.93411,40.22607],[140.93095,40.22649],[140.92423,40.22587],[140.91776,40.22343],[140.91559,40.22381],[140.91072,40.22308],[140.90963,40.22351],[140.90548,40.22214],[140.90426,40.21815],[140.90188,40.21631],[140.89854,40.21562],[140.89579,40.21365],[140.89911,40.21239],[140.8983,40.20899],[140.89205,40.20221],[140.88953,40.20054],[140.89018,40.19789],[140.89125,40.19695],[140.89236,40.19228],[140.87993,40.18315],[140.8787,40.1827],[140.87735,40.18086],[140.87251,40.17828],[140.8685,40.17783],[140.86031,40.17327],[140.85926,40.17158],[140.85999,40.16879],[140.8615,40.16733],[140.8615,40.16591],[140.86378,40.16375],[140.86694,40.16224],[140.86911,40.15948],[140.87548,40.16078],[140.8824,40.159],[140.88361,40.15732],[140.88227,40.15592],[140.88315,40.15358],[140.88237,40.15085],[140.87949,40.14902],[140.87719,40.14622],[140.87686,40.14499],[140.87454,40.1431],[140.87463,40.13951],[140.8708,40.13702],[140.86894,40.13423],[140.86699,40.13237],[140.8672,40.13063],[140.87404,40.12239],[140.87082,40.11759],[140.8715,40.11581],[140.87867,40.11503],[140.88096,40.11393],[140.8805,40.11222],[140.87922,40.11111],[140.87965,40.1071],[140.87938,40.10572],[140.87749,40.10533],[140.87693,40.10249],[140.87733,40.09809],[140.87566,40.09642],[140.87534,40.09457],[140.87375,40.09392],[140.87209,40.09117],[140.86942,40.09034],[140.86749,40.08902],[140.86654,40.08735],[140.86331,40.08495],[140.86148,40.08472],[140.85897,40.08609],[140.85753,40.0862],[140.8541,40.08438],[140.85358,40.08163],[140.85164,40.08128],[140.85132,40.07785],[140.84931,40.0771],[140.84686,40.07538],[140.84448,40.07459],[140.84441,40.07311],[140.84723,40.0652],[140.84877,40.06297],[140.85097,40.0615],[140.85018,40.05836],[140.85133,40.05653],[140.85114,40.05342],[140.85233,40.05216],[140.85537,40.0467],[140.85562,40.04393],[140.85442,40.04228],[140.85532,40.03856],[140.85462,40.03622],[140.85229,40.03446],[140.85041,40.03171],[140.85178,40.02949],[140.85076,40.02867],[140.85233,40.02671],[140.85169,40.02573],[140.85462,40.0242],[140.8556,40.02219],[140.8531,40.02015],[140.85316,40.01841],[140.85579,40.01584],[140.85547,40.01392],[140.85378,40.01256],[140.85169,40.01186],[140.849,40.00807],[140.84917,40.0055],[140.84849,40.00388],[140.85092,39.99956],[140.85081,39.99375],[140.84948,39.98927],[140.84815,39.98781],[140.84783,39.98092],[140.84688,39.97617],[140.84533,39.9751],[140.84626,39.97375],[140.84615,39.97213],[140.84771,39.96947],[140.84715,39.9656],[140.84879,39.96194],[140.84806,39.95836],[140.85248,39.95754],[140.85453,39.95641],[140.85485,39.95491],[140.85721,39.95303],[140.85578,39.95101],[140.85655,39.94975],[140.85603,39.94782],[140.85692,39.9442],[140.85545,39.94272],[140.85316,39.94164],[140.85309,39.93827],[140.85227,39.9364],[140.85335,39.93414],[140.85707,39.93107],[140.85746,39.9282],[140.85583,39.92569],[140.85608,39.92444],[140.85469,39.92329],[140.85861,39.92024],[140.8647,39.9168],[140.86805,39.91166],[140.86834,39.90778],[140.86802,39.90212],[140.86701,39.90083],[140.86765,39.89964],[140.87283,39.8962],[140.87483,39.89411],[140.87451,39.8935],[140.87617,39.89128],[140.8787,39.88622],[140.87963,39.88332],[140.87935,39.87823],[140.87788,39.87429],[140.88151,39.8722],[140.88351,39.86974],[140.88361,39.86688],[140.88698,39.86469],[140.88843,39.86312],[140.8878,39.86052],[140.88968,39.85924],[140.89267,39.8561],[140.89324,39.85373],[140.89725,39.85063],[140.89908,39.84812],[140.89934,39.84658],[140.90602,39.84589],[140.91171,39.84597],[140.91496,39.84735],[140.9179,39.84692],[140.92094,39.84507],[140.92441,39.84206],[140.92675,39.84139],[140.9297,39.84221],[140.93189,39.8406],[140.93485,39.84147],[140.93954,39.83992],[140.94183,39.84229],[140.94489,39.842],[140.94926,39.84574],[140.95327,39.84684],[140.95549,39.85011],[140.9577,39.85068],[140.96216,39.85067],[140.96691,39.85174],[140.9684,39.84927],[140.97339,39.84546],[140.97809,39.84347],[140.9813,39.8437],[140.98402,39.84237],[140.98673,39.8437],[140.99054,39.84366],[140.99699,39.84557],[141.0004,39.84339],[141.00117,39.85254],[141.02702,39.86029],[141.03319,39.86264],[141.0571,39.86805],[141.05828,39.8679],[141.05819,39.86569],[141.05959,39.86383],[141.06629,39.86521],[141.07199,39.86278],[141.07677,39.86188],[141.0804,39.86251],[141.08005,39.86346],[141.0834,39.86479],[141.08263,39.8678],[141.0829,39.86939],[141.08479,39.87162],[141.08473,39.87262],[141.08625,39.87528],[141.09241,39.87713],[141.09493,39.87675],[141.09727,39.879],[141.09863,39.87924],[141.10009,39.87871],[141.1031,39.87975],[141.10565,39.8789],[141.10788,39.8791],[141.11055,39.88127],[141.11246,39.88163],[141.11605,39.8834],[141.11808,39.8829],[141.12097,39.88393],[141.12986,39.88324],[141.13346,39.88247],[141.13468,39.88488],[141.13732,39.88733],[141.14076,39.88996],[141.14293,39.89008],[141.14619,39.89351],[141.14862,39.89763],[141.15012,39.89903],[141.15139,39.8979],[141.15367,39.90015],[141.15606,39.89913],[141.15779,39.90112],[141.16069,39.90252],[141.16304,39.90465],[141.16496,39.90495],[141.16787,39.90286],[141.16865,39.90315],[141.16902,39.90828],[141.16687,39.91047],[141.16213,39.91379],[141.16093,39.91609],[141.15897,39.91787],[141.15769,39.92183],[141.15762,39.92392],[141.15585,39.92681]]]}},{"type":"Feature","properties":{"code":"03215","name":"奥州市","pref":"岩手県","pref_code":"03","cx":141.2204,"cy":39.15193,"bbox":[140.74894,38.98528,141.40662,39.31862]},"geometry":{"type":"Polygon","coordinates":[[[141.23738,39.30648],[141.23572,39.30299],[141.23676,39.3008],[141.23826,39.29937],[141.24052,39.29873],[141.24053,39.29759],[141.23869,39.29606],[141.23756,39.29354],[141.24084,39.2914],[141.24261,39.29127],[141.2442,39.28929],[141.2449,39.28579],[141.24667,39.2857],[141.24757,39.28398],[141.25021,39.28144],[141.24911,39.2793],[141.25412,39.27331],[141.25399,39.27185],[141.2484,39.2699],[141.24423,39.26917],[141.23726,39.26668],[141.2329,39.26614],[141.22979,39.26654],[141.22646,39.26473],[141.22578,39.26257],[141.22362,39.2617],[141.21218,39.26434],[141.2113,39.26535],[141.20783,39.267],[141.20681,39.26856],[141.20168,39.27097],[141.20039,39.27305],[141.19697,39.27441],[141.19552,39.27412],[141.19358,39.2756],[141.19131,39.27607],[141.18921,39.27569],[141.18751,39.27334],[141.18784,39.27186],[141.18488,39.27216],[141.18191,39.27142],[141.18007,39.2715],[141.17767,39.26981],[141.17485,39.27021],[141.17278,39.26862],[141.17166,39.26899],[141.16945,39.267],[141.16753,39.26189],[141.16787,39.26066],[141.16616,39.25894],[141.1666,39.25828],[141.16617,39.25488],[141.16153,39.25168],[141.16001,39.25347],[141.15623,39.25489],[141.154,39.25483],[141.15082,39.25578],[141.14942,39.25489],[141.14987,39.25348],[141.14803,39.25188],[141.145,39.25185],[141.14179,39.2503],[141.1425,39.24806],[141.14497,39.24372],[141.14346,39.24185],[141.1343,39.24017],[141.13349,39.23896],[141.12818,39.23748],[141.12755,39.23867],[141.11963,39.23633],[141.11933,39.23707],[141.11149,39.23565],[141.10382,39.23119],[141.10365,39.22986],[141.10528,39.22732],[141.11407,39.22575],[141.11662,39.22589],[141.12266,39.22502],[141.12662,39.2232],[141.12957,39.22014],[141.13037,39.21781],[141.12971,39.2099],[141.12561,39.19921],[141.12754,39.19641],[141.13038,39.19517],[141.13565,39.19516],[141.13895,39.1957],[141.14115,39.19415],[141.14265,39.19054],[141.13921,39.19043],[141.13286,39.18697],[141.12525,39.1877],[141.10806,39.1824],[141.10767,39.18052],[141.10581,39.17923],[141.10446,39.17707],[141.10136,39.175],[141.10065,39.17555],[141.09765,39.17348],[141.09967,39.17171],[141.09555,39.16998],[141.09595,39.16926],[141.08801,39.16343],[141.08648,39.16321],[141.08084,39.15987],[141.07375,39.15795],[141.0596,39.15074],[141.04298,39.1467],[141.03787,39.14175],[141.03388,39.13542],[141.03081,39.13227],[141.02775,39.13151],[141.02493,39.13173],[141.01978,39.12984],[141.01393,39.13036],[141.01264,39.132],[141.01022,39.13237],[141.00811,39.135],[141.00668,39.13428],[140.9986,39.13369],[140.99534,39.13398],[140.99087,39.13604],[140.98327,39.13849],[140.97961,39.14207],[140.97382,39.14256],[140.968,39.14623],[140.96496,39.14658],[140.96262,39.1498],[140.92194,39.16765],[140.91915,39.16952],[140.91295,39.17087],[140.90845,39.17249],[140.90577,39.17282],[140.90305,39.1726],[140.90084,39.17148],[140.89855,39.17259],[140.89679,39.17408],[140.89698,39.17572],[140.89549,39.17788],[140.89069,39.18169],[140.88686,39.18076],[140.88635,39.18001],[140.88308,39.17944],[140.88131,39.17837],[140.88044,39.1756],[140.87866,39.17562],[140.87353,39.17441],[140.87176,39.17528],[140.86555,39.17536],[140.86318,39.1763],[140.85826,39.17635],[140.85755,39.17733],[140.85292,39.17647],[140.85056,39.17462],[140.8491,39.1726],[140.8459,39.17126],[140.84436,39.16901],[140.8423,39.16852],[140.83921,39.16653],[140.83322,39.16502],[140.83197,39.16543],[140.82645,39.16944],[140.82472,39.17199],[140.82742,39.17362],[140.82712,39.17458],[140.82373,39.17637],[140.82211,39.17674],[140.81955,39.176],[140.81623,39.17623],[140.80888,39.17844],[140.7989,39.17517],[140.79621,39.17657],[140.79264,39.17412],[140.78833,39.17251],[140.78623,39.16678],[140.78352,39.16541],[140.77993,39.16692],[140.7786,39.16856],[140.77648,39.16844],[140.77388,39.16759],[140.77326,39.16549],[140.77202,39.16418],[140.77076,39.16081],[140.77074,39.15938],[140.76567,39.15496],[140.76555,39.15231],[140.76416,39.15132],[140.76356,39.14978],[140.762,39.14912],[140.75971,39.14637],[140.75905,39.14366],[140.75614,39.14368],[140.75266,39.14237],[140.74973,39.14041],[140.74894,39.13812],[140.75108,39.13326],[140.75787,39.1329],[140.75932,39.13192],[140.76039,39.13005],[140.76258,39.12853],[140.76687,39.12694],[140.76958,39.12506],[140.76998,39.12416],[140.76661,39.12022],[140.76031,39.11823],[140.75872,39.11858],[140.75587,39.11805],[140.75631,39.11456],[140.75593,39.11219],[140.75802,39.11226],[140.76169,39.11092],[140.76173,39.1097],[140.76325,39.10886],[140.76073,39.10596],[140.75904,39.10316],[140.75821,39.09975],[140.75693,39.09876],[140.75593,39.09677],[140.75715,39.09384],[140.75607,39.09224],[140.75335,39.09101],[140.75247,39.08758],[140.75291,39.08602],[140.75853,39.08538],[140.75898,39.08339],[140.76055,39.08301],[140.76322,39.08059],[140.76656,39.08105],[140.76828,39.07945],[140.77197,39.07868],[140.77511,39.07969],[140.7758,39.08078],[140.77885,39.08207],[140.78164,39.08164],[140.78345,39.07905],[140.78965,39.07838],[140.79283,39.07733],[140.7951,39.07705],[140.79768,39.07754],[140.79998,39.07654],[140.80054,39.07779],[140.80239,39.07789],[140.80082,39.07396],[140.80251,39.07371],[140.80398,39.07229],[140.80443,39.07057],[140.80339,39.0694],[140.80384,39.06699],[140.80061,39.06463],[140.79945,39.06284],[140.80022,39.05998],[140.80201,39.05884],[140.80529,39.05785],[140.80664,39.05829],[140.8098,39.05797],[140.80819,39.05545],[140.80637,39.05476],[140.80518,39.05202],[140.8032,39.05016],[140.80083,39.04944],[140.80063,39.04725],[140.79926,39.04604],[140.79942,39.04453],[140.79353,39.04172],[140.79609,39.03602],[140.79353,39.0335],[140.79327,39.03203],[140.79508,39.03066],[140.79468,39.02874],[140.79263,39.02774],[140.79076,39.02409],[140.78572,39.02151],[140.78493,39.01971],[140.78785,39.01738],[140.79239,39.01516],[140.79704,39.01605],[140.79883,39.01546],[140.80182,39.01563],[140.80444,39.0152],[140.80606,39.01426],[140.80931,39.01432],[140.81305,39.01519],[140.81506,39.01703],[140.81696,39.0176],[140.81835,39.01884],[140.82276,39.0204],[140.82493,39.01996],[140.8312,39.0234],[140.8348,39.02168],[140.83933,39.02104],[140.84251,39.02115],[140.84301,39.02609],[140.84576,39.02848],[140.84847,39.02932],[140.85095,39.03575],[140.85378,39.03626],[140.85549,39.0383],[140.86225,39.03937],[140.86206,39.04132],[140.86089,39.04402],[140.86346,39.04485],[140.86493,39.04652],[140.87033,39.04341],[140.87572,39.04289],[140.87697,39.04488],[140.87852,39.04522],[140.88302,39.04413],[140.8844,39.04523],[140.88669,39.04589],[140.88878,39.04723],[140.89073,39.04697],[140.89294,39.04929],[140.89509,39.04976],[140.89686,39.04934],[140.89727,39.04729],[140.9009,39.04599],[140.90113,39.04193],[140.90587,39.03813],[140.90655,39.0369],[140.90561,39.03454],[140.90651,39.03246],[140.90818,39.03083],[140.90877,39.02872],[140.9076,39.02821],[140.90758,39.02623],[140.90848,39.02404],[140.91155,39.02202],[140.91779,39.01501],[140.9173,39.0139],[140.91749,39.01004],[140.91594,39.00757],[140.91691,39.0047],[140.91967,39.00132],[140.91939,38.99864],[140.92019,38.99768],[140.92049,38.99538],[140.92371,38.99357],[140.92755,38.99243],[140.93035,38.99249],[140.93206,38.99078],[140.93982,38.99273],[140.94293,38.99302],[140.94459,38.99264],[140.94818,38.99342],[140.95021,38.99482],[140.95193,38.99422],[140.95516,38.99476],[140.95763,38.99669],[140.96165,38.99649],[140.96319,38.99721],[140.9718,38.99515],[140.97734,38.99468],[140.97836,38.99723],[140.97964,38.9976],[140.9828,38.99662],[140.98368,38.99689],[140.98695,38.99354],[140.98535,38.99229],[140.9878,38.99083],[140.98811,38.98851],[140.99069,38.98778],[140.99264,38.98945],[140.99403,38.98847],[140.99732,38.98737],[141.00225,38.98752],[141.00646,38.98528],[141.00724,38.98541],[141.00959,38.98805],[141.01043,38.98708],[141.01634,38.98779],[141.01747,38.99009],[141.01956,38.98993],[141.02045,38.99109],[141.02566,38.99172],[141.02789,38.99553],[141.03061,38.99701],[141.03523,38.99832],[141.03759,38.99974],[141.04506,39.00148],[141.04836,39.0011],[141.04949,38.99929],[141.05218,39.00037],[141.05549,39.00031],[141.05768,38.99946],[141.05933,39.00068],[141.06123,39.0003],[141.06508,39.00254],[141.06761,39.00288],[141.06982,39.00203],[141.07351,39.00217],[141.07414,39.00313],[141.07659,39.0027],[141.08159,39.0034],[141.08655,39.00304],[141.09018,39.00435],[141.08968,39.0063],[141.09132,39.00721],[141.09629,39.00448],[141.09726,39.00441],[141.09961,39.00646],[141.10751,39.00541],[141.11082,39.00591],[141.11049,39.00752],[141.11126,39.00936],[141.11263,39.01006],[141.11088,39.01258],[141.11035,39.01563],[141.11137,39.01702],[141.11034,39.01869],[141.10521,39.01905],[141.10406,39.02861],[141.10561,39.02851],[141.10665,39.02704],[141.10809,39.02667],[141.11196,39.02323],[141.11408,39.02216],[141.11908,39.01813],[141.11801,39.01563],[141.11958,39.01447],[141.12123,39.01586],[141.12331,39.01428],[141.12782,39.01317],[141.13426,39.02017],[141.13811,39.02129],[141.14132,39.01937],[141.14544,39.01796],[141.14824,39.0164],[141.16087,39.01265],[141.16681,39.01533],[141.16854,39.01767],[141.17376,39.0172],[141.17752,39.01843],[141.17899,39.01987],[141.18171,39.02011],[141.18428,39.02391],[141.18421,39.02702],[141.1948,39.02968],[141.19782,39.02968],[141.20024,39.03114],[141.2012,39.03237],[141.20404,39.03207],[141.20466,39.03367],[141.20205,39.03623],[141.19932,39.03765],[141.19846,39.03913],[141.2003,39.04035],[141.20363,39.04078],[141.20581,39.03984],[141.2066,39.0405],[141.20546,39.04233],[141.20491,39.04459],[141.20715,39.04944],[141.20681,39.05055],[141.20784,39.05206],[141.2097,39.05313],[141.21298,39.05285],[141.21528,39.0556],[141.21489,39.05686],[141.21819,39.05871],[141.22203,39.05931],[141.22449,39.05803],[141.22659,39.0598],[141.22659,39.06121],[141.2286,39.06231],[141.23666,39.06193],[141.23751,39.06286],[141.23988,39.06361],[141.23995,39.06526],[141.24149,39.06612],[141.24327,39.07068],[141.24923,39.07051],[141.25059,39.07135],[141.24953,39.07427],[141.25118,39.07453],[141.25242,39.0768],[141.25283,39.08155],[141.25378,39.0824],[141.25638,39.08218],[141.25717,39.08132],[141.26002,39.0808],[141.26221,39.08485],[141.26515,39.08678],[141.26741,39.08759],[141.2675,39.08881],[141.26939,39.09091],[141.27296,39.09141],[141.27521,39.0923],[141.2779,39.08984],[141.28198,39.08924],[141.2836,39.08998],[141.28724,39.08999],[141.28866,39.08915],[141.28885,39.08723],[141.29093,39.08643],[141.29372,39.08637],[141.29658,39.084],[141.30443,39.08268],[141.30882,39.08312],[141.31038,39.08258],[141.31409,39.08322],[141.31329,39.08683],[141.30998,39.09177],[141.30881,39.09228],[141.30672,39.09568],[141.30573,39.0999],[141.30309,39.10217],[141.3032,39.10629],[141.30447,39.10825],[141.30268,39.10986],[141.30549,39.11272],[141.30611,39.11439],[141.30509,39.11687],[141.30208,39.11884],[141.30161,39.12033],[141.30386,39.12047],[141.30382,39.12219],[141.30263,39.12425],[141.30339,39.1259],[141.30244,39.13208],[141.30465,39.13174],[141.3099,39.1327],[141.3122,39.13255],[141.31576,39.1315],[141.31947,39.13217],[141.32428,39.13171],[141.32698,39.13206],[141.33029,39.134],[141.33145,39.13617],[141.33544,39.1379],[141.34047,39.1388],[141.34439,39.13446],[141.35051,39.13098],[141.35489,39.13098],[141.35559,39.13148],[141.35668,39.13481],[141.35328,39.13926],[141.35306,39.14077],[141.35623,39.14619],[141.3564,39.14747],[141.36072,39.14861],[141.36473,39.15128],[141.36684,39.15049],[141.36782,39.1494],[141.37151,39.14857],[141.37276,39.14952],[141.37479,39.14979],[141.37587,39.15155],[141.37816,39.15153],[141.38019,39.15268],[141.37998,39.15486],[141.38134,39.15677],[141.38336,39.15839],[141.38266,39.16016],[141.38336,39.1618],[141.38485,39.16212],[141.38397,39.1636],[141.38485,39.16586],[141.38685,39.16599],[141.3879,39.16898],[141.38845,39.17234],[141.38755,39.17389],[141.38446,39.17684],[141.389,39.18112],[141.38931,39.18188],[141.38601,39.1849],[141.38198,39.1864],[141.37948,39.18585],[141.37607,39.18642],[141.37336,39.1876],[141.37336,39.18912],[141.37699,39.19162],[141.38365,39.19325],[141.38732,39.19283],[141.3889,39.19404],[141.39183,39.19436],[141.39252,39.1972],[141.3975,39.20003],[141.39986,39.20008],[141.40662,39.20359],[141.40537,39.2044],[141.40299,39.20966],[141.39783,39.21585],[141.3899,39.22715],[141.38788,39.22772],[141.38814,39.22883],[141.38599,39.23137],[141.38558,39.23414],[141.38306,39.235],[141.38135,39.23636],[141.382,39.2393],[141.3803,39.24181],[141.38036,39.24331],[141.3823,39.24497],[141.38259,39.24665],[141.37914,39.24965],[141.37755,39.24972],[141.37353,39.25257],[141.37091,39.25313],[141.37026,39.2543],[141.36646,39.25531],[141.36326,39.25718],[141.35847,39.25876],[141.35624,39.26131],[141.353,39.26293],[141.35161,39.26237],[141.34099,39.26428],[141.33905,39.26646],[141.33694,39.26682],[141.33491,39.26918],[141.33349,39.27196],[141.33412,39.27503],[141.33395,39.27683],[141.33094,39.27762],[141.32893,39.27913],[141.32592,39.2825],[141.31978,39.28253],[141.3083,39.27797],[141.30415,39.27658],[141.30302,39.27679],[141.30243,39.27863],[141.3031,39.28038],[141.30322,39.28437],[141.30419,39.28577],[141.30909,39.28915],[141.30829,39.2915],[141.30636,39.29312],[141.30634,39.29412],[141.30461,39.29545],[141.3016,39.29635],[141.30125,39.29945],[141.3033,39.30139],[141.30122,39.30389],[141.30069,39.30586],[141.2978,39.30716],[141.29784,39.30912],[141.29881,39.3119],[141.2935,39.31824],[141.28838,39.31862],[141.28635,39.3171],[141.27857,39.31704],[141.27742,39.31623],[141.27046,39.31418],[141.26781,39.31506],[141.26486,39.3144],[141.26238,39.31308],[141.25832,39.31467],[141.25727,39.31363],[141.24915,39.31476],[141.24747,39.31254],[141.24088,39.31107],[141.23904,39.30947],[141.23938,39.3086],[141.23738,39.30648]]]}},{"type":"Feature","properties":{"code":"03216","name":"滝沢市","pref":"岩手県","pref_code":"03","cx":141.08493,"cy":39.78346,"bbox":[141.0004,39.68997,141.1681,39.87924]},"geometry":{"type":"Polygon","coordinates":[[[141.09863,39.87924],[141.09727,39.879],[141.09493,39.87675],[141.09241,39.87713],[141.08625,39.87528],[141.08473,39.87262],[141.08479,39.87162],[141.0829,39.86939],[141.08263,39.8678],[141.0834,39.86479],[141.08005,39.86346],[141.0804,39.86251],[141.07677,39.86188],[141.07199,39.86278],[141.06629,39.86521],[141.05959,39.86383],[141.05819,39.86569],[141.05828,39.8679],[141.0571,39.86805],[141.03319,39.86264],[141.02702,39.86029],[141.00117,39.85254],[141.0004,39.84339],[141.00144,39.83656],[141.00557,39.82931],[141.00706,39.82881],[141.00954,39.82629],[141.00876,39.82272],[141.00932,39.82165],[141.00844,39.81827],[141.00696,39.81731],[141.00437,39.81243],[141.00367,39.80898],[141.00447,39.80744],[141.00402,39.7964],[141.00256,39.78866],[141.00338,39.77578],[141.00835,39.77535],[141.01029,39.77308],[141.01687,39.76929],[141.02154,39.76499],[141.02146,39.76272],[141.02001,39.76103],[141.02133,39.75992],[141.01989,39.75657],[141.02075,39.75314],[141.02072,39.74911],[141.01919,39.74621],[141.01666,39.74429],[141.01655,39.74174],[141.01492,39.74087],[141.01394,39.73898],[141.01386,39.73666],[141.01515,39.73233],[141.01715,39.72957],[141.01664,39.72724],[141.01731,39.72235],[141.01587,39.71815],[141.01698,39.71663],[141.01911,39.71591],[141.0214,39.71435],[141.02076,39.71168],[141.02085,39.70849],[141.02358,39.70509],[141.02776,39.70486],[141.03651,39.70555],[141.03889,39.70343],[141.03642,39.70233],[141.02985,39.70181],[141.03141,39.7002],[141.03344,39.70058],[141.03565,39.70002],[141.03886,39.69496],[141.04472,39.69211],[141.04589,39.69057],[141.0481,39.68997],[141.05133,39.69098],[141.05322,39.69283],[141.06424,39.6973],[141.06997,39.69757],[141.07351,39.69865],[141.07571,39.70009],[141.07686,39.70208],[141.07849,39.7036],[141.08357,39.70409],[141.08359,39.7058],[141.08054,39.70653],[141.07897,39.70773],[141.07838,39.7101],[141.08076,39.71046],[141.08047,39.71177],[141.07861,39.71174],[141.07871,39.71601],[141.08076,39.72172],[141.0774,39.72293],[141.07766,39.72396],[141.07621,39.72506],[141.07317,39.72518],[141.06812,39.72681],[141.07017,39.72958],[141.07142,39.73005],[141.07335,39.72937],[141.07448,39.72764],[141.07848,39.72687],[141.07822,39.72581],[141.08146,39.72526],[141.0809,39.72321],[141.08846,39.72186],[141.08931,39.7249],[141.09879,39.72316],[141.09865,39.72558],[141.09928,39.72698],[141.09829,39.72819],[141.09971,39.73098],[141.10157,39.73119],[141.10477,39.73362],[141.10609,39.73559],[141.10533,39.73836],[141.10528,39.74249],[141.10678,39.74078],[141.11055,39.74272],[141.11106,39.74529],[141.1171,39.74713],[141.11925,39.74856],[141.12187,39.74768],[141.12313,39.74952],[141.11807,39.75026],[141.11635,39.75196],[141.11783,39.75439],[141.12167,39.75601],[141.12206,39.76021],[141.12552,39.76349],[141.12622,39.76548],[141.1288,39.76793],[141.13129,39.76794],[141.14066,39.76998],[141.14129,39.77115],[141.14678,39.77165],[141.14794,39.77072],[141.1481,39.76891],[141.15053,39.76591],[141.15529,39.76693],[141.15978,39.76655],[141.16361,39.76717],[141.16585,39.76882],[141.16638,39.77174],[141.1642,39.77476],[141.16486,39.7767],[141.16741,39.77836],[141.1681,39.77956],[141.16582,39.78736],[141.16479,39.789],[141.16232,39.79648],[141.16252,39.79768],[141.166,39.80071],[141.16502,39.80173],[141.16181,39.80222],[141.16051,39.80334],[141.16197,39.80554],[141.16221,39.8081],[141.15793,39.80782],[141.15567,39.80829],[141.1516,39.80704],[141.14818,39.80776],[141.14793,39.80967],[141.1491,39.81047],[141.15421,39.81163],[141.15441,39.81426],[141.15177,39.81679],[141.1531,39.81977],[141.15565,39.82114],[141.15463,39.8223],[141.1505,39.82331],[141.15031,39.8253],[141.14896,39.82639],[141.147,39.82669],[141.14242,39.82411],[141.13727,39.82537],[141.13568,39.82395],[141.13408,39.82474],[141.13458,39.82666],[141.13242,39.82772],[141.13365,39.83005],[141.12724,39.84274],[141.11159,39.84264],[141.11064,39.85246],[141.11092,39.85388],[141.10956,39.86037],[141.10746,39.86427],[141.10437,39.86823],[141.10013,39.87744],[141.09863,39.87924]]]}},{"type":"Feature","properties":{"code":"03301","name":"岩手郡雫石町","pref":"岩手県","pref_code":"03","cx":140.9214,"cy":39.70207,"bbox":[140.77482,39.51772,141.06214,39.88614]},"geometry":{"type":"Polygon","coordinates":[[[141.02985,39.70181],[141.03642,39.70233],[141.03889,39.70343],[141.03651,39.70555],[141.02776,39.70486],[141.02358,39.70509],[141.02085,39.70849],[141.02076,39.71168],[141.0214,39.71435],[141.01911,39.71591],[141.01698,39.71663],[141.01587,39.71815],[141.01731,39.72235],[141.01664,39.72724],[141.01715,39.72957],[141.01515,39.73233],[141.01386,39.73666],[141.01394,39.73898],[141.01492,39.74087],[141.01655,39.74174],[141.01666,39.74429],[141.01919,39.74621],[141.02072,39.74911],[141.02075,39.75314],[141.01989,39.75657],[141.02133,39.75992],[141.02001,39.76103],[141.02146,39.76272],[141.02154,39.76499],[141.01687,39.76929],[141.01029,39.77308],[141.00835,39.77535],[141.00338,39.77578],[141.00256,39.78866],[141.00402,39.7964],[141.00447,39.80744],[141.00367,39.80898],[141.00437,39.81243],[141.00696,39.81731],[141.00844,39.81827],[141.00932,39.82165],[141.00876,39.82272],[141.00954,39.82629],[141.00706,39.82881],[141.00557,39.82931],[141.00435,39.83191],[141.00315,39.83304],[141.00144,39.83656],[141.0004,39.84339],[140.99699,39.84557],[140.99054,39.84366],[140.98673,39.8437],[140.98402,39.84237],[140.9813,39.8437],[140.97809,39.84347],[140.97339,39.84546],[140.9684,39.84927],[140.96691,39.85174],[140.96216,39.85067],[140.9577,39.85068],[140.95549,39.85011],[140.95327,39.84684],[140.94926,39.84574],[140.94489,39.842],[140.94183,39.84229],[140.93954,39.83992],[140.93485,39.84147],[140.93189,39.8406],[140.9297,39.84221],[140.92675,39.84139],[140.92441,39.84206],[140.92094,39.84507],[140.9179,39.84692],[140.91496,39.84735],[140.91171,39.84597],[140.90602,39.84589],[140.89934,39.84658],[140.89908,39.84812],[140.89725,39.85063],[140.89324,39.85373],[140.89267,39.8561],[140.88968,39.85924],[140.8878,39.86052],[140.88843,39.86312],[140.88698,39.86469],[140.88361,39.86688],[140.88351,39.86974],[140.88151,39.8722],[140.87788,39.87429],[140.87377,39.87312],[140.87015,39.87101],[140.86627,39.87159],[140.86335,39.87139],[140.85734,39.86961],[140.85628,39.86729],[140.85292,39.86579],[140.84799,39.86773],[140.84525,39.86946],[140.84309,39.87148],[140.84452,39.87249],[140.84424,39.87357],[140.83755,39.87571],[140.83565,39.87481],[140.83249,39.87514],[140.83285,39.87677],[140.83505,39.87933],[140.83403,39.88121],[140.83249,39.88242],[140.83026,39.88202],[140.82872,39.88312],[140.82851,39.8848],[140.82624,39.88614],[140.82386,39.88572],[140.82337,39.8835],[140.82215,39.88271],[140.81804,39.88206],[140.81682,39.8825],[140.81617,39.87976],[140.81398,39.8791],[140.80659,39.87945],[140.79951,39.88168],[140.79733,39.88046],[140.79653,39.87779],[140.79132,39.87428],[140.78809,39.8742],[140.78459,39.8714],[140.78406,39.86917],[140.78224,39.86785],[140.78279,39.86294],[140.78339,39.86041],[140.78742,39.85929],[140.78744,39.8586],[140.78394,39.85647],[140.78859,39.85234],[140.78919,39.84915],[140.78759,39.84652],[140.78692,39.84415],[140.78501,39.84227],[140.78622,39.84037],[140.78586,39.83697],[140.78617,39.83516],[140.78302,39.83124],[140.78321,39.82886],[140.78394,39.82789],[140.78826,39.82641],[140.78677,39.82335],[140.78896,39.82311],[140.7919,39.82167],[140.79437,39.82126],[140.79778,39.81946],[140.79969,39.81668],[140.80116,39.81664],[140.80339,39.81527],[140.80873,39.81675],[140.81056,39.8182],[140.81309,39.81785],[140.81609,39.81596],[140.81803,39.81659],[140.82252,39.81478],[140.82461,39.81007],[140.82668,39.80951],[140.82862,39.81001],[140.8319,39.80718],[140.83488,39.80661],[140.83821,39.80501],[140.83971,39.80557],[140.84165,39.80492],[140.84406,39.80061],[140.84576,39.79999],[140.8472,39.79826],[140.84827,39.79325],[140.84587,39.79178],[140.84397,39.7914],[140.84004,39.78851],[140.83463,39.78088],[140.83039,39.77875],[140.82558,39.77433],[140.82221,39.77454],[140.81953,39.77185],[140.81795,39.76763],[140.81613,39.76549],[140.81673,39.76418],[140.81577,39.76253],[140.81121,39.75968],[140.80847,39.75937],[140.80533,39.75665],[140.80684,39.75377],[140.80607,39.74761],[140.80373,39.74475],[140.79752,39.74118],[140.78828,39.73824],[140.78082,39.73799],[140.77929,39.73638],[140.77482,39.73455],[140.77502,39.73301],[140.7785,39.73282],[140.78195,39.7313],[140.784,39.72908],[140.7833,39.72713],[140.78347,39.72545],[140.7855,39.72513],[140.78873,39.72268],[140.78782,39.72142],[140.78928,39.71925],[140.79011,39.71604],[140.79192,39.71553],[140.79333,39.71323],[140.79446,39.7096],[140.79913,39.71082],[140.80077,39.71046],[140.8053,39.7108],[140.8099,39.70802],[140.81035,39.70538],[140.80915,39.70347],[140.80992,39.7014],[140.80989,39.69844],[140.81126,39.69701],[140.81135,39.69554],[140.81288,39.69382],[140.81561,39.69238],[140.81571,39.69097],[140.82259,39.68788],[140.82126,39.68563],[140.81921,39.68404],[140.81921,39.68206],[140.81841,39.6801],[140.81966,39.67916],[140.82034,39.67724],[140.81949,39.67536],[140.82191,39.6731],[140.82168,39.67023],[140.82298,39.66545],[140.82193,39.66395],[140.82146,39.65916],[140.82078,39.65807],[140.82081,39.65434],[140.82022,39.65276],[140.82226,39.6503],[140.8184,39.64695],[140.81535,39.64612],[140.81568,39.64419],[140.81387,39.64198],[140.81172,39.6367],[140.80941,39.63389],[140.80752,39.63266],[140.80701,39.63134],[140.8086,39.62744],[140.80839,39.62426],[140.80594,39.62315],[140.80257,39.61885],[140.80375,39.61695],[140.80501,39.61281],[140.80373,39.61044],[140.79993,39.60629],[140.79798,39.60538],[140.79763,39.60423],[140.79531,39.60299],[140.79985,39.59994],[140.80057,39.59725],[140.80556,39.59241],[140.80671,39.5907],[140.81361,39.58961],[140.8177,39.5896],[140.81959,39.59077],[140.82804,39.59329],[140.83412,39.59345],[140.83732,39.59418],[140.83975,39.59361],[140.84006,39.59223],[140.84243,39.59047],[140.84329,39.5882],[140.8448,39.58725],[140.84764,39.58675],[140.84824,39.58534],[140.85009,39.58359],[140.85177,39.58343],[140.85481,39.58165],[140.8565,39.58138],[140.85655,39.57997],[140.85962,39.57636],[140.8581,39.57356],[140.85565,39.57251],[140.85474,39.57124],[140.85737,39.56891],[140.86003,39.56219],[140.86266,39.56251],[140.86288,39.55967],[140.86587,39.5581],[140.86635,39.55662],[140.86827,39.55474],[140.86901,39.55257],[140.86762,39.55126],[140.87023,39.55028],[140.87211,39.55045],[140.87114,39.54727],[140.87394,39.54229],[140.87577,39.5418],[140.87674,39.53919],[140.87614,39.5379],[140.87688,39.53611],[140.87606,39.53443],[140.87114,39.53261],[140.86936,39.52964],[140.86972,39.52874],[140.87389,39.52725],[140.87471,39.525],[140.87446,39.52261],[140.87689,39.52339],[140.87896,39.52231],[140.87996,39.51827],[140.88307,39.51772],[140.88312,39.51992],[140.88617,39.52293],[140.88867,39.52731],[140.88961,39.52719],[140.89222,39.52936],[140.8925,39.53332],[140.89479,39.53434],[140.89561,39.53363],[140.90048,39.53276],[140.90222,39.53417],[140.90384,39.5366],[140.90797,39.53831],[140.91048,39.54015],[140.91389,39.53915],[140.91506,39.54067],[140.9202,39.54334],[140.92316,39.54353],[140.92617,39.54206],[140.92618,39.53955],[140.92727,39.5386],[140.93463,39.53834],[140.93545,39.537],[140.9412,39.53523],[140.94329,39.53515],[140.94645,39.53236],[140.95102,39.53202],[140.95225,39.53245],[140.95569,39.53179],[140.95882,39.53256],[140.9589,39.53486],[140.96098,39.53663],[140.96263,39.53981],[140.96438,39.5413],[140.96798,39.54189],[140.96865,39.54494],[140.97232,39.54635],[140.97016,39.54758],[140.96816,39.54789],[140.96631,39.54976],[140.96625,39.55083],[140.96356,39.55181],[140.96512,39.5534],[140.96563,39.55543],[140.96458,39.55856],[140.9629,39.56008],[140.96355,39.5617],[140.96179,39.56466],[140.9642,39.56522],[140.96466,39.56826],[140.96652,39.57182],[140.96828,39.57305],[140.96815,39.57482],[140.96952,39.57853],[140.97064,39.57977],[140.9742,39.57939],[140.97716,39.57968],[140.97911,39.57911],[140.98275,39.58042],[140.98784,39.5785],[140.98914,39.57581],[140.9903,39.57475],[140.99285,39.57388],[140.99524,39.57428],[140.99782,39.57598],[141.00034,39.57653],[141.00371,39.57475],[141.00717,39.57403],[141.00972,39.57244],[141.00968,39.57138],[141.01366,39.5716],[141.01548,39.57291],[141.018,39.57298],[141.01896,39.57375],[141.02984,39.57512],[141.03176,39.57634],[141.03445,39.5766],[141.03713,39.57893],[141.03887,39.57955],[141.03698,39.5835],[141.03806,39.58707],[141.03956,39.58767],[141.04029,39.59061],[141.04161,39.59138],[141.0458,39.58924],[141.05139,39.59093],[141.05677,39.58909],[141.05979,39.58728],[141.06181,39.59363],[141.06066,39.59489],[141.06214,39.59682],[141.06214,39.59841],[141.05897,39.59964],[141.05814,39.60252],[141.0562,39.60357],[141.05653,39.60517],[141.05418,39.60837],[141.05239,39.60931],[141.05047,39.61144],[141.04966,39.61344],[141.04761,39.61545],[141.04841,39.61633],[141.05331,39.61775],[141.05461,39.62034],[141.05661,39.62196],[141.05408,39.62558],[141.0507,39.62882],[141.04812,39.63015],[141.04456,39.63048],[141.04423,39.63639],[141.04705,39.63736],[141.04914,39.63955],[141.05094,39.63978],[141.05187,39.64106],[141.05496,39.6421],[141.04898,39.64507],[141.04695,39.64656],[141.0468,39.64828],[141.04884,39.64952],[141.04906,39.65139],[141.05016,39.6524],[141.04999,39.65411],[141.04624,39.656],[141.04421,39.65812],[141.04356,39.65982],[141.04048,39.66151],[141.03764,39.66198],[141.03843,39.65898],[141.04056,39.65631],[141.03958,39.65525],[141.03781,39.65553],[141.03579,39.65312],[141.03337,39.65361],[141.03129,39.65321],[141.03134,39.65085],[141.0229,39.64869],[141.0188,39.64872],[141.01623,39.6511],[141.0137,39.65148],[141.01328,39.65375],[141.01161,39.65491],[141.01205,39.65851],[141.01008,39.65971],[141.00863,39.66216],[141.00541,39.66252],[141.00419,39.66336],[141.00126,39.66288],[140.99575,39.66627],[141.00378,39.66992],[141.00511,39.67101],[141.00726,39.67579],[141.00921,39.67739],[141.0151,39.67936],[141.01843,39.68188],[141.01486,39.68332],[141.0125,39.68363],[141.01255,39.68542],[141.01144,39.68799],[141.01394,39.6873],[141.01552,39.68514],[141.01602,39.68801],[141.01272,39.6885],[141.01366,39.69226],[141.0237,39.69877],[141.02985,39.70181]]]}},{"type":"Feature","properties":{"code":"03302","name":"岩手郡葛巻町","pref":"岩手県","pref_code":"03","cx":141.42602,"cy":40.01394,"bbox":[141.28727,39.87431,141.58955,40.15361]},"geometry":{"type":"Polygon","coordinates":[[[141.48418,39.88278],[141.4875,39.88438],[141.48753,39.88592],[141.48558,39.88922],[141.48663,39.89167],[141.48196,39.8921],[141.48297,39.89481],[141.48224,39.89603],[141.48419,39.89742],[141.48543,39.90031],[141.48726,39.9014],[141.49003,39.90405],[141.49915,39.90533],[141.50311,39.90321],[141.5078,39.90604],[141.51042,39.90654],[141.51388,39.91],[141.51634,39.91075],[141.52023,39.90983],[141.52652,39.91051],[141.52927,39.90823],[141.53375,39.90774],[141.53655,39.90841],[141.53788,39.90647],[141.54242,39.90519],[141.54395,39.90553],[141.54627,39.90411],[141.54869,39.90402],[141.54996,39.90292],[141.55214,39.90351],[141.55481,39.90625],[141.55503,39.90718],[141.55837,39.90863],[141.56259,39.91266],[141.56405,39.91578],[141.56145,39.91873],[141.56143,39.92157],[141.55895,39.92362],[141.56004,39.92555],[141.55938,39.92857],[141.56397,39.9299],[141.56519,39.93146],[141.5701,39.93379],[141.57426,39.93642],[141.57691,39.93657],[141.57769,39.93876],[141.58112,39.94051],[141.58226,39.94615],[141.58133,39.9481],[141.58312,39.95001],[141.58329,39.95206],[141.58457,39.95395],[141.5883,39.95521],[141.58955,39.95613],[141.58867,39.95909],[141.58506,39.96055],[141.58454,39.96461],[141.58379,39.96633],[141.58507,39.9679],[141.58392,39.96919],[141.58353,39.97151],[141.58098,39.97318],[141.57889,39.97723],[141.57997,39.97848],[141.57874,39.98089],[141.57707,39.98093],[141.57546,39.98288],[141.5754,39.98494],[141.5718,39.9868],[141.57107,39.98866],[141.57144,39.99001],[141.5682,39.99464],[141.56754,39.99685],[141.56194,40.00278],[141.55728,40.00458],[141.55421,40.00824],[141.55222,40.00946],[141.55197,40.01118],[141.54899,40.01444],[141.54839,40.01721],[141.54937,40.01937],[141.54826,40.02285],[141.54574,40.02556],[141.53925,40.02898],[141.53805,40.03061],[141.53255,40.03154],[141.53037,40.03411],[141.52908,40.03829],[141.52792,40.04044],[141.53178,40.04323],[141.53255,40.04656],[141.53064,40.04806],[141.5289,40.05059],[141.52779,40.05457],[141.52514,40.05627],[141.525,40.05891],[141.52621,40.06028],[141.52558,40.06176],[141.52596,40.0648],[141.52465,40.06786],[141.52622,40.06878],[141.52543,40.07083],[141.52517,40.07425],[141.52316,40.07547],[141.52154,40.07525],[141.51986,40.07616],[141.51771,40.0794],[141.51552,40.08131],[141.51299,40.07973],[141.50839,40.07889],[141.50635,40.07991],[141.50446,40.07939],[141.50222,40.07761],[141.49802,40.07792],[141.49659,40.07948],[141.49645,40.08281],[141.49341,40.08395],[141.49027,40.08693],[141.48647,40.08725],[141.48564,40.0893],[141.48643,40.09125],[141.48597,40.09304],[141.48308,40.09686],[141.48364,40.09899],[141.48374,40.10257],[141.48029,40.10383],[141.47605,40.10623],[141.47359,40.10638],[141.46932,40.1057],[141.46712,40.10625],[141.46537,40.1087],[141.46214,40.11688],[141.45896,40.1159],[141.45685,40.11335],[141.45332,40.11242],[141.45104,40.11092],[141.45081,40.10838],[141.44957,40.10729],[141.44557,40.10605],[141.44037,40.1031],[141.43863,40.10309],[141.43711,40.1047],[141.42841,40.10432],[141.42737,40.10595],[141.42692,40.10878],[141.42566,40.10857],[141.42353,40.10686],[141.42128,40.10806],[141.41727,40.10765],[141.41505,40.10658],[141.41268,40.1078],[141.41241,40.10956],[141.41102,40.11015],[141.41063,40.11226],[141.4109,40.11478],[141.4118,40.11628],[141.40869,40.11712],[141.40887,40.1191],[141.40772,40.12051],[141.40739,40.12265],[141.40608,40.12397],[141.4046,40.12385],[141.40359,40.12588],[141.40057,40.12876],[141.39763,40.12952],[141.39556,40.13061],[141.39475,40.13196],[141.39283,40.13316],[141.39068,40.13258],[141.38805,40.13422],[141.38612,40.13449],[141.38486,40.13583],[141.38564,40.13825],[141.38785,40.14051],[141.38862,40.14348],[141.39083,40.14492],[141.39212,40.14677],[141.39355,40.14657],[141.39538,40.14763],[141.3973,40.15115],[141.39651,40.15184],[141.39263,40.15305],[141.38769,40.15221],[141.38526,40.15361],[141.38369,40.15233],[141.38141,40.15243],[141.38027,40.15128],[141.37826,40.15173],[141.37656,40.15097],[141.37419,40.1514],[141.37345,40.15032],[141.36585,40.15188],[141.36312,40.15083],[141.36102,40.1487],[141.35988,40.1464],[141.35745,40.14529],[141.35561,40.14341],[141.35385,40.14404],[141.34906,40.14418],[141.34549,40.14593],[141.33815,40.14291],[141.33764,40.14166],[141.33547,40.14045],[141.33543,40.13926],[141.3317,40.13891],[141.3312,40.13746],[141.32888,40.13494],[141.32895,40.13391],[141.33107,40.13242],[141.331,40.13164],[141.33293,40.12971],[141.33174,40.12834],[141.33529,40.12756],[141.33773,40.12961],[141.34141,40.13098],[141.34374,40.13064],[141.34582,40.12919],[141.344,40.12772],[141.3438,40.12606],[141.34096,40.12452],[141.34174,40.12231],[141.33853,40.11744],[141.33822,40.11492],[141.33613,40.11157],[141.33703,40.11052],[141.33743,40.10779],[141.33909,40.10513],[141.34023,40.10444],[141.34064,40.09946],[141.33997,40.09828],[141.3409,40.09687],[141.34013,40.0947],[141.34105,40.09193],[141.34453,40.09024],[141.34562,40.0905],[141.34836,40.08674],[141.34769,40.08515],[141.35205,40.08139],[141.35314,40.07879],[141.35238,40.07711],[141.35561,40.07591],[141.35723,40.07409],[141.35944,40.07398],[141.36511,40.07086],[141.36443,40.06795],[141.36071,40.06565],[141.35802,40.06532],[141.34895,40.06076],[141.34747,40.06076],[141.34485,40.06203],[141.34238,40.06071],[141.34313,40.0599],[141.34263,40.05769],[141.34039,40.05561],[141.33352,40.0556],[141.33286,40.0577],[141.32961,40.05885],[141.32646,40.05645],[141.32339,40.05608],[141.32187,40.05713],[141.3191,40.05511],[141.31654,40.05498],[141.31261,40.05214],[141.30927,40.05432],[141.30723,40.05452],[141.30539,40.05612],[141.30314,40.05536],[141.29883,40.05687],[141.29867,40.05851],[141.29682,40.05985],[141.29311,40.06036],[141.28975,40.05969],[141.29004,40.05496],[141.2894,40.05356],[141.28919,40.04964],[141.29007,40.048],[141.29271,40.04665],[141.29394,40.04438],[141.29749,40.0428],[141.29876,40.04087],[141.29591,40.03524],[141.28727,40.03117],[141.28964,40.02915],[141.29566,40.02671],[141.29687,40.02415],[141.29919,40.02298],[141.29598,40.02101],[141.29561,40.01813],[141.2971,40.01638],[141.30076,40.01545],[141.30321,40.01344],[141.3055,40.01067],[141.30634,40.00741],[141.30484,40.00587],[141.30717,40.00247],[141.30579,40.00078],[141.30301,39.99921],[141.30322,39.996],[141.30578,39.99328],[141.30579,39.99058],[141.30648,39.98899],[141.31113,39.98849],[141.31318,39.98571],[141.3241,39.98242],[141.32579,39.9824],[141.32655,39.98062],[141.33029,39.9793],[141.33211,39.9768],[141.33526,39.97742],[141.33645,39.97707],[141.33792,39.97482],[141.3375,39.97312],[141.34506,39.97249],[141.34848,39.9717],[141.35068,39.97227],[141.35257,39.97185],[141.35464,39.97251],[141.35769,39.97181],[141.35863,39.97305],[141.36128,39.97218],[141.37241,39.9713],[141.37364,39.97154],[141.37654,39.97063],[141.37803,39.96587],[141.38053,39.96187],[141.37783,39.95914],[141.37743,39.9573],[141.37911,39.95488],[141.37781,39.95264],[141.37479,39.95036],[141.37442,39.94829],[141.37299,39.94654],[141.37378,39.94405],[141.37547,39.9442],[141.37773,39.94061],[141.37973,39.93856],[141.38192,39.93791],[141.38491,39.93568],[141.3841,39.93438],[141.384,39.93235],[141.38216,39.93154],[141.38368,39.92997],[141.38592,39.92876],[141.38644,39.92756],[141.38858,39.92558],[141.39283,39.92435],[141.39417,39.92294],[141.39637,39.92187],[141.39724,39.91842],[141.3998,39.91614],[141.40321,39.91479],[141.4023,39.91361],[141.40164,39.91054],[141.40031,39.90897],[141.40146,39.90739],[141.40027,39.90558],[141.39783,39.90573],[141.39731,39.90357],[141.39979,39.90197],[141.39925,39.90018],[141.39981,39.89733],[141.40618,39.89668],[141.4066,39.89589],[141.40547,39.89357],[141.40395,39.8925],[141.40249,39.88981],[141.40525,39.88853],[141.40682,39.8892],[141.41053,39.88935],[141.41266,39.88792],[141.41887,39.88573],[141.42006,39.88737],[141.42584,39.88233],[141.4298,39.88234],[141.43167,39.88314],[141.43425,39.88144],[141.44084,39.88277],[141.44247,39.88406],[141.4465,39.8827],[141.45005,39.88282],[141.45394,39.88085],[141.45591,39.8811],[141.45877,39.88038],[141.4619,39.87815],[141.46389,39.87603],[141.46777,39.87532],[141.46981,39.87431],[141.47257,39.87448],[141.47394,39.87516],[141.47916,39.87529],[141.48005,39.87657],[141.48119,39.87997],[141.48418,39.88278]]]}},{"type":"Feature","properties":{"code":"03303","name":"岩手郡岩手町","pref":"岩手県","pref_code":"03","cx":141.2548,"cy":39.95783,"bbox":[141.12263,39.8341,141.43425,40.08069]},"geometry":{"type":"Polygon","coordinates":[[[141.43425,39.88144],[141.43167,39.88314],[141.4298,39.88234],[141.42584,39.88233],[141.42006,39.88737],[141.41887,39.88573],[141.41266,39.88792],[141.41053,39.88935],[141.40682,39.8892],[141.40525,39.88853],[141.40249,39.88981],[141.40395,39.8925],[141.40547,39.89357],[141.4066,39.89589],[141.40618,39.89668],[141.39981,39.89733],[141.39925,39.90018],[141.39979,39.90197],[141.39731,39.90357],[141.39783,39.90573],[141.40027,39.90558],[141.40146,39.90739],[141.40031,39.90897],[141.40164,39.91054],[141.4023,39.91361],[141.40321,39.91479],[141.3998,39.91614],[141.39724,39.91842],[141.39637,39.92187],[141.39417,39.92294],[141.39283,39.92435],[141.38858,39.92558],[141.38644,39.92756],[141.38592,39.92876],[141.38368,39.92997],[141.38216,39.93154],[141.384,39.93235],[141.3841,39.93438],[141.38491,39.93568],[141.38192,39.93791],[141.37973,39.93856],[141.37773,39.94061],[141.37547,39.9442],[141.37378,39.94405],[141.37299,39.94654],[141.37442,39.94829],[141.37479,39.95036],[141.37781,39.95264],[141.37911,39.95488],[141.37743,39.9573],[141.37783,39.95914],[141.38053,39.96187],[141.37803,39.96587],[141.37654,39.97063],[141.37364,39.97154],[141.37241,39.9713],[141.36128,39.97218],[141.35863,39.97305],[141.35769,39.97181],[141.35464,39.97251],[141.35257,39.97185],[141.35068,39.97227],[141.34848,39.9717],[141.34506,39.97249],[141.3375,39.97312],[141.33792,39.97482],[141.33645,39.97707],[141.33526,39.97742],[141.33211,39.9768],[141.33029,39.9793],[141.32655,39.98062],[141.32579,39.9824],[141.3241,39.98242],[141.31318,39.98571],[141.31113,39.98849],[141.30648,39.98899],[141.30579,39.99058],[141.30578,39.99328],[141.30322,39.996],[141.30301,39.99921],[141.30579,40.00078],[141.30717,40.00247],[141.30484,40.00587],[141.30634,40.00741],[141.3055,40.01067],[141.30321,40.01344],[141.30076,40.01545],[141.2971,40.01638],[141.29561,40.01813],[141.29598,40.02101],[141.29919,40.02298],[141.29687,40.02415],[141.29566,40.02671],[141.28964,40.02915],[141.28727,40.03117],[141.27721,40.04176],[141.27378,40.04243],[141.26892,40.04228],[141.26195,40.04393],[141.25389,40.04185],[141.25196,40.04188],[141.25031,40.04359],[141.24663,40.04576],[141.24735,40.04947],[141.24497,40.05022],[141.24486,40.05187],[141.24356,40.05401],[141.24064,40.05451],[141.23846,40.05393],[141.23625,40.05414],[141.22792,40.0596],[141.225,40.05929],[141.22355,40.05795],[141.22224,40.05827],[141.21923,40.05769],[141.21725,40.0587],[141.2121,40.0587],[141.20998,40.0592],[141.20613,40.05929],[141.20164,40.05842],[141.18924,40.06055],[141.18708,40.06145],[141.18361,40.06545],[141.18091,40.06604],[141.17931,40.06712],[141.17753,40.06982],[141.17115,40.07543],[141.16593,40.07851],[141.15888,40.08069],[141.15665,40.07888],[141.15567,40.07415],[141.15486,40.07275],[141.15013,40.07109],[141.15118,40.068],[141.15238,40.06697],[141.14973,40.06521],[141.14783,40.0623],[141.14729,40.05868],[141.14877,40.05618],[141.14837,40.05455],[141.14941,40.05161],[141.14853,40.05037],[141.14615,40.04878],[141.13603,40.04481],[141.13263,40.04225],[141.13099,40.03967],[141.12774,40.04043],[141.12649,40.03882],[141.12492,40.03222],[141.12402,40.03051],[141.12446,40.02935],[141.12384,40.02689],[141.12263,40.02499],[141.12397,40.02332],[141.12515,40.0207],[141.1255,40.01807],[141.12734,40.017],[141.12789,40.01578],[141.12675,40.01327],[141.12687,40.01046],[141.12485,40.00921],[141.12758,40.0068],[141.13054,40.00102],[141.13069,39.99885],[141.12971,39.99819],[141.12879,39.99514],[141.12934,39.99376],[141.13137,39.99162],[141.13228,39.98994],[141.13385,39.9889],[141.13614,39.984],[141.13744,39.98307],[141.13836,39.98124],[141.14148,39.98083],[141.14018,39.97925],[141.14081,39.97593],[141.14697,39.97327],[141.14895,39.97143],[141.14998,39.96857],[141.14748,39.96818],[141.14866,39.96674],[141.14173,39.96328],[141.13966,39.96168],[141.13466,39.95993],[141.13238,39.95836],[141.12977,39.95426],[141.12823,39.95357],[141.12783,39.95138],[141.12842,39.94997],[141.13066,39.94904],[141.12856,39.94682],[141.12915,39.9455],[141.1331,39.94654],[141.13393,39.94715],[141.13938,39.94474],[141.1412,39.94346],[141.14542,39.93904],[141.14634,39.93686],[141.14818,39.93517],[141.15176,39.9304],[141.15585,39.92681],[141.15774,39.92693],[141.1609,39.92855],[141.16318,39.92871],[141.16472,39.93018],[141.17057,39.92983],[141.17309,39.92859],[141.18087,39.92738],[141.18361,39.92832],[141.1854,39.9263],[141.18831,39.9256],[141.19172,39.91898],[141.19119,39.91723],[141.19219,39.91609],[141.19178,39.91408],[141.19384,39.91435],[141.19599,39.91305],[141.19685,39.91004],[141.19476,39.90834],[141.19531,39.90647],[141.19889,39.90779],[141.20596,39.9082],[141.21061,39.9074],[141.21167,39.90644],[141.21593,39.90558],[141.21728,39.90432],[141.21831,39.9014],[141.22122,39.90277],[141.22488,39.90636],[141.2284,39.90642],[141.22972,39.90509],[141.23095,39.90261],[141.23331,39.90129],[141.23682,39.90319],[141.24077,39.90323],[141.24243,39.90209],[141.24262,39.9003],[141.24543,39.89991],[141.24449,39.90225],[141.24573,39.90367],[141.24902,39.90279],[141.25114,39.90149],[141.25405,39.90353],[141.25661,39.90397],[141.25843,39.90355],[141.26182,39.90456],[141.26341,39.90322],[141.26774,39.9033],[141.26923,39.90233],[141.26977,39.89842],[141.26847,39.89571],[141.27031,39.89321],[141.27254,39.89349],[141.2754,39.89305],[141.2754,39.88997],[141.27467,39.88878],[141.27462,39.88577],[141.27611,39.88503],[141.27664,39.88319],[141.27564,39.88157],[141.27668,39.8808],[141.27619,39.87893],[141.27736,39.87694],[141.27664,39.8733],[141.27761,39.87151],[141.2779,39.86774],[141.27957,39.8674],[141.28397,39.86392],[141.28595,39.8637],[141.28923,39.86179],[141.29258,39.86225],[141.29424,39.86089],[141.29526,39.85896],[141.2935,39.85677],[141.28889,39.85513],[141.28697,39.85293],[141.28724,39.84898],[141.28632,39.84826],[141.287,39.84418],[141.28811,39.84127],[141.29215,39.84144],[141.29297,39.84185],[141.29541,39.84547],[141.29993,39.84555],[141.30346,39.84627],[141.30469,39.84435],[141.30978,39.84285],[141.30921,39.84053],[141.30927,39.83701],[141.31082,39.8358],[141.31499,39.83515],[141.31649,39.8341],[141.32023,39.83497],[141.32475,39.83509],[141.33152,39.84084],[141.33232,39.84414],[141.33546,39.84903],[141.3379,39.8488],[141.34033,39.84985],[141.34055,39.8478],[141.34235,39.84613],[141.34474,39.84749],[141.34983,39.84762],[141.35191,39.84869],[141.35555,39.84895],[141.3581,39.84814],[141.359,39.84972],[141.36177,39.85234],[141.36476,39.85311],[141.36746,39.85218],[141.36864,39.85115],[141.3717,39.85203],[141.37459,39.85089],[141.37535,39.84943],[141.37751,39.84969],[141.3829,39.84843],[141.38562,39.84865],[141.38899,39.84727],[141.39057,39.84816],[141.39218,39.84793],[141.39463,39.84902],[141.39724,39.84891],[141.40014,39.84969],[141.40344,39.84961],[141.40479,39.85068],[141.40712,39.85136],[141.40786,39.85285],[141.41253,39.85359],[141.41466,39.85235],[141.42018,39.85075],[141.42108,39.84904],[141.42317,39.84804],[141.42551,39.84982],[141.42755,39.85017],[141.432,39.85521],[141.43255,39.85658],[141.43097,39.86374],[141.43244,39.86662],[141.43221,39.86903],[141.43422,39.87755],[141.43425,39.88144]]]}},{"type":"Feature","properties":{"code":"03321","name":"紫波郡紫波町","pref":"岩手県","pref_code":"03","cx":141.12923,"cy":39.5464,"bbox":[140.96179,39.48336,141.30929,39.60765]},"geometry":{"type":"Polygon","coordinates":[[[141.19717,39.59721],[141.19644,39.59532],[141.19689,39.59335],[141.19572,39.59059],[141.17979,39.58268],[141.17494,39.58221],[141.17378,39.58051],[141.17379,39.57867],[141.17076,39.57861],[141.17056,39.5804],[141.16913,39.5829],[141.16865,39.5854],[141.16612,39.58468],[141.16863,39.58172],[141.16684,39.58058],[141.16711,39.57889],[141.16015,39.58184],[141.15697,39.58229],[141.1547,39.58438],[141.15175,39.5845],[141.15006,39.58239],[141.14527,39.58343],[141.14544,39.58132],[141.14337,39.58135],[141.14318,39.57939],[141.14145,39.57845],[141.13917,39.57817],[141.13606,39.57892],[141.13481,39.5777],[141.1363,39.57606],[141.13899,39.57567],[141.14189,39.57705],[141.14625,39.57747],[141.14596,39.57486],[141.14266,39.5742],[141.14051,39.57276],[141.13513,39.57283],[141.13037,39.57187],[141.13043,39.57398],[141.13505,39.57534],[141.13351,39.57658],[141.13382,39.57808],[141.12756,39.57788],[141.12751,39.57903],[141.12507,39.57893],[141.12491,39.58008],[141.1227,39.5799],[141.12252,39.58121],[141.12591,39.58216],[141.12494,39.58419],[141.12496,39.58645],[141.12261,39.58758],[141.12047,39.58724],[141.11728,39.58781],[141.11682,39.58477],[141.11429,39.58193],[141.11422,39.58037],[141.11194,39.57982],[141.10054,39.57957],[141.0978,39.58047],[141.09773,39.58461],[141.09211,39.5903],[141.09327,39.59514],[141.08937,39.59508],[141.08811,39.5971],[141.08516,39.59542],[141.08094,39.59559],[141.08008,39.59673],[141.07693,39.59786],[141.07238,39.60289],[141.0696,39.60273],[141.06599,39.59809],[141.06214,39.59841],[141.06214,39.59682],[141.06066,39.59489],[141.06181,39.59363],[141.05979,39.58728],[141.05677,39.58909],[141.05139,39.59093],[141.0458,39.58924],[141.04161,39.59138],[141.04029,39.59061],[141.03956,39.58767],[141.03806,39.58707],[141.03698,39.5835],[141.03887,39.57955],[141.03713,39.57893],[141.03445,39.5766],[141.03176,39.57634],[141.02984,39.57512],[141.01896,39.57375],[141.018,39.57298],[141.01548,39.57291],[141.01366,39.5716],[141.00968,39.57138],[141.00972,39.57244],[141.00717,39.57403],[141.00371,39.57475],[141.00034,39.57653],[140.99782,39.57598],[140.99524,39.57428],[140.99285,39.57388],[140.9903,39.57475],[140.98914,39.57581],[140.98784,39.5785],[140.98275,39.58042],[140.97911,39.57911],[140.97716,39.57968],[140.9742,39.57939],[140.97064,39.57977],[140.96952,39.57853],[140.96815,39.57482],[140.96828,39.57305],[140.96652,39.57182],[140.96466,39.56826],[140.9642,39.56522],[140.96179,39.56466],[140.96355,39.5617],[140.9629,39.56008],[140.96458,39.55856],[140.96563,39.55543],[140.96512,39.5534],[140.96356,39.55181],[140.96625,39.55083],[140.96631,39.54976],[140.96816,39.54789],[140.97016,39.54758],[140.9749,39.54523],[140.97573,39.54412],[140.97873,39.54223],[140.98197,39.54233],[140.98586,39.54352],[140.98788,39.54346],[140.98939,39.54109],[140.98977,39.5393],[140.99121,39.53903],[140.99433,39.53997],[140.99881,39.53911],[140.9995,39.53813],[141.00612,39.5372],[141.00806,39.5359],[141.00967,39.53385],[141.00998,39.53185],[141.01129,39.5294],[141.01498,39.52892],[141.01689,39.52612],[141.01927,39.52658],[141.02056,39.5255],[141.02342,39.52646],[141.02647,39.52453],[141.03079,39.52616],[141.03258,39.52771],[141.0371,39.52592],[141.04017,39.52553],[141.04211,39.5267],[141.04576,39.52729],[141.05195,39.52711],[141.05521,39.5279],[141.06002,39.5249],[141.06364,39.52448],[141.06622,39.52296],[141.06831,39.52246],[141.07109,39.52374],[141.07091,39.52504],[141.07378,39.52735],[141.07745,39.52923],[141.08172,39.52795],[141.07833,39.52521],[141.08184,39.52363],[141.08154,39.5207],[141.08379,39.51779],[141.08325,39.51397],[141.08607,39.51491],[141.08826,39.51445],[141.09053,39.5156],[141.09225,39.51452],[141.0946,39.51483],[141.09508,39.51394],[141.09818,39.51143],[141.09796,39.50999],[141.10072,39.50977],[141.10283,39.50827],[141.10654,39.50701],[141.11018,39.50629],[141.11559,39.5076],[141.11798,39.50871],[141.13602,39.51109],[141.14281,39.51123],[141.14663,39.51072],[141.14907,39.50995],[141.1508,39.50878],[141.15649,39.50837],[141.16942,39.50948],[141.17005,39.50818],[141.1677,39.50586],[141.16875,39.50516],[141.17086,39.50537],[141.17413,39.50461],[141.17991,39.50474],[141.18339,39.50258],[141.18592,39.50256],[141.19181,39.50009],[141.19639,39.49893],[141.20529,39.49328],[141.20894,39.49235],[141.21173,39.48956],[141.2124,39.49018],[141.21568,39.48979],[141.2181,39.49071],[141.22033,39.48815],[141.22461,39.4866],[141.22968,39.48626],[141.23132,39.48565],[141.23363,39.48738],[141.23732,39.48694],[141.24125,39.48712],[141.24348,39.48773],[141.2465,39.48749],[141.24856,39.48669],[141.25191,39.48815],[141.25399,39.48793],[141.25673,39.49014],[141.25987,39.49042],[141.26075,39.48714],[141.26316,39.48573],[141.2647,39.4834],[141.26768,39.48412],[141.27034,39.48368],[141.27168,39.48451],[141.27413,39.48347],[141.27775,39.48336],[141.28239,39.48553],[141.28268,39.4902],[141.2832,39.49128],[141.2872,39.49358],[141.28772,39.49455],[141.28786,39.49858],[141.28651,39.49936],[141.2876,39.50068],[141.28752,39.50358],[141.28957,39.50586],[141.29191,39.50705],[141.2947,39.50756],[141.2957,39.50924],[141.2915,39.51558],[141.28683,39.51657],[141.28493,39.51895],[141.28544,39.52141],[141.28445,39.52459],[141.28867,39.52891],[141.28866,39.53014],[141.29018,39.53268],[141.28838,39.53415],[141.28772,39.53568],[141.28898,39.53952],[141.2869,39.54123],[141.28562,39.54807],[141.28723,39.55067],[141.28752,39.55384],[141.29103,39.55841],[141.29349,39.55977],[141.2954,39.55952],[141.29812,39.56014],[141.29763,39.56262],[141.29473,39.56361],[141.29357,39.56566],[141.29486,39.56725],[141.29973,39.569],[141.30175,39.5713],[141.30505,39.57219],[141.30592,39.57511],[141.30838,39.57704],[141.30929,39.57955],[141.30854,39.58073],[141.30666,39.5809],[141.30627,39.58264],[141.3049,39.58425],[141.30529,39.58627],[141.30342,39.58731],[141.29817,39.58867],[141.29775,39.59084],[141.29843,39.59171],[141.29709,39.59334],[141.2935,39.59563],[141.29324,39.59768],[141.29139,39.60013],[141.28918,39.60471],[141.2866,39.60679],[141.28399,39.60765],[141.28281,39.6068],[141.2824,39.60479],[141.28078,39.60342],[141.27814,39.60361],[141.27793,39.59583],[141.27984,39.59321],[141.27993,39.59177],[141.27692,39.59001],[141.2744,39.58697],[141.27307,39.58637],[141.27233,39.58374],[141.27288,39.58189],[141.27003,39.58144],[141.26357,39.58592],[141.26163,39.58527],[141.25522,39.58872],[141.25481,39.58973],[141.25167,39.59119],[141.25098,39.5935],[141.24903,39.59512],[141.24926,39.5959],[141.2433,39.59869],[141.23984,39.60295],[141.2315,39.60575],[141.2295,39.60557],[141.22495,39.60615],[141.22059,39.60564],[141.2036,39.60123],[141.20097,39.60196],[141.19871,39.60094],[141.19907,39.59904],[141.19717,39.59721]]]}},{"type":"Feature","properties":{"code":"03322","name":"紫波郡矢巾町","pref":"岩手県","pref_code":"03","cx":141.12217,"cy":39.6105,"bbox":[141.04423,39.57187,141.19717,39.65067]},"geometry":{"type":"Polygon","coordinates":[[[141.05496,39.6421],[141.05187,39.64106],[141.05094,39.63978],[141.04914,39.63955],[141.04705,39.63736],[141.04423,39.63639],[141.04456,39.63048],[141.04812,39.63015],[141.0507,39.62882],[141.05408,39.62558],[141.05661,39.62196],[141.05461,39.62034],[141.05331,39.61775],[141.04841,39.61633],[141.04761,39.61545],[141.04966,39.61344],[141.05047,39.61144],[141.05239,39.60931],[141.05418,39.60837],[141.05653,39.60517],[141.0562,39.60357],[141.05814,39.60252],[141.05897,39.59964],[141.06214,39.59841],[141.06599,39.59809],[141.0696,39.60273],[141.07238,39.60289],[141.07693,39.59786],[141.08008,39.59673],[141.08094,39.59559],[141.08516,39.59542],[141.08811,39.5971],[141.08937,39.59508],[141.09327,39.59514],[141.09211,39.5903],[141.09773,39.58461],[141.0978,39.58047],[141.10054,39.57957],[141.11194,39.57982],[141.11422,39.58037],[141.11429,39.58193],[141.11682,39.58477],[141.11728,39.58781],[141.12047,39.58724],[141.12261,39.58758],[141.12496,39.58645],[141.12494,39.58419],[141.12591,39.58216],[141.12252,39.58121],[141.1227,39.5799],[141.12491,39.58008],[141.12507,39.57893],[141.12751,39.57903],[141.12756,39.57788],[141.13382,39.57808],[141.13351,39.57658],[141.13505,39.57534],[141.13043,39.57398],[141.13037,39.57187],[141.13513,39.57283],[141.14051,39.57276],[141.14266,39.5742],[141.14596,39.57486],[141.14625,39.57747],[141.14189,39.57705],[141.13899,39.57567],[141.1363,39.57606],[141.13481,39.5777],[141.13606,39.57892],[141.13917,39.57817],[141.14145,39.57845],[141.14318,39.57939],[141.14337,39.58135],[141.14544,39.58132],[141.14527,39.58343],[141.15006,39.58239],[141.15175,39.5845],[141.1547,39.58438],[141.15697,39.58229],[141.16015,39.58184],[141.16711,39.57889],[141.16684,39.58058],[141.16863,39.58172],[141.16612,39.58468],[141.16865,39.5854],[141.16913,39.5829],[141.17056,39.5804],[141.17076,39.57861],[141.17379,39.57867],[141.17378,39.58051],[141.17494,39.58221],[141.17979,39.58268],[141.18356,39.58484],[141.19136,39.58813],[141.19572,39.59059],[141.19689,39.59335],[141.19644,39.59532],[141.19717,39.59721],[141.19688,39.59926],[141.19444,39.60405],[141.19433,39.60594],[141.1933,39.6072],[141.19262,39.60965],[141.19344,39.61134],[141.18579,39.61399],[141.18389,39.61699],[141.18086,39.61993],[141.1813,39.62603],[141.1801,39.6293],[141.17847,39.63115],[141.17701,39.63169],[141.15635,39.63271],[141.15148,39.63407],[141.15337,39.63569],[141.14968,39.63584],[141.14776,39.63794],[141.14632,39.64096],[141.14348,39.64137],[141.13962,39.64377],[141.13612,39.64344],[141.13258,39.6506],[141.12797,39.65067],[141.12389,39.64941],[141.11543,39.6434],[141.11567,39.64161],[141.10829,39.64089],[141.10739,39.63705],[141.1012,39.63413],[141.0983,39.63411],[141.09467,39.63493],[141.08557,39.63507],[141.07802,39.63665],[141.07449,39.63446],[141.07147,39.63497],[141.06792,39.63432],[141.06444,39.63566],[141.06245,39.64015],[141.05841,39.64203],[141.05496,39.6421]]]}},{"type":"Feature","properties":{"code":"03366","name":"和賀郡西和賀町","pref":"岩手県","pref_code":"03","cx":140.76081,"cy":39.3848,"bbox":[140.65323,39.16502,140.89778,39.60409]},"geometry":{"type":"Polygon","coordinates":[[[140.88307,39.51772],[140.87996,39.51827],[140.87896,39.52231],[140.87689,39.52339],[140.87446,39.52261],[140.87471,39.525],[140.87389,39.52725],[140.86972,39.52874],[140.86936,39.52964],[140.87114,39.53261],[140.87606,39.53443],[140.87688,39.53611],[140.87614,39.5379],[140.87674,39.53919],[140.87577,39.5418],[140.87394,39.54229],[140.87114,39.54727],[140.87211,39.55045],[140.87023,39.55028],[140.86762,39.55126],[140.86901,39.55257],[140.86827,39.55474],[140.86635,39.55662],[140.86587,39.5581],[140.86288,39.55967],[140.86266,39.56251],[140.86003,39.56219],[140.85737,39.56891],[140.85474,39.57124],[140.85565,39.57251],[140.8581,39.57356],[140.85962,39.57636],[140.85655,39.57997],[140.8565,39.58138],[140.85481,39.58165],[140.85177,39.58343],[140.85009,39.58359],[140.84824,39.58534],[140.84764,39.58675],[140.8448,39.58725],[140.84329,39.5882],[140.84243,39.59047],[140.84006,39.59223],[140.83975,39.59361],[140.83732,39.59418],[140.83412,39.59345],[140.82804,39.59329],[140.81959,39.59077],[140.8177,39.5896],[140.81361,39.58961],[140.80671,39.5907],[140.80556,39.59241],[140.80057,39.59725],[140.79985,39.59994],[140.79638,39.6026],[140.79252,39.60329],[140.78749,39.60318],[140.78248,39.60409],[140.78156,39.60172],[140.77936,39.60001],[140.77879,39.59855],[140.77867,39.59557],[140.7793,39.59344],[140.78056,39.59174],[140.78026,39.59016],[140.77814,39.59021],[140.77533,39.591],[140.7719,39.59019],[140.77007,39.5885],[140.7665,39.5885],[140.76427,39.58785],[140.76216,39.58472],[140.76218,39.58262],[140.76084,39.58141],[140.76011,39.57959],[140.75807,39.57678],[140.7567,39.57612],[140.7543,39.57072],[140.75115,39.57041],[140.74688,39.56885],[140.74415,39.5669],[140.74026,39.56534],[140.73667,39.56498],[140.73036,39.56584],[140.72727,39.55897],[140.72748,39.55595],[140.72948,39.55408],[140.72915,39.55298],[140.73635,39.5491],[140.73952,39.54685],[140.74029,39.54524],[140.73933,39.54402],[140.73955,39.54053],[140.74069,39.53872],[140.74136,39.53619],[140.74077,39.53461],[140.73919,39.53349],[140.73802,39.52638],[140.73822,39.52305],[140.73656,39.52144],[140.73331,39.52164],[140.73217,39.52239],[140.72745,39.52007],[140.72622,39.51998],[140.72465,39.51846],[140.72463,39.51687],[140.72264,39.51411],[140.72113,39.51406],[140.72434,39.51118],[140.7228,39.50407],[140.71978,39.5048],[140.71716,39.50143],[140.71368,39.4992],[140.71388,39.49628],[140.71327,39.49406],[140.71531,39.49251],[140.71693,39.48886],[140.71882,39.4868],[140.7189,39.48499],[140.7227,39.48304],[140.7244,39.48053],[140.72162,39.47869],[140.71646,39.47854],[140.71509,39.4775],[140.71273,39.47687],[140.71179,39.47566],[140.709,39.47525],[140.70654,39.47401],[140.70582,39.47231],[140.70358,39.47056],[140.70212,39.47041],[140.69605,39.46622],[140.68953,39.46481],[140.68733,39.46014],[140.6856,39.45953],[140.68345,39.45714],[140.68198,39.45731],[140.6808,39.45296],[140.67897,39.45184],[140.67802,39.44896],[140.67699,39.4484],[140.67775,39.44521],[140.67903,39.44495],[140.68029,39.44303],[140.68236,39.4419],[140.6856,39.43726],[140.68629,39.43448],[140.68582,39.43],[140.68402,39.42711],[140.68512,39.42467],[140.68331,39.42166],[140.68206,39.4209],[140.6811,39.41839],[140.67889,39.41801],[140.67705,39.41892],[140.67513,39.41691],[140.67089,39.41766],[140.66633,39.41652],[140.66242,39.41476],[140.65824,39.41415],[140.65748,39.41168],[140.65882,39.40925],[140.66269,39.40823],[140.66179,39.40559],[140.66369,39.40375],[140.66175,39.40192],[140.6589,39.40058],[140.65828,39.3985],[140.65714,39.39739],[140.65576,39.39404],[140.65465,39.39406],[140.65323,39.3908],[140.65776,39.38859],[140.66101,39.38596],[140.66496,39.38538],[140.6655,39.3843],[140.66959,39.38419],[140.6707,39.38533],[140.67242,39.38515],[140.67543,39.3858],[140.67779,39.38361],[140.67897,39.38318],[140.67964,39.38117],[140.67872,39.37868],[140.6781,39.37308],[140.67605,39.3711],[140.67564,39.36834],[140.67752,39.36637],[140.68187,39.36411],[140.68258,39.36204],[140.68539,39.36155],[140.68841,39.35933],[140.69295,39.35812],[140.69051,39.35491],[140.68943,39.35202],[140.68798,39.35118],[140.68845,39.34752],[140.69213,39.34473],[140.69402,39.34462],[140.69571,39.34539],[140.70018,39.34348],[140.70324,39.34359],[140.70392,39.34257],[140.70363,39.34032],[140.70596,39.33886],[140.70568,39.33704],[140.70675,39.33477],[140.7083,39.3342],[140.70918,39.32988],[140.70559,39.32947],[140.70349,39.3286],[140.70034,39.32882],[140.69859,39.32843],[140.69881,39.32632],[140.69775,39.32506],[140.69819,39.32358],[140.69752,39.32176],[140.69404,39.31976],[140.69438,39.31832],[140.69271,39.31572],[140.69287,39.31344],[140.69519,39.31279],[140.69723,39.31029],[140.69621,39.30767],[140.69392,39.30542],[140.69289,39.30305],[140.69359,39.29959],[140.69599,39.30016],[140.69845,39.29969],[140.70235,39.30013],[140.70378,39.30183],[140.70543,39.29996],[140.70798,39.29837],[140.70849,39.29694],[140.7108,39.2958],[140.71202,39.29666],[140.71733,39.29651],[140.71856,39.29524],[140.71856,39.29136],[140.71643,39.28948],[140.71754,39.28688],[140.71767,39.28305],[140.71697,39.28183],[140.71765,39.28008],[140.71682,39.27753],[140.71814,39.27677],[140.71839,39.27422],[140.71783,39.27261],[140.71973,39.27195],[140.72303,39.27217],[140.72426,39.27051],[140.72777,39.27029],[140.72792,39.26934],[140.73306,39.26641],[140.73627,39.26677],[140.7383,39.26452],[140.74031,39.26315],[140.74589,39.2615],[140.74745,39.2628],[140.75135,39.26281],[140.75136,39.26079],[140.75323,39.25808],[140.75575,39.25691],[140.75692,39.25504],[140.75908,39.25431],[140.76145,39.25475],[140.76264,39.25363],[140.76485,39.25312],[140.76598,39.25125],[140.76892,39.25246],[140.77042,39.24898],[140.77253,39.24656],[140.77611,39.24407],[140.77717,39.24157],[140.77904,39.2412],[140.78124,39.23998],[140.78866,39.23843],[140.78646,39.23456],[140.78618,39.23063],[140.7871,39.22943],[140.78762,39.22679],[140.78484,39.22534],[140.78324,39.22526],[140.78029,39.22411],[140.77446,39.22315],[140.77047,39.22346],[140.76949,39.22207],[140.76935,39.21946],[140.76655,39.21879],[140.76583,39.21587],[140.76305,39.21323],[140.76372,39.21148],[140.76653,39.20867],[140.76756,39.2045],[140.76647,39.20304],[140.7667,39.20077],[140.76485,39.19776],[140.76931,39.19524],[140.77086,39.19353],[140.77872,39.19476],[140.7808,39.19198],[140.78479,39.19093],[140.78852,39.1886],[140.79527,39.18995],[140.79739,39.18996],[140.80045,39.18781],[140.80187,39.18595],[140.80596,39.18332],[140.8082,39.18042],[140.80786,39.17838],[140.80888,39.17844],[140.81623,39.17623],[140.81955,39.176],[140.82211,39.17674],[140.82373,39.17637],[140.82712,39.17458],[140.82742,39.17362],[140.82472,39.17199],[140.82645,39.16944],[140.83197,39.16543],[140.83322,39.16502],[140.83921,39.16653],[140.8423,39.16852],[140.84436,39.16901],[140.8459,39.17126],[140.8491,39.1726],[140.85056,39.17462],[140.85292,39.17647],[140.85755,39.17733],[140.85661,39.17886],[140.85615,39.18253],[140.85649,39.18538],[140.85581,39.18589],[140.85533,39.1907],[140.85424,39.19196],[140.85585,39.19582],[140.85568,39.19684],[140.85984,39.19995],[140.85922,39.20237],[140.85586,39.20316],[140.85465,39.20796],[140.8546,39.21032],[140.85798,39.21293],[140.86127,39.21329],[140.86436,39.21505],[140.86585,39.21853],[140.87282,39.22132],[140.87465,39.22338],[140.87981,39.22685],[140.88214,39.23021],[140.88666,39.23136],[140.88741,39.23195],[140.88973,39.23773],[140.88906,39.23925],[140.89002,39.24163],[140.88778,39.24393],[140.88557,39.24503],[140.88509,39.24834],[140.88298,39.25049],[140.88109,39.2502],[140.87702,39.25262],[140.87684,39.25344],[140.87895,39.25604],[140.87832,39.25714],[140.87914,39.25911],[140.87691,39.261],[140.87696,39.26237],[140.8792,39.26243],[140.88165,39.26489],[140.8851,39.26498],[140.88737,39.26598],[140.8856,39.26801],[140.88541,39.27041],[140.88609,39.27195],[140.8883,39.27406],[140.88855,39.27525],[140.8909,39.27799],[140.89266,39.27917],[140.89298,39.28189],[140.8972,39.28333],[140.89778,39.28441],[140.89719,39.28655],[140.89463,39.29001],[140.89336,39.29101],[140.89279,39.29459],[140.88868,39.30202],[140.89124,39.30359],[140.89571,39.30419],[140.89472,39.30994],[140.89519,39.31316],[140.89452,39.3154],[140.89213,39.31713],[140.89024,39.32073],[140.88744,39.32354],[140.88835,39.32442],[140.88779,39.32794],[140.88601,39.32828],[140.88289,39.33242],[140.87948,39.33488],[140.87443,39.33734],[140.87275,39.34249],[140.87442,39.3453],[140.87293,39.34793],[140.8735,39.34997],[140.87324,39.35384],[140.87236,39.3573],[140.86976,39.35983],[140.86548,39.36288],[140.86292,39.36319],[140.86064,39.36421],[140.85815,39.36614],[140.8591,39.36816],[140.85875,39.37023],[140.85772,39.37136],[140.85893,39.37318],[140.85905,39.37572],[140.85684,39.37686],[140.8545,39.37904],[140.8515,39.3779],[140.84851,39.38098],[140.84544,39.38179],[140.84546,39.38445],[140.84389,39.38603],[140.84318,39.38791],[140.84437,39.38927],[140.84458,39.39087],[140.84771,39.39445],[140.84454,39.39505],[140.84199,39.39677],[140.84081,39.39948],[140.83932,39.40022],[140.83826,39.40214],[140.83699,39.4026],[140.83184,39.40294],[140.82885,39.40232],[140.8258,39.40364],[140.8227,39.40788],[140.82311,39.40973],[140.82087,39.41134],[140.8194,39.41119],[140.81883,39.4129],[140.81701,39.41315],[140.81788,39.4147],[140.81702,39.41822],[140.82388,39.42005],[140.82423,39.42196],[140.82588,39.42457],[140.82797,39.42546],[140.82812,39.42761],[140.82379,39.43007],[140.82478,39.43158],[140.82667,39.43111],[140.82918,39.43149],[140.82963,39.43287],[140.83285,39.43314],[140.83297,39.43405],[140.83568,39.43526],[140.83755,39.43763],[140.83958,39.4373],[140.84248,39.43944],[140.84405,39.43933],[140.84523,39.43607],[140.84813,39.43456],[140.84763,39.43309],[140.84964,39.43222],[140.85421,39.43551],[140.85557,39.43903],[140.86205,39.44124],[140.8604,39.44333],[140.86187,39.44423],[140.86305,39.44676],[140.86605,39.4479],[140.86656,39.44929],[140.86842,39.45005],[140.8692,39.45169],[140.86785,39.45347],[140.86657,39.45354],[140.86571,39.45545],[140.86669,39.45685],[140.86587,39.45835],[140.86692,39.45922],[140.87007,39.46034],[140.87182,39.46219],[140.87126,39.46421],[140.87305,39.47053],[140.87691,39.47518],[140.87704,39.4769],[140.8796,39.47858],[140.87915,39.47978],[140.88032,39.48122],[140.88164,39.48034],[140.88436,39.48015],[140.88467,39.48213],[140.8837,39.4841],[140.88525,39.48628],[140.88521,39.48874],[140.88427,39.48946],[140.87996,39.49029],[140.87985,39.49193],[140.88297,39.49335],[140.88308,39.49584],[140.881,39.49853],[140.88015,39.4987],[140.87877,39.50099],[140.88077,39.50433],[140.88313,39.50496],[140.88576,39.50789],[140.88812,39.50852],[140.88888,39.50978],[140.88729,39.51119],[140.88624,39.51432],[140.88307,39.51772]]]}},{"type":"Feature","properties":{"code":"03381","name":"胆沢郡金ケ崎町","pref":"岩手県","pref_code":"03","cx":141.02445,"cy":39.19438,"bbox":[140.89069,39.12984,141.14265,39.25915]},"geometry":{"type":"Polygon","coordinates":[[[140.89069,39.18169],[140.89549,39.17788],[140.89698,39.17572],[140.89679,39.17408],[140.89855,39.17259],[140.90084,39.17148],[140.90305,39.1726],[140.90577,39.17282],[140.90845,39.17249],[140.91295,39.17087],[140.91915,39.16952],[140.92194,39.16765],[140.96262,39.1498],[140.96496,39.14658],[140.968,39.14623],[140.97382,39.14256],[140.97961,39.14207],[140.98327,39.13849],[140.99087,39.13604],[140.99534,39.13398],[140.9986,39.13369],[141.00668,39.13428],[141.00811,39.135],[141.01022,39.13237],[141.01264,39.132],[141.01393,39.13036],[141.01978,39.12984],[141.02493,39.13173],[141.02775,39.13151],[141.03081,39.13227],[141.03388,39.13542],[141.03787,39.14175],[141.04298,39.1467],[141.0596,39.15074],[141.07375,39.15795],[141.08084,39.15987],[141.08648,39.16321],[141.08801,39.16343],[141.09595,39.16926],[141.09555,39.16998],[141.09967,39.17171],[141.09765,39.17348],[141.10065,39.17555],[141.10136,39.175],[141.10446,39.17707],[141.10581,39.17923],[141.10767,39.18052],[141.10806,39.1824],[141.12525,39.1877],[141.13286,39.18697],[141.13921,39.19043],[141.14265,39.19054],[141.14115,39.19415],[141.13895,39.1957],[141.13565,39.19516],[141.13038,39.19517],[141.12754,39.19641],[141.12561,39.19921],[141.12971,39.2099],[141.13037,39.21781],[141.12957,39.22014],[141.12662,39.2232],[141.12266,39.22502],[141.10664,39.22678],[141.10528,39.22732],[141.10365,39.22986],[141.10064,39.22999],[141.09959,39.23059],[141.0965,39.22935],[141.09281,39.22866],[141.09153,39.23052],[141.08542,39.23154],[141.08507,39.23355],[141.08282,39.23754],[141.07762,39.2398],[141.07725,39.24232],[141.07403,39.24209],[141.07543,39.24571],[141.07696,39.2473],[141.07448,39.24894],[141.0709,39.24951],[141.06076,39.24952],[141.06028,39.25084],[141.05522,39.25016],[141.05195,39.25055],[141.05244,39.25228],[141.052,39.25533],[141.05485,39.25539],[141.05686,39.2569],[141.05189,39.25915],[141.05034,39.25811],[141.04654,39.25723],[141.04657,39.25636],[141.04331,39.25635],[141.04001,39.25536],[141.04014,39.2498],[141.03624,39.24979],[141.03621,39.25201],[141.03225,39.25243],[141.0319,39.25495],[141.01402,39.24515],[141.01112,39.2428],[141.00545,39.24162],[140.99762,39.23792],[140.9884,39.23733],[140.98475,39.23578],[140.97648,39.23601],[140.97527,39.23544],[140.96609,39.23451],[140.96341,39.2328],[140.96113,39.23278],[140.96035,39.23069],[140.9571,39.23343],[140.95385,39.23426],[140.95179,39.23335],[140.95095,39.23119],[140.94448,39.23196],[140.94278,39.23025],[140.94163,39.22633],[140.94046,39.22519],[140.9335,39.22426],[140.93327,39.22349],[140.93452,39.22045],[140.93008,39.21732],[140.9279,39.21402],[140.9269,39.21091],[140.9271,39.20911],[140.92577,39.20761],[140.92556,39.20612],[140.92395,39.20483],[140.92363,39.20304],[140.92181,39.20111],[140.91949,39.20062],[140.91989,39.19583],[140.91892,39.19512],[140.91118,39.1946],[140.90827,39.19486],[140.9073,39.19252],[140.90207,39.19309],[140.90174,39.19178],[140.89772,39.18973],[140.89664,39.1873],[140.89293,39.18614],[140.89253,39.18332],[140.89069,39.18169]]]}},{"type":"Feature","properties":{"code":"03402","name":"西磐井郡平泉町","pref":"岩手県","pref_code":"03","cx":141.10074,"cy":38.98899,"bbox":[141.00646,38.94969,141.19211,39.02861]},"geometry":{"type":"Polygon","coordinates":[[[141.17752,39.01843],[141.17376,39.0172],[141.16854,39.01767],[141.16681,39.01533],[141.16087,39.01265],[141.14824,39.0164],[141.14544,39.01796],[141.14132,39.01937],[141.13811,39.02129],[141.13426,39.02017],[141.12782,39.01317],[141.12331,39.01428],[141.12123,39.01586],[141.11958,39.01447],[141.11801,39.01563],[141.11908,39.01813],[141.11408,39.02216],[141.11196,39.02323],[141.10809,39.02667],[141.10665,39.02704],[141.10561,39.02851],[141.10406,39.02861],[141.10521,39.01905],[141.11034,39.01869],[141.11137,39.01702],[141.11035,39.01563],[141.11088,39.01258],[141.11263,39.01006],[141.11126,39.00936],[141.11049,39.00752],[141.11082,39.00591],[141.10751,39.00541],[141.09961,39.00646],[141.09726,39.00441],[141.09629,39.00448],[141.09132,39.00721],[141.08968,39.0063],[141.09018,39.00435],[141.08655,39.00304],[141.08159,39.0034],[141.07659,39.0027],[141.07414,39.00313],[141.07351,39.00217],[141.06982,39.00203],[141.06761,39.00288],[141.06508,39.00254],[141.06123,39.0003],[141.05933,39.00068],[141.05768,38.99946],[141.05549,39.00031],[141.05218,39.00037],[141.04949,38.99929],[141.04836,39.0011],[141.04506,39.00148],[141.03759,38.99974],[141.03523,38.99832],[141.03061,38.99701],[141.02789,38.99553],[141.02566,38.99172],[141.02045,38.99109],[141.01956,38.98993],[141.01747,38.99009],[141.01634,38.98779],[141.01043,38.98708],[141.00959,38.98805],[141.00724,38.98541],[141.00646,38.98528],[141.00832,38.9829],[141.01024,38.9821],[141.00939,38.98072],[141.01107,38.97938],[141.01329,38.97962],[141.01415,38.97785],[141.01369,38.97623],[141.01487,38.97538],[141.01595,38.97307],[141.02077,38.9733],[141.02328,38.97248],[141.0269,38.9695],[141.02831,38.96921],[141.02926,38.96777],[141.03628,38.96823],[141.03983,38.96734],[141.04143,38.96787],[141.04316,38.9674],[141.0458,38.96773],[141.05029,38.96589],[141.05197,38.9665],[141.0567,38.96537],[141.05728,38.96303],[141.06068,38.96127],[141.06225,38.95934],[141.06343,38.96263],[141.06492,38.96416],[141.06779,38.96455],[141.06949,38.96337],[141.07037,38.96118],[141.07271,38.96068],[141.07626,38.96207],[141.07817,38.96199],[141.07942,38.96285],[141.08296,38.96377],[141.08531,38.96291],[141.08847,38.96493],[141.09095,38.96539],[141.09218,38.96691],[141.09531,38.96832],[141.09807,38.96768],[141.10126,38.96503],[141.10262,38.96464],[141.10481,38.96591],[141.10652,38.96833],[141.10965,38.96881],[141.11214,38.9675],[141.11135,38.96373],[141.11297,38.96277],[141.11295,38.96035],[141.11224,38.95862],[141.1086,38.95683],[141.10759,38.95372],[141.1072,38.95088],[141.10981,38.94969],[141.12116,38.95708],[141.12281,38.9566],[141.12781,38.95736],[141.13062,38.95933],[141.12914,38.96333],[141.12824,38.96428],[141.12736,38.96791],[141.13179,38.96894],[141.13138,38.97002],[141.13595,38.97113],[141.1351,38.97329],[141.13832,38.9741],[141.14055,38.97566],[141.13953,38.97771],[141.14734,38.98007],[141.14869,38.98006],[141.15148,38.97702],[141.15461,38.97588],[141.15849,38.97995],[141.16141,38.98145],[141.1628,38.98159],[141.16256,38.98387],[141.17399,38.98515],[141.17894,38.98719],[141.18354,38.98647],[141.18605,38.99277],[141.18497,38.99385],[141.18571,38.99503],[141.18811,38.99593],[141.18901,38.99787],[141.1907,38.99841],[141.19211,39.00018],[141.19048,39.00326],[141.18847,39.00428],[141.18622,39.00873],[141.18405,39.01042],[141.18421,39.01209],[141.18132,39.01543],[141.17752,39.01843]]]}},{"type":"Feature","properties":{"code":"03441","name":"気仙郡住田町","pref":"岩手県","pref_code":"03","cx":141.53555,"cy":39.18032,"bbox":[141.37336,39.09547,141.72826,39.26675]},"geometry":{"type":"Polygon","coordinates":[[[141.69745,39.26671],[141.69484,39.26625],[141.69354,39.26675],[141.6911,39.26626],[141.68751,39.26343],[141.68596,39.2607],[141.68375,39.25946],[141.67945,39.25996],[141.67837,39.2573],[141.67249,39.25272],[141.66896,39.25345],[141.66627,39.25313],[141.66217,39.25126],[141.66255,39.24839],[141.6618,39.24572],[141.65857,39.24312],[141.65461,39.24483],[141.64458,39.24755],[141.64302,39.24953],[141.64037,39.25014],[141.63901,39.25116],[141.63739,39.25069],[141.63521,39.25216],[141.63218,39.25077],[141.62968,39.24888],[141.62935,39.24749],[141.62778,39.24708],[141.62261,39.24878],[141.62097,39.2509],[141.61869,39.24973],[141.61537,39.24914],[141.61252,39.24945],[141.61096,39.25179],[141.60607,39.25214],[141.60339,39.2518],[141.60358,39.25054],[141.60094,39.24846],[141.59919,39.24621],[141.59718,39.24593],[141.59653,39.24462],[141.59427,39.24345],[141.59164,39.24511],[141.58992,39.24685],[141.58812,39.2466],[141.58579,39.24892],[141.58582,39.25046],[141.58281,39.25009],[141.58103,39.25043],[141.57919,39.25221],[141.57992,39.25409],[141.57724,39.25602],[141.5773,39.25807],[141.5745,39.25861],[141.57198,39.26045],[141.57044,39.2604],[141.56699,39.25916],[141.56572,39.25993],[141.56216,39.25983],[141.55977,39.2578],[141.55943,39.25669],[141.55707,39.25412],[141.5567,39.25274],[141.55237,39.25048],[141.55053,39.25106],[141.54696,39.25021],[141.54552,39.24899],[141.54431,39.24658],[141.54193,39.24565],[141.541,39.24329],[141.53649,39.24457],[141.53306,39.24461],[141.53169,39.24595],[141.52906,39.24519],[141.52389,39.24528],[141.52218,39.24825],[141.51951,39.24775],[141.51939,39.24653],[141.51639,39.24552],[141.51395,39.24084],[141.512,39.23929],[141.51038,39.23709],[141.50638,39.23685],[141.50261,39.234],[141.4965,39.23974],[141.49257,39.23956],[141.4875,39.23769],[141.4863,39.23613],[141.4778,39.23429],[141.47964,39.23081],[141.48203,39.2278],[141.48002,39.22665],[141.4806,39.22429],[141.48008,39.22321],[141.48066,39.22069],[141.47761,39.21816],[141.47697,39.21611],[141.47579,39.215],[141.47897,39.21205],[141.47917,39.20968],[141.47297,39.21051],[141.47217,39.20904],[141.46777,39.20842],[141.46152,39.20521],[141.4564,39.20003],[141.45238,39.19918],[141.44698,39.20111],[141.44409,39.20104],[141.44096,39.19219],[141.43888,39.1923],[141.43689,39.19383],[141.4337,39.19483],[141.42663,39.19546],[141.42476,39.195],[141.41398,39.19869],[141.4119,39.20043],[141.40699,39.20164],[141.4017,39.20116],[141.39986,39.20008],[141.3975,39.20003],[141.39252,39.1972],[141.39183,39.19436],[141.3889,39.19404],[141.38732,39.19283],[141.38365,39.19325],[141.37699,39.19162],[141.37336,39.18912],[141.37336,39.1876],[141.37607,39.18642],[141.37948,39.18585],[141.38198,39.1864],[141.38601,39.1849],[141.38931,39.18188],[141.389,39.18112],[141.38446,39.17684],[141.38755,39.17389],[141.38845,39.17234],[141.38685,39.16599],[141.38485,39.16586],[141.38397,39.1636],[141.38485,39.16212],[141.38931,39.16044],[141.39213,39.15842],[141.39422,39.15534],[141.39384,39.15186],[141.39023,39.1481],[141.39039,39.145],[141.39319,39.14072],[141.39727,39.13807],[141.40247,39.13866],[141.40674,39.13575],[141.40671,39.13394],[141.40853,39.12981],[141.40998,39.12881],[141.40996,39.12546],[141.40926,39.12176],[141.40572,39.11941],[141.40599,39.11693],[141.40804,39.11603],[141.40992,39.11319],[141.41024,39.11167],[141.41186,39.1094],[141.41413,39.1073],[141.41802,39.1081],[141.41882,39.10924],[141.42089,39.10948],[141.42547,39.10858],[141.43202,39.11073],[141.43406,39.11097],[141.43933,39.11045],[141.44302,39.10774],[141.44485,39.10748],[141.44673,39.10624],[141.44955,39.1062],[141.45125,39.10694],[141.45466,39.10371],[141.46273,39.10157],[141.46321,39.10393],[141.46431,39.10553],[141.46767,39.10769],[141.46791,39.10901],[141.4671,39.11322],[141.46817,39.11466],[141.46825,39.11667],[141.46654,39.11891],[141.46582,39.12075],[141.46579,39.1229],[141.46664,39.12516],[141.47325,39.12629],[141.47586,39.12487],[141.47721,39.12184],[141.47972,39.12145],[141.4801,39.11956],[141.48392,39.11474],[141.4875,39.11499],[141.48972,39.11398],[141.4903,39.11282],[141.49374,39.11015],[141.49651,39.10971],[141.49758,39.11072],[141.49947,39.11078],[141.50222,39.11304],[141.50398,39.11251],[141.50635,39.11379],[141.50881,39.11396],[141.51513,39.11126],[141.51655,39.10928],[141.5172,39.10685],[141.51648,39.10612],[141.51916,39.10197],[141.51906,39.0993],[141.52486,39.09547],[141.52818,39.09978],[141.52796,39.10307],[141.53135,39.10517],[141.53373,39.10302],[141.53638,39.10155],[141.53926,39.10066],[141.54421,39.09724],[141.5476,39.09629],[141.55339,39.09895],[141.55411,39.10088],[141.55702,39.10318],[141.55683,39.10458],[141.5589,39.10791],[141.55903,39.11184],[141.57377,39.11008],[141.57851,39.11151],[141.57982,39.11124],[141.58315,39.10884],[141.58226,39.10781],[141.5857,39.10403],[141.58983,39.1011],[141.59061,39.10213],[141.594,39.10254],[141.59713,39.10111],[141.59906,39.10158],[141.6032,39.10417],[141.60595,39.10447],[141.60849,39.10639],[141.61299,39.1081],[141.61511,39.1097],[141.61853,39.10963],[141.6215,39.1116],[141.62557,39.11241],[141.62326,39.1137],[141.62022,39.11366],[141.61742,39.11476],[141.61776,39.1182],[141.61669,39.12074],[141.61875,39.12303],[141.62004,39.1257],[141.61927,39.12871],[141.62308,39.13177],[141.62288,39.13365],[141.62503,39.13618],[141.62913,39.13665],[141.63072,39.13807],[141.6313,39.14511],[141.63022,39.1477],[141.63205,39.14858],[141.63203,39.15198],[141.63332,39.1544],[141.63691,39.15544],[141.63937,39.15686],[141.643,39.16126],[141.64466,39.16247],[141.64338,39.16516],[141.64134,39.1671],[141.63908,39.16661],[141.63841,39.16776],[141.63983,39.17114],[141.6425,39.17264],[141.64528,39.17265],[141.64718,39.17329],[141.64826,39.17449],[141.64781,39.17653],[141.64886,39.17787],[141.65389,39.1767],[141.6582,39.17728],[141.6607,39.17699],[141.66275,39.17579],[141.6635,39.17414],[141.67833,39.17639],[141.68054,39.1774],[141.68274,39.17953],[141.68333,39.1818],[141.68952,39.18481],[141.69547,39.1833],[141.70082,39.1871],[141.70753,39.18919],[141.70975,39.19035],[141.71257,39.19323],[141.71289,39.19457],[141.71792,39.19986],[141.72255,39.20155],[141.72556,39.2018],[141.72826,39.20325],[141.72768,39.20423],[141.72527,39.20576],[141.71851,39.21337],[141.71708,39.21409],[141.71626,39.21622],[141.71457,39.2183],[141.71195,39.21732],[141.70634,39.21705],[141.70439,39.21824],[141.70182,39.21833],[141.70113,39.21965],[141.70233,39.22145],[141.70382,39.2256],[141.70576,39.22869],[141.70919,39.23068],[141.71137,39.23339],[141.71049,39.23702],[141.70878,39.2388],[141.70803,39.2407],[141.70567,39.24381],[141.70548,39.2482],[141.70461,39.25095],[141.7052,39.25225],[141.70646,39.26446],[141.70183,39.26529],[141.70028,39.26514],[141.69745,39.26671]]]}},{"type":"Feature","properties":{"code":"03461","name":"上閉伊郡大槌町","pref":"岩手県","pref_code":"03","cx":141.79136,"cy":39.4362,"bbox":[141.70218,39.34385,141.96765,39.52934]},"geometry":{"type":"Polygon","coordinates":[[[141.72084,39.44627],[141.72042,39.44405],[141.72055,39.43948],[141.72382,39.43396],[141.72344,39.4315],[141.71997,39.42916],[141.72054,39.42758],[141.72357,39.42636],[141.72925,39.42709],[141.7329,39.42648],[141.73635,39.42417],[141.7419,39.42285],[141.74256,39.41975],[141.74642,39.41715],[141.74446,39.41483],[141.74235,39.4133],[141.74157,39.41118],[141.74224,39.40806],[141.74366,39.40577],[141.74348,39.40382],[141.74435,39.40223],[141.74356,39.40028],[141.74422,39.39867],[141.74669,39.39707],[141.7451,39.3954],[141.74504,39.39368],[141.74706,39.39106],[141.74961,39.3924],[141.75524,39.39161],[141.76093,39.38856],[141.76282,39.38926],[141.76499,39.38723],[141.76928,39.38767],[141.77123,39.38968],[141.77377,39.38925],[141.77543,39.38965],[141.77907,39.38625],[141.77914,39.38457],[141.78261,39.38367],[141.78443,39.38233],[141.79058,39.37952],[141.79105,39.3779],[141.78905,39.37657],[141.78834,39.37505],[141.7902,39.37059],[141.79296,39.37145],[141.80111,39.3713],[141.80292,39.37274],[141.81075,39.37323],[141.81454,39.37285],[141.81812,39.37191],[141.81964,39.3709],[141.82336,39.37016],[141.82565,39.36767],[141.82905,39.36642],[141.8322,39.3668],[141.83495,39.36844],[141.84134,39.36724],[141.84331,39.3662],[141.84405,39.36436],[141.84591,39.36372],[141.84582,39.36155],[141.84813,39.35911],[141.85171,39.35703],[141.85897,39.35735],[141.86312,39.35493],[141.86551,39.35433],[141.8694,39.35131],[141.87146,39.35052],[141.87208,39.34937],[141.87772,39.34546],[141.88359,39.34385],[141.88927,39.34572],[141.8911,39.34706],[141.89482,39.34707],[141.89635,39.34855],[141.89939,39.34948],[141.90382,39.34884],[141.90749,39.34771],[141.91017,39.34606],[141.9135,39.3465],[141.91532,39.34562],[141.91534,39.34747],[141.9132,39.34838],[141.91302,39.35019],[141.91707,39.35171],[141.91844,39.35286],[141.91474,39.35485],[141.91597,39.35606],[141.91825,39.35463],[141.91946,39.35537],[141.92833,39.35236],[141.93017,39.35235],[141.93488,39.35114],[141.93717,39.35018],[141.93911,39.34825],[141.94105,39.34917],[141.94234,39.35084],[141.9458,39.35036],[141.9495,39.35254],[141.95148,39.35295],[141.95592,39.35565],[141.95744,39.35599],[141.95864,39.3591],[141.95633,39.3611],[141.95676,39.36218],[141.95923,39.3639],[141.96083,39.3658],[141.96486,39.36794],[141.96765,39.37458],[141.96602,39.37528],[141.96614,39.37726],[141.96467,39.3785],[141.95888,39.37632],[141.95653,39.37602],[141.95601,39.37471],[141.95249,39.37175],[141.94892,39.3711],[141.94841,39.37043],[141.94524,39.37169],[141.9437,39.37327],[141.94356,39.37651],[141.94209,39.37747],[141.94147,39.37928],[141.93946,39.38041],[141.93799,39.38363],[141.93799,39.38482],[141.93962,39.38719],[141.94276,39.38846],[141.94468,39.39162],[141.94649,39.39186],[141.94596,39.39369],[141.94787,39.39406],[141.94999,39.396],[141.95133,39.39604],[141.95294,39.39935],[141.94975,39.40026],[141.94696,39.40173],[141.94363,39.40277],[141.93823,39.40308],[141.93399,39.40197],[141.93156,39.40429],[141.93148,39.40592],[141.92959,39.40564],[141.92544,39.40371],[141.92262,39.40119],[141.91354,39.4002],[141.90899,39.40152],[141.90679,39.40135],[141.90565,39.40202],[141.89719,39.39937],[141.89272,39.39977],[141.89103,39.40125],[141.891,39.40287],[141.884,39.40634],[141.88271,39.40773],[141.88164,39.41039],[141.88188,39.41269],[141.88024,39.41331],[141.87874,39.4161],[141.87645,39.41562],[141.87379,39.41677],[141.87309,39.41794],[141.86577,39.4202],[141.86317,39.4241],[141.86175,39.42496],[141.86096,39.42937],[141.85987,39.43205],[141.86118,39.43527],[141.85929,39.43713],[141.85862,39.43877],[141.85281,39.44246],[141.84975,39.44758],[141.84654,39.44977],[141.8432,39.45105],[141.843,39.45315],[141.84048,39.45585],[141.84034,39.45954],[141.83664,39.46168],[141.83441,39.46172],[141.83073,39.46388],[141.82786,39.4626],[141.82288,39.46286],[141.82021,39.46365],[141.81723,39.46597],[141.81707,39.46729],[141.81527,39.46873],[141.81549,39.47051],[141.81369,39.47258],[141.81438,39.47841],[141.80984,39.48177],[141.80921,39.48331],[141.80731,39.48517],[141.80683,39.48835],[141.80585,39.48983],[141.7989,39.49544],[141.79829,39.49897],[141.79318,39.50209],[141.78817,39.50421],[141.78619,39.50454],[141.78554,39.50653],[141.78194,39.51031],[141.78201,39.51429],[141.77462,39.51585],[141.77002,39.51839],[141.7654,39.51778],[141.76326,39.51928],[141.76119,39.52314],[141.75862,39.52579],[141.75584,39.52601],[141.7533,39.52731],[141.75019,39.52724],[141.74832,39.52934],[141.74561,39.52864],[141.74382,39.5288],[141.74195,39.52788],[141.7402,39.52604],[141.74003,39.52474],[141.73851,39.52275],[141.73864,39.52115],[141.73982,39.51962],[141.73884,39.51768],[141.73738,39.51696],[141.73778,39.51438],[141.7365,39.51087],[141.73285,39.5093],[141.72957,39.50854],[141.72825,39.50744],[141.72168,39.50727],[141.71979,39.50792],[141.71514,39.50679],[141.71207,39.50518],[141.71032,39.50372],[141.70871,39.50074],[141.7066,39.49878],[141.7038,39.49153],[141.70329,39.48842],[141.70494,39.48659],[141.70437,39.48526],[141.70524,39.48311],[141.70426,39.48244],[141.70218,39.47864],[141.70507,39.47628],[141.70823,39.47221],[141.70853,39.4692],[141.71159,39.46428],[141.71486,39.46252],[141.71479,39.45798],[141.71633,39.45437],[141.71638,39.45296],[141.71951,39.4491],[141.72178,39.44733],[141.72084,39.44627]]]}},{"type":"Feature","properties":{"code":"03482","name":"下閉伊郡山田町","pref":"岩手県","pref_code":"03","cx":141.89092,"cy":39.48143,"bbox":[141.7481,39.39927,142.05997,39.56352]},"geometry":{"type":"MultiPolygon","coordinates":[[[[141.74832,39.52934],[141.75019,39.52724],[141.7533,39.52731],[141.75584,39.52601],[141.75862,39.52579],[141.76119,39.52314],[141.76326,39.51928],[141.7654,39.51778],[141.77002,39.51839],[141.77462,39.51585],[141.78201,39.51429],[141.78194,39.51031],[141.78554,39.50653],[141.78619,39.50454],[141.78817,39.50421],[141.79318,39.50209],[141.79829,39.49897],[141.7989,39.49544],[141.80585,39.48983],[141.80683,39.48835],[141.80731,39.48517],[141.80921,39.48331],[141.80984,39.48177],[141.81438,39.47841],[141.81369,39.47258],[141.81549,39.47051],[141.81527,39.46873],[141.81707,39.46729],[141.81723,39.46597],[141.82021,39.46365],[141.82288,39.46286],[141.82786,39.4626],[141.83073,39.46388],[141.83441,39.46172],[141.83664,39.46168],[141.84034,39.45954],[141.84048,39.45585],[141.843,39.45315],[141.8432,39.45105],[141.84654,39.44977],[141.84975,39.44758],[141.85281,39.44246],[141.85862,39.43877],[141.85929,39.43713],[141.86118,39.43527],[141.85987,39.43205],[141.86096,39.42937],[141.86175,39.42496],[141.86317,39.4241],[141.86577,39.4202],[141.87309,39.41794],[141.87379,39.41677],[141.87645,39.41562],[141.87874,39.4161],[141.88024,39.41331],[141.88188,39.41269],[141.88164,39.41039],[141.88271,39.40773],[141.884,39.40634],[141.891,39.40287],[141.89103,39.40125],[141.89272,39.39977],[141.89719,39.39937],[141.90565,39.40202],[141.90679,39.40135],[141.90899,39.40152],[141.91354,39.4002],[141.92262,39.40119],[141.92544,39.40371],[141.92959,39.40564],[141.93148,39.40592],[141.93156,39.40429],[141.93399,39.40197],[141.93823,39.40308],[141.94363,39.40277],[141.95294,39.39935],[141.95591,39.40142],[141.95745,39.40365],[141.95772,39.40595],[141.95898,39.40564],[141.96165,39.4079],[141.96329,39.41091],[141.9633,39.41215],[141.96653,39.41378],[141.97048,39.41876],[141.97283,39.41978],[141.9728,39.42222],[141.97438,39.42234],[141.97394,39.42583],[141.9763,39.42715],[141.98112,39.42697],[141.98247,39.42598],[141.98194,39.42491],[141.98522,39.41771],[141.98513,39.41654],[141.98193,39.41502],[141.98123,39.41047],[141.98245,39.40857],[141.99376,39.40917],[141.9968,39.40985],[141.99686,39.4116],[141.99814,39.41219],[142.00125,39.41072],[142.00512,39.41092],[142.00582,39.41441],[142.00752,39.41548],[142.01045,39.41522],[142.01106,39.41629],[142.009,39.41771],[142.00728,39.41975],[142.00693,39.42202],[142.00781,39.42272],[142.00797,39.42481],[142.01098,39.42647],[142.01331,39.4265],[142.01574,39.42492],[142.01813,39.42443],[142.01966,39.42141],[142.02175,39.421],[142.02284,39.41858],[142.02477,39.41773],[142.0256,39.41603],[142.02907,39.4157],[142.0312,39.41612],[142.03411,39.41829],[142.03588,39.41834],[142.03579,39.42058],[142.03837,39.42446],[142.04151,39.42622],[142.04432,39.42577],[142.04404,39.42736],[142.04114,39.4306],[142.04258,39.43152],[142.04188,39.43372],[142.04006,39.43351],[142.04052,39.43544],[142.03802,39.43674],[142.04287,39.43983],[142.0425,39.44154],[142.0387,39.44266],[142.03895,39.44718],[142.0423,39.44752],[142.04432,39.44943],[142.04775,39.45],[142.04754,39.45266],[142.04809,39.45637],[142.05158,39.45989],[142.05408,39.46131],[142.05431,39.46296],[142.05997,39.46938],[142.05884,39.47001],[142.05663,39.47409],[142.05239,39.47557],[142.05209,39.47706],[142.05076,39.47742],[142.04928,39.4807],[142.05104,39.48161],[142.05167,39.48406],[142.04993,39.48444],[142.04852,39.48218],[142.04262,39.48307],[142.03985,39.48142],[142.036,39.48237],[142.03262,39.48012],[142.0321,39.47856],[142.02865,39.47588],[142.0261,39.47547],[142.02632,39.47325],[142.02227,39.47209],[142.02114,39.47111],[142.01745,39.46987],[142.0155,39.468],[142.01223,39.4671],[142.0112,39.46562],[142.0089,39.46486],[142.00894,39.46338],[142.00421,39.45848],[142.00378,39.45678],[142.00233,39.45502],[142.00333,39.44882],[142.00475,39.44601],[142.00265,39.44544],[141.99839,39.44955],[141.99636,39.45062],[141.99582,39.45178],[141.99056,39.45003],[141.98813,39.44821],[141.98414,39.44461],[141.98226,39.44173],[141.98059,39.44112],[141.9796,39.43897],[141.97433,39.43946],[141.97253,39.4411],[141.97264,39.44307],[141.97173,39.44459],[141.97168,39.44792],[141.9701,39.44953],[141.9672,39.4476],[141.96473,39.44809],[141.96301,39.44761],[141.96188,39.44945],[141.96313,39.45002],[141.96154,39.45421],[141.95736,39.45696],[141.96155,39.45868],[141.96191,39.45953],[141.95732,39.46023],[141.95449,39.466],[141.95376,39.46662],[141.95446,39.47224],[141.95596,39.47523],[141.95825,39.47619],[141.96057,39.47582],[141.96466,39.47728],[141.96538,39.47621],[141.96913,39.48038],[141.97157,39.48144],[141.97759,39.48178],[141.97776,39.48284],[141.98023,39.48254],[141.97981,39.48147],[141.98134,39.48051],[141.98319,39.48048],[141.98826,39.48311],[141.99126,39.48382],[141.99298,39.48338],[142.00071,39.47934],[142.00254,39.47894],[142.0052,39.4796],[142.0067,39.47896],[142.00891,39.47604],[142.01242,39.47983],[142.01146,39.4809],[142.01045,39.48461],[142.01073,39.4861],[142.00921,39.489],[142.01001,39.49043],[142.00908,39.49164],[142.00906,39.49448],[142.00983,39.49636],[142.01262,39.49784],[142.009,39.50155],[142.00669,39.50186],[142.00595,39.50529],[142.00346,39.50638],[141.99948,39.51003],[141.99652,39.5121],[141.9936,39.51317],[141.99164,39.51496],[141.99232,39.51675],[141.9918,39.51895],[141.98996,39.51829],[141.98635,39.51815],[141.98469,39.51972],[141.98139,39.52046],[141.9822,39.52382],[141.97995,39.52763],[141.9769,39.53046],[141.97681,39.53308],[141.97511,39.53656],[141.97485,39.53859],[141.9725,39.53944],[141.97097,39.54177],[141.97069,39.54443],[141.96734,39.54478],[141.96499,39.54431],[141.96264,39.54502],[141.95591,39.54469],[141.95278,39.54711],[141.95164,39.54954],[141.94956,39.55009],[141.94645,39.54989],[141.9439,39.55155],[141.93791,39.55198],[141.93093,39.55081],[141.92761,39.55213],[141.92117,39.551],[141.91936,39.54896],[141.91802,39.54964],[141.91681,39.54796],[141.91408,39.54828],[141.90824,39.54786],[141.90555,39.54893],[141.90356,39.54784],[141.90017,39.54772],[141.897,39.54989],[141.89519,39.54997],[141.89238,39.55155],[141.89185,39.55328],[141.88668,39.55469],[141.88544,39.55662],[141.88262,39.55787],[141.8783,39.56327],[141.87636,39.56323],[141.87384,39.56234],[141.87093,39.56352],[141.86938,39.56199],[141.86543,39.56059],[141.86364,39.5592],[141.86169,39.55941],[141.86008,39.55868],[141.85472,39.55847],[141.85221,39.55675],[141.84849,39.55605],[141.84731,39.55447],[141.84192,39.55419],[141.84,39.55323],[141.83918,39.55156],[141.83655,39.55099],[141.83474,39.54971],[141.8278,39.55029],[141.82452,39.55177],[141.8218,39.55391],[141.81971,39.55355],[141.81709,39.55434],[141.81403,39.55301],[141.80936,39.5518],[141.80757,39.55197],[141.80618,39.55115],[141.80402,39.55115],[141.80085,39.55012],[141.79875,39.55004],[141.79551,39.54835],[141.7863,39.5482],[141.778,39.54574],[141.77748,39.54483],[141.77409,39.54342],[141.77236,39.54322],[141.77006,39.542],[141.76734,39.54157],[141.76274,39.54245],[141.75841,39.54068],[141.75359,39.54029],[141.75143,39.53686],[141.75005,39.53603],[141.7481,39.53258],[141.74832,39.52934]]],[[[141.99976,39.4069],[141.99829,39.4062],[141.99864,39.405],[141.99392,39.40081],[141.9948,39.39997],[141.99786,39.39927],[141.99958,39.40159],[141.99971,39.40379],[142.00065,39.40622],[141.99976,39.4069]]]]}},{"type":"Feature","properties":{"code":"03483","name":"下閉伊郡岩泉町","pref":"岩手県","pref_code":"03","cx":141.6891,"cy":39.86239,"bbox":[141.39485,39.67654,141.98123,40.04827]},"geometry":{"type":"Polygon","coordinates":[[[141.40866,39.69171],[141.41137,39.69073],[141.41562,39.68689],[141.4193,39.6865],[141.4213,39.68482],[141.42229,39.68239],[141.42263,39.67915],[141.42632,39.67678],[141.43551,39.67654],[141.43871,39.67833],[141.44162,39.67914],[141.44536,39.67912],[141.44866,39.67975],[141.45167,39.67904],[141.4558,39.6797],[141.45871,39.68128],[141.46523,39.68044],[141.4683,39.68075],[141.4698,39.68428],[141.46961,39.68643],[141.47825,39.69375],[141.47978,39.69608],[141.48515,39.69776],[141.4866,39.69952],[141.48732,39.703],[141.49034,39.70428],[141.49284,39.7047],[141.49682,39.70667],[141.50451,39.70481],[141.51046,39.70462],[141.51203,39.70414],[141.51564,39.70462],[141.52143,39.70391],[141.52569,39.70277],[141.52759,39.70278],[141.53281,39.70403],[141.53331,39.70517],[141.53765,39.70386],[141.54978,39.70402],[141.55271,39.70522],[141.55569,39.70848],[141.55693,39.71103],[141.56218,39.71365],[141.56315,39.71532],[141.56317,39.71775],[141.56599,39.71923],[141.56885,39.7187],[141.57068,39.71713],[141.57301,39.71613],[141.57546,39.71397],[141.57809,39.71472],[141.57942,39.71326],[141.58072,39.70978],[141.58285,39.70969],[141.58552,39.7105],[141.58909,39.71011],[141.59355,39.71067],[141.59817,39.70891],[141.6013,39.7089],[141.60301,39.70981],[141.60444,39.71153],[141.60306,39.71487],[141.60766,39.72054],[141.60715,39.7225],[141.60845,39.72696],[141.60651,39.72929],[141.60987,39.73016],[141.61292,39.73161],[141.61593,39.73424],[141.61895,39.7345],[141.62111,39.73386],[141.62206,39.73471],[141.62379,39.73805],[141.62356,39.74084],[141.62439,39.74392],[141.62596,39.74642],[141.62641,39.75011],[141.6258,39.75313],[141.62669,39.75507],[141.6328,39.75562],[141.64213,39.75467],[141.64552,39.75607],[141.64882,39.75449],[141.656,39.75529],[141.66102,39.75207],[141.6636,39.75209],[141.66626,39.751],[141.66975,39.75031],[141.67489,39.74464],[141.67851,39.74376],[141.68146,39.74218],[141.68769,39.74372],[141.68983,39.74733],[141.69461,39.74967],[141.6978,39.75231],[141.70149,39.75341],[141.7068,39.75328],[141.71,39.7506],[141.71167,39.74999],[141.71449,39.7501],[141.71727,39.74726],[141.7205,39.74536],[141.72257,39.74533],[141.72309,39.7469],[141.72744,39.74912],[141.72972,39.74921],[141.73444,39.75057],[141.73572,39.7514],[141.7372,39.75056],[141.73755,39.74885],[141.7371,39.74681],[141.73868,39.7435],[141.74073,39.74207],[141.7413,39.74087],[141.747,39.73826],[141.74831,39.73636],[141.75022,39.73668],[141.75184,39.73542],[141.75458,39.73464],[141.75688,39.73168],[141.76039,39.73327],[141.76924,39.73503],[141.77142,39.73605],[141.77898,39.73142],[141.77896,39.73012],[141.78106,39.72796],[141.78128,39.72691],[141.78614,39.72784],[141.79059,39.72486],[141.79377,39.72398],[141.79555,39.7242],[141.80145,39.71819],[141.8034,39.71968],[141.80257,39.72154],[141.80281,39.72334],[141.80456,39.72472],[141.80666,39.7252],[141.81064,39.72751],[141.81204,39.72911],[141.81514,39.72957],[141.81768,39.73148],[141.8211,39.73143],[141.82611,39.73035],[141.82824,39.7312],[141.83054,39.73387],[141.83573,39.73529],[141.83523,39.73713],[141.83724,39.73835],[141.83763,39.73937],[141.84212,39.73903],[141.84263,39.7373],[141.84625,39.73554],[141.84929,39.73741],[141.85014,39.73915],[141.84964,39.74196],[141.84821,39.74264],[141.84774,39.7447],[141.84966,39.74684],[141.85457,39.74684],[141.85712,39.74782],[141.86096,39.74842],[141.86665,39.74883],[141.86824,39.74826],[141.87323,39.74873],[141.87649,39.74995],[141.87952,39.75021],[141.88048,39.75168],[141.88277,39.75253],[141.88412,39.7537],[141.88721,39.75382],[141.88745,39.75526],[141.88907,39.7561],[141.8894,39.75801],[141.89212,39.75904],[141.8926,39.76067],[141.89471,39.76281],[141.89746,39.76422],[141.89774,39.76588],[141.89922,39.76661],[141.9002,39.76833],[141.89876,39.76937],[141.89959,39.77038],[141.90296,39.77078],[141.90484,39.77204],[141.90507,39.7754],[141.90398,39.77823],[141.90607,39.78065],[141.90611,39.78246],[141.90302,39.78507],[141.90277,39.78687],[141.89939,39.78887],[141.89747,39.78934],[141.89475,39.78881],[141.893,39.78959],[141.88877,39.78921],[141.88842,39.79117],[141.88904,39.79298],[141.89087,39.79494],[141.8931,39.79548],[141.89492,39.79493],[141.8962,39.79612],[141.89956,39.79666],[141.9004,39.79831],[141.90428,39.7973],[141.90545,39.79882],[141.90813,39.7984],[141.90937,39.79998],[141.90888,39.80181],[141.90986,39.80437],[141.90953,39.80745],[141.91178,39.80917],[141.91545,39.80756],[141.91809,39.80867],[141.92005,39.80753],[141.92198,39.80725],[141.92321,39.8082],[141.9266,39.80894],[141.92831,39.80874],[141.93461,39.80948],[141.93589,39.81142],[141.93748,39.81191],[141.93937,39.81568],[141.93954,39.81977],[141.94192,39.8209],[141.94863,39.82196],[141.94907,39.82127],[141.95364,39.82157],[141.95641,39.82291],[141.96065,39.82241],[141.9621,39.82098],[141.96463,39.82219],[141.9682,39.82491],[141.97413,39.82485],[141.97421,39.82659],[141.97584,39.82804],[141.97511,39.82934],[141.97694,39.83109],[141.97851,39.83069],[141.97985,39.83097],[141.97907,39.83293],[141.98004,39.8369],[141.97923,39.8379],[141.98123,39.84004],[141.97935,39.84034],[141.97639,39.84215],[141.97728,39.84398],[141.97661,39.84557],[141.97449,39.84632],[141.97484,39.84847],[141.97369,39.84971],[141.97293,39.85193],[141.97564,39.85119],[141.97565,39.85296],[141.97801,39.85302],[141.97766,39.85439],[141.97607,39.85444],[141.97479,39.8588],[141.97583,39.86193],[141.97754,39.8622],[141.97881,39.86415],[141.97823,39.86668],[141.97728,39.8667],[141.97634,39.86933],[141.97715,39.8709],[141.97667,39.87235],[141.97467,39.87381],[141.97342,39.87645],[141.97318,39.87912],[141.97106,39.88099],[141.97086,39.8849],[141.96772,39.88456],[141.96376,39.88498],[141.95966,39.88747],[141.95717,39.88615],[141.95404,39.88556],[141.9511,39.88324],[141.94445,39.88209],[141.94457,39.88151],[141.94051,39.87891],[141.93477,39.87593],[141.93339,39.8741],[141.92839,39.86979],[141.9203,39.86698],[141.91824,39.86415],[141.91839,39.86241],[141.91655,39.86104],[141.9119,39.86135],[141.9091,39.85916],[141.90779,39.85871],[141.90393,39.85897],[141.90228,39.85971],[141.89988,39.85859],[141.89831,39.85853],[141.89635,39.85696],[141.89232,39.8579],[141.89378,39.86217],[141.8923,39.86371],[141.89092,39.86408],[141.88816,39.86635],[141.8872,39.86803],[141.88506,39.86993],[141.88116,39.87261],[141.88191,39.86912],[141.88319,39.8673],[141.88151,39.8665],[141.8824,39.86489],[141.88755,39.86341],[141.88333,39.86305],[141.88104,39.86236],[141.8769,39.86225],[141.87769,39.8602],[141.87052,39.86339],[141.87026,39.86494],[141.86783,39.86677],[141.8643,39.86689],[141.86337,39.8677],[141.86049,39.86751],[141.85896,39.86837],[141.85691,39.86818],[141.85373,39.86975],[141.85135,39.87021],[141.84896,39.86965],[141.84723,39.87046],[141.84665,39.8718],[141.84223,39.87266],[141.84083,39.87612],[141.84159,39.87752],[141.83736,39.87857],[141.83387,39.88238],[141.83141,39.8829],[141.83148,39.88495],[141.82979,39.88995],[141.82855,39.89199],[141.82947,39.89384],[141.82829,39.89581],[141.83019,39.89823],[141.82767,39.90139],[141.82495,39.90216],[141.82311,39.90141],[141.81863,39.90112],[141.81498,39.90024],[141.8139,39.8986],[141.81408,39.89715],[141.81217,39.89645],[141.81078,39.89427],[141.80677,39.89457],[141.80502,39.89765],[141.8037,39.89835],[141.7985,39.89632],[141.79536,39.89593],[141.79296,39.89632],[141.78968,39.89476],[141.78677,39.89405],[141.78257,39.8944],[141.78218,39.89342],[141.77998,39.89266],[141.77583,39.89413],[141.77089,39.89765],[141.77127,39.89951],[141.77614,39.90243],[141.77586,39.90502],[141.77666,39.90865],[141.77663,39.91101],[141.77787,39.91496],[141.77799,39.91758],[141.7792,39.91842],[141.77994,39.9207],[141.77961,39.92292],[141.7813,39.92815],[141.78311,39.93059],[141.78519,39.93215],[141.78522,39.93681],[141.78653,39.93885],[141.78479,39.94174],[141.78231,39.94286],[141.78347,39.94534],[141.78492,39.94669],[141.78365,39.94815],[141.78721,39.94912],[141.78917,39.95112],[141.78939,39.95294],[141.79097,39.95429],[141.79044,39.95655],[141.79324,39.95845],[141.793,39.96344],[141.79436,39.96489],[141.79487,39.96721],[141.7961,39.9684],[141.79709,39.97105],[141.79629,39.97272],[141.79703,39.97514],[141.80111,39.97946],[141.79981,39.98221],[141.79998,39.98493],[141.80131,39.98763],[141.79947,39.98878],[141.79857,39.99104],[141.79398,39.9937],[141.79371,39.99622],[141.79497,39.99706],[141.79437,39.99893],[141.79574,40.00278],[141.79715,40.00454],[141.80097,40.00629],[141.80193,40.00759],[141.80986,40.01016],[141.81242,40.01274],[141.81055,40.01427],[141.76041,40.02501],[141.75871,40.02661],[141.75842,40.03165],[141.75561,40.03184],[141.75373,40.03065],[141.752,40.03044],[141.74961,40.02883],[141.74673,40.0288],[141.7462,40.02767],[141.74368,40.02641],[141.74278,40.02421],[141.73942,40.02297],[141.7387,40.02166],[141.73912,40.01643],[141.73751,40.01622],[141.73377,40.01716],[141.73054,40.01587],[141.72851,40.0159],[141.72831,40.01167],[141.72663,40.01171],[141.72294,40.00995],[141.72075,40.01069],[141.71953,40.01215],[141.71714,40.01226],[141.71608,40.01439],[141.7146,40.0138],[141.71194,40.01461],[141.70994,40.0123],[141.70527,40.00884],[141.70331,40.01141],[141.69711,40.01212],[141.69472,40.01678],[141.69145,40.01815],[141.68398,40.01729],[141.68092,40.01491],[141.67618,40.01488],[141.67169,40.01071],[141.6706,40.01024],[141.66349,40.01055],[141.66084,40.00856],[141.65851,40.00815],[141.65452,40.00891],[141.649,40.0111],[141.64942,40.01434],[141.64617,40.01691],[141.64412,40.01988],[141.64081,40.01965],[141.63727,40.01834],[141.63462,40.01878],[141.63226,40.02033],[141.62955,40.02097],[141.62696,40.02278],[141.62523,40.02318],[141.62296,40.02519],[141.6229,40.02752],[141.61884,40.02626],[141.61651,40.02626],[141.61214,40.02884],[141.60897,40.02832],[141.60527,40.02594],[141.60275,40.02582],[141.59813,40.02464],[141.59729,40.02585],[141.59361,40.02757],[141.59213,40.02927],[141.58956,40.03036],[141.58926,40.03195],[141.58744,40.03455],[141.58316,40.03945],[141.58083,40.04122],[141.57889,40.04106],[141.57003,40.04479],[141.56891,40.04664],[141.56763,40.04686],[141.56417,40.0461],[141.56341,40.04497],[141.5614,40.04403],[141.55734,40.04548],[141.55323,40.04541],[141.54967,40.04732],[141.54469,40.04827],[141.54006,40.04811],[141.53577,40.04655],[141.53255,40.04656],[141.53178,40.04323],[141.52792,40.04044],[141.52908,40.03829],[141.53037,40.03411],[141.53255,40.03154],[141.53805,40.03061],[141.53925,40.02898],[141.54574,40.02556],[141.54826,40.02285],[141.54937,40.01937],[141.54839,40.01721],[141.54899,40.01444],[141.55197,40.01118],[141.55222,40.00946],[141.55421,40.00824],[141.55728,40.00458],[141.56194,40.00278],[141.56754,39.99685],[141.5682,39.99464],[141.57144,39.99001],[141.57107,39.98866],[141.5718,39.9868],[141.5754,39.98494],[141.57546,39.98288],[141.57707,39.98093],[141.57874,39.98089],[141.57997,39.97848],[141.57889,39.97723],[141.58098,39.97318],[141.58353,39.97151],[141.58392,39.96919],[141.58507,39.9679],[141.58379,39.96633],[141.58454,39.96461],[141.58506,39.96055],[141.58867,39.95909],[141.58955,39.95613],[141.5883,39.95521],[141.58457,39.95395],[141.58329,39.95206],[141.58312,39.95001],[141.58133,39.9481],[141.58226,39.94615],[141.58112,39.94051],[141.57769,39.93876],[141.57691,39.93657],[141.57426,39.93642],[141.5701,39.93379],[141.56519,39.93146],[141.56397,39.9299],[141.55938,39.92857],[141.56004,39.92555],[141.55895,39.92362],[141.56143,39.92157],[141.56145,39.91873],[141.56405,39.91578],[141.56259,39.91266],[141.55837,39.90863],[141.55503,39.90718],[141.55481,39.90625],[141.55214,39.90351],[141.54996,39.90292],[141.54869,39.90402],[141.54627,39.90411],[141.54395,39.90553],[141.54242,39.90519],[141.53788,39.90647],[141.53655,39.90841],[141.53375,39.90774],[141.52927,39.90823],[141.52652,39.91051],[141.52023,39.90983],[141.51634,39.91075],[141.51388,39.91],[141.51042,39.90654],[141.5078,39.90604],[141.50311,39.90321],[141.49915,39.90533],[141.49003,39.90405],[141.48726,39.9014],[141.48543,39.90031],[141.48419,39.89742],[141.48224,39.89603],[141.48297,39.89481],[141.48196,39.8921],[141.48663,39.89167],[141.48558,39.88922],[141.48753,39.88592],[141.4875,39.88438],[141.48418,39.88278],[141.49183,39.88167],[141.4986,39.87793],[141.50018,39.87775],[141.50611,39.87918],[141.50711,39.8769],[141.50635,39.87545],[141.50741,39.8711],[141.50674,39.86407],[141.50442,39.86112],[141.50387,39.85567],[141.50529,39.85504],[141.50717,39.84997],[141.5092,39.849],[141.51165,39.8464],[141.51433,39.83968],[141.51384,39.83859],[141.51658,39.83565],[141.51772,39.83067],[141.51894,39.82844],[141.51836,39.82653],[141.52111,39.82195],[141.5203,39.81916],[141.5257,39.81553],[141.52739,39.81271],[141.52526,39.8111],[141.52364,39.80778],[141.52218,39.80666],[141.51649,39.80902],[141.51202,39.80768],[141.50725,39.80805],[141.5045,39.81019],[141.50292,39.81017],[141.49831,39.80781],[141.50026,39.80475],[141.50005,39.80308],[141.5015,39.8011],[141.49919,39.79411],[141.49548,39.79346],[141.4898,39.79107],[141.48761,39.78433],[141.48796,39.78206],[141.48672,39.78029],[141.48585,39.77785],[141.48493,39.77699],[141.47841,39.77577],[141.47776,39.77512],[141.47812,39.77197],[141.47769,39.76921],[141.47435,39.7649],[141.47054,39.76455],[141.46834,39.76351],[141.4596,39.76695],[141.45619,39.76634],[141.452,39.76653],[141.45042,39.76568],[141.44587,39.76477],[141.43885,39.75969],[141.43456,39.7581],[141.43006,39.75727],[141.42537,39.75754],[141.42219,39.75616],[141.42073,39.75718],[141.41829,39.75723],[141.41621,39.75873],[141.41049,39.7598],[141.40893,39.75898],[141.40767,39.75668],[141.40438,39.7547],[141.40184,39.75088],[141.39741,39.74741],[141.40155,39.74295],[141.40177,39.74188],[141.40103,39.73652],[141.39897,39.73662],[141.39659,39.73491],[141.39485,39.72933],[141.39773,39.72584],[141.39743,39.72313],[141.39964,39.71975],[141.39623,39.71682],[141.39573,39.71354],[141.39512,39.71295],[141.39518,39.70936],[141.39637,39.70738],[141.40527,39.70293],[141.40918,39.70293],[141.40831,39.69305],[141.40866,39.69171]]]}},{"type":"Feature","properties":{"code":"03484","name":"下閉伊郡田野畑村","pref":"岩手県","pref_code":"03","cx":141.86095,"cy":39.9242,"bbox":[141.77089,39.85696,141.96245,39.9904]},"geometry":{"type":"Polygon","coordinates":[[[141.95966,39.88747],[141.95761,39.88995],[141.95519,39.89113],[141.95481,39.89405],[141.95348,39.89507],[141.95341,39.89721],[141.95147,39.90116],[141.9516,39.90218],[141.94969,39.90537],[141.94923,39.90705],[141.94987,39.9084],[141.94534,39.91468],[141.94192,39.91613],[141.93973,39.9196],[141.94106,39.92353],[141.94267,39.92487],[141.94019,39.92667],[141.9407,39.92819],[141.94261,39.92831],[141.94233,39.93101],[141.93885,39.93138],[141.93825,39.93238],[141.93925,39.93374],[141.941,39.93398],[141.94217,39.93527],[141.94234,39.93737],[141.93983,39.93926],[141.94335,39.94044],[141.94307,39.94369],[141.94525,39.94597],[141.95515,39.94565],[141.95616,39.94438],[141.95765,39.9461],[141.96029,39.94516],[141.96008,39.9472],[141.95802,39.94887],[141.95787,39.9505],[141.95946,39.9515],[141.96245,39.9521],[141.95711,39.95397],[141.95718,39.95552],[141.95907,39.95677],[141.95831,39.95787],[141.95578,39.95833],[141.95581,39.96191],[141.95518,39.96396],[141.95542,39.96666],[141.95639,39.9679],[141.95471,39.96959],[141.95411,39.9714],[141.95499,39.97359],[141.95451,39.97438],[141.9548,39.97776],[141.95673,39.97961],[141.9552,39.98151],[141.95589,39.98357],[141.95283,39.98667],[141.95065,39.98746],[141.95123,39.98846],[141.95025,39.9904],[141.94568,39.9877],[141.94272,39.98776],[141.93703,39.98688],[141.93353,39.9851],[141.93131,39.98246],[141.93157,39.97928],[141.92947,39.97843],[141.92796,39.97708],[141.92734,39.97523],[141.92548,39.97529],[141.92193,39.97369],[141.9195,39.97558],[141.91635,39.97659],[141.90812,39.97557],[141.90457,39.97614],[141.89535,39.97109],[141.89293,39.96702],[141.8906,39.96649],[141.88819,39.96839],[141.88664,39.96838],[141.88484,39.96591],[141.88275,39.96527],[141.88303,39.96402],[141.88086,39.96324],[141.88089,39.96207],[141.87653,39.9616],[141.87493,39.96388],[141.87416,39.96688],[141.87496,39.96866],[141.87354,39.97009],[141.87177,39.97403],[141.87184,39.97616],[141.87084,39.97738],[141.8721,39.97883],[141.87125,39.97966],[141.86071,39.97706],[141.85619,39.97645],[141.85233,39.97455],[141.85022,39.97402],[141.84886,39.97219],[141.84572,39.97443],[141.84648,39.97578],[141.84184,39.97551],[141.84108,39.97365],[141.83823,39.97241],[141.83776,39.97127],[141.83595,39.97109],[141.83527,39.97217],[141.83074,39.97288],[141.82875,39.97205],[141.82285,39.97344],[141.82128,39.97491],[141.81898,39.97537],[141.81416,39.97511],[141.81286,39.97567],[141.807,39.97553],[141.80298,39.97725],[141.80062,39.9776],[141.79915,39.97704],[141.79703,39.97514],[141.79629,39.97272],[141.79709,39.97105],[141.7961,39.9684],[141.79487,39.96721],[141.79436,39.96489],[141.793,39.96344],[141.79324,39.95845],[141.79044,39.95655],[141.79097,39.95429],[141.78939,39.95294],[141.78917,39.95112],[141.78721,39.94912],[141.78365,39.94815],[141.78492,39.94669],[141.78347,39.94534],[141.78231,39.94286],[141.78479,39.94174],[141.78653,39.93885],[141.78522,39.93681],[141.78519,39.93215],[141.78311,39.93059],[141.7813,39.92815],[141.77961,39.92292],[141.77994,39.9207],[141.7792,39.91842],[141.77799,39.91758],[141.77787,39.91496],[141.77663,39.91101],[141.77666,39.90865],[141.77586,39.90502],[141.77614,39.90243],[141.77127,39.89951],[141.77089,39.89765],[141.77583,39.89413],[141.77998,39.89266],[141.78218,39.89342],[141.78257,39.8944],[141.78677,39.89405],[141.78968,39.89476],[141.79296,39.89632],[141.79536,39.89593],[141.7985,39.89632],[141.8037,39.89835],[141.80502,39.89765],[141.80677,39.89457],[141.81078,39.89427],[141.81217,39.89645],[141.81408,39.89715],[141.8139,39.8986],[141.81498,39.90024],[141.81863,39.90112],[141.82311,39.90141],[141.82495,39.90216],[141.82767,39.90139],[141.83019,39.89823],[141.82829,39.89581],[141.82947,39.89384],[141.82855,39.89199],[141.82979,39.88995],[141.83148,39.88495],[141.83141,39.8829],[141.83387,39.88238],[141.83736,39.87857],[141.84159,39.87752],[141.84083,39.87612],[141.84223,39.87266],[141.84665,39.8718],[141.84723,39.87046],[141.84896,39.86965],[141.85135,39.87021],[141.85373,39.86975],[141.85691,39.86818],[141.85896,39.86837],[141.86049,39.86751],[141.86337,39.8677],[141.8643,39.86689],[141.86783,39.86677],[141.87026,39.86494],[141.87052,39.86339],[141.87769,39.8602],[141.8769,39.86225],[141.88104,39.86236],[141.88333,39.86305],[141.88755,39.86341],[141.8824,39.86489],[141.88151,39.8665],[141.88319,39.8673],[141.88191,39.86912],[141.88116,39.87261],[141.88506,39.86993],[141.8872,39.86803],[141.88816,39.86635],[141.89092,39.86408],[141.8923,39.86371],[141.89378,39.86217],[141.89232,39.8579],[141.89635,39.85696],[141.89831,39.85853],[141.89988,39.85859],[141.90228,39.85971],[141.90393,39.85897],[141.90779,39.85871],[141.9091,39.85916],[141.9119,39.86135],[141.91655,39.86104],[141.91839,39.86241],[141.91824,39.86415],[141.9203,39.86698],[141.92839,39.86979],[141.93339,39.8741],[141.93477,39.87593],[141.94051,39.87891],[141.94457,39.88151],[141.94445,39.88209],[141.9511,39.88324],[141.95404,39.88556],[141.95717,39.88615],[141.95966,39.88747]]]}},{"type":"Feature","properties":{"code":"03485","name":"下閉伊郡普代村","pref":"岩手県","pref_code":"03","cx":141.8595,"cy":40.00849,"bbox":[141.79371,39.9616,141.94848,40.05559]},"geometry":{"type":"Polygon","coordinates":[[[141.79915,39.97704],[141.80062,39.9776],[141.80298,39.97725],[141.807,39.97553],[141.81286,39.97567],[141.81416,39.97511],[141.81898,39.97537],[141.82128,39.97491],[141.82285,39.97344],[141.82875,39.97205],[141.83074,39.97288],[141.83527,39.97217],[141.83595,39.97109],[141.83776,39.97127],[141.83823,39.97241],[141.84108,39.97365],[141.84184,39.97551],[141.84648,39.97578],[141.84572,39.97443],[141.84886,39.97219],[141.85022,39.97402],[141.85233,39.97455],[141.85619,39.97645],[141.86071,39.97706],[141.87125,39.97966],[141.8721,39.97883],[141.87084,39.97738],[141.87184,39.97616],[141.87177,39.97403],[141.87354,39.97009],[141.87496,39.96866],[141.87416,39.96688],[141.87493,39.96388],[141.87653,39.9616],[141.88089,39.96207],[141.88086,39.96324],[141.88303,39.96402],[141.88275,39.96527],[141.88484,39.96591],[141.88664,39.96838],[141.88819,39.96839],[141.8906,39.96649],[141.89293,39.96702],[141.89535,39.97109],[141.90457,39.97614],[141.90812,39.97557],[141.91635,39.97659],[141.9195,39.97558],[141.92193,39.97369],[141.92548,39.97529],[141.92734,39.97523],[141.92796,39.97708],[141.92947,39.97843],[141.93157,39.97928],[141.93131,39.98246],[141.93353,39.9851],[141.93703,39.98688],[141.94272,39.98776],[141.94568,39.9877],[141.94848,39.98936],[141.9469,39.99231],[141.94701,39.99335],[141.94497,39.99432],[141.94518,39.99734],[141.9429,39.99861],[141.9395,39.99941],[141.94076,40.00126],[141.93891,40.00216],[141.9377,40.00573],[141.93652,40.007],[141.93532,40.00969],[141.93302,40.01042],[141.9311,40.01013],[141.9292,40.00807],[141.92693,40.0094],[141.92351,40.00761],[141.9159,40.00798],[141.91281,40.00895],[141.91099,40.01077],[141.90961,40.01083],[141.90779,40.0089],[141.9051,40.01057],[141.90472,40.01354],[141.90227,40.0147],[141.89951,40.01517],[141.89918,40.01688],[141.90112,40.01903],[141.89897,40.01956],[141.89744,40.02168],[141.89719,40.02405],[141.89637,40.02541],[141.89218,40.02864],[141.88701,40.03137],[141.88698,40.03272],[141.8847,40.03414],[141.88532,40.03579],[141.88271,40.03859],[141.88279,40.03915],[141.87851,40.0471],[141.8748,40.04889],[141.87298,40.0482],[141.87091,40.04839],[141.87015,40.05012],[141.86813,40.05102],[141.86901,40.05323],[141.866,40.05179],[141.8637,40.0513],[141.85966,40.05335],[141.85642,40.05401],[141.85493,40.05559],[141.85113,40.05172],[141.84896,40.05051],[141.8477,40.04766],[141.84389,40.04591],[141.84365,40.04401],[141.83972,40.04088],[141.83923,40.04],[141.8404,40.03853],[141.84297,40.03785],[141.84115,40.03535],[141.84084,40.03181],[141.83876,40.02929],[141.83912,40.02793],[141.83791,40.02563],[141.83661,40.02501],[141.83536,40.0208],[141.83206,40.01921],[141.82769,40.01817],[141.82682,40.01959],[141.82396,40.01783],[141.81961,40.01755],[141.81638,40.01576],[141.80986,40.01016],[141.80193,40.00759],[141.80097,40.00629],[141.79715,40.00454],[141.79574,40.00278],[141.79437,39.99893],[141.79497,39.99706],[141.79371,39.99622],[141.79398,39.9937],[141.79857,39.99104],[141.79947,39.98878],[141.80131,39.98763],[141.79998,39.98493],[141.79981,39.98221],[141.80111,39.97946],[141.79915,39.97704]]]}},{"type":"Feature","properties":{"code":"03501","name":"九戸郡軽米町","pref":"岩手県","pref_code":"03","cx":141.47082,"cy":40.29948,"bbox":[141.35033,40.22083,141.61259,40.37738]},"geometry":{"type":"Polygon","coordinates":[[[141.58426,40.23295],[141.58538,40.23501],[141.58342,40.23699],[141.58168,40.23776],[141.58331,40.24035],[141.58845,40.24225],[141.59109,40.24258],[141.59246,40.24366],[141.59682,40.2438],[141.60037,40.24247],[141.60596,40.24204],[141.61096,40.24459],[141.61164,40.24712],[141.61076,40.25034],[141.61222,40.25275],[141.61142,40.25435],[141.61259,40.25573],[141.61167,40.2576],[141.61199,40.25895],[141.61124,40.26094],[141.60956,40.26329],[141.61113,40.26465],[141.61146,40.26943],[141.61048,40.27026],[141.60818,40.26946],[141.60425,40.2708],[141.60297,40.27005],[141.59981,40.27074],[141.59928,40.27261],[141.5961,40.27343],[141.59433,40.27482],[141.59032,40.27636],[141.58689,40.2765],[141.58549,40.2778],[141.58365,40.28139],[141.5819,40.28272],[141.58182,40.28414],[141.58389,40.28648],[141.58637,40.28684],[141.58723,40.28764],[141.5866,40.29054],[141.58855,40.29156],[141.58989,40.29358],[141.58826,40.2955],[141.58411,40.29672],[141.58127,40.29673],[141.57913,40.29817],[141.57762,40.30003],[141.57684,40.30335],[141.57828,40.30678],[141.58373,40.31132],[141.57721,40.31252],[141.575,40.31375],[141.57317,40.31573],[141.57167,40.3162],[141.57064,40.31878],[141.57066,40.32079],[141.57266,40.32187],[141.57358,40.32356],[141.57507,40.32414],[141.58246,40.32443],[141.58347,40.32534],[141.58135,40.32997],[141.58757,40.33499],[141.58435,40.33509],[141.58168,40.33608],[141.58355,40.33861],[141.58652,40.33999],[141.58517,40.34107],[141.58876,40.34388],[141.59076,40.34443],[141.59046,40.34242],[141.59261,40.34249],[141.59372,40.34416],[141.59598,40.34444],[141.5964,40.34317],[141.59965,40.34436],[141.6023,40.34788],[141.60198,40.3497],[141.60007,40.35032],[141.60132,40.3523],[141.60402,40.35215],[141.60755,40.35327],[141.60779,40.35457],[141.6094,40.35599],[141.60531,40.35654],[141.60207,40.35855],[141.59946,40.35914],[141.59866,40.36109],[141.5896,40.36114],[141.58982,40.36459],[141.58847,40.36533],[141.58703,40.36798],[141.58503,40.36761],[141.58385,40.36833],[141.58311,40.37076],[141.58188,40.37174],[141.58135,40.37384],[141.57677,40.3707],[141.57271,40.36961],[141.572,40.36851],[141.57188,40.36586],[141.56966,40.36542],[141.56796,40.3638],[141.56395,40.36157],[141.56064,40.36066],[141.55602,40.36123],[141.5548,40.36037],[141.55333,40.35804],[141.55,40.35653],[141.54771,40.35481],[141.54512,40.35104],[141.53903,40.34797],[141.53579,40.34737],[141.53603,40.34873],[141.53386,40.34971],[141.53168,40.35145],[141.53016,40.3504],[141.52635,40.34996],[141.52399,40.3514],[141.51817,40.35184],[141.51515,40.3535],[141.51126,40.35821],[141.50893,40.3596],[141.50721,40.36293],[141.50588,40.36269],[141.50364,40.36375],[141.49936,40.36197],[141.4969,40.3637],[141.49705,40.36593],[141.49643,40.36741],[141.48803,40.37226],[141.48532,40.37203],[141.48308,40.37492],[141.48107,40.37488],[141.48047,40.37613],[141.473,40.37709],[141.47119,40.37636],[141.46608,40.37738],[141.46304,40.37506],[141.45643,40.37463],[141.45431,40.373],[141.44613,40.37402],[141.44336,40.37584],[141.4416,40.37604],[141.43952,40.37427],[141.43773,40.37352],[141.43395,40.37372],[141.43409,40.37237],[141.43179,40.36809],[141.42934,40.36753],[141.42742,40.365],[141.42729,40.36181],[141.42578,40.36105],[141.42339,40.36117],[141.42294,40.36313],[141.42106,40.36377],[141.41924,40.36352],[141.40698,40.35716],[141.40417,40.36132],[141.40308,40.36466],[141.40121,40.36667],[141.39749,40.36732],[141.39392,40.36389],[141.39291,40.36175],[141.39305,40.36046],[141.39058,40.36017],[141.38912,40.35922],[141.38867,40.35716],[141.3894,40.35647],[141.38979,40.35304],[141.38593,40.34908],[141.38433,40.34813],[141.38217,40.3452],[141.38182,40.34249],[141.37665,40.33893],[141.37624,40.34154],[141.37311,40.34309],[141.36979,40.33839],[141.35844,40.33401],[141.35712,40.33393],[141.35313,40.33101],[141.351,40.33107],[141.35033,40.32881],[141.3534,40.32526],[141.35314,40.3238],[141.3545,40.32163],[141.35375,40.32006],[141.35629,40.31694],[141.35475,40.31486],[141.35591,40.31361],[141.35379,40.3109],[141.35424,40.30835],[141.35347,40.30675],[141.35406,40.30411],[141.3549,40.30305],[141.35522,40.30003],[141.35672,40.2989],[141.35949,40.3003],[141.36267,40.30064],[141.364,40.29894],[141.36339,40.29775],[141.36464,40.29567],[141.36466,40.29407],[141.36624,40.29193],[141.3661,40.28984],[141.36755,40.28824],[141.36766,40.28415],[141.37023,40.28046],[141.37004,40.27832],[141.371,40.27562],[141.37269,40.27368],[141.37269,40.27201],[141.37364,40.2708],[141.37743,40.27282],[141.38369,40.27468],[141.39229,40.27532],[141.3946,40.27715],[141.40391,40.28059],[141.4067,40.27901],[141.41058,40.28003],[141.41357,40.27981],[141.41423,40.28054],[141.41963,40.28042],[141.42002,40.27846],[141.41944,40.27704],[141.42004,40.27552],[141.42279,40.27485],[141.42482,40.27605],[141.42897,40.27691],[141.43443,40.27597],[141.43726,40.27626],[141.43943,40.27967],[141.44138,40.27618],[141.44224,40.2729],[141.44048,40.27023],[141.44413,40.26284],[141.44677,40.26406],[141.45054,40.26442],[141.45283,40.26288],[141.45232,40.26188],[141.45355,40.25895],[141.4563,40.25543],[141.45813,40.25461],[141.45843,40.24993],[141.46015,40.24934],[141.45814,40.24695],[141.45746,40.2445],[141.46033,40.24178],[141.47004,40.23919],[141.4745,40.23644],[141.47793,40.2362],[141.48381,40.23424],[141.48687,40.23173],[141.48864,40.23128],[141.49397,40.2276],[141.49391,40.22661],[141.49746,40.22505],[141.5033,40.22558],[141.50371,40.22386],[141.507,40.22255],[141.50708,40.22123],[141.51242,40.22211],[141.5164,40.22083],[141.51719,40.22345],[141.51862,40.22568],[141.51812,40.228],[141.51919,40.23037],[141.52077,40.23188],[141.52101,40.23359],[141.52273,40.2347],[141.52393,40.23363],[141.52635,40.23332],[141.52793,40.23127],[141.53233,40.22868],[141.53355,40.22748],[141.53671,40.228],[141.53913,40.22984],[141.54301,40.22947],[141.5445,40.23062],[141.5465,40.23109],[141.54719,40.23285],[141.55111,40.23364],[141.55272,40.23266],[141.55669,40.2334],[141.55861,40.23128],[141.56246,40.23021],[141.56463,40.23006],[141.56634,40.23161],[141.57,40.23099],[141.57294,40.22848],[141.57537,40.22854],[141.57846,40.23284],[141.58145,40.23222],[141.58426,40.23295]]]}},{"type":"Feature","properties":{"code":"03503","name":"九戸郡野田村","pref":"岩手県","pref_code":"03","cx":141.78417,"cy":40.07436,"bbox":[141.73365,40.01274,141.85493,40.13628]},"geometry":{"type":"Polygon","coordinates":[[[141.81242,40.01274],[141.81564,40.01474],[141.81638,40.01576],[141.81961,40.01755],[141.82396,40.01783],[141.82682,40.01959],[141.82769,40.01817],[141.83206,40.01921],[141.83536,40.0208],[141.83661,40.02501],[141.83791,40.02563],[141.83912,40.02793],[141.83876,40.02929],[141.84084,40.03181],[141.84115,40.03535],[141.84297,40.03785],[141.8404,40.03853],[141.83923,40.04],[141.83972,40.04088],[141.84365,40.04401],[141.84389,40.04591],[141.8477,40.04766],[141.84896,40.05051],[141.85113,40.05172],[141.85493,40.05559],[141.85153,40.05536],[141.85005,40.05679],[141.84853,40.06067],[141.84563,40.06205],[141.84527,40.06373],[141.84327,40.06534],[141.84252,40.06721],[141.83316,40.07479],[141.83263,40.07708],[141.83289,40.07941],[141.82941,40.08335],[141.82873,40.08643],[141.82923,40.08928],[141.8311,40.09155],[141.83043,40.09325],[141.82704,40.09643],[141.82565,40.10134],[141.82662,40.10682],[141.8289,40.11333],[141.83386,40.11617],[141.83579,40.11859],[141.83505,40.11966],[141.83507,40.12175],[141.83687,40.12463],[141.84078,40.12929],[141.84267,40.13066],[141.84187,40.13141],[141.83826,40.13251],[141.83768,40.13329],[141.83274,40.1339],[141.83132,40.13575],[141.82787,40.13512],[141.82347,40.13628],[141.82086,40.13558],[141.82092,40.13405],[141.81744,40.13039],[141.81734,40.12898],[141.81579,40.12588],[141.81555,40.12366],[141.81621,40.12177],[141.81595,40.11877],[141.81694,40.11568],[141.8139,40.11721],[141.81267,40.11847],[141.80979,40.11649],[141.80177,40.11875],[141.80009,40.11749],[141.79504,40.11822],[141.79397,40.11938],[141.7904,40.11976],[141.78981,40.11875],[141.78561,40.11666],[141.78582,40.11427],[141.78394,40.11135],[141.78116,40.10999],[141.7776,40.10973],[141.77196,40.11075],[141.77194,40.11298],[141.77101,40.11392],[141.76842,40.11184],[141.76733,40.11163],[141.76571,40.10956],[141.76418,40.10917],[141.76311,40.10673],[141.76083,40.10689],[141.75937,40.10498],[141.75948,40.1035],[141.75847,40.10229],[141.75527,40.10035],[141.75326,40.10081],[141.75163,40.09896],[141.74934,40.09888],[141.74484,40.09552],[141.74271,40.09317],[141.74036,40.09264],[141.74045,40.09085],[141.73855,40.08924],[141.73697,40.0849],[141.73365,40.08035],[141.73425,40.07854],[141.73471,40.07393],[141.73695,40.07034],[141.73881,40.07007],[141.73881,40.0687],[141.73769,40.06581],[141.73868,40.06302],[141.74103,40.05966],[141.74219,40.05873],[141.746,40.05775],[141.74563,40.05613],[141.74769,40.05209],[141.74979,40.0506],[141.75383,40.04882],[141.75768,40.04831],[141.7597,40.04544],[141.75832,40.04164],[141.7566,40.04003],[141.75885,40.03919],[141.75769,40.03725],[141.75766,40.03583],[141.75589,40.03441],[141.7571,40.03177],[141.75842,40.03165],[141.75871,40.02661],[141.76041,40.02501],[141.81055,40.01427],[141.81242,40.01274]]]}},{"type":"Feature","properties":{"code":"03506","name":"九戸郡九戸村","pref":"岩手県","pref_code":"03","cx":141.43716,"cy":40.19201,"bbox":[141.37364,40.10309,141.50708,40.28059]},"geometry":{"type":"Polygon","coordinates":[[[141.50708,40.22123],[141.507,40.22255],[141.50371,40.22386],[141.5033,40.22558],[141.49746,40.22505],[141.49391,40.22661],[141.49397,40.2276],[141.48864,40.23128],[141.48687,40.23173],[141.48381,40.23424],[141.47793,40.2362],[141.4745,40.23644],[141.47004,40.23919],[141.46033,40.24178],[141.45746,40.2445],[141.45814,40.24695],[141.46015,40.24934],[141.45843,40.24993],[141.45813,40.25461],[141.4563,40.25543],[141.45355,40.25895],[141.45232,40.26188],[141.45283,40.26288],[141.45054,40.26442],[141.44677,40.26406],[141.44413,40.26284],[141.44048,40.27023],[141.44224,40.2729],[141.44138,40.27618],[141.43943,40.27967],[141.43726,40.27626],[141.43443,40.27597],[141.42897,40.27691],[141.42482,40.27605],[141.42279,40.27485],[141.42004,40.27552],[141.41944,40.27704],[141.42002,40.27846],[141.41963,40.28042],[141.41423,40.28054],[141.41357,40.27981],[141.41058,40.28003],[141.4067,40.27901],[141.40391,40.28059],[141.3946,40.27715],[141.39229,40.27532],[141.38369,40.27468],[141.37743,40.27282],[141.37364,40.2708],[141.37471,40.26944],[141.37475,40.26742],[141.37645,40.26437],[141.3768,40.26171],[141.38006,40.26084],[141.38019,40.25886],[141.38238,40.25713],[141.38315,40.25153],[141.38302,40.24812],[141.38424,40.24333],[141.38393,40.24104],[141.38643,40.23215],[141.38627,40.22846],[141.38701,40.22637],[141.38608,40.22512],[141.3876,40.22361],[141.38771,40.2218],[141.38985,40.22016],[141.39174,40.21948],[141.39193,40.21821],[141.39073,40.21691],[141.39093,40.21478],[141.39189,40.21383],[141.39097,40.21219],[141.39073,40.20858],[141.38663,40.20634],[141.38766,40.20355],[141.38754,40.20166],[141.38637,40.2009],[141.38529,40.19846],[141.38315,40.19679],[141.38357,40.1939],[141.38489,40.1927],[141.38794,40.18407],[141.38758,40.18189],[141.38924,40.17966],[141.38896,40.17732],[141.39015,40.17478],[141.39353,40.17461],[141.39303,40.1721],[141.39586,40.16876],[141.39789,40.16792],[141.3981,40.16655],[141.40001,40.16612],[141.39926,40.16418],[141.40115,40.16259],[141.40184,40.16026],[141.40053,40.15968],[141.39983,40.15657],[141.40032,40.15536],[141.39875,40.15416],[141.39538,40.14763],[141.39355,40.14657],[141.39212,40.14677],[141.39083,40.14492],[141.38862,40.14348],[141.38785,40.14051],[141.38564,40.13825],[141.38486,40.13583],[141.38612,40.13449],[141.38805,40.13422],[141.39068,40.13258],[141.39283,40.13316],[141.39475,40.13196],[141.39556,40.13061],[141.39763,40.12952],[141.40057,40.12876],[141.40359,40.12588],[141.4046,40.12385],[141.40608,40.12397],[141.40739,40.12265],[141.40772,40.12051],[141.40887,40.1191],[141.40869,40.11712],[141.4118,40.11628],[141.4109,40.11478],[141.41063,40.11226],[141.41102,40.11015],[141.41241,40.10956],[141.41268,40.1078],[141.41505,40.10658],[141.41727,40.10765],[141.42128,40.10806],[141.42353,40.10686],[141.42566,40.10857],[141.42692,40.10878],[141.42737,40.10595],[141.42841,40.10432],[141.43711,40.1047],[141.43863,40.10309],[141.44037,40.1031],[141.44557,40.10605],[141.44957,40.10729],[141.45081,40.10838],[141.45104,40.11092],[141.45332,40.11242],[141.45685,40.11335],[141.45896,40.1159],[141.46214,40.11688],[141.46223,40.11907],[141.46065,40.12185],[141.46064,40.12308],[141.45869,40.1292],[141.457,40.13207],[141.45643,40.13428],[141.45726,40.13608],[141.46094,40.13465],[141.46344,40.13801],[141.46407,40.14138],[141.46592,40.14303],[141.46907,40.14323],[141.47041,40.14257],[141.47178,40.14503],[141.47357,40.14682],[141.47584,40.15043],[141.47513,40.15336],[141.47577,40.15494],[141.47802,40.15709],[141.47839,40.15829],[141.47734,40.16007],[141.4784,40.16144],[141.4809,40.16322],[141.48012,40.16631],[141.47903,40.16813],[141.47971,40.1705],[141.48151,40.17137],[141.48253,40.17404],[141.48427,40.17484],[141.48757,40.17903],[141.48617,40.18204],[141.48631,40.18359],[141.48499,40.18468],[141.4851,40.18615],[141.48234,40.18919],[141.48564,40.19132],[141.48835,40.1913],[141.49042,40.19305],[141.49314,40.19306],[141.49292,40.19475],[141.49516,40.19669],[141.49433,40.19772],[141.49311,40.20148],[141.49184,40.20195],[141.49266,40.2038],[141.49169,40.2062],[141.4995,40.20922],[141.50233,40.20968],[141.50221,40.21105],[141.50453,40.21504],[141.50248,40.21635],[141.50693,40.21944],[141.50708,40.22123]]]}},{"type":"Feature","properties":{"code":"03507","name":"九戸郡洋野町","pref":"岩手県","pref_code":"03","cx":141.67762,"cy":40.3322,"bbox":[141.57064,40.21392,141.79542,40.45026]},"geometry":{"type":"Polygon","coordinates":[[[141.79433,40.29583],[141.79542,40.29675],[141.79315,40.29986],[141.79124,40.30115],[141.7907,40.30336],[141.78958,40.30424],[141.78923,40.30623],[141.78816,40.3073],[141.78838,40.30907],[141.78497,40.31171],[141.78577,40.31428],[141.78325,40.31577],[141.78013,40.31651],[141.77984,40.3187],[141.77715,40.31897],[141.77511,40.32038],[141.77366,40.32362],[141.77394,40.32636],[141.77155,40.33085],[141.77069,40.33356],[141.77105,40.33526],[141.77034,40.33661],[141.77059,40.3397],[141.77194,40.34284],[141.77141,40.34534],[141.76953,40.34562],[141.76854,40.34664],[141.76688,40.34576],[141.76418,40.34714],[141.76395,40.3489],[141.76557,40.34926],[141.76435,40.35093],[141.75914,40.35317],[141.75746,40.35322],[141.75444,40.35553],[141.75339,40.35728],[141.7531,40.35979],[141.75513,40.36408],[141.7551,40.36789],[141.75142,40.37112],[141.75089,40.37266],[141.74676,40.37656],[141.74121,40.37913],[141.74014,40.38048],[141.74019,40.38195],[141.73861,40.38382],[141.73695,40.38459],[141.73336,40.38512],[141.73026,40.38757],[141.72781,40.39126],[141.72807,40.39276],[141.72402,40.39645],[141.72322,40.39801],[141.72128,40.39831],[141.72057,40.40009],[141.72118,40.40381],[141.7203,40.40447],[141.7206,40.40846],[141.71496,40.41806],[141.71333,40.41995],[141.70953,40.42149],[141.70629,40.42172],[141.70461,40.42286],[141.70242,40.4264],[141.70146,40.42983],[141.70148,40.43164],[141.69943,40.43295],[141.69657,40.43346],[141.69399,40.435],[141.69249,40.43742],[141.68858,40.44177],[141.68877,40.44408],[141.68539,40.44674],[141.68259,40.45026],[141.68011,40.44933],[141.67781,40.44942],[141.67603,40.44854],[141.67576,40.44704],[141.67421,40.44642],[141.67452,40.44327],[141.6726,40.4422],[141.66995,40.43724],[141.66757,40.43581],[141.66102,40.43365],[141.65997,40.43118],[141.65575,40.42971],[141.65496,40.42859],[141.65236,40.42765],[141.6471,40.42829],[141.63935,40.42287],[141.63754,40.42268],[141.63134,40.42025],[141.61935,40.4208],[141.61599,40.42014],[141.61456,40.41928],[141.61255,40.41544],[141.60945,40.41519],[141.60578,40.41386],[141.60431,40.41437],[141.60136,40.41407],[141.59512,40.41213],[141.5897,40.40691],[141.58692,40.40696],[141.58569,40.40478],[141.58584,40.4028],[141.58506,40.40114],[141.58124,40.39843],[141.5815,40.39391],[141.58109,40.392],[141.58304,40.39126],[141.58457,40.38955],[141.58274,40.38514],[141.58381,40.38267],[141.58676,40.38071],[141.58561,40.37834],[141.58113,40.37637],[141.58188,40.37174],[141.58311,40.37076],[141.58385,40.36833],[141.58503,40.36761],[141.58703,40.36798],[141.58847,40.36533],[141.58982,40.36459],[141.5896,40.36114],[141.59866,40.36109],[141.59946,40.35914],[141.60207,40.35855],[141.60531,40.35654],[141.6094,40.35599],[141.60779,40.35457],[141.60755,40.35327],[141.60402,40.35215],[141.60132,40.3523],[141.60007,40.35032],[141.60198,40.3497],[141.6023,40.34788],[141.59965,40.34436],[141.5964,40.34317],[141.59598,40.34444],[141.59372,40.34416],[141.59261,40.34249],[141.59046,40.34242],[141.59076,40.34443],[141.58876,40.34388],[141.58517,40.34107],[141.58652,40.33999],[141.58355,40.33861],[141.58168,40.33608],[141.58435,40.33509],[141.58757,40.33499],[141.58135,40.32997],[141.58347,40.32534],[141.58246,40.32443],[141.57507,40.32414],[141.57358,40.32356],[141.57266,40.32187],[141.57066,40.32079],[141.57064,40.31878],[141.57167,40.3162],[141.57317,40.31573],[141.575,40.31375],[141.57721,40.31252],[141.58373,40.31132],[141.57828,40.30678],[141.57684,40.30335],[141.57762,40.30003],[141.57913,40.29817],[141.58127,40.29673],[141.58411,40.29672],[141.58826,40.2955],[141.58989,40.29358],[141.58855,40.29156],[141.5866,40.29054],[141.58723,40.28764],[141.58637,40.28684],[141.58389,40.28648],[141.58182,40.28414],[141.5819,40.28272],[141.58365,40.28139],[141.58549,40.2778],[141.58689,40.2765],[141.59032,40.27636],[141.59433,40.27482],[141.5961,40.27343],[141.59928,40.27261],[141.59981,40.27074],[141.60297,40.27005],[141.60425,40.2708],[141.60818,40.26946],[141.61048,40.27026],[141.61146,40.26943],[141.61113,40.26465],[141.60956,40.26329],[141.61124,40.26094],[141.61199,40.25895],[141.61167,40.2576],[141.61259,40.25573],[141.61142,40.25435],[141.61222,40.25275],[141.61076,40.25034],[141.61164,40.24712],[141.61096,40.24459],[141.60596,40.24204],[141.60037,40.24247],[141.59682,40.2438],[141.59246,40.24366],[141.59109,40.24258],[141.58845,40.24225],[141.58331,40.24035],[141.58168,40.23776],[141.58342,40.23699],[141.58538,40.23501],[141.58426,40.23295],[141.5857,40.23167],[141.58869,40.23179],[141.5912,40.22927],[141.59376,40.22778],[141.59654,40.22746],[141.5999,40.22565],[141.6006,40.2239],[141.60329,40.22543],[141.6061,40.22563],[141.60638,40.22485],[141.6123,40.22319],[141.61344,40.22377],[141.61743,40.22216],[141.61606,40.22063],[141.61714,40.21866],[141.61973,40.21758],[141.62143,40.21843],[141.62588,40.21809],[141.62972,40.21837],[141.63194,40.21626],[141.63835,40.21578],[141.63968,40.21626],[141.64248,40.21483],[141.64525,40.21488],[141.64651,40.21394],[141.64843,40.21475],[141.65138,40.21392],[141.65356,40.21477],[141.65655,40.21467],[141.65955,40.21637],[141.66438,40.21614],[141.6689,40.21765],[141.67072,40.21735],[141.68238,40.21894],[141.68655,40.21845],[141.68206,40.22305],[141.68141,40.22495],[141.68263,40.2276],[141.68236,40.22895],[141.67667,40.23377],[141.67706,40.23589],[141.67678,40.2398],[141.68117,40.24014],[141.68835,40.24223],[141.6935,40.24115],[141.69877,40.24115],[141.70801,40.2422],[141.71509,40.24195],[141.71786,40.24289],[141.72381,40.24367],[141.72914,40.24297],[141.72774,40.24454],[141.72295,40.24758],[141.72559,40.24962],[141.72754,40.25035],[141.72909,40.25231],[141.72752,40.25302],[141.72663,40.25492],[141.72672,40.25694],[141.72786,40.2577],[141.7298,40.26402],[141.73078,40.2642],[141.73393,40.26706],[141.73437,40.26896],[141.73236,40.27035],[141.73644,40.2742],[141.73839,40.27455],[141.73905,40.27326],[141.74141,40.27368],[141.74215,40.27519],[141.74901,40.27273],[141.75367,40.2742],[141.75824,40.27416],[141.76111,40.27295],[141.76405,40.27269],[141.76643,40.27133],[141.76726,40.27243],[141.76418,40.27367],[141.76433,40.27542],[141.76977,40.27459],[141.76982,40.27729],[141.77624,40.27762],[141.77483,40.27995],[141.7786,40.28115],[141.77986,40.28257],[141.77882,40.28512],[141.78012,40.28774],[141.78051,40.29006],[141.78286,40.29069],[141.78426,40.29028],[141.78627,40.29141],[141.78948,40.29189],[141.78796,40.29302],[141.78988,40.29465],[141.78943,40.29586],[141.79305,40.29514],[141.79433,40.29583]]]}},{"type":"Feature","properties":{"code":"03524","name":"二戸郡一戸町","pref":"岩手県","pref_code":"03","cx":141.26201,"cy":40.14123,"bbox":[141.15786,40.03117,141.40184,40.25147]},"geometry":{"type":"Polygon","coordinates":[[[141.15786,40.0888],[141.15917,40.08645],[141.16146,40.08529],[141.16182,40.08379],[141.15888,40.08069],[141.16593,40.07851],[141.17115,40.07543],[141.17753,40.06982],[141.17931,40.06712],[141.18091,40.06604],[141.18361,40.06545],[141.18708,40.06145],[141.18924,40.06055],[141.20164,40.05842],[141.20613,40.05929],[141.20998,40.0592],[141.2121,40.0587],[141.21725,40.0587],[141.21923,40.05769],[141.22224,40.05827],[141.22355,40.05795],[141.225,40.05929],[141.22792,40.0596],[141.23625,40.05414],[141.23846,40.05393],[141.24064,40.05451],[141.24356,40.05401],[141.24486,40.05187],[141.24497,40.05022],[141.24735,40.04947],[141.24663,40.04576],[141.25031,40.04359],[141.25196,40.04188],[141.25389,40.04185],[141.26195,40.04393],[141.26892,40.04228],[141.27378,40.04243],[141.27721,40.04176],[141.28727,40.03117],[141.29591,40.03524],[141.29876,40.04087],[141.29749,40.0428],[141.29394,40.04438],[141.29271,40.04665],[141.29007,40.048],[141.28919,40.04964],[141.2894,40.05356],[141.29004,40.05496],[141.28975,40.05969],[141.29311,40.06036],[141.29682,40.05985],[141.29867,40.05851],[141.29883,40.05687],[141.30314,40.05536],[141.30539,40.05612],[141.30723,40.05452],[141.30927,40.05432],[141.31261,40.05214],[141.31654,40.05498],[141.3191,40.05511],[141.32187,40.05713],[141.32339,40.05608],[141.32646,40.05645],[141.32961,40.05885],[141.33286,40.0577],[141.33352,40.0556],[141.34039,40.05561],[141.34263,40.05769],[141.34313,40.0599],[141.34238,40.06071],[141.34485,40.06203],[141.34747,40.06076],[141.34895,40.06076],[141.35802,40.06532],[141.36071,40.06565],[141.36443,40.06795],[141.36511,40.07086],[141.35944,40.07398],[141.35723,40.07409],[141.35561,40.07591],[141.35238,40.07711],[141.35314,40.07879],[141.35205,40.08139],[141.34769,40.08515],[141.34836,40.08674],[141.34562,40.0905],[141.34453,40.09024],[141.34105,40.09193],[141.34013,40.0947],[141.3409,40.09687],[141.33997,40.09828],[141.34064,40.09946],[141.34023,40.10444],[141.33909,40.10513],[141.33743,40.10779],[141.33703,40.11052],[141.33613,40.11157],[141.33822,40.11492],[141.33853,40.11744],[141.34174,40.12231],[141.34096,40.12452],[141.3438,40.12606],[141.344,40.12772],[141.34582,40.12919],[141.34374,40.13064],[141.34141,40.13098],[141.33773,40.12961],[141.33529,40.12756],[141.33174,40.12834],[141.33293,40.12971],[141.331,40.13164],[141.33107,40.13242],[141.32895,40.13391],[141.32888,40.13494],[141.3312,40.13746],[141.3317,40.13891],[141.33543,40.13926],[141.33547,40.14045],[141.33764,40.14166],[141.33815,40.14291],[141.34202,40.1448],[141.34549,40.14593],[141.34906,40.14418],[141.35385,40.14404],[141.35561,40.14341],[141.35745,40.14529],[141.35988,40.1464],[141.36102,40.1487],[141.36312,40.15083],[141.36585,40.15188],[141.37345,40.15032],[141.37419,40.1514],[141.37656,40.15097],[141.37826,40.15173],[141.38027,40.15128],[141.38141,40.15243],[141.38369,40.15233],[141.38526,40.15361],[141.38769,40.15221],[141.39263,40.15305],[141.39651,40.15184],[141.3973,40.15115],[141.39875,40.15416],[141.40032,40.15536],[141.39983,40.15657],[141.40053,40.15968],[141.40184,40.16026],[141.40115,40.16259],[141.39926,40.16418],[141.40001,40.16612],[141.3981,40.16655],[141.39789,40.16792],[141.39586,40.16876],[141.39303,40.1721],[141.39353,40.17461],[141.39015,40.17478],[141.38896,40.17732],[141.38924,40.17966],[141.38758,40.18189],[141.38794,40.18407],[141.38489,40.1927],[141.38357,40.1939],[141.38315,40.19679],[141.38529,40.19846],[141.38637,40.2009],[141.38754,40.20166],[141.38766,40.20355],[141.38663,40.20634],[141.39073,40.20858],[141.39097,40.21219],[141.39189,40.21383],[141.39093,40.21478],[141.39073,40.21691],[141.39193,40.21821],[141.39174,40.21948],[141.38985,40.22016],[141.38771,40.2218],[141.3876,40.22361],[141.38608,40.22512],[141.38701,40.22637],[141.38627,40.22846],[141.38643,40.23215],[141.38566,40.23475],[141.38251,40.23464],[141.3774,40.23371],[141.3755,40.23281],[141.37346,40.23272],[141.37173,40.23107],[141.36945,40.23004],[141.36819,40.23041],[141.36468,40.22925],[141.36151,40.23003],[141.35661,40.22433],[141.35233,40.22411],[141.3442,40.22975],[141.33954,40.23018],[141.3359,40.22909],[141.33382,40.23007],[141.33209,40.23331],[141.33021,40.23345],[141.32874,40.23568],[141.32725,40.23586],[141.32434,40.23842],[141.32041,40.23685],[141.3179,40.23947],[141.31513,40.23935],[141.31186,40.24149],[141.3096,40.24085],[141.30311,40.24183],[141.30014,40.24285],[141.30093,40.24435],[141.30053,40.2464],[141.2993,40.24869],[141.29811,40.24911],[141.2955,40.25147],[141.29393,40.25131],[141.29295,40.25002],[141.28944,40.24895],[141.28561,40.24844],[141.28129,40.24537],[141.27759,40.24357],[141.27358,40.24631],[141.27237,40.24818],[141.27091,40.24907],[141.26958,40.25132],[141.26808,40.2499],[141.26883,40.24653],[141.26698,40.24161],[141.26593,40.24047],[141.26339,40.23995],[141.26175,40.2372],[141.26393,40.23256],[141.2629,40.2305],[141.26304,40.2286],[141.2611,40.22617],[141.26135,40.22385],[141.25984,40.2224],[141.25312,40.222],[141.24886,40.21944],[141.2454,40.21863],[141.2437,40.21711],[141.24253,40.21342],[141.23987,40.20955],[141.23689,40.20713],[141.23341,40.20593],[141.22963,40.20594],[141.22677,40.20495],[141.22589,40.20403],[141.22626,40.20086],[141.2252,40.20012],[141.22209,40.19987],[141.21737,40.20592],[141.21582,40.20654],[141.21375,40.20457],[141.21287,40.20198],[141.21029,40.19892],[141.20597,40.19791],[141.20777,40.19583],[141.20508,40.19469],[141.20036,40.19583],[141.20023,40.19425],[141.19761,40.19385],[141.19273,40.19184],[141.19161,40.19066],[141.19164,40.18894],[141.19272,40.18719],[141.19205,40.18453],[141.19323,40.18155],[141.19348,40.17881],[141.19243,40.17666],[141.19086,40.17491],[141.18814,40.17377],[141.18477,40.16888],[141.18297,40.16233],[141.18355,40.1605],[141.18487,40.15921],[141.18518,40.15482],[141.18644,40.15286],[141.18603,40.15158],[141.18656,40.14925],[141.18554,40.14385],[141.18742,40.14081],[141.18753,40.13867],[141.19047,40.13329],[141.19089,40.1317],[141.19042,40.12948],[141.18777,40.12597],[141.18551,40.1205],[141.18276,40.11814],[141.18178,40.1157],[141.17987,40.11432],[141.17606,40.11272],[141.17352,40.1097],[141.16801,40.10717],[141.16593,40.10554],[141.16408,40.10547],[141.16399,40.1033],[141.16189,40.10117],[141.16294,40.09921],[141.16581,40.09665],[141.16411,40.0944],[141.16418,40.09153],[141.16022,40.09107],[141.15985,40.08923],[141.15786,40.0888]]]}},{"type":"Feature","properties":{"code":"04101","name":"仙台市青葉区","pref":"宮城県","pref_code":"04","cx":140.65625,"cy":38.34564,"bbox":[140.56324,38.23642,140.89968,38.45469]},"geometry":{"type":"Polygon","coordinates":[[[140.62585,38.44728],[140.62471,38.44762],[140.6238,38.4494],[140.62388,38.45099],[140.62251,38.45254],[140.6209,38.45245],[140.61968,38.45469],[140.61496,38.45427],[140.61258,38.4527],[140.60962,38.44644],[140.60736,38.44419],[140.60443,38.44404],[140.60306,38.443],[140.60211,38.44105],[140.6006,38.4407],[140.5992,38.43928],[140.59776,38.43653],[140.59236,38.44172],[140.59113,38.43996],[140.58977,38.43917],[140.58729,38.44024],[140.58533,38.44042],[140.58315,38.4393],[140.58195,38.43776],[140.58063,38.43744],[140.58054,38.43489],[140.5817,38.43344],[140.58041,38.42835],[140.58053,38.42697],[140.57922,38.42484],[140.5794,38.42318],[140.57804,38.42237],[140.57831,38.42035],[140.57327,38.4156],[140.57204,38.41516],[140.5713,38.41311],[140.5713,38.41057],[140.57372,38.40772],[140.57335,38.4057],[140.57441,38.40418],[140.57402,38.40316],[140.57453,38.39668],[140.57709,38.3953],[140.57823,38.39296],[140.5745,38.38996],[140.57185,38.38867],[140.57144,38.38737],[140.56757,38.38533],[140.56535,38.38039],[140.56324,38.3772],[140.56325,38.37551],[140.56417,38.37344],[140.5669,38.37294],[140.56882,38.37201],[140.56956,38.37025],[140.56946,38.36768],[140.5726,38.36577],[140.5748,38.36587],[140.57833,38.36398],[140.58,38.36235],[140.58117,38.35957],[140.58358,38.35603],[140.58535,38.3553],[140.58643,38.3535],[140.5883,38.35233],[140.59074,38.34817],[140.59086,38.34655],[140.59317,38.344],[140.59143,38.34316],[140.59042,38.34054],[140.58831,38.33914],[140.58835,38.33769],[140.59078,38.33457],[140.59233,38.33352],[140.59035,38.33099],[140.59086,38.32707],[140.58789,38.32847],[140.58646,38.32804],[140.58377,38.32345],[140.58138,38.32172],[140.58261,38.32068],[140.58968,38.32095],[140.59239,38.32202],[140.60175,38.32113],[140.60537,38.31888],[140.60807,38.31634],[140.60779,38.31508],[140.60621,38.31325],[140.60318,38.31204],[140.60012,38.31147],[140.59651,38.31176],[140.59429,38.31075],[140.59168,38.31041],[140.59,38.30835],[140.58611,38.30654],[140.58377,38.30489],[140.58469,38.30144],[140.58443,38.29881],[140.58536,38.29774],[140.5915,38.29923],[140.5949,38.29907],[140.59769,38.2966],[140.59913,38.29626],[140.60097,38.29471],[140.60381,38.29326],[140.60759,38.29324],[140.61032,38.2918],[140.60939,38.29031],[140.60968,38.28859],[140.61282,38.28702],[140.61536,38.28797],[140.61689,38.2891],[140.62088,38.28903],[140.6237,38.29049],[140.62495,38.29368],[140.62693,38.29168],[140.62954,38.29143],[140.63575,38.2926],[140.63816,38.29179],[140.64141,38.29162],[140.64447,38.29074],[140.6456,38.28989],[140.65004,38.28972],[140.65519,38.29138],[140.65848,38.2934],[140.66404,38.2996],[140.66629,38.29868],[140.6673,38.29742],[140.67003,38.29721],[140.67321,38.29492],[140.67776,38.29485],[140.67778,38.29265],[140.67964,38.29163],[140.67947,38.29018],[140.67691,38.28863],[140.67635,38.28716],[140.67719,38.28404],[140.67602,38.28214],[140.67579,38.28052],[140.6787,38.27993],[140.68264,38.28154],[140.68411,38.28269],[140.68527,38.27801],[140.68456,38.27596],[140.68526,38.27365],[140.68963,38.27269],[140.69163,38.27179],[140.69382,38.27208],[140.69653,38.27124],[140.69606,38.26889],[140.69694,38.26785],[140.69645,38.26653],[140.69769,38.26405],[140.70565,38.26543],[140.70717,38.26431],[140.71029,38.26374],[140.71186,38.26267],[140.71401,38.26022],[140.71473,38.25824],[140.71644,38.25718],[140.71454,38.25411],[140.7155,38.25193],[140.71846,38.25253],[140.7196,38.25182],[140.72295,38.25179],[140.72452,38.24894],[140.72473,38.24762],[140.72663,38.24552],[140.72939,38.24383],[140.73222,38.244],[140.73573,38.24267],[140.73862,38.24332],[140.73905,38.2442],[140.74398,38.24461],[140.74856,38.24574],[140.75084,38.24521],[140.75018,38.24365],[140.75162,38.24266],[140.75511,38.24184],[140.76249,38.24295],[140.76682,38.242],[140.77098,38.24373],[140.77282,38.24597],[140.77503,38.24752],[140.77718,38.25039],[140.77908,38.2513],[140.78376,38.24643],[140.78863,38.2449],[140.79238,38.24438],[140.79562,38.24506],[140.79443,38.24246],[140.79525,38.24004],[140.79489,38.23841],[140.79546,38.23642],[140.79723,38.23716],[140.79859,38.23856],[140.80173,38.23945],[140.80277,38.24042],[140.80775,38.24121],[140.80467,38.24508],[140.80454,38.24636],[140.8076,38.24745],[140.809,38.25011],[140.81338,38.24858],[140.81823,38.2482],[140.82199,38.24643],[140.82379,38.24704],[140.82563,38.24651],[140.82585,38.24462],[140.82787,38.2457],[140.83024,38.24589],[140.8333,38.24406],[140.83577,38.2463],[140.83975,38.24595],[140.84211,38.24688],[140.84318,38.24823],[140.84778,38.25021],[140.84819,38.2495],[140.85192,38.25058],[140.85413,38.25049],[140.85725,38.24932],[140.85893,38.25014],[140.86122,38.24937],[140.86466,38.25045],[140.86813,38.2494],[140.86879,38.24768],[140.87027,38.24672],[140.87236,38.24667],[140.87629,38.24761],[140.87999,38.24672],[140.8837,38.26067],[140.88269,38.26193],[140.88305,38.26318],[140.88547,38.26524],[140.89428,38.26848],[140.89737,38.27015],[140.89691,38.27255],[140.89313,38.27472],[140.89267,38.27965],[140.89577,38.27858],[140.89968,38.28158],[140.89505,38.28267],[140.89652,38.28369],[140.89722,38.28626],[140.89406,38.28786],[140.89201,38.28731],[140.89179,38.28864],[140.89025,38.28988],[140.89068,38.29076],[140.88891,38.3005],[140.88118,38.30355],[140.88072,38.30747],[140.87452,38.30481],[140.87359,38.30372],[140.8716,38.30301],[140.86939,38.30071],[140.86799,38.30047],[140.86318,38.30115],[140.86284,38.30238],[140.8583,38.30346],[140.85626,38.30611],[140.85731,38.30903],[140.85003,38.30879],[140.84814,38.31065],[140.84502,38.30957],[140.84322,38.30804],[140.84022,38.30723],[140.83756,38.30797],[140.83554,38.30776],[140.8324,38.30837],[140.83134,38.30579],[140.83179,38.30451],[140.83088,38.30056],[140.8291,38.29653],[140.82636,38.29697],[140.81883,38.30133],[140.8179,38.30244],[140.81526,38.30306],[140.81329,38.30534],[140.80962,38.30507],[140.80948,38.30337],[140.80697,38.30286],[140.80596,38.30376],[140.80264,38.30439],[140.80242,38.30622],[140.8011,38.30739],[140.792,38.3094],[140.79184,38.31115],[140.79307,38.31276],[140.79187,38.31716],[140.79016,38.31841],[140.78912,38.32193],[140.78712,38.32278],[140.78303,38.32209],[140.77936,38.32209],[140.77462,38.32278],[140.77307,38.32411],[140.77202,38.32341],[140.76989,38.32404],[140.7643,38.32246],[140.7626,38.32292],[140.75738,38.32227],[140.75617,38.32395],[140.75289,38.32463],[140.74642,38.32887],[140.73946,38.3298],[140.73759,38.33272],[140.73074,38.33453],[140.72699,38.33717],[140.72528,38.33647],[140.72376,38.33862],[140.72191,38.3396],[140.71796,38.34059],[140.71868,38.34208],[140.71812,38.34458],[140.71978,38.34497],[140.72181,38.3463],[140.72246,38.34779],[140.72445,38.34959],[140.72891,38.35085],[140.73104,38.35223],[140.7307,38.3539],[140.73305,38.35583],[140.73307,38.3587],[140.73136,38.3586],[140.7298,38.35997],[140.72519,38.36057],[140.72428,38.36164],[140.71831,38.36282],[140.71472,38.36452],[140.71378,38.36573],[140.70686,38.36859],[140.70399,38.3712],[140.70196,38.37188],[140.69949,38.37411],[140.6968,38.3746],[140.69272,38.37745],[140.69059,38.3781],[140.6894,38.37921],[140.68777,38.38244],[140.68844,38.38378],[140.69089,38.38554],[140.69169,38.38805],[140.69323,38.38996],[140.69532,38.38971],[140.69734,38.39222],[140.69978,38.39635],[140.70011,38.3984],[140.69987,38.40138],[140.69719,38.40943],[140.69346,38.4132],[140.69372,38.41408],[140.69687,38.41564],[140.6969,38.41961],[140.69798,38.42144],[140.69705,38.42229],[140.69589,38.42529],[140.69248,38.42592],[140.68958,38.42558],[140.68579,38.42645],[140.6825,38.42656],[140.67688,38.4308],[140.67055,38.43273],[140.65917,38.43221],[140.65382,38.43717],[140.65177,38.43784],[140.64596,38.43686],[140.64279,38.43687],[140.63887,38.43895],[140.63711,38.43935],[140.63373,38.44173],[140.63295,38.4434],[140.63032,38.44304],[140.62691,38.4436],[140.62585,38.44728]]]}},{"type":"Feature","properties":{"code":"04102","name":"仙台市宮城野区","pref":"宮城県","pref_code":"04","cx":140.93481,"cy":38.28485,"bbox":[140.88269,38.22972,141.04435,38.3408]},"geometry":{"type":"MultiPolygon","coordinates":[[[[141.04346,38.27681],[141.0398,38.28194],[141.03746,38.28292],[141.03501,38.28234],[141.03423,38.28105],[141.0322,38.28037],[141.03131,38.28071],[141.02947,38.27665],[141.02957,38.27557],[141.04031,38.2727],[141.04435,38.27478],[141.04346,38.27681]]],[[[140.88278,38.25725],[140.88866,38.25725],[140.89509,38.25659],[140.89636,38.25493],[140.89829,38.25387],[140.90586,38.25341],[140.90956,38.25209],[140.91735,38.25183],[140.91805,38.25297],[140.91801,38.25692],[140.9204,38.25695],[140.92036,38.26128],[140.93839,38.2614],[140.93818,38.26012],[140.94946,38.26005],[140.95787,38.2588],[140.95782,38.25524],[140.95989,38.25028],[140.96241,38.24972],[140.96221,38.24697],[140.96272,38.24566],[140.96636,38.24409],[140.97001,38.24046],[140.97283,38.24142],[140.97278,38.23966],[140.97155,38.23735],[140.98079,38.23478],[140.98281,38.23298],[140.98731,38.23334],[140.99532,38.22972],[141.01615,38.2553],[141.0208,38.26289],[141.02228,38.26433],[141.02616,38.26409],[141.02793,38.26563],[141.02674,38.26758],[140.99851,38.26999],[140.99892,38.27311],[141.0037,38.27271],[141.00346,38.27386],[141.01017,38.27297],[141.01214,38.27197],[141.02497,38.27107],[141.02589,38.27639],[141.02852,38.28226],[141.02692,38.28214],[141.02554,38.28314],[141.01288,38.2764],[141.01119,38.27723],[141.01017,38.27957],[141.00721,38.2788],[141.00478,38.28149],[141.00227,38.28093],[140.99813,38.28201],[140.99593,38.28189],[140.99573,38.28299],[140.98868,38.28418],[140.97587,38.2836],[140.97366,38.28431],[140.97091,38.28604],[140.96683,38.28655],[140.9662,38.2854],[140.96351,38.28594],[140.96087,38.28966],[140.95928,38.29008],[140.95891,38.29142],[140.9608,38.29288],[140.95959,38.29484],[140.95817,38.29495],[140.95645,38.29625],[140.95831,38.30189],[140.9614,38.30486],[140.95984,38.30605],[140.9627,38.3096],[140.95892,38.30961],[140.9575,38.31008],[140.95723,38.31185],[140.95357,38.30848],[140.9511,38.30986],[140.94945,38.30982],[140.9476,38.30864],[140.94637,38.31084],[140.94486,38.31085],[140.94269,38.31219],[140.94127,38.31481],[140.93641,38.31689],[140.9362,38.32013],[140.93661,38.3224],[140.93597,38.32381],[140.93611,38.32607],[140.93907,38.32695],[140.93923,38.32911],[140.93755,38.33015],[140.93686,38.33172],[140.93775,38.33379],[140.93954,38.33535],[140.94051,38.3374],[140.93926,38.33762],[140.93762,38.33646],[140.93616,38.33794],[140.9357,38.33939],[140.93415,38.3408],[140.93251,38.34001],[140.92978,38.33983],[140.92654,38.33777],[140.92741,38.33548],[140.9275,38.33115],[140.92849,38.3295],[140.9324,38.32799],[140.93031,38.31226],[140.92918,38.30914],[140.92927,38.30649],[140.92539,38.30579],[140.92156,38.30307],[140.91902,38.30349],[140.91834,38.30098],[140.91672,38.29882],[140.914,38.29814],[140.91159,38.29595],[140.90974,38.29604],[140.90831,38.2943],[140.90382,38.29126],[140.90297,38.29182],[140.89927,38.29251],[140.8961,38.29052],[140.89406,38.28786],[140.89722,38.28626],[140.89652,38.28369],[140.89505,38.28267],[140.89968,38.28158],[140.89577,38.27858],[140.89267,38.27965],[140.89313,38.27472],[140.89691,38.27255],[140.89737,38.27015],[140.89428,38.26848],[140.88547,38.26524],[140.88305,38.26318],[140.88269,38.26193],[140.8837,38.26067],[140.88278,38.25725]]]]}},{"type":"Feature","properties":{"code":"04103","name":"仙台市若林区","pref":"宮城県","pref_code":"04","cx":140.94836,"cy":38.21705,"bbox":[140.87999,38.17543,140.99532,38.2614]},"geometry":{"type":"Polygon","coordinates":[[[140.87999,38.24672],[140.883,38.24411],[140.88671,38.23857],[140.8911,38.23374],[140.89342,38.23239],[140.89844,38.22706],[140.90052,38.22566],[140.90684,38.223],[140.90712,38.22168],[140.91048,38.21878],[140.90753,38.20884],[140.91312,38.20546],[140.91923,38.19982],[140.9228,38.19857],[140.93163,38.19828],[140.93329,38.19765],[140.93507,38.19867],[140.93591,38.19764],[140.9371,38.18929],[140.94026,38.18602],[140.94821,38.18308],[140.9514,38.17988],[140.96019,38.17543],[140.96772,38.19098],[140.96911,38.19204],[140.9743,38.20068],[140.9812,38.21073],[140.98573,38.21532],[140.99085,38.22402],[140.99532,38.22972],[140.98731,38.23334],[140.98281,38.23298],[140.98079,38.23478],[140.97155,38.23735],[140.97278,38.23966],[140.97283,38.24142],[140.97001,38.24046],[140.96636,38.24409],[140.96272,38.24566],[140.96221,38.24697],[140.96241,38.24972],[140.95989,38.25028],[140.95782,38.25524],[140.95787,38.2588],[140.94946,38.26005],[140.93818,38.26012],[140.93839,38.2614],[140.92036,38.26128],[140.9204,38.25695],[140.91801,38.25692],[140.91805,38.25297],[140.91735,38.25183],[140.90956,38.25209],[140.90586,38.25341],[140.89829,38.25387],[140.89636,38.25493],[140.89509,38.25659],[140.88866,38.25725],[140.88278,38.25725],[140.87999,38.24672]]]}},{"type":"Feature","properties":{"code":"04104","name":"仙台市太白区","pref":"宮城県","pref_code":"04","cx":140.58745,"cy":38.27619,"bbox":[140.4695,38.1744,140.93531,38.3776]},"geometry":{"type":"Polygon","coordinates":[[[140.56324,38.3772],[140.55655,38.3776],[140.55384,38.37641],[140.55258,38.37653],[140.55079,38.37459],[140.54955,38.37221],[140.55034,38.3709],[140.54767,38.36869],[140.54691,38.36588],[140.5454,38.36407],[140.54315,38.36355],[140.54086,38.36209],[140.53374,38.36209],[140.52929,38.35993],[140.52631,38.35753],[140.5249,38.35515],[140.52275,38.35318],[140.52167,38.34963],[140.52158,38.34757],[140.52217,38.34504],[140.52378,38.34272],[140.52378,38.33934],[140.52504,38.33628],[140.52511,38.33268],[140.52726,38.33042],[140.52801,38.32731],[140.53066,38.3252],[140.52932,38.32426],[140.52858,38.32262],[140.52974,38.3207],[140.52788,38.32019],[140.52791,38.31887],[140.52391,38.3168],[140.52191,38.31399],[140.5218,38.3117],[140.52028,38.30952],[140.5155,38.31111],[140.51174,38.31116],[140.50942,38.31324],[140.5064,38.31411],[140.50431,38.31414],[140.50474,38.31122],[140.50428,38.30807],[140.50256,38.30545],[140.50069,38.30381],[140.4962,38.30402],[140.49459,38.30271],[140.49259,38.30269],[140.4931,38.30034],[140.49192,38.29686],[140.49282,38.29546],[140.49253,38.29276],[140.49293,38.29067],[140.49421,38.28769],[140.49558,38.28607],[140.49528,38.28515],[140.49695,38.28314],[140.49514,38.28163],[140.49199,38.28012],[140.49059,38.27642],[140.48788,38.2745],[140.48172,38.27333],[140.47976,38.27362],[140.47582,38.27238],[140.47486,38.27156],[140.47301,38.27182],[140.47118,38.26936],[140.47155,38.26603],[140.47281,38.2614],[140.47232,38.2602],[140.47044,38.25947],[140.4695,38.25641],[140.47253,38.25223],[140.47637,38.25139],[140.47814,38.25195],[140.47885,38.25339],[140.48116,38.2552],[140.48551,38.25575],[140.48629,38.25648],[140.48965,38.25636],[140.49158,38.25526],[140.49549,38.25665],[140.50164,38.25546],[140.50307,38.25634],[140.50435,38.25833],[140.50763,38.25933],[140.51557,38.26005],[140.51887,38.25975],[140.52074,38.26114],[140.52277,38.26173],[140.52401,38.25995],[140.53409,38.2597],[140.53583,38.26048],[140.53785,38.26331],[140.54135,38.26383],[140.54834,38.26131],[140.55139,38.26406],[140.55451,38.26578],[140.5577,38.26681],[140.56257,38.26753],[140.56626,38.26578],[140.5691,38.26575],[140.57033,38.26632],[140.57685,38.26505],[140.58105,38.26368],[140.58327,38.26404],[140.58524,38.26316],[140.58869,38.264],[140.59257,38.26401],[140.59418,38.26462],[140.60467,38.26339],[140.6079,38.26519],[140.61206,38.26281],[140.61226,38.26139],[140.61381,38.26082],[140.616,38.26128],[140.61888,38.2595],[140.62162,38.25857],[140.63013,38.25825],[140.63426,38.25653],[140.63617,38.25495],[140.63952,38.25392],[140.64249,38.25249],[140.64328,38.2516],[140.65,38.24884],[140.65513,38.24578],[140.65169,38.24459],[140.65076,38.24295],[140.65066,38.24038],[140.653,38.24043],[140.65517,38.23986],[140.65661,38.24057],[140.65791,38.23944],[140.6624,38.23878],[140.66681,38.23967],[140.67179,38.23978],[140.6706,38.23851],[140.67035,38.23627],[140.67253,38.2346],[140.67709,38.23279],[140.67755,38.23118],[140.67986,38.22939],[140.68421,38.22973],[140.68634,38.22918],[140.68588,38.2281],[140.68312,38.22598],[140.68374,38.22503],[140.68722,38.22487],[140.68971,38.2234],[140.69189,38.22291],[140.69314,38.22375],[140.69831,38.22299],[140.70233,38.22],[140.71395,38.21753],[140.71695,38.2176],[140.71866,38.21692],[140.72228,38.21655],[140.72367,38.21482],[140.72606,38.2148],[140.7284,38.21402],[140.73056,38.21189],[140.73233,38.21184],[140.73573,38.21071],[140.73839,38.20792],[140.7374,38.20617],[140.74188,38.19973],[140.74355,38.19914],[140.74227,38.19648],[140.7438,38.19476],[140.74199,38.19408],[140.7432,38.18971],[140.74576,38.18759],[140.7452,38.18501],[140.74367,38.18287],[140.74662,38.18082],[140.74834,38.18059],[140.7497,38.17904],[140.75068,38.18089],[140.753,38.17989],[140.75438,38.18042],[140.75535,38.17893],[140.75658,38.17866],[140.75671,38.17671],[140.75979,38.17756],[140.76278,38.17746],[140.76689,38.17852],[140.7684,38.17756],[140.77034,38.17764],[140.7765,38.1795],[140.7782,38.17819],[140.77994,38.17836],[140.7824,38.17711],[140.78652,38.17728],[140.78788,38.1752],[140.79197,38.1744],[140.79581,38.17532],[140.79675,38.18025],[140.80269,38.18389],[140.80624,38.18536],[140.80821,38.18411],[140.81063,38.18513],[140.81342,38.1851],[140.81521,38.18732],[140.81326,38.1873],[140.81031,38.18849],[140.80751,38.19037],[140.8062,38.19265],[140.80326,38.19263],[140.80046,38.19334],[140.8004,38.19423],[140.79797,38.19464],[140.79463,38.19414],[140.7968,38.19962],[140.79472,38.2008],[140.79389,38.20256],[140.79064,38.20303],[140.78799,38.20237],[140.78609,38.20525],[140.78676,38.20616],[140.78533,38.20727],[140.7846,38.20938],[140.7845,38.21302],[140.78393,38.21437],[140.78817,38.21805],[140.79534,38.2192],[140.79774,38.21824],[140.7975,38.21428],[140.79827,38.2128],[140.80252,38.21263],[140.80635,38.21069],[140.80857,38.21055],[140.80796,38.21368],[140.80969,38.21372],[140.81256,38.21469],[140.81313,38.21709],[140.81577,38.21866],[140.81701,38.21874],[140.82025,38.2172],[140.82226,38.21757],[140.82669,38.21693],[140.83057,38.21394],[140.83777,38.21104],[140.84484,38.2073],[140.84772,38.20669],[140.85151,38.20482],[140.85513,38.20381],[140.86108,38.20403],[140.86335,38.20195],[140.86354,38.20059],[140.86269,38.19859],[140.8596,38.19495],[140.86362,38.19533],[140.86341,38.19401],[140.86644,38.19121],[140.86719,38.18921],[140.86699,38.18775],[140.87236,38.18761],[140.8728,38.18886],[140.87977,38.18896],[140.88182,38.19023],[140.88414,38.19044],[140.88489,38.189],[140.88832,38.18832],[140.89026,38.1898],[140.89419,38.19037],[140.89995,38.18962],[140.89967,38.18635],[140.89856,38.18474],[140.90345,38.1846],[140.9038,38.18805],[140.90105,38.18839],[140.90114,38.18941],[140.90712,38.18841],[140.90418,38.1871],[140.9039,38.18458],[140.90694,38.18455],[140.90736,38.18562],[140.91233,38.18503],[140.91515,38.18535],[140.91757,38.1837],[140.93349,38.18253],[140.93531,38.18439],[140.93502,38.18634],[140.92972,38.18946],[140.92834,38.19128],[140.92798,38.19307],[140.93094,38.19606],[140.93329,38.19765],[140.93163,38.19828],[140.9228,38.19857],[140.91923,38.19982],[140.91312,38.20546],[140.90753,38.20884],[140.91048,38.21878],[140.90712,38.22168],[140.90684,38.223],[140.90052,38.22566],[140.89844,38.22706],[140.89342,38.23239],[140.8911,38.23374],[140.88671,38.23857],[140.883,38.24411],[140.87999,38.24672],[140.87629,38.24761],[140.87236,38.24667],[140.87027,38.24672],[140.86879,38.24768],[140.86813,38.2494],[140.86466,38.25045],[140.86122,38.24937],[140.85893,38.25014],[140.85725,38.24932],[140.85413,38.25049],[140.85192,38.25058],[140.84819,38.2495],[140.84778,38.25021],[140.84318,38.24823],[140.84211,38.24688],[140.83975,38.24595],[140.83577,38.2463],[140.8333,38.24406],[140.83024,38.24589],[140.82787,38.2457],[140.82585,38.24462],[140.82563,38.24651],[140.82379,38.24704],[140.82199,38.24643],[140.81823,38.2482],[140.81338,38.24858],[140.809,38.25011],[140.8076,38.24745],[140.80454,38.24636],[140.80467,38.24508],[140.80775,38.24121],[140.80277,38.24042],[140.80173,38.23945],[140.79859,38.23856],[140.79723,38.23716],[140.79546,38.23642],[140.79489,38.23841],[140.79525,38.24004],[140.79443,38.24246],[140.79562,38.24506],[140.79238,38.24438],[140.78863,38.2449],[140.78376,38.24643],[140.77908,38.2513],[140.77718,38.25039],[140.77503,38.24752],[140.77282,38.24597],[140.77098,38.24373],[140.76682,38.242],[140.76249,38.24295],[140.75511,38.24184],[140.75162,38.24266],[140.75018,38.24365],[140.75084,38.24521],[140.74856,38.24574],[140.74398,38.24461],[140.73905,38.2442],[140.73862,38.24332],[140.73573,38.24267],[140.73222,38.244],[140.72939,38.24383],[140.72663,38.24552],[140.72473,38.24762],[140.72452,38.24894],[140.72295,38.25179],[140.7196,38.25182],[140.71846,38.25253],[140.7155,38.25193],[140.71454,38.25411],[140.71644,38.25718],[140.71473,38.25824],[140.71401,38.26022],[140.71186,38.26267],[140.71029,38.26374],[140.70717,38.26431],[140.70565,38.26543],[140.69769,38.26405],[140.69645,38.26653],[140.69694,38.26785],[140.69606,38.26889],[140.69653,38.27124],[140.69382,38.27208],[140.69163,38.27179],[140.68963,38.27269],[140.68526,38.27365],[140.68456,38.27596],[140.68527,38.27801],[140.68411,38.28269],[140.68264,38.28154],[140.6787,38.27993],[140.67579,38.28052],[140.67602,38.28214],[140.67719,38.28404],[140.67635,38.28716],[140.67691,38.28863],[140.67947,38.29018],[140.67964,38.29163],[140.67778,38.29265],[140.67776,38.29485],[140.67321,38.29492],[140.67003,38.29721],[140.6673,38.29742],[140.66629,38.29868],[140.66404,38.2996],[140.65848,38.2934],[140.65519,38.29138],[140.65004,38.28972],[140.6456,38.28989],[140.64447,38.29074],[140.64141,38.29162],[140.63816,38.29179],[140.63575,38.2926],[140.62954,38.29143],[140.62693,38.29168],[140.62495,38.29368],[140.6237,38.29049],[140.62088,38.28903],[140.61689,38.2891],[140.61536,38.28797],[140.61282,38.28702],[140.60968,38.28859],[140.60939,38.29031],[140.61032,38.2918],[140.60759,38.29324],[140.60381,38.29326],[140.60097,38.29471],[140.59913,38.29626],[140.59769,38.2966],[140.5949,38.29907],[140.5915,38.29923],[140.58536,38.29774],[140.58443,38.29881],[140.58469,38.30144],[140.58377,38.30489],[140.58611,38.30654],[140.59,38.30835],[140.59168,38.31041],[140.59429,38.31075],[140.59651,38.31176],[140.60012,38.31147],[140.60318,38.31204],[140.60621,38.31325],[140.60779,38.31508],[140.60807,38.31634],[140.60537,38.31888],[140.60175,38.32113],[140.59239,38.32202],[140.58968,38.32095],[140.58261,38.32068],[140.58138,38.32172],[140.58377,38.32345],[140.58646,38.32804],[140.58789,38.32847],[140.59086,38.32707],[140.59035,38.33099],[140.59233,38.33352],[140.59078,38.33457],[140.58835,38.33769],[140.58831,38.33914],[140.59042,38.34054],[140.59143,38.34316],[140.59317,38.344],[140.59086,38.34655],[140.59074,38.34817],[140.5883,38.35233],[140.58643,38.3535],[140.58535,38.3553],[140.58358,38.35603],[140.58117,38.35957],[140.58,38.36235],[140.57833,38.36398],[140.5748,38.36587],[140.5726,38.36577],[140.56946,38.36768],[140.56956,38.37025],[140.56882,38.37201],[140.5669,38.37294],[140.56417,38.37344],[140.56325,38.37551],[140.56324,38.3772]]]}},{"type":"Feature","properties":{"code":"04105","name":"仙台市泉区","pref":"宮城県","pref_code":"04","cx":140.7794,"cy":38.36063,"bbox":[140.68777,38.28731,140.9324,38.43392]},"geometry":{"type":"Polygon","coordinates":[[[140.89406,38.28786],[140.8961,38.29052],[140.89927,38.29251],[140.90297,38.29182],[140.90382,38.29126],[140.90831,38.2943],[140.90974,38.29604],[140.91159,38.29595],[140.914,38.29814],[140.91672,38.29882],[140.91834,38.30098],[140.91902,38.30349],[140.92156,38.30307],[140.92539,38.30579],[140.92927,38.30649],[140.92918,38.30914],[140.93031,38.31226],[140.9324,38.32799],[140.92849,38.3295],[140.9275,38.33115],[140.92726,38.33309],[140.9254,38.33359],[140.9247,38.33223],[140.92299,38.33297],[140.91896,38.33342],[140.91748,38.33601],[140.91308,38.33501],[140.91145,38.33538],[140.91063,38.33417],[140.90519,38.33661],[140.90339,38.33692],[140.90086,38.34087],[140.89713,38.34098],[140.8935,38.34208],[140.89294,38.34388],[140.88538,38.34759],[140.88426,38.34724],[140.88246,38.34917],[140.88369,38.3511],[140.87898,38.35279],[140.8796,38.35422],[140.87898,38.3555],[140.87658,38.35662],[140.87639,38.35765],[140.87062,38.36033],[140.86971,38.35993],[140.86643,38.36035],[140.86654,38.36124],[140.86343,38.36202],[140.8617,38.36213],[140.86019,38.36069],[140.85852,38.36152],[140.85467,38.36166],[140.85303,38.36052],[140.85304,38.35873],[140.84962,38.35793],[140.84661,38.35875],[140.84516,38.35783],[140.84295,38.35412],[140.84179,38.34857],[140.84075,38.34689],[140.83844,38.34774],[140.83596,38.34659],[140.83412,38.347],[140.83403,38.34948],[140.83187,38.35149],[140.83392,38.35449],[140.83144,38.3567],[140.83427,38.35891],[140.83508,38.36008],[140.8282,38.36278],[140.82443,38.36223],[140.82265,38.36263],[140.82459,38.36613],[140.82621,38.3673],[140.82681,38.36887],[140.82481,38.37103],[140.82537,38.37494],[140.82278,38.37739],[140.82185,38.37896],[140.8203,38.38005],[140.81692,38.38119],[140.81498,38.38309],[140.81311,38.38315],[140.8138,38.38481],[140.81136,38.38594],[140.81125,38.3883],[140.80847,38.39212],[140.80541,38.39381],[140.80138,38.39441],[140.79965,38.39389],[140.79665,38.39455],[140.78632,38.3994],[140.78394,38.40159],[140.78164,38.40204],[140.77934,38.40012],[140.77739,38.40238],[140.77482,38.4043],[140.77077,38.40524],[140.76893,38.4048],[140.76511,38.40701],[140.76403,38.40631],[140.76185,38.40665],[140.76101,38.40785],[140.75452,38.41143],[140.7517,38.41152],[140.74972,38.41236],[140.74354,38.41204],[140.74451,38.41386],[140.74441,38.41559],[140.73906,38.41916],[140.7381,38.42054],[140.73827,38.42275],[140.73637,38.42412],[140.73175,38.42475],[140.73139,38.42679],[140.72669,38.4295],[140.72613,38.43249],[140.72345,38.4325],[140.7217,38.43392],[140.71854,38.43355],[140.71624,38.43389],[140.71387,38.43201],[140.71451,38.43054],[140.71304,38.42868],[140.7116,38.42796],[140.71129,38.42483],[140.71021,38.42353],[140.70853,38.42324],[140.70697,38.42193],[140.70642,38.42032],[140.70275,38.41701],[140.69687,38.41564],[140.69372,38.41408],[140.69346,38.4132],[140.69719,38.40943],[140.69987,38.40138],[140.70011,38.3984],[140.69978,38.39635],[140.69734,38.39222],[140.69532,38.38971],[140.69323,38.38996],[140.69169,38.38805],[140.69089,38.38554],[140.68844,38.38378],[140.68777,38.38244],[140.6894,38.37921],[140.69059,38.3781],[140.69272,38.37745],[140.6968,38.3746],[140.69949,38.37411],[140.70196,38.37188],[140.70399,38.3712],[140.70686,38.36859],[140.71378,38.36573],[140.71472,38.36452],[140.71831,38.36282],[140.72428,38.36164],[140.72519,38.36057],[140.7298,38.35997],[140.73136,38.3586],[140.73307,38.3587],[140.73305,38.35583],[140.7307,38.3539],[140.73104,38.35223],[140.72891,38.35085],[140.72445,38.34959],[140.72246,38.34779],[140.72181,38.3463],[140.71978,38.34497],[140.71812,38.34458],[140.71868,38.34208],[140.71796,38.34059],[140.72191,38.3396],[140.72376,38.33862],[140.72528,38.33647],[140.72699,38.33717],[140.73074,38.33453],[140.73759,38.33272],[140.73946,38.3298],[140.74642,38.32887],[140.75289,38.32463],[140.75617,38.32395],[140.75738,38.32227],[140.7626,38.32292],[140.7643,38.32246],[140.76989,38.32404],[140.77202,38.32341],[140.77307,38.32411],[140.77462,38.32278],[140.77936,38.32209],[140.78303,38.32209],[140.78712,38.32278],[140.78912,38.32193],[140.79016,38.31841],[140.79187,38.31716],[140.79307,38.31276],[140.79184,38.31115],[140.792,38.3094],[140.8011,38.30739],[140.80242,38.30622],[140.80264,38.30439],[140.80596,38.30376],[140.80697,38.30286],[140.80948,38.30337],[140.80962,38.30507],[140.81329,38.30534],[140.81526,38.30306],[140.8179,38.30244],[140.81883,38.30133],[140.82636,38.29697],[140.8291,38.29653],[140.83088,38.30056],[140.83179,38.30451],[140.83134,38.30579],[140.8324,38.30837],[140.83554,38.30776],[140.83756,38.30797],[140.84022,38.30723],[140.84322,38.30804],[140.84502,38.30957],[140.84814,38.31065],[140.85003,38.30879],[140.85731,38.30903],[140.85626,38.30611],[140.8583,38.30346],[140.86284,38.30238],[140.86318,38.30115],[140.86799,38.30047],[140.86939,38.30071],[140.8716,38.30301],[140.87359,38.30372],[140.87452,38.30481],[140.88072,38.30747],[140.88118,38.30355],[140.88891,38.3005],[140.89068,38.29076],[140.89025,38.28988],[140.89179,38.28864],[140.89201,38.28731],[140.89406,38.28786]]]}},{"type":"Feature","properties":{"code":"04202","name":"石巻市","pref":"宮城県","pref_code":"04","cx":141.324,"cy":38.45139,"bbox":[141.16118,38.24603,141.58884,38.63242]},"geometry":{"type":"MultiPolygon","coordinates":[[[[141.47027,38.28364],[141.46881,38.28283],[141.46852,38.28137],[141.46675,38.28046],[141.46364,38.28225],[141.46049,38.28322],[141.45976,38.28101],[141.46306,38.27836],[141.46334,38.27684],[141.46162,38.27535],[141.45952,38.27447],[141.45933,38.27205],[141.45761,38.27013],[141.45747,38.26849],[141.45862,38.26781],[141.46433,38.26904],[141.4665,38.26863],[141.46692,38.26736],[141.46478,38.26565],[141.46582,38.26491],[141.46719,38.26661],[141.47244,38.26348],[141.47383,38.25767],[141.47548,38.25592],[141.4749,38.25513],[141.47572,38.25258],[141.47838,38.25166],[141.47904,38.25063],[141.48121,38.25184],[141.48361,38.25107],[141.48503,38.24975],[141.48819,38.25109],[141.48999,38.24935],[141.49378,38.25119],[141.49574,38.25013],[141.49512,38.24876],[141.49877,38.24612],[141.50064,38.24603],[141.501,38.24752],[141.49667,38.2507],[141.49818,38.25351],[141.49716,38.2554],[141.49551,38.25538],[141.49384,38.25648],[141.49214,38.25946],[141.48958,38.25967],[141.48927,38.26155],[141.4902,38.26346],[141.48897,38.26565],[141.48904,38.2672],[141.48742,38.26811],[141.48714,38.27052],[141.4857,38.27176],[141.48391,38.27222],[141.48336,38.27443],[141.48176,38.2757],[141.48168,38.2778],[141.47953,38.2794],[141.47729,38.27953],[141.47494,38.28069],[141.47442,38.28207],[141.47167,38.28237],[141.47027,38.28364]]],[[[141.58515,38.27645],[141.58612,38.27744],[141.58325,38.27818],[141.5811,38.27998],[141.58295,38.28145],[141.5827,38.28277],[141.57911,38.2869],[141.58184,38.28796],[141.5819,38.28987],[141.58318,38.29053],[141.5828,38.29392],[141.58884,38.29868],[141.58876,38.30204],[141.58621,38.30235],[141.58483,38.30401],[141.58261,38.30428],[141.58151,38.30561],[141.57878,38.3055],[141.57229,38.30773],[141.56846,38.30827],[141.56798,38.30941],[141.57116,38.31195],[141.56951,38.31319],[141.56688,38.31355],[141.56361,38.31201],[141.56047,38.30903],[141.55211,38.30633],[141.54862,38.30378],[141.54785,38.30244],[141.54972,38.29965],[141.54956,38.29822],[141.55101,38.29633],[141.5528,38.29108],[141.55264,38.28736],[141.55665,38.2851],[141.55661,38.28361],[141.55804,38.28207],[141.56108,38.2804],[141.56262,38.28025],[141.5635,38.27858],[141.56743,38.27691],[141.56927,38.27545],[141.57021,38.2733],[141.57323,38.27178],[141.57285,38.27037],[141.57437,38.26948],[141.57608,38.26927],[141.57755,38.27018],[141.57745,38.27193],[141.58067,38.27314],[141.58078,38.27395],[141.58515,38.27645]]],[[[141.37717,38.38327],[141.37594,38.38121],[141.37882,38.38137],[141.37717,38.38327]]],[[[141.41623,38.31221],[141.41532,38.31017],[141.41331,38.30972],[141.41123,38.30853],[141.40954,38.30495],[141.41027,38.30161],[141.41145,38.30134],[141.41282,38.29932],[141.41051,38.29593],[141.40937,38.29535],[141.40652,38.29039],[141.40647,38.28884],[141.40787,38.2879],[141.4091,38.2858],[141.41237,38.28653],[141.41523,38.28861],[141.41745,38.28926],[141.42077,38.28873],[141.42275,38.28894],[141.42401,38.29152],[141.42661,38.2924],[141.42893,38.29236],[141.42843,38.29418],[141.42663,38.29343],[141.42428,38.29457],[141.42396,38.29707],[141.42291,38.2984],[141.42278,38.30052],[141.42149,38.30097],[141.42024,38.30308],[141.42099,38.30483],[141.41959,38.30607],[141.42219,38.30719],[141.4209,38.30821],[141.42166,38.30949],[141.42045,38.31063],[141.41886,38.31075],[141.41807,38.3119],[141.41623,38.31221]]],[[[141.52738,38.35838],[141.52524,38.35706],[141.52666,38.35638],[141.52738,38.35838]]],[[[141.42066,38.38081],[141.41957,38.38027],[141.41802,38.3768],[141.42161,38.37755],[141.42322,38.37665],[141.4271,38.37995],[141.42438,38.37949],[141.42066,38.38081]]],[[[141.51463,38.55601],[141.51345,38.55555],[141.51345,38.55296],[141.51179,38.55234],[141.51058,38.55096],[141.51164,38.5498],[141.51675,38.55551],[141.51463,38.55601]]],[[[141.52846,38.63027],[141.52603,38.63182],[141.52304,38.63242],[141.52118,38.63115],[141.51872,38.62765],[141.51612,38.62626],[141.51414,38.62313],[141.51413,38.62203],[141.50907,38.61692],[141.50845,38.61479],[141.50398,38.61547],[141.5004,38.61707],[141.49849,38.61728],[141.49727,38.61954],[141.49503,38.62081],[141.4935,38.62293],[141.49008,38.62057],[141.48845,38.62055],[141.48573,38.61864],[141.48472,38.61955],[141.4743,38.62085],[141.47014,38.6194],[141.46947,38.61804],[141.46723,38.61664],[141.46329,38.61512],[141.46096,38.61494],[141.45879,38.61235],[141.45785,38.61004],[141.45677,38.60975],[141.45306,38.61045],[141.45183,38.60963],[141.44747,38.60946],[141.44617,38.60836],[141.44802,38.60414],[141.44625,38.60314],[141.44376,38.6028],[141.44393,38.60183],[141.44029,38.60032],[141.43888,38.60041],[141.43719,38.59929],[141.43663,38.59753],[141.43177,38.59658],[141.42606,38.5931],[141.42003,38.59405],[141.41687,38.59393],[141.41517,38.59541],[141.41489,38.59659],[141.4119,38.59778],[141.41063,38.59695],[141.40883,38.597],[141.40671,38.59798],[141.4063,38.5997],[141.40713,38.60183],[141.40892,38.60313],[141.41594,38.60565],[141.4102,38.60981],[141.40934,38.61103],[141.40675,38.6097],[141.40148,38.60939],[141.40105,38.60694],[141.39951,38.60523],[141.39735,38.60382],[141.3958,38.60388],[141.39232,38.60177],[141.39191,38.60014],[141.39066,38.59908],[141.38389,38.59616],[141.38329,38.59427],[141.37956,38.59235],[141.37699,38.5897],[141.37299,38.58978],[141.3714,38.59169],[141.36948,38.59161],[141.36647,38.59031],[141.36288,38.59115],[141.35885,38.58915],[141.35649,38.58865],[141.35404,38.58607],[141.35137,38.58475],[141.34928,38.58437],[141.34727,38.58121],[141.34144,38.57862],[141.33937,38.57855],[141.33701,38.57691],[141.33474,38.57689],[141.33061,38.57588],[141.32443,38.57642],[141.32319,38.5755],[141.3227,38.57379],[141.3196,38.57193],[141.31951,38.57078],[141.31675,38.56873],[141.31379,38.56923],[141.31225,38.56839],[141.3106,38.56954],[141.30659,38.56939],[141.30485,38.57187],[141.30331,38.57116],[141.297,38.57172],[141.29267,38.57117],[141.29161,38.5716],[141.28851,38.57014],[141.28742,38.57104],[141.28571,38.57643],[141.28657,38.57698],[141.28794,38.58442],[141.28894,38.58494],[141.2897,38.5881],[141.28962,38.58997],[141.2904,38.59103],[141.29012,38.59258],[141.29215,38.59408],[141.29054,38.59661],[141.28938,38.59746],[141.28911,38.59994],[141.2902,38.60218],[141.28695,38.6034],[141.2764,38.6054],[141.27354,38.60551],[141.27027,38.60492],[141.26661,38.60288],[141.26513,38.60027],[141.26542,38.59659],[141.26686,38.59282],[141.26717,38.58873],[141.2668,38.5872],[141.2646,38.58432],[141.26166,38.58184],[141.25784,38.58022],[141.25297,38.57897],[141.2471,38.57613],[141.24228,38.57574],[141.23847,38.5731],[141.23544,38.5696],[141.23421,38.56719],[141.23277,38.56144],[141.23198,38.55697],[141.23224,38.55345],[141.23173,38.54906],[141.22929,38.54157],[141.229,38.53855],[141.22655,38.53408],[141.22385,38.53426],[141.21935,38.53547],[141.21658,38.53425],[141.20738,38.53719],[141.20622,38.5385],[141.20351,38.539],[141.20122,38.54048],[141.19797,38.54151],[141.19653,38.54144],[141.18875,38.53713],[141.18667,38.53539],[141.18458,38.53199],[141.17879,38.53169],[141.17787,38.53094],[141.17657,38.52371],[141.17663,38.51999],[141.1773,38.5185],[141.17408,38.51463],[141.17255,38.51392],[141.17249,38.5125],[141.17014,38.51111],[141.16385,38.50149],[141.16394,38.49909],[141.16511,38.49731],[141.16861,38.4945],[141.17027,38.49011],[141.17038,38.48788],[141.17121,38.48538],[141.16595,38.48481],[141.16691,38.47932],[141.1622,38.47718],[141.16118,38.47607],[141.1625,38.47245],[141.16589,38.47039],[141.16394,38.4674],[141.16519,38.46658],[141.16643,38.46291],[141.1658,38.46082],[141.17192,38.46149],[141.1766,38.46099],[141.17851,38.46138],[141.17929,38.45983],[141.18231,38.45866],[141.18476,38.45898],[141.18711,38.46019],[141.19078,38.45952],[141.1933,38.45782],[141.19147,38.45558],[141.19157,38.4539],[141.19425,38.45321],[141.19313,38.45002],[141.19598,38.44929],[141.19702,38.45061],[141.19862,38.4507],[141.19921,38.45295],[141.20119,38.45209],[141.20267,38.45224],[141.20589,38.4544],[141.20732,38.45293],[141.20862,38.45416],[141.20766,38.45736],[141.21024,38.45802],[141.21245,38.45936],[141.2152,38.45773],[141.21547,38.46065],[141.22397,38.45972],[141.22621,38.47238],[141.23688,38.46807],[141.23597,38.45731],[141.23877,38.45616],[141.2407,38.45425],[141.24242,38.45044],[141.24122,38.44898],[141.2417,38.44598],[141.24569,38.44635],[141.24587,38.44447],[141.25541,38.44504],[141.25771,38.43603],[141.25882,38.43346],[141.25848,38.43015],[141.25751,38.42914],[141.25796,38.42741],[141.25237,38.42633],[141.24896,38.42713],[141.24694,38.41962],[141.24822,38.41738],[141.24898,38.4141],[141.24791,38.41065],[141.24834,38.40567],[141.25833,38.40826],[141.26106,38.40853],[141.26653,38.40798],[141.26618,38.40939],[141.26876,38.41004],[141.26602,38.41234],[141.2657,38.41495],[141.26724,38.41489],[141.2666,38.41939],[141.27344,38.41995],[141.27386,38.41652],[141.27557,38.41696],[141.27536,38.41848],[141.28533,38.41943],[141.2857,38.41621],[141.27798,38.41553],[141.27485,38.41444],[141.27514,38.41226],[141.27347,38.41103],[141.27405,38.40921],[141.27951,38.4098],[141.27982,38.40791],[141.28605,38.409],[141.28557,38.40655],[141.28679,38.39963],[141.29477,38.40013],[141.29289,38.41374],[141.29349,38.41413],[141.30896,38.4146],[141.3106,38.41318],[141.31373,38.4132],[141.31506,38.41132],[141.31657,38.40746],[141.31719,38.41151],[141.32491,38.41191],[141.32512,38.40922],[141.32725,38.40953],[141.32706,38.412],[141.34105,38.41266],[141.34461,38.4139],[141.34858,38.41434],[141.35658,38.41416],[141.36347,38.41173],[141.36394,38.40964],[141.36722,38.40917],[141.36898,38.40741],[141.36826,38.40586],[141.36775,38.40242],[141.37018,38.4004],[141.37016,38.39897],[141.36801,38.39442],[141.36863,38.39357],[141.36663,38.39051],[141.36648,38.3894],[141.36412,38.3894],[141.36655,38.3861],[141.36983,38.38433],[141.37181,38.38454],[141.37318,38.38327],[141.3806,38.38516],[141.3806,38.38362],[141.38532,38.38475],[141.3865,38.38412],[141.38811,38.38557],[141.39019,38.38631],[141.3912,38.38887],[141.3923,38.39023],[141.39461,38.39065],[141.39522,38.39149],[141.39739,38.39133],[141.39753,38.39266],[141.39991,38.39572],[141.40164,38.39576],[141.40242,38.39696],[141.40245,38.39929],[141.4084,38.404],[141.41028,38.40311],[141.41041,38.39988],[141.41157,38.39544],[141.41366,38.39596],[141.41366,38.39349],[141.41463,38.39148],[141.41567,38.39167],[141.41742,38.39493],[141.41915,38.39702],[141.42213,38.39586],[141.42613,38.39633],[141.43009,38.39888],[141.43307,38.39671],[141.43272,38.39475],[141.43112,38.39373],[141.43068,38.3919],[141.42884,38.3912],[141.42823,38.38945],[141.42678,38.38981],[141.42496,38.3886],[141.42271,38.38468],[141.42555,38.38228],[141.42765,38.38275],[141.42852,38.38162],[141.43074,38.38057],[141.43289,38.38304],[141.43736,38.38214],[141.43876,38.37981],[141.43661,38.37801],[141.43651,38.37672],[141.43347,38.37607],[141.43386,38.37519],[141.4321,38.37404],[141.43558,38.37347],[141.43692,38.37204],[141.43824,38.37413],[141.43996,38.37546],[141.44468,38.37577],[141.44657,38.37637],[141.45391,38.37479],[141.45507,38.37509],[141.45799,38.37386],[141.45856,38.37283],[141.45467,38.37233],[141.45402,38.37141],[141.44361,38.3705],[141.44205,38.36907],[141.44285,38.36759],[141.44062,38.3651],[141.43902,38.36507],[141.43695,38.36605],[141.43524,38.36594],[141.43275,38.36413],[141.42988,38.36477],[141.42362,38.35574],[141.41864,38.35456],[141.41691,38.35592],[141.41606,38.35398],[141.41799,38.35317],[141.41807,38.35049],[141.42031,38.34953],[141.41636,38.3474],[141.41758,38.3468],[141.41982,38.34778],[141.42188,38.34784],[141.42096,38.346],[141.42233,38.34426],[141.42447,38.34646],[141.4271,38.34689],[141.42787,38.34608],[141.43011,38.34722],[141.43161,38.34725],[141.43352,38.34476],[141.43127,38.34182],[141.43661,38.3415],[141.43935,38.34417],[141.43928,38.34588],[141.44015,38.34769],[141.44224,38.34841],[141.4415,38.34991],[141.44497,38.35168],[141.44502,38.35357],[141.44661,38.35385],[141.44823,38.35065],[141.44963,38.34954],[141.44921,38.34773],[141.45036,38.34458],[141.44913,38.34174],[141.45058,38.34055],[141.45212,38.34095],[141.45325,38.34388],[141.45467,38.34481],[141.45343,38.34665],[141.4538,38.34794],[141.45696,38.34811],[141.45735,38.35098],[141.4622,38.35125],[141.46226,38.34913],[141.46333,38.3478],[141.46344,38.34415],[141.46459,38.34307],[141.46514,38.34118],[141.4633,38.33552],[141.46547,38.33575],[141.46712,38.33428],[141.4686,38.33544],[141.47311,38.33417],[141.47429,38.33198],[141.4741,38.32929],[141.46841,38.32693],[141.46939,38.325],[141.46746,38.32425],[141.46745,38.32299],[141.46524,38.323],[141.46065,38.32194],[141.4584,38.32223],[141.45443,38.31994],[141.45375,38.31854],[141.45115,38.31752],[141.44953,38.31577],[141.45089,38.31489],[141.45598,38.3152],[141.45965,38.31258],[141.4601,38.31043],[141.46151,38.30889],[141.46524,38.30734],[141.46702,38.30595],[141.47011,38.30799],[141.47011,38.31027],[141.46911,38.31374],[141.47014,38.31536],[141.47252,38.31274],[141.47434,38.31211],[141.47484,38.30839],[141.47941,38.30666],[141.48408,38.30835],[141.48732,38.30749],[141.4895,38.30884],[141.49404,38.3077],[141.49718,38.3045],[141.49644,38.30293],[141.49404,38.30137],[141.49536,38.30049],[141.49378,38.29781],[141.49344,38.29601],[141.49207,38.29537],[141.49229,38.29353],[141.49608,38.29172],[141.4979,38.29236],[141.49865,38.29411],[141.50217,38.29542],[141.50386,38.2948],[141.50662,38.29804],[141.50902,38.29671],[141.50904,38.29369],[141.51024,38.29136],[141.50918,38.28941],[141.50976,38.2834],[141.51054,38.28274],[141.50959,38.28097],[141.51074,38.27992],[141.51031,38.27815],[141.51299,38.27456],[141.51537,38.27517],[141.51601,38.2736],[141.51918,38.27153],[141.52074,38.27269],[141.52171,38.27145],[141.52338,38.2716],[141.52492,38.27328],[141.52364,38.27508],[141.52598,38.27526],[141.52549,38.27673],[141.52377,38.27864],[141.52569,38.27988],[141.52464,38.28208],[141.52525,38.28467],[141.52455,38.28535],[141.52484,38.28877],[141.52621,38.28985],[141.52633,38.29432],[141.52562,38.29593],[141.52842,38.29661],[141.52811,38.29858],[141.53048,38.30115],[141.53695,38.30081],[141.53877,38.30233],[141.54101,38.30806],[141.54065,38.30971],[141.54135,38.31265],[141.54037,38.31371],[141.54063,38.31668],[141.5396,38.31709],[141.53963,38.31922],[141.53276,38.31882],[141.53099,38.31951],[141.53191,38.32108],[141.52823,38.32152],[141.52685,38.32374],[141.52513,38.3243],[141.52466,38.32574],[141.52622,38.32869],[141.52757,38.32936],[141.53105,38.32946],[141.52987,38.33254],[141.53163,38.33369],[141.53282,38.33847],[141.53436,38.33935],[141.53241,38.34229],[141.53082,38.34245],[141.52881,38.34385],[141.52725,38.34574],[141.52584,38.34593],[141.52441,38.34744],[141.5239,38.3496],[141.52279,38.35112],[141.52413,38.35306],[141.52284,38.35438],[141.52381,38.3557],[141.52265,38.35742],[141.52045,38.35799],[141.5194,38.35925],[141.52149,38.36239],[141.51832,38.36271],[141.51971,38.36653],[141.51843,38.3677],[141.5149,38.36877],[141.51431,38.37082],[141.51296,38.37078],[141.50919,38.36947],[141.50649,38.37083],[141.50561,38.37053],[141.50214,38.37118],[141.50191,38.36998],[141.49959,38.36856],[141.49752,38.36864],[141.49413,38.37083],[141.49002,38.36749],[141.48751,38.36804],[141.48589,38.36905],[141.48421,38.3713],[141.48344,38.37326],[141.48176,38.37317],[141.48132,38.3755],[141.4846,38.38],[141.48663,38.38029],[141.48863,38.37945],[141.48979,38.38046],[141.49175,38.37994],[141.49456,38.3821],[141.50098,38.38309],[141.50242,38.38204],[141.5048,38.38437],[141.50647,38.38376],[141.5059,38.38634],[141.5072,38.38762],[141.50851,38.38733],[141.50942,38.389],[141.5077,38.3897],[141.5094,38.39104],[141.51185,38.39157],[141.51538,38.3906],[141.51677,38.38958],[141.51589,38.38695],[141.51705,38.38694],[141.51927,38.38854],[141.5241,38.39002],[141.52657,38.38915],[141.52609,38.38619],[141.52666,38.3845],[141.5286,38.38362],[141.529,38.38167],[141.53061,38.38149],[141.53189,38.38349],[141.53344,38.38408],[141.53314,38.38678],[141.5362,38.38724],[141.54056,38.38966],[141.53847,38.39001],[141.53774,38.39139],[141.53779,38.39427],[141.53995,38.39482],[141.53845,38.39644],[141.5383,38.39983],[141.53871,38.40081],[141.53466,38.402],[141.53339,38.40169],[141.53232,38.40018],[141.53222,38.39814],[141.5302,38.39701],[141.52855,38.39832],[141.5269,38.39664],[141.52378,38.39724],[141.52342,38.39555],[141.5219,38.39423],[141.51389,38.39292],[141.5125,38.39421],[141.513,38.39592],[141.51193,38.39632],[141.51166,38.39844],[141.50916,38.39847],[141.5083,38.39714],[141.50618,38.39758],[141.50331,38.39542],[141.50306,38.39398],[141.49796,38.38902],[141.4925,38.39258],[141.48812,38.3933],[141.48463,38.39154],[141.48227,38.39162],[141.48143,38.39055],[141.47844,38.38893],[141.47513,38.38469],[141.46453,38.38527],[141.46201,38.38613],[141.45984,38.38616],[141.45873,38.38723],[141.45849,38.391],[141.45661,38.39253],[141.45541,38.39211],[141.45076,38.39294],[141.45195,38.39569],[141.45197,38.39952],[141.45032,38.40187],[141.45146,38.40329],[141.45097,38.40749],[141.44869,38.41019],[141.44484,38.41092],[141.44322,38.41045],[141.44035,38.41225],[141.43618,38.41364],[141.43394,38.41378],[141.43237,38.41523],[141.42937,38.41408],[141.42772,38.41485],[141.42622,38.41387],[141.42532,38.412],[141.42221,38.4114],[141.42084,38.40982],[141.41887,38.41088],[141.41224,38.41124],[141.41255,38.41283],[141.40935,38.41677],[141.39986,38.41944],[141.3999,38.426],[141.40031,38.43661],[141.4011,38.43829],[141.40433,38.44071],[141.40437,38.44259],[141.40608,38.44539],[141.40624,38.4483],[141.40539,38.44934],[141.40675,38.45387],[141.40394,38.45608],[141.40741,38.45879],[141.40886,38.46134],[141.40898,38.46343],[141.41089,38.46738],[141.41261,38.46801],[141.41219,38.47065],[141.41427,38.47153],[141.41521,38.47297],[141.41454,38.47499],[141.41551,38.47715],[141.41495,38.48018],[141.41577,38.48235],[141.41725,38.48416],[141.41689,38.48532],[141.4196,38.48689],[141.42031,38.48581],[141.42287,38.48592],[141.42529,38.48462],[141.43196,38.48327],[141.43306,38.48194],[141.43525,38.48172],[141.44016,38.47907],[141.44691,38.4818],[141.45012,38.48234],[141.45014,38.48486],[141.45229,38.48547],[141.45319,38.48731],[141.4591,38.49261],[141.46159,38.4904],[141.47011,38.48965],[141.47055,38.48827],[141.46993,38.48619],[141.47069,38.48466],[141.47251,38.48367],[141.47266,38.48224],[141.47905,38.48181],[141.48087,38.48092],[141.4839,38.4807],[141.48677,38.47976],[141.49028,38.48044],[141.4921,38.47982],[141.49603,38.48005],[141.49505,38.4848],[141.49227,38.48517],[141.4924,38.48667],[141.49087,38.48902],[141.49305,38.49048],[141.49395,38.49236],[141.49574,38.49288],[141.49684,38.49531],[141.49643,38.49912],[141.49344,38.49965],[141.4905,38.49841],[141.48893,38.50046],[141.48688,38.50188],[141.48707,38.50295],[141.48924,38.5045],[141.4878,38.50529],[141.48831,38.50686],[141.48296,38.51164],[141.47877,38.51345],[141.4775,38.51519],[141.47555,38.51655],[141.4751,38.51773],[141.47266,38.51803],[141.4704,38.51556],[141.46474,38.51214],[141.46428,38.51342],[141.467,38.51547],[141.46665,38.5171],[141.46833,38.52006],[141.46958,38.52121],[141.47536,38.5205],[141.47845,38.52072],[141.48001,38.51949],[141.48175,38.52023],[141.48369,38.51953],[141.48573,38.5161],[141.48887,38.51438],[141.49073,38.51411],[141.49411,38.51145],[141.49339,38.50991],[141.49499,38.50898],[141.4982,38.51128],[141.50185,38.51064],[141.50347,38.50962],[141.50456,38.5117],[141.50912,38.51208],[141.5119,38.51313],[141.5144,38.51162],[141.51357,38.51036],[141.51393,38.50882],[141.51583,38.50674],[141.51582,38.50421],[141.5152,38.50196],[141.51631,38.50094],[141.51541,38.49848],[141.51622,38.49687],[141.51522,38.49444],[141.51685,38.49258],[141.51998,38.4949],[141.52335,38.49597],[141.52521,38.49424],[141.52353,38.49126],[141.52422,38.4898],[141.52738,38.49021],[141.52791,38.48868],[141.53053,38.48881],[141.53389,38.49048],[141.53515,38.48986],[141.53732,38.49039],[141.53465,38.49333],[141.53541,38.49641],[141.53667,38.49774],[141.5362,38.49904],[141.54,38.49905],[141.54248,38.50376],[141.54083,38.50469],[141.54021,38.50248],[141.53882,38.50265],[141.5382,38.50479],[141.53668,38.506],[141.53662,38.50796],[141.53478,38.50818],[141.536,38.51107],[141.53882,38.51181],[141.53903,38.51324],[141.53798,38.51509],[141.53996,38.51706],[141.54068,38.51864],[141.54467,38.52068],[141.54628,38.52373],[141.54443,38.52477],[141.54165,38.5251],[141.53865,38.52858],[141.53721,38.53156],[141.53392,38.53269],[141.53315,38.53158],[141.5302,38.53266],[141.53021,38.53632],[141.53229,38.53789],[141.53185,38.53946],[141.53379,38.54051],[141.53461,38.54641],[141.53266,38.54648],[141.53248,38.54898],[141.52902,38.54681],[141.52497,38.54609],[141.52336,38.54168],[141.52198,38.54103],[141.5213,38.53943],[141.51899,38.53926],[141.51665,38.54021],[141.51448,38.54451],[141.51259,38.54119],[141.50921,38.53838],[141.50886,38.53714],[141.51109,38.53432],[141.50641,38.53324],[141.50204,38.53517],[141.49993,38.535],[141.49978,38.53289],[141.49652,38.53234],[141.49309,38.53325],[141.49174,38.53425],[141.49168,38.53569],[141.48913,38.53719],[141.48816,38.53909],[141.48578,38.54076],[141.48565,38.54244],[141.48681,38.54518],[141.48525,38.54663],[141.48665,38.54817],[141.48664,38.55114],[141.48777,38.55309],[141.48475,38.55333],[141.48235,38.55488],[141.48095,38.55888],[141.47903,38.55871],[141.47827,38.55696],[141.47666,38.55724],[141.47585,38.55941],[141.47702,38.56002],[141.47845,38.56261],[141.47675,38.56286],[141.47636,38.56032],[141.47486,38.56076],[141.4715,38.56061],[141.46866,38.56155],[141.46771,38.56077],[141.46529,38.56035],[141.46287,38.56134],[141.46159,38.56578],[141.46042,38.56783],[141.45857,38.57847],[141.46177,38.5798],[141.46559,38.5826],[141.4675,38.58182],[141.47033,38.58194],[141.47428,38.58474],[141.47741,38.58489],[141.47894,38.58289],[141.48086,38.58225],[141.48295,38.58271],[141.48509,38.58397],[141.48754,38.58355],[141.48793,38.58565],[141.48939,38.58769],[141.49252,38.5892],[141.49247,38.59074],[141.49479,38.59195],[141.49717,38.59129],[141.5004,38.59413],[141.50164,38.59365],[141.50463,38.59521],[141.50086,38.60277],[141.50352,38.60356],[141.50424,38.60179],[141.506,38.60222],[141.50687,38.60092],[141.50952,38.6003],[141.51015,38.60142],[141.50858,38.60214],[141.5085,38.60395],[141.51032,38.60516],[141.51783,38.60485],[141.51927,38.60664],[141.51906,38.60745],[141.5232,38.60951],[141.52503,38.61093],[141.52569,38.61654],[141.52778,38.61741],[141.52658,38.6195],[141.52758,38.62082],[141.5272,38.62206],[141.52833,38.62417],[141.52874,38.62664],[141.52695,38.62882],[141.52846,38.63027]]]]}},{"type":"Feature","properties":{"code":"04203","name":"塩竈市","pref":"宮城県","pref_code":"04","cx":141.0232,"cy":38.3256,"bbox":[140.9939,38.30278,141.1316,38.35408]},"geometry":{"type":"MultiPolygon","coordinates":[[[[141.09083,38.33826],[141.0888,38.33742],[141.08829,38.3357],[141.0853,38.33508],[141.08579,38.33298],[141.08769,38.33075],[141.09353,38.333],[141.09638,38.33266],[141.10029,38.33133],[141.10292,38.32956],[141.10342,38.32857],[141.10555,38.32865],[141.10464,38.33227],[141.10106,38.33397],[141.09897,38.33383],[141.09534,38.33617],[141.0929,38.33646],[141.09092,38.33545],[141.08943,38.33765],[141.09083,38.33826]]],[[[141.1154,38.34355],[141.11285,38.34182],[141.11396,38.34093],[141.11629,38.34197],[141.1154,38.34355]]],[[[141.12143,38.34386],[141.11919,38.34328],[141.11892,38.34158],[141.11737,38.34104],[141.11588,38.33953],[141.11276,38.33873],[141.11149,38.33966],[141.10962,38.33957],[141.10778,38.33853],[141.10511,38.34048],[141.10534,38.34207],[141.10397,38.34286],[141.10495,38.33837],[141.10628,38.33768],[141.10683,38.33409],[141.10844,38.33344],[141.11115,38.33628],[141.11328,38.33681],[141.11574,38.33631],[141.11576,38.33793],[141.11772,38.3404],[141.12092,38.34266],[141.12143,38.34386]]],[[[141.13011,38.34755],[141.12893,38.34715],[141.12941,38.34506],[141.12659,38.34342],[141.12472,38.34133],[141.12386,38.33954],[141.12197,38.33932],[141.12339,38.33594],[141.11988,38.33948],[141.11786,38.33815],[141.1156,38.33498],[141.11647,38.33438],[141.11683,38.3323],[141.11808,38.33083],[141.12171,38.32985],[141.12304,38.32696],[141.12789,38.32639],[141.12846,38.32793],[141.12617,38.32956],[141.1258,38.33127],[141.1272,38.33212],[141.12949,38.33222],[141.12689,38.33563],[141.12957,38.3367],[141.1316,38.34119],[141.12904,38.34065],[141.12747,38.33962],[141.12724,38.34237],[141.12833,38.3427],[141.13106,38.34521],[141.13011,38.34755]]],[[[141.03649,38.33965],[141.0299,38.33919],[141.02767,38.33999],[141.02648,38.33859],[141.024,38.33931],[141.02301,38.34057],[141.02446,38.3423],[141.02476,38.34504],[141.02589,38.34696],[141.02507,38.3491],[141.01906,38.34827],[141.01789,38.34568],[141.01433,38.34395],[141.01429,38.34154],[141.01286,38.34098],[141.01232,38.33958],[141.01013,38.33929],[141.00814,38.33698],[141.0073,38.33481],[141.00554,38.33359],[141.00545,38.33081],[141.00213,38.33016],[140.99807,38.32787],[140.99962,38.32597],[141.00376,38.32478],[141.00062,38.3209],[141.00078,38.3196],[140.99636,38.31669],[140.9939,38.31423],[140.99598,38.3124],[140.99604,38.30998],[141.00021,38.30933],[141.00093,38.30818],[141.0005,38.30541],[141.00125,38.30414],[141.0039,38.30561],[141.00748,38.30588],[141.01032,38.30375],[141.01249,38.30528],[141.0164,38.30699],[141.02159,38.30683],[141.02392,38.30881],[141.02736,38.30938],[141.02863,38.30791],[141.02927,38.30592],[141.02897,38.30424],[141.03172,38.30293],[141.036,38.30278],[141.03544,38.30478],[141.03591,38.30702],[141.04125,38.31131],[141.04468,38.31619],[141.04556,38.31864],[141.04266,38.31836],[141.04163,38.31891],[141.03956,38.31652],[141.03841,38.31685],[141.03972,38.31904],[141.03775,38.31924],[141.03632,38.31819],[141.03523,38.31956],[141.02738,38.31986],[141.02894,38.32205],[141.03504,38.32359],[141.03804,38.32367],[141.03962,38.32482],[141.04064,38.32327],[141.04344,38.3235],[141.04269,38.32485],[141.04509,38.32522],[141.05218,38.3318],[141.05166,38.33408],[141.04836,38.3367],[141.04629,38.33732],[141.04358,38.33459],[141.04178,38.33578],[141.04043,38.33464],[141.03886,38.33524],[141.04017,38.33715],[141.03787,38.33759],[141.03649,38.33965]]],[[[141.11938,38.35283],[141.11835,38.3502],[141.11999,38.34862],[141.12098,38.35046],[141.11938,38.35283]]],[[[141.11506,38.35274],[141.11411,38.35217],[141.1138,38.34874],[141.11218,38.34796],[141.11381,38.34621],[141.11663,38.34634],[141.11659,38.3481],[141.11493,38.35058],[141.11506,38.35274]]],[[[141.12136,38.35408],[141.12186,38.35205],[141.12309,38.35075],[141.12287,38.34886],[141.12458,38.34865],[141.12542,38.3508],[141.1267,38.35171],[141.12285,38.35303],[141.12136,38.35408]]]]}},{"type":"Feature","properties":{"code":"04205","name":"気仙沼市","pref":"宮城県","pref_code":"04","cx":141.52018,"cy":38.8712,"bbox":[141.39882,38.73963,141.67467,39.00272]},"geometry":{"type":"MultiPolygon","coordinates":[[[[141.63895,38.85193],[141.63824,38.8494],[141.63991,38.84857],[141.63975,38.85147],[141.63895,38.85193]]],[[[141.64132,38.84538],[141.64045,38.84476],[141.6411,38.84227],[141.64233,38.84118],[141.64409,38.84194],[141.6421,38.84529],[141.64132,38.84538]]],[[[141.6243,38.88541],[141.6222,38.88477],[141.62273,38.88261],[141.61854,38.87871],[141.61388,38.87778],[141.61139,38.87833],[141.60646,38.87708],[141.60481,38.87745],[141.60382,38.87515],[141.6021,38.87391],[141.60315,38.87056],[141.60477,38.8701],[141.60572,38.86798],[141.60709,38.86688],[141.61293,38.86539],[141.61288,38.86413],[141.60857,38.86425],[141.60628,38.86367],[141.60508,38.86245],[141.60471,38.8604],[141.60667,38.85829],[141.60671,38.8554],[141.60931,38.85427],[141.61117,38.85229],[141.61131,38.85106],[141.61336,38.84971],[141.6141,38.84764],[141.61122,38.847],[141.6117,38.84577],[141.61402,38.84486],[141.6175,38.8415],[141.61765,38.84007],[141.6163,38.83963],[141.61738,38.83742],[141.61931,38.83782],[141.62139,38.83571],[141.62358,38.83484],[141.6227,38.83316],[141.6242,38.83024],[141.62522,38.83109],[141.62416,38.83244],[141.62633,38.83504],[141.62823,38.83974],[141.62919,38.84029],[141.63625,38.83919],[141.63737,38.84087],[141.63467,38.84266],[141.63347,38.84676],[141.63633,38.84849],[141.6322,38.8488],[141.62823,38.84782],[141.62619,38.84823],[141.62507,38.84959],[141.62283,38.85053],[141.62226,38.85211],[141.62302,38.8542],[141.62749,38.85526],[141.62708,38.85637],[141.62465,38.8582],[141.62313,38.85826],[141.62223,38.85988],[141.62229,38.86154],[141.62486,38.86393],[141.63303,38.86549],[141.6335,38.86723],[141.63127,38.87241],[141.6322,38.87381],[141.63451,38.87426],[141.63371,38.87562],[141.63193,38.87562],[141.63136,38.87756],[141.62682,38.87946],[141.62839,38.88073],[141.6276,38.88282],[141.6244,38.88438],[141.6243,38.88541]]],[[[141.53023,38.74857],[141.5279,38.75416],[141.52864,38.75667],[141.52718,38.75769],[141.52926,38.75855],[141.52773,38.75973],[141.52635,38.75886],[141.52366,38.76022],[141.52076,38.75957],[141.51915,38.76056],[141.51987,38.76245],[141.52115,38.76343],[141.52036,38.76456],[141.51808,38.76528],[141.51449,38.76518],[141.51295,38.76707],[141.51287,38.76875],[141.51479,38.77306],[141.51853,38.77617],[141.51777,38.78058],[141.51896,38.78361],[141.51914,38.78578],[141.52041,38.78846],[141.52374,38.79048],[141.52562,38.79038],[141.52866,38.79148],[141.52956,38.79388],[141.53461,38.79482],[141.5372,38.79582],[141.53939,38.7983],[141.54171,38.79712],[141.54402,38.79753],[141.5468,38.80044],[141.54938,38.79938],[141.55138,38.80045],[141.55121,38.80212],[141.55516,38.80142],[141.55706,38.8031],[141.55627,38.80423],[141.55823,38.80646],[141.5557,38.80626],[141.5551,38.80943],[141.55906,38.81252],[141.56431,38.81365],[141.56751,38.81363],[141.56977,38.81262],[141.57253,38.8103],[141.57766,38.81357],[141.5772,38.81546],[141.5752,38.81566],[141.57489,38.81955],[141.5774,38.82305],[141.58037,38.82447],[141.5835,38.82521],[141.58578,38.82522],[141.58975,38.82338],[141.59119,38.82332],[141.59161,38.82508],[141.59388,38.8275],[141.59677,38.82938],[141.60002,38.82934],[141.60319,38.82789],[141.60339,38.82985],[141.60193,38.83094],[141.60226,38.83273],[141.59935,38.83528],[141.59747,38.83583],[141.59283,38.83329],[141.59118,38.83507],[141.58957,38.83777],[141.58904,38.84035],[141.58354,38.84829],[141.58358,38.85082],[141.58233,38.85359],[141.58329,38.85672],[141.58556,38.86005],[141.5853,38.86417],[141.58586,38.86721],[141.58804,38.86954],[141.59075,38.86976],[141.589,38.8713],[141.58851,38.87433],[141.58876,38.87606],[141.59102,38.8773],[141.59167,38.87933],[141.59033,38.88217],[141.59026,38.88541],[141.59085,38.88607],[141.5934,38.88501],[141.59408,38.88582],[141.59371,38.88975],[141.5876,38.89276],[141.58603,38.89291],[141.58127,38.90068],[141.57951,38.90101],[141.58046,38.90388],[141.5797,38.90488],[141.57652,38.90544],[141.57501,38.90618],[141.57751,38.90737],[141.58055,38.90774],[141.58189,38.91013],[141.58427,38.90922],[141.58676,38.90936],[141.58645,38.9066],[141.5878,38.90499],[141.58734,38.90383],[141.58864,38.90204],[141.58776,38.89898],[141.58974,38.89677],[141.58817,38.89659],[141.5881,38.89482],[141.59155,38.89489],[141.59584,38.89347],[141.59691,38.89386],[141.59873,38.88995],[141.59987,38.88856],[141.60079,38.88562],[141.60244,38.8846],[141.60451,38.87998],[141.60841,38.88006],[141.60899,38.88215],[141.61114,38.8839],[141.6102,38.88559],[141.61162,38.88609],[141.6131,38.88279],[141.61544,38.88207],[141.61552,38.88382],[141.61467,38.88792],[141.62109,38.89031],[141.62103,38.89291],[141.62386,38.89268],[141.62711,38.89369],[141.6262,38.89509],[141.62406,38.89502],[141.62469,38.89666],[141.62343,38.89983],[141.62489,38.89996],[141.62602,38.89796],[141.6302,38.89608],[141.63218,38.90017],[141.6312,38.90103],[141.63315,38.90237],[141.63754,38.90232],[141.63443,38.89966],[141.63539,38.89603],[141.6373,38.89371],[141.63535,38.89044],[141.63615,38.88883],[141.63844,38.88879],[141.64106,38.89062],[141.6409,38.88806],[141.63817,38.88681],[141.63803,38.8851],[141.63899,38.88418],[141.64517,38.88282],[141.64259,38.87983],[141.64306,38.87877],[141.64749,38.88002],[141.64858,38.8791],[141.64786,38.87732],[141.64931,38.87414],[141.65089,38.87328],[141.64999,38.87023],[141.65245,38.86812],[141.65592,38.86629],[141.65729,38.86677],[141.6585,38.86515],[141.65706,38.86395],[141.65829,38.86176],[141.66055,38.86165],[141.66126,38.86368],[141.66619,38.8626],[141.66854,38.86142],[141.66922,38.85959],[141.67072,38.8583],[141.67361,38.85706],[141.67464,38.85817],[141.67467,38.86491],[141.67309,38.86818],[141.66999,38.86861],[141.67049,38.87072],[141.66911,38.87266],[141.67077,38.87396],[141.66702,38.87563],[141.66757,38.87655],[141.66642,38.87819],[141.66393,38.87851],[141.66449,38.88088],[141.66258,38.88172],[141.66444,38.88466],[141.66313,38.88553],[141.66245,38.88857],[141.66504,38.89059],[141.6678,38.88915],[141.6671,38.89293],[141.66311,38.89271],[141.66293,38.89363],[141.66519,38.89577],[141.66259,38.89725],[141.66067,38.89616],[141.65703,38.89953],[141.65404,38.90034],[141.65188,38.90166],[141.65102,38.90302],[141.65237,38.90672],[141.64942,38.90874],[141.64761,38.91166],[141.65033,38.91205],[141.65064,38.91709],[141.65313,38.91907],[141.65187,38.91989],[141.64915,38.92034],[141.6491,38.92169],[141.64637,38.92301],[141.64449,38.92275],[141.64424,38.92409],[141.64501,38.92588],[141.64136,38.9284],[141.64058,38.9271],[141.63795,38.9273],[141.63656,38.92927],[141.6351,38.92933],[141.63458,38.93134],[141.63702,38.93215],[141.63966,38.93158],[141.64027,38.93303],[141.64298,38.93316],[141.64326,38.9348],[141.64219,38.93624],[141.64184,38.93894],[141.64303,38.93891],[141.64448,38.94147],[141.64334,38.94217],[141.64023,38.94202],[141.63883,38.94331],[141.63939,38.94592],[141.63786,38.94605],[141.63743,38.94747],[141.63405,38.95053],[141.63135,38.95426],[141.63193,38.95766],[141.63409,38.95801],[141.63547,38.95607],[141.64004,38.95555],[141.64178,38.95604],[141.64148,38.95869],[141.63914,38.96041],[141.63928,38.96192],[141.63686,38.96287],[141.63313,38.96243],[141.63205,38.96339],[141.63478,38.96536],[141.6346,38.96761],[141.63216,38.96963],[141.63172,38.9707],[141.62921,38.97025],[141.62449,38.97145],[141.61923,38.97411],[141.6169,38.97686],[141.61416,38.97803],[141.60598,38.98387],[141.60505,38.98514],[141.60139,38.98628],[141.59227,38.98686],[141.58694,38.98869],[141.58404,38.9887],[141.58022,38.98678],[141.57619,38.98679],[141.57454,38.98729],[141.57114,38.99105],[141.56884,38.99487],[141.56699,38.99598],[141.56331,38.99441],[141.56028,38.99382],[141.55713,38.99579],[141.55535,38.99503],[141.5529,38.99484],[141.54984,38.99545],[141.54817,38.99631],[141.54385,38.99523],[141.54294,38.99569],[141.5407,38.99475],[141.53691,38.99539],[141.53248,38.99454],[141.52313,38.99135],[141.51662,38.99823],[141.51844,39.00074],[141.51788,39.00166],[141.50855,39.00272],[141.50684,38.99982],[141.5026,39.00019],[141.50035,38.9992],[141.49652,38.99857],[141.49238,38.99896],[141.48978,38.99735],[141.48889,38.99477],[141.48728,38.99353],[141.48695,38.99104],[141.48588,38.98993],[141.48633,38.9883],[141.48434,38.98578],[141.48416,38.98477],[141.48539,38.9827],[141.48355,38.97832],[141.48519,38.976],[141.48649,38.97123],[141.48813,38.96988],[141.48888,38.96831],[141.49024,38.96245],[141.48929,38.96058],[141.49035,38.95709],[141.49192,38.95691],[141.49396,38.95535],[141.49018,38.94998],[141.49153,38.94873],[141.49046,38.94316],[141.48711,38.93864],[141.48557,38.93573],[141.48556,38.93228],[141.48806,38.92812],[141.48833,38.92676],[141.48985,38.92535],[141.48992,38.92402],[141.49211,38.92162],[141.49146,38.91945],[141.48938,38.91745],[141.49213,38.91479],[141.49191,38.91304],[141.49039,38.91088],[141.48909,38.90703],[141.48503,38.90464],[141.48278,38.90232],[141.4803,38.90183],[141.47828,38.89985],[141.47271,38.89751],[141.47054,38.89494],[141.46738,38.8945],[141.46619,38.89366],[141.46548,38.89104],[141.4673,38.88822],[141.46604,38.88544],[141.46099,38.88358],[141.45903,38.88153],[141.45368,38.87894],[141.45111,38.87632],[141.45069,38.87514],[141.45127,38.87109],[141.45201,38.87019],[141.45288,38.86677],[141.45408,38.86555],[141.45267,38.86255],[141.45571,38.8603],[141.46378,38.85844],[141.46574,38.85739],[141.46602,38.85597],[141.46389,38.85301],[141.46163,38.85156],[141.45926,38.85107],[141.457,38.84978],[141.4546,38.84725],[141.45302,38.84319],[141.44983,38.83739],[141.45011,38.8327],[141.45192,38.8312],[141.45206,38.82797],[141.45383,38.82466],[141.45455,38.8214],[141.45308,38.81874],[141.45403,38.8168],[141.4554,38.81604],[141.45909,38.81524],[141.45867,38.81396],[141.45704,38.81242],[141.45434,38.8109],[141.4515,38.81187],[141.44643,38.81047],[141.44285,38.81139],[141.44096,38.81133],[141.43735,38.81284],[141.43547,38.81159],[141.43299,38.81114],[141.43186,38.81219],[141.42942,38.8106],[141.43145,38.80656],[141.43324,38.80761],[141.43616,38.80578],[141.43671,38.80143],[141.43464,38.79856],[141.43413,38.79656],[141.43268,38.79401],[141.43325,38.79281],[141.43253,38.79159],[141.43399,38.79001],[141.43578,38.78675],[141.43869,38.78698],[141.4398,38.78562],[141.43796,38.78308],[141.43499,38.78253],[141.4315,38.78329],[141.42971,38.78234],[141.42954,38.78102],[141.42531,38.78132],[141.42139,38.77954],[141.42114,38.77786],[141.42229,38.77655],[141.42291,38.7746],[141.42306,38.77184],[141.42074,38.77085],[141.41746,38.77089],[141.41462,38.76834],[141.41013,38.76781],[141.40764,38.76547],[141.40649,38.76266],[141.40413,38.76164],[141.40232,38.75899],[141.40044,38.75868],[141.39882,38.75668],[141.40195,38.75422],[141.40332,38.75439],[141.40418,38.75208],[141.40357,38.74871],[141.40696,38.7433],[141.41134,38.74175],[141.41407,38.73963],[141.41516,38.74102],[141.41878,38.74132],[141.42196,38.74006],[141.42389,38.74008],[141.42549,38.74115],[141.42827,38.74136],[141.43114,38.74039],[141.43255,38.7407],[141.43514,38.74253],[141.43564,38.74505],[141.43705,38.74503],[141.4417,38.74863],[141.44671,38.74571],[141.44788,38.74609],[141.4502,38.74497],[141.45111,38.74525],[141.45418,38.7421],[141.45732,38.74251],[141.45876,38.74457],[141.46001,38.7443],[141.46371,38.74505],[141.46399,38.7465],[141.46608,38.74792],[141.46718,38.75063],[141.4705,38.75231],[141.47388,38.75277],[141.4755,38.75348],[141.48028,38.75164],[141.48144,38.74926],[141.48327,38.74838],[141.48661,38.74568],[141.4928,38.7462],[141.49654,38.74588],[141.49901,38.74459],[141.5001,38.74252],[141.50125,38.7425],[141.50354,38.7447],[141.50631,38.74552],[141.50825,38.74517],[141.51247,38.74699],[141.51512,38.74637],[141.51677,38.7469],[141.51728,38.74834],[141.52205,38.74871],[141.52403,38.74742],[141.52665,38.74715],[141.53023,38.74857]]]]}},{"type":"Feature","properties":{"code":"04206","name":"白石市","pref":"宮城県","pref_code":"04","cx":140.60429,"cy":37.9976,"bbox":[140.46748,37.8996,140.70598,38.09698]},"geometry":{"type":"Polygon","coordinates":[[[140.69543,38.03636],[140.68929,38.03587],[140.68622,38.03713],[140.68281,38.03745],[140.68029,38.03887],[140.67747,38.03917],[140.67649,38.03822],[140.67426,38.03816],[140.67219,38.03717],[140.66646,38.04098],[140.65773,38.04277],[140.656,38.04211],[140.65575,38.04097],[140.65397,38.03958],[140.65062,38.03533],[140.64908,38.03421],[140.64474,38.03761],[140.64445,38.04214],[140.64554,38.04312],[140.6416,38.04655],[140.64269,38.0478],[140.64199,38.05108],[140.63922,38.05315],[140.6352,38.05364],[140.63318,38.05454],[140.63084,38.05431],[140.62818,38.05889],[140.62338,38.05995],[140.62107,38.06134],[140.61927,38.06413],[140.61257,38.06506],[140.61204,38.06865],[140.60925,38.07106],[140.6111,38.07312],[140.60973,38.07423],[140.60736,38.07828],[140.6061,38.07846],[140.60436,38.07997],[140.60417,38.08174],[140.6054,38.08435],[140.60323,38.08626],[140.60085,38.08656],[140.59761,38.08813],[140.59578,38.08801],[140.59394,38.08653],[140.58519,38.08555],[140.58301,38.08626],[140.57761,38.08576],[140.57145,38.086],[140.56636,38.08426],[140.5574,38.0793],[140.55428,38.07804],[140.55018,38.07952],[140.54947,38.08046],[140.5496,38.08286],[140.54763,38.08768],[140.54362,38.08761],[140.54352,38.09052],[140.54041,38.09126],[140.54088,38.09376],[140.53939,38.09673],[140.53362,38.09504],[140.53278,38.09638],[140.52875,38.09631],[140.52688,38.09545],[140.52519,38.09698],[140.52337,38.09616],[140.51907,38.09605],[140.51687,38.09491],[140.5134,38.09504],[140.50955,38.09416],[140.50248,38.09442],[140.4953,38.09315],[140.49092,38.09122],[140.48765,38.08838],[140.48631,38.08894],[140.48368,38.08894],[140.4809,38.09013],[140.47738,38.09071],[140.47398,38.08768],[140.47187,38.0851],[140.47139,38.08204],[140.47292,38.08083],[140.47373,38.07834],[140.48091,38.07548],[140.48306,38.07193],[140.48856,38.06556],[140.49053,38.0601],[140.49099,38.05507],[140.49027,38.04676],[140.49065,38.04587],[140.49058,38.04165],[140.49217,38.03933],[140.49393,38.03857],[140.5008,38.03313],[140.50606,38.03203],[140.50858,38.03025],[140.51016,38.02683],[140.51166,38.02506],[140.51208,38.02349],[140.51181,38.02101],[140.51265,38.01711],[140.51391,38.01603],[140.5124,38.0151],[140.51165,38.01237],[140.51184,38.01073],[140.51363,38.00972],[140.51341,38.00834],[140.51756,38.00751],[140.52067,38.0051],[140.5215,38.0036],[140.51716,38.00186],[140.51637,37.99642],[140.51863,37.99284],[140.51914,37.99039],[140.52162,37.98841],[140.52189,37.98681],[140.5244,37.98499],[140.52469,37.98219],[140.52982,37.97848],[140.52943,37.97723],[140.53104,37.9759],[140.53197,37.97326],[140.53148,37.97004],[140.53309,37.96832],[140.53191,37.96704],[140.53236,37.96479],[140.52997,37.96421],[140.52755,37.96557],[140.52438,37.96593],[140.52192,37.96476],[140.52253,37.96273],[140.51354,37.95697],[140.51097,37.95421],[140.50922,37.9531],[140.50901,37.95182],[140.50766,37.9508],[140.4981,37.95192],[140.49652,37.95322],[140.49252,37.95441],[140.49056,37.95427],[140.48893,37.95515],[140.48609,37.95262],[140.48369,37.95349],[140.48251,37.95306],[140.47785,37.95425],[140.47616,37.95284],[140.47528,37.95033],[140.47441,37.94959],[140.47488,37.94678],[140.47273,37.94466],[140.47112,37.942],[140.4685,37.94003],[140.46748,37.93782],[140.46872,37.93605],[140.46789,37.93364],[140.46789,37.93171],[140.46936,37.92955],[140.46845,37.92713],[140.46918,37.92564],[140.46834,37.924],[140.47006,37.91937],[140.46953,37.91787],[140.47666,37.90692],[140.48293,37.90371],[140.48302,37.90185],[140.48835,37.8996],[140.49085,37.9004],[140.49442,37.89975],[140.49835,37.90036],[140.50062,37.90269],[140.50205,37.90277],[140.50217,37.90457],[140.5046,37.90549],[140.50741,37.90452],[140.50897,37.90518],[140.51167,37.90353],[140.51377,37.90308],[140.51579,37.90349],[140.51579,37.90576],[140.51726,37.90747],[140.5206,37.90747],[140.52182,37.9088],[140.52951,37.90671],[140.53133,37.90525],[140.53346,37.90665],[140.53557,37.90643],[140.53689,37.90759],[140.5476,37.90862],[140.54944,37.90986],[140.55458,37.90942],[140.55725,37.91017],[140.55844,37.90988],[140.56303,37.91144],[140.5638,37.91293],[140.56236,37.91402],[140.56324,37.91649],[140.56256,37.91791],[140.56395,37.92025],[140.5654,37.92113],[140.56638,37.92279],[140.56967,37.921],[140.57017,37.91862],[140.57398,37.91766],[140.57421,37.916],[140.57531,37.91448],[140.58075,37.91227],[140.58135,37.91111],[140.58429,37.90892],[140.58672,37.91008],[140.58812,37.90795],[140.59181,37.90617],[140.59483,37.90705],[140.59581,37.90618],[140.59891,37.90774],[140.60033,37.91016],[140.60184,37.90994],[140.60507,37.91101],[140.61021,37.91109],[140.61008,37.9136],[140.61165,37.91516],[140.61573,37.91477],[140.61862,37.91252],[140.62184,37.91407],[140.62213,37.91585],[140.62122,37.91728],[140.62364,37.91875],[140.62688,37.91899],[140.62837,37.91997],[140.62968,37.9218],[140.62688,37.92604],[140.62608,37.92824],[140.62365,37.92891],[140.6248,37.93147],[140.62467,37.9346],[140.62698,37.93474],[140.62771,37.93567],[140.62739,37.93783],[140.62968,37.93865],[140.63235,37.94129],[140.63635,37.94156],[140.63662,37.94257],[140.64126,37.94339],[140.64222,37.9448],[140.64655,37.94494],[140.64743,37.94656],[140.65024,37.94571],[140.65343,37.94551],[140.65631,37.94679],[140.65897,37.94651],[140.66588,37.94783],[140.6668,37.94912],[140.67133,37.95221],[140.67397,37.94997],[140.67619,37.94892],[140.67836,37.9531],[140.6802,37.95423],[140.68106,37.95635],[140.68417,37.95919],[140.68501,37.96323],[140.68665,37.96591],[140.68617,37.9683],[140.68918,37.96908],[140.69252,37.97229],[140.69095,37.9728],[140.68928,37.97558],[140.68954,37.9784],[140.68855,37.98012],[140.68843,37.98225],[140.69294,37.98793],[140.69511,37.98836],[140.69306,37.98982],[140.69411,37.99232],[140.69437,37.99505],[140.69293,37.99603],[140.69136,37.99879],[140.68976,37.99948],[140.69021,38.00192],[140.69437,38.0029],[140.69734,38.00484],[140.69894,38.0044],[140.70019,38.00709],[140.70007,38.00872],[140.70156,38.00967],[140.70253,38.01187],[140.70472,38.01326],[140.70393,38.01489],[140.7042,38.01648],[140.70595,38.01828],[140.70543,38.02073],[140.70598,38.02249],[140.70491,38.02423],[140.70511,38.02546],[140.70402,38.02705],[140.70554,38.03062],[140.70501,38.03282],[140.70279,38.03452],[140.70137,38.03736],[140.69543,38.03636]]]}},{"type":"Feature","properties":{"code":"04207","name":"名取市","pref":"宮城県","pref_code":"04","cx":140.87551,"cy":38.16354,"bbox":[140.78393,38.10976,140.96317,38.2192]},"geometry":{"type":"Polygon","coordinates":[[[140.93329,38.19765],[140.93094,38.19606],[140.92798,38.19307],[140.92834,38.19128],[140.92972,38.18946],[140.93502,38.18634],[140.93531,38.18439],[140.93349,38.18253],[140.91757,38.1837],[140.91515,38.18535],[140.91233,38.18503],[140.90736,38.18562],[140.90694,38.18455],[140.9039,38.18458],[140.90418,38.1871],[140.90712,38.18841],[140.90114,38.18941],[140.90105,38.18839],[140.9038,38.18805],[140.90345,38.1846],[140.89856,38.18474],[140.89967,38.18635],[140.89995,38.18962],[140.89419,38.19037],[140.89026,38.1898],[140.88832,38.18832],[140.88489,38.189],[140.88414,38.19044],[140.88182,38.19023],[140.87977,38.18896],[140.8728,38.18886],[140.87236,38.18761],[140.86699,38.18775],[140.86719,38.18921],[140.86644,38.19121],[140.86341,38.19401],[140.86362,38.19533],[140.8596,38.19495],[140.86269,38.19859],[140.86354,38.20059],[140.86335,38.20195],[140.86108,38.20403],[140.85513,38.20381],[140.85151,38.20482],[140.84772,38.20669],[140.84484,38.2073],[140.83777,38.21104],[140.83057,38.21394],[140.82669,38.21693],[140.82226,38.21757],[140.82025,38.2172],[140.81701,38.21874],[140.81577,38.21866],[140.81313,38.21709],[140.81256,38.21469],[140.80969,38.21372],[140.80796,38.21368],[140.80857,38.21055],[140.80635,38.21069],[140.80252,38.21263],[140.79827,38.2128],[140.7975,38.21428],[140.79774,38.21824],[140.79534,38.2192],[140.78817,38.21805],[140.78393,38.21437],[140.7845,38.21302],[140.7846,38.20938],[140.78533,38.20727],[140.78676,38.20616],[140.78609,38.20525],[140.78799,38.20237],[140.79064,38.20303],[140.79389,38.20256],[140.79472,38.2008],[140.7968,38.19962],[140.79463,38.19414],[140.79797,38.19464],[140.8004,38.19423],[140.80046,38.19334],[140.80326,38.19263],[140.8062,38.19265],[140.80751,38.19037],[140.81031,38.18849],[140.81326,38.1873],[140.81521,38.18732],[140.81342,38.1851],[140.81063,38.18513],[140.80821,38.18411],[140.80624,38.18536],[140.80269,38.18389],[140.79675,38.18025],[140.79581,38.17532],[140.78988,38.1735],[140.7904,38.17109],[140.79184,38.17027],[140.79091,38.16893],[140.79106,38.16571],[140.79271,38.16477],[140.79459,38.16231],[140.79411,38.16116],[140.79394,38.15589],[140.7963,38.15331],[140.79463,38.1516],[140.79552,38.14899],[140.80224,38.14433],[140.80515,38.14285],[140.80655,38.14265],[140.81202,38.13963],[140.82177,38.13824],[140.83122,38.13783],[140.83274,38.13607],[140.83436,38.13517],[140.83639,38.13519],[140.83735,38.13402],[140.84046,38.13393],[140.84293,38.1345],[140.84659,38.13305],[140.85146,38.13301],[140.8528,38.13242],[140.85714,38.1328],[140.86338,38.1325],[140.86435,38.13525],[140.86671,38.13816],[140.86769,38.14068],[140.87144,38.13908],[140.86774,38.13128],[140.86661,38.13136],[140.86624,38.1271],[140.86819,38.12628],[140.87321,38.12697],[140.87405,38.12663],[140.87303,38.1241],[140.87321,38.12301],[140.87605,38.11554],[140.8772,38.11348],[140.87896,38.11239],[140.87635,38.11019],[140.88197,38.10976],[140.88488,38.11378],[140.88285,38.11577],[140.8841,38.11785],[140.89062,38.11903],[140.89518,38.12394],[140.89265,38.12472],[140.90022,38.13464],[140.90049,38.13628],[140.90509,38.14424],[140.90861,38.14315],[140.91127,38.14341],[140.9114,38.14209],[140.91738,38.14264],[140.91404,38.14005],[140.91771,38.13934],[140.91974,38.14273],[140.92214,38.14201],[140.91957,38.13841],[140.9251,38.13666],[140.93052,38.13383],[140.94143,38.13177],[140.95249,38.15519],[140.95901,38.16636],[140.96179,38.16927],[140.96078,38.16976],[140.96317,38.17356],[140.96142,38.17382],[140.9591,38.17617],[140.9514,38.17988],[140.94821,38.18308],[140.94026,38.18602],[140.9371,38.18929],[140.93591,38.19764],[140.93507,38.19867],[140.93329,38.19765]]]}},{"type":"Feature","properties":{"code":"04208","name":"角田市","pref":"宮城県","pref_code":"04","cx":140.7677,"cy":37.99434,"bbox":[140.68617,37.91223,140.85668,38.07715]},"geometry":{"type":"Polygon","coordinates":[[[140.68646,37.96729],[140.6882,37.96689],[140.69119,37.96437],[140.6927,37.96527],[140.69451,37.96408],[140.69722,37.96341],[140.69982,37.96435],[140.70348,37.96486],[140.70454,37.96391],[140.70761,37.96336],[140.70943,37.96212],[140.70911,37.96091],[140.71086,37.96043],[140.71114,37.95919],[140.70887,37.95238],[140.70493,37.95002],[140.70251,37.9494],[140.70519,37.94689],[140.70815,37.94635],[140.71012,37.94539],[140.71074,37.94363],[140.71219,37.94255],[140.71791,37.94275],[140.71984,37.94221],[140.72348,37.94314],[140.72637,37.9426],[140.72784,37.94184],[140.73036,37.94265],[140.73249,37.94209],[140.73359,37.94587],[140.73547,37.9459],[140.73834,37.94475],[140.74194,37.94451],[140.74321,37.94352],[140.7448,37.94402],[140.74574,37.94307],[140.7503,37.94266],[140.75087,37.94396],[140.75406,37.94367],[140.75646,37.94443],[140.76021,37.9466],[140.76497,37.94751],[140.76679,37.94867],[140.77059,37.94849],[140.77193,37.94915],[140.77479,37.9491],[140.77527,37.94846],[140.77905,37.94793],[140.78127,37.94831],[140.78168,37.94944],[140.78422,37.95188],[140.78594,37.95721],[140.78742,37.95602],[140.78691,37.94872],[140.78761,37.94484],[140.78665,37.94117],[140.78335,37.93626],[140.78334,37.93517],[140.78755,37.93178],[140.79406,37.92968],[140.79817,37.92969],[140.80098,37.92886],[140.80364,37.92601],[140.80445,37.92389],[140.80793,37.92504],[140.80764,37.9275],[140.80814,37.92934],[140.80666,37.93336],[140.81427,37.93338],[140.8162,37.93451],[140.82077,37.9338],[140.82157,37.93238],[140.83073,37.93113],[140.83337,37.9289],[140.83374,37.92698],[140.83691,37.92485],[140.83937,37.92506],[140.84079,37.92433],[140.84316,37.91876],[140.84613,37.91427],[140.84643,37.9131],[140.84899,37.91228],[140.85092,37.91223],[140.85077,37.9144],[140.85196,37.91699],[140.8546,37.91775],[140.85536,37.92023],[140.85406,37.92203],[140.85668,37.92789],[140.85611,37.92991],[140.85492,37.93085],[140.85231,37.93466],[140.85248,37.9362],[140.85073,37.93788],[140.85255,37.93934],[140.85145,37.94218],[140.85285,37.94346],[140.8529,37.94678],[140.85372,37.94877],[140.85196,37.94991],[140.85154,37.95105],[140.85284,37.95476],[140.85149,37.95704],[140.85352,37.961],[140.85257,37.96591],[140.85308,37.96731],[140.85236,37.96995],[140.85089,37.97147],[140.85105,37.9735],[140.84996,37.97614],[140.85066,37.97702],[140.84996,37.97867],[140.84789,37.98032],[140.84773,37.98373],[140.84702,37.98547],[140.84539,37.98667],[140.84334,37.98951],[140.84297,37.99172],[140.84135,37.99364],[140.84025,37.99672],[140.84148,37.99938],[140.83983,38.00066],[140.84107,38.00708],[140.83907,38.0103],[140.83968,38.01175],[140.83885,38.01427],[140.83925,38.01834],[140.83528,38.02152],[140.83469,38.02349],[140.83326,38.02368],[140.83186,38.0253],[140.82946,38.03125],[140.82971,38.03386],[140.83041,38.03504],[140.82861,38.03709],[140.82886,38.03904],[140.82815,38.04231],[140.83036,38.04521],[140.83087,38.0477],[140.82994,38.0486],[140.82996,38.05079],[140.831,38.05148],[140.83027,38.05442],[140.83014,38.06022],[140.82895,38.06152],[140.82831,38.06358],[140.82609,38.06636],[140.82665,38.06734],[140.82693,38.07166],[140.82629,38.07538],[140.82313,38.07715],[140.81954,38.07086],[140.81373,38.06478],[140.81157,38.06027],[140.81074,38.05632],[140.81077,38.05246],[140.80882,38.05228],[140.80506,38.05046],[140.80076,38.05074],[140.7991,38.04928],[140.79811,38.04588],[140.79654,38.04475],[140.79292,38.0438],[140.78994,38.04575],[140.78821,38.04591],[140.78374,38.04389],[140.78227,38.04174],[140.77721,38.0427],[140.77556,38.04188],[140.77444,38.03968],[140.77279,38.03916],[140.76826,38.0387],[140.76615,38.03966],[140.7576,38.04106],[140.75633,38.04043],[140.75249,38.03991],[140.7508,38.03849],[140.74875,38.03812],[140.7476,38.036],[140.74511,38.03479],[140.74593,38.03347],[140.74201,38.03274],[140.74032,38.03138],[140.73794,38.03199],[140.73664,38.03131],[140.73306,38.03098],[140.73256,38.02987],[140.72984,38.02851],[140.72374,38.03149],[140.71776,38.02659],[140.71265,38.02604],[140.71093,38.02406],[140.70598,38.02249],[140.70543,38.02073],[140.70595,38.01828],[140.7042,38.01648],[140.70393,38.01489],[140.70472,38.01326],[140.70253,38.01187],[140.70156,38.00967],[140.70007,38.00872],[140.70019,38.00709],[140.69894,38.0044],[140.69734,38.00484],[140.69437,38.0029],[140.69021,38.00192],[140.68976,37.99948],[140.69136,37.99879],[140.69293,37.99603],[140.69437,37.99505],[140.69411,37.99232],[140.69306,37.98982],[140.69511,37.98836],[140.69294,37.98793],[140.68843,37.98225],[140.68855,37.98012],[140.68954,37.9784],[140.68928,37.97558],[140.69095,37.9728],[140.69252,37.97229],[140.68918,37.96908],[140.68617,37.9683],[140.68646,37.96729]]]}},{"type":"Feature","properties":{"code":"04209","name":"多賀城市","pref":"宮城県","pref_code":"04","cx":140.99856,"cy":38.2956,"bbox":[140.95645,38.2764,141.0439,38.31423]},"geometry":{"type":"Polygon","coordinates":[[[141.03113,38.28091],[141.0322,38.28037],[141.03374,38.28103],[141.03469,38.28313],[141.03443,38.28427],[141.03574,38.28702],[141.04066,38.28648],[141.04251,38.28716],[141.04185,38.28994],[141.0439,38.28994],[141.04268,38.29321],[141.03563,38.2991],[141.03625,38.30105],[141.036,38.30278],[141.03172,38.30293],[141.02897,38.30424],[141.02927,38.30592],[141.02863,38.30791],[141.02736,38.30938],[141.02392,38.30881],[141.02159,38.30683],[141.0164,38.30699],[141.01249,38.30528],[141.01032,38.30375],[141.00748,38.30588],[141.0039,38.30561],[141.00125,38.30414],[141.0005,38.30541],[141.00093,38.30818],[141.00021,38.30933],[140.99604,38.30998],[140.99598,38.3124],[140.9939,38.31423],[140.98608,38.31193],[140.98169,38.30964],[140.9816,38.30845],[140.97704,38.30866],[140.97493,38.30993],[140.96878,38.30946],[140.9627,38.3096],[140.95984,38.30605],[140.9614,38.30486],[140.95831,38.30189],[140.95645,38.29625],[140.95817,38.29495],[140.95959,38.29484],[140.9608,38.29288],[140.95891,38.29142],[140.95928,38.29008],[140.96087,38.28966],[140.96351,38.28594],[140.9662,38.2854],[140.96683,38.28655],[140.97091,38.28604],[140.97366,38.28431],[140.97587,38.2836],[140.98868,38.28418],[140.99573,38.28299],[140.99593,38.28189],[140.99813,38.28201],[141.00227,38.28093],[141.00478,38.28149],[141.00721,38.2788],[141.01017,38.27957],[141.01119,38.27723],[141.01288,38.2764],[141.02554,38.28314],[141.02692,38.28214],[141.03095,38.28201],[141.03113,38.28091]]]}},{"type":"Feature","properties":{"code":"04211","name":"岩沼市","pref":"宮城県","pref_code":"04","cx":140.87756,"cy":38.09833,"bbox":[140.77724,38.04699,140.94143,38.14806]},"geometry":{"type":"Polygon","coordinates":[[[140.7966,38.14806],[140.79449,38.14762],[140.79063,38.14563],[140.78909,38.14374],[140.7891,38.14234],[140.78667,38.14015],[140.78763,38.13756],[140.78323,38.13545],[140.78282,38.13426],[140.77986,38.13375],[140.77972,38.13136],[140.77724,38.12968],[140.77743,38.12837],[140.77909,38.12832],[140.7805,38.12737],[140.78078,38.12583],[140.78455,38.12603],[140.78712,38.12516],[140.78907,38.12539],[140.78994,38.124],[140.79351,38.1234],[140.79595,38.12154],[140.79999,38.12159],[140.80189,38.12232],[140.80577,38.12691],[140.80889,38.12679],[140.81166,38.1273],[140.81901,38.12684],[140.82087,38.12585],[140.8228,38.12329],[140.82426,38.12216],[140.82714,38.12199],[140.8272,38.11988],[140.82526,38.11913],[140.82499,38.11747],[140.82585,38.11639],[140.82432,38.1147],[140.82494,38.1128],[140.82696,38.11157],[140.82572,38.10946],[140.82539,38.10711],[140.82628,38.10504],[140.82504,38.1042],[140.82559,38.10124],[140.82451,38.09937],[140.82538,38.0972],[140.82715,38.09729],[140.82937,38.09629],[140.82902,38.09188],[140.83182,38.09046],[140.8317,38.08947],[140.8334,38.08741],[140.83485,38.0865],[140.83474,38.0837],[140.83938,38.08187],[140.84504,38.08023],[140.84773,38.08001],[140.85763,38.08158],[140.86141,38.08316],[140.86434,38.08539],[140.86677,38.0909],[140.86915,38.09387],[140.87202,38.09536],[140.8751,38.09574],[140.88299,38.09548],[140.88697,38.09483],[140.89056,38.09312],[140.89456,38.08998],[140.90122,38.08299],[140.90844,38.07634],[140.91015,38.07226],[140.90985,38.06933],[140.90635,38.0602],[140.9067,38.05565],[140.9095,38.05227],[140.91849,38.04784],[140.92198,38.04699],[140.92206,38.05013],[140.92285,38.05259],[140.92305,38.05946],[140.92517,38.07386],[140.93045,38.09956],[140.93884,38.12562],[140.94143,38.13177],[140.93052,38.13383],[140.9251,38.13666],[140.91957,38.13841],[140.92214,38.14201],[140.91974,38.14273],[140.91771,38.13934],[140.91404,38.14005],[140.91738,38.14264],[140.9114,38.14209],[140.91127,38.14341],[140.90861,38.14315],[140.90509,38.14424],[140.90049,38.13628],[140.90022,38.13464],[140.89265,38.12472],[140.89518,38.12394],[140.89062,38.11903],[140.8841,38.11785],[140.88285,38.11577],[140.88488,38.11378],[140.88197,38.10976],[140.87635,38.11019],[140.87896,38.11239],[140.8772,38.11348],[140.87605,38.11554],[140.87321,38.12301],[140.87303,38.1241],[140.87405,38.12663],[140.87321,38.12697],[140.86819,38.12628],[140.86624,38.1271],[140.86661,38.13136],[140.86774,38.13128],[140.87144,38.13908],[140.86769,38.14068],[140.86671,38.13816],[140.86435,38.13525],[140.86338,38.1325],[140.85714,38.1328],[140.8528,38.13242],[140.85146,38.13301],[140.84659,38.13305],[140.84293,38.1345],[140.84046,38.13393],[140.83735,38.13402],[140.83639,38.13519],[140.83436,38.13517],[140.83274,38.13607],[140.83122,38.13783],[140.82177,38.13824],[140.81202,38.13963],[140.80655,38.14265],[140.80515,38.14285],[140.80224,38.14433],[140.7966,38.14806]]]}},{"type":"Feature","properties":{"code":"04212","name":"登米市","pref":"宮城県","pref_code":"04","cx":141.21946,"cy":38.68515,"bbox":[141.05788,38.54727,141.41564,38.82327]},"geometry":{"type":"Polygon","coordinates":[[[141.40148,38.60939],[141.39935,38.61068],[141.4002,38.6128],[141.39995,38.61627],[141.40243,38.62085],[141.40347,38.62433],[141.3974,38.62561],[141.39562,38.62685],[141.39393,38.62914],[141.39408,38.63062],[141.39222,38.63154],[141.39192,38.63306],[141.38965,38.63635],[141.39042,38.6385],[141.3886,38.64059],[141.38783,38.64344],[141.38614,38.64591],[141.38049,38.64788],[141.37931,38.65083],[141.37812,38.65087],[141.37581,38.65408],[141.37614,38.65616],[141.37545,38.65741],[141.37629,38.66116],[141.37728,38.66336],[141.37619,38.66602],[141.37676,38.66779],[141.37962,38.66782],[141.38213,38.67012],[141.3837,38.67044],[141.3857,38.67195],[141.38574,38.67374],[141.38417,38.67435],[141.38367,38.67582],[141.38212,38.67592],[141.38064,38.677],[141.379,38.67648],[141.37552,38.67639],[141.37481,38.67707],[141.37251,38.67671],[141.37267,38.67919],[141.37212,38.68207],[141.37329,38.68207],[141.37475,38.68571],[141.37432,38.68918],[141.37224,38.68802],[141.37122,38.68936],[141.36773,38.68986],[141.37103,38.69264],[141.3717,38.69534],[141.37015,38.6987],[141.37121,38.70171],[141.36986,38.70357],[141.37045,38.705],[141.36997,38.70713],[141.37181,38.70927],[141.37177,38.71066],[141.36869,38.71481],[141.36941,38.71606],[141.36868,38.71881],[141.37245,38.71918],[141.37427,38.71881],[141.3779,38.72015],[141.37793,38.72237],[141.38036,38.72155],[141.38366,38.72216],[141.38494,38.72364],[141.38941,38.72378],[141.39108,38.72545],[141.39333,38.72584],[141.39347,38.72827],[141.39207,38.731],[141.39634,38.73282],[141.39887,38.73337],[141.40014,38.7344],[141.40204,38.7345],[141.40584,38.73592],[141.41189,38.73591],[141.41442,38.73891],[141.41134,38.74175],[141.40696,38.7433],[141.40357,38.74871],[141.40418,38.75208],[141.40332,38.75439],[141.40195,38.75422],[141.39882,38.75668],[141.40044,38.75868],[141.40232,38.75899],[141.40413,38.76164],[141.40649,38.76266],[141.40764,38.76547],[141.41013,38.76781],[141.40991,38.76912],[141.41096,38.77093],[141.40983,38.77253],[141.41269,38.77493],[141.41452,38.77846],[141.41562,38.77966],[141.41564,38.78447],[141.41486,38.7862],[141.41283,38.78643],[141.4105,38.78565],[141.40433,38.78889],[141.39811,38.7895],[141.39652,38.79063],[141.39808,38.79237],[141.39739,38.79528],[141.39567,38.79816],[141.39381,38.79984],[141.38934,38.79843],[141.38855,38.79982],[141.38664,38.79984],[141.38536,38.79889],[141.38272,38.79813],[141.38032,38.79612],[141.37796,38.79712],[141.37582,38.80062],[141.3753,38.80244],[141.3724,38.80419],[141.37138,38.80743],[141.36861,38.80795],[141.36595,38.80948],[141.3646,38.80843],[141.36176,38.80833],[141.35966,38.80915],[141.35972,38.81061],[141.35823,38.81114],[141.35557,38.81085],[141.35307,38.8124],[141.34963,38.81229],[141.34773,38.80994],[141.34424,38.80877],[141.34095,38.80836],[141.34156,38.80684],[141.33868,38.8062],[141.33706,38.80702],[141.33466,38.80691],[141.3336,38.80873],[141.33229,38.80956],[141.33252,38.81121],[141.33106,38.81271],[141.32826,38.81433],[141.32411,38.81564],[141.32382,38.81697],[141.32045,38.8185],[141.31685,38.82327],[141.31382,38.82212],[141.31222,38.82246],[141.30896,38.82216],[141.30914,38.82086],[141.30659,38.81896],[141.30768,38.81661],[141.30767,38.81377],[141.30632,38.81052],[141.30727,38.80871],[141.303,38.80488],[141.30244,38.80334],[141.30358,38.80185],[141.30235,38.80023],[141.30229,38.7986],[141.30413,38.79752],[141.30455,38.79346],[141.30236,38.79305],[141.30042,38.7935],[141.29755,38.79341],[141.2927,38.79539],[141.28518,38.79762],[141.28385,38.79711],[141.28205,38.7953],[141.28234,38.79373],[141.27976,38.79271],[141.27845,38.79363],[141.27472,38.7943],[141.27524,38.79568],[141.27248,38.79697],[141.27135,38.79498],[141.26907,38.79345],[141.2692,38.78862],[141.26684,38.78735],[141.26441,38.78818],[141.26341,38.78631],[141.26273,38.78209],[141.26326,38.7803],[141.26095,38.77799],[141.25817,38.7764],[141.25824,38.77396],[141.25655,38.77214],[141.25595,38.77062],[141.25591,38.76673],[141.25693,38.76466],[141.25734,38.76239],[141.25681,38.76094],[141.25476,38.75968],[141.25281,38.76085],[141.24766,38.76045],[141.24793,38.75837],[141.24138,38.75783],[141.24161,38.75575],[141.23654,38.75533],[141.23523,38.75614],[141.22884,38.75257],[141.229,38.75152],[141.23688,38.75202],[141.23711,38.74914],[141.23255,38.74765],[141.22294,38.74862],[141.21584,38.74847],[141.21455,38.75065],[141.21122,38.75368],[141.20918,38.7541],[141.20727,38.75681],[141.20712,38.75809],[141.20823,38.76139],[141.20716,38.76205],[141.20753,38.76538],[141.20606,38.76948],[141.20347,38.7699],[141.20078,38.77144],[141.19775,38.7739],[141.19718,38.77556],[141.1956,38.77681],[141.19181,38.77722],[141.18609,38.77991],[141.18097,38.78453],[141.17905,38.78213],[141.17636,38.78108],[141.17368,38.78104],[141.17281,38.77822],[141.1712,38.77899],[141.16956,38.77767],[141.16749,38.77846],[141.16359,38.78196],[141.16091,38.78133],[141.15926,38.78253],[141.15724,38.78267],[141.15731,38.77943],[141.15806,38.77845],[141.15716,38.7767],[141.15526,38.7758],[141.15456,38.77046],[141.15358,38.76757],[141.15388,38.76609],[141.15289,38.76495],[141.15425,38.76327],[141.1518,38.76113],[141.15253,38.75986],[141.1538,38.7493],[141.15526,38.74594],[141.15981,38.74387],[141.15951,38.74286],[141.16373,38.74241],[141.15993,38.73292],[141.1632,38.73242],[141.16468,38.73297],[141.16617,38.73139],[141.16156,38.73061],[141.15787,38.73062],[141.15676,38.72976],[141.15299,38.72992],[141.14879,38.72799],[141.14879,38.72581],[141.14589,38.72504],[141.14386,38.7263],[141.14197,38.72675],[141.13907,38.72565],[141.13669,38.72709],[141.13443,38.72766],[141.133,38.73042],[141.12515,38.73005],[141.12654,38.72825],[141.09146,38.71528],[141.08796,38.71231],[141.08613,38.71253],[141.08245,38.71149],[141.07497,38.69969],[141.07481,38.69757],[141.07268,38.6943],[141.06737,38.69105],[141.0652,38.69099],[141.06411,38.68991],[141.06576,38.68657],[141.06386,38.68458],[141.05853,38.6826],[141.05788,38.68138],[141.05992,38.681],[141.06144,38.67949],[141.06088,38.6773],[141.06402,38.67604],[141.06634,38.67444],[141.06889,38.67573],[141.07151,38.6749],[141.07396,38.67482],[141.0758,38.67146],[141.07746,38.67117],[141.07875,38.66782],[141.07674,38.66369],[141.07836,38.66244],[141.07928,38.65953],[141.08195,38.6581],[141.08283,38.65703],[141.08147,38.65413],[141.08379,38.6525],[141.08277,38.65003],[141.08069,38.6491],[141.08367,38.64691],[141.08283,38.64543],[141.09475,38.64079],[141.09886,38.64112],[141.10064,38.64058],[141.10432,38.64248],[141.10916,38.64401],[141.11084,38.64385],[141.11075,38.63664],[141.1086,38.6294],[141.11289,38.62908],[141.11476,38.62691],[141.11547,38.62449],[141.11764,38.62402],[141.11982,38.62422],[141.12446,38.62284],[141.12716,38.62043],[141.13215,38.61763],[141.13388,38.6155],[141.13663,38.61358],[141.13727,38.6115],[141.13829,38.61038],[141.14264,38.6089],[141.14989,38.60839],[141.15141,38.60762],[141.15313,38.60564],[141.15467,38.6053],[141.15695,38.60295],[141.16049,38.6009],[141.16184,38.59838],[141.16841,38.59832],[141.17458,38.59626],[141.17924,38.60363],[141.1911,38.59914],[141.19328,38.59675],[141.19652,38.5962],[141.20087,38.59397],[141.20065,38.58928],[141.19632,38.58836],[141.19599,38.58769],[141.19556,38.58156],[141.19266,38.58182],[141.19939,38.57715],[141.20123,38.5764],[141.2036,38.57202],[141.20639,38.57194],[141.20849,38.57092],[141.21029,38.56914],[141.21447,38.5685],[141.21693,38.56917],[141.22032,38.56699],[141.22338,38.56591],[141.22466,38.56247],[141.22615,38.56128],[141.22654,38.55962],[141.22916,38.55697],[141.22886,38.55318],[141.22944,38.55004],[141.23105,38.54727],[141.23173,38.54906],[141.23224,38.55345],[141.23198,38.55697],[141.23277,38.56144],[141.23421,38.56719],[141.23544,38.5696],[141.23847,38.5731],[141.24228,38.57574],[141.2471,38.57613],[141.25297,38.57897],[141.25784,38.58022],[141.26166,38.58184],[141.2646,38.58432],[141.2668,38.5872],[141.26717,38.58873],[141.26686,38.59282],[141.26542,38.59659],[141.26513,38.60027],[141.26661,38.60288],[141.27027,38.60492],[141.27354,38.60551],[141.2764,38.6054],[141.28695,38.6034],[141.2902,38.60218],[141.28911,38.59994],[141.28938,38.59746],[141.29054,38.59661],[141.29215,38.59408],[141.29012,38.59258],[141.2904,38.59103],[141.28962,38.58997],[141.2897,38.5881],[141.28894,38.58494],[141.28794,38.58442],[141.28657,38.57698],[141.28571,38.57643],[141.28742,38.57104],[141.28851,38.57014],[141.29161,38.5716],[141.29267,38.57117],[141.297,38.57172],[141.30331,38.57116],[141.30485,38.57187],[141.30659,38.56939],[141.3106,38.56954],[141.31225,38.56839],[141.31379,38.56923],[141.31675,38.56873],[141.31951,38.57078],[141.3196,38.57193],[141.3227,38.57379],[141.32319,38.5755],[141.32443,38.57642],[141.33061,38.57588],[141.33474,38.57689],[141.33701,38.57691],[141.33937,38.57855],[141.34144,38.57862],[141.34727,38.58121],[141.34928,38.58437],[141.35137,38.58475],[141.35404,38.58607],[141.35649,38.58865],[141.35885,38.58915],[141.36288,38.59115],[141.36647,38.59031],[141.36948,38.59161],[141.3714,38.59169],[141.37299,38.58978],[141.37699,38.5897],[141.37956,38.59235],[141.38329,38.59427],[141.38389,38.59616],[141.39066,38.59908],[141.39191,38.60014],[141.39232,38.60177],[141.3958,38.60388],[141.39735,38.60382],[141.39951,38.60523],[141.40105,38.60694],[141.40148,38.60939]]]}},{"type":"Feature","properties":{"code":"04213","name":"栗原市","pref":"宮城県","pref_code":"04","cx":140.94565,"cy":38.79633,"bbox":[140.70739,38.62719,141.16617,38.96459]},"geometry":{"type":"Polygon","coordinates":[[[141.15724,38.78267],[141.15636,38.7835],[141.15275,38.78449],[141.15164,38.78526],[141.14741,38.78584],[141.14807,38.78426],[141.14015,38.78864],[141.14056,38.78981],[141.13858,38.79081],[141.13967,38.79439],[141.14059,38.79575],[141.14115,38.8001],[141.14112,38.80888],[141.1425,38.8119],[141.13992,38.8143],[141.13749,38.81392],[141.13561,38.81271],[141.12992,38.81282],[141.12837,38.81592],[141.12549,38.81663],[141.12362,38.81655],[141.12398,38.81976],[141.12607,38.82185],[141.12374,38.82546],[141.12044,38.82607],[141.11778,38.82468],[141.1161,38.82238],[141.1139,38.82345],[141.11154,38.82377],[141.10869,38.8252],[141.10452,38.82327],[141.10503,38.82803],[141.10356,38.82835],[141.10278,38.83063],[141.10342,38.83328],[141.10471,38.83497],[141.10482,38.83735],[141.10608,38.83792],[141.10937,38.8373],[141.11335,38.83801],[141.11416,38.83702],[141.11658,38.83598],[141.11892,38.83589],[141.12045,38.83509],[141.12534,38.83686],[141.13017,38.84],[141.13017,38.84208],[141.1325,38.84501],[141.13802,38.84752],[141.13979,38.85051],[141.14678,38.85627],[141.14581,38.85794],[141.14712,38.85981],[141.14666,38.86293],[141.14562,38.86561],[141.14619,38.86655],[141.14613,38.86927],[141.1436,38.87044],[141.14292,38.87262],[141.14149,38.874],[141.14048,38.87674],[141.13948,38.87749],[141.13566,38.8768],[141.13315,38.87823],[141.12828,38.87956],[141.1253,38.87947],[141.12379,38.88047],[141.11951,38.88007],[141.11683,38.88048],[141.11622,38.87913],[141.11403,38.87802],[141.11104,38.87856],[141.10798,38.87766],[141.10245,38.88071],[141.10274,38.88338],[141.10226,38.8845],[141.09869,38.88475],[141.09507,38.88634],[141.09335,38.88786],[141.0917,38.88743],[141.08875,38.88354],[141.08504,38.88377],[141.08187,38.88264],[141.08115,38.8813],[141.07928,38.88131],[141.07477,38.87947],[141.07277,38.88048],[141.0713,38.88199],[141.0693,38.88138],[141.06148,38.88388],[141.05777,38.88211],[141.05471,38.8822],[141.05382,38.88173],[141.05193,38.88327],[141.04762,38.88114],[141.04351,38.87657],[141.04011,38.87738],[141.03685,38.87673],[141.03253,38.87792],[141.0327,38.88041],[141.03153,38.88079],[141.02961,38.88347],[141.02684,38.88283],[141.0251,38.88297],[141.02373,38.88082],[141.02249,38.88107],[141.02167,38.88276],[141.02157,38.88613],[141.0207,38.8864],[141.01635,38.88439],[141.01345,38.88102],[141.01142,38.88068],[141.00989,38.88153],[141.00791,38.88084],[141.00587,38.87875],[141.00463,38.8787],[141.0025,38.88092],[141.00073,38.88155],[140.99889,38.8806],[140.99634,38.88069],[140.99505,38.88009],[140.99388,38.87681],[140.98981,38.87432],[140.98733,38.87525],[140.98548,38.87528],[140.9843,38.87619],[140.98266,38.8792],[140.98446,38.87993],[140.98077,38.88141],[140.97996,38.8837],[140.97767,38.88394],[140.97728,38.88565],[140.97538,38.88595],[140.97449,38.88725],[140.97177,38.88738],[140.97062,38.88801],[140.97254,38.89047],[140.97136,38.89219],[140.97084,38.89491],[140.96961,38.8951],[140.9661,38.89867],[140.96653,38.90041],[140.96445,38.90216],[140.96176,38.90249],[140.96152,38.90573],[140.95479,38.90935],[140.9519,38.90927],[140.94925,38.91107],[140.94719,38.91007],[140.94559,38.91162],[140.94343,38.91502],[140.93905,38.91615],[140.93784,38.91488],[140.93438,38.9153],[140.93421,38.91626],[140.93074,38.91781],[140.93139,38.92041],[140.92822,38.92066],[140.92654,38.92141],[140.92469,38.92089],[140.92237,38.91833],[140.92216,38.91434],[140.92039,38.91622],[140.91634,38.91622],[140.9144,38.91758],[140.9151,38.92041],[140.91294,38.92051],[140.91345,38.92243],[140.91235,38.92395],[140.91279,38.92504],[140.91037,38.92744],[140.90655,38.92756],[140.90542,38.9286],[140.90265,38.92927],[140.90011,38.92891],[140.89819,38.92801],[140.89319,38.92743],[140.8877,38.92897],[140.88666,38.92888],[140.88543,38.92703],[140.8817,38.92787],[140.88145,38.92955],[140.87573,38.93099],[140.874,38.93231],[140.87297,38.93495],[140.87199,38.93539],[140.86915,38.93822],[140.86633,38.93953],[140.86441,38.94141],[140.86173,38.94164],[140.85791,38.94306],[140.85552,38.9432],[140.84872,38.94738],[140.84368,38.94884],[140.84069,38.95058],[140.83708,38.9578],[140.83436,38.9582],[140.82894,38.96171],[140.82406,38.96412],[140.81879,38.96366],[140.81132,38.96459],[140.80987,38.96338],[140.80748,38.96292],[140.80506,38.96332],[140.80029,38.96194],[140.79899,38.96293],[140.79404,38.964],[140.79066,38.96181],[140.78659,38.96054],[140.78217,38.95821],[140.77627,38.95898],[140.77502,38.95824],[140.7721,38.95839],[140.76761,38.95782],[140.76527,38.95705],[140.76317,38.95708],[140.75867,38.95852],[140.74525,38.95637],[140.74331,38.95368],[140.73209,38.94927],[140.73027,38.94765],[140.72951,38.94539],[140.72775,38.94507],[140.72648,38.94291],[140.7273,38.94029],[140.72573,38.9397],[140.72552,38.93854],[140.72322,38.93752],[140.72334,38.93437],[140.72062,38.93129],[140.7188,38.93037],[140.71763,38.92794],[140.71591,38.92704],[140.71377,38.92731],[140.71182,38.92688],[140.71213,38.92513],[140.71159,38.92324],[140.70872,38.9229],[140.70739,38.92036],[140.7097,38.91789],[140.71236,38.91783],[140.7138,38.91564],[140.71398,38.91396],[140.71921,38.91197],[140.72032,38.90826],[140.72273,38.9072],[140.72397,38.90574],[140.72733,38.90486],[140.72923,38.90553],[140.73244,38.90386],[140.73257,38.90194],[140.73752,38.89982],[140.73737,38.89754],[140.73657,38.89537],[140.73919,38.89453],[140.74063,38.89184],[140.74094,38.89],[140.74572,38.88612],[140.74503,38.88397],[140.74773,38.88172],[140.74809,38.8801],[140.74694,38.87848],[140.7496,38.87734],[140.74782,38.87471],[140.74755,38.87287],[140.74501,38.87263],[140.74367,38.8678],[140.74797,38.86621],[140.74901,38.86422],[140.7492,38.85909],[140.7496,38.85839],[140.74863,38.85553],[140.74771,38.85423],[140.74905,38.85132],[140.74891,38.84924],[140.74694,38.84605],[140.74704,38.84336],[140.74597,38.84242],[140.74813,38.83953],[140.74871,38.83768],[140.75341,38.83808],[140.75671,38.83631],[140.75803,38.83423],[140.7561,38.83249],[140.75406,38.83189],[140.75226,38.82899],[140.75095,38.82794],[140.75428,38.82563],[140.75489,38.82313],[140.75359,38.81934],[140.75152,38.81735],[140.75125,38.81478],[140.75003,38.81398],[140.75116,38.81125],[140.75005,38.80997],[140.74983,38.80581],[140.75036,38.80438],[140.74942,38.79898],[140.74973,38.79692],[140.75276,38.79493],[140.75036,38.79339],[140.74708,38.79209],[140.74518,38.78939],[140.74505,38.78723],[140.74262,38.78618],[140.74064,38.78374],[140.73783,38.78137],[140.73796,38.78006],[140.74166,38.77729],[140.74395,38.7745],[140.74627,38.77396],[140.74546,38.77216],[140.74627,38.77163],[140.7465,38.76949],[140.74951,38.76904],[140.75422,38.76672],[140.75566,38.76706],[140.75809,38.76577],[140.76199,38.76257],[140.76334,38.76367],[140.76241,38.7676],[140.76278,38.76828],[140.76746,38.76922],[140.77292,38.7688],[140.77778,38.7676],[140.78042,38.76762],[140.78581,38.76477],[140.78833,38.76396],[140.79136,38.76389],[140.79202,38.76136],[140.80086,38.75609],[140.80063,38.75467],[140.80301,38.75087],[140.8055,38.7492],[140.81263,38.74699],[140.81501,38.74548],[140.82363,38.73747],[140.82877,38.73478],[140.82893,38.73401],[140.83203,38.73322],[140.83411,38.73117],[140.83947,38.73098],[140.84812,38.73172],[140.84978,38.7311],[140.85501,38.73199],[140.85713,38.73383],[140.85928,38.73364],[140.85994,38.73468],[140.86233,38.73343],[140.86357,38.73377],[140.86988,38.72951],[140.87138,38.72949],[140.87331,38.72764],[140.87834,38.72524],[140.88139,38.72464],[140.88349,38.72284],[140.88813,38.72264],[140.88931,38.72448],[140.89135,38.72607],[140.8936,38.72567],[140.89727,38.72622],[140.90149,38.7235],[140.90472,38.72426],[140.90799,38.72322],[140.91011,38.72375],[140.91269,38.72186],[140.91376,38.7204],[140.91641,38.72028],[140.91658,38.71913],[140.91904,38.71868],[140.92023,38.72008],[140.92225,38.72113],[140.92391,38.72049],[140.9257,38.72069],[140.92853,38.71971],[140.92983,38.72135],[140.93352,38.71884],[140.93754,38.7169],[140.94036,38.71736],[140.94374,38.71433],[140.944,38.71241],[140.94614,38.71173],[140.94814,38.70884],[140.94985,38.70788],[140.9548,38.70676],[140.95761,38.70672],[140.96479,38.70419],[140.96796,38.69843],[140.96634,38.69796],[140.96448,38.6958],[140.96687,38.69352],[140.96821,38.69325],[140.96989,38.69167],[140.96988,38.68977],[140.97086,38.68888],[140.96931,38.6865],[140.97092,38.68423],[140.96953,38.68163],[140.97001,38.67829],[140.97293,38.67714],[140.97167,38.6751],[140.97018,38.67518],[140.96693,38.67225],[140.96735,38.66935],[140.96962,38.66902],[140.9751,38.66667],[140.97678,38.66482],[140.9815,38.66201],[140.98046,38.66056],[140.98852,38.65746],[140.98922,38.65657],[140.99478,38.65411],[140.99584,38.65158],[140.99422,38.6484],[140.99093,38.64843],[140.98999,38.6454],[140.99186,38.64116],[140.9951,38.63785],[140.99657,38.63699],[140.99986,38.63623],[140.99995,38.63448],[141.00596,38.63223],[141.00612,38.63036],[141.00734,38.62925],[141.00936,38.62995],[141.0118,38.62981],[141.01559,38.62817],[141.01711,38.63005],[141.01868,38.63091],[141.02257,38.62942],[141.02989,38.62848],[141.03279,38.62888],[141.03473,38.6297],[141.03652,38.62902],[141.03914,38.62942],[141.04369,38.62831],[141.04824,38.62905],[141.05066,38.62858],[141.05285,38.62743],[141.05524,38.62719],[141.0609,38.6276],[141.06399,38.62833],[141.06509,38.62912],[141.07327,38.6318],[141.075,38.63178],[141.08305,38.62935],[141.085,38.63124],[141.09066,38.64018],[141.09475,38.64079],[141.08283,38.64543],[141.08367,38.64691],[141.08069,38.6491],[141.08277,38.65003],[141.08379,38.6525],[141.08147,38.65413],[141.08283,38.65703],[141.08195,38.6581],[141.07928,38.65953],[141.07836,38.66244],[141.07674,38.66369],[141.07875,38.66782],[141.07746,38.67117],[141.0758,38.67146],[141.07396,38.67482],[141.07151,38.6749],[141.06889,38.67573],[141.06634,38.67444],[141.06402,38.67604],[141.06088,38.6773],[141.06144,38.67949],[141.05992,38.681],[141.05788,38.68138],[141.05853,38.6826],[141.06386,38.68458],[141.06576,38.68657],[141.06411,38.68991],[141.0652,38.69099],[141.06737,38.69105],[141.07268,38.6943],[141.07481,38.69757],[141.07497,38.69969],[141.08245,38.71149],[141.08613,38.71253],[141.08796,38.71231],[141.09146,38.71528],[141.12654,38.72825],[141.12515,38.73005],[141.133,38.73042],[141.13443,38.72766],[141.13669,38.72709],[141.13907,38.72565],[141.14197,38.72675],[141.14386,38.7263],[141.14589,38.72504],[141.14879,38.72581],[141.14879,38.72799],[141.15299,38.72992],[141.15676,38.72976],[141.15787,38.73062],[141.16156,38.73061],[141.16617,38.73139],[141.16468,38.73297],[141.1632,38.73242],[141.15993,38.73292],[141.16373,38.74241],[141.15951,38.74286],[141.15981,38.74387],[141.15526,38.74594],[141.1538,38.7493],[141.15253,38.75986],[141.1518,38.76113],[141.15425,38.76327],[141.15289,38.76495],[141.15388,38.76609],[141.15358,38.76757],[141.15456,38.77046],[141.15526,38.7758],[141.15716,38.7767],[141.15806,38.77845],[141.15731,38.77943],[141.15724,38.78267]]]}},{"type":"Feature","properties":{"code":"04214","name":"東松島市","pref":"宮城県","pref_code":"04","cx":141.17917,"cy":38.41293,"bbox":[141.09469,38.31707,141.25882,38.47238]},"geometry":{"type":"MultiPolygon","coordinates":[[[[141.15797,38.32126],[141.15531,38.32072],[141.15603,38.31788],[141.15756,38.31707],[141.16131,38.31722],[141.1605,38.31859],[141.15909,38.31905],[141.15899,38.32083],[141.15797,38.32126]]],[[[141.16316,38.35577],[141.1632,38.35387],[141.16571,38.3539],[141.16316,38.35577]]],[[[141.15025,38.35668],[141.14806,38.35571],[141.1464,38.35676],[141.1448,38.35459],[141.14145,38.35501],[141.14057,38.35387],[141.1422,38.35226],[141.14161,38.35091],[141.14289,38.34869],[141.14637,38.34632],[141.14602,38.34511],[141.14939,38.34218],[141.14821,38.34041],[141.148,38.3387],[141.14543,38.33858],[141.14336,38.34018],[141.1412,38.33895],[141.1383,38.33959],[141.13629,38.33933],[141.13623,38.34061],[141.13339,38.34008],[141.13151,38.3387],[141.13421,38.33572],[141.13485,38.33354],[141.13663,38.33055],[141.13628,38.32902],[141.13838,38.32856],[141.13968,38.32729],[141.14096,38.32477],[141.14648,38.32503],[141.14508,38.32672],[141.14222,38.32887],[141.13906,38.32955],[141.14372,38.33189],[141.14627,38.33379],[141.14878,38.3341],[141.14959,38.33319],[141.14837,38.33147],[141.14565,38.3305],[141.14884,38.32672],[141.15101,38.32603],[141.15088,38.32464],[141.15416,38.32273],[141.15611,38.32218],[141.1562,38.32456],[141.15832,38.32502],[141.15987,38.32698],[141.16148,38.32776],[141.16651,38.32735],[141.16673,38.32589],[141.16925,38.32592],[141.16936,38.32403],[141.17378,38.32355],[141.17619,38.32183],[141.17785,38.32435],[141.17585,38.32534],[141.17404,38.3251],[141.17168,38.32596],[141.17008,38.32867],[141.16683,38.33199],[141.1666,38.3333],[141.16817,38.33711],[141.16837,38.33919],[141.16762,38.34235],[141.16418,38.34499],[141.16411,38.34953],[141.16236,38.35244],[141.16131,38.35032],[141.16231,38.34925],[141.15994,38.34725],[141.16006,38.34589],[141.16195,38.34174],[141.16099,38.34137],[141.15786,38.34526],[141.15783,38.34775],[141.15647,38.34945],[141.15826,38.35322],[141.15025,38.35668]]],[[[141.1658,38.46082],[141.16724,38.46018],[141.1701,38.45993],[141.17402,38.45842],[141.1754,38.45702],[141.17577,38.45504],[141.17389,38.45409],[141.17176,38.45539],[141.1707,38.45377],[141.16827,38.45271],[141.16701,38.45333],[141.16335,38.45164],[141.15997,38.45254],[141.15665,38.4502],[141.15398,38.45107],[141.14953,38.4492],[141.14784,38.4505],[141.14072,38.44495],[141.13543,38.44211],[141.13056,38.44209],[141.13206,38.43884],[141.12881,38.43825],[141.12385,38.44127],[141.12486,38.44346],[141.13076,38.44641],[141.12793,38.44989],[141.11888,38.44521],[141.11534,38.44432],[141.11721,38.44263],[141.11669,38.4395],[141.11526,38.4368],[141.12094,38.4323],[141.12322,38.42907],[141.12375,38.42466],[141.12513,38.42272],[141.12725,38.42193],[141.12385,38.41938],[141.12075,38.41867],[141.11442,38.41556],[141.11334,38.41453],[141.11083,38.41406],[141.10925,38.41247],[141.10757,38.41299],[141.1043,38.4122],[141.10315,38.41323],[141.0998,38.41432],[141.09933,38.41287],[141.09763,38.41226],[141.09498,38.41011],[141.09469,38.408],[141.09905,38.40838],[141.10018,38.4056],[141.09891,38.4051],[141.10055,38.40296],[141.10161,38.40359],[141.10333,38.40283],[141.10676,38.40017],[141.10754,38.39879],[141.10833,38.39538],[141.11099,38.39322],[141.11202,38.39721],[141.11438,38.39897],[141.11651,38.39878],[141.11959,38.39588],[141.11897,38.39365],[141.12118,38.39367],[141.12237,38.39296],[141.1226,38.39143],[141.12398,38.39087],[141.12442,38.389],[141.12313,38.3872],[141.12331,38.38599],[141.126,38.38404],[141.12699,38.38196],[141.12639,38.37993],[141.13168,38.37822],[141.13336,38.377],[141.13551,38.37377],[141.13778,38.37162],[141.13517,38.36476],[141.13358,38.36239],[141.1322,38.36148],[141.13222,38.36018],[141.13725,38.36012],[141.14097,38.35932],[141.14445,38.36012],[141.14453,38.35932],[141.14899,38.35844],[141.15847,38.35359],[141.15864,38.35972],[141.16028,38.36395],[141.16284,38.36741],[141.17391,38.37557],[141.18043,38.37844],[141.20146,38.38936],[141.21625,38.39575],[141.23026,38.40095],[141.24834,38.40567],[141.24791,38.41065],[141.24898,38.4141],[141.24822,38.41738],[141.24694,38.41962],[141.24896,38.42713],[141.25237,38.42633],[141.25796,38.42741],[141.25751,38.42914],[141.25848,38.43015],[141.25882,38.43346],[141.25771,38.43603],[141.25541,38.44504],[141.24587,38.44447],[141.24569,38.44635],[141.2417,38.44598],[141.24122,38.44898],[141.24242,38.45044],[141.2407,38.45425],[141.23877,38.45616],[141.23597,38.45731],[141.23688,38.46807],[141.22721,38.47219],[141.22621,38.47238],[141.22397,38.45972],[141.21547,38.46065],[141.2152,38.45773],[141.21245,38.45936],[141.21024,38.45802],[141.20766,38.45736],[141.20862,38.45416],[141.20732,38.45293],[141.20589,38.4544],[141.20267,38.45224],[141.20119,38.45209],[141.19921,38.45295],[141.19862,38.4507],[141.19702,38.45061],[141.19598,38.44929],[141.19313,38.45002],[141.19425,38.45321],[141.19157,38.4539],[141.19147,38.45558],[141.1933,38.45782],[141.19078,38.45952],[141.18711,38.46019],[141.18476,38.45898],[141.18231,38.45866],[141.17929,38.45983],[141.17851,38.46138],[141.1766,38.46099],[141.17192,38.46149],[141.1658,38.46082]]]]}},{"type":"Feature","properties":{"code":"04215","name":"大崎市","pref":"宮城県","pref_code":"04","cx":140.87465,"cy":38.68232,"bbox":[140.53862,38.44137,141.16184,38.92382]},"geometry":{"type":"Polygon","coordinates":[[[141.09475,38.64079],[141.09066,38.64018],[141.085,38.63124],[141.08305,38.62935],[141.075,38.63178],[141.07327,38.6318],[141.06509,38.62912],[141.06399,38.62833],[141.0609,38.6276],[141.05524,38.62719],[141.05285,38.62743],[141.05066,38.62858],[141.04824,38.62905],[141.04369,38.62831],[141.03914,38.62942],[141.03652,38.62902],[141.03473,38.6297],[141.03279,38.62888],[141.02989,38.62848],[141.02257,38.62942],[141.01868,38.63091],[141.01711,38.63005],[141.01559,38.62817],[141.0118,38.62981],[141.00936,38.62995],[141.00734,38.62925],[141.00612,38.63036],[141.00596,38.63223],[140.99995,38.63448],[140.99986,38.63623],[140.99657,38.63699],[140.9951,38.63785],[140.99186,38.64116],[140.98999,38.6454],[140.99093,38.64843],[140.99422,38.6484],[140.99584,38.65158],[140.99478,38.65411],[140.98922,38.65657],[140.98852,38.65746],[140.98046,38.66056],[140.9815,38.66201],[140.97678,38.66482],[140.9751,38.66667],[140.96962,38.66902],[140.96735,38.66935],[140.96693,38.67225],[140.97018,38.67518],[140.97167,38.6751],[140.97293,38.67714],[140.97001,38.67829],[140.96953,38.68163],[140.97092,38.68423],[140.96931,38.6865],[140.97086,38.68888],[140.96988,38.68977],[140.96989,38.69167],[140.96821,38.69325],[140.96687,38.69352],[140.96448,38.6958],[140.96634,38.69796],[140.96796,38.69843],[140.96479,38.70419],[140.95761,38.70672],[140.9548,38.70676],[140.94985,38.70788],[140.94814,38.70884],[140.94614,38.71173],[140.944,38.71241],[140.94374,38.71433],[140.94036,38.71736],[140.93754,38.7169],[140.93352,38.71884],[140.92983,38.72135],[140.92853,38.71971],[140.9257,38.72069],[140.92391,38.72049],[140.92225,38.72113],[140.92023,38.72008],[140.91904,38.71868],[140.91658,38.71913],[140.91641,38.72028],[140.91376,38.7204],[140.91269,38.72186],[140.91011,38.72375],[140.90799,38.72322],[140.90472,38.72426],[140.90149,38.7235],[140.89727,38.72622],[140.8936,38.72567],[140.89135,38.72607],[140.88931,38.72448],[140.88813,38.72264],[140.88349,38.72284],[140.88139,38.72464],[140.87834,38.72524],[140.87331,38.72764],[140.87138,38.72949],[140.86988,38.72951],[140.86357,38.73377],[140.86233,38.73343],[140.85994,38.73468],[140.85928,38.73364],[140.85713,38.73383],[140.85501,38.73199],[140.84978,38.7311],[140.84812,38.73172],[140.83947,38.73098],[140.83411,38.73117],[140.83203,38.73322],[140.82893,38.73401],[140.82877,38.73478],[140.82363,38.73747],[140.81501,38.74548],[140.81263,38.74699],[140.8055,38.7492],[140.80301,38.75087],[140.80063,38.75467],[140.80086,38.75609],[140.79202,38.76136],[140.79136,38.76389],[140.78833,38.76396],[140.78581,38.76477],[140.78042,38.76762],[140.77778,38.7676],[140.77292,38.7688],[140.76746,38.76922],[140.76278,38.76828],[140.76241,38.7676],[140.76334,38.76367],[140.76199,38.76257],[140.75809,38.76577],[140.75566,38.76706],[140.75422,38.76672],[140.74951,38.76904],[140.7465,38.76949],[140.74627,38.77163],[140.74546,38.77216],[140.74627,38.77396],[140.74395,38.7745],[140.74166,38.77729],[140.73796,38.78006],[140.73783,38.78137],[140.74064,38.78374],[140.74262,38.78618],[140.74505,38.78723],[140.74518,38.78939],[140.74708,38.79209],[140.75036,38.79339],[140.75276,38.79493],[140.74973,38.79692],[140.74942,38.79898],[140.75036,38.80438],[140.74983,38.80581],[140.75005,38.80997],[140.75116,38.81125],[140.75003,38.81398],[140.75125,38.81478],[140.75152,38.81735],[140.75359,38.81934],[140.75489,38.82313],[140.75428,38.82563],[140.75095,38.82794],[140.75226,38.82899],[140.75406,38.83189],[140.7561,38.83249],[140.75803,38.83423],[140.75671,38.83631],[140.75341,38.83808],[140.74871,38.83768],[140.74813,38.83953],[140.74597,38.84242],[140.74704,38.84336],[140.74694,38.84605],[140.74891,38.84924],[140.74905,38.85132],[140.74771,38.85423],[140.74863,38.85553],[140.7496,38.85839],[140.7492,38.85909],[140.74901,38.86422],[140.74797,38.86621],[140.74367,38.8678],[140.74501,38.87263],[140.74755,38.87287],[140.74782,38.87471],[140.7496,38.87734],[140.74694,38.87848],[140.74809,38.8801],[140.74773,38.88172],[140.74503,38.88397],[140.74572,38.88612],[140.74094,38.89],[140.74063,38.89184],[140.73919,38.89453],[140.73657,38.89537],[140.73737,38.89754],[140.73752,38.89982],[140.73257,38.90194],[140.73244,38.90386],[140.72923,38.90553],[140.72733,38.90486],[140.72397,38.90574],[140.72273,38.9072],[140.72032,38.90826],[140.71921,38.91197],[140.71398,38.91396],[140.7138,38.91564],[140.71236,38.91783],[140.7097,38.91789],[140.70739,38.92036],[140.70363,38.92055],[140.70323,38.92256],[140.70039,38.92382],[140.6947,38.92113],[140.69416,38.91955],[140.68565,38.9176],[140.68333,38.91476],[140.68018,38.91333],[140.67908,38.9082],[140.67718,38.9057],[140.67302,38.90361],[140.6719,38.8985],[140.67111,38.89713],[140.66687,38.89484],[140.66047,38.89422],[140.65608,38.89214],[140.65334,38.8916],[140.65457,38.88927],[140.65032,38.88841],[140.64875,38.88889],[140.64501,38.88863],[140.64193,38.88673],[140.64034,38.8839],[140.63797,38.88306],[140.63691,38.88347],[140.6355,38.88629],[140.63115,38.8878],[140.63,38.88928],[140.62862,38.88892],[140.62606,38.88951],[140.62479,38.89047],[140.62036,38.89039],[140.61564,38.8937],[140.61359,38.89391],[140.60955,38.89243],[140.60847,38.88896],[140.60714,38.8866],[140.59868,38.88517],[140.59659,38.88531],[140.59315,38.887],[140.5905,38.88916],[140.58966,38.88635],[140.58634,38.88411],[140.58553,38.88003],[140.58075,38.88142],[140.57855,38.8809],[140.57416,38.87852],[140.57287,38.87844],[140.56979,38.87478],[140.56678,38.87498],[140.56412,38.87457],[140.56217,38.87316],[140.56078,38.87451],[140.55767,38.87586],[140.55426,38.87621],[140.55306,38.88281],[140.54712,38.88921],[140.54556,38.88599],[140.54581,38.88362],[140.5477,38.88119],[140.54627,38.87928],[140.54409,38.87792],[140.54317,38.87633],[140.54158,38.8763],[140.54042,38.87433],[140.54018,38.87247],[140.53878,38.87139],[140.53862,38.86861],[140.53972,38.86794],[140.53989,38.8656],[140.53927,38.86394],[140.54005,38.86189],[140.54132,38.86131],[140.54753,38.86117],[140.55302,38.85913],[140.55461,38.85681],[140.55655,38.85563],[140.55725,38.8503],[140.55913,38.84725],[140.56304,38.84854],[140.5663,38.84804],[140.56929,38.8468],[140.56967,38.84563],[140.57352,38.84248],[140.57661,38.84103],[140.57833,38.84168],[140.58003,38.84138],[140.58347,38.83918],[140.58494,38.83699],[140.58628,38.83634],[140.59073,38.83604],[140.5905,38.83411],[140.59252,38.83183],[140.59294,38.82779],[140.59855,38.82596],[140.5989,38.82499],[140.59871,38.82111],[140.59972,38.81883],[140.59941,38.81739],[140.59724,38.81608],[140.59539,38.81287],[140.59514,38.81092],[140.59723,38.80983],[140.59775,38.80873],[140.59667,38.80694],[140.5965,38.80422],[140.59574,38.80219],[140.59888,38.79974],[140.59894,38.79643],[140.60005,38.79491],[140.5991,38.79168],[140.60269,38.78941],[140.60353,38.78371],[140.60682,38.78236],[140.60912,38.78299],[140.61302,38.78141],[140.61359,38.77865],[140.61533,38.77741],[140.62045,38.77566],[140.62319,38.77544],[140.62743,38.77388],[140.62903,38.77426],[140.63126,38.77573],[140.63297,38.77577],[140.63685,38.77743],[140.6416,38.77576],[140.6425,38.77485],[140.64345,38.77184],[140.64511,38.77128],[140.64646,38.76952],[140.64339,38.76485],[140.64095,38.76431],[140.63636,38.76216],[140.63437,38.75951],[140.6345,38.75758],[140.63297,38.75438],[140.63129,38.75226],[140.63209,38.74952],[140.63134,38.74711],[140.62877,38.7462],[140.62871,38.74412],[140.62682,38.74296],[140.62465,38.74263],[140.62304,38.74169],[140.62036,38.73866],[140.62207,38.73641],[140.62089,38.73155],[140.6153,38.72674],[140.61232,38.72553],[140.61018,38.72329],[140.60842,38.72294],[140.60704,38.72131],[140.60754,38.71885],[140.60685,38.71817],[140.60756,38.71595],[140.60788,38.71158],[140.6091,38.70956],[140.60883,38.70743],[140.60749,38.70642],[140.60655,38.70426],[140.607,38.7033],[140.61242,38.70158],[140.61408,38.70184],[140.61636,38.70048],[140.61995,38.69985],[140.62235,38.70029],[140.62363,38.69978],[140.62274,38.69794],[140.62073,38.69629],[140.62353,38.69287],[140.62399,38.69144],[140.62629,38.69255],[140.62938,38.69103],[140.63214,38.69066],[140.63554,38.68938],[140.63795,38.69055],[140.63786,38.69189],[140.63941,38.69299],[140.64069,38.69596],[140.64267,38.69635],[140.64483,38.69853],[140.64655,38.69861],[140.65068,38.69993],[140.65282,38.69838],[140.65709,38.69836],[140.657,38.69628],[140.65841,38.69454],[140.65879,38.68992],[140.66104,38.68898],[140.6633,38.68719],[140.67087,38.68894],[140.67105,38.69013],[140.67342,38.69081],[140.67762,38.69492],[140.67686,38.69804],[140.67865,38.70015],[140.68299,38.70121],[140.6857,38.70118],[140.68788,38.70175],[140.69111,38.70015],[140.6933,38.70022],[140.69439,38.69905],[140.69869,38.69962],[140.70216,38.69912],[140.70209,38.70101],[140.70298,38.70145],[140.70499,38.69982],[140.70873,38.7008],[140.70822,38.70285],[140.7092,38.70346],[140.70828,38.70584],[140.70943,38.70683],[140.71302,38.70795],[140.71676,38.70719],[140.71776,38.70783],[140.72189,38.7081],[140.72504,38.70689],[140.7262,38.70715],[140.72837,38.70375],[140.72801,38.70225],[140.72947,38.69987],[140.73183,38.69984],[140.73381,38.69848],[140.7352,38.69848],[140.74101,38.69618],[140.74134,38.6946],[140.7437,38.69176],[140.74349,38.69055],[140.74546,38.68896],[140.74725,38.6894],[140.74898,38.6885],[140.75038,38.68615],[140.75175,38.68665],[140.75337,38.68533],[140.75538,38.68631],[140.7638,38.68577],[140.7673,38.69194],[140.77331,38.68791],[140.77878,38.68301],[140.78392,38.67727],[140.78496,38.67534],[140.78917,38.67298],[140.79361,38.66958],[140.79792,38.66802],[140.79936,38.666],[140.79951,38.66445],[140.80293,38.66217],[140.8068,38.6584],[140.8108,38.65715],[140.81184,38.65594],[140.81555,38.65435],[140.81964,38.64943],[140.82234,38.6477],[140.8239,38.64518],[140.83105,38.6381],[140.8343,38.63669],[140.83667,38.6363],[140.84797,38.63015],[140.85031,38.62625],[140.85203,38.62561],[140.85571,38.62255],[140.8582,38.62153],[140.86176,38.61777],[140.8633,38.61537],[140.86322,38.61365],[140.8706,38.61221],[140.8716,38.60876],[140.87572,38.60481],[140.87789,38.60128],[140.87682,38.60065],[140.87875,38.59898],[140.87582,38.59257],[140.87336,38.5912],[140.87442,38.58901],[140.87661,38.58626],[140.87673,38.58266],[140.87757,38.58235],[140.87662,38.57988],[140.8793,38.57902],[140.88191,38.57524],[140.88405,38.57448],[140.88743,38.57528],[140.89694,38.57121],[140.90511,38.56863],[140.90698,38.56431],[140.90652,38.56289],[140.90383,38.562],[140.90296,38.56027],[140.90005,38.56025],[140.8973,38.56107],[140.89568,38.55982],[140.89609,38.55795],[140.89951,38.55783],[140.89949,38.55648],[140.89778,38.55502],[140.89653,38.53854],[140.89493,38.53868],[140.89203,38.53476],[140.89167,38.53357],[140.8944,38.53224],[140.89337,38.53143],[140.88999,38.53309],[140.88802,38.53323],[140.88576,38.52942],[140.88877,38.51997],[140.88757,38.51579],[140.88827,38.51472],[140.89346,38.51204],[140.89263,38.50902],[140.89458,38.50653],[140.8953,38.50478],[140.89876,38.50293],[140.90007,38.5012],[140.90312,38.50002],[140.90557,38.49789],[140.90423,38.49634],[140.90614,38.4952],[140.90935,38.49453],[140.9103,38.4934],[140.91704,38.49128],[140.91752,38.48977],[140.92052,38.48902],[140.92276,38.48901],[140.92475,38.48786],[140.92493,38.48693],[140.93286,38.48699],[140.93528,38.48805],[140.93696,38.49131],[140.94217,38.48755],[140.94289,38.48643],[140.9457,38.48751],[140.94908,38.48988],[140.94757,38.49326],[140.94784,38.49584],[140.94901,38.49654],[140.94901,38.49823],[140.95323,38.50041],[140.95696,38.50564],[140.95862,38.50515],[140.96258,38.5059],[140.96485,38.50476],[140.96688,38.50449],[140.96914,38.50575],[140.978,38.50363],[140.97901,38.50237],[140.98429,38.49866],[140.98656,38.49808],[140.9873,38.49695],[140.9907,38.4965],[140.99379,38.49406],[140.99537,38.49397],[140.99658,38.49222],[140.99782,38.49199],[140.9978,38.49012],[141.00128,38.4835],[141.00068,38.48262],[141.00108,38.47862],[141.00238,38.47793],[141.00345,38.47587],[141.00606,38.47524],[141.00689,38.47339],[141.00882,38.47436],[141.00991,38.47315],[141.0135,38.47502],[141.01419,38.4767],[141.01545,38.47737],[141.01885,38.47487],[141.01842,38.47254],[141.02066,38.47064],[141.02239,38.46991],[141.02323,38.46868],[141.02625,38.46804],[141.02731,38.46671],[141.03126,38.46482],[141.03476,38.46482],[141.03619,38.46224],[141.03444,38.461],[141.0347,38.45849],[141.03366,38.45839],[141.03428,38.45385],[141.03105,38.45261],[141.02592,38.44474],[141.02905,38.44502],[141.03119,38.44581],[141.03535,38.44596],[141.04326,38.44325],[141.04792,38.4433],[141.06053,38.44137],[141.05984,38.44436],[141.06067,38.44548],[141.06752,38.44707],[141.06874,38.44817],[141.07334,38.44837],[141.07327,38.44934],[141.08131,38.44968],[141.08137,38.44887],[141.08471,38.4482],[141.08708,38.44604],[141.09261,38.44486],[141.09745,38.44506],[141.09912,38.44364],[141.09937,38.44228],[141.10301,38.44234],[141.10568,38.44331],[141.10864,38.44232],[141.11095,38.44362],[141.11003,38.445],[141.1077,38.44489],[141.10662,38.44691],[141.10825,38.44797],[141.10587,38.4504],[141.10478,38.45012],[141.10381,38.45241],[141.10631,38.45323],[141.10869,38.45527],[141.11053,38.45901],[141.1124,38.46037],[141.11571,38.46063],[141.1181,38.46177],[141.1207,38.46412],[141.12435,38.46571],[141.12628,38.46728],[141.12596,38.4711],[141.12799,38.47521],[141.1277,38.48084],[141.12975,38.48341],[141.12712,38.48556],[141.12622,38.48729],[141.12626,38.49096],[141.12578,38.49258],[141.12253,38.49534],[141.11694,38.49707],[141.11527,38.49816],[141.11548,38.49969],[141.11723,38.50168],[141.1108,38.50722],[141.10467,38.50744],[141.10281,38.50794],[141.10145,38.51025],[141.10008,38.51502],[141.09512,38.51449],[141.09303,38.51477],[141.09175,38.51574],[141.09079,38.51758],[141.09869,38.52041],[141.09835,38.52244],[141.09569,38.52375],[141.0893,38.52527],[141.08173,38.52501],[141.07815,38.52657],[141.07604,38.53008],[141.07143,38.52799],[141.06871,38.52763],[141.06474,38.52812],[141.05877,38.52772],[141.05603,38.52831],[141.05157,38.53285],[141.04911,38.53286],[141.04685,38.53015],[141.04525,38.52949],[141.04001,38.52908],[141.03472,38.52733],[141.03148,38.52689],[141.02796,38.52719],[141.02587,38.52793],[141.02389,38.53117],[141.02645,38.53359],[141.02672,38.53569],[141.02487,38.53791],[141.02143,38.5371],[141.0201,38.53963],[141.02142,38.54138],[141.02154,38.54294],[141.01856,38.54586],[141.01944,38.54708],[141.02214,38.5464],[141.02476,38.54937],[141.01103,38.55682],[141.01049,38.55621],[141.00697,38.55816],[141.00577,38.5575],[141.00374,38.55893],[141.00216,38.55714],[140.99817,38.55929],[140.99922,38.56058],[140.99547,38.56261],[140.99786,38.56533],[140.99482,38.56603],[140.99268,38.56818],[140.99536,38.56805],[140.99705,38.5726],[140.99732,38.57546],[141.00086,38.57513],[141.00422,38.57387],[141.0078,38.56985],[141.01335,38.56658],[141.01418,38.56832],[141.01265,38.56912],[141.01418,38.57824],[141.01573,38.57893],[141.01546,38.5816],[141.01476,38.58325],[141.01488,38.58594],[141.01193,38.58597],[141.01029,38.58358],[141.00337,38.58401],[141.006,38.58817],[141.00764,38.58809],[141.00934,38.58954],[141.01137,38.58909],[141.01272,38.59289],[141.02606,38.59001],[141.02939,38.58886],[141.03624,38.59092],[141.04786,38.59038],[141.05127,38.58978],[141.05019,38.57703],[141.04725,38.57692],[141.04737,38.5738],[141.05258,38.57372],[141.05243,38.5707],[141.05035,38.57062],[141.05049,38.56786],[141.05281,38.56765],[141.05291,38.56607],[141.05949,38.56631],[141.05991,38.56404],[141.05869,38.56167],[141.06023,38.56103],[141.07728,38.56388],[141.08138,38.56258],[141.08326,38.56045],[141.08692,38.5592],[141.08953,38.55671],[141.09301,38.556],[141.09462,38.55733],[141.09954,38.5564],[141.0993,38.55727],[141.10088,38.55881],[141.09802,38.56008],[141.09921,38.56172],[141.0918,38.56378],[141.08448,38.56688],[141.08534,38.56846],[141.08196,38.57193],[141.08193,38.57477],[141.08294,38.57695],[141.08782,38.5801],[141.0881,38.58309],[141.09121,38.58457],[141.0941,38.58402],[141.09632,38.58467],[141.09843,38.58436],[141.10119,38.58554],[141.10129,38.58758],[141.1037,38.58928],[141.10574,38.58897],[141.10857,38.59036],[141.10979,38.58942],[141.11484,38.58927],[141.11747,38.58537],[141.12063,38.58496],[141.123,38.58319],[141.12574,38.58234],[141.12754,38.58346],[141.13048,38.58653],[141.13043,38.59038],[141.13123,38.59133],[141.13187,38.59395],[141.13348,38.59503],[141.13499,38.59761],[141.13654,38.59735],[141.1374,38.59906],[141.13871,38.59929],[141.13954,38.60099],[141.14201,38.60265],[141.14519,38.6028],[141.15295,38.59992],[141.15887,38.59935],[141.16184,38.59838],[141.16049,38.6009],[141.15695,38.60295],[141.15467,38.6053],[141.15313,38.60564],[141.15141,38.60762],[141.14989,38.60839],[141.14264,38.6089],[141.13829,38.61038],[141.13727,38.6115],[141.13663,38.61358],[141.13388,38.6155],[141.13215,38.61763],[141.12716,38.62043],[141.12446,38.62284],[141.11982,38.62422],[141.11764,38.62402],[141.11547,38.62449],[141.11476,38.62691],[141.11289,38.62908],[141.1086,38.6294],[141.11075,38.63664],[141.11084,38.64385],[141.10916,38.64401],[141.10432,38.64248],[141.10064,38.64058],[141.09886,38.64112],[141.09475,38.64079]]]}},{"type":"Feature","properties":{"code":"04216","name":"富谷市","pref":"宮城県","pref_code":"04","cx":140.90227,"cy":38.38228,"bbox":[140.85864,38.33223,140.93949,38.43172]},"geometry":{"type":"Polygon","coordinates":[[[140.93415,38.3408],[140.93489,38.34237],[140.9336,38.34397],[140.93382,38.34609],[140.93818,38.34828],[140.93768,38.35033],[140.93949,38.35276],[140.93929,38.35359],[140.93746,38.35334],[140.93617,38.3589],[140.93636,38.36172],[140.93726,38.36494],[140.93844,38.36619],[140.9385,38.37046],[140.93662,38.37218],[140.93675,38.37596],[140.93788,38.3774],[140.93768,38.38068],[140.93571,38.38807],[140.93711,38.38895],[140.93644,38.39105],[140.9332,38.39406],[140.93353,38.39694],[140.9353,38.40084],[140.93642,38.40161],[140.93587,38.40372],[140.93396,38.40666],[140.93169,38.40268],[140.92976,38.40263],[140.92554,38.40576],[140.92123,38.40595],[140.91924,38.40482],[140.91638,38.40474],[140.91555,38.40283],[140.91302,38.40246],[140.91051,38.40484],[140.91011,38.41003],[140.9071,38.40888],[140.90418,38.40885],[140.90385,38.41079],[140.9026,38.41344],[140.90493,38.41427],[140.90352,38.41573],[140.90055,38.41745],[140.90025,38.42075],[140.90106,38.42478],[140.90362,38.42658],[140.90397,38.42921],[140.89602,38.43003],[140.89616,38.4313],[140.89383,38.43172],[140.89001,38.43109],[140.88673,38.42879],[140.88499,38.4287],[140.88284,38.42944],[140.88098,38.42921],[140.87806,38.42734],[140.87547,38.42649],[140.87198,38.42379],[140.87323,38.42115],[140.87197,38.4156],[140.87225,38.41345],[140.87088,38.41332],[140.86888,38.41175],[140.86241,38.41096],[140.85923,38.40808],[140.85864,38.4068],[140.85934,38.40476],[140.86059,38.40399],[140.86309,38.4055],[140.86516,38.40567],[140.87144,38.40823],[140.87521,38.40575],[140.87499,38.4036],[140.87578,38.40277],[140.87517,38.40056],[140.87352,38.40036],[140.87125,38.39702],[140.87268,38.39515],[140.8733,38.39322],[140.87324,38.39058],[140.86978,38.38978],[140.86931,38.38389],[140.86321,38.37904],[140.86254,38.37729],[140.8625,38.37415],[140.8606,38.37398],[140.86108,38.37217],[140.86071,38.37019],[140.86367,38.36555],[140.86343,38.36202],[140.86654,38.36124],[140.86643,38.36035],[140.86971,38.35993],[140.87062,38.36033],[140.87639,38.35765],[140.87658,38.35662],[140.87898,38.3555],[140.8796,38.35422],[140.87898,38.35279],[140.88369,38.3511],[140.88246,38.34917],[140.88426,38.34724],[140.88538,38.34759],[140.89294,38.34388],[140.8935,38.34208],[140.89713,38.34098],[140.90086,38.34087],[140.90339,38.33692],[140.90519,38.33661],[140.91063,38.33417],[140.91145,38.33538],[140.91308,38.33501],[140.91748,38.33601],[140.91896,38.33342],[140.92299,38.33297],[140.9247,38.33223],[140.9254,38.33359],[140.92726,38.33309],[140.92741,38.33548],[140.92654,38.33777],[140.92978,38.33983],[140.93251,38.34001],[140.93415,38.3408]]]}},{"type":"Feature","properties":{"code":"04301","name":"刈田郡蔵王町","pref":"宮城県","pref_code":"04","cx":140.61644,"cy":38.0921,"bbox":[140.44263,38.03421,140.7061,38.14993]},"geometry":{"type":"Polygon","coordinates":[[[140.69543,38.03636],[140.69519,38.03873],[140.69588,38.04161],[140.69308,38.04461],[140.68917,38.04447],[140.68819,38.04645],[140.68694,38.04728],[140.684,38.04776],[140.68459,38.04918],[140.68287,38.05069],[140.67988,38.05244],[140.67725,38.05277],[140.67954,38.05573],[140.67863,38.0572],[140.67967,38.05876],[140.67824,38.05914],[140.67753,38.06104],[140.67902,38.06227],[140.67967,38.06479],[140.68146,38.06529],[140.68185,38.06707],[140.68102,38.06871],[140.68234,38.06951],[140.68241,38.07126],[140.68435,38.07105],[140.68548,38.07173],[140.68695,38.0741],[140.68876,38.07462],[140.68939,38.07568],[140.68778,38.07825],[140.6884,38.07968],[140.68723,38.08321],[140.68769,38.08517],[140.68658,38.08607],[140.69098,38.08808],[140.69207,38.09041],[140.6917,38.0918],[140.69292,38.0924],[140.69377,38.09438],[140.69484,38.09508],[140.69394,38.0974],[140.69481,38.09934],[140.6959,38.10004],[140.69685,38.10304],[140.70053,38.10591],[140.70003,38.10847],[140.70099,38.11051],[140.70327,38.11216],[140.70378,38.1177],[140.70325,38.12027],[140.70483,38.12116],[140.70496,38.12269],[140.7061,38.1237],[140.70443,38.12479],[140.70183,38.13038],[140.70159,38.13182],[140.69801,38.1335],[140.69879,38.13553],[140.69224,38.13735],[140.69092,38.13872],[140.68783,38.1381],[140.68436,38.13966],[140.68274,38.1387],[140.68034,38.13956],[140.68,38.13854],[140.67811,38.13806],[140.67488,38.13892],[140.67397,38.14051],[140.66742,38.14391],[140.66509,38.14402],[140.66188,38.14348],[140.65958,38.1415],[140.65356,38.13994],[140.65061,38.13844],[140.64959,38.13648],[140.64738,38.13742],[140.64289,38.1371],[140.64071,38.13897],[140.63956,38.14135],[140.63657,38.14209],[140.62887,38.13766],[140.62008,38.13376],[140.61318,38.13659],[140.60985,38.13577],[140.60984,38.13735],[140.60593,38.13815],[140.60426,38.13749],[140.6021,38.13863],[140.59938,38.13764],[140.59629,38.1387],[140.59415,38.13794],[140.58989,38.13784],[140.58828,38.1387],[140.58745,38.14154],[140.5881,38.14339],[140.58753,38.14468],[140.5849,38.14473],[140.58323,38.14619],[140.58055,38.14664],[140.57875,38.14801],[140.57364,38.14993],[140.57282,38.14846],[140.5698,38.1486],[140.56902,38.14793],[140.56596,38.14752],[140.56346,38.14842],[140.55815,38.14916],[140.55331,38.14904],[140.55123,38.14844],[140.55479,38.14503],[140.55494,38.14365],[140.5531,38.14227],[140.55063,38.14197],[140.545,38.13659],[140.54257,38.13696],[140.53904,38.1383],[140.53645,38.13788],[140.53234,38.13878],[140.52648,38.13682],[140.52409,38.13786],[140.52495,38.13924],[140.52304,38.14049],[140.52225,38.1426],[140.5197,38.14382],[140.51858,38.14648],[140.51507,38.14506],[140.51329,38.14533],[140.51191,38.1471],[140.50951,38.1461],[140.50766,38.14596],[140.50674,38.1435],[140.50411,38.14329],[140.50231,38.1444],[140.49819,38.14337],[140.49529,38.14364],[140.48808,38.14844],[140.48606,38.14826],[140.48223,38.1464],[140.47928,38.14421],[140.47809,38.14411],[140.47378,38.14522],[140.47136,38.14474],[140.46973,38.1435],[140.4699,38.14244],[140.4673,38.14127],[140.46769,38.14388],[140.46541,38.14511],[140.4639,38.14311],[140.46172,38.14173],[140.4563,38.14198],[140.45383,38.14281],[140.45085,38.14273],[140.4494,38.1434],[140.44591,38.1436],[140.44274,38.139],[140.44263,38.13576],[140.44437,38.13348],[140.44569,38.12985],[140.44809,38.12785],[140.44707,38.12474],[140.44737,38.12308],[140.44851,38.12182],[140.45099,38.1204],[140.45332,38.11971],[140.45446,38.11812],[140.45343,38.1166],[140.45391,38.11358],[140.45555,38.10995],[140.4572,38.10823],[140.4577,38.10629],[140.45978,38.10546],[140.46237,38.10294],[140.46977,38.09932],[140.47613,38.09514],[140.47738,38.09071],[140.4809,38.09013],[140.48368,38.08894],[140.48631,38.08894],[140.48765,38.08838],[140.49092,38.09122],[140.4953,38.09315],[140.50248,38.09442],[140.50955,38.09416],[140.5134,38.09504],[140.51687,38.09491],[140.51907,38.09605],[140.52337,38.09616],[140.52519,38.09698],[140.52688,38.09545],[140.52875,38.09631],[140.53278,38.09638],[140.53362,38.09504],[140.53939,38.09673],[140.54088,38.09376],[140.54041,38.09126],[140.54352,38.09052],[140.54362,38.08761],[140.54763,38.08768],[140.5496,38.08286],[140.54947,38.08046],[140.55018,38.07952],[140.55428,38.07804],[140.5574,38.0793],[140.56636,38.08426],[140.57145,38.086],[140.57761,38.08576],[140.58301,38.08626],[140.58519,38.08555],[140.59394,38.08653],[140.59578,38.08801],[140.59761,38.08813],[140.60085,38.08656],[140.60323,38.08626],[140.6054,38.08435],[140.60417,38.08174],[140.60436,38.07997],[140.6061,38.07846],[140.60736,38.07828],[140.60973,38.07423],[140.6111,38.07312],[140.60925,38.07106],[140.61204,38.06865],[140.61257,38.06506],[140.61927,38.06413],[140.62107,38.06134],[140.62338,38.05995],[140.62818,38.05889],[140.63084,38.05431],[140.63318,38.05454],[140.6352,38.05364],[140.63922,38.05315],[140.64199,38.05108],[140.64269,38.0478],[140.6416,38.04655],[140.64554,38.04312],[140.64445,38.04214],[140.64474,38.03761],[140.64908,38.03421],[140.65062,38.03533],[140.65397,38.03958],[140.65575,38.04097],[140.656,38.04211],[140.65773,38.04277],[140.66646,38.04098],[140.67219,38.03717],[140.67426,38.03816],[140.67649,38.03822],[140.67747,38.03917],[140.68029,38.03887],[140.68281,38.03745],[140.68622,38.03713],[140.68929,38.03587],[140.69543,38.03636]]]}},{"type":"Feature","properties":{"code":"04302","name":"刈田郡七ヶ宿町","pref":"宮城県","pref_code":"04","cx":140.38603,"cy":38.03831,"bbox":[140.275,37.94678,140.53309,38.12985]},"geometry":{"type":"Polygon","coordinates":[[[140.47738,38.09071],[140.47613,38.09514],[140.46977,38.09932],[140.46237,38.10294],[140.45978,38.10546],[140.4577,38.10629],[140.4572,38.10823],[140.45555,38.10995],[140.45391,38.11358],[140.45343,38.1166],[140.45446,38.11812],[140.45332,38.11971],[140.45099,38.1204],[140.44851,38.12182],[140.44737,38.12308],[140.44707,38.12474],[140.44809,38.12785],[140.44569,38.12985],[140.4411,38.1298],[140.43104,38.12686],[140.42668,38.12375],[140.42387,38.11939],[140.42578,38.11656],[140.42561,38.11492],[140.42394,38.11319],[140.42331,38.11119],[140.42115,38.10881],[140.41741,38.10292],[140.41904,38.09915],[140.41826,38.09659],[140.41864,38.09463],[140.4196,38.09336],[140.41957,38.09043],[140.42131,38.08845],[140.42066,38.08526],[140.41767,38.08034],[140.41404,38.07837],[140.41327,38.07733],[140.40961,38.07674],[140.40419,38.07373],[140.40345,38.07072],[140.39655,38.06936],[140.39347,38.06988],[140.39184,38.07101],[140.38394,38.07102],[140.38302,38.07151],[140.38016,38.06947],[140.38186,38.06718],[140.3824,38.06436],[140.38016,38.06218],[140.37699,38.06041],[140.37498,38.05744],[140.36803,38.05635],[140.36454,38.05631],[140.36033,38.05794],[140.35564,38.05848],[140.35152,38.05702],[140.35005,38.05399],[140.34736,38.05433],[140.3446,38.05337],[140.34277,38.05463],[140.34038,38.05518],[140.33611,38.0552],[140.33468,38.05617],[140.3317,38.05624],[140.32882,38.05519],[140.32498,38.05501],[140.32236,38.05586],[140.31991,38.05537],[140.3176,38.05606],[140.3168,38.05798],[140.315,38.05839],[140.31213,38.057],[140.30843,38.05768],[140.30448,38.05402],[140.30271,38.05357],[140.30053,38.05401],[140.29661,38.05715],[140.29212,38.05581],[140.29112,38.05782],[140.28908,38.05934],[140.2852,38.05846],[140.28193,38.05952],[140.27709,38.05616],[140.27855,38.05545],[140.27873,38.05425],[140.28067,38.0519],[140.2833,38.05022],[140.28205,38.0491],[140.28245,38.04705],[140.28188,38.04412],[140.27911,38.04333],[140.27868,38.04014],[140.27765,38.03804],[140.27592,38.03598],[140.27701,38.03309],[140.27573,38.0309],[140.27659,38.02857],[140.27911,38.02796],[140.27998,38.026],[140.28119,38.02588],[140.28175,38.02003],[140.28339,38.01783],[140.28326,38.01593],[140.2845,38.0149],[140.2867,38.01086],[140.28692,38.00847],[140.28954,38.0071],[140.28507,38.00287],[140.28274,38.00146],[140.27914,37.99551],[140.27688,37.99418],[140.2762,37.99277],[140.27631,37.99032],[140.275,37.98387],[140.27537,37.98162],[140.27685,37.98117],[140.27774,37.97966],[140.27968,37.9782],[140.28,37.97664],[140.28446,37.97299],[140.29001,37.97231],[140.29165,37.97036],[140.29613,37.97035],[140.30226,37.9691],[140.30278,37.9679],[140.30672,37.96634],[140.30979,37.96416],[140.31377,37.9645],[140.31562,37.96238],[140.31487,37.96012],[140.31664,37.95809],[140.31995,37.95888],[140.32178,37.9582],[140.32463,37.95796],[140.32608,37.95875],[140.32876,37.95823],[140.32996,37.95621],[140.33138,37.95499],[140.3323,37.95272],[140.33427,37.95142],[140.33581,37.95499],[140.34099,37.95304],[140.34201,37.9517],[140.34859,37.95016],[140.3512,37.95026],[140.35398,37.95108],[140.35577,37.95213],[140.35356,37.95478],[140.35515,37.95785],[140.35909,37.95897],[140.3642,37.95873],[140.36667,37.95695],[140.37056,37.95697],[140.37258,37.95531],[140.38306,37.95311],[140.38439,37.95223],[140.38563,37.95372],[140.38591,37.96011],[140.38533,37.96205],[140.38564,37.96489],[140.38841,37.96912],[140.39252,37.97116],[140.39364,37.97278],[140.39857,37.97442],[140.40752,37.97362],[140.40807,37.9698],[140.40789,37.9667],[140.40921,37.96374],[140.41462,37.96329],[140.4156,37.96215],[140.42067,37.96047],[140.42161,37.95895],[140.42416,37.95695],[140.42834,37.95527],[140.43409,37.9538],[140.43824,37.95404],[140.44471,37.95695],[140.44698,37.95363],[140.44781,37.95113],[140.45607,37.95037],[140.4615,37.95258],[140.46193,37.95168],[140.46602,37.94914],[140.46831,37.94901],[140.47092,37.94745],[140.47488,37.94678],[140.47441,37.94959],[140.47528,37.95033],[140.47616,37.95284],[140.47785,37.95425],[140.48251,37.95306],[140.48369,37.95349],[140.48609,37.95262],[140.48893,37.95515],[140.49056,37.95427],[140.49252,37.95441],[140.49652,37.95322],[140.4981,37.95192],[140.50766,37.9508],[140.50901,37.95182],[140.50922,37.9531],[140.51097,37.95421],[140.51354,37.95697],[140.52253,37.96273],[140.52192,37.96476],[140.52438,37.96593],[140.52755,37.96557],[140.52997,37.96421],[140.53236,37.96479],[140.53191,37.96704],[140.53309,37.96832],[140.53148,37.97004],[140.53197,37.97326],[140.53104,37.9759],[140.52943,37.97723],[140.52982,37.97848],[140.52469,37.98219],[140.5244,37.98499],[140.52189,37.98681],[140.52162,37.98841],[140.51914,37.99039],[140.51863,37.99284],[140.51637,37.99642],[140.51716,38.00186],[140.5215,38.0036],[140.52067,38.0051],[140.51756,38.00751],[140.51341,38.00834],[140.51363,38.00972],[140.51184,38.01073],[140.51165,38.01237],[140.5124,38.0151],[140.51391,38.01603],[140.51265,38.01711],[140.51181,38.02101],[140.51208,38.02349],[140.51166,38.02506],[140.51016,38.02683],[140.50858,38.03025],[140.50606,38.03203],[140.5008,38.03313],[140.49393,38.03857],[140.49217,38.03933],[140.49058,38.04165],[140.49065,38.04587],[140.49027,38.04676],[140.49099,38.05507],[140.49053,38.0601],[140.48856,38.06556],[140.48306,38.07193],[140.48091,38.07548],[140.47373,38.07834],[140.47292,38.08083],[140.47139,38.08204],[140.47187,38.0851],[140.47398,38.08768],[140.47738,38.09071]]]}},{"type":"Feature","properties":{"code":"04321","name":"柴田郡大河原町","pref":"宮城県","pref_code":"04","cx":140.71403,"cy":38.04965,"bbox":[140.67725,38.02249,140.75363,38.07665]},"geometry":{"type":"Polygon","coordinates":[[[140.70598,38.02249],[140.71093,38.02406],[140.71265,38.02604],[140.71776,38.02659],[140.72374,38.03149],[140.72984,38.02851],[140.73256,38.02987],[140.73306,38.03098],[140.73664,38.03131],[140.73794,38.03199],[140.74032,38.03138],[140.74201,38.03274],[140.74593,38.03347],[140.74511,38.03479],[140.7476,38.036],[140.74875,38.03812],[140.7508,38.03849],[140.75249,38.03991],[140.74937,38.04469],[140.74658,38.04641],[140.74627,38.04724],[140.74305,38.04886],[140.74484,38.05034],[140.74679,38.05011],[140.74827,38.05115],[140.75271,38.05184],[140.7515,38.05393],[140.74843,38.05669],[140.74925,38.05748],[140.75363,38.05849],[140.74643,38.06081],[140.74562,38.06169],[140.74282,38.06248],[140.74166,38.06513],[140.7398,38.06628],[140.73924,38.06774],[140.73621,38.06917],[140.73371,38.06761],[140.73309,38.06423],[140.72895,38.06471],[140.72969,38.06872],[140.72665,38.06864],[140.72402,38.06975],[140.71874,38.07513],[140.71714,38.0757],[140.71254,38.0752],[140.7083,38.07319],[140.70581,38.07475],[140.6994,38.07665],[140.68695,38.0741],[140.68548,38.07173],[140.68435,38.07105],[140.68241,38.07126],[140.68234,38.06951],[140.68102,38.06871],[140.68185,38.06707],[140.68146,38.06529],[140.67967,38.06479],[140.67902,38.06227],[140.67753,38.06104],[140.67824,38.05914],[140.67967,38.05876],[140.67863,38.0572],[140.67954,38.05573],[140.67725,38.05277],[140.67988,38.05244],[140.68287,38.05069],[140.68459,38.04918],[140.684,38.04776],[140.68694,38.04728],[140.68819,38.04645],[140.68917,38.04447],[140.69308,38.04461],[140.69588,38.04161],[140.69519,38.03873],[140.69543,38.03636],[140.70137,38.03736],[140.70279,38.03452],[140.70501,38.03282],[140.70554,38.03062],[140.70402,38.02705],[140.70511,38.02546],[140.70491,38.02423],[140.70598,38.02249]]]}},{"type":"Feature","properties":{"code":"04322","name":"柴田郡村田町","pref":"宮城県","pref_code":"04","cx":140.73213,"cy":38.11898,"bbox":[140.63657,38.05849,140.7966,38.18089]},"geometry":{"type":"Polygon","coordinates":[[[140.7497,38.17904],[140.74633,38.17655],[140.74412,38.17683],[140.74566,38.17453],[140.74619,38.17233],[140.74387,38.17202],[140.74399,38.16844],[140.74602,38.16563],[140.74482,38.16507],[140.74554,38.16206],[140.74178,38.15998],[140.73989,38.15974],[140.73587,38.15689],[140.73479,38.15475],[140.73117,38.15226],[140.72751,38.15178],[140.72517,38.15088],[140.72314,38.15104],[140.72285,38.15236],[140.72022,38.15243],[140.71961,38.15015],[140.71647,38.15122],[140.71507,38.15108],[140.71233,38.15189],[140.71162,38.15076],[140.70969,38.15106],[140.71012,38.1526],[140.70706,38.15363],[140.70629,38.15582],[140.70378,38.15937],[140.7029,38.15963],[140.69885,38.15785],[140.69787,38.15677],[140.69675,38.15266],[140.69365,38.1549],[140.6882,38.15652],[140.68742,38.15752],[140.68479,38.15839],[140.67905,38.15888],[140.66662,38.16343],[140.66379,38.16875],[140.65694,38.16834],[140.65583,38.16905],[140.65325,38.16919],[140.64876,38.16564],[140.6504,38.15782],[140.64982,38.15656],[140.6504,38.15442],[140.65181,38.15261],[140.65246,38.14876],[140.65455,38.14501],[140.65227,38.14458],[140.65019,38.14339],[140.64045,38.14362],[140.63657,38.14209],[140.63956,38.14135],[140.64071,38.13897],[140.64289,38.1371],[140.64738,38.13742],[140.64959,38.13648],[140.65061,38.13844],[140.65356,38.13994],[140.65958,38.1415],[140.66188,38.14348],[140.66742,38.14391],[140.67397,38.14051],[140.67488,38.13892],[140.67811,38.13806],[140.68,38.13854],[140.68034,38.13956],[140.68274,38.1387],[140.68436,38.13966],[140.68783,38.1381],[140.69092,38.13872],[140.69224,38.13735],[140.69879,38.13553],[140.69801,38.1335],[140.70159,38.13182],[140.70183,38.13038],[140.70443,38.12479],[140.7061,38.1237],[140.70496,38.12269],[140.70483,38.12116],[140.70325,38.12027],[140.70378,38.1177],[140.70327,38.11216],[140.70099,38.11051],[140.70003,38.10847],[140.70053,38.10591],[140.69685,38.10304],[140.6959,38.10004],[140.69481,38.09934],[140.69394,38.0974],[140.69484,38.09508],[140.69377,38.09438],[140.69292,38.0924],[140.6917,38.0918],[140.69207,38.09041],[140.69098,38.08808],[140.68658,38.08607],[140.68769,38.08517],[140.68723,38.08321],[140.6884,38.07968],[140.68778,38.07825],[140.68939,38.07568],[140.68876,38.07462],[140.69318,38.0751],[140.69579,38.07617],[140.6994,38.07665],[140.70581,38.07475],[140.7083,38.07319],[140.71254,38.0752],[140.71714,38.0757],[140.71874,38.07513],[140.72402,38.06975],[140.72665,38.06864],[140.72969,38.06872],[140.72895,38.06471],[140.73309,38.06423],[140.73371,38.06761],[140.73621,38.06917],[140.73924,38.06774],[140.7398,38.06628],[140.74166,38.06513],[140.74282,38.06248],[140.74562,38.06169],[140.74643,38.06081],[140.75363,38.05849],[140.75663,38.0593],[140.75572,38.06209],[140.75278,38.06414],[140.75232,38.06731],[140.7532,38.0695],[140.75276,38.07109],[140.75489,38.07285],[140.75594,38.07804],[140.754,38.08034],[140.75538,38.08251],[140.75682,38.08339],[140.75707,38.08504],[140.75598,38.08588],[140.75556,38.08901],[140.75398,38.09163],[140.75086,38.0938],[140.75075,38.09475],[140.75275,38.09683],[140.75343,38.10064],[140.75539,38.10465],[140.75682,38.10607],[140.75645,38.11077],[140.75809,38.11436],[140.76014,38.11679],[140.76125,38.12089],[140.76421,38.12216],[140.76617,38.12363],[140.76987,38.12455],[140.77089,38.12665],[140.77272,38.12784],[140.77422,38.12774],[140.77584,38.13373],[140.77545,38.13568],[140.77614,38.13713],[140.77902,38.13809],[140.78125,38.13821],[140.78642,38.13683],[140.78763,38.13756],[140.78667,38.14015],[140.7891,38.14234],[140.78909,38.14374],[140.79063,38.14563],[140.79449,38.14762],[140.7966,38.14806],[140.79552,38.14899],[140.79463,38.1516],[140.7963,38.15331],[140.79394,38.15589],[140.79411,38.16116],[140.79459,38.16231],[140.79271,38.16477],[140.79106,38.16571],[140.79091,38.16893],[140.79184,38.17027],[140.7904,38.17109],[140.78988,38.1735],[140.79197,38.1744],[140.78788,38.1752],[140.78652,38.17728],[140.7824,38.17711],[140.77994,38.17836],[140.7782,38.17819],[140.7765,38.1795],[140.77034,38.17764],[140.7684,38.17756],[140.76689,38.17852],[140.76278,38.17746],[140.75979,38.17756],[140.75671,38.17671],[140.75658,38.17866],[140.75535,38.17893],[140.75438,38.18042],[140.753,38.17989],[140.75068,38.18089],[140.7497,38.17904]]]}},{"type":"Feature","properties":{"code":"04323","name":"柴田郡柴田町","pref":"宮城県","pref_code":"04","cx":140.7942,"cy":38.08821,"bbox":[140.74305,38.0387,140.83485,38.13821]},"geometry":{"type":"Polygon","coordinates":[[[140.82313,38.07715],[140.82868,38.08136],[140.83189,38.08302],[140.83474,38.0837],[140.83485,38.0865],[140.8334,38.08741],[140.8317,38.08947],[140.83182,38.09046],[140.82902,38.09188],[140.82937,38.09629],[140.82715,38.09729],[140.82538,38.0972],[140.82451,38.09937],[140.82559,38.10124],[140.82504,38.1042],[140.82628,38.10504],[140.82539,38.10711],[140.82572,38.10946],[140.82696,38.11157],[140.82494,38.1128],[140.82432,38.1147],[140.82585,38.11639],[140.82499,38.11747],[140.82526,38.11913],[140.8272,38.11988],[140.82714,38.12199],[140.82426,38.12216],[140.8228,38.12329],[140.82087,38.12585],[140.81901,38.12684],[140.81166,38.1273],[140.80889,38.12679],[140.80577,38.12691],[140.80189,38.12232],[140.79999,38.12159],[140.79595,38.12154],[140.79351,38.1234],[140.78994,38.124],[140.78907,38.12539],[140.78712,38.12516],[140.78455,38.12603],[140.78078,38.12583],[140.7805,38.12737],[140.77909,38.12832],[140.77743,38.12837],[140.77724,38.12968],[140.77972,38.13136],[140.77986,38.13375],[140.78282,38.13426],[140.78323,38.13545],[140.78642,38.13683],[140.78125,38.13821],[140.77902,38.13809],[140.77614,38.13713],[140.77545,38.13568],[140.77584,38.13373],[140.77422,38.12774],[140.77272,38.12784],[140.77089,38.12665],[140.76987,38.12455],[140.76617,38.12363],[140.76421,38.12216],[140.76125,38.12089],[140.76014,38.11679],[140.75809,38.11436],[140.75645,38.11077],[140.75682,38.10607],[140.75539,38.10465],[140.75343,38.10064],[140.75275,38.09683],[140.75075,38.09475],[140.75086,38.0938],[140.75398,38.09163],[140.75556,38.08901],[140.75598,38.08588],[140.75707,38.08504],[140.75682,38.08339],[140.75538,38.08251],[140.754,38.08034],[140.75594,38.07804],[140.75489,38.07285],[140.75276,38.07109],[140.7532,38.0695],[140.75232,38.06731],[140.75278,38.06414],[140.75572,38.06209],[140.75663,38.0593],[140.74925,38.05748],[140.74843,38.05669],[140.7515,38.05393],[140.75271,38.05184],[140.74827,38.05115],[140.74679,38.05011],[140.74484,38.05034],[140.74305,38.04886],[140.74627,38.04724],[140.74658,38.04641],[140.74937,38.04469],[140.75249,38.03991],[140.75633,38.04043],[140.7576,38.04106],[140.76615,38.03966],[140.76826,38.0387],[140.77444,38.03968],[140.77556,38.04188],[140.77721,38.0427],[140.78227,38.04174],[140.78374,38.04389],[140.78821,38.04591],[140.78994,38.04575],[140.79292,38.0438],[140.79654,38.04475],[140.79811,38.04588],[140.7991,38.04928],[140.80076,38.05074],[140.80506,38.05046],[140.80882,38.05228],[140.81077,38.05246],[140.81074,38.05632],[140.81157,38.06027],[140.81373,38.06478],[140.81954,38.07086],[140.82313,38.07715]]]}},{"type":"Feature","properties":{"code":"04324","name":"柴田郡川崎町","pref":"宮城県","pref_code":"04","cx":140.60952,"cy":38.20026,"bbox":[140.44591,38.13376,140.7497,38.26753]},"geometry":{"type":"Polygon","coordinates":[[[140.47253,38.25223],[140.47112,38.25086],[140.47093,38.24929],[140.46961,38.2476],[140.46989,38.24528],[140.46921,38.24292],[140.47076,38.23783],[140.47107,38.23478],[140.4685,38.23325],[140.46933,38.22833],[140.47281,38.22652],[140.47429,38.22448],[140.47354,38.22228],[140.47235,38.22081],[140.47095,38.21457],[140.47199,38.21128],[140.4733,38.20993],[140.47233,38.2062],[140.47414,38.20364],[140.47524,38.20311],[140.4773,38.20079],[140.47835,38.19838],[140.47797,38.19579],[140.47902,38.19454],[140.47763,38.19184],[140.47951,38.18587],[140.48015,38.18214],[140.47957,38.18068],[140.47639,38.17792],[140.47521,38.17587],[140.46965,38.17064],[140.46946,38.16676],[140.46886,38.1651],[140.46915,38.163],[140.467,38.16077],[140.46766,38.15698],[140.46401,38.15578],[140.46167,38.15554],[140.46024,38.15423],[140.45201,38.15106],[140.44997,38.14702],[140.44591,38.1436],[140.4494,38.1434],[140.45085,38.14273],[140.45383,38.14281],[140.4563,38.14198],[140.46172,38.14173],[140.4639,38.14311],[140.46541,38.14511],[140.46769,38.14388],[140.4673,38.14127],[140.4699,38.14244],[140.46973,38.1435],[140.47136,38.14474],[140.47378,38.14522],[140.47809,38.14411],[140.47928,38.14421],[140.48223,38.1464],[140.48606,38.14826],[140.48808,38.14844],[140.49529,38.14364],[140.49819,38.14337],[140.50231,38.1444],[140.50411,38.14329],[140.50674,38.1435],[140.50766,38.14596],[140.50951,38.1461],[140.51191,38.1471],[140.51329,38.14533],[140.51507,38.14506],[140.51858,38.14648],[140.5197,38.14382],[140.52225,38.1426],[140.52304,38.14049],[140.52495,38.13924],[140.52409,38.13786],[140.52648,38.13682],[140.53234,38.13878],[140.53645,38.13788],[140.53904,38.1383],[140.54257,38.13696],[140.545,38.13659],[140.55063,38.14197],[140.5531,38.14227],[140.55494,38.14365],[140.55479,38.14503],[140.55123,38.14844],[140.55331,38.14904],[140.55815,38.14916],[140.56346,38.14842],[140.56596,38.14752],[140.56902,38.14793],[140.5698,38.1486],[140.57282,38.14846],[140.57364,38.14993],[140.57875,38.14801],[140.58055,38.14664],[140.58323,38.14619],[140.5849,38.14473],[140.58753,38.14468],[140.5881,38.14339],[140.58745,38.14154],[140.58828,38.1387],[140.58989,38.13784],[140.59415,38.13794],[140.59629,38.1387],[140.59938,38.13764],[140.6021,38.13863],[140.60426,38.13749],[140.60593,38.13815],[140.60984,38.13735],[140.60985,38.13577],[140.61318,38.13659],[140.62008,38.13376],[140.62887,38.13766],[140.63657,38.14209],[140.64045,38.14362],[140.65019,38.14339],[140.65227,38.14458],[140.65455,38.14501],[140.65246,38.14876],[140.65181,38.15261],[140.6504,38.15442],[140.64982,38.15656],[140.6504,38.15782],[140.64876,38.16564],[140.65325,38.16919],[140.65583,38.16905],[140.65694,38.16834],[140.66379,38.16875],[140.66662,38.16343],[140.67905,38.15888],[140.68479,38.15839],[140.68742,38.15752],[140.6882,38.15652],[140.69365,38.1549],[140.69675,38.15266],[140.69787,38.15677],[140.69885,38.15785],[140.7029,38.15963],[140.70378,38.15937],[140.70629,38.15582],[140.70706,38.15363],[140.71012,38.1526],[140.70969,38.15106],[140.71162,38.15076],[140.71233,38.15189],[140.71507,38.15108],[140.71647,38.15122],[140.71961,38.15015],[140.72022,38.15243],[140.72285,38.15236],[140.72314,38.15104],[140.72517,38.15088],[140.72751,38.15178],[140.73117,38.15226],[140.73479,38.15475],[140.73587,38.15689],[140.73989,38.15974],[140.74178,38.15998],[140.74554,38.16206],[140.74482,38.16507],[140.74602,38.16563],[140.74399,38.16844],[140.74387,38.17202],[140.74619,38.17233],[140.74566,38.17453],[140.74412,38.17683],[140.74633,38.17655],[140.7497,38.17904],[140.74834,38.18059],[140.74662,38.18082],[140.74367,38.18287],[140.7452,38.18501],[140.74576,38.18759],[140.7432,38.18971],[140.74199,38.19408],[140.7438,38.19476],[140.74227,38.19648],[140.74355,38.19914],[140.74188,38.19973],[140.7374,38.20617],[140.73839,38.20792],[140.73573,38.21071],[140.73233,38.21184],[140.73056,38.21189],[140.7284,38.21402],[140.72606,38.2148],[140.72367,38.21482],[140.72228,38.21655],[140.71866,38.21692],[140.71695,38.2176],[140.71395,38.21753],[140.70233,38.22],[140.69831,38.22299],[140.69314,38.22375],[140.69189,38.22291],[140.68971,38.2234],[140.68722,38.22487],[140.68374,38.22503],[140.68312,38.22598],[140.68588,38.2281],[140.68634,38.22918],[140.68421,38.22973],[140.67986,38.22939],[140.67755,38.23118],[140.67709,38.23279],[140.67253,38.2346],[140.67035,38.23627],[140.6706,38.23851],[140.67179,38.23978],[140.66681,38.23967],[140.6624,38.23878],[140.65791,38.23944],[140.65661,38.24057],[140.65517,38.23986],[140.653,38.24043],[140.65066,38.24038],[140.65076,38.24295],[140.65169,38.24459],[140.65513,38.24578],[140.65,38.24884],[140.64328,38.2516],[140.64249,38.25249],[140.63952,38.25392],[140.63617,38.25495],[140.63426,38.25653],[140.63013,38.25825],[140.62162,38.25857],[140.61888,38.2595],[140.616,38.26128],[140.61381,38.26082],[140.61226,38.26139],[140.61206,38.26281],[140.6079,38.26519],[140.60467,38.26339],[140.59418,38.26462],[140.59257,38.26401],[140.58869,38.264],[140.58524,38.26316],[140.58327,38.26404],[140.58105,38.26368],[140.57685,38.26505],[140.57033,38.26632],[140.5691,38.26575],[140.56626,38.26578],[140.56257,38.26753],[140.5577,38.26681],[140.55451,38.26578],[140.55139,38.26406],[140.54834,38.26131],[140.54135,38.26383],[140.53785,38.26331],[140.53583,38.26048],[140.53409,38.2597],[140.52401,38.25995],[140.52277,38.26173],[140.52074,38.26114],[140.51887,38.25975],[140.51557,38.26005],[140.50763,38.25933],[140.50435,38.25833],[140.50307,38.25634],[140.50164,38.25546],[140.49549,38.25665],[140.49158,38.25526],[140.48965,38.25636],[140.48629,38.25648],[140.48551,38.25575],[140.48116,38.2552],[140.47885,38.25339],[140.47814,38.25195],[140.47637,38.25139],[140.47253,38.25223]]]}},{"type":"Feature","properties":{"code":"04341","name":"伊具郡丸森町","pref":"宮城県","pref_code":"04","cx":140.77226,"cy":37.87034,"bbox":[140.61862,37.77327,140.86156,37.96729]},"geometry":{"type":"Polygon","coordinates":[[[140.61862,37.91252],[140.6207,37.90889],[140.62245,37.90264],[140.62424,37.90038],[140.62734,37.89907],[140.64467,37.89545],[140.64536,37.89708],[140.64686,37.89864],[140.66,37.90088],[140.6626,37.90022],[140.66403,37.89792],[140.66639,37.89615],[140.66698,37.89506],[140.67011,37.89437],[140.67228,37.89297],[140.68074,37.89157],[140.68234,37.89051],[140.68854,37.88913],[140.69008,37.88821],[140.68966,37.88582],[140.69089,37.88367],[140.68575,37.88046],[140.68288,37.87951],[140.6819,37.876],[140.68276,37.87407],[140.68527,37.87263],[140.68688,37.87234],[140.68753,37.87121],[140.68582,37.86794],[140.68628,37.86612],[140.68867,37.86314],[140.69053,37.86256],[140.69285,37.85705],[140.6908,37.85284],[140.69189,37.85127],[140.69158,37.84951],[140.6887,37.84876],[140.68794,37.84738],[140.68561,37.84689],[140.6858,37.8441],[140.68694,37.84224],[140.68447,37.84083],[140.68391,37.83893],[140.6795,37.83685],[140.67962,37.83509],[140.68259,37.83346],[140.68424,37.83089],[140.68357,37.82846],[140.68502,37.8261],[140.68464,37.82388],[140.68622,37.82238],[140.68567,37.82102],[140.68645,37.81952],[140.68525,37.81769],[140.6855,37.81535],[140.68765,37.81355],[140.6898,37.81275],[140.6916,37.81042],[140.69136,37.80937],[140.6924,37.80704],[140.69528,37.80466],[140.69437,37.80326],[140.69738,37.80271],[140.70131,37.80328],[140.71152,37.80066],[140.71321,37.79946],[140.71485,37.79705],[140.71627,37.79648],[140.71725,37.79487],[140.71967,37.79334],[140.723,37.79254],[140.72542,37.78667],[140.72624,37.7822],[140.72697,37.78148],[140.73294,37.78347],[140.73678,37.78591],[140.73803,37.78723],[140.74568,37.7883],[140.74899,37.7853],[140.76045,37.78513],[140.77522,37.78182],[140.7791,37.77932],[140.78302,37.7779],[140.78735,37.77481],[140.7902,37.77429],[140.79209,37.77327],[140.79553,37.77355],[140.79929,37.77611],[140.79982,37.77822],[140.80293,37.77998],[140.79449,37.78127],[140.79449,37.78219],[140.78678,37.78918],[140.78312,37.78984],[140.7824,37.79155],[140.77941,37.79095],[140.77897,37.79313],[140.77646,37.79435],[140.77449,37.79397],[140.77308,37.79565],[140.77253,37.79737],[140.76838,37.79776],[140.76585,37.79596],[140.76444,37.79736],[140.76531,37.79853],[140.76987,37.8004],[140.77278,37.80104],[140.77374,37.80249],[140.77381,37.80465],[140.77498,37.80631],[140.77831,37.80619],[140.7796,37.80516],[140.78324,37.80449],[140.78784,37.80153],[140.78954,37.80194],[140.79229,37.80012],[140.79357,37.80066],[140.80076,37.79783],[140.806,37.798],[140.80795,37.79733],[140.80926,37.79593],[140.81075,37.79562],[140.8134,37.79624],[140.81407,37.79719],[140.81639,37.79825],[140.82145,37.79886],[140.82359,37.79874],[140.82718,37.79607],[140.82955,37.79567],[140.83037,37.79482],[140.83442,37.79566],[140.83618,37.795],[140.84066,37.79603],[140.84629,37.79517],[140.84755,37.79565],[140.85172,37.79531],[140.85475,37.79734],[140.85458,37.79868],[140.85791,37.80285],[140.85372,37.80703],[140.85413,37.80837],[140.85395,37.81174],[140.85518,37.81319],[140.85814,37.81442],[140.85778,37.81687],[140.85441,37.81949],[140.85364,37.82136],[140.8543,37.82607],[140.85593,37.82863],[140.85556,37.82938],[140.85234,37.82973],[140.85269,37.83186],[140.85502,37.83387],[140.85347,37.83517],[140.85406,37.8364],[140.85426,37.84177],[140.85054,37.84923],[140.85131,37.85122],[140.85354,37.85153],[140.85512,37.85291],[140.85634,37.85522],[140.85864,37.85627],[140.86156,37.86283],[140.86074,37.86718],[140.85783,37.86948],[140.85651,37.8724],[140.85458,37.87452],[140.86069,37.87915],[140.85649,37.88298],[140.85667,37.88648],[140.85987,37.88835],[140.85752,37.88951],[140.85625,37.8909],[140.85638,37.89231],[140.85892,37.89449],[140.85933,37.89569],[140.85776,37.89716],[140.85744,37.89888],[140.8582,37.90182],[140.85657,37.9033],[140.85617,37.90471],[140.85714,37.90579],[140.85631,37.90767],[140.85487,37.90801],[140.85449,37.91],[140.85288,37.91163],[140.84643,37.9131],[140.84613,37.91427],[140.84316,37.91876],[140.84079,37.92433],[140.83937,37.92506],[140.83691,37.92485],[140.83374,37.92698],[140.83337,37.9289],[140.83073,37.93113],[140.82157,37.93238],[140.82077,37.9338],[140.8162,37.93451],[140.81427,37.93338],[140.80666,37.93336],[140.80814,37.92934],[140.80764,37.9275],[140.80793,37.92504],[140.80445,37.92389],[140.80364,37.92601],[140.80098,37.92886],[140.79817,37.92969],[140.79406,37.92968],[140.78755,37.93178],[140.78334,37.93517],[140.78335,37.93626],[140.78665,37.94117],[140.78761,37.94484],[140.78691,37.94872],[140.78742,37.95602],[140.78594,37.95721],[140.78422,37.95188],[140.78168,37.94944],[140.78127,37.94831],[140.77905,37.94793],[140.77527,37.94846],[140.77479,37.9491],[140.77193,37.94915],[140.77059,37.94849],[140.76679,37.94867],[140.76497,37.94751],[140.76021,37.9466],[140.75646,37.94443],[140.75406,37.94367],[140.75087,37.94396],[140.7503,37.94266],[140.74574,37.94307],[140.7448,37.94402],[140.74321,37.94352],[140.74194,37.94451],[140.73834,37.94475],[140.73547,37.9459],[140.73359,37.94587],[140.73249,37.94209],[140.73036,37.94265],[140.72784,37.94184],[140.72637,37.9426],[140.72348,37.94314],[140.71984,37.94221],[140.71791,37.94275],[140.71219,37.94255],[140.71074,37.94363],[140.71012,37.94539],[140.70815,37.94635],[140.70519,37.94689],[140.70251,37.9494],[140.70493,37.95002],[140.70887,37.95238],[140.71114,37.95919],[140.71086,37.96043],[140.70911,37.96091],[140.70943,37.96212],[140.70761,37.96336],[140.70454,37.96391],[140.70348,37.96486],[140.69982,37.96435],[140.69722,37.96341],[140.69451,37.96408],[140.6927,37.96527],[140.69119,37.96437],[140.6882,37.96689],[140.68646,37.96729],[140.68665,37.96591],[140.68501,37.96323],[140.68417,37.95919],[140.68106,37.95635],[140.6802,37.95423],[140.67836,37.9531],[140.67619,37.94892],[140.67397,37.94997],[140.67133,37.95221],[140.6668,37.94912],[140.66588,37.94783],[140.65897,37.94651],[140.65631,37.94679],[140.65343,37.94551],[140.65024,37.94571],[140.64743,37.94656],[140.64655,37.94494],[140.64222,37.9448],[140.64126,37.94339],[140.63662,37.94257],[140.63635,37.94156],[140.63235,37.94129],[140.62968,37.93865],[140.62739,37.93783],[140.62771,37.93567],[140.62698,37.93474],[140.62467,37.9346],[140.6248,37.93147],[140.62365,37.92891],[140.62608,37.92824],[140.62688,37.92604],[140.62968,37.9218],[140.62837,37.91997],[140.62688,37.91899],[140.62364,37.91875],[140.62122,37.91728],[140.62213,37.91585],[140.62184,37.91407],[140.61862,37.91252]]]}},{"type":"Feature","properties":{"code":"04361","name":"亘理郡亘理町","pref":"宮城県","pref_code":"04","cx":140.87562,"cy":38.04376,"bbox":[140.82313,37.98903,140.92275,38.09574]},"geometry":{"type":"Polygon","coordinates":[[[140.84297,37.99172],[140.84532,37.99307],[140.84922,37.99353],[140.85115,37.99469],[140.85834,37.99638],[140.85841,37.99737],[140.86055,37.99776],[140.86198,38.00037],[140.86516,38.00093],[140.86625,38.00047],[140.87081,38.001],[140.87143,37.9992],[140.87767,38.00099],[140.87955,37.98903],[140.88568,37.98965],[140.88483,37.99285],[140.88781,37.99294],[140.88946,37.99351],[140.88989,37.99511],[140.89535,37.99449],[140.89878,37.99332],[140.91511,37.99356],[140.91537,37.99587],[140.91616,37.99694],[140.91633,37.99916],[140.91533,38.00034],[140.91645,38.00265],[140.91594,38.00595],[140.91697,38.01252],[140.91835,38.01707],[140.91741,38.01841],[140.91763,38.02037],[140.9192,38.02673],[140.92275,38.03455],[140.92202,38.03768],[140.92198,38.04699],[140.91849,38.04784],[140.9095,38.05227],[140.9067,38.05565],[140.90635,38.0602],[140.90985,38.06933],[140.91015,38.07226],[140.90844,38.07634],[140.90122,38.08299],[140.89456,38.08998],[140.89056,38.09312],[140.88697,38.09483],[140.88299,38.09548],[140.8751,38.09574],[140.87202,38.09536],[140.86915,38.09387],[140.86677,38.0909],[140.86434,38.08539],[140.86141,38.08316],[140.85763,38.08158],[140.85157,38.08034],[140.84504,38.08023],[140.83474,38.0837],[140.83189,38.08302],[140.82868,38.08136],[140.82313,38.07715],[140.82629,38.07538],[140.82693,38.07166],[140.82665,38.06734],[140.82609,38.06636],[140.82831,38.06358],[140.82895,38.06152],[140.83014,38.06022],[140.83027,38.05442],[140.831,38.05148],[140.82996,38.05079],[140.82994,38.0486],[140.83087,38.0477],[140.83036,38.04521],[140.82815,38.04231],[140.82886,38.03904],[140.82861,38.03709],[140.83041,38.03504],[140.82971,38.03386],[140.82946,38.03125],[140.83186,38.0253],[140.83326,38.02368],[140.83469,38.02349],[140.83528,38.02152],[140.83925,38.01834],[140.83885,38.01427],[140.83968,38.01175],[140.83907,38.0103],[140.84107,38.00708],[140.83983,38.00066],[140.84148,37.99938],[140.84025,37.99672],[140.84135,37.99364],[140.84297,37.99172]]]}},{"type":"Feature","properties":{"code":"04362","name":"亘理郡山元町","pref":"宮城県","pref_code":"04","cx":140.88559,"cy":37.94512,"bbox":[140.84297,37.8909,140.93049,38.001]},"geometry":{"type":"Polygon","coordinates":[[[140.85092,37.91223],[140.85288,37.91163],[140.85449,37.91],[140.85487,37.90801],[140.85631,37.90767],[140.85714,37.90579],[140.85617,37.90471],[140.85657,37.9033],[140.8582,37.90182],[140.85744,37.89888],[140.85776,37.89716],[140.85933,37.89569],[140.85892,37.89449],[140.85638,37.89231],[140.85625,37.8909],[140.86185,37.89281],[140.86412,37.89297],[140.87016,37.89642],[140.87499,37.89669],[140.88101,37.89787],[140.88807,37.9005],[140.89052,37.9023],[140.89405,37.90205],[140.89815,37.90299],[140.89998,37.90426],[140.90049,37.90156],[140.8997,37.89986],[140.90112,37.89764],[140.9047,37.89692],[140.9076,37.89731],[140.91218,37.89659],[140.91518,37.89784],[140.91952,37.8946],[140.91986,37.89261],[140.92356,37.89204],[140.92397,37.89491],[140.92574,37.8956],[140.92802,37.89554],[140.93049,37.89612],[140.93033,37.89847],[140.92935,37.90043],[140.92666,37.90355],[140.92425,37.90992],[140.92491,37.91145],[140.92357,37.91275],[140.91542,37.96284],[140.91462,37.9814],[140.91531,37.98972],[140.91474,37.99018],[140.91511,37.99356],[140.89878,37.99332],[140.89535,37.99449],[140.88989,37.99511],[140.88946,37.99351],[140.88781,37.99294],[140.88483,37.99285],[140.88568,37.98965],[140.87955,37.98903],[140.87767,38.00099],[140.87143,37.9992],[140.87081,38.001],[140.86625,38.00047],[140.86516,38.00093],[140.86198,38.00037],[140.86055,37.99776],[140.85841,37.99737],[140.85834,37.99638],[140.85115,37.99469],[140.84922,37.99353],[140.84532,37.99307],[140.84297,37.99172],[140.84334,37.98951],[140.84539,37.98667],[140.84702,37.98547],[140.84773,37.98373],[140.84789,37.98032],[140.84996,37.97867],[140.85066,37.97702],[140.84996,37.97614],[140.85105,37.9735],[140.85089,37.97147],[140.85236,37.96995],[140.85308,37.96731],[140.85257,37.96591],[140.85352,37.961],[140.85149,37.95704],[140.85284,37.95476],[140.85154,37.95105],[140.85196,37.94991],[140.85372,37.94877],[140.8529,37.94678],[140.85285,37.94346],[140.85145,37.94218],[140.85255,37.93934],[140.85073,37.93788],[140.85248,37.9362],[140.85231,37.93466],[140.85492,37.93085],[140.85611,37.92991],[140.85668,37.92789],[140.85406,37.92203],[140.85536,37.92023],[140.8546,37.91775],[140.85196,37.91699],[140.85077,37.9144],[140.85092,37.91223]]]}},{"type":"Feature","properties":{"code":"04401","name":"宮城郡松島町","pref":"宮城県","pref_code":"04","cx":141.072,"cy":38.39965,"bbox":[141.01719,38.35057,141.12725,38.44968]},"geometry":{"type":"MultiPolygon","coordinates":[[[[141.07039,38.36777],[141.06924,38.36735],[141.07035,38.36561],[141.07255,38.36599],[141.07317,38.36713],[141.07039,38.36777]]],[[[141.07731,38.37715],[141.07584,38.37587],[141.07955,38.37493],[141.08016,38.37637],[141.07731,38.37715]]],[[[141.11628,38.44334],[141.11499,38.44192],[141.11237,38.44185],[141.11095,38.44362],[141.10864,38.44232],[141.10568,38.44331],[141.10301,38.44234],[141.09937,38.44228],[141.09912,38.44364],[141.09745,38.44506],[141.09261,38.44486],[141.08708,38.44604],[141.08471,38.4482],[141.08137,38.44887],[141.08131,38.44968],[141.07327,38.44934],[141.07334,38.44837],[141.06874,38.44817],[141.06752,38.44707],[141.06067,38.44548],[141.05984,38.44436],[141.06053,38.44137],[141.06027,38.4388],[141.06166,38.43859],[141.06152,38.43384],[141.05984,38.43243],[141.05672,38.43215],[141.05573,38.42859],[141.05299,38.42651],[141.05232,38.4227],[141.05047,38.42137],[141.04785,38.41831],[141.04945,38.41606],[141.04637,38.41402],[141.04572,38.41199],[141.04727,38.41021],[141.04491,38.40672],[141.04349,38.40592],[141.04009,38.40641],[141.03889,38.40379],[141.03712,38.40288],[141.03692,38.39914],[141.03492,38.39746],[141.03325,38.39505],[141.03221,38.39205],[141.02982,38.38953],[141.02861,38.38917],[141.02762,38.38716],[141.02609,38.38554],[141.02634,38.38448],[141.02541,38.38178],[141.0257,38.37965],[141.02479,38.37806],[141.02257,38.37659],[141.01966,38.37568],[141.01781,38.37377],[141.01719,38.37221],[141.01881,38.37104],[141.02177,38.37156],[141.02366,38.37096],[141.03156,38.36758],[141.03437,38.37008],[141.04029,38.37238],[141.04231,38.37249],[141.04463,38.36979],[141.04433,38.36816],[141.04562,38.36767],[141.04687,38.36517],[141.0476,38.36178],[141.04979,38.35928],[141.04959,38.35564],[141.05162,38.35545],[141.05323,38.35437],[141.05405,38.35286],[141.05706,38.35214],[141.05943,38.35057],[141.05955,38.35289],[141.06293,38.35126],[141.06512,38.35085],[141.06625,38.35217],[141.06261,38.35557],[141.06329,38.35723],[141.0626,38.35995],[141.06127,38.36178],[141.06137,38.36386],[141.06219,38.36497],[141.06102,38.36735],[141.06198,38.36939],[141.06399,38.37002],[141.0685,38.36996],[141.07139,38.37251],[141.07436,38.37786],[141.07607,38.37827],[141.0778,38.37781],[141.08153,38.37858],[141.08281,38.38061],[141.08754,38.38168],[141.08891,38.38137],[141.09097,38.3789],[141.09667,38.37794],[141.09881,38.37842],[141.10018,38.37634],[141.09898,38.37488],[141.101,38.37458],[141.10376,38.37266],[141.10506,38.36982],[141.10773,38.37048],[141.10707,38.37276],[141.1072,38.37497],[141.1086,38.37609],[141.11047,38.37652],[141.11335,38.37456],[141.11631,38.37614],[141.1142,38.37652],[141.11389,38.37775],[141.10785,38.38011],[141.10659,38.38426],[141.10552,38.38533],[141.10716,38.3862],[141.1105,38.38402],[141.11485,38.38202],[141.11981,38.38063],[141.12128,38.37938],[141.12241,38.38022],[141.12419,38.37967],[141.12639,38.37993],[141.12699,38.38196],[141.126,38.38404],[141.12331,38.38599],[141.12313,38.3872],[141.12442,38.389],[141.12398,38.39087],[141.1226,38.39143],[141.12237,38.39296],[141.12118,38.39367],[141.11897,38.39365],[141.11959,38.39588],[141.11651,38.39878],[141.11438,38.39897],[141.11202,38.39721],[141.11099,38.39322],[141.10833,38.39538],[141.10754,38.39879],[141.10676,38.40017],[141.10333,38.40283],[141.10161,38.40359],[141.10055,38.40296],[141.09891,38.4051],[141.10018,38.4056],[141.09905,38.40838],[141.09469,38.408],[141.09498,38.41011],[141.09763,38.41226],[141.09933,38.41287],[141.0998,38.41432],[141.10315,38.41323],[141.1043,38.4122],[141.10757,38.41299],[141.10925,38.41247],[141.11083,38.41406],[141.11334,38.41453],[141.11442,38.41556],[141.12075,38.41867],[141.12385,38.41938],[141.12725,38.42193],[141.12513,38.42272],[141.12375,38.42466],[141.12322,38.42907],[141.12094,38.4323],[141.11526,38.4368],[141.11669,38.4395],[141.11721,38.44263],[141.11628,38.44334]]]]}},{"type":"Feature","properties":{"code":"04404","name":"宮城郡七ヶ浜町","pref":"宮城県","pref_code":"04","cx":141.06229,"cy":38.29975,"bbox":[141.0322,38.27681,141.08981,38.32796]},"geometry":{"type":"MultiPolygon","coordinates":[[[[141.04346,38.27681],[141.04539,38.2779],[141.05098,38.27899],[141.0541,38.28061],[141.05991,38.28141],[141.06043,38.28223],[141.06339,38.28299],[141.06336,38.2852],[141.06443,38.2876],[141.06938,38.29259],[141.07381,38.29515],[141.07727,38.29575],[141.08466,38.29286],[141.08557,38.29335],[141.0853,38.29575],[141.08724,38.29653],[141.08739,38.29892],[141.08981,38.30041],[141.08802,38.30285],[141.08528,38.30337],[141.0814,38.30582],[141.08027,38.30948],[141.07912,38.31131],[141.07954,38.31507],[141.0764,38.31957],[141.07306,38.31987],[141.07026,38.32085],[141.06915,38.32049],[141.06713,38.3217],[141.06545,38.32172],[141.06432,38.31814],[141.06092,38.31526],[141.05986,38.31343],[141.05804,38.31268],[141.05693,38.31438],[141.05265,38.31309],[141.05181,38.31394],[141.04974,38.3134],[141.04887,38.31209],[141.05007,38.30904],[141.0485,38.30953],[141.04638,38.31164],[141.04419,38.31171],[141.04149,38.30831],[141.03633,38.30647],[141.03591,38.30702],[141.03544,38.30478],[141.03625,38.30105],[141.03563,38.2991],[141.04268,38.29321],[141.0439,38.28994],[141.04185,38.28994],[141.04251,38.28716],[141.04066,38.28648],[141.03574,38.28702],[141.03443,38.28427],[141.03469,38.28313],[141.03374,38.28103],[141.0322,38.28037],[141.03423,38.28105],[141.03501,38.28234],[141.03746,38.28292],[141.0398,38.28194],[141.04346,38.27681]]],[[[141.07511,38.32796],[141.07333,38.32696],[141.07025,38.32728],[141.06741,38.32634],[141.06892,38.32367],[141.07025,38.32509],[141.07172,38.32497],[141.07254,38.32662],[141.07352,38.32665],[141.07511,38.32796]]]]}},{"type":"Feature","properties":{"code":"04406","name":"宮城郡利府町","pref":"宮城県","pref_code":"04","cx":140.97449,"cy":38.34192,"bbox":[140.9336,38.30845,141.05943,38.37465]},"geometry":{"type":"Polygon","coordinates":[[[140.9627,38.3096],[140.96878,38.30946],[140.97493,38.30993],[140.97704,38.30866],[140.9816,38.30845],[140.98169,38.30964],[140.98608,38.31193],[140.9939,38.31423],[140.99636,38.31669],[141.00078,38.3196],[141.00062,38.3209],[141.00376,38.32478],[140.99962,38.32597],[140.99807,38.32787],[141.00213,38.33016],[141.00545,38.33081],[141.00554,38.33359],[141.0073,38.33481],[141.00814,38.33698],[141.01013,38.33929],[141.01232,38.33958],[141.01286,38.34098],[141.01429,38.34154],[141.01433,38.34395],[141.01789,38.34568],[141.01906,38.34827],[141.02507,38.3491],[141.02589,38.34696],[141.02476,38.34504],[141.02446,38.3423],[141.02301,38.34057],[141.024,38.33931],[141.02648,38.33859],[141.02767,38.33999],[141.0299,38.33919],[141.03649,38.33965],[141.03758,38.34342],[141.03935,38.34367],[141.04185,38.34601],[141.04316,38.3464],[141.04271,38.34897],[141.04419,38.34941],[141.04512,38.34773],[141.04837,38.34742],[141.04807,38.34568],[141.05322,38.34715],[141.05505,38.34672],[141.05717,38.34905],[141.05456,38.35017],[141.05367,38.35132],[141.05715,38.35123],[141.05943,38.35057],[141.05706,38.35214],[141.05405,38.35286],[141.05323,38.35437],[141.05162,38.35545],[141.04959,38.35564],[141.04979,38.35928],[141.0476,38.36178],[141.04687,38.36517],[141.04562,38.36767],[141.04433,38.36816],[141.04463,38.36979],[141.04231,38.37249],[141.04029,38.37238],[141.03437,38.37008],[141.03156,38.36758],[141.02366,38.37096],[141.02177,38.37156],[141.01881,38.37104],[141.01719,38.37221],[141.01606,38.37179],[141.01455,38.36919],[141.01308,38.36771],[141.01261,38.36479],[141.01122,38.36293],[141.01008,38.36278],[141.00795,38.36408],[141.00724,38.36591],[141.00291,38.36522],[141.00017,38.36775],[140.99808,38.3681],[140.99608,38.36465],[140.99285,38.36646],[140.99042,38.3698],[140.98949,38.37209],[140.98704,38.37465],[140.98419,38.37319],[140.97719,38.37349],[140.97648,38.37295],[140.97603,38.3672],[140.9763,38.36477],[140.97442,38.36468],[140.97168,38.36324],[140.97125,38.36152],[140.96849,38.36093],[140.96585,38.35851],[140.96546,38.35559],[140.96579,38.35382],[140.9609,38.35428],[140.9543,38.36072],[140.952,38.35889],[140.9476,38.35662],[140.9464,38.35691],[140.94049,38.355],[140.93929,38.35359],[140.93949,38.35276],[140.93768,38.35033],[140.93818,38.34828],[140.93382,38.34609],[140.9336,38.34397],[140.93489,38.34237],[140.93415,38.3408],[140.9357,38.33939],[140.93616,38.33794],[140.93762,38.33646],[140.93926,38.33762],[140.94051,38.3374],[140.93954,38.33535],[140.93775,38.33379],[140.93686,38.33172],[140.93755,38.33015],[140.93923,38.32911],[140.93907,38.32695],[140.93611,38.32607],[140.93597,38.32381],[140.93661,38.3224],[140.9362,38.32013],[140.93641,38.31689],[140.94127,38.31481],[140.94269,38.31219],[140.94486,38.31085],[140.94637,38.31084],[140.9476,38.30864],[140.94945,38.30982],[140.9511,38.30986],[140.95357,38.30848],[140.95723,38.31185],[140.9575,38.31008],[140.95892,38.30961],[140.9627,38.3096]]]}},{"type":"Feature","properties":{"code":"04421","name":"黒川郡大和町","pref":"宮城県","pref_code":"04","cx":140.80558,"cy":38.42168,"bbox":[140.62585,38.34659,140.98326,38.49681]},"geometry":{"type":"Polygon","coordinates":[[[140.69687,38.41564],[140.70275,38.41701],[140.70642,38.42032],[140.70697,38.42193],[140.70853,38.42324],[140.71021,38.42353],[140.71129,38.42483],[140.7116,38.42796],[140.71304,38.42868],[140.71451,38.43054],[140.71387,38.43201],[140.71624,38.43389],[140.71854,38.43355],[140.7217,38.43392],[140.72345,38.4325],[140.72613,38.43249],[140.72669,38.4295],[140.73139,38.42679],[140.73175,38.42475],[140.73637,38.42412],[140.73827,38.42275],[140.7381,38.42054],[140.73906,38.41916],[140.74441,38.41559],[140.74451,38.41386],[140.74354,38.41204],[140.74972,38.41236],[140.7517,38.41152],[140.75452,38.41143],[140.76101,38.40785],[140.76185,38.40665],[140.76403,38.40631],[140.76511,38.40701],[140.76893,38.4048],[140.77077,38.40524],[140.77482,38.4043],[140.77739,38.40238],[140.77934,38.40012],[140.78164,38.40204],[140.78394,38.40159],[140.78632,38.3994],[140.79665,38.39455],[140.79965,38.39389],[140.80138,38.39441],[140.80541,38.39381],[140.80847,38.39212],[140.81125,38.3883],[140.81136,38.38594],[140.8138,38.38481],[140.81311,38.38315],[140.81498,38.38309],[140.81692,38.38119],[140.8203,38.38005],[140.82185,38.37896],[140.82278,38.37739],[140.82537,38.37494],[140.82481,38.37103],[140.82681,38.36887],[140.82621,38.3673],[140.82459,38.36613],[140.82265,38.36263],[140.82443,38.36223],[140.8282,38.36278],[140.83508,38.36008],[140.83427,38.35891],[140.83144,38.3567],[140.83392,38.35449],[140.83187,38.35149],[140.83403,38.34948],[140.83412,38.347],[140.83596,38.34659],[140.83844,38.34774],[140.84075,38.34689],[140.84179,38.34857],[140.84295,38.35412],[140.84516,38.35783],[140.84661,38.35875],[140.84962,38.35793],[140.85304,38.35873],[140.85303,38.36052],[140.85467,38.36166],[140.85852,38.36152],[140.86019,38.36069],[140.8617,38.36213],[140.86343,38.36202],[140.86367,38.36555],[140.86071,38.37019],[140.86108,38.37217],[140.8606,38.37398],[140.8625,38.37415],[140.86254,38.37729],[140.86321,38.37904],[140.86931,38.38389],[140.86978,38.38978],[140.87324,38.39058],[140.8733,38.39322],[140.87268,38.39515],[140.87125,38.39702],[140.87352,38.40036],[140.87517,38.40056],[140.87578,38.40277],[140.87499,38.4036],[140.87521,38.40575],[140.87144,38.40823],[140.86516,38.40567],[140.86309,38.4055],[140.86059,38.40399],[140.85934,38.40476],[140.85864,38.4068],[140.85923,38.40808],[140.86241,38.41096],[140.86888,38.41175],[140.87088,38.41332],[140.87225,38.41345],[140.87197,38.4156],[140.87323,38.42115],[140.87198,38.42379],[140.87547,38.42649],[140.87806,38.42734],[140.88098,38.42921],[140.88284,38.42944],[140.88499,38.4287],[140.88673,38.42879],[140.89001,38.43109],[140.89383,38.43172],[140.89616,38.4313],[140.89602,38.43003],[140.90397,38.42921],[140.90362,38.42658],[140.90106,38.42478],[140.90025,38.42075],[140.90055,38.41745],[140.90352,38.41573],[140.90493,38.41427],[140.9026,38.41344],[140.90385,38.41079],[140.90418,38.40885],[140.9071,38.40888],[140.91011,38.41003],[140.91051,38.40484],[140.91302,38.40246],[140.91555,38.40283],[140.91638,38.40474],[140.91924,38.40482],[140.92123,38.40595],[140.92554,38.40576],[140.92976,38.40263],[140.93169,38.40268],[140.93396,38.40666],[140.93587,38.40372],[140.93642,38.40161],[140.9353,38.40084],[140.93353,38.39694],[140.9332,38.39406],[140.93644,38.39105],[140.93711,38.38895],[140.93571,38.38807],[140.93768,38.38068],[140.93788,38.3774],[140.93675,38.37596],[140.93662,38.37218],[140.9385,38.37046],[140.93844,38.36619],[140.93726,38.36494],[140.93636,38.36172],[140.93617,38.3589],[140.93746,38.35334],[140.93929,38.35359],[140.94049,38.355],[140.9464,38.35691],[140.9476,38.35662],[140.952,38.35889],[140.9543,38.36072],[140.9609,38.35428],[140.96579,38.35382],[140.96546,38.35559],[140.96585,38.35851],[140.96849,38.36093],[140.97125,38.36152],[140.97168,38.36324],[140.97442,38.36468],[140.9763,38.36477],[140.97603,38.3672],[140.97648,38.37295],[140.97719,38.37349],[140.98042,38.37354],[140.98326,38.37937],[140.98013,38.37899],[140.97771,38.38247],[140.97572,38.38354],[140.97157,38.38272],[140.96764,38.38541],[140.96674,38.38751],[140.96882,38.3912],[140.96703,38.3928],[140.96565,38.39299],[140.96601,38.39509],[140.96405,38.39666],[140.96429,38.3985],[140.96852,38.40225],[140.96757,38.40335],[140.97139,38.4086],[140.97065,38.40931],[140.97149,38.41326],[140.97328,38.41335],[140.97365,38.41487],[140.97417,38.42593],[140.97187,38.42733],[140.97159,38.43038],[140.9702,38.43253],[140.97329,38.4342],[140.9742,38.43678],[140.98159,38.44068],[140.97908,38.44279],[140.97871,38.44455],[140.97394,38.44405],[140.97166,38.44645],[140.96822,38.44568],[140.9662,38.44798],[140.96594,38.44966],[140.96436,38.45084],[140.96201,38.4562],[140.96355,38.45668],[140.96274,38.46064],[140.96042,38.46527],[140.95852,38.46526],[140.95728,38.46615],[140.94927,38.46844],[140.94351,38.46544],[140.94048,38.46473],[140.93859,38.46525],[140.93665,38.46661],[140.93487,38.46647],[140.93339,38.46552],[140.93233,38.46643],[140.92994,38.46606],[140.92641,38.46655],[140.92509,38.46828],[140.92166,38.46822],[140.92155,38.46561],[140.91442,38.46261],[140.91406,38.46118],[140.91428,38.45764],[140.91346,38.4568],[140.90712,38.45547],[140.90434,38.45245],[140.90718,38.44989],[140.90754,38.44843],[140.90677,38.44652],[140.90719,38.44504],[140.90205,38.44437],[140.89757,38.4452],[140.89504,38.44339],[140.89096,38.44573],[140.89031,38.4478],[140.88863,38.44805],[140.88355,38.45157],[140.88167,38.45151],[140.87839,38.45385],[140.87646,38.45241],[140.87237,38.45273],[140.87043,38.45187],[140.86746,38.45303],[140.86716,38.45421],[140.86346,38.45463],[140.86225,38.4556],[140.85878,38.45503],[140.85766,38.45362],[140.85612,38.45557],[140.85272,38.45678],[140.85091,38.45694],[140.84843,38.45828],[140.84346,38.45877],[140.83951,38.46077],[140.83999,38.46269],[140.83952,38.46458],[140.83801,38.46592],[140.8369,38.46541],[140.83503,38.46605],[140.8329,38.46595],[140.83062,38.46754],[140.82793,38.46766],[140.82488,38.46962],[140.82317,38.46846],[140.81974,38.46937],[140.81691,38.47411],[140.81536,38.47465],[140.81235,38.47281],[140.81017,38.47307],[140.8085,38.47418],[140.80556,38.47295],[140.80415,38.47389],[140.80172,38.47382],[140.79473,38.47486],[140.7922,38.47659],[140.79097,38.47848],[140.7882,38.48075],[140.78633,38.48454],[140.78761,38.48661],[140.78705,38.48989],[140.78816,38.4913],[140.7884,38.4942],[140.78678,38.49423],[140.78431,38.4953],[140.77608,38.49579],[140.77313,38.4967],[140.77121,38.49679],[140.77057,38.49569],[140.76745,38.4956],[140.76487,38.49462],[140.7623,38.49523],[140.7518,38.49487],[140.74811,38.49681],[140.74418,38.49641],[140.74254,38.49543],[140.73917,38.4953],[140.73341,38.49679],[140.73285,38.49626],[140.72997,38.49654],[140.72361,38.49535],[140.72058,38.49424],[140.71955,38.49274],[140.71778,38.49161],[140.71529,38.49105],[140.71385,38.48964],[140.70728,38.48529],[140.70149,38.48637],[140.69828,38.48529],[140.69278,38.48224],[140.69221,38.48151],[140.68595,38.47893],[140.68563,38.47807],[140.68344,38.4769],[140.68082,38.47678],[140.67381,38.47383],[140.67215,38.47272],[140.66996,38.46927],[140.66361,38.46696],[140.66171,38.46536],[140.65949,38.46496],[140.62585,38.44728],[140.62691,38.4436],[140.63032,38.44304],[140.63295,38.4434],[140.63373,38.44173],[140.63711,38.43935],[140.63887,38.43895],[140.64279,38.43687],[140.64596,38.43686],[140.65177,38.43784],[140.65382,38.43717],[140.65917,38.43221],[140.67055,38.43273],[140.67688,38.4308],[140.6825,38.42656],[140.68579,38.42645],[140.68958,38.42558],[140.69248,38.42592],[140.69589,38.42529],[140.69705,38.42229],[140.69798,38.42144],[140.6969,38.41961],[140.69687,38.41564]]]}},{"type":"Feature","properties":{"code":"04422","name":"黒川郡大郷町","pref":"宮城県","pref_code":"04","cx":141.01766,"cy":38.43549,"bbox":[140.94757,38.36278,141.06166,38.5059]},"geometry":{"type":"Polygon","coordinates":[[[140.94908,38.48988],[140.95054,38.48993],[140.9536,38.48895],[140.95561,38.48636],[140.95374,38.4837],[140.94957,38.48095],[140.95028,38.47953],[140.94935,38.47806],[140.95039,38.47668],[140.95253,38.47559],[140.9544,38.47605],[140.95802,38.47506],[140.96116,38.47118],[140.96107,38.4687],[140.96011,38.46752],[140.96042,38.46527],[140.96274,38.46064],[140.96355,38.45668],[140.96201,38.4562],[140.96436,38.45084],[140.96594,38.44966],[140.9662,38.44798],[140.96822,38.44568],[140.97166,38.44645],[140.97394,38.44405],[140.97871,38.44455],[140.97908,38.44279],[140.98159,38.44068],[140.9742,38.43678],[140.97329,38.4342],[140.9702,38.43253],[140.97159,38.43038],[140.97187,38.42733],[140.97417,38.42593],[140.97365,38.41487],[140.97328,38.41335],[140.97149,38.41326],[140.97065,38.40931],[140.97139,38.4086],[140.96757,38.40335],[140.96852,38.40225],[140.96429,38.3985],[140.96405,38.39666],[140.96601,38.39509],[140.96565,38.39299],[140.96703,38.3928],[140.96882,38.3912],[140.96674,38.38751],[140.96764,38.38541],[140.97157,38.38272],[140.97572,38.38354],[140.97771,38.38247],[140.98013,38.37899],[140.98326,38.37937],[140.98042,38.37354],[140.98419,38.37319],[140.98704,38.37465],[140.98949,38.37209],[140.99042,38.3698],[140.99285,38.36646],[140.99608,38.36465],[140.99808,38.3681],[141.00017,38.36775],[141.00291,38.36522],[141.00724,38.36591],[141.00795,38.36408],[141.01008,38.36278],[141.01122,38.36293],[141.01261,38.36479],[141.01308,38.36771],[141.01455,38.36919],[141.01606,38.37179],[141.01719,38.37221],[141.01781,38.37377],[141.01966,38.37568],[141.02257,38.37659],[141.02479,38.37806],[141.0257,38.37965],[141.02541,38.38178],[141.02634,38.38448],[141.02609,38.38554],[141.02762,38.38716],[141.02861,38.38917],[141.02982,38.38953],[141.03221,38.39205],[141.03325,38.39505],[141.03492,38.39746],[141.03692,38.39914],[141.03712,38.40288],[141.03889,38.40379],[141.04009,38.40641],[141.04349,38.40592],[141.04491,38.40672],[141.04727,38.41021],[141.04572,38.41199],[141.04637,38.41402],[141.04945,38.41606],[141.04785,38.41831],[141.05047,38.42137],[141.05232,38.4227],[141.05299,38.42651],[141.05573,38.42859],[141.05672,38.43215],[141.05984,38.43243],[141.06152,38.43384],[141.06166,38.43859],[141.06027,38.4388],[141.06053,38.44137],[141.04792,38.4433],[141.04326,38.44325],[141.03535,38.44596],[141.03119,38.44581],[141.02905,38.44502],[141.02592,38.44474],[141.03105,38.45261],[141.03428,38.45385],[141.03366,38.45839],[141.0347,38.45849],[141.03444,38.461],[141.03619,38.46224],[141.03476,38.46482],[141.03126,38.46482],[141.02731,38.46671],[141.02625,38.46804],[141.02323,38.46868],[141.02239,38.46991],[141.02066,38.47064],[141.01842,38.47254],[141.01885,38.47487],[141.01545,38.47737],[141.01419,38.4767],[141.0135,38.47502],[141.00991,38.47315],[141.00882,38.47436],[141.00689,38.47339],[141.00606,38.47524],[141.00345,38.47587],[141.00238,38.47793],[141.00108,38.47862],[141.00068,38.48262],[141.00128,38.4835],[140.9978,38.49012],[140.99782,38.49199],[140.99658,38.49222],[140.99537,38.49397],[140.99379,38.49406],[140.9907,38.4965],[140.9873,38.49695],[140.98656,38.49808],[140.98429,38.49866],[140.97901,38.50237],[140.978,38.50363],[140.96914,38.50575],[140.96688,38.50449],[140.96485,38.50476],[140.96258,38.5059],[140.95862,38.50515],[140.95696,38.50564],[140.95323,38.50041],[140.94901,38.49823],[140.94901,38.49654],[140.94784,38.49584],[140.94757,38.49326],[140.94908,38.48988]]]}},{"type":"Feature","properties":{"code":"04424","name":"黒川郡大衡村","pref":"宮城県","pref_code":"04","cx":140.87014,"cy":38.47901,"bbox":[140.78633,38.44339,140.96116,38.5136]},"geometry":{"type":"Polygon","coordinates":[[[140.89061,38.51336],[140.88946,38.5136],[140.8838,38.51257],[140.88339,38.51143],[140.88552,38.50603],[140.88443,38.50442],[140.87373,38.50151],[140.87059,38.50147],[140.86845,38.50247],[140.86453,38.50258],[140.85561,38.50679],[140.85482,38.50617],[140.85032,38.50823],[140.84945,38.50714],[140.84433,38.50743],[140.83926,38.50559],[140.83691,38.50584],[140.833,38.5052],[140.83119,38.50409],[140.81838,38.50239],[140.80228,38.49512],[140.79412,38.49444],[140.79182,38.49473],[140.7884,38.4942],[140.78816,38.4913],[140.78705,38.48989],[140.78761,38.48661],[140.78633,38.48454],[140.7882,38.48075],[140.79097,38.47848],[140.7922,38.47659],[140.79473,38.47486],[140.80172,38.47382],[140.80415,38.47389],[140.80556,38.47295],[140.8085,38.47418],[140.81017,38.47307],[140.81235,38.47281],[140.81536,38.47465],[140.81691,38.47411],[140.81974,38.46937],[140.82317,38.46846],[140.82488,38.46962],[140.82793,38.46766],[140.83062,38.46754],[140.8329,38.46595],[140.83503,38.46605],[140.8369,38.46541],[140.83801,38.46592],[140.83952,38.46458],[140.83999,38.46269],[140.83951,38.46077],[140.84346,38.45877],[140.84843,38.45828],[140.85091,38.45694],[140.85272,38.45678],[140.85612,38.45557],[140.85766,38.45362],[140.85878,38.45503],[140.86225,38.4556],[140.86346,38.45463],[140.86716,38.45421],[140.86746,38.45303],[140.87043,38.45187],[140.87237,38.45273],[140.87646,38.45241],[140.87839,38.45385],[140.88167,38.45151],[140.88355,38.45157],[140.88863,38.44805],[140.89031,38.4478],[140.89096,38.44573],[140.89504,38.44339],[140.89757,38.4452],[140.90205,38.44437],[140.90719,38.44504],[140.90677,38.44652],[140.90754,38.44843],[140.90718,38.44989],[140.90434,38.45245],[140.90712,38.45547],[140.91346,38.4568],[140.91428,38.45764],[140.91406,38.46118],[140.91442,38.46261],[140.92155,38.46561],[140.92166,38.46822],[140.92509,38.46828],[140.92641,38.46655],[140.92994,38.46606],[140.93233,38.46643],[140.93339,38.46552],[140.93487,38.46647],[140.93665,38.46661],[140.93859,38.46525],[140.94048,38.46473],[140.94351,38.46544],[140.94927,38.46844],[140.95728,38.46615],[140.95852,38.46526],[140.96042,38.46527],[140.96011,38.46752],[140.96107,38.4687],[140.96116,38.47118],[140.95802,38.47506],[140.9544,38.47605],[140.95253,38.47559],[140.95039,38.47668],[140.94935,38.47806],[140.95028,38.47953],[140.94957,38.48095],[140.95374,38.4837],[140.95561,38.48636],[140.9536,38.48895],[140.95054,38.48993],[140.94908,38.48988],[140.9457,38.48751],[140.94289,38.48643],[140.94217,38.48755],[140.93696,38.49131],[140.93528,38.48805],[140.93286,38.48699],[140.92493,38.48693],[140.92475,38.48786],[140.92276,38.48901],[140.92052,38.48902],[140.91752,38.48977],[140.91704,38.49128],[140.9103,38.4934],[140.90935,38.49453],[140.90614,38.4952],[140.90423,38.49634],[140.90557,38.49789],[140.90312,38.50002],[140.90007,38.5012],[140.89876,38.50293],[140.8953,38.50478],[140.89458,38.50653],[140.89263,38.50902],[140.89346,38.51204],[140.89061,38.51336]]]}},{"type":"Feature","properties":{"code":"04444","name":"加美郡色麻町","pref":"宮城県","pref_code":"04","cx":140.78703,"cy":38.50983,"bbox":[140.61968,38.44728,140.89061,38.5731]},"geometry":{"type":"Polygon","coordinates":[[[140.62585,38.44728],[140.65949,38.46496],[140.66171,38.46536],[140.66361,38.46696],[140.66996,38.46927],[140.67215,38.47272],[140.67381,38.47383],[140.68082,38.47678],[140.68344,38.4769],[140.68563,38.47807],[140.68595,38.47893],[140.69221,38.48151],[140.69278,38.48224],[140.69828,38.48529],[140.70149,38.48637],[140.70728,38.48529],[140.71385,38.48964],[140.71529,38.49105],[140.71778,38.49161],[140.71955,38.49274],[140.72058,38.49424],[140.72361,38.49535],[140.72997,38.49654],[140.73285,38.49626],[140.73341,38.49679],[140.73917,38.4953],[140.74254,38.49543],[140.74418,38.49641],[140.74811,38.49681],[140.7518,38.49487],[140.7623,38.49523],[140.76487,38.49462],[140.76745,38.4956],[140.77057,38.49569],[140.77121,38.49679],[140.77313,38.4967],[140.77608,38.49579],[140.78431,38.4953],[140.78678,38.49423],[140.80228,38.49512],[140.81838,38.50239],[140.83119,38.50409],[140.833,38.5052],[140.83691,38.50584],[140.83926,38.50559],[140.84433,38.50743],[140.84945,38.50714],[140.85032,38.50823],[140.85482,38.50617],[140.85561,38.50679],[140.86453,38.50258],[140.86845,38.50247],[140.87059,38.50147],[140.87373,38.50151],[140.88443,38.50442],[140.88552,38.50603],[140.88339,38.51143],[140.8838,38.51257],[140.88946,38.5136],[140.89061,38.51336],[140.88827,38.51472],[140.88757,38.51579],[140.88877,38.51997],[140.88576,38.52942],[140.88802,38.53323],[140.88529,38.53541],[140.8816,38.53556],[140.87984,38.53642],[140.87923,38.53948],[140.87442,38.54173],[140.87133,38.54246],[140.86879,38.54412],[140.86735,38.54653],[140.86877,38.54825],[140.86816,38.55012],[140.86522,38.55156],[140.85443,38.55232],[140.85076,38.5535],[140.84957,38.55657],[140.85072,38.55686],[140.84995,38.55879],[140.84873,38.55845],[140.84792,38.56044],[140.84941,38.56166],[140.84813,38.56506],[140.84619,38.56563],[140.84804,38.56721],[140.8472,38.5703],[140.8455,38.57285],[140.84233,38.57227],[140.84207,38.57121],[140.8393,38.571],[140.83775,38.5731],[140.83363,38.57277],[140.83511,38.57179],[140.83546,38.57039],[140.83708,38.56897],[140.82888,38.56792],[140.82897,38.56669],[140.8254,38.56648],[140.82263,38.56496],[140.82235,38.5665],[140.8204,38.56619],[140.8201,38.56889],[140.81899,38.57033],[140.81647,38.57032],[140.81149,38.569],[140.80752,38.56736],[140.80301,38.56725],[140.80338,38.56383],[140.79871,38.56194],[140.79585,38.56205],[140.79373,38.56087],[140.79068,38.56033],[140.7892,38.55956],[140.78663,38.55931],[140.78427,38.56005],[140.77931,38.55852],[140.77277,38.56063],[140.77167,38.56148],[140.76878,38.56135],[140.76775,38.55908],[140.76556,38.55789],[140.76081,38.55773],[140.75645,38.55378],[140.75079,38.552],[140.7478,38.54708],[140.74494,38.54544],[140.74683,38.54368],[140.74168,38.54203],[140.74118,38.53994],[140.73846,38.53859],[140.73664,38.53668],[140.73733,38.53477],[140.73975,38.53365],[140.73888,38.53157],[140.73758,38.53072],[140.73764,38.52799],[140.73507,38.52719],[140.73043,38.52434],[140.72733,38.52428],[140.72595,38.52311],[140.7212,38.5217],[140.71708,38.52216],[140.71291,38.52094],[140.70985,38.52125],[140.70896,38.52053],[140.70572,38.52104],[140.7006,38.51987],[140.69636,38.51831],[140.69415,38.5152],[140.69215,38.5143],[140.68979,38.51201],[140.69023,38.50817],[140.68998,38.50665],[140.68804,38.5049],[140.67841,38.49977],[140.67725,38.49873],[140.67568,38.49876],[140.67039,38.49484],[140.66827,38.49497],[140.66371,38.49185],[140.66282,38.48904],[140.66148,38.48712],[140.6624,38.48183],[140.65925,38.47888],[140.65458,38.47717],[140.65336,38.47578],[140.64969,38.47418],[140.64807,38.47118],[140.64608,38.4693],[140.64439,38.46655],[140.64083,38.46705],[140.63848,38.4658],[140.63366,38.46469],[140.63117,38.46336],[140.63005,38.46205],[140.62567,38.46104],[140.62079,38.46092],[140.62084,38.45923],[140.61968,38.45469],[140.6209,38.45245],[140.62251,38.45254],[140.62388,38.45099],[140.6238,38.4494],[140.62471,38.44762],[140.62585,38.44728]]]}},{"type":"Feature","properties":{"code":"04445","name":"加美郡加美町","pref":"宮城県","pref_code":"04","cx":140.72408,"cy":38.5813,"bbox":[140.53747,38.4552,140.90698,38.7081]},"geometry":{"type":"Polygon","coordinates":[[[140.62399,38.69144],[140.62308,38.69005],[140.62444,38.68767],[140.62292,38.68547],[140.62131,38.68489],[140.62125,38.68253],[140.62199,38.68123],[140.62039,38.67997],[140.61953,38.67766],[140.62076,38.67614],[140.61889,38.67296],[140.61726,38.67137],[140.61522,38.67048],[140.61437,38.66933],[140.61361,38.6653],[140.61205,38.6641],[140.61244,38.66226],[140.61165,38.66097],[140.60988,38.66069],[140.60836,38.658],[140.60606,38.65549],[140.60582,38.65296],[140.60447,38.65118],[140.60474,38.64954],[140.6058,38.64878],[140.60444,38.64724],[140.60226,38.64321],[140.60202,38.6406],[140.60048,38.63952],[140.59643,38.63884],[140.59547,38.63719],[140.59189,38.6358],[140.58994,38.63382],[140.58786,38.63394],[140.58364,38.63545],[140.57979,38.63567],[140.57817,38.63669],[140.57803,38.63801],[140.57594,38.63921],[140.57341,38.63763],[140.57112,38.63836],[140.5694,38.63821],[140.56583,38.64537],[140.56275,38.64806],[140.55739,38.64783],[140.55454,38.64712],[140.55133,38.64747],[140.54998,38.64867],[140.54665,38.6497],[140.54414,38.64814],[140.54014,38.63823],[140.53747,38.63568],[140.53764,38.63384],[140.54242,38.62927],[140.54179,38.62693],[140.54326,38.62405],[140.54687,38.62196],[140.5478,38.62032],[140.54988,38.61968],[140.54887,38.61844],[140.54977,38.61631],[140.55222,38.61334],[140.55412,38.61219],[140.55653,38.61196],[140.56034,38.60945],[140.56212,38.60725],[140.56228,38.60491],[140.55964,38.60355],[140.55827,38.60227],[140.55925,38.60073],[140.55845,38.59764],[140.56113,38.59708],[140.56243,38.59612],[140.56696,38.59462],[140.56955,38.59422],[140.56789,38.59001],[140.572,38.58662],[140.57212,38.58407],[140.57096,38.58244],[140.571,38.58026],[140.57289,38.57905],[140.57364,38.57632],[140.57549,38.57465],[140.57511,38.57217],[140.57687,38.5704],[140.57835,38.57035],[140.57864,38.56807],[140.57551,38.56659],[140.5716,38.56344],[140.56862,38.56249],[140.56663,38.55956],[140.56863,38.55847],[140.56994,38.55652],[140.56985,38.55518],[140.56781,38.55252],[140.56634,38.55166],[140.5668,38.55004],[140.5653,38.54813],[140.56474,38.54586],[140.56248,38.54506],[140.56022,38.54291],[140.55611,38.5428],[140.55408,38.54076],[140.55485,38.53708],[140.55442,38.53512],[140.5562,38.53358],[140.55515,38.5313],[140.55574,38.52995],[140.55837,38.52979],[140.56252,38.5267],[140.56835,38.52779],[140.57029,38.52621],[140.57196,38.52564],[140.5684,38.52246],[140.56778,38.51917],[140.57042,38.51767],[140.5703,38.5153],[140.56862,38.51403],[140.56602,38.51351],[140.56346,38.51064],[140.56656,38.50736],[140.56915,38.50596],[140.56933,38.50435],[140.56787,38.50317],[140.56741,38.5013],[140.57335,38.49718],[140.57369,38.49491],[140.57732,38.49371],[140.57886,38.49428],[140.57985,38.49308],[140.58372,38.49101],[140.58945,38.49039],[140.59765,38.48737],[140.599,38.48468],[140.60162,38.48384],[140.60435,38.48205],[140.60272,38.47886],[140.60361,38.47663],[140.60578,38.47482],[140.60816,38.46882],[140.60788,38.46673],[140.60629,38.46329],[140.60685,38.46087],[140.60821,38.4584],[140.61426,38.45704],[140.61669,38.45697],[140.62004,38.4552],[140.62079,38.46092],[140.62567,38.46104],[140.63005,38.46205],[140.63117,38.46336],[140.63366,38.46469],[140.63848,38.4658],[140.64083,38.46705],[140.64439,38.46655],[140.64608,38.4693],[140.64807,38.47118],[140.64969,38.47418],[140.65336,38.47578],[140.65458,38.47717],[140.65925,38.47888],[140.6624,38.48183],[140.66148,38.48712],[140.66282,38.48904],[140.66371,38.49185],[140.66827,38.49497],[140.67039,38.49484],[140.67568,38.49876],[140.67725,38.49873],[140.67841,38.49977],[140.68804,38.5049],[140.68998,38.50665],[140.69023,38.50817],[140.68979,38.51201],[140.69215,38.5143],[140.69415,38.5152],[140.69636,38.51831],[140.7006,38.51987],[140.70572,38.52104],[140.70896,38.52053],[140.70985,38.52125],[140.71291,38.52094],[140.71708,38.52216],[140.7212,38.5217],[140.72595,38.52311],[140.72733,38.52428],[140.73043,38.52434],[140.73507,38.52719],[140.73764,38.52799],[140.73758,38.53072],[140.73888,38.53157],[140.73975,38.53365],[140.73733,38.53477],[140.73664,38.53668],[140.73846,38.53859],[140.74118,38.53994],[140.74168,38.54203],[140.74683,38.54368],[140.74494,38.54544],[140.7478,38.54708],[140.75079,38.552],[140.75645,38.55378],[140.76081,38.55773],[140.76556,38.55789],[140.76775,38.55908],[140.76878,38.56135],[140.77167,38.56148],[140.77277,38.56063],[140.77931,38.55852],[140.78427,38.56005],[140.78663,38.55931],[140.7892,38.55956],[140.79068,38.56033],[140.79373,38.56087],[140.79585,38.56205],[140.79871,38.56194],[140.80338,38.56383],[140.80301,38.56725],[140.80752,38.56736],[140.81149,38.569],[140.81647,38.57032],[140.81899,38.57033],[140.8201,38.56889],[140.8204,38.56619],[140.82235,38.5665],[140.82263,38.56496],[140.8254,38.56648],[140.82897,38.56669],[140.82888,38.56792],[140.83708,38.56897],[140.83546,38.57039],[140.83511,38.57179],[140.83363,38.57277],[140.83775,38.5731],[140.8393,38.571],[140.84207,38.57121],[140.84233,38.57227],[140.8455,38.57285],[140.8472,38.5703],[140.84804,38.56721],[140.84619,38.56563],[140.84813,38.56506],[140.84941,38.56166],[140.84792,38.56044],[140.84873,38.55845],[140.84995,38.55879],[140.85072,38.55686],[140.84957,38.55657],[140.85076,38.5535],[140.85443,38.55232],[140.86522,38.55156],[140.86816,38.55012],[140.86877,38.54825],[140.86735,38.54653],[140.86879,38.54412],[140.87133,38.54246],[140.87442,38.54173],[140.87923,38.53948],[140.87984,38.53642],[140.8816,38.53556],[140.88529,38.53541],[140.88802,38.53323],[140.88999,38.53309],[140.89337,38.53143],[140.8944,38.53224],[140.89167,38.53357],[140.89203,38.53476],[140.89493,38.53868],[140.89653,38.53854],[140.89778,38.55502],[140.89949,38.55648],[140.89951,38.55783],[140.89609,38.55795],[140.89568,38.55982],[140.8973,38.56107],[140.90005,38.56025],[140.90296,38.56027],[140.90383,38.562],[140.90652,38.56289],[140.90698,38.56431],[140.90511,38.56863],[140.89694,38.57121],[140.88743,38.57528],[140.88405,38.57448],[140.88191,38.57524],[140.8793,38.57902],[140.87662,38.57988],[140.87757,38.58235],[140.87673,38.58266],[140.87661,38.58626],[140.87442,38.58901],[140.87336,38.5912],[140.87582,38.59257],[140.87875,38.59898],[140.87682,38.60065],[140.87789,38.60128],[140.87572,38.60481],[140.8716,38.60876],[140.8706,38.61221],[140.86322,38.61365],[140.8633,38.61537],[140.86176,38.61777],[140.8582,38.62153],[140.85571,38.62255],[140.85203,38.62561],[140.85031,38.62625],[140.84797,38.63015],[140.83667,38.6363],[140.8343,38.63669],[140.83105,38.6381],[140.8239,38.64518],[140.82234,38.6477],[140.81964,38.64943],[140.81555,38.65435],[140.81184,38.65594],[140.8108,38.65715],[140.8068,38.6584],[140.80293,38.66217],[140.79951,38.66445],[140.79936,38.666],[140.79792,38.66802],[140.79361,38.66958],[140.78917,38.67298],[140.78496,38.67534],[140.78392,38.67727],[140.77878,38.68301],[140.77331,38.68791],[140.7673,38.69194],[140.7638,38.68577],[140.75538,38.68631],[140.75337,38.68533],[140.75175,38.68665],[140.75038,38.68615],[140.74898,38.6885],[140.74725,38.6894],[140.74546,38.68896],[140.74349,38.69055],[140.7437,38.69176],[140.74134,38.6946],[140.74101,38.69618],[140.7352,38.69848],[140.73381,38.69848],[140.73183,38.69984],[140.72947,38.69987],[140.72801,38.70225],[140.72837,38.70375],[140.7262,38.70715],[140.72504,38.70689],[140.72189,38.7081],[140.71776,38.70783],[140.71676,38.70719],[140.71302,38.70795],[140.70943,38.70683],[140.70828,38.70584],[140.7092,38.70346],[140.70822,38.70285],[140.70873,38.7008],[140.70499,38.69982],[140.70298,38.70145],[140.70209,38.70101],[140.70216,38.69912],[140.69869,38.69962],[140.69439,38.69905],[140.6933,38.70022],[140.69111,38.70015],[140.68788,38.70175],[140.6857,38.70118],[140.68299,38.70121],[140.67865,38.70015],[140.67686,38.69804],[140.67762,38.69492],[140.67342,38.69081],[140.67105,38.69013],[140.67087,38.68894],[140.6633,38.68719],[140.66104,38.68898],[140.65879,38.68992],[140.65841,38.69454],[140.657,38.69628],[140.65709,38.69836],[140.65282,38.69838],[140.65068,38.69993],[140.64655,38.69861],[140.64483,38.69853],[140.64267,38.69635],[140.64069,38.69596],[140.63941,38.69299],[140.63786,38.69189],[140.63795,38.69055],[140.63554,38.68938],[140.63214,38.69066],[140.62938,38.69103],[140.62629,38.69255],[140.62399,38.69144]]]}},{"type":"Feature","properties":{"code":"04501","name":"遠田郡涌谷町","pref":"宮城県","pref_code":"04","cx":141.16418,"cy":38.55712,"bbox":[141.06656,38.51054,141.23105,38.60363]},"geometry":{"type":"Polygon","coordinates":[[[141.23105,38.54727],[141.22944,38.55004],[141.22886,38.55318],[141.22916,38.55697],[141.22654,38.55962],[141.22615,38.56128],[141.22466,38.56247],[141.22338,38.56591],[141.22032,38.56699],[141.21693,38.56917],[141.21447,38.5685],[141.21029,38.56914],[141.20849,38.57092],[141.20639,38.57194],[141.2036,38.57202],[141.20123,38.5764],[141.19939,38.57715],[141.19266,38.58182],[141.19556,38.58156],[141.19599,38.58769],[141.19632,38.58836],[141.20065,38.58928],[141.20087,38.59397],[141.19652,38.5962],[141.19328,38.59675],[141.1911,38.59914],[141.17924,38.60363],[141.17458,38.59626],[141.16841,38.59832],[141.16184,38.59838],[141.15887,38.59935],[141.15295,38.59992],[141.14519,38.6028],[141.14201,38.60265],[141.13954,38.60099],[141.13871,38.59929],[141.1374,38.59906],[141.13654,38.59735],[141.13499,38.59761],[141.13348,38.59503],[141.13187,38.59395],[141.13123,38.59133],[141.13043,38.59038],[141.13048,38.58653],[141.12754,38.58346],[141.12574,38.58234],[141.123,38.58319],[141.12063,38.58496],[141.11747,38.58537],[141.11484,38.58927],[141.10979,38.58942],[141.10857,38.59036],[141.10574,38.58897],[141.1037,38.58928],[141.10129,38.58758],[141.10119,38.58554],[141.09843,38.58436],[141.09632,38.58467],[141.0941,38.58402],[141.09121,38.58457],[141.0881,38.58309],[141.08782,38.5801],[141.08294,38.57695],[141.08193,38.57477],[141.08196,38.57193],[141.08534,38.56846],[141.08448,38.56688],[141.0918,38.56378],[141.09921,38.56172],[141.09802,38.56008],[141.10088,38.55881],[141.0993,38.55727],[141.09954,38.5564],[141.09462,38.55733],[141.09301,38.556],[141.09181,38.55293],[141.09202,38.5506],[141.08739,38.55217],[141.08441,38.55233],[141.0844,38.5505],[141.08074,38.55034],[141.08124,38.55218],[141.07643,38.55214],[141.07636,38.54776],[141.07506,38.54766],[141.07125,38.55075],[141.06896,38.55055],[141.06656,38.54867],[141.06852,38.54617],[141.0731,38.54431],[141.07816,38.54155],[141.08461,38.54097],[141.08457,38.54037],[141.09621,38.5368],[141.09511,38.53468],[141.09957,38.53364],[141.10091,38.53615],[141.11223,38.53658],[141.11257,38.5355],[141.11642,38.53753],[141.12301,38.53086],[141.1284,38.53045],[141.13226,38.52956],[141.1338,38.52733],[141.13454,38.52472],[141.13777,38.52009],[141.13743,38.51733],[141.1412,38.51479],[141.1448,38.5137],[141.14632,38.51382],[141.14964,38.51088],[141.15126,38.51054],[141.15384,38.51324],[141.15563,38.51233],[141.17169,38.51602],[141.17663,38.51999],[141.17657,38.52371],[141.17787,38.53094],[141.17879,38.53169],[141.18458,38.53199],[141.18667,38.53539],[141.18875,38.53713],[141.19653,38.54144],[141.19797,38.54151],[141.20122,38.54048],[141.20351,38.539],[141.20622,38.5385],[141.20738,38.53719],[141.21658,38.53425],[141.21935,38.53547],[141.22385,38.53426],[141.22655,38.53408],[141.229,38.53855],[141.22929,38.54157],[141.23105,38.54727]]]}},{"type":"Feature","properties":{"code":"04505","name":"遠田郡美里町","pref":"宮城県","pref_code":"04","cx":141.11628,"cy":38.51538,"bbox":[140.99268,38.43825,141.1773,38.59289]},"geometry":{"type":"Polygon","coordinates":[[[141.17663,38.51999],[141.17169,38.51602],[141.15563,38.51233],[141.15384,38.51324],[141.15126,38.51054],[141.14964,38.51088],[141.14632,38.51382],[141.1448,38.5137],[141.1412,38.51479],[141.13743,38.51733],[141.13777,38.52009],[141.13454,38.52472],[141.1338,38.52733],[141.13226,38.52956],[141.1284,38.53045],[141.12301,38.53086],[141.11642,38.53753],[141.11257,38.5355],[141.11223,38.53658],[141.10091,38.53615],[141.09957,38.53364],[141.09511,38.53468],[141.09621,38.5368],[141.08457,38.54037],[141.08461,38.54097],[141.07816,38.54155],[141.0731,38.54431],[141.06852,38.54617],[141.06656,38.54867],[141.06896,38.55055],[141.07125,38.55075],[141.07506,38.54766],[141.07636,38.54776],[141.07643,38.55214],[141.08124,38.55218],[141.08074,38.55034],[141.0844,38.5505],[141.08441,38.55233],[141.08739,38.55217],[141.09202,38.5506],[141.09181,38.55293],[141.09301,38.556],[141.08953,38.55671],[141.08692,38.5592],[141.08326,38.56045],[141.08138,38.56258],[141.07728,38.56388],[141.06023,38.56103],[141.05869,38.56167],[141.05991,38.56404],[141.05949,38.56631],[141.05291,38.56607],[141.05281,38.56765],[141.05049,38.56786],[141.05035,38.57062],[141.05243,38.5707],[141.05258,38.57372],[141.04737,38.5738],[141.04725,38.57692],[141.05019,38.57703],[141.05127,38.58978],[141.04786,38.59038],[141.03624,38.59092],[141.02939,38.58886],[141.02606,38.59001],[141.01272,38.59289],[141.01137,38.58909],[141.00934,38.58954],[141.00764,38.58809],[141.006,38.58817],[141.00337,38.58401],[141.01029,38.58358],[141.01193,38.58597],[141.01488,38.58594],[141.01476,38.58325],[141.01546,38.5816],[141.01573,38.57893],[141.01418,38.57824],[141.01265,38.56912],[141.01418,38.56832],[141.01335,38.56658],[141.0078,38.56985],[141.00422,38.57387],[141.00086,38.57513],[140.99732,38.57546],[140.99705,38.5726],[140.99536,38.56805],[140.99268,38.56818],[140.99482,38.56603],[140.99786,38.56533],[140.99547,38.56261],[140.99922,38.56058],[140.99817,38.55929],[141.00216,38.55714],[141.00374,38.55893],[141.00577,38.5575],[141.00697,38.55816],[141.01049,38.55621],[141.01103,38.55682],[141.02476,38.54937],[141.02214,38.5464],[141.01944,38.54708],[141.01856,38.54586],[141.02154,38.54294],[141.02142,38.54138],[141.0201,38.53963],[141.02143,38.5371],[141.02487,38.53791],[141.02672,38.53569],[141.02645,38.53359],[141.02389,38.53117],[141.02587,38.52793],[141.02796,38.52719],[141.03148,38.52689],[141.03472,38.52733],[141.04001,38.52908],[141.04525,38.52949],[141.04685,38.53015],[141.04911,38.53286],[141.05157,38.53285],[141.05603,38.52831],[141.05877,38.52772],[141.06474,38.52812],[141.06871,38.52763],[141.07143,38.52799],[141.07604,38.53008],[141.07815,38.52657],[141.08173,38.52501],[141.0893,38.52527],[141.09569,38.52375],[141.09835,38.52244],[141.09869,38.52041],[141.09079,38.51758],[141.09175,38.51574],[141.09303,38.51477],[141.09512,38.51449],[141.10008,38.51502],[141.10145,38.51025],[141.10281,38.50794],[141.10467,38.50744],[141.1108,38.50722],[141.11402,38.50429],[141.1161,38.50305],[141.11723,38.50168],[141.11548,38.49969],[141.11527,38.49816],[141.11694,38.49707],[141.12253,38.49534],[141.12578,38.49258],[141.12626,38.49096],[141.12622,38.48729],[141.12712,38.48556],[141.12975,38.48341],[141.1277,38.48084],[141.12799,38.47521],[141.12596,38.4711],[141.12628,38.46728],[141.12435,38.46571],[141.1207,38.46412],[141.1181,38.46177],[141.11571,38.46063],[141.1124,38.46037],[141.11053,38.45901],[141.10869,38.45527],[141.10631,38.45323],[141.10381,38.45241],[141.10478,38.45012],[141.10587,38.4504],[141.10825,38.44797],[141.10662,38.44691],[141.1077,38.44489],[141.11003,38.445],[141.11237,38.44185],[141.11499,38.44192],[141.11628,38.44334],[141.11534,38.44432],[141.11888,38.44521],[141.12793,38.44989],[141.13076,38.44641],[141.12486,38.44346],[141.12385,38.44127],[141.12881,38.43825],[141.13206,38.43884],[141.13056,38.44209],[141.13543,38.44211],[141.14072,38.44495],[141.14784,38.4505],[141.14953,38.4492],[141.15398,38.45107],[141.15665,38.4502],[141.15997,38.45254],[141.16335,38.45164],[141.16701,38.45333],[141.16827,38.45271],[141.1707,38.45377],[141.17176,38.45539],[141.17389,38.45409],[141.17577,38.45504],[141.1754,38.45702],[141.17402,38.45842],[141.1701,38.45993],[141.16724,38.46018],[141.1658,38.46082],[141.16643,38.46291],[141.16519,38.46658],[141.16394,38.4674],[141.16589,38.47039],[141.1625,38.47245],[141.16118,38.47607],[141.1622,38.47718],[141.16691,38.47932],[141.16595,38.48481],[141.17121,38.48538],[141.17038,38.48788],[141.17027,38.49011],[141.16861,38.4945],[141.16511,38.49731],[141.16394,38.49909],[141.16385,38.50149],[141.17014,38.51111],[141.17249,38.5125],[141.17255,38.51392],[141.17408,38.51463],[141.17627,38.51683],[141.1773,38.5185],[141.17663,38.51999]]]}},{"type":"Feature","properties":{"code":"04581","name":"牡鹿郡女川町","pref":"宮城県","pref_code":"04","cx":141.42867,"cy":38.43865,"bbox":[141.39986,38.38469,141.60634,38.49261]},"geometry":{"type":"MultiPolygon","coordinates":[[[[141.60633,38.392],[141.60359,38.39007],[141.60177,38.38942],[141.60303,38.38755],[141.60087,38.38682],[141.60109,38.38537],[141.6029,38.38533],[141.60453,38.38647],[141.60634,38.38912],[141.60633,38.392]]],[[[141.59223,38.40265],[141.59381,38.40099],[141.59344,38.39971],[141.59093,38.40077],[141.58978,38.39996],[141.58968,38.39786],[141.59334,38.39571],[141.59518,38.39707],[141.59876,38.39725],[141.59811,38.39992],[141.59416,38.40084],[141.59223,38.40265]]],[[[141.54934,38.40436],[141.54897,38.40228],[141.55085,38.40281],[141.54934,38.40436]]],[[[141.5833,38.40466],[141.58251,38.40442],[141.57984,38.40066],[141.58065,38.39991],[141.58231,38.40247],[141.58389,38.40395],[141.5833,38.40466]]],[[[141.5541,38.40581],[141.55191,38.40446],[141.55344,38.40319],[141.5541,38.40581]]],[[[141.59329,38.42433],[141.59252,38.42307],[141.59446,38.42237],[141.59469,38.42402],[141.59329,38.42433]]],[[[141.51796,38.46557],[141.51563,38.46275],[141.5177,38.46097],[141.51659,38.46037],[141.51625,38.45864],[141.5169,38.4573],[141.51858,38.45767],[141.51935,38.45659],[141.5179,38.45112],[141.51797,38.44943],[141.5189,38.44774],[141.5186,38.44285],[141.51968,38.44292],[141.52155,38.43971],[141.52386,38.43937],[141.52415,38.44061],[141.52601,38.44098],[141.52749,38.43988],[141.52613,38.43763],[141.53019,38.43768],[141.53008,38.43941],[141.53184,38.44131],[141.53181,38.44224],[141.53438,38.44417],[141.53467,38.44533],[141.5324,38.44605],[141.53136,38.4497],[141.52944,38.45012],[141.52999,38.45241],[141.53165,38.45348],[141.53029,38.45478],[141.52817,38.45461],[141.52762,38.45335],[141.52444,38.45409],[141.52672,38.45604],[141.52693,38.45769],[141.52332,38.46086],[141.5236,38.4626],[141.52212,38.46393],[141.51796,38.46557]]],[[[141.49722,38.47993],[141.4921,38.47982],[141.49028,38.48044],[141.48677,38.47976],[141.4839,38.4807],[141.48087,38.48092],[141.47905,38.48181],[141.47266,38.48224],[141.47251,38.48367],[141.47069,38.48466],[141.46993,38.48619],[141.47055,38.48827],[141.47011,38.48965],[141.46159,38.4904],[141.4591,38.49261],[141.45319,38.48731],[141.45229,38.48547],[141.45014,38.48486],[141.45012,38.48234],[141.44691,38.4818],[141.44016,38.47907],[141.43525,38.48172],[141.43306,38.48194],[141.43196,38.48327],[141.42529,38.48462],[141.42287,38.48592],[141.42031,38.48581],[141.4196,38.48689],[141.41689,38.48532],[141.41725,38.48416],[141.41577,38.48235],[141.41495,38.48018],[141.41551,38.47715],[141.41454,38.47499],[141.41521,38.47297],[141.41427,38.47153],[141.41219,38.47065],[141.41261,38.46801],[141.41089,38.46738],[141.40898,38.46343],[141.40886,38.46134],[141.40741,38.45879],[141.40394,38.45608],[141.40675,38.45387],[141.40539,38.44934],[141.40624,38.4483],[141.40608,38.44539],[141.40437,38.44259],[141.40433,38.44071],[141.4011,38.43829],[141.40031,38.43661],[141.39986,38.41944],[141.40935,38.41677],[141.41255,38.41283],[141.41224,38.41124],[141.41887,38.41088],[141.42084,38.40982],[141.42221,38.4114],[141.42532,38.412],[141.42622,38.41387],[141.42772,38.41485],[141.42937,38.41408],[141.43237,38.41523],[141.43394,38.41378],[141.43618,38.41364],[141.44035,38.41225],[141.44322,38.41045],[141.44484,38.41092],[141.44869,38.41019],[141.45097,38.40749],[141.45146,38.40329],[141.45032,38.40187],[141.45197,38.39952],[141.45195,38.39569],[141.45076,38.39294],[141.45541,38.39211],[141.45661,38.39253],[141.45849,38.391],[141.45873,38.38723],[141.45984,38.38616],[141.46201,38.38613],[141.46762,38.38484],[141.47245,38.38513],[141.47513,38.38469],[141.47844,38.38893],[141.48143,38.39055],[141.48227,38.39162],[141.48463,38.39154],[141.48812,38.3933],[141.4925,38.39258],[141.49796,38.38902],[141.50306,38.39398],[141.50331,38.39542],[141.50618,38.39758],[141.5054,38.39953],[141.50691,38.40088],[141.50615,38.40244],[141.50436,38.40065],[141.50087,38.4034],[141.50147,38.40493],[141.50099,38.40647],[141.50194,38.40816],[141.50407,38.40951],[141.50303,38.41439],[141.50125,38.41525],[141.49938,38.41521],[141.49676,38.41143],[141.49398,38.41137],[141.49187,38.40941],[141.49091,38.40581],[141.48846,38.40492],[141.48703,38.40546],[141.48019,38.3985],[141.47739,38.39883],[141.4756,38.39792],[141.47449,38.39533],[141.47301,38.39403],[141.47001,38.39418],[141.4665,38.39709],[141.4655,38.39879],[141.46626,38.40032],[141.4691,38.40233],[141.47072,38.40445],[141.46975,38.40596],[141.47229,38.4079],[141.47336,38.40931],[141.47449,38.41341],[141.47355,38.41446],[141.47198,38.41403],[141.47032,38.41522],[141.4714,38.41655],[141.47272,38.41653],[141.47474,38.41873],[141.47497,38.41975],[141.47173,38.42552],[141.46845,38.42459],[141.46765,38.42361],[141.46505,38.4242],[141.46357,38.42384],[141.46395,38.42689],[141.46582,38.42848],[141.46546,38.43074],[141.46333,38.4333],[141.45901,38.43483],[141.45892,38.43592],[141.45544,38.43893],[141.45462,38.44121],[141.44809,38.44128],[141.44739,38.44389],[141.44851,38.44576],[141.45285,38.44359],[141.45425,38.44383],[141.45377,38.4455],[141.45532,38.44585],[141.4558,38.44418],[141.4576,38.44438],[141.45984,38.44545],[141.46253,38.44423],[141.46475,38.44177],[141.46614,38.44097],[141.46695,38.43897],[141.46829,38.43859],[141.47128,38.43935],[141.4717,38.44044],[141.47474,38.44063],[141.47542,38.43871],[141.47707,38.44048],[141.4793,38.44035],[141.47995,38.43883],[141.48243,38.43693],[141.48551,38.43771],[141.48476,38.43854],[141.48704,38.43983],[141.48729,38.44234],[141.48995,38.44306],[141.48979,38.44098],[141.49365,38.44058],[141.49475,38.43973],[141.49633,38.44068],[141.49429,38.44212],[141.49623,38.44416],[141.49736,38.44332],[141.50167,38.44357],[141.50209,38.44493],[141.50517,38.44507],[141.50776,38.44631],[141.50999,38.44942],[141.51268,38.45001],[141.51107,38.45252],[141.50894,38.44944],[141.50738,38.44826],[141.50549,38.44798],[141.50295,38.44677],[141.50147,38.44752],[141.50212,38.44892],[141.50197,38.45076],[141.49933,38.45005],[141.49792,38.44869],[141.4966,38.44934],[141.49702,38.45269],[141.49506,38.45275],[141.49418,38.45373],[141.49467,38.45619],[141.50019,38.45781],[141.50032,38.4594],[141.50146,38.46059],[141.49884,38.46118],[141.49772,38.4604],[141.49536,38.4607],[141.49288,38.4601],[141.49227,38.46241],[141.48967,38.46204],[141.48851,38.46082],[141.48561,38.4608],[141.48239,38.4624],[141.47698,38.46317],[141.47573,38.46639],[141.47607,38.46782],[141.47963,38.46904],[141.48003,38.46976],[141.48363,38.47125],[141.48501,38.47029],[141.48889,38.46902],[141.49025,38.47149],[141.49425,38.47366],[141.49485,38.47594],[141.49654,38.47639],[141.49859,38.47857],[141.49722,38.47993]]]]}},{"type":"Feature","properties":{"code":"04606","name":"本吉郡南三陸町","pref":"宮城県","pref_code":"04","cx":141.41504,"cy":38.67311,"bbox":[141.36773,38.5931,141.56625,38.75348]},"geometry":{"type":"MultiPolygon","coordinates":[[[[141.48919,38.65283],[141.48705,38.65147],[141.487,38.65032],[141.49066,38.65104],[141.48919,38.65283]]],[[[141.52846,38.63027],[141.52837,38.63283],[141.52974,38.63591],[141.52848,38.63747],[141.52545,38.63718],[141.52351,38.63617],[141.52239,38.6376],[141.52005,38.63712],[141.51686,38.63784],[141.51344,38.63783],[141.51308,38.63685],[141.51035,38.63632],[141.50792,38.63879],[141.50697,38.63725],[141.50502,38.63721],[141.50328,38.63813],[141.50455,38.64004],[141.5037,38.64112],[141.50163,38.64054],[141.49933,38.6406],[141.49715,38.64149],[141.49616,38.64503],[141.49433,38.64309],[141.49189,38.64193],[141.48994,38.64264],[141.49017,38.6441],[141.48834,38.64463],[141.48647,38.64308],[141.4855,38.64141],[141.48359,38.64153],[141.48176,38.64324],[141.47903,38.64382],[141.47672,38.64515],[141.47458,38.64424],[141.46928,38.64514],[141.46425,38.64791],[141.46244,38.64642],[141.46125,38.6422],[141.45923,38.64217],[141.45852,38.64005],[141.45734,38.63986],[141.45675,38.64254],[141.45539,38.64234],[141.45206,38.64394],[141.4508,38.64304],[141.44828,38.64278],[141.44291,38.64368],[141.44117,38.64645],[141.44353,38.64929],[141.44354,38.65089],[141.44529,38.65271],[141.44578,38.65403],[141.45015,38.65745],[141.44818,38.65934],[141.44613,38.66253],[141.44557,38.66424],[141.44619,38.66884],[141.44478,38.67107],[141.44426,38.67354],[141.44799,38.67333],[141.44901,38.67397],[141.4537,38.67382],[141.45566,38.67289],[141.45774,38.6701],[141.46123,38.67022],[141.46365,38.67161],[141.46482,38.67385],[141.46654,38.67443],[141.46763,38.67346],[141.46914,38.67425],[141.47321,38.67739],[141.47324,38.67919],[141.47602,38.67984],[141.4808,38.67746],[141.48181,38.67533],[141.48369,38.67593],[141.48664,38.676],[141.48837,38.6779],[141.48999,38.67619],[141.49303,38.6762],[141.49298,38.67362],[141.49469,38.67401],[141.49527,38.67569],[141.4945,38.67652],[141.49518,38.67843],[141.49709,38.68043],[141.49587,38.68094],[141.49119,38.68632],[141.49006,38.6896],[141.49115,38.69053],[141.49489,38.68957],[141.497,38.69018],[141.49914,38.69535],[141.50096,38.69296],[141.50124,38.69079],[141.50516,38.69093],[141.50798,38.68974],[141.50821,38.68824],[141.50945,38.68757],[141.50884,38.68585],[141.51097,38.68618],[141.51051,38.68741],[141.51274,38.68759],[141.51493,38.6891],[141.51635,38.68933],[141.51884,38.69317],[141.51852,38.69512],[141.51714,38.69505],[141.51729,38.69786],[141.51882,38.6981],[141.52171,38.70408],[141.52292,38.7042],[141.52316,38.7064],[141.52059,38.70746],[141.52209,38.71004],[141.52518,38.70998],[141.52403,38.7136],[141.52226,38.71588],[141.52577,38.71717],[141.52808,38.71702],[141.52996,38.71616],[141.53109,38.71667],[141.53227,38.71503],[141.53366,38.71452],[141.53591,38.71053],[141.53483,38.70908],[141.53617,38.70545],[141.53771,38.70736],[141.53823,38.70954],[141.54173,38.70845],[141.54501,38.71125],[141.5487,38.71162],[141.55436,38.70849],[141.55773,38.70575],[141.55842,38.70439],[141.55703,38.70339],[141.55894,38.70153],[141.55682,38.69907],[141.55481,38.69793],[141.55426,38.69542],[141.55758,38.69375],[141.55764,38.69188],[141.56031,38.69009],[141.56178,38.69161],[141.56129,38.69399],[141.55966,38.69545],[141.56136,38.6967],[141.56399,38.6977],[141.56353,38.69847],[141.56467,38.70033],[141.56284,38.70367],[141.56438,38.70532],[141.56581,38.70546],[141.56613,38.70735],[141.5655,38.70938],[141.56625,38.71133],[141.56543,38.71238],[141.56334,38.71303],[141.5617,38.71282],[141.56076,38.71389],[141.55866,38.71458],[141.55672,38.71909],[141.5577,38.72002],[141.55866,38.72333],[141.56297,38.7248],[141.56401,38.72572],[141.56609,38.72515],[141.56586,38.72834],[141.56349,38.72894],[141.56163,38.73138],[141.5642,38.73313],[141.5656,38.73331],[141.56498,38.73525],[141.56582,38.73724],[141.56446,38.73793],[141.5654,38.73952],[141.56438,38.74028],[141.56266,38.7388],[141.55925,38.73714],[141.55299,38.73872],[141.55147,38.73732],[141.55229,38.73628],[141.54816,38.73334],[141.54601,38.73352],[141.54497,38.73555],[141.54709,38.73617],[141.54652,38.73908],[141.54313,38.7398],[141.5418,38.73916],[141.53986,38.73959],[141.53933,38.74093],[141.53739,38.73976],[141.53653,38.74107],[141.53727,38.74361],[141.53989,38.74323],[141.54062,38.7457],[141.5399,38.74728],[141.53748,38.74822],[141.53111,38.74793],[141.53023,38.74857],[141.52665,38.74715],[141.52403,38.74742],[141.52205,38.74871],[141.51728,38.74834],[141.51677,38.7469],[141.51512,38.74637],[141.51247,38.74699],[141.50825,38.74517],[141.50631,38.74552],[141.50354,38.7447],[141.50125,38.7425],[141.5001,38.74252],[141.49901,38.74459],[141.49654,38.74588],[141.4928,38.7462],[141.48661,38.74568],[141.48327,38.74838],[141.48144,38.74926],[141.48028,38.75164],[141.4755,38.75348],[141.47388,38.75277],[141.4705,38.75231],[141.46718,38.75063],[141.46608,38.74792],[141.46399,38.7465],[141.46371,38.74505],[141.46001,38.7443],[141.45876,38.74457],[141.45732,38.74251],[141.45418,38.7421],[141.45111,38.74525],[141.4502,38.74497],[141.44788,38.74609],[141.44671,38.74571],[141.4417,38.74863],[141.43705,38.74503],[141.43564,38.74505],[141.43514,38.74253],[141.43255,38.7407],[141.43114,38.74039],[141.42827,38.74136],[141.42549,38.74115],[141.42389,38.74008],[141.42196,38.74006],[141.41878,38.74132],[141.41516,38.74102],[141.41407,38.73963],[141.41442,38.73891],[141.41189,38.73591],[141.40584,38.73592],[141.40204,38.7345],[141.40014,38.7344],[141.39887,38.73337],[141.39634,38.73282],[141.39207,38.731],[141.39347,38.72827],[141.39333,38.72584],[141.39108,38.72545],[141.38941,38.72378],[141.38494,38.72364],[141.38366,38.72216],[141.38036,38.72155],[141.37793,38.72237],[141.3779,38.72015],[141.37427,38.71881],[141.37245,38.71918],[141.36868,38.71881],[141.36941,38.71606],[141.36869,38.71481],[141.37177,38.71066],[141.37181,38.70927],[141.36997,38.70713],[141.37045,38.705],[141.36986,38.70357],[141.37121,38.70171],[141.37015,38.6987],[141.3717,38.69534],[141.37103,38.69264],[141.36773,38.68986],[141.37122,38.68936],[141.37224,38.68802],[141.37432,38.68918],[141.37475,38.68571],[141.37329,38.68207],[141.37212,38.68207],[141.37267,38.67919],[141.37251,38.67671],[141.37481,38.67707],[141.37552,38.67639],[141.379,38.67648],[141.38064,38.677],[141.38212,38.67592],[141.38367,38.67582],[141.38417,38.67435],[141.38574,38.67374],[141.3857,38.67195],[141.3837,38.67044],[141.38213,38.67012],[141.37962,38.66782],[141.37676,38.66779],[141.37619,38.66602],[141.37728,38.66336],[141.37629,38.66116],[141.37545,38.65741],[141.37614,38.65616],[141.37581,38.65408],[141.37812,38.65087],[141.37931,38.65083],[141.38049,38.64788],[141.38614,38.64591],[141.38783,38.64344],[141.3886,38.64059],[141.39042,38.6385],[141.38965,38.63635],[141.39192,38.63306],[141.39222,38.63154],[141.39408,38.63062],[141.39393,38.62914],[141.39562,38.62685],[141.3974,38.62561],[141.40347,38.62433],[141.40243,38.62085],[141.39995,38.61627],[141.4002,38.6128],[141.39935,38.61068],[141.40148,38.60939],[141.40675,38.6097],[141.40934,38.61103],[141.4102,38.60981],[141.41594,38.60565],[141.40892,38.60313],[141.40713,38.60183],[141.4063,38.5997],[141.40671,38.59798],[141.40883,38.597],[141.41063,38.59695],[141.4119,38.59778],[141.41489,38.59659],[141.41517,38.59541],[141.41687,38.59393],[141.42003,38.59405],[141.42606,38.5931],[141.43177,38.59658],[141.43663,38.59753],[141.43719,38.59929],[141.43888,38.60041],[141.44029,38.60032],[141.44393,38.60183],[141.44376,38.6028],[141.44625,38.60314],[141.44802,38.60414],[141.44617,38.60836],[141.44747,38.60946],[141.45183,38.60963],[141.45306,38.61045],[141.45677,38.60975],[141.45785,38.61004],[141.45879,38.61235],[141.46096,38.61494],[141.46329,38.61512],[141.46723,38.61664],[141.46947,38.61804],[141.47014,38.6194],[141.4743,38.62085],[141.48472,38.61955],[141.48573,38.61864],[141.48845,38.62055],[141.49008,38.62057],[141.4935,38.62293],[141.49503,38.62081],[141.49727,38.61954],[141.49849,38.61728],[141.5004,38.61707],[141.50398,38.61547],[141.50845,38.61479],[141.50907,38.61692],[141.51413,38.62203],[141.51414,38.62313],[141.51612,38.62626],[141.51872,38.62765],[141.52118,38.63115],[141.52304,38.63242],[141.52603,38.63182],[141.52846,38.63027]]]]}},{"type":"Feature","properties":{"code":"05201","name":"秋田市","pref":"秋田県","pref_code":"05","cx":140.18555,"cy":39.66152,"bbox":[140.03339,39.44888,140.51561,39.86503]},"geometry":{"type":"Polygon","coordinates":[[[140.21591,39.86314],[140.20805,39.86503],[140.20045,39.86394],[140.19778,39.85979],[140.19904,39.85558],[140.18629,39.8483],[140.17519,39.84475],[140.16665,39.84469],[140.15525,39.84958],[140.14716,39.84469],[140.14055,39.84653],[140.1329,39.8449],[140.11753,39.8507],[140.10797,39.84225],[140.09873,39.84113],[140.09352,39.83529],[140.08612,39.84547],[140.08088,39.8446],[140.07605,39.85049],[140.07765,39.85386],[140.07249,39.85751],[140.06634,39.85574],[140.06617,39.85041],[140.05946,39.8473],[140.05628,39.85158],[140.04921,39.84914],[140.04873,39.84459],[140.05493,39.82876],[140.05569,39.80704],[140.03404,39.80449],[140.03845,39.7886],[140.04234,39.78285],[140.03339,39.78103],[140.03663,39.77142],[140.04932,39.7741],[140.04818,39.76797],[140.05074,39.76124],[140.04744,39.75711],[140.04628,39.7495],[140.04853,39.74067],[140.05404,39.73887],[140.05776,39.7296],[140.05925,39.72066],[140.0598,39.69834],[140.06193,39.67569],[140.06298,39.65442],[140.0627,39.63541],[140.05966,39.59779],[140.0681,39.5983],[140.07565,39.59479],[140.07765,39.58802],[140.08667,39.57995],[140.09921,39.58599],[140.10794,39.58201],[140.11275,39.57727],[140.12204,39.57607],[140.12263,39.57033],[140.13809,39.56858],[140.14857,39.57037],[140.15949,39.55859],[140.16096,39.55178],[140.16739,39.54799],[140.16495,39.54256],[140.15613,39.5378],[140.16826,39.53265],[140.17121,39.53483],[140.18586,39.53842],[140.18861,39.53406],[140.18524,39.52841],[140.18403,39.52139],[140.17811,39.51244],[140.181,39.50365],[140.18701,39.50324],[140.19823,39.49744],[140.21142,39.49571],[140.21571,39.49798],[140.21979,39.49382],[140.22887,39.49056],[140.22231,39.48733],[140.22079,39.4816],[140.223,39.46754],[140.23242,39.47001],[140.2392,39.46695],[140.23442,39.46003],[140.24055,39.45467],[140.24983,39.45421],[140.25881,39.44888],[140.26191,39.45178],[140.26897,39.44957],[140.2789,39.451],[140.28181,39.45546],[140.28142,39.46765],[140.2764,39.47488],[140.27113,39.47869],[140.26609,39.48555],[140.27539,39.49186],[140.26847,39.49909],[140.27046,39.50371],[140.26312,39.51208],[140.25224,39.51326],[140.24886,39.51943],[140.24673,39.53845],[140.24149,39.54389],[140.2282,39.54349],[140.22731,39.54793],[140.23274,39.5509],[140.23297,39.55999],[140.23944,39.56259],[140.24349,39.57315],[140.25438,39.57543],[140.25618,39.57801],[140.25435,39.58699],[140.25804,39.59342],[140.26197,39.59413],[140.26815,39.60155],[140.26756,39.60985],[140.27693,39.61572],[140.27749,39.62195],[140.28418,39.62515],[140.2857,39.63714],[140.28437,39.64054],[140.27153,39.63976],[140.26726,39.64443],[140.27083,39.65351],[140.28606,39.65401],[140.2922,39.65544],[140.29529,39.64881],[140.30905,39.6476],[140.31033,39.65563],[140.30661,39.66741],[140.31119,39.67287],[140.3223,39.67634],[140.32553,39.6806],[140.33826,39.67645],[140.34347,39.67674],[140.34215,39.68365],[140.34771,39.69129],[140.35273,39.69079],[140.36401,39.69515],[140.37235,39.69291],[140.39242,39.69992],[140.39533,39.70441],[140.40699,39.70686],[140.41417,39.71451],[140.41928,39.71506],[140.4309,39.71047],[140.43229,39.70748],[140.44712,39.70514],[140.47478,39.7169],[140.48326,39.71754],[140.49228,39.72358],[140.49649,39.72373],[140.5032,39.72622],[140.50879,39.7325],[140.5087,39.74043],[140.51561,39.74779],[140.51018,39.75467],[140.50628,39.76791],[140.49007,39.78074],[140.48351,39.79441],[140.48037,39.79653],[140.47535,39.79565],[140.46724,39.8103],[140.46079,39.81518],[140.45987,39.82246],[140.45236,39.82447],[140.4446,39.82214],[140.43123,39.82027],[140.43079,39.82409],[140.41663,39.8287],[140.40399,39.82912],[140.40078,39.83485],[140.37863,39.83397],[140.37221,39.83582],[140.36358,39.82789],[140.35568,39.82622],[140.34678,39.81589],[140.34914,39.81148],[140.3404,39.80458],[140.32539,39.79988],[140.32056,39.79648],[140.31093,39.79718],[140.31439,39.80752],[140.31358,39.81317],[140.30864,39.81674],[140.31068,39.82031],[140.30673,39.82994],[140.29646,39.83295],[140.28817,39.83077],[140.28178,39.83497],[140.27377,39.82738],[140.25889,39.83001],[140.25072,39.82757],[140.24295,39.83193],[140.23931,39.83898],[140.23379,39.84156],[140.22659,39.85355],[140.22266,39.85501],[140.22272,39.86097],[140.21591,39.86314]]]}},{"type":"Feature","properties":{"code":"05202","name":"能代市","pref":"秋田県","pref_code":"05","cx":140.14334,"cy":40.21061,"bbox":[139.97258,40.0475,140.29937,40.37425]},"geometry":{"type":"Polygon","coordinates":[[[140.15617,40.37411],[140.15073,40.37425],[140.15232,40.36791],[140.15046,40.35779],[140.14535,40.34885],[140.13793,40.34278],[140.13487,40.33786],[140.13567,40.32975],[140.14069,40.32415],[140.1347,40.31575],[140.13703,40.30106],[140.14161,40.29388],[140.13426,40.28782],[140.1386,40.28193],[140.1339,40.27073],[140.13457,40.26588],[140.13128,40.26169],[140.1232,40.26099],[140.10308,40.25646],[140.09866,40.25171],[140.09253,40.25236],[140.0924,40.25722],[140.08334,40.25969],[140.07911,40.25428],[140.07582,40.26401],[140.06725,40.26414],[140.06685,40.26905],[140.04717,40.27003],[140.04117,40.27507],[140.03347,40.27096],[140.02972,40.26307],[140.01566,40.26446],[140.01086,40.24457],[140.0069,40.23628],[140.0049,40.22448],[140.00077,40.22019],[140.00522,40.21137],[139.9978,40.20985],[139.99499,40.19925],[139.98842,40.20021],[139.98397,40.18353],[139.99211,40.18225],[139.99215,40.17579],[139.98094,40.14463],[139.97258,40.12514],[139.98145,40.12378],[140.00669,40.12224],[140.01896,40.12579],[140.02634,40.12494],[140.02634,40.13265],[140.03162,40.13681],[140.04137,40.15348],[140.04805,40.14955],[140.06845,40.15727],[140.0864,40.14837],[140.09312,40.14968],[140.09791,40.14603],[140.10871,40.14267],[140.11283,40.13563],[140.12133,40.12899],[140.13365,40.13199],[140.14562,40.12773],[140.15518,40.12786],[140.16172,40.13156],[140.17813,40.13199],[140.18821,40.12888],[140.1846,40.123],[140.18472,40.11823],[140.17716,40.11209],[140.17469,40.09785],[140.18173,40.09378],[140.18436,40.08251],[140.19312,40.08056],[140.19008,40.0676],[140.19978,40.06777],[140.2066,40.07059],[140.21489,40.06923],[140.2162,40.06068],[140.23034,40.04937],[140.23667,40.0475],[140.24241,40.05174],[140.23939,40.05533],[140.24038,40.06046],[140.2502,40.06345],[140.25005,40.0688],[140.25423,40.07135],[140.25116,40.0726],[140.2544,40.0805],[140.25456,40.08617],[140.24685,40.08869],[140.25012,40.09921],[140.24293,40.11187],[140.24769,40.11741],[140.24704,40.12631],[140.25027,40.13156],[140.24796,40.13472],[140.25654,40.15212],[140.25302,40.16881],[140.2549,40.18289],[140.26582,40.18349],[140.27095,40.18878],[140.2735,40.19633],[140.28303,40.19522],[140.29487,40.19801],[140.29937,40.20524],[140.29195,40.20629],[140.2786,40.21478],[140.28286,40.22458],[140.27353,40.23599],[140.27601,40.24171],[140.2718,40.24475],[140.25872,40.24281],[140.25235,40.2403],[140.24465,40.24589],[140.2357,40.24917],[140.23195,40.24775],[140.22622,40.25417],[140.21914,40.25871],[140.22262,40.26727],[140.21298,40.26867],[140.21105,40.27419],[140.21621,40.2759],[140.21763,40.28478],[140.21377,40.28709],[140.21347,40.29755],[140.20446,40.2973],[140.20161,40.30186],[140.20187,40.31285],[140.19499,40.31977],[140.19546,40.339],[140.19775,40.34243],[140.19351,40.35023],[140.1829,40.35598],[140.17513,40.36202],[140.17179,40.36109],[140.16768,40.36966],[140.15617,40.37411]]]}},{"type":"Feature","properties":{"code":"05203","name":"横手市","pref":"秋田県","pref_code":"05","cx":140.59018,"cy":39.251,"bbox":[140.26417,39.09246,140.78866,39.40917]},"geometry":{"type":"Polygon","coordinates":[[[140.48938,39.38345],[140.48108,39.37546],[140.474,39.37345],[140.46826,39.36514],[140.46098,39.36571],[140.46245,39.3772],[140.46261,39.39232],[140.46681,39.40194],[140.46104,39.40419],[140.46122,39.40917],[140.44957,39.40596],[140.44778,39.40894],[140.44001,39.40901],[140.42979,39.40631],[140.42377,39.40002],[140.41397,39.39987],[140.4114,39.39757],[140.4013,39.39629],[140.39009,39.39864],[140.38283,39.3946],[140.38957,39.38635],[140.38748,39.38429],[140.37864,39.38624],[140.3696,39.38548],[140.3648,39.39099],[140.36378,39.39615],[140.35661,39.39559],[140.34573,39.38996],[140.34345,39.38128],[140.34004,39.37778],[140.33202,39.37557],[140.32474,39.3777],[140.32019,39.38259],[140.31194,39.37873],[140.30746,39.38012],[140.29078,39.37663],[140.27645,39.37494],[140.27015,39.37668],[140.26417,39.37364],[140.2675,39.37031],[140.27005,39.36114],[140.26886,39.35596],[140.28085,39.35767],[140.28419,39.35483],[140.29849,39.35464],[140.30033,39.34863],[140.31064,39.34757],[140.31591,39.34971],[140.32087,39.3445],[140.32812,39.34139],[140.33007,39.33578],[140.32662,39.33233],[140.33381,39.32501],[140.3405,39.32745],[140.34204,39.31745],[140.34056,39.31245],[140.35206,39.30559],[140.35409,39.2956],[140.34231,39.29517],[140.33948,39.29142],[140.33969,39.28104],[140.33311,39.27374],[140.32987,39.26148],[140.3402,39.25919],[140.34158,39.25424],[140.34676,39.25049],[140.36188,39.26039],[140.37405,39.26209],[140.3795,39.25946],[140.4017,39.26014],[140.40179,39.25618],[140.41006,39.25151],[140.41203,39.24783],[140.42529,39.24256],[140.42144,39.23962],[140.42203,39.23035],[140.42623,39.23024],[140.43016,39.2252],[140.4418,39.22575],[140.44223,39.21954],[140.4456,39.21632],[140.45726,39.2184],[140.46761,39.21764],[140.49208,39.21007],[140.50872,39.21059],[140.52574,39.20196],[140.52879,39.19741],[140.52225,39.19485],[140.52138,39.18853],[140.52571,39.17839],[140.53551,39.17296],[140.5449,39.18034],[140.54294,39.18944],[140.55995,39.1896],[140.56804,39.19353],[140.57468,39.19247],[140.58837,39.18738],[140.59413,39.18352],[140.60033,39.18399],[140.60719,39.17182],[140.60882,39.16305],[140.61438,39.16024],[140.6159,39.1528],[140.61013,39.14977],[140.61235,39.14047],[140.61705,39.13813],[140.61321,39.13291],[140.61163,39.1263],[140.61627,39.12151],[140.62171,39.12124],[140.62526,39.11218],[140.63066,39.10525],[140.63581,39.10734],[140.64499,39.10665],[140.65123,39.09929],[140.66306,39.09828],[140.67632,39.09337],[140.68213,39.09246],[140.68711,39.09977],[140.69031,39.10787],[140.68167,39.12911],[140.6856,39.13222],[140.68784,39.13881],[140.6789,39.14869],[140.66945,39.14889],[140.66468,39.15385],[140.65583,39.14723],[140.64963,39.14464],[140.63987,39.15167],[140.64346,39.15619],[140.63639,39.17351],[140.62142,39.18555],[140.62654,39.19588],[140.63738,39.19447],[140.63989,39.20143],[140.63854,39.20466],[140.64704,39.20675],[140.66072,39.2061],[140.66499,39.20927],[140.67562,39.20204],[140.67778,39.19874],[140.6916,39.18816],[140.69875,39.18676],[140.70929,39.18771],[140.71776,39.19064],[140.72221,39.1969],[140.72822,39.19948],[140.73664,39.19581],[140.7532,39.19833],[140.75977,39.20199],[140.76079,39.20589],[140.76662,39.20853],[140.76305,39.21323],[140.77047,39.22346],[140.77446,39.22315],[140.78762,39.22679],[140.78646,39.23456],[140.78866,39.23843],[140.77717,39.24157],[140.76892,39.25246],[140.75692,39.25504],[140.75135,39.26281],[140.74589,39.2615],[140.73306,39.26641],[140.72303,39.27217],[140.71783,39.27261],[140.71733,39.29651],[140.70849,39.29694],[140.70235,39.30013],[140.69359,39.29959],[140.69289,39.30305],[140.69723,39.31029],[140.69287,39.31344],[140.69404,39.31976],[140.69752,39.32176],[140.69859,39.32843],[140.70918,39.32988],[140.70324,39.34359],[140.68845,39.34752],[140.68798,39.35118],[140.69295,39.35812],[140.68841,39.35933],[140.67564,39.36834],[140.6781,39.37308],[140.67897,39.38318],[140.67543,39.3858],[140.6655,39.3843],[140.65617,39.38915],[140.65345,39.38588],[140.64333,39.38163],[140.63209,39.37862],[140.62726,39.37106],[140.61751,39.37442],[140.61567,39.38004],[140.61134,39.3812],[140.59968,39.37572],[140.59528,39.37821],[140.57229,39.38031],[140.57047,39.37671],[140.55499,39.37604],[140.55139,39.3715],[140.55024,39.36062],[140.54826,39.35698],[140.53972,39.36373],[140.53066,39.36289],[140.53333,39.35648],[140.52613,39.35757],[140.51258,39.3625],[140.50784,39.36952],[140.50139,39.37295],[140.4979,39.3783],[140.49196,39.37884],[140.48938,39.38345]]]}},{"type":"Feature","properties":{"code":"05204","name":"大館市","pref":"秋田県","pref_code":"05","cx":140.56929,"cy":40.26927,"bbox":[140.33268,40.04838,140.7442,40.48706]},"geometry":{"type":"Polygon","coordinates":[[[140.67587,40.41288],[140.66645,40.41159],[140.66429,40.40687],[140.65369,40.4036],[140.64523,40.40309],[140.63629,40.40948],[140.63293,40.41771],[140.62361,40.42452],[140.61204,40.42368],[140.60589,40.426],[140.60359,40.42992],[140.58973,40.43611],[140.58871,40.4302],[140.57561,40.42892],[140.5741,40.42614],[140.55764,40.42569],[140.55321,40.41998],[140.55936,40.41134],[140.56597,40.40647],[140.56707,40.39864],[140.55915,40.39706],[140.54735,40.40391],[140.54078,40.40268],[140.53218,40.41128],[140.52381,40.41021],[140.52439,40.41895],[140.52981,40.42026],[140.53081,40.42671],[140.52788,40.43133],[140.50845,40.42853],[140.49801,40.43645],[140.48516,40.44087],[140.48432,40.44622],[140.47765,40.45307],[140.46589,40.45398],[140.45941,40.45645],[140.44382,40.45063],[140.43755,40.45527],[140.43702,40.46547],[140.43346,40.4677],[140.43727,40.47845],[140.42708,40.48259],[140.4175,40.47995],[140.40612,40.47464],[140.39672,40.47823],[140.39567,40.48204],[140.38696,40.48706],[140.37795,40.47654],[140.3613,40.47839],[140.34781,40.46755],[140.34337,40.46166],[140.34378,40.4522],[140.33915,40.44114],[140.33522,40.43938],[140.3334,40.42732],[140.33641,40.4242],[140.33268,40.41968],[140.33654,40.41173],[140.33651,40.40572],[140.33316,40.4032],[140.33442,40.38576],[140.33828,40.37846],[140.35028,40.3734],[140.35643,40.36656],[140.35348,40.36124],[140.35315,40.35489],[140.36761,40.34852],[140.37535,40.34393],[140.3749,40.33574],[140.37679,40.32067],[140.38408,40.31397],[140.38325,40.30893],[140.3933,40.29956],[140.39377,40.29514],[140.40174,40.28779],[140.40468,40.28054],[140.40881,40.27891],[140.41615,40.27156],[140.41099,40.26724],[140.41447,40.25752],[140.42044,40.25433],[140.44384,40.25745],[140.44666,40.25648],[140.44821,40.24776],[140.45916,40.24202],[140.47152,40.24108],[140.47225,40.23303],[140.4684,40.22254],[140.47404,40.21826],[140.48491,40.21389],[140.48713,40.20191],[140.48026,40.19611],[140.4795,40.19158],[140.48459,40.18764],[140.48814,40.17849],[140.49513,40.17402],[140.48968,40.16785],[140.50202,40.1645],[140.50161,40.16034],[140.49623,40.15389],[140.50766,40.15484],[140.51685,40.15087],[140.51925,40.14744],[140.53072,40.15185],[140.53853,40.15939],[140.54497,40.1536],[140.54348,40.14296],[140.54935,40.14202],[140.55296,40.13495],[140.56093,40.13487],[140.59022,40.12959],[140.59746,40.12291],[140.60107,40.12204],[140.60149,40.11152],[140.59881,40.10003],[140.6015,40.09638],[140.60006,40.08736],[140.60617,40.0871],[140.61651,40.08036],[140.62787,40.08788],[140.63732,40.09121],[140.63961,40.08499],[140.64955,40.08758],[140.66175,40.08287],[140.66624,40.07459],[140.67966,40.07493],[140.68987,40.07025],[140.68962,40.05932],[140.69712,40.04838],[140.69823,40.05289],[140.70582,40.05967],[140.71113,40.06821],[140.71165,40.07441],[140.71686,40.07833],[140.71455,40.08683],[140.71645,40.11167],[140.72377,40.11918],[140.72289,40.12969],[140.73607,40.13276],[140.73662,40.13776],[140.74358,40.14704],[140.7442,40.15136],[140.73802,40.15371],[140.7276,40.15318],[140.72335,40.15672],[140.71313,40.1551],[140.71023,40.16123],[140.70417,40.16104],[140.70316,40.17084],[140.69905,40.17864],[140.70112,40.19412],[140.71671,40.19273],[140.72601,40.18928],[140.72912,40.19385],[140.72623,40.20198],[140.71056,40.22547],[140.72424,40.22568],[140.72451,40.2392],[140.726,40.24802],[140.72094,40.25222],[140.72684,40.25533],[140.72208,40.2595],[140.72581,40.27131],[140.7189,40.27952],[140.72256,40.28769],[140.72549,40.28882],[140.7185,40.30342],[140.71361,40.30838],[140.71141,40.32083],[140.71978,40.32456],[140.72081,40.33148],[140.71803,40.33633],[140.71154,40.341],[140.70904,40.34945],[140.70446,40.35448],[140.70275,40.36037],[140.69781,40.36283],[140.69266,40.37026],[140.68353,40.3726],[140.68256,40.38252],[140.67715,40.38652],[140.67784,40.39123],[140.6754,40.40057],[140.67587,40.41288]]]}},{"type":"Feature","properties":{"code":"05206","name":"男鹿市","pref":"秋田県","pref_code":"05","cx":139.87952,"cy":39.96592,"bbox":[139.69324,39.8586,139.97633,40.07303]},"geometry":{"type":"Polygon","coordinates":[[[139.86373,39.89048],[139.85871,39.89565],[139.86607,39.89761],[139.88316,39.8995],[139.89152,39.89895],[139.89752,39.9023],[139.91323,39.90174],[139.92492,39.8995],[139.9504,39.88981],[139.96818,39.88022],[139.96799,39.88461],[139.95368,39.89789],[139.96288,39.90911],[139.96312,39.92106],[139.97633,39.92781],[139.92621,39.95299],[139.92244,39.9588],[139.93347,39.99024],[139.94302,40.00152],[139.94183,40.00786],[139.93658,40.01039],[139.93033,40.0233],[139.93583,40.03098],[139.9507,40.03627],[139.95365,40.04334],[139.95921,40.05031],[139.96204,40.05752],[139.95318,40.0616],[139.95803,40.0663],[139.95732,40.07002],[139.94537,40.07303],[139.92377,40.0411],[139.90183,40.01584],[139.8852,39.99949],[139.87274,39.98877],[139.84515,39.97094],[139.83145,39.96471],[139.80945,39.95783],[139.79774,39.9568],[139.78601,39.96085],[139.783,39.96713],[139.77107,39.97019],[139.76572,39.97487],[139.74068,39.97904],[139.73429,39.98387],[139.72347,39.98163],[139.71629,39.98728],[139.7126,39.99515],[139.70177,40.0068],[139.69324,39.99563],[139.69734,39.98676],[139.69447,39.98056],[139.70095,39.9767],[139.70077,39.9685],[139.70887,39.95647],[139.71442,39.96044],[139.72117,39.95427],[139.71907,39.94615],[139.70497,39.94457],[139.70476,39.93406],[139.71062,39.92725],[139.71346,39.91861],[139.72534,39.90762],[139.72837,39.91002],[139.73492,39.90535],[139.73409,39.89657],[139.73612,39.89388],[139.73698,39.8806],[139.74099,39.87687],[139.74061,39.87136],[139.7469,39.86553],[139.76147,39.86219],[139.77261,39.86462],[139.77919,39.86456],[139.79485,39.86752],[139.80055,39.86523],[139.80862,39.8586],[139.82117,39.85874],[139.82161,39.86365],[139.83077,39.86893],[139.83788,39.86664],[139.83795,39.86296],[139.84965,39.86342],[139.86125,39.86633],[139.85875,39.87231],[139.85158,39.87062],[139.84721,39.87748],[139.85949,39.88535],[139.85314,39.88705],[139.85971,39.89451],[139.86373,39.89048]]]}},{"type":"Feature","properties":{"code":"05207","name":"湯沢市","pref":"秋田県","pref_code":"05","cx":140.52404,"cy":39.04783,"bbox":[140.3291,38.87316,140.75563,39.2184]},"geometry":{"type":"Polygon","coordinates":[[[140.4456,39.21632],[140.44265,39.21119],[140.44404,39.20492],[140.44997,39.19064],[140.45896,39.17986],[140.4602,39.17551],[140.44619,39.1636],[140.43816,39.16939],[140.43106,39.1636],[140.42748,39.14617],[140.41849,39.13663],[140.41066,39.13705],[140.40662,39.13263],[140.40737,39.12262],[140.40418,39.1211],[140.39268,39.10503],[140.37822,39.10023],[140.36612,39.09849],[140.36528,39.09353],[140.3577,39.09282],[140.35391,39.08486],[140.34501,39.08236],[140.34194,39.0836],[140.34327,39.07387],[140.33373,39.0645],[140.33518,39.05523],[140.34135,39.05074],[140.34272,39.04562],[140.33204,39.04026],[140.3291,39.0348],[140.33206,39.03059],[140.34425,39.02582],[140.35417,39.02385],[140.36143,39.02438],[140.36403,39.0095],[140.37052,39.00432],[140.37458,38.99571],[140.38696,38.99441],[140.39409,38.99128],[140.40532,38.99174],[140.41084,38.99385],[140.41387,38.99004],[140.42058,38.99234],[140.43186,38.9919],[140.43774,38.98209],[140.44553,38.98041],[140.44644,38.97311],[140.45123,38.97177],[140.44983,38.96332],[140.45369,38.95859],[140.45355,38.95181],[140.44958,38.9456],[140.45172,38.9375],[140.45831,38.93388],[140.46197,38.92538],[140.46171,38.92036],[140.46664,38.91636],[140.47985,38.91468],[140.49226,38.90649],[140.49445,38.89883],[140.49978,38.89506],[140.50521,38.89494],[140.51582,38.90036],[140.526,38.89745],[140.5355,38.90072],[140.54747,38.89107],[140.55306,38.88281],[140.55426,38.87621],[140.56217,38.87316],[140.56979,38.87478],[140.57287,38.87844],[140.59315,38.887],[140.59868,38.88517],[140.60714,38.8866],[140.60955,38.89243],[140.61564,38.8937],[140.62036,38.89039],[140.63,38.88928],[140.64034,38.8839],[140.64501,38.88863],[140.67111,38.89713],[140.67302,38.90361],[140.67908,38.9082],[140.68018,38.91333],[140.68565,38.9176],[140.69416,38.91955],[140.70039,38.92382],[140.70706,38.92027],[140.72334,38.93437],[140.72322,38.93752],[140.73209,38.94927],[140.74331,38.95368],[140.74525,38.95637],[140.75563,38.95821],[140.7499,38.96603],[140.73282,38.98],[140.72339,38.98634],[140.71567,38.99559],[140.71872,39.00551],[140.70921,39.01197],[140.7029,39.01253],[140.70071,39.01792],[140.70723,39.02562],[140.70263,39.02713],[140.70768,39.0337],[140.70569,39.05004],[140.69351,39.0572],[140.69011,39.06332],[140.68357,39.06528],[140.68698,39.08488],[140.68213,39.09246],[140.67632,39.09337],[140.66306,39.09828],[140.65123,39.09929],[140.64499,39.10665],[140.63581,39.10734],[140.63066,39.10525],[140.62526,39.11218],[140.62171,39.12124],[140.61627,39.12151],[140.61163,39.1263],[140.61321,39.13291],[140.61705,39.13813],[140.61235,39.14047],[140.61013,39.14977],[140.6159,39.1528],[140.61438,39.16024],[140.60882,39.16305],[140.60719,39.17182],[140.60033,39.18399],[140.59413,39.18352],[140.58837,39.18738],[140.57468,39.19247],[140.56804,39.19353],[140.55995,39.1896],[140.54294,39.18944],[140.5449,39.18034],[140.53551,39.17296],[140.52571,39.17839],[140.52138,39.18853],[140.52225,39.19485],[140.52879,39.19741],[140.52574,39.20196],[140.50872,39.21059],[140.49208,39.21007],[140.46761,39.21764],[140.45726,39.2184],[140.4456,39.21632]]]}},{"type":"Feature","properties":{"code":"05209","name":"鹿角市","pref":"秋田県","pref_code":"05","cx":140.80926,"cy":40.19733,"bbox":[140.69712,39.95933,140.99524,40.43085]},"geometry":{"type":"Polygon","coordinates":[[[140.69712,40.04838],[140.70013,40.03266],[140.70677,40.0253],[140.71338,40.02232],[140.71548,40.01822],[140.72106,40.01695],[140.72424,40.01202],[140.73258,40.00939],[140.73216,39.99981],[140.73851,39.99719],[140.7455,39.98816],[140.7495,39.98811],[140.75508,39.98133],[140.75065,39.97775],[140.7512,39.97171],[140.75682,39.96958],[140.75672,39.96403],[140.76352,39.9623],[140.77033,39.96496],[140.78133,39.96407],[140.79254,39.97067],[140.80137,39.96961],[140.80336,39.97334],[140.81177,39.97578],[140.82653,39.97005],[140.832,39.96603],[140.83805,39.96541],[140.84794,39.95933],[140.84688,39.97617],[140.84815,39.98781],[140.85081,39.99375],[140.849,40.00807],[140.85547,40.01392],[140.85316,40.01841],[140.8556,40.02219],[140.85169,40.02573],[140.85041,40.03171],[140.85462,40.03622],[140.85537,40.0467],[140.85114,40.05342],[140.85097,40.0615],[140.84723,40.0652],[140.84448,40.07459],[140.85132,40.07785],[140.85164,40.08128],[140.85753,40.0862],[140.86331,40.08495],[140.87209,40.09117],[140.87733,40.09809],[140.87938,40.10572],[140.87867,40.11503],[140.8715,40.11581],[140.87404,40.12239],[140.8672,40.13063],[140.87454,40.1431],[140.88315,40.15358],[140.8824,40.159],[140.87548,40.16078],[140.86911,40.15948],[140.8615,40.16591],[140.85926,40.17158],[140.8685,40.17783],[140.87251,40.17828],[140.89236,40.19228],[140.88953,40.20054],[140.8983,40.20899],[140.89579,40.21365],[140.90426,40.21815],[140.90548,40.22214],[140.91776,40.22343],[140.92423,40.22587],[140.93411,40.22607],[140.94221,40.22869],[140.94009,40.24024],[140.94677,40.24695],[140.95507,40.24763],[140.94571,40.25807],[140.94727,40.26445],[140.95278,40.27125],[140.95428,40.27974],[140.95758,40.28204],[140.95239,40.28742],[140.9446,40.28814],[140.94397,40.29626],[140.95342,40.30105],[140.95758,40.30651],[140.95891,40.32162],[140.96856,40.33749],[140.96295,40.34669],[140.96539,40.35029],[140.97393,40.34414],[140.98122,40.34337],[140.99524,40.35524],[140.99117,40.36734],[140.99501,40.37017],[140.98441,40.38843],[140.98729,40.39837],[140.9814,40.40565],[140.98274,40.41351],[140.9797,40.41771],[140.98555,40.42171],[140.98515,40.42722],[140.97221,40.43085],[140.96188,40.42693],[140.95126,40.42631],[140.94195,40.4302],[140.93296,40.42127],[140.92677,40.42111],[140.92077,40.41606],[140.90385,40.41331],[140.90033,40.41506],[140.88896,40.40849],[140.86388,40.40624],[140.85206,40.40975],[140.84641,40.42193],[140.84191,40.42562],[140.82826,40.42089],[140.82676,40.41078],[140.81769,40.4012],[140.82084,40.39693],[140.82376,40.3851],[140.81777,40.38036],[140.81063,40.36576],[140.80422,40.35954],[140.78694,40.3552],[140.79264,40.35061],[140.78818,40.34125],[140.78949,40.33682],[140.78577,40.33313],[140.79302,40.32422],[140.78726,40.31859],[140.77889,40.3163],[140.78039,40.32295],[140.77468,40.32317],[140.77237,40.31855],[140.77571,40.31257],[140.76927,40.30295],[140.77331,40.29724],[140.76866,40.29041],[140.76718,40.28427],[140.75904,40.28379],[140.75397,40.29188],[140.74595,40.28236],[140.72549,40.28882],[140.72256,40.28769],[140.7189,40.27952],[140.72581,40.27131],[140.72208,40.2595],[140.72684,40.25533],[140.72094,40.25222],[140.726,40.24802],[140.72451,40.2392],[140.72424,40.22568],[140.71056,40.22547],[140.72623,40.20198],[140.72912,40.19385],[140.72601,40.18928],[140.71671,40.19273],[140.70112,40.19412],[140.69905,40.17864],[140.70316,40.17084],[140.70417,40.16104],[140.71023,40.16123],[140.71313,40.1551],[140.72335,40.15672],[140.7276,40.15318],[140.73802,40.15371],[140.7442,40.15136],[140.74358,40.14704],[140.73662,40.13776],[140.73607,40.13276],[140.72289,40.12969],[140.72377,40.11918],[140.71645,40.11167],[140.71455,40.08683],[140.71686,40.07833],[140.71165,40.07441],[140.71113,40.06821],[140.70582,40.05967],[140.69823,40.05289],[140.69712,40.04838]]]}},{"type":"Feature","properties":{"code":"05210","name":"由利本荘市","pref":"秋田県","pref_code":"05","cx":140.17064,"cy":39.3062,"bbox":[139.98012,39.01359,140.35409,39.5983]},"geometry":{"type":"Polygon","coordinates":[[[140.05966,39.59779],[140.05613,39.56622],[140.05353,39.55932],[140.05386,39.55374],[140.04979,39.54195],[140.05077,39.53237],[140.04503,39.4987],[140.0336,39.45133],[140.02152,39.40563],[140.01835,39.40135],[140.01313,39.38114],[140.00497,39.35995],[139.99681,39.34221],[139.9929,39.33698],[139.98576,39.32201],[139.98012,39.31309],[139.99032,39.30681],[139.98992,39.30364],[139.99604,39.29623],[139.99571,39.28913],[140.00165,39.27749],[140.0139,39.26696],[140.02184,39.2692],[140.03796,39.25953],[140.0329,39.24952],[140.042,39.23911],[140.05234,39.23388],[140.05836,39.2266],[140.05407,39.21193],[140.05288,39.19843],[140.05394,39.1938],[140.04563,39.18494],[140.04263,39.17452],[140.06388,39.16159],[140.06346,39.1503],[140.06595,39.14372],[140.06244,39.1335],[140.06146,39.11339],[140.06287,39.10694],[140.06714,39.09979],[140.06246,39.09289],[140.07351,39.08687],[140.10272,39.0831],[140.1149,39.07778],[140.11686,39.06823],[140.12984,39.063],[140.13743,39.06549],[140.14389,39.06134],[140.1508,39.04918],[140.1575,39.0491],[140.1625,39.05426],[140.17116,39.05103],[140.17492,39.05731],[140.18792,39.05857],[140.18877,39.06149],[140.20115,39.05968],[140.20477,39.0535],[140.2006,39.0357],[140.22193,39.03105],[140.2275,39.02706],[140.23686,39.02757],[140.24586,39.03077],[140.25288,39.02823],[140.25717,39.03319],[140.26211,39.03473],[140.28452,39.02809],[140.29206,39.0239],[140.29439,39.01811],[140.30216,39.0171],[140.31072,39.01359],[140.31868,39.02503],[140.3188,39.03126],[140.3291,39.0348],[140.33204,39.04026],[140.34272,39.04562],[140.34135,39.05074],[140.33518,39.05523],[140.33373,39.0645],[140.34327,39.07387],[140.34097,39.08933],[140.33034,39.10052],[140.31698,39.10148],[140.31587,39.10971],[140.31268,39.11631],[140.3045,39.1235],[140.30305,39.13356],[140.29628,39.13857],[140.29204,39.14553],[140.28164,39.151],[140.27968,39.1634],[140.27375,39.17149],[140.26626,39.17325],[140.25678,39.18308],[140.25782,39.18811],[140.24892,39.19683],[140.23912,39.19363],[140.23005,39.20368],[140.22974,39.21103],[140.22179,39.21813],[140.22271,39.22688],[140.22968,39.22908],[140.2484,39.22456],[140.26062,39.23479],[140.2704,39.2375],[140.27044,39.24019],[140.28191,39.2403],[140.28413,39.24334],[140.30157,39.24458],[140.30967,39.24807],[140.31261,39.2468],[140.32558,39.24801],[140.33146,39.24612],[140.33697,39.24888],[140.34118,39.24449],[140.34676,39.25049],[140.34158,39.25424],[140.3402,39.25919],[140.32987,39.26148],[140.33311,39.27374],[140.33969,39.28104],[140.33948,39.29142],[140.34231,39.29517],[140.35409,39.2956],[140.35206,39.30559],[140.34056,39.31245],[140.34204,39.31745],[140.3405,39.32745],[140.33381,39.32501],[140.32662,39.33233],[140.33007,39.33578],[140.32812,39.34139],[140.32087,39.3445],[140.31591,39.34971],[140.31064,39.34757],[140.30033,39.34863],[140.29849,39.35464],[140.28419,39.35483],[140.28085,39.35767],[140.26886,39.35596],[140.27005,39.36114],[140.2675,39.37031],[140.26417,39.37364],[140.27015,39.37668],[140.27645,39.37494],[140.29078,39.37663],[140.30746,39.38012],[140.31194,39.37873],[140.32019,39.38259],[140.31584,39.39041],[140.29785,39.39357],[140.28902,39.39403],[140.28824,39.39979],[140.29684,39.40039],[140.30475,39.40693],[140.30642,39.41664],[140.29886,39.42082],[140.29412,39.41981],[140.2785,39.42423],[140.26964,39.43446],[140.27176,39.43797],[140.26897,39.44957],[140.26191,39.45178],[140.25881,39.44888],[140.24983,39.45421],[140.24055,39.45467],[140.23442,39.46003],[140.2392,39.46695],[140.23242,39.47001],[140.223,39.46754],[140.22079,39.4816],[140.22231,39.48733],[140.22887,39.49056],[140.21979,39.49382],[140.21571,39.49798],[140.21142,39.49571],[140.19823,39.49744],[140.18701,39.50324],[140.181,39.50365],[140.17811,39.51244],[140.18403,39.52139],[140.18524,39.52841],[140.18861,39.53406],[140.18586,39.53842],[140.17121,39.53483],[140.16826,39.53265],[140.15613,39.5378],[140.16495,39.54256],[140.16739,39.54799],[140.16096,39.55178],[140.15949,39.55859],[140.14857,39.57037],[140.13809,39.56858],[140.12263,39.57033],[140.12204,39.57607],[140.11275,39.57727],[140.10794,39.58201],[140.09921,39.58599],[140.08667,39.57995],[140.07765,39.58802],[140.07565,39.59479],[140.0681,39.5983],[140.05966,39.59779]]]}},{"type":"Feature","properties":{"code":"05211","name":"潟上市","pref":"秋田県","pref_code":"05","cx":140.05962,"cy":39.86647,"bbox":[139.95368,39.80449,140.19904,39.92781]},"geometry":{"type":"Polygon","coordinates":[[[140.19778,39.85979],[140.18603,39.85438],[140.16955,39.85513],[140.16346,39.85779],[140.15407,39.86718],[140.14838,39.8645],[140.14287,39.86859],[140.13447,39.86576],[140.12987,39.87138],[140.11563,39.87647],[140.11051,39.88511],[140.10643,39.88574],[140.10014,39.89515],[140.08736,39.90538],[140.06976,39.90444],[140.03354,39.90559],[140.016,39.91985],[139.97633,39.92781],[139.96312,39.92106],[139.96288,39.90911],[139.95368,39.89789],[139.96799,39.88461],[139.96818,39.88022],[139.99318,39.86021],[140.00416,39.84933],[140.01932,39.83061],[140.02886,39.8155],[140.03404,39.80449],[140.05569,39.80704],[140.05493,39.82876],[140.04873,39.84459],[140.04921,39.84914],[140.05628,39.85158],[140.05946,39.8473],[140.06617,39.85041],[140.06634,39.85574],[140.07249,39.85751],[140.07765,39.85386],[140.07605,39.85049],[140.08088,39.8446],[140.08612,39.84547],[140.09352,39.83529],[140.09873,39.84113],[140.10797,39.84225],[140.11753,39.8507],[140.1329,39.8449],[140.14055,39.84653],[140.14716,39.84469],[140.15525,39.84958],[140.16665,39.84469],[140.17519,39.84475],[140.18629,39.8483],[140.19904,39.85558],[140.19778,39.85979]]]}},{"type":"Feature","properties":{"code":"05212","name":"大仙市","pref":"秋田県","pref_code":"05","cx":140.4838,"cy":39.54537,"bbox":[140.22731,39.36514,140.74136,39.72373]},"geometry":{"type":"Polygon","coordinates":[[[140.26897,39.44957],[140.27176,39.43797],[140.26964,39.43446],[140.2785,39.42423],[140.29412,39.41981],[140.29886,39.42082],[140.30642,39.41664],[140.30475,39.40693],[140.29684,39.40039],[140.28824,39.39979],[140.28902,39.39403],[140.29785,39.39357],[140.31584,39.39041],[140.32019,39.38259],[140.32474,39.3777],[140.33202,39.37557],[140.34004,39.37778],[140.34345,39.38128],[140.34573,39.38996],[140.35661,39.39559],[140.36378,39.39615],[140.3648,39.39099],[140.3696,39.38548],[140.37864,39.38624],[140.38748,39.38429],[140.38957,39.38635],[140.38283,39.3946],[140.39009,39.39864],[140.4013,39.39629],[140.4114,39.39757],[140.41397,39.39987],[140.42377,39.40002],[140.42979,39.40631],[140.44001,39.40901],[140.44778,39.40894],[140.44957,39.40596],[140.46122,39.40917],[140.46104,39.40419],[140.46681,39.40194],[140.46261,39.39232],[140.46245,39.3772],[140.46098,39.36571],[140.46826,39.36514],[140.474,39.37345],[140.48108,39.37546],[140.48938,39.38345],[140.48708,39.38836],[140.48832,39.39536],[140.49804,39.40217],[140.50332,39.39771],[140.51071,39.39795],[140.5101,39.4053],[140.50532,39.41504],[140.51422,39.4133],[140.5178,39.42146],[140.51065,39.43186],[140.51298,39.43711],[140.52192,39.43707],[140.52378,39.44121],[140.53238,39.44436],[140.53414,39.44756],[140.55799,39.45377],[140.55422,39.45813],[140.55517,39.46798],[140.56003,39.48346],[140.57556,39.48266],[140.57551,39.47955],[140.58942,39.48169],[140.59177,39.48678],[140.59635,39.48889],[140.61588,39.4918],[140.62383,39.49534],[140.63916,39.49814],[140.64769,39.49753],[140.6506,39.4938],[140.66097,39.49448],[140.66972,39.48998],[140.67834,39.48124],[140.69011,39.47906],[140.69815,39.46778],[140.71646,39.47854],[140.7244,39.48053],[140.7189,39.48499],[140.71327,39.49406],[140.71368,39.4992],[140.7228,39.50407],[140.72465,39.51846],[140.73217,39.52239],[140.73656,39.52144],[140.73919,39.53349],[140.74136,39.53619],[140.73952,39.54685],[140.72915,39.55298],[140.72727,39.55897],[140.73036,39.56584],[140.7275,39.57537],[140.71986,39.57843],[140.71548,39.58265],[140.70801,39.58095],[140.70178,39.58357],[140.69519,39.58909],[140.68661,39.57781],[140.67348,39.57824],[140.66441,39.58298],[140.65502,39.579],[140.65097,39.58011],[140.63603,39.56949],[140.62805,39.57574],[140.60907,39.5841],[140.60143,39.58611],[140.5954,39.57345],[140.58316,39.57555],[140.57633,39.5749],[140.55977,39.58417],[140.55317,39.58459],[140.55349,39.57616],[140.55123,39.56999],[140.53971,39.56367],[140.54079,39.55802],[140.53502,39.55272],[140.52944,39.55098],[140.52697,39.55763],[140.51803,39.55611],[140.50705,39.55898],[140.49977,39.56901],[140.50254,39.57344],[140.49882,39.57768],[140.4995,39.58558],[140.49469,39.58869],[140.49251,39.59479],[140.48338,39.59442],[140.46916,39.60234],[140.47131,39.60656],[140.46629,39.61115],[140.46404,39.6171],[140.46771,39.61878],[140.46852,39.63192],[140.4717,39.63832],[140.47337,39.64761],[140.47963,39.65658],[140.48832,39.66114],[140.49148,39.66518],[140.49535,39.68653],[140.50455,39.69255],[140.50045,39.69764],[140.49748,39.71159],[140.49443,39.71786],[140.49649,39.72373],[140.49228,39.72358],[140.48326,39.71754],[140.47478,39.7169],[140.44712,39.70514],[140.43229,39.70748],[140.4309,39.71047],[140.41928,39.71506],[140.41417,39.71451],[140.40699,39.70686],[140.39533,39.70441],[140.39242,39.69992],[140.37235,39.69291],[140.36401,39.69515],[140.35273,39.69079],[140.34771,39.69129],[140.34215,39.68365],[140.34347,39.67674],[140.33826,39.67645],[140.32553,39.6806],[140.3223,39.67634],[140.31119,39.67287],[140.30661,39.66741],[140.31033,39.65563],[140.30905,39.6476],[140.29529,39.64881],[140.2922,39.65544],[140.28606,39.65401],[140.27083,39.65351],[140.26726,39.64443],[140.27153,39.63976],[140.28437,39.64054],[140.2857,39.63714],[140.28418,39.62515],[140.27749,39.62195],[140.27693,39.61572],[140.26756,39.60985],[140.26815,39.60155],[140.26197,39.59413],[140.25804,39.59342],[140.25435,39.58699],[140.25618,39.57801],[140.25438,39.57543],[140.24349,39.57315],[140.23944,39.56259],[140.23297,39.55999],[140.23274,39.5509],[140.22731,39.54793],[140.2282,39.54349],[140.24149,39.54389],[140.24673,39.53845],[140.24886,39.51943],[140.25224,39.51326],[140.26312,39.51208],[140.27046,39.50371],[140.26847,39.49909],[140.27539,39.49186],[140.26609,39.48555],[140.27113,39.47869],[140.2764,39.47488],[140.28142,39.46765],[140.28181,39.45546],[140.2789,39.451],[140.26897,39.44957]]]}},{"type":"Feature","properties":{"code":"05213","name":"北秋田市","pref":"秋田県","pref_code":"05","cx":140.51897,"cy":40.0765,"bbox":[140.24293,39.79565,140.73258,40.35489]},"geometry":{"type":"Polygon","coordinates":[[[140.48037,39.79653],[140.48837,39.80529],[140.49153,39.8044],[140.50824,39.80977],[140.51268,39.81009],[140.51711,39.81656],[140.51376,39.83021],[140.5096,39.83998],[140.51414,39.84657],[140.5236,39.8478],[140.52782,39.85042],[140.52882,39.8563],[140.53693,39.86111],[140.53583,39.87156],[140.53781,39.88113],[140.5464,39.88114],[140.55711,39.88401],[140.56113,39.88889],[140.56996,39.89406],[140.58263,39.89463],[140.59419,39.88463],[140.59925,39.88614],[140.61337,39.88426],[140.61935,39.88888],[140.62535,39.88991],[140.63296,39.89878],[140.63597,39.9055],[140.63483,39.91388],[140.62978,39.92752],[140.63441,39.93225],[140.64701,39.93316],[140.65939,39.9408],[140.65954,39.94462],[140.66467,39.95239],[140.67293,39.95535],[140.6773,39.95933],[140.67302,39.96347],[140.69152,39.96737],[140.69545,39.97129],[140.69724,39.98162],[140.69989,39.98445],[140.71398,39.98933],[140.71462,39.99731],[140.72257,39.99642],[140.73216,39.99981],[140.73258,40.00939],[140.72424,40.01202],[140.72106,40.01695],[140.71548,40.01822],[140.71338,40.02232],[140.70677,40.0253],[140.70013,40.03266],[140.69712,40.04838],[140.68962,40.05932],[140.68987,40.07025],[140.67966,40.07493],[140.66624,40.07459],[140.66175,40.08287],[140.64955,40.08758],[140.63961,40.08499],[140.63732,40.09121],[140.62787,40.08788],[140.61651,40.08036],[140.60617,40.0871],[140.60006,40.08736],[140.6015,40.09638],[140.59881,40.10003],[140.60149,40.11152],[140.60107,40.12204],[140.59746,40.12291],[140.59022,40.12959],[140.56093,40.13487],[140.55296,40.13495],[140.54935,40.14202],[140.54348,40.14296],[140.54497,40.1536],[140.53853,40.15939],[140.53072,40.15185],[140.51925,40.14744],[140.51685,40.15087],[140.50766,40.15484],[140.49623,40.15389],[140.50161,40.16034],[140.50202,40.1645],[140.48968,40.16785],[140.49513,40.17402],[140.48814,40.17849],[140.48459,40.18764],[140.4795,40.19158],[140.48026,40.19611],[140.48713,40.20191],[140.48491,40.21389],[140.47404,40.21826],[140.4684,40.22254],[140.47225,40.23303],[140.47152,40.24108],[140.45916,40.24202],[140.44821,40.24776],[140.44666,40.25648],[140.44384,40.25745],[140.42044,40.25433],[140.41447,40.25752],[140.41099,40.26724],[140.41615,40.27156],[140.40881,40.27891],[140.40468,40.28054],[140.40174,40.28779],[140.39377,40.29514],[140.3933,40.29956],[140.38325,40.30893],[140.38408,40.31397],[140.37679,40.32067],[140.3749,40.33574],[140.37535,40.34393],[140.36761,40.34852],[140.35315,40.35489],[140.35093,40.34965],[140.3355,40.33172],[140.3362,40.32488],[140.33289,40.32276],[140.33337,40.31616],[140.32537,40.31166],[140.32276,40.30191],[140.32742,40.28948],[140.32234,40.27764],[140.32384,40.27476],[140.31106,40.26448],[140.30989,40.25517],[140.29049,40.25214],[140.28756,40.25358],[140.27601,40.24171],[140.27353,40.23599],[140.28286,40.22458],[140.2786,40.21478],[140.29195,40.20629],[140.29937,40.20524],[140.29487,40.19801],[140.28303,40.19522],[140.2735,40.19633],[140.27095,40.18878],[140.26582,40.18349],[140.2549,40.18289],[140.25302,40.16881],[140.25654,40.15212],[140.24796,40.13472],[140.25027,40.13156],[140.24704,40.12631],[140.24769,40.11741],[140.24293,40.11187],[140.25012,40.09921],[140.24685,40.08869],[140.25456,40.08617],[140.2544,40.0805],[140.25116,40.0726],[140.25423,40.07135],[140.25769,40.07242],[140.26712,40.0695],[140.28884,40.07027],[140.30121,40.08324],[140.30711,40.08173],[140.31636,40.08465],[140.31861,40.09126],[140.3262,40.08174],[140.33952,40.08594],[140.34801,40.09138],[140.35093,40.08987],[140.37404,40.09004],[140.37155,40.08607],[140.37201,40.07807],[140.37773,40.06554],[140.37389,40.05701],[140.37853,40.05021],[140.36925,40.03893],[140.36437,40.03089],[140.35218,40.02151],[140.35784,40.01785],[140.35732,40.01222],[140.37324,39.99858],[140.37594,39.98938],[140.36998,39.98568],[140.36745,39.98112],[140.35836,39.97848],[140.35252,39.97076],[140.35765,39.96209],[140.35603,39.95706],[140.35887,39.94988],[140.35561,39.94621],[140.35794,39.94011],[140.36188,39.93858],[140.36043,39.92833],[140.36571,39.92749],[140.37156,39.92099],[140.37698,39.90784],[140.37236,39.89307],[140.37687,39.8886],[140.37875,39.88164],[140.38617,39.8755],[140.38643,39.86949],[140.391,39.85549],[140.38928,39.85068],[140.39137,39.84478],[140.40079,39.83858],[140.40078,39.83485],[140.40399,39.82912],[140.41663,39.8287],[140.43079,39.82409],[140.43123,39.82027],[140.4446,39.82214],[140.45236,39.82447],[140.45987,39.82246],[140.46079,39.81518],[140.46724,39.8103],[140.47535,39.79565],[140.48037,39.79653]]]}},{"type":"Feature","properties":{"code":"05214","name":"にかほ市","pref":"秋田県","pref_code":"05","cx":139.97372,"cy":39.20819,"bbox":[139.86959,39.10552,140.06595,39.31309]},"geometry":{"type":"Polygon","coordinates":[[[139.98012,39.31309],[139.97151,39.30076],[139.96604,39.29511],[139.94997,39.29003],[139.93061,39.28919],[139.91909,39.27922],[139.90982,39.25911],[139.91474,39.24864],[139.90616,39.23354],[139.9029,39.22416],[139.89621,39.21621],[139.89253,39.20444],[139.90361,39.19966],[139.90616,39.19175],[139.90495,39.18152],[139.89816,39.16282],[139.89416,39.15505],[139.8857,39.14896],[139.88266,39.13953],[139.88508,39.13351],[139.86959,39.11826],[139.90604,39.11883],[139.94565,39.11283],[139.94805,39.11717],[139.99445,39.10552],[139.99764,39.11584],[140.00777,39.12304],[140.06244,39.1335],[140.06595,39.14372],[140.06346,39.1503],[140.06388,39.16159],[140.04263,39.17452],[140.04563,39.18494],[140.05394,39.1938],[140.05288,39.19843],[140.05407,39.21193],[140.05836,39.2266],[140.05234,39.23388],[140.042,39.23911],[140.0329,39.24952],[140.03796,39.25953],[140.02184,39.2692],[140.0139,39.26696],[140.00165,39.27749],[139.99571,39.28913],[139.99604,39.29623],[139.98992,39.30364],[139.99032,39.30681],[139.98012,39.31309]]]}},{"type":"Feature","properties":{"code":"05215","name":"仙北市","pref":"秋田県","pref_code":"05","cx":140.66206,"cy":39.77753,"bbox":[140.46404,39.55098,140.87963,39.99981]},"geometry":{"type":"Polygon","coordinates":[[[140.49649,39.72373],[140.49443,39.71786],[140.49748,39.71159],[140.50045,39.69764],[140.50455,39.69255],[140.49535,39.68653],[140.49148,39.66518],[140.48832,39.66114],[140.47963,39.65658],[140.47337,39.64761],[140.4717,39.63832],[140.46852,39.63192],[140.46771,39.61878],[140.46404,39.6171],[140.46629,39.61115],[140.47131,39.60656],[140.46916,39.60234],[140.48338,39.59442],[140.49251,39.59479],[140.49469,39.58869],[140.4995,39.58558],[140.49882,39.57768],[140.50254,39.57344],[140.49977,39.56901],[140.50705,39.55898],[140.51803,39.55611],[140.52697,39.55763],[140.52944,39.55098],[140.53502,39.55272],[140.54079,39.55802],[140.53971,39.56367],[140.55123,39.56999],[140.55349,39.57616],[140.55317,39.58459],[140.55977,39.58417],[140.57633,39.5749],[140.58316,39.57555],[140.5954,39.57345],[140.60143,39.58611],[140.60907,39.5841],[140.62805,39.57574],[140.63603,39.56949],[140.65097,39.58011],[140.65502,39.579],[140.66441,39.58298],[140.67348,39.57824],[140.68661,39.57781],[140.69519,39.58909],[140.70178,39.58357],[140.70801,39.58095],[140.71548,39.58265],[140.71986,39.57843],[140.7275,39.57537],[140.73036,39.56584],[140.74026,39.56534],[140.7543,39.57072],[140.76427,39.58785],[140.77533,39.591],[140.78248,39.60409],[140.7963,39.60315],[140.80501,39.61281],[140.80257,39.61885],[140.80839,39.62426],[140.80701,39.63134],[140.81172,39.6367],[140.81535,39.64612],[140.82022,39.65276],[140.82298,39.66545],[140.82191,39.6731],[140.81841,39.6801],[140.82259,39.68788],[140.81571,39.69097],[140.80989,39.69844],[140.8099,39.70802],[140.8053,39.7108],[140.79446,39.7096],[140.79192,39.71553],[140.78347,39.72545],[140.78195,39.7313],[140.77482,39.73455],[140.78082,39.73799],[140.78828,39.73824],[140.79752,39.74118],[140.80607,39.74761],[140.80533,39.75665],[140.81577,39.76253],[140.81953,39.77185],[140.82558,39.77433],[140.83463,39.78088],[140.84004,39.78851],[140.84827,39.79325],[140.8472,39.79826],[140.84165,39.80492],[140.82461,39.81007],[140.82252,39.81478],[140.81309,39.81785],[140.80339,39.81527],[140.79437,39.82126],[140.78677,39.82335],[140.78302,39.83124],[140.78617,39.83516],[140.78859,39.85234],[140.78394,39.85647],[140.78224,39.86785],[140.78809,39.8742],[140.79132,39.87428],[140.79951,39.88168],[140.81398,39.8791],[140.82851,39.8848],[140.84309,39.87148],[140.85292,39.86579],[140.85734,39.86961],[140.87015,39.87101],[140.87799,39.87436],[140.87963,39.88332],[140.87483,39.89411],[140.86765,39.89964],[140.86805,39.91166],[140.8647,39.9168],[140.85469,39.92329],[140.85707,39.93107],[140.85227,39.9364],[140.85692,39.9442],[140.85721,39.95303],[140.83805,39.96541],[140.832,39.96603],[140.82653,39.97005],[140.81177,39.97578],[140.80336,39.97334],[140.80137,39.96961],[140.79254,39.97067],[140.78133,39.96407],[140.77033,39.96496],[140.76352,39.9623],[140.75672,39.96403],[140.75682,39.96958],[140.7512,39.97171],[140.75065,39.97775],[140.75508,39.98133],[140.7495,39.98811],[140.7455,39.98816],[140.73851,39.99719],[140.73216,39.99981],[140.72257,39.99642],[140.71462,39.99731],[140.71398,39.98933],[140.69989,39.98445],[140.69724,39.98162],[140.69545,39.97129],[140.69152,39.96737],[140.67302,39.96347],[140.6773,39.95933],[140.67293,39.95535],[140.66467,39.95239],[140.65954,39.94462],[140.65939,39.9408],[140.64701,39.93316],[140.63441,39.93225],[140.62978,39.92752],[140.63483,39.91388],[140.63597,39.9055],[140.63296,39.89878],[140.62535,39.88991],[140.61935,39.88888],[140.61337,39.88426],[140.59925,39.88614],[140.59419,39.88463],[140.58263,39.89463],[140.56996,39.89406],[140.56113,39.88889],[140.55711,39.88401],[140.5464,39.88114],[140.53781,39.88113],[140.53583,39.87156],[140.53693,39.86111],[140.52882,39.8563],[140.52782,39.85042],[140.5236,39.8478],[140.51414,39.84657],[140.5096,39.83998],[140.51376,39.83021],[140.51711,39.81656],[140.51268,39.81009],[140.50824,39.80977],[140.49153,39.8044],[140.48837,39.80529],[140.48037,39.79653],[140.48351,39.79441],[140.49007,39.78074],[140.50628,39.76791],[140.51018,39.75467],[140.51561,39.74779],[140.5087,39.74043],[140.50879,39.7325],[140.5032,39.72622],[140.49649,39.72373]]]}},{"type":"Feature","properties":{"code":"05303","name":"鹿角郡小坂町","pref":"秋田県","pref_code":"05","cx":140.74932,"cy":40.39408,"bbox":[140.6754,40.28236,140.92677,40.51025]},"geometry":{"type":"Polygon","coordinates":[[[140.72549,40.28882],[140.74595,40.28236],[140.75397,40.29188],[140.75904,40.28379],[140.76718,40.28427],[140.76866,40.29041],[140.77331,40.29724],[140.76927,40.30295],[140.77571,40.31257],[140.77237,40.31855],[140.77468,40.32317],[140.78039,40.32295],[140.77889,40.3163],[140.78726,40.31859],[140.79302,40.32422],[140.78577,40.33313],[140.78949,40.33682],[140.78818,40.34125],[140.79264,40.35061],[140.78694,40.3552],[140.80422,40.35954],[140.81063,40.36576],[140.81777,40.38036],[140.82376,40.3851],[140.82084,40.39693],[140.81769,40.4012],[140.82676,40.41078],[140.82826,40.42089],[140.84191,40.42562],[140.84641,40.42193],[140.85206,40.40975],[140.86388,40.40624],[140.88896,40.40849],[140.90033,40.41506],[140.90385,40.41331],[140.92077,40.41606],[140.92677,40.42111],[140.91922,40.42732],[140.91095,40.4233],[140.90672,40.42527],[140.89678,40.4252],[140.89233,40.42335],[140.86132,40.44063],[140.87811,40.49842],[140.88006,40.51025],[140.8523,40.50526],[140.84502,40.50736],[140.83654,40.50412],[140.82639,40.49592],[140.82003,40.49533],[140.81468,40.48844],[140.81063,40.48713],[140.81149,40.47856],[140.80856,40.46979],[140.80772,40.45781],[140.8034,40.44859],[140.79354,40.44935],[140.78685,40.45723],[140.77241,40.45123],[140.76938,40.45391],[140.76271,40.45125],[140.7527,40.43917],[140.74129,40.43794],[140.73409,40.43968],[140.73162,40.4305],[140.73586,40.42786],[140.73357,40.4158],[140.72302,40.41661],[140.71747,40.42111],[140.71607,40.42756],[140.70265,40.42713],[140.69923,40.42942],[140.68752,40.42702],[140.68726,40.41842],[140.67587,40.41288],[140.6754,40.40057],[140.67784,40.39123],[140.67715,40.38652],[140.68256,40.38252],[140.68353,40.3726],[140.69266,40.37026],[140.69781,40.36283],[140.70275,40.36037],[140.70446,40.35448],[140.70904,40.34945],[140.71154,40.341],[140.71803,40.33633],[140.72081,40.33148],[140.71978,40.32456],[140.71141,40.32083],[140.71361,40.30838],[140.7185,40.30342],[140.72549,40.28882]]]}},{"type":"Feature","properties":{"code":"05327","name":"北秋田郡上小阿仁村","pref":"秋田県","pref_code":"05","cx":140.31091,"cy":39.94398,"bbox":[140.23435,39.79648,140.40079,40.09138]},"geometry":{"type":"Polygon","coordinates":[[[140.40078,39.83485],[140.40079,39.83858],[140.39137,39.84478],[140.38928,39.85068],[140.391,39.85549],[140.38643,39.86949],[140.38617,39.8755],[140.37875,39.88164],[140.37687,39.8886],[140.37236,39.89307],[140.37698,39.90784],[140.37156,39.92099],[140.36571,39.92749],[140.36043,39.92833],[140.36188,39.93858],[140.35794,39.94011],[140.35561,39.94621],[140.35887,39.94988],[140.35603,39.95706],[140.35765,39.96209],[140.35252,39.97076],[140.35836,39.97848],[140.36745,39.98112],[140.36998,39.98568],[140.37594,39.98938],[140.37324,39.99858],[140.35732,40.01222],[140.35784,40.01785],[140.35218,40.02151],[140.36437,40.03089],[140.36925,40.03893],[140.37853,40.05021],[140.37389,40.05701],[140.37773,40.06554],[140.37201,40.07807],[140.37155,40.08607],[140.37404,40.09004],[140.35093,40.08987],[140.34801,40.09138],[140.33952,40.08594],[140.3262,40.08174],[140.31861,40.09126],[140.31636,40.08465],[140.30711,40.08173],[140.30121,40.08324],[140.28884,40.07027],[140.26712,40.0695],[140.25769,40.07242],[140.25423,40.07135],[140.25005,40.0688],[140.2502,40.06345],[140.24038,40.06046],[140.23939,40.05533],[140.24241,40.05174],[140.23667,40.0475],[140.24178,40.03819],[140.24012,40.03165],[140.24502,40.02937],[140.24146,40.02144],[140.24389,40.01711],[140.23864,40.01362],[140.23538,40.00767],[140.23667,40.00076],[140.23435,39.99182],[140.24319,39.98544],[140.25043,39.98361],[140.25268,39.97013],[140.24755,39.96015],[140.25153,39.95474],[140.26127,39.94972],[140.26695,39.94176],[140.26582,39.9378],[140.27422,39.93198],[140.27535,39.92797],[140.28275,39.92941],[140.29243,39.92748],[140.29564,39.91988],[140.2928,39.91192],[140.29786,39.899],[140.29678,39.88828],[140.30223,39.87803],[140.29827,39.86589],[140.305,39.86068],[140.30466,39.85197],[140.30648,39.8474],[140.30178,39.83787],[140.29646,39.83295],[140.30673,39.82994],[140.31068,39.82031],[140.30864,39.81674],[140.31358,39.81317],[140.31439,39.80752],[140.31093,39.79718],[140.32056,39.79648],[140.32539,39.79988],[140.3404,39.80458],[140.34914,39.81148],[140.34678,39.81589],[140.35568,39.82622],[140.36358,39.82789],[140.37221,39.83582],[140.37863,39.83397],[140.40078,39.83485]]]}},{"type":"Feature","properties":{"code":"05346","name":"山本郡藤里町","pref":"秋田県","pref_code":"05","cx":140.2718,"cy":40.34604,"bbox":[140.10025,40.2403,140.35643,40.44625]},"geometry":{"type":"Polygon","coordinates":[[[140.27601,40.24171],[140.28756,40.25358],[140.29049,40.25214],[140.30989,40.25517],[140.31106,40.26448],[140.32384,40.27476],[140.32234,40.27764],[140.32742,40.28948],[140.32276,40.30191],[140.32537,40.31166],[140.33337,40.31616],[140.33289,40.32276],[140.3362,40.32488],[140.3355,40.33172],[140.35093,40.34965],[140.35315,40.35489],[140.35348,40.36124],[140.35643,40.36656],[140.35028,40.3734],[140.33828,40.37846],[140.33442,40.38576],[140.33316,40.4032],[140.33651,40.40572],[140.33654,40.41173],[140.33268,40.41968],[140.33641,40.4242],[140.3334,40.42732],[140.33522,40.43938],[140.32097,40.4386],[140.30954,40.43657],[140.30763,40.44189],[140.29887,40.44625],[140.28814,40.44489],[140.27934,40.44605],[140.26687,40.44074],[140.2515,40.44191],[140.2425,40.43728],[140.22017,40.43115],[140.2101,40.43843],[140.19696,40.43462],[140.18748,40.43957],[140.18038,40.44115],[140.16242,40.43936],[140.15141,40.43502],[140.14724,40.43813],[140.13673,40.43962],[140.13325,40.43796],[140.10762,40.4359],[140.10324,40.43374],[140.10281,40.42362],[140.10025,40.41737],[140.10755,40.41607],[140.1081,40.4072],[140.1147,40.40171],[140.11996,40.40482],[140.12828,40.40558],[140.1396,40.40074],[140.15107,40.40337],[140.15605,40.40079],[140.15373,40.39288],[140.15709,40.38791],[140.16396,40.38474],[140.1594,40.38076],[140.15617,40.37411],[140.16768,40.36966],[140.17179,40.36109],[140.17513,40.36202],[140.1829,40.35598],[140.19351,40.35023],[140.19775,40.34243],[140.19546,40.339],[140.19499,40.31977],[140.20187,40.31285],[140.20161,40.30186],[140.20446,40.2973],[140.21347,40.29755],[140.21377,40.28709],[140.21763,40.28478],[140.21621,40.2759],[140.21105,40.27419],[140.21298,40.26867],[140.22262,40.26727],[140.21914,40.25871],[140.22622,40.25417],[140.23195,40.24775],[140.2357,40.24917],[140.24465,40.24589],[140.25235,40.2403],[140.25872,40.24281],[140.2718,40.24475],[140.27601,40.24171]]]}},{"type":"Feature","properties":{"code":"05348","name":"山本郡三種町","pref":"秋田県","pref_code":"05","cx":140.13522,"cy":40.06416,"bbox":[139.94537,39.97472,140.24502,40.15727]},"geometry":{"type":"Polygon","coordinates":[[[139.97258,40.12514],[139.96522,40.10922],[139.94896,40.0787],[139.94537,40.07303],[139.95732,40.07002],[139.95803,40.0663],[139.95318,40.0616],[139.96204,40.05752],[139.9672,40.06226],[139.97901,40.06698],[139.98092,40.07119],[139.97636,40.07632],[139.98096,40.07837],[139.98541,40.09338],[139.9995,40.09337],[140.00184,40.08753],[140.01662,40.08216],[140.02023,40.07839],[140.05173,40.06606],[140.05899,40.06154],[140.0664,40.05085],[140.0713,40.0401],[140.07048,40.00981],[140.06861,39.98683],[140.07859,39.98592],[140.07846,39.98266],[140.08928,39.97472],[140.11705,39.97933],[140.12104,39.97834],[140.11628,39.98629],[140.12694,39.98931],[140.13186,39.99775],[140.13908,39.99697],[140.15251,40.00447],[140.15824,40.01067],[140.1708,40.01055],[140.17651,40.00424],[140.18747,40.01062],[140.19792,40.01291],[140.21169,40.01158],[140.21973,40.00599],[140.23085,40.00446],[140.23538,40.00767],[140.23864,40.01362],[140.24389,40.01711],[140.24146,40.02144],[140.24502,40.02937],[140.24012,40.03165],[140.24178,40.03819],[140.23667,40.0475],[140.23034,40.04937],[140.2162,40.06068],[140.21489,40.06923],[140.2066,40.07059],[140.19978,40.06777],[140.19008,40.0676],[140.19312,40.08056],[140.18436,40.08251],[140.18173,40.09378],[140.17469,40.09785],[140.17716,40.11209],[140.18472,40.11823],[140.1846,40.123],[140.18821,40.12888],[140.17813,40.13199],[140.16172,40.13156],[140.15518,40.12786],[140.14562,40.12773],[140.13365,40.13199],[140.12133,40.12899],[140.11283,40.13563],[140.10871,40.14267],[140.09791,40.14603],[140.09312,40.14968],[140.0864,40.14837],[140.06845,40.15727],[140.04805,40.14955],[140.04137,40.15348],[140.03162,40.13681],[140.02634,40.13265],[140.02634,40.12494],[140.01896,40.12579],[140.00669,40.12224],[139.98145,40.12378],[139.97258,40.12514]]]}},{"type":"Feature","properties":{"code":"05349","name":"山本郡八峰町","pref":"秋田県","pref_code":"05","cx":140.08486,"cy":40.36069,"bbox":[139.93917,40.25171,140.16396,40.46884]},"geometry":{"type":"Polygon","coordinates":[[[140.15617,40.37411],[140.1594,40.38076],[140.16396,40.38474],[140.15709,40.38791],[140.15373,40.39288],[140.15605,40.40079],[140.15107,40.40337],[140.1396,40.40074],[140.12828,40.40558],[140.11996,40.40482],[140.1147,40.40171],[140.1081,40.4072],[140.10755,40.41607],[140.10025,40.41737],[140.10281,40.42362],[140.10324,40.43374],[140.10762,40.4359],[140.10509,40.4408],[140.09917,40.44397],[140.0995,40.45296],[140.09358,40.45892],[140.07845,40.4669],[140.07413,40.46462],[140.06857,40.46884],[140.05924,40.46723],[140.04735,40.46072],[140.03836,40.46078],[140.02485,40.45309],[140.02021,40.44655],[140.02534,40.43958],[140.02163,40.42947],[140.01126,40.42596],[140.00642,40.42735],[140.00103,40.43289],[139.99373,40.43254],[139.9852,40.42791],[139.97352,40.4266],[139.96411,40.43028],[139.95977,40.43483],[139.95087,40.43092],[139.94212,40.43],[139.93917,40.42681],[139.94421,40.42263],[139.94803,40.41335],[139.9675,40.40378],[139.96942,40.40008],[139.97842,40.39829],[139.98016,40.38782],[139.98736,40.38317],[139.99908,40.37981],[140.00349,40.37565],[140.00939,40.37523],[140.01344,40.3717],[140.01472,40.36359],[140.02301,40.35759],[140.02575,40.34985],[140.02609,40.33868],[140.02411,40.31439],[140.02144,40.29563],[140.01566,40.26446],[140.02972,40.26307],[140.03347,40.27096],[140.04117,40.27507],[140.04717,40.27003],[140.06685,40.26905],[140.06725,40.26414],[140.07582,40.26401],[140.07911,40.25428],[140.08334,40.25969],[140.0924,40.25722],[140.09253,40.25236],[140.09866,40.25171],[140.10308,40.25646],[140.1232,40.26099],[140.13128,40.26169],[140.13457,40.26588],[140.1339,40.27073],[140.1386,40.28193],[140.13426,40.28782],[140.14161,40.29388],[140.13703,40.30106],[140.1347,40.31575],[140.14069,40.32415],[140.13567,40.32975],[140.13487,40.33786],[140.13793,40.34278],[140.14535,40.34885],[140.15046,40.35779],[140.15232,40.36791],[140.15073,40.37425],[140.15617,40.37411]]]}},{"type":"Feature","properties":{"code":"05361","name":"南秋田郡五城目町","pref":"秋田県","pref_code":"05","cx":140.207,"cy":39.92205,"bbox":[140.016,39.82738,140.30648,40.01291]},"geometry":{"type":"MultiPolygon","coordinates":[[[[140.05256,39.93591],[140.04412,39.94023],[140.016,39.91985],[140.04778,39.92654],[140.05893,39.93314],[140.05256,39.93591]]],[[[140.29646,39.83295],[140.30178,39.83787],[140.30648,39.8474],[140.30466,39.85197],[140.305,39.86068],[140.29827,39.86589],[140.30223,39.87803],[140.29678,39.88828],[140.29786,39.899],[140.2928,39.91192],[140.29564,39.91988],[140.29243,39.92748],[140.28275,39.92941],[140.27535,39.92797],[140.27422,39.93198],[140.26582,39.9378],[140.26695,39.94176],[140.26127,39.94972],[140.25153,39.95474],[140.24755,39.96015],[140.25268,39.97013],[140.25043,39.98361],[140.24319,39.98544],[140.23435,39.99182],[140.23667,40.00076],[140.23538,40.00767],[140.23085,40.00446],[140.21973,40.00599],[140.21169,40.01158],[140.19792,40.01291],[140.18747,40.01062],[140.17651,40.00424],[140.1708,40.01055],[140.15824,40.01067],[140.15251,40.00447],[140.13908,39.99697],[140.13186,39.99775],[140.12694,39.98931],[140.11628,39.98629],[140.12104,39.97834],[140.11868,39.97508],[140.11922,39.96684],[140.10969,39.95973],[140.0949,39.96772],[140.09035,39.95891],[140.09762,39.95365],[140.09204,39.95142],[140.09309,39.94538],[140.08062,39.93867],[140.07554,39.94005],[140.05938,39.93341],[140.07691,39.93053],[140.08046,39.92832],[140.09498,39.92736],[140.10162,39.92503],[140.10656,39.92791],[140.11934,39.92422],[140.11922,39.91975],[140.13303,39.91681],[140.13323,39.91205],[140.13857,39.90456],[140.14755,39.90297],[140.15036,39.89806],[140.14931,39.89322],[140.15681,39.89041],[140.16813,39.89129],[140.17625,39.89402],[140.18372,39.88837],[140.18596,39.88284],[140.2061,39.88025],[140.21692,39.87748],[140.21591,39.86314],[140.22272,39.86097],[140.22266,39.85501],[140.22659,39.85355],[140.23379,39.84156],[140.23931,39.83898],[140.24295,39.83193],[140.25072,39.82757],[140.25889,39.83001],[140.27377,39.82738],[140.28178,39.83497],[140.28817,39.83077],[140.29646,39.83295]]]]}},{"type":"Feature","properties":{"code":"05363","name":"南秋田郡八郎潟町","pref":"秋田県","pref_code":"05","cx":140.07587,"cy":39.96128,"bbox":[140.04412,39.93314,140.12104,39.98683]},"geometry":{"type":"Polygon","coordinates":[[[140.06861,39.98683],[140.06821,39.98211],[140.06109,39.96283],[140.05112,39.94604],[140.04412,39.94023],[140.05893,39.93314],[140.07554,39.94005],[140.08062,39.93867],[140.09309,39.94538],[140.09204,39.95142],[140.09762,39.95365],[140.09035,39.95891],[140.0949,39.96772],[140.10969,39.95973],[140.11922,39.96684],[140.11868,39.97508],[140.12104,39.97834],[140.11705,39.97933],[140.08928,39.97472],[140.07846,39.98266],[140.07859,39.98592],[140.06861,39.98683]]]}},{"type":"Feature","properties":{"code":"05366","name":"南秋田郡井川町","pref":"秋田県","pref_code":"05","cx":140.12528,"cy":39.89362,"bbox":[140.016,39.85438,140.21692,39.93341]},"geometry":{"type":"Polygon","coordinates":[[[140.21591,39.86314],[140.21692,39.87748],[140.2061,39.88025],[140.18596,39.88284],[140.18372,39.88837],[140.17625,39.89402],[140.16813,39.89129],[140.15681,39.89041],[140.14931,39.89322],[140.15036,39.89806],[140.14755,39.90297],[140.13857,39.90456],[140.13323,39.91205],[140.13303,39.91681],[140.11922,39.91975],[140.11934,39.92422],[140.10656,39.92791],[140.10162,39.92503],[140.09498,39.92736],[140.08046,39.92832],[140.07691,39.93053],[140.05938,39.93341],[140.04778,39.92654],[140.016,39.91985],[140.03354,39.90559],[140.06976,39.90444],[140.08736,39.90538],[140.10014,39.89515],[140.10643,39.88574],[140.11051,39.88511],[140.11563,39.87647],[140.12987,39.87138],[140.13447,39.86576],[140.14287,39.86859],[140.14838,39.8645],[140.15407,39.86718],[140.16346,39.85779],[140.16955,39.85513],[140.18603,39.85438],[140.19778,39.85979],[140.20045,39.86394],[140.20805,39.86503],[140.21591,39.86314]]]}},{"type":"Feature","properties":{"code":"05368","name":"南秋田郡大潟村","pref":"秋田県","pref_code":"05","cx":140.00624,"cy":40.00469,"bbox":[139.92244,39.91985,140.0713,40.09338]},"geometry":{"type":"Polygon","coordinates":[[[139.97633,39.92781],[140.016,39.91985],[140.04412,39.94023],[140.05112,39.94604],[140.06109,39.96283],[140.06821,39.98211],[140.07048,40.00981],[140.0713,40.0401],[140.0664,40.05085],[140.05899,40.06154],[140.05173,40.06606],[140.02023,40.07839],[140.01662,40.08216],[140.00184,40.08753],[139.9995,40.09337],[139.98541,40.09338],[139.98096,40.07837],[139.97636,40.07632],[139.98092,40.07119],[139.97901,40.06698],[139.9672,40.06226],[139.96204,40.05752],[139.95921,40.05031],[139.95365,40.04334],[139.9507,40.03627],[139.93583,40.03098],[139.93033,40.0233],[139.93658,40.01039],[139.94183,40.00786],[139.94302,40.00152],[139.93347,39.99024],[139.92244,39.9588],[139.92621,39.95299],[139.97633,39.92781]]]}},{"type":"Feature","properties":{"code":"05434","name":"仙北郡美郷町","pref":"秋田県","pref_code":"05","cx":140.59919,"cy":39.42827,"bbox":[140.48708,39.35648,140.69815,39.49814]},"geometry":{"type":"Polygon","coordinates":[[[140.65617,39.38915],[140.65323,39.3908],[140.6589,39.40058],[140.66369,39.40375],[140.65882,39.40925],[140.65824,39.41415],[140.67089,39.41766],[140.6811,39.41839],[140.68512,39.42467],[140.6856,39.43726],[140.67775,39.44521],[140.67699,39.4484],[140.68953,39.46481],[140.69815,39.46778],[140.69011,39.47906],[140.67834,39.48124],[140.66972,39.48998],[140.66097,39.49448],[140.6506,39.4938],[140.64769,39.49753],[140.63916,39.49814],[140.62383,39.49534],[140.61588,39.4918],[140.59635,39.48889],[140.59177,39.48678],[140.58942,39.48169],[140.57551,39.47955],[140.57556,39.48266],[140.56003,39.48346],[140.55517,39.46798],[140.55422,39.45813],[140.55799,39.45377],[140.53414,39.44756],[140.53238,39.44436],[140.52378,39.44121],[140.52192,39.43707],[140.51298,39.43711],[140.51065,39.43186],[140.5178,39.42146],[140.51422,39.4133],[140.50532,39.41504],[140.5101,39.4053],[140.51071,39.39795],[140.50332,39.39771],[140.49804,39.40217],[140.48832,39.39536],[140.48708,39.38836],[140.49196,39.37884],[140.4979,39.3783],[140.50139,39.37295],[140.50784,39.36952],[140.51258,39.3625],[140.52613,39.35757],[140.53333,39.35648],[140.53066,39.36289],[140.53972,39.36373],[140.54826,39.35698],[140.55024,39.36062],[140.55139,39.3715],[140.55499,39.37604],[140.57047,39.37671],[140.57229,39.38031],[140.59528,39.37821],[140.59968,39.37572],[140.61134,39.3812],[140.61567,39.38004],[140.61751,39.37442],[140.62726,39.37106],[140.63209,39.37862],[140.64333,39.38163],[140.65345,39.38588],[140.65617,39.38915]]]}},{"type":"Feature","properties":{"code":"05463","name":"雄勝郡羽後町","pref":"秋田県","pref_code":"05","cx":140.36325,"cy":39.17237,"bbox":[140.22179,39.08236,140.4602,39.26209]},"geometry":{"type":"Polygon","coordinates":[[[140.34676,39.25049],[140.34118,39.24449],[140.33697,39.24888],[140.33146,39.24612],[140.32558,39.24801],[140.31261,39.2468],[140.30967,39.24807],[140.30157,39.24458],[140.28413,39.24334],[140.28191,39.2403],[140.27044,39.24019],[140.2704,39.2375],[140.26062,39.23479],[140.2484,39.22456],[140.22968,39.22908],[140.22271,39.22688],[140.22179,39.21813],[140.22974,39.21103],[140.23005,39.20368],[140.23912,39.19363],[140.24892,39.19683],[140.25782,39.18811],[140.25678,39.18308],[140.26626,39.17325],[140.27375,39.17149],[140.27968,39.1634],[140.28164,39.151],[140.29204,39.14553],[140.29628,39.13857],[140.30305,39.13356],[140.3045,39.1235],[140.31268,39.11631],[140.31587,39.10971],[140.31698,39.10148],[140.33034,39.10052],[140.34097,39.08933],[140.34194,39.0836],[140.34501,39.08236],[140.35391,39.08486],[140.3577,39.09282],[140.36528,39.09353],[140.36612,39.09849],[140.37822,39.10023],[140.39268,39.10503],[140.40418,39.1211],[140.40737,39.12262],[140.40662,39.13263],[140.41066,39.13705],[140.41849,39.13663],[140.42748,39.14617],[140.43106,39.1636],[140.43816,39.16939],[140.44619,39.1636],[140.4602,39.17551],[140.45896,39.17986],[140.44997,39.19064],[140.44404,39.20492],[140.44265,39.21119],[140.4456,39.21632],[140.44223,39.21954],[140.4418,39.22575],[140.43016,39.2252],[140.42623,39.23024],[140.42203,39.23035],[140.42144,39.23962],[140.42529,39.24256],[140.41203,39.24783],[140.41006,39.25151],[140.40179,39.25618],[140.4017,39.26014],[140.3795,39.25946],[140.37405,39.26209],[140.36188,39.26039],[140.34676,39.25049]]]}},{"type":"Feature","properties":{"code":"05464","name":"雄勝郡東成瀬村","pref":"秋田県","pref_code":"05","cx":140.72356,"cy":39.08347,"bbox":[140.62142,38.95708,140.80786,39.20927]},"geometry":{"type":"Polygon","coordinates":[[[140.68213,39.09246],[140.68698,39.08488],[140.68357,39.06528],[140.69011,39.06332],[140.69351,39.0572],[140.70569,39.05004],[140.70768,39.0337],[140.70263,39.02713],[140.70723,39.02562],[140.70071,39.01792],[140.7029,39.01253],[140.70921,39.01197],[140.71872,39.00551],[140.71567,38.99559],[140.72339,38.98634],[140.73282,38.98],[140.7499,38.96603],[140.75563,38.95821],[140.76317,38.95708],[140.7721,38.95839],[140.77475,38.96899],[140.77015,38.9762],[140.76911,38.98145],[140.7639,38.9894],[140.7679,38.99471],[140.76441,39.00037],[140.77885,39.00839],[140.77998,39.01441],[140.78572,39.02151],[140.79076,39.02409],[140.79609,39.03602],[140.79353,39.04172],[140.79942,39.04453],[140.80518,39.05202],[140.80529,39.05785],[140.79945,39.06284],[140.80443,39.07057],[140.79998,39.07654],[140.78547,39.0791],[140.77885,39.08207],[140.77197,39.07868],[140.76322,39.08059],[140.75853,39.08538],[140.75291,39.08602],[140.75593,39.09677],[140.76325,39.10886],[140.75593,39.11219],[140.75587,39.11805],[140.76661,39.12022],[140.76998,39.12416],[140.75787,39.1329],[140.75108,39.13326],[140.74973,39.14041],[140.75614,39.14368],[140.76555,39.15231],[140.77074,39.15938],[140.77388,39.16759],[140.78623,39.16678],[140.78833,39.17251],[140.79621,39.17657],[140.7989,39.17517],[140.80786,39.17838],[140.80596,39.18332],[140.79739,39.18996],[140.78852,39.1886],[140.77872,39.19476],[140.77086,39.19353],[140.76485,39.19776],[140.76756,39.2045],[140.76662,39.20853],[140.76079,39.20589],[140.75977,39.20199],[140.7532,39.19833],[140.73664,39.19581],[140.72822,39.19948],[140.72221,39.1969],[140.71776,39.19064],[140.70929,39.18771],[140.69875,39.18676],[140.6916,39.18816],[140.67778,39.19874],[140.67562,39.20204],[140.66499,39.20927],[140.66072,39.2061],[140.64704,39.20675],[140.63854,39.20466],[140.63989,39.20143],[140.63738,39.19447],[140.62654,39.19588],[140.62142,39.18555],[140.63639,39.17351],[140.64346,39.15619],[140.63987,39.15167],[140.64963,39.14464],[140.65583,39.14723],[140.66468,39.15385],[140.66945,39.14889],[140.6789,39.14869],[140.68784,39.13881],[140.6856,39.13222],[140.68167,39.12911],[140.69031,39.10787],[140.68711,39.09977],[140.68213,39.09246]]]}},{"type":"Feature","properties":{"code":"06201","name":"山形市","pref":"山形県","pref_code":"06","cx":140.34185,"cy":38.24566,"bbox":[140.18011,38.1436,140.53066,38.35199]},"geometry":{"type":"Polygon","coordinates":[[[140.52167,38.34967],[140.51494,38.35199],[140.50524,38.34677],[140.48259,38.34285],[140.47043,38.33688],[140.44699,38.33868],[140.44024,38.32573],[140.41817,38.31247],[140.39352,38.31279],[140.36095,38.31926],[140.34953,38.32341],[140.33178,38.32517],[140.32467,38.33758],[140.31218,38.34152],[140.30578,38.33776],[140.30491,38.32402],[140.29716,38.31638],[140.28419,38.31242],[140.28834,38.3058],[140.28518,38.29701],[140.27606,38.28857],[140.27651,38.27752],[140.25179,38.26867],[140.23649,38.27226],[140.20924,38.27414],[140.21348,38.26357],[140.20707,38.25247],[140.21462,38.24839],[140.20868,38.23376],[140.19797,38.23714],[140.18011,38.2233],[140.18554,38.22259],[140.19664,38.2243],[140.21078,38.21064],[140.2405,38.2105],[140.2494,38.19448],[140.24564,38.18878],[140.24994,38.17871],[140.26096,38.17364],[140.28174,38.1874],[140.28576,38.17879],[140.30485,38.18919],[140.31446,38.18442],[140.31197,38.17402],[140.32264,38.17038],[140.34659,38.1668],[140.3671,38.1584],[140.38569,38.16365],[140.397,38.15281],[140.42006,38.14801],[140.4359,38.15021],[140.44591,38.1436],[140.45201,38.15106],[140.46766,38.15698],[140.46965,38.17064],[140.48015,38.18214],[140.4773,38.20079],[140.47095,38.21457],[140.47429,38.22448],[140.46933,38.22833],[140.46921,38.24292],[140.47253,38.25223],[140.47301,38.27182],[140.48788,38.2745],[140.49695,38.28314],[140.49259,38.30269],[140.50069,38.30381],[140.50431,38.31414],[140.52028,38.30952],[140.53066,38.3252],[140.52511,38.33268],[140.52167,38.34967]]]}},{"type":"Feature","properties":{"code":"06202","name":"米沢市","pref":"山形県","pref_code":"06","cx":140.10163,"cy":37.85511,"bbox":[139.93494,37.73392,140.2988,37.97718]},"geometry":{"type":"Polygon","coordinates":[[[140.26713,37.91758],[140.26211,37.9226],[140.24654,37.91715],[140.23054,37.91663],[140.22187,37.90093],[140.21204,37.89614],[140.19453,37.90065],[140.19552,37.90795],[140.18738,37.92105],[140.18724,37.93309],[140.16448,37.93903],[140.16635,37.94349],[140.16034,37.96267],[140.15227,37.96452],[140.13801,37.97433],[140.11152,37.97542],[140.10477,37.96979],[140.09196,37.97718],[140.06733,37.96846],[140.052,37.95506],[140.05767,37.94746],[140.04656,37.9394],[140.03405,37.9401],[140.03151,37.93133],[140.03449,37.9202],[140.02261,37.91482],[140.0123,37.90068],[140.0062,37.89762],[139.97987,37.89572],[139.98234,37.88898],[139.97431,37.88376],[139.95997,37.88182],[139.94953,37.87483],[139.9388,37.86663],[139.93494,37.84454],[139.93726,37.8282],[139.94088,37.82174],[139.95792,37.81486],[139.96213,37.8058],[139.96015,37.79565],[139.96726,37.78381],[139.97876,37.77375],[139.97804,37.76624],[139.9865,37.76041],[140.00199,37.7594],[140.01023,37.76399],[140.0375,37.76798],[140.04848,37.77905],[140.0646,37.7678],[140.06904,37.7579],[140.08678,37.758],[140.10228,37.73761],[140.12737,37.73392],[140.14008,37.73943],[140.14601,37.75272],[140.16156,37.75672],[140.17826,37.7565],[140.1996,37.75281],[140.20439,37.7477],[140.23551,37.74589],[140.24437,37.75841],[140.25495,37.76462],[140.26618,37.77918],[140.27629,37.78177],[140.28221,37.79823],[140.2988,37.80781],[140.29058,37.8151],[140.26878,37.82409],[140.26212,37.83442],[140.2673,37.84768],[140.26563,37.86255],[140.26993,37.87429],[140.26494,37.88623],[140.26706,37.89672],[140.26457,37.91209],[140.26713,37.91758]]]}},{"type":"Feature","properties":{"code":"06203","name":"鶴岡市","pref":"山形県","pref_code":"06","cx":139.78843,"cy":38.5658,"bbox":[139.54385,38.31677,140.03009,38.82662]},"geometry":{"type":"Polygon","coordinates":[[[140.0262,38.54681],[140.03009,38.55912],[140.0223,38.57248],[140.01911,38.58934],[140.0001,38.59673],[139.992,38.60502],[139.9888,38.61652],[139.99625,38.63838],[139.98355,38.6628],[139.98942,38.68546],[139.98638,38.70751],[139.99969,38.72466],[139.99593,38.73102],[139.99411,38.74728],[139.9746,38.75353],[139.95945,38.75008],[139.94501,38.7541],[139.94871,38.76474],[139.92709,38.78704],[139.92029,38.78787],[139.91713,38.7984],[139.89903,38.80887],[139.89592,38.81665],[139.87466,38.82097],[139.8696,38.82662],[139.86141,38.81699],[139.86698,38.8138],[139.8765,38.79502],[139.88882,38.78609],[139.87994,38.77039],[139.86953,38.76037],[139.86719,38.74936],[139.8555,38.74929],[139.84865,38.75392],[139.85379,38.76351],[139.84346,38.78266],[139.81087,38.78529],[139.81912,38.79313],[139.82485,38.80949],[139.82368,38.81732],[139.82342,38.81108],[139.79321,38.81395],[139.78738,38.80376],[139.76861,38.80387],[139.76177,38.80024],[139.74643,38.77519],[139.73349,38.76832],[139.70768,38.75018],[139.69667,38.73417],[139.69878,38.73119],[139.68118,38.7176],[139.67091,38.7188],[139.66062,38.7043],[139.63525,38.68466],[139.62711,38.68746],[139.60982,38.66857],[139.58865,38.62843],[139.5701,38.59957],[139.56396,38.59519],[139.55755,38.57547],[139.54385,38.55623],[139.5566,38.54524],[139.59547,38.52682],[139.59945,38.52222],[139.61389,38.52625],[139.63139,38.52178],[139.64052,38.51083],[139.65306,38.50697],[139.66203,38.50846],[139.68288,38.50496],[139.69291,38.50683],[139.70162,38.5016],[139.72072,38.49635],[139.72576,38.48656],[139.71204,38.47173],[139.72013,38.45069],[139.71651,38.43213],[139.71704,38.42099],[139.70589,38.40758],[139.7048,38.39356],[139.71233,38.38694],[139.72206,38.39402],[139.73112,38.38145],[139.73288,38.37142],[139.75228,38.35897],[139.76163,38.36106],[139.77072,38.35291],[139.78394,38.35297],[139.78964,38.34871],[139.80357,38.35507],[139.81649,38.35601],[139.82724,38.345],[139.84838,38.3428],[139.84773,38.33658],[139.86532,38.32577],[139.87481,38.31677],[139.88292,38.32625],[139.89513,38.33091],[139.90296,38.33992],[139.90233,38.34833],[139.91738,38.36681],[139.91,38.37906],[139.92127,38.39344],[139.9145,38.41079],[139.91842,38.41878],[139.92704,38.42023],[139.93448,38.43349],[139.93345,38.44806],[139.92516,38.44985],[139.93124,38.46889],[139.9262,38.47956],[139.94202,38.48979],[139.93477,38.49435],[139.93443,38.50437],[139.94737,38.50639],[139.95431,38.51535],[139.98008,38.52672],[139.98885,38.53461],[140.00307,38.54136],[140.0262,38.54681]]]}},{"type":"Feature","properties":{"code":"06204","name":"酒田市","pref":"山形県","pref_code":"06","cx":139.96797,"cy":38.93528,"bbox":[139.54152,38.77588,140.1508,39.20855]},"geometry":{"type":"MultiPolygon","coordinates":[[[[139.82368,38.81732],[139.81516,38.82141],[139.81464,38.83843],[139.84701,38.82451],[139.86427,38.82922],[139.85681,38.84586],[139.8578,38.85318],[139.86632,38.85837],[139.87447,38.85044],[139.88329,38.84862],[139.88428,38.86565],[139.90016,38.86955],[139.9055,38.87627],[139.9026,38.88453],[139.93746,38.87319],[139.94515,38.8649],[139.94053,38.85646],[139.95132,38.83414],[139.96858,38.82864],[139.96705,38.81599],[139.97939,38.81634],[139.99341,38.80659],[139.99603,38.79333],[140.01891,38.79372],[140.02769,38.78826],[140.03217,38.77712],[140.0382,38.77588],[140.05534,38.78904],[140.06561,38.78868],[140.07347,38.79773],[140.08321,38.79937],[140.07692,38.81427],[140.08953,38.81908],[140.11159,38.81743],[140.11721,38.82087],[140.11287,38.8354],[140.08771,38.84239],[140.09259,38.86337],[140.11406,38.86901],[140.12067,38.87344],[140.11943,38.89711],[140.13885,38.91114],[140.12205,38.92474],[140.12139,38.94135],[140.13758,38.94366],[140.14383,38.95087],[140.13761,38.96063],[140.14711,38.96982],[140.14399,38.97635],[140.13084,38.98325],[140.12451,38.98072],[140.11155,38.98501],[140.12162,39.00971],[140.11453,39.02467],[140.13126,39.03379],[140.13496,39.04275],[140.1508,39.04918],[140.14389,39.06134],[140.12984,39.063],[140.11686,39.06823],[140.1149,39.07778],[140.10272,39.0831],[140.07351,39.08687],[140.06246,39.09289],[140.06,39.08276],[140.04012,39.06932],[140.03852,39.04635],[140.03079,39.04467],[140.01235,39.00844],[139.98705,39.00652],[139.96328,38.99638],[139.94757,38.99304],[139.93883,38.9875],[139.92307,38.98588],[139.89991,38.99149],[139.89633,38.99837],[139.87635,39.00116],[139.86796,38.99108],[139.867,38.9801],[139.85714,38.97598],[139.84023,38.98511],[139.83276,38.97355],[139.82601,38.97486],[139.81889,38.96052],[139.82945,38.95797],[139.81026,38.9292],[139.80362,38.90239],[139.79287,38.87088],[139.7774,38.83235],[139.76177,38.80024],[139.76861,38.80387],[139.78738,38.80376],[139.79321,38.81395],[139.82342,38.81108],[139.82368,38.81732]]],[[[139.55039,39.20855],[139.54152,39.19501],[139.55406,39.19342],[139.56477,39.19867],[139.55039,39.20855]]]]}},{"type":"Feature","properties":{"code":"06205","name":"新庄市","pref":"山形県","pref_code":"06","cx":140.34593,"cy":38.79901,"bbox":[140.19802,38.69819,140.49432,38.90275]},"geometry":{"type":"Polygon","coordinates":[[[140.49229,38.90221],[140.48677,38.90275],[140.44341,38.87846],[140.4268,38.86432],[140.41966,38.86663],[140.4037,38.86408],[140.40329,38.85815],[140.38726,38.84611],[140.35371,38.84373],[140.34524,38.84714],[140.32085,38.84949],[140.31421,38.84529],[140.29415,38.84876],[140.29227,38.84082],[140.31279,38.83384],[140.3136,38.82458],[140.3022,38.82388],[140.29288,38.81869],[140.28056,38.80486],[140.27343,38.80271],[140.26162,38.79111],[140.27237,38.78599],[140.26915,38.77684],[140.25291,38.77239],[140.21993,38.76818],[140.21577,38.76531],[140.19918,38.75692],[140.20763,38.74217],[140.20268,38.73698],[140.19802,38.71525],[140.22968,38.72347],[140.25743,38.71731],[140.26288,38.70736],[140.261,38.69819],[140.28115,38.69878],[140.28923,38.70455],[140.30232,38.70104],[140.31354,38.7148],[140.3271,38.72263],[140.34987,38.72863],[140.36002,38.74267],[140.36976,38.74746],[140.38523,38.74639],[140.38938,38.7518],[140.4133,38.77727],[140.41851,38.77854],[140.42528,38.79532],[140.41881,38.80306],[140.42945,38.81964],[140.43643,38.8212],[140.45098,38.8425],[140.45954,38.84542],[140.47576,38.85879],[140.48557,38.86289],[140.4847,38.87888],[140.49432,38.899],[140.49229,38.90221]]]}},{"type":"Feature","properties":{"code":"06206","name":"寒河江市","pref":"山形県","pref_code":"06","cx":140.22542,"cy":38.4378,"bbox":[140.15118,38.3421,140.32199,38.53531]},"geometry":{"type":"Polygon","coordinates":[[[140.20807,38.53303],[140.17921,38.53531],[140.16049,38.52644],[140.15118,38.51405],[140.17461,38.49546],[140.18852,38.476],[140.18009,38.46125],[140.18546,38.4517],[140.18545,38.44131],[140.20049,38.4343],[140.19315,38.4112],[140.19946,38.40697],[140.18136,38.39975],[140.19074,38.39111],[140.20785,38.3929],[140.21852,38.387],[140.20982,38.37613],[140.22579,38.35692],[140.22279,38.3421],[140.23108,38.34616],[140.26166,38.35379],[140.26241,38.35449],[140.27213,38.35558],[140.27065,38.34525],[140.2831,38.34221],[140.29208,38.34522],[140.29335,38.35426],[140.30637,38.35069],[140.30689,38.34537],[140.30925,38.35918],[140.31755,38.36513],[140.32199,38.37533],[140.31955,38.38078],[140.30652,38.38314],[140.28985,38.39453],[140.28299,38.41206],[140.27036,38.41752],[140.26112,38.42545],[140.25441,38.45096],[140.26333,38.46471],[140.25446,38.4721],[140.24805,38.47643],[140.24636,38.49278],[140.23951,38.50292],[140.2369,38.51661],[140.2207,38.52164],[140.20807,38.53303]]]}},{"type":"Feature","properties":{"code":"06207","name":"上山市","pref":"山形県","pref_code":"06","cx":140.3264,"cy":38.13999,"bbox":[140.18292,38.05337,140.44591,38.2243]},"geometry":{"type":"Polygon","coordinates":[[[140.18554,38.22259],[140.19291,38.21037],[140.19272,38.19572],[140.20193,38.18269],[140.19853,38.16832],[140.20627,38.16438],[140.20224,38.15141],[140.20997,38.14276],[140.20634,38.13722],[140.18292,38.13332],[140.18533,38.12461],[140.19953,38.11363],[140.21048,38.11059],[140.21313,38.09868],[140.23806,38.09387],[140.23352,38.0825],[140.24793,38.08153],[140.26143,38.07234],[140.26918,38.05926],[140.27709,38.05616],[140.28908,38.05934],[140.30448,38.05402],[140.315,38.05839],[140.3446,38.05337],[140.35564,38.05848],[140.37498,38.05744],[140.3824,38.06436],[140.39655,38.06936],[140.41767,38.08034],[140.42066,38.08526],[140.41741,38.10292],[140.43104,38.12686],[140.4411,38.1298],[140.44591,38.1436],[140.4359,38.15021],[140.42006,38.14801],[140.397,38.15281],[140.38569,38.16365],[140.3671,38.1584],[140.34659,38.1668],[140.32264,38.17038],[140.31197,38.17402],[140.31446,38.18442],[140.30485,38.18919],[140.28576,38.17879],[140.28174,38.1874],[140.26096,38.17364],[140.24994,38.17871],[140.24564,38.18878],[140.2494,38.19448],[140.2405,38.2105],[140.21078,38.21064],[140.19664,38.2243],[140.18554,38.22259]]]}},{"type":"Feature","properties":{"code":"06208","name":"村山市","pref":"山形県","pref_code":"06","cx":140.33115,"cy":38.51912,"bbox":[140.20807,38.45541,140.46149,38.57898]},"geometry":{"type":"Polygon","coordinates":[[[140.25446,38.4721],[140.26472,38.47357],[140.2887,38.46934],[140.29712,38.46424],[140.31799,38.45746],[140.34586,38.45541],[140.35947,38.46317],[140.35339,38.47079],[140.38243,38.47222],[140.38291,38.4694],[140.41138,38.4676],[140.43221,38.47015],[140.44313,38.48348],[140.46148,38.48729],[140.46149,38.50309],[140.45114,38.51029],[140.43604,38.51521],[140.43022,38.52417],[140.43624,38.53503],[140.43748,38.55104],[140.42913,38.55864],[140.40373,38.56924],[140.38432,38.56221],[140.37834,38.54468],[140.36772,38.55102],[140.32831,38.56327],[140.31402,38.57898],[140.29226,38.57765],[140.2786,38.56717],[140.25874,38.57248],[140.24106,38.5685],[140.23521,38.55091],[140.21727,38.54546],[140.20807,38.53303],[140.2207,38.52164],[140.2369,38.51661],[140.23951,38.50292],[140.24636,38.49278],[140.24805,38.47643],[140.25446,38.4721]]]}},{"type":"Feature","properties":{"code":"06209","name":"長井市","pref":"山形県","pref_code":"06","cx":139.97448,"cy":38.14179,"bbox":[139.87729,38.04252,140.10993,38.24642]},"geometry":{"type":"Polygon","coordinates":[[[139.91657,38.24642],[139.90206,38.23491],[139.89911,38.21661],[139.8913,38.21278],[139.87729,38.19965],[139.88069,38.1868],[139.87901,38.16896],[139.88504,38.15478],[139.89506,38.14682],[139.88732,38.13705],[139.8985,38.10724],[139.90693,38.09967],[139.92996,38.10059],[139.95434,38.0857],[139.98466,38.09082],[140.01519,38.07927],[140.01409,38.07138],[140.02402,38.06998],[140.02088,38.05361],[140.02965,38.04252],[140.04303,38.04996],[140.05551,38.04972],[140.06463,38.06639],[140.07058,38.06519],[140.08862,38.07908],[140.09677,38.09072],[140.09662,38.09764],[140.10871,38.11274],[140.10533,38.12302],[140.10993,38.1291],[140.09727,38.13834],[140.09064,38.12926],[140.06817,38.13696],[140.05054,38.14524],[140.05221,38.15501],[140.04061,38.15915],[140.01444,38.17496],[139.99246,38.17987],[139.97755,38.17968],[139.9579,38.19856],[139.96051,38.20374],[139.94073,38.20878],[139.94523,38.22084],[139.94416,38.23049],[139.93196,38.23412],[139.91657,38.24642]]]}},{"type":"Feature","properties":{"code":"06210","name":"天童市","pref":"山形県","pref_code":"06","cx":140.40258,"cy":38.35626,"bbox":[140.30689,38.31247,140.51494,38.40467]},"geometry":{"type":"Polygon","coordinates":[[[140.51494,38.35199],[140.5007,38.35334],[140.42531,38.40467],[140.40531,38.399],[140.40246,38.39513],[140.37346,38.39695],[140.36587,38.40169],[140.34933,38.39642],[140.33336,38.40027],[140.31755,38.36513],[140.30925,38.35918],[140.30689,38.34537],[140.31218,38.34152],[140.32467,38.33758],[140.33178,38.32517],[140.34953,38.32341],[140.36095,38.31926],[140.39352,38.31279],[140.41817,38.31247],[140.44024,38.32573],[140.44699,38.33868],[140.47043,38.33688],[140.48259,38.34285],[140.50524,38.34677],[140.51494,38.35199]]]}},{"type":"Feature","properties":{"code":"06211","name":"東根市","pref":"山形県","pref_code":"06","cx":140.45597,"cy":38.41706,"bbox":[140.33336,38.34967,140.58615,38.48729]},"geometry":{"type":"Polygon","coordinates":[[[140.52167,38.34967],[140.53374,38.36209],[140.5454,38.36407],[140.55258,38.37653],[140.56368,38.37744],[140.57453,38.39668],[140.57204,38.41516],[140.57831,38.42035],[140.58615,38.44053],[140.57794,38.45251],[140.56702,38.45011],[140.55395,38.45912],[140.53952,38.46085],[140.52982,38.45728],[140.51573,38.4832],[140.49164,38.48635],[140.47351,38.48117],[140.46148,38.48729],[140.44313,38.48348],[140.43221,38.47015],[140.41138,38.4676],[140.38291,38.4694],[140.38243,38.47222],[140.35339,38.47079],[140.35947,38.46317],[140.34586,38.45541],[140.33791,38.44848],[140.33894,38.43507],[140.34596,38.43037],[140.337,38.41896],[140.3412,38.40582],[140.33336,38.40027],[140.34933,38.39642],[140.36587,38.40169],[140.37346,38.39695],[140.40246,38.39513],[140.40531,38.399],[140.42531,38.40467],[140.5007,38.35334],[140.51494,38.35199],[140.52167,38.34967]]]}},{"type":"Feature","properties":{"code":"06212","name":"尾花沢市","pref":"山形県","pref_code":"06","cx":140.48875,"cy":38.57475,"bbox":[140.31274,38.43653,140.61258,38.72137]},"geometry":{"type":"Polygon","coordinates":[[[140.46148,38.48729],[140.47351,38.48117],[140.49164,38.48635],[140.51573,38.4832],[140.52982,38.45728],[140.53952,38.46085],[140.55395,38.45912],[140.56702,38.45011],[140.57794,38.45251],[140.58615,38.44053],[140.59776,38.43653],[140.61258,38.4527],[140.60629,38.46329],[140.60816,38.46882],[140.59765,38.48737],[140.57369,38.49491],[140.56346,38.51064],[140.57196,38.52564],[140.56252,38.5267],[140.55408,38.54076],[140.56474,38.54586],[140.56663,38.55956],[140.57864,38.56807],[140.571,38.58026],[140.56955,38.59422],[140.55845,38.59764],[140.56228,38.60491],[140.55222,38.61334],[140.53764,38.63384],[140.54653,38.64968],[140.54912,38.66122],[140.5394,38.68544],[140.52532,38.6938],[140.51151,38.69053],[140.50511,38.69717],[140.49123,38.69175],[140.47141,38.69721],[140.47176,38.70341],[140.46113,38.71322],[140.45972,38.72137],[140.42508,38.70428],[140.40098,38.70324],[140.38302,38.69417],[140.37434,38.68513],[140.35675,38.68861],[140.32531,38.67867],[140.31274,38.67783],[140.32015,38.66381],[140.31557,38.64755],[140.32695,38.64983],[140.3577,38.63874],[140.36665,38.63933],[140.3808,38.60625],[140.37906,38.59843],[140.38431,38.58925],[140.40133,38.58834],[140.40373,38.56924],[140.42913,38.55864],[140.43748,38.55104],[140.43624,38.53503],[140.43022,38.52417],[140.43604,38.51521],[140.45114,38.51029],[140.46149,38.50309],[140.46148,38.48729]]]}},{"type":"Feature","properties":{"code":"06213","name":"南陽市","pref":"山形県","pref_code":"06","cx":140.15017,"cy":38.11833,"bbox":[140.0698,38.01944,140.23806,38.2233]},"geometry":{"type":"Polygon","coordinates":[[[140.18011,38.2233],[140.17316,38.2227],[140.16138,38.19889],[140.15349,38.19058],[140.14704,38.1725],[140.13439,38.15942],[140.12613,38.14592],[140.12932,38.13694],[140.11739,38.13511],[140.10993,38.1291],[140.10533,38.12302],[140.10871,38.11274],[140.09662,38.09764],[140.09677,38.09072],[140.08862,38.07908],[140.07058,38.06519],[140.0698,38.05577],[140.08148,38.04629],[140.10003,38.04539],[140.09978,38.03586],[140.10823,38.0258],[140.12623,38.02293],[140.13037,38.02323],[140.13533,38.02528],[140.15693,38.01944],[140.18089,38.04118],[140.19452,38.03764],[140.21237,38.04331],[140.2019,38.04865],[140.19948,38.05537],[140.21653,38.07548],[140.23352,38.0825],[140.23806,38.09387],[140.21313,38.09868],[140.21048,38.11059],[140.19953,38.11363],[140.18533,38.12461],[140.18292,38.13332],[140.20634,38.13722],[140.20997,38.14276],[140.20224,38.15141],[140.20627,38.16438],[140.19853,38.16832],[140.20193,38.18269],[140.19272,38.19572],[140.19291,38.21037],[140.18554,38.22259],[140.18011,38.2233]]]}},{"type":"Feature","properties":{"code":"06301","name":"東村山郡山辺町","pref":"山形県","pref_code":"06","cx":140.21887,"cy":38.27583,"bbox":[140.15342,38.2227,140.28834,38.32901]},"geometry":{"type":"Polygon","coordinates":[[[140.28419,38.31242],[140.27976,38.3187],[140.26643,38.31719],[140.23679,38.3071],[140.22553,38.3073],[140.20413,38.32901],[140.19907,38.32791],[140.18918,38.31551],[140.19486,38.29231],[140.17074,38.28363],[140.1539,38.25622],[140.15342,38.24265],[140.16974,38.23966],[140.17316,38.2227],[140.18011,38.2233],[140.19797,38.23714],[140.20868,38.23376],[140.21462,38.24839],[140.20707,38.25247],[140.21348,38.26357],[140.20924,38.27414],[140.23649,38.27226],[140.25179,38.26867],[140.27651,38.27752],[140.27606,38.28857],[140.28518,38.29701],[140.28834,38.3058],[140.28419,38.31242]]]}},{"type":"Feature","properties":{"code":"06302","name":"東村山郡中山町","pref":"山形県","pref_code":"06","cx":140.26278,"cy":38.33355,"bbox":[140.20413,38.3071,140.31218,38.35558]},"geometry":{"type":"Polygon","coordinates":[[[140.31218,38.34152],[140.30689,38.34537],[140.30637,38.35069],[140.29335,38.35426],[140.29208,38.34522],[140.2831,38.34221],[140.27065,38.34525],[140.27213,38.35558],[140.26241,38.35449],[140.26166,38.35379],[140.23108,38.34616],[140.22279,38.3421],[140.2187,38.32933],[140.20413,38.32901],[140.22553,38.3073],[140.23679,38.3071],[140.26643,38.31719],[140.27976,38.3187],[140.28419,38.31242],[140.29716,38.31638],[140.30491,38.32402],[140.30578,38.33776],[140.31218,38.34152]]]}},{"type":"Feature","properties":{"code":"06321","name":"西村山郡河北町","pref":"山形県","pref_code":"06","cx":140.30222,"cy":38.4222,"bbox":[140.25441,38.37533,140.34596,38.47357]},"geometry":{"type":"Polygon","coordinates":[[[140.32199,38.37533],[140.33336,38.40027],[140.3412,38.40582],[140.337,38.41896],[140.34596,38.43037],[140.33894,38.43507],[140.33791,38.44848],[140.34586,38.45541],[140.31799,38.45746],[140.29712,38.46424],[140.2887,38.46934],[140.26472,38.47357],[140.25446,38.4721],[140.26333,38.46471],[140.25441,38.45096],[140.26112,38.42545],[140.27036,38.41752],[140.28299,38.41206],[140.28985,38.39453],[140.30652,38.38314],[140.31955,38.38078],[140.32199,38.37533]]]}},{"type":"Feature","properties":{"code":"06322","name":"西村山郡西川町","pref":"山形県","pref_code":"06","cx":140.00173,"cy":38.40515,"bbox":[139.87481,38.26288,140.20049,38.54681]},"geometry":{"type":"Polygon","coordinates":[[[139.87481,38.31677],[139.87933,38.30343],[139.89889,38.29315],[139.8999,38.27581],[139.91135,38.27259],[139.92145,38.26288],[139.94508,38.27338],[139.94573,38.28398],[139.95165,38.29338],[139.95459,38.3076],[139.98684,38.32112],[139.98834,38.32858],[140.00597,38.33308],[140.01039,38.33727],[140.00667,38.35118],[140.01173,38.37414],[140.0054,38.38024],[140.01349,38.39976],[140.01975,38.40391],[140.03905,38.39688],[140.04855,38.38624],[140.06226,38.38089],[140.07046,38.39513],[140.08877,38.40638],[140.1054,38.40718],[140.11641,38.40163],[140.14028,38.40762],[140.15034,38.40183],[140.16313,38.40326],[140.18136,38.39975],[140.19946,38.40697],[140.19315,38.4112],[140.20049,38.4343],[140.18545,38.44131],[140.18546,38.4517],[140.18009,38.46125],[140.18852,38.476],[140.17461,38.49546],[140.15118,38.51405],[140.12504,38.50423],[140.12258,38.49382],[140.11501,38.49365],[140.09658,38.50866],[140.0803,38.51125],[140.07468,38.50507],[140.05019,38.49635],[140.035,38.50568],[140.03576,38.53274],[140.0262,38.54681],[140.00307,38.54136],[139.98885,38.53461],[139.98008,38.52672],[139.95431,38.51535],[139.94737,38.50639],[139.93443,38.50437],[139.93477,38.49435],[139.94202,38.48979],[139.9262,38.47956],[139.93124,38.46889],[139.92516,38.44985],[139.93345,38.44806],[139.93448,38.43349],[139.92704,38.42023],[139.91842,38.41878],[139.9145,38.41079],[139.92127,38.39344],[139.91,38.37906],[139.91738,38.36681],[139.90233,38.34833],[139.90296,38.33992],[139.89513,38.33091],[139.88292,38.32625],[139.87481,38.31677]]]}},{"type":"Feature","properties":{"code":"06323","name":"西村山郡朝日町","pref":"山形県","pref_code":"06","cx":140.06351,"cy":38.27057,"bbox":[139.91657,38.17968,140.19907,38.36069]},"geometry":{"type":"Polygon","coordinates":[[[139.97755,38.17968],[139.99276,38.18782],[139.98872,38.19825],[140.00037,38.22492],[140.00701,38.2283],[140.01253,38.24297],[140.03127,38.24772],[140.04248,38.24455],[140.04923,38.25573],[140.06284,38.26576],[140.07141,38.26695],[140.08642,38.25007],[140.09493,38.24582],[140.1059,38.25131],[140.11318,38.24763],[140.1253,38.25691],[140.14468,38.25338],[140.15342,38.24265],[140.1539,38.25622],[140.17074,38.28363],[140.19486,38.29231],[140.18918,38.31551],[140.19907,38.32791],[140.182,38.32483],[140.18821,38.33966],[140.19748,38.34876],[140.17167,38.35787],[140.15109,38.36069],[140.14161,38.35266],[140.13397,38.35426],[140.10541,38.34558],[140.10287,38.34027],[140.08028,38.31524],[140.06803,38.32317],[140.0539,38.32],[140.04023,38.30374],[140.02913,38.29902],[140.02229,38.31148],[140.01513,38.31446],[139.9982,38.29442],[139.98013,38.28807],[139.9711,38.27236],[139.95749,38.26877],[139.94508,38.27338],[139.92145,38.26288],[139.91657,38.24642],[139.93196,38.23412],[139.94416,38.23049],[139.94523,38.22084],[139.94073,38.20878],[139.96051,38.20374],[139.9579,38.19856],[139.97755,38.17968]]]}},{"type":"Feature","properties":{"code":"06324","name":"西村山郡大江町","pref":"山形県","pref_code":"06","cx":140.05566,"cy":38.33847,"bbox":[139.94508,38.26877,140.22579,38.40762]},"geometry":{"type":"Polygon","coordinates":[[[140.18136,38.39975],[140.16313,38.40326],[140.15034,38.40183],[140.14028,38.40762],[140.11641,38.40163],[140.1054,38.40718],[140.08877,38.40638],[140.07046,38.39513],[140.06226,38.38089],[140.04855,38.38624],[140.03905,38.39688],[140.01975,38.40391],[140.01349,38.39976],[140.0054,38.38024],[140.01173,38.37414],[140.00667,38.35118],[140.01039,38.33727],[140.00597,38.33308],[139.98834,38.32858],[139.98684,38.32112],[139.95459,38.3076],[139.95165,38.29338],[139.94573,38.28398],[139.94508,38.27338],[139.95749,38.26877],[139.9711,38.27236],[139.98013,38.28807],[139.9982,38.29442],[140.01513,38.31446],[140.02229,38.31148],[140.02913,38.29902],[140.04023,38.30374],[140.0539,38.32],[140.06803,38.32317],[140.08028,38.31524],[140.10287,38.34027],[140.10541,38.34558],[140.13397,38.35426],[140.14161,38.35266],[140.15109,38.36069],[140.17167,38.35787],[140.19748,38.34876],[140.18821,38.33966],[140.182,38.32483],[140.20413,38.32901],[140.2187,38.32933],[140.22279,38.3421],[140.22579,38.35692],[140.20982,38.37613],[140.21852,38.387],[140.20785,38.3929],[140.19074,38.39111],[140.18136,38.39975]]]}},{"type":"Feature","properties":{"code":"06341","name":"北村山郡大石田町","pref":"山形県","pref_code":"06","cx":140.32614,"cy":38.59384,"bbox":[140.24635,38.54468,140.40373,38.64983]},"geometry":{"type":"Polygon","coordinates":[[[140.40373,38.56924],[140.40133,38.58834],[140.38431,38.58925],[140.37906,38.59843],[140.3808,38.60625],[140.36665,38.63933],[140.3577,38.63874],[140.32695,38.64983],[140.31557,38.64755],[140.29974,38.64116],[140.30254,38.61498],[140.2885,38.6063],[140.27586,38.60324],[140.26543,38.58464],[140.24635,38.56992],[140.25874,38.57248],[140.2786,38.56717],[140.29226,38.57765],[140.31402,38.57898],[140.32831,38.56327],[140.36772,38.55102],[140.37834,38.54468],[140.38432,38.56221],[140.40373,38.56924]]]}},{"type":"Feature","properties":{"code":"06361","name":"最上郡金山町","pref":"山形県","pref_code":"06","cx":140.39053,"cy":38.90711,"bbox":[140.28129,38.84373,140.49229,38.96446]},"geometry":{"type":"Polygon","coordinates":[[[140.49229,38.90221],[140.47985,38.91468],[140.46171,38.92036],[140.45831,38.93388],[140.44958,38.9456],[140.42839,38.93312],[140.41726,38.94845],[140.40443,38.95002],[140.39311,38.95849],[140.35738,38.96446],[140.34401,38.95599],[140.32004,38.95621],[140.30871,38.94935],[140.29083,38.93337],[140.28785,38.91954],[140.29534,38.91146],[140.28129,38.87541],[140.29415,38.84876],[140.31421,38.84529],[140.32085,38.84949],[140.34524,38.84714],[140.35371,38.84373],[140.38726,38.84611],[140.40329,38.85815],[140.4037,38.86408],[140.41966,38.86663],[140.4268,38.86432],[140.44341,38.87846],[140.48677,38.90275],[140.49229,38.90221]]]}},{"type":"Feature","properties":{"code":"06362","name":"最上郡最上町","pref":"山形県","pref_code":"06","cx":140.52199,"cy":38.76584,"bbox":[140.38938,38.63382,140.64646,38.90072]},"geometry":{"type":"Polygon","coordinates":[[[140.38938,38.7518],[140.40487,38.74138],[140.42119,38.74231],[140.4468,38.73997],[140.45972,38.72137],[140.46113,38.71322],[140.47176,38.70341],[140.47141,38.69721],[140.49123,38.69175],[140.50511,38.69717],[140.51151,38.69053],[140.52532,38.6938],[140.5394,38.68544],[140.54912,38.66122],[140.54653,38.64968],[140.56275,38.64806],[140.5694,38.63821],[140.58994,38.63382],[140.60202,38.6406],[140.60606,38.65549],[140.61889,38.67296],[140.62444,38.68767],[140.61636,38.70048],[140.607,38.7033],[140.60704,38.72131],[140.62089,38.73155],[140.62304,38.74169],[140.63134,38.74711],[140.63636,38.76216],[140.64646,38.76952],[140.63685,38.77743],[140.62743,38.77388],[140.60353,38.78371],[140.59574,38.80219],[140.59855,38.82596],[140.59073,38.83604],[140.56929,38.8468],[140.55913,38.84725],[140.55302,38.85913],[140.54132,38.86131],[140.53878,38.87139],[140.5477,38.88119],[140.54768,38.8899],[140.5355,38.90072],[140.526,38.89745],[140.51582,38.90036],[140.50521,38.89494],[140.49432,38.899],[140.4847,38.87888],[140.48557,38.86289],[140.47576,38.85879],[140.45954,38.84542],[140.45098,38.8425],[140.43643,38.8212],[140.42945,38.81964],[140.41881,38.80306],[140.42528,38.79532],[140.41851,38.77854],[140.4133,38.77727],[140.38938,38.7518]]]}},{"type":"Feature","properties":{"code":"06363","name":"最上郡舟形町","pref":"山形県","pref_code":"06","cx":140.28566,"cy":38.65791,"bbox":[140.23335,38.5685,140.45972,38.7518]},"geometry":{"type":"Polygon","coordinates":[[[140.261,38.69819],[140.26348,38.68641],[140.25116,38.67779],[140.24813,38.66361],[140.25755,38.6522],[140.23335,38.63314],[140.24052,38.62294],[140.24995,38.62029],[140.25438,38.61024],[140.25114,38.5986],[140.23894,38.59381],[140.24322,38.57881],[140.24106,38.5685],[140.24635,38.56992],[140.26543,38.58464],[140.27586,38.60324],[140.2885,38.6063],[140.30254,38.61498],[140.29974,38.64116],[140.31557,38.64755],[140.32015,38.66381],[140.31274,38.67783],[140.32531,38.67867],[140.35675,38.68861],[140.37434,38.68513],[140.38302,38.69417],[140.40098,38.70324],[140.42508,38.70428],[140.45972,38.72137],[140.4468,38.73997],[140.42119,38.74231],[140.40487,38.74138],[140.38938,38.7518],[140.38523,38.74639],[140.36976,38.74746],[140.36002,38.74267],[140.34987,38.72863],[140.3271,38.72263],[140.31354,38.7148],[140.30232,38.70104],[140.28923,38.70455],[140.28115,38.69878],[140.261,38.69819]]]}},{"type":"Feature","properties":{"code":"06364","name":"最上郡真室川町","pref":"山形県","pref_code":"06","cx":140.2233,"cy":38.94702,"bbox":[140.11155,38.83384,140.45369,39.05968]},"geometry":{"type":"Polygon","coordinates":[[[140.12067,38.87344],[140.13977,38.87435],[140.15801,38.86809],[140.18682,38.87169],[140.21246,38.86629],[140.23099,38.84459],[140.24044,38.83958],[140.2611,38.84205],[140.26307,38.83384],[140.27738,38.83405],[140.29227,38.84082],[140.29415,38.84876],[140.28129,38.87541],[140.29534,38.91146],[140.28785,38.91954],[140.29083,38.93337],[140.30871,38.94935],[140.32004,38.95621],[140.34401,38.95599],[140.35738,38.96446],[140.39311,38.95849],[140.40443,38.95002],[140.41726,38.94845],[140.42839,38.93312],[140.44958,38.9456],[140.45369,38.95859],[140.45123,38.97177],[140.44553,38.98041],[140.43774,38.98209],[140.43186,38.9919],[140.41387,38.99004],[140.39409,38.99128],[140.37458,38.99571],[140.36403,39.0095],[140.36143,39.02438],[140.34425,39.02582],[140.32785,39.03463],[140.31072,39.01359],[140.29439,39.01811],[140.28452,39.02809],[140.26211,39.03473],[140.25288,39.02823],[140.24586,39.03077],[140.2275,39.02706],[140.22193,39.03105],[140.2006,39.0357],[140.20477,39.0535],[140.20115,39.05968],[140.17492,39.05731],[140.1508,39.04918],[140.13496,39.04275],[140.13126,39.03379],[140.11453,39.02467],[140.12162,39.00971],[140.11155,38.98501],[140.12451,38.98072],[140.13084,38.98325],[140.14399,38.97635],[140.14711,38.96982],[140.13761,38.96063],[140.14383,38.95087],[140.13758,38.94366],[140.12139,38.94135],[140.12205,38.92474],[140.13885,38.91114],[140.11943,38.89711],[140.12067,38.87344]]]}},{"type":"Feature","properties":{"code":"06365","name":"最上郡大蔵村","pref":"山形県","pref_code":"06","cx":140.18058,"cy":38.6089,"bbox":[140.035,38.49365,140.26348,38.72347]},"geometry":{"type":"Polygon","coordinates":[[[140.19802,38.71525],[140.19192,38.70178],[140.19013,38.6765],[140.19917,38.66957],[140.1938,38.65162],[140.17711,38.62966],[140.16625,38.63228],[140.14047,38.61889],[140.13567,38.61408],[140.12089,38.61729],[140.11106,38.6159],[140.10641,38.60756],[140.11237,38.58311],[140.10764,38.57272],[140.09766,38.56652],[140.09651,38.55682],[140.08304,38.55586],[140.07841,38.54609],[140.06733,38.53637],[140.04322,38.52757],[140.03576,38.53274],[140.035,38.50568],[140.05019,38.49635],[140.07468,38.50507],[140.0803,38.51125],[140.09658,38.50866],[140.11501,38.49365],[140.12258,38.49382],[140.12504,38.50423],[140.15118,38.51405],[140.16049,38.52644],[140.17921,38.53531],[140.20807,38.53303],[140.21727,38.54546],[140.23521,38.55091],[140.24106,38.5685],[140.24322,38.57881],[140.23894,38.59381],[140.25114,38.5986],[140.25438,38.61024],[140.24995,38.62029],[140.24052,38.62294],[140.23335,38.63314],[140.25755,38.6522],[140.24813,38.66361],[140.25116,38.67779],[140.26348,38.68641],[140.261,38.69819],[140.26288,38.70736],[140.25743,38.71731],[140.22968,38.72347],[140.19802,38.71525]]]}},{"type":"Feature","properties":{"code":"06366","name":"最上郡鮭川村","pref":"山形県","pref_code":"06","cx":140.20662,"cy":38.81978,"bbox":[140.08771,38.76531,140.3136,38.87435]},"geometry":{"type":"Polygon","coordinates":[[[140.11721,38.82087],[140.13033,38.80891],[140.14541,38.80175],[140.15127,38.80785],[140.16845,38.81134],[140.17265,38.79984],[140.18237,38.79323],[140.19623,38.79531],[140.20516,38.78883],[140.20471,38.77732],[140.21577,38.76531],[140.21993,38.76818],[140.25291,38.77239],[140.26915,38.77684],[140.27237,38.78599],[140.26162,38.79111],[140.27343,38.80271],[140.28056,38.80486],[140.29288,38.81869],[140.3022,38.82388],[140.3136,38.82458],[140.31279,38.83384],[140.29227,38.84082],[140.27738,38.83405],[140.26307,38.83384],[140.2611,38.84205],[140.24044,38.83958],[140.23099,38.84459],[140.21246,38.86629],[140.18682,38.87169],[140.15801,38.86809],[140.13977,38.87435],[140.12067,38.87344],[140.11406,38.86901],[140.09259,38.86337],[140.08771,38.84239],[140.11287,38.8354],[140.11721,38.82087]]]}},{"type":"Feature","properties":{"code":"06367","name":"最上郡戸沢村","pref":"山形県","pref_code":"06","cx":140.12675,"cy":38.72065,"bbox":[140.02867,38.61408,140.21577,38.82087]},"geometry":{"type":"Polygon","coordinates":[[[140.03217,38.77712],[140.02867,38.77023],[140.03523,38.76127],[140.04641,38.73069],[140.05622,38.72606],[140.04967,38.70733],[140.04272,38.69648],[140.04108,38.68248],[140.03204,38.67911],[140.04648,38.6577],[140.05942,38.65374],[140.06424,38.64013],[140.08124,38.62957],[140.09165,38.62811],[140.09769,38.62172],[140.11106,38.6159],[140.12089,38.61729],[140.13567,38.61408],[140.14047,38.61889],[140.16625,38.63228],[140.17711,38.62966],[140.1938,38.65162],[140.19917,38.66957],[140.19013,38.6765],[140.19192,38.70178],[140.19802,38.71525],[140.20268,38.73698],[140.20763,38.74217],[140.19918,38.75692],[140.21577,38.76531],[140.20471,38.77732],[140.20516,38.78883],[140.19623,38.79531],[140.18237,38.79323],[140.17265,38.79984],[140.16845,38.81134],[140.15127,38.80785],[140.14541,38.80175],[140.13033,38.80891],[140.11721,38.82087],[140.11159,38.81743],[140.08953,38.81908],[140.07692,38.81427],[140.08321,38.79937],[140.07347,38.79773],[140.06561,38.78868],[140.05534,38.78904],[140.0382,38.77588],[140.03217,38.77712]]]}},{"type":"Feature","properties":{"code":"06381","name":"東置賜郡高畠町","pref":"山形県","pref_code":"06","cx":140.19654,"cy":37.98902,"bbox":[140.11061,37.89614,140.28954,38.0825]},"geometry":{"type":"Polygon","coordinates":[[[140.26713,37.91758],[140.2722,37.92005],[140.27934,37.93372],[140.27132,37.96664],[140.27968,37.9782],[140.275,37.98387],[140.27688,37.99418],[140.28954,38.0071],[140.27659,38.02857],[140.28188,38.04412],[140.27709,38.05616],[140.26918,38.05926],[140.26143,38.07234],[140.24793,38.08153],[140.23352,38.0825],[140.21653,38.07548],[140.19948,38.05537],[140.2019,38.04865],[140.21237,38.04331],[140.19452,38.03764],[140.18089,38.04118],[140.15693,38.01944],[140.13533,38.02528],[140.13037,38.02323],[140.12623,38.02293],[140.13399,38.0079],[140.12228,37.99714],[140.11061,37.97869],[140.11152,37.97542],[140.13801,37.97433],[140.15227,37.96452],[140.16034,37.96267],[140.16635,37.94349],[140.16448,37.93903],[140.18724,37.93309],[140.18738,37.92105],[140.19552,37.90795],[140.19453,37.90065],[140.21204,37.89614],[140.22187,37.90093],[140.23054,37.91663],[140.24654,37.91715],[140.26211,37.9226],[140.26713,37.91758]]]}},{"type":"Feature","properties":{"code":"06382","name":"東置賜郡川西町","pref":"山形県","pref_code":"06","cx":140.02171,"cy":37.97278,"bbox":[139.92361,37.87483,140.13399,38.06639]},"geometry":{"type":"Polygon","coordinates":[[[140.11152,37.97542],[140.11061,37.97869],[140.12228,37.99714],[140.13399,38.0079],[140.12623,38.02293],[140.10823,38.0258],[140.09978,38.03586],[140.10003,38.04539],[140.08148,38.04629],[140.0698,38.05577],[140.07058,38.06519],[140.06463,38.06639],[140.05551,38.04972],[140.04303,38.04996],[140.02965,38.04252],[140.036,38.02525],[140.01255,38.00898],[140.00114,38.01064],[139.98978,38.00675],[139.97622,38.0068],[139.96243,37.98684],[139.96416,37.97015],[139.95189,37.95868],[139.95218,37.94752],[139.93943,37.94748],[139.92401,37.94157],[139.92361,37.93113],[139.94259,37.92365],[139.94632,37.90617],[139.93644,37.90328],[139.93878,37.88535],[139.94953,37.87483],[139.95997,37.88182],[139.97431,37.88376],[139.98234,37.88898],[139.97987,37.89572],[140.0062,37.89762],[140.0123,37.90068],[140.02261,37.91482],[140.03449,37.9202],[140.03151,37.93133],[140.03405,37.9401],[140.04656,37.9394],[140.05767,37.94746],[140.052,37.95506],[140.06733,37.96846],[140.09196,37.97718],[140.10477,37.96979],[140.11152,37.97542]]]}},{"type":"Feature","properties":{"code":"06401","name":"西置賜郡小国町","pref":"山形県","pref_code":"06","cx":139.79947,"cy":38.05462,"bbox":[139.62511,37.8308,139.92266,38.27581]},"geometry":{"type":"Polygon","coordinates":[[[139.91657,38.24642],[139.92145,38.26288],[139.91135,38.27259],[139.8999,38.27581],[139.8766,38.26179],[139.87569,38.25213],[139.86858,38.24799],[139.86019,38.23107],[139.83862,38.22355],[139.81928,38.21279],[139.81095,38.21152],[139.80019,38.20238],[139.78117,38.19424],[139.76374,38.19896],[139.75824,38.19304],[139.73865,38.2021],[139.73138,38.20083],[139.71322,38.20664],[139.69837,38.19506],[139.69637,38.18659],[139.68246,38.16961],[139.69052,38.15528],[139.68837,38.13466],[139.69215,38.113],[139.68267,38.10807],[139.67479,38.09158],[139.67234,38.07693],[139.68647,38.07689],[139.68655,38.06598],[139.69273,38.05703],[139.67483,38.04058],[139.65756,38.0374],[139.65239,38.02056],[139.65429,37.99651],[139.63934,37.98437],[139.64426,37.97978],[139.63861,37.96865],[139.64525,37.96263],[139.6401,37.95234],[139.643,37.94683],[139.63939,37.93472],[139.63179,37.9303],[139.62511,37.91754],[139.63197,37.89897],[139.62932,37.89366],[139.63846,37.88002],[139.6567,37.87174],[139.65713,37.86354],[139.679,37.85153],[139.69598,37.84853],[139.70617,37.85593],[139.73179,37.8308],[139.74419,37.84504],[139.75157,37.86028],[139.75867,37.85849],[139.77585,37.86888],[139.7777,37.87851],[139.78634,37.87954],[139.79812,37.8872],[139.81016,37.88896],[139.80585,37.90273],[139.81192,37.91191],[139.82574,37.91964],[139.82818,37.92527],[139.84587,37.92644],[139.85377,37.9375],[139.85353,37.95055],[139.85807,37.95477],[139.85119,37.96526],[139.85653,37.97725],[139.86624,37.97962],[139.88233,37.97821],[139.89839,37.98292],[139.90153,37.9981],[139.92266,38.01212],[139.92199,38.02963],[139.91698,38.04984],[139.90848,38.05221],[139.91048,38.06601],[139.88651,38.08671],[139.88895,38.09942],[139.8985,38.10724],[139.88732,38.13705],[139.89506,38.14682],[139.88504,38.15478],[139.87901,38.16896],[139.88069,38.1868],[139.87729,38.19965],[139.8913,38.21278],[139.89911,38.21661],[139.90206,38.23491],[139.91657,38.24642]]]}},{"type":"Feature","properties":{"code":"06402","name":"西置賜郡白鷹町","pref":"山形県","pref_code":"06","cx":140.07367,"cy":38.19441,"bbox":[139.97755,38.1291,140.17316,38.26695]},"geometry":{"type":"Polygon","coordinates":[[[140.10993,38.1291],[140.11739,38.13511],[140.12932,38.13694],[140.12613,38.14592],[140.13439,38.15942],[140.14704,38.1725],[140.15349,38.19058],[140.16138,38.19889],[140.17316,38.2227],[140.16974,38.23966],[140.15342,38.24265],[140.14468,38.25338],[140.1253,38.25691],[140.11318,38.24763],[140.1059,38.25131],[140.09493,38.24582],[140.08642,38.25007],[140.07141,38.26695],[140.06284,38.26576],[140.04923,38.25573],[140.04248,38.24455],[140.03127,38.24772],[140.01253,38.24297],[140.00701,38.2283],[140.00037,38.22492],[139.98872,38.19825],[139.99276,38.18782],[139.97755,38.17968],[139.99246,38.17987],[140.01444,38.17496],[140.04061,38.15915],[140.05221,38.15501],[140.05054,38.14524],[140.06817,38.13696],[140.09064,38.12926],[140.09727,38.13834],[140.10993,38.1291]]]}},{"type":"Feature","properties":{"code":"06403","name":"西置賜郡飯豊町","pref":"山形県","pref_code":"06","cx":139.90436,"cy":37.95672,"bbox":[139.73179,37.804,140.036,38.10724]},"geometry":{"type":"Polygon","coordinates":[[[139.94953,37.87483],[139.93878,37.88535],[139.93644,37.90328],[139.94632,37.90617],[139.94259,37.92365],[139.92361,37.93113],[139.92401,37.94157],[139.93943,37.94748],[139.95218,37.94752],[139.95189,37.95868],[139.96416,37.97015],[139.96243,37.98684],[139.97622,38.0068],[139.98978,38.00675],[140.00114,38.01064],[140.01255,38.00898],[140.036,38.02525],[140.02965,38.04252],[140.02088,38.05361],[140.02402,38.06998],[140.01409,38.07138],[140.01519,38.07927],[139.98466,38.09082],[139.95434,38.0857],[139.92996,38.10059],[139.90693,38.09967],[139.8985,38.10724],[139.88895,38.09942],[139.88651,38.08671],[139.91048,38.06601],[139.90848,38.05221],[139.91698,38.04984],[139.92199,38.02963],[139.92266,38.01212],[139.90153,37.9981],[139.89839,37.98292],[139.88233,37.97821],[139.86624,37.97962],[139.85653,37.97725],[139.85119,37.96526],[139.85807,37.95477],[139.85353,37.95055],[139.85377,37.9375],[139.84587,37.92644],[139.82818,37.92527],[139.82574,37.91964],[139.81192,37.91191],[139.80585,37.90273],[139.81016,37.88896],[139.79812,37.8872],[139.78634,37.87954],[139.7777,37.87851],[139.77585,37.86888],[139.75867,37.85849],[139.75157,37.86028],[139.74419,37.84504],[139.73179,37.8308],[139.74131,37.82029],[139.78241,37.83204],[139.80413,37.80627],[139.8133,37.804],[139.82161,37.81199],[139.83833,37.8147],[139.85599,37.82588],[139.86368,37.82479],[139.88007,37.81011],[139.89808,37.81018],[139.90251,37.8137],[139.92546,37.81416],[139.9326,37.82939],[139.93726,37.8282],[139.93494,37.84454],[139.9388,37.86663],[139.94953,37.87483]]]}},{"type":"Feature","properties":{"code":"06426","name":"東田川郡三川町","pref":"山形県","pref_code":"06","cx":139.84863,"cy":38.79408,"bbox":[139.81087,38.74929,139.88882,38.83843]},"geometry":{"type":"Polygon","coordinates":[[[139.8696,38.82662],[139.86427,38.82922],[139.84701,38.82451],[139.81464,38.83843],[139.81516,38.82141],[139.82368,38.81732],[139.82485,38.80949],[139.81912,38.79313],[139.81087,38.78529],[139.84346,38.78266],[139.85379,38.76351],[139.84865,38.75392],[139.8555,38.74929],[139.86719,38.74936],[139.86953,38.76037],[139.87994,38.77039],[139.88882,38.78609],[139.8765,38.79502],[139.86698,38.8138],[139.86141,38.81699],[139.8696,38.82662]]]}},{"type":"Feature","properties":{"code":"06428","name":"東田川郡庄内町","pref":"山形県","pref_code":"06","cx":140.01667,"cy":38.7019,"bbox":[139.85681,38.52757,140.11237,38.88453]},"geometry":{"type":"Polygon","coordinates":[[[140.0262,38.54681],[140.03576,38.53274],[140.04322,38.52757],[140.06733,38.53637],[140.07841,38.54609],[140.08304,38.55586],[140.09651,38.55682],[140.09766,38.56652],[140.10764,38.57272],[140.11237,38.58311],[140.10641,38.60756],[140.11106,38.6159],[140.09769,38.62172],[140.09165,38.62811],[140.08124,38.62957],[140.06424,38.64013],[140.05942,38.65374],[140.04648,38.6577],[140.03204,38.67911],[140.04108,38.68248],[140.04272,38.69648],[140.04967,38.70733],[140.05622,38.72606],[140.04641,38.73069],[140.03523,38.76127],[140.02867,38.77023],[140.03217,38.77712],[140.02769,38.78826],[140.01891,38.79372],[139.99603,38.79333],[139.99341,38.80659],[139.97939,38.81634],[139.96705,38.81599],[139.96858,38.82864],[139.95132,38.83414],[139.94053,38.85646],[139.94515,38.8649],[139.93746,38.87319],[139.9026,38.88453],[139.9055,38.87627],[139.90016,38.86955],[139.88428,38.86565],[139.88329,38.84862],[139.87447,38.85044],[139.86632,38.85837],[139.8578,38.85318],[139.85681,38.84586],[139.86427,38.82922],[139.8696,38.82662],[139.87466,38.82097],[139.89592,38.81665],[139.89903,38.80887],[139.91713,38.7984],[139.92029,38.78787],[139.92709,38.78704],[139.94871,38.76474],[139.94501,38.7541],[139.95945,38.75008],[139.9746,38.75353],[139.99411,38.74728],[139.99593,38.73102],[139.99969,38.72466],[139.98638,38.70751],[139.98942,38.68546],[139.98355,38.6628],[139.99625,38.63838],[139.9888,38.61652],[139.992,38.60502],[140.0001,38.59673],[140.01911,38.58934],[140.0223,38.57248],[140.03009,38.55912],[140.0262,38.54681]]]}},{"type":"Feature","properties":{"code":"06461","name":"飽海郡遊佐町","pref":"山形県","pref_code":"06","cx":139.95406,"cy":39.06073,"bbox":[139.84023,38.97598,140.06714,39.13335]},"geometry":{"type":"Polygon","coordinates":[[[140.06246,39.09289],[140.06714,39.09979],[140.06146,39.11339],[140.06213,39.13335],[140.00777,39.12304],[139.99764,39.11584],[139.99445,39.10552],[139.94805,39.11717],[139.94565,39.11283],[139.90604,39.11883],[139.86959,39.11826],[139.87936,39.09671],[139.87345,39.08792],[139.86707,39.05213],[139.84023,38.98511],[139.85714,38.97598],[139.867,38.9801],[139.86796,38.99108],[139.87635,39.00116],[139.89633,38.99837],[139.89991,38.99149],[139.92307,38.98588],[139.93883,38.9875],[139.94757,38.99304],[139.96328,38.99638],[139.98705,39.00652],[140.01235,39.00844],[140.03079,39.04467],[140.03852,39.04635],[140.04012,39.06932],[140.06,39.08276],[140.06246,39.09289]]]}},{"type":"Feature","properties":{"code":"07201","name":"福島市","pref":"福島県","pref_code":"07","cx":140.40206,"cy":37.79974,"bbox":[140.22928,37.62554,140.57001,37.97558]},"geometry":{"type":"Polygon","coordinates":[[[140.48418,37.90153],[140.47666,37.90692],[140.46953,37.91787],[140.46748,37.93782],[140.47488,37.94678],[140.4615,37.95258],[140.44781,37.95113],[140.44471,37.95695],[140.43409,37.9538],[140.42416,37.95695],[140.41462,37.96329],[140.40921,37.96374],[140.40752,37.97362],[140.39857,37.97442],[140.38841,37.96912],[140.38564,37.96489],[140.38563,37.95372],[140.35515,37.95785],[140.35577,37.95213],[140.34859,37.95016],[140.32876,37.95823],[140.31664,37.95809],[140.30226,37.9691],[140.29165,37.97036],[140.27724,37.97558],[140.27132,37.96664],[140.27336,37.95679],[140.27807,37.95263],[140.27529,37.94725],[140.27859,37.94254],[140.27934,37.93372],[140.2722,37.92005],[140.26658,37.91709],[140.26464,37.90622],[140.27072,37.89074],[140.26494,37.88623],[140.26492,37.87952],[140.26993,37.87429],[140.26993,37.86668],[140.26563,37.86255],[140.2673,37.84768],[140.26218,37.84039],[140.26212,37.83442],[140.26878,37.82409],[140.29058,37.8151],[140.2988,37.80781],[140.29034,37.80126],[140.28221,37.79823],[140.28234,37.79197],[140.27629,37.78177],[140.26618,37.77918],[140.25495,37.76462],[140.24437,37.75841],[140.23725,37.74647],[140.24336,37.73404],[140.23188,37.73021],[140.22928,37.71654],[140.23144,37.70775],[140.23653,37.70384],[140.23669,37.69548],[140.23186,37.69007],[140.23072,37.67925],[140.24518,37.67614],[140.2601,37.66693],[140.27798,37.66188],[140.28257,37.6543],[140.28068,37.64169],[140.28758,37.6399],[140.2971,37.64529],[140.33031,37.64816],[140.3338,37.65031],[140.34683,37.64695],[140.36137,37.64761],[140.37782,37.65123],[140.39185,37.64679],[140.40256,37.64807],[140.41504,37.64252],[140.42451,37.64502],[140.43734,37.6454],[140.44268,37.64917],[140.45613,37.64699],[140.47413,37.64839],[140.48543,37.65084],[140.48259,37.64197],[140.49092,37.63897],[140.50163,37.63833],[140.5028,37.63309],[140.49863,37.62588],[140.5065,37.62554],[140.5135,37.63403],[140.5153,37.64207],[140.5281,37.64403],[140.52468,37.63584],[140.54969,37.64317],[140.5488,37.65076],[140.55532,37.6509],[140.56886,37.65791],[140.56107,37.66405],[140.56216,37.6709],[140.54847,37.67462],[140.54725,37.68998],[140.53965,37.69444],[140.54651,37.70087],[140.54595,37.7086],[140.54252,37.71245],[140.54543,37.728],[140.55015,37.73941],[140.5576,37.74313],[140.57001,37.76101],[140.55374,37.76584],[140.53339,37.76113],[140.52741,37.76298],[140.52822,37.771],[140.52199,37.77916],[140.52354,37.79033],[140.52817,37.79361],[140.51718,37.79807],[140.52032,37.806],[140.51013,37.80915],[140.50254,37.81442],[140.49639,37.81066],[140.4891,37.81272],[140.49205,37.82719],[140.48181,37.82735],[140.47152,37.84097],[140.47495,37.85473],[140.46687,37.85768],[140.45889,37.86526],[140.4588,37.87353],[140.47093,37.88554],[140.46848,37.89411],[140.48418,37.90153]]]}},{"type":"Feature","properties":{"code":"07202","name":"会津若松市","pref":"福島県","pref_code":"07","cx":140.00596,"cy":37.45576,"bbox":[139.83922,37.323,140.11336,37.58313]},"geometry":{"type":"Polygon","coordinates":[[[139.92755,37.57898],[139.90677,37.58313],[139.8958,37.57729],[139.89565,37.56154],[139.9059,37.55881],[139.9027,37.54555],[139.87352,37.5468],[139.87215,37.54274],[139.87253,37.53297],[139.86684,37.52999],[139.84587,37.53063],[139.84999,37.52534],[139.84509,37.51126],[139.83922,37.50648],[139.83964,37.49778],[139.85127,37.48772],[139.85803,37.47526],[139.86187,37.47299],[139.86103,37.46405],[139.864,37.45846],[139.87272,37.45306],[139.87691,37.46213],[139.89056,37.46297],[139.89813,37.45899],[139.90455,37.46086],[139.90849,37.45028],[139.90564,37.44365],[139.91111,37.43062],[139.91343,37.41609],[139.92085,37.40867],[139.92614,37.39932],[139.92321,37.39192],[139.88797,37.37558],[139.88476,37.36778],[139.87498,37.3612],[139.88401,37.35394],[139.88576,37.34294],[139.90407,37.35182],[139.91785,37.35498],[139.91988,37.34922],[139.91125,37.34868],[139.91017,37.34032],[139.91497,37.33073],[139.92049,37.32545],[139.93233,37.32406],[139.94788,37.32818],[139.9513,37.33638],[139.95846,37.33652],[139.96606,37.33306],[139.98967,37.3274],[139.99868,37.33089],[140.00949,37.32697],[140.01248,37.323],[140.019,37.33532],[140.02541,37.3421],[140.036,37.33676],[140.03744,37.34208],[140.05078,37.35564],[140.05351,37.36617],[140.04655,37.3889],[140.05103,37.41434],[140.05755,37.41805],[140.06311,37.42861],[140.07898,37.43303],[140.10395,37.45304],[140.11336,37.46985],[140.09161,37.47732],[140.04042,37.50087],[140.03142,37.50342],[140.02607,37.50795],[140.01956,37.52272],[140.01436,37.53057],[140.01668,37.53465],[140.0161,37.543],[139.99569,37.54866],[139.98842,37.55232],[139.95738,37.55784],[139.95151,37.56933],[139.93931,37.57103],[139.92999,37.57831],[139.92755,37.57898]]]}},{"type":"Feature","properties":{"code":"07203","name":"郡山市","pref":"福島県","pref_code":"07","cx":140.28411,"cy":37.44654,"bbox":[140.036,37.26602,140.56137,37.62598]},"geometry":{"type":"Polygon","coordinates":[[[140.036,37.33676],[140.04078,37.33275],[140.06794,37.32433],[140.07566,37.31722],[140.08177,37.32089],[140.1029,37.32088],[140.10627,37.31916],[140.11461,37.31981],[140.11557,37.32894],[140.12137,37.32827],[140.13038,37.33449],[140.13456,37.33003],[140.14878,37.33454],[140.15183,37.33165],[140.16691,37.33842],[140.16804,37.34617],[140.17375,37.34503],[140.1739,37.35484],[140.18094,37.36032],[140.1837,37.3688],[140.18924,37.36973],[140.19766,37.35787],[140.20424,37.35999],[140.21955,37.35641],[140.21903,37.34979],[140.22818,37.34085],[140.23812,37.33499],[140.25199,37.33437],[140.27243,37.33645],[140.27599,37.33432],[140.30132,37.33865],[140.30965,37.34207],[140.32695,37.34053],[140.34796,37.3435],[140.35356,37.33938],[140.37619,37.34313],[140.37484,37.32935],[140.38955,37.32172],[140.41851,37.31172],[140.43194,37.30941],[140.44112,37.30543],[140.45464,37.30654],[140.46403,37.29848],[140.47097,37.29701],[140.47487,37.29207],[140.49216,37.28839],[140.4968,37.2848],[140.508,37.28438],[140.52052,37.27545],[140.52265,37.26951],[140.53494,37.26602],[140.54577,37.27253],[140.55781,37.2733],[140.55543,37.29125],[140.5594,37.29578],[140.55796,37.31053],[140.56137,37.31445],[140.55016,37.32585],[140.54343,37.32732],[140.53805,37.33324],[140.54515,37.34724],[140.55462,37.36134],[140.55998,37.36544],[140.54193,37.37433],[140.53637,37.38487],[140.52879,37.38998],[140.5191,37.39027],[140.51746,37.38796],[140.49364,37.38823],[140.48752,37.37052],[140.47747,37.3719],[140.48039,37.38129],[140.47822,37.38986],[140.46767,37.38627],[140.45946,37.38971],[140.45369,37.38596],[140.44421,37.39194],[140.45235,37.40029],[140.45083,37.40782],[140.44248,37.40848],[140.44071,37.41595],[140.42874,37.42024],[140.42549,37.42793],[140.42917,37.43],[140.44416,37.42568],[140.44932,37.42938],[140.44633,37.43463],[140.45766,37.43801],[140.46333,37.43313],[140.4701,37.43186],[140.47408,37.44408],[140.46751,37.45359],[140.47348,37.46934],[140.4853,37.47471],[140.478,37.4815],[140.46641,37.48253],[140.46026,37.48006],[140.44147,37.48162],[140.42416,37.48551],[140.42157,37.48078],[140.41271,37.48206],[140.40619,37.48979],[140.39124,37.47726],[140.38376,37.47886],[140.37322,37.47139],[140.35168,37.47076],[140.34431,37.47942],[140.33781,37.47865],[140.33578,37.4698],[140.3256,37.47109],[140.31821,37.47751],[140.3225,37.48525],[140.31961,37.49034],[140.31822,37.50671],[140.31796,37.51543],[140.30423,37.52164],[140.30659,37.52598],[140.29901,37.53148],[140.2967,37.54609],[140.2917,37.5479],[140.2858,37.55541],[140.28789,37.56256],[140.27778,37.58218],[140.28001,37.59108],[140.28724,37.59941],[140.28504,37.60547],[140.29033,37.61181],[140.28914,37.62072],[140.2847,37.62598],[140.27497,37.61859],[140.26118,37.60186],[140.24868,37.59898],[140.23827,37.58987],[140.2401,37.58509],[140.23871,37.57246],[140.2316,37.56502],[140.22827,37.55504],[140.21851,37.55449],[140.21004,37.56246],[140.19988,37.55588],[140.1922,37.55376],[140.19099,37.54474],[140.18327,37.54087],[140.17914,37.53524],[140.1655,37.5273],[140.16791,37.52227],[140.17743,37.51705],[140.17837,37.51313],[140.18975,37.51044],[140.19035,37.50271],[140.18718,37.49607],[140.19262,37.49364],[140.19878,37.48475],[140.193,37.47374],[140.19943,37.46991],[140.20182,37.46102],[140.19853,37.449],[140.18233,37.45127],[140.17579,37.45799],[140.16671,37.45776],[140.16021,37.46127],[140.14914,37.46333],[140.13254,37.46388],[140.11336,37.46985],[140.10395,37.45304],[140.07898,37.43303],[140.06311,37.42861],[140.05755,37.41805],[140.05103,37.41434],[140.04655,37.3889],[140.05351,37.36617],[140.05078,37.35564],[140.03744,37.34208],[140.036,37.33676]]]}},{"type":"Feature","properties":{"code":"07204","name":"いわき市","pref":"福島県","pref_code":"07","cx":140.82292,"cy":37.09025,"bbox":[140.56595,36.86155,141.00324,37.31954]},"geometry":{"type":"Polygon","coordinates":[[[140.87742,37.27728],[140.85917,37.27435],[140.853,37.25914],[140.84584,37.25831],[140.8376,37.26191],[140.832,37.26042],[140.82691,37.25431],[140.81481,37.25251],[140.80709,37.25424],[140.79478,37.26131],[140.7875,37.26745],[140.78701,37.27516],[140.79304,37.28489],[140.77989,37.28818],[140.77855,37.29644],[140.76619,37.2951],[140.7661,37.29884],[140.74324,37.29706],[140.72851,37.30827],[140.72322,37.31954],[140.71377,37.31906],[140.70688,37.31497],[140.69561,37.31499],[140.69025,37.30022],[140.69481,37.29872],[140.69338,37.28895],[140.68913,37.28725],[140.69386,37.27776],[140.68561,37.26837],[140.6864,37.2605],[140.68289,37.25331],[140.68538,37.24457],[140.68283,37.23448],[140.66783,37.22557],[140.66246,37.22826],[140.6497,37.22226],[140.64726,37.21767],[140.62746,37.2118],[140.61759,37.20369],[140.61381,37.2055],[140.60702,37.20401],[140.60508,37.19445],[140.60791,37.18817],[140.60112,37.17898],[140.60975,37.16975],[140.6127,37.15801],[140.61186,37.15408],[140.62748,37.14796],[140.63256,37.15468],[140.63735,37.14088],[140.64284,37.13338],[140.64131,37.12709],[140.64632,37.11922],[140.65078,37.11994],[140.65699,37.11055],[140.65673,37.10543],[140.66193,37.10116],[140.66433,37.09122],[140.65298,37.08519],[140.65813,37.07653],[140.65417,37.07236],[140.6405,37.0689],[140.64287,37.05674],[140.63377,37.05559],[140.62422,37.0475],[140.62388,37.03607],[140.62061,37.03449],[140.62085,37.0202],[140.61419,37.01325],[140.60677,37.01472],[140.5994,37.00522],[140.59139,37.00202],[140.56595,36.98578],[140.57015,36.97516],[140.58224,36.96559],[140.58273,36.95345],[140.58611,36.94528],[140.59387,36.93428],[140.59296,36.92646],[140.59804,36.92505],[140.60719,36.91277],[140.61247,36.91067],[140.6147,36.90451],[140.62269,36.90323],[140.63728,36.89756],[140.64738,36.901],[140.65587,36.89729],[140.66461,36.89643],[140.68372,36.89063],[140.70222,36.88351],[140.70549,36.87839],[140.71414,36.87283],[140.72936,36.87441],[140.73421,36.87159],[140.7405,36.87556],[140.74586,36.87124],[140.75556,36.86955],[140.76683,36.86155],[140.77721,36.86738],[140.78643,36.86195],[140.79467,36.88516],[140.80092,36.89431],[140.81665,36.90838],[140.8266,36.91273],[140.84081,36.90952],[140.85426,36.92014],[140.85879,36.92065],[140.87154,36.92787],[140.88049,36.92771],[140.89209,36.9374],[140.90765,36.94543],[140.91491,36.94195],[140.9152,36.93643],[140.92452,36.9352],[140.92557,36.94102],[140.93751,36.95271],[140.94944,36.95649],[140.95987,36.96773],[140.96696,36.97037],[140.96802,36.98412],[140.97322,36.99162],[140.98278,36.99513],[140.97575,37.01134],[140.97272,37.02262],[140.97386,37.05512],[140.98272,37.08928],[140.99162,37.10302],[140.9993,37.11077],[141.00064,37.11832],[140.99755,37.12257],[140.99901,37.13833],[141.00324,37.15246],[140.99949,37.17177],[141.00043,37.18364],[140.98051,37.18563],[140.96847,37.18914],[140.9567,37.18588],[140.93595,37.19551],[140.90396,37.21431],[140.90095,37.22039],[140.87511,37.22088],[140.86712,37.22789],[140.87812,37.24068],[140.87465,37.25314],[140.8671,37.25968],[140.87236,37.26433],[140.8719,37.27066],[140.87742,37.27728]]]}},{"type":"Feature","properties":{"code":"07205","name":"白河市","pref":"福島県","pref_code":"07","cx":140.24415,"cy":37.13537,"bbox":[140.09929,37.0032,140.41195,37.26164]},"geometry":{"type":"Polygon","coordinates":[[[140.27944,37.22093],[140.25408,37.21995],[140.24677,37.22273],[140.2412,37.22057],[140.23008,37.22563],[140.22388,37.22435],[140.21084,37.2284],[140.20372,37.23724],[140.2,37.23658],[140.17886,37.24543],[140.17039,37.24159],[140.14774,37.24459],[140.13955,37.25426],[140.13202,37.2554],[140.12495,37.26008],[140.11434,37.26164],[140.11217,37.25751],[140.09929,37.2517],[140.09948,37.24283],[140.13189,37.21633],[140.13829,37.20482],[140.14615,37.21196],[140.15822,37.20138],[140.1659,37.19883],[140.1707,37.19225],[140.18755,37.18375],[140.18537,37.17524],[140.20212,37.16816],[140.20958,37.1675],[140.21075,37.15984],[140.20071,37.14124],[140.1899,37.13076],[140.19087,37.12323],[140.18258,37.10865],[140.17425,37.10512],[140.16751,37.10593],[140.16788,37.09771],[140.15998,37.09421],[140.15079,37.09433],[140.15835,37.08058],[140.16437,37.07941],[140.17283,37.07025],[140.18482,37.06921],[140.19306,37.0655],[140.19065,37.05667],[140.19978,37.04769],[140.19927,37.02841],[140.20333,37.02387],[140.21973,37.01851],[140.22465,37.0238],[140.24244,37.02388],[140.24893,37.02587],[140.25139,37.00919],[140.26701,37.0032],[140.26912,37.00889],[140.27597,37.0143],[140.28367,37.01532],[140.2955,37.02016],[140.30021,37.01729],[140.31046,37.01711],[140.31553,37.02019],[140.3135,37.03144],[140.32013,37.03744],[140.31564,37.0425],[140.32625,37.04912],[140.34022,37.05182],[140.35446,37.04939],[140.35119,37.06242],[140.3558,37.06526],[140.35448,37.07317],[140.37038,37.07626],[140.373,37.08048],[140.38325,37.09013],[140.39002,37.08989],[140.39766,37.09879],[140.41195,37.10776],[140.40899,37.11677],[140.40396,37.12146],[140.39166,37.12174],[140.38713,37.12644],[140.35377,37.11769],[140.3382,37.12282],[140.33005,37.12118],[140.31634,37.12361],[140.31495,37.1206],[140.2954,37.12852],[140.29247,37.13997],[140.27685,37.14269],[140.26643,37.14735],[140.27257,37.15781],[140.2736,37.16501],[140.26054,37.16838],[140.23492,37.18077],[140.24019,37.18635],[140.25254,37.18925],[140.28863,37.1916],[140.29329,37.18879],[140.30172,37.1989],[140.29547,37.20315],[140.29663,37.21139],[140.29023,37.21791],[140.27944,37.22093]]]}},{"type":"Feature","properties":{"code":"07207","name":"須賀川市","pref":"福島県","pref_code":"07","cx":140.30862,"cy":37.29454,"bbox":[140.10627,37.22398,140.53494,37.36973]},"geometry":{"type":"Polygon","coordinates":[[[140.10627,37.31916],[140.11145,37.31093],[140.1241,37.29974],[140.13787,37.30016],[140.15476,37.28547],[140.17871,37.27637],[140.18762,37.27587],[140.19878,37.26991],[140.2077,37.27329],[140.21596,37.26871],[140.23785,37.26168],[140.24528,37.26109],[140.25718,37.25583],[140.26171,37.25691],[140.27746,37.25205],[140.28372,37.25469],[140.2982,37.24624],[140.3173,37.24604],[140.32862,37.2517],[140.32894,37.25941],[140.33678,37.26979],[140.34158,37.2805],[140.34719,37.28039],[140.36409,37.27207],[140.38072,37.26694],[140.3811,37.26402],[140.37119,37.2536],[140.36345,37.24982],[140.38355,37.24435],[140.38853,37.24545],[140.39851,37.24665],[140.40999,37.24181],[140.42342,37.24089],[140.42285,37.23185],[140.42586,37.22846],[140.43712,37.22698],[140.44795,37.22895],[140.45762,37.22398],[140.47107,37.22648],[140.48533,37.22505],[140.4871,37.24106],[140.49104,37.24662],[140.50149,37.24969],[140.51105,37.24882],[140.51933,37.25676],[140.52298,37.26396],[140.53494,37.26602],[140.52265,37.26951],[140.52052,37.27545],[140.508,37.28438],[140.4968,37.2848],[140.49216,37.28839],[140.47487,37.29207],[140.47097,37.29701],[140.46403,37.29848],[140.45464,37.30654],[140.44112,37.30543],[140.43194,37.30941],[140.41851,37.31172],[140.38955,37.32172],[140.37484,37.32935],[140.37619,37.34313],[140.35356,37.33938],[140.34796,37.3435],[140.32695,37.34053],[140.30965,37.34207],[140.30132,37.33865],[140.27599,37.33432],[140.27243,37.33645],[140.25199,37.33437],[140.23812,37.33499],[140.22818,37.34085],[140.21903,37.34979],[140.21955,37.35641],[140.20424,37.35999],[140.19766,37.35787],[140.18924,37.36973],[140.1837,37.3688],[140.18094,37.36032],[140.1739,37.35484],[140.17375,37.34503],[140.16804,37.34617],[140.16691,37.33842],[140.15183,37.33165],[140.14878,37.33454],[140.13456,37.33003],[140.13038,37.33449],[140.12137,37.32827],[140.11557,37.32894],[140.11461,37.31981],[140.10627,37.31916]]]}},{"type":"Feature","properties":{"code":"07208","name":"喜多方市","pref":"福島県","pref_code":"07","cx":139.84238,"cy":37.70589,"bbox":[139.66968,37.57898,140.00028,37.83204]},"geometry":{"type":"Polygon","coordinates":[[[139.92755,37.57898],[139.95484,37.59081],[139.96133,37.59863],[139.96949,37.59872],[139.97281,37.60732],[139.98574,37.60891],[139.99849,37.60533],[139.99538,37.62234],[140.00028,37.62958],[139.98876,37.63189],[139.98425,37.63519],[139.96613,37.64262],[139.95751,37.65144],[139.94691,37.65298],[139.93397,37.6515],[139.91821,37.64556],[139.91268,37.64765],[139.91177,37.65473],[139.91618,37.65697],[139.92545,37.66853],[139.92606,37.67353],[139.93487,37.68006],[139.94717,37.68183],[139.94933,37.68794],[139.96015,37.69746],[139.9658,37.696],[139.96983,37.70497],[139.97559,37.71064],[139.97557,37.71631],[139.99105,37.71836],[139.99886,37.72537],[139.99236,37.73189],[139.99548,37.7413],[139.99257,37.7587],[139.97804,37.76624],[139.97876,37.77375],[139.97339,37.77578],[139.96726,37.78381],[139.96882,37.78747],[139.96015,37.79565],[139.96213,37.8058],[139.95792,37.81486],[139.94988,37.81637],[139.94088,37.82174],[139.9326,37.82939],[139.92546,37.81416],[139.90251,37.8137],[139.89808,37.81018],[139.88007,37.81011],[139.86368,37.82479],[139.85599,37.82588],[139.83833,37.8147],[139.83086,37.81513],[139.82161,37.81199],[139.8133,37.804],[139.80413,37.80627],[139.80258,37.81411],[139.79496,37.81764],[139.78241,37.83204],[139.7579,37.82462],[139.75542,37.82213],[139.74131,37.82029],[139.73884,37.81564],[139.72833,37.81224],[139.73738,37.80552],[139.73707,37.8007],[139.74506,37.79083],[139.7365,37.78867],[139.72966,37.77889],[139.73233,37.77726],[139.73742,37.76067],[139.73353,37.75036],[139.72621,37.74382],[139.72347,37.73537],[139.71692,37.72518],[139.71459,37.7068],[139.70597,37.69348],[139.70624,37.68382],[139.71063,37.67493],[139.70581,37.67282],[139.71178,37.66396],[139.7103,37.65303],[139.70323,37.64885],[139.69836,37.64033],[139.69996,37.63488],[139.68444,37.63422],[139.67436,37.63],[139.67068,37.62182],[139.67631,37.62007],[139.66968,37.60917],[139.68301,37.60588],[139.68833,37.60727],[139.69165,37.61492],[139.70137,37.61382],[139.71085,37.59904],[139.70872,37.59156],[139.71781,37.5918],[139.72674,37.58798],[139.74421,37.59659],[139.75717,37.59793],[139.76096,37.59365],[139.77875,37.59073],[139.78245,37.59721],[139.78058,37.60862],[139.77743,37.61458],[139.78149,37.62088],[139.78206,37.62806],[139.78707,37.63395],[139.80278,37.63747],[139.81027,37.63136],[139.8103,37.6242],[139.79846,37.62426],[139.80119,37.61285],[139.79329,37.60609],[139.80369,37.60545],[139.803,37.61206],[139.81821,37.60913],[139.82658,37.60274],[139.83062,37.60544],[139.8453,37.59203],[139.84877,37.5942],[139.86179,37.58823],[139.86083,37.58229],[139.87359,37.58351],[139.88355,37.59313],[139.88753,37.59001],[139.90418,37.59025],[139.90677,37.58313],[139.92755,37.57898]]]}},{"type":"Feature","properties":{"code":"07209","name":"相馬市","pref":"福島県","pref_code":"07","cx":140.89016,"cy":37.78383,"bbox":[140.67837,37.72181,141.0122,37.84386]},"geometry":{"type":"Polygon","coordinates":[[[141.01132,37.72181],[141.0122,37.73282],[141.00803,37.74969],[140.99983,37.76133],[140.99095,37.76778],[140.98809,37.77787],[140.98595,37.80693],[140.98639,37.82369],[140.95971,37.83295],[140.95917,37.84149],[140.94558,37.8376],[140.92648,37.83823],[140.92091,37.83604],[140.90879,37.84096],[140.8839,37.84386],[140.8697,37.84161],[140.85418,37.84193],[140.85593,37.82863],[140.85364,37.82136],[140.85814,37.81442],[140.85372,37.80703],[140.85791,37.80285],[140.85172,37.79531],[140.83037,37.79482],[140.82359,37.79874],[140.81075,37.79562],[140.80076,37.79783],[140.77498,37.80631],[140.77253,37.79737],[140.77941,37.79095],[140.78678,37.78918],[140.79449,37.78219],[140.80293,37.77998],[140.79553,37.77355],[140.78735,37.77481],[140.77522,37.78182],[140.75715,37.78547],[140.73803,37.78723],[140.72697,37.78148],[140.723,37.79254],[140.71152,37.80066],[140.69437,37.80326],[140.68987,37.79653],[140.67837,37.78727],[140.68444,37.77018],[140.69954,37.76394],[140.7025,37.75955],[140.72358,37.7618],[140.73574,37.76821],[140.73589,37.75712],[140.72839,37.75186],[140.73882,37.74985],[140.74756,37.75345],[140.75555,37.7521],[140.76229,37.75955],[140.76893,37.76144],[140.79399,37.75571],[140.79862,37.7563],[140.83003,37.74551],[140.83993,37.73404],[140.84812,37.73403],[140.85301,37.73866],[140.86556,37.74079],[140.87149,37.74566],[140.88174,37.74648],[140.88883,37.7412],[140.9005,37.73928],[140.91349,37.74442],[140.92432,37.73687],[140.93354,37.74497],[140.94851,37.74182],[140.95415,37.74374],[140.973,37.73934],[140.98001,37.73457],[140.98863,37.73321],[140.99852,37.72726],[141.00139,37.72284],[141.01132,37.72181]]]}},{"type":"Feature","properties":{"code":"07210","name":"二本松市","pref":"福島県","pref_code":"07","cx":140.49125,"cy":37.57488,"bbox":[140.28068,37.49883,140.68626,37.65123]},"geometry":{"type":"Polygon","coordinates":[[[140.28068,37.64169],[140.2847,37.62598],[140.28914,37.62072],[140.2931,37.6185],[140.31035,37.61634],[140.31481,37.61254],[140.33119,37.61382],[140.34469,37.60968],[140.34632,37.60371],[140.34275,37.59607],[140.33447,37.58785],[140.33924,37.58188],[140.34767,37.5768],[140.35439,37.56742],[140.35258,37.56141],[140.3589,37.55611],[140.36908,37.55752],[140.37708,37.56233],[140.38786,37.56308],[140.40056,37.55926],[140.40391,37.55036],[140.40978,37.54228],[140.41828,37.53818],[140.43393,37.55251],[140.44073,37.5491],[140.44663,37.54054],[140.45747,37.5411],[140.46465,37.5368],[140.46813,37.52876],[140.47708,37.53014],[140.4841,37.52658],[140.4911,37.52705],[140.50585,37.52325],[140.50341,37.51467],[140.51285,37.50997],[140.51766,37.50365],[140.52844,37.49883],[140.53548,37.50791],[140.54467,37.51135],[140.54962,37.50566],[140.55827,37.50145],[140.56654,37.50291],[140.57314,37.50947],[140.58399,37.51011],[140.60306,37.51766],[140.60752,37.52122],[140.617,37.52224],[140.62177,37.5199],[140.62806,37.52488],[140.63915,37.52628],[140.64643,37.53509],[140.65662,37.53774],[140.66954,37.53375],[140.68191,37.53808],[140.6837,37.54284],[140.68626,37.54731],[140.68134,37.55611],[140.67462,37.55985],[140.67814,37.5678],[140.68347,37.57188],[140.68505,37.57937],[140.67579,37.5875],[140.66143,37.58503],[140.64269,37.57257],[140.63456,37.57295],[140.63071,37.57961],[140.63987,37.58413],[140.63051,37.60633],[140.62057,37.61021],[140.60479,37.60858],[140.59665,37.61351],[140.58627,37.61444],[140.57731,37.62625],[140.56652,37.63326],[140.56855,37.63904],[140.56489,37.64435],[140.55532,37.6509],[140.5488,37.65076],[140.54969,37.64317],[140.52468,37.63584],[140.5281,37.64403],[140.5153,37.64207],[140.5135,37.63403],[140.5065,37.62554],[140.49863,37.62588],[140.5028,37.63309],[140.50163,37.63833],[140.49092,37.63897],[140.48259,37.64197],[140.48543,37.65084],[140.47413,37.64839],[140.45613,37.64699],[140.44268,37.64917],[140.43734,37.6454],[140.42451,37.64502],[140.41504,37.64252],[140.40256,37.64807],[140.39185,37.64679],[140.37782,37.65123],[140.36137,37.64761],[140.34683,37.64695],[140.3338,37.65031],[140.33031,37.64816],[140.2971,37.64529],[140.28758,37.6399],[140.28068,37.64169]]]}},{"type":"Feature","properties":{"code":"07211","name":"田村市","pref":"福島県","pref_code":"07","cx":140.6874,"cy":37.40561,"bbox":[140.50541,37.27477,140.86168,37.53808]},"geometry":{"type":"Polygon","coordinates":[[[140.55998,37.36544],[140.57104,37.36611],[140.58281,37.35377],[140.59013,37.35304],[140.59727,37.34716],[140.60711,37.34907],[140.61516,37.34489],[140.64143,37.3401],[140.64866,37.32265],[140.63615,37.30372],[140.63999,37.29936],[140.63703,37.28745],[140.64658,37.27647],[140.655,37.27477],[140.66262,37.27819],[140.66743,37.28734],[140.68913,37.28725],[140.69338,37.28895],[140.69481,37.29872],[140.69025,37.30022],[140.69561,37.31499],[140.70688,37.31497],[140.71377,37.31906],[140.72322,37.31954],[140.71957,37.32421],[140.71865,37.33423],[140.70718,37.34627],[140.7011,37.35722],[140.7048,37.36729],[140.69992,37.3745],[140.70695,37.37863],[140.71586,37.38924],[140.715,37.39725],[140.726,37.40025],[140.72846,37.4046],[140.7406,37.40105],[140.74294,37.39362],[140.75539,37.39288],[140.76424,37.3835],[140.77017,37.38723],[140.7953,37.38088],[140.81544,37.38231],[140.82581,37.38039],[140.83485,37.37518],[140.85061,37.37277],[140.85175,37.38351],[140.8598,37.38705],[140.85858,37.40662],[140.86168,37.40964],[140.85373,37.4214],[140.8502,37.43847],[140.84512,37.44137],[140.84327,37.45017],[140.84553,37.45539],[140.8357,37.46179],[140.83357,37.4683],[140.81966,37.46391],[140.81364,37.47066],[140.79948,37.47265],[140.79191,37.46872],[140.78806,37.47343],[140.77995,37.47565],[140.77157,37.47215],[140.76409,37.47938],[140.75392,37.4855],[140.74761,37.48496],[140.74037,37.49058],[140.73121,37.49017],[140.7026,37.50205],[140.69215,37.50341],[140.70546,37.52333],[140.69605,37.52587],[140.68191,37.53808],[140.66954,37.53375],[140.65662,37.53774],[140.64643,37.53509],[140.63915,37.52628],[140.62806,37.52488],[140.62177,37.5199],[140.617,37.52224],[140.60752,37.52122],[140.60306,37.51766],[140.58399,37.51011],[140.57314,37.50947],[140.56654,37.50291],[140.55827,37.50145],[140.56441,37.49271],[140.56274,37.48481],[140.5524,37.47053],[140.5463,37.46516],[140.53986,37.47516],[140.52364,37.47849],[140.52289,37.46536],[140.51406,37.46563],[140.50541,37.45557],[140.52601,37.44894],[140.52708,37.44414],[140.52052,37.43928],[140.52145,37.43114],[140.5162,37.43012],[140.51877,37.41946],[140.50603,37.41735],[140.51195,37.40887],[140.5193,37.40318],[140.51532,37.39336],[140.5191,37.39027],[140.52879,37.38998],[140.53637,37.38487],[140.54193,37.37433],[140.55998,37.36544]]]}},{"type":"Feature","properties":{"code":"07212","name":"南相馬市","pref":"福島県","pref_code":"07","cx":140.92741,"cy":37.62845,"bbox":[140.81308,37.50756,141.03421,37.74648]},"geometry":{"type":"Polygon","coordinates":[[[140.83993,37.73404],[140.84296,37.72211],[140.81308,37.7072],[140.81345,37.70192],[140.82276,37.7012],[140.81898,37.69382],[140.81976,37.68249],[140.81359,37.67537],[140.82493,37.67016],[140.82083,37.65556],[140.82778,37.63717],[140.83321,37.63004],[140.82443,37.61507],[140.81488,37.61481],[140.82444,37.60979],[140.82853,37.59942],[140.83398,37.59338],[140.83987,37.59246],[140.84318,37.58256],[140.83801,37.57744],[140.84363,37.56964],[140.84416,37.55857],[140.85832,37.55166],[140.86352,37.55166],[140.87434,37.54587],[140.87904,37.52927],[140.89624,37.52163],[140.90641,37.5219],[140.9141,37.51904],[140.91839,37.52795],[140.9322,37.53115],[140.93969,37.52592],[140.95902,37.51852],[140.96805,37.51895],[140.98182,37.51506],[140.98874,37.5093],[141.00004,37.50756],[141.01098,37.51035],[141.03421,37.51365],[141.03045,37.5288],[141.02894,37.55437],[141.02664,37.56074],[141.02489,37.58344],[141.02705,37.60317],[141.02276,37.61525],[141.0224,37.62685],[141.02398,37.64268],[141.01891,37.65737],[141.02225,37.66428],[141.01369,37.67709],[141.01121,37.68843],[141.01132,37.72181],[141.00139,37.72284],[140.99852,37.72726],[140.98863,37.73321],[140.98001,37.73457],[140.973,37.73934],[140.95415,37.74374],[140.94851,37.74182],[140.93354,37.74497],[140.92432,37.73687],[140.91349,37.74442],[140.9005,37.73928],[140.88883,37.7412],[140.88174,37.74648],[140.87149,37.74566],[140.86556,37.74079],[140.85301,37.73866],[140.84812,37.73403],[140.83993,37.73404]]]}},{"type":"Feature","properties":{"code":"07213","name":"伊達市","pref":"福島県","pref_code":"07","cx":140.60542,"cy":37.80067,"bbox":[140.4891,37.68928,140.73589,37.91477]},"geometry":{"type":"Polygon","coordinates":[[[140.54595,37.7086],[140.55528,37.71417],[140.56565,37.71392],[140.57055,37.70287],[140.57995,37.69803],[140.57936,37.69472],[140.58762,37.68928],[140.59358,37.70022],[140.61103,37.71417],[140.63243,37.71036],[140.64474,37.7121],[140.66182,37.70204],[140.66166,37.70877],[140.66812,37.71141],[140.66951,37.72256],[140.6765,37.7281],[140.67658,37.73647],[140.68294,37.74191],[140.70081,37.7449],[140.70499,37.75016],[140.72839,37.75186],[140.73589,37.75712],[140.73574,37.76821],[140.72358,37.7618],[140.7025,37.75955],[140.69954,37.76394],[140.68444,37.77018],[140.67837,37.78727],[140.68987,37.79653],[140.69437,37.80326],[140.68645,37.81952],[140.68424,37.83089],[140.6795,37.83685],[140.68694,37.84224],[140.69158,37.84951],[140.69285,37.85705],[140.68276,37.87407],[140.68288,37.87951],[140.69089,37.88367],[140.68854,37.88913],[140.66698,37.89506],[140.66,37.90088],[140.64686,37.89864],[140.64467,37.89545],[140.62734,37.89907],[140.62245,37.90264],[140.61573,37.91477],[140.59841,37.90764],[140.59268,37.8974],[140.5954,37.88997],[140.58664,37.88129],[140.59291,37.8733],[140.5937,37.86516],[140.58271,37.86594],[140.57634,37.85731],[140.56273,37.85728],[140.56367,37.84507],[140.55215,37.83936],[140.54595,37.84041],[140.54111,37.83502],[140.514,37.83072],[140.50674,37.82794],[140.49205,37.82719],[140.4891,37.81272],[140.49639,37.81066],[140.50254,37.81442],[140.51013,37.80915],[140.52032,37.806],[140.51718,37.79807],[140.52817,37.79361],[140.52354,37.79033],[140.52199,37.77916],[140.52822,37.771],[140.52741,37.76298],[140.53339,37.76113],[140.55374,37.76584],[140.57001,37.76101],[140.5576,37.74313],[140.55015,37.73941],[140.54543,37.728],[140.54252,37.71245],[140.54595,37.7086]]]}},{"type":"Feature","properties":{"code":"07214","name":"本宮市","pref":"福島県","pref_code":"07","cx":140.42515,"cy":37.51136,"bbox":[140.31821,37.4698,140.51766,37.55251]},"geometry":{"type":"Polygon","coordinates":[[[140.478,37.4815],[140.48182,37.48517],[140.50095,37.48264],[140.50662,37.4849],[140.51766,37.50365],[140.51285,37.50997],[140.50341,37.51467],[140.50585,37.52325],[140.4911,37.52705],[140.4841,37.52658],[140.47708,37.53014],[140.46813,37.52876],[140.46465,37.5368],[140.45747,37.5411],[140.44663,37.54054],[140.44073,37.5491],[140.43393,37.55251],[140.41828,37.53818],[140.41382,37.53192],[140.39692,37.52984],[140.38696,37.53463],[140.38362,37.52462],[140.38542,37.52036],[140.36013,37.51275],[140.34799,37.5159],[140.33463,37.50807],[140.31822,37.50671],[140.31961,37.49034],[140.3225,37.48525],[140.31821,37.47751],[140.3256,37.47109],[140.33578,37.4698],[140.33781,37.47865],[140.34431,37.47942],[140.35168,37.47076],[140.37322,37.47139],[140.38376,37.47886],[140.39124,37.47726],[140.40619,37.48979],[140.41271,37.48206],[140.42157,37.48078],[140.42416,37.48551],[140.44147,37.48162],[140.46026,37.48006],[140.46641,37.48253],[140.478,37.4815]]]}},{"type":"Feature","properties":{"code":"07301","name":"伊達郡桑折町","pref":"福島県","pref_code":"07","cx":140.50267,"cy":37.8636,"bbox":[140.4588,37.82719,140.56367,37.90153]},"geometry":{"type":"Polygon","coordinates":[[[140.49205,37.82719],[140.50674,37.82794],[140.514,37.83072],[140.54111,37.83502],[140.54595,37.84041],[140.55215,37.83936],[140.56367,37.84507],[140.56273,37.85728],[140.5506,37.86195],[140.546,37.86098],[140.54043,37.87228],[140.50191,37.88294],[140.4873,37.89327],[140.48788,37.89985],[140.48418,37.90153],[140.46848,37.89411],[140.47093,37.88554],[140.4588,37.87353],[140.45889,37.86526],[140.46687,37.85768],[140.47495,37.85473],[140.47152,37.84097],[140.48181,37.82735],[140.49205,37.82719]]]}},{"type":"Feature","properties":{"code":"07303","name":"伊達郡国見町","pref":"福島県","pref_code":"07","cx":140.54222,"cy":37.89162,"bbox":[140.4873,37.85728,140.59841,37.92279]},"geometry":{"type":"Polygon","coordinates":[[[140.59841,37.90764],[140.59181,37.90617],[140.57531,37.91448],[140.56638,37.92279],[140.56256,37.91791],[140.56303,37.91144],[140.53689,37.90759],[140.53133,37.90525],[140.52182,37.9088],[140.51579,37.90349],[140.50217,37.90457],[140.49835,37.90036],[140.48788,37.89985],[140.4873,37.89327],[140.50191,37.88294],[140.54043,37.87228],[140.546,37.86098],[140.5506,37.86195],[140.56273,37.85728],[140.57634,37.85731],[140.58271,37.86594],[140.5937,37.86516],[140.59291,37.8733],[140.58664,37.88129],[140.5954,37.88997],[140.59268,37.8974],[140.59841,37.90764]]]}},{"type":"Feature","properties":{"code":"07308","name":"伊達郡川俣町","pref":"福島県","pref_code":"07","cx":140.61881,"cy":37.63146,"bbox":[140.53965,37.54731,140.72626,37.71417]},"geometry":{"type":"Polygon","coordinates":[[[140.55532,37.6509],[140.56489,37.64435],[140.56855,37.63904],[140.56652,37.63326],[140.57731,37.62625],[140.58627,37.61444],[140.59665,37.61351],[140.60479,37.60858],[140.62057,37.61021],[140.63051,37.60633],[140.63987,37.58413],[140.63071,37.57961],[140.63456,37.57295],[140.64269,37.57257],[140.66143,37.58503],[140.67579,37.5875],[140.68505,37.57937],[140.68347,37.57188],[140.67814,37.5678],[140.67462,37.55985],[140.68134,37.55611],[140.68626,37.54731],[140.69479,37.5604],[140.70132,37.5754],[140.71342,37.57314],[140.72408,37.58687],[140.72626,37.59339],[140.71825,37.60144],[140.70647,37.60635],[140.69902,37.60544],[140.67707,37.62061],[140.66864,37.62967],[140.66657,37.64161],[140.66873,37.65285],[140.66476,37.65583],[140.6671,37.67616],[140.66017,37.67998],[140.65597,37.6876],[140.64601,37.68427],[140.6449,37.69165],[140.6498,37.69773],[140.66182,37.70204],[140.64474,37.7121],[140.63243,37.71036],[140.61103,37.71417],[140.59358,37.70022],[140.58762,37.68928],[140.57936,37.69472],[140.57995,37.69803],[140.57055,37.70287],[140.56565,37.71392],[140.55528,37.71417],[140.54595,37.7086],[140.54651,37.70087],[140.53965,37.69444],[140.54725,37.68998],[140.54847,37.67462],[140.56216,37.6709],[140.56107,37.66405],[140.56886,37.65791],[140.55532,37.6509]]]}},{"type":"Feature","properties":{"code":"07322","name":"安達郡大玉村","pref":"福島県","pref_code":"07","cx":140.32012,"cy":37.56525,"bbox":[140.27778,37.50671,140.41828,37.62072]},"geometry":{"type":"Polygon","coordinates":[[[140.31822,37.50671],[140.33463,37.50807],[140.34799,37.5159],[140.36013,37.51275],[140.38542,37.52036],[140.38362,37.52462],[140.38696,37.53463],[140.39692,37.52984],[140.41382,37.53192],[140.41828,37.53818],[140.40978,37.54228],[140.40391,37.55036],[140.40056,37.55926],[140.38786,37.56308],[140.37708,37.56233],[140.36908,37.55752],[140.3589,37.55611],[140.35258,37.56141],[140.35439,37.56742],[140.34767,37.5768],[140.33924,37.58188],[140.33447,37.58785],[140.34275,37.59607],[140.34632,37.60371],[140.34469,37.60968],[140.33119,37.61382],[140.31481,37.61254],[140.31035,37.61634],[140.2931,37.6185],[140.28914,37.62072],[140.29033,37.61181],[140.28504,37.60547],[140.28724,37.59941],[140.28001,37.59108],[140.27778,37.58218],[140.28789,37.56256],[140.2858,37.55541],[140.2917,37.5479],[140.2967,37.54609],[140.29901,37.53148],[140.30659,37.52598],[140.30423,37.52164],[140.31796,37.51543],[140.31822,37.50671]]]}},{"type":"Feature","properties":{"code":"07342","name":"岩瀬郡鏡石町","pref":"福島県","pref_code":"07","cx":140.34574,"cy":37.24793,"bbox":[140.30991,37.21721,140.39317,37.2805]},"geometry":{"type":"Polygon","coordinates":[[[140.3173,37.24604],[140.30991,37.23458],[140.31686,37.22759],[140.32053,37.21721],[140.33055,37.21813],[140.33278,37.22318],[140.34532,37.21872],[140.35563,37.22683],[140.36654,37.22065],[140.38901,37.22394],[140.39317,37.22255],[140.38853,37.24545],[140.38355,37.24435],[140.36345,37.24982],[140.37119,37.2536],[140.3811,37.26402],[140.38072,37.26694],[140.36409,37.27207],[140.34719,37.28039],[140.34158,37.2805],[140.33678,37.26979],[140.32894,37.25941],[140.32862,37.2517],[140.3173,37.24604]]]}},{"type":"Feature","properties":{"code":"07344","name":"岩瀬郡天栄村","pref":"福島県","pref_code":"07","cx":140.08937,"cy":37.26931,"bbox":[139.9479,37.19632,140.3173,37.3421]},"geometry":{"type":"Polygon","coordinates":[[[140.01248,37.323],[140.0014,37.31854],[139.99904,37.30992],[139.99334,37.30762],[139.99192,37.29719],[139.97575,37.28294],[139.97759,37.27315],[139.96301,37.27318],[139.96471,37.26531],[139.96923,37.25928],[139.96468,37.25038],[139.96641,37.24675],[139.95205,37.23604],[139.94799,37.22782],[139.9479,37.22135],[139.95796,37.21668],[139.96577,37.20706],[139.98214,37.20194],[139.99384,37.19632],[139.99953,37.19968],[140.0178,37.19697],[140.03057,37.20034],[140.03922,37.2061],[140.0483,37.20318],[140.05227,37.20823],[140.07134,37.20995],[140.07352,37.2174],[140.07189,37.22397],[140.0831,37.22643],[140.08918,37.23321],[140.08972,37.23986],[140.09948,37.24283],[140.09929,37.2517],[140.11217,37.25751],[140.11434,37.26164],[140.12495,37.26008],[140.13202,37.2554],[140.13955,37.25426],[140.14774,37.24459],[140.17039,37.24159],[140.17886,37.24543],[140.2,37.23658],[140.20372,37.23724],[140.21084,37.2284],[140.22388,37.22435],[140.23008,37.22563],[140.2412,37.22057],[140.24677,37.22273],[140.25408,37.21995],[140.27944,37.22093],[140.28341,37.22547],[140.29318,37.2263],[140.30015,37.22399],[140.30182,37.23358],[140.30991,37.23458],[140.3173,37.24604],[140.2982,37.24624],[140.28372,37.25469],[140.27746,37.25205],[140.26171,37.25691],[140.25718,37.25583],[140.24528,37.26109],[140.23785,37.26168],[140.21596,37.26871],[140.2077,37.27329],[140.19878,37.26991],[140.18762,37.27587],[140.17871,37.27637],[140.15476,37.28547],[140.13787,37.30016],[140.1241,37.29974],[140.11145,37.31093],[140.10627,37.31916],[140.1029,37.32088],[140.08177,37.32089],[140.07566,37.31722],[140.06794,37.32433],[140.04078,37.33275],[140.036,37.33676],[140.02541,37.3421],[140.019,37.33532],[140.01248,37.323]]]}},{"type":"Feature","properties":{"code":"07362","name":"南会津郡下郷町","pref":"福島県","pref_code":"07","cx":139.8439,"cy":37.25233,"bbox":[139.7055,37.14613,140.01248,37.36146]},"geometry":{"type":"Polygon","coordinates":[[[139.87498,37.3612],[139.86895,37.36146],[139.85295,37.35556],[139.84918,37.34614],[139.83966,37.34662],[139.83263,37.34409],[139.83206,37.33738],[139.83603,37.33214],[139.82938,37.32597],[139.82903,37.32094],[139.81146,37.30777],[139.80388,37.30893],[139.79215,37.30343],[139.79203,37.28805],[139.77845,37.2814],[139.76913,37.28532],[139.76168,37.2842],[139.74443,37.29178],[139.73537,37.2875],[139.7309,37.27925],[139.71811,37.27302],[139.71288,37.27268],[139.70992,37.26191],[139.7055,37.25427],[139.754,37.2486],[139.75196,37.23648],[139.76063,37.23655],[139.77357,37.23223],[139.78157,37.23222],[139.7866,37.23718],[139.7958,37.23757],[139.79852,37.24143],[139.80644,37.23964],[139.80955,37.23156],[139.82261,37.22577],[139.83387,37.22604],[139.84233,37.2135],[139.84417,37.20768],[139.85283,37.20007],[139.85201,37.19044],[139.83579,37.18212],[139.83296,37.17668],[139.84299,37.16736],[139.85158,37.16854],[139.85578,37.16543],[139.85518,37.15819],[139.86629,37.14723],[139.87757,37.14613],[139.89464,37.15326],[139.90243,37.15427],[139.90651,37.14953],[139.91634,37.14763],[139.92444,37.15188],[139.9338,37.15374],[139.9437,37.15259],[139.95461,37.15494],[139.96126,37.1533],[139.96399,37.161],[139.95987,37.17993],[139.96801,37.18658],[139.98214,37.20194],[139.96577,37.20706],[139.95796,37.21668],[139.9479,37.22135],[139.94799,37.22782],[139.95205,37.23604],[139.96641,37.24675],[139.96468,37.25038],[139.96923,37.25928],[139.96471,37.26531],[139.96301,37.27318],[139.97759,37.27315],[139.97575,37.28294],[139.99192,37.29719],[139.99334,37.30762],[139.99904,37.30992],[140.0014,37.31854],[140.01248,37.323],[140.00949,37.32697],[139.99868,37.33089],[139.98967,37.3274],[139.96606,37.33306],[139.95846,37.33652],[139.9513,37.33638],[139.94788,37.32818],[139.93233,37.32406],[139.92049,37.32545],[139.91497,37.33073],[139.91017,37.34032],[139.91125,37.34868],[139.91988,37.34922],[139.91785,37.35498],[139.90407,37.35182],[139.88576,37.34294],[139.88401,37.35394],[139.87498,37.3612]]]}},{"type":"Feature","properties":{"code":"07364","name":"南会津郡檜枝岐村","pref":"福島県","pref_code":"07","cx":139.33452,"cy":37.06302,"bbox":[139.22999,36.9108,139.45993,37.20186]},"geometry":{"type":"Polygon","coordinates":[[[139.37447,37.11818],[139.35805,37.11488],[139.34334,37.12112],[139.34016,37.13514],[139.33391,37.14792],[139.33351,37.15537],[139.3414,37.1583],[139.3436,37.16548],[139.34122,37.17073],[139.33454,37.17276],[139.32581,37.16911],[139.29912,37.16576],[139.28572,37.16178],[139.27485,37.1682],[139.2713,37.17507],[139.26109,37.18196],[139.2615,37.19299],[139.25725,37.20186],[139.24216,37.19496],[139.23788,37.18784],[139.24458,37.18114],[139.24322,37.17038],[139.25116,37.16592],[139.25299,37.16125],[139.24567,37.14486],[139.2433,37.12716],[139.23537,37.11394],[139.23574,37.10246],[139.24088,37.09374],[139.23865,37.09051],[139.24873,37.08137],[139.24702,37.07079],[139.25734,37.05594],[139.25956,37.0433],[139.25462,37.04025],[139.24854,37.0309],[139.24851,37.02395],[139.24337,37.01513],[139.25103,37.00462],[139.25379,36.99033],[139.25215,36.97657],[139.24807,36.97141],[139.25116,36.96203],[139.24182,36.94907],[139.2434,36.94462],[139.22999,36.94016],[139.24056,36.92948],[139.25466,36.93234],[139.26143,36.93791],[139.26821,36.93859],[139.28171,36.93115],[139.29482,36.93446],[139.30507,36.92581],[139.30902,36.92696],[139.32773,36.92455],[139.34239,36.92753],[139.35278,36.91577],[139.37313,36.91839],[139.3833,36.9114],[139.39329,36.9108],[139.39914,36.92009],[139.41219,36.92761],[139.4269,36.92417],[139.43496,36.93587],[139.43445,36.94185],[139.45668,36.95384],[139.45993,36.96965],[139.45555,36.97047],[139.44344,36.98072],[139.44653,36.99193],[139.44422,36.99875],[139.44774,37.00198],[139.44888,37.01127],[139.44513,37.01627],[139.43653,37.0207],[139.43809,37.02458],[139.41675,37.03824],[139.42144,37.04011],[139.42082,37.04863],[139.41455,37.07011],[139.40075,37.07116],[139.38231,37.08212],[139.38596,37.08958],[139.3873,37.10749],[139.38337,37.10836],[139.37447,37.11818]]]}},{"type":"Feature","properties":{"code":"07367","name":"南会津郡只見町","pref":"福島県","pref_code":"07","cx":139.35846,"cy":37.29348,"bbox":[139.16476,37.11488,139.57425,37.46997]},"geometry":{"type":"Polygon","coordinates":[[[139.37447,37.11818],[139.3759,37.1201],[139.39545,37.12292],[139.40823,37.13473],[139.42104,37.13189],[139.43244,37.13817],[139.43474,37.14643],[139.44894,37.1555],[139.45725,37.15794],[139.45896,37.16398],[139.45828,37.17606],[139.46864,37.18099],[139.47358,37.19559],[139.48136,37.20952],[139.49146,37.21584],[139.48446,37.22161],[139.48005,37.23131],[139.48349,37.24888],[139.4901,37.25506],[139.48184,37.2672],[139.47965,37.27779],[139.47325,37.2857],[139.47461,37.29157],[139.48365,37.28779],[139.49248,37.28944],[139.50152,37.28613],[139.50404,37.29539],[139.5173,37.30029],[139.51809,37.30476],[139.52701,37.31091],[139.53984,37.3061],[139.5526,37.30489],[139.55706,37.29926],[139.56614,37.30512],[139.57425,37.30754],[139.57366,37.32156],[139.56459,37.32801],[139.54831,37.33611],[139.55221,37.34452],[139.5476,37.35195],[139.55193,37.35702],[139.5437,37.36301],[139.52673,37.36486],[139.51995,37.36953],[139.51629,37.379],[139.50432,37.36881],[139.49784,37.36936],[139.48942,37.35906],[139.47482,37.34703],[139.46223,37.34689],[139.44783,37.33442],[139.42937,37.33324],[139.42585,37.3402],[139.41672,37.33985],[139.41613,37.34538],[139.40723,37.34697],[139.39917,37.36317],[139.3816,37.35461],[139.37874,37.36294],[139.36473,37.38223],[139.37492,37.38594],[139.38124,37.40161],[139.3777,37.4128],[139.39193,37.42354],[139.38959,37.43011],[139.39274,37.43636],[139.40254,37.44466],[139.39751,37.45984],[139.38552,37.46361],[139.36854,37.46541],[139.36255,37.46997],[139.35125,37.46556],[139.34583,37.46027],[139.33514,37.45779],[139.32647,37.46239],[139.30712,37.4586],[139.28651,37.45224],[139.27722,37.45283],[139.25892,37.44706],[139.25122,37.45244],[139.23747,37.44515],[139.223,37.44862],[139.21303,37.43865],[139.20753,37.42891],[139.20837,37.41707],[139.19869,37.41303],[139.2076,37.4006],[139.20771,37.39622],[139.2153,37.39126],[139.22194,37.39333],[139.23167,37.38738],[139.23146,37.38023],[139.23803,37.37295],[139.23355,37.35701],[139.23362,37.34361],[139.22815,37.34328],[139.21787,37.33403],[139.22211,37.31501],[139.21569,37.30864],[139.21229,37.28621],[139.20541,37.28361],[139.19177,37.26934],[139.17469,37.25635],[139.16476,37.23943],[139.1659,37.23217],[139.17254,37.22495],[139.18306,37.21739],[139.18713,37.20971],[139.19479,37.20396],[139.19672,37.19401],[139.20527,37.19422],[139.21309,37.19964],[139.21785,37.20949],[139.22624,37.20353],[139.22844,37.19709],[139.23788,37.18784],[139.24216,37.19496],[139.25725,37.20186],[139.2615,37.19299],[139.26109,37.18196],[139.2713,37.17507],[139.27485,37.1682],[139.28572,37.16178],[139.29912,37.16576],[139.32581,37.16911],[139.33454,37.17276],[139.34122,37.17073],[139.3436,37.16548],[139.3414,37.1583],[139.33351,37.15537],[139.33391,37.14792],[139.34016,37.13514],[139.34334,37.12112],[139.35805,37.11488],[139.37447,37.11818]]]}},{"type":"Feature","properties":{"code":"07368","name":"南会津郡南会津町","pref":"福島県","pref_code":"07","cx":139.63934,"cy":37.13881,"bbox":[139.37447,36.96793,139.86629,37.31091]},"geometry":{"type":"Polygon","coordinates":[[[139.7055,37.25427],[139.69589,37.24729],[139.6913,37.2499],[139.67215,37.24641],[139.66986,37.24062],[139.65723,37.23933],[139.65479,37.22989],[139.63503,37.22787],[139.62248,37.22792],[139.61762,37.21457],[139.61205,37.20744],[139.60109,37.2082],[139.59025,37.22287],[139.59215,37.24263],[139.58732,37.25205],[139.59431,37.25776],[139.59258,37.26644],[139.59747,37.27165],[139.59462,37.27779],[139.57969,37.286],[139.57425,37.30754],[139.56614,37.30512],[139.55706,37.29926],[139.5526,37.30489],[139.53984,37.3061],[139.52701,37.31091],[139.51809,37.30476],[139.5173,37.30029],[139.50404,37.29539],[139.50152,37.28613],[139.49248,37.28944],[139.48365,37.28779],[139.47461,37.29157],[139.47325,37.2857],[139.47965,37.27779],[139.48184,37.2672],[139.4901,37.25506],[139.48349,37.24888],[139.48005,37.23131],[139.48446,37.22161],[139.49146,37.21584],[139.48136,37.20952],[139.47358,37.19559],[139.46864,37.18099],[139.45828,37.17606],[139.45896,37.16398],[139.45725,37.15794],[139.44894,37.1555],[139.43474,37.14643],[139.43244,37.13817],[139.42104,37.13189],[139.40823,37.13473],[139.39545,37.12292],[139.3759,37.1201],[139.37447,37.11818],[139.38337,37.10836],[139.3873,37.10749],[139.38596,37.08958],[139.38231,37.08212],[139.40075,37.07116],[139.41455,37.07011],[139.42082,37.04863],[139.42144,37.04011],[139.41675,37.03824],[139.43809,37.02458],[139.43653,37.0207],[139.44513,37.01627],[139.44888,37.01127],[139.44774,37.00198],[139.44422,36.99875],[139.44653,36.99193],[139.44344,36.98072],[139.45555,36.97047],[139.45993,36.96965],[139.47269,36.97135],[139.48433,36.97544],[139.49429,36.96793],[139.50386,36.96957],[139.51514,36.97784],[139.53272,36.98176],[139.54473,36.99089],[139.55446,36.99249],[139.55672,36.99678],[139.56463,36.99688],[139.57953,37.00495],[139.58189,37.0149],[139.58805,37.01535],[139.59869,37.01205],[139.60284,37.01597],[139.61163,37.0138],[139.62552,37.02599],[139.62497,37.03272],[139.63565,37.03188],[139.65163,37.03731],[139.65574,37.04192],[139.66495,37.04053],[139.67673,37.05674],[139.69206,37.06255],[139.70053,37.05938],[139.71101,37.06842],[139.72416,37.06991],[139.73296,37.06867],[139.73728,37.07203],[139.75271,37.07059],[139.76286,37.07569],[139.77786,37.08883],[139.78795,37.0907],[139.80951,37.08484],[139.81854,37.08521],[139.81825,37.09667],[139.82113,37.10874],[139.81519,37.11615],[139.81904,37.12178],[139.82793,37.12629],[139.83177,37.13364],[139.84784,37.13945],[139.8518,37.13715],[139.86096,37.14082],[139.86629,37.14723],[139.85518,37.15819],[139.85578,37.16543],[139.85158,37.16854],[139.84299,37.16736],[139.83296,37.17668],[139.83579,37.18212],[139.85201,37.19044],[139.85283,37.20007],[139.84417,37.20768],[139.84233,37.2135],[139.83387,37.22604],[139.82261,37.22577],[139.80955,37.23156],[139.80644,37.23964],[139.79852,37.24143],[139.7958,37.23757],[139.7866,37.23718],[139.78157,37.23222],[139.77357,37.23223],[139.76063,37.23655],[139.75196,37.23648],[139.754,37.2486],[139.7055,37.25427]]]}},{"type":"Feature","properties":{"code":"07402","name":"耶麻郡北塩原村","pref":"福島県","pref_code":"07","cx":140.04951,"cy":37.69197,"bbox":[139.91177,37.6025,140.17197,37.77905]},"geometry":{"type":"Polygon","coordinates":[[[139.99849,37.60533],[140.00398,37.6025],[140.02337,37.6098],[140.03744,37.61349],[140.05084,37.61501],[140.06683,37.61056],[140.07146,37.6069],[140.07115,37.61277],[140.08636,37.63485],[140.09629,37.64541],[140.10487,37.64567],[140.10829,37.65295],[140.12604,37.65828],[140.13289,37.66521],[140.14166,37.66659],[140.14755,37.67457],[140.14189,37.67923],[140.14653,37.69756],[140.15967,37.70919],[140.16101,37.72704],[140.16682,37.73091],[140.17197,37.74008],[140.17023,37.74686],[140.17194,37.75604],[140.16156,37.75672],[140.14601,37.75272],[140.14008,37.73943],[140.12737,37.73392],[140.11537,37.73436],[140.10228,37.73761],[140.08678,37.758],[140.08032,37.75609],[140.06904,37.7579],[140.0646,37.7678],[140.04848,37.77905],[140.0375,37.76798],[140.02186,37.7653],[140.01928,37.76196],[140.01023,37.76399],[140.00199,37.7594],[139.99257,37.7587],[139.99548,37.7413],[139.99236,37.73189],[139.99886,37.72537],[139.99105,37.71836],[139.97557,37.71631],[139.97559,37.71064],[139.96983,37.70497],[139.9658,37.696],[139.96015,37.69746],[139.94933,37.68794],[139.94717,37.68183],[139.93487,37.68006],[139.92606,37.67353],[139.92545,37.66853],[139.91618,37.65697],[139.91177,37.65473],[139.91268,37.64765],[139.91821,37.64556],[139.93397,37.6515],[139.94691,37.65298],[139.95751,37.65144],[139.96613,37.64262],[139.98425,37.63519],[139.98876,37.63189],[140.00028,37.62958],[139.99538,37.62234],[139.99849,37.60533]]]}},{"type":"Feature","properties":{"code":"07405","name":"耶麻郡西会津町","pref":"福島県","pref_code":"07","cx":139.6439,"cy":37.65889,"bbox":[139.54604,37.50596,139.74506,37.81224]},"geometry":{"type":"Polygon","coordinates":[[[139.72833,37.81224],[139.72162,37.80942],[139.71354,37.79899],[139.70495,37.79584],[139.69656,37.78512],[139.68019,37.77504],[139.67769,37.77009],[139.66871,37.76326],[139.6665,37.757],[139.65789,37.75501],[139.65723,37.74085],[139.65236,37.73794],[139.64961,37.72906],[139.64295,37.72761],[139.62449,37.70835],[139.62172,37.69982],[139.62832,37.69195],[139.60941,37.68427],[139.60092,37.66883],[139.59383,37.66508],[139.58866,37.66725],[139.56849,37.65313],[139.56306,37.65381],[139.54932,37.64909],[139.55169,37.63682],[139.54604,37.62889],[139.55215,37.61875],[139.54851,37.60987],[139.55437,37.6024],[139.56235,37.60011],[139.56415,37.58883],[139.5704,37.57951],[139.57183,37.56827],[139.56759,37.56275],[139.57022,37.55053],[139.5702,37.53906],[139.57853,37.53016],[139.59058,37.52794],[139.58511,37.5129],[139.59503,37.51023],[139.60505,37.50869],[139.62868,37.50963],[139.63374,37.51139],[139.64731,37.50596],[139.6677,37.50837],[139.67057,37.51956],[139.68248,37.51585],[139.68714,37.52146],[139.68453,37.53269],[139.6943,37.55382],[139.69899,37.55633],[139.69545,37.5624],[139.70347,37.5756],[139.71885,37.56957],[139.72254,37.57128],[139.72693,37.58247],[139.71781,37.5918],[139.70872,37.59156],[139.71085,37.59904],[139.70137,37.61382],[139.69165,37.61492],[139.68833,37.60727],[139.68301,37.60588],[139.66968,37.60917],[139.67631,37.62007],[139.67068,37.62182],[139.67436,37.63],[139.68444,37.63422],[139.69996,37.63488],[139.69836,37.64033],[139.70323,37.64885],[139.7103,37.65303],[139.71178,37.66396],[139.70581,37.67282],[139.71063,37.67493],[139.70624,37.68382],[139.70597,37.69348],[139.71459,37.7068],[139.71692,37.72518],[139.72347,37.73537],[139.72621,37.74382],[139.73353,37.75036],[139.73742,37.76067],[139.73233,37.77726],[139.72966,37.77889],[139.7365,37.78867],[139.74506,37.79083],[139.73707,37.8007],[139.73738,37.80552],[139.72833,37.81224]]]}},{"type":"Feature","properties":{"code":"07407","name":"耶麻郡磐梯町","pref":"福島県","pref_code":"07","cx":139.99205,"cy":37.5734,"bbox":[139.92755,37.53465,140.07183,37.61501]},"geometry":{"type":"Polygon","coordinates":[[[140.01668,37.53465],[140.03388,37.53575],[140.03832,37.53982],[140.05069,37.54006],[140.05012,37.54656],[140.03554,37.55404],[140.03913,37.56256],[140.04818,37.56317],[140.04627,37.56878],[140.04862,37.57577],[140.04262,37.57743],[140.04559,37.58653],[140.05148,37.5943],[140.06506,37.59652],[140.07183,37.60075],[140.07146,37.6069],[140.06683,37.61056],[140.05084,37.61501],[140.03744,37.61349],[140.02337,37.6098],[140.00398,37.6025],[139.99849,37.60533],[139.98574,37.60891],[139.97281,37.60732],[139.96949,37.59872],[139.96133,37.59863],[139.95484,37.59081],[139.92755,37.57898],[139.92999,37.57831],[139.93931,37.57103],[139.95151,37.56933],[139.95738,37.55784],[139.98842,37.55232],[139.99569,37.54866],[140.0161,37.543],[140.01668,37.53465]]]}},{"type":"Feature","properties":{"code":"07408","name":"耶麻郡猪苗代町","pref":"福島県","pref_code":"07","cx":140.16857,"cy":37.60731,"bbox":[140.01436,37.449,140.2847,37.7565]},"geometry":{"type":"Polygon","coordinates":[[[140.23725,37.74647],[140.21868,37.74618],[140.20439,37.7477],[140.1996,37.75281],[140.17826,37.7565],[140.17194,37.75604],[140.17023,37.74686],[140.17197,37.74008],[140.16682,37.73091],[140.16101,37.72704],[140.15967,37.70919],[140.14653,37.69756],[140.14189,37.67923],[140.14755,37.67457],[140.14166,37.66659],[140.13289,37.66521],[140.12604,37.65828],[140.10829,37.65295],[140.10487,37.64567],[140.09629,37.64541],[140.08636,37.63485],[140.07115,37.61277],[140.07183,37.60075],[140.06506,37.59652],[140.05148,37.5943],[140.04559,37.58653],[140.04262,37.57743],[140.04862,37.57577],[140.04627,37.56878],[140.04818,37.56317],[140.03913,37.56256],[140.03554,37.55404],[140.05012,37.54656],[140.05069,37.54006],[140.03832,37.53982],[140.03388,37.53575],[140.01668,37.53465],[140.01436,37.53057],[140.01956,37.52272],[140.02607,37.50795],[140.03142,37.50342],[140.04042,37.50087],[140.09161,37.47732],[140.11336,37.46985],[140.13254,37.46388],[140.14914,37.46333],[140.16021,37.46127],[140.16671,37.45776],[140.17579,37.45799],[140.18233,37.45127],[140.19853,37.449],[140.20182,37.46102],[140.19943,37.46991],[140.193,37.47374],[140.19878,37.48475],[140.19262,37.49364],[140.18718,37.49607],[140.19035,37.50271],[140.18975,37.51044],[140.17837,37.51313],[140.17743,37.51705],[140.16791,37.52227],[140.1655,37.5273],[140.17914,37.53524],[140.18327,37.54087],[140.19099,37.54474],[140.1922,37.55376],[140.19988,37.55588],[140.21004,37.56246],[140.21851,37.55449],[140.22827,37.55504],[140.2316,37.56502],[140.23871,37.57246],[140.2401,37.58509],[140.23827,37.58987],[140.24868,37.59898],[140.26118,37.60186],[140.27497,37.61859],[140.2847,37.62598],[140.28068,37.64169],[140.28257,37.6543],[140.27798,37.66188],[140.2601,37.66693],[140.24518,37.67614],[140.23072,37.67925],[140.23186,37.69007],[140.23669,37.69548],[140.23653,37.70384],[140.23144,37.70775],[140.22928,37.71654],[140.23188,37.73021],[140.24336,37.73404],[140.23725,37.74647]]]}},{"type":"Feature","properties":{"code":"07421","name":"河沼郡会津坂下町","pref":"福島県","pref_code":"07","cx":139.79309,"cy":37.57678,"bbox":[139.71781,37.5141,139.87253,37.63747]},"geometry":{"type":"Polygon","coordinates":[[[139.87215,37.54274],[139.86016,37.55319],[139.86294,37.56463],[139.86083,37.58229],[139.86179,37.58823],[139.84877,37.5942],[139.8453,37.59203],[139.83062,37.60544],[139.82658,37.60274],[139.81821,37.60913],[139.803,37.61206],[139.80369,37.60545],[139.79329,37.60609],[139.80119,37.61285],[139.79846,37.62426],[139.8103,37.6242],[139.81027,37.63136],[139.80278,37.63747],[139.78707,37.63395],[139.78206,37.62806],[139.78149,37.62088],[139.77743,37.61458],[139.78058,37.60862],[139.78245,37.59721],[139.77875,37.59073],[139.76096,37.59365],[139.75717,37.59793],[139.74421,37.59659],[139.72674,37.58798],[139.71781,37.5918],[139.72693,37.58247],[139.72254,37.57128],[139.7317,37.56661],[139.75093,37.5639],[139.75474,37.55861],[139.74733,37.54398],[139.76476,37.53451],[139.76699,37.53038],[139.76441,37.52225],[139.76648,37.51626],[139.77252,37.5141],[139.79086,37.52809],[139.79877,37.53106],[139.81196,37.52854],[139.83078,37.53225],[139.84587,37.53063],[139.86684,37.52999],[139.87253,37.53297],[139.87215,37.54274]]]}},{"type":"Feature","properties":{"code":"07422","name":"河沼郡湯川村","pref":"福島県","pref_code":"07","cx":139.87896,"cy":37.57096,"bbox":[139.86016,37.54274,139.90677,37.59313]},"geometry":{"type":"Polygon","coordinates":[[[139.90677,37.58313],[139.90418,37.59025],[139.88753,37.59001],[139.88355,37.59313],[139.87359,37.58351],[139.86083,37.58229],[139.86294,37.56463],[139.86016,37.55319],[139.87215,37.54274],[139.87352,37.5468],[139.9027,37.54555],[139.9059,37.55881],[139.89565,37.56154],[139.8958,37.57729],[139.90677,37.58313]]]}},{"type":"Feature","properties":{"code":"07423","name":"河沼郡柳津町","pref":"福島県","pref_code":"07","cx":139.71201,"cy":37.46163,"bbox":[139.59449,37.3484,139.76997,37.5756]},"geometry":{"type":"Polygon","coordinates":[[[139.59503,37.51023],[139.59449,37.49958],[139.60146,37.49384],[139.61674,37.49736],[139.63142,37.49743],[139.64844,37.50209],[139.66766,37.49784],[139.68999,37.49641],[139.6971,37.49315],[139.69938,37.48795],[139.70819,37.48384],[139.71476,37.47679],[139.71203,37.4743],[139.6922,37.47216],[139.67982,37.47427],[139.6811,37.465],[139.68614,37.4599],[139.67223,37.44678],[139.66658,37.44554],[139.66747,37.4389],[139.65975,37.43638],[139.65801,37.42996],[139.66057,37.41601],[139.65508,37.40376],[139.66448,37.39544],[139.66724,37.39006],[139.66056,37.38718],[139.65196,37.37349],[139.64093,37.36919],[139.64848,37.36144],[139.65855,37.35596],[139.66309,37.34924],[139.68439,37.3484],[139.68985,37.35316],[139.69798,37.35427],[139.71542,37.36324],[139.72951,37.35979],[139.7483,37.37103],[139.75119,37.38016],[139.74844,37.38786],[139.75853,37.39705],[139.76142,37.40408],[139.75414,37.42141],[139.76007,37.42859],[139.7461,37.43778],[139.74243,37.44331],[139.74392,37.45451],[139.7395,37.45805],[139.73966,37.46485],[139.74823,37.46335],[139.74976,37.46788],[139.75854,37.47292],[139.76492,37.48223],[139.76372,37.4882],[139.76997,37.49659],[139.76422,37.507],[139.76648,37.51626],[139.76441,37.52225],[139.76699,37.53038],[139.76476,37.53451],[139.74733,37.54398],[139.75474,37.55861],[139.75093,37.5639],[139.7317,37.56661],[139.72254,37.57128],[139.71885,37.56957],[139.70347,37.5756],[139.69545,37.5624],[139.69899,37.55633],[139.6943,37.55382],[139.68453,37.53269],[139.68714,37.52146],[139.68248,37.51585],[139.67057,37.51956],[139.6677,37.50837],[139.64731,37.50596],[139.63374,37.51139],[139.62868,37.50963],[139.60505,37.50869],[139.59503,37.51023]]]}},{"type":"Feature","properties":{"code":"07444","name":"大沼郡三島町","pref":"福島県","pref_code":"07","cx":139.6325,"cy":37.43511,"bbox":[139.5883,37.36837,139.71476,37.50209]},"geometry":{"type":"Polygon","coordinates":[[[139.60146,37.49384],[139.60373,37.48738],[139.59549,37.48201],[139.59008,37.4723],[139.58961,37.46589],[139.60902,37.45425],[139.61563,37.45697],[139.61494,37.44556],[139.61197,37.43784],[139.60262,37.43383],[139.59565,37.42528],[139.5883,37.42426],[139.59954,37.38776],[139.60933,37.38094],[139.60389,37.3763],[139.61207,37.36972],[139.62178,37.36837],[139.64093,37.36919],[139.65196,37.37349],[139.66056,37.38718],[139.66724,37.39006],[139.66448,37.39544],[139.65508,37.40376],[139.66057,37.41601],[139.65801,37.42996],[139.65975,37.43638],[139.66747,37.4389],[139.66658,37.44554],[139.67223,37.44678],[139.68614,37.4599],[139.6811,37.465],[139.67982,37.47427],[139.6922,37.47216],[139.71203,37.4743],[139.71476,37.47679],[139.70819,37.48384],[139.69938,37.48795],[139.6971,37.49315],[139.68999,37.49641],[139.66766,37.49784],[139.64844,37.50209],[139.63142,37.49743],[139.61674,37.49736],[139.60146,37.49384]]]}},{"type":"Feature","properties":{"code":"07445","name":"大沼郡金山町","pref":"福島県","pref_code":"07","cx":139.49403,"cy":37.4277,"bbox":[139.36473,37.33324,139.61563,37.51787]},"geometry":{"type":"Polygon","coordinates":[[[139.51629,37.379],[139.52811,37.39048],[139.55397,37.39263],[139.55766,37.38815],[139.56904,37.38591],[139.59954,37.38776],[139.5883,37.42426],[139.59565,37.42528],[139.60262,37.43383],[139.61197,37.43784],[139.61494,37.44556],[139.61563,37.45697],[139.60902,37.45425],[139.58961,37.46589],[139.59008,37.4723],[139.59549,37.48201],[139.60373,37.48738],[139.60146,37.49384],[139.59449,37.49958],[139.59503,37.51023],[139.58511,37.5129],[139.56703,37.50235],[139.54285,37.51203],[139.5201,37.51384],[139.51379,37.50862],[139.49674,37.51257],[139.48599,37.51031],[139.4758,37.50258],[139.4661,37.50833],[139.4572,37.51787],[139.43895,37.51319],[139.42843,37.51425],[139.41422,37.5083],[139.41066,37.50202],[139.41403,37.4968],[139.40789,37.49246],[139.40985,37.48389],[139.40579,37.47757],[139.40636,37.46621],[139.39751,37.45984],[139.40254,37.44466],[139.39274,37.43636],[139.38959,37.43011],[139.39193,37.42354],[139.3777,37.4128],[139.38124,37.40161],[139.37492,37.38594],[139.36473,37.38223],[139.37874,37.36294],[139.3816,37.35461],[139.39917,37.36317],[139.40723,37.34697],[139.41613,37.34538],[139.41672,37.33985],[139.42585,37.3402],[139.42937,37.33324],[139.44783,37.33442],[139.46223,37.34689],[139.47482,37.34703],[139.48942,37.35906],[139.49784,37.36936],[139.50432,37.36881],[139.51629,37.379]]]}},{"type":"Feature","properties":{"code":"07446","name":"大沼郡昭和村","pref":"福島県","pref_code":"07","cx":139.66034,"cy":37.29799,"bbox":[139.51629,37.20744,139.74443,37.39263]},"geometry":{"type":"Polygon","coordinates":[[[139.74443,37.29178],[139.74361,37.3042],[139.73599,37.31887],[139.73547,37.32919],[139.72435,37.33808],[139.7173,37.34599],[139.71542,37.36324],[139.69798,37.35427],[139.68985,37.35316],[139.68439,37.3484],[139.66309,37.34924],[139.65855,37.35596],[139.64848,37.36144],[139.64093,37.36919],[139.62178,37.36837],[139.61207,37.36972],[139.60389,37.3763],[139.60933,37.38094],[139.59954,37.38776],[139.56904,37.38591],[139.55766,37.38815],[139.55397,37.39263],[139.52811,37.39048],[139.51629,37.379],[139.51995,37.36953],[139.52673,37.36486],[139.5437,37.36301],[139.55193,37.35702],[139.5476,37.35195],[139.55221,37.34452],[139.54831,37.33611],[139.56459,37.32801],[139.57366,37.32156],[139.57425,37.30754],[139.57969,37.286],[139.59462,37.27779],[139.59747,37.27165],[139.59258,37.26644],[139.59431,37.25776],[139.58732,37.25205],[139.59215,37.24263],[139.59025,37.22287],[139.60109,37.2082],[139.61205,37.20744],[139.61762,37.21457],[139.62248,37.22792],[139.63503,37.22787],[139.65479,37.22989],[139.65723,37.23933],[139.66986,37.24062],[139.67215,37.24641],[139.6913,37.2499],[139.69589,37.24729],[139.7055,37.25427],[139.70992,37.26191],[139.71288,37.27268],[139.71811,37.27302],[139.7309,37.27925],[139.73537,37.2875],[139.74443,37.29178]]]}},{"type":"Feature","properties":{"code":"07447","name":"大沼郡会津美里町","pref":"福島県","pref_code":"07","cx":139.8413,"cy":37.40637,"bbox":[139.71542,37.2814,139.92614,37.53225]},"geometry":{"type":"Polygon","coordinates":[[[139.84587,37.53063],[139.83078,37.53225],[139.81196,37.52854],[139.79877,37.53106],[139.79086,37.52809],[139.77252,37.5141],[139.76648,37.51626],[139.76422,37.507],[139.76997,37.49659],[139.76372,37.4882],[139.76492,37.48223],[139.75854,37.47292],[139.74976,37.46788],[139.74823,37.46335],[139.73966,37.46485],[139.7395,37.45805],[139.74392,37.45451],[139.74243,37.44331],[139.7461,37.43778],[139.76007,37.42859],[139.75414,37.42141],[139.76142,37.40408],[139.75853,37.39705],[139.74844,37.38786],[139.75119,37.38016],[139.7483,37.37103],[139.72951,37.35979],[139.71542,37.36324],[139.7173,37.34599],[139.72435,37.33808],[139.73547,37.32919],[139.73599,37.31887],[139.74361,37.3042],[139.74443,37.29178],[139.76168,37.2842],[139.76913,37.28532],[139.77845,37.2814],[139.79203,37.28805],[139.79215,37.30343],[139.80388,37.30893],[139.81146,37.30777],[139.82903,37.32094],[139.82938,37.32597],[139.83603,37.33214],[139.83206,37.33738],[139.83263,37.34409],[139.83966,37.34662],[139.84918,37.34614],[139.85295,37.35556],[139.86895,37.36146],[139.87498,37.3612],[139.88476,37.36778],[139.88797,37.37558],[139.92321,37.39192],[139.92614,37.39932],[139.92085,37.40867],[139.91343,37.41609],[139.91111,37.43062],[139.90564,37.44365],[139.90849,37.45028],[139.90455,37.46086],[139.89813,37.45899],[139.89056,37.46297],[139.87691,37.46213],[139.87272,37.45306],[139.864,37.45846],[139.86103,37.46405],[139.86187,37.47299],[139.85803,37.47526],[139.85127,37.48772],[139.83964,37.49778],[139.83922,37.50648],[139.84509,37.51126],[139.84999,37.52534],[139.84587,37.53063]]]}},{"type":"Feature","properties":{"code":"07461","name":"西白河郡西郷村","pref":"福島県","pref_code":"07","cx":140.0777,"cy":37.1717,"bbox":[139.95987,37.09421,140.21075,37.24283]},"geometry":{"type":"Polygon","coordinates":[[[140.09948,37.24283],[140.08972,37.23986],[140.08918,37.23321],[140.0831,37.22643],[140.07189,37.22397],[140.07352,37.2174],[140.07134,37.20995],[140.05227,37.20823],[140.0483,37.20318],[140.03922,37.2061],[140.03057,37.20034],[140.0178,37.19697],[139.99953,37.19968],[139.99384,37.19632],[139.98214,37.20194],[139.96801,37.18658],[139.95987,37.17993],[139.96399,37.161],[139.96126,37.1533],[139.96312,37.14848],[139.97925,37.14688],[139.99049,37.14272],[139.99556,37.14388],[140.01455,37.14012],[140.02445,37.14301],[140.04707,37.13544],[140.05751,37.12603],[140.06596,37.12734],[140.08936,37.12159],[140.09374,37.1242],[140.10267,37.12105],[140.12805,37.10417],[140.13702,37.10646],[140.15079,37.09433],[140.15998,37.09421],[140.16788,37.09771],[140.16751,37.10593],[140.17425,37.10512],[140.18258,37.10865],[140.19087,37.12323],[140.1899,37.13076],[140.20071,37.14124],[140.21075,37.15984],[140.20958,37.1675],[140.20212,37.16816],[140.18537,37.17524],[140.18755,37.18375],[140.1707,37.19225],[140.1659,37.19883],[140.15822,37.20138],[140.14615,37.21196],[140.13829,37.20482],[140.13189,37.21633],[140.09948,37.24283]]]}},{"type":"Feature","properties":{"code":"07464","name":"西白河郡泉崎村","pref":"福島県","pref_code":"07","cx":140.29522,"cy":37.15512,"bbox":[140.23492,37.1206,140.3382,37.1916]},"geometry":{"type":"Polygon","coordinates":[[[140.3382,37.12282],[140.33657,37.14417],[140.31823,37.15243],[140.3234,37.16395],[140.32192,37.17329],[140.30157,37.18128],[140.29329,37.18879],[140.28863,37.1916],[140.25254,37.18925],[140.24019,37.18635],[140.23492,37.18077],[140.26054,37.16838],[140.2736,37.16501],[140.27257,37.15781],[140.26643,37.14735],[140.27685,37.14269],[140.29247,37.13997],[140.2954,37.12852],[140.31495,37.1206],[140.31634,37.12361],[140.33005,37.12118],[140.3382,37.12282]]]}},{"type":"Feature","properties":{"code":"07465","name":"西白河郡中島村","pref":"福島県","pref_code":"07","cx":140.36234,"cy":37.15091,"bbox":[140.33657,37.11769,140.40425,37.17738]},"geometry":{"type":"Polygon","coordinates":[[[140.37027,37.12224],[140.36772,37.12589],[140.36984,37.13974],[140.38059,37.14711],[140.38463,37.1547],[140.39246,37.16006],[140.40425,37.16121],[140.40389,37.16813],[140.39836,37.16842],[140.38969,37.17695],[140.37777,37.17738],[140.37235,37.16912],[140.3576,37.15794],[140.34677,37.15999],[140.33879,37.14459],[140.33657,37.14417],[140.3382,37.12282],[140.35377,37.11769],[140.37027,37.12224]]]}},{"type":"Feature","properties":{"code":"07466","name":"西白河郡矢吹町","pref":"福島県","pref_code":"07","cx":140.34742,"cy":37.19031,"bbox":[140.27944,37.14417,140.40927,37.23458]},"geometry":{"type":"Polygon","coordinates":[[[140.29329,37.18879],[140.30157,37.18128],[140.32192,37.17329],[140.3234,37.16395],[140.31823,37.15243],[140.33657,37.14417],[140.33879,37.14459],[140.34677,37.15999],[140.3576,37.15794],[140.37235,37.16912],[140.37777,37.17738],[140.38969,37.17695],[140.39836,37.16842],[140.40389,37.16813],[140.40927,37.17119],[140.40726,37.18261],[140.3989,37.19183],[140.40081,37.19698],[140.39469,37.20304],[140.40076,37.21262],[140.39723,37.22175],[140.38901,37.22394],[140.36654,37.22065],[140.35563,37.22683],[140.34532,37.21872],[140.33278,37.22318],[140.33055,37.21813],[140.32053,37.21721],[140.31686,37.22759],[140.30991,37.23458],[140.30182,37.23358],[140.30015,37.22399],[140.29318,37.2263],[140.28341,37.22547],[140.27944,37.22093],[140.29023,37.21791],[140.29663,37.21139],[140.29547,37.20315],[140.30172,37.1989],[140.29329,37.18879]]]}},{"type":"Feature","properties":{"code":"07481","name":"東白川郡棚倉町","pref":"福島県","pref_code":"07","cx":140.33915,"cy":37.00604,"bbox":[140.24021,36.93015,140.46128,37.08491]},"geometry":{"type":"Polygon","coordinates":[[[140.25139,37.00919],[140.24021,37.00028],[140.24403,36.99133],[140.25098,36.98337],[140.2442,36.97899],[140.2439,36.97318],[140.25233,36.96667],[140.25309,36.96297],[140.2445,36.95697],[140.24063,36.94985],[140.24361,36.94327],[140.25351,36.94123],[140.27297,36.93015],[140.28357,36.93525],[140.28963,36.94067],[140.29168,36.94971],[140.30214,36.94933],[140.31047,36.95285],[140.3161,36.95141],[140.3211,36.94443],[140.33067,36.94409],[140.3407,36.94701],[140.34789,36.95325],[140.35417,36.95354],[140.36476,36.96112],[140.37454,36.97824],[140.40072,36.96262],[140.40667,36.97134],[140.41286,36.97344],[140.40603,36.98225],[140.40489,36.9948],[140.4145,36.99847],[140.40841,37.00926],[140.41876,37.01434],[140.42223,37.00312],[140.45329,37.01507],[140.46128,37.01697],[140.45584,37.02563],[140.45465,37.03235],[140.44907,37.03566],[140.43243,37.03158],[140.42379,37.03129],[140.42539,37.0378],[140.43201,37.04316],[140.41454,37.05403],[140.40834,37.05248],[140.40434,37.059],[140.40228,37.07344],[140.40587,37.08491],[140.39529,37.08396],[140.39229,37.07626],[140.38292,37.07298],[140.373,37.08048],[140.37038,37.07626],[140.35448,37.07317],[140.3558,37.06526],[140.35119,37.06242],[140.35446,37.04939],[140.34022,37.05182],[140.32625,37.04912],[140.31564,37.0425],[140.32013,37.03744],[140.3135,37.03144],[140.31553,37.02019],[140.31046,37.01711],[140.30021,37.01729],[140.2955,37.02016],[140.28367,37.01532],[140.27597,37.0143],[140.26912,37.00889],[140.26701,37.0032],[140.25139,37.00919]]]}},{"type":"Feature","properties":{"code":"07482","name":"東白川郡矢祭町","pref":"福島県","pref_code":"07","cx":140.43623,"cy":36.86536,"bbox":[140.28357,36.79185,140.52848,36.94067]},"geometry":{"type":"Polygon","coordinates":[[[140.28357,36.93525],[140.2927,36.9332],[140.30272,36.92703],[140.30773,36.91919],[140.32186,36.90778],[140.32405,36.89334],[140.34661,36.88502],[140.36521,36.88432],[140.37191,36.87018],[140.36859,36.86709],[140.37058,36.85522],[140.3749,36.85079],[140.37721,36.83792],[140.38713,36.83417],[140.40298,36.83137],[140.4135,36.83212],[140.41584,36.82857],[140.43093,36.8173],[140.43949,36.82049],[140.45334,36.80298],[140.46652,36.79185],[140.48014,36.79982],[140.48059,36.80374],[140.48918,36.80935],[140.48892,36.81871],[140.50293,36.81903],[140.51668,36.82656],[140.51905,36.83615],[140.52848,36.83999],[140.5282,36.84364],[140.52311,36.84194],[140.51519,36.84652],[140.51022,36.85454],[140.50281,36.85606],[140.50494,36.86395],[140.49951,36.86953],[140.49347,36.86677],[140.48193,36.87004],[140.48076,36.87917],[140.47264,36.8813],[140.46275,36.88958],[140.4549,36.8889],[140.45021,36.90115],[140.44636,36.90335],[140.43987,36.9182],[140.43136,36.92691],[140.42029,36.9312],[140.41195,36.93173],[140.41391,36.92098],[140.41073,36.89789],[140.41467,36.89466],[140.40055,36.8892],[140.39533,36.88417],[140.37557,36.89206],[140.37108,36.90021],[140.36498,36.90078],[140.35261,36.89704],[140.34012,36.9041],[140.33772,36.91347],[140.33169,36.92198],[140.30446,36.93641],[140.28963,36.94067],[140.28357,36.93525]]]}},{"type":"Feature","properties":{"code":"07483","name":"東白川郡塙町","pref":"福島県","pref_code":"07","cx":140.49787,"cy":36.92902,"bbox":[140.28963,36.84194,140.59329,37.01697]},"geometry":{"type":"Polygon","coordinates":[[[140.28963,36.94067],[140.30446,36.93641],[140.33169,36.92198],[140.33772,36.91347],[140.34012,36.9041],[140.35261,36.89704],[140.36498,36.90078],[140.37108,36.90021],[140.37557,36.89206],[140.39533,36.88417],[140.40055,36.8892],[140.41467,36.89466],[140.41073,36.89789],[140.41391,36.92098],[140.41195,36.93173],[140.42029,36.9312],[140.43136,36.92691],[140.43987,36.9182],[140.44636,36.90335],[140.45021,36.90115],[140.4549,36.8889],[140.46275,36.88958],[140.47264,36.8813],[140.48076,36.87917],[140.48193,36.87004],[140.49347,36.86677],[140.49951,36.86953],[140.50494,36.86395],[140.50281,36.85606],[140.51022,36.85454],[140.51519,36.84652],[140.52311,36.84194],[140.5282,36.84364],[140.53797,36.85877],[140.54547,36.85814],[140.56037,36.86336],[140.56485,36.86224],[140.5755,36.86911],[140.58047,36.86689],[140.58603,36.87315],[140.59225,36.87345],[140.59329,36.87984],[140.57938,36.89614],[140.58077,36.90441],[140.56566,36.91643],[140.57054,36.93113],[140.56815,36.93737],[140.56159,36.94444],[140.54482,36.94895],[140.53923,36.94596],[140.52208,36.94846],[140.509,36.95232],[140.4993,36.95767],[140.47175,36.96346],[140.46187,36.97126],[140.45078,36.97509],[140.45962,36.98529],[140.47539,36.99784],[140.47338,37.00813],[140.46334,37.01056],[140.46128,37.01697],[140.45329,37.01507],[140.42223,37.00312],[140.41876,37.01434],[140.40841,37.00926],[140.4145,36.99847],[140.40489,36.9948],[140.40603,36.98225],[140.41286,36.97344],[140.40667,36.97134],[140.40072,36.96262],[140.37454,36.97824],[140.36476,36.96112],[140.35417,36.95354],[140.34789,36.95325],[140.3407,36.94701],[140.33067,36.94409],[140.3211,36.94443],[140.3161,36.95141],[140.31047,36.95285],[140.30214,36.94933],[140.29168,36.94971],[140.28963,36.94067]]]}},{"type":"Feature","properties":{"code":"07484","name":"東白川郡鮫川村","pref":"福島県","pref_code":"07","cx":140.51182,"cy":37.01377,"bbox":[140.43429,36.93737,140.58611,37.08552]},"geometry":{"type":"Polygon","coordinates":[[[140.57669,36.99251],[140.56053,37.00226],[140.56184,37.02089],[140.55795,37.02411],[140.55471,37.03451],[140.55878,37.04],[140.55663,37.05422],[140.55075,37.05491],[140.54102,37.06324],[140.52927,37.06076],[140.51922,37.06692],[140.50739,37.08058],[140.49777,37.08552],[140.49058,37.07907],[140.45075,37.07857],[140.43852,37.07413],[140.43429,37.06649],[140.43827,37.05118],[140.44907,37.03566],[140.45465,37.03235],[140.45584,37.02563],[140.46128,37.01697],[140.46334,37.01056],[140.47338,37.00813],[140.47539,36.99784],[140.45962,36.98529],[140.45078,36.97509],[140.46187,36.97126],[140.47175,36.96346],[140.4993,36.95767],[140.509,36.95232],[140.52208,36.94846],[140.53923,36.94596],[140.54482,36.94895],[140.56159,36.94444],[140.56815,36.93737],[140.5747,36.94208],[140.58611,36.94528],[140.58273,36.95345],[140.58224,36.96559],[140.57015,36.97516],[140.56595,36.98578],[140.57669,36.99251]]]}},{"type":"Feature","properties":{"code":"07501","name":"石川郡石川町","pref":"福島県","pref_code":"07","cx":140.44895,"cy":37.14077,"bbox":[140.36772,37.07848,140.53918,37.20331]},"geometry":{"type":"Polygon","coordinates":[[[140.40899,37.11677],[140.41739,37.1209],[140.42723,37.11856],[140.43112,37.11374],[140.44607,37.10796],[140.46272,37.10873],[140.46188,37.10064],[140.4662,37.09178],[140.46489,37.08502],[140.4677,37.07848],[140.49058,37.07907],[140.50547,37.09319],[140.50038,37.10322],[140.49349,37.11045],[140.50607,37.1115],[140.51795,37.11915],[140.52367,37.12061],[140.53152,37.13068],[140.52633,37.13501],[140.5266,37.14179],[140.53918,37.14887],[140.5389,37.15925],[140.53195,37.16074],[140.52941,37.17058],[140.52453,37.17574],[140.51392,37.17521],[140.50431,37.18681],[140.4962,37.19342],[140.49001,37.19511],[140.47624,37.20331],[140.45896,37.19923],[140.45912,37.19296],[140.44988,37.19431],[140.43249,37.1936],[140.4188,37.18865],[140.41519,37.17974],[140.40726,37.18261],[140.40927,37.17119],[140.40389,37.16813],[140.40425,37.16121],[140.39246,37.16006],[140.38463,37.1547],[140.38059,37.14711],[140.36984,37.13974],[140.36772,37.12589],[140.37027,37.12224],[140.38713,37.12644],[140.39166,37.12174],[140.40396,37.12146],[140.40899,37.11677]]]}},{"type":"Feature","properties":{"code":"07502","name":"石川郡玉川村","pref":"福島県","pref_code":"07","cx":140.45552,"cy":37.21772,"bbox":[140.38853,37.17974,140.51933,37.25676]},"geometry":{"type":"Polygon","coordinates":[[[140.38853,37.24545],[140.39317,37.22255],[140.39723,37.22175],[140.40076,37.21262],[140.39469,37.20304],[140.40081,37.19698],[140.3989,37.19183],[140.40726,37.18261],[140.41519,37.17974],[140.4188,37.18865],[140.43249,37.1936],[140.44988,37.19431],[140.45912,37.19296],[140.45896,37.19923],[140.47624,37.20331],[140.49001,37.19511],[140.4962,37.19342],[140.49907,37.19995],[140.51047,37.21368],[140.5141,37.22191],[140.50866,37.22934],[140.51167,37.23866],[140.51886,37.25143],[140.51933,37.25676],[140.51105,37.24882],[140.50149,37.24969],[140.49104,37.24662],[140.4871,37.24106],[140.48533,37.22505],[140.47107,37.22648],[140.45762,37.22398],[140.44795,37.22895],[140.43712,37.22698],[140.42586,37.22846],[140.42285,37.23185],[140.42342,37.24089],[140.40999,37.24181],[140.39851,37.24665],[140.38853,37.24545]]]}},{"type":"Feature","properties":{"code":"07503","name":"石川郡平田村","pref":"福島県","pref_code":"07","cx":140.5606,"cy":37.21439,"bbox":[140.4962,37.1561,140.61381,37.2733]},"geometry":{"type":"Polygon","coordinates":[[[140.53494,37.26602],[140.52298,37.26396],[140.51933,37.25676],[140.51886,37.25143],[140.51167,37.23866],[140.50866,37.22934],[140.5141,37.22191],[140.51047,37.21368],[140.49907,37.19995],[140.4962,37.19342],[140.50431,37.18681],[140.51392,37.17521],[140.52453,37.17574],[140.52941,37.17058],[140.53195,37.16074],[140.5389,37.15925],[140.55695,37.15849],[140.56489,37.16819],[140.58117,37.16364],[140.58807,37.1561],[140.6127,37.15801],[140.60975,37.16975],[140.60112,37.17898],[140.60791,37.18817],[140.60508,37.19445],[140.60702,37.20401],[140.61381,37.2055],[140.61016,37.21509],[140.6018,37.21849],[140.59718,37.22889],[140.60174,37.23812],[140.60307,37.24708],[140.59987,37.25325],[140.59187,37.25568],[140.5855,37.25141],[140.57767,37.25217],[140.57313,37.26342],[140.55727,37.26865],[140.55781,37.2733],[140.54577,37.27253],[140.53494,37.26602]]]}},{"type":"Feature","properties":{"code":"07504","name":"石川郡浅川町","pref":"福島県","pref_code":"07","cx":140.42214,"cy":37.0752,"bbox":[140.373,37.03129,140.4677,37.1209]},"geometry":{"type":"Polygon","coordinates":[[[140.373,37.08048],[140.38292,37.07298],[140.39229,37.07626],[140.39529,37.08396],[140.40587,37.08491],[140.40228,37.07344],[140.40434,37.059],[140.40834,37.05248],[140.41454,37.05403],[140.43201,37.04316],[140.42539,37.0378],[140.42379,37.03129],[140.43243,37.03158],[140.44907,37.03566],[140.43827,37.05118],[140.43429,37.06649],[140.43852,37.07413],[140.45075,37.07857],[140.4677,37.07848],[140.46489,37.08502],[140.4662,37.09178],[140.46188,37.10064],[140.46272,37.10873],[140.44607,37.10796],[140.43112,37.11374],[140.42723,37.11856],[140.41739,37.1209],[140.40899,37.11677],[140.41195,37.10776],[140.39766,37.09879],[140.39002,37.08989],[140.38325,37.09013],[140.373,37.08048]]]}},{"type":"Feature","properties":{"code":"07505","name":"石川郡古殿町","pref":"福島県","pref_code":"07","cx":140.58303,"cy":37.07855,"bbox":[140.49349,36.99251,140.66433,37.16819]},"geometry":{"type":"Polygon","coordinates":[[[140.6127,37.15801],[140.58807,37.1561],[140.58117,37.16364],[140.56489,37.16819],[140.55695,37.15849],[140.5389,37.15925],[140.53918,37.14887],[140.5266,37.14179],[140.52633,37.13501],[140.53152,37.13068],[140.52367,37.12061],[140.51795,37.11915],[140.50607,37.1115],[140.49349,37.11045],[140.50038,37.10322],[140.50547,37.09319],[140.49777,37.08552],[140.50739,37.08058],[140.51922,37.06692],[140.52927,37.06076],[140.54102,37.06324],[140.55075,37.05491],[140.55663,37.05422],[140.55878,37.04],[140.55471,37.03451],[140.55795,37.02411],[140.56184,37.02089],[140.56053,37.00226],[140.57669,36.99251],[140.59139,37.00202],[140.5994,37.00522],[140.60677,37.01472],[140.61419,37.01325],[140.62085,37.0202],[140.62061,37.03449],[140.62388,37.03607],[140.62422,37.0475],[140.63377,37.05559],[140.64287,37.05674],[140.6405,37.0689],[140.65417,37.07236],[140.65813,37.07653],[140.65298,37.08519],[140.66433,37.09122],[140.66193,37.10116],[140.65673,37.10543],[140.65699,37.11055],[140.65078,37.11994],[140.64632,37.11922],[140.64131,37.12709],[140.64284,37.13338],[140.63735,37.14088],[140.63256,37.15468],[140.62748,37.14796],[140.61186,37.15408],[140.6127,37.15801]]]}},{"type":"Feature","properties":{"code":"07521","name":"田村郡三春町","pref":"福島県","pref_code":"07","cx":140.49853,"cy":37.44168,"bbox":[140.42549,37.37052,140.56441,37.51135]},"geometry":{"type":"Polygon","coordinates":[[[140.5191,37.39027],[140.51532,37.39336],[140.5193,37.40318],[140.51195,37.40887],[140.50603,37.41735],[140.51877,37.41946],[140.5162,37.43012],[140.52145,37.43114],[140.52052,37.43928],[140.52708,37.44414],[140.52601,37.44894],[140.50541,37.45557],[140.51406,37.46563],[140.52289,37.46536],[140.52364,37.47849],[140.53986,37.47516],[140.5463,37.46516],[140.5524,37.47053],[140.56274,37.48481],[140.56441,37.49271],[140.55827,37.50145],[140.54962,37.50566],[140.54467,37.51135],[140.53548,37.50791],[140.52844,37.49883],[140.51766,37.50365],[140.50662,37.4849],[140.50095,37.48264],[140.48182,37.48517],[140.478,37.4815],[140.4853,37.47471],[140.47348,37.46934],[140.46751,37.45359],[140.47408,37.44408],[140.4701,37.43186],[140.46333,37.43313],[140.45766,37.43801],[140.44633,37.43463],[140.44932,37.42938],[140.44416,37.42568],[140.42917,37.43],[140.42549,37.42793],[140.42874,37.42024],[140.44071,37.41595],[140.44248,37.40848],[140.45083,37.40782],[140.45235,37.40029],[140.44421,37.39194],[140.45369,37.38596],[140.45946,37.38971],[140.46767,37.38627],[140.47822,37.38986],[140.48039,37.38129],[140.47747,37.3719],[140.48752,37.37052],[140.49364,37.38823],[140.51746,37.38796],[140.5191,37.39027]]]}},{"type":"Feature","properties":{"code":"07522","name":"田村郡小野町","pref":"福島県","pref_code":"07","cx":140.59885,"cy":37.28272,"bbox":[140.53805,37.20369,140.69386,37.36611]},"geometry":{"type":"Polygon","coordinates":[[[140.55781,37.2733],[140.55727,37.26865],[140.57313,37.26342],[140.57767,37.25217],[140.5855,37.25141],[140.59187,37.25568],[140.59987,37.25325],[140.60307,37.24708],[140.60174,37.23812],[140.59718,37.22889],[140.6018,37.21849],[140.61016,37.21509],[140.61381,37.2055],[140.61759,37.20369],[140.62746,37.2118],[140.64726,37.21767],[140.6497,37.22226],[140.66246,37.22826],[140.66783,37.22557],[140.68283,37.23448],[140.68538,37.24457],[140.68289,37.25331],[140.6864,37.2605],[140.68561,37.26837],[140.69386,37.27776],[140.68913,37.28725],[140.66743,37.28734],[140.66262,37.27819],[140.655,37.27477],[140.64658,37.27647],[140.63703,37.28745],[140.63999,37.29936],[140.63615,37.30372],[140.64866,37.32265],[140.64143,37.3401],[140.61516,37.34489],[140.60711,37.34907],[140.59727,37.34716],[140.59013,37.35304],[140.58281,37.35377],[140.57104,37.36611],[140.55998,37.36544],[140.55462,37.36134],[140.54515,37.34724],[140.53805,37.33324],[140.54343,37.32732],[140.55016,37.32585],[140.56137,37.31445],[140.55796,37.31053],[140.5594,37.29578],[140.55543,37.29125],[140.55781,37.2733]]]}},{"type":"Feature","properties":{"code":"07541","name":"双葉郡広野町","pref":"福島県","pref_code":"07","cx":140.95547,"cy":37.21797,"bbox":[140.86712,37.18364,141.0205,37.24875]},"geometry":{"type":"Polygon","coordinates":[[[141.00043,37.18364],[141.0025,37.2004],[141.00717,37.21555],[141.01225,37.22312],[141.01237,37.22835],[141.0205,37.24021],[141.01313,37.24107],[140.99642,37.24127],[140.98843,37.24325],[140.96552,37.24257],[140.96272,37.24036],[140.93967,37.24622],[140.91923,37.24367],[140.90617,37.24875],[140.88779,37.23911],[140.87812,37.24068],[140.86712,37.22789],[140.87511,37.22088],[140.90095,37.22039],[140.90396,37.21431],[140.93595,37.19551],[140.9567,37.18588],[140.96847,37.18914],[140.98051,37.18563],[141.00043,37.18364]]]}},{"type":"Feature","properties":{"code":"07542","name":"双葉郡楢葉町","pref":"福島県","pref_code":"07","cx":140.95493,"cy":37.28957,"bbox":[140.8671,37.23911,141.02812,37.33768]},"geometry":{"type":"Polygon","coordinates":[[[140.87812,37.24068],[140.88779,37.23911],[140.90617,37.24875],[140.91923,37.24367],[140.93967,37.24622],[140.96272,37.24036],[140.96552,37.24257],[140.98843,37.24325],[140.99642,37.24127],[141.01313,37.24107],[141.0139,37.26058],[141.01803,37.2777],[141.02389,37.29552],[141.02547,37.31341],[141.02812,37.3164],[141.01642,37.31725],[141.00369,37.31408],[141.00528,37.30469],[140.99464,37.30649],[140.98741,37.31247],[140.96532,37.31993],[140.94618,37.32242],[140.94099,37.32605],[140.93843,37.33486],[140.92306,37.33511],[140.91687,37.33768],[140.90522,37.33072],[140.90108,37.32213],[140.90172,37.31071],[140.90577,37.30047],[140.88728,37.29281],[140.88857,37.28633],[140.88264,37.27686],[140.87742,37.27728],[140.8719,37.27066],[140.87236,37.26433],[140.8671,37.25968],[140.87465,37.25314],[140.87812,37.24068]]]}},{"type":"Feature","properties":{"code":"07543","name":"双葉郡富岡町","pref":"福島県","pref_code":"07","cx":140.97045,"cy":37.34838,"bbox":[140.9008,37.30469,141.03688,37.38369]},"geometry":{"type":"Polygon","coordinates":[[[141.02812,37.3164],[141.02527,37.32479],[141.02828,37.34088],[141.03688,37.36356],[141.03558,37.37311],[141.01776,37.37686],[141.00139,37.37397],[140.99044,37.37512],[140.97763,37.38082],[140.95087,37.38041],[140.9494,37.38369],[140.93621,37.37912],[140.92646,37.3788],[140.92272,37.37529],[140.90985,37.37365],[140.90695,37.36335],[140.9008,37.36014],[140.90888,37.35299],[140.91066,37.34376],[140.91687,37.33768],[140.92306,37.33511],[140.93843,37.33486],[140.94099,37.32605],[140.94618,37.32242],[140.96532,37.31993],[140.98741,37.31247],[140.99464,37.30649],[141.00528,37.30469],[141.00369,37.31408],[141.01642,37.31725],[141.02812,37.3164]]]}},{"type":"Feature","properties":{"code":"07544","name":"双葉郡川内村","pref":"福島県","pref_code":"07","cx":140.81146,"cy":37.32747,"bbox":[140.69992,37.25251,140.91687,37.4046]},"geometry":{"type":"Polygon","coordinates":[[[140.87742,37.27728],[140.88264,37.27686],[140.88857,37.28633],[140.88728,37.29281],[140.90577,37.30047],[140.90172,37.31071],[140.90108,37.32213],[140.90522,37.33072],[140.91687,37.33768],[140.91066,37.34376],[140.90888,37.35299],[140.9008,37.36014],[140.90695,37.36335],[140.90985,37.37365],[140.90582,37.37624],[140.88814,37.37706],[140.87734,37.38387],[140.86075,37.38439],[140.8598,37.38705],[140.85175,37.38351],[140.85061,37.37277],[140.83485,37.37518],[140.82581,37.38039],[140.81544,37.38231],[140.7953,37.38088],[140.77017,37.38723],[140.76424,37.3835],[140.75539,37.39288],[140.74294,37.39362],[140.7406,37.40105],[140.72846,37.4046],[140.726,37.40025],[140.715,37.39725],[140.71586,37.38924],[140.70695,37.37863],[140.69992,37.3745],[140.7048,37.36729],[140.7011,37.35722],[140.70718,37.34627],[140.71865,37.33423],[140.71957,37.32421],[140.72322,37.31954],[140.72851,37.30827],[140.74324,37.29706],[140.7661,37.29884],[140.76619,37.2951],[140.77855,37.29644],[140.77989,37.28818],[140.79304,37.28489],[140.78701,37.27516],[140.7875,37.26745],[140.79478,37.26131],[140.80709,37.25424],[140.81481,37.25251],[140.82691,37.25431],[140.832,37.26042],[140.8376,37.26191],[140.84584,37.25831],[140.853,37.25914],[140.85917,37.27435],[140.87742,37.27728]]]}},{"type":"Feature","properties":{"code":"07545","name":"双葉郡大熊町","pref":"福島県","pref_code":"07","cx":140.94664,"cy":37.40086,"bbox":[140.85373,37.37311,141.03558,37.43369]},"geometry":{"type":"Polygon","coordinates":[[[140.8598,37.38705],[140.86075,37.38439],[140.87734,37.38387],[140.88814,37.37706],[140.90582,37.37624],[140.90985,37.37365],[140.92272,37.37529],[140.92646,37.3788],[140.93621,37.37912],[140.9494,37.38369],[140.95087,37.38041],[140.97763,37.38082],[140.99044,37.37512],[141.00139,37.37397],[141.01776,37.37686],[141.03558,37.37311],[141.03387,37.38547],[141.0353,37.39587],[141.03338,37.40585],[141.03485,37.42689],[141.01949,37.42675],[141.00581,37.43369],[140.99341,37.41952],[140.96617,37.41784],[140.96325,37.41657],[140.94704,37.41885],[140.94225,37.42236],[140.92209,37.42435],[140.90705,37.42378],[140.8971,37.42638],[140.89437,37.43318],[140.8861,37.42946],[140.88051,37.4302],[140.87066,37.42051],[140.85373,37.4214],[140.86168,37.40964],[140.85858,37.40662],[140.8598,37.38705]]]}},{"type":"Feature","properties":{"code":"07546","name":"双葉郡双葉町","pref":"福島県","pref_code":"07","cx":140.99011,"cy":37.4457,"bbox":[140.89353,37.41657,141.03797,37.47686]},"geometry":{"type":"Polygon","coordinates":[[[141.03485,37.42689],[141.03406,37.43085],[141.03797,37.45379],[141.03655,37.46636],[141.01874,37.47023],[141.01371,37.47519],[140.99353,37.47686],[140.97771,37.46843],[140.96834,37.46856],[140.95787,37.46178],[140.9558,37.45377],[140.949,37.44725],[140.93752,37.44394],[140.92572,37.44314],[140.9144,37.44916],[140.90297,37.44898],[140.89353,37.44415],[140.89437,37.43318],[140.8971,37.42638],[140.90705,37.42378],[140.92209,37.42435],[140.94225,37.42236],[140.94704,37.41885],[140.96325,37.41657],[140.96617,37.41784],[140.99341,37.41952],[141.00581,37.43369],[141.01949,37.42675],[141.03485,37.42689]]]}},{"type":"Feature","properties":{"code":"07547","name":"双葉郡浪江町","pref":"福島県","pref_code":"07","cx":140.91256,"cy":37.51701,"bbox":[140.6837,37.42051,141.04201,37.61481]},"geometry":{"type":"Polygon","coordinates":[[[140.6837,37.54284],[140.7012,37.54343],[140.71183,37.54044],[140.72235,37.5405],[140.74138,37.53321],[140.75146,37.53402],[140.74919,37.54152],[140.75632,37.54375],[140.76411,37.53857],[140.78216,37.53836],[140.7899,37.5323],[140.79522,37.53548],[140.80122,37.53297],[140.80632,37.53668],[140.81915,37.53583],[140.82754,37.54056],[140.83282,37.53695],[140.84499,37.54145],[140.84532,37.52651],[140.85097,37.51549],[140.85226,37.50782],[140.84971,37.49921],[140.83432,37.4985],[140.83939,37.47945],[140.84057,37.46923],[140.8357,37.46179],[140.84553,37.45539],[140.84327,37.45017],[140.84512,37.44137],[140.8502,37.43847],[140.85373,37.4214],[140.87066,37.42051],[140.88051,37.4302],[140.8861,37.42946],[140.89437,37.43318],[140.89353,37.44415],[140.90297,37.44898],[140.9144,37.44916],[140.92572,37.44314],[140.93752,37.44394],[140.949,37.44725],[140.9558,37.45377],[140.95787,37.46178],[140.96834,37.46856],[140.97771,37.46843],[140.99353,37.47686],[141.01371,37.47519],[141.01874,37.47023],[141.03655,37.46636],[141.04201,37.48323],[141.039,37.48751],[141.039,37.49814],[141.03421,37.51365],[141.01098,37.51035],[141.00004,37.50756],[140.98874,37.5093],[140.98182,37.51506],[140.96805,37.51895],[140.95902,37.51852],[140.93969,37.52592],[140.9322,37.53115],[140.91839,37.52795],[140.9141,37.51904],[140.90641,37.5219],[140.89624,37.52163],[140.87904,37.52927],[140.87434,37.54587],[140.86352,37.55166],[140.85832,37.55166],[140.84416,37.55857],[140.84363,37.56964],[140.83801,37.57744],[140.84318,37.58256],[140.83987,37.59246],[140.83398,37.59338],[140.82853,37.59942],[140.82444,37.60979],[140.81488,37.61481],[140.81384,37.60423],[140.80816,37.6026],[140.79308,37.59338],[140.78194,37.59944],[140.77011,37.59674],[140.75736,37.59831],[140.75347,37.60194],[140.73463,37.60331],[140.73022,37.60105],[140.71825,37.60144],[140.72626,37.59339],[140.72408,37.58687],[140.71342,37.57314],[140.70132,37.5754],[140.69479,37.5604],[140.6837,37.54284]]]}},{"type":"Feature","properties":{"code":"07548","name":"双葉郡葛尾村","pref":"福島県","pref_code":"07","cx":140.77406,"cy":37.50273,"bbox":[140.68191,37.46179,140.85226,37.54375]},"geometry":{"type":"Polygon","coordinates":[[[140.68191,37.53808],[140.69605,37.52587],[140.70546,37.52333],[140.69215,37.50341],[140.7026,37.50205],[140.73121,37.49017],[140.74037,37.49058],[140.74761,37.48496],[140.75392,37.4855],[140.76409,37.47938],[140.77157,37.47215],[140.77995,37.47565],[140.78806,37.47343],[140.79191,37.46872],[140.79948,37.47265],[140.81364,37.47066],[140.81966,37.46391],[140.83357,37.4683],[140.8357,37.46179],[140.84057,37.46923],[140.83939,37.47945],[140.83432,37.4985],[140.84971,37.49921],[140.85226,37.50782],[140.85097,37.51549],[140.84532,37.52651],[140.84499,37.54145],[140.83282,37.53695],[140.82754,37.54056],[140.81915,37.53583],[140.80632,37.53668],[140.80122,37.53297],[140.79522,37.53548],[140.7899,37.5323],[140.78216,37.53836],[140.76411,37.53857],[140.75632,37.54375],[140.74919,37.54152],[140.75146,37.53402],[140.74138,37.53321],[140.72235,37.5405],[140.71183,37.54044],[140.7012,37.54343],[140.6837,37.54284],[140.68191,37.53808]]]}},{"type":"Feature","properties":{"code":"07561","name":"相馬郡新地町","pref":"福島県","pref_code":"07","cx":140.89751,"cy":37.87085,"bbox":[140.85054,37.83604,140.95917,37.90299]},"geometry":{"type":"Polygon","coordinates":[[[140.95917,37.84149],[140.95384,37.85187],[140.95586,37.85937],[140.94528,37.85714],[140.941,37.86217],[140.93327,37.88058],[140.93101,37.89617],[140.92397,37.89491],[140.91518,37.89784],[140.90112,37.89764],[140.89815,37.90299],[140.89052,37.9023],[140.88101,37.89787],[140.87016,37.89642],[140.85625,37.8909],[140.85649,37.88298],[140.86069,37.87915],[140.85458,37.87452],[140.86074,37.86718],[140.85864,37.85627],[140.85054,37.84923],[140.85418,37.84193],[140.8697,37.84161],[140.8839,37.84386],[140.90879,37.84096],[140.92091,37.83604],[140.92648,37.83823],[140.94558,37.8376],[140.95917,37.84149]]]}},{"type":"Feature","properties":{"code":"07564","name":"相馬郡飯舘村","pref":"福島県","pref_code":"07","cx":140.73978,"cy":37.67807,"bbox":[140.6449,37.59338,140.84296,37.76144]},"geometry":{"type":"Polygon","coordinates":[[[140.72839,37.75186],[140.70499,37.75016],[140.70081,37.7449],[140.68294,37.74191],[140.67658,37.73647],[140.6765,37.7281],[140.66951,37.72256],[140.66812,37.71141],[140.66166,37.70877],[140.66182,37.70204],[140.6498,37.69773],[140.6449,37.69165],[140.64601,37.68427],[140.65597,37.6876],[140.66017,37.67998],[140.6671,37.67616],[140.66476,37.65583],[140.66873,37.65285],[140.66657,37.64161],[140.66864,37.62967],[140.67707,37.62061],[140.69902,37.60544],[140.70647,37.60635],[140.71825,37.60144],[140.73022,37.60105],[140.73463,37.60331],[140.75347,37.60194],[140.75736,37.59831],[140.77011,37.59674],[140.78194,37.59944],[140.79308,37.59338],[140.80816,37.6026],[140.81384,37.60423],[140.81488,37.61481],[140.82443,37.61507],[140.83321,37.63004],[140.82778,37.63717],[140.82083,37.65556],[140.82493,37.67016],[140.81359,37.67537],[140.81976,37.68249],[140.81898,37.69382],[140.82276,37.7012],[140.81345,37.70192],[140.81308,37.7072],[140.84296,37.72211],[140.83993,37.73404],[140.83003,37.74551],[140.79862,37.7563],[140.79399,37.75571],[140.76893,37.76144],[140.76229,37.75955],[140.75555,37.7521],[140.74756,37.75345],[140.73882,37.74985],[140.72839,37.75186]]]}}]}